Rk,Player,Age,Team,Lg,WAR,G,PA,AB,R,H,2B,3B,HR,RBI,SB,CS,BB,SO,BA,OBP,SLG,OPS,OPS+,rOBA,Rbat+,TB,GIDP,HBP,SH,SF,IBB,Pos,Awards,yearID
1.0,Jarren Duran*,27.0,BOS,AL,8.7,160.0,735.0,671.0,111.0,191.0,48.0,14.0,21.0,75.0,34.0,7.0,54.0,160.0,0.285,0.342,0.492,0.834,132.0,0.373,134.0,330.0,6.0,6.0,1.0,3.0,1.0,*87,"AS,MVP-8",2024
2.0,Shohei Ohtani*,29.0,LAD,NL,9.2,159.0,731.0,636.0,134.0,197.0,38.0,7.0,54.0,130.0,59.0,4.0,81.0,162.0,0.31,0.39,0.646,1.036,187.0,0.449,190.0,411.0,7.0,6.0,0.0,5.0,10.0,*D,"AS,MVP-1,SS",2024
3.0,Gunnar Henderson*,23.0,BAL,AL,9.1,159.0,719.0,630.0,118.0,177.0,31.0,7.0,37.0,92.0,21.0,4.0,78.0,159.0,0.281,0.364,0.529,0.893,155.0,0.385,157.0,333.0,2.0,7.0,0.0,4.0,1.0,*6/D,"AS,MVP-4",2024
4.0,Marcus Semien,33.0,TEX,AL,4.1,159.0,718.0,650.0,101.0,154.0,27.0,2.0,23.0,74.0,8.0,3.0,64.0,105.0,0.237,0.308,0.391,0.699,103.0,0.31,100.0,254.0,9.0,3.0,0.0,1.0,2.0,*4,AS,2024
5.0,Juan Soto*,25.0,NYY,AL,7.9,157.0,713.0,576.0,128.0,166.0,31.0,4.0,41.0,109.0,7.0,4.0,129.0,119.0,0.288,0.419,0.569,0.989,179.0,0.424,179.0,328.0,10.0,4.0,0.0,4.0,2.0,*9/7DH,"AS,MVP-3,SS",2024
6.0,Bobby Witt Jr.,24.0,KCR,AL,9.4,161.0,709.0,636.0,125.0,211.0,45.0,11.0,32.0,109.0,31.0,12.0,57.0,106.0,0.332,0.389,0.588,0.977,174.0,0.416,171.0,374.0,4.0,8.0,0.0,8.0,9.0,*6/D,"AS,MVP-2,GG,SS",2024
7.0,Aaron Judge,32.0,NYY,AL,10.8,158.0,704.0,559.0,122.0,180.0,36.0,1.0,58.0,144.0,10.0,0.0,133.0,171.0,0.322,0.458,0.701,1.159,225.0,0.484,223.0,392.0,22.0,9.0,0.0,2.0,20.0,*8D/97,"AS,MVP-1,SS",2024
8.0,Vladimir Guerrero Jr.,25.0,TOR,AL,6.2,159.0,697.0,616.0,98.0,199.0,44.0,1.0,30.0,103.0,2.0,2.0,72.0,96.0,0.323,0.396,0.544,0.94,164.0,0.399,165.0,335.0,16.0,5.0,0.0,4.0,12.0,*3D5/H,"AS,MVP-6,SS",2024
9.0,Elly De La Cruz#,22.0,CIN,NL,5.2,160.0,696.0,618.0,105.0,160.0,36.0,10.0,25.0,76.0,67.0,16.0,69.0,218.0,0.259,0.339,0.471,0.809,119.0,0.367,122.0,291.0,12.0,6.0,2.0,1.0,2.0,*6/H,"AS,MVP-8",2024
10.0,Pete Alonso,29.0,NYM,NL,2.6,162.0,695.0,608.0,91.0,146.0,31.0,0.0,34.0,88.0,3.0,0.0,70.0,172.0,0.24,0.329,0.459,0.788,122.0,0.341,122.0,279.0,14.0,13.0,0.0,4.0,4.0,*3/DH,AS,2024
11.0,Ezequiel Tovar,22.0,COL,NL,3.8,157.0,695.0,655.0,83.0,176.0,45.0,4.0,26.0,78.0,6.0,5.0,23.0,200.0,0.269,0.295,0.469,0.763,100.0,0.325,99.0,307.0,16.0,4.0,5.0,7.0,1.0,*6,"MVP-19,GG",2024
12.0,Bryan Reynolds#,29.0,PIT,NL,3.6,156.0,692.0,622.0,73.0,171.0,29.0,3.0,24.0,88.0,10.0,2.0,57.0,156.0,0.275,0.344,0.447,0.791,120.0,0.355,125.0,278.0,7.0,10.0,0.0,3.0,3.0,*7D9,AS,2024
13.0,Kyle Schwarber*,31.0,PHI,NL,3.5,150.0,692.0,573.0,110.0,142.0,22.0,0.0,38.0,104.0,5.0,3.0,106.0,197.0,0.248,0.366,0.485,0.851,134.0,0.367,137.0,278.0,6.0,5.0,0.0,8.0,4.0,*D/7H,MVP-15,2024
14.0,Francisco Lindor#,30.0,NYM,NL,6.9,152.0,689.0,618.0,107.0,169.0,39.0,1.0,33.0,91.0,29.0,4.0,56.0,127.0,0.273,0.344,0.5,0.844,137.0,0.373,141.0,309.0,7.0,12.0,0.0,3.0,0.0,*6/DH,"MVP-2,SS",2024
15.0,Anthony Volpe,23.0,NYY,AL,3.4,160.0,689.0,637.0,90.0,155.0,27.0,7.0,12.0,60.0,28.0,7.0,42.0,156.0,0.243,0.293,0.364,0.657,86.0,0.296,84.0,232.0,9.0,4.0,2.0,3.0,1.0,*6/H,,2024
16.0,Willy Adames,28.0,MIL,NL,3.1,161.0,688.0,610.0,93.0,153.0,33.0,0.0,32.0,112.0,21.0,4.0,74.0,173.0,0.251,0.331,0.462,0.794,119.0,0.348,117.0,282.0,12.0,1.0,0.0,3.0,3.0,*6,MVP-10,2024
17.0,Marcell Ozuna,33.0,ATL,NL,4.3,162.0,688.0,606.0,96.0,183.0,31.0,0.0,39.0,104.0,1.0,0.0,74.0,170.0,0.302,0.378,0.546,0.925,154.0,0.394,154.0,331.0,23.0,3.0,0.0,4.0,2.0,*D,"AS,MVP-4",2024
18.0,Matt Olson*,30.0,ATL,NL,3.8,162.0,685.0,600.0,78.0,148.0,37.0,1.0,29.0,98.0,0.0,0.0,71.0,170.0,0.247,0.333,0.457,0.79,118.0,0.342,117.0,274.0,15.0,9.0,0.0,5.0,5.0,*3,,2024
19.0,Corbin Carroll*,23.0,ARI,NL,3.4,158.0,684.0,589.0,121.0,136.0,22.0,14.0,22.0,74.0,35.0,8.0,73.0,130.0,0.231,0.322,0.428,0.749,106.0,0.333,106.0,252.0,3.0,10.0,3.0,9.0,0.0,*89/H,,2024
20.0,Jose Altuve,34.0,HOU,AL,3.4,153.0,682.0,628.0,94.0,185.0,31.0,0.0,20.0,65.0,22.0,7.0,47.0,119.0,0.295,0.35,0.439,0.79,124.0,0.348,126.0,276.0,15.0,7.0,0.0,0.0,2.0,*4/DH,"AS,MVP-15,SS",2024
21.0,José Ramírez#,31.0,CLE,AL,6.8,158.0,682.0,620.0,114.0,173.0,39.0,2.0,39.0,118.0,41.0,7.0,54.0,82.0,0.279,0.335,0.537,0.872,143.0,0.376,140.0,333.0,9.0,1.0,0.0,6.0,12.0,*5D,"AS,MVP-5,SS",2024
22.0,William Contreras,26.0,MIL,NL,4.9,155.0,679.0,595.0,99.0,167.0,37.0,2.0,23.0,92.0,9.0,2.0,78.0,139.0,0.281,0.365,0.466,0.831,130.0,0.361,129.0,277.0,19.0,3.0,0.0,3.0,5.0,*2D/H,"AS,MVP-5,SS",2024
23.0,Luis Arráez*,27.0,2TM,NL,1.0,150.0,672.0,637.0,83.0,200.0,32.0,3.0,4.0,46.0,9.0,3.0,24.0,29.0,0.314,0.346,0.392,0.739,107.0,0.327,104.0,250.0,18.0,8.0,2.0,1.0,3.0,3D4/H,"AS,MVP-18",2024
23.0,Luis Arráez*,27.0,MIA,NL,0.1,33.0,148.0,137.0,22.0,41.0,8.0,1.0,0.0,5.0,0.0,0.0,8.0,11.0,0.299,0.347,0.372,0.719,100.0,0.326,99.0,51.0,5.0,2.0,1.0,0.0,0.0,4/3,,2024
23.0,Luis Arráez*,27.0,SDP,NL,0.9,117.0,524.0,500.0,61.0,159.0,24.0,2.0,4.0,41.0,9.0,3.0,16.0,18.0,0.318,0.346,0.398,0.744,108.0,0.327,106.0,199.0,13.0,6.0,1.0,1.0,3.0,3D/4H,,2024
24.0,Jurickson Profar#,31.0,SDP,NL,3.6,158.0,668.0,564.0,94.0,158.0,29.0,0.0,24.0,85.0,10.0,3.0,76.0,101.0,0.28,0.38,0.459,0.839,134.0,0.369,137.0,259.0,14.0,18.0,5.0,5.0,4.0,*7/D3,"AS,MVP-14,SS",2024
25.0,Anthony Santander#,29.0,BAL,AL,2.9,155.0,665.0,595.0,91.0,140.0,25.0,2.0,44.0,102.0,2.0,0.0,58.0,129.0,0.235,0.308,0.506,0.814,131.0,0.346,131.0,301.0,9.0,7.0,0.0,5.0,3.0,*9D/3H,"AS,MVP-14,SS",2024
26.0,Gleyber Torres,27.0,NYY,AL,1.8,154.0,665.0,587.0,80.0,151.0,26.0,0.0,15.0,63.0,4.0,3.0,65.0,136.0,0.257,0.33,0.378,0.709,102.0,0.318,103.0,222.0,6.0,3.0,2.0,8.0,0.0,*4/H,,2024
27.0,Brandon Nimmo*,31.0,NYM,NL,2.2,151.0,663.0,571.0,88.0,128.0,25.0,3.0,23.0,90.0,15.0,0.0,77.0,158.0,0.224,0.327,0.399,0.727,106.0,0.331,111.0,228.0,7.0,12.0,0.0,3.0,1.0,*78/DH,,2024
28.0,Taylor Ward,30.0,LAA,AL,2.3,156.0,663.0,585.0,73.0,144.0,26.0,2.0,25.0,75.0,6.0,4.0,63.0,163.0,0.246,0.323,0.426,0.748,110.0,0.329,111.0,249.0,11.0,7.0,0.0,8.0,0.0,*7D,,2024
29.0,Nick Castellanos,32.0,PHI,NL,0.8,162.0,659.0,606.0,80.0,154.0,30.0,4.0,23.0,86.0,6.0,2.0,41.0,139.0,0.254,0.311,0.431,0.742,104.0,0.327,108.0,261.0,14.0,10.0,0.0,2.0,2.0,*9/D,,2024
30.0,Ian Happ#,29.0,CHC,NL,3.9,153.0,657.0,569.0,89.0,138.0,34.0,2.0,25.0,86.0,13.0,2.0,80.0,168.0,0.243,0.341,0.441,0.782,120.0,0.345,121.0,251.0,7.0,6.0,0.0,2.0,1.0,*7/DH,GG,2024
31.0,Jake Cronenworth*,30.0,SDP,NL,1.9,155.0,656.0,577.0,72.0,139.0,29.0,3.0,17.0,83.0,5.0,2.0,61.0,118.0,0.241,0.324,0.39,0.714,99.0,0.319,101.0,225.0,19.0,11.0,1.0,3.0,0.0,34/DH,,2024
32.0,Spencer Steer,26.0,CIN,NL,1.5,158.0,656.0,574.0,74.0,129.0,34.0,4.0,20.0,92.0,25.0,3.0,72.0,137.0,0.225,0.319,0.402,0.721,96.0,0.331,99.0,231.0,5.0,8.0,0.0,2.0,1.0,73/4D9H6,,2024
33.0,Paul Goldschmidt,36.0,STL,NL,1.3,154.0,654.0,599.0,70.0,147.0,33.0,1.0,22.0,65.0,11.0,0.0,47.0,173.0,0.245,0.302,0.414,0.716,100.0,0.326,104.0,248.0,20.0,2.0,0.0,2.0,2.0,*3/DH,,2024
34.0,Brendan Donovan*,27.0,STL,NL,2.6,153.0,652.0,587.0,65.0,163.0,34.0,3.0,14.0,73.0,5.0,5.0,47.0,81.0,0.278,0.342,0.417,0.759,114.0,0.332,112.0,245.0,4.0,13.0,0.0,5.0,0.0,74/5DH9,,2024
35.0,Teoscar Hernández,31.0,LAD,NL,4.3,154.0,652.0,589.0,84.0,160.0,32.0,2.0,33.0,99.0,12.0,3.0,53.0,188.0,0.272,0.339,0.501,0.84,135.0,0.368,141.0,295.0,7.0,8.0,0.0,1.0,3.0,*79,"AS,MVP-19,SS",2024
36.0,Salvador Perez,34.0,KCR,AL,2.5,158.0,652.0,590.0,58.0,160.0,28.0,0.0,27.0,104.0,0.0,0.0,44.0,129.0,0.271,0.33,0.456,0.786,122.0,0.339,116.0,269.0,17.0,11.0,0.0,6.0,9.0,23D/H,"AS,SS",2024
37.0,Jeremy Peña,26.0,HOU,AL,4.1,157.0,650.0,602.0,78.0,160.0,28.0,2.0,15.0,70.0,20.0,6.0,25.0,111.0,0.266,0.308,0.394,0.701,99.0,0.311,99.0,237.0,15.0,14.0,3.0,6.0,1.0,*6,,2024
38.0,Randy Arozarena,29.0,2TM,AL,1.7,154.0,648.0,549.0,77.0,120.0,33.0,0.0,20.0,60.0,20.0,10.0,73.0,169.0,0.219,0.332,0.388,0.72,109.0,0.323,113.0,213.0,7.0,22.0,0.0,4.0,0.0,*7/8DH,,2024
38.0,Randy Arozarena,29.0,TBR,AL,0.7,100.0,409.0,350.0,45.0,74.0,19.0,0.0,15.0,37.0,16.0,7.0,45.0,101.0,0.211,0.318,0.394,0.712,104.0,0.316,104.0,138.0,3.0,11.0,0.0,3.0,0.0,7/8HD,,2024
38.0,Randy Arozarena,29.0,SEA,AL,1.0,54.0,239.0,199.0,32.0,46.0,14.0,0.0,5.0,23.0,4.0,3.0,28.0,68.0,0.231,0.356,0.377,0.733,117.0,0.334,127.0,75.0,4.0,11.0,0.0,1.0,0.0,7/8D,,2024
39.0,Matt Chapman,31.0,SFG,NL,7.1,154.0,647.0,575.0,98.0,142.0,39.0,2.0,27.0,78.0,15.0,2.0,64.0,158.0,0.247,0.328,0.463,0.79,124.0,0.351,129.0,266.0,13.0,6.0,0.0,2.0,3.0,*5/H,"MVP-11,GG",2024
40.0,Ryan McMahon*,29.0,COL,NL,2.5,153.0,645.0,567.0,68.0,137.0,28.0,0.0,20.0,65.0,4.0,6.0,69.0,185.0,0.242,0.325,0.397,0.722,93.0,0.311,90.0,225.0,9.0,3.0,0.0,4.0,4.0,*5/DH,AS,2024
41.0,Manny Machado,31.0,SDP,NL,3.1,152.0,643.0,593.0,77.0,163.0,30.0,0.0,29.0,105.0,11.0,2.0,45.0,124.0,0.275,0.325,0.472,0.797,120.0,0.344,118.0,280.0,25.0,1.0,0.0,4.0,6.0,5D/H,"MVP-16,SS",2024
42.0,JJ Bleday*,26.0,OAK,AL,2.1,159.0,642.0,572.0,74.0,139.0,43.0,4.0,20.0,60.0,2.0,3.0,67.0,125.0,0.243,0.324,0.437,0.762,120.0,0.333,121.0,250.0,8.0,2.0,1.0,0.0,2.0,*8H/D,,2024
43.0,Nico Hoerner,27.0,CHC,NL,3.7,151.0,641.0,582.0,86.0,159.0,35.0,1.0,7.0,48.0,31.0,6.0,44.0,66.0,0.273,0.335,0.373,0.708,101.0,0.327,105.0,217.0,8.0,12.0,0.0,3.0,1.0,*46/H,,2024
44.0,Isaac Paredes,25.0,2TM,2LG,2.7,153.0,641.0,542.0,64.0,129.0,25.0,1.0,19.0,80.0,1.0,1.0,76.0,105.0,0.238,0.346,0.393,0.739,112.0,0.331,115.0,213.0,17.0,17.0,0.0,6.0,2.0,*53D/H,AS,2024
44.0,Isaac Paredes,25.0,TBR,AL,2.4,101.0,429.0,363.0,41.0,89.0,19.0,1.0,16.0,55.0,0.0,1.0,52.0,68.0,0.245,0.357,0.435,0.792,127.0,0.349,129.0,158.0,13.0,12.0,0.0,2.0,2.0,53D/H,,2024
44.0,Isaac Paredes,25.0,CHC,NL,0.4,52.0,212.0,179.0,23.0,40.0,6.0,0.0,3.0,25.0,1.0,0.0,24.0,37.0,0.223,0.325,0.307,0.633,82.0,0.294,86.0,55.0,4.0,5.0,0.0,4.0,0.0,5/H,,2024
45.0,Eugenio Suárez,32.0,ARI,NL,3.1,158.0,640.0,571.0,90.0,146.0,28.0,2.0,30.0,101.0,2.0,1.0,49.0,176.0,0.256,0.319,0.469,0.788,115.0,0.34,115.0,268.0,10.0,9.0,0.0,11.0,0.0,*5/D,,2024
46.0,Freddie Freeman*,34.0,LAD,NL,4.7,147.0,638.0,542.0,81.0,153.0,35.0,2.0,22.0,89.0,9.0,2.0,78.0,100.0,0.282,0.378,0.476,0.854,141.0,0.37,142.0,258.0,13.0,10.0,0.0,8.0,9.0,*3,"AS,MVP-17",2024
47.0,Adley Rutschman#,26.0,BAL,AL,3.4,148.0,638.0,571.0,68.0,143.0,21.0,1.0,19.0,79.0,1.0,0.0,58.0,103.0,0.25,0.318,0.391,0.709,105.0,0.313,107.0,223.0,9.0,2.0,0.0,7.0,3.0,2D/H,AS,2024
48.0,Adolis García,31.0,TEX,AL,0.3,154.0,637.0,580.0,68.0,130.0,27.0,0.0,25.0,85.0,11.0,5.0,45.0,177.0,0.224,0.284,0.4,0.684,98.0,0.302,94.0,232.0,12.0,6.0,0.0,6.0,2.0,*9D/H,,2024
49.0,Jonathan India,27.0,CIN,NL,1.7,151.0,637.0,533.0,84.0,132.0,28.0,2.0,15.0,58.0,13.0,2.0,80.0,125.0,0.248,0.357,0.392,0.75,105.0,0.34,108.0,209.0,16.0,15.0,2.0,7.0,0.0,*4D/H,,2024
50.0,Masyn Winn,22.0,STL,NL,4.9,150.0,637.0,587.0,85.0,157.0,32.0,5.0,15.0,57.0,11.0,5.0,41.0,109.0,0.267,0.314,0.416,0.73,104.0,0.317,100.0,244.0,1.0,1.0,3.0,5.0,1.0,*6/HD,,2024
51.0,Yordan Alvarez*,27.0,HOU,AL,5.4,147.0,635.0,552.0,88.0,170.0,34.0,2.0,35.0,86.0,6.0,0.0,69.0,95.0,0.308,0.392,0.567,0.959,170.0,0.406,169.0,313.0,14.0,10.0,0.0,4.0,16.0,D7,"AS,MVP-9",2024
52.0,Nolan Arenado,33.0,STL,NL,2.5,152.0,635.0,578.0,70.0,157.0,23.0,0.0,16.0,71.0,2.0,2.0,44.0,92.0,0.272,0.325,0.394,0.719,102.0,0.315,99.0,228.0,15.0,5.0,0.0,7.0,2.0,*5/DH,,2024
53.0,Willi Castro#,27.0,MIN,AL,1.6,158.0,635.0,558.0,89.0,138.0,31.0,5.0,12.0,60.0,14.0,9.0,51.0,150.0,0.247,0.331,0.385,0.717,102.0,0.326,108.0,215.0,8.0,21.0,1.0,4.0,0.0,64785/H1,AS,2024
54.0,Alex Bregman,30.0,HOU,AL,4.1,145.0,634.0,581.0,79.0,151.0,30.0,2.0,26.0,75.0,3.0,1.0,44.0,86.0,0.26,0.315,0.453,0.768,116.0,0.334,117.0,263.0,13.0,5.0,0.0,4.0,1.0,*5/D,GG,2024
55.0,Andrés Giménez*,25.0,CLE,AL,4.0,152.0,633.0,583.0,64.0,147.0,22.0,1.0,9.0,63.0,30.0,5.0,26.0,97.0,0.252,0.298,0.34,0.638,82.0,0.294,81.0,198.0,11.0,15.0,3.0,6.0,1.0,*4,GG,2024
56.0,Josh Naylor*,27.0,CLE,AL,1.5,152.0,633.0,563.0,84.0,137.0,27.0,0.0,31.0,108.0,6.0,2.0,58.0,105.0,0.243,0.32,0.456,0.776,118.0,0.336,117.0,257.0,17.0,7.0,0.0,4.0,7.0,*3D/H,AS,2024
57.0,Bryce Harper*,31.0,PHI,NL,4.8,145.0,631.0,550.0,85.0,157.0,42.0,0.0,30.0,87.0,7.0,4.0,76.0,138.0,0.285,0.373,0.525,0.898,146.0,0.381,148.0,289.0,18.0,2.0,1.0,2.0,11.0,*3/D,"AS,MVP-6,SS",2024
58.0,Cal Raleigh#,27.0,SEA,AL,4.7,153.0,628.0,546.0,73.0,120.0,16.0,0.0,34.0,100.0,6.0,1.0,70.0,176.0,0.22,0.312,0.436,0.748,118.0,0.324,117.0,238.0,7.0,6.0,0.0,6.0,4.0,*2D/H,"MVP-12,GG",2024
59.0,Maikel Garcia,24.0,KCR,AL,1.2,157.0,626.0,575.0,84.0,133.0,27.0,5.0,7.0,58.0,37.0,2.0,42.0,103.0,0.231,0.281,0.332,0.614,75.0,0.287,69.0,191.0,7.0,0.0,4.0,5.0,0.0,*54H/69,,2024
60.0,Bryan De La Cruz,27.0,2TM,NL,-1.4,149.0,622.0,584.0,61.0,136.0,25.0,0.0,21.0,68.0,5.0,2.0,29.0,170.0,0.233,0.271,0.384,0.654,80.0,0.29,75.0,224.0,10.0,3.0,0.0,5.0,1.0,7D9/H,,2024
60.0,Bryan De La Cruz,27.0,MIA,NL,-0.2,105.0,454.0,424.0,44.0,104.0,19.0,0.0,18.0,51.0,3.0,1.0,25.0,118.0,0.245,0.289,0.417,0.707,93.0,0.309,87.0,177.0,8.0,2.0,0.0,2.0,1.0,7D/9H,,2024
60.0,Bryan De La Cruz,27.0,PIT,NL,-1.2,44.0,168.0,160.0,17.0,32.0,6.0,0.0,3.0,17.0,2.0,1.0,4.0,52.0,0.2,0.22,0.294,0.514,43.0,0.238,42.0,47.0,2.0,1.0,0.0,3.0,0.0,9/7H,,2024
61.0,Yandy Díaz,32.0,TBR,AL,1.6,145.0,621.0,563.0,55.0,158.0,31.0,1.0,14.0,65.0,0.0,0.0,50.0,95.0,0.281,0.341,0.414,0.755,116.0,0.336,119.0,233.0,12.0,4.0,0.0,4.0,0.0,*3D/H,,2024
62.0,Alex Verdugo*,28.0,NYY,AL,0.8,149.0,621.0,559.0,74.0,130.0,28.0,1.0,13.0,61.0,2.0,1.0,49.0,93.0,0.233,0.291,0.356,0.647,84.0,0.288,81.0,199.0,14.0,1.0,2.0,10.0,0.0,*79/8,,2024
63.0,Jazz Chisholm Jr.*,26.0,2TM,2LG,2.7,147.0,621.0,562.0,74.0,144.0,21.0,4.0,24.0,73.0,40.0,10.0,53.0,152.0,0.256,0.324,0.436,0.76,110.0,0.339,106.0,245.0,6.0,4.0,0.0,2.0,5.0,85/D4H,,2024
63.0,Jazz Chisholm Jr.*,26.0,MIA,NL,1.2,101.0,430.0,386.0,46.0,96.0,14.0,4.0,13.0,50.0,22.0,8.0,39.0,107.0,0.249,0.323,0.407,0.73,101.0,0.323,96.0,157.0,4.0,4.0,0.0,1.0,5.0,8/D4H,,2024
63.0,Jazz Chisholm Jr.*,26.0,NYY,AL,1.5,46.0,191.0,176.0,28.0,48.0,7.0,0.0,11.0,23.0,18.0,2.0,14.0,45.0,0.273,0.325,0.5,0.825,131.0,0.373,130.0,88.0,2.0,0.0,0.0,1.0,0.0,5/8,,2024
64.0,Yainer Diaz,25.0,HOU,AL,3.3,148.0,619.0,585.0,70.0,175.0,29.0,3.0,16.0,84.0,2.0,0.0,24.0,107.0,0.299,0.325,0.441,0.766,116.0,0.339,120.0,258.0,22.0,2.0,0.0,8.0,1.0,2D3/H,,2024
65.0,Brice Turang*,24.0,MIL,NL,4.7,155.0,619.0,559.0,72.0,142.0,24.0,4.0,7.0,57.0,50.0,6.0,50.0,105.0,0.254,0.316,0.349,0.665,86.0,0.313,85.0,195.0,8.0,2.0,5.0,3.0,1.0,*4H/D,GG,2024
66.0,Andrew Vaughn,26.0,CHW,AL,0.2,149.0,619.0,570.0,55.0,140.0,30.0,1.0,19.0,70.0,2.0,0.0,38.0,132.0,0.246,0.297,0.402,0.699,98.0,0.305,96.0,229.0,13.0,6.0,0.0,5.0,0.0,*3D/H,,2024
67.0,Brent Rooker,29.0,OAK,AL,5.6,145.0,614.0,546.0,82.0,160.0,26.0,2.0,39.0,112.0,11.0,3.0,59.0,177.0,0.293,0.365,0.562,0.927,165.0,0.399,166.0,307.0,5.0,5.0,0.0,4.0,4.0,*D/79H,"MVP-10,SS",2024
68.0,George Springer,34.0,TOR,AL,1.1,145.0,614.0,545.0,74.0,120.0,19.0,3.0,19.0,56.0,16.0,1.0,60.0,115.0,0.22,0.303,0.371,0.674,91.0,0.312,97.0,202.0,16.0,6.0,0.0,2.0,0.0,*9D/H8,,2024
69.0,Julio Rodríguez,23.0,SEA,AL,4.3,143.0,613.0,567.0,76.0,155.0,17.0,0.0,20.0,68.0,24.0,5.0,38.0,156.0,0.273,0.325,0.409,0.734,115.0,0.334,121.0,232.0,10.0,6.0,0.0,2.0,1.0,*8D/H,,2024
70.0,Christopher Morel,25.0,2TM,2LG,-0.6,152.0,611.0,535.0,56.0,105.0,11.0,3.0,21.0,60.0,8.0,7.0,61.0,159.0,0.196,0.288,0.346,0.634,80.0,0.282,80.0,185.0,15.0,10.0,0.0,5.0,3.0,5D47/H,,2024
70.0,Christopher Morel,25.0,CHC,NL,0.2,103.0,421.0,362.0,43.0,72.0,7.0,1.0,18.0,51.0,7.0,5.0,47.0,103.0,0.199,0.302,0.373,0.675,90.0,0.3,92.0,135.0,11.0,8.0,0.0,4.0,2.0,5D/H,,2024
70.0,Christopher Morel,25.0,TBR,AL,-0.8,49.0,190.0,173.0,13.0,33.0,4.0,2.0,3.0,9.0,1.0,2.0,14.0,56.0,0.191,0.258,0.289,0.547,57.0,0.241,53.0,50.0,4.0,2.0,0.0,1.0,1.0,4D7/H,,2024
71.0,Nolan Schanuel*,22.0,LAA,AL,1.3,147.0,607.0,519.0,62.0,130.0,19.0,0.0,13.0,54.0,10.0,1.0,68.0,103.0,0.25,0.343,0.362,0.706,100.0,0.321,103.0,188.0,14.0,9.0,3.0,7.0,0.0,*3/HD,,2024
72.0,Alec Bohm,27.0,PHI,NL,3.0,143.0,606.0,554.0,62.0,155.0,44.0,2.0,15.0,97.0,5.0,2.0,40.0,86.0,0.28,0.332,0.448,0.779,114.0,0.34,117.0,248.0,18.0,6.0,0.0,6.0,2.0,*53/DH,AS,2024
73.0,Brenton Doyle,26.0,COL,NL,4.0,149.0,603.0,542.0,82.0,141.0,24.0,4.0,23.0,72.0,30.0,5.0,46.0,153.0,0.26,0.317,0.446,0.764,102.0,0.338,102.0,242.0,13.0,3.0,4.0,8.0,1.0,*8/DH,GG,2024
74.0,Josh Bell#,31.0,2TM,NL,-0.6,145.0,603.0,538.0,62.0,134.0,23.0,2.0,19.0,71.0,0.0,1.0,51.0,120.0,0.249,0.319,0.405,0.725,100.0,0.32,98.0,218.0,22.0,6.0,0.0,3.0,1.0,3D/H,,2024
74.0,Josh Bell#,31.0,MIA,NL,-0.8,104.0,441.0,398.0,38.0,95.0,18.0,1.0,14.0,49.0,0.0,0.0,34.0,88.0,0.239,0.305,0.394,0.699,93.0,0.31,88.0,157.0,13.0,5.0,0.0,3.0,1.0,3D,,2024
74.0,Josh Bell#,31.0,ARI,NL,0.3,41.0,162.0,140.0,24.0,39.0,5.0,1.0,5.0,22.0,0.0,1.0,17.0,32.0,0.279,0.361,0.436,0.796,120.0,0.349,125.0,61.0,9.0,1.0,0.0,0.0,0.0,3/DH,,2024
75.0,CJ Abrams*,23.0,WSN,NL,3.4,138.0,602.0,541.0,79.0,133.0,29.0,6.0,20.0,65.0,31.0,12.0,40.0,128.0,0.246,0.314,0.433,0.747,109.0,0.324,108.0,234.0,4.0,16.0,1.0,4.0,3.0,*6/H,AS,2024
76.0,Orlando Arcia,29.0,ATL,NL,0.5,157.0,602.0,551.0,50.0,120.0,24.0,0.0,17.0,46.0,2.0,0.0,41.0,128.0,0.218,0.271,0.354,0.625,73.0,0.278,70.0,195.0,16.0,2.0,1.0,7.0,1.0,*6,,2024
77.0,Zach Neto,23.0,LAA,AL,5.1,155.0,602.0,542.0,70.0,135.0,34.0,1.0,23.0,77.0,30.0,10.0,39.0,140.0,0.249,0.318,0.443,0.761,112.0,0.334,112.0,240.0,14.0,16.0,4.0,1.0,1.0,*6/H,,2024
78.0,Rafael Devers*,27.0,BOS,AL,3.7,138.0,601.0,525.0,87.0,143.0,34.0,5.0,28.0,83.0,3.0,0.0,67.0,147.0,0.272,0.354,0.516,0.871,142.0,0.368,134.0,271.0,13.0,3.0,0.0,6.0,14.0,*5/D,"AS,MVP-13",2024
79.0,Oneil Cruz*,25.0,PIT,NL,2.5,146.0,599.0,541.0,72.0,140.0,34.0,3.0,21.0,76.0,22.0,1.0,51.0,181.0,0.259,0.324,0.449,0.773,114.0,0.34,110.0,243.0,8.0,3.0,0.0,4.0,5.0,*68H/D,,2024
80.0,Alec Burleson*,25.0,STL,NL,1.2,152.0,595.0,547.0,71.0,147.0,20.0,0.0,21.0,78.0,9.0,4.0,35.0,76.0,0.269,0.314,0.42,0.735,105.0,0.325,105.0,230.0,8.0,4.0,1.0,6.0,0.0,D97H3,,2024
81.0,Carlos Santana#,38.0,MIN,AL,2.5,150.0,594.0,521.0,63.0,124.0,26.0,0.0,23.0,71.0,4.0,0.0,65.0,99.0,0.238,0.328,0.42,0.749,109.0,0.329,108.0,219.0,11.0,6.0,0.0,2.0,3.0,*3/HD,GG,2024
82.0,Jackson Merrill*,21.0,SDP,NL,4.4,156.0,593.0,554.0,77.0,162.0,31.0,6.0,24.0,90.0,16.0,3.0,29.0,101.0,0.292,0.326,0.5,0.826,127.0,0.357,126.0,277.0,2.0,1.0,4.0,5.0,1.0,*8/H,"AS,MVP-9,ROY-2,SS",2024
83.0,Dansby Swanson,30.0,CHC,NL,3.9,149.0,593.0,534.0,82.0,129.0,27.0,2.0,16.0,66.0,19.0,3.0,54.0,144.0,0.242,0.312,0.39,0.701,98.0,0.313,96.0,208.0,7.0,2.0,0.0,3.0,2.0,*6/H,,2024
84.0,Josh Smith*,26.0,TEX,AL,3.2,149.0,592.0,523.0,67.0,135.0,30.0,1.0,13.0,62.0,11.0,2.0,46.0,121.0,0.258,0.337,0.394,0.731,114.0,0.329,112.0,206.0,6.0,18.0,2.0,3.0,1.0,56DH/749,SS,2024
85.0,Seiya Suzuki,29.0,CHC,NL,3.5,132.0,585.0,512.0,74.0,145.0,27.0,6.0,21.0,73.0,16.0,6.0,63.0,160.0,0.283,0.366,0.482,0.848,138.0,0.364,136.0,247.0,6.0,6.0,0.0,4.0,3.0,9D/7H,,2024
86.0,Riley Greene*,23.0,DET,AL,5.4,137.0,584.0,512.0,82.0,134.0,27.0,6.0,24.0,74.0,4.0,2.0,64.0,156.0,0.262,0.348,0.479,0.827,131.0,0.358,133.0,245.0,2.0,5.0,0.0,2.0,3.0,7D8/9H,AS,2024
87.0,Ketel Marte#,30.0,ARI,NL,6.8,136.0,583.0,504.0,93.0,147.0,23.0,2.0,36.0,95.0,7.0,1.0,65.0,106.0,0.292,0.372,0.56,0.932,154.0,0.396,155.0,282.0,9.0,5.0,0.0,9.0,7.0,*4D/H6,"AS,MVP-3,SS",2024
88.0,Jake Burger,28.0,MIA,NL,0.5,137.0,579.0,535.0,68.0,134.0,23.0,1.0,29.0,76.0,1.0,1.0,31.0,150.0,0.25,0.301,0.46,0.76,107.0,0.327,100.0,246.0,11.0,9.0,0.0,4.0,2.0,35D/H,,2024
89.0,Jorge Soler,32.0,2TM,NL,1.1,142.0,574.0,493.0,84.0,119.0,34.0,1.0,21.0,64.0,1.0,0.0,68.0,141.0,0.241,0.338,0.442,0.78,120.0,0.343,123.0,218.0,9.0,6.0,0.0,4.0,0.0,D9/H7,,2024
89.0,Jorge Soler,32.0,SFG,NL,1.0,93.0,392.0,341.0,57.0,82.0,23.0,1.0,12.0,40.0,1.0,0.0,44.0,97.0,0.24,0.33,0.419,0.749,114.0,0.334,119.0,143.0,9.0,3.0,0.0,3.0,0.0,D/H,,2024
89.0,Jorge Soler,32.0,ATL,NL,0.1,49.0,182.0,152.0,27.0,37.0,11.0,0.0,9.0,24.0,0.0,0.0,24.0,44.0,0.243,0.356,0.493,0.849,134.0,0.364,133.0,75.0,0.0,3.0,0.0,1.0,0.0,9/7H,,2024
90.0,Jackson Chourio,20.0,MIL,NL,3.8,148.0,573.0,528.0,80.0,145.0,29.0,4.0,21.0,79.0,22.0,7.0,39.0,121.0,0.275,0.327,0.464,0.791,118.0,0.344,115.0,245.0,7.0,3.0,1.0,2.0,4.0,*79/HD,"MVP-22,ROY-3",2024
91.0,Ceddanne Rafaela,23.0,BOS,AL,2.8,152.0,571.0,544.0,70.0,134.0,23.0,5.0,15.0,75.0,19.0,10.0,15.0,151.0,0.246,0.274,0.39,0.664,85.0,0.299,85.0,212.0,8.0,7.0,2.0,3.0,1.0,864/5H9,,2024
92.0,Bryson Stott*,26.0,PHI,NL,2.5,148.0,571.0,506.0,65.0,124.0,19.0,2.0,11.0,57.0,32.0,3.0,53.0,93.0,0.245,0.315,0.356,0.671,86.0,0.309,87.0,180.0,9.0,3.0,0.0,9.0,1.0,*46H/D,,2024
93.0,Cody Bellinger*,28.0,CHC,NL,2.2,130.0,569.0,516.0,72.0,137.0,23.0,3.0,18.0,78.0,9.0,2.0,45.0,89.0,0.266,0.325,0.426,0.751,111.0,0.326,108.0,220.0,10.0,3.0,0.0,5.0,7.0,98D3/7,,2024
94.0,Michael Busch*,26.0,CHC,NL,2.8,152.0,567.0,496.0,73.0,123.0,28.0,2.0,21.0,65.0,2.0,1.0,63.0,162.0,0.248,0.335,0.44,0.775,118.0,0.338,118.0,218.0,9.0,4.0,0.0,4.0,1.0,*3H/4D5,,2024
95.0,Matt Vierling,27.0,DET,AL,3.0,144.0,567.0,518.0,80.0,133.0,28.0,5.0,16.0,57.0,6.0,1.0,41.0,121.0,0.257,0.312,0.423,0.735,106.0,0.323,106.0,219.0,9.0,3.0,0.0,5.0,1.0,859H7/D3,,2024
96.0,Nathaniel Lowe*,28.0,TEX,AL,2.7,140.0,565.0,486.0,62.0,129.0,16.0,1.0,16.0,69.0,2.0,0.0,71.0,125.0,0.265,0.361,0.401,0.762,123.0,0.342,122.0,195.0,9.0,4.0,0.0,4.0,1.0,*3/HD,,2024
97.0,Colton Cowser*,24.0,BAL,AL,3.1,153.0,561.0,499.0,77.0,121.0,24.0,3.0,24.0,69.0,9.0,4.0,52.0,172.0,0.242,0.321,0.447,0.768,120.0,0.329,119.0,223.0,9.0,7.0,0.0,3.0,2.0,*789H/D,ROY-2,2024
98.0,Wyatt Langford,22.0,TEX,AL,3.9,134.0,557.0,499.0,74.0,126.0,25.0,4.0,16.0,74.0,19.0,3.0,51.0,115.0,0.253,0.325,0.415,0.74,115.0,0.329,110.0,207.0,6.0,4.0,0.0,3.0,3.0,*7D8,ROY-7,2024
99.0,Colt Keith*,22.0,DET,AL,1.1,148.0,556.0,516.0,54.0,134.0,15.0,4.0,13.0,61.0,7.0,1.0,36.0,110.0,0.26,0.309,0.38,0.689,94.0,0.308,95.0,196.0,4.0,2.0,0.0,2.0,2.0,*4DH,,2024
100.0,Vinnie Pasquantino*,26.0,KCR,AL,1.1,131.0,554.0,496.0,64.0,130.0,30.0,2.0,19.0,97.0,1.0,0.0,40.0,71.0,0.262,0.315,0.446,0.76,114.0,0.328,108.0,221.0,12.0,4.0,1.0,13.0,1.0,3D/H,,2024
101.0,Lourdes Gurriel Jr.,30.0,ARI,NL,2.0,133.0,553.0,513.0,72.0,143.0,22.0,2.0,18.0,75.0,7.0,1.0,29.0,101.0,0.279,0.322,0.435,0.757,108.0,0.329,106.0,223.0,16.0,6.0,0.0,5.0,1.0,*7H/D3,,2024
102.0,Christian Walker,33.0,ARI,NL,2.6,130.0,552.0,479.0,72.0,120.0,26.0,0.0,26.0,84.0,2.0,2.0,55.0,133.0,0.251,0.335,0.468,0.803,120.0,0.34,116.0,224.0,12.0,10.0,0.0,8.0,4.0,*3/H,GG,2024
103.0,Zack Gelof,24.0,OAK,AL,1.4,138.0,547.0,497.0,60.0,105.0,20.0,2.0,17.0,49.0,25.0,3.0,38.0,188.0,0.211,0.27,0.362,0.632,82.0,0.286,80.0,180.0,7.0,4.0,3.0,5.0,0.0,*4/H,,2024
104.0,Will Smith,29.0,LAD,NL,3.5,128.0,544.0,476.0,77.0,118.0,24.0,2.0,20.0,75.0,1.0,1.0,51.0,105.0,0.248,0.327,0.433,0.76,114.0,0.327,112.0,206.0,8.0,9.0,0.0,8.0,6.0,*2/HD,AS,2024
105.0,Steven Kwan*,26.0,CLE,AL,4.0,122.0,540.0,480.0,83.0,140.0,16.0,3.0,14.0,44.0,12.0,5.0,53.0,51.0,0.292,0.368,0.425,0.793,126.0,0.352,128.0,204.0,5.0,5.0,2.0,0.0,0.0,*7/DH,"AS,GG",2024
106.0,Brendan Rodgers,27.0,COL,NL,1.1,135.0,539.0,501.0,67.0,134.0,29.0,1.0,13.0,54.0,1.0,0.0,31.0,132.0,0.267,0.314,0.407,0.721,92.0,0.317,92.0,204.0,12.0,4.0,1.0,2.0,1.0,*4/DH,,2024
107.0,Trea Turner,31.0,PHI,NL,3.0,121.0,539.0,505.0,88.0,149.0,25.0,0.0,21.0,62.0,19.0,4.0,27.0,98.0,0.295,0.338,0.469,0.807,121.0,0.358,127.0,237.0,10.0,6.0,0.0,1.0,0.0,*6/D,AS,2024
108.0,Justin Turner,39.0,2TM,AL,1.5,139.0,539.0,460.0,59.0,119.0,24.0,0.0,11.0,55.0,0.0,2.0,59.0,95.0,0.259,0.354,0.383,0.737,113.0,0.328,116.0,176.0,16.0,13.0,0.0,7.0,2.0,D3H/5,,2024
108.0,Justin Turner,39.0,TOR,AL,0.4,91.0,349.0,301.0,37.0,77.0,17.0,0.0,6.0,31.0,0.0,2.0,39.0,60.0,0.256,0.35,0.372,0.722,106.0,0.321,109.0,112.0,15.0,6.0,0.0,3.0,0.0,D3/H5,,2024
108.0,Justin Turner,39.0,SEA,AL,1.2,48.0,190.0,159.0,22.0,42.0,7.0,0.0,5.0,24.0,0.0,0.0,20.0,35.0,0.264,0.363,0.403,0.766,127.0,0.341,130.0,64.0,1.0,7.0,0.0,4.0,2.0,3D/H5,,2024
109.0,Jesús Sánchez*,26.0,MIA,NL,0.7,149.0,537.0,489.0,60.0,123.0,25.0,1.0,18.0,64.0,16.0,2.0,41.0,140.0,0.252,0.313,0.417,0.731,101.0,0.326,96.0,204.0,12.0,4.0,1.0,2.0,2.0,*9HD7,,2024
110.0,Ty France,29.0,2TM,2LG,-0.6,140.0,535.0,479.0,46.0,112.0,24.0,0.0,13.0,51.0,1.0,1.0,38.0,114.0,0.234,0.305,0.365,0.67,92.0,0.301,95.0,175.0,16.0,13.0,0.0,5.0,0.0,*3/DH4,,2024
110.0,Ty France,29.0,SEA,AL,-0.2,88.0,340.0,300.0,28.0,67.0,14.0,0.0,8.0,31.0,0.0,1.0,28.0,83.0,0.223,0.312,0.35,0.662,96.0,0.3,102.0,105.0,11.0,11.0,0.0,1.0,0.0,3/H4D,,2024
110.0,Ty France,29.0,CIN,NL,-0.4,52.0,195.0,179.0,18.0,45.0,10.0,0.0,5.0,20.0,1.0,0.0,10.0,31.0,0.251,0.292,0.391,0.683,85.0,0.302,83.0,70.0,5.0,2.0,0.0,4.0,0.0,3/DH,,2024
111.0,Shea Langeliers,26.0,OAK,AL,2.9,137.0,534.0,482.0,58.0,108.0,18.0,2.0,29.0,80.0,4.0,2.0,41.0,145.0,0.224,0.288,0.45,0.739,111.0,0.321,111.0,217.0,15.0,5.0,0.0,6.0,2.0,*2/HD,,2024
112.0,Corey Seager*,30.0,TEX,AL,5.0,123.0,533.0,475.0,68.0,132.0,21.0,0.0,30.0,74.0,1.0,1.0,53.0,96.0,0.278,0.353,0.512,0.864,149.0,0.363,139.0,243.0,8.0,3.0,0.0,2.0,11.0,*6D/H,"AS,MVP-15",2024
113.0,Leody Taveras#,25.0,TEX,AL,0.5,151.0,529.0,480.0,59.0,110.0,17.0,3.0,12.0,44.0,23.0,6.0,42.0,112.0,0.229,0.289,0.352,0.641,87.0,0.293,84.0,169.0,8.0,0.0,3.0,4.0,0.0,*8/HD,,2024
114.0,Luis García Jr.*,24.0,WSN,NL,2.2,140.0,528.0,500.0,58.0,141.0,25.0,1.0,18.0,70.0,22.0,5.0,27.0,86.0,0.282,0.318,0.444,0.762,114.0,0.336,114.0,222.0,12.0,0.0,0.0,1.0,2.0,*4H/D,,2024
115.0,Lane Thomas,28.0,2TM,2LG,0.3,130.0,528.0,472.0,65.0,112.0,26.0,3.0,15.0,63.0,32.0,14.0,44.0,137.0,0.237,0.309,0.4,0.709,100.0,0.315,101.0,189.0,5.0,7.0,0.0,5.0,1.0,*98/HD,,2024
115.0,Lane Thomas,28.0,WSN,NL,0.5,77.0,341.0,300.0,42.0,76.0,16.0,3.0,8.0,40.0,28.0,12.0,32.0,72.0,0.253,0.331,0.407,0.738,108.0,0.334,115.0,122.0,4.0,5.0,0.0,4.0,0.0,9/8D,,2024
115.0,Lane Thomas,28.0,CLE,AL,-0.2,53.0,187.0,172.0,23.0,36.0,10.0,0.0,7.0,23.0,4.0,2.0,12.0,65.0,0.209,0.267,0.39,0.657,85.0,0.28,76.0,67.0,1.0,2.0,0.0,1.0,1.0,89/HD,,2024
116.0,Sal Frelick*,24.0,MIL,NL,2.1,145.0,524.0,475.0,66.0,123.0,22.0,4.0,2.0,32.0,18.0,3.0,39.0,78.0,0.259,0.32,0.335,0.655,84.0,0.303,84.0,159.0,8.0,4.0,2.0,1.0,0.0,*987H/5D,GG,2024
117.0,Andrew Benintendi*,29.0,CHW,AL,-0.8,135.0,522.0,477.0,50.0,109.0,20.0,0.0,20.0,64.0,3.0,2.0,41.0,96.0,0.229,0.289,0.396,0.685,94.0,0.299,92.0,189.0,12.0,1.0,0.0,3.0,1.0,*7H/D8,,2024
118.0,Logan O'Hoppe,24.0,LAA,AL,2.7,136.0,522.0,479.0,64.0,117.0,17.0,1.0,20.0,56.0,2.0,3.0,33.0,155.0,0.244,0.303,0.409,0.712,99.0,0.315,102.0,196.0,7.0,8.0,1.0,1.0,0.0,*2/HD,,2024
119.0,Jacob Young,24.0,WSN,NL,2.8,150.0,521.0,468.0,75.0,120.0,24.0,1.0,3.0,36.0,33.0,10.0,30.0,102.0,0.256,0.316,0.331,0.648,85.0,0.299,87.0,155.0,11.0,12.0,9.0,2.0,0.0,*8/HD,,2024
120.0,Heliot Ramos,24.0,SFG,NL,2.3,121.0,518.0,475.0,54.0,128.0,23.0,3.0,22.0,72.0,6.0,1.0,37.0,135.0,0.269,0.322,0.469,0.792,124.0,0.349,129.0,223.0,12.0,2.0,0.0,4.0,2.0,*87/9DH,AS,2024
121.0,Rhys Hoskins,31.0,MIL,NL,-0.2,131.0,517.0,449.0,59.0,96.0,14.0,0.0,26.0,82.0,3.0,0.0,53.0,149.0,0.214,0.303,0.419,0.722,99.0,0.314,95.0,188.0,11.0,7.0,0.0,6.0,1.0,3D/H,,2024
122.0,Mookie Betts,31.0,LAD,NL,4.8,116.0,516.0,450.0,75.0,130.0,24.0,5.0,19.0,75.0,16.0,2.0,61.0,57.0,0.289,0.372,0.491,0.863,143.0,0.377,145.0,221.0,10.0,1.0,0.0,4.0,2.0,694/H,"AS,MVP-13,SS",2024
123.0,Andrew McCutchen,37.0,PIT,NL,0.8,120.0,515.0,448.0,66.0,104.0,18.0,1.0,20.0,50.0,3.0,2.0,58.0,133.0,0.232,0.328,0.411,0.739,106.0,0.332,110.0,184.0,9.0,7.0,0.0,2.0,1.0,*D/9H,,2024
124.0,Tyler Stephenson,27.0,CIN,NL,2.4,138.0,515.0,457.0,69.0,118.0,26.0,1.0,19.0,66.0,1.0,0.0,48.0,117.0,0.258,0.338,0.444,0.782,112.0,0.345,114.0,203.0,9.0,8.0,0.0,2.0,2.0,*2HD,,2024
125.0,Jake Meyers,28.0,HOU,AL,1.7,148.0,513.0,461.0,51.0,101.0,20.0,3.0,13.0,61.0,11.0,3.0,35.0,117.0,0.219,0.286,0.36,0.646,83.0,0.288,83.0,166.0,17.0,10.0,3.0,4.0,0.0,*8H/7D,,2024
126.0,Daulton Varsho*,27.0,TOR,AL,5.0,136.0,513.0,459.0,73.0,98.0,21.0,7.0,18.0,58.0,10.0,2.0,48.0,137.0,0.214,0.293,0.407,0.7,96.0,0.306,94.0,187.0,2.0,4.0,1.0,1.0,1.0,*87/H9D,GG,2024
127.0,Joey Ortiz,25.0,MIL,NL,2.7,142.0,511.0,440.0,58.0,105.0,25.0,6.0,11.0,60.0,11.0,6.0,56.0,103.0,0.239,0.329,0.398,0.726,102.0,0.317,98.0,175.0,10.0,6.0,3.0,6.0,0.0,*56/H4,,2024
128.0,Jesse Winker*,30.0,2TM,NL,2.0,145.0,508.0,430.0,63.0,109.0,23.0,0.0,14.0,58.0,14.0,4.0,63.0,106.0,0.253,0.36,0.405,0.764,117.0,0.344,122.0,174.0,12.0,10.0,2.0,3.0,2.0,7DH9,,2024
128.0,Jesse Winker*,30.0,WSN,NL,1.9,101.0,379.0,315.0,51.0,81.0,18.0,0.0,11.0,45.0,14.0,4.0,53.0,84.0,0.257,0.374,0.419,0.793,125.0,0.358,131.0,132.0,9.0,7.0,2.0,2.0,2.0,7D/H9,,2024
128.0,Jesse Winker*,30.0,NYM,NL,0.1,44.0,129.0,115.0,12.0,28.0,5.0,0.0,3.0,13.0,0.0,0.0,10.0,22.0,0.243,0.318,0.365,0.683,95.0,0.303,95.0,42.0,3.0,3.0,0.0,1.0,0.0,97HD,,2024
129.0,Ryan Mountcastle,27.0,BAL,AL,2.6,124.0,507.0,473.0,54.0,128.0,30.0,2.0,13.0,63.0,3.0,0.0,27.0,114.0,0.271,0.308,0.425,0.733,110.0,0.323,114.0,201.0,13.0,1.0,0.0,6.0,0.0,*3H/D,,2024
130.0,Gavin Sheets*,28.0,CHW,AL,-1.0,139.0,501.0,451.0,35.0,105.0,24.0,1.0,10.0,45.0,2.0,2.0,43.0,106.0,0.233,0.303,0.357,0.66,89.0,0.292,88.0,161.0,6.0,4.0,0.0,3.0,2.0,93DH,,2024
131.0,Charlie Blackmon*,37.0,COL,NL,0.6,124.0,499.0,449.0,59.0,115.0,24.0,5.0,12.0,52.0,6.0,2.0,43.0,86.0,0.256,0.329,0.412,0.741,97.0,0.329,100.0,185.0,4.0,6.0,0.0,1.0,2.0,D9H/8,,2024
132.0,Cedric Mullins*,29.0,BAL,AL,2.6,147.0,499.0,444.0,69.0,104.0,16.0,3.0,18.0,54.0,32.0,6.0,41.0,98.0,0.234,0.305,0.405,0.71,104.0,0.322,107.0,180.0,1.0,5.0,2.0,2.0,0.0,*8H/D,,2024
133.0,Isiah Kiner-Falefa,29.0,2TM,2LG,3.6,133.0,496.0,465.0,53.0,125.0,18.0,4.0,8.0,43.0,11.0,2.0,16.0,78.0,0.269,0.306,0.376,0.683,92.0,0.308,93.0,175.0,12.0,10.0,3.0,2.0,0.0,456/H18,,2024
133.0,Isiah Kiner-Falefa,29.0,TOR,AL,3.2,83.0,281.0,257.0,32.0,75.0,8.0,2.0,7.0,33.0,3.0,1.0,13.0,37.0,0.292,0.338,0.42,0.758,114.0,0.338,119.0,108.0,9.0,6.0,3.0,2.0,0.0,456/H18,,2024
133.0,Isiah Kiner-Falefa,29.0,PIT,NL,0.4,50.0,215.0,208.0,21.0,50.0,10.0,2.0,1.0,10.0,8.0,1.0,3.0,41.0,0.24,0.265,0.322,0.587,64.0,0.27,60.0,67.0,3.0,4.0,0.0,0.0,0.0,64/5H,,2024
134.0,J.D. Martinez,36.0,NYM,NL,0.5,120.0,495.0,434.0,46.0,102.0,24.0,1.0,16.0,69.0,0.0,0.0,49.0,141.0,0.235,0.32,0.406,0.725,105.0,0.321,108.0,176.0,17.0,6.0,0.0,2.0,0.0,*D/H,,2024
135.0,Jake McCarthy*,26.0,ARI,NL,1.7,142.0,495.0,442.0,66.0,126.0,13.0,7.0,8.0,56.0,25.0,6.0,31.0,78.0,0.285,0.349,0.4,0.749,108.0,0.335,107.0,177.0,4.0,14.0,5.0,3.0,1.0,*987H/D,,2024
136.0,Ryan O'Hearn*,30.0,BAL,AL,2.0,142.0,494.0,443.0,60.0,117.0,21.0,3.0,15.0,59.0,3.0,1.0,46.0,69.0,0.264,0.334,0.427,0.761,119.0,0.337,125.0,189.0,7.0,2.0,0.0,3.0,2.0,3DH9/7,,2024
137.0,Jonah Heim#,29.0,TEX,AL,1.1,131.0,491.0,459.0,45.0,101.0,12.0,1.0,13.0,59.0,1.0,1.0,26.0,90.0,0.22,0.267,0.336,0.602,75.0,0.268,71.0,154.0,13.0,4.0,0.0,2.0,0.0,*2DH,,2024
138.0,Michael Conforto*,31.0,SFG,NL,1.3,130.0,488.0,438.0,56.0,104.0,27.0,3.0,20.0,66.0,0.0,1.0,42.0,118.0,0.237,0.309,0.45,0.759,115.0,0.326,115.0,197.0,16.0,5.0,0.0,3.0,1.0,7DH,,2024
139.0,Gavin Lux*,26.0,LAD,NL,2.1,139.0,487.0,439.0,59.0,110.0,24.0,2.0,10.0,50.0,5.0,2.0,44.0,110.0,0.251,0.32,0.383,0.703,99.0,0.314,103.0,168.0,8.0,2.0,0.0,2.0,0.0,*4H/6,,2024
140.0,Connor Wong,28.0,BOS,AL,1.5,126.0,487.0,447.0,54.0,125.0,24.0,1.0,13.0,52.0,8.0,7.0,28.0,114.0,0.28,0.333,0.425,0.758,113.0,0.327,107.0,190.0,7.0,9.0,1.0,2.0,1.0,23DH/47,,2024
141.0,Keibert Ruiz#,25.0,WSN,NL,0.6,127.0,485.0,459.0,46.0,105.0,21.0,0.0,13.0,57.0,3.0,1.0,16.0,54.0,0.229,0.26,0.359,0.619,74.0,0.27,70.0,165.0,13.0,5.0,0.0,5.0,0.0,*2D/H,,2024
142.0,José Caballero,27.0,TBR,AL,1.6,139.0,483.0,441.0,53.0,100.0,24.0,1.0,9.0,44.0,44.0,16.0,27.0,133.0,0.227,0.283,0.347,0.63,80.0,0.292,83.0,153.0,6.0,9.0,3.0,3.0,1.0,654H/D,,2024
143.0,Paul DeJong,30.0,2TM,AL,0.9,139.0,482.0,445.0,54.0,101.0,17.0,0.0,24.0,56.0,2.0,2.0,23.0,156.0,0.227,0.276,0.427,0.703,97.0,0.304,95.0,190.0,9.0,9.0,0.0,5.0,0.0,65H/D,,2024
143.0,Paul DeJong,30.0,CHW,AL,0.2,102.0,363.0,337.0,39.0,77.0,14.0,0.0,18.0,41.0,2.0,1.0,14.0,112.0,0.228,0.275,0.43,0.706,98.0,0.303,95.0,145.0,8.0,9.0,0.0,3.0,0.0,65/HD,,2024
143.0,Paul DeJong,30.0,KCR,AL,0.7,37.0,119.0,108.0,15.0,24.0,3.0,0.0,6.0,15.0,0.0,1.0,9.0,44.0,0.222,0.277,0.417,0.694,95.0,0.308,97.0,45.0,1.0,0.0,0.0,2.0,0.0,5/HD6,,2024
144.0,Tommy Pham,36.0,3TM,2LG,-0.2,116.0,478.0,440.0,49.0,109.0,20.0,3.0,9.0,39.0,7.0,3.0,35.0,106.0,0.248,0.305,0.368,0.674,92.0,0.308,96.0,162.0,5.0,2.0,0.0,1.0,0.0,978/DH,,2024
144.0,Tommy Pham,36.0,2TM,AL,0.2,93.0,401.0,372.0,42.0,95.0,17.0,2.0,7.0,27.0,7.0,3.0,28.0,90.0,0.255,0.309,0.368,0.678,93.0,0.312,100.0,137.0,3.0,1.0,0.0,0.0,0.0,987/DH,,2024
144.0,Tommy Pham,36.0,CHW,AL,0.0,70.0,297.0,271.0,33.0,72.0,14.0,1.0,5.0,19.0,6.0,3.0,25.0,63.0,0.266,0.33,0.38,0.71,103.0,0.327,112.0,103.0,2.0,1.0,0.0,0.0,0.0,987/HD,,2024
144.0,Tommy Pham,36.0,STL,NL,-0.4,23.0,77.0,68.0,7.0,14.0,3.0,1.0,2.0,12.0,0.0,0.0,7.0,16.0,0.206,0.286,0.368,0.653,83.0,0.285,77.0,25.0,2.0,1.0,0.0,1.0,0.0,7/9HD,,2024
144.0,Tommy Pham,36.0,KCR,AL,0.1,23.0,104.0,101.0,9.0,23.0,3.0,1.0,2.0,8.0,1.0,0.0,3.0,27.0,0.228,0.25,0.337,0.587,66.0,0.272,66.0,34.0,1.0,0.0,0.0,0.0,0.0,7/9D,,2024
145.0,Brandon Marsh*,26.0,PHI,NL,3.1,135.0,476.0,418.0,55.0,104.0,17.0,3.0,16.0,60.0,19.0,3.0,50.0,154.0,0.249,0.328,0.419,0.747,106.0,0.338,111.0,175.0,2.0,2.0,1.0,5.0,0.0,*78H/9,,2024
146.0,Josh Rojas*,30.0,SEA,AL,2.2,142.0,476.0,422.0,48.0,95.0,19.0,2.0,8.0,31.0,10.0,4.0,46.0,108.0,0.225,0.304,0.336,0.641,90.0,0.289,92.0,142.0,6.0,3.0,1.0,2.0,1.0,*5H4/713D,,2024
147.0,Mike Yastrzemski*,33.0,SFG,NL,2.1,140.0,474.0,428.0,60.0,99.0,16.0,9.0,18.0,57.0,3.0,2.0,38.0,124.0,0.231,0.302,0.437,0.739,110.0,0.317,108.0,187.0,5.0,6.0,1.0,1.0,1.0,*9H/81,,2024
148.0,Tyler O'Neill,29.0,BOS,AL,2.6,113.0,473.0,411.0,74.0,99.0,18.0,0.0,31.0,61.0,4.0,0.0,53.0,159.0,0.241,0.336,0.511,0.847,135.0,0.365,131.0,210.0,13.0,7.0,0.0,2.0,5.0,79D/H,,2024
149.0,Jeff McNeil*,32.0,NYM,NL,1.6,129.0,472.0,424.0,57.0,101.0,26.0,0.0,12.0,44.0,5.0,1.0,35.0,68.0,0.238,0.308,0.384,0.692,96.0,0.308,98.0,163.0,6.0,9.0,1.0,3.0,1.0,*497/H,,2024
150.0,Michael Harris II*,23.0,ATL,NL,3.2,110.0,470.0,440.0,58.0,116.0,14.0,3.0,16.0,48.0,10.0,6.0,23.0,94.0,0.264,0.304,0.418,0.722,99.0,0.32,102.0,184.0,6.0,4.0,0.0,3.0,1.0,*8,,2024
151.0,Ha-Seong Kim,28.0,SDP,NL,2.6,121.0,470.0,403.0,60.0,94.0,16.0,3.0,11.0,47.0,22.0,5.0,58.0,77.0,0.233,0.33,0.37,0.7,96.0,0.318,96.0,149.0,8.0,2.0,4.0,3.0,4.0,*6/H,,2024
152.0,Jorge Polanco#,30.0,SEA,AL,1.3,118.0,469.0,417.0,43.0,89.0,11.0,0.0,16.0,45.0,4.0,2.0,46.0,137.0,0.213,0.296,0.355,0.651,92.0,0.294,96.0,148.0,16.0,4.0,0.0,2.0,3.0,*4/DH,,2024
153.0,Austin Riley,27.0,ATL,NL,2.9,110.0,469.0,425.0,63.0,109.0,26.0,2.0,19.0,56.0,0.0,0.0,37.0,118.0,0.256,0.322,0.461,0.783,115.0,0.343,117.0,196.0,6.0,5.0,0.0,2.0,0.0,*5,,2024
154.0,Ryan Jeffers,27.0,MIN,AL,2.1,122.0,465.0,412.0,56.0,93.0,22.0,0.0,21.0,64.0,3.0,0.0,32.0,94.0,0.226,0.3,0.432,0.732,103.0,0.322,103.0,178.0,9.0,14.0,1.0,6.0,0.0,2DH,,2024
155.0,Xander Bogaerts,31.0,SDP,NL,1.2,111.0,463.0,428.0,50.0,113.0,15.0,1.0,11.0,44.0,13.0,3.0,28.0,79.0,0.264,0.307,0.381,0.688,92.0,0.307,90.0,163.0,13.0,1.0,0.0,6.0,0.0,46/DH,,2024
156.0,Jeimer Candelario#,30.0,CIN,NL,-0.7,112.0,463.0,427.0,47.0,96.0,23.0,2.0,20.0,56.0,4.0,3.0,27.0,114.0,0.225,0.279,0.429,0.707,90.0,0.306,87.0,183.0,7.0,6.0,0.0,3.0,1.0,53D/H,,2024
157.0,Mark Canha,35.0,2TM,2LG,0.6,125.0,462.0,393.0,46.0,95.0,20.0,0.0,7.0,42.0,7.0,0.0,51.0,96.0,0.242,0.344,0.346,0.69,97.0,0.321,104.0,136.0,10.0,13.0,0.0,5.0,2.0,3D7H9/5,,2024
157.0,Mark Canha,35.0,DET,AL,0.6,93.0,377.0,320.0,42.0,74.0,17.0,0.0,7.0,38.0,4.0,0.0,42.0,79.0,0.231,0.337,0.35,0.687,95.0,0.32,103.0,112.0,9.0,11.0,0.0,4.0,2.0,3D79/H,,2024
157.0,Mark Canha,35.0,SFG,NL,0.0,32.0,85.0,73.0,4.0,21.0,3.0,0.0,0.0,4.0,3.0,0.0,9.0,17.0,0.288,0.376,0.329,0.705,106.0,0.326,108.0,24.0,1.0,2.0,0.0,1.0,0.0,3H/97D5,,2024
158.0,Gio Urshela,32.0,2TM,2LG,0.7,128.0,461.0,432.0,34.0,108.0,19.0,1.0,9.0,52.0,0.0,0.0,23.0,72.0,0.25,0.286,0.361,0.647,81.0,0.29,82.0,156.0,13.0,1.0,0.0,5.0,1.0,*53/H6D,,2024
158.0,Gio Urshela,32.0,DET,AL,-0.3,92.0,325.0,300.0,25.0,73.0,10.0,1.0,5.0,37.0,0.0,0.0,19.0,49.0,0.243,0.286,0.333,0.619,75.0,0.284,79.0,100.0,12.0,1.0,0.0,5.0,1.0,53/HD,,2024
158.0,Gio Urshela,32.0,ATL,NL,1.0,36.0,136.0,132.0,9.0,35.0,9.0,0.0,4.0,15.0,0.0,0.0,4.0,23.0,0.265,0.287,0.424,0.711,95.0,0.304,89.0,56.0,1.0,0.0,0.0,0.0,0.0,5/6,,2024
159.0,Max Schuemann,27.0,OAK,AL,0.8,133.0,459.0,396.0,55.0,87.0,14.0,0.0,7.0,34.0,14.0,1.0,47.0,119.0,0.22,0.311,0.308,0.619,82.0,0.292,86.0,122.0,8.0,7.0,5.0,4.0,0.0,65/4H789,,2024
160.0,Giancarlo Stanton,34.0,NYY,AL,0.7,114.0,459.0,417.0,49.0,97.0,20.0,0.0,27.0,72.0,0.0,0.0,38.0,143.0,0.233,0.298,0.475,0.773,116.0,0.33,112.0,198.0,17.0,2.0,0.0,2.0,2.0,*D/H,,2024
161.0,Michael Toglia#,25.0,COL,NL,2.2,116.0,458.0,399.0,62.0,87.0,14.0,3.0,25.0,55.0,10.0,1.0,54.0,147.0,0.218,0.311,0.456,0.767,102.0,0.334,102.0,182.0,7.0,1.0,0.0,3.0,2.0,39/7,,2024
162.0,Luke Raley*,29.0,SEA,AL,3.2,137.0,455.0,404.0,58.0,98.0,19.0,2.0,22.0,58.0,11.0,2.0,27.0,135.0,0.243,0.32,0.463,0.783,128.0,0.346,131.0,187.0,2.0,20.0,2.0,2.0,0.0,739H/8D,,2024
163.0,Davis Schneider,25.0,TOR,AL,0.0,135.0,454.0,397.0,48.0,76.0,19.0,1.0,13.0,46.0,6.0,0.0,47.0,144.0,0.191,0.282,0.343,0.625,77.0,0.28,76.0,136.0,2.0,5.0,0.0,5.0,0.0,74H/D,,2024
164.0,Mark Vientos,24.0,NYM,NL,3.1,111.0,454.0,413.0,58.0,110.0,22.0,0.0,27.0,71.0,0.0,0.0,33.0,135.0,0.266,0.322,0.516,0.837,134.0,0.361,137.0,213.0,6.0,3.0,0.0,5.0,0.0,5/H3D,,2024
165.0,Ernie Clement,28.0,TOR,AL,3.4,139.0,452.0,434.0,48.0,114.0,21.0,3.0,12.0,51.0,12.0,3.0,11.0,41.0,0.263,0.284,0.408,0.692,94.0,0.317,102.0,177.0,11.0,3.0,2.0,2.0,1.0,56H/4D17,,2024
166.0,Jo Adell,25.0,LAA,AL,0.9,130.0,451.0,405.0,54.0,84.0,15.0,2.0,20.0,62.0,15.0,10.0,35.0,126.0,0.207,0.28,0.402,0.682,90.0,0.297,90.0,163.0,9.0,7.0,0.0,3.0,1.0,*9H/D8,,2024
167.0,Lawrence Butler*,23.0,OAK,AL,3.0,125.0,451.0,412.0,63.0,108.0,24.0,2.0,22.0,57.0,18.0,0.0,35.0,108.0,0.262,0.317,0.49,0.807,131.0,0.357,130.0,202.0,8.0,0.0,0.0,4.0,0.0,*9H/8,,2024
168.0,J.P. Crawford*,29.0,SEA,AL,2.7,105.0,451.0,392.0,55.0,79.0,16.0,2.0,9.0,37.0,5.0,0.0,52.0,102.0,0.202,0.304,0.321,0.625,85.0,0.286,89.0,126.0,4.0,6.0,0.0,1.0,0.0,6/HD,,2024
169.0,MJ Melendez*,25.0,KCR,AL,-0.9,135.0,451.0,412.0,44.0,85.0,23.0,3.0,17.0,44.0,4.0,4.0,35.0,113.0,0.206,0.273,0.4,0.674,89.0,0.29,83.0,165.0,3.0,3.0,0.0,0.0,1.0,*7H/D93,,2024
170.0,Jarred Kelenic*,24.0,ATL,NL,0.4,131.0,449.0,412.0,49.0,95.0,18.0,2.0,15.0,45.0,7.0,2.0,32.0,133.0,0.231,0.286,0.393,0.679,87.0,0.301,86.0,162.0,5.0,1.0,1.0,3.0,1.0,*78H/9,,2024
171.0,Joc Pederson*,32.0,ARI,NL,2.9,132.0,449.0,367.0,62.0,101.0,17.0,1.0,23.0,64.0,7.0,4.0,55.0,105.0,0.275,0.393,0.515,0.908,150.0,0.388,151.0,189.0,5.0,18.0,1.0,3.0,2.0,*DH,,2024
172.0,Patrick Bailey#,25.0,SFG,NL,1.8,121.0,448.0,401.0,46.0,94.0,16.0,1.0,8.0,46.0,4.0,0.0,39.0,100.0,0.234,0.298,0.339,0.637,83.0,0.286,84.0,136.0,10.0,0.0,1.0,7.0,0.0,*2H/D,GG,2024
173.0,Jose Siri,28.0,TBR,AL,1.8,130.0,448.0,402.0,50.0,75.0,16.0,1.0,18.0,47.0,14.0,7.0,31.0,170.0,0.187,0.255,0.366,0.62,76.0,0.272,73.0,147.0,5.0,7.0,2.0,4.0,0.0,*8/H3D,,2024
174.0,Wilyer Abreu*,25.0,BOS,AL,3.4,132.0,447.0,399.0,59.0,101.0,33.0,2.0,15.0,58.0,8.0,3.0,40.0,125.0,0.253,0.322,0.459,0.781,118.0,0.339,112.0,183.0,7.0,3.0,0.0,5.0,0.0,*9H/78D,"ROY-6,GG",2024
175.0,Jordan Westburg,25.0,BAL,AL,2.4,107.0,447.0,416.0,57.0,110.0,26.0,5.0,18.0,63.0,6.0,3.0,22.0,97.0,0.264,0.312,0.481,0.792,126.0,0.34,127.0,200.0,5.0,7.0,1.0,1.0,0.0,54/6D,AS,2024
176.0,Jared Triolo,26.0,PIT,NL,1.3,125.0,446.0,394.0,41.0,85.0,10.0,1.0,9.0,46.0,8.0,1.0,42.0,118.0,0.216,0.296,0.315,0.611,72.0,0.286,74.0,124.0,5.0,5.0,0.0,5.0,0.0,54/36H9,GG,2024
177.0,Nicky Lopez*,29.0,CHW,AL,0.2,124.0,445.0,398.0,40.0,96.0,12.0,3.0,1.0,21.0,5.0,7.0,37.0,67.0,0.241,0.312,0.294,0.606,76.0,0.282,83.0,117.0,3.0,4.0,6.0,0.0,0.0,46/H,,2024
178.0,Andy Pages,23.0,LAD,NL,1.3,116.0,443.0,403.0,65.0,100.0,23.0,1.0,13.0,46.0,1.0,2.0,29.0,108.0,0.248,0.305,0.407,0.712,100.0,0.31,101.0,164.0,8.0,6.0,0.0,4.0,0.0,*89/H7D,,2024
179.0,Brayan Rocchio#,23.0,CLE,AL,1.9,143.0,442.0,383.0,50.0,79.0,18.0,0.0,8.0,36.0,10.0,6.0,44.0,90.0,0.206,0.298,0.316,0.614,76.0,0.281,78.0,121.0,11.0,8.0,2.0,5.0,1.0,*6/H,,2024
180.0,Dylan Moore,31.0,SEA,AL,2.2,135.0,441.0,368.0,53.0,74.0,23.0,4.0,10.0,42.0,32.0,6.0,53.0,123.0,0.201,0.32,0.367,0.687,103.0,0.322,109.0,135.0,8.0,14.0,1.0,5.0,1.0,6547H3/8,GG,2024
181.0,Fernando Tatis Jr.,25.0,SDP,NL,2.6,102.0,438.0,398.0,64.0,110.0,21.0,1.0,21.0,49.0,11.0,3.0,32.0,96.0,0.276,0.34,0.492,0.833,130.0,0.36,129.0,196.0,8.0,7.0,0.0,1.0,0.0,9/DH,AS,2024
182.0,Harrison Bader,30.0,NYM,NL,0.9,143.0,437.0,402.0,57.0,95.0,19.0,0.0,12.0,51.0,17.0,8.0,21.0,95.0,0.236,0.284,0.373,0.657,86.0,0.287,84.0,150.0,6.0,8.0,0.0,6.0,1.0,*8H/D,,2024
183.0,Ozzie Albies#,27.0,ATL,NL,1.6,99.0,435.0,399.0,52.0,100.0,29.0,1.0,10.0,53.0,8.0,1.0,27.0,65.0,0.251,0.303,0.404,0.707,95.0,0.313,93.0,161.0,6.0,5.0,0.0,4.0,0.0,4,,2024
184.0,Otto López,25.0,MIA,NL,2.6,117.0,434.0,403.0,49.0,109.0,23.0,1.0,6.0,39.0,20.0,4.0,25.0,75.0,0.27,0.313,0.377,0.69,91.0,0.32,91.0,152.0,13.0,1.0,2.0,2.0,0.0,4/6H578,,2024
185.0,Blake Perkins#,27.0,MIL,NL,1.8,121.0,434.0,383.0,54.0,92.0,13.0,2.0,6.0,43.0,23.0,5.0,42.0,108.0,0.24,0.316,0.332,0.647,81.0,0.301,81.0,127.0,3.0,3.0,0.0,6.0,1.0,*8H/D,,2024
186.0,Mitch Garver,33.0,SEA,AL,-0.1,114.0,430.0,367.0,37.0,63.0,17.0,0.0,15.0,51.0,0.0,0.0,53.0,133.0,0.172,0.286,0.341,0.627,85.0,0.282,88.0,125.0,9.0,7.0,0.0,3.0,0.0,D2/H,,2024
187.0,José Miranda,26.0,MIN,AL,1.7,121.0,429.0,401.0,44.0,114.0,28.0,4.0,9.0,49.0,2.0,2.0,18.0,66.0,0.284,0.322,0.441,0.763,112.0,0.333,112.0,177.0,13.0,6.0,0.0,4.0,1.0,5DH3/6,,2024
188.0,Mauricio Dubón,29.0,HOU,AL,1.1,137.0,428.0,402.0,45.0,108.0,25.0,0.0,4.0,47.0,3.0,2.0,16.0,55.0,0.269,0.296,0.361,0.657,87.0,0.289,85.0,145.0,6.0,2.0,3.0,5.0,0.0,7483H95/6,,2024
189.0,Kyle Isbel*,27.0,KCR,AL,1.8,136.0,426.0,384.0,62.0,88.0,13.0,8.0,8.0,42.0,11.0,2.0,27.0,88.0,0.229,0.287,0.367,0.654,85.0,0.296,82.0,141.0,4.0,5.0,8.0,2.0,0.0,*8H,,2024
190.0,Brandon Lowe*,29.0,TBR,AL,2.4,107.0,425.0,385.0,56.0,94.0,19.0,3.0,21.0,58.0,5.0,1.0,33.0,112.0,0.244,0.311,0.473,0.783,121.0,0.339,120.0,182.0,7.0,5.0,0.0,2.0,2.0,4D3H,,2024
191.0,Wenceel Pérez#,24.0,DET,AL,0.7,112.0,425.0,389.0,51.0,94.0,16.0,6.0,9.0,37.0,9.0,5.0,32.0,92.0,0.242,0.3,0.383,0.683,92.0,0.302,93.0,149.0,5.0,1.0,2.0,1.0,0.0,98H/7D,,2024
192.0,Luis Robert Jr.,26.0,CHW,AL,1.4,100.0,425.0,393.0,47.0,88.0,19.0,0.0,14.0,35.0,23.0,6.0,28.0,141.0,0.224,0.278,0.379,0.657,86.0,0.298,88.0,149.0,8.0,2.0,0.0,1.0,2.0,8/DH,,2024
193.0,Hunter Renfroe,32.0,KCR,AL,0.0,120.0,424.0,385.0,44.0,88.0,18.0,0.0,15.0,52.0,1.0,1.0,36.0,84.0,0.229,0.297,0.392,0.689,95.0,0.308,94.0,151.0,10.0,2.0,0.0,1.0,0.0,*9/HD3,,2024
194.0,Mitch Haniger,33.0,SEA,AL,-0.2,121.0,423.0,380.0,42.0,79.0,12.0,0.0,12.0,44.0,0.0,0.0,40.0,126.0,0.208,0.286,0.334,0.62,83.0,0.281,87.0,127.0,10.0,2.0,0.0,1.0,0.0,9DH,,2024
195.0,Rowdy Tellez*,29.0,PIT,NL,-0.3,131.0,421.0,383.0,38.0,93.0,18.0,0.0,13.0,56.0,1.0,0.0,31.0,89.0,0.243,0.299,0.392,0.691,92.0,0.305,90.0,150.0,12.0,2.0,0.0,5.0,0.0,*3H/1,,2024
196.0,Masataka Yoshida*,30.0,BOS,AL,1.4,108.0,421.0,378.0,45.0,106.0,21.0,0.0,10.0,56.0,2.0,0.0,27.0,52.0,0.28,0.349,0.415,0.765,116.0,0.341,114.0,157.0,6.0,14.0,0.0,2.0,0.0,DH/7,,2024
197.0,Mickey Moniak*,26.0,LAA,AL,-0.1,124.0,418.0,392.0,48.0,86.0,17.0,2.0,14.0,49.0,8.0,4.0,21.0,114.0,0.219,0.266,0.38,0.646,80.0,0.283,78.0,149.0,3.0,4.0,0.0,1.0,0.0,*89H/D7,,2024
198.0,Connor Joe,31.0,PIT,NL,0.6,123.0,416.0,364.0,49.0,83.0,22.0,1.0,9.0,36.0,2.0,2.0,44.0,91.0,0.228,0.32,0.368,0.688,93.0,0.306,92.0,134.0,7.0,6.0,0.0,2.0,1.0,39H/7D,,2024
199.0,Austin Wells*,24.0,NYY,AL,2.5,115.0,414.0,354.0,42.0,81.0,18.0,1.0,13.0,55.0,1.0,2.0,47.0,87.0,0.229,0.322,0.395,0.718,104.0,0.318,104.0,140.0,9.0,5.0,1.0,7.0,0.0,*2H/D,ROY-3,2024
200.0,J.T. Realmuto,33.0,PHI,NL,3.0,99.0,413.0,380.0,50.0,101.0,18.0,1.0,14.0,47.0,2.0,2.0,27.0,102.0,0.266,0.322,0.429,0.751,107.0,0.331,112.0,163.0,7.0,5.0,0.0,1.0,1.0,2,,2024
201.0,Pete Crow-Armstrong*,22.0,CHC,NL,2.3,123.0,410.0,372.0,46.0,88.0,13.0,6.0,10.0,47.0,27.0,3.0,21.0,98.0,0.237,0.286,0.384,0.67,88.0,0.3,82.0,143.0,4.0,6.0,8.0,3.0,2.0,*8H,,2024
202.0,Lars Nootbaar*,26.0,STL,NL,1.5,109.0,405.0,348.0,39.0,85.0,18.0,3.0,12.0,45.0,7.0,3.0,52.0,79.0,0.244,0.342,0.417,0.758,113.0,0.334,112.0,145.0,10.0,1.0,1.0,3.0,2.0,978/H,,2024
203.0,Jon Singleton*,32.0,HOU,AL,0.3,119.0,405.0,355.0,46.0,83.0,13.0,1.0,13.0,42.0,0.0,0.0,47.0,111.0,0.234,0.321,0.386,0.707,101.0,0.317,105.0,137.0,2.0,0.0,0.0,3.0,0.0,3HD,,2024
204.0,Nolan Gorman*,24.0,STL,NL,0.3,107.0,402.0,365.0,42.0,74.0,15.0,0.0,19.0,50.0,6.0,1.0,34.0,151.0,0.203,0.271,0.4,0.671,87.0,0.291,79.0,146.0,2.0,1.0,0.0,2.0,1.0,4/H5,,2024
205.0,LaMonte Wade Jr.*,30.0,SFG,NL,2.1,117.0,401.0,331.0,45.0,86.0,16.0,0.0,8.0,34.0,2.0,1.0,62.0,90.0,0.26,0.38,0.381,0.761,120.0,0.337,122.0,126.0,2.0,4.0,1.0,3.0,5.0,3H9/D7,,2024
206.0,Seth Brown*,31.0,OAK,AL,-0.6,124.0,400.0,372.0,32.0,86.0,11.0,1.0,14.0,44.0,4.0,2.0,25.0,112.0,0.231,0.283,0.379,0.662,91.0,0.291,90.0,141.0,7.0,2.0,0.0,1.0,0.0,739H/D8,,2024
207.0,Trevor Larnach*,27.0,MIN,AL,1.3,112.0,400.0,355.0,59.0,92.0,17.0,0.0,15.0,52.0,4.0,1.0,40.0,89.0,0.259,0.338,0.434,0.771,116.0,0.341,117.0,154.0,12.0,3.0,0.0,2.0,1.0,7D9H,,2024
208.0,Max Kepler*,31.0,MIN,AL,1.0,105.0,399.0,368.0,43.0,93.0,21.0,1.0,8.0,42.0,1.0,0.0,22.0,80.0,0.253,0.302,0.38,0.682,91.0,0.315,98.0,140.0,3.0,5.0,0.0,3.0,0.0,9H/D,,2024
209.0,Ke'Bryan Hayes,27.0,PIT,NL,0.8,96.0,396.0,365.0,38.0,85.0,9.0,0.0,4.0,25.0,11.0,2.0,23.0,75.0,0.233,0.283,0.29,0.573,62.0,0.267,60.0,106.0,12.0,4.0,0.0,4.0,1.0,5/H,,2024
210.0,Korey Lee,25.0,CHW,AL,0.1,125.0,394.0,377.0,36.0,79.0,14.0,1.0,12.0,37.0,6.0,3.0,17.0,122.0,0.21,0.244,0.347,0.591,67.0,0.264,68.0,131.0,12.0,0.0,0.0,0.0,0.0,*2H/D,,2024
211.0,Kiké Hernández,32.0,LAD,NL,1.3,126.0,393.0,362.0,44.0,83.0,16.0,0.0,12.0,42.0,0.0,0.0,27.0,77.0,0.229,0.281,0.373,0.654,84.0,0.294,88.0,135.0,13.0,0.0,1.0,3.0,0.0,5H3784/61D,,2024
212.0,David Fry,28.0,CLE,AL,1.4,122.0,392.0,335.0,44.0,88.0,18.0,1.0,14.0,51.0,4.0,1.0,42.0,84.0,0.263,0.356,0.448,0.804,128.0,0.352,128.0,150.0,13.0,9.0,0.0,4.0,4.0,DH237/59,AS,2024
213.0,Santiago Espinal,29.0,CIN,NL,-0.4,118.0,391.0,357.0,32.0,88.0,12.0,0.0,9.0,45.0,11.0,1.0,24.0,54.0,0.246,0.295,0.356,0.65,77.0,0.294,73.0,127.0,7.0,2.0,4.0,4.0,1.0,54HD/679,,2024
214.0,Bo Naylor*,24.0,CLE,AL,0.7,123.0,389.0,354.0,39.0,71.0,10.0,2.0,13.0,39.0,6.0,3.0,29.0,122.0,0.201,0.264,0.35,0.614,73.0,0.272,71.0,124.0,3.0,2.0,2.0,2.0,1.0,*2H/D,,2024
215.0,Will Benson*,26.0,CIN,NL,-1.4,128.0,388.0,343.0,41.0,64.0,19.0,2.0,14.0,43.0,16.0,7.0,40.0,154.0,0.187,0.274,0.376,0.65,76.0,0.285,70.0,129.0,3.0,2.0,1.0,2.0,0.0,*798H/D,,2024
216.0,Byron Buxton,30.0,MIN,AL,3.6,102.0,388.0,355.0,62.0,99.0,27.0,3.0,18.0,56.0,7.0,2.0,20.0,99.0,0.279,0.335,0.524,0.859,137.0,0.369,136.0,186.0,3.0,11.0,0.0,2.0,1.0,8/HD,,2024
217.0,Geraldo Perdomo#,24.0,ARI,NL,3.5,98.0,388.0,337.0,61.0,92.0,21.0,2.0,3.0,37.0,9.0,1.0,36.0,58.0,0.273,0.344,0.374,0.718,100.0,0.328,104.0,126.0,5.0,3.0,7.0,5.0,0.0,6/H,,2024
218.0,Nick Gonzales,25.0,PIT,NL,0.9,94.0,387.0,359.0,42.0,97.0,19.0,3.0,7.0,49.0,5.0,3.0,18.0,74.0,0.27,0.311,0.398,0.709,97.0,0.316,98.0,143.0,8.0,5.0,1.0,4.0,1.0,4/6H5,,2024
219.0,Josh Lowe*,26.0,TBR,AL,0.7,106.0,387.0,353.0,37.0,85.0,19.0,2.0,10.0,34.0,25.0,1.0,32.0,123.0,0.241,0.302,0.391,0.693,98.0,0.315,93.0,138.0,2.0,0.0,0.0,2.0,4.0,97/HD8,,2024
220.0,Alejandro Kirk,25.0,TOR,AL,2.0,103.0,386.0,340.0,23.0,86.0,19.0,1.0,5.0,54.0,0.0,0.0,35.0,51.0,0.253,0.319,0.359,0.677,92.0,0.303,94.0,122.0,11.0,2.0,0.0,9.0,1.0,2/HD,,2024
221.0,Tyler Freeman,25.0,CLE,AL,0.9,118.0,383.0,330.0,48.0,69.0,14.0,1.0,7.0,32.0,11.0,6.0,28.0,53.0,0.209,0.305,0.321,0.626,79.0,0.288,83.0,106.0,15.0,19.0,3.0,3.0,1.0,8H6/54D,,2024
222.0,Jake Fraley*,29.0,CIN,NL,0.3,116.0,382.0,350.0,44.0,97.0,19.0,2.0,5.0,26.0,20.0,5.0,26.0,70.0,0.277,0.33,0.386,0.716,95.0,0.319,92.0,135.0,6.0,3.0,0.0,3.0,0.0,9H/D78,,2024
223.0,Thairo Estrada,28.0,SFG,NL,-0.5,96.0,381.0,364.0,43.0,79.0,15.0,2.0,9.0,47.0,2.0,2.0,10.0,76.0,0.217,0.247,0.343,0.59,68.0,0.263,69.0,125.0,8.0,5.0,0.0,2.0,0.0,4/DH,,2024
224.0,Spencer Horwitz*,26.0,TOR,AL,1.2,97.0,381.0,328.0,46.0,87.0,19.0,0.0,12.0,40.0,0.0,0.0,42.0,70.0,0.265,0.357,0.433,0.79,123.0,0.346,125.0,142.0,8.0,7.0,0.0,4.0,2.0,34DH,,2024
225.0,Spencer Torkelson,24.0,DET,AL,0.3,92.0,381.0,342.0,45.0,75.0,21.0,1.0,10.0,37.0,0.0,0.0,33.0,105.0,0.219,0.295,0.374,0.669,88.0,0.293,86.0,128.0,6.0,4.0,0.0,1.0,0.0,3/D,,2024
226.0,Anthony Rizzo*,34.0,NYY,AL,0.2,92.0,375.0,337.0,38.0,77.0,12.0,0.0,8.0,35.0,0.0,0.0,27.0,65.0,0.228,0.301,0.335,0.637,82.0,0.297,88.0,113.0,7.0,9.0,0.0,2.0,0.0,3/H,,2024
227.0,Starling Marte,35.0,NYM,NL,0.7,94.0,370.0,335.0,46.0,90.0,13.0,3.0,7.0,40.0,16.0,1.0,27.0,81.0,0.269,0.327,0.388,0.715,103.0,0.328,107.0,130.0,8.0,3.0,3.0,2.0,1.0,9/DH,,2024
228.0,Lenyn Sosa,24.0,CHW,AL,-0.4,100.0,369.0,351.0,28.0,89.0,13.0,0.0,8.0,35.0,3.0,1.0,12.0,77.0,0.254,0.283,0.359,0.642,83.0,0.282,79.0,126.0,5.0,3.0,2.0,1.0,1.0,54/H3D,,2024
229.0,Freddy Fermin,29.0,KCR,AL,3.0,111.0,368.0,339.0,40.0,92.0,14.0,0.0,6.0,36.0,2.0,0.0,23.0,66.0,0.271,0.319,0.366,0.685,95.0,0.307,92.0,124.0,10.0,2.0,1.0,3.0,1.0,2D/H,,2024
230.0,Carlos Correa,29.0,MIN,AL,3.7,86.0,367.0,319.0,55.0,99.0,20.0,2.0,14.0,54.0,0.0,0.0,40.0,61.0,0.31,0.388,0.517,0.905,152.0,0.393,155.0,165.0,5.0,3.0,0.0,4.0,4.0,6/DH,AS,2024
231.0,Abraham Toro#,27.0,OAK,AL,0.6,94.0,364.0,337.0,34.0,81.0,17.0,1.0,6.0,26.0,4.0,2.0,20.0,62.0,0.24,0.293,0.35,0.643,87.0,0.285,85.0,118.0,4.0,5.0,2.0,0.0,1.0,54DH/37,,2024
232.0,Miguel Amaya,25.0,CHC,NL,1.9,117.0,363.0,328.0,32.0,76.0,13.0,2.0,8.0,47.0,0.0,0.0,23.0,62.0,0.232,0.288,0.357,0.644,82.0,0.292,84.0,117.0,5.0,4.0,5.0,3.0,0.0,*2/H,,2024
233.0,Johan Rojas,23.0,PHI,NL,0.7,120.0,363.0,338.0,47.0,82.0,12.0,3.0,3.0,32.0,25.0,4.0,13.0,69.0,0.243,0.279,0.322,0.601,67.0,0.277,63.0,109.0,7.0,4.0,8.0,0.0,0.0,*8/HD,,2024
234.0,Jonny DeLuca,25.0,TBR,AL,0.6,107.0,362.0,332.0,29.0,72.0,12.0,4.0,6.0,31.0,16.0,6.0,24.0,77.0,0.217,0.278,0.331,0.609,75.0,0.279,76.0,110.0,1.0,4.0,2.0,0.0,1.0,98H7/D,,2024
235.0,Brandon Drury,31.0,LAA,AL,-2.0,97.0,360.0,325.0,28.0,55.0,7.0,0.0,4.0,15.0,1.0,0.0,27.0,81.0,0.169,0.242,0.228,0.469,34.0,0.228,38.0,74.0,13.0,5.0,0.0,3.0,0.0,45D3/H,,2024
236.0,Willson Contreras,32.0,STL,NL,3.0,84.0,358.0,301.0,48.0,79.0,17.0,0.0,15.0,36.0,4.0,1.0,45.0,96.0,0.262,0.38,0.468,0.848,138.0,0.37,137.0,141.0,7.0,12.0,0.0,0.0,2.0,2D/H,,2024
237.0,Michael Massey*,26.0,KCR,AL,1.6,100.0,356.0,332.0,45.0,86.0,17.0,2.0,14.0,45.0,1.0,0.0,15.0,56.0,0.259,0.294,0.449,0.743,108.0,0.328,108.0,149.0,9.0,3.0,2.0,4.0,1.0,4HD,,2024
238.0,Will Brennan*,26.0,CLE,AL,-0.2,114.0,353.0,330.0,37.0,87.0,13.0,2.0,8.0,30.0,4.0,2.0,19.0,48.0,0.264,0.309,0.388,0.697,97.0,0.307,96.0,128.0,9.0,3.0,0.0,1.0,2.0,97HD/8,,2024
239.0,Gabriel Moreno,24.0,ARI,NL,2.6,97.0,351.0,305.0,39.0,81.0,18.0,1.0,5.0,45.0,3.0,1.0,41.0,52.0,0.266,0.353,0.38,0.734,104.0,0.327,105.0,116.0,10.0,2.0,0.0,3.0,1.0,2H/5,,2024
240.0,Elias Díaz,33.0,2TM,NL,1.3,96.0,351.0,325.0,27.0,86.0,20.0,0.0,6.0,39.0,0.0,0.0,20.0,69.0,0.265,0.313,0.382,0.695,86.0,0.309,87.0,124.0,15.0,4.0,0.0,2.0,2.0,2D/H,,2024
240.0,Elias Díaz,33.0,COL,NL,1.2,84.0,327.0,304.0,26.0,82.0,18.0,0.0,5.0,36.0,0.0,0.0,17.0,64.0,0.27,0.315,0.378,0.693,85.0,0.306,84.0,115.0,13.0,4.0,0.0,2.0,2.0,2D/H,,2024
240.0,Elias Díaz,33.0,SDP,NL,0.1,12.0,24.0,21.0,1.0,4.0,2.0,0.0,1.0,3.0,0.0,0.0,3.0,5.0,0.19,0.292,0.429,0.72,99.0,0.349,123.0,9.0,2.0,0.0,0.0,0.0,0.0,2,,2024
241.0,Mike Tauchman*,33.0,CHC,NL,0.6,109.0,350.0,298.0,50.0,74.0,12.0,1.0,7.0,29.0,6.0,2.0,47.0,70.0,0.248,0.357,0.366,0.723,106.0,0.326,108.0,109.0,7.0,4.0,0.0,1.0,0.0,9HD78,,2024
242.0,Eloy Jiménez,27.0,2TM,AL,-0.7,98.0,349.0,324.0,25.0,77.0,14.0,0.0,6.0,23.0,3.0,0.0,22.0,70.0,0.238,0.289,0.336,0.626,80.0,0.282,80.0,109.0,13.0,2.0,0.0,1.0,1.0,DH/9,,2024
242.0,Eloy Jiménez,27.0,CHW,AL,-0.5,65.0,249.0,229.0,18.0,55.0,9.0,0.0,5.0,16.0,3.0,0.0,18.0,47.0,0.24,0.297,0.345,0.642,84.0,0.284,80.0,79.0,11.0,1.0,0.0,1.0,1.0,D/H9,,2024
242.0,Eloy Jiménez,27.0,BAL,AL,-0.2,33.0,100.0,95.0,7.0,22.0,5.0,0.0,1.0,7.0,0.0,0.0,4.0,23.0,0.232,0.27,0.316,0.586,70.0,0.276,81.0,30.0,2.0,1.0,0.0,0.0,0.0,D/H,,2024
243.0,Jake Bauers*,28.0,MIL,NL,-0.4,116.0,346.0,302.0,45.0,60.0,9.0,2.0,12.0,43.0,13.0,1.0,39.0,118.0,0.199,0.301,0.361,0.662,84.0,0.3,80.0,109.0,0.0,5.0,0.0,0.0,1.0,3HD9/71,,2024
244.0,Jake Cave*,31.0,COL,NL,-0.7,123.0,346.0,323.0,42.0,81.0,16.0,5.0,7.0,37.0,5.0,2.0,18.0,98.0,0.251,0.29,0.396,0.686,82.0,0.297,77.0,128.0,6.0,1.0,1.0,3.0,1.0,*97H/8D,,2024
245.0,Amed Rosario,28.0,3TM,2LG,-0.1,103.0,346.0,332.0,29.0,93.0,18.0,3.0,3.0,32.0,13.0,5.0,9.0,73.0,0.28,0.306,0.38,0.686,94.0,0.312,98.0,126.0,10.0,4.0,0.0,1.0,0.0,49DH56,,2024
245.0,Amed Rosario,28.0,2TM,NL,-0.6,27.0,71.0,68.0,7.0,12.0,1.0,0.0,1.0,6.0,4.0,1.0,2.0,25.0,0.176,0.211,0.235,0.447,23.0,0.231,29.0,16.0,1.0,1.0,0.0,0.0,0.0,D/H4965,,2024
245.0,Amed Rosario,28.0,TBR,AL,0.5,76.0,275.0,264.0,22.0,81.0,17.0,3.0,2.0,26.0,9.0,4.0,7.0,48.0,0.307,0.331,0.417,0.748,114.0,0.333,116.0,110.0,9.0,3.0,0.0,1.0,0.0,4956DH,,2024
245.0,Amed Rosario,28.0,LAD,NL,0.1,5.0,12.0,11.0,1.0,3.0,1.0,0.0,0.0,2.0,1.0,1.0,1.0,2.0,0.273,0.333,0.364,0.697,98.0,0.281,96.0,4.0,0.0,0.0,0.0,0.0,0.0,/46H5,,2024
245.0,Amed Rosario,28.0,CIN,NL,-0.6,22.0,59.0,57.0,6.0,9.0,0.0,0.0,1.0,4.0,3.0,0.0,1.0,23.0,0.158,0.186,0.211,0.397,9.0,0.221,16.0,12.0,1.0,1.0,0.0,0.0,0.0,D/9H4,,2024
246.0,Tyrone Taylor,30.0,NYM,NL,2.0,130.0,345.0,319.0,47.0,79.0,22.0,3.0,7.0,35.0,11.0,2.0,19.0,80.0,0.248,0.299,0.401,0.701,98.0,0.317,102.0,128.0,4.0,5.0,1.0,1.0,1.0,*98H7/D,,2024
247.0,Manuel Margot,29.0,MIN,AL,-0.9,129.0,343.0,315.0,37.0,75.0,17.0,1.0,4.0,31.0,5.0,0.0,21.0,54.0,0.238,0.289,0.337,0.626,76.0,0.281,72.0,106.0,10.0,3.0,1.0,3.0,0.0,*79H8/D,,2024
248.0,Francisco Alvarez,22.0,NYM,NL,0.8,100.0,342.0,308.0,39.0,73.0,14.0,2.0,11.0,47.0,1.0,1.0,30.0,86.0,0.237,0.307,0.403,0.71,100.0,0.319,107.0,124.0,7.0,2.0,0.0,2.0,0.0,2/HD,,2024
249.0,Travis d'Arnaud,35.0,ATL,NL,1.1,99.0,341.0,307.0,40.0,73.0,16.0,0.0,15.0,48.0,1.0,0.0,24.0,89.0,0.238,0.302,0.436,0.739,103.0,0.32,101.0,134.0,8.0,6.0,0.0,4.0,0.0,2H,,2024
250.0,Tyler Fitzgerald,26.0,SFG,NL,2.8,96.0,341.0,314.0,53.0,88.0,19.0,2.0,15.0,34.0,17.0,4.0,22.0,108.0,0.28,0.334,0.497,0.831,135.0,0.367,140.0,156.0,2.0,4.0,0.0,1.0,0.0,6H/8471D3,,2024
251.0,TJ Friedl*,28.0,CIN,NL,0.5,85.0,341.0,297.0,35.0,67.0,5.0,1.0,13.0,55.0,9.0,1.0,26.0,52.0,0.226,0.31,0.38,0.69,88.0,0.313,88.0,113.0,1.0,12.0,2.0,4.0,0.0,8/HD,,2024
252.0,Kyle Tucker*,27.0,HOU,AL,4.7,78.0,339.0,277.0,56.0,80.0,13.0,0.0,23.0,49.0,11.0,0.0,56.0,54.0,0.289,0.408,0.585,0.993,179.0,0.426,179.0,162.0,5.0,1.0,0.0,2.0,3.0,9/DH,AS,2024
253.0,Jake Rogers,29.0,DET,AL,1.0,102.0,337.0,310.0,43.0,61.0,16.0,1.0,10.0,36.0,1.0,0.0,22.0,99.0,0.197,0.255,0.352,0.607,70.0,0.27,69.0,109.0,6.0,3.0,0.0,2.0,1.0,2/DH,,2024
254.0,Miguel Rojas,35.0,LAD,NL,3.4,103.0,337.0,307.0,41.0,87.0,21.0,0.0,6.0,36.0,8.0,2.0,23.0,34.0,0.283,0.337,0.41,0.748,111.0,0.329,112.0,126.0,8.0,3.0,2.0,2.0,0.0,64H5/13,,2024
255.0,Bo Bichette,26.0,TOR,AL,-0.3,81.0,336.0,311.0,29.0,70.0,16.0,1.0,4.0,31.0,5.0,1.0,20.0,64.0,0.225,0.277,0.322,0.598,70.0,0.269,68.0,100.0,12.0,3.0,0.0,2.0,1.0,6,,2024
256.0,James Wood*,21.0,WSN,NL,1.1,79.0,336.0,295.0,43.0,78.0,13.0,4.0,9.0,41.0,14.0,8.0,39.0,97.0,0.264,0.354,0.427,0.781,121.0,0.343,124.0,126.0,1.0,2.0,0.0,0.0,1.0,7,,2024
257.0,Nick Fortes,27.0,MIA,NL,0.0,110.0,335.0,308.0,28.0,70.0,16.0,0.0,4.0,29.0,0.0,1.0,11.0,41.0,0.227,0.259,0.318,0.577,60.0,0.249,44.0,98.0,6.0,4.0,7.0,5.0,0.0,*2/H,,2024
258.0,Whit Merrifield,35.0,2TM,NL,0.3,95.0,335.0,293.0,44.0,65.0,9.0,3.0,4.0,15.0,17.0,3.0,35.0,52.0,0.222,0.311,0.314,0.625,75.0,0.307,87.0,92.0,7.0,3.0,4.0,0.0,0.0,475H/D,,2024
258.0,Whit Merrifield,35.0,PHI,NL,0.1,53.0,174.0,156.0,21.0,31.0,4.0,1.0,3.0,11.0,11.0,1.0,15.0,19.0,0.199,0.277,0.295,0.572,60.0,0.292,74.0,46.0,2.0,2.0,1.0,0.0,0.0,745H/D,,2024
258.0,Whit Merrifield,35.0,ATL,NL,0.2,42.0,161.0,137.0,23.0,34.0,5.0,2.0,1.0,4.0,6.0,2.0,20.0,33.0,0.248,0.348,0.336,0.684,93.0,0.323,101.0,46.0,5.0,1.0,3.0,0.0,0.0,4/H5,,2024
259.0,Michael Siani*,24.0,STL,NL,0.7,124.0,334.0,298.0,42.0,68.0,7.0,2.0,2.0,20.0,20.0,3.0,21.0,92.0,0.228,0.285,0.285,0.57,62.0,0.265,54.0,85.0,2.0,3.0,11.0,1.0,0.0,*8H/97D,,2024
260.0,Adam Duvall,35.0,ATL,NL,-1.4,104.0,330.0,303.0,29.0,55.0,10.0,0.0,11.0,30.0,0.0,0.0,21.0,99.0,0.182,0.245,0.323,0.569,57.0,0.262,59.0,98.0,6.0,5.0,0.0,1.0,0.0,79H/D,,2024
261.0,Ben Rortvedt*,26.0,TBR,AL,0.9,112.0,328.0,290.0,27.0,66.0,13.0,0.0,3.0,31.0,1.0,0.0,34.0,88.0,0.228,0.317,0.303,0.621,80.0,0.287,83.0,88.0,6.0,4.0,0.0,0.0,0.0,*2H/1,,2024
262.0,Oswaldo Cabrera#,25.0,NYY,AL,1.3,108.0,326.0,299.0,47.0,74.0,11.0,0.0,8.0,36.0,4.0,2.0,21.0,63.0,0.247,0.296,0.365,0.661,88.0,0.3,90.0,109.0,6.0,1.0,2.0,3.0,0.0,5H34/6791,,2024
263.0,Royce Lewis,25.0,MIN,AL,0.7,82.0,325.0,292.0,40.0,68.0,16.0,0.0,16.0,47.0,0.0,0.0,28.0,74.0,0.233,0.295,0.452,0.747,107.0,0.315,99.0,132.0,5.0,0.0,0.0,5.0,2.0,5D/H4,,2024
264.0,Zach McKinstry*,29.0,DET,AL,0.8,118.0,325.0,297.0,32.0,64.0,14.0,5.0,4.0,23.0,16.0,0.0,24.0,69.0,0.215,0.277,0.337,0.614,73.0,0.288,74.0,100.0,3.0,2.0,0.0,2.0,0.0,65H479/1D,,2024
265.0,Danny Jansen,29.0,2TM,AL,0.7,92.0,324.0,278.0,35.0,57.0,13.0,0.0,9.0,24.0,0.0,0.0,40.0,61.0,0.205,0.309,0.349,0.658,87.0,0.302,91.0,97.0,4.0,3.0,0.0,3.0,0.0,2H/D,,2024
265.0,Danny Jansen,29.0,TOR,AL,0.6,62.0,228.0,198.0,27.0,42.0,13.0,0.0,6.0,18.0,0.0,0.0,25.0,42.0,0.212,0.303,0.369,0.671,90.0,0.3,92.0,73.0,1.0,2.0,0.0,3.0,0.0,2/HD,,2024
265.0,Danny Jansen,29.0,BOS,AL,0.1,30.0,96.0,80.0,8.0,15.0,0.0,0.0,3.0,6.0,0.0,0.0,15.0,19.0,0.188,0.323,0.3,0.623,78.0,0.307,90.0,24.0,3.0,1.0,0.0,0.0,0.0,2/HD,,2024
266.0,Miguel Andujar,29.0,OAK,AL,0.4,75.0,319.0,302.0,31.0,86.0,14.0,1.0,4.0,30.0,3.0,2.0,13.0,42.0,0.285,0.32,0.377,0.697,103.0,0.308,103.0,114.0,10.0,3.0,0.0,1.0,0.0,7/D3H,,2024
267.0,Eddie Rosario*,32.0,2TM,NL,-1.6,91.0,319.0,297.0,33.0,52.0,12.0,0.0,10.0,35.0,9.0,1.0,16.0,77.0,0.175,0.215,0.316,0.531,48.0,0.241,43.0,94.0,4.0,0.0,2.0,4.0,0.0,79D8/H,,2024
267.0,Eddie Rosario*,32.0,WSN,NL,-1.2,67.0,235.0,219.0,26.0,40.0,11.0,0.0,7.0,26.0,8.0,1.0,13.0,54.0,0.183,0.226,0.329,0.555,55.0,0.254,54.0,72.0,4.0,0.0,1.0,2.0,0.0,97D8/H,,2024
267.0,Eddie Rosario*,32.0,ATL,NL,-0.4,24.0,84.0,78.0,7.0,12.0,1.0,0.0,3.0,9.0,1.0,0.0,3.0,23.0,0.154,0.181,0.282,0.463,27.0,0.202,13.0,22.0,0.0,0.0,1.0,2.0,0.0,7/H,,2024
268.0,David Hamilton*,26.0,BOS,AL,2.6,98.0,317.0,294.0,47.0,73.0,17.0,1.0,8.0,28.0,33.0,4.0,22.0,80.0,0.248,0.303,0.395,0.697,96.0,0.331,95.0,116.0,1.0,1.0,0.0,0.0,0.0,64H,,2024
269.0,Richie Palacios*,27.0,TBR,AL,1.8,92.0,316.0,264.0,46.0,59.0,8.0,1.0,5.0,21.0,19.0,1.0,45.0,67.0,0.223,0.346,0.318,0.664,94.0,0.318,96.0,84.0,5.0,5.0,0.0,1.0,2.0,497H/D56,,2024
270.0,Christian Vázquez,33.0,MIN,AL,-0.2,93.0,315.0,294.0,29.0,65.0,10.0,0.0,7.0,27.0,3.0,1.0,11.0,65.0,0.221,0.248,0.327,0.575,60.0,0.262,60.0,96.0,11.0,1.0,5.0,4.0,0.0,2/5DH3,,2024
271.0,Christian Yelich*,32.0,MIL,NL,2.2,73.0,315.0,270.0,44.0,85.0,12.0,3.0,11.0,42.0,21.0,1.0,40.0,58.0,0.315,0.406,0.504,0.909,152.0,0.404,151.0,136.0,3.0,2.0,1.0,1.0,3.0,7D,AS,2024
272.0,Kevin Pillar,35.0,2TM,AL,0.4,100.0,314.0,284.0,38.0,65.0,16.0,1.0,8.0,45.0,12.0,3.0,16.0,69.0,0.229,0.291,0.377,0.667,87.0,0.298,86.0,107.0,10.0,10.0,1.0,3.0,0.0,8H79D,,2024
272.0,Kevin Pillar,35.0,CHW,AL,0.0,17.0,32.0,25.0,1.0,4.0,2.0,0.0,1.0,4.0,2.0,0.0,4.0,8.0,0.16,0.29,0.36,0.65,85.0,0.303,83.0,9.0,0.0,1.0,1.0,1.0,0.0,/H89D,,2024
272.0,Kevin Pillar,35.0,LAA,AL,0.3,83.0,282.0,259.0,37.0,61.0,14.0,1.0,7.0,41.0,10.0,3.0,12.0,61.0,0.236,0.291,0.378,0.669,88.0,0.298,86.0,98.0,10.0,9.0,0.0,2.0,0.0,8H79/D,,2024
273.0,Joey Meneses,32.0,WSN,NL,-0.5,76.0,313.0,281.0,19.0,65.0,11.0,0.0,3.0,42.0,2.0,0.0,21.0,63.0,0.231,0.291,0.302,0.593,69.0,0.28,76.0,85.0,9.0,5.0,0.0,6.0,1.0,3D/H,,2024
274.0,Carson Kelly,29.0,2TM,AL,0.5,91.0,313.0,281.0,32.0,67.0,9.0,1.0,9.0,37.0,0.0,0.0,25.0,55.0,0.238,0.313,0.374,0.687,96.0,0.305,95.0,105.0,6.0,6.0,0.0,1.0,0.0,2/DH,,2024
274.0,Carson Kelly,29.0,DET,AL,0.7,60.0,203.0,179.0,21.0,43.0,4.0,1.0,7.0,29.0,0.0,0.0,17.0,40.0,0.24,0.325,0.391,0.716,102.0,0.315,102.0,70.0,3.0,6.0,0.0,1.0,0.0,2/HD,,2024
274.0,Carson Kelly,29.0,TEX,AL,-0.2,31.0,110.0,102.0,11.0,24.0,5.0,0.0,2.0,8.0,0.0,0.0,8.0,15.0,0.235,0.291,0.343,0.634,85.0,0.286,83.0,35.0,3.0,0.0,0.0,0.0,0.0,2/DH,,2024
275.0,Kevin Newman,30.0,ARI,NL,2.2,111.0,311.0,288.0,41.0,80.0,17.0,1.0,3.0,28.0,8.0,1.0,15.0,48.0,0.278,0.311,0.375,0.686,90.0,0.313,92.0,108.0,7.0,0.0,6.0,2.0,1.0,643/H57D,,2024
276.0,Donovan Solano,36.0,SDP,NL,1.0,96.0,309.0,283.0,31.0,81.0,13.0,0.0,8.0,35.0,2.0,1.0,22.0,65.0,0.286,0.343,0.417,0.76,112.0,0.339,116.0,118.0,6.0,3.0,0.0,1.0,0.0,5DH3/4,,2024
277.0,Ramón Laureano,29.0,2TM,2LG,1.3,98.0,309.0,286.0,35.0,74.0,16.0,1.0,11.0,33.0,8.0,3.0,15.0,96.0,0.259,0.311,0.437,0.748,107.0,0.337,114.0,125.0,5.0,7.0,0.0,1.0,0.0,97H8,,2024
277.0,Ramón Laureano,29.0,CLE,AL,0.0,31.0,83.0,70.0,7.0,10.0,3.0,0.0,1.0,4.0,3.0,1.0,7.0,32.0,0.143,0.265,0.229,0.494,43.0,0.248,52.0,16.0,1.0,5.0,0.0,1.0,0.0,98/H,,2024
277.0,Ramón Laureano,29.0,ATL,NL,1.3,67.0,226.0,216.0,28.0,64.0,13.0,1.0,10.0,29.0,5.0,2.0,8.0,64.0,0.296,0.327,0.505,0.832,128.0,0.37,136.0,109.0,4.0,2.0,0.0,0.0,0.0,97/H8,,2024
278.0,Rob Refsnyder,33.0,BOS,AL,0.8,93.0,307.0,272.0,32.0,77.0,16.0,1.0,11.0,40.0,2.0,2.0,28.0,78.0,0.283,0.359,0.471,0.83,133.0,0.354,126.0,128.0,6.0,5.0,0.0,1.0,2.0,79HD,,2024
279.0,Dominic Smith*,29.0,2TM,2LG,-0.1,93.0,307.0,275.0,33.0,64.0,22.0,0.0,6.0,34.0,1.0,1.0,28.0,76.0,0.233,0.313,0.378,0.691,94.0,0.308,91.0,104.0,7.0,4.0,0.0,0.0,0.0,3H/D1,,2024
279.0,Dominic Smith*,29.0,BOS,AL,0.0,84.0,278.0,249.0,29.0,59.0,20.0,0.0,6.0,34.0,1.0,1.0,25.0,65.0,0.237,0.317,0.39,0.706,99.0,0.314,96.0,97.0,7.0,4.0,0.0,0.0,0.0,3H/D1,,2024
279.0,Dominic Smith*,29.0,CIN,NL,-0.1,9.0,29.0,26.0,4.0,5.0,2.0,0.0,0.0,0.0,0.0,0.0,3.0,11.0,0.192,0.276,0.269,0.545,50.0,0.25,45.0,7.0,0.0,0.0,0.0,0.0,0.0,/3DH,,2024
280.0,Luis Rengifo#,27.0,LAA,AL,1.9,78.0,304.0,283.0,41.0,85.0,13.0,1.0,6.0,30.0,24.0,7.0,16.0,44.0,0.3,0.347,0.417,0.763,115.0,0.344,116.0,118.0,6.0,4.0,1.0,0.0,0.0,54/H69D,,2024
281.0,Xavier Edwards#,24.0,MIA,NL,2.0,70.0,303.0,265.0,39.0,87.0,12.0,5.0,1.0,26.0,31.0,4.0,33.0,52.0,0.328,0.397,0.423,0.82,129.0,0.383,128.0,112.0,0.0,0.0,1.0,4.0,1.0,6/H4,,2024
282.0,Ildemaro Vargas#,32.0,WSN,NL,-0.5,95.0,303.0,272.0,21.0,67.0,16.0,0.0,1.0,30.0,9.0,4.0,19.0,31.0,0.246,0.295,0.316,0.611,74.0,0.273,72.0,86.0,9.0,2.0,5.0,5.0,0.0,547H/613D,,2024
283.0,Emmanuel Rivera,28.0,2TM,2LG,-0.4,123.0,302.0,265.0,24.0,63.0,9.0,2.0,5.0,29.0,2.0,0.0,26.0,69.0,0.238,0.312,0.343,0.656,84.0,0.295,80.0,91.0,7.0,5.0,1.0,5.0,0.0,53H/1D,,2024
283.0,Emmanuel Rivera,28.0,MIA,NL,-0.7,96.0,229.0,201.0,15.0,43.0,6.0,1.0,1.0,15.0,2.0,0.0,20.0,51.0,0.214,0.294,0.269,0.563,58.0,0.263,53.0,54.0,5.0,4.0,1.0,3.0,0.0,53H/1D,,2024
283.0,Emmanuel Rivera,28.0,BAL,AL,0.2,27.0,73.0,64.0,9.0,20.0,3.0,1.0,4.0,14.0,0.0,0.0,6.0,18.0,0.313,0.37,0.578,0.948,170.0,0.392,165.0,37.0,2.0,1.0,0.0,2.0,0.0,5/3HD,,2024
284.0,Edouard Julien*,25.0,MIN,AL,-0.2,94.0,301.0,266.0,36.0,53.0,9.0,0.0,8.0,21.0,6.0,0.0,33.0,102.0,0.199,0.292,0.323,0.616,74.0,0.288,76.0,86.0,2.0,2.0,0.0,0.0,0.0,4H/D3,,2024
285.0,Ramón Urías,30.0,BAL,AL,1.5,100.0,301.0,272.0,39.0,69.0,9.0,2.0,11.0,37.0,1.0,1.0,23.0,55.0,0.254,0.322,0.423,0.745,114.0,0.326,117.0,115.0,0.0,5.0,0.0,1.0,0.0,5/H4D3,,2024
286.0,Michael A. Taylor,33.0,PIT,NL,0.9,113.0,300.0,269.0,35.0,52.0,9.0,1.0,5.0,21.0,12.0,1.0,23.0,105.0,0.193,0.253,0.29,0.543,52.0,0.255,47.0,78.0,3.0,0.0,4.0,4.0,0.0,8H/7D,,2024
287.0,Luis Campusano,25.0,SDP,NL,-0.7,91.0,299.0,277.0,37.0,63.0,13.0,0.0,8.0,40.0,0.0,0.0,20.0,41.0,0.227,0.281,0.361,0.642,78.0,0.287,78.0,100.0,11.0,1.0,0.0,1.0,0.0,2H/3,,2024
288.0,Parker Meadows*,24.0,DET,AL,2.2,82.0,298.0,270.0,39.0,66.0,12.0,6.0,9.0,28.0,9.0,4.0,25.0,76.0,0.244,0.31,0.433,0.743,107.0,0.324,108.0,117.0,0.0,1.0,1.0,1.0,0.0,8/H,,2024
289.0,Nolan Jones*,26.0,COL,NL,-0.7,79.0,297.0,256.0,28.0,58.0,13.0,1.0,3.0,28.0,5.0,4.0,36.0,91.0,0.227,0.321,0.32,0.641,73.0,0.289,73.0,82.0,7.0,1.0,1.0,3.0,2.0,7/DH,,2024
290.0,Kerry Carpenter*,26.0,DET,AL,2.2,87.0,296.0,264.0,37.0,75.0,16.0,5.0,18.0,57.0,0.0,2.0,22.0,75.0,0.284,0.345,0.587,0.932,157.0,0.386,156.0,155.0,5.0,4.0,0.0,3.0,1.0,9DH/7,,2024
291.0,Víctor Robles,27.0,2TM,2LG,3.1,91.0,295.0,254.0,44.0,78.0,20.0,0.0,4.0,28.0,34.0,2.0,21.0,53.0,0.307,0.381,0.433,0.814,139.0,0.384,143.0,110.0,2.0,11.0,6.0,3.0,0.0,897/HD,,2024
291.0,Víctor Robles,27.0,WSN,NL,0.1,14.0,33.0,25.0,3.0,3.0,0.0,0.0,0.0,2.0,4.0,1.0,5.0,9.0,0.12,0.281,0.12,0.401,20.0,0.254,48.0,3.0,0.0,1.0,1.0,1.0,0.0,/89H,,2024
291.0,Víctor Robles,27.0,SEA,AL,3.1,77.0,262.0,229.0,41.0,75.0,20.0,0.0,4.0,26.0,30.0,1.0,16.0,44.0,0.328,0.393,0.467,0.86,153.0,0.4,155.0,107.0,2.0,10.0,5.0,2.0,0.0,897/HD,,2024
292.0,Adam Frazier*,32.0,KCR,AL,0.3,104.0,294.0,262.0,35.0,53.0,10.0,1.0,4.0,22.0,3.0,0.0,22.0,59.0,0.202,0.282,0.294,0.576,65.0,0.269,64.0,77.0,0.0,7.0,3.0,0.0,0.0,4H9D7/53,,2024
293.0,Max Muncy*,33.0,LAD,NL,3.0,73.0,293.0,237.0,47.0,55.0,17.0,0.0,15.0,48.0,1.0,0.0,45.0,77.0,0.232,0.358,0.494,0.852,139.0,0.361,136.0,117.0,1.0,5.0,0.0,6.0,3.0,5/H,,2024
294.0,Jose Iglesias,34.0,NYM,NL,3.1,85.0,291.0,270.0,39.0,91.0,16.0,1.0,4.0,26.0,6.0,2.0,12.0,39.0,0.337,0.381,0.448,0.83,136.0,0.361,136.0,121.0,4.0,8.0,0.0,1.0,1.0,45/H6,,2024
295.0,Javier Báez,31.0,DET,AL,-1.1,80.0,289.0,272.0,25.0,50.0,12.0,0.0,6.0,37.0,8.0,1.0,12.0,69.0,0.184,0.221,0.294,0.516,44.0,0.236,41.0,80.0,10.0,2.0,0.0,3.0,1.0,6/H,,2024
296.0,Ezequiel Durán,25.0,TEX,AL,0.0,92.0,285.0,268.0,26.0,66.0,11.0,0.0,3.0,20.0,1.0,2.0,14.0,63.0,0.246,0.288,0.321,0.609,78.0,0.273,75.0,86.0,6.0,2.0,0.0,1.0,0.0,573DH/6498,,2024
297.0,Joey Bart,27.0,PIT,NL,2.2,80.0,282.0,253.0,38.0,67.0,11.0,0.0,13.0,45.0,0.0,0.0,22.0,73.0,0.265,0.337,0.462,0.799,121.0,0.349,121.0,117.0,8.0,6.0,0.0,1.0,0.0,2D/H,,2024
298.0,Jacob Stallings,34.0,COL,NL,1.8,82.0,281.0,243.0,31.0,64.0,17.0,1.0,9.0,36.0,0.0,0.0,27.0,65.0,0.263,0.357,0.453,0.81,116.0,0.355,119.0,110.0,10.0,9.0,1.0,1.0,1.0,2/HD,,2024
299.0,Kevin Kiermaier*,34.0,2TM,2LG,1.0,116.0,281.0,259.0,31.0,51.0,9.0,3.0,5.0,26.0,6.0,2.0,12.0,86.0,0.197,0.237,0.313,0.55,55.0,0.253,56.0,81.0,4.0,2.0,7.0,1.0,0.0,*8H/9D,,2024
299.0,Kevin Kiermaier*,34.0,TOR,AL,0.9,82.0,217.0,200.0,24.0,39.0,7.0,2.0,4.0,18.0,5.0,0.0,10.0,66.0,0.195,0.236,0.31,0.546,54.0,0.25,51.0,62.0,3.0,1.0,5.0,1.0,0.0,8/H9D,,2024
299.0,Kevin Kiermaier*,34.0,LAD,NL,0.1,34.0,64.0,59.0,7.0,12.0,2.0,1.0,1.0,8.0,1.0,2.0,2.0,20.0,0.203,0.242,0.322,0.564,58.0,0.263,74.0,19.0,1.0,1.0,2.0,0.0,0.0,8/H,,2024
300.0,Gary Sánchez,31.0,MIL,NL,0.2,89.0,280.0,245.0,30.0,54.0,7.0,1.0,11.0,37.0,0.0,0.0,27.0,76.0,0.22,0.307,0.392,0.699,94.0,0.312,94.0,96.0,9.0,5.0,0.0,3.0,0.0,D2H/3,,2024
301.0,Randal Grichuk,32.0,ARI,NL,2.2,106.0,279.0,254.0,40.0,74.0,20.0,2.0,12.0,46.0,0.0,0.0,20.0,46.0,0.291,0.348,0.528,0.875,139.0,0.377,142.0,134.0,5.0,3.0,0.0,2.0,0.0,9DH7,,2024
302.0,Vidal Bruján#,26.0,MIA,NL,0.5,102.0,278.0,248.0,32.0,55.0,14.0,2.0,2.0,16.0,5.0,6.0,25.0,54.0,0.222,0.303,0.319,0.622,74.0,0.271,64.0,79.0,5.0,4.0,1.0,0.0,3.0,46H58/9713,,2024
303.0,Tyler Nevin,27.0,OAK,AL,-0.2,87.0,278.0,245.0,22.0,50.0,10.0,0.0,7.0,20.0,1.0,0.0,25.0,64.0,0.204,0.288,0.331,0.618,80.0,0.279,80.0,81.0,5.0,5.0,0.0,3.0,0.0,359H7/D,,2024
304.0,Jack Suwinski*,25.0,PIT,NL,-1.7,88.0,277.0,247.0,29.0,45.0,8.0,0.0,9.0,26.0,9.0,1.0,27.0,79.0,0.182,0.264,0.324,0.588,64.0,0.277,66.0,80.0,3.0,1.0,1.0,1.0,2.0,879H,,2024
305.0,Nick Gordon*,28.0,MIA,NL,-1.7,95.0,275.0,260.0,29.0,59.0,11.0,1.0,8.0,32.0,5.0,5.0,11.0,67.0,0.227,0.258,0.369,0.627,72.0,0.263,58.0,96.0,5.0,1.0,0.0,3.0,0.0,7H8/49D,,2024
306.0,Victor Caratini#,30.0,HOU,AL,1.3,87.0,274.0,245.0,30.0,66.0,8.0,1.0,8.0,30.0,0.0,1.0,23.0,53.0,0.269,0.336,0.408,0.744,111.0,0.325,113.0,100.0,6.0,3.0,0.0,3.0,1.0,2H3/D,,2024
307.0,Edmundo Sosa,28.0,PHI,NL,2.3,90.0,274.0,249.0,39.0,64.0,12.0,4.0,7.0,31.0,7.0,1.0,13.0,66.0,0.257,0.313,0.422,0.734,102.0,0.33,107.0,105.0,5.0,8.0,1.0,2.0,0.0,654H,,2024
308.0,Jonah Bride,28.0,MIA,NL,0.8,71.0,272.0,232.0,30.0,64.0,10.0,0.0,11.0,39.0,0.0,1.0,30.0,55.0,0.276,0.357,0.461,0.818,125.0,0.355,122.0,107.0,9.0,3.0,0.0,7.0,1.0,3D5/4H,,2024
309.0,Brett Wisely*,25.0,SFG,NL,0.5,91.0,272.0,252.0,25.0,60.0,13.0,1.0,4.0,31.0,2.0,3.0,13.0,65.0,0.238,0.278,0.345,0.623,78.0,0.271,77.0,87.0,3.0,2.0,2.0,3.0,0.0,46H/538,,2024
310.0,Chas McCormick,29.0,HOU,AL,-0.6,94.0,267.0,242.0,32.0,51.0,6.0,1.0,5.0,27.0,8.0,2.0,17.0,72.0,0.211,0.271,0.306,0.576,64.0,0.274,71.0,74.0,3.0,4.0,1.0,3.0,0.0,798/H,,2024
311.0,Nick Senzel,29.0,2TM,2LG,-1.4,74.0,267.0,236.0,25.0,46.0,11.0,0.0,7.0,18.0,1.0,3.0,28.0,61.0,0.195,0.283,0.331,0.614,74.0,0.271,74.0,78.0,6.0,1.0,1.0,0.0,1.0,5D/H9,,2024
311.0,Nick Senzel,29.0,WSN,NL,-0.7,64.0,235.0,206.0,25.0,43.0,10.0,0.0,7.0,18.0,1.0,3.0,27.0,53.0,0.209,0.303,0.359,0.663,88.0,0.291,89.0,74.0,6.0,1.0,0.0,0.0,1.0,5D/H,,2024
311.0,Nick Senzel,29.0,CHW,AL,-0.7,10.0,32.0,30.0,0.0,3.0,1.0,0.0,0.0,0.0,0.0,0.0,1.0,8.0,0.1,0.129,0.133,0.262,-24.0,0.12,-41.0,4.0,0.0,0.0,1.0,0.0,0.0,/5D9H,,2024
312.0,Dylan Carlson#,25.0,2TM,2LG,-1.2,96.0,265.0,235.0,19.0,49.0,7.0,0.0,3.0,25.0,2.0,1.0,22.0,75.0,0.209,0.287,0.277,0.563,62.0,0.256,58.0,65.0,2.0,5.0,0.0,3.0,0.0,798H/D,,2024
312.0,Dylan Carlson#,25.0,STL,NL,-1.0,59.0,138.0,121.0,12.0,24.0,5.0,0.0,0.0,11.0,0.0,1.0,12.0,37.0,0.198,0.275,0.24,0.515,48.0,0.233,42.0,29.0,2.0,2.0,0.0,3.0,0.0,98H/7D,,2024
312.0,Dylan Carlson#,25.0,TBR,AL,-0.3,37.0,127.0,114.0,7.0,25.0,2.0,0.0,3.0,14.0,2.0,0.0,10.0,38.0,0.219,0.299,0.316,0.615,78.0,0.281,77.0,36.0,0.0,3.0,0.0,0.0,0.0,7/H9D,,2024
313.0,Sean Murphy,29.0,ATL,NL,1.3,72.0,264.0,233.0,19.0,45.0,5.0,1.0,10.0,25.0,0.0,0.0,27.0,67.0,0.193,0.284,0.352,0.636,76.0,0.293,81.0,82.0,7.0,3.0,0.0,1.0,1.0,2/H,,2024
314.0,Kyle Higashioka,34.0,SDP,NL,1.4,84.0,263.0,246.0,29.0,54.0,10.0,1.0,17.0,45.0,2.0,0.0,15.0,74.0,0.22,0.263,0.476,0.739,101.0,0.324,103.0,117.0,3.0,0.0,1.0,1.0,0.0,2/H,,2024
315.0,Joey Loperfido*,25.0,2TM,AL,0.5,81.0,262.0,243.0,24.0,52.0,13.0,4.0,4.0,25.0,4.0,2.0,13.0,95.0,0.214,0.264,0.35,0.614,73.0,0.275,74.0,85.0,3.0,4.0,1.0,1.0,0.0,789/H3D,,2024
315.0,Joey Loperfido*,25.0,HOU,AL,0.3,38.0,118.0,106.0,11.0,25.0,5.0,1.0,2.0,16.0,2.0,1.0,7.0,43.0,0.236,0.299,0.358,0.658,87.0,0.289,85.0,38.0,1.0,3.0,1.0,1.0,0.0,79/H83D,,2024
315.0,Joey Loperfido*,25.0,TOR,AL,0.2,43.0,144.0,137.0,13.0,27.0,8.0,3.0,2.0,9.0,2.0,1.0,6.0,52.0,0.197,0.236,0.343,0.579,62.0,0.263,65.0,47.0,2.0,1.0,0.0,0.0,0.0,78/H3D,,2024
316.0,Matt Wallner*,26.0,MIN,AL,2.2,75.0,261.0,220.0,26.0,57.0,17.0,1.0,13.0,37.0,3.0,0.0,24.0,95.0,0.259,0.372,0.523,0.894,149.0,0.387,149.0,115.0,2.0,16.0,0.0,1.0,0.0,97DH/1,,2024
317.0,Joey Gallo*,30.0,WSN,NL,0.3,76.0,260.0,223.0,24.0,36.0,9.0,0.0,10.0,27.0,3.0,1.0,32.0,102.0,0.161,0.277,0.336,0.613,73.0,0.282,78.0,75.0,1.0,4.0,0.0,1.0,0.0,3/9HD7,,2024
318.0,David Peralta*,36.0,SDP,NL,0.8,91.0,260.0,236.0,35.0,63.0,11.0,0.0,8.0,28.0,2.0,0.0,22.0,54.0,0.267,0.335,0.415,0.75,109.0,0.335,112.0,98.0,3.0,2.0,0.0,0.0,0.0,9HD7,,2024
319.0,Iván Herrera,24.0,STL,NL,1.7,72.0,259.0,229.0,37.0,69.0,12.0,1.0,5.0,27.0,5.0,0.0,25.0,53.0,0.301,0.372,0.428,0.8,126.0,0.362,129.0,98.0,3.0,2.0,0.0,2.0,0.0,2D/H,,2024
320.0,Jason Heyward*,34.0,2TM,2LG,1.2,87.0,258.0,228.0,33.0,48.0,12.0,2.0,10.0,37.0,5.0,0.0,22.0,53.0,0.211,0.288,0.412,0.7,96.0,0.304,92.0,94.0,3.0,4.0,0.0,3.0,2.0,9H/78,,2024
320.0,Jason Heyward*,34.0,LAD,NL,0.8,63.0,197.0,173.0,25.0,36.0,10.0,2.0,6.0,28.0,4.0,0.0,17.0,36.0,0.208,0.289,0.393,0.682,92.0,0.3,90.0,68.0,3.0,4.0,0.0,3.0,0.0,9/H8,,2024
320.0,Jason Heyward*,34.0,HOU,AL,0.3,24.0,61.0,55.0,8.0,12.0,2.0,0.0,4.0,9.0,1.0,0.0,5.0,17.0,0.218,0.283,0.473,0.756,111.0,0.316,102.0,26.0,0.0,0.0,0.0,0.0,2.0,9/7H8,,2024
321.0,Austin Martin,25.0,MIN,AL,-1.0,93.0,257.0,233.0,41.0,59.0,18.0,1.0,1.0,16.0,7.0,3.0,20.0,47.0,0.253,0.318,0.352,0.67,89.0,0.299,87.0,82.0,4.0,2.0,2.0,0.0,0.0,78H4/D,,2024
322.0,Austin Hays,28.0,2TM,2LG,-0.1,85.0,255.0,235.0,26.0,60.0,18.0,0.0,5.0,20.0,2.0,2.0,9.0,59.0,0.255,0.303,0.396,0.699,98.0,0.306,101.0,93.0,2.0,8.0,1.0,2.0,1.0,7H/9D,,2024
322.0,Austin Hays,28.0,BAL,AL,0.2,63.0,175.0,157.0,18.0,40.0,13.0,0.0,3.0,14.0,0.0,1.0,9.0,40.0,0.255,0.316,0.395,0.711,105.0,0.316,112.0,62.0,1.0,6.0,1.0,2.0,1.0,7H/9D,,2024
322.0,Austin Hays,28.0,PHI,NL,-0.3,22.0,80.0,78.0,8.0,20.0,5.0,0.0,2.0,6.0,2.0,1.0,0.0,19.0,0.256,0.275,0.397,0.672,84.0,0.286,79.0,31.0,1.0,2.0,0.0,0.0,0.0,7/H,,2024
323.0,Willie Calhoun*,29.0,LAA,AL,-0.2,68.0,254.0,229.0,26.0,56.0,16.0,0.0,5.0,20.0,0.0,1.0,23.0,31.0,0.245,0.315,0.38,0.695,96.0,0.301,92.0,87.0,5.0,1.0,0.0,1.0,1.0,D/H37,,2024
324.0,Taylor Walls#,27.0,TBR,AL,1.4,84.0,252.0,218.0,27.0,40.0,5.0,3.0,1.0,14.0,16.0,4.0,31.0,67.0,0.183,0.282,0.248,0.529,55.0,0.251,53.0,54.0,3.0,0.0,0.0,3.0,0.0,6/HD,,2024
325.0,Juan Yepez,26.0,WSN,NL,0.6,62.0,249.0,226.0,32.0,64.0,15.0,0.0,6.0,26.0,2.0,1.0,18.0,42.0,0.283,0.335,0.429,0.764,115.0,0.337,118.0,97.0,9.0,1.0,1.0,3.0,0.0,3D/H,,2024
326.0,Elehuris Montero,25.0,COL,NL,-1.7,67.0,247.0,224.0,23.0,46.0,10.0,0.0,4.0,28.0,0.0,0.0,20.0,56.0,0.205,0.267,0.304,0.571,53.0,0.265,54.0,68.0,7.0,0.0,0.0,3.0,0.0,3D/H,,2024
327.0,Chris Taylor,33.0,LAD,NL,-0.1,87.0,246.0,213.0,28.0,43.0,7.0,1.0,4.0,23.0,5.0,1.0,28.0,76.0,0.202,0.298,0.3,0.598,71.0,0.289,82.0,64.0,5.0,2.0,1.0,2.0,0.0,754H/8,,2024
328.0,Harold Ramírez,29.0,2TM,2LG,-0.1,73.0,246.0,238.0,28.0,62.0,7.0,1.0,2.0,29.0,6.0,2.0,5.0,50.0,0.261,0.28,0.324,0.604,73.0,0.271,70.0,77.0,2.0,2.0,0.0,1.0,0.0,DH/97,,2024
328.0,Harold Ramírez,29.0,TBR,AL,0.1,48.0,169.0,164.0,21.0,44.0,3.0,0.0,1.0,13.0,5.0,2.0,3.0,33.0,0.268,0.284,0.305,0.589,70.0,0.267,69.0,50.0,2.0,1.0,0.0,1.0,0.0,D/H97,,2024
328.0,Harold Ramírez,29.0,WSN,NL,-0.2,25.0,77.0,74.0,7.0,18.0,4.0,1.0,1.0,16.0,1.0,0.0,2.0,17.0,0.243,0.273,0.365,0.638,79.0,0.278,74.0,27.0,0.0,1.0,0.0,0.0,0.0,D/H,,2024
329.0,Robbie Grossman#,34.0,3TM,AL,-0.3,87.0,245.0,208.0,21.0,44.0,8.0,0.0,3.0,16.0,3.0,0.0,34.0,58.0,0.212,0.322,0.293,0.616,81.0,0.291,84.0,61.0,8.0,1.0,0.0,2.0,0.0,DH79,,2024
329.0,Robbie Grossman#,34.0,CHW,AL,-0.1,25.0,85.0,71.0,6.0,15.0,4.0,0.0,0.0,4.0,2.0,0.0,13.0,20.0,0.211,0.329,0.268,0.597,74.0,0.295,85.0,19.0,2.0,0.0,0.0,1.0,0.0,9/H7D,,2024
329.0,Robbie Grossman#,34.0,TEX,AL,0.2,46.0,122.0,105.0,13.0,25.0,4.0,0.0,3.0,10.0,1.0,0.0,16.0,25.0,0.238,0.336,0.362,0.698,105.0,0.318,104.0,38.0,5.0,0.0,0.0,1.0,0.0,DH7/9,,2024
329.0,Robbie Grossman#,34.0,KCR,AL,-0.4,16.0,38.0,32.0,2.0,4.0,0.0,0.0,0.0,2.0,0.0,0.0,5.0,13.0,0.125,0.263,0.125,0.388,16.0,0.201,17.0,4.0,1.0,1.0,0.0,0.0,0.0,D/H79,,2024
330.0,Andy Ibáñez,31.0,DET,AL,1.4,99.0,244.0,224.0,30.0,54.0,9.0,1.0,5.0,32.0,2.0,3.0,15.0,63.0,0.241,0.295,0.357,0.652,84.0,0.289,86.0,80.0,2.0,3.0,0.0,2.0,0.0,H453/7D6,,2024
331.0,Triston Casas*,24.0,BOS,AL,0.6,63.0,243.0,212.0,28.0,51.0,8.0,0.0,13.0,32.0,0.0,1.0,30.0,77.0,0.241,0.337,0.462,0.8,124.0,0.34,116.0,98.0,6.0,1.0,0.0,0.0,4.0,3/HD,,2024
332.0,Yasmani Grandal#,35.0,PIT,NL,0.6,72.0,243.0,215.0,26.0,49.0,10.0,0.0,9.0,27.0,1.0,0.0,24.0,46.0,0.228,0.304,0.4,0.704,96.0,0.327,105.0,86.0,7.0,0.0,3.0,1.0,0.0,2/H3,,2024
333.0,Kyle Farmer,33.0,MIN,AL,-0.3,107.0,242.0,215.0,26.0,46.0,13.0,1.0,5.0,25.0,3.0,5.0,19.0,49.0,0.214,0.293,0.353,0.647,82.0,0.281,80.0,76.0,6.0,6.0,0.0,2.0,1.0,45H6/13D,,2024
334.0,Wilmer Flores,32.0,SFG,NL,-0.6,71.0,242.0,214.0,19.0,44.0,12.0,0.0,4.0,26.0,0.0,0.0,20.0,33.0,0.206,0.277,0.318,0.595,71.0,0.274,76.0,68.0,5.0,3.0,0.0,5.0,1.0,3H/D5,,2024
335.0,Noelvi Marté,22.0,CIN,NL,-1.8,66.0,242.0,229.0,24.0,48.0,9.0,0.0,4.0,18.0,9.0,3.0,9.0,75.0,0.21,0.248,0.301,0.549,49.0,0.244,40.0,69.0,1.0,3.0,0.0,1.0,0.0,5D/H4,,2024
336.0,Tim Anderson,31.0,MIA,NL,-1.5,65.0,241.0,234.0,16.0,50.0,3.0,0.0,0.0,9.0,4.0,4.0,7.0,68.0,0.214,0.237,0.226,0.463,30.0,0.204,15.0,53.0,6.0,0.0,0.0,0.0,0.0,6/H,,2024
337.0,Dominic Fletcher*,26.0,CHW,AL,-0.3,72.0,241.0,223.0,14.0,46.0,8.0,0.0,1.0,17.0,0.0,0.0,11.0,58.0,0.206,0.252,0.256,0.508,46.0,0.225,38.0,57.0,5.0,3.0,2.0,1.0,1.0,98/H7,,2024
338.0,Anthony Rendon,34.0,LAA,AL,0.6,57.0,238.0,206.0,21.0,45.0,10.0,0.0,0.0,14.0,6.0,1.0,23.0,35.0,0.218,0.307,0.267,0.574,65.0,0.283,75.0,55.0,4.0,5.0,0.0,4.0,0.0,5/D,,2024
339.0,Miguel Vargas,24.0,2TM,2LG,-0.8,72.0,237.0,206.0,22.0,31.0,7.0,0.0,5.0,16.0,3.0,1.0,25.0,57.0,0.15,0.249,0.257,0.506,45.0,0.244,52.0,53.0,4.0,3.0,0.0,3.0,0.0,57/HD3,,2024
339.0,Miguel Vargas,24.0,LAD,NL,0.3,30.0,80.0,71.0,11.0,17.0,4.0,0.0,3.0,9.0,1.0,0.0,8.0,16.0,0.239,0.313,0.423,0.735,106.0,0.319,104.0,30.0,1.0,0.0,0.0,1.0,0.0,7/H3,,2024
339.0,Miguel Vargas,24.0,CHW,AL,-1.0,42.0,157.0,135.0,11.0,14.0,3.0,0.0,2.0,7.0,2.0,1.0,17.0,41.0,0.104,0.217,0.17,0.387,13.0,0.205,25.0,23.0,3.0,3.0,0.0,2.0,0.0,5/D7H,,2024
340.0,Jose Trevino,31.0,NYY,AL,0.6,73.0,234.0,209.0,26.0,45.0,5.0,0.0,8.0,28.0,1.0,0.0,20.0,41.0,0.215,0.288,0.354,0.642,82.0,0.287,80.0,74.0,12.0,2.0,1.0,2.0,0.0,2/H1,,2024
341.0,Stuart Fairchild,28.0,CIN,NL,1.0,94.0,233.0,209.0,33.0,45.0,8.0,0.0,8.0,30.0,13.0,1.0,17.0,60.0,0.215,0.286,0.368,0.654,77.0,0.314,83.0,77.0,1.0,4.0,2.0,1.0,0.0,8H97/D,,2024
342.0,James McCann,34.0,BAL,AL,0.8,65.0,233.0,214.0,27.0,50.0,9.0,0.0,8.0,31.0,1.0,0.0,13.0,56.0,0.234,0.279,0.388,0.667,91.0,0.293,93.0,83.0,3.0,2.0,0.0,4.0,0.0,2/1,,2024
343.0,Garrett Hampson,29.0,KCR,AL,0.4,113.0,231.0,213.0,16.0,49.0,13.0,1.0,0.0,16.0,7.0,2.0,14.0,59.0,0.23,0.275,0.3,0.576,65.0,0.259,56.0,64.0,3.0,0.0,2.0,2.0,0.0,8H74/36951,,2024
344.0,Justyn-Henry Malloy,24.0,DET,AL,-0.4,71.0,230.0,202.0,18.0,41.0,7.0,1.0,8.0,21.0,1.0,1.0,23.0,85.0,0.203,0.291,0.366,0.658,85.0,0.289,84.0,74.0,2.0,3.0,0.0,2.0,0.0,D7H/9,,2024
345.0,Nelson Velázquez,25.0,KCR,AL,-0.5,64.0,230.0,205.0,31.0,41.0,8.0,1.0,8.0,27.0,2.0,0.0,19.0,61.0,0.2,0.274,0.366,0.64,81.0,0.285,76.0,75.0,6.0,3.0,0.0,3.0,0.0,D97/H,,2024
346.0,DJ LeMahieu,35.0,NYY,AL,-1.6,67.0,228.0,201.0,19.0,41.0,5.0,0.0,2.0,26.0,0.0,1.0,19.0,35.0,0.204,0.269,0.259,0.527,52.0,0.244,51.0,52.0,13.0,1.0,1.0,6.0,0.0,35/H,,2024
347.0,Nick Ahmed,34.0,3TM,NL,-0.3,71.0,228.0,210.0,20.0,48.0,6.0,1.0,2.0,17.0,2.0,1.0,11.0,51.0,0.229,0.267,0.295,0.562,61.0,0.254,61.0,62.0,6.0,1.0,3.0,3.0,0.0,6/H4,,2024
347.0,Nick Ahmed,34.0,SFG,NL,-0.1,52.0,172.0,155.0,13.0,36.0,6.0,1.0,1.0,15.0,1.0,1.0,10.0,35.0,0.232,0.278,0.303,0.581,68.0,0.263,69.0,47.0,6.0,1.0,3.0,3.0,0.0,6/H,,2024
347.0,Nick Ahmed,34.0,LAD,NL,-0.1,17.0,49.0,48.0,6.0,11.0,0.0,0.0,1.0,2.0,1.0,0.0,1.0,14.0,0.229,0.245,0.292,0.537,52.0,0.241,47.0,14.0,0.0,0.0,0.0,0.0,0.0,6/H,,2024
347.0,Nick Ahmed,34.0,SDP,NL,-0.2,2.0,7.0,7.0,1.0,1.0,0.0,0.0,0.0,0.0,0.0,0.0,0.0,2.0,0.143,0.143,0.143,0.286,-19.0,0.128,-38.0,1.0,0.0,0.0,0.0,0.0,0.0,/46,,2024
348.0,Addison Barger*,24.0,TOR,AL,0.4,69.0,225.0,208.0,20.0,41.0,11.0,0.0,7.0,28.0,2.0,0.0,14.0,60.0,0.197,0.25,0.351,0.601,68.0,0.272,70.0,73.0,1.0,1.0,0.0,1.0,0.0,59H7/D,,2024
349.0,Hunter Goodman,24.0,COL,NL,-0.8,70.0,224.0,211.0,24.0,40.0,9.0,0.0,13.0,36.0,1.0,1.0,8.0,64.0,0.19,0.228,0.417,0.645,68.0,0.27,59.0,88.0,5.0,3.0,0.0,2.0,0.0,92DH/73,,2024
350.0,Garrett Mitchell*,25.0,MIL,NL,2.0,69.0,224.0,196.0,33.0,50.0,12.0,3.0,8.0,21.0,11.0,4.0,25.0,71.0,0.255,0.342,0.469,0.812,124.0,0.354,123.0,92.0,1.0,1.0,2.0,0.0,0.0,89H/D,,2024
351.0,Cavan Biggio*,29.0,3TM,2LG,0.1,78.0,224.0,188.0,27.0,37.0,5.0,0.0,5.0,19.0,2.0,0.0,24.0,72.0,0.197,0.314,0.303,0.617,77.0,0.286,80.0,57.0,1.0,8.0,2.0,0.0,0.0,453H9/D,,2024
351.0,Cavan Biggio*,29.0,2TM,NL,-0.4,34.0,93.0,78.0,12.0,15.0,1.0,0.0,3.0,10.0,0.0,0.0,10.0,30.0,0.192,0.3,0.321,0.621,77.0,0.281,78.0,25.0,0.0,2.0,2.0,0.0,0.0,53/H49,,2024
351.0,Cavan Biggio*,29.0,TOR,AL,0.5,44.0,131.0,110.0,15.0,22.0,4.0,0.0,2.0,9.0,2.0,0.0,14.0,42.0,0.2,0.323,0.291,0.614,77.0,0.29,82.0,32.0,1.0,6.0,0.0,0.0,0.0,49/H35D,,2024
351.0,Cavan Biggio*,29.0,LAD,NL,-0.2,30.0,88.0,73.0,11.0,14.0,1.0,0.0,3.0,10.0,0.0,0.0,10.0,28.0,0.192,0.306,0.329,0.635,81.0,0.287,83.0,24.0,0.0,2.0,2.0,0.0,0.0,53/9H4,,2024
351.0,Cavan Biggio*,29.0,ATL,NL,-0.2,4.0,5.0,5.0,1.0,1.0,0.0,0.0,0.0,0.0,0.0,0.0,0.0,2.0,0.2,0.2,0.2,0.4,12.0,0.179,-2.0,1.0,0.0,0.0,0.0,0.0,0.0,/4H,,2024
352.0,Enmanuel Valdéz*,25.0,BOS,AL,-0.6,76.0,223.0,201.0,23.0,43.0,12.0,0.0,6.0,28.0,1.0,1.0,17.0,53.0,0.214,0.27,0.363,0.633,77.0,0.277,70.0,73.0,4.0,0.0,1.0,4.0,0.0,4H/D57,,2024
353.0,Ronald Acuña Jr.,26.0,ATL,NL,0.0,49.0,222.0,192.0,38.0,48.0,8.0,1.0,4.0,15.0,16.0,3.0,27.0,53.0,0.25,0.351,0.365,0.716,101.0,0.343,110.0,70.0,4.0,3.0,0.0,0.0,0.0,9,,2024
354.0,Daniel Schneemann*,27.0,CLE,AL,0.7,73.0,221.0,193.0,17.0,42.0,10.0,2.0,5.0,22.0,3.0,2.0,25.0,70.0,0.218,0.303,0.368,0.671,91.0,0.297,90.0,71.0,1.0,0.0,0.0,3.0,0.0,6589H/47D,,2024
355.0,Pedro Pagés,25.0,STL,NL,0.8,68.0,218.0,202.0,19.0,48.0,3.0,2.0,7.0,27.0,2.0,0.0,13.0,58.0,0.238,0.281,0.376,0.657,84.0,0.287,76.0,76.0,7.0,0.0,1.0,2.0,0.0,2/H3,,2024
356.0,Romy González,27.0,BOS,AL,0.9,89.0,216.0,199.0,25.0,53.0,10.0,1.0,6.0,29.0,11.0,3.0,12.0,58.0,0.266,0.306,0.417,0.723,102.0,0.326,100.0,83.0,5.0,1.0,0.0,4.0,0.0,H4635/97D8,,2024
357.0,Tyler Soderstrom*,22.0,OAK,AL,0.5,61.0,213.0,189.0,18.0,44.0,10.0,0.0,9.0,26.0,0.0,0.0,20.0,53.0,0.233,0.315,0.429,0.743,114.0,0.33,118.0,81.0,7.0,3.0,0.0,1.0,1.0,3/H2,,2024
358.0,Austin Slater,31.0,3TM,2LG,-0.2,84.0,212.0,177.0,24.0,37.0,4.0,0.0,2.0,18.0,3.0,2.0,26.0,60.0,0.209,0.321,0.266,0.586,72.0,0.279,81.0,47.0,5.0,5.0,0.0,4.0,0.0,9H78/D,,2024
358.0,Austin Slater,31.0,2TM,NL,-0.7,51.0,133.0,108.0,14.0,20.0,1.0,0.0,1.0,12.0,2.0,1.0,18.0,37.0,0.185,0.308,0.222,0.53,56.0,0.26,64.0,24.0,3.0,3.0,0.0,4.0,0.0,9H7/8D,,2024
358.0,Austin Slater,31.0,SFG,NL,-0.3,43.0,112.0,90.0,12.0,18.0,1.0,0.0,1.0,9.0,2.0,1.0,16.0,31.0,0.2,0.33,0.244,0.575,70.0,0.28,81.0,22.0,3.0,3.0,0.0,3.0,0.0,9H/78D,,2024
358.0,Austin Slater,31.0,CIN,NL,-0.4,8.0,21.0,18.0,2.0,2.0,0.0,0.0,0.0,3.0,0.0,0.0,2.0,6.0,0.111,0.19,0.111,0.302,-14.0,0.151,-26.0,2.0,0.0,0.0,0.0,1.0,0.0,/87H9D,,2024
358.0,Austin Slater,31.0,BAL,AL,0.5,33.0,79.0,69.0,10.0,17.0,3.0,0.0,1.0,6.0,1.0,1.0,8.0,23.0,0.246,0.342,0.333,0.675,98.0,0.311,109.0,23.0,2.0,2.0,0.0,0.0,0.0,79H/8,,2024
359.0,Trey Lipscomb,24.0,WSN,NL,-0.1,61.0,211.0,190.0,20.0,38.0,3.0,0.0,1.0,10.0,11.0,2.0,16.0,40.0,0.2,0.268,0.232,0.5,44.0,0.248,48.0,44.0,7.0,2.0,1.0,1.0,0.0,5/3H4D,,2024
360.0,Leo Jiménez,23.0,TOR,AL,0.9,63.0,210.0,179.0,18.0,41.0,11.0,0.0,4.0,19.0,0.0,0.0,12.0,59.0,0.229,0.329,0.358,0.686,95.0,0.31,99.0,64.0,6.0,16.0,0.0,3.0,0.0,64/HD,,2024
361.0,Trent Grisham*,27.0,NYY,AL,0.4,76.0,209.0,179.0,21.0,34.0,8.0,0.0,9.0,31.0,1.0,1.0,22.0,57.0,0.19,0.29,0.385,0.675,91.0,0.306,95.0,69.0,5.0,4.0,1.0,2.0,1.0,8H/D,,2024
362.0,Kyle Stowers*,26.0,2TM,2LG,-0.5,69.0,209.0,192.0,15.0,40.0,11.0,2.0,3.0,24.0,0.0,1.0,13.0,74.0,0.208,0.268,0.333,0.601,67.0,0.27,64.0,64.0,2.0,3.0,0.0,1.0,0.0,79H8/D,,2024
362.0,Kyle Stowers*,26.0,BAL,AL,0.2,19.0,37.0,36.0,3.0,11.0,4.0,0.0,1.0,9.0,0.0,1.0,0.0,13.0,0.306,0.297,0.5,0.797,126.0,0.346,141.0,18.0,0.0,0.0,0.0,1.0,0.0,/97HD,,2024
362.0,Kyle Stowers*,26.0,MIA,NL,-0.7,50.0,172.0,156.0,12.0,29.0,7.0,2.0,2.0,15.0,0.0,0.0,13.0,61.0,0.186,0.262,0.295,0.556,55.0,0.254,48.0,46.0,2.0,3.0,0.0,0.0,0.0,78/9H,,2024
363.0,Jackson Holliday*,20.0,BAL,AL,0.1,60.0,208.0,190.0,28.0,36.0,4.0,2.0,5.0,23.0,4.0,0.0,15.0,69.0,0.189,0.255,0.311,0.565,63.0,0.265,70.0,59.0,1.0,2.0,0.0,1.0,0.0,4/H6D,,2024
364.0,Jorge Mateo,29.0,BAL,AL,0.9,68.0,208.0,192.0,30.0,44.0,14.0,2.0,5.0,18.0,13.0,2.0,10.0,48.0,0.229,0.267,0.401,0.668,91.0,0.294,87.0,77.0,3.0,1.0,2.0,3.0,0.0,4/6H8D,,2024
365.0,Travis Jankowski*,33.0,TEX,AL,0.3,104.0,207.0,190.0,19.0,38.0,5.0,0.0,1.0,12.0,11.0,1.0,12.0,44.0,0.2,0.266,0.242,0.508,51.0,0.256,54.0,46.0,3.0,5.0,0.0,0.0,0.0,9H7D8,,2024
366.0,Jhonkensy Noel,22.0,CLE,AL,1.0,67.0,198.0,179.0,25.0,39.0,7.0,1.0,13.0,28.0,0.0,0.0,13.0,63.0,0.218,0.288,0.486,0.774,115.0,0.333,114.0,87.0,1.0,5.0,0.0,1.0,0.0,9H/3D7,,2024
367.0,Edward Olivares,28.0,PIT,NL,-0.7,55.0,196.0,174.0,22.0,39.0,4.0,0.0,5.0,23.0,1.0,0.0,16.0,37.0,0.224,0.291,0.333,0.624,75.0,0.285,75.0,58.0,3.0,2.0,0.0,4.0,0.0,9/DH7,,2024
368.0,DJ Stewart*,30.0,NYM,NL,-0.8,74.0,194.0,158.0,16.0,28.0,4.0,0.0,5.0,19.0,1.0,0.0,31.0,48.0,0.177,0.325,0.297,0.622,80.0,0.296,89.0,47.0,5.0,4.0,0.0,1.0,0.0,9HD7/3,,2024
369.0,Connor Norby,24.0,2TM,2LG,0.2,45.0,194.0,178.0,32.0,42.0,9.0,0.0,9.0,20.0,3.0,3.0,15.0,64.0,0.236,0.294,0.438,0.732,101.0,0.309,93.0,78.0,2.0,0.0,0.0,1.0,0.0,54/D,,2024
369.0,Connor Norby,24.0,BAL,AL,0.1,9.0,32.0,32.0,3.0,6.0,1.0,0.0,2.0,3.0,0.0,0.0,0.0,12.0,0.188,0.188,0.406,0.594,66.0,0.247,60.0,13.0,1.0,0.0,0.0,0.0,0.0,/4,,2024
369.0,Connor Norby,24.0,MIA,NL,0.2,36.0,162.0,146.0,29.0,36.0,8.0,0.0,7.0,17.0,3.0,3.0,15.0,52.0,0.247,0.315,0.445,0.76,108.0,0.321,100.0,65.0,1.0,0.0,0.0,1.0,0.0,5/D4,,2024
370.0,Corey Julks,28.0,CHW,AL,-1.1,66.0,189.0,173.0,17.0,37.0,7.0,0.0,3.0,14.0,5.0,2.0,15.0,50.0,0.214,0.275,0.306,0.581,67.0,0.261,64.0,53.0,6.0,0.0,0.0,1.0,0.0,97H/D8,,2024
371.0,Dominic Canzone*,26.0,SEA,AL,0.2,67.0,188.0,168.0,20.0,33.0,7.0,0.0,8.0,17.0,1.0,0.0,18.0,53.0,0.196,0.271,0.381,0.652,90.0,0.29,92.0,64.0,5.0,0.0,0.0,2.0,2.0,97H/D,,2024
372.0,Josh Jung,26.0,TEX,AL,0.6,46.0,188.0,178.0,19.0,47.0,5.0,1.0,7.0,16.0,4.0,0.0,8.0,48.0,0.264,0.298,0.421,0.719,108.0,0.319,103.0,75.0,1.0,1.0,0.0,1.0,0.0,5/D,,2024
373.0,Garrett Stubbs*,31.0,PHI,NL,0.4,54.0,187.0,164.0,18.0,34.0,4.0,1.0,1.0,11.0,5.0,0.0,17.0,50.0,0.207,0.296,0.262,0.558,57.0,0.271,63.0,43.0,0.0,4.0,0.0,1.0,0.0,2/1H,,2024
374.0,Luis Guillorme*,29.0,3TM,2LG,0.3,77.0,187.0,161.0,14.0,33.0,9.0,1.0,0.0,10.0,4.0,2.0,23.0,36.0,0.205,0.301,0.273,0.574,64.0,0.268,65.0,44.0,7.0,0.0,1.0,2.0,0.0,45H/61D,,2024
374.0,Luis Guillorme*,29.0,2TM,NL,0.2,27.0,70.0,57.0,8.0,9.0,4.0,0.0,0.0,7.0,3.0,0.0,12.0,13.0,0.158,0.3,0.228,0.528,51.0,0.261,51.0,13.0,3.0,0.0,0.0,1.0,0.0,4/H156D,,2024
374.0,Luis Guillorme*,29.0,ATL,NL,-0.2,9.0,21.0,20.0,2.0,3.0,2.0,0.0,0.0,3.0,0.0,0.0,1.0,5.0,0.15,0.19,0.25,0.44,22.0,0.189,6.0,5.0,1.0,0.0,0.0,0.0,0.0,/416H,,2024
374.0,Luis Guillorme*,29.0,LAA,AL,0.1,50.0,117.0,104.0,6.0,24.0,5.0,1.0,0.0,3.0,1.0,2.0,11.0,23.0,0.231,0.302,0.298,0.6,71.0,0.272,74.0,31.0,4.0,0.0,1.0,1.0,0.0,45/H61D,,2024
374.0,Luis Guillorme*,29.0,ARI,NL,0.3,18.0,49.0,37.0,6.0,6.0,2.0,0.0,0.0,4.0,3.0,0.0,11.0,8.0,0.162,0.347,0.216,0.563,62.0,0.292,70.0,8.0,2.0,0.0,0.0,1.0,0.0,4/H5D,,2024
375.0,Daz Cameron,27.0,OAK,AL,-0.5,66.0,186.0,170.0,22.0,34.0,5.0,1.0,5.0,15.0,5.0,0.0,13.0,51.0,0.2,0.258,0.329,0.587,70.0,0.268,69.0,56.0,3.0,1.0,0.0,2.0,0.0,79H8/D,,2024
376.0,Matt Thaiss*,29.0,LAA,AL,0.6,57.0,186.0,157.0,14.0,32.0,9.0,0.0,2.0,16.0,3.0,0.0,28.0,58.0,0.204,0.323,0.299,0.622,78.0,0.295,83.0,47.0,2.0,0.0,0.0,1.0,0.0,2/DH,,2024
377.0,Blaze Alexander,25.0,ARI,NL,0.0,61.0,185.0,166.0,19.0,41.0,7.0,0.0,3.0,21.0,3.0,1.0,15.0,49.0,0.247,0.321,0.343,0.664,85.0,0.301,87.0,57.0,1.0,3.0,1.0,0.0,0.0,64D/H5,,2024
378.0,Brooks Lee#,23.0,MIN,AL,-0.2,50.0,185.0,172.0,9.0,38.0,6.0,1.0,3.0,27.0,3.0,0.0,11.0,27.0,0.221,0.265,0.32,0.585,64.0,0.256,53.0,55.0,6.0,0.0,0.0,2.0,2.0,654/HD,,2024
379.0,Jordan Beck,23.0,COL,NL,-0.8,55.0,184.0,170.0,14.0,32.0,6.0,0.0,3.0,13.0,7.0,1.0,12.0,65.0,0.188,0.245,0.276,0.521,40.0,0.246,36.0,47.0,3.0,1.0,0.0,1.0,1.0,79/8H,,2024
380.0,Cristian Pache,25.0,3TM,2LG,-0.2,88.0,183.0,165.0,13.0,33.0,8.0,1.0,1.0,16.0,1.0,0.0,17.0,64.0,0.2,0.273,0.279,0.552,54.0,0.251,49.0,46.0,2.0,0.0,0.0,1.0,0.0,8H7/9D,,2024
380.0,Cristian Pache,25.0,2TM,NL,-0.3,85.0,182.0,164.0,13.0,32.0,8.0,1.0,1.0,16.0,1.0,0.0,17.0,64.0,0.195,0.269,0.274,0.544,52.0,0.248,47.0,45.0,2.0,0.0,0.0,1.0,0.0,8H7/D9,,2024
380.0,Cristian Pache,25.0,PHI,NL,0.1,50.0,118.0,104.0,9.0,21.0,5.0,1.0,0.0,9.0,0.0,0.0,13.0,43.0,0.202,0.288,0.269,0.557,57.0,0.255,56.0,28.0,1.0,0.0,0.0,1.0,0.0,87H/D9,,2024
380.0,Cristian Pache,25.0,BAL,AL,0.1,3.0,1.0,1.0,0.0,1.0,0.0,0.0,0.0,0.0,0.0,0.0,0.0,0.0,1.0,1.0,1.0,2.0,485.0,0.795,464.0,1.0,0.0,0.0,0.0,0.0,0.0,/9H,,2024
380.0,Cristian Pache,25.0,MIA,NL,-0.4,35.0,64.0,60.0,4.0,11.0,3.0,0.0,1.0,7.0,1.0,0.0,4.0,21.0,0.183,0.234,0.283,0.518,43.0,0.235,31.0,17.0,1.0,0.0,0.0,0.0,0.0,8/HD,,2024
381.0,Alex Kirilloff*,26.0,MIN,AL,-0.6,57.0,178.0,159.0,20.0,32.0,8.0,3.0,5.0,20.0,0.0,0.0,15.0,47.0,0.201,0.27,0.384,0.653,81.0,0.287,79.0,61.0,5.0,1.0,0.0,3.0,0.0,7D3/H9,,2024
382.0,Ben Rice*,25.0,NYY,AL,-0.4,50.0,178.0,152.0,20.0,26.0,6.0,0.0,7.0,23.0,0.0,1.0,20.0,48.0,0.171,0.264,0.349,0.613,73.0,0.275,74.0,53.0,2.0,1.0,0.0,5.0,0.0,3/H2,,2024
383.0,Jordan Walker,22.0,STL,NL,-0.9,51.0,178.0,164.0,16.0,33.0,10.0,1.0,5.0,20.0,1.0,0.0,10.0,50.0,0.201,0.253,0.366,0.619,72.0,0.267,63.0,60.0,4.0,2.0,0.0,2.0,0.0,9/HD,,2024
384.0,Junior Caminero,20.0,TBR,AL,0.7,43.0,177.0,165.0,15.0,41.0,9.0,1.0,6.0,18.0,2.0,0.0,11.0,38.0,0.248,0.299,0.424,0.724,105.0,0.315,102.0,70.0,2.0,1.0,0.0,0.0,2.0,5/D3H,,2024
385.0,Patrick Wisdom,32.0,CHC,NL,-0.4,75.0,174.0,158.0,16.0,27.0,7.0,2.0,8.0,23.0,5.0,0.0,10.0,59.0,0.171,0.237,0.392,0.629,75.0,0.276,68.0,62.0,1.0,4.0,1.0,1.0,0.0,H35D/9471,,2024
386.0,Derek Hill,28.0,3TM,2LG,0.0,53.0,172.0,162.0,19.0,39.0,4.0,2.0,7.0,25.0,6.0,2.0,5.0,56.0,0.241,0.271,0.42,0.69,91.0,0.317,95.0,68.0,2.0,2.0,2.0,1.0,0.0,87H/9D,,2024
386.0,Derek Hill,28.0,2TM,NL,0.0,37.0,127.0,119.0,14.0,28.0,4.0,2.0,4.0,20.0,4.0,1.0,3.0,42.0,0.235,0.264,0.403,0.667,83.0,0.299,79.0,48.0,1.0,2.0,2.0,1.0,0.0,87/HD,,2024
386.0,Derek Hill,28.0,TEX,AL,0.0,16.0,45.0,43.0,5.0,11.0,0.0,0.0,3.0,5.0,2.0,1.0,2.0,14.0,0.256,0.289,0.465,0.754,116.0,0.365,140.0,20.0,1.0,0.0,0.0,0.0,0.0,/9H87D,,2024
386.0,Derek Hill,28.0,SFG,NL,-0.1,5.0,13.0,12.0,3.0,3.0,0.0,1.0,0.0,2.0,0.0,0.0,1.0,3.0,0.25,0.308,0.417,0.724,106.0,0.304,98.0,5.0,0.0,0.0,0.0,0.0,0.0,/78DH,,2024
386.0,Derek Hill,28.0,MIA,NL,0.1,32.0,114.0,107.0,11.0,25.0,4.0,1.0,4.0,18.0,4.0,1.0,2.0,39.0,0.234,0.259,0.402,0.661,80.0,0.299,77.0,43.0,1.0,2.0,2.0,1.0,0.0,87/HD,,2024
387.0,Brett Baty*,24.0,NYM,NL,0.3,50.0,171.0,153.0,15.0,35.0,3.0,0.0,4.0,16.0,0.0,0.0,16.0,42.0,0.229,0.306,0.327,0.633,81.0,0.287,83.0,50.0,3.0,1.0,1.0,0.0,1.0,5/H,,2024
388.0,Nick Loftin,25.0,KCR,AL,0.2,56.0,171.0,148.0,15.0,28.0,4.0,0.0,1.0,14.0,1.0,0.0,19.0,24.0,0.189,0.282,0.236,0.519,51.0,0.258,56.0,35.0,4.0,1.0,1.0,2.0,0.0,45H/3D71,,2024
389.0,Ángel Martínez#,22.0,CLE,AL,0.1,43.0,169.0,151.0,16.0,35.0,7.0,0.0,3.0,11.0,3.0,1.0,15.0,33.0,0.232,0.298,0.338,0.635,81.0,0.286,80.0,51.0,2.0,0.0,1.0,2.0,0.0,87/9H5D4,,2024
390.0,José Tena*,23.0,2TM,2LG,0.2,44.0,168.0,161.0,14.0,43.0,5.0,0.0,3.0,15.0,6.0,1.0,7.0,41.0,0.267,0.298,0.354,0.652,84.0,0.29,81.0,57.0,1.0,0.0,0.0,0.0,0.0,5/4DH,,2024
390.0,José Tena*,23.0,CLE,AL,-0.1,3.0,4.0,4.0,0.0,0.0,0.0,0.0,0.0,0.0,0.0,0.0,0.0,2.0,0.0,0.0,0.0,0.0,-100.0,0.0,-124.0,0.0,0.0,0.0,0.0,0.0,0.0,/5DH,,2024
390.0,José Tena*,23.0,WSN,NL,0.3,41.0,164.0,157.0,14.0,43.0,5.0,0.0,3.0,15.0,6.0,1.0,7.0,39.0,0.274,0.305,0.363,0.668,89.0,0.297,86.0,57.0,1.0,0.0,0.0,0.0,0.0,5/4,,2024
391.0,Nick Martini*,34.0,CIN,NL,-0.4,52.0,163.0,146.0,23.0,31.0,4.0,2.0,5.0,24.0,1.0,3.0,9.0,38.0,0.212,0.272,0.37,0.641,73.0,0.293,82.0,54.0,1.0,4.0,0.0,3.0,0.0,D9/7H,,2024
392.0,Evan Carter*,21.0,TEX,AL,0.6,45.0,162.0,144.0,23.0,27.0,6.0,2.0,5.0,15.0,2.0,0.0,15.0,43.0,0.188,0.272,0.361,0.633,83.0,0.284,79.0,52.0,1.0,2.0,0.0,1.0,0.0,7/9HD8,,2024
393.0,Gabriel Arias,24.0,CLE,AL,-0.4,53.0,161.0,153.0,15.0,34.0,9.0,1.0,3.0,15.0,5.0,2.0,6.0,53.0,0.222,0.255,0.353,0.608,71.0,0.273,71.0,54.0,4.0,1.0,0.0,1.0,0.0,56/4H38D79,,2024
394.0,Sam Hilliard*,30.0,COL,NL,0.5,58.0,158.0,138.0,26.0,33.0,5.0,1.0,10.0,27.0,5.0,2.0,14.0,56.0,0.239,0.305,0.507,0.812,113.0,0.347,113.0,70.0,3.0,0.0,4.0,2.0,1.0,789/HD,,2024
395.0,Jung Hoo Lee*,25.0,SFG,NL,0.1,37.0,158.0,145.0,15.0,38.0,4.0,0.0,2.0,8.0,2.0,3.0,10.0,13.0,0.262,0.31,0.331,0.641,85.0,0.287,91.0,48.0,2.0,1.0,0.0,2.0,0.0,8,,2024
396.0,Reese McGuire*,29.0,BOS,AL,0.1,53.0,158.0,139.0,10.0,29.0,3.0,0.0,3.0,18.0,3.0,0.0,13.0,39.0,0.209,0.28,0.295,0.575,63.0,0.269,60.0,41.0,4.0,2.0,1.0,3.0,0.0,2/HD,,2024
397.0,Pavin Smith*,28.0,ARI,NL,0.6,60.0,158.0,137.0,26.0,37.0,11.0,0.0,9.0,36.0,1.0,0.0,18.0,31.0,0.27,0.348,0.547,0.896,144.0,0.382,145.0,75.0,4.0,0.0,0.0,3.0,0.0,397H/D1,,2024
398.0,Matt Carpenter*,38.0,STL,NL,-0.1,59.0,157.0,137.0,15.0,32.0,7.0,0.0,4.0,15.0,0.0,2.0,15.0,51.0,0.234,0.314,0.372,0.686,93.0,0.301,93.0,51.0,0.0,2.0,0.0,2.0,0.0,DH/345,,2024
399.0,Kyle McCann*,26.0,OAK,AL,0.2,54.0,157.0,140.0,13.0,33.0,4.0,0.0,5.0,15.0,0.0,0.0,16.0,59.0,0.236,0.318,0.371,0.69,101.0,0.305,100.0,52.0,2.0,1.0,0.0,0.0,1.0,2/HD,,2024
400.0,J.D. Davis,31.0,2TM,AL,-0.4,46.0,157.0,142.0,13.0,31.0,5.0,0.0,4.0,6.0,0.0,0.0,12.0,39.0,0.218,0.293,0.338,0.631,83.0,0.278,79.0,48.0,5.0,3.0,0.0,0.0,0.0,35/DH,,2024
400.0,J.D. Davis,31.0,OAK,AL,-0.1,39.0,135.0,123.0,12.0,29.0,4.0,0.0,4.0,5.0,0.0,0.0,9.0,30.0,0.236,0.304,0.366,0.67,94.0,0.292,91.0,45.0,3.0,3.0,0.0,0.0,0.0,35/DH,,2024
400.0,J.D. Davis,31.0,NYY,AL,-0.2,7.0,22.0,19.0,1.0,2.0,1.0,0.0,0.0,1.0,0.0,0.0,3.0,9.0,0.105,0.227,0.158,0.385,13.0,0.191,12.0,3.0,2.0,0.0,0.0,0.0,0.0,/3DH,,2024
401.0,Austin Barnes,34.0,LAD,NL,0.7,54.0,156.0,140.0,12.0,37.0,3.0,0.0,1.0,11.0,3.0,0.0,14.0,36.0,0.264,0.331,0.307,0.638,83.0,0.294,85.0,43.0,3.0,0.0,2.0,0.0,0.0,2/HD4,,2024
402.0,Kyle Manzardo*,23.0,CLE,AL,0.0,53.0,156.0,145.0,11.0,34.0,12.0,0.0,5.0,15.0,0.0,0.0,9.0,41.0,0.234,0.282,0.421,0.703,97.0,0.307,96.0,61.0,3.0,1.0,0.0,1.0,0.0,DH/3,,2024
403.0,Luis Matos,22.0,SFG,NL,-0.2,45.0,156.0,150.0,14.0,32.0,5.0,0.0,5.0,25.0,0.0,0.0,5.0,24.0,0.213,0.237,0.347,0.584,65.0,0.269,73.0,52.0,5.0,0.0,0.0,1.0,1.0,98/H7D,,2024
404.0,James Outman*,27.0,LAD,NL,-0.4,53.0,156.0,136.0,12.0,20.0,4.0,0.0,4.0,11.0,2.0,1.0,16.0,55.0,0.147,0.256,0.265,0.521,49.0,0.24,50.0,36.0,0.0,4.0,0.0,0.0,0.0,8H/79,,2024
405.0,Tyler Wade*,29.0,SDP,NL,-0.7,90.0,156.0,138.0,28.0,30.0,3.0,0.0,0.0,8.0,8.0,1.0,11.0,29.0,0.217,0.285,0.239,0.524,50.0,0.25,43.0,33.0,0.0,2.0,4.0,0.0,0.0,H5467/9D8,,2024
406.0,Kris Bryant,32.0,COL,NL,-0.7,37.0,155.0,133.0,9.0,29.0,5.0,0.0,2.0,15.0,0.0,0.0,13.0,48.0,0.218,0.323,0.301,0.623,69.0,0.292,74.0,40.0,6.0,8.0,0.0,1.0,0.0,D93,,2024
407.0,Alex Jackson,28.0,TBR,AL,-0.4,58.0,155.0,139.0,17.0,17.0,7.0,0.0,3.0,12.0,1.0,0.0,12.0,53.0,0.122,0.201,0.237,0.439,26.0,0.213,29.0,33.0,2.0,2.0,1.0,1.0,0.0,2/H,,2024
408.0,Victor Scott II*,23.0,STL,NL,-0.5,53.0,155.0,145.0,14.0,26.0,9.0,0.0,2.0,10.0,5.0,1.0,6.0,42.0,0.179,0.219,0.283,0.502,41.0,0.235,38.0,41.0,0.0,2.0,0.0,2.0,0.0,8/9H7,,2024
409.0,Luke Maile,33.0,CIN,NL,-0.4,53.0,154.0,135.0,8.0,24.0,4.0,0.0,2.0,8.0,2.0,0.0,13.0,52.0,0.178,0.268,0.252,0.52,44.0,0.25,43.0,34.0,4.0,4.0,1.0,1.0,0.0,2/1HD,,2024
410.0,Tommy Edman#,29.0,LAD,NL,0.9,37.0,153.0,139.0,20.0,33.0,5.0,1.0,6.0,20.0,6.0,0.0,11.0,30.0,0.237,0.294,0.417,0.711,99.0,0.321,101.0,58.0,2.0,1.0,0.0,2.0,0.0,86/H4,,2024
411.0,Martín Maldonado,37.0,CHW,AL,-1.3,48.0,147.0,135.0,9.0,16.0,3.0,0.0,4.0,11.0,0.0,0.0,8.0,51.0,0.119,0.174,0.23,0.403,14.0,0.18,5.0,31.0,5.0,1.0,3.0,0.0,0.0,2,,2024
412.0,Christian Bethancourt,32.0,2TM,NL,0.3,62.0,147.0,139.0,18.0,29.0,7.0,0.0,5.0,22.0,3.0,0.0,5.0,36.0,0.209,0.241,0.367,0.608,67.0,0.278,64.0,51.0,2.0,1.0,2.0,0.0,0.0,2/DH,,2024
412.0,Christian Bethancourt,32.0,MIA,NL,-0.5,38.0,88.0,82.0,9.0,13.0,3.0,0.0,2.0,7.0,0.0,0.0,3.0,22.0,0.159,0.198,0.268,0.466,28.0,0.205,10.0,22.0,1.0,1.0,2.0,0.0,0.0,2/DH,,2024
412.0,Christian Bethancourt,32.0,CHC,NL,0.8,24.0,59.0,57.0,9.0,16.0,4.0,0.0,3.0,15.0,3.0,0.0,2.0,14.0,0.281,0.305,0.509,0.814,126.0,0.385,143.0,29.0,1.0,0.0,0.0,0.0,0.0,2,,2024
413.0,Austin Hedges,31.0,CLE,AL,-0.6,66.0,146.0,132.0,12.0,20.0,3.0,0.0,2.0,15.0,2.0,0.0,6.0,50.0,0.152,0.203,0.22,0.422,21.0,0.199,14.0,29.0,2.0,3.0,3.0,2.0,0.0,2/1,,2024
414.0,Jonathan Aranda*,26.0,TBR,AL,0.7,44.0,143.0,128.0,22.0,30.0,7.0,0.0,6.0,14.0,0.0,0.0,12.0,32.0,0.234,0.308,0.43,0.737,109.0,0.325,111.0,55.0,2.0,2.0,0.0,1.0,0.0,3DH/45,,2024
415.0,Andruw Monasterio,27.0,MIL,NL,-0.2,59.0,142.0,125.0,14.0,26.0,5.0,0.0,1.0,16.0,6.0,2.0,16.0,40.0,0.208,0.303,0.272,0.575,63.0,0.267,60.0,34.0,3.0,1.0,0.0,0.0,0.0,54H/3D7,,2024
416.0,Danny Mendick,30.0,CHW,AL,-0.3,47.0,141.0,132.0,13.0,26.0,7.0,0.0,3.0,8.0,6.0,0.0,6.0,35.0,0.197,0.243,0.318,0.561,59.0,0.255,53.0,42.0,3.0,2.0,1.0,0.0,0.0,54H/1D,,2024
417.0,Tomás Nido,30.0,2TM,NL,-0.4,49.0,140.0,130.0,14.0,25.0,4.0,0.0,4.0,12.0,0.0,0.0,5.0,35.0,0.192,0.219,0.315,0.534,50.0,0.235,44.0,41.0,1.0,0.0,3.0,2.0,0.0,2/H,,2024
417.0,Tomás Nido,30.0,NYM,NL,0.1,32.0,90.0,83.0,9.0,19.0,2.0,0.0,3.0,8.0,0.0,0.0,4.0,20.0,0.229,0.261,0.361,0.623,75.0,0.278,76.0,30.0,0.0,0.0,2.0,1.0,0.0,2/H,,2024
417.0,Tomás Nido,30.0,CHC,NL,-0.5,17.0,50.0,47.0,5.0,6.0,2.0,0.0,1.0,4.0,0.0,0.0,1.0,15.0,0.128,0.143,0.234,0.377,5.0,0.159,-14.0,11.0,1.0,0.0,1.0,1.0,0.0,2/H,,2024
418.0,Darell Hernaiz,22.0,OAK,AL,-0.8,48.0,135.0,120.0,8.0,23.0,3.0,0.0,1.0,12.0,1.0,1.0,11.0,27.0,0.192,0.261,0.242,0.503,48.0,0.235,51.0,29.0,4.0,1.0,1.0,2.0,0.0,56/H4,,2024
419.0,Dairon Blanco,31.0,KCR,AL,0.1,88.0,132.0,120.0,37.0,31.0,4.0,0.0,4.0,13.0,31.0,7.0,8.0,32.0,0.258,0.308,0.392,0.699,98.0,0.327,85.0,47.0,2.0,1.0,1.0,1.0,0.0,H798D,,2024
420.0,Andrés Chaparro,25.0,WSN,NL,-0.1,33.0,132.0,121.0,12.0,26.0,12.0,0.0,4.0,15.0,1.0,1.0,7.0,24.0,0.215,0.28,0.413,0.694,94.0,0.305,97.0,50.0,3.0,4.0,0.0,0.0,0.0,D3,,2024
421.0,Dylan Crews,22.0,WSN,NL,0.6,31.0,132.0,119.0,12.0,26.0,5.0,1.0,3.0,8.0,12.0,3.0,11.0,26.0,0.218,0.288,0.353,0.641,81.0,0.296,82.0,42.0,4.0,1.0,0.0,1.0,0.0,9/8,,2024
422.0,Curtis Mead,23.0,TBR,AL,-0.5,38.0,132.0,122.0,10.0,29.0,3.0,0.0,1.0,7.0,2.0,0.0,6.0,30.0,0.238,0.282,0.287,0.569,65.0,0.259,61.0,35.0,2.0,2.0,0.0,1.0,0.0,45/DH3,,2024
423.0,Riley Adams,28.0,WSN,NL,0.2,41.0,130.0,116.0,10.0,26.0,5.0,1.0,2.0,8.0,1.0,0.0,10.0,35.0,0.224,0.292,0.336,0.629,78.0,0.292,84.0,39.0,4.0,2.0,0.0,2.0,1.0,2/DH,,2024
424.0,Grant McCray*,23.0,SFG,NL,0.0,37.0,130.0,124.0,13.0,25.0,3.0,2.0,5.0,10.0,5.0,0.0,6.0,56.0,0.202,0.238,0.379,0.617,74.0,0.285,78.0,47.0,3.0,0.0,0.0,0.0,0.0,8,,2024
425.0,Luis Torrens,28.0,NYM,NL,0.7,47.0,130.0,118.0,14.0,27.0,8.0,0.0,3.0,15.0,0.0,1.0,9.0,28.0,0.229,0.292,0.373,0.665,88.0,0.287,86.0,44.0,5.0,2.0,0.0,1.0,0.0,2/HD1,,2024
426.0,Mike Trout,32.0,LAA,AL,1.1,29.0,126.0,109.0,17.0,24.0,1.0,2.0,10.0,14.0,6.0,1.0,16.0,27.0,0.22,0.325,0.541,0.867,139.0,0.372,136.0,59.0,0.0,1.0,0.0,0.0,1.0,8/D,,2024
427.0,Curt Casali,35.0,SFG,NL,0.3,41.0,125.0,108.0,12.0,21.0,3.0,0.0,1.0,8.0,0.0,0.0,13.0,22.0,0.194,0.293,0.25,0.543,59.0,0.27,73.0,27.0,3.0,2.0,2.0,0.0,0.0,2,,2024
428.0,Michael Stefanic,28.0,LAA,AL,-0.2,40.0,124.0,110.0,8.0,24.0,4.0,0.0,0.0,8.0,0.0,0.0,10.0,20.0,0.218,0.301,0.255,0.555,60.0,0.256,58.0,28.0,5.0,3.0,1.0,0.0,0.0,4/HD15,,2024
429.0,Christian Encarnacion-Strand,24.0,CIN,NL,-1.0,29.0,123.0,116.0,13.0,22.0,6.0,0.0,2.0,16.0,0.0,0.0,4.0,35.0,0.19,0.22,0.293,0.513,39.0,0.222,25.0,34.0,4.0,1.0,0.0,2.0,0.0,3,,2024
430.0,Brett Harris,26.0,OAK,AL,-0.5,36.0,123.0,103.0,15.0,15.0,3.0,0.0,3.0,12.0,0.0,3.0,17.0,25.0,0.146,0.276,0.262,0.539,59.0,0.253,71.0,27.0,3.0,2.0,0.0,1.0,0.0,5/H,,2024
431.0,Henry Davis,24.0,PIT,NL,-0.6,37.0,122.0,104.0,9.0,15.0,4.0,0.0,1.0,5.0,0.0,0.0,13.0,45.0,0.144,0.242,0.212,0.453,29.0,0.226,32.0,22.0,1.0,1.0,1.0,2.0,0.0,2/HD,,2024
432.0,Brooks Baldwin#,23.0,CHW,AL,0.0,33.0,121.0,114.0,9.0,24.0,6.0,0.0,2.0,8.0,4.0,0.0,6.0,31.0,0.211,0.25,0.316,0.566,61.0,0.263,60.0,36.0,1.0,0.0,1.0,0.0,0.0,4/6,,2024
433.0,José Abreu,37.0,HOU,AL,-1.7,35.0,120.0,113.0,10.0,14.0,2.0,0.0,2.0,7.0,0.0,0.0,4.0,28.0,0.124,0.167,0.195,0.361,3.0,0.163,-5.0,22.0,4.0,2.0,0.0,1.0,0.0,3/H,,2024
434.0,Kody Clemens*,28.0,PHI,NL,0.3,43.0,120.0,114.0,17.0,25.0,9.0,1.0,5.0,18.0,0.0,0.0,5.0,29.0,0.219,0.258,0.447,0.706,91.0,0.3,88.0,51.0,2.0,1.0,0.0,0.0,0.0,H35/471D,,2024
435.0,Jerar Encarnación,26.0,SFG,NL,0.1,35.0,119.0,113.0,13.0,28.0,5.0,0.0,5.0,19.0,1.0,0.0,5.0,34.0,0.248,0.277,0.425,0.702,98.0,0.301,94.0,48.0,0.0,0.0,0.0,1.0,0.0,D9/7H3,,2024
436.0,Trey Sweeney*,24.0,DET,AL,0.7,36.0,119.0,110.0,11.0,24.0,5.0,0.0,4.0,17.0,2.0,0.0,7.0,32.0,0.218,0.269,0.373,0.642,79.0,0.29,81.0,41.0,3.0,1.0,0.0,1.0,0.0,6,,2024
437.0,Garrett Cooper,33.0,2TM,2LG,-0.8,36.0,116.0,107.0,6.0,22.0,5.0,1.0,1.0,11.0,0.0,0.0,7.0,35.0,0.206,0.267,0.299,0.566,60.0,0.253,53.0,32.0,3.0,2.0,0.0,0.0,0.0,3D/H7,,2024
437.0,Garrett Cooper,33.0,CHC,NL,0.1,12.0,41.0,37.0,3.0,10.0,1.0,1.0,1.0,6.0,0.0,0.0,4.0,13.0,0.27,0.341,0.432,0.774,118.0,0.336,116.0,16.0,1.0,0.0,0.0,0.0,0.0,/D3H7,,2024
437.0,Garrett Cooper,33.0,BOS,AL,-0.9,24.0,75.0,70.0,3.0,12.0,4.0,0.0,0.0,5.0,0.0,0.0,3.0,22.0,0.171,0.227,0.229,0.455,30.0,0.207,19.0,16.0,2.0,2.0,0.0,0.0,0.0,3/DH,,2024
438.0,Vaughn Grissom,23.0,BOS,AL,-0.2,31.0,114.0,105.0,10.0,20.0,3.0,0.0,0.0,6.0,2.0,0.0,7.0,24.0,0.19,0.246,0.219,0.465,33.0,0.234,35.0,23.0,3.0,1.0,0.0,1.0,0.0,4/DH,,2024
439.0,José Herrera#,27.0,ARI,NL,-0.2,42.0,114.0,97.0,11.0,22.0,4.0,1.0,1.0,13.0,0.0,0.0,9.0,27.0,0.227,0.29,0.32,0.609,70.0,0.272,64.0,31.0,1.0,0.0,7.0,1.0,0.0,2/H5D,,2024
440.0,Heston Kjerstad*,25.0,BAL,AL,0.4,39.0,114.0,99.0,8.0,25.0,2.0,0.0,4.0,14.0,1.0,0.0,10.0,33.0,0.253,0.351,0.394,0.745,116.0,0.336,123.0,39.0,0.0,5.0,0.0,0.0,2.0,D7H/9,,2024
441.0,Alex Call,29.0,WSN,NL,1.5,30.0,113.0,99.0,15.0,34.0,9.0,0.0,3.0,14.0,5.0,1.0,12.0,19.0,0.343,0.425,0.525,0.95,168.0,0.429,181.0,52.0,2.0,2.0,0.0,0.0,0.0,9/87H,,2024
442.0,Casey Schmitt,25.0,SFG,NL,0.2,40.0,113.0,107.0,11.0,27.0,4.0,1.0,6.0,16.0,0.0,0.0,4.0,25.0,0.252,0.283,0.477,0.76,113.0,0.321,110.0,51.0,2.0,1.0,0.0,1.0,0.0,46/5HD,,2024
443.0,Estevan Florial*,26.0,CLE,AL,0.1,36.0,111.0,98.0,11.0,17.0,6.0,2.0,3.0,11.0,2.0,1.0,11.0,41.0,0.173,0.264,0.367,0.631,78.0,0.275,73.0,36.0,2.0,1.0,1.0,0.0,0.0,79D/H8,,2024
444.0,Ryan Noda*,28.0,OAK,AL,-0.6,36.0,111.0,95.0,8.0,13.0,4.0,0.0,1.0,4.0,0.0,0.0,14.0,37.0,0.137,0.255,0.211,0.465,38.0,0.222,40.0,20.0,0.0,1.0,1.0,0.0,0.0,3/H9D,,2024
445.0,Luis Urías,27.0,SEA,AL,0.4,41.0,109.0,94.0,11.0,18.0,7.0,0.0,4.0,16.0,0.0,0.0,9.0,34.0,0.191,0.303,0.394,0.696,104.0,0.307,106.0,37.0,2.0,6.0,0.0,0.0,0.0,5/HD,,2024
446.0,Sean Bouchard,28.0,COL,NL,-0.6,31.0,108.0,91.0,14.0,17.0,7.0,0.0,1.0,8.0,4.0,0.0,12.0,33.0,0.187,0.29,0.297,0.586,58.0,0.299,73.0,27.0,0.0,2.0,1.0,2.0,0.0,97/DH,,2024
447.0,Dane Myers,28.0,MIA,NL,0.5,44.0,108.0,95.0,17.0,25.0,6.0,1.0,3.0,19.0,4.0,1.0,8.0,36.0,0.263,0.333,0.442,0.775,113.0,0.346,111.0,42.0,0.0,3.0,0.0,2.0,0.0,9H8/7D,,2024
448.0,Bryan Ramos,22.0,CHW,AL,-0.2,32.0,108.0,99.0,13.0,20.0,4.0,0.0,3.0,11.0,0.0,2.0,7.0,22.0,0.202,0.252,0.333,0.586,66.0,0.273,80.0,33.0,3.0,0.0,0.0,1.0,0.0,5/DH,,2024
449.0,Niko Kavadas*,25.0,LAA,AL,-0.2,30.0,106.0,93.0,11.0,17.0,2.0,0.0,4.0,8.0,1.0,0.0,11.0,41.0,0.183,0.283,0.333,0.616,74.0,0.28,74.0,31.0,0.0,2.0,0.0,0.0,0.0,D/3H,,2024
450.0,Miles Mastrobuoni*,28.0,CHC,NL,-0.2,50.0,106.0,98.0,9.0,19.0,3.0,0.0,0.0,4.0,2.0,0.0,7.0,17.0,0.194,0.245,0.224,0.47,35.0,0.22,29.0,22.0,1.0,0.0,0.0,1.0,0.0,H546/97D,,2024
451.0,Trevor Story,31.0,BOS,AL,0.7,26.0,106.0,94.0,8.0,24.0,7.0,0.0,2.0,10.0,6.0,3.0,11.0,33.0,0.255,0.34,0.394,0.733,107.0,0.325,104.0,37.0,2.0,1.0,0.0,0.0,2.0,6,,2024
452.0,Nick Allen,25.0,OAK,AL,0.2,41.0,105.0,97.0,6.0,17.0,4.0,0.0,1.0,4.0,0.0,0.0,5.0,20.0,0.175,0.216,0.247,0.463,35.0,0.215,33.0,24.0,0.0,0.0,3.0,0.0,0.0,6/5H4,,2024
453.0,Oliver Dunn*,26.0,MIL,NL,0.2,41.0,104.0,95.0,11.0,21.0,2.0,2.0,1.0,7.0,3.0,0.0,6.0,40.0,0.221,0.282,0.316,0.597,67.0,0.269,58.0,30.0,1.0,2.0,1.0,0.0,0.0,5H/D34,,2024
454.0,Alek Thomas*,24.0,ARI,NL,0.0,39.0,103.0,95.0,13.0,18.0,5.0,1.0,3.0,17.0,4.0,1.0,7.0,17.0,0.189,0.245,0.358,0.603,65.0,0.283,71.0,34.0,7.0,0.0,1.0,0.0,0.0,8/HD,,2024
455.0,Jacob Wilson,22.0,OAK,AL,-0.2,28.0,103.0,92.0,11.0,23.0,2.0,2.0,0.0,3.0,0.0,0.0,8.0,10.0,0.25,0.314,0.315,0.629,85.0,0.281,82.0,29.0,4.0,1.0,1.0,1.0,0.0,6/H,,2024
456.0,Ben Gamel*,32.0,2TM,2LG,0.2,38.0,99.0,81.0,22.0,20.0,4.0,0.0,1.0,4.0,1.0,0.0,18.0,24.0,0.247,0.384,0.333,0.717,108.0,0.338,118.0,27.0,0.0,0.0,0.0,0.0,1.0,97/HD,,2024
456.0,Ben Gamel*,32.0,NYM,NL,0.0,18.0,30.0,23.0,9.0,5.0,1.0,0.0,0.0,0.0,1.0,0.0,7.0,7.0,0.217,0.4,0.261,0.661,95.0,0.36,130.0,6.0,0.0,0.0,0.0,0.0,0.0,9/7HD,,2024
456.0,Ben Gamel*,32.0,HOU,AL,0.2,20.0,69.0,58.0,13.0,15.0,3.0,0.0,1.0,4.0,0.0,0.0,11.0,17.0,0.259,0.377,0.362,0.739,113.0,0.328,113.0,21.0,0.0,0.0,0.0,0.0,1.0,9/7H,,2024
457.0,Aaron Schunk,26.0,COL,NL,0.2,39.0,98.0,94.0,14.0,22.0,3.0,0.0,2.0,7.0,0.0,1.0,4.0,31.0,0.234,0.265,0.33,0.595,59.0,0.26,55.0,31.0,0.0,0.0,0.0,0.0,1.0,45/H6D,,2024
458.0,Weston Wilson,29.0,PHI,NL,0.7,40.0,98.0,88.0,13.0,25.0,7.0,1.0,3.0,10.0,3.0,0.0,8.0,29.0,0.284,0.347,0.489,0.836,129.0,0.372,135.0,43.0,2.0,1.0,0.0,1.0,0.0,7H/549318,,2024
459.0,Tucker Barnhart*,33.0,ARI,NL,0.3,31.0,96.0,81.0,13.0,14.0,3.0,0.0,0.0,6.0,1.0,0.0,13.0,31.0,0.173,0.287,0.21,0.497,42.0,0.252,49.0,17.0,0.0,0.0,2.0,0.0,0.0,2/1H,,2024
460.0,Yan Gomes,36.0,CHC,NL,-0.7,34.0,96.0,91.0,7.0,14.0,2.0,0.0,2.0,7.0,0.0,0.0,2.0,36.0,0.154,0.179,0.242,0.421,18.0,0.192,12.0,22.0,2.0,1.0,1.0,1.0,0.0,2,,2024
461.0,Ali Sánchez,27.0,MIA,NL,-0.6,31.0,96.0,84.0,5.0,14.0,2.0,0.0,0.0,4.0,2.0,1.0,4.0,24.0,0.167,0.211,0.19,0.402,13.0,0.194,-1.0,16.0,2.0,1.0,6.0,1.0,0.0,2/H,,2024
462.0,Alika Williams,25.0,PIT,NL,-0.2,37.0,96.0,87.0,13.0,18.0,4.0,2.0,0.0,5.0,1.0,0.0,3.0,22.0,0.207,0.242,0.299,0.541,51.0,0.249,45.0,26.0,0.0,1.0,5.0,0.0,0.0,46/H,,2024
463.0,Miguel Sanó,31.0,LAA,AL,-0.1,28.0,95.0,83.0,9.0,17.0,3.0,0.0,2.0,6.0,0.0,0.0,9.0,36.0,0.205,0.295,0.313,0.608,73.0,0.272,70.0,26.0,2.0,2.0,0.0,1.0,0.0,5/D3H1,,2024
464.0,Jace Jung*,23.0,DET,AL,-0.5,34.0,94.0,79.0,14.0,19.0,5.0,0.0,0.0,3.0,0.0,1.0,15.0,29.0,0.241,0.362,0.304,0.665,92.0,0.304,97.0,24.0,3.0,0.0,0.0,0.0,0.0,5H/D4,,2024
465.0,Nick Madrigal,27.0,CHC,NL,-0.4,51.0,94.0,86.0,5.0,19.0,3.0,0.0,0.0,10.0,1.0,0.0,4.0,10.0,0.221,0.28,0.256,0.535,54.0,0.246,50.0,22.0,2.0,3.0,1.0,0.0,0.0,54/HD,,2024
466.0,Bobby Dalbec,29.0,BOS,AL,-0.8,37.0,93.0,83.0,6.0,11.0,2.0,0.0,1.0,8.0,3.0,0.0,8.0,43.0,0.133,0.217,0.193,0.41,18.0,0.196,4.0,16.0,1.0,1.0,1.0,0.0,0.0,35/H9D,,2024
467.0,Andrew Knizner,29.0,TEX,AL,-0.9,35.0,93.0,90.0,5.0,15.0,1.0,0.0,1.0,9.0,0.0,0.0,1.0,22.0,0.167,0.183,0.211,0.394,15.0,0.183,9.0,19.0,2.0,1.0,0.0,1.0,0.0,2/1D,,2024
468.0,Trey Cabbage*,27.0,HOU,AL,-0.1,45.0,91.0,86.0,12.0,18.0,8.0,0.0,1.0,8.0,1.0,1.0,4.0,34.0,0.209,0.253,0.337,0.59,67.0,0.255,63.0,29.0,1.0,1.0,0.0,0.0,0.0,9H7/D,,2024
469.0,Nathan Lukes*,29.0,TOR,AL,1.2,22.0,91.0,76.0,13.0,23.0,4.0,2.0,1.0,10.0,1.0,0.0,10.0,9.0,0.303,0.371,0.447,0.818,131.0,0.355,130.0,34.0,1.0,0.0,2.0,3.0,0.0,7/98HD,,2024
470.0,Griffin Conine*,26.0,MIA,NL,0.7,30.0,89.0,82.0,14.0,22.0,4.0,1.0,3.0,12.0,0.0,0.0,6.0,28.0,0.268,0.326,0.451,0.777,113.0,0.332,104.0,37.0,1.0,1.0,0.0,0.0,0.0,9/7HD,,2024
471.0,Zack Short,29.0,3TM,2LG,-0.1,42.0,88.0,70.0,11.0,9.0,3.0,0.0,0.0,5.0,2.0,1.0,14.0,24.0,0.129,0.282,0.171,0.454,32.0,0.239,42.0,12.0,0.0,1.0,3.0,0.0,0.0,5H6/4D,,2024
471.0,Zack Short,29.0,2TM,NL,0.1,40.0,81.0,63.0,11.0,9.0,3.0,0.0,0.0,5.0,2.0,1.0,14.0,20.0,0.143,0.308,0.19,0.498,45.0,0.26,57.0,12.0,0.0,1.0,3.0,0.0,0.0,5H6/4D,,2024
471.0,Zack Short,29.0,NYM,NL,-0.1,10.0,12.0,9.0,2.0,1.0,0.0,0.0,0.0,0.0,0.0,1.0,2.0,4.0,0.111,0.273,0.111,0.384,16.0,0.162,20.0,1.0,0.0,0.0,1.0,0.0,0.0,/H546D,,2024
471.0,Zack Short,29.0,BOS,AL,-0.2,2.0,7.0,7.0,0.0,0.0,0.0,0.0,0.0,0.0,0.0,0.0,0.0,4.0,0.0,0.0,0.0,0.0,-100.0,0.0,-130.0,0.0,0.0,0.0,0.0,0.0,0.0,/45,,2024
471.0,Zack Short,29.0,ATL,NL,0.2,30.0,69.0,54.0,9.0,8.0,3.0,0.0,0.0,5.0,2.0,0.0,12.0,16.0,0.148,0.313,0.204,0.517,49.0,0.276,63.0,11.0,0.0,1.0,2.0,0.0,0.0,56/H4D,,2024
472.0,Adrian Del Castillo*,24.0,ARI,NL,0.5,25.0,87.0,80.0,12.0,25.0,5.0,0.0,4.0,19.0,1.0,1.0,7.0,28.0,0.313,0.368,0.525,0.893,145.0,0.379,146.0,42.0,1.0,0.0,0.0,0.0,0.0,2/H,,2024
473.0,Dillon Dingler,25.0,DET,AL,-0.3,27.0,87.0,84.0,2.0,14.0,5.0,2.0,1.0,11.0,0.0,0.0,3.0,30.0,0.167,0.195,0.31,0.505,40.0,0.217,31.0,26.0,2.0,0.0,0.0,0.0,0.0,2,,2024
474.0,Leo Rivas#,26.0,SEA,AL,0.3,43.0,86.0,73.0,10.0,17.0,1.0,1.0,0.0,8.0,3.0,0.0,10.0,24.0,0.233,0.333,0.274,0.607,83.0,0.29,87.0,20.0,1.0,1.0,2.0,0.0,0.0,6H4/D15,,2024
475.0,Nick Sogard#,26.0,BOS,AL,0.3,31.0,86.0,77.0,13.0,21.0,4.0,0.0,0.0,8.0,3.0,0.0,7.0,25.0,0.273,0.326,0.325,0.65,85.0,0.299,79.0,25.0,4.0,0.0,0.0,2.0,0.0,4/65H3,,2024
476.0,Will Wagner*,25.0,TOR,AL,0.7,24.0,86.0,82.0,8.0,25.0,6.0,0.0,2.0,11.0,0.0,0.0,4.0,16.0,0.305,0.337,0.451,0.788,122.0,0.354,130.0,37.0,3.0,0.0,0.0,0.0,0.0,4/H3D,,2024
477.0,Akil Baddoo*,25.0,DET,AL,-0.5,31.0,82.0,73.0,7.0,10.0,2.0,2.0,2.0,5.0,1.0,0.0,8.0,27.0,0.137,0.22,0.301,0.521,46.0,0.23,39.0,22.0,0.0,0.0,0.0,1.0,0.0,7/89H,,2024
478.0,Ji Hwan Bae*,24.0,PIT,NL,-0.4,29.0,81.0,74.0,11.0,14.0,2.0,0.0,0.0,6.0,6.0,2.0,6.0,24.0,0.189,0.247,0.216,0.463,32.0,0.228,31.0,16.0,0.0,0.0,0.0,1.0,0.0,89/HD4,,2024
479.0,Marco Luciano,22.0,SFG,NL,-0.4,27.0,81.0,76.0,10.0,16.0,5.0,1.0,0.0,3.0,0.0,1.0,5.0,28.0,0.211,0.259,0.303,0.562,61.0,0.275,82.0,23.0,1.0,0.0,0.0,0.0,0.0,/46DH,,2024
480.0,Brandon Crawford*,37.0,STL,NL,-0.2,28.0,80.0,71.0,5.0,12.0,5.0,0.0,1.0,4.0,0.0,0.0,8.0,26.0,0.169,0.263,0.282,0.544,54.0,0.247,49.0,20.0,0.0,1.0,0.0,0.0,0.0,6/5HD1,,2024
481.0,José Azócar,28.0,SDP,NL,-0.4,61.0,79.0,73.0,13.0,16.0,2.0,0.0,0.0,2.0,5.0,1.0,5.0,19.0,0.219,0.269,0.247,0.516,46.0,0.265,56.0,18.0,1.0,0.0,1.0,0.0,0.0,7H8/9D,,2024
482.0,José Fermín,25.0,STL,NL,-0.6,45.0,79.0,71.0,7.0,11.0,1.0,1.0,0.0,4.0,2.0,1.0,7.0,11.0,0.155,0.241,0.197,0.438,26.0,0.205,19.0,14.0,3.0,1.0,0.0,0.0,0.0,HD54/7,,2024
483.0,Daniel Vogelbach*,31.0,TOR,AL,-0.4,31.0,79.0,70.0,5.0,13.0,5.0,0.0,1.0,8.0,0.0,0.0,9.0,17.0,0.186,0.278,0.3,0.578,65.0,0.262,65.0,21.0,4.0,0.0,0.0,0.0,0.0,DH,,2024
484.0,Nasim Nuñez#,23.0,WSN,NL,0.7,51.0,78.0,61.0,14.0,15.0,1.0,0.0,0.0,1.0,8.0,2.0,12.0,15.0,0.246,0.37,0.262,0.632,85.0,0.331,106.0,16.0,1.0,0.0,5.0,0.0,0.0,6H/4D,,2024
485.0,Joshua Palacios*,28.0,PIT,NL,-0.1,23.0,78.0,67.0,10.0,15.0,2.0,0.0,2.0,9.0,1.0,0.0,10.0,12.0,0.224,0.333,0.343,0.677,91.0,0.308,90.0,23.0,1.0,1.0,0.0,0.0,0.0,9/78H,,2024
486.0,Chuckie Robinson,29.0,CHW,AL,-0.5,26.0,76.0,70.0,2.0,9.0,0.0,0.0,0.0,0.0,0.0,0.0,5.0,20.0,0.129,0.197,0.129,0.326,-4.0,0.171,0.0,9.0,1.0,1.0,0.0,0.0,0.0,2/H,,2024
487.0,Zach DeLoach*,25.0,CHW,AL,-0.1,22.0,75.0,67.0,10.0,14.0,5.0,0.0,1.0,5.0,0.0,1.0,8.0,21.0,0.209,0.293,0.328,0.622,78.0,0.28,84.0,22.0,0.0,0.0,0.0,0.0,0.0,9/7H8D,,2024
488.0,Bligh Madris*,28.0,DET,AL,0.2,21.0,75.0,67.0,8.0,18.0,3.0,0.0,1.0,5.0,0.0,0.0,6.0,20.0,0.269,0.324,0.358,0.683,93.0,0.298,89.0,24.0,0.0,0.0,0.0,1.0,0.0,3/9H,,2024
489.0,Jon Berti,34.0,NYY,AL,0.6,25.0,74.0,66.0,10.0,18.0,0.0,0.0,1.0,6.0,5.0,1.0,6.0,14.0,0.273,0.342,0.318,0.661,91.0,0.334,108.0,21.0,2.0,1.0,1.0,0.0,0.0,5/H47D,,2024
490.0,Eric Wagaman,26.0,LAA,AL,0.4,18.0,74.0,72.0,6.0,18.0,5.0,0.0,2.0,10.0,0.0,0.0,2.0,17.0,0.25,0.27,0.403,0.673,87.0,0.291,83.0,29.0,1.0,0.0,0.0,0.0,0.0,5/7H,,2024
491.0,Bryce Johnson#,28.0,SDP,NL,-0.3,47.0,73.0,63.0,9.0,13.0,2.0,0.0,0.0,4.0,1.0,1.0,7.0,12.0,0.206,0.286,0.238,0.524,50.0,0.237,43.0,15.0,1.0,0.0,3.0,0.0,0.0,9H/78D,,2024
492.0,Jacob Amaya,25.0,2TM,AL,-0.1,24.0,72.0,68.0,4.0,12.0,1.0,0.0,0.0,3.0,1.0,0.0,4.0,28.0,0.176,0.222,0.191,0.413,20.0,0.191,13.0,13.0,3.0,0.0,0.0,0.0,0.0,6/4,,2024
492.0,Jacob Amaya,25.0,HOU,AL,0.0,1.0,1.0,1.0,0.0,0.0,0.0,0.0,0.0,0.0,0.0,0.0,0.0,0.0,0.0,0.0,0.0,0.0,-100.0,0.0,-127.0,0.0,0.0,0.0,0.0,0.0,0.0,/4,,2024
492.0,Jacob Amaya,25.0,CHW,AL,0.0,23.0,71.0,67.0,4.0,12.0,1.0,0.0,0.0,3.0,1.0,0.0,4.0,28.0,0.179,0.225,0.194,0.419,22.0,0.194,15.0,13.0,3.0,0.0,0.0,0.0,0.0,6,,2024
493.0,Ryan Bliss,24.0,SEA,AL,0.4,33.0,71.0,63.0,10.0,14.0,3.0,1.0,2.0,9.0,5.0,3.0,5.0,22.0,0.222,0.29,0.397,0.687,101.0,0.292,98.0,25.0,1.0,1.0,2.0,0.0,0.0,4H/D,,2024
494.0,Jack López,31.0,LAA,AL,0.0,27.0,71.0,67.0,4.0,17.0,3.0,0.0,1.0,6.0,0.0,1.0,2.0,25.0,0.254,0.286,0.343,0.629,77.0,0.289,87.0,23.0,2.0,1.0,1.0,0.0,0.0,4/6H9,,2024
495.0,Brian Serven,29.0,TOR,AL,0.2,28.0,71.0,63.0,6.0,10.0,4.0,0.0,0.0,3.0,0.0,0.0,5.0,22.0,0.159,0.243,0.222,0.465,34.0,0.229,40.0,14.0,0.0,2.0,1.0,0.0,0.0,2/H,,2024
496.0,Eric Haase,31.0,MIL,NL,0.4,30.0,69.0,66.0,10.0,18.0,1.0,0.0,5.0,14.0,0.0,0.0,3.0,28.0,0.273,0.304,0.515,0.819,123.0,0.359,128.0,34.0,0.0,0.0,0.0,0.0,0.0,2/HD,,2024
497.0,Omar Narváez*,32.0,NYM,NL,-0.9,28.0,69.0,65.0,4.0,10.0,2.0,0.0,0.0,5.0,0.0,0.0,3.0,12.0,0.154,0.191,0.185,0.376,8.0,0.172,-1.0,12.0,2.0,0.0,1.0,0.0,0.0,2,,2024
498.0,Jacob Hurtubise*,26.0,CIN,NL,-0.1,29.0,68.0,54.0,7.0,10.0,1.0,1.0,0.0,4.0,2.0,0.0,6.0,18.0,0.185,0.297,0.241,0.538,50.0,0.275,55.0,13.0,0.0,3.0,4.0,1.0,0.0,7/HD9,,2024
499.0,Jasson Domínguez#,21.0,NYY,AL,-0.1,18.0,67.0,56.0,8.0,10.0,1.0,0.0,2.0,4.0,5.0,0.0,11.0,19.0,0.179,0.313,0.304,0.617,78.0,0.315,88.0,17.0,0.0,0.0,0.0,0.0,0.0,7/8HD,,2024
500.0,Braden Shewmake*,26.0,CHW,AL,-0.6,29.0,67.0,64.0,4.0,8.0,2.0,0.0,1.0,4.0,5.0,1.0,1.0,10.0,0.125,0.134,0.203,0.337,-5.0,0.154,-19.0,13.0,0.0,0.0,0.0,2.0,0.0,6/54HD,,2024
501.0,Alan Trejo,28.0,COL,NL,-0.8,28.0,67.0,63.0,4.0,9.0,0.0,0.0,0.0,1.0,0.0,0.0,2.0,15.0,0.143,0.182,0.143,0.325,-11.0,0.154,-27.0,9.0,2.0,1.0,1.0,0.0,0.0,4/5H6D,,2024
502.0,Jonatan Clase#,22.0,2TM,AL,-0.1,26.0,66.0,61.0,7.0,15.0,2.0,0.0,1.0,5.0,3.0,1.0,3.0,17.0,0.246,0.303,0.328,0.631,84.0,0.299,94.0,20.0,1.0,2.0,0.0,0.0,0.0,7/8HD,,2024
502.0,Jonatan Clase#,22.0,SEA,AL,-0.2,19.0,43.0,41.0,4.0,8.0,1.0,0.0,0.0,3.0,3.0,0.0,2.0,14.0,0.195,0.233,0.22,0.452,35.0,0.221,32.0,9.0,1.0,0.0,0.0,0.0,0.0,7/H8D,,2024
502.0,Jonatan Clase#,22.0,TOR,AL,0.2,7.0,23.0,20.0,3.0,7.0,1.0,0.0,1.0,2.0,0.0,1.0,1.0,3.0,0.35,0.435,0.55,0.985,178.0,0.443,210.0,11.0,0.0,2.0,0.0,0.0,0.0,/8H,,2024
503.0,Zach Dezenzo,24.0,HOU,AL,-0.2,19.0,65.0,62.0,5.0,15.0,2.0,0.0,2.0,8.0,0.0,0.0,3.0,22.0,0.242,0.277,0.371,0.648,83.0,0.307,98.0,23.0,3.0,0.0,0.0,0.0,0.0,3/5DH,,2024
504.0,Yuli Gurriel,40.0,KCR,AL,0.1,18.0,65.0,54.0,7.0,13.0,3.0,0.0,0.0,6.0,1.0,0.0,9.0,15.0,0.241,0.338,0.296,0.635,84.0,0.289,78.0,16.0,1.0,0.0,0.0,2.0,0.0,3/DH,,2024
505.0,Ryan Kreidler,26.0,DET,AL,-0.5,35.0,65.0,59.0,9.0,7.0,0.0,0.0,1.0,2.0,5.0,3.0,6.0,19.0,0.119,0.2,0.169,0.369,6.0,0.17,1.0,10.0,2.0,0.0,0.0,0.0,0.0,6/5H78D,,2024
506.0,Esteury Ruiz,25.0,OAK,AL,-0.1,29.0,65.0,55.0,10.0,11.0,2.0,1.0,2.0,8.0,5.0,4.0,4.0,20.0,0.2,0.27,0.382,0.652,87.0,0.266,80.0,21.0,1.0,2.0,2.0,2.0,0.0,7H/8,,2024
507.0,Pablo Reyes,30.0,2TM,2LG,-0.7,22.0,64.0,60.0,5.0,11.0,2.0,0.0,0.0,5.0,1.0,2.0,3.0,19.0,0.183,0.234,0.217,0.451,29.0,0.196,20.0,13.0,1.0,1.0,0.0,0.0,0.0,5/4H361D,,2024
507.0,Pablo Reyes,30.0,BOS,AL,-0.7,21.0,64.0,60.0,4.0,11.0,2.0,0.0,0.0,5.0,1.0,2.0,3.0,19.0,0.183,0.234,0.217,0.451,29.0,0.196,20.0,13.0,1.0,1.0,0.0,0.0,0.0,5/436H1,,2024
507.0,Pablo Reyes,30.0,NYM,NL,0.0,1.0,0.0,0.0,1.0,0.0,0.0,0.0,0.0,0.0,0.0,0.0,0.0,0.0,,,,,,,,0.0,0.0,0.0,0.0,0.0,0.0,/DH,,2024
508.0,Aaron Hicks#,34.0,LAA,AL,-0.7,18.0,63.0,57.0,6.0,8.0,0.0,0.0,1.0,5.0,0.0,0.0,6.0,23.0,0.14,0.222,0.193,0.415,19.0,0.196,15.0,11.0,1.0,0.0,0.0,0.0,0.0,/9DH781,,2024
509.0,David Dahl*,30.0,PHI,NL,0.3,19.0,62.0,58.0,6.0,12.0,2.0,0.0,3.0,8.0,0.0,0.0,3.0,21.0,0.207,0.242,0.397,0.638,73.0,0.287,79.0,23.0,0.0,0.0,0.0,1.0,0.0,7/D9H,,2024
510.0,Mike Ford*,31.0,CIN,NL,-0.7,17.0,62.0,60.0,2.0,9.0,0.0,1.0,1.0,4.0,0.0,0.0,2.0,15.0,0.15,0.177,0.233,0.411,11.0,0.181,-4.0,14.0,1.0,0.0,0.0,0.0,0.0,D/3H,,2024
511.0,Drew Millas#,26.0,WSN,NL,0.4,20.0,62.0,57.0,7.0,14.0,1.0,0.0,1.0,1.0,4.0,0.0,5.0,16.0,0.246,0.306,0.316,0.622,78.0,0.302,82.0,18.0,1.0,0.0,0.0,0.0,0.0,2/HD,,2024
512.0,Jared Walsh*,30.0,TEX,AL,-0.2,17.0,60.0,53.0,9.0,12.0,2.0,0.0,1.0,7.0,0.0,0.0,7.0,21.0,0.226,0.317,0.321,0.637,88.0,0.288,84.0,17.0,2.0,0.0,0.0,0.0,0.0,3/H,,2024
513.0,Kyren Paris,22.0,LAA,AL,-0.3,21.0,59.0,51.0,4.0,6.0,2.0,0.0,1.0,5.0,1.0,0.0,7.0,17.0,0.118,0.224,0.216,0.44,26.0,0.225,32.0,11.0,1.0,0.0,0.0,0.0,0.0,4/H6D,,2024
514.0,David Hensley,28.0,MIA,NL,-0.4,23.0,58.0,52.0,9.0,11.0,1.0,0.0,1.0,4.0,1.0,0.0,6.0,17.0,0.212,0.293,0.288,0.582,63.0,0.262,51.0,15.0,0.0,0.0,0.0,0.0,0.0,9/H37D15,,2024
515.0,Tyler Black*,23.0,MIL,NL,-0.1,18.0,57.0,49.0,4.0,10.0,2.0,0.0,0.0,2.0,3.0,0.0,7.0,17.0,0.204,0.316,0.245,0.561,60.0,0.28,62.0,12.0,0.0,1.0,0.0,0.0,0.0,D/3H,,2024
516.0,Mason McCoy,29.0,SDP,NL,-0.1,19.0,57.0,49.0,7.0,10.0,2.0,0.0,0.0,3.0,1.0,0.0,5.0,19.0,0.204,0.278,0.245,0.523,49.0,0.24,38.0,12.0,2.0,0.0,3.0,0.0,0.0,6,,2024
517.0,Eguy Rosario,24.0,SDP,NL,0.3,30.0,57.0,53.0,5.0,13.0,6.0,0.0,3.0,6.0,0.0,0.0,2.0,20.0,0.245,0.286,0.528,0.814,121.0,0.339,116.0,28.0,1.0,1.0,1.0,0.0,0.0,5H/D4,,2024
518.0,Cole Tucker#,27.0,LAA,AL,-0.5,24.0,57.0,50.0,3.0,9.0,4.0,1.0,0.0,3.0,3.0,1.0,6.0,17.0,0.18,0.263,0.3,0.563,59.0,0.255,55.0,15.0,0.0,0.0,0.0,1.0,0.0,/5D7H1,,2024
519.0,Rafael Marchán#,25.0,PHI,NL,0.7,17.0,56.0,51.0,8.0,15.0,4.0,0.0,3.0,6.0,0.0,0.0,3.0,8.0,0.294,0.345,0.549,0.894,143.0,0.379,147.0,28.0,1.0,1.0,1.0,0.0,0.0,2,,2024
520.0,Chadwick Tromp,29.0,ATL,NL,0.2,19.0,54.0,52.0,3.0,13.0,6.0,0.0,0.0,6.0,0.0,0.0,1.0,17.0,0.25,0.259,0.365,0.625,72.0,0.282,73.0,19.0,2.0,0.0,0.0,1.0,0.0,2,,2024
521.0,Drew Romo#,22.0,COL,NL,-0.2,16.0,53.0,51.0,4.0,9.0,3.0,0.0,0.0,6.0,0.0,1.0,2.0,18.0,0.176,0.208,0.235,0.443,19.0,0.186,5.0,12.0,2.0,0.0,0.0,0.0,0.0,2/DH,,2024
522.0,Thomas Saggese,22.0,STL,NL,-0.2,18.0,52.0,49.0,5.0,10.0,2.0,0.0,1.0,4.0,0.0,0.0,2.0,14.0,0.204,0.25,0.306,0.556,56.0,0.246,48.0,15.0,0.0,1.0,0.0,0.0,0.0,4/65,,2024
523.0,Luke Williams,27.0,ATL,NL,0.2,34.0,52.0,46.0,8.0,9.0,3.0,0.0,0.0,4.0,3.0,0.0,4.0,13.0,0.196,0.275,0.261,0.535,51.0,0.277,59.0,12.0,1.0,1.0,1.0,0.0,0.0,H/45D716,,2024
524.0,Avisaíl García,33.0,MIA,NL,-0.2,18.0,51.0,50.0,4.0,12.0,1.0,0.0,2.0,2.0,0.0,0.0,1.0,13.0,0.24,0.255,0.38,0.635,73.0,0.269,58.0,19.0,4.0,0.0,0.0,0.0,0.0,9/H,,2024
525.0,Rece Hinds,23.0,CIN,NL,0.7,24.0,51.0,46.0,9.0,12.0,4.0,1.0,5.0,11.0,2.0,0.0,4.0,16.0,0.261,0.333,0.717,1.051,176.0,0.435,173.0,33.0,0.0,1.0,0.0,0.0,0.0,9/H78D,,2024
526.0,Austin Shenton*,26.0,TBR,AL,0.1,19.0,50.0,42.0,3.0,9.0,5.0,0.0,1.0,3.0,0.0,0.0,8.0,14.0,0.214,0.34,0.405,0.745,114.0,0.329,114.0,17.0,1.0,0.0,0.0,0.0,0.0,3/HD,,2024
527.0,Luken Baker,27.0,STL,NL,-0.2,21.0,49.0,40.0,3.0,7.0,1.0,1.0,2.0,10.0,1.0,0.0,7.0,11.0,0.175,0.286,0.4,0.686,91.0,0.298,83.0,16.0,1.0,0.0,0.0,2.0,0.0,DH/3,,2024
528.0,Billy Cook,25.0,PIT,NL,0.6,16.0,49.0,49.0,5.0,11.0,2.0,0.0,3.0,8.0,1.0,0.0,0.0,19.0,0.224,0.224,0.449,0.673,82.0,0.287,73.0,22.0,0.0,0.0,0.0,0.0,0.0,/3897,,2024
529.0,Tyler Locklear,23.0,SEA,AL,-0.3,16.0,49.0,45.0,3.0,7.0,1.0,0.0,2.0,3.0,1.0,0.0,3.0,20.0,0.156,0.224,0.311,0.536,56.0,0.241,55.0,14.0,3.0,1.0,0.0,0.0,0.0,3/H,,2024
530.0,René Pinto,27.0,TBR,AL,-0.1,19.0,49.0,42.0,5.0,9.0,3.0,0.0,2.0,6.0,0.0,0.0,4.0,18.0,0.214,0.292,0.429,0.72,104.0,0.306,97.0,18.0,0.0,1.0,1.0,1.0,0.0,2,,2024
531.0,Ryan Vilade,25.0,DET,AL,-0.7,17.0,49.0,45.0,5.0,8.0,0.0,0.0,1.0,5.0,0.0,0.0,2.0,12.0,0.178,0.208,0.244,0.453,28.0,0.218,31.0,11.0,2.0,0.0,1.0,1.0,0.0,7/98H3,,2024
532.0,Davis Wendzel,27.0,TEX,AL,-0.1,27.0,49.0,47.0,2.0,6.0,2.0,0.0,1.0,2.0,0.0,0.0,1.0,12.0,0.128,0.163,0.234,0.397,15.0,0.174,3.0,11.0,1.0,1.0,0.0,0.0,0.0,5/HD43,,2024
533.0,David Bote,31.0,CHC,NL,0.2,37.0,48.0,46.0,4.0,14.0,4.0,0.0,0.0,6.0,0.0,0.0,2.0,13.0,0.304,0.333,0.391,0.725,105.0,0.317,103.0,18.0,1.0,0.0,0.0,0.0,0.0,5H/431,,2024
534.0,Gustavo Campero#,26.0,LAA,AL,-0.1,13.0,48.0,46.0,6.0,11.0,0.0,1.0,1.0,6.0,3.0,0.0,0.0,8.0,0.239,0.271,0.348,0.619,74.0,0.305,83.0,16.0,0.0,2.0,0.0,0.0,0.0,9/7H,,2024
535.0,Jamie Westbrook,29.0,BOS,AL,-0.1,21.0,48.0,40.0,4.0,6.0,2.0,0.0,2.0,7.0,0.0,0.0,4.0,14.0,0.15,0.234,0.35,0.584,62.0,0.271,63.0,14.0,0.0,1.0,0.0,2.0,0.0,4/H59D,,2024
536.0,Jahmai Jones,26.0,NYY,AL,0.0,33.0,47.0,42.0,8.0,10.0,1.0,1.0,1.0,4.0,1.0,1.0,2.0,16.0,0.238,0.304,0.381,0.685,94.0,0.293,89.0,16.0,0.0,2.0,1.0,0.0,0.0,H/9D745,,2024
537.0,Coby Mayo,22.0,BAL,AL,-0.7,17.0,46.0,41.0,4.0,4.0,0.0,0.0,0.0,0.0,0.0,0.0,4.0,22.0,0.098,0.196,0.098,0.293,-11.0,0.153,-7.0,4.0,1.0,1.0,0.0,0.0,0.0,5/H3,,2024
538.0,Shay Whitcomb,25.0,HOU,AL,-0.4,20.0,46.0,41.0,1.0,9.0,3.0,0.0,0.0,5.0,0.0,0.0,5.0,8.0,0.22,0.304,0.293,0.597,72.0,0.27,72.0,12.0,1.0,0.0,0.0,0.0,0.0,5/H4,,2024
539.0,Steward Berroa#,25.0,TOR,AL,0.3,28.0,45.0,37.0,7.0,7.0,1.0,0.0,0.0,1.0,6.0,2.0,8.0,14.0,0.189,0.333,0.216,0.55,61.0,0.298,83.0,8.0,0.0,0.0,0.0,0.0,0.0,9H/78D,,2024
540.0,Yoán Moncada#,29.0,CHW,AL,0.3,12.0,45.0,40.0,4.0,11.0,3.0,1.0,0.0,0.0,1.0,0.0,5.0,11.0,0.275,0.356,0.4,0.756,116.0,0.337,116.0,16.0,2.0,0.0,0.0,0.0,0.0,5/DH,,2024
541.0,Justin Foscue,25.0,TEX,AL,-0.7,15.0,44.0,42.0,3.0,2.0,1.0,0.0,0.0,1.0,0.0,0.0,2.0,18.0,0.048,0.091,0.071,0.162,-51.0,0.08,-65.0,3.0,0.0,0.0,0.0,0.0,0.0,D/4H3,,2024
542.0,Seby Zavala,30.0,SEA,AL,-0.3,18.0,43.0,39.0,4.0,6.0,2.0,0.0,1.0,2.0,0.0,0.0,3.0,16.0,0.154,0.214,0.282,0.496,45.0,0.221,43.0,11.0,2.0,0.0,1.0,0.0,0.0,2,,2024
543.0,Eli White,30.0,ATL,NL,0.3,35.0,42.0,39.0,9.0,11.0,1.0,1.0,1.0,4.0,3.0,1.0,1.0,12.0,0.282,0.333,0.436,0.769,113.0,0.33,105.0,17.0,1.0,2.0,0.0,0.0,0.0,9H/78D4,,2024
544.0,Nick Yorke,22.0,PIT,NL,-0.2,11.0,42.0,37.0,4.0,8.0,0.0,0.0,2.0,5.0,2.0,0.0,4.0,12.0,0.216,0.286,0.378,0.664,84.0,0.299,78.0,14.0,0.0,0.0,0.0,1.0,0.0,/4957,,2024
545.0,Luisangel Acuña,22.0,NYM,NL,0.5,14.0,40.0,39.0,6.0,12.0,2.0,1.0,3.0,6.0,0.0,1.0,1.0,6.0,0.308,0.325,0.641,0.966,166.0,0.387,165.0,25.0,1.0,0.0,0.0,0.0,0.0,6/DH4,,2024
546.0,Jonathan Ornelas,24.0,TEX,AL,0.0,18.0,40.0,37.0,1.0,8.0,2.0,0.0,0.0,3.0,0.0,0.0,2.0,13.0,0.216,0.256,0.27,0.527,55.0,0.237,46.0,10.0,0.0,0.0,1.0,0.0,0.0,/564H8,,2024
547.0,Jhonny Pereda,28.0,MIA,NL,-0.1,20.0,40.0,39.0,2.0,9.0,0.0,0.0,0.0,4.0,0.0,0.0,0.0,10.0,0.231,0.25,0.231,0.481,35.0,0.239,37.0,9.0,2.0,1.0,0.0,0.0,0.0,2/H13,,2024
548.0,Johnathan Rodríguez,24.0,CLE,AL,-0.4,13.0,40.0,31.0,6.0,4.0,1.0,0.0,0.0,5.0,0.0,0.0,9.0,14.0,0.129,0.325,0.161,0.486,46.0,0.25,55.0,5.0,1.0,0.0,0.0,0.0,0.0,9/H7D,,2024
549.0,Armando Alvarez,29.0,OAK,AL,-0.4,16.0,39.0,37.0,7.0,9.0,1.0,0.0,0.0,2.0,1.0,0.0,2.0,8.0,0.243,0.282,0.27,0.552,63.0,0.252,57.0,10.0,1.0,0.0,0.0,0.0,0.0,/53H74,,2024
550.0,Zach Remillard,30.0,CHW,AL,0.2,15.0,39.0,33.0,3.0,8.0,1.0,1.0,0.0,1.0,1.0,0.0,5.0,10.0,0.242,0.342,0.333,0.675,95.0,0.331,111.0,11.0,1.0,0.0,1.0,0.0,0.0,/456H78D,,2024
551.0,Jordyn Adams,24.0,LAA,AL,-0.2,11.0,38.0,35.0,4.0,8.0,0.0,0.0,1.0,4.0,2.0,0.0,3.0,12.0,0.229,0.289,0.314,0.604,71.0,0.28,67.0,11.0,1.0,0.0,0.0,0.0,0.0,/987H,,2024
552.0,Oscar Colás*,25.0,CHW,AL,0.1,13.0,38.0,33.0,1.0,9.0,0.0,0.0,0.0,4.0,0.0,1.0,4.0,10.0,0.273,0.368,0.273,0.641,88.0,0.285,91.0,9.0,0.0,1.0,0.0,0.0,0.0,/98H,,2024
553.0,Tom Murphy,33.0,SFG,NL,-0.4,13.0,38.0,34.0,3.0,4.0,1.0,0.0,1.0,2.0,0.0,0.0,4.0,14.0,0.118,0.211,0.235,0.446,28.0,0.206,27.0,8.0,0.0,0.0,0.0,0.0,0.0,2/DH,,2024
554.0,Blake Sabol*,26.0,SFG,NL,0.3,11.0,38.0,32.0,3.0,10.0,2.0,0.0,0.0,1.0,0.0,0.0,5.0,9.0,0.313,0.421,0.375,0.796,132.0,0.35,132.0,12.0,0.0,1.0,0.0,0.0,1.0,/2DH,,2024
555.0,Logan Driscoll*,26.0,TBR,AL,-0.1,15.0,37.0,35.0,2.0,6.0,0.0,0.0,1.0,5.0,0.0,0.0,1.0,6.0,0.171,0.189,0.257,0.446,27.0,0.186,11.0,9.0,0.0,0.0,0.0,1.0,0.0,2,,2024
556.0,David Villar,27.0,SFG,NL,0.0,11.0,37.0,35.0,3.0,9.0,4.0,0.0,1.0,4.0,0.0,0.0,1.0,13.0,0.257,0.27,0.457,0.727,104.0,0.302,96.0,16.0,0.0,0.0,0.0,1.0,0.0,3/DH,,2024
557.0,Joey Wendle*,34.0,NYM,NL,-0.1,18.0,37.0,36.0,3.0,8.0,1.0,0.0,0.0,1.0,1.0,0.0,1.0,9.0,0.222,0.243,0.25,0.493,41.0,0.225,34.0,9.0,0.0,0.0,0.0,0.0,0.0,/456,,2024
558.0,Adael Amador#,21.0,COL,NL,-0.4,10.0,36.0,35.0,1.0,6.0,1.0,0.0,0.0,0.0,1.0,0.0,1.0,6.0,0.171,0.194,0.2,0.394,6.0,0.21,10.0,7.0,1.0,0.0,0.0,0.0,0.0,4,,2024
559.0,Javier Sanoja,21.0,MIA,NL,0.0,15.0,36.0,35.0,3.0,8.0,2.0,0.0,0.0,2.0,0.0,0.0,1.0,4.0,0.229,0.25,0.286,0.536,49.0,0.235,34.0,10.0,2.0,0.0,0.0,0.0,0.0,/8H647D,,2024
560.0,Forrest Wall*,28.0,2TM,NL,0.0,16.0,35.0,32.0,4.0,8.0,0.0,0.0,0.0,1.0,4.0,3.0,3.0,8.0,0.25,0.314,0.25,0.564,61.0,0.235,52.0,8.0,0.0,0.0,0.0,0.0,0.0,7/H9,,2024
560.0,Forrest Wall*,28.0,ATL,NL,0.0,13.0,32.0,29.0,3.0,7.0,0.0,0.0,0.0,1.0,3.0,3.0,3.0,6.0,0.241,0.313,0.241,0.554,58.0,0.222,49.0,7.0,0.0,0.0,0.0,0.0,0.0,7/9H,,2024
560.0,Forrest Wall*,28.0,MIA,NL,0.0,3.0,3.0,3.0,1.0,1.0,0.0,0.0,0.0,0.0,1.0,0.0,0.0,2.0,0.333,0.333,0.333,0.667,87.0,0.379,82.0,1.0,0.0,0.0,0.0,0.0,0.0,/H9,,2024
561.0,Aledmys Díaz,33.0,2TM,AL,-0.6,14.0,34.0,33.0,2.0,3.0,0.0,0.0,0.0,1.0,0.0,0.0,1.0,9.0,0.091,0.118,0.091,0.209,-38.0,0.099,-49.0,3.0,0.0,0.0,0.0,0.0,0.0,/634H57,,2024
561.0,Aledmys Díaz,33.0,OAK,AL,-0.5,12.0,30.0,29.0,2.0,3.0,0.0,0.0,0.0,1.0,0.0,0.0,1.0,7.0,0.103,0.133,0.103,0.237,-29.0,0.112,-39.0,3.0,0.0,0.0,0.0,0.0,0.0,/63457H,,2024
561.0,Aledmys Díaz,33.0,HOU,AL,-0.1,2.0,4.0,4.0,0.0,0.0,0.0,0.0,0.0,0.0,0.0,0.0,0.0,2.0,0.0,0.0,0.0,0.0,-100.0,0.0,-124.0,0.0,0.0,0.0,0.0,0.0,0.0,/34H,,2024
562.0,Niko Goodrum#,32.0,2TM,AL,-0.8,13.0,33.0,29.0,2.0,3.0,0.0,0.0,0.0,0.0,1.0,1.0,3.0,10.0,0.103,0.188,0.103,0.291,-13.0,0.168,1.0,3.0,0.0,0.0,1.0,0.0,0.0,/7H3546,,2024
562.0,Niko Goodrum#,32.0,TBR,AL,-0.4,9.0,18.0,16.0,1.0,3.0,0.0,0.0,0.0,0.0,0.0,1.0,1.0,6.0,0.188,0.235,0.188,0.423,24.0,0.169,16.0,3.0,0.0,0.0,1.0,0.0,0.0,/7H346,,2024
562.0,Niko Goodrum#,32.0,LAA,AL,-0.5,4.0,15.0,13.0,1.0,0.0,0.0,0.0,0.0,0.0,1.0,0.0,2.0,4.0,0.0,0.133,0.0,0.133,-57.0,0.168,-16.0,0.0,0.0,0.0,0.0,0.0,0.0,/53,,2024
563.0,Nacho Alvarez Jr.,21.0,ATL,NL,-0.5,8.0,32.0,30.0,1.0,3.0,0.0,0.0,0.0,0.0,0.0,0.0,0.0,10.0,0.1,0.156,0.1,0.256,-26.0,0.129,-37.0,3.0,1.0,2.0,0.0,0.0,0.0,/45,,2024
564.0,Travis Blankenhorn*,27.0,WSN,NL,-0.5,13.0,32.0,31.0,2.0,4.0,1.0,0.0,0.0,5.0,0.0,0.0,1.0,9.0,0.129,0.156,0.161,0.318,-9.0,0.144,-21.0,5.0,0.0,0.0,0.0,0.0,0.0,D/9H,,2024
565.0,Graham Pauley*,23.0,SDP,NL,-0.4,13.0,32.0,32.0,4.0,4.0,0.0,0.0,2.0,5.0,0.0,0.0,0.0,15.0,0.125,0.125,0.313,0.438,17.0,0.179,0.0,10.0,1.0,0.0,0.0,0.0,0.0,/5DH3,,2024
566.0,César Salazar*,28.0,HOU,AL,0.2,12.0,32.0,25.0,5.0,8.0,2.0,0.0,0.0,8.0,0.0,0.0,2.0,6.0,0.32,0.387,0.4,0.787,126.0,0.344,125.0,10.0,0.0,2.0,1.0,2.0,0.0,2/DH,,2024
567.0,Luis De Los Santos,26.0,TOR,AL,-0.1,13.0,31.0,29.0,2.0,5.0,2.0,0.0,0.0,1.0,0.0,0.0,2.0,10.0,0.172,0.226,0.241,0.467,33.0,0.208,26.0,7.0,2.0,0.0,0.0,0.0,0.0,5/H37,,2024
568.0,Tristan Gray*,28.0,2TM,2LG,-0.1,15.0,31.0,28.0,0.0,3.0,1.0,0.0,0.0,0.0,0.0,0.0,3.0,16.0,0.107,0.194,0.143,0.336,-1.0,0.164,-5.0,4.0,0.0,0.0,0.0,0.0,0.0,/35H,,2024
568.0,Tristan Gray*,28.0,MIA,NL,-0.1,7.0,7.0,7.0,0.0,0.0,0.0,0.0,0.0,0.0,0.0,0.0,0.0,3.0,0.0,0.0,0.0,0.0,-100.0,0.0,-136.0,0.0,0.0,0.0,0.0,0.0,0.0,/5H,,2024
568.0,Tristan Gray*,28.0,OAK,AL,0.0,8.0,24.0,21.0,0.0,3.0,1.0,0.0,0.0,0.0,0.0,0.0,3.0,13.0,0.143,0.25,0.19,0.44,31.0,0.212,33.0,4.0,0.0,0.0,0.0,0.0,0.0,/35H,,2024
569.0,Jason Vosler*,30.0,SEA,AL,-0.1,10.0,30.0,28.0,2.0,5.0,1.0,1.0,0.0,3.0,0.0,0.0,2.0,9.0,0.179,0.233,0.286,0.519,53.0,0.229,50.0,8.0,0.0,0.0,0.0,0.0,0.0,/3DH79,,2024
570.0,Trenton Brooks*,28.0,SFG,NL,-0.2,12.0,29.0,25.0,3.0,3.0,0.0,0.0,0.0,1.0,1.0,0.0,4.0,6.0,0.12,0.241,0.12,0.361,9.0,0.193,12.0,3.0,1.0,0.0,0.0,0.0,0.0,/3HD,,2024
571.0,Blake Dunn,25.0,CIN,NL,-0.2,19.0,29.0,26.0,8.0,4.0,1.0,0.0,1.0,1.0,2.0,0.0,2.0,11.0,0.154,0.241,0.308,0.549,49.0,0.263,44.0,8.0,1.0,1.0,0.0,0.0,0.0,7/H89D,,2024
572.0,Ehire Adrianza#,34.0,LAA,AL,0.1,8.0,28.0,26.0,4.0,5.0,1.0,0.0,1.0,2.0,0.0,0.0,2.0,11.0,0.192,0.25,0.346,0.596,67.0,0.255,58.0,9.0,1.0,0.0,0.0,0.0,0.0,/54H,,2024
573.0,Alexander Canario,24.0,CHC,NL,0.3,15.0,28.0,25.0,4.0,7.0,1.0,0.0,1.0,2.0,1.0,0.0,2.0,11.0,0.28,0.357,0.44,0.797,125.0,0.35,120.0,11.0,0.0,1.0,0.0,0.0,0.0,7/9HD,,2024
574.0,Charles Leblanc,28.0,LAA,AL,0.1,11.0,28.0,21.0,6.0,4.0,0.0,0.0,2.0,6.0,0.0,0.0,7.0,9.0,0.19,0.393,0.476,0.869,145.0,0.378,145.0,10.0,0.0,0.0,0.0,0.0,0.0,/543D,,2024
575.0,Billy McKinney*,29.0,PIT,NL,0.0,10.0,28.0,25.0,4.0,5.0,1.0,0.0,0.0,2.0,0.0,0.0,2.0,13.0,0.2,0.286,0.24,0.526,50.0,0.247,48.0,6.0,1.0,1.0,0.0,0.0,0.0,/79H8,,2024
576.0,Matt Mervis*,26.0,CHC,NL,-0.4,9.0,28.0,26.0,1.0,3.0,1.0,0.0,0.0,3.0,0.0,0.0,1.0,8.0,0.115,0.148,0.154,0.302,-14.0,0.138,-31.0,4.0,0.0,0.0,0.0,0.0,0.0,/D13H,,2024
577.0,Joey Wiemer,25.0,2TM,NL,-0.2,21.0,28.0,26.0,2.0,4.0,0.0,0.0,0.0,0.0,1.0,1.0,2.0,9.0,0.154,0.214,0.154,0.368,6.0,0.165,-5.0,4.0,0.0,0.0,0.0,0.0,0.0,7/H89D,,2024
577.0,Joey Wiemer,25.0,MIL,NL,-0.2,19.0,27.0,26.0,2.0,4.0,0.0,0.0,0.0,0.0,1.0,1.0,1.0,9.0,0.154,0.185,0.154,0.339,-4.0,0.145,-19.0,4.0,0.0,0.0,0.0,0.0,0.0,7/H89D,,2024
577.0,Joey Wiemer,25.0,CIN,NL,0.0,2.0,1.0,0.0,0.0,0.0,0.0,0.0,0.0,0.0,0.0,0.0,1.0,0.0,,1.0,,,,0.691,373.0,0.0,0.0,0.0,0.0,0.0,0.0,/789,,2024
578.0,Keston Hiura,27.0,LAA,AL,-0.6,10.0,27.0,27.0,1.0,4.0,0.0,0.0,0.0,1.0,0.0,1.0,0.0,10.0,0.148,0.148,0.148,0.296,-16.0,0.11,-33.0,4.0,0.0,0.0,0.0,0.0,0.0,/4DH,,2024
579.0,Owen Miller,27.0,MIL,NL,-0.5,14.0,27.0,27.0,2.0,5.0,1.0,0.0,0.0,3.0,0.0,0.0,0.0,8.0,0.185,0.185,0.222,0.407,13.0,0.175,-5.0,6.0,1.0,0.0,0.0,0.0,0.0,/3H415D,,2024
580.0,Cal Stevenson*,27.0,PHI,NL,-0.1,18.0,27.0,24.0,2.0,6.0,3.0,0.0,0.0,6.0,0.0,0.0,3.0,4.0,0.25,0.333,0.375,0.708,97.0,0.311,96.0,9.0,1.0,0.0,0.0,0.0,0.0,8/H97,,2024
581.0,Jace Peterson*,34.0,ARI,NL,-0.6,14.0,26.0,22.0,2.0,1.0,0.0,0.0,0.0,1.0,0.0,0.0,3.0,6.0,0.045,0.154,0.045,0.199,-40.0,0.114,-48.0,1.0,1.0,0.0,0.0,1.0,0.0,/H64D5,,2024
582.0,Buddy Kennedy,25.0,2TM,2LG,0.2,14.0,26.0,21.0,3.0,4.0,1.0,0.0,1.0,6.0,1.0,0.0,4.0,7.0,0.19,0.308,0.381,0.689,92.0,0.311,90.0,8.0,0.0,0.0,0.0,1.0,0.0,/H45D,,2024
582.0,Buddy Kennedy,25.0,DET,AL,0.2,6.0,13.0,10.0,2.0,2.0,0.0,0.0,1.0,4.0,1.0,0.0,2.0,4.0,0.2,0.308,0.5,0.808,123.0,0.35,114.0,5.0,0.0,0.0,0.0,1.0,0.0,/4H5,,2024
582.0,Buddy Kennedy,25.0,PHI,NL,0.0,8.0,13.0,11.0,1.0,2.0,1.0,0.0,0.0,2.0,0.0,0.0,2.0,3.0,0.182,0.308,0.273,0.58,64.0,0.271,67.0,3.0,0.0,0.0,0.0,0.0,0.0,/H54D,,2024
583.0,Grae Kessinger,26.0,HOU,AL,-0.4,22.0,25.0,21.0,4.0,0.0,0.0,0.0,0.0,0.0,0.0,0.0,3.0,7.0,0.0,0.16,0.0,0.16,-48.0,0.111,-42.0,0.0,1.0,1.0,0.0,0.0,0.0,/H546D13,,2024
584.0,Donovan Walton*,30.0,SFG,NL,0.0,9.0,25.0,22.0,3.0,3.0,0.0,0.0,1.0,2.0,0.0,0.0,2.0,7.0,0.136,0.24,0.273,0.513,47.0,0.236,49.0,6.0,2.0,1.0,0.0,0.0,0.0,/41H,,2024
585.0,Mickey Gasper#,28.0,BOS,AL,-0.2,13.0,23.0,18.0,1.0,0.0,0.0,0.0,0.0,0.0,0.0,0.0,4.0,8.0,0.0,0.217,0.0,0.217,-30.0,0.151,-22.0,0.0,1.0,1.0,0.0,0.0,0.0,/4HD3,,2024
586.0,Pedro León,26.0,HOU,AL,-0.3,7.0,21.0,20.0,2.0,2.0,0.0,0.0,0.0,0.0,2.0,0.0,1.0,10.0,0.1,0.143,0.1,0.243,-29.0,0.141,-38.0,2.0,2.0,0.0,0.0,0.0,0.0,/9H,,2024
587.0,Austin Wynns,33.0,CIN,NL,0.4,7.0,20.0,19.0,3.0,7.0,4.0,0.0,0.0,2.0,0.0,0.0,0.0,5.0,0.368,0.4,0.579,0.979,164.0,0.409,160.0,11.0,0.0,1.0,0.0,0.0,0.0,/2H,,2024
588.0,Isaac Collins#,26.0,MIL,NL,-0.3,11.0,19.0,17.0,0.0,2.0,0.0,0.0,0.0,0.0,1.0,0.0,2.0,10.0,0.118,0.211,0.118,0.328,-5.0,0.175,-14.0,2.0,0.0,0.0,0.0,0.0,0.0,/H74D,,2024
589.0,Jason Delay,29.0,PIT,NL,0.1,7.0,19.0,15.0,1.0,3.0,3.0,0.0,0.0,6.0,0.0,0.0,3.0,0.0,0.2,0.333,0.4,0.733,105.0,0.322,102.0,6.0,0.0,0.0,1.0,0.0,0.0,/2DH,,2024
590.0,Drew Waters#,25.0,KCR,AL,0.0,7.0,19.0,16.0,2.0,3.0,1.0,0.0,0.0,1.0,0.0,0.0,2.0,6.0,0.188,0.316,0.25,0.566,65.0,0.265,63.0,4.0,0.0,1.0,0.0,0.0,0.0,/97H,,2024
591.0,Jorge Barrosa#,23.0,ARI,NL,0.0,8.0,18.0,17.0,3.0,3.0,2.0,0.0,0.0,1.0,1.0,0.0,0.0,2.0,0.176,0.176,0.294,0.471,28.0,0.213,9.0,5.0,0.0,0.0,1.0,0.0,0.0,/8H7,,2024
592.0,Bubba Thompson,26.0,CIN,NL,-0.3,17.0,18.0,18.0,5.0,2.0,1.0,0.0,0.0,0.0,5.0,0.0,0.0,11.0,0.111,0.111,0.167,0.278,-25.0,0.186,-47.0,3.0,1.0,0.0,0.0,0.0,0.0,8/HD,,2024
593.0,Rafael Ortega*,33.0,CHW,AL,-0.2,14.0,17.0,14.0,4.0,1.0,0.0,0.0,0.0,1.0,2.0,0.0,2.0,4.0,0.071,0.176,0.071,0.248,-25.0,0.21,8.0,1.0,1.0,0.0,0.0,1.0,0.0,8/H9D,,2024
594.0,Brett Sullivan*,30.0,SDP,NL,0.0,7.0,17.0,16.0,1.0,3.0,0.0,0.0,1.0,2.0,0.0,0.0,1.0,4.0,0.188,0.235,0.375,0.61,67.0,0.253,54.0,6.0,0.0,0.0,0.0,0.0,0.0,/23H,,2024
595.0,Sam Haggerty#,30.0,SEA,AL,-0.3,8.0,16.0,15.0,1.0,1.0,0.0,0.0,0.0,1.0,1.0,0.0,1.0,4.0,0.067,0.125,0.067,0.192,-41.0,0.114,-43.0,1.0,0.0,0.0,0.0,0.0,0.0,/7H9D,,2024
596.0,Tyler Heineman#,33.0,2TM,AL,0.2,7.0,16.0,12.0,2.0,1.0,0.0,0.0,0.0,0.0,0.0,0.0,3.0,6.0,0.083,0.313,0.083,0.396,21.0,0.223,35.0,1.0,0.0,1.0,0.0,0.0,0.0,/21D,,2024
596.0,Tyler Heineman#,33.0,BOS,AL,0.1,2.0,3.0,2.0,0.0,0.0,0.0,0.0,0.0,0.0,0.0,0.0,0.0,1.0,0.0,0.333,0.0,0.333,7.0,0.239,41.0,0.0,0.0,1.0,0.0,0.0,0.0,/2D,,2024
596.0,Tyler Heineman#,33.0,TOR,AL,0.1,5.0,13.0,10.0,2.0,1.0,0.0,0.0,0.0,0.0,0.0,0.0,3.0,5.0,0.1,0.308,0.1,0.408,24.0,0.22,34.0,1.0,0.0,0.0,0.0,0.0,0.0,/21,,2024
597.0,Liván Soto*,24.0,2TM,2LG,0.1,13.0,16.0,13.0,1.0,3.0,1.0,0.0,0.0,0.0,0.0,0.0,3.0,3.0,0.231,0.375,0.308,0.683,100.0,0.318,107.0,4.0,0.0,0.0,0.0,0.0,0.0,/456DH,,2024
597.0,Liván Soto*,24.0,CIN,NL,-0.1,1.0,3.0,3.0,0.0,0.0,0.0,0.0,0.0,0.0,0.0,0.0,0.0,1.0,0.0,0.0,0.0,0.0,-100.0,0.0,-138.0,0.0,0.0,0.0,0.0,0.0,0.0,/D,,2024
597.0,Liván Soto*,24.0,BAL,AL,0.2,12.0,13.0,10.0,1.0,3.0,1.0,0.0,0.0,0.0,0.0,0.0,3.0,2.0,0.3,0.462,0.4,0.862,154.0,0.392,164.0,4.0,0.0,0.0,0.0,0.0,0.0,/456DH,,2024
598.0,Kameron Misner*,26.0,TBR,AL,-0.3,8.0,15.0,15.0,0.0,1.0,0.0,0.0,0.0,0.0,0.0,0.0,0.0,10.0,0.067,0.067,0.067,0.133,-61.0,0.06,-79.0,1.0,0.0,0.0,0.0,0.0,0.0,/7H8,,2024
599.0,Carlos Narváez,25.0,NYY,AL,0.1,6.0,15.0,13.0,0.0,3.0,0.0,0.0,0.0,0.0,0.0,0.0,2.0,6.0,0.231,0.333,0.231,0.564,66.0,0.27,69.0,3.0,0.0,0.0,0.0,0.0,0.0,/2H,,2024
600.0,Jakson Reetz,28.0,SFG,NL,-0.2,6.0,15.0,14.0,1.0,2.0,1.0,0.0,1.0,1.0,0.0,0.0,1.0,5.0,0.143,0.2,0.429,0.629,74.0,0.263,69.0,6.0,1.0,0.0,0.0,0.0,0.0,/2H,,2024
601.0,Ryan McKenna,27.0,2TM,2LG,0.1,13.0,15.0,14.0,4.0,3.0,0.0,0.0,2.0,2.0,1.0,1.0,1.0,5.0,0.214,0.267,0.643,0.91,152.0,0.354,147.0,9.0,0.0,0.0,0.0,0.0,0.0,/9H78,,2024
601.0,Ryan McKenna,27.0,BAL,AL,0.1,9.0,9.0,8.0,3.0,3.0,0.0,0.0,2.0,2.0,0.0,1.0,1.0,1.0,0.375,0.444,1.125,1.569,335.0,0.563,326.0,9.0,0.0,0.0,0.0,0.0,0.0,/9H78,,2024
601.0,Ryan McKenna,27.0,SFG,NL,0.0,4.0,6.0,6.0,1.0,0.0,0.0,0.0,0.0,0.0,1.0,0.0,0.0,4.0,0.0,0.0,0.0,0.0,-100.0,0.041,-119.0,0.0,0.0,0.0,0.0,0.0,0.0,/9H7,,2024
602.0,Darren Baker*,25.0,WSN,NL,0.0,9.0,14.0,14.0,1.0,7.0,2.0,0.0,0.0,0.0,0.0,0.0,0.0,3.0,0.5,0.5,0.643,1.143,222.0,0.483,224.0,9.0,0.0,0.0,0.0,0.0,0.0,/H4D7,,2024
603.0,Hunter Feduccia*,27.0,LAD,NL,0.1,5.0,14.0,12.0,2.0,4.0,0.0,0.0,0.0,1.0,0.0,0.0,2.0,2.0,0.333,0.429,0.333,0.762,121.0,0.354,132.0,4.0,1.0,0.0,0.0,0.0,0.0,/2H,,2024
604.0,DaShawn Keirsey Jr.*,27.0,MIN,AL,0.0,6.0,14.0,13.0,1.0,2.0,0.0,0.0,1.0,1.0,0.0,0.0,0.0,1.0,0.154,0.214,0.385,0.599,64.0,0.254,55.0,5.0,0.0,1.0,0.0,0.0,0.0,/87,,2024
605.0,Luis Vázquez,24.0,CHC,NL,-0.2,11.0,14.0,12.0,2.0,1.0,0.0,0.0,0.0,1.0,0.0,0.0,0.0,6.0,0.083,0.143,0.083,0.226,-33.0,0.109,-48.0,1.0,1.0,1.0,0.0,1.0,0.0,/65H4,,2024
606.0,Brandon Lockridge,27.0,SDP,NL,0.0,12.0,12.0,12.0,4.0,2.0,0.0,0.0,1.0,1.0,2.0,0.0,0.0,4.0,0.167,0.167,0.417,0.583,56.0,0.275,42.0,5.0,0.0,0.0,0.0,0.0,0.0,/7H9D8,,2024
607.0,Bryce Teodosio,25.0,LAA,AL,-0.2,5.0,12.0,12.0,1.0,1.0,0.0,0.0,0.0,0.0,0.0,0.0,0.0,5.0,0.083,0.083,0.083,0.167,-52.0,0.141,-24.0,1.0,0.0,0.0,0.0,0.0,0.0,/8DH,,2024
608.0,Eddy Alvarez*,34.0,NYM,NL,0.1,12.0,11.0,9.0,2.0,0.0,0.0,0.0,0.0,0.0,0.0,0.0,1.0,2.0,0.0,0.182,0.0,0.182,-41.0,0.128,-31.0,0.0,0.0,1.0,0.0,0.0,0.0,4/H16,,2024
609.0,Levi Jordan,28.0,CIN,NL,-0.2,7.0,11.0,10.0,1.0,1.0,1.0,0.0,0.0,1.0,0.0,0.0,0.0,3.0,0.1,0.091,0.2,0.291,-24.0,0.113,-53.0,2.0,0.0,0.0,0.0,1.0,0.0,/7H94,,2024
610.0,Oswald Peraza,24.0,NYY,AL,0.1,4.0,11.0,10.0,2.0,2.0,0.0,0.0,1.0,1.0,0.0,0.0,1.0,3.0,0.2,0.273,0.5,0.773,114.0,0.329,110.0,5.0,0.0,0.0,0.0,0.0,0.0,/5,,2024
611.0,Kevin Alcántara,21.0,CHC,NL,-0.2,3.0,10.0,10.0,1.0,1.0,0.0,0.0,0.0,0.0,0.0,0.0,0.0,1.0,0.1,0.1,0.1,0.2,-43.0,0.08,-69.0,1.0,0.0,0.0,0.0,0.0,0.0,/9,,2024
612.0,Matt Duffy,33.0,TEX,AL,0.2,4.0,10.0,7.0,2.0,2.0,0.0,0.0,0.0,0.0,0.0,0.0,2.0,1.0,0.286,0.5,0.286,0.786,139.0,0.388,156.0,2.0,0.0,1.0,0.0,0.0,0.0,/5H,,2024
613.0,Michael Helman,28.0,MIN,AL,0.1,9.0,10.0,10.0,2.0,3.0,2.0,0.0,0.0,0.0,0.0,0.0,0.0,3.0,0.3,0.3,0.5,0.8,120.0,0.329,109.0,5.0,0.0,0.0,0.0,0.0,0.0,/8H759,,2024
614.0,Tony Kemp*,32.0,BAL,AL,-0.2,5.0,10.0,9.0,1.0,0.0,0.0,0.0,0.0,0.0,0.0,0.0,1.0,1.0,0.0,0.1,0.0,0.1,-67.0,0.069,-67.0,0.0,0.0,0.0,0.0,0.0,0.0,/4H7,,2024
615.0,J.P. Martínez*,28.0,ATL,NL,0.0,7.0,10.0,10.0,2.0,2.0,1.0,0.0,0.0,0.0,1.0,0.0,0.0,4.0,0.2,0.2,0.3,0.5,37.0,0.328,89.0,3.0,0.0,0.0,0.0,0.0,0.0,/H798D,,2024
616.0,Liover Peguero,23.0,PIT,NL,-0.1,3.0,10.0,10.0,0.0,2.0,1.0,0.0,0.0,2.0,0.0,0.0,0.0,3.0,0.2,0.2,0.3,0.5,38.0,0.204,17.0,3.0,0.0,0.0,0.0,0.0,0.0,/6,,2024
617.0,Edwin Ríos*,30.0,CIN,NL,-0.1,5.0,10.0,9.0,1.0,1.0,0.0,0.0,0.0,0.0,0.0,0.0,1.0,4.0,0.111,0.2,0.111,0.311,-11.0,0.159,-21.0,1.0,0.0,0.0,0.0,0.0,0.0,/3H,,2024
618.0,Rob Brantly*,34.0,TBR,AL,0.0,3.0,9.0,9.0,0.0,1.0,0.0,0.0,0.0,0.0,0.0,0.0,0.0,2.0,0.111,0.111,0.111,0.222,-36.0,0.099,-51.0,1.0,0.0,0.0,0.0,0.0,0.0,/2,,2024
619.0,Vinny Capra,27.0,MIL,NL,-0.1,3.0,9.0,9.0,1.0,1.0,1.0,0.0,0.0,0.0,0.0,0.0,0.0,3.0,0.111,0.111,0.222,0.333,-10.0,0.138,-31.0,2.0,1.0,0.0,0.0,0.0,0.0,/56,,2024
620.0,David Fletcher,30.0,ATL,NL,0.0,5.0,9.0,8.0,0.0,2.0,0.0,0.0,0.0,2.0,0.0,0.0,0.0,1.0,0.25,0.222,0.25,0.472,32.0,0.188,6.0,2.0,0.0,0.0,0.0,1.0,0.0,/4,,2024
621.0,Cade Marlowe*,27.0,SEA,AL,0.0,8.0,9.0,8.0,1.0,2.0,0.0,0.0,0.0,0.0,0.0,0.0,1.0,1.0,0.25,0.333,0.25,0.583,77.0,0.275,82.0,2.0,1.0,0.0,0.0,0.0,0.0,/98HD,,2024
622.0,CJ Alexander*,27.0,KCR,AL,-0.2,4.0,8.0,8.0,0.0,1.0,0.0,0.0,0.0,0.0,0.0,0.0,0.0,3.0,0.125,0.125,0.125,0.25,-28.0,0.112,-48.0,1.0,0.0,0.0,0.0,0.0,0.0,/5DH,,2024
623.0,Conner Capel*,27.0,CIN,NL,-0.1,5.0,8.0,8.0,1.0,2.0,0.0,0.0,0.0,0.0,1.0,0.0,0.0,2.0,0.25,0.25,0.25,0.5,38.0,0.254,27.0,2.0,0.0,0.0,0.0,0.0,0.0,/DH7,,2024
624.0,Diego Castillo,26.0,MIN,AL,0.2,4.0,8.0,6.0,3.0,2.0,1.0,0.0,0.0,2.0,0.0,0.0,2.0,1.0,0.333,0.5,0.5,1.0,184.0,0.439,189.0,3.0,0.0,0.0,0.0,0.0,0.0,/5DH,,2024
625.0,Cooper Hummel#,29.0,HOU,AL,-0.1,6.0,8.0,8.0,0.0,0.0,0.0,0.0,0.0,0.0,1.0,0.0,0.0,2.0,0.0,0.0,0.0,0.0,-100.0,0.143,-42.0,0.0,1.0,0.0,0.0,0.0,0.0,/H7D,,2024
626.0,Grant Koch,27.0,PIT,NL,-0.1,3.0,8.0,7.0,1.0,0.0,0.0,0.0,0.0,0.0,0.0,0.0,1.0,6.0,0.0,0.125,0.0,0.125,-60.0,0.086,-69.0,0.0,0.0,0.0,0.0,0.0,0.0,/2H,,2024
627.0,Taylor Trammell*,26.0,2TM,2LG,-0.2,10.0,8.0,7.0,2.0,1.0,0.0,0.0,0.0,0.0,0.0,0.0,1.0,3.0,0.143,0.25,0.143,0.393,16.0,0.198,16.0,1.0,0.0,0.0,0.0,0.0,0.0,/H79D,,2024
627.0,Taylor Trammell*,26.0,LAD,NL,-0.2,5.0,6.0,6.0,0.0,0.0,0.0,0.0,0.0,0.0,0.0,0.0,0.0,3.0,0.0,0.0,0.0,0.0,-100.0,0.0,-123.0,0.0,0.0,0.0,0.0,0.0,0.0,/H79,,2024
627.0,Taylor Trammell*,26.0,NYY,AL,-0.1,5.0,2.0,1.0,2.0,1.0,0.0,0.0,0.0,0.0,0.0,0.0,1.0,0.0,1.0,1.0,1.0,2.0,475.0,0.79,435.0,1.0,0.0,0.0,0.0,0.0,0.0,/H79D,,2024
628.0,Jair Camargo,24.0,MIN,AL,-0.1,5.0,7.0,6.0,1.0,0.0,0.0,0.0,0.0,0.0,0.0,0.0,1.0,3.0,0.0,0.143,0.0,0.143,-54.0,0.098,-57.0,0.0,0.0,0.0,0.0,0.0,0.0,/2DH,,2024
629.0,Aramis Garcia,31.0,PHI,NL,-0.1,3.0,7.0,7.0,0.0,0.0,0.0,0.0,0.0,0.0,0.0,0.0,0.0,3.0,0.0,0.0,0.0,0.0,-100.0,0.0,-129.0,0.0,1.0,0.0,0.0,0.0,0.0,/2,,2024
630.0,Dustin Harris*,24.0,TEX,AL,0.2,2.0,7.0,6.0,1.0,2.0,1.0,0.0,1.0,3.0,0.0,0.0,1.0,2.0,0.333,0.429,1.0,1.429,301.0,0.568,285.0,6.0,0.0,0.0,0.0,0.0,0.0,/D,,2024
631.0,Stone Garrett,28.0,WSN,NL,0.3,2.0,6.0,5.0,2.0,3.0,1.0,0.0,1.0,3.0,0.0,0.0,1.0,0.0,0.6,0.667,1.4,2.067,465.0,0.807,455.0,7.0,0.0,0.0,0.0,0.0,0.0,/DH,,2024
632.0,Greg Jones#,26.0,COL,NL,0.1,6.0,6.0,5.0,1.0,1.0,0.0,0.0,1.0,1.0,0.0,0.0,1.0,4.0,0.2,0.333,0.8,1.133,190.0,0.451,188.0,4.0,0.0,0.0,0.0,0.0,0.0,/9H,,2024
633.0,Andrew Knapp#,32.0,SFG,NL,-0.1,3.0,6.0,6.0,0.0,1.0,0.0,0.0,0.0,0.0,0.0,0.0,0.0,2.0,0.167,0.167,0.167,0.333,-3.0,0.133,-25.0,1.0,0.0,0.0,0.0,0.0,0.0,/2,,2024
634.0,Brian Anderson,31.0,ATL,NL,-0.2,3.0,5.0,5.0,0.0,0.0,0.0,0.0,0.0,0.0,0.0,0.0,0.0,2.0,0.0,0.0,0.0,0.0,-100.0,0.0,-132.0,0.0,1.0,0.0,0.0,0.0,0.0,/95,,2024
635.0,Sandro Fabian,26.0,TEX,AL,-0.1,3.0,5.0,5.0,0.0,0.0,0.0,0.0,0.0,0.0,0.0,0.0,0.0,0.0,0.0,0.0,0.0,0.0,-100.0,0.0,-121.0,0.0,0.0,0.0,0.0,0.0,0.0,/79,,2024
636.0,Tyler Gentry,25.0,KCR,AL,-0.1,3.0,5.0,5.0,0.0,0.0,0.0,0.0,0.0,0.0,0.0,0.0,0.0,2.0,0.0,0.0,0.0,0.0,-100.0,0.0,-125.0,0.0,0.0,0.0,0.0,0.0,0.0,/9H,,2024
637.0,Brewer Hicklen,28.0,MIL,NL,-0.2,3.0,5.0,5.0,0.0,0.0,0.0,0.0,0.0,0.0,1.0,0.0,0.0,4.0,0.0,0.0,0.0,0.0,-100.0,0.049,-130.0,0.0,0.0,0.0,0.0,0.0,0.0,/9H,,2024
638.0,Nick Maton*,27.0,BAL,AL,-0.1,5.0,5.0,5.0,0.0,0.0,0.0,0.0,0.0,0.0,0.0,0.0,0.0,2.0,0.0,0.0,0.0,0.0,-100.0,0.0,-116.0,0.0,0.0,0.0,0.0,0.0,0.0,/5H4D,,2024
639.0,Samad Taylor,25.0,SEA,AL,0.1,3.0,5.0,5.0,2.0,2.0,0.0,0.0,0.0,0.0,0.0,0.0,0.0,1.0,0.4,0.4,0.4,0.8,138.0,0.338,128.0,2.0,0.0,0.0,0.0,0.0,0.0,/78H,,2024
640.0,Duke Ellis*,26.0,2TM,AL,-0.1,11.0,5.0,5.0,1.0,1.0,0.0,0.0,0.0,0.0,5.0,0.0,0.0,2.0,0.2,0.2,0.2,0.4,15.0,0.427,11.0,1.0,0.0,0.0,0.0,0.0,0.0,/H789D,,2024
640.0,Duke Ellis*,26.0,CHW,AL,-0.2,8.0,4.0,4.0,1.0,0.0,0.0,0.0,0.0,0.0,4.0,0.0,0.0,2.0,0.0,0.0,0.0,0.0,-100.0,0.248,-118.0,0.0,0.0,0.0,0.0,0.0,0.0,/H789D,,2024
640.0,Duke Ellis*,26.0,NYY,AL,0.1,3.0,1.0,1.0,0.0,1.0,0.0,0.0,0.0,0.0,1.0,0.0,0.0,0.0,1.0,1.0,1.0,2.0,475.0,1.142,536.0,1.0,0.0,0.0,0.0,0.0,0.0,/H7,,2024
641.0,José Devers*,24.0,MIA,NL,0.1,3.0,4.0,4.0,1.0,1.0,0.0,0.0,0.0,0.0,0.0,0.0,0.0,1.0,0.25,0.25,0.25,0.5,40.0,0.224,26.0,1.0,0.0,0.0,0.0,0.0,0.0,/34H,,2024
642.0,Sam Huff,26.0,TEX,AL,0.0,3.0,4.0,3.0,0.0,0.0,0.0,0.0,0.0,0.0,0.0,0.0,1.0,2.0,0.0,0.25,0.0,0.25,-17.0,0.172,0.0,0.0,0.0,0.0,0.0,0.0,0.0,/2H,,2024
643.0,Myles Straw,29.0,CLE,AL,-0.1,7.0,4.0,4.0,2.0,1.0,0.0,0.0,0.0,0.0,2.0,0.0,0.0,0.0,0.25,0.25,0.25,0.5,44.0,0.348,38.0,1.0,0.0,0.0,0.0,0.0,0.0,/8HD,,2024
644.0,Matthew Batten,29.0,SDP,NL,0.1,1.0,3.0,3.0,0.0,1.0,0.0,1.0,0.0,0.0,0.0,0.0,0.0,0.0,0.333,0.333,1.0,1.333,253.0,0.523,250.0,3.0,0.0,0.0,0.0,0.0,0.0,/3,,2024
645.0,Orelvis Martínez,22.0,TOR,AL,0.0,1.0,3.0,3.0,0.0,1.0,0.0,0.0,0.0,0.0,0.0,0.0,0.0,1.0,0.333,0.333,0.333,0.667,91.0,0.298,91.0,1.0,0.0,0.0,0.0,0.0,0.0,/4,,2024
646.0,David Bañuelos,27.0,BAL,AL,,1.0,1.0,1.0,0.0,0.0,0.0,0.0,0.0,0.0,0.0,0.0,0.0,0.0,0.0,0.0,0.0,0.0,-100.0,0.0,-127.0,0.0,0.0,0.0,0.0,0.0,0.0,/H,,2024
647.0,Luis Castillo,31.0,SEA,AL,0.0,1.0,1.0,1.0,0.0,0.0,0.0,0.0,0.0,0.0,0.0,0.0,0.0,1.0,0.0,0.0,0.0,0.0,-100.0,0.0,-118.0,0.0,0.0,0.0,0.0,0.0,0.0,1,,2024
648.0,Daniel Johnson*,28.0,BAL,AL,0.0,1.0,1.0,1.0,1.0,0.0,0.0,0.0,0.0,0.0,0.0,0.0,0.0,0.0,0.0,0.0,0.0,0.0,-100.0,0.0,-127.0,0.0,0.0,0.0,0.0,0.0,0.0,/9H,,2024
649.0,Scott McGough,34.0,ARI,NL,0.0,2.0,1.0,1.0,0.0,0.0,0.0,0.0,0.0,0.0,0.0,0.0,0.0,1.0,0.0,0.0,0.0,0.0,-100.0,0.0,-136.0,0.0,0.0,0.0,0.0,0.0,0.0,1,,2024
650.0,Chris Roller,27.0,MIL,NL,0.0,1.0,1.0,1.0,0.0,0.0,0.0,0.0,0.0,0.0,0.0,0.0,0.0,1.0,0.0,0.0,0.0,0.0,-100.0,0.0,-136.0,0.0,0.0,0.0,0.0,0.0,0.0,/8H,,2024
651.0,Eric Yang,26.0,CIN,NL,,1.0,1.0,1.0,0.0,0.0,0.0,0.0,0.0,0.0,0.0,0.0,0.0,1.0,0.0,0.0,0.0,0.0,-100.0,0.0,-145.0,0.0,0.0,0.0,0.0,0.0,0.0,/H,,2024
652.0,Chase Anderson,36.0,BOS,AL,0.0,1.0,0.0,0.0,0.0,0.0,0.0,0.0,0.0,0.0,0.0,0.0,0.0,0.0,,,,,,,,0.0,0.0,0.0,0.0,0.0,0.0,1,,2024
653.0,Pedro Avila,27.0,CLE,AL,0.0,1.0,0.0,0.0,0.0,0.0,0.0,0.0,0.0,0.0,0.0,0.0,0.0,0.0,,,,,,,,0.0,0.0,0.0,0.0,0.0,0.0,1,,2024
654.0,Mike Baumann,28.0,2TM,AL,0.0,2.0,0.0,0.0,0.0,0.0,0.0,0.0,0.0,0.0,0.0,0.0,0.0,0.0,,,,,,,,0.0,0.0,0.0,0.0,0.0,0.0,1,,2024
654.0,Mike Baumann,28.0,BAL,AL,0.0,1.0,0.0,0.0,0.0,0.0,0.0,0.0,0.0,0.0,0.0,0.0,0.0,0.0,,,,,,,,0.0,0.0,0.0,0.0,0.0,0.0,1,,2024
654.0,Mike Baumann,28.0,SEA,AL,0.0,1.0,0.0,0.0,0.0,0.0,0.0,0.0,0.0,0.0,0.0,0.0,0.0,0.0,,,,,,,,0.0,0.0,0.0,0.0,0.0,0.0,1,,2024
655.0,Jalen Beeks*,30.0,COL,NL,0.0,2.0,0.0,0.0,0.0,0.0,0.0,0.0,0.0,0.0,0.0,0.0,0.0,0.0,,,,,,,,0.0,0.0,0.0,0.0,0.0,0.0,1,,2024
656.0,Brennan Bernardino*,32.0,BOS,AL,0.0,1.0,0.0,0.0,0.0,0.0,0.0,0.0,0.0,0.0,0.0,0.0,0.0,0.0,,,,,,,,0.0,0.0,0.0,0.0,0.0,0.0,1,,2024
657.0,John Brebbia*,34.0,CHW,AL,0.0,1.0,0.0,0.0,0.0,0.0,0.0,0.0,0.0,0.0,0.0,0.0,0.0,0.0,,,,,,,,0.0,0.0,0.0,0.0,0.0,0.0,1,,2024
658.0,Jhony Brito,26.0,SDP,NL,0.0,1.0,0.0,0.0,0.0,0.0,0.0,0.0,0.0,0.0,0.0,0.0,0.0,0.0,,,,,,,,0.0,0.0,0.0,0.0,0.0,0.0,1,,2024
659.0,Kris Bubic*,26.0,KCR,AL,0.0,1.0,0.0,0.0,0.0,0.0,0.0,0.0,0.0,0.0,0.0,0.0,0.0,0.0,,,,,,,,0.0,0.0,0.0,0.0,0.0,0.0,1,,2024
660.0,Génesis Cabrera*,27.0,TOR,AL,0.0,1.0,0.0,0.0,0.0,0.0,0.0,0.0,0.0,0.0,0.0,0.0,0.0,0.0,,,,,,,,0.0,0.0,0.0,0.0,0.0,0.0,1,,2024
661.0,Isaiah Campbell,26.0,BOS,AL,0.0,2.0,0.0,0.0,0.0,0.0,0.0,0.0,0.0,0.0,0.0,0.0,0.0,0.0,,,,,,,,0.0,0.0,0.0,0.0,0.0,0.0,/1,,2024
662.0,Danny Coulombe*,34.0,BAL,AL,0.0,1.0,0.0,0.0,0.0,0.0,0.0,0.0,0.0,0.0,0.0,0.0,0.0,0.0,,,,,,,,0.0,0.0,0.0,0.0,0.0,0.0,1,,2024
663.0,Jeff Criswell,25.0,COL,NL,0.0,1.0,0.0,0.0,0.0,0.0,0.0,0.0,0.0,0.0,0.0,0.0,0.0,0.0,,,,,,,,0.0,0.0,0.0,0.0,0.0,0.0,1,,2024
664.0,Fernando Cruz#,34.0,CIN,NL,0.0,1.0,0.0,0.0,0.0,0.0,0.0,0.0,0.0,0.0,0.0,0.0,0.0,0.0,,,,,,,,0.0,0.0,0.0,0.0,0.0,0.0,1,,2024
665.0,Alexis Díaz,27.0,CIN,NL,0.0,1.0,0.0,0.0,0.0,0.0,0.0,0.0,0.0,0.0,0.0,0.0,0.0,0.0,,,,,,,,0.0,0.0,0.0,0.0,0.0,0.0,1,,2024
666.0,Edwin Díaz,30.0,NYM,NL,0.0,1.0,0.0,0.0,0.0,0.0,0.0,0.0,0.0,0.0,0.0,0.0,0.0,0.0,,,,,,,,0.0,0.0,0.0,0.0,0.0,0.0,1,,2024
667.0,Jake Diekman,37.0,NYM,NL,0.0,1.0,0.0,0.0,0.0,0.0,0.0,0.0,0.0,0.0,0.0,0.0,0.0,0.0,,,,,,,,0.0,0.0,0.0,0.0,0.0,0.0,1,,2024
668.0,Seranthony Domínguez,29.0,BAL,AL,0.0,1.0,0.0,0.0,0.0,0.0,0.0,0.0,0.0,0.0,0.0,0.0,0.0,0.0,,,,,,,,0.0,0.0,0.0,0.0,0.0,0.0,1,,2024
669.0,Mason Englert#,24.0,DET,AL,0.0,1.0,0.0,0.0,0.0,0.0,0.0,0.0,0.0,0.0,0.0,0.0,0.0,0.0,,,,,,,,0.0,0.0,0.0,0.0,0.0,0.0,1,,2024
670.0,Buck Farmer*,33.0,CIN,NL,0.0,1.0,0.0,0.0,0.0,0.0,0.0,0.0,0.0,0.0,0.0,0.0,0.0,0.0,,,,,,,,0.0,0.0,0.0,0.0,0.0,0.0,1,,2024
671.0,Ryan Fernandez,26.0,STL,NL,0.0,2.0,0.0,0.0,0.0,0.0,0.0,0.0,0.0,0.0,0.0,0.0,0.0,0.0,,,,,,,,0.0,0.0,0.0,0.0,0.0,0.0,1,,2024
672.0,Kyle Finnegan,32.0,WSN,NL,0.0,1.0,0.0,0.0,0.0,0.0,0.0,0.0,0.0,0.0,0.0,0.0,0.0,0.0,,,,,,,,0.0,0.0,0.0,0.0,0.0,0.0,1,AS,2024
673.0,Jason Foley,28.0,DET,AL,0.0,1.0,0.0,0.0,0.0,0.0,0.0,0.0,0.0,0.0,0.0,0.0,0.0,0.0,,,,,,,,0.0,0.0,0.0,0.0,0.0,0.0,1,,2024
674.0,Kyle Freeland*,31.0,COL,NL,0.0,2.0,0.0,0.0,0.0,0.0,0.0,0.0,0.0,0.0,0.0,0.0,0.0,0.0,,,,,,,,0.0,0.0,0.0,0.0,0.0,0.0,1/H,,2024
675.0,Luis Frías,26.0,ARI,NL,0.0,1.0,0.0,0.0,0.0,0.0,0.0,0.0,0.0,0.0,0.0,0.0,0.0,0.0,,,,,,,,0.0,0.0,0.0,0.0,0.0,0.0,/1,,2024
676.0,Hunter Gaddis,26.0,CLE,AL,0.0,1.0,0.0,0.0,0.0,0.0,0.0,0.0,0.0,0.0,0.0,0.0,0.0,0.0,,,,,,,,0.0,0.0,0.0,0.0,0.0,0.0,1,,2024
677.0,Kevin Ginkel*,30.0,ARI,NL,0.0,2.0,0.0,0.0,0.0,0.0,0.0,0.0,0.0,0.0,0.0,0.0,0.0,0.0,,,,,,,,0.0,0.0,0.0,0.0,0.0,0.0,1,,2024
678.0,Chad Green*,33.0,TOR,AL,0.0,1.0,0.0,0.0,0.0,0.0,0.0,0.0,0.0,0.0,0.0,0.0,0.0,0.0,,,,,,,,0.0,0.0,0.0,0.0,0.0,0.0,1,,2024
679.0,Josh Hader*,30.0,HOU,AL,0.0,3.0,0.0,0.0,0.0,0.0,0.0,0.0,0.0,0.0,0.0,0.0,0.0,0.0,,,,,,,,0.0,0.0,0.0,0.0,0.0,0.0,1,,2024
680.0,Seth Halvorsen,24.0,COL,NL,0.0,1.0,0.0,0.0,0.0,0.0,0.0,0.0,0.0,0.0,0.0,0.0,0.0,0.0,,,,,,,,0.0,0.0,0.0,0.0,0.0,0.0,1,,2024
681.0,Hunter Harvey,29.0,KCR,AL,0.0,1.0,0.0,0.0,0.0,0.0,0.0,0.0,0.0,0.0,0.0,0.0,0.0,0.0,,,,,,,,0.0,0.0,0.0,0.0,0.0,0.0,/1,,2024
682.0,Jonathan Heasley,27.0,BAL,AL,0.0,1.0,0.0,0.0,0.0,0.0,0.0,0.0,0.0,0.0,0.0,0.0,0.0,0.0,,,,,,,,0.0,0.0,0.0,0.0,0.0,0.0,/1,,2024
683.0,Ryan Helsley,29.0,STL,NL,0.0,2.0,0.0,0.0,0.0,0.0,0.0,0.0,0.0,0.0,0.0,0.0,0.0,0.0,,,,,,,,0.0,0.0,0.0,0.0,0.0,0.0,1,"AS,CYA-9",2024
684.0,Kevin Herget*,33.0,MIL,NL,0.0,1.0,0.0,0.0,0.0,0.0,0.0,0.0,0.0,0.0,0.0,0.0,0.0,0.0,,,,,,,,0.0,0.0,0.0,0.0,0.0,0.0,/1,,2024
685.0,Jonathan Hernández,27.0,TEX,AL,0.0,1.0,0.0,0.0,0.0,0.0,0.0,0.0,0.0,0.0,0.0,0.0,0.0,0.0,,,,,,,,0.0,0.0,0.0,0.0,0.0,0.0,1,,2024
686.0,Porter Hodge,23.0,CHC,NL,0.0,1.0,0.0,0.0,0.0,0.0,0.0,0.0,0.0,0.0,0.0,0.0,0.0,0.0,,,,,,,,0.0,0.0,0.0,0.0,0.0,0.0,1,,2024
687.0,Spencer Howard,27.0,CLE,AL,0.0,1.0,0.0,0.0,0.0,0.0,0.0,0.0,0.0,0.0,0.0,0.0,0.0,0.0,,,,,,,,0.0,0.0,0.0,0.0,0.0,0.0,/1,,2024
688.0,Joe Hudson,33.0,NYM,NL,0.0,1.0,0.0,0.0,0.0,0.0,0.0,0.0,0.0,0.0,0.0,0.0,0.0,0.0,,,,,,,,0.0,0.0,0.0,0.0,0.0,0.0,/2,,2024
689.0,Kenley Jansen#,36.0,BOS,AL,0.0,1.0,0.0,0.0,0.0,0.0,0.0,0.0,0.0,0.0,0.0,0.0,0.0,0.0,,,,,,,,0.0,0.0,0.0,0.0,0.0,0.0,1,,2024
690.0,Bryce Jarvis*,26.0,ARI,NL,0.0,2.0,0.0,0.0,0.0,0.0,0.0,0.0,0.0,0.0,0.0,0.0,0.0,0.0,,,,,,,,0.0,0.0,0.0,0.0,0.0,0.0,1,,2024
691.0,Craig Kimbrel,36.0,BAL,AL,0.0,1.0,0.0,0.0,0.0,0.0,0.0,0.0,0.0,0.0,0.0,0.0,0.0,0.0,,,,,,,,0.0,0.0,0.0,0.0,0.0,0.0,1,,2024
692.0,Bryan King,27.0,HOU,AL,0.0,1.0,0.0,0.0,0.0,0.0,0.0,0.0,0.0,0.0,0.0,0.0,0.0,0.0,,,,,,,,0.0,0.0,0.0,0.0,0.0,0.0,1,,2024
693.0,John King*,29.0,STL,NL,0.0,1.0,0.0,0.0,0.0,0.0,0.0,0.0,0.0,0.0,0.0,0.0,0.0,0.0,,,,,,,,0.0,0.0,0.0,0.0,0.0,0.0,1,,2024
694.0,Tyler Kinley,33.0,COL,NL,0.0,2.0,0.0,0.0,0.0,0.0,0.0,0.0,0.0,0.0,0.0,0.0,0.0,0.0,,,,,,,,0.0,0.0,0.0,0.0,0.0,0.0,1,,2024
695.0,Andrew Kittredge,34.0,STL,NL,0.0,1.0,0.0,0.0,0.0,0.0,0.0,0.0,0.0,0.0,0.0,0.0,0.0,0.0,,,,,,,,0.0,0.0,0.0,0.0,0.0,0.0,1,,2024
696.0,Matt Koch*,33.0,COL,NL,0.0,1.0,0.0,0.0,0.0,0.0,0.0,0.0,0.0,0.0,0.0,0.0,0.0,0.0,,,,,,,,0.0,0.0,0.0,0.0,0.0,0.0,/1,,2024
697.0,Michael Kopech,28.0,CHW,AL,0.0,1.0,0.0,0.0,0.0,0.0,0.0,0.0,0.0,0.0,0.0,0.0,0.0,0.0,,,,,,,,0.0,0.0,0.0,0.0,0.0,0.0,1,,2024
698.0,Peter Lambert,27.0,COL,NL,0.0,1.0,0.0,0.0,0.0,0.0,0.0,0.0,0.0,0.0,0.0,0.0,0.0,0.0,,,,,,,,0.0,0.0,0.0,0.0,0.0,0.0,1,,2024
699.0,Jacob Latz,28.0,TEX,AL,0.0,1.0,0.0,0.0,0.0,0.0,0.0,0.0,0.0,0.0,0.0,0.0,0.0,0.0,,,,,,,,0.0,0.0,0.0,0.0,0.0,0.0,1,,2024
700.0,Derek Law,33.0,WSN,NL,0.0,1.0,0.0,0.0,0.0,0.0,0.0,0.0,0.0,0.0,0.0,0.0,0.0,0.0,,,,,,,,0.0,0.0,0.0,0.0,0.0,0.0,1,,2024
701.0,Justin Lawrence,29.0,COL,NL,0.0,2.0,0.0,0.0,0.0,0.0,0.0,0.0,0.0,0.0,0.0,0.0,0.0,0.0,,,,,,,,0.0,0.0,0.0,0.0,0.0,0.0,1,,2024
702.0,Kyle Leahy#,27.0,STL,NL,0.0,1.0,0.0,0.0,0.0,0.0,0.0,0.0,0.0,0.0,0.0,0.0,0.0,0.0,,,,,,,,0.0,0.0,0.0,0.0,0.0,0.0,1,,2024
703.0,José Leclerc,30.0,TEX,AL,0.0,1.0,0.0,0.0,0.0,0.0,0.0,0.0,0.0,0.0,0.0,0.0,0.0,0.0,,,,,,,,0.0,0.0,0.0,0.0,0.0,0.0,1,,2024
704.0,Jorge López,31.0,NYM,NL,0.0,1.0,0.0,0.0,0.0,0.0,0.0,0.0,0.0,0.0,0.0,0.0,0.0,0.0,,,,,,,,0.0,0.0,0.0,0.0,0.0,0.0,1,,2024
705.0,Joe Mantiply,33.0,ARI,NL,0.0,1.0,0.0,0.0,0.0,0.0,0.0,0.0,0.0,0.0,0.0,0.0,0.0,0.0,,,,,,,,0.0,0.0,0.0,0.0,0.0,0.0,1,,2024
706.0,Chris Martin,38.0,BOS,AL,0.0,2.0,0.0,0.0,0.0,0.0,0.0,0.0,0.0,0.0,0.0,0.0,0.0,0.0,,,,,,,,0.0,0.0,0.0,0.0,0.0,0.0,1,,2024
707.0,Justin Martínez,22.0,ARI,NL,0.0,2.0,0.0,0.0,0.0,0.0,0.0,0.0,0.0,0.0,0.0,0.0,0.0,0.0,,,,,,,,0.0,0.0,0.0,0.0,0.0,0.0,1,,2024
708.0,James McArthur,27.0,KCR,AL,0.0,2.0,0.0,0.0,0.0,0.0,0.0,0.0,0.0,0.0,0.0,0.0,0.0,0.0,,,,,,,,0.0,0.0,0.0,0.0,0.0,0.0,1,,2024
709.0,Nick Mears,27.0,COL,NL,0.0,1.0,0.0,0.0,0.0,0.0,0.0,0.0,0.0,0.0,0.0,0.0,0.0,0.0,,,,,,,,0.0,0.0,0.0,0.0,0.0,0.0,1,,2024
710.0,Trevor Megill*,30.0,MIL,NL,0.0,1.0,0.0,0.0,0.0,0.0,0.0,0.0,0.0,0.0,0.0,0.0,0.0,0.0,,,,,,,,0.0,0.0,0.0,0.0,0.0,0.0,1,,2024
711.0,Julian Merryweather,32.0,CHC,NL,0.0,1.0,0.0,0.0,0.0,0.0,0.0,0.0,0.0,0.0,0.0,0.0,0.0,0.0,,,,,,,,0.0,0.0,0.0,0.0,0.0,0.0,1,,2024
712.0,Hoby Milner*,33.0,MIL,NL,0.0,1.0,0.0,0.0,0.0,0.0,0.0,0.0,0.0,0.0,0.0,0.0,0.0,0.0,,,,,,,,0.0,0.0,0.0,0.0,0.0,0.0,1,,2024
713.0,Héctor Neris,35.0,CHC,NL,0.0,1.0,0.0,0.0,0.0,0.0,0.0,0.0,0.0,0.0,0.0,0.0,0.0,0.0,,,,,,,,0.0,0.0,0.0,0.0,0.0,0.0,1,,2024
714.0,Joel Payamps,30.0,MIL,NL,0.0,1.0,0.0,0.0,0.0,0.0,0.0,0.0,0.0,0.0,0.0,0.0,0.0,0.0,,,,,,,,0.0,0.0,0.0,0.0,0.0,0.0,1,,2024
715.0,Elvis Peguero,27.0,MIL,NL,0.0,1.0,0.0,0.0,0.0,0.0,0.0,0.0,0.0,0.0,0.0,0.0,0.0,0.0,,,,,,,,0.0,0.0,0.0,0.0,0.0,0.0,1,,2024
716.0,Zach Penrod*,27.0,BOS,AL,0.0,1.0,0.0,0.0,0.0,0.0,0.0,0.0,0.0,0.0,0.0,0.0,0.0,0.0,,,,,,,,0.0,0.0,0.0,0.0,0.0,0.0,/1,,2024
717.0,Ryan Pressly,35.0,HOU,AL,0.0,2.0,0.0,0.0,0.0,0.0,0.0,0.0,0.0,0.0,0.0,0.0,0.0,0.0,,,,,,,,0.0,0.0,0.0,0.0,0.0,0.0,1,,2024
718.0,A.J. Puk*,29.0,ARI,NL,0.0,1.0,0.0,0.0,0.0,0.0,0.0,0.0,0.0,0.0,0.0,0.0,0.0,0.0,,,,,,,,0.0,0.0,0.0,0.0,0.0,0.0,1,,2024
719.0,José Quijada*,28.0,LAA,AL,0.0,1.0,0.0,0.0,0.0,0.0,0.0,0.0,0.0,0.0,0.0,0.0,0.0,0.0,,,,,,,,0.0,0.0,0.0,0.0,0.0,0.0,1,,2024
720.0,David Robertson,39.0,TEX,AL,0.0,2.0,0.0,0.0,0.0,0.0,0.0,0.0,0.0,0.0,0.0,0.0,0.0,0.0,,,,,,,,0.0,0.0,0.0,0.0,0.0,0.0,1,,2024
721.0,Yerry Rodríguez,26.0,TEX,AL,0.0,1.0,0.0,0.0,0.0,0.0,0.0,0.0,0.0,0.0,0.0,0.0,0.0,0.0,,,,,,,,0.0,0.0,0.0,0.0,0.0,0.0,1,,2024
722.0,JoJo Romero*,27.0,STL,NL,0.0,1.0,0.0,0.0,0.0,0.0,0.0,0.0,0.0,0.0,0.0,0.0,0.0,0.0,,,,,,,,0.0,0.0,0.0,0.0,0.0,0.0,1,,2024
723.0,Paul Sewald,34.0,ARI,NL,0.0,1.0,0.0,0.0,0.0,0.0,0.0,0.0,0.0,0.0,0.0,0.0,0.0,0.0,,,,,,,,0.0,0.0,0.0,0.0,0.0,0.0,1,,2024
724.0,Chase Shugart*,27.0,BOS,AL,0.0,1.0,0.0,0.0,0.0,0.0,0.0,0.0,0.0,0.0,0.0,0.0,0.0,0.0,,,,,,,,0.0,0.0,0.0,0.0,0.0,0.0,/1,,2024
725.0,Lucas Sims,30.0,CIN,NL,0.0,1.0,0.0,0.0,0.0,0.0,0.0,0.0,0.0,0.0,0.0,0.0,0.0,0.0,,,,,,,,0.0,0.0,0.0,0.0,0.0,0.0,1,,2024
726.0,Kevin Smith,27.0,NYY,AL,0.0,2.0,0.0,0.0,0.0,0.0,0.0,0.0,0.0,0.0,0.0,0.0,0.0,0.0,,,,,,,,0.0,0.0,0.0,0.0,0.0,0.0,/HD,,2024
727.0,Ryne Stanek,32.0,SEA,AL,0.0,1.0,0.0,0.0,0.0,0.0,0.0,0.0,0.0,0.0,0.0,0.0,0.0,0.0,,,,,,,,0.0,0.0,0.0,0.0,0.0,0.0,1,,2024
728.0,Albert Suárez,34.0,BAL,AL,0.0,1.0,0.0,0.0,0.0,0.0,0.0,0.0,0.0,0.0,0.0,0.0,0.0,0.0,,,,,,,,0.0,0.0,0.0,0.0,0.0,0.0,1,,2024
729.0,Ryan Thompson,32.0,ARI,NL,0.0,1.0,0.0,0.0,0.0,0.0,0.0,0.0,0.0,0.0,0.0,0.0,0.0,0.0,,,,,,,,0.0,0.0,0.0,0.0,0.0,0.0,1,,2024
730.0,Trent Thornton,30.0,SEA,AL,0.0,1.0,0.0,0.0,0.0,0.0,0.0,0.0,0.0,0.0,0.0,0.0,0.0,0.0,,,,,,,,0.0,0.0,0.0,0.0,0.0,0.0,1,,2024
731.0,José Ureña,32.0,TEX,AL,0.0,2.0,0.0,0.0,0.0,0.0,0.0,0.0,0.0,0.0,0.0,0.0,0.0,0.0,,,,,,,,0.0,0.0,0.0,0.0,0.0,0.0,1,,2024
732.0,Victor Vodnik,24.0,COL,NL,0.0,1.0,0.0,0.0,0.0,0.0,0.0,0.0,0.0,0.0,0.0,0.0,0.0,0.0,,,,,,,,0.0,0.0,0.0,0.0,0.0,0.0,1,,2024
733.0,Austin Voth,32.0,SEA,AL,0.0,1.0,0.0,0.0,0.0,0.0,0.0,0.0,0.0,0.0,0.0,0.0,0.0,0.0,,,,,,,,0.0,0.0,0.0,0.0,0.0,0.0,1,,2024
734.0,Jacob Webb,30.0,BAL,AL,0.0,1.0,0.0,0.0,0.0,0.0,0.0,0.0,0.0,0.0,0.0,0.0,0.0,0.0,,,,,,,,0.0,0.0,0.0,0.0,0.0,0.0,1,,2024
735.0,Mitch White,29.0,MIL,NL,0.0,1.0,0.0,0.0,0.0,0.0,0.0,0.0,0.0,0.0,0.0,0.0,0.0,0.0,,,,,,,,0.0,0.0,0.0,0.0,0.0,0.0,/1,,2024
736.0,Owen White,24.0,TEX,AL,0.0,1.0,0.0,0.0,0.0,0.0,0.0,0.0,0.0,0.0,0.0,0.0,0.0,0.0,,,,,,,,0.0,0.0,0.0,0.0,0.0,0.0,/1,,2024
737.0,Justin Wilson*,36.0,CIN,NL,0.0,1.0,0.0,0.0,0.0,0.0,0.0,0.0,0.0,0.0,0.0,0.0,0.0,0.0,,,,,,,,0.0,0.0,0.0,0.0,0.0,0.0,1,,2024
738.0,Josh Winckowski,26.0,BOS,AL,0.0,1.0,0.0,0.0,0.0,0.0,0.0,0.0,0.0,0.0,0.0,0.0,0.0,0.0,,,,,,,,0.0,0.0,0.0,0.0,0.0,0.0,1,,2024
739.0,Kirby Yates*,37.0,TEX,AL,0.0,3.0,0.0,0.0,0.0,0.0,0.0,0.0,0.0,0.0,0.0,0.0,0.0,0.0,,,,,,,,0.0,0.0,0.0,0.0,0.0,0.0,1,"AS,CYA-8",2024
740.0,Alex Young*,30.0,CIN,NL,0.0,1.0,0.0,0.0,0.0,0.0,0.0,0.0,0.0,0.0,0.0,0.0,0.0,0.0,,,,,,,,0.0,0.0,0.0,0.0,0.0,0.0,/1,,2024
741.0,Guillo Zuñiga,25.0,LAA,AL,0.0,1.0,0.0,0.0,0.0,0.0,0.0,0.0,0.0,0.0,0.0,0.0,0.0,0.0,,,,,,,,0.0,0.0,0.0,0.0,0.0,0.0,1,,2024
,MLB Average,,,,,,,,,,,,,,,,,,0.243,0.312,0.399,0.711,100.0,0.316,100.0,,,,,,,,,2024
1.0,Francisco Lindor#,31.0,NYM,NL,5.9,160.0,732.0,644.0,117.0,172.0,35.0,0.0,31.0,86.0,31.0,6.0,65.0,131.0,0.267,0.346,0.466,0.811,129.0,0.359,129.0,300.0,9.0,16.0,0.0,7.0,2.0,*6/DH,"AS,MVP-10",2025
2.0,Rafael Devers*,28.0,2TM,2LG,4.1,163.0,729.0,607.0,99.0,153.0,33.0,0.0,35.0,109.0,1.0,1.0,112.0,192.0,0.252,0.372,0.479,0.851,140.0,0.366,139.0,291.0,16.0,6.0,0.0,4.0,10.0,*D3/5H,,2025
2.0,Rafael Devers*,28.0,BOS,AL,2.3,73.0,334.0,272.0,47.0,74.0,18.0,0.0,15.0,58.0,1.0,1.0,56.0,76.0,0.272,0.401,0.504,0.905,151.0,0.387,153.0,137.0,7.0,4.0,0.0,2.0,7.0,D,,2025
2.0,Rafael Devers*,28.0,SFG,NL,1.9,90.0,395.0,335.0,52.0,79.0,15.0,0.0,20.0,51.0,0.0,0.0,56.0,116.0,0.236,0.347,0.46,0.807,130.0,0.349,127.0,154.0,9.0,2.0,0.0,2.0,3.0,D3/5H,,2025
3.0,Shohei Ohtani*,30.0,LAD,NL,6.6,158.0,727.0,611.0,146.0,172.0,25.0,9.0,55.0,102.0,20.0,6.0,109.0,187.0,0.282,0.392,0.622,1.014,179.0,0.423,175.0,380.0,9.0,3.0,0.0,2.0,20.0,*D1,"AS,MVP-1,SS",2025
4.0,Matt Olson*,31.0,ATL,NL,6.0,162.0,724.0,624.0,98.0,170.0,41.0,2.0,29.0,95.0,1.0,0.0,91.0,176.0,0.272,0.366,0.484,0.85,138.0,0.368,136.0,302.0,14.0,4.0,0.0,5.0,2.0,*3,"AS,MVP-18,GG",2025
5.0,Kyle Schwarber*,32.0,PHI,NL,4.7,162.0,724.0,604.0,111.0,145.0,23.0,2.0,56.0,132.0,10.0,2.0,108.0,197.0,0.24,0.365,0.563,0.928,150.0,0.396,149.0,340.0,4.0,11.0,0.0,1.0,6.0,*D/7,"AS,MVP-2",2025
6.0,Geraldo Perdomo#,25.0,ARI,NL,7.0,161.0,720.0,597.0,98.0,173.0,33.0,5.0,20.0,100.0,27.0,6.0,94.0,83.0,0.29,0.389,0.462,0.851,136.0,0.382,139.0,276.0,11.0,10.0,8.0,11.0,1.0,*6/H,"MVP-4,SS",2025
7.0,Juan Soto*,26.0,NYM,NL,6.2,160.0,715.0,577.0,120.0,152.0,20.0,1.0,43.0,105.0,38.0,4.0,127.0,137.0,0.263,0.396,0.525,0.921,160.0,0.41,163.0,303.0,17.0,3.0,1.0,6.0,13.0,*9/D,"MVP-3,SS",2025
8.0,Julio Rodríguez,24.0,SEA,AL,6.8,160.0,710.0,652.0,106.0,174.0,31.0,4.0,32.0,95.0,30.0,6.0,44.0,152.0,0.267,0.324,0.474,0.798,128.0,0.353,133.0,309.0,15.0,12.0,0.0,2.0,5.0,*8/DH,"AS,MVP-6",2025
9.0,Pete Alonso,30.0,NYM,NL,3.4,162.0,709.0,624.0,87.0,170.0,41.0,1.0,38.0,126.0,1.0,2.0,61.0,162.0,0.272,0.347,0.524,0.871,144.0,0.371,142.0,327.0,23.0,15.0,0.0,9.0,5.0,*3/D,"AS,MVP-11,SS",2025
10.0,Randy Arozarena,30.0,SEA,AL,4.0,160.0,709.0,613.0,95.0,146.0,32.0,1.0,27.0,76.0,31.0,6.0,64.0,191.0,0.238,0.334,0.426,0.76,119.0,0.341,124.0,261.0,9.0,27.0,0.0,5.0,2.0,*7/D,AS,2025
11.0,Cal Raleigh#,28.0,SEA,AL,7.4,159.0,705.0,596.0,110.0,147.0,24.0,0.0,60.0,125.0,14.0,4.0,97.0,188.0,0.247,0.359,0.589,0.948,169.0,0.392,165.0,351.0,6.0,9.0,0.0,3.0,17.0,*2D/H,"AS,MVP-2,SS",2025
12.0,Elly De La Cruz#,23.0,CIN,NL,3.6,162.0,699.0,629.0,102.0,166.0,31.0,7.0,22.0,86.0,37.0,8.0,67.0,181.0,0.264,0.336,0.44,0.777,109.0,0.342,104.0,277.0,14.0,2.0,0.0,1.0,10.0,*6/DH,"AS,MVP-23",2025
13.0,Brent Rooker,30.0,ATH,AL,2.3,162.0,699.0,626.0,92.0,164.0,40.0,3.0,30.0,89.0,6.0,1.0,65.0,155.0,0.262,0.335,0.479,0.814,123.0,0.353,125.0,300.0,13.0,5.0,0.0,2.0,4.0,*D9/7H,AS,2025
14.0,Jarren Duran*,28.0,BOS,AL,4.7,157.0,696.0,620.0,86.0,159.0,41.0,13.0,16.0,84.0,24.0,6.0,60.0,169.0,0.256,0.332,0.442,0.774,114.0,0.345,118.0,274.0,6.0,12.0,1.0,3.0,1.0,*78/H9D,,2025
15.0,Heliot Ramos,25.0,SFG,NL,1.2,157.0,695.0,620.0,85.0,159.0,24.0,1.0,21.0,69.0,6.0,4.0,52.0,158.0,0.256,0.328,0.4,0.728,108.0,0.319,107.0,248.0,16.0,17.0,0.0,6.0,2.0,*7/DH,,2025
16.0,Steven Kwan*,27.0,CLE,AL,3.7,156.0,693.0,625.0,81.0,170.0,29.0,1.0,11.0,56.0,21.0,5.0,55.0,60.0,0.272,0.33,0.374,0.705,96.0,0.312,94.0,234.0,3.0,3.0,3.0,7.0,2.0,*7/D8,"AS,GG",2025
17.0,Fernando Tatis Jr.,26.0,SDP,NL,5.9,155.0,691.0,594.0,111.0,159.0,27.0,2.0,25.0,71.0,32.0,7.0,89.0,129.0,0.268,0.368,0.446,0.814,125.0,0.368,129.0,265.0,6.0,6.0,0.0,2.0,7.0,*9/D,"AS,MVP-8,GG",2025
18.0,James Wood*,22.0,WSN,NL,3.7,157.0,689.0,598.0,87.0,153.0,38.0,0.0,31.0,94.0,15.0,7.0,85.0,221.0,0.256,0.35,0.475,0.825,132.0,0.357,132.0,284.0,12.0,3.0,0.0,3.0,8.0,*7D/H,AS,2025
19.0,Bobby Witt Jr.,25.0,KCR,AL,7.1,157.0,687.0,623.0,99.0,184.0,47.0,6.0,23.0,88.0,38.0,9.0,49.0,125.0,0.295,0.351,0.501,0.852,136.0,0.37,136.0,312.0,7.0,8.0,0.0,7.0,8.0,*6/D,"AS,MVP-4,GG,SS",2025
20.0,Willy Adames,29.0,SFG,NL,3.7,160.0,686.0,591.0,94.0,133.0,22.0,2.0,30.0,87.0,12.0,4.0,80.0,179.0,0.225,0.318,0.421,0.74,111.0,0.326,110.0,249.0,9.0,5.0,0.0,9.0,2.0,*6/D,,2025
21.0,TJ Friedl*,29.0,CIN,NL,2.3,152.0,685.0,579.0,82.0,151.0,22.0,2.0,14.0,53.0,12.0,3.0,81.0,115.0,0.261,0.364,0.378,0.742,102.0,0.341,106.0,219.0,7.0,16.0,4.0,5.0,0.0,*8/DH,,2025
22.0,Vinnie Pasquantino*,27.0,KCR,AL,2.4,160.0,682.0,621.0,72.0,164.0,33.0,1.0,32.0,113.0,1.0,0.0,49.0,107.0,0.264,0.323,0.475,0.798,120.0,0.343,121.0,295.0,14.0,7.0,0.0,5.0,5.0,*3D,,2025
23.0,Vladimir Guerrero Jr.,26.0,TOR,AL,4.6,156.0,680.0,589.0,96.0,172.0,34.0,0.0,23.0,84.0,6.0,3.0,81.0,94.0,0.292,0.381,0.467,0.848,133.0,0.365,133.0,275.0,17.0,6.0,0.0,4.0,8.0,*3D/H,"AS,MVP-13",2025
24.0,Aaron Judge,33.0,NYY,AL,9.7,152.0,679.0,541.0,137.0,179.0,30.0,2.0,53.0,114.0,12.0,5.0,124.0,160.0,0.331,0.457,0.688,1.144,215.0,0.461,212.0,372.0,16.0,7.0,0.0,7.0,36.0,9D/H,"AS,MVP-1,SS",2025
25.0,Manny Machado,32.0,SDP,NL,4.1,159.0,678.0,615.0,91.0,169.0,33.0,0.0,27.0,95.0,14.0,3.0,55.0,131.0,0.275,0.335,0.46,0.795,118.0,0.346,115.0,283.0,16.0,3.0,0.0,5.0,4.0,*5D,"AS,MVP-16,SS",2025
26.0,Luis Arráez*,28.0,SDP,NL,1.2,154.0,675.0,620.0,66.0,181.0,30.0,4.0,8.0,61.0,11.0,4.0,34.0,21.0,0.292,0.327,0.392,0.719,99.0,0.318,97.0,243.0,12.0,2.0,12.0,7.0,0.0,*3D4/H,,2025
27.0,José Ramírez#,32.0,CLE,AL,5.8,158.0,673.0,593.0,103.0,168.0,34.0,3.0,30.0,85.0,44.0,7.0,66.0,74.0,0.283,0.36,0.503,0.863,137.0,0.372,134.0,298.0,9.0,8.0,0.0,5.0,22.0,*5D,"AS,MVP-3,SS",2025
28.0,Ozzie Albies#,28.0,ATL,NL,2.1,157.0,667.0,603.0,74.0,145.0,23.0,2.0,16.0,74.0,14.0,3.0,55.0,94.0,0.24,0.306,0.365,0.671,89.0,0.307,92.0,220.0,9.0,4.0,0.0,5.0,2.0,*4,,2025
29.0,Maikel Garcia,25.0,KCR,AL,5.8,160.0,666.0,595.0,81.0,170.0,39.0,5.0,16.0,74.0,23.0,9.0,62.0,84.0,0.286,0.351,0.449,0.8,123.0,0.348,123.0,267.0,14.0,1.0,3.0,5.0,0.0,*564/8DH9,"AS,MVP-14,GG",2025
30.0,Mookie Betts,32.0,LAD,NL,4.9,150.0,663.0,589.0,95.0,152.0,23.0,2.0,20.0,82.0,8.0,2.0,61.0,68.0,0.258,0.326,0.406,0.732,104.0,0.322,102.0,239.0,15.0,3.0,0.0,10.0,2.0,*6/H9,,2025
31.0,Ian Happ#,30.0,CHC,NL,4.0,150.0,663.0,569.0,87.0,138.0,32.0,0.0,23.0,79.0,6.0,3.0,87.0,151.0,0.243,0.342,0.42,0.762,120.0,0.338,122.0,239.0,8.0,2.0,0.0,5.0,2.0,*7/DH,GG,2025
32.0,Taylor Ward,31.0,LAA,AL,2.7,157.0,663.0,579.0,86.0,132.0,31.0,2.0,36.0,103.0,4.0,1.0,75.0,175.0,0.228,0.317,0.475,0.792,116.0,0.342,117.0,275.0,13.0,3.0,0.0,6.0,1.0,*7/DH,,2025
33.0,William Contreras,27.0,MIL,NL,3.9,150.0,659.0,566.0,89.0,147.0,28.0,0.0,17.0,76.0,6.0,4.0,84.0,120.0,0.26,0.355,0.399,0.754,111.0,0.342,117.0,226.0,14.0,3.0,0.0,6.0,4.0,*2D/37,,2025
34.0,Brice Turang*,25.0,MIL,NL,5.6,156.0,659.0,584.0,97.0,168.0,28.0,2.0,18.0,81.0,24.0,8.0,66.0,150.0,0.288,0.359,0.435,0.794,121.0,0.355,123.0,254.0,3.0,2.0,2.0,5.0,1.0,*4/H6,MVP-14,2025
35.0,Eugenio Suárez,33.0,2TM,2LG,3.6,159.0,657.0,588.0,91.0,134.0,28.0,0.0,49.0,118.0,4.0,1.0,46.0,196.0,0.228,0.298,0.526,0.824,126.0,0.354,127.0,309.0,11.0,16.0,0.0,7.0,2.0,*5/D3H,AS,2025
35.0,Eugenio Suárez,33.0,ARI,NL,3.3,106.0,437.0,387.0,64.0,96.0,19.0,0.0,36.0,87.0,1.0,0.0,29.0,117.0,0.248,0.32,0.576,0.897,142.0,0.386,145.0,223.0,7.0,15.0,0.0,6.0,1.0,5/DH3,,2025
35.0,Eugenio Suárez,33.0,SEA,AL,0.3,53.0,220.0,201.0,27.0,38.0,9.0,0.0,13.0,31.0,3.0,1.0,17.0,79.0,0.189,0.255,0.428,0.682,94.0,0.289,89.0,86.0,4.0,1.0,0.0,1.0,1.0,5/3,,2025
36.0,Cody Bellinger*,29.0,NYY,AL,5.1,152.0,656.0,588.0,89.0,160.0,25.0,5.0,29.0,98.0,13.0,2.0,57.0,90.0,0.272,0.334,0.48,0.813,125.0,0.349,123.0,282.0,8.0,2.0,0.0,9.0,1.0,*798/3H,MVP-14,2025
37.0,Riley Greene*,24.0,DET,AL,2.2,157.0,655.0,600.0,84.0,155.0,31.0,1.0,36.0,111.0,2.0,1.0,46.0,201.0,0.258,0.313,0.493,0.806,120.0,0.343,118.0,296.0,14.0,4.0,0.0,5.0,1.0,*7D8/H9,"AS,MVP-17,SS",2025
38.0,Jose Altuve,35.0,HOU,AL,0.5,155.0,654.0,588.0,80.0,156.0,24.0,1.0,26.0,77.0,10.0,6.0,55.0,109.0,0.265,0.329,0.442,0.771,112.0,0.331,110.0,260.0,20.0,4.0,1.0,6.0,5.0,4D7/H,,2025
39.0,J.P. Crawford*,30.0,SEA,AL,3.8,157.0,654.0,570.0,69.0,151.0,24.0,0.0,12.0,58.0,8.0,1.0,74.0,122.0,0.265,0.352,0.37,0.722,111.0,0.322,113.0,211.0,11.0,3.0,6.0,1.0,1.0,*6/H,,2025
40.0,Bryan Reynolds#,30.0,PIT,NL,1.4,154.0,654.0,587.0,68.0,144.0,38.0,3.0,16.0,73.0,3.0,2.0,57.0,173.0,0.245,0.318,0.402,0.72,99.0,0.319,99.0,236.0,15.0,7.0,0.0,3.0,1.0,*9D/H,,2025
41.0,Trevor Story,32.0,BOS,AL,3.8,157.0,654.0,612.0,91.0,161.0,29.0,0.0,25.0,96.0,31.0,1.0,33.0,176.0,0.263,0.308,0.433,0.741,104.0,0.333,105.0,265.0,3.0,7.0,1.0,1.0,1.0,*6/HD,,2025
42.0,Junior Caminero,21.0,TBR,AL,4.4,154.0,653.0,602.0,93.0,159.0,28.0,0.0,45.0,110.0,7.0,1.0,41.0,125.0,0.264,0.311,0.535,0.846,131.0,0.366,136.0,322.0,31.0,3.0,0.0,7.0,1.0,*5/DH3,"AS,MVP-9",2025
43.0,Brandon Nimmo*,32.0,NYM,NL,2.9,155.0,652.0,587.0,81.0,154.0,27.0,0.0,25.0,92.0,13.0,1.0,50.0,141.0,0.262,0.324,0.436,0.76,114.0,0.335,113.0,256.0,8.0,7.0,1.0,7.0,1.0,*7/8DH,,2025
44.0,Yandy Díaz,33.0,TBR,AL,3.4,150.0,651.0,583.0,79.0,175.0,29.0,1.0,25.0,83.0,3.0,1.0,57.0,92.0,0.3,0.366,0.482,0.848,136.0,0.364,136.0,281.0,12.0,6.0,0.0,5.0,4.0,*D3,MVP-18,2025
45.0,Gunnar Henderson*,24.0,BAL,AL,5.3,154.0,651.0,577.0,85.0,158.0,34.0,5.0,17.0,68.0,30.0,5.0,62.0,137.0,0.274,0.349,0.438,0.787,121.0,0.349,122.0,253.0,7.0,7.0,0.0,5.0,6.0,*6/DH,,2025
46.0,Seiya Suzuki,30.0,CHC,NL,2.6,151.0,651.0,571.0,75.0,140.0,31.0,3.0,32.0,103.0,5.0,2.0,71.0,164.0,0.245,0.326,0.478,0.804,130.0,0.348,129.0,273.0,13.0,1.0,0.0,8.0,1.0,D97/H8,MVP-20,2025
47.0,Nico Hoerner,28.0,CHC,NL,6.2,156.0,649.0,599.0,89.0,178.0,29.0,4.0,7.0,61.0,29.0,6.0,39.0,49.0,0.297,0.345,0.394,0.739,114.0,0.338,118.0,236.0,4.0,7.0,0.0,4.0,1.0,*4/6,"MVP-19,GG",2025
48.0,Jackson Holliday*,21.0,BAL,AL,1.0,149.0,649.0,586.0,70.0,142.0,21.0,3.0,17.0,55.0,17.0,11.0,56.0,140.0,0.242,0.314,0.375,0.69,95.0,0.305,97.0,220.0,4.0,6.0,0.0,1.0,1.0,*4/6DH,,2025
49.0,Spencer Torkelson,25.0,DET,AL,2.3,155.0,649.0,563.0,82.0,135.0,27.0,1.0,31.0,78.0,2.0,1.0,72.0,169.0,0.24,0.333,0.456,0.789,117.0,0.339,116.0,257.0,12.0,9.0,0.0,5.0,6.0,*3D/H,,2025
50.0,Pete Crow-Armstrong*,23.0,CHC,NL,6.0,157.0,647.0,591.0,91.0,146.0,37.0,4.0,31.0,95.0,35.0,8.0,29.0,155.0,0.247,0.287,0.481,0.768,118.0,0.337,117.0,284.0,1.0,9.0,6.0,12.0,1.0,*8/HD,"AS,MVP-9,GG",2025
51.0,Dansby Swanson,31.0,CHC,NL,4.5,159.0,645.0,590.0,84.0,144.0,24.0,3.0,24.0,77.0,20.0,3.0,47.0,168.0,0.244,0.3,0.417,0.717,105.0,0.323,108.0,246.0,9.0,2.0,1.0,5.0,1.0,*6,,2025
52.0,Christian Yelich*,33.0,MIL,NL,3.1,150.0,644.0,573.0,88.0,151.0,21.0,0.0,29.0,103.0,16.0,6.0,64.0,167.0,0.264,0.343,0.452,0.795,121.0,0.35,121.0,259.0,6.0,6.0,0.0,1.0,6.0,*D7/H,MVP-12,2025
53.0,Corbin Carroll*,24.0,ARI,NL,5.8,143.0,642.0,564.0,107.0,146.0,32.0,17.0,31.0,84.0,32.0,6.0,67.0,153.0,0.259,0.343,0.541,0.883,140.0,0.382,137.0,305.0,6.0,7.0,0.0,4.0,4.0,*9/8DH,"AS,MVP-6,SS",2025
54.0,Michael Harris II*,24.0,ATL,NL,2.2,160.0,641.0,611.0,55.0,152.0,26.0,6.0,20.0,86.0,20.0,6.0,16.0,128.0,0.249,0.268,0.409,0.678,88.0,0.295,83.0,250.0,7.0,3.0,4.0,7.0,1.0,*8/H,,2025
55.0,Salvador Perez,35.0,KCR,AL,0.4,155.0,641.0,597.0,54.0,141.0,35.0,0.0,30.0,100.0,0.0,0.0,28.0,125.0,0.236,0.284,0.446,0.729,100.0,0.311,97.0,266.0,14.0,12.0,0.0,1.0,5.0,2D3,,2025
56.0,Christian Walker,34.0,HOU,AL,0.2,154.0,640.0,585.0,72.0,139.0,24.0,1.0,27.0,88.0,2.0,1.0,40.0,177.0,0.238,0.297,0.421,0.717,97.0,0.312,96.0,246.0,10.0,11.0,0.0,4.0,1.0,*3/DH,,2025
57.0,Trea Turner,32.0,PHI,NL,5.4,141.0,639.0,589.0,94.0,179.0,31.0,7.0,15.0,69.0,36.0,7.0,43.0,107.0,0.304,0.355,0.457,0.812,121.0,0.368,124.0,269.0,11.0,5.0,0.0,2.0,1.0,*6/DH,MVP-5,2025
58.0,CJ Abrams*,24.0,WSN,NL,3.4,144.0,635.0,580.0,92.0,149.0,35.0,5.0,19.0,60.0,31.0,3.0,37.0,125.0,0.257,0.315,0.433,0.748,111.0,0.338,111.0,251.0,5.0,14.0,1.0,3.0,1.0,*6/HD,,2025
59.0,Lawrence Butler*,24.0,ATH,AL,1.9,152.0,630.0,569.0,83.0,133.0,30.0,2.0,21.0,63.0,22.0,7.0,59.0,179.0,0.234,0.306,0.404,0.71,96.0,0.313,95.0,230.0,7.0,0.0,2.0,0.0,0.0,*98H,,2025
60.0,Bo Bichette,27.0,TOR,AL,3.5,139.0,628.0,582.0,78.0,181.0,44.0,1.0,18.0,94.0,4.0,3.0,40.0,91.0,0.311,0.357,0.483,0.84,129.0,0.364,132.0,281.0,17.0,3.0,0.0,3.0,2.0,*6/DH,MVP-16,2025
61.0,Gleyber Torres,28.0,DET,AL,2.9,145.0,628.0,532.0,79.0,136.0,22.0,0.0,16.0,74.0,4.0,1.0,85.0,101.0,0.256,0.358,0.387,0.745,108.0,0.336,113.0,206.0,11.0,4.0,0.0,7.0,0.0,*4D/H,AS,2025
62.0,Freddie Freeman*,35.0,LAD,NL,3.5,147.0,627.0,556.0,81.0,164.0,39.0,2.0,24.0,90.0,6.0,2.0,60.0,128.0,0.295,0.367,0.502,0.869,141.0,0.376,141.0,279.0,13.0,6.0,0.0,5.0,7.0,*3/H,"AS,MVP-13",2025
63.0,Andy Pages,24.0,LAD,NL,3.8,156.0,624.0,581.0,74.0,158.0,27.0,1.0,27.0,86.0,14.0,7.0,29.0,135.0,0.272,0.313,0.461,0.774,114.0,0.338,115.0,268.0,9.0,8.0,0.0,6.0,0.0,*897,,2025
64.0,Tyler Soderstrom*,23.0,ATH,AL,4.3,158.0,624.0,561.0,75.0,155.0,34.0,1.0,25.0,93.0,8.0,3.0,55.0,141.0,0.276,0.346,0.474,0.82,126.0,0.352,125.0,266.0,18.0,6.0,0.0,2.0,2.0,73H/D,,2025
65.0,Xavier Edwards#,25.0,MIA,NL,3.2,139.0,619.0,561.0,75.0,159.0,20.0,5.0,3.0,43.0,27.0,7.0,49.0,88.0,0.283,0.343,0.353,0.695,94.0,0.317,93.0,198.0,6.0,3.0,3.0,3.0,2.0,46/HD,,2025
66.0,Jung Hoo Lee*,26.0,SFG,NL,1.7,150.0,617.0,560.0,73.0,149.0,31.0,12.0,8.0,55.0,10.0,3.0,47.0,71.0,0.266,0.327,0.407,0.735,110.0,0.329,112.0,228.0,2.0,6.0,0.0,4.0,0.0,*8/HD,,2025
67.0,Nathaniel Lowe*,29.0,2TM,2LG,0.1,153.0,609.0,540.0,64.0,123.0,23.0,3.0,18.0,84.0,1.0,0.0,62.0,159.0,0.228,0.307,0.381,0.689,94.0,0.304,93.0,206.0,6.0,2.0,0.0,5.0,2.0,*3/HD,,2025
67.0,Nathaniel Lowe*,29.0,WSN,NL,-0.3,119.0,490.0,440.0,50.0,95.0,17.0,2.0,16.0,68.0,1.0,0.0,47.0,130.0,0.216,0.292,0.373,0.665,88.0,0.297,88.0,164.0,5.0,1.0,0.0,2.0,0.0,*3/DH,,2025
67.0,Nathaniel Lowe*,29.0,BOS,AL,0.4,34.0,119.0,100.0,14.0,28.0,6.0,1.0,2.0,16.0,0.0,0.0,15.0,29.0,0.28,0.37,0.42,0.79,121.0,0.336,115.0,42.0,1.0,1.0,0.0,3.0,2.0,3/HD,,2025
68.0,Josh Naylor*,28.0,2TM,2LG,3.1,147.0,604.0,543.0,81.0,160.0,29.0,1.0,20.0,92.0,30.0,2.0,48.0,83.0,0.295,0.353,0.462,0.816,128.0,0.365,128.0,251.0,17.0,4.0,0.0,5.0,4.0,*3D/H,,2025
68.0,Josh Naylor*,28.0,ARI,NL,0.8,93.0,394.0,349.0,49.0,102.0,19.0,1.0,11.0,59.0,11.0,2.0,37.0,49.0,0.292,0.36,0.447,0.807,123.0,0.356,122.0,156.0,14.0,2.0,0.0,4.0,4.0,3D/H,,2025
68.0,Josh Naylor*,28.0,SEA,AL,2.2,54.0,210.0,194.0,32.0,58.0,10.0,0.0,9.0,33.0,19.0,0.0,11.0,34.0,0.299,0.341,0.49,0.831,138.0,0.38,141.0,95.0,3.0,2.0,0.0,1.0,0.0,3/DH,,2025
69.0,Kyle Tucker*,28.0,CHC,NL,4.6,136.0,597.0,500.0,91.0,133.0,25.0,4.0,22.0,73.0,25.0,3.0,87.0,88.0,0.266,0.377,0.464,0.841,143.0,0.375,143.0,232.0,8.0,4.0,1.0,3.0,7.0,*9D/H,"AS,SS",2025
70.0,Anthony Volpe,24.0,NYY,AL,1.6,153.0,596.0,539.0,65.0,114.0,32.0,4.0,19.0,72.0,18.0,8.0,43.0,150.0,0.212,0.272,0.391,0.663,83.0,0.287,80.0,211.0,10.0,4.0,3.0,7.0,0.0,*6/H,,2025
71.0,Sal Frelick*,25.0,MIL,NL,3.0,142.0,594.0,528.0,76.0,152.0,20.0,3.0,12.0,63.0,19.0,6.0,47.0,80.0,0.288,0.351,0.405,0.756,111.0,0.335,110.0,214.0,4.0,7.0,3.0,5.0,0.0,*98/H35,,2025
72.0,Otto López,26.0,MIA,NL,3.5,143.0,594.0,544.0,66.0,134.0,21.0,0.0,15.0,77.0,15.0,6.0,44.0,82.0,0.246,0.305,0.368,0.672,86.0,0.307,89.0,200.0,9.0,3.0,0.0,3.0,2.0,*64/HD,,2025
73.0,Michael Busch*,27.0,CHC,NL,4.6,155.0,592.0,524.0,78.0,137.0,25.0,5.0,34.0,90.0,4.0,0.0,56.0,139.0,0.261,0.343,0.523,0.866,147.0,0.376,148.0,274.0,2.0,10.0,0.0,2.0,2.0,*3H/D,MVP-16,2025
74.0,Marcell Ozuna,34.0,ATL,NL,1.6,145.0,592.0,487.0,61.0,113.0,19.0,0.0,21.0,68.0,0.0,0.0,94.0,144.0,0.232,0.355,0.4,0.756,113.0,0.342,118.0,195.0,11.0,3.0,0.0,7.0,2.0,*D/H,,2025
75.0,Nick Castellanos,33.0,PHI,NL,-0.8,147.0,589.0,547.0,72.0,137.0,27.0,2.0,17.0,72.0,4.0,0.0,32.0,133.0,0.25,0.294,0.4,0.694,88.0,0.309,87.0,219.0,13.0,4.0,0.0,6.0,0.0,*9/DH,,2025
76.0,Jackson Chourio,21.0,MIL,NL,2.2,131.0,589.0,549.0,88.0,148.0,35.0,4.0,21.0,78.0,21.0,7.0,30.0,121.0,0.27,0.308,0.463,0.77,112.0,0.339,112.0,254.0,13.0,3.0,1.0,6.0,1.0,*879/D,,2025
77.0,Jordan Beck,24.0,COL,NL,0.9,148.0,588.0,539.0,62.0,139.0,27.0,5.0,16.0,53.0,19.0,8.0,43.0,174.0,0.258,0.317,0.416,0.732,94.0,0.327,94.0,224.0,9.0,4.0,0.0,1.0,0.0,*7H/D8,,2025
78.0,Ernie Clement,29.0,TOR,AL,4.3,157.0,588.0,545.0,83.0,151.0,35.0,2.0,9.0,50.0,6.0,5.0,27.0,61.0,0.277,0.313,0.398,0.711,95.0,0.306,91.0,217.0,13.0,4.0,7.0,5.0,1.0,5463H,,2025
79.0,Ceddanne Rafaela,24.0,BOS,AL,4.7,156.0,587.0,546.0,84.0,136.0,34.0,4.0,16.0,63.0,20.0,5.0,28.0,117.0,0.249,0.295,0.414,0.708,95.0,0.309,92.0,226.0,9.0,8.0,3.0,2.0,0.0,*84/H,GG,2025
80.0,George Springer,35.0,TOR,AL,4.8,140.0,586.0,498.0,106.0,154.0,27.0,1.0,32.0,84.0,18.0,1.0,69.0,111.0,0.309,0.399,0.56,0.959,161.0,0.414,165.0,279.0,14.0,8.0,0.0,4.0,3.0,D978/H,"MVP-7,SS",2025
81.0,Ryan McMahon*,30.0,2TM,2LG,2.3,154.0,586.0,509.0,62.0,109.0,23.0,1.0,20.0,53.0,3.0,1.0,70.0,189.0,0.214,0.312,0.381,0.693,87.0,0.305,83.0,194.0,7.0,4.0,0.0,3.0,1.0,*5/HD,,2025
81.0,Ryan McMahon*,30.0,COL,NL,1.2,100.0,401.0,350.0,42.0,76.0,15.0,1.0,16.0,35.0,2.0,1.0,49.0,127.0,0.217,0.314,0.403,0.717,90.0,0.314,86.0,141.0,4.0,1.0,0.0,1.0,1.0,5/HD,,2025
81.0,Ryan McMahon*,30.0,NYY,AL,1.1,54.0,185.0,159.0,20.0,33.0,8.0,0.0,4.0,18.0,1.0,0.0,21.0,62.0,0.208,0.308,0.333,0.641,81.0,0.287,79.0,53.0,3.0,3.0,0.0,2.0,0.0,5/H,,2025
82.0,Agustín Ramírez,23.0,MIA,NL,-0.4,136.0,585.0,537.0,72.0,124.0,33.0,1.0,21.0,67.0,16.0,3.0,36.0,113.0,0.231,0.287,0.413,0.701,92.0,0.31,89.0,222.0,13.0,8.0,0.0,4.0,2.0,2D/H,ROY-6,2025
83.0,Carlos Correa,30.0,2TM,AL,1.5,144.0,584.0,537.0,63.0,148.0,29.0,0.0,13.0,52.0,0.0,0.0,45.0,113.0,0.276,0.332,0.402,0.734,103.0,0.323,103.0,216.0,19.0,1.0,0.0,1.0,0.0,65/H,,2025
83.0,Carlos Correa,30.0,MIN,AL,0.1,93.0,364.0,337.0,40.0,90.0,19.0,0.0,7.0,31.0,0.0,0.0,26.0,68.0,0.267,0.319,0.386,0.704,94.0,0.308,91.0,130.0,12.0,0.0,0.0,1.0,0.0,6/H,,2025
83.0,Carlos Correa,30.0,HOU,AL,1.3,51.0,220.0,200.0,23.0,58.0,10.0,0.0,6.0,21.0,0.0,0.0,19.0,45.0,0.29,0.355,0.43,0.785,117.0,0.349,123.0,86.0,7.0,1.0,0.0,0.0,0.0,5/6,,2025
84.0,Lars Nootbaar*,27.0,STL,NL,1.3,135.0,583.0,509.0,68.0,119.0,24.0,1.0,13.0,48.0,4.0,5.0,64.0,119.0,0.234,0.325,0.361,0.686,95.0,0.303,94.0,184.0,4.0,6.0,1.0,3.0,3.0,*798/HD,,2025
85.0,Trent Grisham*,28.0,NYY,AL,3.5,143.0,581.0,494.0,87.0,116.0,9.0,1.0,34.0,74.0,3.0,2.0,82.0,137.0,0.235,0.348,0.464,0.811,125.0,0.363,135.0,229.0,7.0,4.0,0.0,1.0,0.0,*8/H,,2025
86.0,Bryce Harper*,32.0,PHI,NL,3.1,132.0,580.0,501.0,72.0,131.0,32.0,0.0,27.0,75.0,12.0,2.0,70.0,121.0,0.261,0.357,0.487,0.844,129.0,0.367,127.0,244.0,5.0,6.0,0.0,3.0,6.0,*3/D,,2025
87.0,Hunter Goodman,25.0,COL,NL,3.7,144.0,579.0,540.0,73.0,150.0,28.0,5.0,31.0,91.0,1.0,2.0,33.0,152.0,0.278,0.323,0.52,0.843,120.0,0.367,124.0,281.0,16.0,4.0,0.0,2.0,0.0,2D/H,"AS,SS",2025
88.0,Matt McLain,25.0,CIN,NL,0.0,147.0,577.0,510.0,73.0,112.0,18.0,0.0,15.0,50.0,18.0,2.0,55.0,167.0,0.22,0.3,0.343,0.643,74.0,0.297,73.0,175.0,8.0,5.0,3.0,4.0,0.0,*4/6HD,,2025
89.0,Jo Adell,26.0,LAA,AL,1.2,152.0,573.0,526.0,63.0,124.0,18.0,1.0,37.0,98.0,5.0,1.0,33.0,151.0,0.236,0.293,0.485,0.778,111.0,0.335,112.0,255.0,10.0,10.0,0.0,1.0,0.0,*89/HD,,2025
90.0,Wyatt Langford,23.0,TEX,AL,5.6,134.0,573.0,489.0,73.0,118.0,25.0,1.0,22.0,62.0,22.0,6.0,74.0,151.0,0.241,0.344,0.431,0.775,127.0,0.342,130.0,211.0,9.0,5.0,0.0,5.0,3.0,*78/H,,2025
91.0,Ke'Bryan Hayes,28.0,2TM,NL,1.5,152.0,570.0,527.0,50.0,124.0,16.0,3.0,5.0,49.0,12.0,3.0,36.0,111.0,0.235,0.29,0.306,0.595,65.0,0.275,64.0,161.0,12.0,5.0,1.0,1.0,1.0,*5/H,GG,2025
91.0,Ke'Bryan Hayes,28.0,PIT,NL,1.2,100.0,392.0,369.0,34.0,87.0,10.0,2.0,2.0,36.0,10.0,2.0,18.0,81.0,0.236,0.279,0.29,0.569,59.0,0.264,58.0,107.0,8.0,4.0,1.0,0.0,1.0,5/H,,2025
91.0,Ke'Bryan Hayes,28.0,CIN,NL,0.3,52.0,178.0,158.0,16.0,37.0,6.0,1.0,3.0,13.0,2.0,1.0,18.0,30.0,0.234,0.315,0.342,0.656,78.0,0.299,79.0,54.0,4.0,1.0,0.0,1.0,0.0,5,,2025
92.0,Miguel Vargas,25.0,CHW,AL,1.9,138.0,569.0,504.0,80.0,118.0,32.0,2.0,16.0,60.0,6.0,0.0,56.0,100.0,0.234,0.316,0.401,0.717,100.0,0.315,98.0,202.0,9.0,6.0,0.0,3.0,0.0,53/DH7,,2025
93.0,Spencer Steer,27.0,CIN,NL,0.7,146.0,568.0,509.0,66.0,121.0,21.0,2.0,21.0,75.0,7.0,1.0,51.0,129.0,0.238,0.312,0.411,0.723,94.0,0.321,93.0,209.0,12.0,5.0,1.0,2.0,0.0,*3D7/H9,,2025
94.0,Yainer Diaz,26.0,HOU,AL,2.7,143.0,567.0,542.0,56.0,139.0,25.0,1.0,20.0,70.0,1.0,1.0,20.0,95.0,0.256,0.284,0.417,0.701,92.0,0.309,94.0,226.0,13.0,2.0,0.0,3.0,2.0,*2D/H,,2025
95.0,Jonathan India,28.0,KCR,AL,0.4,136.0,567.0,497.0,63.0,116.0,29.0,0.0,9.0,45.0,0.0,4.0,54.0,106.0,0.233,0.323,0.346,0.669,89.0,0.299,91.0,172.0,10.0,13.0,1.0,2.0,0.0,4D75/H,,2025
96.0,Trevor Larnach*,28.0,MIN,AL,0.1,142.0,567.0,503.0,62.0,126.0,24.0,1.0,17.0,60.0,4.0,4.0,53.0,122.0,0.25,0.323,0.404,0.727,99.0,0.323,103.0,203.0,19.0,4.0,0.0,6.0,2.0,D97H,,2025
97.0,Nolan Schanuel*,23.0,LAA,AL,1.3,132.0,564.0,488.0,64.0,129.0,23.0,1.0,12.0,53.0,5.0,1.0,59.0,71.0,0.264,0.353,0.389,0.742,107.0,0.329,108.0,190.0,10.0,10.0,3.0,4.0,4.0,*3,,2025
98.0,Willson Contreras,33.0,STL,NL,2.5,135.0,563.0,490.0,70.0,126.0,31.0,1.0,20.0,80.0,5.0,1.0,44.0,142.0,0.257,0.344,0.447,0.791,123.0,0.349,123.0,219.0,15.0,23.0,1.0,4.0,1.0,*3D,,2025
99.0,Josh Smith*,27.0,TEX,AL,3.0,144.0,563.0,495.0,70.0,124.0,23.0,2.0,10.0,35.0,12.0,3.0,55.0,100.0,0.251,0.335,0.366,0.7,107.0,0.318,113.0,181.0,3.0,8.0,3.0,1.0,2.0,653HD/7948,,2025
100.0,Bryson Stott*,27.0,PHI,NL,2.2,147.0,560.0,499.0,66.0,128.0,22.0,3.0,13.0,66.0,24.0,5.0,54.0,91.0,0.257,0.328,0.391,0.719,96.0,0.324,95.0,195.0,4.0,1.0,2.0,4.0,1.0,*46H,,2025
101.0,Mike Yastrzemski*,34.0,2TM,2LG,2.8,146.0,558.0,477.0,68.0,111.0,28.0,1.0,17.0,46.0,7.0,2.0,72.0,108.0,0.233,0.333,0.403,0.735,109.0,0.328,111.0,192.0,7.0,2.0,2.0,5.0,4.0,*9H8/7D1,,2025
101.0,Mike Yastrzemski*,34.0,SFG,NL,1.8,96.0,372.0,321.0,38.0,74.0,14.0,1.0,8.0,28.0,6.0,2.0,47.0,86.0,0.231,0.33,0.355,0.685,97.0,0.314,102.0,114.0,4.0,1.0,2.0,1.0,4.0,9/H1,,2025
101.0,Mike Yastrzemski*,34.0,KCR,AL,1.0,50.0,186.0,156.0,30.0,37.0,14.0,0.0,9.0,18.0,1.0,0.0,25.0,22.0,0.237,0.339,0.5,0.839,131.0,0.354,128.0,78.0,3.0,1.0,0.0,4.0,0.0,98/7HD,,2025
102.0,Ketel Marte#,31.0,ARI,NL,4.4,126.0,556.0,480.0,87.0,136.0,28.0,0.0,28.0,72.0,4.0,2.0,64.0,83.0,0.283,0.376,0.517,0.893,145.0,0.381,142.0,248.0,12.0,9.0,0.0,3.0,6.0,4D/H,"AS,MVP-22,SS",2025
103.0,Mike Trout,33.0,LAA,AL,1.5,130.0,556.0,456.0,73.0,106.0,14.0,1.0,26.0,64.0,2.0,0.0,87.0,178.0,0.232,0.359,0.439,0.797,121.0,0.341,117.0,200.0,7.0,6.0,0.0,6.0,10.0,D9/H,,2025
104.0,Zach Neto,24.0,LAA,AL,5.1,128.0,554.0,502.0,82.0,129.0,29.0,1.0,26.0,62.0,26.0,9.0,33.0,149.0,0.257,0.319,0.474,0.793,117.0,0.341,115.0,238.0,5.0,14.0,2.0,3.0,6.0,*6/H,,2025
105.0,Brandon Lowe*,30.0,TBR,AL,1.9,134.0,553.0,507.0,79.0,130.0,19.0,0.0,31.0,83.0,3.0,2.0,38.0,149.0,0.256,0.307,0.477,0.785,116.0,0.337,117.0,242.0,6.0,2.0,0.0,6.0,1.0,*4/DH3,AS,2025
106.0,Xander Bogaerts,32.0,SDP,NL,2.0,136.0,552.0,491.0,63.0,129.0,30.0,0.0,11.0,53.0,20.0,2.0,48.0,94.0,0.263,0.328,0.391,0.72,99.0,0.32,94.0,192.0,12.0,4.0,1.0,8.0,3.0,*6/DH,,2025
107.0,Andrew McCutchen,38.0,PIT,NL,0.1,135.0,551.0,477.0,51.0,114.0,22.0,0.0,13.0,57.0,1.0,1.0,67.0,118.0,0.239,0.333,0.367,0.7,95.0,0.311,94.0,175.0,12.0,2.0,0.0,3.0,5.0,*D/H97,,2025
108.0,J.T. Realmuto,34.0,PHI,NL,2.5,134.0,550.0,502.0,57.0,129.0,26.0,1.0,12.0,52.0,8.0,2.0,35.0,129.0,0.257,0.315,0.384,0.7,91.0,0.312,89.0,193.0,13.0,9.0,0.0,3.0,1.0,*2/DH,,2025
109.0,Adolis García,32.0,TEX,AL,2.7,135.0,547.0,507.0,58.0,115.0,28.0,0.0,19.0,75.0,13.0,4.0,28.0,135.0,0.227,0.271,0.394,0.665,93.0,0.291,94.0,200.0,9.0,5.0,0.0,7.0,1.0,*9/DH,,2025
110.0,Alec Burleson*,26.0,STL,NL,1.8,139.0,546.0,497.0,54.0,144.0,26.0,2.0,18.0,69.0,5.0,1.0,39.0,79.0,0.29,0.343,0.459,0.801,125.0,0.352,126.0,228.0,14.0,3.0,1.0,4.0,1.0,379D/H1,SS,2025
111.0,Lourdes Gurriel Jr.,31.0,ARI,NL,0.5,129.0,546.0,500.0,52.0,124.0,24.0,2.0,19.0,80.0,10.0,4.0,31.0,76.0,0.248,0.295,0.418,0.713,95.0,0.314,94.0,209.0,11.0,6.0,0.0,9.0,0.0,*7D/H,,2025
112.0,Teoscar Hernández,32.0,LAD,NL,1.5,134.0,546.0,511.0,65.0,126.0,29.0,1.0,25.0,89.0,5.0,2.0,26.0,134.0,0.247,0.284,0.454,0.738,103.0,0.318,100.0,232.0,13.0,3.0,0.0,5.0,0.0,*9/H,,2025
113.0,Gavin Sheets*,29.0,SDP,NL,0.7,145.0,545.0,492.0,57.0,124.0,28.0,1.0,19.0,71.0,2.0,1.0,44.0,107.0,0.252,0.317,0.429,0.746,105.0,0.326,103.0,211.0,9.0,5.0,0.0,4.0,1.0,7DH3,,2025
114.0,Oneil Cruz*,26.0,PIT,NL,0.3,135.0,544.0,471.0,62.0,94.0,18.0,3.0,20.0,61.0,38.0,5.0,64.0,174.0,0.2,0.298,0.378,0.676,87.0,0.312,85.0,178.0,6.0,4.0,0.0,5.0,4.0,*8H/D,,2025
115.0,Lenyn Sosa,25.0,CHW,AL,0.8,140.0,544.0,518.0,57.0,137.0,20.0,1.0,22.0,75.0,2.0,1.0,18.0,127.0,0.264,0.293,0.434,0.727,101.0,0.316,101.0,225.0,11.0,4.0,1.0,3.0,0.0,43D/H5,,2025
116.0,Ryan O'Hearn*,31.0,2TM,2LG,2.4,144.0,544.0,474.0,67.0,133.0,21.0,1.0,17.0,63.0,3.0,1.0,58.0,109.0,0.281,0.366,0.437,0.803,125.0,0.352,126.0,207.0,11.0,8.0,0.0,4.0,4.0,3D9H/7,AS,2025
116.0,Ryan O'Hearn*,31.0,BAL,AL,2.0,94.0,361.0,311.0,45.0,88.0,15.0,1.0,13.0,43.0,3.0,1.0,42.0,63.0,0.283,0.374,0.463,0.837,136.0,0.362,136.0,144.0,10.0,5.0,0.0,3.0,3.0,3D9/H7,,2025
116.0,Ryan O'Hearn*,31.0,SDP,NL,0.4,50.0,183.0,163.0,22.0,45.0,6.0,0.0,4.0,20.0,0.0,0.0,16.0,46.0,0.276,0.35,0.387,0.736,105.0,0.332,107.0,63.0,1.0,3.0,0.0,1.0,1.0,3D/H9,,2025
117.0,Jeremy Peña,27.0,HOU,AL,5.6,125.0,543.0,493.0,68.0,150.0,30.0,2.0,17.0,62.0,20.0,2.0,35.0,93.0,0.304,0.363,0.477,0.84,132.0,0.368,132.0,235.0,9.0,12.0,1.0,2.0,2.0,*6/HD,"AS,MVP-10",2025
118.0,Byron Buxton,31.0,MIN,AL,4.9,126.0,542.0,488.0,97.0,129.0,21.0,7.0,35.0,83.0,24.0,0.0,41.0,148.0,0.264,0.327,0.551,0.878,136.0,0.383,139.0,269.0,0.0,7.0,0.0,6.0,5.0,*8/D,"AS,MVP-11,SS",2025
119.0,Luis Rengifo#,28.0,LAA,AL,0.4,147.0,541.0,501.0,55.0,119.0,16.0,3.0,9.0,43.0,10.0,7.0,33.0,104.0,0.238,0.287,0.335,0.622,73.0,0.276,72.0,168.0,7.0,3.0,1.0,3.0,0.0,54H/9768D,,2025
120.0,Brenton Doyle,27.0,COL,NL,0.1,138.0,538.0,502.0,57.0,117.0,23.0,2.0,15.0,57.0,18.0,2.0,30.0,138.0,0.233,0.274,0.376,0.651,72.0,0.297,67.0,189.0,14.0,0.0,2.0,4.0,0.0,*8/HD,,2025
121.0,Masyn Winn,23.0,STL,NL,2.2,129.0,537.0,491.0,72.0,124.0,27.0,0.0,9.0,51.0,9.0,5.0,34.0,102.0,0.253,0.31,0.363,0.673,90.0,0.298,89.0,178.0,11.0,8.0,2.0,2.0,0.0,*6/H,GG,2025
122.0,Matt Chapman,32.0,SFG,NL,4.1,128.0,535.0,454.0,76.0,105.0,23.0,2.0,21.0,61.0,9.0,4.0,71.0,126.0,0.231,0.34,0.43,0.77,120.0,0.341,122.0,195.0,8.0,6.0,0.0,4.0,1.0,*5,,2025
123.0,Paul Goldschmidt,37.0,NYY,AL,1.2,146.0,534.0,489.0,76.0,134.0,31.0,1.0,10.0,45.0,5.0,1.0,36.0,100.0,0.274,0.328,0.403,0.731,104.0,0.321,104.0,197.0,8.0,4.0,0.0,2.0,5.0,*3H/D8,,2025
124.0,Marcus Semien,34.0,TEX,AL,3.3,127.0,534.0,470.0,62.0,108.0,16.0,1.0,15.0,62.0,11.0,1.0,50.0,93.0,0.23,0.305,0.364,0.669,97.0,0.301,100.0,171.0,8.0,5.0,0.0,9.0,0.0,*4,GG,2025
125.0,Josh Bell#,32.0,WSN,NL,0.4,140.0,533.0,468.0,54.0,111.0,16.0,1.0,22.0,63.0,0.0,3.0,57.0,88.0,0.237,0.325,0.417,0.741,110.0,0.327,110.0,195.0,15.0,5.0,0.0,3.0,1.0,D3H,,2025
126.0,Jazz Chisholm Jr.*,27.0,NYY,AL,4.2,130.0,531.0,462.0,75.0,112.0,15.0,1.0,31.0,80.0,31.0,8.0,58.0,148.0,0.242,0.332,0.481,0.813,125.0,0.357,127.0,222.0,3.0,6.0,1.0,4.0,1.0,45/H,"AS,SS",2025
127.0,Kyle Manzardo*,24.0,CLE,AL,0.4,142.0,531.0,470.0,47.0,110.0,19.0,2.0,27.0,70.0,2.0,0.0,48.0,135.0,0.234,0.313,0.455,0.768,110.0,0.331,109.0,214.0,7.0,8.0,0.0,5.0,2.0,D3H,,2025
128.0,Ben Rice*,26.0,NYY,AL,2.3,138.0,530.0,467.0,74.0,119.0,28.0,4.0,26.0,65.0,3.0,2.0,50.0,100.0,0.255,0.337,0.499,0.836,131.0,0.355,130.0,233.0,18.0,9.0,0.0,2.0,0.0,3D2H,,2025
129.0,Brooks Lee#,24.0,MIN,AL,-0.8,139.0,527.0,487.0,50.0,115.0,15.0,1.0,16.0,64.0,3.0,1.0,31.0,92.0,0.236,0.285,0.37,0.654,79.0,0.289,77.0,180.0,11.0,4.0,0.0,5.0,0.0,654H/D,,2025
130.0,Luis García Jr.*,25.0,WSN,NL,0.4,139.0,526.0,488.0,67.0,123.0,28.0,1.0,16.0,66.0,14.0,5.0,27.0,84.0,0.252,0.289,0.412,0.701,97.0,0.31,96.0,201.0,7.0,2.0,0.0,9.0,1.0,*4H/3D,,2025
131.0,Jorge Polanco#,31.0,SEA,AL,2.6,138.0,524.0,471.0,64.0,125.0,30.0,0.0,26.0,78.0,6.0,3.0,42.0,82.0,0.265,0.326,0.495,0.821,134.0,0.348,134.0,233.0,7.0,3.0,3.0,5.0,1.0,D4H/53,,2025
132.0,Shea Langeliers,27.0,ATH,AL,3.9,123.0,523.0,481.0,73.0,133.0,32.0,0.0,31.0,72.0,7.0,1.0,36.0,103.0,0.277,0.325,0.536,0.861,134.0,0.363,131.0,258.0,10.0,1.0,0.0,5.0,1.0,2D/H,,2025
133.0,Jacob Wilson,23.0,ATH,AL,3.0,125.0,523.0,486.0,62.0,151.0,26.0,0.0,13.0,63.0,5.0,2.0,27.0,39.0,0.311,0.355,0.444,0.8,121.0,0.354,127.0,216.0,16.0,7.0,2.0,1.0,1.0,*6/D,"AS,MVP-18,ROY-2",2025
134.0,Jake Cronenworth*,31.0,SDP,NL,2.4,135.0,515.0,419.0,61.0,103.0,20.0,1.0,11.0,59.0,3.0,3.0,69.0,107.0,0.246,0.367,0.377,0.744,108.0,0.339,114.0,158.0,4.0,15.0,4.0,7.0,1.0,*436/DH,,2025
135.0,Brendan Donovan*,28.0,STL,NL,2.7,118.0,515.0,460.0,64.0,132.0,32.0,0.0,10.0,50.0,3.0,3.0,42.0,67.0,0.287,0.353,0.422,0.775,119.0,0.338,118.0,194.0,4.0,7.0,2.0,4.0,3.0,47/6DH,AS,2025
136.0,Eric Wagaman,27.0,MIA,NL,-0.4,140.0,514.0,476.0,56.0,119.0,28.0,3.0,9.0,53.0,4.0,1.0,32.0,100.0,0.25,0.296,0.378,0.674,86.0,0.303,86.0,180.0,11.0,1.0,0.0,5.0,0.0,*37HD/59,,2025
137.0,Josh Jung,27.0,TEX,AL,1.4,131.0,511.0,482.0,53.0,121.0,23.0,1.0,14.0,61.0,4.0,1.0,27.0,129.0,0.251,0.294,0.39,0.684,100.0,0.301,102.0,188.0,10.0,2.0,0.0,0.0,0.0,*5/DH,,2025
138.0,Zach McKinstry*,30.0,DET,AL,2.8,144.0,511.0,452.0,68.0,117.0,23.0,11.0,12.0,49.0,19.0,5.0,46.0,111.0,0.259,0.333,0.438,0.771,113.0,0.336,111.0,198.0,6.0,7.0,1.0,5.0,1.0,5697H/4D13,"AS,SS",2025
139.0,Caleb Durbin,25.0,MIL,NL,2.8,136.0,506.0,445.0,60.0,114.0,25.0,0.0,11.0,53.0,18.0,6.0,30.0,50.0,0.256,0.334,0.387,0.721,101.0,0.33,106.0,172.0,10.0,24.0,3.0,4.0,0.0,*54H/6,ROY-3,2025
140.0,Alejandro Kirk,26.0,TOR,AL,2.3,130.0,506.0,451.0,45.0,127.0,18.0,0.0,15.0,76.0,1.0,0.0,48.0,59.0,0.282,0.348,0.421,0.769,111.0,0.334,110.0,190.0,16.0,1.0,0.0,6.0,2.0,*2H/D,AS,2025
141.0,Joey Ortiz,26.0,MIL,NL,0.3,149.0,506.0,470.0,62.0,108.0,18.0,1.0,7.0,45.0,14.0,3.0,27.0,74.0,0.23,0.276,0.317,0.593,66.0,0.27,62.0,149.0,10.0,3.0,6.0,0.0,0.0,*6/H,,2025
142.0,Chase Meidroth,23.0,CHW,AL,1.3,122.0,505.0,450.0,54.0,114.0,15.0,0.0,5.0,23.0,14.0,4.0,45.0,72.0,0.253,0.329,0.32,0.649,84.0,0.303,89.0,144.0,14.0,6.0,3.0,1.0,0.0,64/H,,2025
143.0,Alec Bohm,28.0,PHI,NL,1.5,120.0,504.0,464.0,53.0,133.0,18.0,3.0,11.0,59.0,2.0,0.0,29.0,82.0,0.287,0.331,0.409,0.741,102.0,0.334,105.0,190.0,16.0,5.0,0.0,6.0,0.0,53,,2025
144.0,Gavin Lux*,27.0,CIN,NL,-0.2,140.0,503.0,446.0,49.0,120.0,28.0,2.0,5.0,53.0,1.0,0.0,56.0,114.0,0.269,0.35,0.374,0.724,97.0,0.326,97.0,167.0,3.0,0.0,0.0,1.0,0.0,D74H/5,,2025
145.0,Addison Barger*,25.0,TOR,AL,1.2,135.0,502.0,460.0,61.0,112.0,32.0,1.0,21.0,74.0,4.0,1.0,36.0,121.0,0.243,0.301,0.454,0.756,105.0,0.32,100.0,209.0,8.0,3.0,0.0,2.0,4.0,59H/D,,2025
146.0,Harrison Bader,31.0,2TM,2LG,3.9,146.0,501.0,448.0,61.0,124.0,24.0,1.0,17.0,54.0,11.0,7.0,39.0,136.0,0.277,0.347,0.449,0.796,117.0,0.344,117.0,201.0,5.0,11.0,0.0,3.0,0.0,*87H/9,,2025
146.0,Harrison Bader,31.0,MIN,AL,2.7,96.0,307.0,271.0,31.0,70.0,13.0,0.0,12.0,38.0,10.0,4.0,27.0,81.0,0.258,0.339,0.439,0.778,113.0,0.34,113.0,119.0,3.0,7.0,0.0,2.0,0.0,78H/9,,2025
146.0,Harrison Bader,31.0,PHI,NL,1.3,50.0,194.0,177.0,30.0,54.0,11.0,1.0,5.0,16.0,1.0,3.0,12.0,55.0,0.305,0.361,0.463,0.824,124.0,0.351,122.0,82.0,2.0,4.0,0.0,1.0,0.0,8/H,,2025
147.0,Cedric Mullins*,30.0,2TM,2LG,0.5,133.0,498.0,435.0,58.0,94.0,23.0,1.0,17.0,59.0,22.0,4.0,50.0,120.0,0.216,0.299,0.391,0.69,94.0,0.311,94.0,170.0,2.0,4.0,3.0,6.0,0.0,*8/HD,,2025
147.0,Cedric Mullins*,30.0,BAL,AL,0.0,91.0,355.0,314.0,42.0,72.0,19.0,0.0,15.0,49.0,14.0,4.0,34.0,85.0,0.229,0.305,0.433,0.738,106.0,0.32,103.0,136.0,2.0,2.0,1.0,4.0,0.0,8/DH,,2025
147.0,Cedric Mullins*,30.0,NYM,NL,0.5,42.0,143.0,121.0,16.0,22.0,4.0,1.0,2.0,10.0,8.0,0.0,16.0,35.0,0.182,0.284,0.281,0.565,62.0,0.287,71.0,34.0,0.0,2.0,2.0,2.0,0.0,8/H,,2025
148.0,Jesús Sánchez*,27.0,2TM,2LG,1.3,134.0,497.0,451.0,61.0,107.0,21.0,4.0,14.0,48.0,13.0,3.0,42.0,110.0,0.237,0.304,0.395,0.699,92.0,0.312,91.0,178.0,10.0,2.0,0.0,2.0,1.0,*97H8/D,,2025
148.0,Jesús Sánchez*,27.0,MIA,NL,1.1,86.0,337.0,305.0,40.0,78.0,12.0,4.0,10.0,36.0,9.0,2.0,29.0,70.0,0.256,0.32,0.42,0.74,104.0,0.328,102.0,128.0,8.0,1.0,0.0,2.0,1.0,9H8/D7,,2025
148.0,Jesús Sánchez*,27.0,HOU,AL,0.2,48.0,160.0,146.0,21.0,29.0,9.0,0.0,4.0,12.0,4.0,1.0,13.0,40.0,0.199,0.269,0.342,0.611,69.0,0.277,68.0,50.0,2.0,1.0,0.0,0.0,0.0,79/HD,,2025
149.0,Alex Bregman,31.0,BOS,AL,3.5,114.0,495.0,433.0,64.0,118.0,28.0,0.0,18.0,62.0,1.0,1.0,51.0,70.0,0.273,0.36,0.462,0.821,128.0,0.357,130.0,200.0,12.0,9.0,0.0,2.0,3.0,*5/HD,AS,2025
150.0,Cam Smith,22.0,HOU,AL,1.9,134.0,493.0,441.0,55.0,104.0,21.0,3.0,9.0,51.0,8.0,1.0,43.0,137.0,0.236,0.312,0.358,0.671,87.0,0.304,88.0,158.0,11.0,7.0,0.0,2.0,0.0,*9H/D,ROY-10,2025
151.0,Ty France,30.0,2TM,AL,1.0,138.0,490.0,444.0,50.0,114.0,25.0,0.0,7.0,52.0,1.0,0.0,22.0,83.0,0.257,0.32,0.36,0.681,88.0,0.307,90.0,160.0,11.0,21.0,0.0,3.0,1.0,*3H/D4,GG,2025
151.0,Ty France,30.0,MIN,AL,0.8,101.0,387.0,350.0,41.0,88.0,19.0,0.0,6.0,44.0,1.0,0.0,19.0,63.0,0.251,0.32,0.357,0.678,87.0,0.309,91.0,125.0,8.0,17.0,0.0,1.0,0.0,3/H4,,2025
151.0,Ty France,30.0,TOR,AL,0.2,37.0,103.0,94.0,9.0,26.0,6.0,0.0,1.0,8.0,0.0,0.0,3.0,20.0,0.277,0.32,0.372,0.693,91.0,0.299,84.0,35.0,3.0,4.0,0.0,2.0,1.0,3H/D,,2025
152.0,Nick Kurtz*,22.0,ATH,AL,5.4,117.0,489.0,420.0,90.0,122.0,26.0,2.0,36.0,86.0,2.0,1.0,63.0,151.0,0.29,0.383,0.619,1.002,173.0,0.418,174.0,260.0,4.0,2.0,0.0,3.0,3.0,*3/DH,"MVP-12,ROY-1,SS",2025
153.0,Ramón Laureano,30.0,2TM,2LG,3.8,132.0,488.0,441.0,72.0,124.0,26.0,2.0,24.0,76.0,7.0,4.0,35.0,119.0,0.281,0.342,0.512,0.855,136.0,0.363,134.0,226.0,10.0,8.0,0.0,4.0,1.0,*798/DH,,2025
153.0,Ramón Laureano,30.0,BAL,AL,3.0,82.0,290.0,259.0,45.0,75.0,17.0,0.0,15.0,46.0,4.0,3.0,22.0,72.0,0.29,0.355,0.529,0.884,146.0,0.373,146.0,137.0,6.0,6.0,0.0,3.0,1.0,97/DH8,,2025
153.0,Ramón Laureano,30.0,SDP,NL,0.8,50.0,198.0,182.0,27.0,49.0,9.0,2.0,9.0,30.0,3.0,1.0,13.0,47.0,0.269,0.323,0.489,0.812,122.0,0.348,118.0,89.0,4.0,2.0,0.0,1.0,0.0,78/9HD,,2025
154.0,Michael Conforto*,32.0,LAD,NL,-0.7,138.0,486.0,418.0,54.0,83.0,20.0,0.0,12.0,36.0,1.0,0.0,56.0,121.0,0.199,0.305,0.333,0.637,79.0,0.289,79.0,139.0,12.0,9.0,0.0,3.0,0.0,*7H,,2025
155.0,Ángel Martínez#,23.0,CLE,AL,-0.7,139.0,484.0,446.0,56.0,100.0,23.0,2.0,11.0,45.0,8.0,2.0,23.0,110.0,0.224,0.269,0.359,0.628,73.0,0.275,68.0,160.0,8.0,6.0,5.0,4.0,0.0,*84H/97,,2025
156.0,Jackson Merrill*,22.0,SDP,NL,2.7,115.0,483.0,440.0,59.0,116.0,25.0,6.0,16.0,67.0,1.0,2.0,33.0,108.0,0.264,0.317,0.457,0.774,112.0,0.331,108.0,201.0,4.0,4.0,1.0,5.0,1.0,*8/H,,2025
157.0,Max Kepler*,32.0,PHI,NL,0.1,127.0,474.0,417.0,58.0,90.0,19.0,0.0,18.0,52.0,3.0,0.0,48.0,93.0,0.216,0.3,0.391,0.691,88.0,0.303,83.0,163.0,10.0,4.0,1.0,4.0,3.0,*79H/8,,2025
158.0,Carlos Santana#,39.0,2TM,2LG,1.1,124.0,474.0,415.0,49.0,91.0,11.0,0.0,11.0,54.0,7.0,0.0,52.0,91.0,0.219,0.308,0.325,0.633,77.0,0.289,77.0,135.0,7.0,3.0,0.0,4.0,1.0,3D/H5,,2025
158.0,Carlos Santana#,39.0,CLE,AL,1.3,116.0,455.0,396.0,49.0,89.0,10.0,0.0,11.0,52.0,7.0,0.0,52.0,86.0,0.225,0.316,0.333,0.65,82.0,0.296,82.0,132.0,7.0,3.0,0.0,4.0,1.0,3D/H5,,2025
158.0,Carlos Santana#,39.0,CHC,NL,-0.2,8.0,19.0,19.0,0.0,2.0,1.0,0.0,0.0,2.0,0.0,0.0,0.0,5.0,0.105,0.105,0.158,0.263,-25.0,0.113,-37.0,3.0,0.0,0.0,0.0,0.0,0.0,/3DH,,2025
159.0,Gabriel Arias,25.0,CLE,AL,1.1,129.0,471.0,432.0,44.0,95.0,25.0,2.0,11.0,54.0,8.0,4.0,27.0,162.0,0.22,0.274,0.363,0.638,76.0,0.277,70.0,157.0,8.0,7.0,1.0,4.0,1.0,64/5H,,2025
160.0,Andrew Benintendi*,30.0,CHW,AL,1.0,116.0,470.0,420.0,57.0,101.0,16.0,2.0,20.0,63.0,1.0,0.0,40.0,82.0,0.24,0.307,0.431,0.738,104.0,0.322,105.0,181.0,5.0,3.0,0.0,6.0,2.0,7D/H,,2025
161.0,Dillon Dingler,26.0,DET,AL,3.1,126.0,469.0,435.0,54.0,121.0,21.0,2.0,13.0,57.0,0.0,0.0,23.0,110.0,0.278,0.327,0.425,0.752,108.0,0.329,109.0,185.0,5.0,9.0,0.0,1.0,2.0,*2/HD,GG,2025
162.0,Alek Thomas*,25.0,ARI,NL,0.1,143.0,469.0,433.0,51.0,108.0,19.0,3.0,9.0,38.0,7.0,4.0,21.0,122.0,0.249,0.289,0.37,0.659,82.0,0.291,78.0,160.0,2.0,5.0,6.0,4.0,0.0,*8/HD,,2025
163.0,Colt Keith*,23.0,DET,AL,1.5,137.0,468.0,414.0,65.0,106.0,22.0,2.0,13.0,45.0,1.0,1.0,48.0,102.0,0.256,0.333,0.413,0.746,107.0,0.326,107.0,171.0,7.0,2.0,0.0,4.0,1.0,D54H3,,2025
164.0,Kerry Carpenter*,27.0,DET,AL,1.8,130.0,464.0,433.0,66.0,109.0,18.0,5.0,26.0,62.0,1.0,1.0,18.0,106.0,0.252,0.291,0.497,0.788,114.0,0.335,114.0,215.0,3.0,7.0,0.0,2.0,0.0,9D7H,,2025
165.0,Ryan Jeffers,28.0,MIN,AL,1.2,119.0,464.0,406.0,47.0,108.0,26.0,0.0,9.0,47.0,1.0,1.0,50.0,91.0,0.266,0.356,0.397,0.752,108.0,0.332,109.0,161.0,9.0,7.0,0.0,1.0,1.0,2D/H,,2025
166.0,Wilmer Flores,33.0,SFG,NL,0.3,125.0,463.0,419.0,44.0,101.0,10.0,0.0,16.0,71.0,1.0,0.0,34.0,88.0,0.241,0.307,0.379,0.686,96.0,0.312,101.0,159.0,14.0,7.0,0.0,3.0,0.0,D3H/5,,2025
167.0,Victor Scott II*,24.0,STL,NL,2.2,138.0,463.0,398.0,54.0,86.0,15.0,1.0,5.0,37.0,34.0,4.0,42.0,111.0,0.216,0.305,0.296,0.601,72.0,0.288,71.0,118.0,3.0,10.0,10.0,3.0,0.0,*8/97,,2025
168.0,Mark Vientos,25.0,NYM,NL,-0.2,121.0,463.0,424.0,44.0,99.0,21.0,2.0,17.0,61.0,1.0,0.0,30.0,115.0,0.233,0.289,0.413,0.702,97.0,0.31,98.0,175.0,11.0,5.0,0.0,4.0,0.0,5D/H3,,2025
169.0,Jeff McNeil*,33.0,NYM,NL,2.0,122.0,462.0,399.0,42.0,97.0,21.0,5.0,12.0,54.0,3.0,0.0,49.0,55.0,0.243,0.335,0.411,0.746,111.0,0.333,113.0,164.0,5.0,8.0,2.0,4.0,4.0,487D/H93,,2025
170.0,Mickey Moniak*,27.0,COL,NL,-0.6,135.0,461.0,434.0,62.0,117.0,20.0,8.0,24.0,68.0,9.0,3.0,22.0,110.0,0.27,0.306,0.518,0.824,115.0,0.349,110.0,225.0,4.0,2.0,0.0,3.0,1.0,*98H7D,,2025
171.0,Isiah Kiner-Falefa,30.0,2TM,2LG,1.6,138.0,459.0,431.0,45.0,113.0,21.0,2.0,2.0,40.0,15.0,4.0,17.0,77.0,0.262,0.297,0.334,0.631,76.0,0.291,76.0,144.0,9.0,5.0,5.0,1.0,0.0,654/H1,,2025
171.0,Isiah Kiner-Falefa,30.0,PIT,NL,1.6,119.0,428.0,401.0,40.0,106.0,20.0,2.0,1.0,35.0,15.0,4.0,17.0,69.0,0.264,0.3,0.332,0.632,76.0,0.293,78.0,133.0,9.0,4.0,5.0,1.0,0.0,65/H,,2025
171.0,Isiah Kiner-Falefa,30.0,TOR,AL,0.0,19.0,31.0,30.0,5.0,7.0,1.0,0.0,1.0,5.0,0.0,0.0,0.0,8.0,0.233,0.258,0.367,0.625,70.0,0.262,58.0,11.0,0.0,1.0,0.0,0.0,0.0,4/5H16,,2025
172.0,Adam Frazier*,33.0,2TM,2LG,1.4,134.0,459.0,419.0,43.0,112.0,20.0,0.0,7.0,44.0,8.0,6.0,26.0,81.0,0.267,0.319,0.365,0.684,91.0,0.302,90.0,153.0,8.0,8.0,1.0,5.0,2.0,47H9/D5,,2025
172.0,Adam Frazier*,33.0,PIT,NL,0.3,78.0,262.0,235.0,22.0,60.0,10.0,0.0,3.0,21.0,7.0,5.0,17.0,45.0,0.255,0.318,0.336,0.654,83.0,0.292,82.0,79.0,8.0,6.0,1.0,3.0,2.0,47H/9,,2025
172.0,Adam Frazier*,33.0,KCR,AL,1.1,56.0,197.0,184.0,21.0,52.0,10.0,0.0,4.0,23.0,1.0,1.0,9.0,36.0,0.283,0.32,0.402,0.722,101.0,0.314,101.0,74.0,0.0,2.0,0.0,2.0,0.0,47/DH59,,2025
173.0,Kyle Stowers*,27.0,MIA,NL,3.6,117.0,457.0,399.0,61.0,115.0,21.0,3.0,25.0,73.0,5.0,1.0,48.0,125.0,0.288,0.368,0.544,0.912,149.0,0.391,148.0,217.0,6.0,5.0,1.0,4.0,3.0,79H8/D,AS,2025
174.0,Willi Castro#,28.0,2TM,2LG,-0.2,120.0,454.0,402.0,58.0,91.0,17.0,3.0,11.0,33.0,10.0,4.0,40.0,111.0,0.226,0.313,0.366,0.679,89.0,0.303,89.0,147.0,12.0,11.0,1.0,0.0,1.0,4975/86H1,,2025
174.0,Willi Castro#,28.0,MIN,AL,0.3,86.0,344.0,302.0,48.0,74.0,15.0,2.0,10.0,27.0,9.0,3.0,32.0,84.0,0.245,0.335,0.407,0.743,104.0,0.326,103.0,123.0,9.0,9.0,1.0,0.0,1.0,4795/618H,,2025
174.0,Willi Castro#,28.0,CHC,NL,-0.5,34.0,110.0,100.0,10.0,17.0,2.0,1.0,1.0,6.0,1.0,1.0,8.0,27.0,0.17,0.245,0.24,0.485,42.0,0.23,47.0,24.0,3.0,2.0,0.0,0.0,0.0,95/48H7,,2025
175.0,Patrick Bailey#,26.0,SFG,NL,1.1,135.0,452.0,409.0,47.0,91.0,18.0,3.0,6.0,55.0,1.0,0.0,30.0,133.0,0.222,0.277,0.325,0.602,73.0,0.269,70.0,133.0,7.0,3.0,4.0,6.0,0.0,*2H/D,GG,2025
176.0,Iván Herrera,25.0,STL,NL,2.2,107.0,452.0,388.0,54.0,110.0,13.0,0.0,19.0,66.0,8.0,2.0,43.0,84.0,0.284,0.373,0.464,0.837,136.0,0.372,140.0,180.0,20.0,15.0,0.0,4.0,1.0,D2/7H,,2025
177.0,Logan O'Hoppe,25.0,LAA,AL,-0.2,119.0,451.0,423.0,35.0,90.0,8.0,1.0,19.0,43.0,2.0,1.0,24.0,139.0,0.213,0.258,0.371,0.629,72.0,0.275,69.0,157.0,12.0,2.0,1.0,1.0,0.0,2H/D,,2025
178.0,Tommy Pham,37.0,PIT,NL,1.0,120.0,449.0,392.0,44.0,96.0,17.0,1.0,10.0,52.0,5.0,3.0,50.0,94.0,0.245,0.33,0.37,0.7,95.0,0.317,98.0,145.0,12.0,2.0,0.0,5.0,3.0,*7/H9D,,2025
179.0,Austin Wells*,25.0,NYY,AL,0.1,126.0,448.0,401.0,51.0,88.0,22.0,1.0,21.0,71.0,5.0,1.0,30.0,118.0,0.219,0.275,0.436,0.712,95.0,0.305,92.0,175.0,10.0,5.0,0.0,11.0,0.0,*2/HD,,2025
180.0,Austin Riley,28.0,ATL,NL,1.3,102.0,447.0,416.0,54.0,108.0,20.0,1.0,16.0,54.0,2.0,1.0,27.0,128.0,0.26,0.309,0.428,0.737,106.0,0.321,104.0,178.0,9.0,3.0,0.0,1.0,1.0,5,,2025
181.0,Andrew Vaughn,27.0,2TM,2LG,-0.4,112.0,447.0,406.0,35.0,103.0,22.0,0.0,14.0,65.0,0.0,0.0,31.0,80.0,0.254,0.307,0.411,0.719,99.0,0.311,96.0,167.0,12.0,3.0,1.0,6.0,0.0,3D/H,,2025
181.0,Andrew Vaughn,27.0,CHW,AL,-1.8,48.0,193.0,185.0,9.0,35.0,8.0,0.0,5.0,19.0,0.0,0.0,7.0,43.0,0.189,0.218,0.314,0.531,47.0,0.229,37.0,58.0,4.0,0.0,0.0,1.0,0.0,3D/H,,2025
181.0,Andrew Vaughn,27.0,MIL,NL,1.3,64.0,254.0,221.0,26.0,68.0,14.0,0.0,9.0,46.0,0.0,0.0,24.0,37.0,0.308,0.375,0.493,0.869,141.0,0.374,139.0,109.0,8.0,3.0,1.0,5.0,0.0,3/H,,2025
182.0,Drake Baldwin*,24.0,ATL,NL,3.3,124.0,446.0,405.0,56.0,111.0,18.0,2.0,19.0,80.0,0.0,0.0,38.0,68.0,0.274,0.341,0.469,0.81,126.0,0.358,130.0,190.0,9.0,3.0,0.0,0.0,0.0,2HD,ROY-1,2025
183.0,Carlos Narváez,26.0,BOS,AL,2.6,118.0,446.0,403.0,51.0,97.0,27.0,0.0,15.0,50.0,1.0,1.0,38.0,111.0,0.241,0.306,0.419,0.726,100.0,0.311,97.0,169.0,12.0,1.0,2.0,2.0,0.0,*2/HD,ROY-6,2025
184.0,Corey Seager*,31.0,TEX,AL,6.2,102.0,445.0,380.0,61.0,103.0,19.0,0.0,21.0,50.0,3.0,0.0,58.0,87.0,0.271,0.373,0.487,0.86,151.0,0.37,153.0,185.0,13.0,5.0,0.0,2.0,10.0,6/D,,2025
185.0,Isaac Collins#,27.0,MIL,NL,2.1,130.0,441.0,372.0,56.0,98.0,22.0,3.0,9.0,54.0,16.0,7.0,57.0,93.0,0.263,0.368,0.411,0.779,118.0,0.354,125.0,153.0,8.0,6.0,3.0,3.0,0.0,*7H/9D54,ROY-4,2025
186.0,Chandler Simpson*,24.0,TBR,AL,0.4,109.0,441.0,414.0,53.0,122.0,15.0,3.0,0.0,26.0,44.0,12.0,20.0,43.0,0.295,0.326,0.345,0.671,89.0,0.306,86.0,143.0,10.0,0.0,3.0,2.0,0.0,87/HD9,ROY-13,2025
187.0,Nathan Lukes*,30.0,TOR,AL,2.0,135.0,438.0,388.0,55.0,99.0,19.0,2.0,12.0,65.0,2.0,4.0,38.0,60.0,0.255,0.323,0.407,0.73,100.0,0.313,97.0,158.0,12.0,2.0,7.0,3.0,2.0,*978H/D,,2025
188.0,Isaac Paredes,26.0,HOU,AL,2.3,102.0,438.0,378.0,53.0,96.0,15.0,1.0,20.0,53.0,0.0,1.0,50.0,76.0,0.254,0.352,0.458,0.809,123.0,0.353,127.0,173.0,10.0,8.0,0.0,2.0,0.0,5D/H,AS,2025
189.0,Javier Báez,32.0,DET,AL,1.9,126.0,437.0,417.0,55.0,107.0,17.0,3.0,12.0,57.0,5.0,1.0,10.0,109.0,0.257,0.282,0.398,0.68,87.0,0.297,84.0,166.0,8.0,6.0,0.0,3.0,0.0,6854/H,AS,2025
190.0,Matt Shaw,23.0,CHC,NL,3.1,126.0,437.0,393.0,57.0,89.0,21.0,3.0,13.0,44.0,17.0,5.0,38.0,94.0,0.226,0.295,0.394,0.69,98.0,0.309,99.0,155.0,2.0,2.0,0.0,4.0,0.0,*5/H4,ROY-9,2025
191.0,Nolan Arenado,34.0,STL,NL,1.3,107.0,436.0,401.0,48.0,95.0,18.0,1.0,12.0,52.0,3.0,0.0,28.0,49.0,0.237,0.289,0.377,0.666,87.0,0.297,86.0,151.0,10.0,3.0,0.0,4.0,4.0,5/DH,,2025
192.0,Will Smith,30.0,LAD,NL,4.5,110.0,436.0,362.0,64.0,107.0,20.0,1.0,17.0,61.0,2.0,3.0,64.0,89.0,0.296,0.404,0.497,0.901,152.0,0.387,151.0,180.0,7.0,5.0,0.0,5.0,1.0,2H/D,"AS,MVP-20",2025
193.0,Josh Lowe*,27.0,TBR,AL,0.1,108.0,435.0,396.0,56.0,87.0,21.0,2.0,11.0,40.0,18.0,4.0,33.0,109.0,0.22,0.283,0.366,0.65,81.0,0.289,77.0,145.0,7.0,3.0,1.0,2.0,1.0,9/HD,,2025
194.0,Jonah Heim#,30.0,TEX,AL,0.4,124.0,433.0,395.0,38.0,84.0,14.0,0.0,11.0,43.0,3.0,0.0,32.0,88.0,0.213,0.271,0.332,0.602,77.0,0.276,83.0,131.0,10.0,1.0,1.0,4.0,0.0,2DH,,2025
195.0,Brett Baty*,25.0,NYM,NL,3.1,130.0,432.0,393.0,53.0,100.0,13.0,2.0,18.0,50.0,8.0,0.0,33.0,108.0,0.254,0.313,0.435,0.748,111.0,0.336,113.0,171.0,6.0,2.0,0.0,3.0,0.0,54H/D,,2025
196.0,Luis Robert Jr.,27.0,CHW,AL,1.4,110.0,431.0,382.0,52.0,85.0,12.0,0.0,14.0,53.0,33.0,8.0,40.0,112.0,0.223,0.297,0.364,0.661,85.0,0.307,88.0,139.0,8.0,2.0,1.0,3.0,3.0,8/DH,,2025
197.0,Jasson Domínguez#,22.0,NYY,AL,0.5,123.0,429.0,381.0,58.0,98.0,18.0,1.0,10.0,47.0,23.0,5.0,41.0,115.0,0.257,0.331,0.388,0.719,101.0,0.324,102.0,148.0,5.0,3.0,0.0,4.0,1.0,7HD,ROY-13,2025
198.0,Tyler Freeman,26.0,COL,NL,-1.3,110.0,428.0,377.0,50.0,106.0,20.0,2.0,2.0,31.0,18.0,9.0,34.0,51.0,0.281,0.354,0.361,0.715,92.0,0.324,93.0,136.0,10.0,11.0,2.0,4.0,0.0,9D4H/57,,2025
199.0,Jake Mangum#,29.0,TBR,AL,1.6,118.0,428.0,405.0,37.0,120.0,18.0,1.0,3.0,40.0,27.0,6.0,19.0,64.0,0.296,0.33,0.368,0.698,96.0,0.313,93.0,149.0,4.0,2.0,1.0,1.0,0.0,*789/HD,,2025
200.0,Brandon Marsh*,27.0,PHI,NL,1.7,133.0,425.0,379.0,59.0,106.0,25.0,2.0,11.0,43.0,7.0,1.0,38.0,110.0,0.28,0.342,0.443,0.785,114.0,0.346,112.0,168.0,2.0,0.0,3.0,4.0,1.0,*87H/9,,2025
201.0,Jonathan Aranda*,27.0,TBR,AL,3.5,106.0,422.0,370.0,56.0,117.0,22.0,0.0,14.0,59.0,0.0,2.0,41.0,107.0,0.316,0.393,0.489,0.883,146.0,0.377,147.0,181.0,9.0,8.0,0.0,3.0,3.0,3DH,AS,2025
202.0,Daniel Schneemann*,28.0,CLE,AL,1.9,131.0,422.0,379.0,48.0,78.0,18.0,1.0,12.0,41.0,9.0,3.0,38.0,117.0,0.206,0.283,0.354,0.636,76.0,0.288,77.0,134.0,4.0,3.0,1.0,1.0,1.0,458H96/7D,,2025
203.0,Carson Kelly,30.0,CHC,NL,3.6,111.0,421.0,369.0,48.0,92.0,13.0,1.0,17.0,50.0,2.0,0.0,45.0,80.0,0.249,0.333,0.428,0.761,119.0,0.337,121.0,158.0,11.0,3.0,0.0,4.0,0.0,2/HD,,2025
204.0,Wilyer Abreu*,26.0,BOS,AL,3.2,115.0,417.0,373.0,53.0,92.0,17.0,0.0,22.0,69.0,6.0,3.0,40.0,101.0,0.247,0.317,0.469,0.786,116.0,0.332,112.0,175.0,8.0,0.0,1.0,3.0,5.0,9H/D,GG,2025
205.0,Nick Allen,26.0,ATL,NL,0.6,135.0,416.0,371.0,32.0,82.0,11.0,0.0,0.0,22.0,8.0,7.0,31.0,99.0,0.221,0.284,0.251,0.535,53.0,0.243,50.0,93.0,8.0,3.0,8.0,3.0,0.0,*6/4H,,2025
206.0,Austin Hays,29.0,CIN,NL,0.8,103.0,416.0,380.0,60.0,101.0,16.0,5.0,15.0,64.0,7.0,0.0,29.0,107.0,0.266,0.315,0.453,0.768,105.0,0.335,101.0,172.0,9.0,1.0,0.0,6.0,2.0,7D/H,,2025
207.0,Bo Naylor*,25.0,CLE,AL,1.5,123.0,414.0,359.0,46.0,70.0,22.0,1.0,14.0,47.0,1.0,2.0,45.0,99.0,0.195,0.282,0.379,0.661,82.0,0.289,80.0,136.0,4.0,1.0,3.0,6.0,0.0,*2H,,2025
208.0,Ronald Acuña Jr.,27.0,ATL,NL,3.0,95.0,412.0,338.0,74.0,98.0,12.0,1.0,21.0,42.0,9.0,1.0,71.0,102.0,0.29,0.417,0.518,0.935,163.0,0.407,162.0,175.0,5.0,3.0,0.0,0.0,4.0,9/DH,AS,2025
209.0,Spencer Horwitz*,27.0,PIT,NL,1.6,108.0,411.0,364.0,55.0,99.0,26.0,0.0,11.0,51.0,0.0,1.0,44.0,73.0,0.272,0.353,0.434,0.787,118.0,0.346,119.0,158.0,7.0,2.0,0.0,1.0,1.0,3H/4D,,2025
210.0,Kyle Isbel*,28.0,KCR,AL,1.6,135.0,409.0,368.0,42.0,94.0,16.0,4.0,4.0,33.0,4.0,5.0,23.0,74.0,0.255,0.301,0.353,0.654,83.0,0.284,80.0,130.0,7.0,2.0,13.0,3.0,0.0,*8/H,,2025
211.0,Nick Gonzales,26.0,PIT,NL,-0.6,96.0,408.0,381.0,39.0,99.0,18.0,3.0,5.0,30.0,0.0,2.0,21.0,73.0,0.26,0.299,0.362,0.661,84.0,0.293,82.0,138.0,12.0,2.0,0.0,4.0,0.0,46,,2025
212.0,Nolan Jones*,27.0,CLE,AL,-1.1,136.0,403.0,355.0,34.0,75.0,14.0,2.0,5.0,34.0,8.0,3.0,39.0,113.0,0.211,0.296,0.304,0.6,68.0,0.272,66.0,108.0,6.0,5.0,1.0,3.0,1.0,*98H7/D,,2025
213.0,Royce Lewis,26.0,MIN,AL,0.6,106.0,403.0,376.0,36.0,89.0,18.0,0.0,13.0,52.0,12.0,2.0,25.0,80.0,0.237,0.283,0.388,0.671,83.0,0.303,85.0,146.0,7.0,0.0,0.0,2.0,0.0,5/DH,,2025
214.0,Edgar Quero#,22.0,CHW,AL,1.2,111.0,403.0,365.0,31.0,98.0,17.0,0.0,5.0,36.0,0.0,1.0,32.0,71.0,0.268,0.333,0.356,0.689,94.0,0.308,96.0,130.0,8.0,4.0,0.0,2.0,0.0,2DH,,2025
215.0,Nolan Gorman*,25.0,STL,NL,0.1,111.0,402.0,351.0,48.0,72.0,14.0,1.0,14.0,46.0,1.0,1.0,47.0,136.0,0.205,0.296,0.37,0.666,88.0,0.294,86.0,130.0,1.0,0.0,0.0,4.0,2.0,54D/H3,,2025
216.0,Mauricio Dubón,30.0,HOU,AL,1.7,133.0,398.0,369.0,43.0,89.0,21.0,0.0,7.0,33.0,3.0,0.0,24.0,42.0,0.241,0.289,0.355,0.644,78.0,0.281,72.0,131.0,12.0,1.0,3.0,1.0,0.0,74658H/39,GG,2025
217.0,Jordan Walker,23.0,STL,NL,-1.7,111.0,396.0,363.0,40.0,78.0,13.0,1.0,6.0,41.0,10.0,3.0,29.0,126.0,0.215,0.278,0.306,0.584,66.0,0.273,69.0,111.0,9.0,3.0,0.0,1.0,1.0,9/HD,,2025
218.0,Matt Wallner*,27.0,MIN,AL,0.6,104.0,392.0,336.0,47.0,68.0,16.0,3.0,22.0,40.0,4.0,3.0,46.0,114.0,0.202,0.311,0.464,0.776,110.0,0.337,113.0,156.0,3.0,8.0,0.0,2.0,0.0,9D/H,,2025
219.0,Ramón Urías,31.0,2TM,AL,2.2,112.0,391.0,352.0,33.0,85.0,17.0,0.0,11.0,44.0,3.0,0.0,27.0,88.0,0.241,0.292,0.384,0.675,88.0,0.296,86.0,135.0,6.0,2.0,0.0,10.0,0.0,54H/3D,,2025
219.0,Ramón Urías,31.0,BAL,AL,1.5,77.0,290.0,258.0,27.0,64.0,12.0,0.0,8.0,34.0,2.0,0.0,21.0,60.0,0.248,0.3,0.388,0.688,93.0,0.301,91.0,100.0,5.0,2.0,0.0,9.0,0.0,5/H3D4,,2025
219.0,Ramón Urías,31.0,HOU,AL,0.7,35.0,101.0,94.0,6.0,21.0,5.0,0.0,3.0,10.0,1.0,0.0,6.0,28.0,0.223,0.267,0.372,0.64,76.0,0.285,74.0,35.0,1.0,0.0,0.0,1.0,0.0,45/H,,2025
220.0,Liam Hicks*,26.0,MIA,NL,1.3,119.0,390.0,332.0,37.0,82.0,13.0,1.0,6.0,45.0,2.0,0.0,43.0,56.0,0.247,0.346,0.346,0.693,94.0,0.32,98.0,115.0,5.0,9.0,3.0,3.0,0.0,23HD,,2025
221.0,Ezequiel Tovar,23.0,COL,NL,0.6,95.0,390.0,360.0,44.0,91.0,18.0,4.0,9.0,33.0,5.0,3.0,21.0,98.0,0.253,0.294,0.4,0.694,83.0,0.305,80.0,144.0,2.0,1.0,6.0,2.0,0.0,6,,2025
222.0,Pedro Pagés,26.0,STL,NL,1.4,112.0,389.0,361.0,38.0,83.0,15.0,0.0,11.0,45.0,0.0,0.0,19.0,107.0,0.23,0.272,0.363,0.635,78.0,0.278,74.0,131.0,9.0,3.0,3.0,3.0,1.0,*2/34,,2025
223.0,Max Muncy*,34.0,LAD,NL,3.6,100.0,388.0,313.0,48.0,76.0,10.0,2.0,19.0,67.0,4.0,0.0,64.0,83.0,0.243,0.376,0.47,0.846,136.0,0.37,136.0,147.0,4.0,6.0,0.0,5.0,2.0,5H,,2025
224.0,Victor Caratini#,31.0,HOU,AL,0.9,114.0,386.0,344.0,35.0,89.0,14.0,0.0,12.0,46.0,1.0,0.0,23.0,65.0,0.259,0.324,0.404,0.728,101.0,0.319,101.0,139.0,8.0,13.0,0.0,6.0,0.0,2DH3,,2025
225.0,Kody Clemens*,29.0,2TM,2LG,1.0,119.0,386.0,348.0,46.0,74.0,12.0,4.0,19.0,52.0,5.0,1.0,29.0,93.0,0.213,0.281,0.434,0.715,94.0,0.306,88.0,151.0,4.0,5.0,2.0,2.0,1.0,34H79/18D,,2025
225.0,Kody Clemens*,29.0,PHI,NL,-0.1,7.0,7.0,6.0,0.0,0.0,0.0,0.0,0.0,0.0,0.0,0.0,1.0,0.0,0.0,0.143,0.0,0.143,-56.0,0.1,-60.0,0.0,0.0,0.0,0.0,0.0,0.0,/H47D,,2025
225.0,Kody Clemens*,29.0,MIN,AL,1.2,112.0,379.0,342.0,46.0,74.0,12.0,4.0,19.0,52.0,5.0,1.0,28.0,93.0,0.216,0.284,0.442,0.725,96.0,0.31,91.0,151.0,4.0,5.0,2.0,2.0,1.0,3497H/18,,2025
226.0,Mike Tauchman*,34.0,CHW,AL,1.9,93.0,385.0,335.0,44.0,88.0,17.0,1.0,9.0,40.0,0.0,0.0,45.0,86.0,0.263,0.356,0.4,0.756,112.0,0.339,117.0,134.0,5.0,4.0,0.0,1.0,0.0,9D/H,,2025
227.0,Wenceel Pérez#,25.0,DET,AL,0.8,100.0,383.0,344.0,47.0,84.0,17.0,4.0,13.0,43.0,8.0,3.0,31.0,87.0,0.244,0.308,0.43,0.738,103.0,0.316,98.0,148.0,5.0,3.0,0.0,5.0,0.0,98/H7D,,2025
228.0,Brayan Rocchio#,24.0,CLE,AL,-0.3,115.0,383.0,344.0,34.0,80.0,18.0,2.0,5.0,44.0,8.0,4.0,22.0,77.0,0.233,0.29,0.34,0.63,75.0,0.278,71.0,117.0,4.0,8.0,4.0,5.0,0.0,64/H,,2025
229.0,Jake Meyers,29.0,HOU,AL,2.4,104.0,381.0,343.0,53.0,100.0,15.0,2.0,3.0,24.0,16.0,5.0,31.0,67.0,0.292,0.354,0.373,0.727,103.0,0.333,109.0,128.0,9.0,3.0,2.0,2.0,0.0,8/H,,2025
230.0,Tommy Edman#,30.0,LAD,NL,1.1,97.0,377.0,346.0,49.0,78.0,13.0,1.0,13.0,49.0,3.0,1.0,19.0,61.0,0.225,0.274,0.382,0.655,82.0,0.302,88.0,132.0,4.0,6.0,1.0,5.0,0.0,485/HD,,2025
231.0,Jake Burger,29.0,TEX,AL,0.9,103.0,376.0,356.0,43.0,84.0,15.0,1.0,16.0,53.0,1.0,1.0,12.0,93.0,0.236,0.269,0.419,0.687,99.0,0.298,100.0,149.0,3.0,5.0,0.0,3.0,0.0,3DH,,2025
232.0,Jared Triolo,27.0,PIT,NL,2.3,107.0,376.0,331.0,41.0,75.0,18.0,2.0,7.0,24.0,13.0,2.0,39.0,76.0,0.227,0.311,0.356,0.667,86.0,0.318,94.0,118.0,4.0,2.0,3.0,1.0,1.0,6534/H1D,,2025
233.0,Jurickson Profar#,32.0,ATL,NL,1.1,80.0,371.0,318.0,56.0,78.0,16.0,1.0,14.0,43.0,9.0,2.0,48.0,59.0,0.245,0.353,0.434,0.787,121.0,0.355,125.0,138.0,4.0,5.0,0.0,0.0,0.0,7/D,,2025
234.0,José Caballero,28.0,2TM,AL,2.9,126.0,370.0,314.0,52.0,74.0,18.0,1.0,5.0,36.0,49.0,11.0,47.0,98.0,0.236,0.339,0.347,0.686,94.0,0.331,100.0,109.0,1.0,3.0,4.0,2.0,0.0,6954H7/D81,,2025
234.0,José Caballero,28.0,TBR,AL,1.8,86.0,275.0,235.0,37.0,53.0,12.0,1.0,2.0,27.0,34.0,8.0,33.0,80.0,0.226,0.327,0.311,0.638,81.0,0.309,85.0,73.0,1.0,3.0,3.0,1.0,0.0,6594H/78D1,,2025
234.0,José Caballero,28.0,NYY,AL,1.2,40.0,95.0,79.0,15.0,21.0,6.0,0.0,3.0,9.0,15.0,3.0,14.0,18.0,0.266,0.372,0.456,0.828,131.0,0.396,144.0,36.0,0.0,0.0,1.0,1.0,0.0,965/H47D,,2025
235.0,Andrés Giménez*,26.0,TOR,AL,1.1,101.0,369.0,329.0,39.0,69.0,11.0,1.0,7.0,35.0,12.0,2.0,25.0,66.0,0.21,0.285,0.313,0.598,66.0,0.277,65.0,103.0,8.0,11.0,1.0,3.0,0.0,46/H,,2025
236.0,Adley Rutschman#,27.0,BAL,AL,1.9,90.0,365.0,322.0,37.0,71.0,16.0,2.0,9.0,29.0,0.0,0.0,40.0,57.0,0.22,0.307,0.366,0.673,90.0,0.297,89.0,118.0,8.0,1.0,0.0,2.0,0.0,2D/H,,2025
237.0,Jacob Young,25.0,WSN,NL,1.4,120.0,364.0,324.0,34.0,75.0,10.0,1.0,2.0,31.0,15.0,11.0,27.0,65.0,0.231,0.296,0.287,0.583,68.0,0.268,71.0,93.0,7.0,3.0,9.0,1.0,0.0,*8H/D,,2025
238.0,Colton Cowser*,25.0,BAL,AL,1.0,92.0,360.0,327.0,36.0,64.0,14.0,0.0,16.0,40.0,14.0,0.0,27.0,128.0,0.196,0.269,0.385,0.655,83.0,0.292,79.0,126.0,5.0,6.0,0.0,0.0,1.0,87/9HD,,2025
239.0,Noelvi Marté,23.0,CIN,NL,1.4,90.0,360.0,339.0,45.0,89.0,17.0,2.0,14.0,51.0,10.0,3.0,16.0,85.0,0.263,0.3,0.448,0.748,99.0,0.337,103.0,152.0,7.0,3.0,0.0,2.0,0.0,95/H8D,,2025
240.0,Ryan Mountcastle,28.0,BAL,AL,0.1,89.0,357.0,332.0,34.0,83.0,18.0,0.0,7.0,35.0,3.0,0.0,15.0,98.0,0.25,0.286,0.367,0.653,83.0,0.302,91.0,122.0,10.0,4.0,0.0,6.0,0.0,3D/H,,2025
241.0,Jordan Westburg,26.0,BAL,AL,1.6,85.0,352.0,328.0,59.0,87.0,10.0,1.0,17.0,41.0,1.0,2.0,17.0,80.0,0.265,0.313,0.457,0.77,114.0,0.334,118.0,150.0,5.0,6.0,0.0,1.0,0.0,54D/H,,2025
242.0,Daylen Lile*,22.0,WSN,NL,0.8,91.0,351.0,321.0,51.0,96.0,15.0,11.0,9.0,41.0,8.0,6.0,21.0,56.0,0.299,0.347,0.498,0.845,137.0,0.368,142.0,160.0,5.0,4.0,1.0,3.0,0.0,97D/H,ROY-5,2025
243.0,Casey Schmitt,26.0,SFG,NL,0.6,95.0,348.0,312.0,34.0,74.0,15.0,0.0,12.0,40.0,0.0,0.0,27.0,83.0,0.237,0.305,0.401,0.706,101.0,0.311,101.0,125.0,6.0,5.0,1.0,3.0,1.0,453/H6D,,2025
244.0,Freddy Fermin,30.0,2TM,2LG,2.0,109.0,347.0,319.0,32.0,80.0,13.0,0.0,5.0,26.0,1.0,2.0,19.0,65.0,0.251,0.297,0.339,0.636,78.0,0.284,77.0,108.0,5.0,2.0,7.0,0.0,1.0,2/HD4,,2025
244.0,Freddy Fermin,30.0,KCR,AL,1.1,67.0,208.0,192.0,17.0,49.0,7.0,0.0,3.0,12.0,1.0,2.0,13.0,37.0,0.255,0.309,0.339,0.648,82.0,0.284,80.0,65.0,2.0,2.0,1.0,0.0,1.0,2/HD4,,2025
244.0,Freddy Fermin,30.0,SDP,NL,0.9,42.0,139.0,127.0,15.0,31.0,6.0,0.0,2.0,14.0,0.0,0.0,6.0,28.0,0.244,0.278,0.339,0.617,70.0,0.285,73.0,43.0,3.0,0.0,6.0,0.0,0.0,2/H,,2025
245.0,JJ Bleday*,27.0,ATH,AL,-0.3,98.0,344.0,307.0,48.0,65.0,17.0,0.0,14.0,39.0,1.0,2.0,36.0,91.0,0.212,0.294,0.404,0.698,92.0,0.3,89.0,124.0,6.0,0.0,0.0,1.0,2.0,89H7/D,,2025
246.0,Jose Iglesias,35.0,SDP,NL,-0.7,112.0,343.0,306.0,29.0,70.0,11.0,0.0,3.0,36.0,5.0,1.0,24.0,56.0,0.229,0.298,0.294,0.592,66.0,0.288,74.0,90.0,7.0,7.0,4.0,2.0,0.0,465HD/7,,2025
247.0,Javier Sanoja,22.0,MIA,NL,1.5,118.0,342.0,313.0,40.0,76.0,22.0,4.0,6.0,38.0,6.0,5.0,19.0,41.0,0.243,0.287,0.396,0.683,87.0,0.307,92.0,124.0,2.0,2.0,4.0,4.0,0.0,574H86/13D,GG,2025
248.0,Tyler Stephenson,28.0,CIN,NL,1.3,88.0,342.0,299.0,40.0,69.0,18.0,0.0,13.0,50.0,0.0,1.0,37.0,116.0,0.231,0.316,0.421,0.737,98.0,0.327,99.0,126.0,4.0,2.0,0.0,4.0,1.0,2D/H,,2025
249.0,Romy González,28.0,BOS,AL,2.0,96.0,341.0,315.0,47.0,96.0,23.0,3.0,9.0,53.0,6.0,5.0,18.0,81.0,0.305,0.343,0.483,0.826,128.0,0.363,137.0,152.0,8.0,3.0,0.0,5.0,1.0,34H/D5,,2025
250.0,Tyrone Taylor,31.0,NYM,NL,1.0,113.0,341.0,310.0,34.0,69.0,18.0,3.0,2.0,27.0,12.0,2.0,16.0,76.0,0.223,0.279,0.319,0.598,70.0,0.276,70.0,99.0,4.0,9.0,3.0,2.0,1.0,*8H/79,,2025
251.0,Miguel Andujar,30.0,2TM,2LG,0.8,94.0,341.0,321.0,36.0,102.0,17.0,1.0,10.0,44.0,1.0,0.0,17.0,49.0,0.318,0.352,0.47,0.822,125.0,0.355,124.0,151.0,8.0,1.0,0.0,2.0,1.0,57DH/39,,2025
251.0,Miguel Andujar,30.0,ATH,AL,0.2,60.0,231.0,218.0,22.0,65.0,10.0,1.0,6.0,27.0,1.0,0.0,11.0,30.0,0.298,0.329,0.436,0.765,111.0,0.33,108.0,95.0,5.0,0.0,0.0,2.0,1.0,57/H9D3,,2025
251.0,Miguel Andujar,30.0,CIN,NL,0.6,34.0,110.0,103.0,14.0,37.0,7.0,0.0,4.0,17.0,0.0,0.0,6.0,19.0,0.359,0.4,0.544,0.944,153.0,0.407,155.0,56.0,3.0,1.0,0.0,0.0,0.0,DH/37,,2025
252.0,Sean Murphy,30.0,ATL,NL,2.4,94.0,337.0,291.0,34.0,58.0,13.0,0.0,16.0,45.0,0.0,0.0,35.0,105.0,0.199,0.3,0.409,0.709,98.0,0.314,99.0,119.0,9.0,8.0,0.0,3.0,1.0,2H/D,,2025
253.0,Connor Norby,25.0,MIA,NL,0.7,88.0,337.0,311.0,42.0,78.0,17.0,1.0,8.0,34.0,8.0,2.0,18.0,90.0,0.251,0.3,0.389,0.689,90.0,0.317,95.0,121.0,3.0,5.0,0.0,3.0,0.0,5/HD,,2025
254.0,Michael Toglia#,26.0,COL,NL,-1.7,88.0,337.0,306.0,22.0,58.0,15.0,1.0,11.0,32.0,3.0,0.0,28.0,132.0,0.19,0.258,0.353,0.611,61.0,0.272,54.0,108.0,7.0,1.0,0.0,2.0,2.0,3/DH,,2025
255.0,Danny Jansen,30.0,2TM,2LG,2.8,98.0,337.0,288.0,38.0,62.0,11.0,0.0,14.0,36.0,0.0,0.0,42.0,86.0,0.215,0.321,0.399,0.721,101.0,0.321,104.0,115.0,5.0,4.0,1.0,2.0,0.0,2H/D,,2025
255.0,Danny Jansen,30.0,TBR,AL,2.1,73.0,259.0,221.0,28.0,45.0,8.0,0.0,11.0,29.0,0.0,0.0,33.0,68.0,0.204,0.314,0.389,0.703,96.0,0.312,98.0,86.0,4.0,3.0,1.0,1.0,0.0,2/H,,2025
255.0,Danny Jansen,30.0,MIL,NL,0.7,25.0,78.0,67.0,10.0,17.0,3.0,0.0,3.0,7.0,0.0,0.0,9.0,18.0,0.254,0.346,0.433,0.779,117.0,0.352,123.0,29.0,1.0,1.0,0.0,1.0,0.0,2/HD,,2025
256.0,Dane Myers,29.0,MIA,NL,-0.1,106.0,333.0,307.0,29.0,72.0,10.0,0.0,6.0,31.0,18.0,5.0,23.0,77.0,0.235,0.291,0.326,0.617,71.0,0.284,69.0,100.0,12.0,2.0,0.0,1.0,0.0,89H7/D,,2025
257.0,Joey Bart,28.0,PIT,NL,0.5,93.0,332.0,285.0,21.0,71.0,12.0,1.0,4.0,30.0,1.0,1.0,40.0,93.0,0.249,0.355,0.34,0.696,96.0,0.32,100.0,97.0,14.0,7.0,0.0,0.0,0.0,2/HD,,2025
258.0,Luis Urías,28.0,ATH,AL,0.5,96.0,330.0,287.0,27.0,66.0,7.0,0.0,8.0,25.0,2.0,1.0,31.0,45.0,0.23,0.315,0.338,0.653,82.0,0.302,89.0,97.0,9.0,6.0,0.0,3.0,0.0,4/5H,,2025
259.0,Starling Marte,36.0,NYM,NL,1.0,98.0,329.0,293.0,37.0,79.0,14.0,0.0,9.0,34.0,7.0,2.0,22.0,68.0,0.27,0.335,0.41,0.745,111.0,0.331,112.0,120.0,7.0,9.0,1.0,4.0,0.0,DH/79,,2025
260.0,Brooks Baldwin#,24.0,CHW,AL,-0.5,103.0,328.0,300.0,32.0,72.0,15.0,1.0,11.0,38.0,5.0,0.0,21.0,86.0,0.24,0.29,0.407,0.697,93.0,0.307,92.0,122.0,9.0,1.0,4.0,2.0,0.0,7895H46,,2025
261.0,Santiago Espinal,30.0,CIN,NL,-1.4,114.0,328.0,301.0,25.0,73.0,12.0,0.0,0.0,16.0,2.0,1.0,21.0,38.0,0.243,0.292,0.282,0.575,57.0,0.257,48.0,85.0,11.0,1.0,3.0,2.0,0.0,54H7/93D6,,2025
262.0,Rhys Hoskins,32.0,MIL,NL,0.9,90.0,328.0,279.0,30.0,66.0,12.0,1.0,12.0,43.0,2.0,1.0,38.0,91.0,0.237,0.332,0.416,0.748,108.0,0.331,108.0,116.0,6.0,5.0,0.0,6.0,2.0,3/HD,,2025
263.0,Kyle Higashioka,35.0,TEX,AL,1.6,94.0,327.0,303.0,33.0,73.0,14.0,1.0,11.0,47.0,3.0,1.0,20.0,72.0,0.241,0.291,0.403,0.693,102.0,0.305,105.0,122.0,5.0,2.0,0.0,2.0,0.0,2D/H,,2025
264.0,Trey Sweeney*,25.0,DET,AL,-0.8,118.0,326.0,296.0,36.0,58.0,6.0,2.0,6.0,32.0,3.0,1.0,26.0,92.0,0.196,0.258,0.291,0.548,53.0,0.248,49.0,86.0,2.0,0.0,0.0,4.0,0.0,*6H,,2025
265.0,Michael A. Taylor,34.0,CHW,AL,0.1,134.0,325.0,295.0,33.0,59.0,20.0,1.0,9.0,35.0,8.0,3.0,23.0,110.0,0.2,0.259,0.366,0.625,73.0,0.268,65.0,108.0,7.0,1.0,4.0,2.0,1.0,*879H/D,,2025
266.0,Dylan Crews,23.0,WSN,NL,0.3,85.0,322.0,293.0,43.0,61.0,8.0,2.0,10.0,27.0,17.0,5.0,24.0,76.0,0.208,0.28,0.352,0.631,79.0,0.288,79.0,103.0,4.0,5.0,0.0,0.0,0.0,98/D,,2025
267.0,Alex Call,30.0,2TM,NL,1.5,110.0,322.0,270.0,43.0,72.0,13.0,2.0,5.0,31.0,2.0,1.0,36.0,55.0,0.267,0.361,0.385,0.746,112.0,0.338,117.0,104.0,6.0,6.0,6.0,4.0,0.0,97H/D8,,2025
267.0,Alex Call,30.0,WSN,NL,1.1,72.0,237.0,197.0,30.0,54.0,9.0,2.0,3.0,26.0,1.0,1.0,26.0,36.0,0.274,0.371,0.386,0.756,117.0,0.345,124.0,76.0,5.0,6.0,5.0,3.0,0.0,97H/D8,,2025
267.0,Alex Call,30.0,LAD,NL,0.4,38.0,85.0,73.0,13.0,18.0,4.0,0.0,2.0,5.0,1.0,0.0,10.0,19.0,0.247,0.333,0.384,0.717,101.0,0.321,100.0,28.0,1.0,0.0,1.0,1.0,0.0,7H9/8D,,2025
268.0,Miguel Rojas,36.0,LAD,NL,2.1,114.0,317.0,290.0,35.0,76.0,18.0,0.0,7.0,27.0,5.0,0.0,24.0,46.0,0.262,0.318,0.397,0.715,100.0,0.319,98.0,115.0,7.0,0.0,3.0,0.0,1.0,456H/13,,2025
269.0,Taylor Walls#,28.0,TBR,AL,2.6,101.0,317.0,282.0,36.0,62.0,14.0,1.0,4.0,38.0,14.0,6.0,26.0,70.0,0.22,0.28,0.319,0.599,68.0,0.269,66.0,90.0,1.0,0.0,3.0,6.0,0.0,6/H45D,,2025
270.0,Jorge Soler,33.0,LAA,AL,-0.5,82.0,315.0,279.0,31.0,60.0,12.0,0.0,12.0,34.0,0.0,0.0,28.0,94.0,0.215,0.293,0.387,0.68,87.0,0.303,89.0,108.0,5.0,4.0,0.0,3.0,0.0,9D/H,,2025
271.0,Rowdy Tellez*,30.0,2TM,AL,-0.3,112.0,312.0,289.0,34.0,66.0,11.0,0.0,17.0,49.0,1.0,0.0,17.0,83.0,0.228,0.276,0.443,0.719,106.0,0.308,105.0,128.0,9.0,3.0,0.0,3.0,0.0,3H/D1,,2025
271.0,Rowdy Tellez*,30.0,SEA,AL,-0.8,62.0,185.0,173.0,20.0,36.0,6.0,0.0,11.0,27.0,1.0,0.0,8.0,49.0,0.208,0.249,0.434,0.682,93.0,0.289,89.0,75.0,6.0,2.0,0.0,2.0,0.0,3/HD,,2025
271.0,Rowdy Tellez*,30.0,TEX,AL,0.4,50.0,127.0,116.0,14.0,30.0,5.0,0.0,6.0,22.0,0.0,0.0,9.0,34.0,0.259,0.315,0.457,0.772,124.0,0.336,128.0,53.0,3.0,1.0,0.0,1.0,0.0,3H/D1,,2025
272.0,Gabriel Moreno,25.0,ARI,NL,1.6,83.0,309.0,277.0,44.0,79.0,12.0,1.0,9.0,40.0,2.0,2.0,29.0,53.0,0.285,0.353,0.433,0.786,117.0,0.341,115.0,120.0,6.0,1.0,0.0,2.0,3.0,2/DH,,2025
273.0,Joc Pederson*,33.0,TEX,AL,-0.3,96.0,306.0,265.0,28.0,48.0,10.0,1.0,9.0,26.0,2.0,0.0,34.0,65.0,0.181,0.285,0.328,0.614,81.0,0.278,84.0,87.0,5.0,5.0,0.0,1.0,0.0,DH/39,,2025
274.0,Christopher Morel,26.0,TBR,AL,-0.3,105.0,305.0,278.0,37.0,61.0,16.0,0.0,11.0,33.0,7.0,2.0,25.0,109.0,0.219,0.289,0.396,0.684,90.0,0.306,92.0,110.0,8.0,2.0,0.0,0.0,0.0,7HD/94,,2025
275.0,Roman Anthony*,21.0,BOS,AL,3.1,71.0,303.0,257.0,48.0,75.0,18.0,1.0,8.0,32.0,4.0,1.0,40.0,84.0,0.292,0.396,0.463,0.859,140.0,0.375,142.0,119.0,2.0,5.0,0.0,1.0,0.0,97D/H,ROY-3,2025
276.0,Jose Trevino,32.0,CIN,NL,-0.2,93.0,302.0,282.0,30.0,67.0,20.0,0.0,4.0,22.0,0.0,0.0,15.0,39.0,0.238,0.272,0.351,0.623,68.0,0.278,63.0,99.0,9.0,0.0,1.0,4.0,0.0,2/D1H,,2025
277.0,Kyle Farmer,34.0,COL,NL,-0.8,97.0,300.0,277.0,24.0,63.0,14.0,0.0,8.0,31.0,0.0,1.0,17.0,66.0,0.227,0.28,0.365,0.645,71.0,0.288,68.0,101.0,9.0,4.0,0.0,2.0,0.0,4D3H65/1,,2025
278.0,Myles Straw,30.0,TOR,AL,2.9,137.0,299.0,267.0,51.0,70.0,14.0,1.0,4.0,32.0,12.0,1.0,19.0,50.0,0.262,0.313,0.367,0.68,87.0,0.311,87.0,98.0,5.0,1.0,11.0,1.0,0.0,*87H9/4,,2025
279.0,Kyle Teel*,23.0,CHW,AL,1.9,78.0,297.0,253.0,38.0,69.0,11.0,0.0,8.0,35.0,3.0,1.0,37.0,77.0,0.273,0.375,0.411,0.786,121.0,0.353,128.0,104.0,1.0,5.0,1.0,1.0,0.0,2D/H7,,2025
280.0,Thomas Saggese,23.0,STL,NL,0.4,82.0,295.0,275.0,25.0,71.0,17.0,0.0,2.0,25.0,3.0,0.0,16.0,83.0,0.258,0.299,0.342,0.641,82.0,0.288,80.0,94.0,5.0,1.0,1.0,2.0,0.0,465/HD,,2025
281.0,Ben Williamson,24.0,SEA,AL,1.3,85.0,295.0,277.0,36.0,70.0,13.0,0.0,1.0,21.0,5.0,1.0,15.0,64.0,0.253,0.294,0.31,0.604,76.0,0.272,75.0,86.0,5.0,1.0,2.0,0.0,0.0,5/H,,2025
282.0,Heriberto Hernández,25.0,MIA,NL,0.9,87.0,294.0,256.0,40.0,68.0,12.0,1.0,10.0,45.0,1.0,1.0,31.0,77.0,0.266,0.347,0.438,0.784,116.0,0.344,117.0,112.0,6.0,3.0,0.0,4.0,0.0,7D9H,ROY-13,2025
283.0,Coby Mayo,23.0,BAL,AL,0.2,85.0,294.0,263.0,30.0,57.0,12.0,0.0,11.0,28.0,3.0,0.0,27.0,84.0,0.217,0.299,0.388,0.687,93.0,0.303,92.0,102.0,2.0,4.0,0.0,0.0,0.0,3/DH5,,2025
284.0,Randal Grichuk,33.0,2TM,2LG,-0.8,113.0,293.0,272.0,35.0,62.0,18.0,1.0,9.0,27.0,0.0,1.0,17.0,61.0,0.228,0.273,0.401,0.674,85.0,0.293,82.0,109.0,6.0,1.0,0.0,3.0,1.0,HD97/8,,2025
284.0,Randal Grichuk,33.0,ARI,NL,-0.4,70.0,188.0,175.0,25.0,42.0,15.0,1.0,7.0,22.0,0.0,1.0,10.0,39.0,0.24,0.277,0.457,0.734,99.0,0.317,98.0,80.0,5.0,0.0,0.0,3.0,1.0,DH9/78,,2025
284.0,Randal Grichuk,33.0,KCR,AL,-0.4,43.0,105.0,97.0,10.0,20.0,3.0,0.0,2.0,5.0,0.0,0.0,7.0,22.0,0.206,0.267,0.299,0.566,59.0,0.251,53.0,29.0,1.0,1.0,0.0,0.0,0.0,9H7/D8,,2025
285.0,Mitch Garver,34.0,SEA,AL,-0.1,87.0,290.0,254.0,29.0,53.0,5.0,1.0,9.0,30.0,3.0,0.0,30.0,80.0,0.209,0.297,0.343,0.639,86.0,0.286,86.0,87.0,6.0,3.0,0.0,3.0,1.0,2DH,,2025
286.0,Yoán Moncada#,30.0,LAA,AL,0.7,84.0,289.0,248.0,39.0,58.0,13.0,2.0,12.0,35.0,0.0,0.0,32.0,75.0,0.234,0.336,0.448,0.783,116.0,0.339,116.0,111.0,4.0,7.0,0.0,2.0,1.0,5H/D,,2025
287.0,Pavin Smith*,29.0,ARI,NL,0.4,87.0,288.0,244.0,36.0,63.0,17.0,1.0,8.0,28.0,2.0,2.0,41.0,92.0,0.258,0.362,0.434,0.797,120.0,0.35,121.0,106.0,7.0,0.0,0.0,2.0,1.0,D3H,,2025
288.0,Riley Adams,29.0,WSN,NL,0.4,83.0,286.0,263.0,29.0,49.0,8.0,0.0,8.0,24.0,1.0,0.0,18.0,110.0,0.186,0.252,0.308,0.56,59.0,0.258,61.0,81.0,6.0,5.0,0.0,0.0,0.0,2/H3D,,2025
289.0,Colson Montgomery*,23.0,CHW,AL,3.3,71.0,284.0,255.0,43.0,61.0,9.0,1.0,21.0,55.0,0.0,0.0,25.0,83.0,0.239,0.311,0.529,0.84,130.0,0.357,131.0,135.0,3.0,2.0,0.0,1.0,1.0,65/H,ROY-5,2025
290.0,Abraham Toro#,28.0,BOS,AL,-0.2,77.0,284.0,259.0,33.0,62.0,13.0,0.0,7.0,27.0,2.0,1.0,14.0,42.0,0.239,0.289,0.371,0.659,83.0,0.299,88.0,96.0,1.0,6.0,0.0,5.0,1.0,35/H1,,2025
291.0,Henry Davis,25.0,PIT,NL,0.7,87.0,283.0,252.0,25.0,42.0,7.0,0.0,7.0,22.0,2.0,1.0,18.0,76.0,0.167,0.234,0.278,0.512,42.0,0.237,40.0,70.0,2.0,5.0,3.0,3.0,0.0,2/HD,,2025
292.0,Elias Díaz,34.0,SDP,NL,-0.2,106.0,283.0,255.0,34.0,52.0,7.0,0.0,9.0,29.0,0.0,0.0,21.0,74.0,0.204,0.27,0.337,0.607,68.0,0.271,63.0,86.0,11.0,2.0,5.0,0.0,0.0,2H,,2025
293.0,Luis Torrens,29.0,NYM,NL,1.4,92.0,283.0,261.0,20.0,59.0,14.0,1.0,5.0,29.0,1.0,0.0,19.0,56.0,0.226,0.284,0.345,0.629,78.0,0.283,78.0,90.0,7.0,2.0,1.0,0.0,0.0,2H/1D3,,2025
294.0,Giancarlo Stanton,35.0,NYY,AL,1.9,77.0,281.0,249.0,36.0,68.0,8.0,0.0,24.0,66.0,0.0,0.0,29.0,96.0,0.273,0.35,0.594,0.944,158.0,0.398,162.0,148.0,5.0,1.0,0.0,1.0,3.0,D9H/7,,2025
295.0,Francisco Alvarez,23.0,NYM,NL,1.9,76.0,277.0,246.0,32.0,63.0,12.0,1.0,11.0,32.0,0.0,0.0,27.0,73.0,0.256,0.339,0.447,0.787,122.0,0.35,126.0,110.0,6.0,4.0,0.0,0.0,0.0,2/HD,,2025
296.0,Michael Massey*,27.0,KCR,AL,-0.1,77.0,277.0,262.0,20.0,64.0,9.0,0.0,3.0,20.0,2.0,1.0,9.0,43.0,0.244,0.268,0.313,0.581,63.0,0.255,57.0,82.0,3.0,1.0,1.0,4.0,0.0,47/HD,,2025
297.0,Brady House,22.0,WSN,NL,-0.6,73.0,274.0,261.0,26.0,61.0,11.0,0.0,4.0,29.0,5.0,3.0,8.0,78.0,0.234,0.252,0.322,0.574,62.0,0.252,58.0,84.0,11.0,0.0,0.0,5.0,0.0,5/H,,2025
298.0,Daulton Varsho*,28.0,TOR,AL,2.8,71.0,271.0,248.0,43.0,59.0,13.0,2.0,20.0,55.0,2.0,0.0,17.0,77.0,0.238,0.284,0.548,0.833,122.0,0.343,116.0,136.0,1.0,1.0,0.0,5.0,1.0,8/HD,,2025
299.0,Eli White,31.0,ATL,NL,0.7,105.0,271.0,256.0,43.0,60.0,8.0,3.0,10.0,35.0,10.0,1.0,11.0,70.0,0.234,0.27,0.406,0.677,88.0,0.308,89.0,104.0,2.0,2.0,1.0,1.0,1.0,97H/D83,,2025
300.0,Dominic Canzone*,27.0,SEA,AL,1.6,82.0,269.0,243.0,30.0,73.0,11.0,0.0,11.0,32.0,3.0,1.0,20.0,59.0,0.3,0.358,0.481,0.84,142.0,0.361,142.0,117.0,6.0,3.0,0.0,2.0,0.0,9H/D,,2025
301.0,Keibert Ruiz#,26.0,WSN,NL,0.8,68.0,267.0,255.0,19.0,63.0,12.0,0.0,2.0,25.0,0.0,2.0,8.0,26.0,0.247,0.277,0.318,0.595,69.0,0.271,73.0,81.0,4.0,3.0,0.0,1.0,0.0,2/H,,2025
302.0,Blaze Alexander,26.0,ARI,NL,1.7,74.0,266.0,230.0,31.0,53.0,12.0,1.0,7.0,28.0,4.0,6.0,22.0,86.0,0.23,0.323,0.383,0.706,95.0,0.315,101.0,88.0,5.0,10.0,3.0,1.0,0.0,54/H78D,,2025
303.0,Oswald Peraza,25.0,2TM,AL,-0.6,106.0,265.0,244.0,24.0,40.0,6.0,0.0,5.0,20.0,9.0,0.0,17.0,80.0,0.164,0.223,0.25,0.473,33.0,0.225,28.0,61.0,6.0,2.0,0.0,1.0,0.0,5H346/1D,,2025
303.0,Oswald Peraza,25.0,NYY,AL,-0.2,71.0,170.0,158.0,18.0,24.0,5.0,0.0,3.0,13.0,3.0,0.0,11.0,47.0,0.152,0.212,0.241,0.452,27.0,0.214,24.0,38.0,3.0,1.0,0.0,0.0,0.0,54/H6D,,2025
303.0,Oswald Peraza,25.0,LAA,AL,-0.5,35.0,95.0,86.0,6.0,16.0,1.0,0.0,2.0,7.0,6.0,0.0,6.0,33.0,0.186,0.245,0.267,0.512,43.0,0.243,34.0,23.0,3.0,1.0,0.0,1.0,0.0,35H/61,,2025
304.0,Curtis Mead,24.0,2TM,AL,-0.2,90.0,264.0,240.0,26.0,56.0,10.0,1.0,3.0,19.0,5.0,1.0,15.0,63.0,0.233,0.299,0.321,0.62,75.0,0.282,74.0,77.0,9.0,8.0,0.0,1.0,0.0,35H4/D,,2025
304.0,Curtis Mead,24.0,TBR,AL,0.4,49.0,132.0,115.0,14.0,26.0,2.0,1.0,3.0,8.0,4.0,1.0,12.0,33.0,0.226,0.318,0.339,0.657,85.0,0.304,90.0,39.0,4.0,4.0,0.0,1.0,0.0,34H/5D,,2025
304.0,Curtis Mead,24.0,CHW,AL,-0.6,41.0,132.0,125.0,12.0,30.0,8.0,0.0,0.0,11.0,1.0,0.0,3.0,30.0,0.24,0.28,0.304,0.584,64.0,0.26,59.0,38.0,5.0,4.0,0.0,0.0,0.0,53/HD,,2025
305.0,Kristian Campbell,23.0,BOS,AL,-1.0,67.0,263.0,229.0,24.0,51.0,10.0,0.0,6.0,21.0,2.0,1.0,29.0,72.0,0.223,0.319,0.345,0.664,86.0,0.299,88.0,79.0,1.0,4.0,0.0,1.0,0.0,4/8H7D,,2025
306.0,Edmundo Sosa,29.0,PHI,NL,2.3,89.0,261.0,243.0,30.0,67.0,12.0,1.0,11.0,39.0,1.0,1.0,10.0,56.0,0.276,0.307,0.469,0.777,109.0,0.337,109.0,114.0,7.0,2.0,3.0,2.0,0.0,456H/78D,,2025
307.0,Cole Young*,21.0,SEA,AL,0.5,77.0,257.0,223.0,24.0,47.0,7.0,1.0,4.0,24.0,1.0,0.0,28.0,47.0,0.211,0.302,0.305,0.607,78.0,0.273,77.0,68.0,4.0,2.0,2.0,2.0,1.0,4/H6D,,2025
308.0,Kiké Hernández,33.0,LAD,NL,0.2,92.0,256.0,232.0,30.0,47.0,8.0,0.0,10.0,35.0,0.0,0.0,18.0,68.0,0.203,0.255,0.366,0.621,72.0,0.276,71.0,85.0,7.0,0.0,1.0,5.0,0.0,357H4/81D,,2025
309.0,Will Benson*,27.0,CIN,NL,0.6,90.0,253.0,230.0,31.0,52.0,8.0,2.0,12.0,41.0,2.0,2.0,16.0,67.0,0.226,0.273,0.435,0.708,88.0,0.301,81.0,100.0,4.0,1.0,0.0,6.0,1.0,97H8/D,,2025
310.0,Tyler Fitzgerald,27.0,SFG,NL,0.9,72.0,243.0,217.0,19.0,47.0,10.0,1.0,4.0,14.0,9.0,4.0,17.0,70.0,0.217,0.278,0.327,0.606,74.0,0.276,75.0,71.0,3.0,2.0,6.0,1.0,0.0,4/H9,,2025
311.0,Dylan Moore,32.0,2TM,AL,0.4,106.0,243.0,219.0,35.0,44.0,5.0,0.0,11.0,25.0,14.0,5.0,20.0,82.0,0.201,0.267,0.374,0.642,85.0,0.288,88.0,82.0,1.0,1.0,0.0,3.0,0.0,H4935/6D8,,2025
311.0,Dylan Moore,32.0,SEA,AL,0.2,88.0,213.0,192.0,29.0,37.0,5.0,0.0,9.0,19.0,12.0,4.0,19.0,76.0,0.193,0.263,0.359,0.622,79.0,0.283,83.0,69.0,1.0,0.0,0.0,2.0,0.0,H9435/6D8,,2025
311.0,Dylan Moore,32.0,TEX,AL,0.2,18.0,30.0,27.0,6.0,7.0,0.0,0.0,2.0,6.0,2.0,1.0,1.0,6.0,0.259,0.3,0.481,0.781,126.0,0.326,122.0,13.0,0.0,1.0,0.0,1.0,0.0,4/HD39,,2025
312.0,LaMonte Wade Jr.*,31.0,2TM,2LG,-1.7,80.0,242.0,209.0,19.0,35.0,8.0,2.0,2.0,18.0,1.0,0.0,27.0,58.0,0.167,0.271,0.254,0.524,51.0,0.247,52.0,53.0,2.0,3.0,2.0,1.0,1.0,39H/D7,,2025
312.0,LaMonte Wade Jr.*,31.0,SFG,NL,-1.2,50.0,169.0,144.0,12.0,24.0,8.0,2.0,1.0,15.0,0.0,0.0,21.0,35.0,0.167,0.275,0.271,0.546,58.0,0.255,61.0,39.0,2.0,1.0,2.0,1.0,1.0,3/HD,,2025
312.0,LaMonte Wade Jr.*,31.0,LAA,AL,-0.5,30.0,73.0,65.0,7.0,11.0,0.0,0.0,1.0,3.0,1.0,0.0,6.0,23.0,0.169,0.26,0.215,0.476,35.0,0.227,32.0,14.0,0.0,2.0,0.0,0.0,0.0,9/H37,,2025
313.0,Nick Fortes,28.0,2TM,2LG,0.7,97.0,242.0,218.0,19.0,50.0,9.0,1.0,5.0,21.0,1.0,0.0,14.0,47.0,0.229,0.296,0.349,0.644,79.0,0.293,81.0,76.0,7.0,7.0,2.0,1.0,0.0,2H/D,,2025
313.0,Nick Fortes,28.0,MIA,NL,0.4,59.0,141.0,129.0,11.0,31.0,6.0,1.0,2.0,10.0,0.0,0.0,7.0,22.0,0.24,0.288,0.349,0.637,76.0,0.278,69.0,45.0,4.0,2.0,2.0,1.0,0.0,2/HD,,2025
313.0,Nick Fortes,28.0,TBR,AL,0.3,38.0,101.0,89.0,8.0,19.0,3.0,0.0,3.0,11.0,1.0,0.0,7.0,25.0,0.213,0.307,0.348,0.655,84.0,0.313,97.0,31.0,3.0,5.0,0.0,0.0,0.0,2/HD,,2025
314.0,Dylan Carlson#,26.0,BAL,AL,-0.7,83.0,241.0,217.0,17.0,44.0,9.0,1.0,6.0,20.0,3.0,3.0,21.0,54.0,0.203,0.278,0.336,0.614,73.0,0.274,75.0,73.0,3.0,2.0,0.0,1.0,0.0,798H,,2025
315.0,Alexander Canario,25.0,PIT,NL,0.5,87.0,234.0,216.0,25.0,47.0,6.0,1.0,6.0,20.0,3.0,1.0,17.0,80.0,0.218,0.274,0.338,0.611,70.0,0.279,70.0,73.0,5.0,0.0,0.0,1.0,0.0,789H/D,,2025
316.0,Jakob Marsee*,24.0,MIA,NL,1.9,55.0,234.0,209.0,28.0,61.0,18.0,3.0,5.0,33.0,14.0,6.0,22.0,48.0,0.292,0.363,0.478,0.842,132.0,0.365,130.0,100.0,2.0,2.0,0.0,1.0,0.0,87/9H,ROY-8,2025
317.0,Jac Caglianone*,22.0,KCR,AL,-1.3,62.0,232.0,210.0,19.0,33.0,6.0,1.0,7.0,18.0,1.0,0.0,18.0,52.0,0.157,0.237,0.295,0.532,49.0,0.238,43.0,62.0,4.0,4.0,0.0,0.0,0.0,93/DH,,2025
318.0,Travis d'Arnaud,36.0,LAA,AL,-0.3,69.0,231.0,213.0,16.0,42.0,13.0,0.0,6.0,21.0,0.0,0.0,13.0,74.0,0.197,0.255,0.343,0.598,65.0,0.26,58.0,73.0,5.0,4.0,0.0,1.0,0.0,2/HD,,2025
319.0,Davis Schneider,26.0,TOR,AL,1.3,82.0,227.0,188.0,33.0,44.0,5.0,0.0,11.0,31.0,3.0,1.0,36.0,60.0,0.234,0.361,0.436,0.797,119.0,0.36,128.0,82.0,4.0,2.0,0.0,1.0,0.0,74H/5D,,2025
320.0,Dominic Smith*,30.0,SFG,NL,0.4,63.0,225.0,204.0,26.0,58.0,12.0,0.0,5.0,33.0,2.0,0.0,15.0,42.0,0.284,0.333,0.417,0.75,114.0,0.329,112.0,85.0,5.0,2.0,0.0,4.0,0.0,3/HD9,,2025
321.0,Tim Tawa,26.0,ARI,NL,0.5,74.0,225.0,199.0,29.0,40.0,8.0,0.0,7.0,18.0,8.0,2.0,20.0,64.0,0.201,0.274,0.347,0.62,71.0,0.284,70.0,69.0,6.0,1.0,2.0,3.0,0.0,4387H/59,,2025
322.0,Jake McCarthy*,27.0,ARI,NL,-0.7,67.0,222.0,206.0,18.0,42.0,7.0,5.0,4.0,20.0,6.0,0.0,10.0,40.0,0.204,0.247,0.345,0.591,62.0,0.271,59.0,71.0,2.0,2.0,3.0,1.0,0.0,789/HD,,2025
323.0,Anthony Santander#,30.0,TOR,AL,-1.0,54.0,221.0,194.0,16.0,34.0,5.0,0.0,6.0,18.0,0.0,0.0,25.0,61.0,0.175,0.271,0.294,0.565,57.0,0.253,51.0,57.0,6.0,1.0,0.0,1.0,1.0,D9/7H3,,2025
324.0,Evan Carter*,22.0,TEX,AL,1.9,63.0,220.0,194.0,31.0,48.0,9.0,2.0,5.0,25.0,14.0,2.0,19.0,41.0,0.247,0.336,0.392,0.728,114.0,0.333,118.0,76.0,2.0,7.0,0.0,0.0,1.0,8/HD,,2025
325.0,Max Muncy,22.0,ATH,AL,0.0,63.0,220.0,206.0,17.0,44.0,7.0,0.0,9.0,23.0,1.0,1.0,10.0,68.0,0.214,0.259,0.379,0.638,75.0,0.276,71.0,78.0,1.0,3.0,0.0,1.0,0.0,54/6H,,2025
326.0,Ezequiel Durán,26.0,TEX,AL,0.2,90.0,219.0,205.0,16.0,46.0,14.0,0.0,0.0,14.0,11.0,2.0,8.0,55.0,0.224,0.266,0.293,0.559,65.0,0.251,61.0,60.0,3.0,4.0,1.0,1.0,0.0,63H45/91D7,,2025
327.0,Luke Raley*,30.0,SEA,AL,-0.3,73.0,219.0,183.0,23.0,37.0,8.0,0.0,4.0,19.0,2.0,1.0,19.0,64.0,0.202,0.319,0.311,0.631,85.0,0.294,94.0,57.0,2.0,13.0,3.0,1.0,0.0,93H/8D7,,2025
328.0,Drew Waters#,26.0,KCR,AL,-0.4,71.0,219.0,206.0,21.0,50.0,6.0,3.0,1.0,14.0,5.0,3.0,11.0,60.0,0.243,0.288,0.316,0.603,70.0,0.281,76.0,65.0,2.0,2.0,0.0,0.0,0.0,789/HD,,2025
329.0,Jake Bauers*,29.0,MIL,NL,0.7,85.0,218.0,183.0,28.0,43.0,9.0,0.0,7.0,28.0,8.0,1.0,32.0,59.0,0.235,0.353,0.399,0.752,111.0,0.34,111.0,73.0,1.0,2.0,0.0,1.0,1.0,3H7/D19,,2025
330.0,Otto Kemp,25.0,PHI,NL,-0.2,62.0,218.0,197.0,26.0,46.0,11.0,0.0,8.0,28.0,2.0,2.0,12.0,67.0,0.234,0.298,0.411,0.709,92.0,0.314,93.0,81.0,4.0,7.0,0.0,2.0,0.0,537/H4,,2025
331.0,Kameron Misner*,27.0,TBR,AL,0.7,71.0,217.0,197.0,27.0,42.0,9.0,1.0,5.0,22.0,8.0,1.0,16.0,69.0,0.213,0.273,0.345,0.618,72.0,0.279,69.0,68.0,1.0,1.0,1.0,2.0,0.0,89/7HD,,2025
332.0,Jake Fraley*,30.0,2TM,NL,0.3,76.0,217.0,191.0,31.0,46.0,9.0,0.0,6.0,23.0,4.0,3.0,25.0,49.0,0.241,0.332,0.382,0.714,94.0,0.323,99.0,73.0,1.0,1.0,0.0,0.0,1.0,9H/7D,,2025
332.0,Jake Fraley*,30.0,CIN,NL,0.4,67.0,193.0,168.0,29.0,39.0,8.0,0.0,6.0,23.0,4.0,2.0,24.0,41.0,0.232,0.332,0.387,0.719,94.0,0.324,96.0,65.0,1.0,1.0,0.0,0.0,1.0,9H/7D,,2025
332.0,Jake Fraley*,30.0,ATL,NL,0.0,9.0,24.0,23.0,2.0,7.0,1.0,0.0,0.0,0.0,0.0,1.0,1.0,8.0,0.304,0.333,0.348,0.681,93.0,0.319,117.0,8.0,0.0,0.0,0.0,0.0,0.0,/9H7D,,2025
333.0,Christian Vázquez,34.0,MIN,AL,0.6,65.0,214.0,190.0,14.0,36.0,7.0,0.0,3.0,14.0,1.0,1.0,18.0,35.0,0.189,0.271,0.274,0.545,52.0,0.259,56.0,52.0,3.0,4.0,0.0,2.0,0.0,2/H,,2025
334.0,Orlando Arcia,30.0,2TM,NL,-1.2,76.0,214.0,203.0,13.0,41.0,7.0,1.0,3.0,13.0,0.0,1.0,10.0,47.0,0.202,0.238,0.291,0.529,42.0,0.243,39.0,59.0,4.0,0.0,0.0,1.0,0.0,6453/HD,,2025
334.0,Orlando Arcia,30.0,ATL,NL,-0.1,14.0,32.0,31.0,1.0,6.0,1.0,0.0,0.0,1.0,0.0,0.0,1.0,8.0,0.194,0.219,0.226,0.445,26.0,0.23,39.0,7.0,0.0,0.0,0.0,0.0,0.0,6/DH,,2025
334.0,Orlando Arcia,30.0,COL,NL,-1.1,62.0,182.0,172.0,12.0,35.0,6.0,1.0,3.0,12.0,0.0,1.0,9.0,39.0,0.203,0.242,0.302,0.544,44.0,0.245,39.0,52.0,4.0,0.0,0.0,1.0,0.0,4563/HD,,2025
335.0,Parker Meadows*,25.0,DET,AL,0.3,58.0,213.0,191.0,22.0,41.0,6.0,2.0,4.0,16.0,4.0,0.0,21.0,56.0,0.215,0.291,0.33,0.621,73.0,0.279,69.0,63.0,0.0,0.0,0.0,1.0,0.0,8/H,,2025
336.0,Max Schuemann,28.0,ATH,AL,0.2,101.0,213.0,183.0,20.0,36.0,4.0,2.0,2.0,13.0,7.0,1.0,22.0,35.0,0.197,0.295,0.273,0.568,60.0,0.273,63.0,50.0,6.0,4.0,3.0,1.0,0.0,45H6/789D,,2025
337.0,Alex Verdugo*,29.0,ATL,NL,-0.3,56.0,213.0,197.0,21.0,47.0,10.0,0.0,0.0,12.0,1.0,0.0,14.0,31.0,0.239,0.296,0.289,0.585,67.0,0.269,66.0,57.0,1.0,2.0,0.0,0.0,0.0,7/H,,2025
338.0,Josh Rojas*,31.0,CHW,AL,-1.5,69.0,211.0,189.0,14.0,34.0,9.0,0.0,2.0,11.0,4.0,1.0,19.0,48.0,0.18,0.252,0.259,0.512,45.0,0.246,48.0,49.0,6.0,0.0,1.0,2.0,0.0,54/7H,,2025
339.0,Tyler O'Neill,30.0,BAL,AL,-0.6,54.0,209.0,181.0,22.0,36.0,6.0,1.0,9.0,26.0,4.0,0.0,22.0,51.0,0.199,0.292,0.392,0.684,92.0,0.302,90.0,71.0,2.0,3.0,0.0,3.0,1.0,9D/7H,,2025
340.0,Rob Refsnyder,34.0,BOS,AL,1.2,70.0,209.0,182.0,29.0,49.0,12.0,0.0,9.0,30.0,3.0,0.0,24.0,54.0,0.269,0.354,0.484,0.838,131.0,0.368,135.0,88.0,6.0,1.0,0.0,2.0,1.0,9HD7,,2025
341.0,Nacho Alvarez Jr.,22.0,ATL,NL,0.8,58.0,208.0,188.0,18.0,44.0,12.0,0.0,2.0,15.0,0.0,0.0,12.0,49.0,0.234,0.296,0.33,0.626,77.0,0.28,74.0,62.0,1.0,5.0,2.0,1.0,0.0,5/H,,2025
342.0,Paul DeJong,31.0,WSN,NL,-0.1,57.0,208.0,193.0,18.0,44.0,10.0,0.0,6.0,23.0,4.0,0.0,11.0,70.0,0.228,0.269,0.373,0.642,81.0,0.283,75.0,72.0,3.0,1.0,0.0,3.0,0.0,546/D3H,,2025
343.0,Edouard Julien*,26.0,MIN,AL,-0.8,64.0,208.0,182.0,13.0,40.0,10.0,0.0,3.0,12.0,0.0,3.0,22.0,61.0,0.22,0.309,0.324,0.633,76.0,0.274,72.0,59.0,3.0,2.0,1.0,1.0,0.0,34D/H6,,2025
344.0,Luke Keaschall,22.0,MIN,AL,2.0,49.0,207.0,182.0,25.0,55.0,14.0,0.0,4.0,28.0,14.0,3.0,19.0,29.0,0.302,0.382,0.445,0.827,128.0,0.377,135.0,81.0,4.0,5.0,0.0,1.0,0.0,4/D,ROY-9,2025
345.0,Ryan Ritter,24.0,COL,NL,0.3,60.0,207.0,187.0,22.0,45.0,9.0,3.0,1.0,18.0,3.0,1.0,10.0,61.0,0.241,0.296,0.337,0.632,69.0,0.29,67.0,63.0,7.0,5.0,4.0,1.0,0.0,64/H,,2025
346.0,Robert Hassell III*,23.0,WSN,NL,-0.1,70.0,206.0,197.0,22.0,44.0,9.0,0.0,3.0,18.0,4.0,0.0,8.0,62.0,0.223,0.257,0.315,0.572,62.0,0.266,64.0,62.0,4.0,1.0,0.0,0.0,0.0,89H/7D,,2025
347.0,Masataka Yoshida*,31.0,BOS,AL,0.2,55.0,205.0,188.0,16.0,50.0,11.0,0.0,4.0,26.0,3.0,0.0,10.0,24.0,0.266,0.307,0.388,0.696,93.0,0.32,100.0,73.0,3.0,3.0,0.0,4.0,0.0,D/H79,,2025
348.0,José Herrera#,28.0,ARI,NL,0.0,57.0,204.0,166.0,21.0,31.0,6.0,0.0,2.0,17.0,0.0,0.0,23.0,47.0,0.187,0.285,0.259,0.544,53.0,0.254,49.0,43.0,2.0,1.0,11.0,3.0,0.0,2/1,,2025
349.0,Yordan Alvarez*,28.0,HOU,AL,0.7,48.0,199.0,165.0,17.0,45.0,8.0,0.0,6.0,27.0,1.0,1.0,28.0,33.0,0.273,0.367,0.43,0.797,121.0,0.339,117.0,71.0,1.0,0.0,0.0,6.0,5.0,D7/H,,2025
350.0,Darell Hernaiz,23.0,ATH,AL,-0.2,51.0,197.0,173.0,17.0,40.0,5.0,1.0,2.0,16.0,3.0,4.0,17.0,24.0,0.231,0.292,0.306,0.599,67.0,0.273,72.0,53.0,2.0,0.0,2.0,5.0,0.0,654,,2025
351.0,Gio Urshela,33.0,ATH,AL,-1.0,59.0,197.0,181.0,10.0,43.0,14.0,1.0,0.0,20.0,0.0,1.0,13.0,40.0,0.238,0.287,0.326,0.613,71.0,0.271,68.0,59.0,6.0,0.0,2.0,1.0,0.0,5/3DH,,2025
352.0,David Hamilton*,27.0,BOS,AL,1.0,91.0,194.0,177.0,27.0,35.0,4.0,1.0,6.0,19.0,22.0,6.0,13.0,47.0,0.198,0.257,0.333,0.59,63.0,0.274,60.0,59.0,3.0,1.0,3.0,0.0,0.0,4H6/D5,,2025
353.0,Luisangel Acuña,23.0,NYM,NL,0.6,95.0,193.0,175.0,30.0,41.0,7.0,0.0,0.0,8.0,16.0,1.0,13.0,37.0,0.234,0.293,0.274,0.567,63.0,0.273,59.0,48.0,6.0,2.0,2.0,1.0,0.0,4H/658,,2025
354.0,Andy Ibáñez,32.0,DET,AL,0.6,91.0,193.0,176.0,24.0,42.0,8.0,0.0,4.0,21.0,4.0,1.0,12.0,26.0,0.239,0.301,0.352,0.653,81.0,0.292,80.0,62.0,6.0,4.0,0.0,1.0,0.0,5H4/3D67,,2025
355.0,Christian Koss,27.0,SFG,NL,1.8,74.0,191.0,174.0,25.0,46.0,9.0,0.0,3.0,23.0,4.0,1.0,9.0,45.0,0.264,0.309,0.368,0.676,94.0,0.317,103.0,64.0,4.0,3.0,3.0,2.0,0.0,4H5/61D,,2025
356.0,Justin Turner,40.0,CHC,NL,-0.1,80.0,191.0,169.0,14.0,37.0,7.0,0.0,3.0,18.0,2.0,0.0,17.0,37.0,0.219,0.288,0.314,0.602,75.0,0.282,81.0,53.0,3.0,1.0,0.0,4.0,0.0,3HD5,,2025
357.0,Amed Rosario,29.0,2TM,2LG,0.3,62.0,191.0,181.0,20.0,50.0,11.0,0.0,6.0,23.0,1.0,0.0,7.0,31.0,0.276,0.309,0.436,0.745,109.0,0.328,109.0,79.0,6.0,2.0,0.0,1.0,0.0,54H/9D16,,2025
357.0,Amed Rosario,29.0,WSN,NL,0.3,46.0,158.0,148.0,19.0,40.0,8.0,0.0,5.0,18.0,1.0,0.0,7.0,22.0,0.27,0.31,0.426,0.736,107.0,0.326,108.0,63.0,5.0,2.0,0.0,1.0,0.0,54H/D169,,2025
357.0,Amed Rosario,29.0,NYY,AL,0.0,16.0,33.0,33.0,1.0,10.0,3.0,0.0,1.0,5.0,0.0,0.0,0.0,9.0,0.303,0.303,0.485,0.788,116.0,0.335,115.0,16.0,1.0,0.0,0.0,0.0,0.0,/59H4,,2025
358.0,Ha-Seong Kim,29.0,2TM,2LG,0.3,48.0,191.0,171.0,19.0,40.0,4.0,0.0,5.0,17.0,6.0,2.0,16.0,39.0,0.234,0.304,0.345,0.649,83.0,0.29,80.0,59.0,2.0,2.0,0.0,2.0,0.0,6/4H,,2025
358.0,Ha-Seong Kim,29.0,TBR,AL,0.1,24.0,93.0,84.0,5.0,18.0,3.0,0.0,2.0,5.0,6.0,1.0,8.0,23.0,0.214,0.29,0.321,0.612,72.0,0.283,69.0,27.0,0.0,1.0,0.0,0.0,0.0,6/4,,2025
358.0,Ha-Seong Kim,29.0,ATL,NL,0.1,24.0,98.0,87.0,14.0,22.0,1.0,0.0,3.0,12.0,0.0,1.0,8.0,16.0,0.253,0.316,0.368,0.684,93.0,0.297,90.0,32.0,2.0,1.0,0.0,2.0,0.0,6/H,,2025
359.0,Matt Thaiss*,30.0,2TM,AL,1.2,60.0,190.0,156.0,16.0,34.0,6.0,1.0,1.0,16.0,1.0,1.0,29.0,46.0,0.218,0.349,0.288,0.638,83.0,0.299,89.0,45.0,2.0,3.0,1.0,1.0,0.0,2/H3D,,2025
359.0,Matt Thaiss*,30.0,CHW,AL,1.1,35.0,110.0,85.0,11.0,18.0,4.0,0.0,1.0,8.0,1.0,1.0,23.0,21.0,0.212,0.382,0.294,0.676,94.0,0.323,108.0,25.0,2.0,1.0,0.0,1.0,0.0,2/H3D,,2025
359.0,Matt Thaiss*,30.0,TBR,AL,0.1,25.0,80.0,71.0,5.0,16.0,2.0,1.0,0.0,8.0,0.0,0.0,6.0,25.0,0.225,0.304,0.282,0.585,66.0,0.265,63.0,20.0,0.0,2.0,1.0,0.0,0.0,2/3H,,2025
360.0,Nick Loftin,26.0,KCR,AL,-0.4,67.0,188.0,168.0,17.0,35.0,9.0,2.0,4.0,20.0,1.0,1.0,14.0,27.0,0.208,0.278,0.357,0.635,77.0,0.273,70.0,60.0,7.0,3.0,1.0,2.0,0.0,7H45/3D,,2025
361.0,Connor Wong,29.0,BOS,AL,-0.6,63.0,188.0,168.0,16.0,32.0,8.0,0.0,0.0,7.0,2.0,1.0,16.0,42.0,0.19,0.262,0.238,0.5,42.0,0.242,46.0,40.0,7.0,1.0,1.0,2.0,0.0,2/H3D,,2025
362.0,Luis Matos,23.0,SFG,NL,-0.2,57.0,184.0,172.0,26.0,38.0,9.0,1.0,8.0,22.0,4.0,0.0,11.0,27.0,0.221,0.266,0.424,0.691,95.0,0.306,93.0,73.0,5.0,0.0,0.0,1.0,0.0,97/8HD,,2025
363.0,Ronny Mauricio#,24.0,NYM,NL,0.7,61.0,184.0,168.0,19.0,38.0,6.0,0.0,6.0,10.0,4.0,0.0,15.0,54.0,0.226,0.293,0.369,0.663,88.0,0.303,89.0,62.0,5.0,1.0,0.0,0.0,1.0,5H/46D,,2025
364.0,Christian Moore,22.0,LAA,AL,0.1,53.0,184.0,162.0,20.0,32.0,5.0,1.0,7.0,16.0,3.0,0.0,19.0,62.0,0.198,0.284,0.37,0.655,81.0,0.289,77.0,60.0,3.0,1.0,1.0,1.0,0.0,4/H,,2025
365.0,Graham Pauley*,24.0,MIA,NL,0.7,62.0,184.0,161.0,18.0,36.0,9.0,1.0,4.0,11.0,2.0,0.0,21.0,36.0,0.224,0.311,0.366,0.678,88.0,0.303,85.0,59.0,1.0,0.0,1.0,1.0,0.0,5/438,,2025
366.0,Jeremiah Jackson,25.0,BAL,AL,0.4,48.0,183.0,170.0,20.0,47.0,10.0,2.0,5.0,21.0,0.0,2.0,11.0,50.0,0.276,0.328,0.447,0.775,117.0,0.329,116.0,76.0,6.0,2.0,0.0,0.0,0.0,95/HD4,,2025
367.0,Sam Haggerty#,31.0,TEX,AL,0.9,64.0,182.0,162.0,31.0,41.0,7.0,3.0,2.0,13.0,12.0,4.0,16.0,37.0,0.253,0.328,0.37,0.698,106.0,0.334,123.0,60.0,1.0,2.0,1.0,0.0,1.0,H78D/49,,2025
368.0,Austin Martin,26.0,MIN,AL,0.7,50.0,181.0,156.0,22.0,44.0,8.0,1.0,1.0,7.0,11.0,4.0,22.0,31.0,0.282,0.374,0.365,0.74,106.0,0.333,107.0,57.0,6.0,1.0,2.0,0.0,0.0,78/H4,,2025
369.0,Austin Hedges,32.0,CLE,AL,-0.4,68.0,180.0,155.0,13.0,25.0,3.0,0.0,5.0,10.0,1.0,2.0,18.0,43.0,0.161,0.25,0.277,0.527,47.0,0.233,40.0,43.0,2.0,1.0,4.0,2.0,0.0,2/1,,2025
370.0,Leody Taveras#,26.0,2TM,AL,-0.5,58.0,180.0,171.0,13.0,35.0,6.0,1.0,3.0,17.0,9.0,3.0,5.0,50.0,0.205,0.226,0.304,0.53,54.0,0.236,50.0,52.0,0.0,0.0,3.0,1.0,0.0,89/H,,2025
370.0,Leody Taveras#,26.0,TEX,AL,0.1,30.0,82.0,79.0,7.0,19.0,3.0,1.0,1.0,8.0,6.0,1.0,2.0,23.0,0.241,0.259,0.342,0.601,76.0,0.268,70.0,27.0,0.0,0.0,1.0,0.0,0.0,8/H,,2025
370.0,Leody Taveras#,26.0,SEA,AL,-0.6,28.0,98.0,92.0,6.0,16.0,3.0,0.0,2.0,9.0,3.0,2.0,3.0,27.0,0.174,0.198,0.272,0.47,35.0,0.21,33.0,25.0,0.0,0.0,2.0,1.0,0.0,9/8H,,2025
371.0,Donovan Solano,37.0,2TM,AL,-0.1,71.0,179.0,166.0,10.0,41.0,4.0,1.0,3.0,21.0,0.0,0.0,8.0,40.0,0.247,0.291,0.337,0.628,82.0,0.28,83.0,56.0,9.0,3.0,0.0,2.0,0.0,3H/45,,2025
371.0,Donovan Solano,37.0,SEA,AL,0.0,69.0,176.0,163.0,10.0,41.0,4.0,1.0,3.0,21.0,0.0,0.0,8.0,38.0,0.252,0.295,0.344,0.639,86.0,0.284,87.0,56.0,9.0,3.0,0.0,2.0,0.0,3H/5,,2025
371.0,Donovan Solano,37.0,TEX,AL,-0.1,2.0,3.0,3.0,0.0,0.0,0.0,0.0,0.0,0.0,0.0,0.0,0.0,2.0,0.0,0.0,0.0,0.0,-100.0,0.0,-118.0,0.0,0.0,0.0,0.0,0.0,0.0,/4,,2025
372.0,Jack Suwinski*,26.0,PIT,NL,-0.3,59.0,178.0,150.0,15.0,22.0,7.0,0.0,3.0,10.0,7.0,1.0,24.0,57.0,0.147,0.281,0.253,0.534,51.0,0.258,51.0,38.0,1.0,4.0,0.0,0.0,1.0,879/HD,,2025
373.0,Alejandro Osuna*,22.0,TEX,AL,0.2,63.0,176.0,151.0,12.0,32.0,4.0,0.0,2.0,15.0,5.0,4.0,21.0,34.0,0.212,0.313,0.278,0.591,77.0,0.264,79.0,42.0,1.0,2.0,0.0,2.0,1.0,79/DH8,,2025
374.0,Miles Mastrobuoni*,29.0,SEA,AL,0.2,76.0,175.0,152.0,20.0,38.0,4.0,0.0,1.0,12.0,6.0,3.0,17.0,29.0,0.25,0.324,0.296,0.62,83.0,0.279,82.0,45.0,2.0,0.0,5.0,1.0,0.0,H5497/13D,,2025
375.0,John Rave*,27.0,KCR,AL,0.1,72.0,175.0,153.0,18.0,30.0,5.0,0.0,4.0,14.0,7.0,2.0,18.0,46.0,0.196,0.283,0.307,0.59,66.0,0.266,61.0,47.0,1.0,1.0,2.0,1.0,0.0,978/HD,,2025
376.0,Tyler Heineman#,34.0,TOR,AL,1.9,61.0,174.0,149.0,25.0,43.0,8.0,1.0,3.0,20.0,2.0,0.0,12.0,31.0,0.289,0.361,0.416,0.777,114.0,0.339,112.0,62.0,1.0,6.0,5.0,2.0,0.0,2/H1,,2025
377.0,Johan Rojas,24.0,PHI,NL,0.5,71.0,172.0,152.0,23.0,34.0,3.0,2.0,1.0,18.0,12.0,2.0,13.0,40.0,0.224,0.28,0.289,0.569,57.0,0.271,53.0,44.0,2.0,0.0,4.0,3.0,0.0,8H/D,,2025
378.0,Blake Perkins#,28.0,MIL,NL,0.3,54.0,171.0,155.0,25.0,35.0,6.0,2.0,3.0,19.0,7.0,2.0,15.0,47.0,0.226,0.298,0.348,0.647,81.0,0.296,81.0,54.0,4.0,1.0,0.0,0.0,0.0,8/HD,,2025
379.0,Hyeseong Kim*,26.0,LAD,NL,1.7,71.0,170.0,161.0,19.0,45.0,6.0,1.0,3.0,17.0,13.0,1.0,7.0,52.0,0.28,0.314,0.385,0.699,95.0,0.335,102.0,62.0,0.0,1.0,1.0,0.0,0.0,4H86,,2025
380.0,José Tena*,24.0,WSN,NL,0.3,50.0,169.0,152.0,19.0,37.0,13.0,2.0,0.0,16.0,3.0,1.0,15.0,37.0,0.243,0.314,0.355,0.669,91.0,0.297,88.0,54.0,4.0,1.0,0.0,1.0,0.0,5/4HD,,2025
381.0,Yohel Pozo,28.0,STL,NL,0.2,67.0,168.0,160.0,16.0,37.0,8.0,0.0,5.0,19.0,0.0,0.0,7.0,22.0,0.231,0.262,0.375,0.637,78.0,0.281,76.0,60.0,4.0,0.0,0.0,1.0,0.0,2H/3D,,2025
382.0,Heston Kjerstad*,26.0,BAL,AL,-1.6,54.0,167.0,156.0,16.0,30.0,5.0,2.0,4.0,19.0,1.0,0.0,6.0,45.0,0.192,0.24,0.327,0.566,58.0,0.253,56.0,51.0,9.0,4.0,0.0,1.0,0.0,79/HD,,2025
383.0,Thairo Estrada,29.0,COL,NL,-0.4,39.0,165.0,154.0,14.0,39.0,9.0,0.0,3.0,21.0,1.0,3.0,6.0,26.0,0.253,0.285,0.37,0.655,73.0,0.286,72.0,57.0,6.0,2.0,0.0,3.0,0.0,4,,2025
384.0,Martín Maldonado,38.0,SDP,NL,-0.2,64.0,161.0,147.0,11.0,30.0,6.0,0.0,4.0,12.0,0.0,0.0,8.0,57.0,0.204,0.245,0.327,0.572,57.0,0.258,53.0,48.0,3.0,0.0,6.0,0.0,0.0,2,,2025
385.0,Austin Slater,32.0,2TM,AL,-0.1,65.0,160.0,148.0,22.0,32.0,6.0,1.0,5.0,13.0,1.0,0.0,11.0,51.0,0.216,0.27,0.372,0.642,78.0,0.289,80.0,55.0,6.0,0.0,1.0,0.0,0.0,79H/D813,,2025
385.0,Austin Slater,32.0,CHW,AL,0.3,51.0,135.0,123.0,20.0,29.0,6.0,1.0,5.0,11.0,1.0,0.0,11.0,35.0,0.236,0.299,0.423,0.721,100.0,0.316,100.0,52.0,5.0,0.0,1.0,0.0,0.0,H97/D83,,2025
385.0,Austin Slater,32.0,NYY,AL,-0.4,14.0,25.0,25.0,2.0,3.0,0.0,0.0,0.0,2.0,0.0,0.0,0.0,16.0,0.12,0.12,0.12,0.24,-32.0,0.142,-25.0,3.0,1.0,0.0,0.0,0.0,0.0,/79H1,,2025
386.0,Denzel Clarke,25.0,ATH,AL,1.0,47.0,159.0,148.0,18.0,34.0,8.0,2.0,3.0,8.0,6.0,0.0,6.0,61.0,0.23,0.274,0.372,0.646,78.0,0.285,69.0,55.0,1.0,3.0,2.0,0.0,0.0,8/H,,2025
387.0,David Fry,29.0,CLE,AL,-0.8,66.0,157.0,146.0,16.0,25.0,4.0,0.0,8.0,23.0,1.0,0.0,9.0,58.0,0.171,0.229,0.363,0.592,61.0,0.256,54.0,53.0,3.0,2.0,0.0,0.0,0.0,DH,,2025
388.0,Kyle Karros,22.0,COL,NL,0.0,43.0,156.0,137.0,20.0,31.0,4.0,0.0,1.0,9.0,0.0,0.0,15.0,41.0,0.226,0.308,0.277,0.585,58.0,0.274,57.0,38.0,5.0,2.0,0.0,2.0,0.0,5/DH,,2025
389.0,Dalton Rushing*,24.0,LAD,NL,0.2,53.0,155.0,142.0,15.0,29.0,5.0,0.0,4.0,24.0,0.0,0.0,10.0,58.0,0.204,0.258,0.324,0.582,63.0,0.263,61.0,46.0,1.0,1.0,0.0,2.0,0.0,2/H3D,,2025
390.0,Jhonkensy Noel,23.0,CLE,AL,-1.4,69.0,153.0,148.0,19.0,24.0,2.0,0.0,6.0,13.0,0.0,0.0,4.0,52.0,0.162,0.183,0.297,0.48,31.0,0.211,22.0,44.0,4.0,0.0,0.0,1.0,0.0,9H/37D,,2025
391.0,Alan Roden*,25.0,2TM,AL,-0.6,55.0,153.0,136.0,17.0,26.0,6.0,1.0,2.0,9.0,1.0,1.0,8.0,37.0,0.191,0.261,0.294,0.556,53.0,0.244,46.0,40.0,0.0,6.0,0.0,3.0,0.0,79/H8,,2025
391.0,Alan Roden*,25.0,TOR,AL,-0.1,43.0,113.0,98.0,12.0,20.0,5.0,1.0,1.0,8.0,0.0,1.0,8.0,24.0,0.204,0.283,0.306,0.589,63.0,0.256,56.0,30.0,0.0,4.0,0.0,3.0,0.0,79/H8,,2025
391.0,Alan Roden*,25.0,MIN,AL,-0.5,12.0,40.0,38.0,5.0,6.0,1.0,0.0,1.0,1.0,1.0,0.0,0.0,13.0,0.158,0.2,0.263,0.463,27.0,0.212,17.0,10.0,0.0,2.0,0.0,0.0,0.0,7/89,,2025
392.0,Jahmai Jones,27.0,DET,AL,0.9,72.0,150.0,129.0,21.0,37.0,11.0,1.0,7.0,23.0,2.0,0.0,18.0,32.0,0.287,0.387,0.55,0.937,157.0,0.403,160.0,71.0,3.0,3.0,0.0,0.0,1.0,HD97/4,,2025
393.0,Bryce Teodosio,26.0,LAA,AL,0.5,50.0,150.0,138.0,12.0,28.0,7.0,2.0,1.0,7.0,7.0,1.0,5.0,47.0,0.203,0.248,0.304,0.553,53.0,0.247,42.0,42.0,2.0,4.0,1.0,2.0,0.0,8,,2025
394.0,Derek Hill,29.0,2TM,2LG,1.1,57.0,149.0,134.0,19.0,29.0,6.0,0.0,3.0,11.0,7.0,0.0,9.0,48.0,0.216,0.281,0.328,0.609,69.0,0.285,66.0,44.0,3.0,3.0,3.0,0.0,0.0,8/HD,,2025
394.0,Derek Hill,29.0,MIA,NL,0.8,53.0,141.0,127.0,19.0,27.0,6.0,0.0,3.0,10.0,7.0,0.0,9.0,46.0,0.213,0.275,0.331,0.606,68.0,0.285,64.0,42.0,3.0,2.0,3.0,0.0,0.0,8/HD,,2025
394.0,Derek Hill,29.0,CHW,AL,0.2,4.0,8.0,7.0,0.0,2.0,0.0,0.0,0.0,1.0,0.0,0.0,0.0,2.0,0.286,0.375,0.286,0.661,90.0,0.3,89.0,2.0,0.0,1.0,0.0,0.0,0.0,/8H,,2025
395.0,Will Wagner*,26.0,2TM,2LG,-0.6,55.0,149.0,129.0,15.0,29.0,7.0,0.0,0.0,7.0,1.0,0.0,17.0,28.0,0.225,0.324,0.279,0.603,70.0,0.297,82.0,36.0,3.0,2.0,1.0,0.0,0.0,5H3/D4,,2025
395.0,Will Wagner*,26.0,TOR,AL,-0.5,40.0,132.0,114.0,13.0,27.0,7.0,0.0,0.0,7.0,1.0,0.0,15.0,26.0,0.237,0.336,0.298,0.634,78.0,0.311,92.0,34.0,2.0,2.0,1.0,0.0,0.0,53/DH4,,2025
395.0,Will Wagner*,26.0,SDP,NL,-0.1,15.0,17.0,15.0,2.0,2.0,0.0,0.0,0.0,0.0,0.0,0.0,2.0,2.0,0.133,0.235,0.133,0.369,6.0,0.188,6.0,2.0,1.0,0.0,0.0,0.0,0.0,H/45,,2025
396.0,Brandon Lockridge,28.0,2TM,NL,0.2,67.0,148.0,134.0,17.0,31.0,7.0,1.0,0.0,11.0,10.0,1.0,8.0,36.0,0.231,0.276,0.299,0.574,60.0,0.266,51.0,40.0,2.0,1.0,3.0,2.0,0.0,78H9/D,,2025
396.0,Brandon Lockridge,28.0,SDP,NL,-0.2,47.0,95.0,88.0,9.0,19.0,4.0,0.0,0.0,5.0,8.0,1.0,4.0,24.0,0.216,0.258,0.261,0.519,45.0,0.247,35.0,23.0,2.0,1.0,2.0,0.0,0.0,78H/9,,2025
396.0,Brandon Lockridge,28.0,MIL,NL,0.4,20.0,53.0,46.0,8.0,12.0,3.0,1.0,0.0,6.0,2.0,0.0,4.0,12.0,0.261,0.308,0.37,0.677,89.0,0.3,80.0,17.0,0.0,0.0,1.0,2.0,0.0,/89H7D,,2025
397.0,James Outman*,28.0,2TM,2LG,-1.0,59.0,148.0,134.0,19.0,18.0,5.0,1.0,6.0,11.0,1.0,0.0,12.0,63.0,0.134,0.216,0.321,0.537,47.0,0.249,48.0,43.0,0.0,2.0,0.0,0.0,0.0,897/HD,,2025
397.0,James Outman*,28.0,LAD,NL,-0.2,22.0,44.0,39.0,8.0,4.0,1.0,0.0,2.0,4.0,0.0,0.0,4.0,18.0,0.103,0.205,0.282,0.487,35.0,0.221,31.0,11.0,0.0,1.0,0.0,0.0,0.0,8/H9,,2025
397.0,James Outman*,28.0,MIN,AL,-0.8,37.0,104.0,95.0,11.0,14.0,4.0,1.0,4.0,7.0,1.0,0.0,8.0,45.0,0.147,0.221,0.337,0.558,51.0,0.26,55.0,32.0,0.0,1.0,0.0,0.0,0.0,897/HD,,2025
398.0,Yanquiel Fernández*,22.0,COL,NL,-0.8,52.0,147.0,138.0,13.0,31.0,5.0,0.0,4.0,11.0,0.0,0.0,8.0,44.0,0.225,0.265,0.348,0.613,62.0,0.269,54.0,48.0,4.0,0.0,0.0,1.0,0.0,D9/H7,,2025
399.0,Warming Bernabel,23.0,COL,NL,0.0,40.0,146.0,139.0,15.0,35.0,8.0,1.0,4.0,14.0,1.0,1.0,7.0,25.0,0.252,0.288,0.41,0.698,84.0,0.311,85.0,57.0,2.0,0.0,0.0,0.0,0.0,3/5DH,,2025
400.0,Joshua Palacios*,29.0,CHW,AL,-1.2,51.0,145.0,128.0,11.0,26.0,4.0,0.0,3.0,9.0,0.0,0.0,12.0,36.0,0.203,0.292,0.305,0.596,68.0,0.276,71.0,39.0,0.0,4.0,1.0,0.0,0.0,97/HD,,2025
401.0,DJ LeMahieu,36.0,NYY,AL,0.6,45.0,142.0,128.0,13.0,34.0,3.0,0.0,2.0,12.0,0.0,0.0,14.0,35.0,0.266,0.338,0.336,0.674,91.0,0.307,95.0,43.0,4.0,0.0,0.0,0.0,0.0,4/H,,2025
402.0,Jake Rogers,30.0,DET,AL,0.2,46.0,142.0,123.0,14.0,23.0,5.0,2.0,3.0,19.0,0.0,0.0,15.0,39.0,0.187,0.277,0.333,0.61,69.0,0.28,73.0,41.0,3.0,1.0,1.0,2.0,0.0,2/1HD,,2025
403.0,Lane Thomas,29.0,CLE,AL,-0.6,39.0,142.0,125.0,10.0,20.0,2.0,0.0,4.0,11.0,4.0,1.0,14.0,44.0,0.16,0.246,0.272,0.518,45.0,0.242,43.0,34.0,4.0,1.0,0.0,2.0,0.0,8/H9D,,2025
404.0,Reese McGuire*,30.0,CHC,NL,0.3,44.0,140.0,133.0,17.0,30.0,2.0,0.0,9.0,24.0,0.0,0.0,4.0,27.0,0.226,0.245,0.444,0.688,94.0,0.289,87.0,59.0,3.0,0.0,1.0,2.0,0.0,2/H1,,2025
405.0,Kyren Paris,23.0,LAA,AL,0.7,44.0,140.0,126.0,20.0,24.0,4.0,1.0,6.0,11.0,7.0,1.0,10.0,59.0,0.19,0.266,0.381,0.647,77.0,0.302,83.0,48.0,1.0,3.0,0.0,0.0,0.0,84/H7D,,2025
406.0,C.J. Kayfus*,23.0,CLE,AL,0.1,44.0,138.0,123.0,16.0,27.0,10.0,1.0,4.0,19.0,4.0,0.0,11.0,38.0,0.22,0.292,0.415,0.707,94.0,0.311,90.0,51.0,0.0,2.0,1.0,1.0,0.0,93/HD,,2025
407.0,Dylan Beavers*,23.0,BAL,AL,1.0,35.0,137.0,110.0,16.0,25.0,5.0,1.0,4.0,14.0,2.0,2.0,26.0,36.0,0.227,0.375,0.4,0.775,120.0,0.346,128.0,44.0,0.0,0.0,1.0,0.0,0.0,79/H,,2025
408.0,Christian Encarnacion-Strand,25.0,CIN,NL,-0.6,36.0,137.0,130.0,13.0,27.0,4.0,0.0,6.0,19.0,0.0,2.0,3.0,32.0,0.208,0.234,0.377,0.61,62.0,0.254,52.0,49.0,1.0,2.0,0.0,2.0,0.0,3/5,,2025
409.0,James McCann,35.0,ARI,NL,1.0,42.0,137.0,123.0,18.0,32.0,6.0,0.0,5.0,17.0,0.0,0.0,8.0,33.0,0.26,0.324,0.431,0.754,107.0,0.334,109.0,53.0,3.0,4.0,1.0,1.0,0.0,2/H3,,2025
410.0,Marcelo Mayer*,22.0,BOS,AL,0.2,44.0,136.0,127.0,20.0,29.0,8.0,1.0,4.0,10.0,0.0,2.0,8.0,41.0,0.228,0.272,0.402,0.674,85.0,0.288,85.0,51.0,2.0,0.0,0.0,1.0,0.0,5/4H6,,2025
411.0,Andruw Monasterio,28.0,MIL,NL,0.8,68.0,135.0,126.0,19.0,34.0,9.0,0.0,4.0,16.0,2.0,1.0,7.0,32.0,0.27,0.319,0.437,0.755,109.0,0.333,110.0,55.0,1.0,2.0,0.0,0.0,0.0,63H4/57,,2025
412.0,Taylor Trammell*,27.0,HOU,AL,-0.2,52.0,135.0,117.0,15.0,23.0,7.0,0.0,3.0,12.0,3.0,2.0,17.0,41.0,0.197,0.296,0.333,0.63,75.0,0.278,73.0,39.0,0.0,0.0,0.0,1.0,0.0,87H/9D,,2025
413.0,Matt Mervis*,27.0,MIA,NL,-0.7,42.0,134.0,120.0,15.0,21.0,4.0,0.0,7.0,14.0,0.0,0.0,11.0,50.0,0.175,0.254,0.383,0.637,74.0,0.288,76.0,46.0,1.0,2.0,0.0,1.0,1.0,3D/H,,2025
414.0,Colby Thomas,24.0,ATH,AL,0.0,49.0,132.0,120.0,20.0,27.0,5.0,0.0,6.0,19.0,2.0,1.0,7.0,49.0,0.225,0.267,0.417,0.684,86.0,0.304,90.0,50.0,3.0,1.0,1.0,3.0,0.0,9H8/7D,,2025
415.0,Adrian Del Castillo*,25.0,ARI,NL,-0.1,44.0,131.0,120.0,9.0,29.0,6.0,0.0,4.0,17.0,0.0,0.0,8.0,47.0,0.242,0.29,0.392,0.682,87.0,0.297,82.0,47.0,2.0,1.0,0.0,2.0,0.0,DH/2,,2025
416.0,Jacob Stallings,35.0,2TM,2LG,-1.3,42.0,129.0,119.0,5.0,16.0,4.0,0.0,0.0,9.0,0.0,0.0,6.0,40.0,0.134,0.195,0.168,0.363,0.0,0.178,-8.0,20.0,5.0,3.0,1.0,0.0,0.0,2/H1,,2025
416.0,Jacob Stallings,35.0,COL,NL,-0.9,28.0,93.0,84.0,4.0,12.0,3.0,0.0,0.0,6.0,0.0,0.0,5.0,31.0,0.143,0.217,0.179,0.396,8.0,0.188,-4.0,15.0,1.0,3.0,1.0,0.0,0.0,2/1H,,2025
416.0,Jacob Stallings,35.0,BAL,AL,-0.4,14.0,36.0,35.0,1.0,4.0,1.0,0.0,0.0,3.0,0.0,0.0,1.0,9.0,0.114,0.139,0.143,0.282,-20.0,0.152,-16.0,5.0,4.0,0.0,0.0,0.0,0.0,2/H,,2025
417.0,Adael Amador#,22.0,COL,NL,-1.2,41.0,128.0,113.0,5.0,20.0,7.0,0.0,1.0,10.0,1.0,1.0,11.0,27.0,0.177,0.256,0.265,0.521,40.0,0.244,36.0,30.0,2.0,1.0,3.0,0.0,0.0,4/H,,2025
418.0,Brendan Rodgers,28.0,HOU,AL,0.0,43.0,128.0,115.0,12.0,22.0,4.0,0.0,2.0,11.0,0.0,1.0,11.0,46.0,0.191,0.266,0.278,0.544,52.0,0.263,63.0,32.0,2.0,1.0,0.0,1.0,0.0,4/HD,,2025
419.0,Ben Rortvedt*,27.0,2TM,2LG,-0.5,44.0,128.0,112.0,9.0,17.0,3.0,0.0,1.0,10.0,0.0,0.0,11.0,23.0,0.152,0.24,0.205,0.445,27.0,0.218,29.0,23.0,1.0,2.0,3.0,0.0,0.0,2,,2025
419.0,Ben Rortvedt*,27.0,TBR,AL,-0.5,26.0,70.0,63.0,2.0,6.0,1.0,0.0,0.0,6.0,0.0,0.0,7.0,14.0,0.095,0.186,0.111,0.297,-13.0,0.163,-11.0,7.0,0.0,0.0,0.0,0.0,0.0,2,,2025
419.0,Ben Rortvedt*,27.0,LAD,NL,0.1,18.0,58.0,49.0,7.0,11.0,2.0,0.0,1.0,4.0,0.0,0.0,4.0,9.0,0.224,0.309,0.327,0.636,79.0,0.289,78.0,16.0,1.0,2.0,3.0,0.0,0.0,2,,2025
420.0,Justyn-Henry Malloy,25.0,DET,AL,-0.2,52.0,127.0,104.0,15.0,23.0,6.0,0.0,1.0,17.0,0.0,0.0,20.0,32.0,0.221,0.346,0.308,0.654,85.0,0.303,90.0,32.0,1.0,1.0,0.0,2.0,0.0,DH9/73,,2025
421.0,Emmanuel Rivera,29.0,BAL,AL,0.1,42.0,127.0,120.0,5.0,30.0,4.0,0.0,0.0,13.0,1.0,0.0,6.0,24.0,0.25,0.291,0.283,0.575,64.0,0.267,66.0,34.0,3.0,1.0,0.0,0.0,0.0,5/3HD1,,2025
422.0,Tyler Wade*,30.0,SDP,NL,-0.6,59.0,127.0,107.0,13.0,22.0,1.0,2.0,0.0,9.0,1.0,2.0,15.0,31.0,0.206,0.309,0.252,0.561,59.0,0.262,61.0,27.0,0.0,1.0,4.0,0.0,0.0,8H7/459D61,,2025
423.0,Mark Canha,36.0,KCR,AL,-1.0,46.0,125.0,113.0,9.0,24.0,3.0,0.0,1.0,6.0,0.0,1.0,7.0,24.0,0.212,0.272,0.265,0.537,52.0,0.237,46.0,30.0,1.0,3.0,0.0,2.0,0.0,7H9/D3,,2025
424.0,Weston Wilson,30.0,PHI,NL,-0.5,52.0,125.0,111.0,15.0,22.0,4.0,0.0,5.0,17.0,2.0,3.0,12.0,34.0,0.198,0.282,0.369,0.652,77.0,0.289,80.0,41.0,1.0,1.0,1.0,0.0,0.0,74/3H1D5,,2025
425.0,Chris Taylor,34.0,2TM,2LG,-0.6,58.0,125.0,113.0,15.0,21.0,7.0,0.0,2.0,12.0,2.0,2.0,5.0,42.0,0.186,0.256,0.301,0.557,55.0,0.243,49.0,34.0,1.0,6.0,0.0,1.0,0.0,78H49/5,,2025
425.0,Chris Taylor,34.0,LAD,NL,-0.6,28.0,35.0,35.0,4.0,7.0,2.0,0.0,0.0,2.0,0.0,1.0,0.0,13.0,0.2,0.2,0.257,0.457,28.0,0.18,13.0,9.0,1.0,0.0,0.0,0.0,0.0,7/8H49,,2025
425.0,Chris Taylor,34.0,LAA,AL,0.0,30.0,90.0,78.0,11.0,14.0,5.0,0.0,2.0,10.0,2.0,1.0,5.0,29.0,0.179,0.278,0.321,0.598,66.0,0.267,64.0,25.0,0.0,6.0,0.0,1.0,0.0,9/4H875,,2025
426.0,Jonah Bride,29.0,2TM,2LG,-0.7,45.0,125.0,112.0,7.0,19.0,2.0,0.0,0.0,5.0,0.0,0.0,11.0,39.0,0.17,0.248,0.188,0.436,24.0,0.223,29.0,21.0,1.0,1.0,0.0,1.0,1.0,5H/3D14,,2025
426.0,Jonah Bride,29.0,MIA,NL,-0.4,12.0,45.0,40.0,3.0,4.0,0.0,0.0,0.0,2.0,0.0,0.0,5.0,15.0,0.1,0.2,0.1,0.3,-13.0,0.161,-16.0,4.0,0.0,0.0,0.0,0.0,1.0,/D35H,,2025
426.0,Jonah Bride,29.0,MIN,AL,-0.3,33.0,80.0,72.0,4.0,15.0,2.0,0.0,0.0,3.0,0.0,0.0,6.0,24.0,0.208,0.275,0.236,0.511,44.0,0.257,54.0,17.0,1.0,1.0,0.0,1.0,0.0,5H/314D,,2025
427.0,Oswaldo Cabrera#,26.0,NYY,AL,0.4,34.0,122.0,107.0,17.0,26.0,4.0,0.0,1.0,11.0,0.0,1.0,11.0,25.0,0.243,0.322,0.308,0.631,79.0,0.302,93.0,33.0,1.0,2.0,1.0,1.0,0.0,5/H379,,2025
428.0,Cody Freeman,24.0,TEX,AL,-0.3,36.0,121.0,114.0,13.0,26.0,4.0,0.0,3.0,15.0,1.0,1.0,5.0,19.0,0.228,0.258,0.342,0.6,75.0,0.264,77.0,39.0,3.0,0.0,1.0,1.0,0.0,4/59HD7,,2025
429.0,Troy Johnston*,28.0,MIA,NL,0.3,44.0,121.0,112.0,12.0,31.0,2.0,1.0,4.0,13.0,2.0,2.0,8.0,26.0,0.277,0.331,0.42,0.75,107.0,0.333,111.0,47.0,1.0,1.0,0.0,0.0,0.0,397/HD,,2025
430.0,Ildemaro Vargas#,33.0,ARI,NL,0.2,38.0,121.0,115.0,12.0,31.0,2.0,1.0,3.0,19.0,0.0,0.0,2.0,15.0,0.27,0.292,0.383,0.674,86.0,0.291,78.0,44.0,3.0,2.0,1.0,1.0,0.0,43/H5D6,,2025
431.0,Braxton Fulford,26.0,COL,NL,-0.2,38.0,120.0,108.0,11.0,23.0,5.0,2.0,1.0,16.0,1.0,0.0,7.0,36.0,0.213,0.267,0.324,0.591,57.0,0.262,47.0,35.0,1.0,2.0,0.0,3.0,0.0,2/DH,,2025
432.0,Samuel Basallo*,20.0,BAL,AL,-0.2,31.0,118.0,109.0,10.0,18.0,6.0,0.0,4.0,15.0,0.0,0.0,6.0,30.0,0.165,0.229,0.33,0.559,56.0,0.245,51.0,36.0,4.0,3.0,0.0,0.0,0.0,2/D3H,,2025
433.0,Rafael Marchán#,26.0,PHI,NL,0.2,42.0,118.0,105.0,9.0,22.0,4.0,0.0,2.0,13.0,0.0,0.0,10.0,17.0,0.21,0.282,0.305,0.587,61.0,0.266,57.0,32.0,1.0,1.0,1.0,1.0,0.0,2/H,,2025
434.0,Tyler Locklear,24.0,ARI,NL,-1.1,31.0,116.0,103.0,11.0,18.0,0.0,0.0,3.0,6.0,3.0,1.0,10.0,43.0,0.175,0.267,0.262,0.529,48.0,0.248,47.0,27.0,3.0,3.0,0.0,0.0,0.0,3/H,,2025
435.0,Chas McCormick,30.0,HOU,AL,-1.0,64.0,116.0,100.0,13.0,21.0,5.0,0.0,1.0,5.0,2.0,3.0,9.0,31.0,0.21,0.279,0.29,0.569,59.0,0.243,50.0,29.0,1.0,1.0,5.0,1.0,0.0,879H/D1,,2025
436.0,Kevin Newman,31.0,LAA,AL,-0.9,56.0,116.0,114.0,13.0,23.0,2.0,0.0,2.0,11.0,1.0,0.0,1.0,23.0,0.202,0.209,0.272,0.481,33.0,0.233,37.0,31.0,5.0,0.0,1.0,0.0,0.0,56/4H13,,2025
437.0,Víctor Robles,28.0,SEA,AL,-0.2,32.0,114.0,106.0,12.0,26.0,4.0,1.0,1.0,9.0,6.0,2.0,3.0,26.0,0.245,0.281,0.33,0.611,77.0,0.282,82.0,35.0,3.0,3.0,0.0,2.0,0.0,9/H8,,2025
438.0,Triston Casas*,25.0,BOS,AL,-0.9,29.0,112.0,99.0,5.0,18.0,3.0,0.0,3.0,11.0,0.0,0.0,11.0,27.0,0.182,0.277,0.303,0.58,62.0,0.263,61.0,30.0,3.0,2.0,0.0,0.0,2.0,3/H,,2025
439.0,Jonatan Clase#,23.0,TOR,AL,-0.2,34.0,112.0,100.0,10.0,21.0,3.0,0.0,2.0,9.0,3.0,1.0,10.0,28.0,0.21,0.288,0.3,0.588,63.0,0.264,57.0,30.0,1.0,1.0,1.0,0.0,0.0,7/8H9D,,2025
440.0,Willie MacIver,28.0,ATH,AL,-0.2,32.0,111.0,102.0,7.0,19.0,5.0,0.0,3.0,9.0,3.0,0.0,7.0,27.0,0.186,0.252,0.324,0.576,59.0,0.259,53.0,33.0,1.0,2.0,0.0,0.0,0.0,2/1,,2025
441.0,Nick Martini*,35.0,COL,NL,-0.2,43.0,111.0,102.0,9.0,23.0,4.0,0.0,1.0,4.0,0.0,0.0,9.0,18.0,0.225,0.288,0.294,0.582,56.0,0.267,52.0,30.0,1.0,0.0,0.0,0.0,1.0,D9H/7,,2025
442.0,Leo Rivas#,27.0,SEA,AL,0.8,48.0,111.0,90.0,19.0,22.0,2.0,0.0,2.0,9.0,6.0,0.0,20.0,24.0,0.244,0.387,0.333,0.721,113.0,0.343,120.0,30.0,1.0,1.0,0.0,0.0,0.0,4H/6D5179,,2025
443.0,Mickey Gasper#,29.0,MIN,AL,-0.3,45.0,110.0,95.0,15.0,15.0,1.0,0.0,2.0,11.0,2.0,0.0,10.0,20.0,0.158,0.257,0.232,0.488,37.0,0.248,44.0,22.0,1.0,3.0,1.0,1.0,0.0,2HD/347,,2025
444.0,Michael Helman,29.0,TEX,AL,1.0,38.0,110.0,99.0,18.0,23.0,5.0,1.0,5.0,20.0,4.0,0.0,7.0,21.0,0.232,0.29,0.455,0.744,115.0,0.33,118.0,45.0,0.0,1.0,3.0,0.0,0.0,8/H6,,2025
445.0,Austin Wynns,34.0,2TM,2LG,1.1,40.0,110.0,103.0,13.0,30.0,8.0,0.0,6.0,21.0,0.0,0.0,5.0,32.0,0.291,0.321,0.544,0.865,132.0,0.371,135.0,56.0,3.0,0.0,1.0,1.0,0.0,2/H3D,,2025
445.0,Austin Wynns,34.0,CIN,NL,0.7,18.0,43.0,40.0,6.0,16.0,3.0,0.0,3.0,11.0,0.0,0.0,3.0,12.0,0.4,0.442,0.7,1.142,203.0,0.482,208.0,28.0,1.0,0.0,0.0,0.0,0.0,2/H3D,,2025
445.0,Austin Wynns,34.0,ATH,AL,0.4,22.0,67.0,63.0,7.0,14.0,5.0,0.0,3.0,10.0,0.0,0.0,2.0,20.0,0.222,0.242,0.444,0.687,85.0,0.299,86.0,28.0,2.0,0.0,1.0,1.0,0.0,2/H,,2025
446.0,Zach Dezenzo,25.0,HOU,AL,0.1,34.0,109.0,98.0,17.0,24.0,6.0,0.0,2.0,10.0,1.0,0.0,11.0,37.0,0.245,0.321,0.367,0.688,92.0,0.313,95.0,36.0,2.0,0.0,0.0,0.0,0.0,79/D3H,,2025
447.0,Drew Gilbert*,24.0,SFG,NL,-0.3,39.0,109.0,100.0,12.0,19.0,5.0,1.0,3.0,13.0,1.0,1.0,7.0,20.0,0.19,0.248,0.35,0.598,70.0,0.267,71.0,35.0,2.0,1.0,0.0,1.0,0.0,9/8H7,,2025
448.0,Hunter Renfroe,33.0,KCR,AL,-1.5,35.0,108.0,99.0,5.0,18.0,6.0,0.0,0.0,4.0,0.0,0.0,8.0,21.0,0.182,0.241,0.242,0.483,37.0,0.216,28.0,24.0,4.0,0.0,0.0,1.0,0.0,9/HD,,2025
449.0,Jon Berti,35.0,CHC,NL,0.2,51.0,107.0,100.0,12.0,21.0,2.0,0.0,0.0,2.0,11.0,3.0,5.0,22.0,0.21,0.262,0.23,0.492,45.0,0.244,48.0,23.0,1.0,2.0,0.0,0.0,0.0,5H4/19D,,2025
450.0,Carson Williams,22.0,TBR,AL,-0.2,32.0,106.0,99.0,11.0,17.0,3.0,0.0,5.0,12.0,2.0,1.0,6.0,44.0,0.172,0.219,0.354,0.573,57.0,0.252,54.0,35.0,3.0,0.0,1.0,0.0,0.0,6/H,,2025
451.0,Cooper Hummel#,30.0,2TM,AL,-0.8,37.0,105.0,88.0,10.0,15.0,0.0,0.0,3.0,7.0,1.0,0.0,14.0,31.0,0.17,0.298,0.273,0.571,61.0,0.269,63.0,24.0,1.0,2.0,1.0,0.0,0.0,7H/D19,,2025
451.0,Cooper Hummel#,30.0,BAL,AL,0.0,1.0,1.0,1.0,0.0,0.0,0.0,0.0,0.0,0.0,0.0,0.0,0.0,1.0,0.0,0.0,0.0,0.0,-100.0,0.0,-136.0,0.0,0.0,0.0,0.0,0.0,0.0,/9,,2025
451.0,Cooper Hummel#,30.0,HOU,AL,-0.7,36.0,104.0,87.0,10.0,15.0,0.0,0.0,3.0,7.0,1.0,0.0,14.0,30.0,0.172,0.301,0.276,0.577,63.0,0.272,65.0,24.0,1.0,2.0,1.0,0.0,0.0,7H/D1,,2025
452.0,Hunter Feduccia*,28.0,2TM,2LG,-0.5,38.0,105.0,88.0,5.0,13.0,5.0,0.0,0.0,8.0,1.0,0.0,15.0,29.0,0.148,0.267,0.205,0.471,36.0,0.227,35.0,18.0,0.0,0.0,0.0,2.0,0.0,2/H3D,,2025
452.0,Hunter Feduccia*,28.0,LAD,NL,0.0,2.0,3.0,2.0,0.0,0.0,0.0,0.0,0.0,0.0,0.0,0.0,1.0,1.0,0.0,0.333,0.0,0.333,5.0,0.232,40.0,0.0,0.0,0.0,0.0,0.0,0.0,/H3,,2025
452.0,Hunter Feduccia*,28.0,TBR,AL,-0.5,36.0,102.0,86.0,5.0,13.0,5.0,0.0,0.0,8.0,1.0,0.0,14.0,28.0,0.151,0.265,0.209,0.474,36.0,0.227,34.0,18.0,0.0,0.0,0.0,2.0,0.0,2/HD,,2025
453.0,Vinny Capra,28.0,2TM,2LG,-0.5,47.0,105.0,96.0,10.0,12.0,2.0,0.0,1.0,6.0,2.0,0.0,3.0,25.0,0.125,0.157,0.177,0.334,-6.0,0.173,-10.0,17.0,5.0,1.0,3.0,2.0,0.0,56H/41D,,2025
453.0,Vinny Capra,28.0,MIL,NL,-0.6,24.0,59.0,54.0,6.0,4.0,0.0,0.0,1.0,4.0,1.0,0.0,2.0,15.0,0.074,0.121,0.13,0.25,-30.0,0.154,-22.0,7.0,4.0,1.0,1.0,1.0,0.0,5/H46D,,2025
453.0,Vinny Capra,28.0,CHW,AL,0.2,23.0,46.0,42.0,4.0,8.0,2.0,0.0,0.0,2.0,1.0,0.0,1.0,10.0,0.19,0.205,0.238,0.443,24.0,0.199,7.0,10.0,1.0,0.0,2.0,1.0,0.0,6/541HD,,2025
454.0,Joey Loperfido*,26.0,TOR,AL,0.6,41.0,104.0,96.0,12.0,32.0,4.0,0.0,4.0,14.0,1.0,2.0,4.0,27.0,0.333,0.379,0.5,0.879,140.0,0.381,150.0,48.0,2.0,3.0,1.0,0.0,0.0,7H/9,,2025
455.0,Nick Sogard#,27.0,BOS,AL,0.1,30.0,104.0,96.0,13.0,25.0,8.0,0.0,0.0,9.0,2.0,1.0,5.0,24.0,0.26,0.317,0.344,0.661,85.0,0.3,88.0,33.0,3.0,3.0,0.0,0.0,0.0,3/54H96,,2025
456.0,Miguel Amaya,26.0,CHC,NL,1.1,28.0,103.0,96.0,14.0,27.0,9.0,0.0,4.0,25.0,0.0,0.0,4.0,22.0,0.281,0.314,0.5,0.814,131.0,0.363,140.0,48.0,0.0,1.0,1.0,1.0,0.0,2/DH,,2025
457.0,Enmanuel Valdéz*,26.0,PIT,NL,0.1,31.0,102.0,91.0,7.0,19.0,4.0,2.0,2.0,12.0,0.0,0.0,11.0,16.0,0.209,0.294,0.363,0.657,82.0,0.292,80.0,33.0,2.0,0.0,0.0,0.0,0.0,3/4H9,,2025
458.0,Zack Gelof,25.0,ATH,AL,-0.1,30.0,101.0,92.0,12.0,16.0,3.0,0.0,2.0,7.0,1.0,2.0,7.0,46.0,0.174,0.23,0.272,0.502,39.0,0.24,48.0,25.0,0.0,0.0,1.0,1.0,0.0,4,,2025
459.0,Gary Sánchez,32.0,BAL,AL,-0.4,29.0,101.0,91.0,13.0,21.0,2.0,0.0,5.0,24.0,0.0,0.0,4.0,27.0,0.231,0.297,0.418,0.715,100.0,0.308,97.0,38.0,2.0,5.0,0.0,1.0,0.0,2/D1H,,2025
460.0,Alex Jackson,29.0,BAL,AL,0.7,36.0,100.0,91.0,17.0,20.0,8.0,0.0,5.0,8.0,0.0,0.0,5.0,37.0,0.22,0.29,0.473,0.763,111.0,0.323,108.0,43.0,2.0,4.0,0.0,0.0,0.0,2/H1D,,2025
461.0,Matt Vierling,28.0,DET,AL,-0.3,31.0,100.0,88.0,6.0,21.0,3.0,0.0,1.0,11.0,2.0,0.0,7.0,24.0,0.239,0.31,0.307,0.617,73.0,0.281,70.0,27.0,1.0,3.0,0.0,2.0,0.0,8/7H59D,,2025
462.0,Carlos Cortes*,28.0,ATH,AL,0.7,42.0,99.0,94.0,11.0,29.0,8.0,1.0,4.0,14.0,0.0,0.0,3.0,20.0,0.309,0.323,0.543,0.866,135.0,0.36,131.0,51.0,3.0,0.0,0.0,2.0,0.0,9H/75D,,2025
463.0,J.C. Escarra*,30.0,NYY,AL,0.1,40.0,98.0,84.0,5.0,17.0,5.0,0.0,2.0,11.0,1.0,0.0,11.0,14.0,0.202,0.296,0.333,0.629,77.0,0.291,81.0,28.0,1.0,1.0,0.0,2.0,0.0,2/3H5D,,2025
464.0,Alex Freeland#,23.0,LAD,NL,0.2,29.0,97.0,84.0,10.0,16.0,2.0,1.0,2.0,6.0,1.0,0.0,11.0,35.0,0.19,0.292,0.31,0.601,70.0,0.276,68.0,26.0,3.0,1.0,1.0,0.0,0.0,54/H,,2025
465.0,Jason Heyward*,35.0,SDP,NL,-0.6,34.0,95.0,85.0,9.0,15.0,2.0,0.0,2.0,12.0,0.0,1.0,6.0,20.0,0.176,0.223,0.271,0.494,37.0,0.22,31.0,23.0,1.0,0.0,0.0,3.0,0.0,7/H98,,2025
466.0,Vidal Bruján#,27.0,3TM,2LG,0.1,60.0,95.0,87.0,14.0,22.0,5.0,0.0,0.0,8.0,2.0,1.0,6.0,21.0,0.253,0.305,0.31,0.616,77.0,0.274,74.0,27.0,1.0,1.0,0.0,1.0,0.0,H56/9748D1,,2025
466.0,Vidal Bruján#,27.0,2TM,NL,0.1,59.0,94.0,86.0,14.0,21.0,5.0,0.0,0.0,8.0,2.0,1.0,6.0,21.0,0.244,0.298,0.302,0.6,73.0,0.268,69.0,26.0,1.0,1.0,0.0,1.0,0.0,H56/974D18,,2025
466.0,Vidal Bruján#,27.0,CHC,NL,-0.4,36.0,47.0,45.0,6.0,10.0,3.0,0.0,0.0,3.0,2.0,1.0,1.0,12.0,0.222,0.234,0.289,0.523,51.0,0.224,42.0,13.0,1.0,0.0,0.0,1.0,0.0,H5/749D68,,2025
466.0,Vidal Bruján#,27.0,BAL,AL,0.1,1.0,1.0,1.0,0.0,1.0,0.0,0.0,0.0,0.0,0.0,0.0,0.0,0.0,1.0,1.0,1.0,2.0,471.0,0.889,536.0,1.0,0.0,0.0,0.0,0.0,0.0,/8,,2025
466.0,Vidal Bruján#,27.0,ATL,NL,0.5,23.0,47.0,41.0,8.0,11.0,2.0,0.0,0.0,5.0,0.0,0.0,5.0,9.0,0.268,0.362,0.317,0.679,95.0,0.311,97.0,13.0,0.0,1.0,0.0,0.0,0.0,6/H591,,2025
467.0,Nasim Nuñez#,24.0,WSN,NL,0.7,39.0,92.0,82.0,13.0,19.0,2.0,0.0,4.0,13.0,9.0,1.0,8.0,20.0,0.232,0.297,0.402,0.699,97.0,0.323,94.0,33.0,1.0,0.0,1.0,1.0,0.0,64H/8D,,2025
468.0,Jeimer Candelario#,31.0,CIN,NL,-0.9,22.0,91.0,80.0,3.0,9.0,2.0,0.0,2.0,10.0,0.0,1.0,9.0,29.0,0.113,0.198,0.213,0.41,12.0,0.185,2.0,17.0,1.0,0.0,0.0,2.0,0.0,5/3D,,2025
469.0,Will Wilson,26.0,CLE,AL,-0.5,34.0,91.0,78.0,7.0,15.0,4.0,0.0,0.0,2.0,2.0,0.0,7.0,34.0,0.192,0.267,0.244,0.511,44.0,0.238,34.0,19.0,1.0,1.0,5.0,0.0,0.0,45/H1D,,2025
470.0,Garrett Hampson,30.0,3TM,NL,-0.4,62.0,91.0,77.0,19.0,11.0,2.0,0.0,0.0,1.0,3.0,1.0,11.0,29.0,0.143,0.25,0.169,0.419,20.0,0.205,14.0,13.0,2.0,0.0,3.0,0.0,0.0,7H48/695D1,,2025
470.0,Garrett Hampson,30.0,ARI,NL,0.1,18.0,41.0,30.0,10.0,5.0,0.0,0.0,0.0,0.0,2.0,1.0,9.0,10.0,0.167,0.359,0.167,0.526,53.0,0.268,61.0,5.0,0.0,0.0,2.0,0.0,0.0,4/H6857,,2025
470.0,Garrett Hampson,30.0,CIN,NL,-0.2,9.0,19.0,18.0,0.0,3.0,1.0,0.0,0.0,0.0,0.0,0.0,1.0,6.0,0.167,0.211,0.222,0.433,18.0,0.187,-1.0,4.0,1.0,0.0,0.0,0.0,0.0,/748H56D,,2025
470.0,Garrett Hampson,30.0,STL,NL,-0.3,35.0,31.0,29.0,9.0,3.0,1.0,0.0,0.0,1.0,1.0,0.0,1.0,13.0,0.103,0.133,0.138,0.271,-23.0,0.133,-38.0,4.0,1.0,0.0,1.0,0.0,0.0,7H/986D145,,2025
471.0,Tim Anderson,32.0,LAA,AL,0.0,31.0,90.0,83.0,8.0,17.0,3.0,0.0,0.0,3.0,1.0,1.0,3.0,29.0,0.205,0.258,0.241,0.499,41.0,0.223,33.0,20.0,1.0,3.0,1.0,0.0,0.0,46/H,,2025
472.0,Nate Eaton,28.0,BOS,AL,0.1,41.0,90.0,81.0,16.0,24.0,4.0,0.0,1.0,4.0,9.0,2.0,6.0,19.0,0.296,0.348,0.383,0.731,105.0,0.334,104.0,31.0,1.0,1.0,1.0,1.0,0.0,95/H871D,,2025
473.0,DaShawn Keirsey Jr.*,28.0,MIN,AL,-1.2,74.0,88.0,84.0,11.0,9.0,0.0,0.0,2.0,6.0,10.0,3.0,2.0,33.0,0.107,0.138,0.179,0.317,-13.0,0.162,-24.0,15.0,1.0,1.0,1.0,0.0,0.0,9H78/D,,2025
474.0,Andrew Knizner,30.0,SFG,NL,0.3,33.0,88.0,77.0,12.0,17.0,1.0,1.0,1.0,5.0,0.0,0.0,7.0,10.0,0.221,0.299,0.299,0.598,73.0,0.312,101.0,23.0,0.0,2.0,1.0,1.0,0.0,2/DH,,2025
475.0,Liover Peguero,24.0,PIT,NL,0.2,33.0,88.0,80.0,9.0,16.0,1.0,0.0,4.0,8.0,4.0,0.0,6.0,25.0,0.2,0.273,0.363,0.635,75.0,0.302,79.0,29.0,3.0,2.0,0.0,0.0,0.0,6/3H4,,2025
476.0,Ronny Simón#,25.0,2TM,NL,-1.2,27.0,88.0,77.0,10.0,18.0,3.0,0.0,0.0,7.0,1.0,0.0,8.0,15.0,0.234,0.299,0.273,0.572,61.0,0.271,62.0,21.0,1.0,0.0,1.0,2.0,0.0,/47D9H6,,2025
476.0,Ronny Simón#,25.0,MIA,NL,-0.7,19.0,56.0,47.0,6.0,11.0,2.0,0.0,0.0,5.0,0.0,0.0,7.0,7.0,0.234,0.327,0.277,0.604,71.0,0.295,80.0,13.0,1.0,0.0,1.0,1.0,0.0,/47D6H,,2025
476.0,Ronny Simón#,25.0,PIT,NL,-0.5,8.0,32.0,30.0,4.0,7.0,1.0,0.0,0.0,2.0,1.0,0.0,1.0,8.0,0.233,0.25,0.267,0.517,45.0,0.231,32.0,8.0,0.0,0.0,0.0,1.0,0.0,/97DH,,2025
477.0,Griffin Conine*,27.0,MIA,NL,0.1,24.0,86.0,79.0,13.0,20.0,7.0,0.0,2.0,8.0,0.0,1.0,7.0,25.0,0.253,0.314,0.418,0.732,101.0,0.325,107.0,33.0,0.0,0.0,0.0,0.0,0.0,7/9DH,,2025
478.0,Tristan Gray*,29.0,TBR,AL,0.2,30.0,86.0,78.0,9.0,18.0,5.0,0.0,3.0,9.0,0.0,0.0,6.0,19.0,0.231,0.282,0.41,0.693,91.0,0.296,86.0,32.0,0.0,0.0,1.0,1.0,0.0,4/635H,,2025
479.0,Brett Harris,27.0,ATH,AL,0.8,32.0,84.0,73.0,11.0,20.0,5.0,0.0,0.0,5.0,1.0,0.0,7.0,21.0,0.274,0.349,0.342,0.692,94.0,0.318,99.0,25.0,1.0,2.0,1.0,1.0,0.0,5/3H,,2025
480.0,Bryce Johnson#,29.0,SDP,NL,0.6,55.0,84.0,76.0,9.0,26.0,4.0,0.0,1.0,8.0,4.0,1.0,3.0,19.0,0.342,0.383,0.434,0.817,127.0,0.375,135.0,33.0,1.0,2.0,3.0,0.0,0.0,78H9,,2025
481.0,Cavan Biggio*,30.0,KCR,AL,-0.2,37.0,83.0,69.0,9.0,12.0,2.0,0.0,1.0,4.0,1.0,0.0,11.0,21.0,0.174,0.296,0.246,0.543,55.0,0.259,56.0,17.0,0.0,1.0,2.0,0.0,0.0,HD/93745,,2025
482.0,Jorge Mateo,30.0,BAL,AL,-0.6,42.0,83.0,79.0,9.0,14.0,4.0,0.0,1.0,3.0,15.0,2.0,4.0,30.0,0.177,0.217,0.266,0.483,36.0,0.243,28.0,21.0,1.0,0.0,0.0,0.0,0.0,H68/4D517,,2025
483.0,Bob Seymour*,26.0,TBR,AL,-0.1,26.0,83.0,78.0,9.0,16.0,1.0,1.0,1.0,5.0,1.0,0.0,4.0,32.0,0.205,0.253,0.282,0.535,50.0,0.25,51.0,22.0,0.0,1.0,0.0,0.0,0.0,3/DH,,2025
484.0,Jesse Winker*,31.0,NYM,NL,0.0,26.0,81.0,70.0,8.0,16.0,5.0,2.0,1.0,10.0,1.0,0.0,9.0,21.0,0.229,0.309,0.4,0.709,100.0,0.305,92.0,28.0,1.0,0.0,0.0,2.0,1.0,D/H7,,2025
485.0,Connor Joe,32.0,2TM,NL,-0.7,42.0,80.0,70.0,2.0,13.0,4.0,0.0,0.0,4.0,2.0,2.0,7.0,20.0,0.186,0.263,0.243,0.505,39.0,0.226,32.0,17.0,2.0,1.0,0.0,2.0,0.0,9H7/3D8,,2025
485.0,Connor Joe,32.0,SDP,NL,-0.2,7.0,10.0,9.0,0.0,0.0,0.0,0.0,0.0,0.0,0.0,0.0,1.0,6.0,0.0,0.1,0.0,0.1,-69.0,0.07,-78.0,0.0,0.0,0.0,0.0,0.0,0.0,/H378D,,2025
485.0,Connor Joe,32.0,CIN,NL,-0.5,35.0,70.0,61.0,2.0,13.0,4.0,0.0,0.0,4.0,2.0,2.0,6.0,14.0,0.213,0.286,0.279,0.564,54.0,0.249,48.0,17.0,2.0,1.0,0.0,2.0,0.0,97H/3D8,,2025
486.0,Jacob Melton*,24.0,HOU,AL,-0.3,32.0,78.0,70.0,7.0,11.0,0.0,1.0,0.0,7.0,7.0,2.0,6.0,29.0,0.157,0.234,0.186,0.419,19.0,0.205,11.0,13.0,2.0,1.0,0.0,0.0,0.0,8/7H9,,2025
487.0,Garrett Mitchell*,26.0,MIL,NL,0.0,25.0,78.0,68.0,9.0,14.0,4.0,1.0,0.0,3.0,3.0,0.0,7.0,25.0,0.206,0.286,0.294,0.58,63.0,0.269,58.0,20.0,0.0,1.0,1.0,1.0,0.0,8/H,,2025
488.0,Hayden Senger,28.0,NYM,NL,-0.2,33.0,78.0,72.0,8.0,13.0,1.0,0.0,0.0,4.0,0.0,0.0,3.0,22.0,0.181,0.221,0.194,0.415,20.0,0.19,11.0,14.0,3.0,1.0,1.0,1.0,0.0,2/H,,2025
489.0,Jhonny Pereda,29.0,2TM,AL,0.3,28.0,78.0,69.0,4.0,17.0,6.0,0.0,0.0,4.0,0.0,0.0,8.0,21.0,0.246,0.325,0.333,0.658,84.0,0.301,88.0,23.0,1.0,0.0,1.0,0.0,0.0,2/1H,,2025
489.0,Jhonny Pereda,29.0,ATH,AL,-0.1,17.0,46.0,40.0,3.0,7.0,2.0,0.0,0.0,3.0,0.0,0.0,6.0,13.0,0.175,0.283,0.225,0.508,45.0,0.257,56.0,9.0,0.0,0.0,0.0,0.0,0.0,2/1H,,2025
489.0,Jhonny Pereda,29.0,MIN,AL,0.4,11.0,32.0,29.0,1.0,10.0,4.0,0.0,0.0,1.0,0.0,0.0,2.0,8.0,0.345,0.387,0.483,0.87,139.0,0.367,135.0,14.0,1.0,0.0,1.0,0.0,0.0,2,,2025
490.0,Jorge Barrosa#,24.0,ARI,NL,-0.7,33.0,77.0,71.0,8.0,10.0,3.0,0.0,1.0,7.0,0.0,0.0,2.0,22.0,0.141,0.169,0.225,0.394,8.0,0.17,-7.0,16.0,1.0,1.0,0.0,3.0,0.0,87/H9D,,2025
491.0,Eric Haase,32.0,MIL,NL,0.2,30.0,77.0,70.0,11.0,16.0,3.0,0.0,2.0,9.0,0.0,0.0,4.0,31.0,0.229,0.289,0.357,0.647,80.0,0.285,76.0,25.0,1.0,2.0,1.0,0.0,0.0,2/DH,,2025
492.0,Johnathan Rodríguez,25.0,CLE,AL,-0.6,31.0,77.0,71.0,6.0,14.0,4.0,1.0,2.0,10.0,1.0,0.0,6.0,22.0,0.197,0.26,0.366,0.626,72.0,0.286,75.0,26.0,2.0,0.0,0.0,0.0,0.0,9/H7D,,2025
493.0,Seth Brown*,32.0,ATH,AL,-0.7,38.0,76.0,65.0,6.0,12.0,2.0,0.0,1.0,3.0,1.0,0.0,9.0,23.0,0.185,0.303,0.262,0.564,60.0,0.265,60.0,17.0,2.0,2.0,0.0,0.0,0.0,H7/89D,,2025
494.0,Blake Dunn,26.0,CIN,NL,-0.1,30.0,75.0,60.0,10.0,9.0,2.0,0.0,1.0,7.0,1.0,1.0,8.0,25.0,0.15,0.32,0.233,0.553,54.0,0.27,60.0,14.0,1.0,7.0,0.0,0.0,0.0,97/8HD,,2025
495.0,Will Robertson*,27.0,2TM,AL,-1.1,27.0,75.0,70.0,2.0,9.0,1.0,0.0,0.0,9.0,0.0,0.0,2.0,27.0,0.129,0.173,0.143,0.316,-10.0,0.149,-22.0,10.0,1.0,2.0,0.0,1.0,0.0,7/9H8D,,2025
495.0,Will Robertson*,27.0,TOR,AL,-0.2,3.0,12.0,10.0,0.0,1.0,0.0,0.0,0.0,1.0,0.0,0.0,1.0,7.0,0.1,0.25,0.1,0.35,3.0,0.191,6.0,1.0,1.0,1.0,0.0,0.0,0.0,/789,,2025
495.0,Will Robertson*,27.0,CHW,AL,-0.8,24.0,63.0,60.0,2.0,8.0,1.0,0.0,0.0,8.0,0.0,0.0,1.0,20.0,0.133,0.159,0.15,0.309,-12.0,0.141,-27.0,9.0,0.0,1.0,0.0,1.0,0.0,7/9HD,,2025
496.0,Jordan Lawlar,22.0,ARI,NL,-0.4,28.0,74.0,66.0,9.0,12.0,7.0,0.0,0.0,5.0,2.0,0.0,6.0,26.0,0.182,0.257,0.288,0.545,51.0,0.251,45.0,19.0,0.0,1.0,0.0,1.0,0.0,5H/D46,,2025
497.0,Blaine Crim,28.0,2TM,2LG,0.0,20.0,74.0,65.0,10.0,13.0,2.0,0.0,5.0,12.0,0.0,0.0,6.0,28.0,0.2,0.27,0.462,0.732,94.0,0.308,86.0,30.0,0.0,1.0,0.0,2.0,0.0,3/DH,,2025
497.0,Blaine Crim,28.0,TEX,AL,-0.2,5.0,13.0,11.0,1.0,0.0,0.0,0.0,0.0,0.0,0.0,0.0,1.0,6.0,0.0,0.154,0.0,0.154,-48.0,0.108,-38.0,0.0,0.0,1.0,0.0,0.0,0.0,/3DH,,2025
497.0,Blaine Crim,28.0,COL,NL,0.3,15.0,61.0,54.0,9.0,13.0,2.0,0.0,5.0,12.0,0.0,0.0,5.0,22.0,0.241,0.295,0.556,0.851,120.0,0.351,112.0,30.0,0.0,0.0,0.0,2.0,0.0,3/D,,2025
498.0,Jacob Amaya,26.0,CHW,AL,-1.0,36.0,73.0,66.0,7.0,7.0,1.0,0.0,0.0,8.0,2.0,0.0,3.0,16.0,0.106,0.139,0.121,0.26,-26.0,0.125,-45.0,8.0,1.0,0.0,1.0,3.0,0.0,6/H14,,2025
499.0,Sean Bouchard,29.0,COL,NL,-0.9,32.0,73.0,66.0,7.0,11.0,0.0,1.0,1.0,7.0,1.0,1.0,7.0,27.0,0.167,0.247,0.242,0.489,32.0,0.235,32.0,16.0,2.0,0.0,0.0,0.0,0.0,9H/D73,,2025
500.0,Andrés Chaparro,26.0,WSN,NL,-0.4,34.0,73.0,66.0,4.0,12.0,2.0,0.0,1.0,5.0,0.0,0.0,5.0,22.0,0.182,0.247,0.258,0.504,44.0,0.231,42.0,17.0,0.0,1.0,0.0,1.0,0.0,3/HD,,2025
501.0,Everson Pereira,24.0,TBR,AL,-0.3,23.0,73.0,65.0,7.0,9.0,1.0,0.0,2.0,8.0,2.0,0.0,7.0,28.0,0.138,0.219,0.246,0.465,31.0,0.227,32.0,16.0,2.0,0.0,0.0,1.0,0.0,8/H9,,2025
502.0,Anthony Seigler*,26.0,MIL,NL,-0.1,34.0,73.0,62.0,6.0,12.0,1.0,0.0,0.0,5.0,2.0,0.0,8.0,16.0,0.194,0.292,0.21,0.501,44.0,0.248,44.0,13.0,2.0,1.0,1.0,1.0,0.0,5H/123D,,2025
503.0,Tim Elko,26.0,CHW,AL,-0.5,23.0,72.0,67.0,6.0,9.0,1.0,0.0,4.0,8.0,1.0,0.0,5.0,30.0,0.134,0.194,0.328,0.523,43.0,0.241,44.0,22.0,1.0,0.0,0.0,0.0,0.0,3/DH,,2025
504.0,Nick Yorke,23.0,PIT,NL,0.3,22.0,72.0,69.0,7.0,16.0,3.0,0.0,1.0,8.0,1.0,0.0,3.0,15.0,0.232,0.264,0.319,0.583,62.0,0.273,64.0,22.0,1.0,0.0,0.0,0.0,0.0,4/395H,,2025
505.0,José Fermín,26.0,STL,NL,0.8,30.0,70.0,60.0,5.0,17.0,5.0,0.0,1.0,9.0,2.0,2.0,8.0,10.0,0.283,0.377,0.417,0.793,125.0,0.358,137.0,25.0,0.0,1.0,1.0,0.0,0.0,4/H579D,,2025
506.0,Matthew Lugo,24.0,LAA,AL,-0.5,31.0,70.0,69.0,9.0,16.0,2.0,1.0,4.0,9.0,0.0,0.0,0.0,24.0,0.232,0.243,0.464,0.707,90.0,0.295,83.0,32.0,3.0,1.0,0.0,0.0,0.0,8H/97,,2025
507.0,Carter Jensen*,21.0,KCR,AL,0.8,20.0,69.0,60.0,12.0,18.0,6.0,0.0,3.0,13.0,0.0,0.0,9.0,12.0,0.3,0.391,0.55,0.941,161.0,0.399,162.0,33.0,1.0,0.0,0.0,0.0,0.0,2D/H,,2025
508.0,Moisés Ballesteros*,21.0,CHC,NL,0.5,20.0,66.0,57.0,12.0,17.0,2.0,1.0,2.0,11.0,0.0,0.0,9.0,12.0,0.298,0.394,0.474,0.868,151.0,0.39,159.0,27.0,2.0,0.0,0.0,0.0,1.0,D/H32,,2025
509.0,Gustavo Campero#,27.0,LAA,AL,-0.3,28.0,66.0,58.0,9.0,10.0,1.0,0.0,3.0,8.0,4.0,1.0,5.0,14.0,0.172,0.273,0.345,0.618,71.0,0.282,69.0,20.0,2.0,3.0,0.0,0.0,0.0,9/H78D,,2025
510.0,Jorbit Vivas*,24.0,NYY,AL,-0.3,29.0,66.0,56.0,6.0,9.0,2.0,0.0,1.0,5.0,0.0,0.0,5.0,13.0,0.161,0.266,0.25,0.516,46.0,0.241,44.0,14.0,0.0,3.0,0.0,0.0,0.0,45/H,,2025
511.0,Nathan Church*,24.0,STL,NL,0.4,27.0,65.0,56.0,9.0,10.0,1.0,0.0,1.0,8.0,1.0,0.0,3.0,18.0,0.179,0.254,0.25,0.504,44.0,0.249,50.0,14.0,0.0,3.0,2.0,1.0,0.0,8/97H,,2025
512.0,Jarred Kelenic*,25.0,ATL,NL,-0.5,24.0,65.0,60.0,7.0,10.0,2.0,0.0,2.0,2.0,0.0,1.0,5.0,23.0,0.167,0.231,0.3,0.531,49.0,0.23,44.0,18.0,1.0,0.0,0.0,0.0,0.0,9/H7D,,2025
513.0,MJ Melendez*,26.0,KCR,AL,-0.6,23.0,65.0,60.0,5.0,5.0,2.0,0.0,1.0,1.0,0.0,0.0,3.0,23.0,0.083,0.154,0.167,0.321,-10.0,0.15,-20.0,10.0,0.0,2.0,0.0,0.0,0.0,7/9HD,,2025
514.0,Nick Maton*,28.0,CHW,AL,-0.1,25.0,63.0,54.0,5.0,9.0,2.0,0.0,2.0,4.0,0.0,1.0,9.0,19.0,0.167,0.286,0.315,0.601,69.0,0.264,69.0,17.0,0.0,0.0,0.0,0.0,0.0,D/H3479,,2025
515.0,Brett Wisely*,26.0,2TM,NL,0.3,26.0,63.0,54.0,5.0,10.0,4.0,0.0,1.0,10.0,1.0,1.0,7.0,14.0,0.185,0.279,0.315,0.594,70.0,0.265,70.0,17.0,0.0,0.0,2.0,0.0,0.0,4/H56D,,2025
515.0,Brett Wisely*,26.0,SFG,NL,0.3,22.0,54.0,48.0,5.0,10.0,4.0,0.0,1.0,10.0,1.0,1.0,4.0,10.0,0.208,0.269,0.354,0.623,78.0,0.27,75.0,17.0,0.0,0.0,2.0,0.0,0.0,4/H56D,,2025
515.0,Brett Wisely*,26.0,ATL,NL,0.0,4.0,9.0,6.0,0.0,0.0,0.0,0.0,0.0,0.0,0.0,0.0,3.0,4.0,0.0,0.333,0.0,0.333,6.0,0.232,41.0,0.0,0.0,0.0,0.0,0.0,0.0,/4H,,2025
516.0,Maximo Acosta,22.0,MIA,NL,0.0,19.0,61.0,54.0,7.0,11.0,1.0,0.0,3.0,5.0,1.0,2.0,6.0,17.0,0.204,0.295,0.389,0.684,88.0,0.305,97.0,21.0,0.0,1.0,0.0,0.0,0.0,5/46,,2025
517.0,Oscar González,27.0,SDP,NL,-0.5,21.0,61.0,59.0,2.0,13.0,1.0,0.0,0.0,4.0,0.0,1.0,2.0,13.0,0.22,0.246,0.237,0.483,35.0,0.209,26.0,14.0,1.0,0.0,0.0,0.0,0.0,7/9HD,,2025
518.0,Sam Hilliard*,31.0,COL,NL,-0.2,20.0,61.0,51.0,8.0,10.0,3.0,1.0,2.0,3.0,2.0,1.0,10.0,23.0,0.196,0.328,0.412,0.74,96.0,0.325,94.0,21.0,1.0,0.0,0.0,0.0,0.0,/7H89D,,2025
519.0,Joey Wiemer,26.0,MIA,NL,0.4,27.0,61.0,55.0,7.0,13.0,2.0,0.0,3.0,12.0,0.0,0.0,2.0,23.0,0.236,0.279,0.436,0.715,95.0,0.297,82.0,24.0,0.0,2.0,0.0,2.0,1.0,9/H7,,2025
520.0,Jonny DeLuca,26.0,TBR,AL,0.6,20.0,59.0,57.0,5.0,19.0,1.0,3.0,0.0,4.0,6.0,0.0,2.0,13.0,0.333,0.356,0.456,0.812,126.0,0.365,119.0,26.0,0.0,0.0,0.0,0.0,0.0,8/HD,,2025
521.0,Ryan Noda*,29.0,2TM,AL,-0.2,23.0,59.0,47.0,3.0,5.0,0.0,0.0,1.0,2.0,1.0,0.0,11.0,25.0,0.106,0.276,0.17,0.446,30.0,0.214,20.0,8.0,0.0,0.0,1.0,0.0,2.0,3/9DH,,2025
521.0,Ryan Noda*,29.0,CHW,AL,-0.3,16.0,45.0,34.0,3.0,3.0,0.0,0.0,1.0,1.0,0.0,0.0,10.0,19.0,0.088,0.295,0.176,0.472,38.0,0.232,37.0,6.0,0.0,0.0,1.0,0.0,1.0,3/D9H,,2025
521.0,Ryan Noda*,29.0,BAL,AL,0.0,7.0,14.0,13.0,0.0,2.0,0.0,0.0,0.0,1.0,1.0,0.0,1.0,6.0,0.154,0.214,0.154,0.368,7.0,0.156,-37.0,2.0,0.0,0.0,0.0,0.0,1.0,/9HD,,2025
522.0,Sam Huff,27.0,SFG,NL,-0.2,20.0,58.0,53.0,5.0,11.0,1.0,0.0,2.0,4.0,0.0,0.0,4.0,25.0,0.208,0.259,0.34,0.598,70.0,0.264,67.0,18.0,2.0,0.0,0.0,1.0,0.0,2,,2025
523.0,Sal Stewart,21.0,CIN,NL,0.5,18.0,58.0,55.0,11.0,14.0,1.0,0.0,5.0,8.0,0.0,0.0,3.0,15.0,0.255,0.293,0.545,0.839,121.0,0.351,115.0,30.0,1.0,0.0,0.0,0.0,0.0,3/5H,,2025
524.0,Endy Rodríguez#,25.0,PIT,NL,-0.5,18.0,57.0,52.0,5.0,9.0,4.0,0.0,0.0,2.0,0.0,1.0,5.0,14.0,0.173,0.246,0.25,0.496,39.0,0.219,35.0,13.0,0.0,0.0,0.0,0.0,0.0,3/2H,,2025
525.0,Tyler Tolbert,27.0,KCR,AL,0.2,64.0,57.0,50.0,19.0,14.0,2.0,0.0,1.0,6.0,21.0,2.0,1.0,11.0,0.28,0.321,0.38,0.701,96.0,0.392,105.0,19.0,1.0,3.0,1.0,2.0,0.0,H87/4695D,,2025
526.0,Daniel Johnson*,29.0,2TM,2LG,0.3,31.0,57.0,53.0,13.0,10.0,3.0,0.0,1.0,1.0,2.0,1.0,4.0,13.0,0.189,0.246,0.302,0.548,56.0,0.256,61.0,16.0,0.0,0.0,0.0,0.0,0.0,H9/87,,2025
526.0,Daniel Johnson*,29.0,SFG,NL,0.2,14.0,31.0,29.0,5.0,5.0,2.0,0.0,1.0,1.0,1.0,0.0,2.0,8.0,0.172,0.226,0.345,0.571,61.0,0.257,57.0,10.0,0.0,0.0,0.0,0.0,0.0,/H897,,2025
526.0,Daniel Johnson*,29.0,BAL,AL,0.1,17.0,26.0,24.0,8.0,5.0,1.0,0.0,0.0,0.0,1.0,1.0,2.0,5.0,0.208,0.269,0.25,0.519,49.0,0.255,66.0,6.0,0.0,0.0,0.0,0.0,0.0,/H798,,2025
527.0,Jerar Encarnación,27.0,SFG,NL,0.0,19.0,56.0,55.0,5.0,11.0,3.0,0.0,2.0,7.0,1.0,0.0,1.0,15.0,0.2,0.214,0.364,0.578,62.0,0.251,55.0,20.0,3.0,0.0,0.0,0.0,0.0,9/H73,,2025
528.0,Zack Short,30.0,HOU,AL,0.0,22.0,56.0,50.0,9.0,11.0,2.0,0.0,2.0,7.0,0.0,1.0,4.0,18.0,0.22,0.291,0.38,0.671,85.0,0.278,78.0,19.0,0.0,1.0,1.0,0.0,0.0,6/HD,,2025
529.0,Stuart Fairchild,29.0,ATL,NL,-0.3,28.0,55.0,51.0,7.0,11.0,4.0,1.0,0.0,2.0,2.0,1.0,4.0,15.0,0.216,0.273,0.333,0.606,70.0,0.281,76.0,17.0,2.0,0.0,0.0,0.0,0.0,9H/D78,,2025
530.0,Jace Jung*,24.0,DET,AL,-0.5,21.0,55.0,47.0,8.0,5.0,0.0,0.0,0.0,3.0,0.0,0.0,7.0,16.0,0.106,0.236,0.106,0.343,1.0,0.181,1.0,5.0,2.0,1.0,0.0,0.0,0.0,5/H,,2025
531.0,Drew Millas#,27.0,WSN,NL,0.2,18.0,55.0,49.0,6.0,15.0,5.0,1.0,0.0,7.0,2.0,0.0,4.0,7.0,0.306,0.358,0.449,0.807,129.0,0.357,126.0,22.0,0.0,0.0,1.0,0.0,0.0,2/DH,,2025
532.0,Luke Maile,34.0,KCR,AL,0.0,25.0,54.0,45.0,6.0,11.0,2.0,0.0,1.0,6.0,1.0,0.0,7.0,16.0,0.244,0.346,0.356,0.702,98.0,0.318,99.0,16.0,1.0,0.0,2.0,0.0,0.0,2/H1,,2025
533.0,Ryan Fitzgerald*,31.0,MIN,AL,0.2,24.0,53.0,46.0,10.0,9.0,0.0,0.0,4.0,9.0,1.0,0.0,7.0,8.0,0.196,0.302,0.457,0.758,106.0,0.331,105.0,21.0,0.0,0.0,0.0,0.0,0.0,/46H513D,,2025
534.0,Luis Vázquez,25.0,BAL,AL,-0.5,32.0,53.0,50.0,6.0,8.0,1.0,0.0,1.0,3.0,2.0,0.0,3.0,14.0,0.16,0.208,0.24,0.448,27.0,0.206,17.0,12.0,0.0,0.0,0.0,0.0,0.0,56/H143D,,2025
535.0,Zach Cole*,24.0,HOU,AL,0.6,15.0,52.0,47.0,9.0,12.0,2.0,0.0,4.0,11.0,3.0,0.0,5.0,20.0,0.255,0.327,0.553,0.88,139.0,0.382,137.0,26.0,0.0,0.0,0.0,0.0,0.0,/798H,,2025
536.0,Bryan De La Cruz,28.0,ATL,NL,-0.2,16.0,50.0,47.0,1.0,9.0,1.0,0.0,0.0,0.0,1.0,0.0,3.0,18.0,0.191,0.24,0.213,0.453,30.0,0.232,37.0,10.0,1.0,0.0,0.0,0.0,0.0,7/H9D,,2025
537.0,Travis Jankowski*,34.0,3TM,2LG,-0.3,25.0,50.0,45.0,8.0,11.0,2.0,0.0,0.0,2.0,2.0,0.0,3.0,12.0,0.244,0.286,0.289,0.575,62.0,0.26,53.0,13.0,0.0,0.0,1.0,1.0,0.0,9H/781D,,2025
537.0,Travis Jankowski*,34.0,2TM,AL,-0.3,21.0,49.0,45.0,7.0,11.0,2.0,0.0,0.0,2.0,2.0,0.0,3.0,12.0,0.244,0.286,0.289,0.575,62.0,0.26,53.0,13.0,0.0,0.0,0.0,1.0,0.0,9/H78,,2025
537.0,Travis Jankowski*,34.0,CHW,AL,-0.2,7.0,15.0,14.0,1.0,3.0,0.0,0.0,0.0,0.0,0.0,0.0,1.0,3.0,0.214,0.267,0.214,0.481,38.0,0.217,29.0,3.0,0.0,0.0,0.0,0.0,0.0,/9H8,,2025
537.0,Travis Jankowski*,34.0,TBR,AL,0.0,14.0,34.0,31.0,6.0,8.0,2.0,0.0,0.0,2.0,2.0,0.0,2.0,9.0,0.258,0.294,0.323,0.617,73.0,0.279,64.0,10.0,0.0,0.0,0.0,1.0,0.0,/97H,,2025
537.0,Travis Jankowski*,34.0,NYM,NL,0.0,4.0,1.0,0.0,1.0,0.0,0.0,0.0,0.0,0.0,0.0,0.0,0.0,0.0,,,,,,,,0.0,0.0,0.0,1.0,0.0,0.0,/H179D,,2025
538.0,Richie Palacios*,28.0,TBR,AL,0.0,17.0,48.0,42.0,10.0,14.0,2.0,0.0,1.0,3.0,4.0,0.0,5.0,9.0,0.333,0.396,0.452,0.848,138.0,0.389,140.0,19.0,3.0,0.0,0.0,1.0,0.0,/473DH9,,2025
539.0,George Valera*,24.0,CLE,AL,-0.1,16.0,48.0,41.0,7.0,9.0,2.0,0.0,2.0,5.0,0.0,0.0,7.0,13.0,0.22,0.333,0.415,0.748,107.0,0.328,108.0,17.0,1.0,0.0,0.0,0.0,0.0,D/9H,,2025
540.0,Maverick Handley,27.0,BAL,AL,-0.9,16.0,47.0,41.0,2.0,3.0,0.0,0.0,0.0,3.0,0.0,0.0,2.0,18.0,0.073,0.133,0.073,0.207,-39.0,0.103,-59.0,3.0,0.0,1.0,2.0,1.0,0.0,2/H,,2025
541.0,Brice Matthews,23.0,HOU,AL,0.3,13.0,47.0,42.0,6.0,7.0,0.0,0.0,4.0,9.0,1.0,0.0,2.0,20.0,0.167,0.222,0.452,0.675,81.0,0.306,87.0,19.0,0.0,1.0,2.0,0.0,0.0,4/H5,,2025
542.0,Jared Young*,29.0,NYM,NL,0.1,22.0,47.0,43.0,5.0,8.0,1.0,0.0,4.0,6.0,0.0,0.0,2.0,16.0,0.186,0.234,0.488,0.722,99.0,0.302,92.0,21.0,1.0,1.0,0.0,1.0,0.0,D/H137,,2025
543.0,Logan Davidson#,27.0,2TM,AL,-0.6,19.0,47.0,42.0,3.0,7.0,2.0,0.0,1.0,4.0,0.0,0.0,3.0,22.0,0.167,0.222,0.286,0.508,40.0,0.218,24.0,12.0,1.0,0.0,2.0,0.0,0.0,3/H514,,2025
543.0,Logan Davidson#,27.0,ATH,AL,-0.3,9.0,24.0,20.0,1.0,3.0,1.0,0.0,0.0,2.0,0.0,0.0,3.0,12.0,0.15,0.261,0.2,0.461,32.0,0.216,23.0,4.0,1.0,0.0,1.0,0.0,0.0,/35H4,,2025
543.0,Logan Davidson#,27.0,LAA,AL,-0.3,10.0,23.0,22.0,2.0,4.0,1.0,0.0,1.0,2.0,0.0,0.0,0.0,10.0,0.182,0.182,0.364,0.545,46.0,0.22,26.0,8.0,0.0,0.0,1.0,0.0,0.0,/3H1,,2025
544.0,Jimmy Crooks*,23.0,STL,NL,-0.3,15.0,46.0,45.0,3.0,6.0,0.0,1.0,1.0,1.0,0.0,0.0,0.0,17.0,0.133,0.152,0.244,0.397,10.0,0.19,12.0,11.0,1.0,1.0,0.0,0.0,0.0,2/DH,,2025
545.0,Austin Barnes,35.0,LAD,NL,-0.3,13.0,44.0,42.0,4.0,9.0,3.0,0.0,0.0,2.0,0.0,0.0,1.0,14.0,0.214,0.233,0.286,0.518,45.0,0.227,34.0,12.0,1.0,0.0,1.0,0.0,0.0,2/3DH,,2025
546.0,Rece Hinds,24.0,CIN,NL,-0.4,15.0,44.0,43.0,6.0,5.0,1.0,0.0,2.0,3.0,0.0,0.0,1.0,21.0,0.116,0.136,0.279,0.415,9.0,0.175,-9.0,12.0,1.0,0.0,0.0,0.0,0.0,9/H,,2025
547.0,Ryan Kreidler,27.0,DET,AL,-0.2,17.0,44.0,38.0,5.0,4.0,0.0,0.0,0.0,0.0,2.0,0.0,4.0,19.0,0.105,0.19,0.105,0.296,-14.0,0.162,-27.0,4.0,0.0,0.0,2.0,0.0,0.0,8,,2025
548.0,Trenton Brooks*,29.0,SDP,NL,-0.5,25.0,43.0,41.0,5.0,6.0,2.0,0.0,1.0,2.0,0.0,0.0,2.0,13.0,0.146,0.186,0.268,0.454,24.0,0.198,13.0,11.0,2.0,0.0,0.0,0.0,0.0,HD/7,,2025
549.0,Denzer Guzmán,21.0,LAA,AL,-0.4,13.0,43.0,42.0,4.0,8.0,1.0,0.0,2.0,3.0,0.0,0.0,1.0,22.0,0.19,0.209,0.357,0.566,54.0,0.24,43.0,15.0,0.0,0.0,0.0,0.0,0.0,6,,2025
550.0,Dustin Harris*,25.0,TEX,AL,0.2,19.0,43.0,40.0,5.0,8.0,3.0,0.0,1.0,2.0,1.0,1.0,3.0,13.0,0.2,0.256,0.35,0.606,77.0,0.258,76.0,14.0,1.0,0.0,0.0,0.0,0.0,/7H89D,,2025
551.0,Kevin Pillar,36.0,TEX,AL,-0.1,20.0,43.0,43.0,6.0,9.0,2.0,0.0,0.0,1.0,3.0,0.0,0.0,8.0,0.209,0.209,0.256,0.465,37.0,0.213,26.0,11.0,0.0,0.0,0.0,0.0,0.0,/8H9D7,,2025
552.0,Alan Trejo,29.0,COL,NL,-0.4,13.0,43.0,40.0,3.0,7.0,2.0,0.0,0.0,1.0,0.0,0.0,1.0,7.0,0.175,0.19,0.225,0.415,11.0,0.183,-9.0,9.0,3.0,0.0,1.0,1.0,0.0,6/1,,2025
553.0,Daz Cameron,28.0,MIL,NL,-0.5,21.0,42.0,41.0,7.0,8.0,1.0,0.0,1.0,3.0,1.0,0.0,1.0,13.0,0.195,0.214,0.293,0.507,40.0,0.229,32.0,12.0,1.0,0.0,0.0,0.0,0.0,9H/7,,2025
554.0,Matt Gorski,27.0,PIT,NL,-0.3,15.0,42.0,41.0,2.0,8.0,0.0,1.0,2.0,4.0,0.0,1.0,1.0,16.0,0.195,0.214,0.39,0.605,64.0,0.241,52.0,16.0,1.0,0.0,0.0,0.0,0.0,3/H87,,2025
555.0,Luken Baker,28.0,STL,NL,-0.1,19.0,41.0,34.0,3.0,8.0,3.0,0.0,0.0,2.0,0.0,0.0,7.0,10.0,0.235,0.366,0.324,0.689,98.0,0.318,102.0,11.0,3.0,0.0,0.0,0.0,0.0,DH/3,,2025
556.0,Kris Bryant,33.0,COL,NL,-0.5,11.0,41.0,39.0,2.0,6.0,2.0,0.0,0.0,1.0,0.0,0.0,2.0,13.0,0.154,0.195,0.205,0.4,7.0,0.183,-7.0,8.0,1.0,0.0,0.0,0.0,0.0,D/H,,2025
557.0,Oliver Dunn*,27.0,MIL,NL,-0.2,14.0,41.0,36.0,4.0,6.0,2.0,0.0,0.0,6.0,1.0,0.0,2.0,11.0,0.167,0.205,0.222,0.427,20.0,0.196,4.0,8.0,0.0,0.0,2.0,1.0,0.0,5/3H,,2025
558.0,Austin Nola,35.0,COL,NL,-0.2,14.0,41.0,38.0,2.0,7.0,1.0,0.0,0.0,1.0,0.0,0.0,2.0,5.0,0.184,0.225,0.211,0.436,18.0,0.199,2.0,8.0,2.0,0.0,1.0,0.0,0.0,2/13DH,,2025
559.0,Yuli Gurriel,41.0,SDP,NL,-0.5,16.0,40.0,36.0,2.0,4.0,1.0,0.0,0.0,3.0,0.0,0.0,4.0,8.0,0.111,0.2,0.139,0.339,-3.0,0.169,-9.0,5.0,0.0,0.0,0.0,0.0,0.0,D/H3,,2025
560.0,Korey Lee,26.0,CHW,AL,0.3,25.0,40.0,35.0,10.0,9.0,3.0,0.0,1.0,3.0,0.0,0.0,4.0,7.0,0.257,0.333,0.429,0.762,112.0,0.375,145.0,15.0,1.0,0.0,1.0,0.0,0.0,2H/D17,,2025
561.0,Jorge Alfaro,32.0,WSN,NL,-0.3,14.0,39.0,39.0,3.0,10.0,2.0,0.0,0.0,3.0,1.0,0.0,0.0,14.0,0.256,0.256,0.308,0.564,60.0,0.271,66.0,12.0,0.0,0.0,0.0,0.0,0.0,2,,2025
562.0,Ryan Bliss,25.0,SEA,AL,-0.2,11.0,39.0,35.0,1.0,7.0,1.0,0.0,1.0,3.0,2.0,2.0,4.0,11.0,0.2,0.282,0.314,0.596,74.0,0.253,73.0,11.0,2.0,0.0,0.0,0.0,0.0,4,,2025
563.0,Cam Devanney,28.0,PIT,NL,-0.5,14.0,38.0,36.0,1.0,5.0,1.0,0.0,0.0,1.0,0.0,1.0,2.0,21.0,0.139,0.184,0.167,0.351,-1.0,0.151,-10.0,6.0,1.0,0.0,0.0,0.0,0.0,5/H,,2025
564.0,Víctor Mesa Jr.*,23.0,MIA,NL,0.1,16.0,38.0,32.0,7.0,6.0,2.0,0.0,1.0,6.0,0.0,0.0,5.0,5.0,0.188,0.297,0.344,0.641,78.0,0.287,74.0,11.0,0.0,0.0,1.0,0.0,0.0,/798H,,2025
565.0,Bryce Eldridge*,20.0,SFG,NL,-0.2,10.0,37.0,28.0,1.0,3.0,2.0,0.0,0.0,4.0,0.0,0.0,7.0,13.0,0.107,0.297,0.179,0.476,42.0,0.243,53.0,5.0,0.0,1.0,0.0,1.0,0.0,/D3,,2025
566.0,Tomás Nido,31.0,DET,AL,-0.1,10.0,37.0,35.0,4.0,12.0,0.0,0.0,0.0,2.0,0.0,0.0,0.0,10.0,0.343,0.361,0.343,0.704,98.0,0.314,97.0,12.0,1.0,1.0,1.0,0.0,0.0,2/1,,2025
567.0,Zac Veen*,23.0,COL,NL,-0.3,12.0,37.0,34.0,1.0,4.0,1.0,0.0,1.0,2.0,1.0,1.0,2.0,14.0,0.118,0.189,0.235,0.424,13.0,0.182,-2.0,8.0,0.0,1.0,0.0,0.0,0.0,/79H,,2025
568.0,José Miranda,27.0,MIN,AL,-0.3,12.0,36.0,36.0,2.0,6.0,0.0,0.0,1.0,5.0,0.0,0.0,0.0,13.0,0.167,0.167,0.25,0.417,13.0,0.177,-4.0,9.0,0.0,0.0,0.0,0.0,0.0,5/H,,2025
569.0,Jose Siri,29.0,NYM,NL,-0.5,16.0,36.0,32.0,7.0,2.0,2.0,0.0,0.0,1.0,2.0,0.0,4.0,17.0,0.063,0.167,0.125,0.292,-15.0,0.16,-17.0,4.0,0.0,0.0,0.0,0.0,0.0,8/H,,2025
570.0,Dominic Fletcher*,27.0,CHW,AL,0.3,12.0,34.0,32.0,5.0,7.0,5.0,0.0,1.0,2.0,1.0,0.0,2.0,2.0,0.219,0.265,0.469,0.733,100.0,0.315,95.0,15.0,1.0,0.0,0.0,0.0,0.0,/987,,2025
571.0,Pablo Reyes,31.0,NYY,AL,-0.5,24.0,34.0,31.0,4.0,6.0,1.0,0.0,0.0,2.0,1.0,0.0,2.0,10.0,0.194,0.242,0.226,0.468,33.0,0.221,24.0,7.0,0.0,0.0,1.0,0.0,0.0,H/94517D,,2025
572.0,Sebastián Rivero,26.0,LAA,AL,0.0,11.0,34.0,33.0,4.0,6.0,2.0,0.0,0.0,2.0,1.0,0.0,1.0,9.0,0.182,0.206,0.242,0.448,24.0,0.252,47.0,8.0,0.0,0.0,0.0,0.0,0.0,2,,2025
573.0,Luke Williams,28.0,ATL,NL,-0.4,39.0,34.0,31.0,5.0,4.0,2.0,0.0,0.0,5.0,5.0,0.0,1.0,9.0,0.129,0.176,0.194,0.37,5.0,0.204,-4.0,6.0,2.0,1.0,0.0,1.0,0.0,6H/15D,,2025
574.0,Aaron Schunk,27.0,COL,NL,-0.3,16.0,33.0,32.0,1.0,6.0,1.0,0.0,0.0,0.0,0.0,0.0,0.0,10.0,0.188,0.188,0.219,0.406,8.0,0.18,-13.0,7.0,1.0,0.0,1.0,0.0,0.0,/64H5D,,2025
575.0,Leo Jiménez,24.0,TOR,AL,-0.3,18.0,32.0,29.0,2.0,2.0,0.0,0.0,1.0,1.0,0.0,0.0,2.0,8.0,0.069,0.129,0.172,0.301,-18.0,0.167,-15.0,5.0,1.0,0.0,1.0,0.0,0.0,4/H6D,,2025
576.0,Shay Whitcomb,26.0,HOU,AL,-0.3,20.0,32.0,32.0,4.0,4.0,0.0,0.0,1.0,1.0,0.0,0.0,0.0,10.0,0.125,0.125,0.219,0.344,-7.0,0.171,-6.0,7.0,0.0,0.0,0.0,0.0,0.0,/45HD7,,2025
577.0,Buddy Kennedy,26.0,3TM,2LG,-0.5,13.0,32.0,29.0,2.0,2.0,1.0,0.0,0.0,1.0,0.0,0.0,2.0,8.0,0.069,0.156,0.103,0.26,-25.0,0.158,-15.0,3.0,0.0,1.0,0.0,0.0,0.0,/53H4D,,2025
577.0,Buddy Kennedy,26.0,2TM,NL,-0.5,11.0,26.0,24.0,1.0,1.0,0.0,0.0,0.0,1.0,0.0,0.0,1.0,7.0,0.042,0.115,0.042,0.157,-53.0,0.121,-41.0,1.0,0.0,1.0,0.0,0.0,0.0,/53HD,,2025
577.0,Buddy Kennedy,26.0,PHI,NL,-0.1,4.0,8.0,7.0,0.0,0.0,0.0,0.0,0.0,0.0,0.0,0.0,1.0,2.0,0.0,0.125,0.0,0.125,-61.0,0.087,-69.0,0.0,0.0,0.0,0.0,0.0,0.0,/35DH,,2025
577.0,Buddy Kennedy,26.0,TOR,AL,-0.1,2.0,6.0,5.0,1.0,1.0,1.0,0.0,0.0,0.0,0.0,0.0,1.0,1.0,0.2,0.333,0.4,0.733,102.0,0.321,100.0,2.0,0.0,0.0,0.0,0.0,0.0,/45,,2025
577.0,Buddy Kennedy,26.0,LAD,NL,-0.3,7.0,18.0,17.0,1.0,1.0,0.0,0.0,0.0,1.0,0.0,0.0,0.0,5.0,0.059,0.111,0.059,0.17,-50.0,0.135,-29.0,1.0,0.0,1.0,0.0,0.0,0.0,/5H,,2025
578.0,Jose Barrero,27.0,STL,NL,-0.1,22.0,31.0,29.0,4.0,4.0,1.0,0.0,1.0,3.0,0.0,0.0,1.0,9.0,0.138,0.194,0.276,0.469,31.0,0.21,26.0,8.0,0.0,1.0,0.0,0.0,0.0,/H48695,,2025
579.0,Carson McCusker,27.0,MIN,AL,-0.6,16.0,30.0,29.0,0.0,5.0,0.0,0.0,0.0,1.0,0.0,1.0,1.0,16.0,0.172,0.2,0.172,0.372,5.0,0.151,-11.0,5.0,0.0,0.0,0.0,0.0,0.0,9/HD,,2025
580.0,Scott Kingery,31.0,LAA,AL,-0.5,19.0,29.0,27.0,3.0,4.0,1.0,0.0,0.0,0.0,1.0,1.0,2.0,11.0,0.148,0.207,0.185,0.392,11.0,0.167,-3.0,5.0,1.0,0.0,0.0,0.0,0.0,/4H8619,,2025
581.0,Nicky Lopez*,30.0,2TM,2LG,-0.4,18.0,28.0,24.0,2.0,1.0,0.0,0.0,0.0,1.0,0.0,0.0,4.0,4.0,0.042,0.179,0.042,0.22,-32.0,0.128,-29.0,1.0,1.0,0.0,0.0,0.0,0.0,5/6H147D,,2025
581.0,Nicky Lopez*,30.0,LAA,AL,-0.2,4.0,6.0,6.0,0.0,0.0,0.0,0.0,0.0,0.0,0.0,0.0,0.0,1.0,0.0,0.0,0.0,0.0,-100.0,0.0,-131.0,0.0,0.0,0.0,0.0,0.0,0.0,/5167,,2025
581.0,Nicky Lopez*,30.0,CHC,NL,-0.3,14.0,22.0,18.0,2.0,1.0,0.0,0.0,0.0,1.0,0.0,0.0,4.0,3.0,0.056,0.227,0.056,0.283,-12.0,0.163,-2.0,1.0,1.0,0.0,0.0,0.0,0.0,5/H64D,,2025
582.0,Owen Caissie*,22.0,CHC,NL,-0.1,12.0,27.0,26.0,4.0,5.0,1.0,0.0,1.0,4.0,0.0,0.0,1.0,11.0,0.192,0.222,0.346,0.568,62.0,0.247,58.0,9.0,0.0,0.0,0.0,0.0,0.0,/9H7D,,2025
583.0,Luis Campusano,26.0,SDP,NL,-0.4,10.0,27.0,21.0,0.0,0.0,0.0,0.0,0.0,0.0,0.0,0.0,6.0,11.0,0.0,0.222,0.0,0.222,-31.0,0.155,-18.0,0.0,2.0,0.0,0.0,0.0,0.0,/DH,,2025
584.0,Mason McCoy,30.0,SDP,NL,-0.1,18.0,26.0,22.0,5.0,3.0,1.0,0.0,0.0,1.0,2.0,0.0,3.0,7.0,0.136,0.269,0.182,0.451,29.0,0.272,52.0,4.0,0.0,1.0,0.0,0.0,0.0,6/H4D,,2025
585.0,Grant McCray*,24.0,SFG,NL,-0.4,22.0,26.0,22.0,3.0,2.0,0.0,1.0,0.0,2.0,0.0,0.0,2.0,11.0,0.091,0.16,0.182,0.342,-2.0,0.155,-14.0,4.0,1.0,0.0,1.0,1.0,0.0,97/H8,,2025
586.0,Ji Hwan Bae*,25.0,PIT,NL,-0.4,13.0,25.0,20.0,4.0,1.0,0.0,0.0,0.0,0.0,4.0,1.0,5.0,9.0,0.05,0.24,0.05,0.29,-12.0,0.19,-4.0,1.0,0.0,0.0,0.0,0.0,0.0,/H78D9,,2025
587.0,Michael Stefanic,29.0,TOR,AL,0.0,9.0,25.0,22.0,1.0,4.0,0.0,0.0,0.0,0.0,0.0,0.0,3.0,3.0,0.182,0.28,0.182,0.462,32.0,0.221,28.0,4.0,0.0,0.0,0.0,0.0,0.0,/4H16,,2025
588.0,David Villar,28.0,SFG,NL,0.0,9.0,25.0,20.0,4.0,4.0,1.0,0.0,0.0,1.0,0.0,0.0,4.0,5.0,0.2,0.36,0.25,0.61,80.0,0.295,89.0,5.0,1.0,1.0,0.0,0.0,0.0,/3H5D,,2025
589.0,Tristin English,28.0,ARI,NL,-0.2,7.0,23.0,22.0,0.0,2.0,1.0,0.0,0.0,1.0,0.0,0.0,1.0,8.0,0.091,0.13,0.136,0.267,-26.0,0.124,-40.0,3.0,0.0,0.0,0.0,0.0,0.0,/3,,2025
590.0,Niko Kavadas*,26.0,LAA,AL,-0.4,10.0,23.0,20.0,0.0,2.0,0.0,0.0,0.0,0.0,0.0,0.0,3.0,10.0,0.1,0.217,0.1,0.317,-7.0,0.167,-10.0,2.0,0.0,0.0,0.0,0.0,0.0,3/1H,,2025
591.0,Esteury Ruiz,26.0,LAD,NL,-0.2,19.0,23.0,21.0,2.0,4.0,0.0,0.0,1.0,2.0,4.0,0.0,2.0,8.0,0.19,0.261,0.333,0.594,66.0,0.304,61.0,7.0,0.0,0.0,0.0,0.0,0.0,7/H9,,2025
592.0,Ali Sánchez,28.0,2TM,AL,-0.2,12.0,23.0,23.0,2.0,5.0,2.0,0.0,0.0,0.0,0.0,0.0,0.0,6.0,0.217,0.217,0.304,0.522,42.0,0.219,27.0,7.0,1.0,0.0,0.0,0.0,0.0,2/H13,,2025
592.0,Ali Sánchez,28.0,TOR,AL,-0.2,8.0,21.0,21.0,2.0,5.0,2.0,0.0,0.0,0.0,0.0,0.0,0.0,5.0,0.238,0.238,0.333,0.571,56.0,0.24,42.0,7.0,1.0,0.0,0.0,0.0,0.0,/213H,,2025
592.0,Ali Sánchez,28.0,BOS,AL,0.0,4.0,2.0,2.0,0.0,0.0,0.0,0.0,0.0,0.0,0.0,0.0,0.0,1.0,0.0,0.0,0.0,0.0,-100.0,0.0,-126.0,0.0,0.0,0.0,0.0,0.0,0.0,/2H,,2025
593.0,Chadwick Tromp,30.0,2TM,2LG,0.1,8.0,22.0,21.0,2.0,3.0,1.0,0.0,1.0,1.0,0.0,0.0,1.0,6.0,0.143,0.182,0.333,0.515,41.0,0.261,62.0,7.0,1.0,0.0,0.0,0.0,0.0,/2,,2025
593.0,Chadwick Tromp,30.0,ATL,NL,0.0,2.0,6.0,5.0,0.0,0.0,0.0,0.0,0.0,0.0,0.0,0.0,1.0,2.0,0.0,0.167,0.0,0.167,-47.0,0.116,-41.0,0.0,1.0,0.0,0.0,0.0,0.0,/2,,2025
593.0,Chadwick Tromp,30.0,BAL,AL,0.1,6.0,16.0,16.0,2.0,3.0,1.0,0.0,1.0,1.0,0.0,0.0,0.0,4.0,0.188,0.188,0.438,0.625,69.0,0.315,102.0,7.0,0.0,0.0,0.0,0.0,0.0,/2,,2025
594.0,Bobby Dalbec,30.0,CHW,AL,0.0,7.0,21.0,18.0,2.0,4.0,1.0,0.0,0.0,1.0,0.0,0.0,3.0,6.0,0.222,0.333,0.278,0.611,75.0,0.279,74.0,5.0,1.0,0.0,0.0,0.0,0.0,/36H5,,2025
595.0,Luis Guillorme*,30.0,HOU,AL,-0.2,12.0,21.0,20.0,2.0,3.0,0.0,0.0,0.0,0.0,0.0,0.0,1.0,8.0,0.15,0.19,0.15,0.34,-3.0,0.16,-15.0,3.0,2.0,0.0,0.0,0.0,0.0,/45H,,2025
596.0,Keston Hiura,28.0,COL,NL,0.0,8.0,21.0,18.0,3.0,4.0,1.0,0.0,0.0,1.0,0.0,0.0,0.0,7.0,0.222,0.333,0.278,0.611,66.0,0.292,70.0,5.0,0.0,3.0,0.0,0.0,0.0,/3,,2025
597.0,Billy McKinney*,30.0,TEX,AL,-0.1,6.0,21.0,20.0,4.0,4.0,1.0,0.0,0.0,1.0,0.0,0.0,1.0,1.0,0.2,0.238,0.25,0.488,45.0,0.261,73.0,5.0,0.0,0.0,0.0,0.0,0.0,/97DH,,2025
598.0,José Azócar,29.0,2TM,NL,0.0,14.0,21.0,19.0,5.0,5.0,0.0,0.0,0.0,1.0,1.0,0.0,2.0,1.0,0.263,0.333,0.263,0.596,73.0,0.288,74.0,5.0,0.0,0.0,0.0,0.0,0.0,/H978D,,2025
598.0,José Azócar,29.0,NYM,NL,0.0,12.0,20.0,18.0,5.0,5.0,0.0,0.0,0.0,1.0,1.0,0.0,2.0,1.0,0.278,0.35,0.278,0.628,83.0,0.302,84.0,5.0,0.0,0.0,0.0,0.0,0.0,/H789,,2025
598.0,José Azócar,29.0,ATL,NL,0.0,2.0,1.0,1.0,0.0,0.0,0.0,0.0,0.0,0.0,0.0,0.0,0.0,0.0,0.0,0.0,0.0,0.0,-100.0,0.0,-117.0,0.0,0.0,0.0,0.0,0.0,0.0,/H9D,,2025
599.0,Manuel Margot,30.0,DET,AL,-0.1,6.0,20.0,19.0,1.0,6.0,0.0,0.0,0.0,3.0,0.0,0.0,0.0,6.0,0.316,0.3,0.316,0.616,72.0,0.262,60.0,6.0,0.0,0.0,0.0,1.0,0.0,/9H,,2025
600.0,Connor Kaiser,28.0,ARI,NL,-0.3,11.0,19.0,18.0,1.0,2.0,1.0,0.0,0.0,2.0,0.0,0.0,1.0,5.0,0.111,0.158,0.167,0.325,-10.0,0.15,-22.0,3.0,1.0,0.0,0.0,0.0,0.0,/4H,,2025
601.0,Michael Siani*,25.0,STL,NL,-0.1,19.0,19.0,17.0,4.0,4.0,0.0,0.0,0.0,0.0,0.0,0.0,2.0,7.0,0.235,0.316,0.235,0.551,60.0,0.263,63.0,4.0,0.0,0.0,0.0,0.0,0.0,8/H,,2025
602.0,Akil Baddoo*,26.0,DET,AL,0.2,7.0,18.0,17.0,0.0,2.0,1.0,0.0,0.0,1.0,1.0,0.0,1.0,5.0,0.118,0.167,0.176,0.343,-4.0,0.17,-17.0,3.0,0.0,0.0,0.0,0.0,0.0,/798H,,2025
603.0,Blake Sabol*,27.0,BOS,AL,-0.2,8.0,18.0,16.0,2.0,2.0,1.0,0.0,0.0,1.0,0.0,0.0,1.0,7.0,0.125,0.167,0.188,0.354,-1.0,0.156,-17.0,3.0,1.0,0.0,0.0,1.0,0.0,/2DH,,2025
604.0,Drew Avans*,29.0,2TM,2LG,-0.4,8.0,18.0,17.0,1.0,2.0,0.0,0.0,0.0,1.0,1.0,0.0,0.0,6.0,0.118,0.111,0.118,0.229,-36.0,0.112,-58.0,2.0,0.0,0.0,0.0,1.0,0.0,/789H,,2025
604.0,Drew Avans*,29.0,ATH,AL,-0.3,7.0,15.0,15.0,1.0,2.0,0.0,0.0,0.0,0.0,1.0,0.0,0.0,5.0,0.133,0.133,0.133,0.267,-25.0,0.135,-44.0,2.0,0.0,0.0,0.0,0.0,0.0,/789H,,2025
604.0,Drew Avans*,29.0,MIL,NL,-0.1,1.0,3.0,2.0,0.0,0.0,0.0,0.0,0.0,1.0,0.0,0.0,0.0,1.0,0.0,0.0,0.0,0.0,-100.0,0.0,-126.0,0.0,0.0,0.0,0.0,1.0,0.0,/7,,2025
605.0,CJ Alexander*,28.0,ATH,AL,-0.2,6.0,17.0,17.0,0.0,3.0,0.0,0.0,0.0,0.0,0.0,0.0,0.0,8.0,0.176,0.176,0.176,0.353,-1.0,0.157,-17.0,3.0,0.0,0.0,0.0,0.0,0.0,/35H79,,2025
606.0,Rafael Flores,24.0,PIT,NL,-0.1,7.0,17.0,15.0,0.0,3.0,2.0,0.0,0.0,0.0,0.0,0.0,2.0,7.0,0.2,0.294,0.333,0.627,75.0,0.282,73.0,5.0,0.0,0.0,0.0,0.0,0.0,/32H,,2025
607.0,Owen Miller,28.0,COL,NL,0.0,9.0,17.0,14.0,0.0,2.0,0.0,0.0,0.0,1.0,1.0,0.0,2.0,4.0,0.143,0.294,0.143,0.437,22.0,0.245,27.0,2.0,0.0,1.0,0.0,0.0,0.0,/4H5D,,2025
608.0,Gage Workman*,25.0,2TM,2LG,-0.3,12.0,17.0,16.0,0.0,3.0,1.0,0.0,0.0,2.0,1.0,0.0,1.0,7.0,0.188,0.235,0.25,0.485,41.0,0.229,35.0,4.0,0.0,0.0,0.0,0.0,0.0,/56HD,,2025
608.0,Gage Workman*,25.0,CHC,NL,-0.2,9.0,15.0,14.0,0.0,3.0,1.0,0.0,0.0,2.0,1.0,0.0,1.0,6.0,0.214,0.267,0.286,0.552,61.0,0.26,56.0,4.0,0.0,0.0,0.0,0.0,0.0,/56DH,,2025
608.0,Gage Workman*,25.0,CHW,AL,-0.1,3.0,2.0,2.0,0.0,0.0,0.0,0.0,0.0,0.0,0.0,0.0,0.0,1.0,0.0,0.0,0.0,0.0,-100.0,0.0,-126.0,0.0,0.0,0.0,0.0,0.0,0.0,/56H,,2025
609.0,Tirso Ornelas*,25.0,SDP,NL,-0.3,7.0,16.0,14.0,0.0,1.0,0.0,0.0,0.0,1.0,0.0,0.0,2.0,2.0,0.071,0.188,0.071,0.259,-24.0,0.143,-26.0,1.0,1.0,0.0,0.0,0.0,0.0,/7H8D,,2025
610.0,César Salazar*,29.0,HOU,AL,-0.1,11.0,16.0,13.0,0.0,3.0,0.0,0.0,0.0,1.0,0.0,0.0,2.0,2.0,0.231,0.375,0.231,0.606,75.0,0.291,81.0,3.0,1.0,1.0,0.0,0.0,0.0,/2HD1,,2025
611.0,Jack Winkler,26.0,MIA,NL,-0.2,14.0,16.0,16.0,2.0,4.0,2.0,0.0,0.0,0.0,1.0,0.0,0.0,4.0,0.25,0.25,0.375,0.625,71.0,0.284,63.0,6.0,0.0,0.0,0.0,0.0,0.0,/4H365,,2025
612.0,Tucker Barnhart*,34.0,TEX,AL,0.0,8.0,15.0,13.0,0.0,3.0,0.0,0.0,0.0,0.0,0.0,0.0,1.0,4.0,0.231,0.333,0.231,0.564,72.0,0.271,81.0,3.0,2.0,1.0,0.0,0.0,0.0,/21,,2025
613.0,Jacob Hurtubise*,27.0,CIN,NL,-0.1,12.0,15.0,12.0,3.0,1.0,0.0,0.0,0.0,0.0,0.0,0.0,1.0,6.0,0.083,0.267,0.083,0.35,2.0,0.204,10.0,1.0,0.0,2.0,0.0,0.0,0.0,/H79,,2025
614.0,Brian Navarreto,30.0,MIA,NL,0.2,8.0,15.0,14.0,3.0,4.0,2.0,0.0,1.0,5.0,0.0,0.0,0.0,3.0,0.286,0.267,0.643,0.91,142.0,0.362,128.0,9.0,0.0,0.0,0.0,1.0,0.0,/2,,2025
615.0,Ryan Vilade,26.0,2TM,NL,-0.1,8.0,15.0,13.0,1.0,1.0,0.0,0.0,0.0,0.0,0.0,0.0,2.0,5.0,0.077,0.2,0.077,0.277,-17.0,0.153,-15.0,1.0,1.0,0.0,0.0,0.0,0.0,/97HD,,2025
615.0,Ryan Vilade,26.0,STL,NL,-0.1,7.0,15.0,13.0,1.0,1.0,0.0,0.0,0.0,0.0,0.0,0.0,2.0,5.0,0.077,0.2,0.077,0.277,-17.0,0.153,-15.0,1.0,1.0,0.0,0.0,0.0,0.0,/9H7D,,2025
615.0,Ryan Vilade,26.0,CIN,NL,0.0,1.0,0.0,0.0,0.0,0.0,0.0,0.0,0.0,0.0,0.0,0.0,0.0,0.0,,,,,,,,0.0,0.0,0.0,0.0,0.0,0.0,/7,,2025
616.0,Greg Allen#,32.0,BAL,AL,-0.4,7.0,14.0,14.0,1.0,0.0,0.0,0.0,0.0,0.0,0.0,1.0,0.0,5.0,0.0,0.0,0.0,0.0,-100.0,-0.035,-127.0,0.0,2.0,0.0,0.0,0.0,0.0,/87H,,2025
617.0,Chad Stevens,26.0,LAA,AL,-0.2,5.0,14.0,13.0,1.0,2.0,0.0,0.0,0.0,0.0,0.0,1.0,0.0,7.0,0.154,0.154,0.154,0.308,-14.0,0.099,-41.0,2.0,0.0,0.0,1.0,0.0,0.0,/45,,2025
618.0,Tyler Black*,24.0,MIL,NL,0.1,5.0,13.0,8.0,1.0,2.0,1.0,0.0,0.0,1.0,0.0,1.0,5.0,1.0,0.25,0.538,0.375,0.913,163.0,0.395,181.0,3.0,0.0,0.0,0.0,0.0,0.0,/H379,,2025
619.0,Will Brennan*,27.0,CLE,AL,-0.2,6.0,13.0,11.0,0.0,1.0,0.0,0.0,0.0,0.0,0.0,1.0,1.0,1.0,0.091,0.231,0.091,0.322,-5.0,0.131,-7.0,1.0,1.0,1.0,0.0,0.0,0.0,/98H,,2025
620.0,Corey Julks,29.0,CHW,AL,0.1,6.0,13.0,12.0,2.0,3.0,2.0,0.0,0.0,1.0,0.0,0.0,0.0,3.0,0.25,0.231,0.417,0.647,76.0,0.251,54.0,5.0,0.0,0.0,0.0,1.0,0.0,/7DH,,2025
621.0,Kevin Alcántara,22.0,CHC,NL,0.1,10.0,12.0,11.0,2.0,4.0,0.0,0.0,0.0,1.0,1.0,0.0,1.0,4.0,0.364,0.417,0.364,0.78,130.0,0.379,137.0,4.0,0.0,0.0,0.0,0.0,0.0,/8H7D9,,2025
622.0,Sandy León#,36.0,ATL,NL,-0.1,5.0,12.0,12.0,1.0,1.0,0.0,0.0,1.0,3.0,0.0,0.0,0.0,4.0,0.083,0.083,0.333,0.417,10.0,0.169,-4.0,4.0,0.0,0.0,0.0,0.0,0.0,/2,,2025
623.0,Vimael Machín*,31.0,BAL,AL,0.1,4.0,12.0,11.0,1.0,1.0,0.0,0.0,1.0,1.0,0.0,0.0,1.0,2.0,0.091,0.167,0.364,0.53,44.0,0.225,37.0,4.0,0.0,0.0,0.0,0.0,0.0,/5,,2025
624.0,Tristan Peters*,25.0,TBR,AL,-0.4,4.0,12.0,12.0,0.0,0.0,0.0,0.0,0.0,0.0,0.0,0.0,0.0,7.0,0.0,0.0,0.0,0.0,-100.0,0.0,-129.0,0.0,0.0,0.0,0.0,0.0,0.0,/8,,2025
625.0,Bryan Ramos,23.0,CHW,AL,0.1,4.0,12.0,12.0,1.0,2.0,2.0,0.0,0.0,2.0,0.0,0.0,0.0,4.0,0.167,0.167,0.333,0.5,35.0,0.206,21.0,4.0,0.0,0.0,0.0,0.0,0.0,/5H,,2025
626.0,Nick Solak,30.0,PIT,NL,-0.5,4.0,11.0,11.0,0.0,1.0,0.0,0.0,0.0,0.0,0.0,0.0,0.0,2.0,0.091,0.091,0.091,0.182,-49.0,0.073,-75.0,1.0,0.0,0.0,0.0,0.0,0.0,/347H,,2025
627.0,Nick Ahmed,35.0,TEX,AL,0.1,5.0,10.0,9.0,1.0,0.0,0.0,0.0,0.0,0.0,1.0,0.0,1.0,3.0,0.0,0.1,0.0,0.1,-66.0,0.182,-1.0,0.0,1.0,0.0,0.0,0.0,0.0,/6,,2025
628.0,Will Banfield,25.0,CIN,NL,-0.2,7.0,10.0,10.0,0.0,1.0,0.0,0.0,0.0,0.0,0.0,0.0,0.0,6.0,0.1,0.1,0.1,0.2,-45.0,0.09,-70.0,1.0,1.0,0.0,0.0,0.0,0.0,/2,,2025
629.0,Coco Montes,28.0,TBR,AL,0.1,5.0,10.0,10.0,0.0,2.0,0.0,0.0,0.0,1.0,0.0,0.0,0.0,3.0,0.2,0.2,0.2,0.4,13.0,0.178,0.0,2.0,0.0,0.0,0.0,0.0,0.0,/457,,2025
630.0,Omar Narváez*,33.0,CHW,AL,0.0,4.0,10.0,7.0,1.0,2.0,0.0,0.0,0.0,3.0,0.0,0.0,2.0,1.0,0.286,0.4,0.286,0.686,98.0,0.305,93.0,2.0,0.0,0.0,0.0,1.0,0.0,/2,,2025
631.0,Rhylan Thomas*,25.0,SEA,AL,0.0,3.0,10.0,8.0,2.0,1.0,1.0,0.0,0.0,2.0,0.0,0.0,1.0,0.0,0.125,0.2,0.25,0.45,30.0,0.282,85.0,2.0,0.0,0.0,0.0,1.0,0.0,/97,,2025
632.0,Jonathan Ornelas,25.0,2TM,2LG,0.1,6.0,10.0,9.0,1.0,2.0,0.0,0.0,0.0,0.0,0.0,0.0,1.0,3.0,0.222,0.3,0.222,0.522,55.0,0.229,45.0,2.0,0.0,0.0,0.0,0.0,0.0,/645,,2025
632.0,Jonathan Ornelas,25.0,TEX,AL,0.0,4.0,6.0,5.0,0.0,0.0,0.0,0.0,0.0,0.0,0.0,0.0,1.0,3.0,0.0,0.167,0.0,0.167,-44.0,0.114,-34.0,0.0,0.0,0.0,0.0,0.0,0.0,/64,,2025
632.0,Jonathan Ornelas,25.0,ATL,NL,0.1,2.0,4.0,4.0,1.0,2.0,0.0,0.0,0.0,0.0,0.0,0.0,0.0,0.0,0.5,0.5,0.5,1.0,184.0,0.402,160.0,2.0,0.0,0.0,0.0,0.0,0.0,/65,,2025
633.0,J.D. Davis,32.0,LAA,AL,-0.2,5.0,9.0,9.0,0.0,1.0,0.0,0.0,0.0,0.0,0.0,0.0,0.0,3.0,0.111,0.111,0.111,0.222,-38.0,0.099,-59.0,1.0,0.0,0.0,0.0,0.0,0.0,/3H5,,2025
634.0,Justin Foscue,26.0,TEX,AL,-0.1,4.0,9.0,9.0,0.0,1.0,1.0,0.0,0.0,2.0,0.0,0.0,0.0,3.0,0.111,0.111,0.222,0.333,-5.0,0.138,-17.0,2.0,0.0,0.0,0.0,0.0,0.0,/3DH,,2025
635.0,Jhostynxon García,22.0,BOS,AL,0.0,5.0,9.0,7.0,0.0,1.0,1.0,0.0,0.0,0.0,0.0,0.0,2.0,5.0,0.143,0.333,0.286,0.619,76.0,0.29,81.0,2.0,0.0,0.0,0.0,0.0,0.0,/79DH,,2025
636.0,Logan Porter,29.0,SFG,NL,0.0,4.0,9.0,7.0,2.0,1.0,0.0,0.0,0.0,1.0,0.0,0.0,1.0,2.0,0.143,0.333,0.143,0.476,44.0,0.258,64.0,1.0,0.0,1.0,0.0,0.0,0.0,/21,,2025
637.0,Jon Singleton*,33.0,HOU,AL,-0.1,3.0,9.0,9.0,0.0,1.0,0.0,0.0,0.0,0.0,0.0,0.0,0.0,1.0,0.111,0.111,0.111,0.222,-38.0,0.099,-59.0,1.0,0.0,0.0,0.0,0.0,0.0,/D3H,,2025
638.0,Brett Sullivan*,31.0,PIT,NL,0.0,3.0,9.0,6.0,1.0,1.0,0.0,0.0,0.0,2.0,0.0,0.0,1.0,3.0,0.167,0.333,0.167,0.5,46.0,0.258,56.0,1.0,0.0,1.0,0.0,1.0,0.0,/2,,2025
639.0,Samad Taylor,26.0,SEA,AL,-0.1,4.0,9.0,8.0,1.0,1.0,0.0,0.0,0.0,0.0,0.0,0.0,0.0,1.0,0.125,0.125,0.125,0.25,-27.0,0.099,-68.0,1.0,0.0,0.0,1.0,0.0,0.0,/98H,,2025
640.0,Donovan Walton*,31.0,PHI,NL,-0.1,2.0,9.0,8.0,1.0,1.0,0.0,0.0,0.0,1.0,0.0,0.0,0.0,1.0,0.125,0.125,0.125,0.25,-31.0,0.113,-70.0,1.0,0.0,0.0,1.0,0.0,0.0,/4,,2025
641.0,Dairon Blanco,32.0,KCR,AL,0.0,9.0,8.0,6.0,2.0,1.0,1.0,0.0,0.0,1.0,3.0,2.0,0.0,2.0,0.167,0.167,0.333,0.5,35.0,0.313,144.0,2.0,0.0,0.0,2.0,0.0,0.0,/H78,,2025
642.0,Harry Ford,22.0,SEA,AL,0.0,8.0,8.0,6.0,1.0,1.0,0.0,0.0,0.0,1.0,0.0,0.0,0.0,3.0,0.167,0.25,0.167,0.417,25.0,0.201,26.0,1.0,0.0,1.0,0.0,1.0,0.0,/2HD,,2025
643.0,Petey Halpin*,23.0,CLE,AL,0.1,6.0,8.0,6.0,5.0,2.0,0.0,0.0,0.0,0.0,0.0,0.0,2.0,2.0,0.333,0.5,0.333,0.833,140.0,0.382,147.0,2.0,0.0,0.0,0.0,0.0,0.0,/8H7,,2025
644.0,Carter Kieboom,27.0,LAA,AL,-0.3,3.0,8.0,8.0,0.0,2.0,0.0,0.0,0.0,1.0,0.0,0.0,0.0,1.0,0.25,0.25,0.25,0.5,40.0,0.222,30.0,2.0,0.0,0.0,0.0,0.0,0.0,/3H,,2025
645.0,Cal Stevenson*,28.0,PHI,NL,-0.2,5.0,8.0,8.0,0.0,2.0,0.0,0.0,0.0,1.0,0.0,0.0,0.0,2.0,0.25,0.25,0.25,0.5,38.0,0.213,20.0,2.0,0.0,0.0,0.0,0.0,0.0,/8H,,2025
646.0,Eddie Rosario*,33.0,2TM,NL,0.0,5.0,8.0,8.0,1.0,1.0,0.0,0.0,0.0,0.0,0.0,0.0,0.0,2.0,0.125,0.125,0.125,0.25,-29.0,0.113,-43.0,1.0,0.0,0.0,0.0,0.0,0.0,/DH9,,2025
646.0,Eddie Rosario*,33.0,LAD,NL,0.0,2.0,4.0,4.0,0.0,1.0,0.0,0.0,0.0,0.0,0.0,0.0,0.0,0.0,0.25,0.25,0.25,0.5,42.0,0.225,36.0,1.0,0.0,0.0,0.0,0.0,0.0,/D,,2025
646.0,Eddie Rosario*,33.0,ATL,NL,0.0,3.0,4.0,4.0,1.0,0.0,0.0,0.0,0.0,0.0,0.0,0.0,0.0,2.0,0.0,0.0,0.0,0.0,-100.0,0.0,-121.0,0.0,0.0,0.0,0.0,0.0,0.0,/H9,,2025
647.0,Rob Brantly*,35.0,MIA,NL,0.0,3.0,7.0,7.0,0.0,3.0,0.0,0.0,0.0,1.0,0.0,0.0,0.0,1.0,0.429,0.429,0.429,0.857,140.0,0.372,136.0,3.0,0.0,0.0,0.0,0.0,0.0,/2,,2025
648.0,Tsung-Che Cheng*,23.0,PIT,NL,0.0,3.0,7.0,7.0,0.0,0.0,0.0,0.0,0.0,0.0,0.0,1.0,0.0,3.0,0.0,0.0,0.0,0.0,-100.0,0.057,-35.0,0.0,0.0,0.0,0.0,0.0,0.0,/64,,2025
649.0,Dom Nuñez*,30.0,CLE,AL,0.0,2.0,7.0,7.0,2.0,2.0,0.0,0.0,0.0,0.0,0.0,0.0,0.0,4.0,0.286,0.286,0.286,0.571,60.0,0.226,34.0,2.0,0.0,0.0,0.0,0.0,0.0,/2,,2025
650.0,Steward Berroa#,26.0,MIL,NL,0.2,2.0,6.0,5.0,0.0,0.0,0.0,0.0,0.0,0.0,1.0,0.0,1.0,2.0,0.0,0.167,0.0,0.167,-47.0,0.308,64.0,0.0,0.0,0.0,0.0,0.0,0.0,/8,,2025
651.0,Tyler Callihan*,25.0,CIN,NL,-0.2,4.0,6.0,6.0,0.0,1.0,0.0,0.0,0.0,1.0,0.0,0.0,0.0,1.0,0.167,0.167,0.167,0.333,-9.0,0.15,-27.0,1.0,0.0,0.0,0.0,0.0,0.0,/74,,2025
652.0,Billy Cook,26.0,PIT,NL,0.0,3.0,6.0,6.0,1.0,2.0,0.0,0.0,0.0,0.0,0.0,0.0,0.0,1.0,0.333,0.333,0.333,0.667,87.0,0.3,86.0,2.0,0.0,0.0,0.0,0.0,0.0,/9H38,,2025
653.0,César Prieto*,26.0,STL,NL,-0.2,3.0,6.0,6.0,0.0,1.0,0.0,0.0,0.0,0.0,0.0,0.0,0.0,5.0,0.167,0.167,0.167,0.333,-5.0,0.134,-27.0,1.0,0.0,0.0,0.0,0.0,0.0,/4HD,,2025
654.0,Jordyn Adams,25.0,BAL,AL,-0.1,10.0,5.0,5.0,1.0,0.0,0.0,0.0,0.0,0.0,0.0,0.0,0.0,2.0,0.0,0.0,0.0,0.0,-100.0,0.0,-125.0,0.0,0.0,0.0,0.0,0.0,0.0,/89H,,2025
655.0,Sergio Alcántara#,28.0,SFG,NL,-0.1,1.0,4.0,4.0,0.0,0.0,0.0,0.0,0.0,0.0,0.0,0.0,0.0,2.0,0.0,0.0,0.0,0.0,-100.0,0.0,-117.0,0.0,0.0,0.0,0.0,0.0,0.0,/56,,2025
656.0,Kenedy Corona,25.0,HOU,AL,0.0,3.0,4.0,2.0,0.0,0.0,0.0,0.0,0.0,0.0,0.0,0.0,2.0,1.0,0.0,0.5,0.0,0.5,58.0,0.343,118.0,0.0,0.0,0.0,0.0,0.0,0.0,/8H,,2025
657.0,Aramis Garcia,32.0,ARI,NL,-0.1,2.0,4.0,4.0,0.0,0.0,0.0,0.0,0.0,0.0,0.0,0.0,0.0,3.0,0.0,0.0,0.0,0.0,-100.0,0.0,-126.0,0.0,0.0,0.0,0.0,0.0,0.0,/2,,2025
658.0,Brewer Hicklen,29.0,DET,AL,0.1,1.0,4.0,3.0,2.0,2.0,0.0,0.0,0.0,0.0,1.0,0.0,1.0,1.0,0.667,0.75,0.667,1.417,301.0,0.653,302.0,2.0,0.0,0.0,0.0,0.0,0.0,/8,,2025
659.0,Trey Lipscomb,25.0,WSN,NL,0.1,3.0,4.0,4.0,1.0,2.0,0.0,0.0,0.0,0.0,0.0,0.0,0.0,1.0,0.5,0.5,0.5,1.0,187.0,0.426,179.0,2.0,0.0,0.0,0.0,0.0,0.0,/356H,,2025
660.0,Drew Romo#,23.0,COL,NL,-0.1,3.0,3.0,3.0,0.0,0.0,0.0,0.0,0.0,0.0,0.0,0.0,0.0,3.0,0.0,0.0,0.0,0.0,-100.0,0.0,-134.0,0.0,0.0,0.0,0.0,0.0,0.0,/H2D,,2025
661.0,CJ Stubbs,28.0,WSN,NL,0.1,1.0,3.0,3.0,0.0,0.0,0.0,0.0,0.0,0.0,0.0,0.0,0.0,0.0,0.0,0.0,0.0,0.0,-100.0,0.0,-120.0,0.0,0.0,0.0,0.0,0.0,0.0,/2,,2025
662.0,David Bañuelos,28.0,BAL,AL,0.0,1.0,2.0,1.0,0.0,0.0,0.0,0.0,0.0,0.0,0.0,0.0,0.0,1.0,0.0,0.5,0.0,0.5,61.0,0.358,135.0,0.0,0.0,1.0,0.0,0.0,0.0,/DH,,2025
663.0,Justin Dean,28.0,LAD,NL,0.0,18.0,2.0,2.0,0.0,0.0,0.0,0.0,0.0,0.0,1.0,0.0,0.0,1.0,0.0,0.0,0.0,0.0,-100.0,0.122,-126.0,0.0,0.0,0.0,0.0,0.0,0.0,8/H,,2025
664.0,Greg Jones#,27.0,CHW,AL,0.0,3.0,2.0,2.0,0.0,0.0,0.0,0.0,0.0,0.0,1.0,0.0,0.0,2.0,0.0,0.0,0.0,0.0,-100.0,0.122,-122.0,0.0,0.0,0.0,0.0,0.0,0.0,/H9,,2025
665.0,Chuckie Robinson,30.0,LAD,NL,0.0,1.0,2.0,1.0,1.0,0.0,0.0,0.0,0.0,0.0,0.0,0.0,0.0,0.0,0.0,0.0,0.0,0.0,-100.0,0.0,-333.0,0.0,0.0,0.0,1.0,0.0,0.0,/2,,2025
666.0,Trevor Rogers*,27.0,BAL,AL,0.0,1.0,2.0,2.0,0.0,0.0,0.0,0.0,0.0,0.0,0.0,0.0,0.0,2.0,0.0,0.0,0.0,0.0,-100.0,0.0,-122.0,0.0,0.0,0.0,0.0,0.0,0.0,1,CYA-9,2025
667.0,Tyler Alexander,30.0,CHW,AL,0.0,1.0,1.0,1.0,0.0,0.0,0.0,0.0,0.0,0.0,0.0,0.0,0.0,0.0,0.0,0.0,0.0,0.0,-100.0,0.0,-136.0,0.0,0.0,0.0,0.0,0.0,0.0,1,,2025
668.0,Jack Leiter,25.0,TEX,AL,0.0,1.0,1.0,1.0,0.0,0.0,0.0,0.0,0.0,0.0,0.0,0.0,0.0,1.0,0.0,0.0,0.0,0.0,-100.0,0.0,-127.0,0.0,0.0,0.0,0.0,0.0,0.0,1/H,ROY-7,2025
669.0,Ryne Nelson,27.0,ARI,NL,0.1,1.0,1.0,1.0,1.0,1.0,0.0,0.0,0.0,1.0,0.0,0.0,0.0,0.0,1.0,1.0,1.0,2.0,459.0,0.901,500.0,1.0,0.0,0.0,0.0,0.0,0.0,1/H,,2025
670.0,Shinnosuke Ogasawara*,27.0,WSN,NL,0.0,1.0,1.0,1.0,0.0,0.0,0.0,0.0,0.0,0.0,0.0,0.0,0.0,1.0,0.0,0.0,0.0,0.0,-100.0,0.0,-117.0,0.0,0.0,0.0,0.0,0.0,0.0,1,,2025
671.0,Colin Rea,34.0,CHC,NL,0.0,1.0,1.0,1.0,0.0,0.0,0.0,0.0,0.0,0.0,0.0,0.0,0.0,1.0,0.0,0.0,0.0,0.0,-100.0,0.0,-108.0,0.0,0.0,0.0,0.0,0.0,0.0,1,,2025
672.0,Garrett Stubbs*,32.0,PHI,NL,0.0,5.0,1.0,1.0,2.0,0.0,0.0,0.0,0.0,0.0,0.0,0.0,0.0,0.0,0.0,0.0,0.0,0.0,-100.0,0.0,-125.0,0.0,0.0,0.0,0.0,0.0,0.0,/DH2,,2025
673.0,Terrin Vavra*,28.0,BAL,AL,0.0,1.0,1.0,1.0,0.0,0.0,0.0,0.0,0.0,0.0,0.0,0.0,0.0,0.0,0.0,0.0,0.0,0.0,-100.0,0.0,-136.0,0.0,0.0,0.0,0.0,0.0,0.0,/4H,,2025
674.0,Bryan Abreu,28.0,HOU,AL,0.0,1.0,0.0,0.0,0.0,0.0,0.0,0.0,0.0,0.0,0.0,0.0,0.0,0.0,,,,,,,,0.0,0.0,0.0,0.0,0.0,0.0,1,,2025
675.0,Zach Agnos,24.0,COL,NL,0.0,1.0,0.0,0.0,0.0,0.0,0.0,0.0,0.0,0.0,0.0,0.0,0.0,0.0,,,,,,,,0.0,0.0,0.0,0.0,0.0,0.0,1,,2025
676.0,Keegan Akin*,30.0,BAL,AL,0.0,2.0,0.0,0.0,0.0,0.0,0.0,0.0,0.0,0.0,0.0,0.0,0.0,0.0,,,,,,,,0.0,0.0,0.0,0.0,0.0,0.0,1,,2025
677.0,Elvis Alvarado,26.0,ATH,AL,0.0,1.0,0.0,0.0,0.0,0.0,0.0,0.0,0.0,0.0,0.0,0.0,0.0,0.0,,,,,,,,0.0,0.0,0.0,0.0,0.0,0.0,1,,2025
678.0,Shawn Armstrong,34.0,TEX,AL,0.0,1.0,0.0,0.0,0.0,0.0,0.0,0.0,0.0,0.0,0.0,0.0,0.0,0.0,,,,,,,,0.0,0.0,0.0,0.0,0.0,0.0,1,,2025
679.0,Luinder Avila,23.0,KCR,AL,0.0,1.0,0.0,0.0,0.0,0.0,0.0,0.0,0.0,0.0,0.0,0.0,0.0,0.0,,,,,,,,0.0,0.0,0.0,0.0,0.0,0.0,1,,2025
680.0,Kyle Backhus*,27.0,ARI,NL,0.0,1.0,0.0,0.0,0.0,0.0,0.0,0.0,0.0,0.0,0.0,0.0,0.0,0.0,,,,,,,,0.0,0.0,0.0,0.0,0.0,0.0,1,,2025
681.0,Bryan Baker,30.0,BAL,AL,0.0,1.0,0.0,0.0,0.0,0.0,0.0,0.0,0.0,0.0,0.0,0.0,0.0,0.0,,,,,,,,0.0,0.0,0.0,0.0,0.0,0.0,1,,2025
682.0,Anthony Banda*,31.0,LAD,NL,0.0,1.0,0.0,0.0,0.0,0.0,0.0,0.0,0.0,0.0,0.0,0.0,0.0,0.0,,,,,,,,0.0,0.0,0.0,0.0,0.0,0.0,1,,2025
683.0,Félix Bautista,30.0,BAL,AL,0.0,1.0,0.0,0.0,0.0,0.0,0.0,0.0,0.0,0.0,0.0,0.0,0.0,0.0,,,,,,,,0.0,0.0,0.0,0.0,0.0,0.0,1,,2025
684.0,Brennan Bernardino*,33.0,BOS,AL,0.0,1.0,0.0,0.0,0.0,0.0,0.0,0.0,0.0,0.0,0.0,0.0,0.0,0.0,,,,,,,,0.0,0.0,0.0,0.0,0.0,0.0,1,,2025
685.0,Jake Bird,29.0,COL,NL,0.0,1.0,0.0,0.0,0.0,0.0,0.0,0.0,0.0,0.0,0.0,0.0,0.0,0.0,,,,,,,,0.0,0.0,0.0,0.0,0.0,0.0,1,,2025
686.0,Hayden Birdsong,23.0,SFG,NL,0.0,1.0,0.0,0.0,0.0,0.0,0.0,0.0,0.0,0.0,0.0,0.0,0.0,0.0,,,,,,,,0.0,0.0,0.0,0.0,0.0,0.0,1,,2025
687.0,Matt Bowman,34.0,BAL,AL,0.0,1.0,0.0,0.0,0.0,0.0,0.0,0.0,0.0,0.0,0.0,0.0,0.0,0.0,,,,,,,,0.0,0.0,0.0,0.0,0.0,0.0,1,,2025
688.0,John Brebbia*,35.0,DET,AL,0.0,1.0,0.0,0.0,0.0,0.0,0.0,0.0,0.0,0.0,0.0,0.0,0.0,0.0,,,,,,,,0.0,0.0,0.0,0.0,0.0,0.0,1,,2025
689.0,Yennier Cano,31.0,BAL,AL,0.0,1.0,0.0,0.0,0.0,0.0,0.0,0.0,0.0,0.0,0.0,0.0,0.0,0.0,,,,,,,,0.0,0.0,0.0,0.0,0.0,0.0,1,,2025
690.0,José Castillo*,29.0,SEA,AL,0.0,1.0,0.0,0.0,0.0,0.0,0.0,0.0,0.0,0.0,0.0,0.0,0.0,0.0,,,,,,,,0.0,0.0,0.0,0.0,0.0,0.0,/1,,2025
691.0,Cade Cavalli,26.0,WSN,NL,0.0,1.0,0.0,0.0,0.0,0.0,0.0,0.0,0.0,0.0,0.0,0.0,0.0,0.0,,,,,,,,0.0,0.0,0.0,0.0,0.0,0.0,1,,2025
692.0,Aroldis Chapman*,37.0,BOS,AL,0.0,2.0,0.0,0.0,0.0,0.0,0.0,0.0,0.0,0.0,0.0,0.0,0.0,0.0,,,,,,,,0.0,0.0,0.0,0.0,0.0,0.0,1,"AS,CYA-7,MVP-18",2025
693.0,Angel Chivilli,22.0,COL,NL,0.0,1.0,0.0,0.0,0.0,0.0,0.0,0.0,0.0,0.0,0.0,0.0,0.0,0.0,,,,,,,,0.0,0.0,0.0,0.0,0.0,0.0,1,,2025
694.0,Taylor Clarke,32.0,KCR,AL,0.0,3.0,0.0,0.0,0.0,0.0,0.0,0.0,0.0,0.0,0.0,0.0,0.0,0.0,,,,,,,,0.0,0.0,0.0,0.0,0.0,0.0,1,,2025
695.0,Emmanuel Clase,27.0,CLE,AL,0.0,1.0,0.0,0.0,0.0,0.0,0.0,0.0,0.0,0.0,0.0,0.0,0.0,0.0,,,,,,,,0.0,0.0,0.0,0.0,0.0,0.0,1,,2025
696.0,Steven Cruz,26.0,KCR,AL,0.0,1.0,0.0,0.0,0.0,0.0,0.0,0.0,0.0,0.0,0.0,0.0,0.0,0.0,,,,,,,,0.0,0.0,0.0,0.0,0.0,0.0,1,,2025
697.0,John Curtiss,32.0,ARI,NL,0.0,1.0,0.0,0.0,0.0,0.0,0.0,0.0,0.0,0.0,0.0,0.0,0.0,0.0,,,,,,,,0.0,0.0,0.0,0.0,0.0,0.0,1,,2025
698.0,Luis Curvelo,24.0,TEX,AL,0.0,1.0,0.0,0.0,0.0,0.0,0.0,0.0,0.0,0.0,0.0,0.0,0.0,0.0,,,,,,,,0.0,0.0,0.0,0.0,0.0,0.0,1,,2025
699.0,Enyel De Los Santos,29.0,HOU,AL,0.0,1.0,0.0,0.0,0.0,0.0,0.0,0.0,0.0,0.0,0.0,0.0,0.0,0.0,,,,,,,,0.0,0.0,0.0,0.0,0.0,0.0,1,,2025
700.0,Yerry De los Santos,27.0,NYY,AL,0.0,1.0,0.0,0.0,0.0,0.0,0.0,0.0,0.0,0.0,0.0,0.0,0.0,0.0,,,,,,,,0.0,0.0,0.0,0.0,0.0,0.0,1,,2025
701.0,Edwin Díaz,31.0,NYM,NL,0.0,1.0,0.0,0.0,0.0,0.0,0.0,0.0,0.0,0.0,0.0,0.0,0.0,0.0,,,,,,,,0.0,0.0,0.0,0.0,0.0,0.0,1,AS,2025
702.0,Seranthony Domínguez,30.0,BAL,AL,0.0,2.0,0.0,0.0,0.0,0.0,0.0,0.0,0.0,0.0,0.0,0.0,0.0,0.0,,,,,,,,0.0,0.0,0.0,0.0,0.0,0.0,1,,2025
703.0,Jhoan Duran,27.0,MIN,AL,0.0,3.0,0.0,0.0,0.0,0.0,0.0,0.0,0.0,0.0,0.0,0.0,0.0,0.0,,,,,,,,0.0,0.0,0.0,0.0,0.0,0.0,1,,2025
704.0,Dietrich Enns*,34.0,BAL,AL,0.0,1.0,0.0,0.0,0.0,0.0,0.0,0.0,0.0,0.0,0.0,0.0,0.0,0.0,,,,,,,,0.0,0.0,0.0,0.0,0.0,0.0,1,,2025
705.0,Lucas Erceg*,30.0,KCR,AL,0.0,2.0,0.0,0.0,0.0,0.0,0.0,0.0,0.0,0.0,0.0,0.0,0.0,0.0,,,,,,,,0.0,0.0,0.0,0.0,0.0,0.0,1,,2025
706.0,Carlos Estévez,32.0,KCR,AL,0.0,5.0,0.0,0.0,0.0,0.0,0.0,0.0,0.0,0.0,0.0,0.0,0.0,0.0,,,,,,,,0.0,0.0,0.0,0.0,0.0,0.0,1,AS,2025
707.0,Tyler Ferguson,31.0,ATH,AL,0.0,1.0,0.0,0.0,0.0,0.0,0.0,0.0,0.0,0.0,0.0,0.0,0.0,0.0,,,,,,,,0.0,0.0,0.0,0.0,0.0,0.0,1,,2025
708.0,Jose A. Ferrer*,25.0,WSN,NL,0.0,1.0,0.0,0.0,0.0,0.0,0.0,0.0,0.0,0.0,0.0,0.0,0.0,0.0,,,,,,,,0.0,0.0,0.0,0.0,0.0,0.0,1,,2025
709.0,Matt Festa,32.0,CLE,AL,0.0,1.0,0.0,0.0,0.0,0.0,0.0,0.0,0.0,0.0,0.0,0.0,0.0,0.0,,,,,,,,0.0,0.0,0.0,0.0,0.0,0.0,1,,2025
710.0,Kody Funderburk*,28.0,MIN,AL,0.0,1.0,0.0,0.0,0.0,0.0,0.0,0.0,0.0,0.0,0.0,0.0,0.0,0.0,,,,,,,,0.0,0.0,0.0,0.0,0.0,0.0,1,,2025
711.0,Brandyn Garcia*,25.0,ARI,NL,0.0,1.0,0.0,0.0,0.0,0.0,0.0,0.0,0.0,0.0,0.0,0.0,0.0,0.0,,,,,,,,0.0,0.0,0.0,0.0,0.0,0.0,1,,2025
712.0,Robert Garcia,29.0,TEX,AL,0.0,1.0,0.0,0.0,0.0,0.0,0.0,0.0,0.0,0.0,0.0,0.0,0.0,0.0,,,,,,,,0.0,0.0,0.0,0.0,0.0,0.0,1,,2025
713.0,Yimi García,34.0,TOR,AL,0.0,1.0,0.0,0.0,0.0,0.0,0.0,0.0,0.0,0.0,0.0,0.0,0.0,0.0,,,,,,,,0.0,0.0,0.0,0.0,0.0,0.0,1,,2025
714.0,Josh Hader*,31.0,HOU,AL,0.0,1.0,0.0,0.0,0.0,0.0,0.0,0.0,0.0,0.0,0.0,0.0,0.0,0.0,,,,,,,,0.0,0.0,0.0,0.0,0.0,0.0,1,AS,2025
715.0,Seth Halvorsen,25.0,COL,NL,0.0,1.0,0.0,0.0,0.0,0.0,0.0,0.0,0.0,0.0,0.0,0.0,0.0,0.0,,,,,,,,0.0,0.0,0.0,0.0,0.0,0.0,1,,2025
716.0,Emerson Hancock,26.0,SEA,AL,0.0,1.0,0.0,0.0,0.0,0.0,0.0,0.0,0.0,0.0,0.0,0.0,0.0,0.0,,,,,,,,0.0,0.0,0.0,0.0,0.0,0.0,1,,2025
717.0,Ryan Helsley,30.0,STL,NL,0.0,1.0,0.0,0.0,0.0,0.0,0.0,0.0,0.0,0.0,0.0,0.0,0.0,0.0,,,,,,,,0.0,0.0,0.0,0.0,0.0,0.0,1,,2025
718.0,Tim Herrin*,28.0,CLE,AL,0.0,1.0,0.0,0.0,0.0,0.0,0.0,0.0,0.0,0.0,0.0,0.0,0.0,0.0,,,,,,,,0.0,0.0,0.0,0.0,0.0,0.0,1,,2025
719.0,Jeff Hoffman,32.0,TOR,AL,0.0,2.0,0.0,0.0,0.0,0.0,0.0,0.0,0.0,0.0,0.0,0.0,0.0,0.0,,,,,,,,0.0,0.0,0.0,0.0,0.0,0.0,1,,2025
720.0,Drey Jameson,27.0,ARI,NL,0.0,1.0,0.0,0.0,0.0,0.0,0.0,0.0,0.0,0.0,0.0,0.0,0.0,0.0,,,,,,,,0.0,0.0,0.0,0.0,0.0,0.0,/1,,2025
721.0,Kenley Jansen#,37.0,LAA,AL,0.0,1.0,0.0,0.0,0.0,0.0,0.0,0.0,0.0,0.0,0.0,0.0,0.0,0.0,,,,,,,,0.0,0.0,0.0,0.0,0.0,0.0,1,,2025
722.0,Griffin Jax,30.0,MIN,AL,0.0,1.0,0.0,0.0,0.0,0.0,0.0,0.0,0.0,0.0,0.0,0.0,0.0,0.0,,,,,,,,0.0,0.0,0.0,0.0,0.0,0.0,1,,2025
723.0,Tommy Kahnle,35.0,DET,AL,0.0,1.0,0.0,0.0,0.0,0.0,0.0,0.0,0.0,0.0,0.0,0.0,0.0,0.0,,,,,,,,0.0,0.0,0.0,0.0,0.0,0.0,1,,2025
724.0,Kevin Kelly,27.0,TBR,AL,0.0,1.0,0.0,0.0,0.0,0.0,0.0,0.0,0.0,0.0,0.0,0.0,0.0,0.0,,,,,,,,0.0,0.0,0.0,0.0,0.0,0.0,1,,2025
725.0,Michael Kelly,32.0,ATH,AL,0.0,1.0,0.0,0.0,0.0,0.0,0.0,0.0,0.0,0.0,0.0,0.0,0.0,0.0,,,,,,,,0.0,0.0,0.0,0.0,0.0,0.0,1,,2025
726.0,Andrew Kittredge,35.0,BAL,AL,0.0,2.0,0.0,0.0,0.0,0.0,0.0,0.0,0.0,0.0,0.0,0.0,0.0,0.0,,,,,,,,0.0,0.0,0.0,0.0,0.0,0.0,1,,2025
727.0,Jordan Leasure,26.0,CHW,AL,0.0,1.0,0.0,0.0,0.0,0.0,0.0,0.0,0.0,0.0,0.0,0.0,0.0,0.0,,,,,,,,0.0,0.0,0.0,0.0,0.0,0.0,1,,2025
728.0,Casey Legumina,28.0,SEA,AL,0.0,1.0,0.0,0.0,0.0,0.0,0.0,0.0,0.0,0.0,0.0,0.0,0.0,0.0,,,,,,,,0.0,0.0,0.0,0.0,0.0,0.0,1,,2025
729.0,Sam Long*,29.0,KCR,AL,0.0,1.0,0.0,0.0,0.0,0.0,0.0,0.0,0.0,0.0,0.0,0.0,0.0,0.0,,,,,,,,0.0,0.0,0.0,0.0,0.0,0.0,1,,2025
730.0,Daniel Lynch IV*,28.0,KCR,AL,0.0,3.0,0.0,0.0,0.0,0.0,0.0,0.0,0.0,0.0,0.0,0.0,0.0,0.0,,,,,,,,0.0,0.0,0.0,0.0,0.0,0.0,1,,2025
731.0,Joe Mantiply,34.0,ARI,NL,0.0,1.0,0.0,0.0,0.0,0.0,0.0,0.0,0.0,0.0,0.0,0.0,0.0,0.0,,,,,,,,0.0,0.0,0.0,0.0,0.0,0.0,1,,2025
732.0,Justin Martínez,23.0,ARI,NL,0.0,2.0,0.0,0.0,0.0,0.0,0.0,0.0,0.0,0.0,0.0,0.0,0.0,0.0,,,,,,,,0.0,0.0,0.0,0.0,0.0,0.0,1,,2025
733.0,Phil Maton,32.0,STL,NL,0.0,1.0,0.0,0.0,0.0,0.0,0.0,0.0,0.0,0.0,0.0,0.0,0.0,0.0,,,,,,,,0.0,0.0,0.0,0.0,0.0,0.0,1,,2025
734.0,Tyler Matzek*,34.0,NYY,AL,0.0,2.0,0.0,0.0,0.0,0.0,0.0,0.0,0.0,0.0,0.0,0.0,0.0,0.0,,,,,,,,0.0,0.0,0.0,0.0,0.0,0.0,/1,,2025
735.0,Juan Mejia,24.0,COL,NL,0.0,2.0,0.0,0.0,0.0,0.0,0.0,0.0,0.0,0.0,0.0,0.0,0.0,0.0,,,,,,,,0.0,0.0,0.0,0.0,0.0,0.0,1,,2025
736.0,Shelby Miller,34.0,ARI,NL,0.0,2.0,0.0,0.0,0.0,0.0,0.0,0.0,0.0,0.0,0.0,0.0,0.0,0.0,,,,,,,,0.0,0.0,0.0,0.0,0.0,0.0,1,,2025
737.0,Hoby Milner*,34.0,TEX,AL,0.0,2.0,0.0,0.0,0.0,0.0,0.0,0.0,0.0,0.0,0.0,0.0,0.0,0.0,,,,,,,,0.0,0.0,0.0,0.0,0.0,0.0,1,,2025
738.0,Juan Morillo,26.0,ARI,NL,0.0,2.0,0.0,0.0,0.0,0.0,0.0,0.0,0.0,0.0,0.0,0.0,0.0,0.0,,,,,,,,0.0,0.0,0.0,0.0,0.0,0.0,1,,2025
739.0,Kaleb Ort,33.0,HOU,AL,0.0,2.0,0.0,0.0,0.0,0.0,0.0,0.0,0.0,0.0,0.0,0.0,0.0,0.0,,,,,,,,0.0,0.0,0.0,0.0,0.0,0.0,1,,2025
740.0,Tyler Owens,24.0,DET,AL,0.0,1.0,0.0,0.0,0.0,0.0,0.0,0.0,0.0,0.0,0.0,0.0,0.0,0.0,,,,,,,,0.0,0.0,0.0,0.0,0.0,0.0,/1,,2025
741.0,Andre Pallante,26.0,STL,NL,0.0,1.0,0.0,0.0,0.0,0.0,0.0,0.0,0.0,0.0,0.0,0.0,0.0,0.0,,,,,,,,0.0,0.0,0.0,0.0,0.0,0.0,1,,2025
742.0,Cionel Pérez,29.0,BAL,AL,0.0,1.0,0.0,0.0,0.0,0.0,0.0,0.0,0.0,0.0,0.0,0.0,0.0,0.0,,,,,,,,0.0,0.0,0.0,0.0,0.0,0.0,1,,2025
743.0,Konnor Pilkington*,27.0,WSN,NL,0.0,1.0,0.0,0.0,0.0,0.0,0.0,0.0,0.0,0.0,0.0,0.0,0.0,0.0,,,,,,,,0.0,0.0,0.0,0.0,0.0,0.0,1,,2025
744.0,Zach Pop,28.0,SEA,AL,0.0,1.0,0.0,0.0,0.0,0.0,0.0,0.0,0.0,0.0,0.0,0.0,0.0,0.0,,,,,,,,0.0,0.0,0.0,0.0,0.0,0.0,/1,,2025
745.0,PJ Poulin,28.0,WSN,NL,0.0,1.0,0.0,0.0,0.0,0.0,0.0,0.0,0.0,0.0,0.0,0.0,0.0,0.0,,,,,,,,0.0,0.0,0.0,0.0,0.0,0.0,1,,2025
746.0,A.J. Puk*,30.0,ARI,NL,0.0,2.0,0.0,0.0,0.0,0.0,0.0,0.0,0.0,0.0,0.0,0.0,0.0,0.0,,,,,,,,0.0,0.0,0.0,0.0,0.0,0.0,/1,,2025
747.0,Trevor Richards,32.0,KCR,AL,0.0,1.0,0.0,0.0,0.0,0.0,0.0,0.0,0.0,0.0,0.0,0.0,0.0,0.0,,,,,,,,0.0,0.0,0.0,0.0,0.0,0.0,/1,,2025
748.0,Tyler Rogers,34.0,SFG,NL,0.0,1.0,0.0,0.0,0.0,0.0,0.0,0.0,0.0,0.0,0.0,0.0,0.0,0.0,,,,,,,,0.0,0.0,0.0,0.0,0.0,0.0,1,,2025
749.0,Jackson Rutledge,26.0,WSN,NL,0.0,1.0,0.0,0.0,0.0,0.0,0.0,0.0,0.0,0.0,0.0,0.0,0.0,0.0,,,,,,,,0.0,0.0,0.0,0.0,0.0,0.0,1,,2025
750.0,Andrew Saalfrank*,27.0,ARI,NL,0.0,1.0,0.0,0.0,0.0,0.0,0.0,0.0,0.0,0.0,0.0,0.0,0.0,0.0,,,,,,,,0.0,0.0,0.0,0.0,0.0,0.0,1,,2025
751.0,Nick Sandlin,28.0,TOR,AL,0.0,1.0,0.0,0.0,0.0,0.0,0.0,0.0,0.0,0.0,0.0,0.0,0.0,0.0,,,,,,,,0.0,0.0,0.0,0.0,0.0,0.0,1,,2025
752.0,John Schreiber,31.0,KCR,AL,0.0,1.0,0.0,0.0,0.0,0.0,0.0,0.0,0.0,0.0,0.0,0.0,0.0,0.0,,,,,,,,0.0,0.0,0.0,0.0,0.0,0.0,1,,2025
753.0,Tanner Scott,30.0,LAD,NL,0.0,1.0,0.0,0.0,0.0,0.0,0.0,0.0,0.0,0.0,0.0,0.0,0.0,0.0,,,,,,,,0.0,0.0,0.0,0.0,0.0,0.0,1,,2025
754.0,Connor Seabold,29.0,TBR,AL,0.0,1.0,0.0,0.0,0.0,0.0,0.0,0.0,0.0,0.0,0.0,0.0,0.0,0.0,,,,,,,,0.0,0.0,0.0,0.0,0.0,0.0,/1,,2025
755.0,Bennett Sousa*,30.0,HOU,AL,0.0,1.0,0.0,0.0,0.0,0.0,0.0,0.0,0.0,0.0,0.0,0.0,0.0,0.0,,,,,,,,0.0,0.0,0.0,0.0,0.0,0.0,1,,2025
756.0,Ryne Stanek,33.0,NYM,NL,0.0,1.0,0.0,0.0,0.0,0.0,0.0,0.0,0.0,0.0,0.0,0.0,0.0,0.0,,,,,,,,0.0,0.0,0.0,0.0,0.0,0.0,1,,2025
757.0,Ryan Thompson,33.0,ARI,NL,0.0,1.0,0.0,0.0,0.0,0.0,0.0,0.0,0.0,0.0,0.0,0.0,0.0,0.0,,,,,,,,0.0,0.0,0.0,0.0,0.0,0.0,1,,2025
758.0,Trent Thornton,31.0,SEA,AL,0.0,1.0,0.0,0.0,0.0,0.0,0.0,0.0,0.0,0.0,0.0,0.0,0.0,0.0,,,,,,,,0.0,0.0,0.0,0.0,0.0,0.0,1,,2025
759.0,Victor Vodnik,25.0,COL,NL,0.0,1.0,0.0,0.0,0.0,0.0,0.0,0.0,0.0,0.0,0.0,0.0,0.0,0.0,,,,,,,,0.0,0.0,0.0,0.0,0.0,0.0,1,,2025
760.0,Ryan Walker,29.0,SFG,NL,0.0,1.0,0.0,0.0,0.0,0.0,0.0,0.0,0.0,0.0,0.0,0.0,0.0,0.0,,,,,,,,0.0,0.0,0.0,0.0,0.0,0.0,1,,2025
761.0,Chad Wallach,33.0,LAA,AL,0.0,1.0,0.0,0.0,0.0,0.0,0.0,0.0,0.0,0.0,0.0,0.0,0.0,0.0,,,,,,,,0.0,0.0,0.0,0.0,0.0,0.0,/2,,2025
762.0,Garrett Whitlock,29.0,BOS,AL,0.0,1.0,0.0,0.0,0.0,0.0,0.0,0.0,0.0,0.0,0.0,0.0,0.0,0.0,,,,,,,,0.0,0.0,0.0,0.0,0.0,0.0,1,,2025
763.0,Bryse Wilson,27.0,CHW,AL,0.0,1.0,0.0,0.0,0.0,0.0,0.0,0.0,0.0,0.0,0.0,0.0,0.0,0.0,,,,,,,,0.0,0.0,0.0,0.0,0.0,0.0,1,,2025
,MLB Average,,,,,,,,,,,,,,,,,,0.245,0.315,0.404,0.719,100.0,0.319,100.0,,,,,,,,,2025
