yearID,bbrefID,Player,Team,WAR
2000,liebejo01,Jon Lieber,CHC,3.7
2000,maddugr01,Greg Maddux,ATL,6.5
2000,johnsra05,Randy Johnson,ARI,8.1
2000,glavito02,Tom Glavine,ATL,4.9
2000,hernali01,Liván Hernández,SFG,3.4
2000,mussimi01,Mike Mussina,BAL,5.7
2000,kileda01,Darryl Kile,STL,3.7
2000,brownke01,Kevin Brown,LAD,7.0
2000,wellsda01,David Wells,TOR,4.8
2000,rogerke01,Kenny Rogers,TEX,5.0
2000,radkebr01,Brad Radke,MIN,6.2
2000,dempsry01,Ryan Dempster,FLA,4.2
2000,parkch01,Chan Ho Park,LAD,4.9
2000,ponsosi01,Sidney Ponson,BAL,2.7
2000,finlech01,Chuck Finley,CLE,4.5
2000,bensokr01,Kris Benson,PIT,5.1
2000,hamptmi01,Mike Hampton,NYM,4.7
2000,vazquja01,Javier Vázquez,MON,4.7
2000,helliri01,Rick Helling,TEX,4.2
2000,martipe02,Pedro Martínez,BOS,11.7
2000,suppaje01,Jeff Suppan,KCR,2.9
2000,anderbr02,Brian Anderson,ARI,4.1
2000,millwke01,Kevin Millwood,ATL,1.7
2000,seleaa01,Aaron Sele,SEA,2.5
2000,schilcu01,Curt Schilling,2TM,5.2
2000,schilcu01,Curt Schilling,PHI,2.6
2000,schilcu01,Curt Schilling,ARI,2.5
2000,neaglde01,Denny Neagle,2TM,3.2
2000,neaglde01,Denny Neagle,CIN,2.9
2000,neaglde01,Denny Neagle,NYY,0.3
2000,leiteal01,Al Leiter,NYM,4.8
2000,holtch01,Chris Holt,HOU,2.2
2000,wolfra02,Randy Wolf,PHI,3.0
2000,clemema01,Matt Clement,SDP,-0.1
2000,pettian01,Andy Pettitte,NYY,3.6
2000,clemero02,Roger Clemens,NYY,4.6
2000,hudsoti01,Tim Hudson,OAK,4.0
2000,trachst01,Steve Trachsel,2TM,2.6
2000,trachst01,Steve Trachsel,TBD,1.9
2000,trachst01,Steve Trachsel,TOR,0.8
2000,stephga01,Garrett Stephenson,STL,2.4
2000,miltoer01,Eric Milton,MIN,3.5
2000,weaveje01,Jeff Weaver,DET,3.2
2000,hayneji01,Jimmy Haynes,MIL,0.1
2000,loaizes01,Esteban Loaiza,2TM,3.8
2000,loaizes01,Esteban Loaiza,TEX,1.5
2000,loaizes01,Esteban Loaiza,TOR,2.3
2000,ashbyan01,Andy Ashby,2TM,0.5
2000,ashbyan01,Andy Ashby,PHI,-0.8
2000,ashbyan01,Andy Ashby,ATL,1.3
2000,heredgi01,Gil Heredia,OAK,3.4
2000,hermadu01,Dustin Hermanson,MON,1.3
2000,sirotmi01,Mike Sirotka,CHW,4.0
2000,astacpe01,Pedro Astacio,COL,3.1
2000,limajo01,José Lima,HOU,-0.3
2000,meadobr01,Brian Meadows,2TM,0.8
2000,meadobr01,Brian Meadows,SDP,-0.1
2000,meadobr01,Brian Meadows,KCR,0.9
2000,hernaor01,Orlando Hernández,NYY,3.2
2000,ortizru01,Russ Ortiz,SFG,0.2
2000,tapanke01,Kevin Tapani,CHC,1.2
2000,appieke01,Kevin Appier,OAK,2.8
2000,hentgpa01,Pat Hentgen,STL,1.7
2000,dreifda01,Darren Dreifort,LAD,1.5
2000,elartsc01,Scott Elarton,HOU,2.6
2000,parrist01,Steve Parris,CIN,1.4
2000,burbada01,Dave Burba,CLE,3.7
2000,ruschgl01,Glendon Rusch,NYM,2.5
2000,estessh01,Shawn Estes,SFG,2.0
2000,nomohi01,Hideo Nomo,DET,2.6
2000,suzukma01,Mac Suzuki,KCR,3.2
2000,colonba01,Bartolo Colon,CLE,4.9
2000,parquji01,Jim Parque,CHW,2.9
2000,ritchto01,Todd Ritchie,PIT,2.0
2000,lopezal02,Albie Lopez,TBD,3.3
2000,reedri01,Rick Reed,NYM,2.8
2000,rueteki01,Kirk Rueter,SFG,1.8
2000,sanchje01,Jesús Sánchez,FLA,0.1
2000,escobke01,Kelvim Escobar,TOR,0.9
2000,abbotpa01,Paul Abbott,SEA,2.6
2000,baldwja01,James Baldwin,CHW,2.8
2000,moehlbr01,Brian Moehler,DET,2.2
2000,bohanbr01,Brian Bohanon,COL,3.1
2000,carpech01,Chris Carpenter,TOR,-0.1
2000,ankieri01,Rick Ankiel,STL,3.3
2000,rapppa01,Pat Rapp,BAL,-0.2
2000,persoro01,Robert Person,PHI,3.9
2000,rekarbr01,Bryan Rekar,TBD,3.1
2000,arrojro01,Rolando Arrojo,2TM,1.0
2000,arrojro01,Rolando Arrojo,COL,0.1
2000,arrojro01,Rolando Arrojo,BOS,0.9
2000,botteke01,Kent Bottenfield,2TM,1.4
2000,botteke01,Kent Bottenfield,ANA,0.7
2000,botteke01,Kent Bottenfield,PHI,0.8
2000,reynoar02,Armando Reynoso,ARI,1.4
2000,schoesc01,Scott Schoeneweis,ANA,0.5
2000,bereja01,Jason Bere,2TM,0.4
2000,bereja01,Jason Bere,MIL,0.6
2000,bereja01,Jason Bere,CLE,-0.2
2000,williwo02,Woody Williams,SDP,2.9
2000,yoshima01,Masato Yoshii,COL,1.1
2000,daalom01,Omar Daal,2TM,-1.3
2000,daalom01,Omar Daal,ARI,-2.0
2000,daalom01,Omar Daal,PHI,0.7
2000,halamjo01,John Halama,SEA,0.1
2000,benesan01,Andy Benes,STL,1.0
2000,wrighja01,Jamey Wright,MIL,2.4
2000,d'amije01,Jeff D'Amico,MIL,5.0
2000,maysjo01,Joe Mays,MIN,2.2
2000,wakefti01,Tim Wakefield,BOS,0.2
2000,blairwi01,Willie Blair,DET,1.3
2000,mulhote01,Terry Mulholland,ATL,-0.2
2000,coneda01,David Cone,NYY,-0.9
2000,jonesbo03,Bobby Jones,NYM,0.7
2000,moyerja01,Jamie Moyer,SEA,-0.1
2000,muldema01,Mark Mulder,OAK,0.5
2000,reichda01,Dan Reichert,KCR,1.2
2000,redmama01,Mark Redman,MIN,3.4
2000,witasja01,Jay Witasick,2TM,-0.6
2000,witasja01,Jay Witasick,KCR,-0.1
2000,witasja01,Jay Witasick,SDP,-0.5
2000,gardnma01,Mark Gardner,SFG,1.6
2000,woodast01,Steve Woodard,2TM,-0.8
2000,woodast01,Steve Woodard,MIL,-1.1
2000,woodast01,Steve Woodard,CLE,0.4
2000,desseel01,Elmer Dessens,CIN,1.8
2000,mercejo02,José Mercedes,BAL,2.9
2000,anderji02,Jimmy Anderson,PIT,0.9
2000,perezca01,Carlos Pérez,LAD,-0.3
2000,villoro01,Ron Villone,CIN,-0.3
2000,bellro01,Rob Bell,CIN,0.3
2000,castifr01,Frank Castillo,TOR,3.9
2000,yanes01,Esteban Yan,TBD,-0.4
2000,woodke02,Kerry Wood,CHC,1.8
2000,silvajo01,José Silva,PIT,-0.1
2000,eatonad01,Adam Eaton,SDP,2.3
2000,burkejo03,John Burkett,ATL,0.5
2000,chenbr01,Bruce Chen,2TM,3.1
2000,chenbr01,Bruce Chen,ATL,0.6
2000,chenbr01,Bruce Chen,PHI,2.5
2000,harnipe01,Pete Harnisch,CIN,1.1
2000,reynosh01,Shane Reynolds,HOU,1.0
2000,fasseje01,Jeff Fassero,BOS,1.7
2000,martira02,Ramón Martínez,BOS,-0.3
2000,snydejo02,John Snyder,MIL,-1.1
2000,cornere01,Reid Cornelius,FLA,0.7
2000,doteloc01,Octavio Dotel,HOU,1.1
2000,garcifr03,Freddy García,SEA,1.7
2000,smithch07,Chuck Smith,FLA,2.9
2000,tavarju01,Julián Tavárez,COL,2.0
2000,pennybr01,Brad Penny,FLA,0.5
2000,mlickda01,Dave Mlicki,DET,0.2
2000,tollbbr01,Brian Tollberg,SDP,1.8
2000,rosebr01,Brian Rose,2TM,0.6
2000,rosebr01,Brian Rose,BOS,-0.1
2000,rosebr01,Brian Rose,COL,0.7
2000,jarvike01,Kevin Jarvis,COL,0.6
2000,eldreca01,Cal Eldred,CHW,1.9
2000,willisc01,Scott Williamson,CIN,2.8
2000,ortizra02,Ramón Ortiz,ANA,0.5
2000,hergema01,Matt Herges,LAD,2.0
2000,nitkoc.01,C.J. Nitkowski,DET,-0.7
2000,olivaom01,Omar Olivares,OAK,-0.6
2000,oliveda02,Darren Oliver,TEX,-0.7
2000,johnsja02,Jason Johnson,BAL,-1.7
2000,steinbl01,Blake Stein,KCR,1.6
2000,schoupe01,Pete Schourek,BOS,0.9
2000,valdeis01,Ismael Valdéz,2TM,0.0
2000,valdeis01,Ismael Valdéz,CHC,0.5
2000,valdeis01,Ismael Valdéz,LAD,-0.5
2000,sullisc01,Scott Sullivan,CIN,1.8
2000,millewa04,Wade Miller,HOU,1.2
2000,perisma01,Matt Perisho,TEX,-1.4
2000,goodedw01,Dwight Gooden,3TM,0.8
2000,goodedw01,Dwight Gooden,2TM,0.9
2000,goodedw01,Dwight Gooden,HOU,-0.1
2000,goodedw01,Dwight Gooden,TBD,-0.5
2000,goodedw01,Dwight Gooden,NYY,1.3
2000,sparkst01,Steve Sparks,DET,1.4
2000,lirafe01,Felipe Lira,MON,-0.4
2000,morgami01,Mike Morgan,ARI,0.6
2000,gagneer01,Eric Gagné,LAD,0.3
2000,johnsmi02,Mike Johnson,MON,-0.3
2000,whiteri01,Rick White,2TM,1.6
2000,whiteri01,Rick White,TBD,1.4
2000,whiteri01,Rick White,NYM,0.3
2000,davisdo02,Doug Davis,TEX,1.4
2000,wellski01,Kip Wells,CHW,-0.2
2000,pavanca01,Carl Pavano,MON,2.8
2000,downssc01,Scott Downs,2TM,0.1
2000,downssc01,Scott Downs,CHC,0.2
2000,downssc01,Scott Downs,MON,-0.1
2000,lidleco01,Cory Lidle,TBD,0.5
2000,grimsja01,Jason Grimsley,NYY,0.5
2000,hasegsh01,Shigetoshi Hasegawa,ANA,1.7
2000,levinal01,Al Levine,ANA,1.4
2000,stottto01,Todd Stottlemyre,ARI,0.6
2000,armasto02,Tony Armas,MON,1.8
2000,cordofr01,Francisco Córdova,PIT,0.6
2000,mahompa01,Pat Mahomes,NYM,-0.8
2000,brockch01,Chris Brock,PHI,0.9
2000,nathajo01,Joe Nathan,SFG,-0.2
2000,ericksc01,Scott Erickson,BAL,-1.2
2000,zitoba01,Barry Zito,OAK,3.4
2000,tomkobr01,Brett Tomko,SEA,0.4
2000,graveda01,Danny Graves,CIN,2.9
2000,lowede01,Derek Lowe,BOS,3.5
2000,rupery01,Ryan Rupe,TBD,-0.9
2000,spradje01,Jerry Spradlin,2TM,-0.7
2000,spradje01,Jerry Spradlin,KCR,-0.2
2000,spradje01,Jerry Spradlin,CHC,-0.5
2000,glynnry01,Ryan Glynn,TEX,0.5
2000,thurmmi01,Mike Thurman,MON,-0.6
2000,foulkke01,Keith Foulke,CHW,3.0
2000,queveru01,Rubén Quevedo,CHC,-1.9
2000,hawkila01,LaTroy Hawkins,MIN,3.0
2000,rigdopa01,Paul Rigdon,2TM,0.6
2000,rigdopa01,Paul Rigdon,CLE,-0.1
2000,rigdopa01,Paul Rigdon,MIL,0.7
2000,karlsc01,Scott Karl,2TM,-1.1
2000,karlsc01,Scott Karl,COL,-0.6
2000,karlsc01,Scott Karl,ANA,-0.5
2000,coopebr01,Brian Cooper,ANA,-0.6
2000,vanpoto01,Todd Van Poppel,CHC,1.4
2000,wellsbo01,Bob Wells,MIN,2.5
2000,santajo02,Johan Santana,MIN,0.2
2000,mechegi01,Gil Meche,SEA,1.9
2000,tamje01,Jeff Tam,OAK,2.7
2000,mecirji01,Jim Mecir,2TM,2.4
2000,mecirji01,Jim Mecir,TBD,1.5
2000,mecirji01,Jim Mecir,OAK,0.9
2000,adamste01,Terry Adams,LAD,0.6
2000,washbja01,Jarrod Washburn,ANA,1.8
2000,whitega01,Gabe White,2TM,4.4
2000,whitega01,Gabe White,CIN,-0.1
2000,whitega01,Gabe White,COL,4.5
2000,quantpa01,Paul Quantrill,TOR,0.9
2000,byrdpa01,Paul Byrd,PHI,-1.2
2000,aceveju01,Juan Acevedo,MIL,0.9
2000,burnea.01,A.J. Burnett,FLA,0.7
2000,wendetu01,Turk Wendell,NYM,1.0
2000,klinest02,Steve Kline,MON,1.8
2000,rodrife01,Félix Rodríguez,SFG,1.9
2000,hillke01,Ken Hill,2TM,-0.8
2000,hillke01,Ken Hill,ANA,-0.5
2000,hillke01,Ken Hill,CHW,-0.4
2000,petkoma01,Mark Petkovsek,ANA,0.8
2000,mesajo01,José Mesa,SEA,-0.2
2000,crabtti01,Tim Crabtree,TEX,0.4
2000,paniajo01,José Paniagua,SEA,1.5
2000,wasdijo01,John Wasdin,2TM,0.5
2000,wasdijo01,John Wasdin,BOS,0.3
2000,wasdijo01,John Wasdin,COL,0.2
2000,fernaos01,Osvaldo Fernández,CIN,1.9
2000,aybarma01,Manny Aybar,3TM,0.4
2000,aybarma01,Manny Aybar,COL,-0.3
2000,aybarma01,Manny Aybar,CIN,0.0
2000,aybarma01,Manny Aybar,FLA,0.7
2000,kochbi01,Billy Koch,TOR,2.5
2000,carrahe01,Héctor Carrasco,2TM,0.9
2000,carrahe01,Héctor Carrasco,MIN,1.2
2000,carrahe01,Héctor Carrasco,BOS,-0.4
2000,telfoan01,Anthony Telford,MON,1.2
2000,henrydo01,Doug Henry,2TM,1.2
2000,henrydo01,Doug Henry,HOU,0.9
2000,henrydo01,Doug Henry,SFG,0.3
2000,bonesri01,Ricky Bones,FLA,0.2
2000,cordefr01,Francisco Cordero,TEX,0.3
2000,leskacu01,Curt Leskanic,MIL,2.3
2000,farnsky01,Kyle Farnsworth,CHC,-1.1
2000,slusajo01,Joe Slusarski,HOU,1.6
2000,karsast01,Steve Karsay,CLE,1.8
2000,weathda01,David Weathers,MIL,1.5
2000,benitar01,Armando Benítez,NYM,2.4
2000,swindgr01,Greg Swindell,ARI,1.7
2000,riverma01,Mariano Rivera,NYY,2.6
2000,sauersc01,Scott Sauerbeck,PIT,1.4
2000,veresda01,Dave Veres,STL,2.0
2000,garceri01,Rich Garcés,BOS,2.0
2000,garibda01,Daniel Garibay,CHC,-0.7
2000,anderma01,Matt Anderson,DET,0.2
2000,delosva01,Valerio De Los Santos,MIL,0.0
2000,gomeswa01,Wayne Gomes,PHI,0.2
2000,hernaro01,Roberto Hernández,TBD,1.5
2000,jonesdo01,Doug Jones,OAK,1.3
2000,frascjo01,John Frascatore,TOR,-0.4
2000,bottari01,Ricky Bottalico,KCR,0.6
2000,remlimi01,Mike Remlinger,ATL,1.4
2000,wickmbo01,Bob Wickman,2TM,1.4
2000,wickmbo01,Bob Wickman,MIL,0.8
2000,wickmbo01,Bob Wickman,CLE,0.6
2000,durbich01,Chad Durbin,KCR,-1.5
2000,hoffmtr01,Trevor Hoffman,SDP,1.2
2000,trombmi01,Mike Trombley,BAL,1.2
2000,willimi03,Mike Williams,PIT,1.1
2000,arroybr01,Bronson Arroyo,PIT,-1.0
2000,guthrma01,Mark Guthrie,3TM,0.3
2000,guthrma01,Mark Guthrie,2TM,0.4
2000,guthrma01,Mark Guthrie,CHC,-0.1
2000,guthrma01,Mark Guthrie,TBD,0.2
2000,guthrma01,Mark Guthrie,TOR,0.2
2000,howrybo01,Bob Howry,CHW,2.2
2000,jimenjo01,José Jiménez,COL,2.5
2000,kimby01,Byung-Hyun Kim,ARI,0.4
2000,lowese01,Sean Lowe,CHW,0.1
2000,alfonan01,Antonio Alfonseca,FLA,0.5
2000,fussech01,Chris Fussell,KCR,-0.3
2000,almanca01,Carlos Almánzar,SDP,0.4
2000,garlajo01,Jon Garland,CHW,-0.5
2000,nelsoje01,Jeff Nelson,NYY,2.1
2000,zimmeje02,Jeff Zimmerman,TEX,0.3
2000,fultzaa01,Aaron Fultz,SFG,0.1
2000,ohkato01,Tomo Ohka,BOS,2.4
2000,rhodear01,Arthur Rhodes,SEA,0.6
2000,worreti01,Tim Worrell,2TM,1.8
2000,worreti01,Tim Worrell,BAL,-0.2
2000,worreti01,Tim Worrell,CHC,1.9
2000,isrinja01,Jason Isringhausen,OAK,1.2
2000,santijo03,José Santiago,KCR,1.1
2000,slocuhe01,Heathcliff Slocumb,2TM,-0.3
2000,slocuhe01,Heathcliff Slocumb,STL,-0.2
2000,slocuhe01,Heathcliff Slocumb,SDP,0.0
2000,cormirh01,Rhéal Cormier,BOS,0.2
2000,nunezvl01,Vladimir Núñez,FLA,-1.5
2000,speieju01,Justin Speier,CLE,1.6
2000,sturtta01,Tanyon Sturtze,2TM,0.8
2000,sturtta01,Tanyon Sturtze,CHW,-0.8
2000,sturtta01,Tanyon Sturtze,TBD,1.6
2000,bergmse01,Sean Bergman,MIN,-1.6
2000,stantmi02,Mike Stanton,NYY,1.1
2000,hallaro01,Roy Halladay,TOR,-2.8
2000,simasbi01,Bill Simas,CHW,1.7
2000,loopebr01,Braden Looper,FLA,-0.4
2000,osunaan01,Antonio Osuna,LAD,0.8
2000,milletr01,Travis Miller,MIN,1.2
2000,paintla01,Lance Painter,TOR,0.7
2000,santaju01,Julio Santana,MON,-0.1
2000,walkeke02,Kevin Walker,SDP,0.3
2000,nenro01,Robb Nen,SFG,2.5
2000,hitchst01,Sterling Hitchcock,SDP,0.3
2000,mendora01,Ramiro Mendoza,NYY,1.6
2000,serafda01,Dan Serafini,2TM,0.7
2000,serafda01,Dan Serafini,SDP,-0.2
2000,serafda01,Dan Serafini,PIT,0.9
2000,padilvi01,Vicente Padilla,2TM,0.3
2000,padilvi01,Vicente Padilla,ARI,1.1
2000,padilvi01,Vicente Padilla,PHI,-0.8
2000,batismi01,Miguel Batista,2TM,-1.7
2000,batismi01,Miguel Batista,MON,-0.8
2000,batismi01,Miguel Batista,KCR,-0.9
2000,pichahi01,Hipólito Pichardo,BOS,1.2
2000,timlimi01,Mike Timlin,2TM,0.4
2000,timlimi01,Mike Timlin,BAL,-0.1
2000,timlimi01,Mike Timlin,STL,0.5
2000,jonesto02,Todd Jones,DET,1.2
2000,shueypa01,Paul Shuey,CLE,1.6
2000,mcelrch01,Chuck McElroy,BAL,0.6
2000,schmija01,Jason Schmidt,PIT,0.2
2000,sasakka01,Kazuhiro Sasaki,SEA,1.3
2000,broweji01,Jim Brower,CLE,0.1
2000,darenvi01,Vic Darensbourg,FLA,0.4
2000,sprinru01,Russ Springer,ARI,0.3
2000,guarded01,Eddie Guardado,MIN,1.8
2000,wunscke01,Kelly Wunsch,CHW,2.0
2000,creekdo01,Doug Creek,TBD,0.6
2000,etherse01,Seth Etherton,ANA,0.3
2000,guzmage01,Geraldo Guzmán,ARI,0.7
2000,wilkima01,Marc Wilkins,PIT,0.4
2000,embreal01,Alan Embree,SFG,0.0
2000,wettejo01,John Wetteland,TEX,0.7
2000,mathet.01,T.J. Mathews,OAK,-0.1
2000,cabrejo01,José Cabrera,HOU,0.0
2000,groombu01,Buddy Groom,BAL,-0.1
2000,cookde01,Dennis Cook,NYM,-0.3
2000,politcl01,Cliff Politte,PHI,1.3
2000,heredfe01,Félix Heredia,CHC,0.4
2000,manzajo01,Josías Manzanillo,PIT,1.6
2000,kamiesc01,Scott Kamieniecki,2TM,-0.4
2000,kamiesc01,Scott Kamieniecki,CLE,0.0
2000,kamiesc01,Scott Kamieniecki,ATL,-0.4
2000,romerj.01,J.C. Romero,MIN,-0.6
2000,shawje01,Jeff Shaw,LAD,0.2
2000,nagych01,Charles Nagy,CLE,-0.9
2000,patteda04,Danny Patterson,DET,0.8
2000,valdema01,Marc Valdes,HOU,-0.2
2000,venafmi01,Mike Venafro,TEX,1.5
2000,reedst01,Steve Reed,CLE,0.6
2000,francjo01,John Franco,NYM,0.8
2000,brantje01,Jeff Brantley,PHI,-0.6
2000,eilanda01,Dave Eiland,TBD,-0.6
2000,irabuhi01,Hideki Irabu,MON,-0.5
2000,erdosto01,Todd Erdos,2TM,-0.2
2000,erdosto01,Todd Erdos,NYY,0.2
2000,erdosto01,Todd Erdos,SDP,-0.4
2000,walldo01,Donne Wall,SDP,1.2
2000,dejeami01,Mike DeJean,COL,0.7
2000,morrima01,Matt Morris,STL,0.8
2000,rockejo01,John Rocker,ATL,0.6
2000,fyhrimi01,Mike Fyhrie,ANA,1.6
2000,fernaal01,Alex Fernandez,FLA,0.7
2000,ligteke01,Kerry Ligtenberg,ATL,1.0
2000,wrighja02,Jaret Wright,CLE,1.1
2000,buehrma01,Mark Buehrle,CHW,0.6
2000,jamesmi01,Mike James,STL,0.7
2000,wilsopa02,Paul Wilson,TBD,1.6
2000,brocado01,Doug Brocail,DET,0.6
2000,potelo01,Lou Pote,ANA,0.7
2000,ramsaro01,Robert Ramsay,SEA,0.7
2000,fettemi01,Mike Fetters,LAD,1.1
2000,johnsjo07,John Johnstone,SFG,-0.7
2000,percitr01,Troy Percival,ANA,0.3
2000,beirnke01,Kevin Beirne,CHW,-0.4
2000,rainst01,Steve Rain,CHC,0.4
2000,spencst02,Stan Spencer,SDP,0.8
2000,floribr01,Bryce Florie,BOS,0.1
2000,millsal01,Alan Mills,2TM,-0.1
2000,millsal01,Alan Mills,LAD,0.2
2000,millsal01,Alan Mills,BAL,-0.3
2000,micelda01,Dan Miceli,FLA,0.6
2000,merckke01,Kent Mercker,ANA,-0.3
2000,stricsc02,Scott Strickland,MON,1.4
2000,chrisja01,Jason Christiansen,2TM,-0.1
2000,chrisja01,Jason Christiansen,PIT,0.2
2000,chrisja01,Jason Christiansen,STL,-0.2
2000,aguilri01,Rick Aguilera,CHC,-0.2
2000,rodrifr02,Frankie Rodriguez,SEA,-0.5
2000,belinst01,Stan Belinda,2TM,-1.1
2000,belinst01,Stan Belinda,COL,-0.7
2000,belinst01,Stan Belinda,ATL,-0.4
2000,almanar01,Armando Almanza,FLA,0.0
2000,benesal01,Alan Benes,STL,-0.4
2000,brewija01,Jamie Brewington,CLE,0.2
2000,mantema01,Matt Mantei,ARI,0.4
2000,myersmi01,Mike Myers,COL,2.6
2000,clarkma01,Mark Clark,TEX,-0.7
2000,reyesde01,Dennys Reyes,CIN,-0.4
2000,stullev01,Everett Stull,MIL,-0.2
2000,ryanb.01,B.J. Ryan,BAL,-0.1
2000,kinnema01,Matt Kinney,MIN,0.6
2000,loiseri01,Rich Loiselle,PIT,0.1
2000,willibr01,Brian Williams,2TM,-0.9
2000,willibr01,Brian Williams,CHC,-1.1
2000,willibr01,Brian Williams,CLE,0.2
2000,borbope02,Pedro Borbón,TOR,-0.8
2000,lorraan01,Andrew Lorraine,2TM,-0.2
2000,lorraan01,Andrew Lorraine,CHC,-0.4
2000,lorraan01,Andrew Lorraine,CLE,0.2
2000,mahayro01,Ron Mahay,2TM,-0.6
2000,mahayro01,Ron Mahay,OAK,-0.4
2000,mahayro01,Ron Mahay,FLA,-0.2
2000,cruzne01,Nelson Cruz,DET,1.2
2000,holtzmi01,Mike Holtz,ANA,0.0
2000,beckro01,Rod Beck,BOS,1.1
2000,belchti01,Tim Belcher,ANA,-0.4
2000,reamebr01,Britt Reames,STL,0.7
2000,plesada01,Dan Plesac,ARI,0.4
2000,magnami01,Mike Magnante,OAK,0.5
2000,arnolja01,Jamie Arnold,2TM,-0.5
2000,arnolja01,Jamie Arnold,LAD,0.1
2000,arnolja01,Jamie Arnold,CHC,-0.6
2000,barcelo01,Lorenzo Barceló,CHW,0.8
2000,cunnawi01,Will Cunnane,SDP,0.2
2000,turnbde01,Derrick Turnbow,ANA,0.3
2000,sikorbr01,Brian Sikorski,TEX,-0.1
2000,wisema01,Matt Wise,ANA,0.2
2000,rodriri02,Rich Rodriguez,NYM,-1.1
2000,whitema02,Matt Whiteside,SDP,0.0
2000,servisc01,Scott Service,OAK,-0.6
2000,parrijo01,John Parrish,BAL,-0.4
2000,wallaje01,Jeff Wallace,PIT,-0.6
2000,mooretr01,Trey Moore,MON,-0.4
2000,mcknito01,Tony McKnight,HOU,0.7
2000,bernead01,Adam Bernero,DET,0.5
2000,boydja02,Jason Boyd,PHI,-0.6
2000,wilsokr01,Kris Wilson,KCR,0.4
2000,martito02,Tom Martin,CLE,0.5
2000,cubilda01,Darwin Cubillán,2TM,-0.7
2000,cubilda01,Darwin Cubillán,TOR,-0.3
2000,cubilda01,Darwin Cubillán,TEX,-0.5
2000,navarja01,Jaime Navarro,2TM,-1.5
2000,navarja01,Jaime Navarro,MIL,-1.3
2000,navarja01,Jaime Navarro,CLE,-0.3
2000,hamiljo02,Joey Hamilton,TOR,1.3
2000,chouibo01,Bobby Chouinard,COL,0.5
2000,forstsc01,Scott Forster,MON,-0.9
2000,harpetr01,Travis Harper,TBD,0.6
2000,prietar01,Ariel Prieto,OAK,0.3
2000,powelbr01,Brian Powell,HOU,0.1
2000,motagu01,Guillermo Mota,MON,-0.2
2000,crawfpa02,Paxton Crawford,BOS,0.6
2000,johnsjo08,Jonathan Johnson,TEX,-0.2
2000,kingra01,Ray King,MIL,1.1
2000,peterch01,Chris Peters,PIT,0.8
2000,reyesca01,Carlos Reyes,2TM,-0.3
2000,reyesca01,Carlos Reyes,PHI,0.0
2000,reyesca01,Carlos Reyes,SDP,-0.3
2000,dicksja01,Jason Dickson,ANA,-0.2
2000,wohlema01,Mark Wohlers,CIN,0.2
2000,rosadjo01,José Rosado,KCR,0.1
2000,wagnebi02,Billy Wagner,HOU,-0.2
2000,maddumi01,Mike Maddux,HOU,-0.1
2000,wardbr01,Bryan Ward,2TM,0.5
2000,wardbr01,Bryan Ward,PHI,0.5
2000,wardbr01,Bryan Ward,ANA,0.0
2000,coggida01,Dave Coggin,PHI,-0.2
2000,masaoon01,Onan Masaoka,LAD,0.4
2000,powelja04,Jay Powell,HOU,0.0
2000,kohlmry01,Ryan Kohlmeier,BAL,0.9
2000,penaje01,Jesús Peña,2TM,-0.1
2000,penaje01,Jesús Peña,CHW,-0.2
2000,penaje01,Jesús Peña,BOS,0.1
2000,powelje01,Jeremy Powell,MON,-0.6
2000,ryanja04,Jason Ryan,MIN,-0.3
2000,larkian01,Andy Larkin,2TM,-0.8
2000,larkian01,Andy Larkin,CIN,0.0
2000,larkian01,Andy Larkin,KCR,-0.8
2000,holzema01,Mark Holzemer,PHI,-0.7
2000,munrope01,Peter Munro,TOR,-0.2
2000,stechge01,Gene Stechschulte,STL,-0.7
2000,thompma01,Mark Thompson,STL,-0.4
2000,hershor01,Orel Hershiser,LAD,-2.0
2000,lopezro02,Rodrigo López,SDP,-0.7
2000,estraho01,Horacio Estrada,MIL,-0.2
2000,telemam01,Amaury Telemaco,PHI,-0.6
2000,johnsma05,Mark Johnson,DET,-0.5
2000,spurgja01,Jay Spurgeon,BAL,0.1
2000,vosbeed01,Ed Vosberg,PHI,0.4
2000,madurca01,Calvin Maduro,BAL,-0.8
2000,marquja01,Jason Marquis,ATL,-0.2
2000,schrest02,Steve Schrenk,PHI,-0.4
2000,wheelda01,Dan Wheeler,TBD,0.2
2000,biddlro01,Rocky Biddle,CHW,-0.6
2000,perezyo01,Yorkis Pérez,HOU,-0.2
2000,weberbe01,Ben Weber,2TM,-0.5
2000,weberbe01,Ben Weber,SFG,-0.8
2000,weberbe01,Ben Weber,ANA,0.3
2000,watsoal01,Allen Watson,NYY,-0.6
2000,jonesbo04,Bobby Jones,NYM,0.1
2000,rakerja01,Jason Rakers,KCR,-0.6
2000,frankwa01,Wayne Franklin,HOU,0.0
2000,whisema01,Matt Whisenant,SDP,0.0
2000,prokolu01,Luke Prokopec,LAD,0.3
2000,seaneru01,Rudy Seánez,ATL,0.1
2000,andrecl01,Clayton Andrews,TOR,-0.6
2000,lincomi01,Mike Lincoln,MIN,-0.6
2000,aldresc01,Scott Aldred,PHI,-0.1
2000,luebbla01,Larry Luebbers,CIN,-0.4
2000,sparkje01,Jeff Sparks,TBD,0.4
2000,rincori01,Ricardo Rincón,CLE,0.6
2000,mohlemi01,Mike Mohler,2TM,-1.0
2000,mohlemi01,Mike Mohler,STL,-1.0
2000,mohlemi01,Mike Mohler,CLE,0.0
2000,stronjo01,Joe Strong,FLA,-0.5
2000,reyesal01,Alberto Reyes,2TM,0.1
2000,reyesal01,Alberto Reyes,BAL,-0.2
2000,reyesal01,Alberto Reyes,LAD,0.3
2000,murrada02,Dan Murray,KCR,0.3
2000,pineijo01,Joel Piñeiro,SEA,0.0
2000,vizcalu01,Luis Vizcaíno,OAK,-0.3
2000,holmeda01,Darren Holmes,3TM,-1.0
2000,holmeda01,Darren Holmes,2TM,-0.5
2000,holmeda01,Darren Holmes,ARI,-0.3
2000,holmeda01,Darren Holmes,STL,-0.3
2000,holmeda01,Darren Holmes,BAL,-0.4
2000,eyresc01,Scott Eyre,CHW,-0.1
2000,weaveer01,Eric Weaver,ANA,-0.4
2000,greenja01,Jason Green,HOU,-0.4
2000,olsongr01,Gregg Olson,LAD,-0.1
2000,deltomi01,Miguel Del Toro,SFG,0.0
2000,hodgeke01,Kevin Hodges,SEA,0.1
2000,choatra01,Randy Choate,NYY,0.1
2000,bruskji01,Jim Bruske,MIL,-0.5
2000,depause01,Sean DePaula,CLE,0.0
2000,laxtobr01,Brett Laxton,KCR,-0.2
2000,mcmicgr01,Greg McMichael,ATL,0.1
2000,milletr02,Trever Miller,2TM,-0.7
2000,milletr02,Trever Miller,PHI,-0.5
2000,milletr02,Trever Miller,LAD,-0.2
2000,crousri01,Rich Croushore,2TM,-0.2
2000,crousri01,Rich Croushore,COL,-0.2
2000,crousri01,Rich Croushore,BOS,0.0
2000,boehrbr01,Brian Boehringer,SDP,-0.4
2000,figuene01,Nelson Figueroa,ARI,-0.1
2000,riedljo01,John Riedling,CIN,0.2
2000,wittbo01,Bobby Witt,CLE,-0.2
2000,fioreto01,Tony Fiore,TBD,-0.5
2000,molinga01,Gabe Molina,2TM,-0.4
2000,molinga01,Gabe Molina,BAL,-0.3
2000,molinga01,Gabe Molina,ATL,-0.1
2000,daviska01,Kane Davis,2TM,-0.9
2000,daviska01,Kane Davis,CLE,-0.9
2000,daviska01,Kane Davis,MIL,0.0
2000,karchma01,Matt Karchner,CHC,-0.2
2000,maureda01,Dave Maurer,SDP,0.2
2000,skrmema01,Matt Skrmetta,2TM,-0.9
2000,skrmema01,Matt Skrmetta,MON,-0.4
2000,skrmema01,Matt Skrmetta,PIT,-0.6
2000,blankma01,Matt Blank,MON,0.2
2000,kolbbr01,Brandon Kolb,SDP,0.0
2000,mercahe01,Héctor Mercado,CIN,0.1
2000,bradfch01,Chad Bradford,CHW,0.4
2000,cressja01,Jack Cressend,MIN,0.1
2000,d'amije02,Jeff D'Amico,KCR,-0.3
2000,dewitma01,Matt DeWitt,TOR,-0.3
2000,dipotje01,Jerry Dipoto,COL,0.3
2000,housecr01,Craig House,COL,-0.1
2000,taylobi04,Billy Taylor,TBD,-0.4
2000,rigbybr01,Brad Rigby,2TM,-0.7
2000,rigbybr01,Brad Rigby,KCR,-0.6
2000,rigbybr01,Brad Rigby,MON,-0.2
2000,carragi01,Giovanni Carrara,COL,-0.7
2000,urbinug01,Ugueth Urbina,MON,0.3
2000,staniro01,Rob Stanifer,BOS,-0.6
2000,daveyto01,Tom Davey,SDP,0.7
2000,einerda01,Darrell Einertson,NYY,0.0
2000,o'conbr02,Brian O'Connor,PIT,-0.3
2000,levraal01,Allen Levrault,MIL,0.0
2000,linebsc01,Scott Linebrink,2TM,0.0
2000,linebsc01,Scott Linebrink,SFG,-0.1
2000,linebsc01,Scott Linebrink,HOU,0.1
2000,leesa01,Sang-Hoon Lee,BOS,0.3
2000,natiojo01,Joey Nation,CHC,-0.2
2000,parrajo01,José Parra,PIT,-0.1
2000,garcimi03,Mike Garcia,PIT,-0.9
2000,sprinde01,Dennis Springer,NYM,-0.3
2000,dingmcr01,Craig Dingman,NYY,0.0
2000,fordbe01,Ben Ford,NYY,-0.2
2000,keislra01,Randy Keisler,NYY,-0.4
2000,palacvi01,Vicente Palacios,SDP,-0.3
2000,pooleji02,Jim Poole,2TM,-0.6
2000,pooleji02,Jim Poole,DET,-0.2
2000,pooleji02,Jim Poole,MON,-0.4
2000,morrija03,Jim Morris,TBD,-0.1
2000,mullesc01,Scott Mullen,KCR,0.1
2000,sauveri01,Rich Sauveur,OAK,0.1
2000,cammaer01,Eric Cammack,NYM,0.0
2000,mcdilal01,Allen McDill,DET,-0.2
2000,wengedo01,Don Wengert,ATL,-0.2
2000,spoljpa01,Paul Spoljaric,KCR,0.0
2000,cairnca01,Cameron Cairncross,CLE,0.2
2000,endertr01,Trevor Enders,TBD,-0.5
2000,gintema01,Matt Ginter,CHW,-0.4
2000,matthmi01,Mike Matthews,STL,-0.5
2000,breale01,Leslie Brea,BAL,-0.3
2000,drewti01,Tim Drew,CLE,-0.4
2000,nichtch01,Chris Nichting,CLE,-0.1
2000,ramirhe01,Héctor Ramírez,MIL,-0.3
2000,ruffijo01,Johnny Ruffin,ARI,-0.3
2000,willima09,Matt Williams,MIL,-0.2
2000,nortoph01,Phil Norton,CHC,-0.4
2000,wainhda01,Dave Wainhouse,STL,-0.3
2000,bochtdo01,Doug Bochtler,KCR,-0.1
2000,mcglike01,Kevin McGlinchy,ATL,0.1
2000,lillyte01,Ted Lilly,NYY,0.0
2000,glaubke01,Keith Glauber,CIN,0.1
2000,jacquth01,Thomas Jacquez,PHI,-0.6
2000,winchsc01,Scott Winchester,CIN,0.1
2000,riverlu02,Luis Rivera,2TM,0.4
2000,riverlu02,Luis Rivera,ATL,0.4
2000,riverlu02,Luis Rivera,BAL,0.1
2000,clontbr01,Brad Clontz,PIT,0.0
2000,robergr01,Grant Roberts,NYM,-0.4
2000,tucket.01,T.J. Tucker,MON,-0.3
2000,youngti01,Tim Young,BOS,0.0
2000,grillja01,Jason Grilli,FLA,0.0
2000,pulsibi01,Bill Pulsipher,NYM,-0.4
2000,spencse01,Sean Spencer,MON,0.0
2000,tessmja01,Jay Tessmer,NYY,-0.1
2000,westbja01,Jake Westbrook,NYY,-0.3
2000,byrdati01,Tim Byrdak,KCR,-0.5
2000,gundeer01,Eric Gunderson,TOR,-0.1
2000,watsoma03,Mark Watson,CLE,-0.2
2000,alvarju01,Juan Alvarez,ANA,-0.3
2000,buddimi01,Mike Buddie,MIL,0.1
2000,vogelry01,Ryan Vogelsong,SFG,0.2
2000,zerbech01,Chad Zerbe,SFG,0.0
2000,larayo01,Yovanny Lara,MON,0.0
2000,leeda01,David Lee,COL,-0.4
2000,montgst01,Steve Montgomery,SDP,-0.3
2000,willije02,Jeff Williams,LAD,-0.7
2000,borkoda01,Dave Borkowski,DET,-0.5
2000,motada01,Danny Mota,MIN,-0.1
2000,ontivst02,Steve Ontiveros,BOS,-0.2
2000,roquera01,Rafael Roque,MIL,-0.1
2000,brownma04,Mark Brownson,PHI,-0.1
2000,bruneju01,Justin Brunette,STL,0.0
2000,estrele01,Leo Estrella,TOR,0.0
2000,meachru01,Rusty Meacham,HOU,-0.1
2000,walkepe01,Pete Walker,COL,-0.2
2000,grosski01,Kip Gross,HOU,-0.4
2000,smithbr03,Brian Smith,PIT,-0.1
2000,villabr01,Brandon Villafuerte,DET,-0.1
2000,cocopa01,Pasqual Coco,TOR,-0.1
2000,juddmi01,Mike Judd,LAD,-0.3
2000,munozmi01,Mike Munoz,TEX,-0.2
2000,rodrijo04,José Rodríguez,STL,0.0
2000,sparkst02,Steve Sparks,PIT,0.0
2000,balejo01,John Bale,TOR,-0.2
2000,hiljuer01,Erik Hiljus,DET,0.0
2000,belitto01,Todd Belitz,OAK,0.0
2000,bulliki01,Kirk Bullinger,PHI,0.0
2000,ohmanwi01,Will Ohman,CHC,-0.1
2000,smithda07,Dan Smith,BOS,-0.1
2000,carlybu01,Buddy Carlyle,SDP,-0.2
2000,charlno01,Norm Charlton,CIN,-0.3
2000,martiwi01,Willie Martínez,CLE,0.1
2000,runyase01,Sean Runyan,DET,0.0
2000,steveda01,Dave Stevens,ATL,-0.1
2000,tolarke01,Kevin Tolar,DET,0.1
2000,yarnaed01,Ed Yarnall,NYY,-0.2
2000,youngda01,Danny Young,CHC,-0.4
2000,hackmlu01,Luther Hackman,STL,-0.1
2000,kidama01,Masao Kida,DET,-0.1
2000,mannji01,Jim Mann,NYM,-0.1
2000,myettaa01,Aaron Myette,CHW,0.2
2000,nickldo01,Doug Nickle,PHI,-0.1
2000,villeis01,Ismael Villegas,ATL,-0.1
2000,moragda01,David Moraga,2TM,-0.8
2000,moragda01,David Moraga,MON,-0.6
2000,moragda01,David Moraga,COL,-0.1
2000,duvalmi01,Mike Duvall,TBD,-0.1
2000,jonesma02,Marcus Jones,OAK,-0.1
2000,oroscje01,Jesse Orosco,STL,-0.3
2000,bogarti01,Tim Bogar,HOU,0.0
2000,maireos01,Oswaldo Mairena,CHC,-0.1
2000,myersro01,Rodney Myers,SDP,0.0
2000,riggaje01,Jerrod Riggan,NYM,0.0
2000,guzmaju01,Juan Guzmán,TBD,-0.4
2000,hinchbr01,Brett Hinchliffe,ANA,0.0
2000,scanlbo01,Bob Scanlan,MIL,-0.3
2000,seelbch02,Chris Seelbach,ATL,-0.1
2000,beltrri01,Rigo Beltrán,COL,-0.3
2000,newmaal02,Alan Newman,CLE,-0.1
2000,bellde01,Derek Bell,NYM,-0.1
2000,guzmado01,Domingo Guzmán,SDP,0.0
2000,haneych01,Chris Haney,CLE,0.0
2000,maynebr01,Brent Mayne,COL,0.1
2000,menecfr01,Frank Menechino,OAK,-0.1
2000,osikke01,Keith Osik,PIT,-0.1
2000,ratlijo01,Jon Ratliff,OAK,0.0
2000,kolbda01,Danny Kolb,TEX,-0.2
2000,mabryjo01,John Mabry,SEA,-0.1
2000,sheldsc01,Scott Sheldon,TEX,0.0
2000,haltesh01,Shane Halter,DET,0.0
2000,radinsc01,Scott Radinsky,STL,0.0
2001,schilcu01,Curt Schilling,ARI,8.8
2001,johnsra05,Randy Johnson,ARI,10.1
2001,garcifr03,Freddy García,SEA,4.2
2001,hudsoti01,Tim Hudson,OAK,4.5
2001,parkch01,Chan Ho Park,LAD,4.2
2001,maysjo01,Joe Mays,MIN,6.6
2001,maddugr01,Greg Maddux,ATL,5.2
2001,liebejo01,Jon Lieber,CHC,3.9
2001,sparkst01,Steve Sparks,DET,4.5
2001,muldema01,Mark Mulder,OAK,5.6
2001,weaveje01,Jeff Weaver,DET,3.4
2001,mussimi01,Mike Mussina,NYY,7.1
2001,kileda01,Darryl Kile,STL,4.9
2001,hernali01,Liván Hernández,SFG,-0.9
2001,radkebr01,Brad Radke,MIN,4.4
2001,vazquja01,Javier Vázquez,MON,5.8
2001,colonba01,Bartolo Colon,CLE,4.6
2001,buehrma01,Mark Buehrle,CHW,6.0
2001,miltoer01,Eric Milton,MIN,3.6
2001,clemero02,Roger Clemens,NYY,5.7
2001,williwo02,Woody Williams,2TM,2.7
2001,williwo02,Woody Williams,SDP,0.5
2001,williwo02,Woody Williams,STL,2.2
2001,burkejo03,John Burkett,ATL,4.8
2001,glavito02,Tom Glavine,ATL,3.6
2001,ortizru01,Russ Ortiz,SFG,4.1
2001,suppaje01,Jeff Suppan,KCR,2.4
2001,morrima01,Matt Morris,STL,4.1
2001,carpech01,Chris Carpenter,TOR,3.2
2001,helliri01,Rick Helling,TEX,1.9
2001,seleaa01,Aaron Sele,SEA,2.5
2001,zitoba01,Barry Zito,OAK,4.5
2001,millewa04,Wade Miller,HOU,5.3
2001,dempsry01,Ryan Dempster,FLA,0.1
2001,moyerja01,Jamie Moyer,SEA,3.4
2001,ortizra02,Ramón Ortiz,ANA,2.3
2001,persoro01,Robert Person,PHI,1.7
2001,ritchto01,Todd Ritchie,PIT,1.9
2001,appieke01,Kevin Appier,NYM,3.5
2001,anderji02,Jimmy Anderson,PIT,1.5
2001,lopezal02,Albie Lopez,2TM,1.1
2001,lopezal02,Albie Lopez,TBD,-0.4
2001,lopezal02,Albie Lopez,ARI,1.5
2001,schoesc01,Scott Schoeneweis,ANA,1.2
2001,desseel01,Elmer Dessens,CIN,4.3
2001,pennybr01,Brad Penny,FLA,2.7
2001,hamptmi01,Mike Hampton,COL,0.3
2001,reedri01,Rick Reed,2TM,2.8
2001,reedri01,Rick Reed,NYM,2.9
2001,reedri01,Rick Reed,MIN,-0.1
2001,pettian01,Andy Pettitte,NYY,3.5
2001,nomohi01,Hideo Nomo,BOS,3.1
2001,armasto02,Tony Armas,MON,3.1
2001,johnsja02,Jason Johnson,BAL,1.4
2001,rueteki01,Kirk Rueter,SFG,1.2
2001,sturtta01,Tanyon Sturtze,TBD,3.3
2001,jonesbo03,Bobby Jones,SDP,-1.4
2001,wrighja01,Jamey Wright,MIL,0.4
2001,jarvike01,Kevin Jarvis,SDP,1.4
2001,washbja01,Jarrod Washburn,ANA,3.8
2001,hermadu01,Dustin Hermanson,STL,0.3
2001,loaizes01,Esteban Loaiza,TOR,1.4
2001,bereja01,Jason Bere,CHC,1.8
2001,lidleco01,Cory Lidle,OAK,3.5
2001,leiteal01,Al Leiter,NYM,3.0
2001,davisdo02,Doug Davis,TEX,3.2
2001,daalom01,Omar Daal,PHI,0.4
2001,mercejo02,José Mercedes,BAL,-0.5
2001,reynosh01,Shane Reynolds,HOU,2.8
2001,reitsch01,Chris Reitsma,CIN,0.5
2001,sabatc.01,CC Sabathia,CLE,2.9
2001,durbich01,Chad Durbin,KCR,1.2
2001,ruschgl01,Glendon Rusch,NYM,0.5
2001,baldwja01,James Baldwin,2TM,1.8
2001,baldwja01,James Baldwin,CHW,0.7
2001,baldwja01,James Baldwin,LAD,1.2
2001,woodke02,Kerry Wood,CHC,3.4
2001,trachst01,Steve Trachsel,NYM,1.1
2001,burnea.01,A.J. Burnett,FLA,1.7
2001,hayneji01,Jimmy Haynes,MIL,0.9
2001,neaglde01,Denny Neagle,COL,1.3
2001,rapppa01,Pat Rapp,ANA,1.6
2001,astacpe01,Pedro Astacio,2TM,2.0
2001,astacpe01,Pedro Astacio,COL,1.1
2001,astacpe01,Pedro Astacio,HOU,0.9
2001,clemema01,Matt Clement,FLA,-0.1
2001,wakefti01,Tim Wakefield,BOS,2.7
2001,tapanke01,Kevin Tapani,CHC,1.1
2001,mlickda01,Dave Mlicki,2TM,-0.9
2001,mlickda01,Dave Mlicki,DET,-1.2
2001,mlickda01,Dave Mlicki,HOU,0.3
2001,adamste01,Terry Adams,LAD,2.0
2001,limajo01,José Lima,2TM,-0.2
2001,limajo01,José Lima,HOU,-1.1
2001,limajo01,José Lima,DET,0.9
2001,valdeis01,Ismael Valdéz,ANA,2.2
2001,abbotpa01,Paul Abbott,SEA,1.3
2001,wolfra02,Randy Wolf,PHI,1.8
2001,tavarju01,Julián Tavárez,CHC,-0.1
2001,chacosh01,Shawn Chacón,COL,1.8
2001,estessh01,Shawn Estes,SFG,1.6
2001,oliveda02,Darren Oliver,TEX,0.4
2001,gagneer01,Eric Gagné,LAD,0.3
2001,holtch01,Chris Holt,DET,-0.1
2001,sheetbe01,Ben Sheets,MIL,0.6
2001,wilsopa02,Paul Wilson,TBD,0.6
2001,burbada01,Dave Burba,CLE,-0.9
2001,schmija01,Jason Schmidt,2TM,2.1
2001,schmija01,Jason Schmidt,PIT,1.0
2001,schmija01,Jason Schmidt,SFG,1.0
2001,bellro01,Rob Bell,2TM,-0.4
2001,bellro01,Rob Bell,CIN,0.4
2001,bellro01,Rob Bell,TEX,-0.7
2001,thurmmi01,Mike Thurman,MON,0.8
2001,chenbr01,Bruce Chen,2TM,-0.4
2001,chenbr01,Bruce Chen,PHI,-0.3
2001,chenbr01,Bruce Chen,NYM,-0.1
2001,rupery01,Ryan Rupe,TBD,-1.5
2001,oswalro01,Roy Oswalt,HOU,4.7
2001,rekarbr01,Bryan Rekar,TBD,-0.7
2001,towerjo01,Josh Towers,BAL,1.6
2001,hamiljo02,Joey Hamilton,2TM,-0.6
2001,hamiljo02,Joey Hamilton,TOR,-0.6
2001,hamiljo02,Joey Hamilton,CIN,0.0
2001,batismi01,Miguel Batista,ARI,2.9
2001,ponsosi01,Sidney Ponson,BAL,0.6
2001,prokolu01,Luke Prokopec,LAD,0.8
2001,castifr01,Frank Castillo,BOS,2.3
2001,michach01,Chris Michalak,2TM,1.6
2001,michach01,Chris Michalak,TOR,0.8
2001,michach01,Chris Michalak,TEX,0.8
2001,coneda01,David Cone,BOS,1.9
2001,anderbr02,Brian Anderson,ARI,-0.9
2001,wellski01,Kip Wells,CHW,0.7
2001,elartsc01,Scott Elarton,2TM,-1.3
2001,elartsc01,Scott Elarton,HOU,-1.2
2001,elartsc01,Scott Elarton,COL,-0.1
2001,roberwi01,Willis Roberts,BAL,0.6
2001,steinbl01,Blake Stein,KCR,1.3
2001,levraal01,Allen Levrault,MIL,-1.1
2001,broweji01,Jim Brower,CIN,1.9
2001,marquja01,Jason Marquis,ATL,0.9
2001,biddlro01,Rocky Biddle,CHW,0.0
2001,lowese01,Sean Lowe,CHW,2.7
2001,escobke01,Kelvim Escobar,TOR,2.9
2001,reichda01,Dan Reichert,KCR,0.1
2001,millwke01,Kevin Millwood,ATL,0.6
2001,lillyte01,Ted Lilly,NYY,0.1
2001,rogerke01,Kenny Rogers,TEX,0.2
2001,suzukma01,Mac Suzuki,3TM,-0.9
2001,suzukma01,Mac Suzuki,2TM,-0.8
2001,suzukma01,Mac Suzuki,KCR,-0.2
2001,suzukma01,Mac Suzuki,COL,-0.6
2001,suzukma01,Mac Suzuki,MIL,-0.2
2001,kennejo04,Joe Kennedy,TBD,1.7
2001,tollbbr01,Brian Tollberg,SDP,1.8
2001,garlajo01,Jon Garland,CHW,1.6
2001,eatonad01,Adam Eaton,SDP,1.1
2001,martipe02,Pedro Martínez,BOS,5.1
2001,brownke01,Kevin Brown,LAD,3.1
2001,beimejo01,Joe Beimel,PIT,0.1
2001,lawrebr02,Brian Lawrence,SDP,1.7
2001,villoro01,Ron Villone,2TM,-0.6
2001,villoro01,Ron Villone,COL,-0.3
2001,villoro01,Ron Villone,HOU,-0.3
2001,willida07,David Williams,PIT,2.3
2001,finlech01,Chuck Finley,CLE,-0.1
2001,yoshima01,Masato Yoshii,MON,0.6
2001,halamjo01,John Halama,SEA,-0.9
2001,olivaom01,Omar Olivares,PIT,-1.6
2001,heredgi01,Gil Heredia,OAK,-0.3
2001,wilsokr01,Kris Wilson,KCR,-0.4
2001,benesan01,Andy Benes,STL,-2.5
2001,mahompa01,Pat Mahomes,TEX,0.1
2001,ohkato01,Tomo Ohka,2TM,0.4
2001,ohkato01,Tomo Ohka,BOS,-0.3
2001,ohkato01,Tomo Ohka,MON,0.7
2001,davisla01,Lance Davis,CIN,1.4
2001,parrist01,Steve Parris,TOR,0.8
2001,hallaro01,Roy Halladay,TOR,3.0
2001,doteloc01,Octavio Dotel,HOU,3.0
2001,arrojro01,Rolando Arrojo,BOS,2.3
2001,sullisc01,Scott Sullivan,CIN,2.2
2001,byrdpa01,Paul Byrd,2TM,1.5
2001,byrdpa01,Paul Byrd,PHI,-0.3
2001,byrdpa01,Paul Byrd,KCR,1.7
2001,mendora01,Ramiro Mendoza,NYY,2.0
2001,wellsda01,David Wells,CHW,1.3
2001,glovega01,Gary Glover,CHW,0.5
2001,hergema01,Matt Herges,LAD,1.8
2001,kimby01,Byung-Hyun Kim,ARI,3.1
2001,bohanbr01,Brian Bohanon,COL,-0.5
2001,woodast01,Steve Woodard,CLE,0.7
2001,acevejo01,José Acevedo,CIN,0.2
2001,perezod01,Odalis Pérez,ATL,0.0
2001,coggida01,Dave Coggin,PHI,0.9
2001,reamebr01,Britt Reames,MON,-0.7
2001,dreifda01,Darren Dreifort,LAD,-0.2
2001,hernaor01,Orlando Hernández,NYY,1.4
2001,madurca01,Calvin Maduro,BAL,1.7
2001,thomsjo01,John Thomson,COL,2.2
2001,ellisro02,Robert Ellis,ARI,-0.3
2001,nunezvl01,Vladimir Núñez,FLA,1.7
2001,gardnma01,Mark Gardner,SFG,-0.4
2001,lowede01,Derek Lowe,BOS,2.2
2001,santijo03,José Santiago,2TM,0.1
2001,santijo03,José Santiago,KCR,-0.5
2001,santijo03,José Santiago,PHI,0.5
2001,lohseky01,Kyle Lohse,MIN,-0.2
2001,telemam01,Amaury Telemaco,PHI,-0.9
2001,figuene01,Nelson Figueroa,PHI,0.8
2001,matthmi01,Mike Matthews,STL,1.8
2001,arroybr01,Bronson Arroyo,PIT,0.2
2001,smithch07,Chuck Smith,FLA,0.4
2001,karsast01,Steve Karsay,2TM,2.4
2001,karsast01,Steve Karsay,CLE,2.2
2001,karsast01,Steve Karsay,ATL,0.2
2001,mcknito01,Tony McKnight,2TM,0.6
2001,mcknito01,Tony McKnight,HOU,0.4
2001,mcknito01,Tony McKnight,PIT,0.2
2001,potelo01,Lou Pote,ANA,1.0
2001,weathda01,David Weathers,2TM,2.6
2001,weathda01,David Weathers,MIL,2.0
2001,weathda01,David Weathers,CHC,0.6
2001,carragi01,Giovanni Carrara,LAD,1.7
2001,smithbu02,Bud Smith,STL,0.7
2001,dejeami01,Mike DeJean,MIL,1.5
2001,bierbni01,Nick Bierbrodt,2TM,0.1
2001,bierbni01,Nick Bierbrodt,ARI,-0.3
2001,bierbni01,Nick Bierbrodt,TBD,0.5
2001,quantpa01,Paul Quantrill,TOR,2.4
2001,cruzne01,Nelson Cruz,HOU,0.7
2001,farnsky01,Kyle Farnsworth,CHC,2.1
2001,stricsc02,Scott Strickland,MON,1.3
2001,foulkke01,Keith Foulke,CHW,3.7
2001,beckro01,Rod Beck,BOS,0.8
2001,myettaa01,Aaron Myette,TEX,-0.7
2001,riverma01,Mariano Rivera,NYY,3.4
2001,graveda01,Danny Graves,CIN,1.0
2001,grimsja01,Jason Grimsley,KCR,1.9
2001,rodrife01,Félix Rodríguez,SFG,3.2
2001,stantmi02,Mike Stanton,NYY,2.7
2001,manzajo01,Josías Manzanillo,PIT,1.5
2001,fernaos01,Osvaldo Fernández,CIN,-0.8
2001,rigdopa01,Paul Rigdon,MIL,-0.2
2001,witasja01,Jay Witasick,2TM,0.7
2001,witasja01,Jay Witasick,SDP,0.8
2001,witasja01,Jay Witasick,NYY,-0.1
2001,howrybo01,Bob Howry,CHW,0.7
2001,frankry01,Ryan Franklin,SEA,0.8
2001,worreti01,Tim Worrell,SFG,0.7
2001,trombmi01,Mike Trombley,2TM,0.4
2001,trombmi01,Mike Trombley,BAL,0.9
2001,trombmi01,Mike Trombley,LAD,-0.5
2001,nenro01,Robb Nen,SFG,1.6
2001,petkoma01,Mark Petkovsek,TEX,-1.0
2001,speieju01,Justin Speier,2TM,1.0
2001,speieju01,Justin Speier,CLE,-0.2
2001,speieju01,Justin Speier,COL,1.2
2001,benitar01,Armando Benítez,NYM,1.0
2001,santovi01,Víctor Santos,DET,1.4
2001,henrydo01,Doug Henry,KCR,-0.5
2001,levinal01,Al Levine,ANA,2.3
2001,pineijo01,Joel Piñeiro,SEA,1.5
2001,klinest02,Steve Kline,STL,2.7
2001,remlimi01,Mike Remlinger,ATL,1.7
2001,vanpoto01,Todd Van Poppel,CHC,2.0
2001,powelja04,Jay Powell,2TM,1.1
2001,powelja04,Jay Powell,HOU,0.4
2001,powelja04,Jay Powell,COL,0.7
2001,mcelrch01,Chuck McElroy,2TM,-0.7
2001,mcelrch01,Chuck McElroy,BAL,-0.1
2001,mcelrch01,Chuck McElroy,SDP,-0.6
2001,shawje01,Jeff Shaw,LAD,0.9
2001,tamje01,Jeff Tam,OAK,1.8
2001,filebo01,Bob File,TOR,1.7
2001,georgch02,Chris George,KCR,0.1
2001,wasdijo01,John Wasdin,2TM,0.2
2001,wasdijo01,John Wasdin,COL,-0.2
2001,wasdijo01,John Wasdin,BAL,0.4
2001,carrahe01,Héctor Carrasco,MIN,0.3
2001,fasseje01,Jeff Fassero,CHC,0.9
2001,timlimi01,Mike Timlin,STL,0.3
2001,isrinja01,Jason Isringhausen,OAK,1.9
2001,zimmeje02,Jeff Zimmerman,TEX,3.3
2001,fultzaa01,Aaron Fultz,SFG,-0.3
2001,loopebr01,Braden Looper,FLA,0.9
2001,lloydgr01,Graeme Lloyd,MON,0.5
2001,nagych01,Charles Nagy,CLE,-0.2
2001,hitchst01,Sterling Hitchcock,2TM,0.2
2001,hitchst01,Sterling Hitchcock,SDP,0.3
2001,hitchst01,Sterling Hitchcock,NYY,-0.1
2001,stechge01,Gene Stechschulte,STL,0.1
2001,whiteri01,Rick White,NYM,-0.2
2001,kochbi01,Billy Koch,TOR,0.1
2001,leskacu01,Curt Leskanic,MIL,0.9
2001,mesajo01,José Mesa,PHI,1.0
2001,duckwbr01,Brandon Duckworth,PHI,1.1
2001,jacksmi02,Mike Jackson,HOU,0.4
2001,boehrbr01,Brian Boehringer,2TM,0.6
2001,boehrbr01,Brian Boehringer,NYY,0.7
2001,boehrbr01,Brian Boehringer,SFG,-0.1
2001,wellsbo01,Bob Wells,MIN,0.0
2001,daviska01,Kane Davis,COL,0.7
2001,weberbe01,Ben Weber,ANA,1.1
2001,rhodear01,Arthur Rhodes,SEA,2.5
2001,jonesto02,Todd Jones,2TM,0.0
2001,jonesto02,Todd Jones,DET,-0.3
2001,jonesto02,Todd Jones,MIN,0.3
2001,hernaro01,Roberto Hernández,KCR,0.7
2001,whitega01,Gabe White,COL,-0.3
2001,wickmbo01,Bob Wickman,CLE,2.9
2001,wohlema01,Mark Wohlers,2TM,0.2
2001,wohlema01,Mark Wohlers,CIN,0.0
2001,wohlema01,Mark Wohlers,NYY,0.2
2001,baileco01,Cory Bailey,KCR,1.4
2001,bottari01,Ricky Bottalico,PHI,0.2
2001,garceri01,Rich Garcés,BOS,1.1
2001,wendetu01,Turk Wendell,2TM,-0.1
2001,wendetu01,Turk Wendell,NYM,0.4
2001,wendetu01,Turk Wendell,PHI,-0.5
2001,foxch02,Chad Fox,MIL,2.3
2001,guarded01,Eddie Guardado,MIN,1.3
2001,sasakka01,Kazuhiro Sasaki,SEA,1.1
2001,urbinug01,Ugueth Urbina,2TM,1.2
2001,urbinug01,Ugueth Urbina,MON,0.4
2001,urbinug01,Ugueth Urbina,BOS,0.8
2001,rockejo01,John Rocker,2TM,0.3
2001,rockejo01,John Rocker,ATL,0.5
2001,rockejo01,John Rocker,CLE,-0.2
2001,wrighda02,Dan Wright,CHW,0.1
2001,groombu01,Buddy Groom,BAL,1.1
2001,hiljuer01,Erik Hiljus,OAK,1.4
2001,paniajo01,José Paniagua,SEA,-0.4
2001,veresda01,Dave Veres,STL,0.5
2001,mulhote01,Terry Mulholland,2TM,0.3
2001,mulhote01,Terry Mulholland,PIT,0.6
2001,mulhote01,Terry Mulholland,LAD,-0.4
2001,nelsoje01,Jeff Nelson,SEA,1.3
2001,pettyad01,Adam Pettyjohn,DET,-0.3
2001,romerj.01,J.C. Romero,MIN,-0.6
2001,patteda04,Danny Patterson,DET,1.8
2001,westbja01,Jake Westbrook,CLE,0.0
2001,bonesri01,Ricky Bones,FLA,-0.5
2001,willimi03,Mike Williams,2TM,1.1
2001,willimi03,Mike Williams,PIT,0.8
2001,willimi03,Mike Williams,HOU,0.3
2001,murrahe01,Heath Murray,DET,-0.7
2001,lyonbr01,Brandon Lyon,TOR,1.0
2001,mecirji01,Jim Mecir,OAK,1.2
2001,gomeswa01,Wayne Gomes,2TM,-0.6
2001,gomeswa01,Wayne Gomes,PHI,0.0
2001,gomeswa01,Wayne Gomes,SFG,-0.6
2001,creekdo01,Doug Creek,TBD,0.3
2001,sanchje01,Jesús Sánchez,FLA,0.5
2001,sauersc01,Scott Sauerbeck,PIT,-0.5
2001,wagnebi02,Billy Wagner,HOU,2.4
2001,hentgpa01,Pat Hentgen,BAL,1.5
2001,yanes01,Esteban Yan,TBD,0.3
2001,phelptr01,Travis Phelps,TBD,0.8
2001,alfonan01,Antonio Alfonseca,FLA,0.9
2001,hoffmtr01,Trevor Hoffman,SDP,1.1
2001,aceveju01,Juan Acevedo,2TM,0.1
2001,aceveju01,Juan Acevedo,COL,-0.3
2001,aceveju01,Juan Acevedo,FLA,0.4
2001,venafmi01,Mike Venafro,TEX,0.5
2001,ligteke01,Kerry Ligtenberg,ATL,0.8
2001,cabrejo01,José Cabrera,ATL,0.7
2001,gonzadi01,Dicky González,NYM,0.2
2001,smoltjo01,John Smoltz,ATL,0.8
2001,nunezjo02,José Núñez,2TM,0.5
2001,nunezjo02,José Núñez,LAD,-0.6
2001,nunezjo02,José Núñez,SDP,1.1
2001,reedst01,Steve Reed,2TM,0.7
2001,reedst01,Steve Reed,CLE,0.5
2001,reedst01,Steve Reed,ATL,0.2
2001,redmama01,Mark Redman,2TM,0.4
2001,redmama01,Mark Redman,MIN,0.4
2001,redmama01,Mark Redman,DET,0.0
2001,percitr01,Troy Percival,ANA,1.9
2001,queveru01,Rubén Quevedo,MIL,0.6
2001,cressja01,Jack Cressend,MIN,0.8
2001,anderma01,Matt Anderson,DET,0.0
2001,hasegsh01,Shigetoshi Hasegawa,ANA,0.5
2001,redditi01,Tim Redding,HOU,-0.1
2001,magnami01,Mike Magnante,OAK,1.0
2001,jimenjo01,José Jiménez,COL,1.0
2001,kingra01,Ray King,MIL,1.0
2001,shueypa01,Paul Shuey,CLE,0.9
2001,rincori01,Ricardo Rincón,CLE,1.6
2001,embreal01,Alan Embree,2TM,-1.2
2001,embreal01,Alan Embree,SFG,-1.2
2001,embreal01,Alan Embree,CHW,0.0
2001,swindgr01,Greg Swindell,ARI,0.7
2001,borbope02,Pedro Borbón,TOR,0.9
2001,francjo01,John Franco,NYM,0.3
2001,mercahe01,Héctor Mercado,CIN,0.7
2001,reyesde01,Dennys Reyes,CIN,0.0
2001,ryanb.01,B.J. Ryan,BAL,-0.1
2001,guthrma01,Mark Guthrie,OAK,0.1
2001,botteke01,Kent Bottenfield,HOU,-0.8
2001,cunnawi01,Will Cunnane,MIL,-0.4
2001,cormirh01,Rhéal Cormier,PHI,0.0
2001,hawkila01,LaTroy Hawkins,MIN,-0.7
2001,sabeler01,Erik Sabel,ARI,0.4
2001,zambrvi01,Víctor Zambrano,TBD,1.0
2001,nitkoc.01,C.J. Nitkowski,2TM,-0.1
2001,nitkoc.01,C.J. Nitkowski,DET,-0.3
2001,nitkoc.01,C.J. Nitkowski,NYM,0.2
2001,keislra01,Randy Keisler,NYY,-0.1
2001,baezda01,Danys Báez,CLE,1.0
2001,meadobr01,Brian Meadows,KCR,-0.6
2001,wallaje01,Jeff Wallace,TBD,0.5
2001,motagu01,Guillermo Mota,MON,-0.1
2001,brohatr01,Troy Brohawn,ARI,0.3
2001,wisema01,Matt Wise,ANA,0.7
2001,colomje01,Jesús Colomé,TBD,0.8
2001,darenvi01,Vic Darensbourg,FLA,0.2
2001,leeda01,David Lee,SDP,0.7
2001,milletr01,Travis Miller,MIN,-0.1
2001,choatra01,Randy Choate,NYY,0.8
2001,charlno01,Norm Charlton,SEA,0.5
2001,riggaje01,Jerrod Riggan,NYM,0.8
2001,stewasc01,Scott Stewart,MON,0.8
2001,d'amije01,Jeff D'Amico,MIL,-0.9
2001,myersro01,Rodney Myers,SDP,-0.3
2001,fettemi01,Mike Fetters,2TM,-0.5
2001,fettemi01,Mike Fetters,LAD,-0.7
2001,fettemi01,Mike Fetters,PIT,0.2
2001,reynoar02,Armando Reynoso,ARI,-0.2
2001,serrawa01,Wascar Serrano,SDP,-0.9
2001,glynnry01,Ryan Glynn,TEX,-0.5
2001,cookde01,Dennis Cook,2TM,0.0
2001,cookde01,Dennis Cook,NYM,0.2
2001,cookde01,Dennis Cook,PHI,-0.1
2001,gordoto01,Tom Gordon,CHC,0.7
2001,plesada01,Dan Plesac,TOR,1.1
2001,mattetr01,Troy Mattes,MON,-0.4
2001,micelda01,Dan Miceli,2TM,-0.5
2001,micelda01,Dan Miceli,FLA,-0.9
2001,micelda01,Dan Miceli,COL,0.4
2001,cruzju02,Juan Cruz,CHC,1.1
2001,fossuca01,Casey Fossum,BOS,0.4
2001,santajo02,Johan Santana,MIN,0.3
2001,wittbo01,Bobby Witt,ARI,0.5
2001,cornena01,Nate Cornejo,DET,-0.8
2001,duncaco01,Courtney Duncan,CHC,0.0
2001,herndju01,Junior Herndon,SDP,-0.8
2001,pavanca01,Carl Pavano,MON,-0.5
2001,walldo01,Donne Wall,NYM,0.0
2001,jensery01,Ryan Jensen,SFG,0.4
2001,nichtch01,Chris Nichting,2TM,-0.1
2001,nichtch01,Chris Nichting,CIN,-0.1
2001,nichtch01,Chris Nichting,COL,0.1
2001,munozbo01,Bobby Muñoz,MON,0.3
2001,buddimi01,Mike Buddie,MIL,0.3
2001,kimsu01,Sun-Woo Kim,BOS,0.0
2001,morenju02,Juan Moreno,TEX,0.6
2001,almanar01,Armando Almanza,FLA,-0.2
2001,prinzbr01,Bret Prinz,ARI,1.2
2001,kohlmry01,Ryan Kohlmeier,BAL,-0.9
2001,lincomi01,Mike Lincoln,PIT,0.8
2001,reithbr01,Brian Reith,CIN,-0.7
2001,myersmi01,Mike Myers,COL,1.3
2001,gintema01,Matt Ginter,CHW,0.2
2001,jennija01,Jason Jennings,COL,0.3
2001,perisma01,Matt Perisho,DET,-0.4
2001,rodriri02,Rich Rodriguez,CLE,0.0
2001,zerbech01,Chad Zerbe,SFG,0.0
2001,daveyto01,Tom Davey,SDP,0.0
2001,jamesmi01,Mike James,STL,-0.3
2001,morgami01,Mike Morgan,ARI,0.3
2001,mathet.01,T.J. Mathews,2TM,0.1
2001,mathet.01,T.J. Mathews,OAK,-0.1
2001,mathet.01,T.J. Mathews,STL,0.2
2001,holtzmi01,Mike Holtz,ANA,-0.1
2001,bradfch01,Chad Bradford,OAK,1.0
2001,dresery01,Ryan Drese,CLE,0.9
2001,vizcalu01,Luis Vizcaíno,OAK,0.2
2001,marteda01,Dámaso Marte,PIT,0.1
2001,chrisja01,Jason Christiansen,2TM,0.8
2001,chrisja01,Jason Christiansen,STL,0.1
2001,chrisja01,Jason Christiansen,SFG,0.8
2001,crawfpa02,Paxton Crawford,BOS,0.6
2001,leitema01,Mark Leiter,MIL,0.5
2001,seaneru01,Rudy Seánez,2TM,0.8
2001,seaneru01,Rudy Seánez,SDP,0.6
2001,seaneru01,Rudy Seánez,ATL,0.2
2001,hackmlu01,Luther Hackman,STL,0.0
2001,harnipe01,Pete Harnisch,CIN,-0.5
2001,meachru01,Rusty Meacham,TBD,-0.3
2001,drewti01,Tim Drew,CLE,-1.2
2001,heredfe01,Félix Heredia,CHC,-0.7
2001,pichahi01,Hipólito Pichardo,BOS,-0.1
2001,tomkobr01,Brett Tomko,SEA,-0.5
2001,vogelry01,Ryan Vogelsong,2TM,-0.9
2001,vogelry01,Ryan Vogelsong,SFG,-0.4
2001,vogelry01,Ryan Vogelsong,PIT,-0.5
2001,padilvi01,Vicente Padilla,PHI,-0.1
2001,riedljo01,John Riedling,CIN,1.4
2001,bauerri01,Rick Bauer,BAL,0.0
2001,brockch01,Chris Brock,PHI,0.0
2001,silvajo01,José Silva,PIT,-0.5
2001,macrasc01,Scott MacRae,CIN,0.4
2001,peterch01,Chris Peters,MON,-0.5
2001,schoupe01,Pete Schourek,BOS,0.1
2001,pulsibi01,Bill Pulsipher,2TM,-0.4
2001,pulsibi01,Bill Pulsipher,BOS,-0.1
2001,pulsibi01,Bill Pulsipher,CHW,-0.2
2001,borkoda01,Dave Borkowski,DET,-0.2
2001,eischjo01,Joey Eischen,MON,0.1
2001,wrighja02,Jaret Wright,CLE,-0.3
2001,juddmi01,Mike Judd,2TM,-0.4
2001,juddmi01,Mike Judd,TBD,-0.1
2001,juddmi01,Mike Judd,TEX,-0.3
2001,rosebr01,Brian Rose,2TM,-0.4
2001,rosebr01,Brian Rose,NYM,0.0
2001,rosebr01,Brian Rose,TBD,-0.4
2001,paintla01,Lance Painter,2TM,-0.3
2001,paintla01,Lance Painter,TOR,-0.3
2001,paintla01,Lance Painter,MIL,0.1
2001,parquji01,Jim Parque,CHW,-0.5
2001,riskeda01,David Riske,CLE,1.2
2001,paronch01,Chad Paronto,BAL,-0.8
2001,balejo01,John Bale,BAL,0.1
2001,grillja01,Jason Grilli,FLA,-0.2
2001,cubilda01,Darwin Cubillán,MON,0.2
2001,fikacje01,Jeremy Fikac,SDP,1.0
2001,scanlbo01,Bob Scanlan,MON,-0.4
2001,austije01,Jeff Austin,KCR,0.0
2001,politcl01,Cliff Politte,PHI,0.4
2001,robergr01,Grant Roberts,NYM,0.3
2001,reyesal01,Alberto Reyes,LAD,0.2
2001,jodiebr01,Brett Jodie,2TM,-0.2
2001,jodiebr01,Brett Jodie,NYY,-0.3
2001,jodiebr01,Brett Jodie,SDP,0.1
2001,johnsad01,Adam Johnson,MIN,-0.6
2001,coganto01,Tony Cogan,KCR,-0.2
2001,olsongr01,Gregg Olson,LAD,-1.0
2001,willije02,Jeff Williams,LAD,-0.3
2001,ankieri01,Rick Ankiel,STL,-0.6
2001,beckejo02,Josh Beckett,FLA,0.6
2001,blairwi01,Willie Blair,DET,-1.1
2001,winchsc01,Scott Winchester,CIN,-0.3
2001,crabtti01,Tim Crabtree,TEX,-0.4
2001,aybarma01,Manny Aybar,CHC,-0.4
2001,blankma01,Matt Blank,MON,0.0
2001,coppiro01,Rocky Coppinger,MIL,-0.2
2001,lukasma01,Mark Lukasiewicz,ANA,-0.3
2001,wunscke01,Kelly Wunsch,CHW,-0.5
2001,hernaad01,Adrián Hernández,NYY,0.4
2001,parrijo01,John Parrish,BAL,-0.2
2001,juliojo01,Jorge Julio,BAL,-0.1
2001,barcelo01,Lorenzo Barceló,CHW,0.0
2001,brantje01,Jeff Brantley,TEX,0.2
2001,mahayro01,Ron Mahay,CHC,0.4
2001,douglse01,Sean Douglass,BAL,0.1
2001,fyhrimi01,Mike Fyhrie,2TM,0.3
2001,fyhrimi01,Mike Fyhrie,CHC,0.1
2001,fyhrimi01,Mike Fyhrie,OAK,0.2
2001,gandagu01,Gus Gandarillas,MIL,-0.1
2001,lundqda01,David Lundquist,SDP,-0.1
2001,middlja01,Jason Middlebrook,SDP,0.0
2001,standja01,Jason Standridge,TBD,0.2
2001,dewitma01,Matt DeWitt,TOR,0.3
2001,oropeed01,Eddie Oropesa,PHI,-0.1
2001,sprinde01,Dennis Springer,LAD,0.5
2001,pinedlu01,Luis Pineda,DET,0.1
2001,loiseri01,Rich Loiselle,PIT,-1.0
2001,fosteke01,Kevin Foster,TEX,-0.1
2001,hernaca03,Carlos Hernández,HOU,1.0
2001,sprinru01,Russ Springer,ARI,-0.5
2001,wheelda01,Dan Wheeler,TBD,-0.3
2001,wilkima01,Marc Wilkins,PIT,-0.3
2001,martito02,Tom Martin,NYM,-0.9
2001,rijojo01,José Rijo,CIN,0.4
2001,irabuhi01,Hideki Irabu,MON,0.2
2001,erdosto01,Todd Erdos,BOS,0.1
2001,frascjo01,John Frascatore,TOR,0.6
2001,smithro03,Roy Smith,CLE,-0.3
2001,thomabr01,Brad Thomas,MIN,-0.6
2001,whitema02,Matt Whiteside,ATL,-0.3
2001,oroscje01,Jesse Orosco,LAD,0.3
2001,wengedo01,Don Wengert,PIT,-0.9
2001,slusajo01,Joe Slusarski,2TM,-0.4
2001,slusajo01,Joe Slusarski,ATL,-0.2
2001,slusajo01,Joe Slusarski,HOU,-0.3
2001,eyresc01,Scott Eyre,TOR,0.4
2001,martira02,Ramón Martínez,PIT,-0.4
2001,kolbda01,Danny Kolb,TEX,0.2
2001,macdomi01,Mike MacDougal,KCR,0.1
2001,smartj.01,J.D. Smart,TEX,-0.1
2001,willito02,Todd Williams,NYY,0.1
2001,olsenke01,Kevin Olsen,FLA,0.6
2001,saberbr01,Bret Saberhagen,BOS,-0.1
2001,benesal01,Alan Benes,STL,-0.3
2001,duchsju01,Justin Duchscherer,TEX,-0.6
2001,mcdilal01,Allen McDill,BOS,0.0
2001,peterky01,Kyle Peterson,MIL,-0.1
2001,starkde01,Denny Stark,SEA,-0.5
2001,cocopa01,Pasqual Coco,TOR,0.1
2001,millsal01,Alan Mills,BAL,-0.6
2001,coopebr01,Brian Cooper,ANA,0.4
2001,mohlemi01,Mike Mohler,ARI,-0.2
2001,foggjo01,Josh Fogg,CHW,0.5
2001,seaybo01,Bobby Seay,TBD,-0.2
2001,vosbeed01,Ed Vosberg,PHI,0.3
2001,bernead01,Adam Bernero,DET,-0.3
2001,fernaja01,Jared Fernández,CIN,-0.1
2001,dicker.01,R.A. Dickey,TEX,0.0
2001,frankwa01,Wayne Franklin,HOU,-0.2
2001,walkeke02,Kevin Walker,SDP,0.3
2001,ashbyan01,Andy Ashby,LAD,0.2
2001,fuentbr01,Brian Fuentes,SEA,0.1
2001,ohmanwi01,Will Ohman,CHC,-0.3
2001,johnsmi02,Mike Johnson,MON,0.1
2001,piersch01,Chris Piersoll,CIN,0.2
2001,shielsc01,Scot Shields,ANA,0.4
2001,almanca01,Carlos Almánzar,NYY,0.3
2001,bankswi01,Willie Banks,BOS,0.2
2001,knighbr01,Brandon Knight,NYY,-0.4
2001,tolarke01,Kevin Tolar,DET,-0.1
2001,atchlju01,Justin Atchley,CIN,0.0
2001,davenjo01,Joe Davenport,COL,0.0
2001,johnsjo08,Jonathan Johnson,TEX,-0.2
2001,linebsc01,Scott Linebrink,HOU,0.2
2001,fostekr01,Kris Foster,BAL,0.1
2001,koplomi01,Mike Koplove,ARI,-0.1
2001,miadiba01,Bart Miadich,ANA,0.1
2001,mullesc01,Scott Mullen,KCR,0.0
2001,kolbbr01,Brandon Kolb,MIL,-0.7
2001,millema01,Matt Miller,DET,-0.3
2001,fioreto01,Tony Fiore,2TM,0.0
2001,fioreto01,Tony Fiore,TBD,0.0
2001,fioreto01,Tony Fiore,MIN,0.0
2001,baezbe01,Benito Báez,FLA,-0.6
2001,belitto01,Todd Belitz,COL,-0.1
2001,guzmage01,Geraldo Guzmán,ARI,0.1
2001,voylebr01,Brad Voyles,KCR,0.2
2001,bacsimi02,Mike Bacsik,CLE,-0.3
2001,mossda01,Damian Moss,ATL,0.2
2001,floribr01,Bryce Florie,BOS,-0.4
2001,rodrifr02,Frankie Rodriguez,CIN,-0.3
2001,moehlbr01,Brian Moehler,DET,0.2
2001,seelbch02,Chris Seelbach,ATL,-0.1
2001,chouibo01,Bobby Chouinard,COL,-0.1
2001,stoneri01,Ricky Stone,HOU,0.1
2001,zambrca01,Carlos Zambrano,CHC,-0.7
2001,dingmcr01,Craig Dingman,COL,-0.6
2001,hillke01,Ken Hill,TBD,-0.6
2001,beirnke01,Kevin Beirne,TOR,-0.4
2001,harpetr01,Travis Harper,TBD,-0.5
2001,mantema01,Matt Mantei,ARI,0.3
2001,telfoan01,Anthony Telford,MON,-0.5
2001,valdema01,Marc Valdes,ATL,-0.3
2001,chiassc01,Scott Chiasson,CHC,0.2
2001,stronjo01,Joe Strong,FLA,0.2
2001,vininke01,Ken Vining,CHW,-0.6
2001,walkepe01,Pete Walker,NYM,0.2
2001,eldreca01,Cal Eldred,CHW,-0.4
2001,greenst01,Steve Green,ANA,0.2
2001,knottga01,Gary Knotts,FLA,0.0
2001,neugeni01,Nick Neugebauer,MIL,-0.1
2001,rincoju01,Juan Rincón,MIN,-0.1
2001,villabr01,Brandon Villafuerte,TEX,-0.3
2001,mannji01,Jim Mann,HOU,0.1
2001,nealbl01,Blaine Neal,FLA,-0.1
2001,benoijo01,Joaquin Benoit,TEX,-0.2
2001,callami01,Mickey Callaway,TBD,0.0
2001,karnuja01,Jason Karnuth,STL,0.1
2001,lirafe01,Felipe Lira,MON,-0.2
2001,maureda01,Dave Maurer,SDP,-0.2
2001,duvalmi01,Mike Duvall,MIN,-0.1
2001,knotter01,Eric Knott,ARI,-0.5
2001,estraho01,Horacio Estrada,COL,-0.3
2001,loeweca01,Carlton Loewer,SDP,-0.6
2001,osunaan01,Antonio Osuna,CHW,-0.5
2001,hutchch01,Chad Hutchinson,STL,-0.5
2001,mooretr01,Trey Moore,ATL,-0.1
2001,spoonti01,Tim Spooneybarger,ATL,0.1
2001,bowlebr01,Brian Bowles,TOR,0.1
2001,prietar01,Ariel Prieto,TBD,0.1
2001,ruffijo01,Johnny Ruffin,FLA,-0.1
2001,tabakje01,Jeff Tabaka,STL,-0.1
2001,borlato02,Toby Borland,ANA,-0.3
2001,castica02,Carlos Castillo,BOS,0.0
2001,harvich01,Chad Harville,OAK,0.1
2001,parkech01,Christian Parker,NYY,-0.3
2001,powelbr01,Brian Powell,HOU,-0.3
2001,rodriwi01,Wilfredo Rodríguez,HOU,-0.1
2001,balfogr01,Grant Balfour,MIN,-0.1
2001,cordefr01,Francisco Cordero,TEX,0.1
2001,ainswku01,Kurt Ainsworth,SFG,-0.1
2001,breale01,Leslie Brea,BAL,-0.3
2001,christi01,Tim Christman,COL,0.0
2001,hinchbr01,Brett Hinchliffe,NYM,-0.4
2001,nelsojo01,Joe Nelson,ATL,-0.3
2001,nickldo01,Doug Nickle,PHI,0.1
2001,ostinji01,Jimmy Osting,SDP,0.1
2001,radinsc01,Scott Radinsky,CLE,-0.4
2001,taylobi04,Billy Taylor,PIT,0.0
2001,borowjo01,Joe Borowski,CHC,-0.3
2001,coreyma02,Mark Corey,NYM,-0.1
2001,bonilbo01,Bobby Bonilla,STL,-0.1
2001,delosva01,Valerio De Los Santos,MIL,0.0
2001,finlest01,Steve Finley,ARI,0.0
2001,lakerti01,Tim Laker,CLE,0.0
2001,loretma01,Mark Loretta,MIL,0.0
2001,relafde01,Desi Relaford,NYM,0.0
2001,sobkosc01,Scott Sobkowiak,ATL,0.0
2001,willisc01,Scott Williamson,CIN,0.1
2001,donnech01,Chris Donnels,LAD,0.0
2001,mabryjo01,John Mabry,FLA,-0.2
2002,johnsra05,Randy Johnson,ARI,10.7
2002,schilcu01,Curt Schilling,ARI,8.6
2002,hallaro01,Roy Halladay,TOR,7.3
2002,buehrma01,Mark Buehrle,CHW,5.0
2002,hudsoti01,Tim Hudson,OAK,6.9
2002,colonba01,Bartolo Colon,2TM,7.1
2002,colonba01,Bartolo Colon,CLE,4.7
2002,colonba01,Bartolo Colon,MON,2.4
2002,oswalro01,Roy Oswalt,HOU,7.0
2002,moyerja01,Jamie Moyer,SEA,5.6
2002,vazquja01,Javier Vázquez,MON,3.0
2002,zitoba01,Barry Zito,OAK,7.2
2002,byrdpa01,Paul Byrd,KCR,5.6
2002,glavito02,Tom Glavine,ATL,4.1
2002,sturtta01,Tanyon Sturtze,TBD,0.9
2002,garcifr03,Freddy García,SEA,2.9
2002,perezod01,Odalis Pérez,LAD,4.7
2002,nomohi01,Hideo Nomo,LAD,2.7
2002,lowede01,Derek Lowe,BOS,7.2
2002,ortizra02,Ramón Ortiz,ANA,3.1
2002,millwke01,Kevin Millwood,ATL,3.8
2002,sheetbe01,Ben Sheets,MIL,2.6
2002,hernali01,Liván Hernández,SFG,0.5
2002,mussimi01,Mike Mussina,NYY,4.5
2002,ortizru01,Russ Ortiz,SFG,2.8
2002,woodke02,Kerry Wood,CHC,4.4
2002,rogerke01,Kenny Rogers,TEX,4.9
2002,ruschgl01,Glendon Rusch,MIL,0.8
2002,wolfra02,Randy Wolf,PHI,4.3
2002,morrima01,Matt Morris,STL,2.9
2002,lawrebr02,Brian Lawrence,SDP,3.3
2002,sabatc.01,CC Sabathia,CLE,3.3
2002,dempsry01,Ryan Dempster,2TM,-0.2
2002,dempsry01,Ryan Dempster,FLA,0.5
2002,dempsry01,Ryan Dempster,CIN,-0.7
2002,suppaje01,Jeff Suppan,KCR,1.5
2002,muldema01,Mark Mulder,OAK,4.7
2002,wellsda01,David Wells,NYY,3.7
2002,padilvi01,Vicente Padilla,PHI,3.0
2002,washbja01,Jarrod Washburn,ANA,4.5
2002,clemema01,Matt Clement,CHC,4.4
2002,burnea.01,A.J. Burnett,FLA,4.0
2002,leiteal01,Al Leiter,NYM,2.6
2002,tomkobr01,Brett Tomko,SDP,1.7
2002,rueteki01,Kirk Rueter,SFG,2.8
2002,redmama01,Mark Redman,DET,2.7
2002,weaveje01,Jeff Weaver,2TM,4.2
2002,weaveje01,Jeff Weaver,DET,2.7
2002,weaveje01,Jeff Weaver,NYY,1.4
2002,maddugr01,Greg Maddux,ATL,4.4
2002,martipe02,Pedro Martínez,BOS,6.5
2002,wellski01,Kip Wells,PIT,2.8
2002,hayneji01,Jimmy Haynes,CIN,2.5
2002,kennejo04,Joe Kennedy,TBD,1.7
2002,lopezro02,Rodrigo López,BAL,3.7
2002,wrighda02,Dan Wright,CHW,0.0
2002,valdeis01,Ismael Valdéz,2TM,4.3
2002,valdeis01,Ismael Valdéz,TEX,4.1
2002,valdeis01,Ismael Valdéz,SEA,0.2
2002,foggjo01,Josh Fogg,PIT,1.6
2002,pineijo01,Joel Piñeiro,SEA,4.7
2002,wilsopa02,Paul Wilson,TBD,1.5
2002,garlajo01,Jon Garland,CHW,1.4
2002,ohkato01,Tomo Ohka,MON,4.0
2002,lidleco01,Cory Lidle,OAK,3.5
2002,astacpe01,Pedro Astacio,NYM,0.8
2002,finlech01,Chuck Finley,2TM,1.9
2002,finlech01,Chuck Finley,CLE,1.3
2002,finlech01,Chuck Finley,STL,0.5
2002,sparkst01,Steve Sparks,DET,-0.6
2002,appieke01,Kevin Appier,ANA,1.8
2002,reedri01,Rick Reed,MIN,2.8
2002,jennija01,Jason Jennings,COL,2.1
2002,schmija01,Jason Schmidt,SFG,2.4
2002,batismi01,Miguel Batista,ARI,2.1
2002,ashbyan01,Andy Ashby,LAD,1.4
2002,thomsjo01,John Thomson,2TM,0.1
2002,thomsjo01,John Thomson,COL,0.8
2002,thomsjo01,John Thomson,NYM,-0.6
2002,lohseky01,Kyle Lohse,MIN,2.3
2002,clemero02,Roger Clemens,NYY,2.6
2002,mossda01,Damian Moss,ATL,2.0
2002,hamptmi01,Mike Hampton,COL,-1.9
2002,desseel01,Elmer Dessens,CIN,4.0
2002,ponsosi01,Sidney Ponson,BAL,2.5
2002,helliri01,Rick Helling,ARI,2.0
2002,trachst01,Steve Trachsel,NYM,2.5
2002,burkejo03,John Burkett,BOS,1.0
2002,jensery01,Ryan Jensen,SFG,0.1
2002,miltoer01,Eric Milton,MIN,1.0
2002,baezda01,Danys Báez,CLE,2.6
2002,millewa04,Wade Miller,HOU,4.8
2002,armasto02,Tony Armas,MON,1.3
2002,neaglde01,Denny Neagle,COL,0.7
2002,castifr01,Frank Castillo,BOS,-0.3
2002,wakefti01,Tim Wakefield,BOS,3.9
2002,duckwbr01,Brandon Duckworth,PHI,-1.3
2002,daalom01,Omar Daal,LAD,1.4
2002,ericksc01,Scott Erickson,BAL,-0.8
2002,estessh01,Shawn Estes,2TM,0.3
2002,estessh01,Shawn Estes,NYM,0.8
2002,estessh01,Shawn Estes,CIN,-0.5
2002,seleaa01,Aaron Sele,ANA,0.0
2002,anderbr02,Brian Anderson,ARI,1.8
2002,ishiika01,Kazuhisa Ishii,LAD,-0.1
2002,tavarju01,Julián Tavárez,FLA,-1.0
2002,loaizes01,Esteban Loaiza,TOR,0.1
2002,baldwja01,James Baldwin,SEA,0.1
2002,hernaor01,Orlando Hernández,NYY,3.7
2002,d'amije01,Jeff D'Amico,NYM,0.1
2002,parkch01,Chan Ho Park,TEX,0.4
2002,burbada01,Dave Burba,2TM,0.9
2002,burbada01,Dave Burba,TEX,0.6
2002,burbada01,Dave Burba,CLE,0.3
2002,simonja01,Jason Simontacchi,STL,1.0
2002,liebejo01,Jon Lieber,CHC,2.6
2002,anderji02,Jimmy Anderson,PIT,-0.6
2002,walkepe01,Pete Walker,2TM,1.9
2002,walkepe01,Pete Walker,NYM,0.0
2002,walkepe01,Pete Walker,TOR,1.9
2002,tejermi01,Michael Tejera,FLA,0.9
2002,queveru01,Rubén Quevedo,MIL,-1.4
2002,glovega01,Gary Glover,CHW,0.1
2002,reitsch01,Chris Reitsma,CIN,1.2
2002,dresery01,Ryan Drese,CLE,-0.8
2002,adamste01,Terry Adams,PHI,-0.4
2002,pavanca01,Carl Pavano,2TM,-0.7
2002,pavanca01,Carl Pavano,MON,-0.8
2002,pavanca01,Carl Pavano,FLA,0.2
2002,pettian01,Andy Pettitte,NYY,3.2
2002,ritchto01,Todd Ritchie,CHW,-1.7
2002,drisktr01,Travis Driskill,BAL,0.3
2002,johnsja02,Jason Johnson,BAL,1.3
2002,mayda02,Darrell May,KCR,1.1
2002,yoshima01,Masato Yoshii,MON,1.2
2002,bensokr01,Kris Benson,PIT,0.3
2002,pennybr01,Brad Penny,FLA,0.0
2002,wrighja01,Jamey Wright,2TM,-0.5
2002,wrighja01,Jamey Wright,MIL,-0.5
2002,wrighja01,Jamey Wright,STL,0.0
2002,marotmi01,Mike Maroth,DET,1.7
2002,starkde01,Denny Stark,COL,1.7
2002,hamiljo02,Joey Hamilton,CIN,-0.4
2002,asencmi01,Miguel Asencio,KCR,1.9
2002,chacosh01,Shawn Chacón,COL,-0.5
2002,frankry01,Ryan Franklin,SEA,1.0
2002,radkebr01,Brad Radke,MIN,0.6
2002,schoesc01,Scott Schoeneweis,ANA,0.0
2002,priorma01,Mark Prior,CHC,3.0
2002,marquja01,Jason Marquis,ATL,-0.2
2002,zambrvi01,Víctor Zambrano,TBD,-0.5
2002,hernaca03,Carlos Hernández,HOU,1.8
2002,lackejo01,John Lackey,ANA,1.0
2002,santajo02,Johan Santana,MIN,2.7
2002,zambrca01,Carlos Zambrano,CHC,1.4
2002,jonesbo03,Bobby Jones,SDP,-0.4
2002,beckejo02,Josh Beckett,FLA,0.9
2002,fossuca01,Casey Fossum,BOS,0.9
2002,cabrejo01,José Cabrera,MIL,-2.4
2002,williwo02,Woody Williams,STL,2.7
2002,milleju01,Justin Miller,TOR,-0.2
2002,bernead01,Adam Bernero,DET,-0.7
2002,halamjo01,John Halama,SEA,1.5
2002,lillyte01,Ted Lilly,2TM,2.4
2002,lillyte01,Ted Lilly,NYY,2.1
2002,lillyte01,Ted Lilly,OAK,0.3
2002,sosajo02,Jorge Sosa,TBD,0.1
2002,graveda01,Danny Graves,CIN,2.1
2002,nunezvl01,Vladimir Núñez,FLA,1.4
2002,peavyja01,Jake Peavy,SDP,0.8
2002,cruzju02,Juan Cruz,CHC,0.2
2002,doteloc01,Octavio Dotel,HOU,4.2
2002,benesan01,Andy Benes,STL,1.4
2002,timlimi01,Mike Timlin,2TM,1.1
2002,timlimi01,Mike Timlin,STL,1.0
2002,timlimi01,Mike Timlin,PHI,0.1
2002,borowjo01,Joe Borowski,CHC,2.3
2002,maysjo01,Joe Mays,MIN,0.1
2002,bellro01,Rob Bell,TEX,0.0
2002,kochbi01,Billy Koch,OAK,1.8
2002,figuene01,Nelson Figueroa,MIL,-0.3
2002,villoro01,Ron Villone,PIT,-0.7
2002,mendora01,Ramiro Mendoza,NYY,1.5
2002,fioreto01,Tony Fiore,MIN,1.9
2002,carragi01,Giovanni Carrara,LAD,1.1
2002,perezol01,Óliver Pérez,SDP,2.1
2002,rupery01,Ryan Rupe,TBD,-0.2
2002,karsast01,Steve Karsay,NYY,2.5
2002,persoro01,Robert Person,PHI,-1.1
2002,loopebr01,Braden Looper,FLA,1.5
2002,mlickda01,Dave Mlicki,HOU,0.0
2002,bereja01,Jason Bere,CHC,-0.9
2002,harpetr01,Travis Harper,TBD,0.0
2002,beimejo01,Joe Beimel,PIT,-0.1
2002,saarlki01,Kirk Saarloos,HOU,-0.5
2002,benoijo01,Joaquin Benoit,TEX,0.8
2002,kileda01,Darryl Kile,STL,1.0
2002,sedlash01,Shawn Sedlacek,KCR,-0.2
2002,kimby01,Byung-Hyun Kim,ARI,4.0
2002,silvaca01,Carlos Silva,PHI,0.7
2002,bauerri01,Rick Bauer,BAL,0.5
2002,veresda01,Dave Veres,STL,0.6
2002,reyesde01,Dennys Reyes,2TM,0.1
2002,reyesde01,Dennys Reyes,COL,0.5
2002,reyesde01,Dennys Reyes,TEX,-0.4
2002,gagneer01,Eric Gagné,LAD,2.9
2002,jonesto02,Todd Jones,COL,0.5
2002,arrojro01,Rolando Arrojo,BOS,-0.3
2002,vizcalu01,Luis Vizcaíno,MIL,1.8
2002,hackmlu01,Luther Hackman,STL,-0.2
2002,romerj.01,J.C. Romero,MIN,3.6
2002,munrope01,Peter Munro,HOU,1.5
2002,hawkila01,LaTroy Hawkins,MIN,2.3
2002,smoltjo01,John Smoltz,ATL,1.2
2002,broweji01,Jim Brower,2TM,0.4
2002,broweji01,Jim Brower,CIN,0.3
2002,broweji01,Jim Brower,MON,0.1
2002,boehrbr01,Brian Boehringer,PIT,1.4
2002,lowese01,Sean Lowe,2TM,-1.4
2002,lowese01,Sean Lowe,PIT,-0.7
2002,lowese01,Sean Lowe,COL,-0.7
2002,mulhote01,Terry Mulholland,2TM,-0.5
2002,mulhote01,Terry Mulholland,LAD,-0.9
2002,mulhote01,Terry Mulholland,CLE,0.3
2002,sullisc01,Scott Sullivan,CIN,-2.1
2002,cruzne01,Nelson Cruz,HOU,0.4
2002,haranaa01,Aaron Harang,OAK,0.5
2002,escobke01,Kelvim Escobar,TOR,0.9
2002,stantmi02,Mike Stanton,NYY,2.2
2002,weberbe01,Ben Weber,ANA,1.7
2002,affelje01,Jeremy Affeldt,KCR,1.3
2002,biddlro01,Rocky Biddle,CHW,0.5
2002,foulkke01,Keith Foulke,CHW,1.7
2002,chenbr01,Bruce Chen,3TM,-0.6
2002,chenbr01,Bruce Chen,NYM,0.0
2002,chenbr01,Bruce Chen,MON,-0.6
2002,chenbr01,Bruce Chen,CIN,-0.1
2002,stoneri01,Ricky Stone,HOU,0.9
2002,weathda01,David Weathers,NYM,1.2
2002,coggida01,Dave Coggin,PHI,-0.2
2002,rijojo01,José Rijo,CIN,-0.2
2002,quantpa01,Paul Quantrill,LAD,1.1
2002,hammoch01,Chris Hammond,ATL,2.7
2002,mesajo01,José Mesa,PHI,1.2
2002,bradfch01,Chad Bradford,OAK,1.6
2002,parrist01,Steve Parris,TOR,0.2
2002,alvarwi01,Wilson Álvarez,TBD,0.2
2002,dejeami01,Mike DeJean,MIL,1.4
2002,roberwi01,Willis Roberts,BAL,0.6
2002,wagnebi02,Billy Wagner,HOU,2.8
2002,aceveju01,Juan Acevedo,DET,1.2
2002,eyresc01,Scott Eyre,2TM,0.7
2002,eyresc01,Scott Eyre,TOR,0.4
2002,eyresc01,Scott Eyre,SFG,0.3
2002,alfonan01,Antonio Alfonseca,CHC,0.8
2002,hernaru03,Runelvys Hernández,KCR,2.0
2002,reynosh01,Shane Reynolds,HOU,0.6
2002,willisc01,Scott Williamson,CIN,1.6
2002,nenro01,Robb Nen,SFG,2.4
2002,politcl01,Cliff Politte,2TM,1.0
2002,politcl01,Cliff Politte,PHI,-0.2
2002,politcl01,Cliff Politte,TOR,1.2
2002,carpech01,Chris Carpenter,TOR,0.5
2002,jimenjo01,José Jiménez,COL,1.1
2002,redditi01,Tim Redding,HOU,-0.2
2002,vanpoto01,Todd Van Poppel,TEX,0.2
2002,lincomi01,Mike Lincoln,PIT,1.1
2002,myersbr01,Brett Myers,PHI,0.0
2002,worreti01,Tim Worrell,SFG,1.5
2002,prokolu01,Luke Prokopec,TOR,-0.7
2002,grimsja01,Jason Grimsley,KCR,1.6
2002,roajo01,Joe Roa,PHI,0.4
2002,wohlema01,Mark Wohlers,CLE,0.2
2002,hasegsh01,Shigetoshi Hasegawa,SEA,1.4
2002,farnsje01,Jeff Farnsworth,DET,-0.2
2002,rhodear01,Arthur Rhodes,SEA,2.7
2002,fikacje01,Jeremy Fikac,SDP,-1.3
2002,puffebr01,Brandon Puffer,HOU,0.4
2002,rodrife01,Félix Rodríguez,SFG,-0.1
2002,yanes01,Esteban Yan,TBD,0.6
2002,fasseje01,Jeff Fassero,2TM,-0.5
2002,fasseje01,Jeff Fassero,CHC,-0.9
2002,fasseje01,Jeff Fassero,STL,0.4
2002,stricsc02,Scott Strickland,2TM,0.8
2002,stricsc02,Scott Strickland,MON,0.0
2002,stricsc02,Scott Strickland,NYM,0.8
2002,howrybo01,Bob Howry,2TM,0.1
2002,howrybo01,Bob Howry,CHW,0.6
2002,howrybo01,Bob Howry,BOS,-0.5
2002,limajo01,José Lima,DET,-1.3
2002,witasja01,Jay Witasick,SFG,1.5
2002,juliojo01,Jorge Julio,BAL,1.8
2002,reamebr01,Britt Reames,MON,-0.3
2002,remlimi01,Mike Remlinger,ATL,2.1
2002,thurmco01,Corey Thurman,TOR,0.8
2002,shueypa01,Paul Shuey,2TM,0.8
2002,shueypa01,Paul Shuey,CLE,1.2
2002,shueypa01,Paul Shuey,LAD,-0.4
2002,guarded01,Eddie Guardado,MIN,2.0
2002,mecirji01,Jim Mecir,OAK,0.2
2002,osunaan01,Antonio Osuna,CHW,0.7
2002,benitar01,Armando Benítez,NYM,2.0
2002,reedst01,Steve Reed,2TM,2.6
2002,reedst01,Steve Reed,SDP,1.8
2002,reedst01,Steve Reed,NYM,0.8
2002,ligteke01,Kerry Ligtenberg,ATL,0.9
2002,cassisc01,Scott Cassidy,TOR,-0.2
2002,kinnema01,Matt Kinney,MIN,0.3
2002,reichda01,Dan Reichert,KCR,-0.3
2002,isrinja01,Jason Isringhausen,STL,1.1
2002,kingra01,Ray King,MIL,1.1
2002,stephjo03,John Stephens,BAL,-0.4
2002,hergema01,Matt Herges,MON,0.2
2002,stewasc01,Scott Stewart,MON,0.7
2002,brownke01,Kevin Brown,LAD,-0.4
2002,levinal01,Al Levine,ANA,-0.3
2002,moehlbr01,Brian Moehler,2TM,0.4
2002,moehlbr01,Brian Moehler,DET,0.9
2002,moehlbr01,Brian Moehler,CIN,-0.6
2002,meadobr01,Brian Meadows,PIT,0.8
2002,sauersc01,Scott Sauerbeck,PIT,2.0
2002,whiteri01,Rick White,2TM,0.3
2002,whiteri01,Rick White,COL,-0.7
2002,whiteri01,Rick White,STL,0.9
2002,speieju01,Justin Speier,COL,0.6
2002,groombu01,Buddy Groom,BAL,2.8
2002,lyonbr01,Brandon Lyon,TOR,-0.2
2002,embreal01,Alan Embree,2TM,1.9
2002,embreal01,Alan Embree,SDP,1.1
2002,embreal01,Alan Embree,BOS,0.8
2002,koplomi01,Mike Koplove,ARI,1.3
2002,tollbbr01,Brian Tollberg,SDP,-0.9
2002,tucket.01,T.J. Tucker,MON,0.1
2002,willimi03,Mike Williams,PIT,1.1
2002,motagu01,Guillermo Mota,LAD,0.1
2002,sasakka01,Kazuhiro Sasaki,SEA,1.2
2002,marteda01,Dámaso Marte,CHW,1.8
2002,cormirh01,Rhéal Cormier,PHI,-1.1
2002,urbinug01,Ugueth Urbina,BOS,1.4
2002,davisdo02,Doug Davis,TEX,0.6
2002,hoffmtr01,Trevor Hoffman,SDP,1.5
2002,klinest02,Steve Kline,STL,0.5
2002,oliveda02,Darren Oliver,BOS,0.5
2002,wellsbo01,Bob Wells,MIN,-0.6
2002,delosva01,Valerio De Los Santos,MIL,1.0
2002,powelbr01,Brian Powell,DET,0.3
2002,ryanb.01,B.J. Ryan,BAL,0.1
2002,kentst01,Steve Kent,TBD,-0.5
2002,santaju01,Julio Santana,DET,1.6
2002,lloydgr01,Graeme Lloyd,2TM,-0.7
2002,lloydgr01,Graeme Lloyd,MON,-0.7
2002,lloydgr01,Graeme Lloyd,FLA,0.1
2002,madurca01,Calvin Maduro,BAL,-0.2
2002,percitr01,Troy Percival,ANA,2.4
2002,zerbech01,Chad Zerbe,SFG,0.6
2002,rincori01,Ricardo Rincón,2TM,0.6
2002,rincori01,Ricardo Rincón,CLE,0.1
2002,rincori01,Ricardo Rincón,OAK,0.5
2002,bacsimi02,Mike Bacsik,NYM,0.4
2002,lopezal02,Albie Lopez,ATL,0.0
2002,olsenke01,Kevin Olsen,FLA,0.1
2002,creekdo01,Doug Creek,2TM,-0.4
2002,creekdo01,Doug Creek,TBD,-0.5
2002,creekdo01,Doug Creek,SEA,0.1
2002,neugeni01,Nick Neugebauer,MIL,0.1
2002,jacksmi02,Mike Jackson,MIN,1.2
2002,fettemi01,Mike Fetters,2TM,-0.1
2002,fettemi01,Mike Fetters,PIT,0.3
2002,fettemi01,Mike Fetters,ARI,-0.4
2002,holmeda01,Darren Holmes,ATL,1.6
2002,gintema01,Matt Ginter,CHW,-0.1
2002,whitega01,Gabe White,CIN,1.3
2002,smithtr01,Travis Smith,STL,-1.2
2002,eischjo01,Joey Eischen,MON,2.0
2002,douglse01,Sean Douglass,BAL,-0.6
2002,crudami01,Mike Crudale,STL,1.5
2002,heredfe01,Félix Heredia,TOR,0.4
2002,hernaro01,Roberto Hernández,KCR,0.5
2002,gryboke01,Kevin Gryboski,ATL,0.6
2002,riskeda01,David Riske,CLE,-0.1
2002,spoonti01,Tim Spooneybarger,ATL,1.0
2002,tankede01,Dennis Tankersley,SDP,-1.3
2002,middlja01,Jason Middlebrook,2TM,0.2
2002,middlja01,Jason Middlebrook,SDP,0.0
2002,middlja01,Jason Middlebrook,NYM,0.3
2002,fernaja01,Jared Fernández,CIN,-0.1
2002,potelo01,Lou Pote,ANA,0.6
2002,borbope02,Pedro Borbón,2TM,-0.3
2002,borbope02,Pedro Borbón,TOR,0.0
2002,borbope02,Pedro Borbón,HOU,-0.3
2002,cornena01,Nate Cornejo,DET,0.0
2002,donnebr01,Brendan Donnelly,ANA,1.7
2002,powelja04,Jay Powell,TEX,0.3
2002,kimsu01,Sun-Woo Kim,2TM,0.6
2002,kimsu01,Sun-Woo Kim,BOS,-0.5
2002,kimsu01,Sun-Woo Kim,MON,1.1
2002,shielsc01,Scot Shields,ANA,1.3
2002,fyhrimi01,Mike Fyhrie,OAK,0.5
2002,nagych01,Charles Nagy,CLE,-1.3
2002,darenvi01,Vic Darensbourg,FLA,-0.7
2002,myettaa01,Aaron Myette,TEX,-1.7
2002,durocja01,Jayson Durocher,MIL,1.2
2002,guthrma01,Mark Guthrie,NYM,1.6
2002,smithbu02,Bud Smith,STL,-1.2
2002,soriara01,Rafael Soriano,SEA,0.3
2002,irabuhi01,Hideki Irabu,TEX,0.0
2002,santijo03,José Santiago,PHI,-1.4
2002,farnsky01,Kyle Farnsworth,CHC,-2.5
2002,riedljo01,John Riedling,CIN,1.0
2002,smithda07,Dan Smith,MON,0.8
2002,steinbl01,Blake Stein,KCR,-0.7
2002,baileco01,Cory Bailey,KCR,0.5
2002,riverma01,Mariano Rivera,NYY,1.6
2002,almanar01,Armando Almanza,FLA,0.1
2002,hiljuer01,Erik Hiljus,OAK,-0.4
2002,nelsoje01,Jeff Nelson,SEA,0.6
2002,matthmi01,Mike Matthews,2TM,0.1
2002,matthmi01,Mike Matthews,STL,0.0
2002,matthmi01,Mike Matthews,MIL,0.0
2002,cordefr01,Francisco Cordero,TEX,1.9
2002,robergr01,Grant Roberts,NYM,1.1
2002,stephga01,Garrett Stephenson,STL,-0.3
2002,brockch01,Chris Brock,BAL,0.1
2002,merckke01,Kent Mercker,COL,-0.7
2002,walkeja01,Jamie Walker,DET,0.8
2002,komiysa01,Satoru Komiyama,NYM,-0.4
2002,willida07,David Williams,PIT,0.1
2002,porzimi01,Mike Porzio,CHW,0.0
2002,gordoto01,Tom Gordon,2TM,0.5
2002,gordoto01,Tom Gordon,CHC,0.1
2002,gordoto01,Tom Gordon,HOU,0.4
2002,paniajo01,José Paniagua,DET,-0.5
2002,phillja03,Jason Phillips,CLE,0.5
2002,westbja01,Jake Westbrook,CLE,-0.2
2002,colomje01,Jesús Colomé,TBD,-1.8
2002,fultzaa01,Aaron Fultz,SFG,-0.2
2002,rodriri03,Ricardo Rodríguez,CLE,0.1
2002,tamje01,Jeff Tam,OAK,-0.1
2002,mullesc01,Scott Mullen,KCR,1.2
2002,alvarju01,Juan Alvarez,TEX,0.4
2002,buddimi01,Mike Buddie,MIL,-0.1
2002,benesal01,Alan Benes,CHC,0.2
2002,hitchst01,Sterling Hitchcock,NYY,-0.2
2002,bankswi01,Willie Banks,BOS,0.5
2002,mercahe01,Héctor Mercado,PHI,-0.2
2002,greisse01,Seth Greisinger,DET,0.0
2002,phelptr01,Travis Phelps,TBD,0.3
2002,dayza01,Zach Day,MON,0.3
2002,myersmi01,Mike Myers,ARI,0.7
2002,venafmi01,Mike Venafro,OAK,0.0
2002,hendrma01,Mark Hendrickson,TOR,1.3
2002,nichtch01,Chris Nichting,COL,0.3
2002,plesada01,Dan Plesac,2TM,0.4
2002,plesada01,Dan Plesac,TOR,0.5
2002,plesada01,Dan Plesac,PHI,-0.1
2002,cookaa01,Aaron Cook,COL,0.6
2002,paronch01,Chad Paronto,CLE,0.3
2002,smithmi06,Mike Smith,TOR,-0.4
2002,jarvike01,Kevin Jarvis,SDP,0.3
2002,holtzmi01,Mike Holtz,2TM,-0.4
2002,holtzmi01,Mike Holtz,OAK,-0.2
2002,holtzmi01,Mike Holtz,SDP,-0.2
2002,callami01,Mickey Callaway,ANA,0.0
2002,jamesde01,Delvin James,TBD,-0.2
2002,lewisco01,Colby Lewis,TEX,-0.2
2002,wickmbo01,Bob Wickman,CLE,-0.2
2002,morgami01,Mike Morgan,ARI,-0.1
2002,maireos01,Oswaldo Mairena,FLA,-0.3
2002,eatonad01,Adam Eaton,SDP,0.1
2002,nealbl01,Blaine Neal,FLA,0.5
2002,riggaje01,Jerrod Riggan,CLE,-0.5
2002,seaneru01,Rudy Seánez,TEX,-0.6
2002,swindgr01,Greg Swindell,ARI,-0.3
2002,thurmmi01,Mike Thurman,NYY,0.2
2002,mahompa01,Pat Mahomes,CHC,0.4
2002,pinedlu01,Luis Pineda,CIN,0.2
2002,cressja01,Jack Cressend,MIN,-0.5
2002,kolbda01,Danny Kolb,TEX,0.3
2002,stechge01,Gene Stechschulte,STL,-0.4
2002,villabr01,Brandon Villafuerte,SDP,1.9
2002,wunscke01,Kelly Wunsch,CHW,0.6
2002,knottga01,Gary Knotts,FLA,0.1
2002,pattejo02,John Patterson,ARI,0.9
2002,haneych01,Chris Haney,BOS,0.1
2002,pickfke01,Kevin Pickford,SDP,-0.5
2002,torresa01,Salomón Torres,PIT,0.8
2002,vanhean01,Andy Van Hekken,DET,0.8
2002,izquiha02,Hansel Izquierdo,FLA,-0.1
2002,beirnke01,Kevin Beirne,LAD,0.4
2002,florera01,Randy Flores,2TM,-0.5
2002,florera01,Randy Flores,TEX,0.2
2002,florera01,Randy Flores,COL,-0.6
2002,magnami01,Mike Magnante,OAK,-0.4
2002,rauchjo01,Jon Rauch,CHW,-0.7
2002,rincoju01,Juan Rincón,MIN,-0.4
2002,boydja02,Jason Boyd,SDP,-1.3
2002,henrios01,Óscar Henríquez,DET,0.3
2002,voylebr01,Brad Voyles,KCR,-0.3
2002,bottari01,Ricky Bottalico,PHI,-0.3
2002,bynummi01,Mike Bynum,SDP,0.1
2002,georgch02,Chris George,KCR,0.2
2002,perezyo01,Yorkis Pérez,BAL,0.3
2002,towerjo01,Josh Towers,BAL,-0.4
2002,arroybr01,Bronson Arroyo,PIT,0.1
2002,oroscje01,Jesse Orosco,LAD,0.5
2002,condrcl01,Clay Condrey,SDP,1.0
2002,fuentbr01,Brian Fuentes,COL,0.3
2002,mantema01,Matt Mantei,ARI,0.1
2002,jonesbo04,Bobby Jones,2TM,-0.3
2002,jonesbo04,Bobby Jones,NYM,-0.1
2002,jonesbo04,Bobby Jones,SDP,-0.1
2002,abbotpa01,Paul Abbott,SEA,-1.3
2002,cunnawi01,Will Cunnane,CHC,-0.1
2002,santovi01,Víctor Santos,COL,-1.3
2002,smythst01,Steve Smyth,CHC,-0.9
2002,ainswku01,Kurt Ainsworth,SFG,0.5
2002,cerdaja01,Jaime Cerda,NYM,0.7
2002,oropeed01,Eddie Oropesa,ARI,-1.4
2002,parquji01,Jim Parque,CHW,-0.9
2002,bukviry01,Ryan Bukvich,KCR,-0.2
2002,linebsc01,Scott Linebrink,HOU,-0.4
2002,rockejo01,John Rocker,TEX,-0.5
2002,cookde01,Dennis Cook,ANA,0.4
2002,diggibe01,Ben Diggins,MIL,-0.7
2002,frankwa01,Wayne Franklin,MIL,0.8
2002,kershja01,Jason Kershner,2TM,-0.1
2002,kershja01,Jason Kershner,SDP,-0.3
2002,kershja01,Jason Kershner,TOR,0.2
2002,acevejo01,José Acevedo,CIN,-0.6
2002,telfoan01,Anthony Telford,TEX,-0.4
2002,wayneju01,Justin Wayne,FLA,-0.3
2002,silvajo01,José Silva,CIN,0.2
2002,elderda01,Dave Elder,CLE,0.4
2002,choatra01,Randy Choate,NYY,-0.2
2002,hentgpa01,Pat Hentgen,BAL,-0.4
2002,hermadu01,Dustin Hermanson,BOS,-0.6
2002,mannji01,Jim Mann,HOU,0.3
2002,coreyma02,Mark Corey,2TM,-0.8
2002,coreyma02,Mark Corey,NYM,-0.2
2002,coreyma02,Mark Corey,COL,-0.7
2002,garceri01,Rich Garcés,BOS,-0.9
2002,gomeswa01,Wayne Gomes,BOS,0.1
2002,myersro01,Rodney Myers,SDP,-0.8
2002,daveyto01,Tom Davey,SDP,-0.2
2002,mateoju01,Julio Mateo,SEA,0.2
2002,suzukma01,Mac Suzuki,KCR,-0.5
2002,walldo01,Donne Wall,ANA,-0.4
2002,cartela02,Lance Carter,TBD,1.0
2002,sadleca01,Carl Sadler,CLE,0.2
2002,stottto01,Todd Stottlemyre,ARI,-0.4
2002,bowlebr01,Brian Bowles,TOR,0.2
2002,beverja01,Jason Beverlin,2TM,-0.6
2002,beverja01,Jason Beverlin,CLE,-0.1
2002,beverja01,Jason Beverlin,DET,-0.5
2002,wilsokr01,Kris Wilson,KCR,-0.5
2002,mathet.01,T.J. Mathews,HOU,0.4
2002,wrighja02,Jaret Wright,CLE,-1.6
2002,rodnefe01,Fernando Rodney,DET,-0.4
2002,woodast01,Steve Woodard,TEX,-0.1
2002,reyesal01,Alberto Reyes,PIT,0.4
2002,rodriri02,Rich Rodriguez,TEX,0.1
2002,drewti01,Tim Drew,MON,0.1
2002,osbordo01,Donovan Osborne,CHC,-0.1
2002,nickldo01,Doug Nickle,2TM,-0.5
2002,nickldo01,Doug Nickle,PHI,0.0
2002,nickldo01,Doug Nickle,SDP,-0.4
2002,johnsjo08,Jonathan Johnson,SDP,0.0
2002,davisja02,Jason Davis,CLE,0.8
2002,mahayro01,Ron Mahay,CHC,-0.5
2002,shousbr01,Brian Shouse,KCR,0.1
2002,aybarma01,Manny Aybar,SFG,0.0
2002,michach01,Chris Michalak,TEX,0.2
2002,daviska01,Kane Davis,NYM,-0.3
2002,deloslu02,Luis de los Santos,TBD,-0.7
2002,louxsh01,Shane Loux,DET,-0.5
2002,lukasma01,Mark Lukasiewicz,ANA,0.2
2002,parrajo01,José Parra,ARI,0.3
2002,borlato02,Toby Borland,FLA,-0.1
2002,nitkoc.01,C.J. Nitkowski,TEX,0.4
2002,nomurta01,Takahito Nomura,MIL,-0.6
2002,gardnle01,Lee Gardner,TBD,-0.3
2002,prinzbr01,Bret Prinz,ARI,-0.8
2002,backebr01,Brandon Backe,TBD,-0.1
2002,brazede01,Dewon Brazelton,TBD,0.2
2002,manzajo01,Josías Manzanillo,PIT,-0.2
2002,pearcjo01,Josh Pearce,STL,-0.5
2002,jungeer01,Eric Junge,PHI,0.3
2002,beltrfr01,Francis Beltrán,CHC,-0.2
2002,bowiemi01,Micah Bowie,OAK,0.5
2002,lorraan01,Andrew Lorraine,MIL,-0.7
2002,murrahe01,Heath Murray,CLE,-0.2
2002,ostinji01,Jimmy Osting,MIL,-0.3
2002,tallebr01,Brian Tallet,CLE,0.6
2002,almanca01,Carlos Almánzar,CIN,0.2
2002,fredeke01,Kevin Frederick,MIN,-0.3
2002,hodgetr01,Trey Hodges,ATL,-0.2
2002,jamesmi01,Mike James,COL,-0.1
2002,molinga01,Gabe Molina,STL,0.3
2002,anderma01,Matt Anderson,DET,-0.5
2002,austije01,Jeff Austin,KCR,0.1
2002,josepke01,Kevin Joseph,STL,-0.1
2002,howarbe01,Ben Howard,SDP,-0.4
2002,walkety01,Tyler Walker,NYM,-0.1
2002,alvarvi01,Víctor Álvarez,LAD,0.0
2002,leecl02,Cliff Lee,CLE,0.6
2002,perisma01,Matt Perisho,DET,-0.3
2002,kozlobe01,Ben Kozlowski,TEX,0.0
2002,stullev01,Everett Stull,MIL,-0.1
2002,willije02,Jeff Williams,LAD,-0.4
2002,roberje02,Jeriome Robertson,HOU,-0.2
2002,hillje02,Jeremy Hill,KCR,0.2
2002,childma01,Matt Childers,MIL,-0.4
2002,macdomi01,Mike MacDougal,KCR,0.1
2002,knighbr01,Brandon Knight,NYY,-0.3
2002,lidgebr01,Brad Lidge,HOU,-0.1
2002,pembeda01,Dave Pember,MIL,-0.1
2002,coopebr01,Brian Cooper,TOR,-0.5
2002,durbich01,Chad Durbin,KCR,-0.3
2002,micelda01,Dan Miceli,TEX,-0.3
2002,roberna01,Nate Robertson,FLA,-0.5
2002,sanchje01,Jesús Sánchez,CHC,-0.5
2002,wisema01,Matt Wise,ANA,0.1
2002,eckener01,Eric Eckenstahler,DET,0.0
2002,stranpa02,Pat Strange,NYM,0.2
2002,walkeke02,Kevin Walker,SDP,-0.2
2002,obermwe01,Wes Obermueller,KCR,-0.3
2002,dewitma01,Matt DeWitt,SDP,0.2
2002,hancojo01,Josh Hancock,BOS,0.2
2002,teutna01,Nate Teut,FLA,-0.3
2002,jimenja01,Jason Jiménez,2TM,-0.1
2002,jimenja01,Jason Jiménez,TBD,0.0
2002,jimenja01,Jason Jiménez,DET,-0.1
2002,rekarbr01,Bryan Rekar,KCR,-0.5
2002,germafr01,Franklyn Germán,DET,0.5
2002,depause01,Sean DePaula,CLE,-0.5
2002,fitzgbr01,Brian Fitzgerald,SEA,-0.3
2002,nancesh01,Shane Nance,MIL,0.0
2002,barcelo01,Lorenzo Barceló,CHW,-0.2
2002,bongju01,Jung Bong,ATL,-0.1
2002,cyrer01,Éric Cyr,SDP,-0.4
2002,duboser01,Eric DuBose,BAL,0.1
2002,felicpe01,Pedro Feliciano,NYM,-0.1
2002,hernaad01,Adrián Hernández,NYY,-0.3
2002,hudsolu01,Luke Hudson,CIN,-0.1
2002,morenju02,Juan Moreno,SDP,-0.1
2002,pearste01,Terry Pearson,DET,-0.2
2002,smithro03,Roy Smith,CLE,0.0
2002,sanchdu01,Duaner Sánchez,2TM,-0.1
2002,sanchdu01,Duaner Sánchez,ARI,0.0
2002,sanchdu01,Duaner Sánchez,PIT,-0.1
2002,brohatr01,Troy Brohawn,SFG,-0.1
2002,duffma01,Matt Duff,STL,0.0
2002,rodrifr03,Francisco Rodríguez,ANA,0.3
2002,herreal01,Álex Herrera,CLE,0.3
2002,chrisja01,Jason Christiansen,SFG,-0.1
2002,fieldna01,Nate Field,KCR,-0.1
2002,fostejo01,John Foster,ATL,-0.2
2002,mallebr01,Brian Mallette,MIL,-0.2
2002,tayloaa01,Aaron Taylor,SEA,-0.1
2002,bechlst01,Steve Bechler,BAL,-0.3
2002,chiassc01,Scott Chiasson,CHC,-0.5
2002,foxch02,Chad Fox,MIL,-0.1
2002,rodrine01,Nerio Rodríguez,2TM,0.0
2002,rodrine01,Nerio Rodríguez,CLE,0.0
2002,rodrine01,Nerio Rodríguez,STL,0.0
2002,ennisjo01,John Ennis,ATL,0.0
2002,milletr01,Travis Miller,MIN,0.0
2002,trombmi01,Mike Trombley,MIN,-0.4
2002,vanceco01,Cory Vance,COL,0.0
2002,watsoma03,Mark Watson,SEA,-0.5
2002,rodrijo04,José Rodríguez,2TM,-0.5
2002,rodrijo04,José Rodríguez,STL,-0.1
2002,rodrijo04,José Rodríguez,MIN,-0.4
2002,nathajo01,Joe Nathan,SFG,0.1
2002,filebo01,Bob File,TOR,-0.4
2002,kayeju01,Justin Kaye,SEA,-0.1
2002,patteda04,Danny Patterson,DET,-0.4
2002,standja01,Jason Standridge,TBD,0.0
2002,ellisro02,Robert Ellis,LAD,-0.1
2002,lundqda01,David Lundquist,SDP,-0.4
2002,trujijj01,J.J. Trujillo,SDP,-0.2
2002,wiggisc01,Scott Wiggins,TOR,0.0
2002,duncaco01,Courtney Duncan,CHC,0.1
2002,garcire01,Reynaldo García,TEX,-0.2
2002,martito02,Tom Martin,TBD,-0.1
2002,pearsja01,Jason Pearson,SDP,0.1
2002,reynoar02,Armando Reynoso,ARI,-0.1
2002,jimend'01,D'Angelo Jiménez,SDP,0.1
2002,maureda01,Dave Maurer,CLE,-0.1
2002,prattan01,Andy Pratt,ATL,0.0
2002,shielja01,Jason Shiell,SDP,-0.1
2002,sprinde01,Dennis Springer,LAD,0.0
2002,tessmja01,Jay Tessmer,NYY,0.0
2002,cocopa01,Pasqual Coco,TOR,-0.2
2002,coreybr01,Bryan Corey,LAD,0.0
2002,gracema01,Mark Grace,ARI,0.0
2002,kellekr01,Kris Keller,DET,-0.1
2002,nunezjo02,José Núñez,SDP,0.1
2002,seoja01,Jae Weong Seo,NYM,0.0
2002,vosbeed01,Ed Vosberg,MON,-0.2
2002,zeileto01,Todd Zeile,COL,0.0
2002,bedarer01,Érik Bédard,BAL,-0.1
2002,millema01,Matt Miller,DET,-0.2
2002,dawlejo01,Joey Dawley,ATL,0.0
2002,perezto03,Tomás Pérez,PHI,0.0
2002,pichahi01,Hipólito Pichardo,HOU,-0.3
2002,smallaa01,Aaron Small,ATL,0.0
2002,sabeler01,Erik Sabel,DET,0.0
2003,hallaro01,Roy Halladay,TOR,8.1
2003,colonba01,Bartolo Colon,CHW,5.1
2003,hudsoti01,Tim Hudson,OAK,7.4
2003,hernali01,Liván Hernández,MON,6.3
2003,zitoba01,Barry Zito,OAK,5.3
2003,vazquja01,Javier Vázquez,MON,6.0
2003,buehrma01,Mark Buehrle,CHW,2.5
2003,loaizes01,Esteban Loaiza,CHW,7.2
2003,millwke01,Kevin Millwood,PHI,2.3
2003,sheetbe01,Ben Sheets,MIL,2.4
2003,williwo02,Woody Williams,STL,3.1
2003,maddugr01,Greg Maddux,ATL,1.3
2003,nomohi01,Hideo Nomo,LAD,3.5
2003,thomsjo01,John Thomson,TEX,2.0
2003,ponsosi01,Sidney Ponson,2TM,4.5
2003,ponsosi01,Sidney Ponson,BAL,3.4
2003,ponsosi01,Sidney Ponson,SFG,1.1
2003,moyerja01,Jamie Moyer,SEA,4.7
2003,mussimi01,Mike Mussina,NYY,6.6
2003,zambrca01,Carlos Zambrano,CHC,5.4
2003,wellsda01,David Wells,NYY,4.3
2003,ortizru01,Russ Ortiz,ATL,2.2
2003,radkebr01,Brad Radke,MIN,2.5
2003,frankry01,Ryan Franklin,SEA,3.3
2003,clemero02,Roger Clemens,NYY,4.0
2003,pineijo01,Joel Piñeiro,SEA,3.0
2003,priorma01,Mark Prior,CHC,7.4
2003,brownke01,Kevin Brown,LAD,4.5
2003,woodke02,Kerry Wood,CHC,6.1
2003,lawrebr02,Brian Lawrence,SDP,1.1
2003,mayda02,Darrell May,KCR,5.9
2003,padilvi01,Vicente Padilla,PHI,2.4
2003,pettian01,Andy Pettitte,NYY,3.1
2003,schmija01,Jason Schmidt,SFG,6.7
2003,washbja01,Jarrod Washburn,ANA,2.4
2003,trachst01,Steve Trachsel,NYM,4.4
2003,lackejo01,John Lackey,ANA,1.3
2003,suppaje01,Jeff Suppan,2TM,3.7
2003,suppaje01,Jeff Suppan,PIT,3.4
2003,suppaje01,Jeff Suppan,BOS,0.3
2003,lowede01,Derek Lowe,BOS,2.8
2003,tomkobr01,Brett Tomko,STL,-0.6
2003,wakefti01,Tim Wakefield,BOS,3.6
2003,clemema01,Matt Clement,CHC,2.8
2003,garcifr03,Freddy García,SEA,1.3
2003,lohseky01,Kyle Lohse,MIN,2.3
2003,pavanca01,Carl Pavano,FLA,2.4
2003,wolfra02,Randy Wolf,PHI,0.8
2003,ohkato01,Tomo Ohka,MON,2.6
2003,sabatc.01,CC Sabathia,CLE,3.7
2003,anderbr02,Brian Anderson,2TM,1.7
2003,anderbr02,Brian Anderson,CLE,0.4
2003,anderbr02,Brian Anderson,KCR,1.3
2003,wellski01,Kip Wells,PIT,4.9
2003,pennybr01,Brad Penny,FLA,2.9
2003,rogerke01,Kenny Rogers,MIN,1.9
2003,cornena01,Nate Cornejo,DET,1.5
2003,frankwa01,Wayne Franklin,MIL,0.2
2003,peavyja01,Jake Peavy,SDP,1.8
2003,batismi01,Miguel Batista,ARI,4.3
2003,marotmi01,Mike Maroth,DET,0.2
2003,myersbr01,Brett Myers,PHI,0.8
2003,lidleco01,Cory Lidle,TOR,0.5
2003,garlajo01,Jon Garland,CHW,2.0
2003,kinnema01,Matt Kinney,MIL,0.5
2003,redmama01,Mark Redman,FLA,3.9
2003,hamptmi01,Mike Hampton,ATL,1.9
2003,johnsja02,Jason Johnson,BAL,2.9
2003,seoja01,Jae Weong Seo,NYM,3.3
2003,zambrvi01,Víctor Zambrano,TBD,2.6
2003,millewa04,Wade Miller,HOU,1.3
2003,martipe02,Pedro Martínez,BOS,8.0
2003,muldema01,Mark Mulder,OAK,5.8
2003,mechegi01,Gil Meche,SEA,1.7
2003,perezod01,Odalis Pérez,LAD,0.4
2003,glavito02,Tom Glavine,NYM,2.4
2003,eatonad01,Adam Eaton,SDP,1.2
2003,ramirho01,Horacio Ramírez,ATL,1.3
2003,burkejo03,John Burkett,BOS,1.5
2003,jennija01,Jason Jennings,COL,0.1
2003,leiteal01,Al Leiter,NYM,3.6
2003,webbbr01,Brandon Webb,ARI,6.1
2003,escobke01,Kelvim Escobar,TOR,3.3
2003,oliveda02,Darren Oliver,COL,0.7
2003,ortizra02,Ramón Ortiz,ANA,-0.7
2003,lillyte01,Ted Lilly,OAK,2.3
2003,redditi01,Tim Redding,HOU,1.6
2003,desseel01,Elmer Dessens,ARI,1.2
2003,d'amije01,Jeff D'Amico,PIT,0.7
2003,stephga01,Garrett Stephenson,STL,1.1
2003,morrima01,Matt Morris,STL,2.7
2003,graveda01,Danny Graves,CIN,-0.7
2003,schilcu01,Curt Schilling,ARI,6.0
2003,reynosh01,Shane Reynolds,ATL,-0.8
2003,wilsopa02,Paul Wilson,CIN,-0.1
2003,mossda01,Damian Moss,2TM,-0.3
2003,mossda01,Damian Moss,SFG,0.2
2003,mossda01,Damian Moss,BAL,-0.4
2003,davisja02,Jason Davis,CLE,0.3
2003,bondeje01,Jeremy Bonderman,DET,-1.1
2003,hentgpa01,Pat Hentgen,BAL,3.5
2003,roberje02,Jeriome Robertson,HOU,-0.5
2003,willido03,Dontrelle Willis,FLA,3.9
2003,weaveje01,Jeff Weaver,NYY,-0.2
2003,hendrma01,Mark Hendrickson,TOR,0.1
2003,santajo02,Johan Santana,MIN,4.1
2003,gonzaje01,Geremi González,TBD,3.0
2003,helliri01,Rick Helling,2TM,1.3
2003,helliri01,Rick Helling,BAL,0.4
2003,helliri01,Rick Helling,FLA,0.9
2003,estessh01,Shawn Estes,CHC,-1.3
2003,shielsc01,Scot Shields,ANA,3.1
2003,ishiika01,Kazuhisa Ishii,LAD,0.7
2003,lopezro02,Rodrigo López,BAL,0.1
2003,rueteki01,Kirk Rueter,SFG,0.4
2003,beckejo02,Josh Beckett,FLA,3.8
2003,foggjo01,Josh Fogg,PIT,-0.1
2003,chacosh01,Shawn Chacón,COL,1.9
2003,reedri01,Rick Reed,MIN,0.9
2003,kennejo04,Joe Kennedy,TBD,-1.6
2003,bernead01,Adam Bernero,2TM,-0.4
2003,bernead01,Adam Bernero,DET,-0.2
2003,bernead01,Adam Bernero,COL,-0.2
2003,westbja01,Jake Westbrook,CLE,1.0
2003,dayza01,Zach Day,MON,2.2
2003,willije01,Jerome Williams,SFG,2.3
2003,maysjo01,Joe Mays,MIN,-0.5
2003,sosajo02,Jorge Sosa,TBD,1.0
2003,oswalro01,Roy Oswalt,HOU,2.9
2003,lewisco01,Colby Lewis,TEX,-1.3
2003,perezol01,Óliver Pérez,2TM,-0.6
2003,perezol01,Óliver Pérez,SDP,-0.6
2003,perezol01,Óliver Pérez,PIT,0.0
2003,simonja01,Jason Simontacchi,STL,-0.8
2003,affelje01,Jeremy Affeldt,KCR,3.2
2003,cookaa01,Aaron Cook,COL,-0.7
2003,ruschgl01,Glendon Rusch,MIL,-1.2
2003,kimby01,Byung-Hyun Kim,2TM,2.8
2003,kimby01,Byung-Hyun Kim,ARI,1.3
2003,kimby01,Byung-Hyun Kim,BOS,1.5
2003,seleaa01,Aaron Sele,ANA,-0.6
2003,torresa01,Salomón Torres,PIT,0.9
2003,dicker.01,R.A. Dickey,TEX,0.7
2003,dempsry01,Ryan Dempster,CIN,-1.7
2003,valdeis01,Ismael Valdéz,TEX,-0.5
2003,johnsra05,Randy Johnson,ARI,1.6
2003,vargacl01,Claudio Vargas,MON,1.8
2003,trabebi01,Billy Traber,CLE,0.3
2003,appieke01,Kevin Appier,2TM,0.4
2003,appieke01,Kevin Appier,ANA,-0.2
2003,appieke01,Kevin Appier,KCR,0.5
2003,foppeje01,Jesse Foppert,SFG,-0.3
2003,davisdo02,Doug Davis,3TM,2.1
2003,davisdo02,Doug Davis,2TM,0.4
2003,davisdo02,Doug Davis,TEX,-0.1
2003,davisdo02,Doug Davis,TOR,0.5
2003,davisdo02,Doug Davis,MIL,1.8
2003,halamjo01,John Halama,OAK,0.0
2003,sparkst01,Steve Sparks,2TM,-0.1
2003,sparkst01,Steve Sparks,DET,0.0
2003,sparkst01,Steve Sparks,OAK,-0.1
2003,villoro01,Ron Villone,HOU,0.9
2003,benoijo01,Joaquin Benoit,TEX,0.4
2003,bensokr01,Kris Benson,PIT,-0.1
2003,motagu01,Guillermo Mota,LAD,3.0
2003,jimenjo01,José Jiménez,COL,0.3
2003,bellro01,Rob Bell,TBD,0.1
2003,riedljo01,John Riedling,CIN,-0.3
2003,roneyma01,Matt Roney,DET,-0.2
2003,broweji01,Jim Brower,SFG,0.5
2003,mulhote01,Terry Mulholland,CLE,0.0
2003,villaos01,Óscar Villarreal,ARI,2.2
2003,knottga01,Gary Knotts,DET,-0.7
2003,alvarwi01,Wilson Álvarez,LAD,2.4
2003,hayneji01,Jimmy Haynes,CIN,-1.5
2003,daalom01,Omar Daal,BAL,-0.8
2003,georgch02,Chris George,KCR,-0.3
2003,duckwbr01,Brandon Duckworth,PHI,-0.5
2003,harpetr01,Travis Harper,TBD,0.9
2003,linebsc01,Scott Linebrink,2TM,1.3
2003,linebsc01,Scott Linebrink,HOU,0.3
2003,linebsc01,Scott Linebrink,SDP,0.9
2003,jarvike01,Kevin Jarvis,SDP,-1.0
2003,hernaru03,Runelvys Hernández,KCR,1.5
2003,sturtta01,Tanyon Sturtze,TOR,-0.4
2003,weathda01,David Weathers,NYM,2.2
2003,hitchst01,Sterling Hitchcock,2TM,0.4
2003,hitchst01,Sterling Hitchcock,NYY,-0.1
2003,hitchst01,Sterling Hitchcock,STL,0.5
2003,silvaca01,Carlos Silva,PHI,0.2
2003,doteloc01,Octavio Dotel,HOU,2.4
2003,heredfe01,Félix Heredia,2TM,1.5
2003,heredfe01,Félix Heredia,CIN,1.2
2003,heredfe01,Félix Heredia,NYY,0.4
2003,foulkke01,Keith Foulke,OAK,3.5
2003,wrighda02,Dan Wright,CHW,-0.7
2003,rodrifr03,Francisco Rodríguez,ANA,1.8
2003,wagnebi02,Billy Wagner,HOU,3.4
2003,mateoju01,Julio Mateo,SEA,1.4
2003,rincoju01,Juan Rincón,MIN,1.2
2003,snydeky01,Kyle Snyder,KCR,1.0
2003,lidgebr01,Brad Lidge,HOU,0.9
2003,cormirh01,Rhéal Cormier,PHI,2.6
2003,ledezwi01,Wil Ledezma,DET,-0.4
2003,reitsch01,Chris Reitsma,CIN,0.5
2003,tavarju01,Julián Tavárez,PIT,1.2
2003,timlimi01,Mike Timlin,BOS,1.6
2003,stoneri01,Ricky Stone,HOU,0.6
2003,cordefr01,Francisco Cordero,TEX,2.1
2003,dejeami01,Mike DeJean,2TM,0.1
2003,dejeami01,Mike DeJean,MIL,-0.1
2003,dejeami01,Mike DeJean,STL,0.2
2003,gagneer01,Eric Gagné,LAD,3.7
2003,rodriri03,Ricardo Rodríguez,CLE,-0.4
2003,tejermi01,Michael Tejera,FLA,0.3
2003,loopebr01,Braden Looper,FLA,1.2
2003,carradj01,D.J. Carrasco,KCR,0.9
2003,weberbe01,Ben Weber,ANA,1.9
2003,tucket.01,T.J. Tucker,MON,-0.2
2003,marteda01,Dámaso Marte,CHW,3.8
2003,cartela02,Lance Carter,TBD,0.6
2003,fossuca01,Casey Fossum,BOS,0.1
2003,nathajo01,Joe Nathan,SFG,1.7
2003,hergema01,Matt Herges,2TM,1.5
2003,hergema01,Matt Herges,SDP,0.8
2003,hergema01,Matt Herges,SFG,0.7
2003,starkde01,Denny Stark,COL,-0.5
2003,worreti01,Tim Worrell,SFG,0.3
2003,fasseje01,Jeff Fassero,STL,-0.7
2003,hawkila01,LaTroy Hawkins,MIN,3.1
2003,quantpa01,Paul Quantrill,LAD,2.3
2003,bradfch01,Chad Bradford,OAK,1.9
2003,spurlch01,Chris Spurling,DET,0.4
2003,urbinug01,Ugueth Urbina,2TM,2.6
2003,urbinug01,Ugueth Urbina,TEX,0.6
2003,urbinug01,Ugueth Urbina,FLA,2.1
2003,hackmlu01,Luther Hackman,SDP,-1.2
2003,farnsky01,Kyle Farnsworth,CHC,1.3
2003,meadobr01,Brian Meadows,PIT,0.3
2003,haranaa01,Aaron Harang,2TM,-0.1
2003,haranaa01,Aaron Harang,OAK,0.1
2003,haranaa01,Aaron Harang,CIN,-0.2
2003,baezda01,Danys Báez,CLE,0.5
2003,fuentbr01,Brian Fuentes,COL,2.1
2003,grimsja01,Jason Grimsley,KCR,0.2
2003,harderi01,Rich Harden,OAK,0.8
2003,riskeda01,David Riske,CLE,2.3
2003,colomje01,Jesús Colomé,TBD,0.5
2003,donnebr01,Brendan Donnelly,ANA,3.4
2003,gordoto01,Tom Gordon,CHW,1.6
2003,duboser01,Eric DuBose,BAL,1.9
2003,lopezaq01,Aquilino López,TOR,1.8
2003,limajo01,José Lima,KCR,1.2
2003,speieju01,Justin Speier,COL,0.8
2003,ashbyan01,Andy Ashby,LAD,-0.4
2003,hasegsh01,Shigetoshi Hasegawa,SEA,3.2
2003,benitar01,Armando Benítez,3TM,1.7
2003,benitar01,Armando Benítez,2TM,0.5
2003,benitar01,Armando Benítez,NYM,1.2
2003,benitar01,Armando Benítez,NYY,0.2
2003,benitar01,Armando Benítez,SEA,0.3
2003,harenda01,Dan Haren,STL,-0.1
2003,wilsokr01,Kris Wilson,KCR,0.2
2003,biddlro01,Rocky Biddle,MON,-0.3
2003,ayalalu01,Luis Ayala,MON,1.8
2003,contrjo01,José Contreras,NYY,1.9
2003,levinal01,Al Levine,2TM,1.4
2003,levinal01,Al Levine,TBD,0.5
2003,levinal01,Al Levine,KCR,0.9
2003,riverma01,Mariano Rivera,NYY,3.6
2003,micelda01,Dan Miceli,4TM,1.2
2003,micelda01,Dan Miceli,2TM,0.7
2003,micelda01,Dan Miceli,2TM,0.4
2003,micelda01,Dan Miceli,COL,0.0
2003,micelda01,Dan Miceli,CLE,0.4
2003,micelda01,Dan Miceli,NYY,0.0
2003,micelda01,Dan Miceli,HOU,0.7
2003,remlimi01,Mike Remlinger,CHC,1.1
2003,shueypa01,Paul Shuey,LAD,1.0
2003,hermadu01,Dustin Hermanson,2TM,0.5
2003,hermadu01,Dustin Hermanson,STL,-0.2
2003,hermadu01,Dustin Hermanson,SFG,0.7
2003,jonesto02,Todd Jones,2TM,-1.3
2003,jonesto02,Todd Jones,COL,-1.3
2003,jonesto02,Todd Jones,BOS,0.0
2003,borowjo01,Joe Borowski,CHC,2.1
2003,ainswku01,Kurt Ainsworth,2TM,0.5
2003,ainswku01,Kurt Ainsworth,SFG,0.6
2003,ainswku01,Kurt Ainsworth,BAL,-0.1
2003,adamste01,Terry Adams,PHI,1.4
2003,eldreca01,Cal Eldred,STL,0.4
2003,fultzaa01,Aaron Fultz,TEX,-0.2
2003,whiteri01,Rick White,2TM,-0.8
2003,whiteri01,Rick White,CHW,-0.8
2003,whiteri01,Rick White,HOU,0.1
2003,mendora01,Ramiro Mendoza,BOS,-0.5
2003,yanes01,Esteban Yan,2TM,-0.8
2003,yanes01,Esteban Yan,TEX,-0.3
2003,yanes01,Esteban Yan,STL,-0.6
2003,alfonan01,Antonio Alfonseca,CHC,-0.5
2003,goodan01,Andrew Good,ARI,0.5
2003,estrele01,Leo Estrella,MIL,0.8
2003,hodgetr01,Trey Hodges,ATL,-0.4
2003,obermwe01,Wes Obermueller,MIL,0.5
2003,guarded01,Eddie Guardado,MIN,1.9
2003,heilmaa01,Aaron Heilman,NYM,-1.1
2003,walkeja01,Jamie Walker,DET,0.9
2003,matthmi01,Mike Matthews,SDP,-0.2
2003,schoesc01,Scott Schoeneweis,2TM,0.3
2003,schoesc01,Scott Schoeneweis,ANA,0.3
2003,schoesc01,Scott Schoeneweis,CHW,0.0
2003,smoltjo01,John Smoltz,ATL,3.3
2003,towerjo01,Josh Towers,TOR,0.9
2003,macdomi01,Mike MacDougal,KCR,0.6
2003,wendetu01,Turk Wendell,PHI,0.9
2003,sullisc01,Scott Sullivan,2TM,0.7
2003,sullisc01,Scott Sullivan,CIN,0.4
2003,sullisc01,Scott Sullivan,CHW,0.3
2003,klinest02,Steve Kline,STL,0.6
2003,reedst01,Steve Reed,COL,1.5
2003,hammoch01,Chris Hammond,NYY,1.5
2003,phelpto01,Tommy Phelps,FLA,0.6
2003,romerj.01,J.C. Romero,MIN,-0.1
2003,willimi03,Mike Williams,2TM,-1.3
2003,willimi03,Mike Williams,PIT,-0.8
2003,willimi03,Mike Williams,PHI,-0.5
2003,glovega01,Gary Glover,2TM,0.3
2003,glovega01,Gary Glover,CHW,0.2
2003,glovega01,Gary Glover,ANA,0.1
2003,willisc01,Scott Williamson,2TM,0.7
2003,willisc01,Scott Williamson,CIN,1.0
2003,willisc01,Scott Williamson,BOS,-0.3
2003,beimejo01,Joe Beimel,PIT,0.1
2003,boehrbr01,Brian Boehringer,PIT,-0.4
2003,vizcalu01,Luis Vizcaíno,MIL,-0.7
2003,juliojo01,Jorge Julio,BAL,-0.1
2003,bauerri01,Rick Bauer,BAL,0.1
2003,reithbr01,Brian Reith,CIN,0.2
2003,cruzju02,Juan Cruz,CHC,-0.7
2003,rodrife01,Félix Rodríguez,SFG,1.1
2003,shousbr01,Brian Shouse,TEX,1.4
2003,callami01,Mickey Callaway,2TM,-0.9
2003,callami01,Mickey Callaway,ANA,-0.6
2003,callami01,Mickey Callaway,TEX,-0.3
2003,dreifda01,Darren Dreifort,LAD,0.3
2003,hernaro01,Roberto Hernández,ATL,-0.5
2003,randost01,Steve Randolph,ARI,0.8
2003,ligteke01,Kerry Ligtenberg,BAL,1.5
2003,kingra01,Ray King,ATL,0.1
2003,lyonbr01,Brandon Lyon,BOS,0.4
2003,powelja04,Jay Powell,TEX,-1.2
2003,lopezja02,Javier López,COL,1.0
2003,mesajo01,José Mesa,PHI,-1.9
2003,bongju01,Jung Bong,ATL,-0.3
2003,eyresc01,Scott Eyre,SFG,0.6
2003,sauersc01,Scott Sauerbeck,2TM,0.0
2003,sauersc01,Scott Sauerbeck,PIT,0.3
2003,sauersc01,Scott Sauerbeck,BOS,-0.3
2003,wrighja02,Jaret Wright,2TM,-1.7
2003,wrighja02,Jaret Wright,SDP,-2.0
2003,wrighja02,Jaret Wright,ATL,0.3
2003,rincori01,Ricardo Rincón,OAK,1.3
2003,walkepe01,Pete Walker,TOR,0.7
2003,merckke01,Kent Mercker,2TM,1.4
2003,merckke01,Kent Mercker,CIN,0.9
2003,merckke01,Kent Mercker,ATL,0.6
2003,nelsoje01,Jeff Nelson,2TM,0.6
2003,nelsoje01,Jeff Nelson,SEA,0.4
2003,nelsoje01,Jeff Nelson,NYY,0.2
2003,embreal01,Alan Embree,BOS,1.0
2003,mantema01,Matt Mantei,ARI,2.1
2003,pattejo02,John Patterson,ARI,-0.2
2003,kershja01,Jason Kershner,TOR,1.5
2003,munrope01,Peter Munro,HOU,-0.1
2003,rhodear01,Arthur Rhodes,SEA,0.4
2003,cruzne01,Nelson Cruz,COL,-0.5
2003,eischjo01,Joey Eischen,MON,0.5
2003,kiescbr01,Brooks Kieschnick,MIL,0.1
2003,kochbi01,Billy Koch,CHW,-0.7
2003,soriara01,Rafael Soriano,SEA,1.9
2003,gobblji01,Jimmy Gobble,KCR,0.5
2003,milletr02,Trever Miller,TOR,0.5
2003,leskacu01,Curt Leskanic,2TM,1.9
2003,leskacu01,Curt Leskanic,MIL,0.8
2003,leskacu01,Curt Leskanic,KCR,1.1
2003,boydja02,Jason Boyd,CLE,0.4
2003,leecl02,Cliff Lee,CLE,0.5
2003,delosva01,Valerio De Los Santos,2TM,0.1
2003,delosva01,Valerio De Los Santos,MIL,0.6
2003,delosva01,Valerio De Los Santos,PHI,-0.5
2003,elartsc01,Scott Elarton,COL,-1.0
2003,roajo01,Joe Roa,3TM,-0.5
2003,roajo01,Joe Roa,PHI,-0.1
2003,roajo01,Joe Roa,COL,0.1
2003,roajo01,Joe Roa,SDP,-0.4
2003,martito02,Tom Martin,LAD,0.4
2003,wheelda01,Dan Wheeler,NYM,0.7
2003,mouncto01,Tony Mounce,TEX,-0.7
2003,osunaan01,Antonio Osuna,NYY,0.8
2003,almanar01,Armando Almanza,FLA,-0.9
2003,ryanb.01,B.J. Ryan,BAL,1.6
2003,valvejo01,José Valverde,ARI,1.6
2003,stanfja01,Jason Stanford,CLE,1.2
2003,zerbech01,Chad Zerbe,SFG,0.0
2003,percitr01,Troy Percival,ANA,0.6
2003,politcl01,Cliff Politte,TOR,0.0
2003,saarlki01,Kirk Saarloos,HOU,-0.3
2003,ramirer01,Erasmo Ramirez,TEX,0.8
2003,asencmi01,Miguel Asencio,KCR,0.5
2003,brazede01,Dewon Brazelton,TBD,-1.4
2003,felicpe01,Pedro Feliciano,NYM,0.8
2003,vanpoto01,Todd Van Poppel,2TM,-0.1
2003,vanpoto01,Todd Van Poppel,TEX,-0.4
2003,vanpoto01,Todd Van Poppel,CIN,0.3
2003,drisktr01,Travis Driskill,BAL,-0.5
2003,abbotpa01,Paul Abbott,KCR,0.4
2003,lloydgr01,Graeme Lloyd,2TM,-0.2
2003,lloydgr01,Graeme Lloyd,NYM,0.5
2003,lloydgr01,Graeme Lloyd,KCR,-0.7
2003,whitega01,Gabe White,2TM,0.4
2003,whitega01,Gabe White,CIN,0.4
2003,whitega01,Gabe White,NYY,0.0
2003,balejo01,John Bale,CIN,0.3
2003,garciro01,Rosman García,TEX,-0.4
2003,dresery01,Ryan Drese,TEX,-0.8
2003,witasja01,Jay Witasick,SDP,-0.2
2003,groombu01,Buddy Groom,BAL,0.1
2003,mahayro01,Ron Mahay,TEX,1.0
2003,stantmi02,Mike Stanton,NYM,0.0
2003,telemam01,Amaury Telemaco,PHI,0.4
2003,backebr01,Brandon Backe,TBD,-0.2
2003,germafr01,Franklyn Germán,DET,-0.8
2003,lowese01,Sean Lowe,KCR,-0.2
2003,roberna01,Nate Robertson,DET,0.1
2003,tamje01,Jeff Tam,TOR,-0.1
2003,gryboke01,Kevin Gryboski,ATL,0.2
2003,fordma01,Matt Ford,MIL,0.5
2003,parrist01,Steve Parris,TBD,-0.3
2003,burbada01,Dave Burba,MIL,0.8
2003,tsaoch01,Chin-hui Tsao,COL,0.1
2003,bierbni01,Nick Bierbrodt,2TM,-1.5
2003,bierbni01,Nick Bierbrodt,TBD,-1.5
2003,bierbni01,Nick Bierbrodt,CLE,0.0
2003,foxch02,Chad Fox,2TM,1.2
2003,foxch02,Chad Fox,BOS,0.2
2003,foxch02,Chad Fox,FLA,1.1
2003,cressja01,Jack Cressend,CLE,1.2
2003,stewasc01,Scott Stewart,MON,0.4
2003,guthrma01,Mark Guthrie,CHC,1.3
2003,queveru01,Rubén Quevedo,MIL,-0.4
2003,holmeda01,Darren Holmes,ATL,0.0
2003,isrinja01,Jason Isringhausen,STL,1.0
2003,neumi01,Michael Neu,OAK,0.6
2003,spoonti01,Tim Spooneybarger,FLA,0.2
2003,kolbda01,Danny Kolb,MIL,2.0
2003,mearsch01,Chris Mears,DET,-0.3
2003,griffje01,Jeremy Griffiths,NYM,-0.6
2003,marquja01,Jason Marquis,ATL,-0.3
2003,villabr01,Brandon Villafuerte,SDP,0.0
2003,gaudich01,Chad Gaudin,TBD,0.7
2003,reyesca01,Carlos Reyes,TBD,0.2
2003,correke01,Kevin Correia,SFG,0.6
2003,roberwi01,Willis Roberts,BAL,-0.3
2003,anderji02,Jimmy Anderson,CIN,-1.2
2003,mccluse01,Seth McClung,TBD,0.0
2003,oropeed01,Eddie Oropesa,ARI,-0.5
2003,calerki01,Kiko Calero,STL,1.1
2003,carrahe01,Héctor Carrasco,BAL,0.2
2003,fernaja01,Jared Fernández,HOU,0.4
2003,aceveju01,Juan Acevedo,2TM,-1.0
2003,aceveju01,Juan Acevedo,NYY,-1.0
2003,aceveju01,Juan Acevedo,TOR,0.0
2003,betanra01,Rafael Betancourt,CLE,1.1
2003,koplomi01,Mike Koplove,ARI,1.4
2003,smithda07,Dan Smith,MON,-0.1
2003,mecirji01,Jim Mecir,OAK,-0.4
2003,astacpe01,Pedro Astacio,NYM,-0.6
2003,almonhe01,Héctor Almonte,2TM,-0.6
2003,almonhe01,Héctor Almonte,BOS,-0.1
2003,almonhe01,Héctor Almonte,MON,-0.5
2003,bumpna01,Nate Bump,FLA,0.0
2003,lincomi01,Mike Lincoln,PIT,-0.2
2003,myersmi01,Mike Myers,ARI,0.1
2003,bynummi01,Mike Bynum,SDP,-1.3
2003,fioreto01,Tony Fiore,MIN,-0.1
2003,wunscke01,Kelly Wunsch,CHW,0.8
2003,beckro01,Rod Beck,SDP,1.3
2003,figuene01,Nelson Figueroa,PIT,0.9
2003,neaglde01,Denny Neagle,COL,-0.7
2003,standja01,Jason Standridge,TBD,-0.2
2003,waechdo01,Doug Waechter,TBD,1.2
2003,howarbe01,Ben Howard,SDP,0.2
2003,francjo01,John Franco,NYM,0.9
2003,servisc01,Scott Service,2TM,0.4
2003,servisc01,Scott Service,ARI,0.2
2003,servisc01,Scott Service,TOR,0.2
2003,condrcl01,Clay Condrey,SDP,-1.1
2003,oroscje01,Jesse Orosco,3TM,-1.5
2003,oroscje01,Jesse Orosco,2TM,-0.4
2003,oroscje01,Jesse Orosco,SDP,-1.1
2003,oroscje01,Jesse Orosco,NYY,-0.4
2003,oroscje01,Jesse Orosco,MIN,0.0
2003,plesada01,Dan Plesac,PHI,0.6
2003,sasakka01,Kazuhiro Sasaki,SEA,0.1
2003,capuach01,Chris Capuano,ARI,0.3
2003,veresda01,Dave Veres,CHC,0.2
2003,cerdaja01,Jaime Cerda,NYM,-0.1
2003,santijo03,José Santiago,CLE,0.7
2003,voylebr01,Brad Voyles,KCR,-0.5
2003,anderja01,Jason Anderson,2TM,0.1
2003,anderja01,Jason Anderson,NYY,0.1
2003,anderja01,Jason Anderson,NYM,0.0
2003,armasto02,Tony Armas,MON,1.3
2003,coreyma02,Mark Corey,PIT,-0.1
2003,louxsh01,Shane Loux,DET,-0.4
2003,etherse01,Seth Etherton,CIN,-0.5
2003,gallomi01,Mike Gallo,HOU,0.5
2003,serafda01,Dan Serafini,CIN,-0.5
2003,parkch01,Chan Ho Park,TEX,-0.4
2003,rodnefe01,Fernando Rodney,DET,-0.3
2003,carragi01,Giovanni Carrara,SEA,-0.6
2003,austije01,Jeff Austin,CIN,-0.8
2003,manonju01,Julio Mañón,MON,0.5
2003,ritchto01,Todd Ritchie,MIL,0.3
2003,levraal01,Allen Levrault,FLA,0.3
2003,jonesgr01,Greg Jones,ANA,0.1
2003,randasc01,Scott Randall,CIN,-0.5
2003,welleto01,Todd Wellemeyer,CHC,-0.5
2003,vanceco01,Cory Vance,COL,-0.2
2003,acevejo01,José Acevedo,CIN,0.7
2003,balfogr01,Grant Balfour,MIN,0.3
2003,chrisja01,Jason Christiansen,SFG,-0.1
2003,santovi01,Víctor Santos,TEX,-0.3
2003,stewajo02,Josh Stewart,CHW,-0.3
2003,wrighja01,Jamey Wright,KCR,0.2
2003,greggke01,Kevin Gregg,ANA,0.6
2003,halljo03,Josh Hall,CIN,-0.6
2003,nancesh01,Shane Nance,MIL,-0.1
2003,chenbr01,Bruce Chen,2TM,0.0
2003,chenbr01,Bruce Chen,HOU,-0.1
2003,chenbr01,Bruce Chen,BOS,0.1
2003,parrijo01,John Parrish,BAL,0.8
2003,anderma01,Matt Anderson,DET,-0.3
2003,shielja01,Jason Shiell,BOS,0.2
2003,benesal01,Alan Benes,2TM,-0.4
2003,benesal01,Alan Benes,CHC,0.4
2003,benesal01,Alan Benes,TEX,-0.7
2003,burnea.01,A.J. Burnett,FLA,0.1
2003,lopezal02,Albie Lopez,KCR,-1.5
2003,mahompa01,Pat Mahomes,PIT,0.2
2003,jacksed01,Edwin Jackson,LAD,0.5
2003,sandeda01,David Sanders,CHW,-0.2
2003,vogelry01,Ryan Vogelsong,PIT,-0.5
2003,fieldna01,Nate Field,KCR,0.4
2003,harvich01,Chad Harville,OAK,-0.1
2003,loeweca01,Carlton Loewer,SDP,-0.4
2003,wagnery01,Ryan Wagner,CIN,0.8
2003,youngja01,Jason Young,COL,-0.6
2003,fostejo01,John Foster,MIL,0.2
2003,nealbl01,Blaine Neal,FLA,-0.5
2003,puffebr01,Brandon Puffer,HOU,-0.1
2003,crudami01,Mike Crudale,2TM,0.3
2003,crudami01,Mike Crudale,STL,0.1
2003,crudami01,Mike Crudale,MIL,0.2
2003,blandna01,Nate Bland,HOU,-0.2
2003,cunnawi01,Will Cunnane,ATL,0.5
2003,stricsc02,Scott Strickland,NYM,0.5
2003,colyest01,Steve Colyer,LAD,0.3
2003,knotter01,Eric Knott,MON,0.0
2003,robergr01,Grant Roberts,NYM,0.2
2003,tallebr01,Brian Tallet,CLE,-0.2
2003,venafmi01,Mike Venafro,TBD,0.1
2003,mercahe01,Héctor Mercado,PHI,-0.2
2003,ellisro02,Robert Ellis,TEX,-0.3
2003,gonzaed01,Édgar González,ARI,0.2
2003,coneda01,David Cone,NYM,-0.2
2003,garcire01,Reynaldo García,TEX,-0.5
2003,paintla01,Lance Painter,STL,-0.2
2003,nortoph01,Phil Norton,2TM,0.4
2003,nortoph01,Phil Norton,CHC,0.0
2003,nortoph01,Phil Norton,CIN,0.4
2003,bacsimi02,Mike Bacsik,NYM,-0.8
2003,patteda04,Danny Patterson,DET,0.2
2003,woodast01,Steve Woodard,BOS,0.2
2003,arroybr01,Bronson Arroyo,BOS,0.5
2003,parquji01,Jim Parque,TBD,-0.9
2003,sprinru01,Russ Springer,STL,-0.7
2003,miltoer01,Eric Milton,MIN,0.4
2003,reyesal01,Alberto Reyes,NYY,0.3
2003,dominju01,Juan Domínguez,TEX,-0.3
2003,duchsju01,Justin Duchscherer,OAK,0.4
2003,gilfija01,Jason Gilfillan,KCR,-0.2
2003,martilu01,Luis Martínez,MIL,-0.6
2003,reichda01,Dan Reichert,TOR,-0.1
2003,averyst01,Steve Avery,DET,-0.2
2003,fikacje01,Jeremy Fikac,OAK,0.2
2003,malasma01,Mark Malaska,TBD,0.3
2003,eckener01,Eric Eckenstahler,DET,0.3
2003,pulidca01,Carlos Pulido,MIN,0.0
2003,johnsjo08,Jonathan Johnson,HOU,-0.2
2003,thurmco01,Corey Thurman,TOR,0.0
2003,turnbde01,Derrick Turnbow,ANA,0.6
2003,baldwja01,James Baldwin,MIN,-0.1
2003,kimsu01,Sun-Woo Kim,MON,-0.3
2003,porzimi01,Mike Porzio,CHW,-0.1
2003,creekdo01,Doug Creek,TOR,0.4
2003,moehlbr01,Brian Moehler,HOU,-0.3
2003,woodmi01,Mike Wood,OAK,-0.7
2003,cottsne01,Neal Cotts,CHW,-0.3
2003,jensery01,Ryan Jensen,SFG,-0.6
2003,cerroju01,Juan Cerros,CIN,0.0
2003,ramosma01,Mario Ramos,TEX,0.0
2003,schmabr01,Brian Schmack,DET,0.1
2003,nakammi01,Micheal Nakamura,MIN,-0.2
2003,tayloaa01,Aaron Taylor,SEA,-0.2
2003,reyesde01,Dennys Reyes,2TM,-0.6
2003,reyesde01,Dennys Reyes,PIT,-0.6
2003,reyesde01,Dennys Reyes,ARI,-0.1
2003,nagych01,Charles Nagy,SDP,0.0
2003,kidama01,Masao Kida,LAD,0.1
2003,olsenke01,Kevin Olsen,FLA,-0.6
2003,alvarju01,Juan Alvarez,FLA,0.2
2003,brohatr01,Troy Brohawn,LAD,0.0
2003,persoro01,Robert Person,BOS,-0.2
2003,almoned01,Edwin Almonte,NYM,-0.6
2003,depaujo01,Jorge De Paula,NYY,0.5
2003,cordech01,Chad Cordero,MON,0.4
2003,hamiljo02,Joey Hamilton,CIN,-0.5
2003,manzajo01,Josías Manzanillo,CIN,-1.0
2003,nunezvl01,Vladimir Núñez,FLA,-1.6
2003,bootcch01,Chris Bootcheck,ANA,-0.3
2003,bukviry01,Ryan Bukvich,KCR,-0.2
2003,deagoro01,Roger Deago,SDP,-0.3
2003,tollbbr01,Brian Tollberg,SDP,-0.5
2003,rileyma01,Matt Riley,BAL,0.6
2003,rupery01,Ryan Rupe,BOS,-0.2
2003,borlato02,Toby Borland,FLA,0.2
2003,nitkoc.01,C.J. Nitkowski,TEX,-0.2
2003,sadleca01,Carl Sadler,CLE,0.4
2003,switzjo01,Jon Switzer,TBD,-0.2
2003,adkinjo01,Jon Adkins,CHW,0.1
2003,sweenbr01,Brian Sweeney,SEA,0.2
2003,hoffmtr01,Trevor Hoffman,SDP,0.2
2003,journji01,Jimmy Journell,STL,-0.1
2003,lintodo01,Doug Linton,TOR,0.2
2003,myersro01,Rodney Myers,LAD,-0.2
2003,pearcjo01,Josh Pearce,STL,0.2
2003,roachja01,Jason Roach,NYM,-0.4
2003,seaybo01,Bobby Seay,TBD,0.3
2003,stranpa02,Pat Strange,NYM,-0.5
2003,darenvi01,Vic Darensbourg,2TM,-0.2
2003,darenvi01,Vic Darensbourg,COL,0.0
2003,darenvi01,Vic Darensbourg,MON,-0.2
2003,belisma01,Matt Belisle,CIN,0.0
2003,drewti01,Tim Drew,MON,-0.6
2003,durbich01,Chad Durbin,CLE,-0.5
2003,mitrese01,Sergio Mitre,CHC,-0.2
2003,seaneru01,Rudy Seánez,BOS,-0.1
2003,bowiemi01,Micah Bowie,OAK,-0.2
2003,gonzami02,Mike González,PIT,-0.2
2003,raggibr01,Brady Raggio,ARI,-0.1
2003,bulliki01,Kirk Bullinger,HOU,-0.2
2003,douglse01,Sean Douglass,BAL,-0.3
2003,morenor01,Orber Moreno,NYM,-0.2
2003,rosarro01,Rodrigo Rosario,HOU,0.4
2003,sanchje01,Jesús Sánchez,COL,-0.2
2003,walrole01,Les Walrond,KCR,-0.3
2003,jungeer01,Eric Junge,PHI,0.1
2003,leeda01,David Lee,CLE,0.1
2003,corcoro01,Roy Corcoran,MON,0.2
2003,durocja01,Jayson Durocher,MIL,-0.6
2003,mercejo02,José Mercedes,MON,0.1
2003,mullesc01,Scott Mullen,2TM,-0.4
2003,mullesc01,Scott Mullen,KCR,-0.3
2003,mullesc01,Scott Mullen,LAD,-0.1
2003,bowlebr01,Brian Bowles,TOR,0.1
2003,dawlejo01,Joey Dawley,ATL,-0.4
2003,herreal01,Álex Herrera,CLE,-0.2
2003,loopeaa01,Aaron Looper,SEA,0.0
2003,middlja01,Jason Middlebrook,NYM,-0.2
2003,bereja01,Jason Bere,CLE,0.0
2003,mannida01,David Manning,MIL,-0.6
2003,paronch01,Chad Paronto,CLE,-0.4
2003,walkeke02,Kevin Walker,SDP,0.0
2003,clausbr01,Brandon Claussen,NYY,0.2
2003,lowryno01,Noah Lowry,SFG,0.2
2003,fettemi01,Mike Fetters,MIN,0.3
2003,gearyge01,Geoff Geary,PHI,0.0
2003,keislra01,Randy Keisler,SDP,-0.4
2003,sanchdu01,Duaner Sánchez,PIT,-0.4
2003,alvarvi01,Víctor Álvarez,LAD,-0.4
2003,whitema03,Matt White,2TM,-0.6
2003,whitema03,Matt White,BOS,-0.5
2003,whitema03,Matt White,SEA,-0.1
2003,chulkvi01,Vinnie Chulk,TOR,0.1
2003,wayneju01,Justin Wayne,FLA,-0.3
2003,grabojo02,John Grabow,PIT,0.0
2003,phillja03,Jason Phillips,CLE,-0.2
2003,wasdijo01,John Wasdin,TOR,-0.6
2003,powelbr01,Brian Powell,SFG,-0.2
2003,thomabr01,Brad Thomas,MIN,-0.2
2003,howrybo01,Bob Howry,BOS,-0.2
2003,millema02,Matt Miller,COL,0.1
2003,ohmeke01,Kevin Ohme,STL,0.2
2003,borbope02,Pedro Borbón,STL,-0.8
2003,deharri01,Rick DeHart,KCR,-0.3
2003,ferraan01,Anthony Ferrari,MON,0.0
2003,riggaje01,Jerrod Riggan,CLE,-0.1
2003,tolarke01,Kevin Tolar,BOS,-0.2
2003,choatra01,Randy Choate,NYY,0.0
2003,putzjj01,J.J. Putz,SEA,0.0
2003,rodriri02,Rich Rodriguez,ANA,0.1
2003,gintema01,Matt Ginter,CHW,-0.2
2003,aybarma01,Manny Aybar,SFG,0.0
2003,corteda01,David Cortés,CLE,-0.2
2003,downssc01,Scott Downs,MON,-0.2
2003,hancojo01,Josh Hancock,PHI,0.1
2003,prinzbr01,Bret Prinz,2TM,-0.1
2003,prinzbr01,Bret Prinz,ARI,0.0
2003,prinzbr01,Bret Prinz,NYY,-0.2
2003,molinga01,Gabe Molina,STL,-0.1
2003,myettaa01,Aaron Myette,CLE,-0.2
2003,elderda01,Dave Elder,CLE,-0.2
2003,hebsobr01,Bryan Hebson,MON,-0.1
2003,madsory01,Ryan Madson,PHI,0.1
2003,miadiba01,Bart Miadich,ANA,-0.1
2003,valenjo04,Joe Valentine,CIN,-0.2
2003,watsoma03,Mark Watson,CIN,0.0
2003,bottari01,Ricky Bottalico,ARI,0.0
2003,mannji01,Jim Mann,PIT,-0.2
2003,sanchfe01,Félix Sánchez,CHC,-0.1
2003,johnsad01,Adam Johnson,MIN,-0.4
2003,reamebr01,Britt Reames,MON,-0.2
2003,gonzawi01,Wiki González,SDP,0.0
2003,hillje02,Jeremy Hill,KCR,0.0
2003,pearsja01,Jason Pearson,STL,-0.3
2003,rockejo01,John Rocker,TBD,0.0
2003,paniajo01,José Paniagua,CHW,-0.1
2003,tankede01,Dennis Tankersley,SDP,0.0
2004,hernali01,Liván Hernández,MON,4.9
2004,johnsra05,Randy Johnson,ARI,8.4
2004,buehrma01,Mark Buehrle,CHW,4.2
2004,oswalro01,Roy Oswalt,HOU,3.9
2004,sheetbe01,Ben Sheets,MIL,7.2
2004,santajo02,Johan Santana,MIN,8.7
2004,schilcu01,Curt Schilling,BOS,7.8
2004,muldema01,Mark Mulder,OAK,3.1
2004,schmija01,Jason Schmidt,SFG,6.8
2004,pavanca01,Carl Pavano,FLA,5.3
2004,weaveje01,Jeff Weaver,LAD,2.2
2004,radkebr01,Brad Radke,MIN,5.9
2004,garlajo01,Jon Garland,CHW,1.6
2004,marotmi01,Mike Maroth,DET,3.3
2004,martipe02,Pedro Martínez,BOS,5.5
2004,ponsosi01,Sidney Ponson,BAL,1.4
2004,westbja01,Jake Westbrook,CLE,4.3
2004,clemero02,Roger Clemens,HOU,5.4
2004,zitoba01,Barry Zito,OAK,2.9
2004,maddugr01,Greg Maddux,CHC,3.2
2004,glavito02,Tom Glavine,NYM,4.0
2004,rogerke01,Kenny Rogers,TEX,3.7
2004,lidleco01,Cory Lidle,2TM,0.7
2004,lidleco01,Cory Lidle,CIN,-0.3
2004,lidleco01,Cory Lidle,PHI,1.0
2004,garcifr03,Freddy García,2TM,4.8
2004,garcifr03,Freddy García,SEA,3.2
2004,garcifr03,Freddy García,CHW,1.6
2004,zambrca01,Carlos Zambrano,CHC,6.6
2004,colonba01,Bartolo Colon,ANA,1.2
2004,escobke01,Kelvim Escobar,ANA,4.3
2004,webbbr01,Brandon Webb,ARI,3.2
2004,dresery01,Ryan Drese,TEX,4.9
2004,davisdo02,Doug Davis,MIL,4.9
2004,ortizru01,Russ Ortiz,ATL,1.9
2004,lawrebr02,Brian Lawrence,SDP,1.7
2004,silvaca01,Carlos Silva,MIN,3.9
2004,trachst01,Steve Trachsel,NYM,2.9
2004,estessh01,Shawn Estes,COL,0.8
2004,morrima01,Matt Morris,STL,0.0
2004,moyerja01,Jamie Moyer,SEA,0.4
2004,marquja01,Jason Marquis,STL,2.4
2004,jennija01,Jason Jennings,COL,2.0
2004,miltoer01,Eric Milton,PHI,1.4
2004,frankry01,Ryan Franklin,SEA,1.3
2004,bensokr01,Kris Benson,2TM,2.4
2004,bensokr01,Kris Benson,PIT,1.7
2004,bensokr01,Kris Benson,NYM,0.7
2004,eatonad01,Adam Eaton,SDP,0.1
2004,batismi01,Miguel Batista,TOR,2.1
2004,lackejo01,John Lackey,ANA,2.1
2004,thomsjo01,John Thomson,ATL,2.1
2004,vazquja01,Javier Vázquez,NYY,2.6
2004,lillyte01,Ted Lilly,TOR,4.2
2004,willido03,Dontrelle Willis,FLA,1.3
2004,johnsja02,Jason Johnson,DET,0.7
2004,roberna01,Nate Robertson,DET,1.3
2004,perezod01,Odalis Pérez,LAD,3.7
2004,perezol01,Óliver Pérez,PIT,5.7
2004,wellsda01,David Wells,SDP,2.6
2004,lohseky01,Kyle Lohse,MIN,0.3
2004,tomkobr01,Brett Tomko,SFG,2.6
2004,redmama01,Mark Redman,OAK,1.7
2004,rueteki01,Kirk Rueter,SFG,2.0
2004,harderi01,Rich Harden,OAK,3.8
2004,williwo02,Woody Williams,STL,1.8
2004,hudsoti01,Tim Hudson,OAK,4.3
2004,wakefti01,Tim Wakefield,BOS,1.2
2004,sabatc.01,CC Sabathia,CLE,3.1
2004,suppaje01,Jeff Suppan,STL,1.1
2004,wrighja02,Jaret Wright,ATL,2.9
2004,mayda02,Darrell May,KCR,0.3
2004,bondeje01,Jeremy Bonderman,DET,2.0
2004,wilsopa02,Paul Wilson,CIN,1.9
2004,hendrma01,Mark Hendrickson,TBD,0.8
2004,loaizes01,Esteban Loaiza,2TM,-0.2
2004,loaizes01,Esteban Loaiza,CHW,0.9
2004,loaizes01,Esteban Loaiza,NYY,-1.0
2004,lowede01,Derek Lowe,BOS,-0.7
2004,carpech01,Chris Carpenter,STL,3.3
2004,clemema01,Matt Clement,CHC,3.7
2004,leecl02,Cliff Lee,CLE,0.3
2004,arroybr01,Bronson Arroyo,BOS,2.6
2004,foggjo01,Josh Fogg,PIT,1.4
2004,liebejo01,Jon Lieber,NYY,2.8
2004,myersbr01,Brett Myers,PHI,-0.1
2004,leiteal01,Al Leiter,NYM,4.9
2004,hamptmi01,Mike Hampton,ATL,1.4
2004,ishiika01,Kazuhisa Ishii,LAD,-0.1
2004,lopezro02,Rodrigo López,BAL,4.8
2004,limajo01,José Lima,LAD,1.3
2004,contrjo01,José Contreras,2TM,0.4
2004,contrjo01,José Contreras,NYY,0.1
2004,contrjo01,José Contreras,CHW,0.3
2004,valdeis01,Ismael Valdéz,2TM,-1.0
2004,valdeis01,Ismael Valdéz,SDP,-1.1
2004,valdeis01,Ismael Valdéz,FLA,0.1
2004,peavyja01,Jake Peavy,SDP,4.9
2004,anderbr02,Brian Anderson,KCR,-0.4
2004,mussimi01,Mike Mussina,NYY,2.4
2004,kennejo04,Joe Kennedy,COL,5.6
2004,haranaa01,Aaron Harang,CIN,0.6
2004,elartsc01,Scott Elarton,2TM,0.1
2004,elartsc01,Scott Elarton,COL,-1.2
2004,elartsc01,Scott Elarton,CLE,1.3
2004,acevejo01,José Acevedo,CIN,-1.4
2004,beckejo02,Josh Beckett,FLA,1.9
2004,santovi01,Víctor Santos,MIL,0.5
2004,washbja01,Jarrod Washburn,ANA,1.6
2004,gobblji01,Jimmy Gobble,KCR,0.9
2004,cabreda01,Daniel Cabrera,BAL,1.3
2004,greinza01,Zack Greinke,KCR,3.8
2004,pennybr01,Brad Penny,2TM,2.8
2004,pennybr01,Brad Penny,FLA,2.7
2004,pennybr01,Brad Penny,LAD,0.1
2004,fossuca01,Casey Fossum,ARI,-1.4
2004,zambrvi01,Víctor Zambrano,2TM,1.8
2004,zambrvi01,Víctor Zambrano,TBD,1.8
2004,zambrvi01,Víctor Zambrano,NYM,0.0
2004,millwke01,Kevin Millwood,PHI,0.7
2004,pineijo01,Joel Piñeiro,SEA,1.5
2004,woodke02,Kerry Wood,CHC,2.8
2004,wellski01,Kip Wells,PIT,1.7
2004,bedarer01,Érik Bédard,BAL,1.0
2004,wolfra02,Randy Wolf,PHI,1.1
2004,kimsu01,Sun-Woo Kim,MON,0.2
2004,knottga01,Gary Knotts,DET,0.5
2004,hallaro01,Roy Halladay,TOR,2.4
2004,vogelry01,Ryan Vogelsong,PIT,-1.2
2004,brownke01,Kevin Brown,NYY,2.8
2004,seleaa01,Aaron Sele,ANA,0.2
2004,hermadu01,Dustin Hermanson,SFG,1.3
2004,ruschgl01,Glendon Rusch,CHC,3.1
2004,willije01,Jerome Williams,SFG,1.6
2004,ortizra02,Ramón Ortiz,ANA,1.6
2004,mechegi01,Gil Meche,SEA,0.9
2004,mulhote01,Terry Mulholland,MIN,0.6
2004,bellro01,Rob Bell,TBD,0.7
2004,alvarwi01,Wilson Álvarez,LAD,1.0
2004,brazede01,Dewon Brazelton,TBD,0.6
2004,sparkst01,Steve Sparks,ARI,-0.7
2004,burnea.01,A.J. Burnett,FLA,1.8
2004,halamjo01,John Halama,TBD,0.8
2004,priorma01,Mark Prior,CHC,2.6
2004,vargacl01,Claudio Vargas,MON,-0.5
2004,obermwe01,Wes Obermueller,MIL,-0.4
2004,seoja01,Jae Weong Seo,NYM,0.7
2004,villoro01,Ron Villone,SEA,0.7
2004,dayza01,Zach Day,MON,1.7
2004,towerjo01,Josh Towers,TOR,0.5
2004,padilvi01,Vicente Padilla,PHI,0.8
2004,vanpoto01,Todd Van Poppel,CIN,-1.3
2004,byrdpa01,Paul Byrd,ATL,0.7
2004,davisja02,Jason Davis,CLE,-0.7
2004,schoesc01,Scott Schoeneweis,CHW,0.3
2004,fasseje01,Jeff Fassero,2TM,0.4
2004,fasseje01,Jeff Fassero,COL,0.4
2004,fasseje01,Jeff Fassero,ARI,0.1
2004,reyesde01,Dennys Reyes,KCR,0.7
2004,shielsc01,Scot Shields,ANA,1.9
2004,desseel01,Elmer Dessens,2TM,0.4
2004,desseel01,Elmer Dessens,ARI,0.1
2004,desseel01,Elmer Dessens,LAD,0.3
2004,dicker.01,R.A. Dickey,TEX,0.0
2004,benoijo01,Joaquin Benoit,TEX,0.9
2004,redditi01,Tim Redding,HOU,-1.3
2004,woodmi01,Mike Wood,KCR,0.3
2004,munrope01,Peter Munro,HOU,-0.2
2004,sosajo02,Jorge Sosa,TBD,-0.5
2004,pattejo02,John Patterson,MON,0.1
2004,bushda01,Dave Bush,TOR,1.7
2004,cookaa01,Aaron Cook,COL,2.3
2004,motagu01,Guillermo Mota,2TM,1.8
2004,motagu01,Guillermo Mota,LAD,2.0
2004,motagu01,Guillermo Mota,FLA,-0.2
2004,duchsju01,Justin Duchscherer,OAK,2.4
2004,abbotpa01,Paul Abbott,2TM,-1.0
2004,abbotpa01,Paul Abbott,TBD,-0.5
2004,abbotpa01,Paul Abbott,PHI,-0.6
2004,parkch01,Chan Ho Park,TEX,0.5
2004,quantpa01,Paul Quantrill,NYY,0.8
2004,lidgebr01,Brad Lidge,HOU,3.8
2004,broweji01,Jim Brower,SFG,1.5
2004,lowryno01,Noah Lowry,SFG,2.0
2004,torresa01,Salomón Torres,PIT,2.3
2004,ayalalu01,Luis Ayala,MON,2.1
2004,gordoto01,Tom Gordon,NYY,4.0
2004,millewa04,Wade Miller,HOU,2.1
2004,capuach01,Chris Capuano,MIL,0.3
2004,madribo01,Bobby Madritsch,SEA,2.2
2004,greggke01,Kevin Gregg,ANA,0.7
2004,ryanb.01,B.J. Ryan,BAL,3.4
2004,yanes01,Esteban Yan,DET,0.8
2004,koplomi01,Mike Koplove,ARI,1.1
2004,doteloc01,Octavio Dotel,2TM,1.2
2004,doteloc01,Octavio Dotel,HOU,0.4
2004,doteloc01,Octavio Dotel,OAK,0.9
2004,hernaor01,Orlando Hernández,NYY,2.8
2004,ohkato01,Tomo Ohka,MON,1.0
2004,linebsc01,Scott Linebrink,SDP,2.6
2004,nomohi01,Hideo Nomo,LAD,-2.4
2004,rodrifr03,Francisco Rodríguez,ANA,3.3
2004,loopebr01,Braden Looper,NYM,2.4
2004,foulkke01,Keith Foulke,BOS,3.5
2004,pettian01,Andy Pettitte,HOU,1.1
2004,cordech01,Chad Cordero,MON,2.0
2004,gagneer01,Eric Gagné,LAD,2.3
2004,jonesto02,Todd Jones,2TM,0.5
2004,jonesto02,Todd Jones,CIN,0.6
2004,jonesto02,Todd Jones,PHI,-0.1
2004,weathda01,David Weathers,3TM,0.0
2004,weathda01,David Weathers,NYM,0.0
2004,weathda01,David Weathers,HOU,-0.4
2004,weathda01,David Weathers,FLA,0.4
2004,hawkila01,LaTroy Hawkins,CHC,2.4
2004,rincoju01,Juan Rincón,MIN,2.7
2004,milleju01,Justin Miller,TOR,-0.2
2004,randost01,Steve Randolph,ARI,-0.4
2004,smoltjo01,John Smoltz,ATL,2.1
2004,cormirh01,Rhéal Cormier,PHI,1.6
2004,cartela02,Lance Carter,TBD,1.6
2004,hentgpa01,Pat Hentgen,TOR,-1.2
2004,sanchdu01,Duaner Sánchez,LAD,0.6
2004,reitsch01,Chris Reitsma,ATL,0.3
2004,harpetr01,Travis Harper,TBD,0.9
2004,riverma01,Mariano Rivera,NYY,4.2
2004,wrighja01,Jamey Wright,COL,1.8
2004,kinnema01,Matt Kinney,2TM,-0.5
2004,kinnema01,Matt Kinney,MIL,-0.2
2004,kinnema01,Matt Kinney,KCR,-0.3
2004,whiteri01,Rick White,CLE,-0.6
2004,worreti01,Tim Worrell,PHI,0.8
2004,biddlro01,Rocky Biddle,MON,-2.5
2004,meadobr01,Brian Meadows,PIT,0.5
2004,parrijo01,John Parrish,BAL,0.8
2004,micelda01,Dan Miceli,HOU,0.8
2004,riedljo01,John Riedling,CIN,-1.3
2004,otsukak01,Akinori Otsuka,SDP,2.9
2004,riskeda01,David Riske,CLE,1.3
2004,sturtta01,Tanyon Sturtze,NYY,0.2
2004,madsory01,Ryan Madson,PHI,2.2
2004,stantmi02,Mike Stanton,NYM,1.4
2004,burbada01,Dave Burba,2TM,0.4
2004,burbada01,Dave Burba,MIL,0.4
2004,burbada01,Dave Burba,SFG,-0.1
2004,affelje01,Jeremy Affeldt,KCR,0.4
2004,timlimi01,Mike Timlin,BOS,1.3
2004,isrinja01,Jason Isringhausen,STL,1.3
2004,duboser01,Eric DuBose,BAL,-0.4
2004,romerj.01,J.C. Romero,MIN,1.5
2004,alfonan01,Antonio Alfonseca,ATL,1.4
2004,bumpna01,Nate Bump,FLA,-0.9
2004,marteda01,Dámaso Marte,CHW,1.8
2004,almanca01,Carlos Almánzar,TEX,1.6
2004,oliveda02,Darren Oliver,2TM,-0.6
2004,oliveda02,Darren Oliver,FLA,-0.7
2004,oliveda02,Darren Oliver,HOU,0.1
2004,nathajo01,Joe Nathan,MIN,3.9
2004,armasto02,Tony Armas,MON,0.4
2004,cruzju02,Juan Cruz,ATL,1.1
2004,vizcalu01,Luis Vizcaíno,MIL,0.6
2004,burnese01,Sean Burnett,PIT,0.3
2004,cordefr01,Francisco Cordero,TEX,3.6
2004,benneje01,Jeff Bennett,MIL,-0.2
2004,levinal01,Al Levine,DET,0.5
2004,waechdo01,Doug Waechter,TBD,-0.5
2004,roajo01,Joe Roa,MIN,0.5
2004,adamste01,Terry Adams,2TM,0.5
2004,adamste01,Terry Adams,TOR,0.6
2004,adamste01,Terry Adams,BOS,-0.1
2004,benitar01,Armando Benítez,FLA,3.4
2004,bottari01,Ricky Bottalico,NYM,1.1
2004,gintema01,Matt Ginter,NYM,0.6
2004,mesajo01,José Mesa,PIT,1.5
2004,juliojo01,Jorge Julio,BAL,0.7
2004,speieju01,Justin Speier,TOR,1.0
2004,frasoja01,Jason Frasor,TOR,1.0
2004,graveda01,Danny Graves,CIN,-0.5
2004,baezda01,Danys Báez,TBD,0.9
2004,hasegsh01,Shigetoshi Hasegawa,SEA,-0.3
2004,tucket.01,T.J. Tucker,MON,0.9
2004,backebr01,Brandon Backe,HOU,0.6
2004,eldreca01,Cal Eldred,STL,0.3
2004,mahayro01,Ron Mahay,TEX,2.1
2004,betanra01,Rafael Betancourt,CLE,0.6
2004,campsh01,Shawn Camp,KCR,0.5
2004,farnsky01,Kyle Farnsworth,CHC,-0.1
2004,clausbr01,Brandon Claussen,CIN,-1.0
2004,reedst01,Steve Reed,COL,1.5
2004,nortoph01,Phil Norton,CIN,-0.4
2004,rodrife01,Félix Rodríguez,2TM,1.6
2004,rodrife01,Félix Rodríguez,SFG,1.1
2004,rodrife01,Félix Rodríguez,PHI,0.5
2004,cottsne01,Neal Cotts,CHW,-0.4
2004,hergema01,Matt Herges,SFG,-0.8
2004,wasdijo01,John Wasdin,TEX,-0.4
2004,wheelda01,Dan Wheeler,2TM,0.5
2004,wheelda01,Dan Wheeler,NYM,0.2
2004,wheelda01,Dan Wheeler,HOU,0.3
2004,walkeja01,Jamie Walker,DET,1.2
2004,tavarju01,Julián Tavárez,STL,1.3
2004,rileyma01,Matt Riley,BAL,0.1
2004,walkety01,Tyler Walker,SFG,0.7
2004,hancojo01,Josh Hancock,2TM,-0.4
2004,hancojo01,Josh Hancock,PHI,-0.3
2004,hancojo01,Josh Hancock,CIN,-0.1
2004,chacosh01,Shawn Chacón,COL,-1.5
2004,downssc01,Scott Downs,MON,-0.7
2004,putzjj01,J.J. Putz,SEA,0.2
2004,grimsja01,Jason Grimsley,2TM,0.2
2004,grimsja01,Jason Grimsley,KCR,0.6
2004,grimsja01,Jason Grimsley,BAL,-0.4
2004,harikti01,Tim Harikkala,COL,0.9
2004,takatsh01,Shingo Takatsu,CHW,2.2
2004,adkinjo01,Jon Adkins,CHW,0.3
2004,kingra01,Ray King,STL,1.4
2004,grabojo02,John Grabow,PIT,-0.5
2004,witasja01,Jay Witasick,SDP,0.3
2004,dejeami01,Mike DeJean,2TM,0.3
2004,dejeami01,Mike DeJean,BAL,-0.4
2004,dejeami01,Mike DeJean,NYM,0.7
2004,durbich01,Chad Durbin,2TM,-1.3
2004,durbich01,Chad Durbin,CLE,-1.0
2004,durbich01,Chad Durbin,ARI,-0.4
2004,ramirho01,Horacio Ramírez,ATL,1.0
2004,sullisc01,Scott Sullivan,KCR,0.5
2004,whitega01,Gabe White,2TM,-1.2
2004,whitega01,Gabe White,NYY,-0.5
2004,whitega01,Gabe White,CIN,-0.6
2004,bradfch01,Chad Bradford,OAK,0.4
2004,mateoju01,Julio Mateo,SEA,0.3
2004,kolbda01,Danny Kolb,MIL,1.4
2004,hernaro01,Roberto Hernández,PHI,-0.8
2004,borkoda01,Dave Borkowski,BAL,0.0
2004,chulkvi01,Vinnie Chulk,TOR,0.2
2004,harvich01,Chad Harville,2TM,-0.6
2004,harvich01,Chad Harville,OAK,0.1
2004,harvich01,Chad Harville,HOU,-0.7
2004,millema02,Matt Miller,CLE,1.0
2004,ligteke01,Kerry Ligtenberg,TOR,-0.6
2004,hoffmtr01,Trevor Hoffman,SDP,1.8
2004,telemam01,Amaury Telemaco,PHI,0.4
2004,urbinug01,Ugueth Urbina,DET,0.4
2004,bauerri01,Rick Bauer,BAL,0.3
2004,carragi01,Giovanni Carrara,LAD,1.3
2004,hammoch01,Chris Hammond,OAK,1.0
2004,ledezwi01,Wil Ledezma,DET,0.7
2004,adamsmi03,Mike Adams,MIL,1.0
2004,merckke01,Kent Mercker,CHC,1.7
2004,eyresc01,Scott Eyre,SFG,0.6
2004,groombu01,Buddy Groom,BAL,0.3
2004,wisema01,Matt Wise,MIL,0.4
2004,brocado01,Doug Brocail,TEX,0.6
2004,embreal01,Alan Embree,BOS,0.6
2004,mitrese01,Sergio Mitre,CHC,-0.5
2004,wagnery01,Ryan Wagner,CIN,-0.3
2004,stoneri01,Ricky Stone,2TM,-0.8
2004,stoneri01,Ricky Stone,HOU,-0.1
2004,stoneri01,Ricky Stone,SDP,-0.7
2004,francfr01,Frank Francisco,TEX,1.5
2004,politcl01,Cliff Politte,CHW,0.4
2004,greisse01,Seth Greisinger,MIN,-0.5
2004,choatra01,Randy Choate,ARI,0.5
2004,dreifda01,Darren Dreifort,LAD,0.1
2004,frankwa01,Wayne Franklin,SFG,-0.7
2004,gryboke01,Kevin Gryboski,ATL,0.4
2004,gonzaje01,Geremi González,TBD,-0.6
2004,klinest02,Steve Kline,STL,1.6
2004,tadanka01,Kazuhito Tadano,CLE,0.2
2004,fultzaa01,Aaron Fultz,MIN,0.2
2004,percitr01,Troy Percival,ANA,1.1
2004,diazfe01,Félix Díaz,CHW,-0.5
2004,gallomi01,Mike Gallo,HOU,-0.1
2004,beltrfr01,Francis Beltrán,2TM,-0.2
2004,beltrfr01,Francis Beltrán,CHC,0.1
2004,beltrfr01,Francis Beltrán,MON,-0.3
2004,daiglca01,Casey Daigle,ARI,-0.6
2004,milletr02,Trever Miller,TBD,0.9
2004,kochbi01,Billy Koch,2TM,0.1
2004,kochbi01,Billy Koch,CHW,-0.2
2004,kochbi01,Billy Koch,FLA,0.3
2004,hudsolu01,Luke Hudson,CIN,1.4
2004,wagnebi02,Billy Wagner,PHI,1.2
2004,chenbr01,Bruce Chen,BAL,1.3
2004,mecirji01,Jim Mecir,OAK,0.8
2004,perisma01,Matt Perisho,FLA,0.2
2004,jacksmi02,Mike Jackson,CHW,0.1
2004,yatesty01,Tyler Yates,NYM,-0.8
2004,gonzaed01,Édgar González,ARI,-1.5
2004,hendrbe01,Ben Hendrickson,MIL,-0.3
2004,dohmasc01,Scott Dohmann,COL,0.8
2004,francjo01,John Franco,NYM,-0.2
2004,harenda01,Dan Haren,STL,0.3
2004,seaneru01,Rudy Seánez,2TM,1.0
2004,seaneru01,Rudy Seánez,KCR,0.5
2004,seaneru01,Rudy Seánez,FLA,0.5
2004,cerdaja01,Jaime Cerda,KCR,0.8
2004,calerki01,Kiko Calero,STL,1.0
2004,cormila01,Lance Cormier,ARI,-1.2
2004,guarded01,Eddie Guardado,SEA,1.6
2004,martito02,Tom Martin,2TM,0.4
2004,martito02,Tom Martin,LAD,0.2
2004,martito02,Tom Martin,ATL,0.2
2004,grillja01,Jason Grilli,CHW,-0.6
2004,fuentbr01,Brian Fuentes,COL,-0.3
2004,gearyge01,Geoff Geary,PHI,-0.3
2004,fieldna01,Nate Field,KCR,0.3
2004,shousbr01,Brian Shouse,TEX,1.8
2004,rincori01,Ricardo Rincón,OAK,0.6
2004,gonzami02,Mike González,PIT,2.0
2004,rodried03,Eddy Rodríguez,BAL,0.3
2004,leskacu01,Curt Leskanic,2TM,0.1
2004,leskacu01,Curt Leskanic,KCR,-0.6
2004,leskacu01,Curt Leskanic,BOS,0.6
2004,kiescbr01,Brooks Kieschnick,MIL,0.6
2004,gaudich01,Chad Gaudin,TBD,-0.1
2004,howrybo01,Bob Howry,CLE,1.0
2004,myersmi01,Mike Myers,2TM,0.5
2004,myersmi01,Mike Myers,SEA,0.2
2004,myersmi01,Mike Myers,BOS,0.3
2004,georgch02,Chris George,KCR,-0.7
2004,donnebr01,Brendan Donnelly,ANA,1.0
2004,hernaca03,Carlos Hernández,HOU,-0.5
2004,nealbl01,Blaine Neal,SDP,0.3
2004,leicejo01,Jon Leicester,CHC,0.5
2004,patteda04,Danny Patterson,DET,0.0
2004,colomje01,Jesús Colomé,TBD,0.8
2004,goodan01,Andrew Good,ARI,0.1
2004,lopezja02,Javier López,COL,-0.8
2004,smithtr01,Travis Smith,ATL,-0.4
2004,horgajo01,Joe Horgan,MON,0.5
2004,balfogr01,Grant Balfour,MIN,0.5
2004,duckwbr01,Brandon Duckworth,HOU,-0.6
2004,powelbr01,Brian Powell,PHI,0.1
2004,simpsal01,Allan Simpson,COL,0.0
2004,douglse01,Sean Douglass,TOR,-0.1
2004,heredfe01,Félix Heredia,NYY,-0.2
2004,rhodear01,Arthur Rhodes,OAK,-0.1
2004,willida07,David Williams,PIT,0.2
2004,howarbe01,Ben Howard,FLA,-0.3
2004,francje01,Jeff Francis,COL,0.3
2004,nageocl01,Clint Nageotte,SEA,-0.8
2004,osunaan01,Antonio Osuna,SDP,0.8
2004,remlimi01,Mike Remlinger,CHC,0.6
2004,jimenjo01,José Jiménez,CLE,-2.0
2004,youngch03,Chris Young,TEX,0.8
2004,chrisja01,Jason Christiansen,SFG,0.3
2004,coreyma02,Mark Corey,PIT,0.1
2004,ramirer01,Erasmo Ramirez,TEX,0.5
2004,aquingr01,Greg Aquino,ARI,0.8
2004,carradj01,D.J. Carrasco,KCR,0.0
2004,tankede01,Dennis Tankersley,SDP,-0.5
2004,morenor01,Orber Moreno,NYM,0.3
2004,hennebr01,Brad Hennessey,SFG,-0.2
2004,phelpto01,Tommy Phelps,FLA,-0.2
2004,filebo01,Bob File,TOR,0.1
2004,kazmisc01,Scott Kazmir,TBD,0.1
2004,quallch01,Chad Qualls,HOU,0.5
2004,nitkoc.01,C.J. Nitkowski,2TM,-0.2
2004,nitkoc.01,C.J. Nitkowski,ATL,0.0
2004,nitkoc.01,C.J. Nitkowski,NYY,-0.2
2004,brazoyh01,Yhency Brazobán,LAD,0.8
2004,lehrju01,Justin Lehr,OAK,0.1
2004,serraji01,Jimmy Serrano,KCR,0.5
2004,thornma01,Matt Thornton,SEA,0.4
2004,wayneju01,Justin Wayne,FLA,-0.7
2004,bernead01,Adam Bernero,COL,0.3
2004,manzajo01,Josías Manzanillo,FLA,-0.7
2004,colyest01,Steve Colyer,DET,-0.4
2004,halsebr01,Brad Halsey,NYY,-0.3
2004,rauchjo01,Jon Rauch,2TM,1.0
2004,rauchjo01,Jon Rauch,CHW,0.0
2004,rauchjo01,Jon Rauch,MON,1.0
2004,brunebr01,Brian Bruney,ARI,0.2
2004,willito02,Todd Williams,BAL,0.9
2004,baekch01,Cha-Seung Baek,SEA,-0.2
2004,ainswku01,Kurt Ainsworth,BAL,-1.0
2004,atchisc01,Scott Atchison,SEA,0.6
2004,bulliki01,Kirk Bullinger,HOU,-0.5
2004,d'amije01,Jeff D'Amico,CLE,-0.7
2004,mendora01,Ramiro Mendoza,BOS,0.7
2004,matthmi01,Mike Matthews,CIN,-0.6
2004,valvejo01,José Valverde,ARI,0.0
2004,wickmbo01,Bob Wickman,CLE,0.3
2004,bautide01,Denny Bautista,2TM,-0.4
2004,bautide01,Denny Bautista,BAL,-0.4
2004,bautide01,Denny Bautista,KCR,0.0
2004,dingmcr01,Craig Dingman,DET,-0.5
2004,valenjo04,Joe Valentine,CIN,-0.3
2004,wuertmi01,Michael Wuertz,CHC,0.2
2004,fredeke01,Kevin Frederick,TOR,-0.3
2004,vanbejo01,John Van Benschoten,PIT,-0.8
2004,willisc01,Scott Williamson,BOS,1.2
2004,figuene01,Nelson Figueroa,PIT,0.0
2004,floydga01,Gavin Floyd,PHI,0.6
2004,prinzbr01,Bret Prinz,NYY,0.1
2004,heilmaa01,Aaron Heilman,NYM,0.1
2004,bentzch01,Chad Bentz,MON,-0.3
2004,dinarle01,Lenny DiNardo,BOS,0.2
2004,henslma01,Matt Hensley,ANA,0.1
2004,crainje01,Jesse Crain,MIN,1.2
2004,ericksc01,Scott Erickson,2TM,-0.1
2004,ericksc01,Scott Erickson,NYM,-0.3
2004,ericksc01,Scott Erickson,TEX,0.2
2004,rodriri03,Ricardo Rodríguez,TEX,0.9
2004,blacktr01,Travis Blackley,SEA,-1.1
2004,reithbr01,Brian Reith,CIN,-0.8
2004,starkde01,Denny Stark,COL,-1.6
2004,fortuba01,Bartolomé Fortunato,2TM,0.3
2004,fortuba01,Bartolomé Fortunato,TBD,0.1
2004,fortuba01,Bartolomé Fortunato,NYM,0.3
2004,stewasc01,Scott Stewart,2TM,-0.9
2004,stewasc01,Scott Stewart,CLE,-0.8
2004,stewasc01,Scott Stewart,LAD,-0.1
2004,cornena01,Nate Cornejo,DET,-0.6
2004,nakammi01,Micheal Nakamura,TOR,-0.7
2004,nunezvl01,Vladimir Núñez,COL,-0.7
2004,padilju01,Juan Padilla,2TM,-0.5
2004,padilju01,Juan Padilla,NYY,0.2
2004,padilju01,Juan Padilla,CIN,-0.7
2004,boehrbr01,Brian Boehringer,PIT,0.1
2004,goslimi01,Mike Gosling,ARI,0.4
2004,fikacje01,Jeremy Fikac,MON,-0.2
2004,huismju01,Justin Huisman,KCR,-0.3
2004,proctsc01,Scott Proctor,NYY,-0.1
2004,jacksed01,Edwin Jackson,LAD,-0.5
2004,bellhe01,Heath Bell,NYM,0.5
2004,saarlki01,Kirk Saarloos,OAK,0.4
2004,welleto01,Todd Wellemeyer,CHC,-0.2
2004,beckro01,Rod Beck,SDP,-0.4
2004,fordbe01,Ben Ford,MIL,-0.3
2004,powelja04,Jay Powell,TEX,0.5
2004,nelsoje01,Jeff Nelson,TEX,0.0
2004,sherrge01,George Sherrill,SEA,0.1
2004,dominju01,Juan Domínguez,TEX,0.6
2004,rosajo01,Jorge De La Rosa,MIL,-0.5
2004,johnsmi03,Mike Johnston,PIT,-0.3
2004,seaybo01,Bobby Seay,TBD,0.8
2004,kershja01,Jason Kershner,TOR,-0.2
2004,weberbe01,Ben Weber,ANA,-0.9
2004,borowjo01,Joe Borowski,CHC,-1.0
2004,germaju01,Justin Germano,SDP,-0.8
2004,hitchst01,Sterling Hitchcock,SDP,-0.3
2004,lopezaq01,Aquilino López,TOR,-0.2
2004,majewga01,Gary Majewski,MON,-0.3
2004,novoaro01,Roberto Novoa,DET,-0.3
2004,dempsry01,Ryan Dempster,CHC,0.3
2004,servisc01,Scott Service,ARI,-0.5
2004,glynnry01,Ryan Glynn,TOR,0.4
2004,malasma01,Mark Malaska,BOS,0.2
2004,villabr01,Brandon Villafuerte,ARI,0.3
2004,bartocl01,Cliff Bartosh,CLE,0.2
2004,regilni01,Nick Regilio,TEX,-0.1
2004,colonro01,Román Colón,ATL,0.1
2004,correke01,Kevin Correia,SFG,-0.5
2004,guerrma02,Matt Guerrier,MIN,-0.1
2004,fettemi01,Mike Fetters,ARI,-0.9
2004,borlato02,Toby Borland,FLA,-0.2
2004,eischjo01,Joey Eischen,MON,0.1
2004,felicpe01,Pedro Feliciano,NYM,-0.1
2004,glovega01,Gary Glover,MIL,0.2
2004,puffebr01,Brandon Puffer,SDP,-0.2
2004,villaos01,Óscar Villarreal,ARI,-0.4
2004,osbordo01,Donovan Osborne,NYY,-0.3
2004,wrighda02,Dan Wright,CHW,-0.5
2004,brookfr01,Frank Brooks,PIT,0.0
2004,kimby01,Byung-Hyun Kim,BOS,-0.3
2004,lincomi01,Mike Lincoln,STL,-0.4
2004,bierbni01,Nick Bierbrodt,TEX,0.0
2004,wendetu01,Turk Wendell,COL,-0.1
2004,smallaa01,Aaron Small,FLA,-0.6
2004,denneky01,Kyle Denney,CLE,-0.6
2004,drewti01,Tim Drew,ATL,-0.2
2004,ennisjo01,John Ennis,DET,-0.5
2004,hernaad01,Adrián Hernández,MIL,-0.8
2004,bacsimi02,Mike Bacsik,TEX,0.3
2004,cressja01,Jack Cressend,CLE,-0.2
2004,liriape01,Pedro Liriano,MIL,0.0
2004,anderji02,Jimmy Anderson,2TM,0.1
2004,anderji02,Jimmy Anderson,CHC,0.1
2004,anderji02,Jimmy Anderson,BOS,0.0
2004,bongju01,Jung Bong,CIN,-0.3
2004,lewisco01,Colby Lewis,TEX,0.4
2004,simonja01,Jason Simontacchi,STL,-0.1
2004,hayneji01,Jimmy Haynes,CIN,-0.7
2004,ramirel01,Elizardo Ramírez,PHI,0.1
2004,jarvike01,Kevin Jarvis,2TM,-0.7
2004,jarvike01,Kevin Jarvis,SEA,-0.3
2004,jarvike01,Kevin Jarvis,COL,-0.4
2004,germafr01,Franklyn Germán,DET,-0.4
2004,falkebr01,Brian Falkenborg,LAD,-0.6
2004,munozar01,Arnie Muñoz,CHW,-0.5
2004,sanchje01,Jesús Sánchez,CIN,-0.2
2004,sweenbr01,Brian Sweeney,SDP,-0.1
2004,watkist01,Steve Watkins,SDP,-0.1
2004,kidama01,Masao Kida,2TM,-0.1
2004,kidama01,Masao Kida,LAD,0.1
2004,kidama01,Masao Kida,SEA,-0.2
2004,chacigu01,Gustavo Chacín,TOR,0.6
2004,florera01,Randy Flores,STL,0.4
2004,parrajo01,José Parra,NYM,0.2
2004,roberje02,Jeriome Robertson,CLE,-1.3
2004,kensilo01,Logan Kensing,FLA,-0.5
2004,sprinru01,Russ Springer,HOU,0.3
2004,coopebr01,Brian Cooper,SFG,-0.4
2004,boydja02,Jason Boyd,PIT,-0.1
2004,cunnawi01,Will Cunnane,ATL,-0.2
2004,nancesh01,Shane Nance,ARI,-0.4
2004,reyesal01,Alberto Reyes,STL,0.5
2004,roberwi01,Willis Roberts,PIT,-0.1
2004,snellia01,Ian Snell,PIT,-0.2
2004,almanar01,Armando Almanza,ATL,-0.2
2004,delosva01,Valerio De Los Santos,TOR,0.0
2004,guthrje01,Jeremy Guthrie,CLE,0.1
2004,callami01,Mickey Callaway,TEX,-0.1
2004,macdomi01,Mike MacDougal,KCR,-0.1
2004,pulidca01,Carlos Pulido,MIN,-0.4
2004,stanfja01,Jason Stanford,CLE,0.6
2004,aardsda01,David Aardsma,SFG,-0.2
2004,foxch02,Chad Fox,FLA,-0.2
2004,mantema01,Matt Mantei,ARI,-1.0
2004,martian01,Anastacio Martínez,BOS,-0.3
2004,nunezfr01,Franklin Núñez,TBD,-0.1
2004,ankieri01,Rick Ankiel,STL,-0.1
2004,cubilda01,Darwin Cubillán,BAL,0.0
2004,standja01,Jason Standridge,TBD,-0.2
2004,szumija01,Jason Szuminski,SDP,-0.2
2004,mcconsa02,Sam McConnell,ATL,0.1
2004,tsaoch01,Chin-hui Tsao,COL,0.2
2004,tejermi01,Michael Tejera,2TM,-0.6
2004,tejermi01,Michael Tejera,FLA,-0.4
2004,tejermi01,Michael Tejera,TEX,-0.2
2004,depaujo01,Jorge De Paula,NYY,0.0
2004,hillsh01,Shawn Hill,MON,-0.8
2004,oropeed01,Eddie Oropesa,SDP,-0.7
2004,venafmi01,Mike Venafro,LAD,0.0
2004,webbjo01,John Webb,TBD,0.0
2004,astacpe01,Pedro Astacio,BOS,-0.3
2004,gissech01,Chris Gissell,COL,-0.5
2004,bajenje01,Jeff Bajenaru,CHW,-0.3
2004,dawlejo01,Joey Dawley,CLE,0.0
2004,drisktr01,Travis Driskill,COL,0.0
2004,youngja01,Jason Young,COL,-0.4
2004,blantjo01,Joe Blanton,OAK,0.0
2004,capeljo01,José Capellán,ATL,-0.4
2004,mossda01,Damian Moss,TBD,-0.6
2004,ritchto01,Todd Ritchie,TBD,-0.3
2004,brownja04,Jamie Brown,BOS,-0.1
2004,crucefr01,Francisco Cruceta,CLE,-0.3
2004,stewajo02,Josh Stewart,CHW,-0.5
2004,bukviry01,Ryan Bukvich,KCR,0.1
2004,calica01,Carmen Cali,STL,-0.2
2004,durbijd01,J.D. Durbin,MIN,-0.1
2004,gonzadi01,Dicky González,TBD,-0.1
2004,darenvi01,Vic Darensbourg,2TM,-0.1
2004,darenvi01,Vic Darensbourg,CHW,0.1
2004,darenvi01,Vic Darensbourg,NYM,-0.1
2004,garciro01,Rosman García,TEX,0.0
2004,karsast01,Steve Karsay,NYY,0.1
2004,loeka01,Kameron Loe,TEX,0.0
2004,turnbde01,Derrick Turnbow,ANA,0.2
2004,baldwja01,James Baldwin,NYM,-0.5
2004,kroonma01,Marc Kroon,COL,0.0
2004,phelptr01,Travis Phelps,MIL,-0.3
2004,saenzch01,Chris Sáenz,MIL,0.5
2004,garcija01,Santiago Casilla,OAK,-0.2
2004,cabrefe01,Fernando Cabrera,CLE,0.0
2004,corcoro01,Roy Corcoran,MON,-0.1
2004,alvarab01,Abe Alvarez,BOS,-0.1
2004,gramaal01,Alex Graman,NYY,-0.4
2004,leagubr01,Brandon League,TOR,0.4
2004,robergr01,Grant Roberts,NYM,-0.4
2004,willira01,Randy Williams,SEA,0.0
2004,griffje01,Jeremy Griffiths,HOU,-0.2
2004,leeda01,David Lee,CLE,-0.2
2004,myettaa01,Aaron Myette,CIN,-0.1
2004,rakeraa01,Aaron Rakers,BAL,0.1
2004,appieke01,Kevin Appier,KCR,-0.4
2004,gracefr01,Frank Gracesqui,FLA,-0.3
2004,neumi01,Michael Neu,FLA,0.0
2004,mainejo01,John Maine,BAL,-0.1
2004,mccarda01,Dave McCarty,BOS,0.1
2004,mcleama01,Marty McLeary,SDP,-0.2
2004,seibeph01,Phil Seibel,BOS,0.2
2004,tayloaa01,Aaron Taylor,SEA,-0.1
2004,jonesbo04,Bobby Jones,BOS,0.0
2004,snarery01,Ryan Snare,TEX,-0.2
2004,soriara01,Rafael Soriano,SEA,-0.5
2004,vasqujo01,Jorge Vásquez,KCR,-0.1
2004,villaed01,Eduardo Villacis,KCR,-0.2
2004,croweji01,Jim Crowell,PHI,0.0
2004,dunnsc01,Scott Dunn,ANA,-0.1
2004,potelo01,Lou Pote,CLE,-0.1
2004,narrosa02,Sam Narron,TEX,-0.2
2004,nelsojo01,Joe Nelson,BOS,-0.2
2004,peterad02,Adam Peterson,TOR,-0.2
2004,thomabr01,Brad Thomas,MIN,-0.5
2004,pearcjo01,Josh Pearce,STL,0.0
2004,ashbyan01,Andy Ashby,SDP,0.1
2004,bergmdu01,Dusty Bergman,ANA,-0.1
2004,mckayco01,Cody McKay,STL,0.1
2004,meyerda02,Dan Meyer,ATL,0.1
2004,myersro01,Rodney Myers,LAD,0.1
2004,reynosh01,Shane Reynolds,ARI,-0.3
2004,wunscke01,Kelly Wunsch,CHW,0.1
2004,beimejo01,Joe Beimel,MIN,-0.3
2004,prattan01,Andy Pratt,CHC,-0.3
2004,robbija01,Jake Robbins,CLE,0.0
2004,valdeme01,Merkin Valdéz,SFG,-0.3
2004,walkeke02,Kevin Walker,SFG,-0.2
2004,estrele01,Leo Estrella,SFG,-0.2
2004,hughetr01,Travis Hughes,TEX,-0.1
2004,marsosa01,Sam Marsonek,NYY,0.1
2004,maureda01,Dave Maurer,TOR,-0.4
2004,anderja01,Jason Anderson,CLE,-0.1
2004,castifr01,Frank Castillo,BOS,0.0
2004,fernaja01,Jared Fernández,HOU,-0.3
2004,foppeje01,Jesse Foppert,SFG,0.0
2004,lakerti01,Tim Laker,CLE,0.0
2004,venturo01,Robin Ventura,LAD,0.0
2004,zeileto01,Todd Zeile,NYM,-0.2
2004,beltrri01,Rigo Beltrán,MON,-0.1
2004,bynummi01,Mike Bynum,SDP,-0.3
2004,durritr01,Trent Durrington,MIL,0.0
2004,menecfr01,Frank Menechino,TOR,0.0
2004,nunezab01,Abraham Núñez,PIT,0.0
2004,urdanli01,Lino Urdaneta,DET,0.0
2005,hernali01,Liván Hernández,WSN,3.0
2005,carpech01,Chris Carpenter,STL,5.8
2005,oswalro01,Roy Oswalt,HOU,5.9
2005,buehrma01,Mark Buehrle,CHW,4.8
2005,willido03,Dontrelle Willis,FLA,7.3
2005,santajo02,Johan Santana,MIN,7.2
2005,smoltjo01,John Smoltz,ATL,5.0
2005,webbbr01,Brandon Webb,ARI,4.9
2005,zitoba01,Barry Zito,OAK,3.3
2005,garcifr03,Freddy García,CHW,3.6
2005,johnsra05,Randy Johnson,NYY,5.8
2005,wakefti01,Tim Wakefield,BOS,4.5
2005,maddugr01,Greg Maddux,CHC,2.9
2005,weaveje01,Jeff Weaver,LAD,1.8
2005,zambrca01,Carlos Zambrano,CHC,5.6
2005,colonba01,Bartolo Colon,LAA,4.0
2005,davisdo02,Doug Davis,MIL,3.7
2005,pettian01,Andy Pettitte,HOU,6.8
2005,lowede01,Derek Lowe,LAD,1.5
2005,garlajo01,Jon Garland,CHW,4.6
2005,capuach01,Chris Capuano,MIL,3.1
2005,liebejo01,Jon Lieber,PHI,1.3
2005,harenda01,Dan Haren,OAK,3.3
2005,loaizes01,Esteban Loaiza,WSN,3.8
2005,martipe02,Pedro Martínez,NYM,7.0
2005,vazquja01,Javier Vázquez,ARI,2.0
2005,myersbr01,Brett Myers,PHI,2.8
2005,haranaa01,Aaron Harang,CIN,4.5
2005,clemero02,Roger Clemens,HOU,7.8
2005,glavito02,Tom Glavine,NYM,4.1
2005,westbja01,Jake Westbrook,CLE,-0.2
2005,johnsja02,Jason Johnson,DET,0.6
2005,lopezro02,Rodrigo López,BAL,0.8
2005,burnea.01,A.J. Burnett,FLA,3.4
2005,lackejo01,John Lackey,LAA,4.3
2005,marotmi01,Mike Maroth,DET,0.1
2005,towerjo01,Josh Towers,TOR,2.5
2005,marquja01,Jason Marquis,STL,0.7
2005,arroybr01,Bronson Arroyo,BOS,2.5
2005,muldema01,Mark Mulder,STL,2.5
2005,contrjo01,José Contreras,CHW,3.6
2005,lowryno01,Noah Lowry,SFG,4.0
2005,byrdpa01,Paul Byrd,LAA,2.5
2005,chacigu01,Gustavo Chacín,TOR,3.2
2005,peavyja01,Jake Peavy,SDP,4.6
2005,ramirho01,Horacio Ramírez,ATL,0.4
2005,leecl02,Cliff Lee,CLE,2.5
2005,blantjo01,Joe Blanton,OAK,3.8
2005,radkebr01,Brad Radke,MIN,2.8
2005,moyerja01,Jamie Moyer,SEA,2.4
2005,pattejo02,John Patterson,WSN,4.8
2005,chenbr01,Bruce Chen,BAL,3.0
2005,roberna01,Nate Robertson,DET,0.7
2005,sabatc.01,CC Sabathia,CLE,1.8
2005,lawrebr02,Brian Lawrence,SDP,0.8
2005,rogerke01,Kenny Rogers,TEX,4.8
2005,suppaje01,Jeff Suppan,STL,1.5
2005,morrima01,Matt Morris,STL,0.8
2005,hudsoti01,Tim Hudson,ATL,3.3
2005,millwke01,Kevin Millwood,CLE,4.0
2005,clemema01,Matt Clement,BOS,3.1
2005,frankry01,Ryan Franklin,SEA,1.0
2005,tomkobr01,Brett Tomko,SFG,1.8
2005,bondeje01,Jeremy Bonderman,DET,1.4
2005,pineijo01,Joel Piñeiro,SEA,0.1
2005,silvaca01,Carlos Silva,MIN,3.5
2005,miltoer01,Eric Milton,CIN,-1.9
2005,kazmisc01,Scott Kazmir,TBD,3.4
2005,lidleco01,Cory Lidle,PHI,-0.3
2005,wellsda01,David Wells,BOS,3.2
2005,francje01,Jeff Francis,COL,0.3
2005,greinza01,Zack Greinke,KCR,1.0
2005,wellski01,Kip Wells,PIT,-0.6
2005,elartsc01,Scott Elarton,CLE,0.3
2005,ohkato01,Tomo Ohka,2TM,2.3
2005,ohkato01,Tomo Ohka,WSN,1.0
2005,ohkato01,Tomo Ohka,MIL,1.3
2005,mussimi01,Mike Mussina,NYY,3.4
2005,beckejo02,Josh Beckett,FLA,3.6
2005,lohseky01,Kyle Lohse,MIN,2.5
2005,hendrma01,Mark Hendrickson,TBD,-0.7
2005,redmama01,Mark Redman,PIT,0.6
2005,washbja01,Jarrod Washburn,LAA,4.3
2005,pennybr01,Brad Penny,LAD,2.4
2005,bensokr01,Kris Benson,NYM,1.9
2005,schmija01,Jason Schmidt,SFG,1.8
2005,ortizra02,Ramón Ortiz,CIN,-0.1
2005,wrighja01,Jamey Wright,COL,-0.3
2005,foggjo01,Josh Fogg,PIT,-0.6
2005,limajo01,José Lima,KCR,-1.5
2005,clausbr01,Brandon Claussen,CIN,1.8
2005,priorma01,Mark Prior,CHC,3.6
2005,zambrvi01,Víctor Zambrano,NYM,1.7
2005,youngch03,Chris Young,TEX,2.9
2005,fossuca01,Casey Fossum,TBD,0.7
2005,cabreda01,Daniel Cabrera,BAL,1.1
2005,halsebr01,Brad Halsey,ARI,-0.1
2005,hernaru03,Runelvys Hernández,KCR,1.4
2005,saarlki01,Kirk Saarloos,OAK,2.3
2005,williwo02,Woody Williams,SDP,-0.2
2005,moehlbr01,Brian Moehler,FLA,1.6
2005,waechdo01,Doug Waechter,TBD,-0.5
2005,sheetbe01,Ben Sheets,MIL,3.5
2005,maysjo01,Joe Mays,MIN,-0.9
2005,parkch01,Chan Ho Park,2TM,0.0
2005,parkch01,Chan Ho Park,TEX,0.7
2005,parkch01,Chan Ho Park,SDP,-0.7
2005,kennejo04,Joe Kennedy,2TM,-1.3
2005,kennejo04,Joe Kennedy,COL,-1.7
2005,kennejo04,Joe Kennedy,OAK,0.4
2005,chacosh01,Shawn Chacón,2TM,4.6
2005,chacosh01,Shawn Chacón,COL,1.5
2005,chacosh01,Shawn Chacón,NYY,3.1
2005,backebr01,Brandon Backe,HOU,0.4
2005,kimby01,Byung-Hyun Kim,COL,1.6
2005,padilvi01,Vicente Padilla,PHI,0.2
2005,ruschgl01,Glendon Rusch,CHC,1.0
2005,mechegi01,Gil Meche,SEA,-0.2
2005,leiteal01,Al Leiter,2TM,-0.9
2005,leiteal01,Al Leiter,FLA,-1.1
2005,leiteal01,Al Leiter,NYY,0.2
2005,bedarer01,Érik Bédard,BAL,2.3
2005,hallaro01,Roy Halladay,TOR,5.5
2005,santovi01,Víctor Santos,MIL,-0.1
2005,willida07,David Williams,PIT,1.0
2005,bushda01,Dave Bush,TOR,1.0
2005,sosajo02,Jorge Sosa,ATL,3.5
2005,santaer01,Ervin Santana,LAA,0.8
2005,vargacl01,Claudio Vargas,2TM,0.4
2005,vargacl01,Claudio Vargas,WSN,-0.6
2005,vargacl01,Claudio Vargas,ARI,1.0
2005,ponsosi01,Sidney Ponson,BAL,-1.3
2005,dresery01,Ryan Drese,2TM,-0.5
2005,dresery01,Ryan Drese,TEX,-0.3
2005,dresery01,Ryan Drese,WSN,-0.2
2005,houltdj01,D.J. Houlton,LAD,-0.6
2005,eatonad01,Adam Eaton,SDP,0.5
2005,rodriwa01,Wandy Rodríguez,HOU,-0.8
2005,hernaor01,Orlando Hernández,CHW,0.4
2005,harderi01,Rich Harden,OAK,3.7
2005,astacpe01,Pedro Astacio,2TM,1.7
2005,astacpe01,Pedro Astacio,TEX,0.2
2005,astacpe01,Pedro Astacio,SDP,1.4
2005,lillyte01,Ted Lilly,TOR,0.2
2005,estessh01,Shawn Estes,ARI,0.9
2005,willije01,Jerome Williams,2TM,1.6
2005,willije01,Jerome Williams,SFG,-0.2
2005,willije01,Jerome Williams,CHC,1.8
2005,jennija01,Jason Jennings,COL,1.0
2005,hennebr01,Brad Hennessey,SFG,1.0
2005,wangch01,Chien-Ming Wang,NYY,2.3
2005,seleaa01,Aaron Sele,SEA,-0.3
2005,ortizru01,Russ Ortiz,ARI,-1.8
2005,woodmi01,Mike Wood,KCR,1.3
2005,carradj01,D.J. Carrasco,KCR,1.7
2005,mccluse01,Seth McClung,TBD,-1.2
2005,perezod01,Odalis Pérez,LAD,0.6
2005,heilmaa01,Aaron Heilman,NYM,2.2
2005,rueteki01,Kirk Rueter,SFG,-0.9
2005,perezol01,Óliver Pérez,PIT,-0.6
2005,armasto02,Tony Armas,WSN,0.5
2005,nomohi01,Hideo Nomo,TBD,-1.4
2005,pavanca01,Carl Pavano,NYY,0.4
2005,thomsjo01,John Thomson,ATL,0.4
2005,torresa01,Salomón Torres,PIT,1.7
2005,downssc01,Scott Downs,TOR,0.9
2005,schilcu01,Curt Schilling,BOS,0.4
2005,dempsry01,Ryan Dempster,CHC,2.2
2005,loeka01,Kameron Loe,TEX,1.7
2005,shielsc01,Scot Shields,LAA,2.1
2005,fasseje01,Jeff Fassero,SFG,0.5
2005,ishiika01,Kazuhisa Ishii,NYM,-0.2
2005,millewa04,Wade Miller,BOS,0.9
2005,seoja01,Jae Weong Seo,NYM,3.1
2005,carrahe01,Héctor Carrasco,WSN,2.9
2005,mateoju01,Julio Mateo,SEA,1.9
2005,davieky01,Kyle Davies,ATL,-0.3
2005,douglse01,Sean Douglass,DET,-0.4
2005,benoijo01,Joaquin Benoit,TEX,2.1
2005,madsory01,Ryan Madson,PHI,-0.3
2005,majewga01,Gary Majewski,WSN,1.5
2005,belisma01,Matt Belisle,CIN,0.1
2005,duchsju01,Justin Duchscherer,OAK,2.4
2005,tejedro01,Rob Tejeda,PHI,1.2
2005,dukeza01,Zach Duke,PIT,3.4
2005,hudsolu01,Luke Hudson,CIN,-0.9
2005,hernafe02,Félix Hernández,SEA,2.8
2005,walkepe01,Pete Walker,TOR,1.6
2005,cookaa01,Aaron Cook,COL,1.8
2005,kimsu01,Sun-Woo Kim,2TM,0.5
2005,kimsu01,Sun-Woo Kim,WSN,-0.4
2005,kimsu01,Sun-Woo Kim,COL,0.9
2005,sanchdu01,Duaner Sánchez,LAD,0.6
2005,vogelry01,Ryan Vogelsong,PIT,0.2
2005,astacez01,Ezequiel Astacio,HOU,-1.0
2005,staufti01,Tim Stauffer,SDP,-0.3
2005,gordoto01,Tom Gordon,NYY,3.0
2005,timlimi01,Mike Timlin,BOS,2.9
2005,wolfra02,Randy Wolf,PHI,0.4
2005,crainje01,Jesse Crain,MIN,1.8
2005,quallch01,Chad Qualls,HOU,0.8
2005,urbinug01,Ugueth Urbina,2TM,0.8
2005,urbinug01,Ugueth Urbina,DET,0.7
2005,urbinug01,Ugueth Urbina,PHI,0.1
2005,cormila01,Lance Cormier,ARI,-0.8
2005,riverma01,Mariano Rivera,NYY,4.0
2005,streehu01,Huston Street,OAK,2.9
2005,sturtta01,Tanyon Sturtze,NYY,0.7
2005,wagnebi02,Billy Wagner,PHI,2.7
2005,weathda01,David Weathers,CIN,0.9
2005,rincoju01,Juan Rincón,MIN,1.9
2005,willito02,Todd Williams,BAL,0.9
2005,smallaa01,Aaron Small,NYY,2.7
2005,carragi01,Giovanni Carrara,LAD,0.4
2005,wasdijo01,John Wasdin,TEX,1.3
2005,wuertmi01,Michael Wuertz,CHC,0.7
2005,siscoan01,Andy Sisco,KCR,2.3
2005,whiteri01,Rick White,PIT,0.1
2005,batismi01,Miguel Batista,TOR,0.0
2005,frasoja01,Jason Frasor,TOR,1.0
2005,meadobr01,Brian Meadows,PIT,-0.2
2005,cordech01,Chad Cordero,WSN,2.0
2005,fuentbr01,Brian Fuentes,COL,2.7
2005,linebsc01,Scott Linebrink,SDP,2.5
2005,vargaja01,Jason Vargas,FLA,1.1
2005,brocado01,Doug Brocail,TEX,-0.2
2005,brownke01,Kevin Brown,NYY,-0.4
2005,harpetr01,Travis Harper,TBD,-1.7
2005,reitsch01,Chris Reitsma,ATL,0.5
2005,wheelda01,Dan Wheeler,HOU,2.2
2005,howrybo01,Bob Howry,CLE,1.6
2005,jonesto02,Todd Jones,FLA,3.0
2005,brazoyh01,Yhency Brazobán,LAD,-1.2
2005,howeljp01,J.P. Howell,KCR,-0.3
2005,riskeda01,David Riske,CLE,0.8
2005,baezda01,Danys Báez,TBD,2.0
2005,fultzaa01,Aaron Fultz,PHI,1.4
2005,chulkvi01,Vinnie Chulk,TOR,0.6
2005,guerrma02,Matt Guerrier,MIN,1.0
2005,juliojo01,Jorge Julio,BAL,-0.9
2005,ayalalu01,Luis Ayala,WSN,1.8
2005,brazede01,Dewon Brazelton,TBD,-1.6
2005,lidgebr01,Brad Lidge,HOU,2.0
2005,spurlch01,Chris Spurling,DET,0.7
2005,dominju01,Juan Domínguez,TEX,1.1
2005,macdomi01,Mike MacDougal,KCR,1.4
2005,ryanb.01,B.J. Ryan,BAL,2.4
2005,nathajo01,Joe Nathan,MIN,2.1
2005,vizcalu01,Luis Vizcaíno,CHW,0.9
2005,farnsky01,Kyle Farnsworth,2TM,2.2
2005,farnsky01,Kyle Farnsworth,DET,1.2
2005,farnsky01,Kyle Farnsworth,ATL,1.0
2005,hernaro01,Roberto Hernández,NYM,2.2
2005,hamptmi01,Mike Hampton,ATL,1.1
2005,colonro01,Román Colón,2TM,-0.7
2005,colonro01,Román Colón,ATL,-0.4
2005,colonro01,Román Colón,DET,-0.2
2005,cordefr01,Francisco Cordero,TEX,1.7
2005,quantpa01,Paul Quantrill,3TM,-0.2
2005,quantpa01,Paul Quantrill,2TM,0.0
2005,quantpa01,Paul Quantrill,NYY,-0.2
2005,quantpa01,Paul Quantrill,SDP,0.3
2005,quantpa01,Paul Quantrill,FLA,-0.4
2005,eyresc01,Scott Eyre,SFG,2.3
2005,betanra01,Rafael Betancourt,CLE,1.1
2005,politcl01,Cliff Politte,CHW,2.7
2005,rodrifr03,Francisco Rodríguez,LAA,2.3
2005,turnbde01,Derrick Turnbow,MIL,2.9
2005,mccarbr01,Brandon McCarthy,CHW,1.2
2005,motagu01,Guillermo Mota,FLA,-0.1
2005,hasegsh01,Shigetoshi Hasegawa,SEA,0.6
2005,speieju01,Justin Speier,TOR,1.6
2005,yanes01,Esteban Yan,LAA,0.1
2005,valvejo01,José Valverde,ARI,2.0
2005,mayda02,Darrell May,2TM,-0.8
2005,mayda02,Darrell May,SDP,-0.3
2005,mayda02,Darrell May,NYY,-0.5
2005,woodke02,Kerry Wood,CHC,1.0
2005,desseel01,Elmer Dessens,LAD,0.6
2005,tavarju01,Julián Tavárez,STL,0.5
2005,donnebr01,Brendan Donnelly,LAA,0.5
2005,obermwe01,Wes Obermueller,MIL,-0.3
2005,halamjo01,John Halama,2TM,-0.2
2005,halamjo01,John Halama,BOS,-0.3
2005,halamjo01,John Halama,WSN,0.1
2005,glovega01,Gary Glover,MIL,-0.2
2005,greggke01,Kevin Gregg,LAA,-0.1
2005,wisema01,Matt Wise,MIL,1.1
2005,acevejo01,José Acevedo,COL,-0.8
2005,villoro01,Ron Villone,2TM,0.4
2005,villoro01,Ron Villone,SEA,1.0
2005,villoro01,Ron Villone,FLA,-0.7
2005,wrighja02,Jaret Wright,NYY,-0.5
2005,burgoam01,Ambiorix Burgos,KCR,1.3
2005,witasja01,Jay Witasick,2TM,1.3
2005,witasja01,Jay Witasick,COL,1.3
2005,witasja01,Jay Witasick,OAK,0.0
2005,otsukak01,Akinori Otsuka,SDP,0.4
2005,reyesal01,Alberto Reyes,STL,2.0
2005,dejeami01,Mike DeJean,2TM,0.5
2005,dejeami01,Mike DeJean,NYM,-0.4
2005,dejeami01,Mike DeJean,COL,0.8
2005,wickmbo01,Bob Wickman,CLE,1.9
2005,merckke01,Kent Mercker,CIN,0.9
2005,walkety01,Tyler Walker,SFG,0.4
2005,klinest02,Steve Kline,BAL,0.1
2005,cottsne01,Neal Cotts,CHW,2.0
2005,mitrese01,Sergio Mitre,CHC,0.0
2005,seaneru01,Rudy Seánez,SDP,1.2
2005,broweji01,Jim Brower,2TM,-0.4
2005,broweji01,Jim Brower,SFG,-0.6
2005,broweji01,Jim Brower,ATL,0.1
2005,putzjj01,J.J. Putz,SEA,0.7
2005,escobke01,Kelvim Escobar,LAA,1.5
2005,loopebr01,Braden Looper,NYM,0.0
2005,germafr01,Franklyn Germán,DET,0.5
2005,isrinja01,Jason Isringhausen,STL,2.0
2005,mulhote01,Terry Mulholland,MIN,0.3
2005,sprinru01,Russ Springer,HOU,-0.3
2005,hammoch01,Chris Hammond,SDP,0.5
2005,correke01,Kevin Correia,SFG,0.7
2005,coffeto01,Todd Coffey,CIN,0.1
2005,gearyge01,Geoff Geary,PHI,0.0
2005,yabuke01,Keiichi Yabu,OAK,0.0
2005,hoffmtr01,Trevor Hoffman,SDP,0.6
2005,kolbda01,Danny Kolb,ATL,-1.3
2005,hermadu01,Dustin Hermanson,CHW,2.0
2005,cartela02,Lance Carter,TBD,0.3
2005,rodriri03,Ricardo Rodríguez,TEX,0.1
2005,romerj.01,J.C. Romero,MIN,0.6
2005,schoesc01,Scott Schoeneweis,TOR,1.1
2005,thornma01,Matt Thornton,SEA,0.0
2005,mesajo01,José Mesa,PIT,-0.2
2005,baldwja01,James Baldwin,2TM,0.7
2005,baldwja01,James Baldwin,BAL,0.5
2005,baldwja01,James Baldwin,TEX,0.1
2005,guarded01,Eddie Guardado,SEA,1.0
2005,hawkila01,LaTroy Hawkins,2TM,0.5
2005,hawkila01,LaTroy Hawkins,CHC,0.1
2005,hawkila01,LaTroy Hawkins,SFG,0.4
2005,gonzaje01,Geremi González,BOS,-0.3
2005,keislra01,Randy Keisler,CIN,-0.8
2005,calerki01,Kiko Calero,OAK,1.0
2005,ericksc01,Scott Erickson,LAD,-0.5
2005,thompbr01,Brad Thompson,STL,0.5
2005,bakersc02,Scott Baker,MIN,1.2
2005,gobblji01,Jimmy Gobble,KCR,0.2
2005,harrije02,Jeff Harris,SEA,0.8
2005,nunezle01,Juan Carlos Oviedo,KCR,-0.8
2005,shousbr01,Brian Shouse,TEX,-0.4
2005,carvama01,Marcos Carvajal,COL,0.3
2005,corteda01,David Cortés,COL,0.7
2005,grabojo02,John Grabow,PIT,-0.4
2005,embreal01,Alan Embree,2TM,-1.4
2005,embreal01,Alan Embree,BOS,-0.9
2005,embreal01,Alan Embree,NYY,-0.5
2005,valdeis01,Ismael Valdéz,FLA,0.1
2005,gonzami02,Mike González,PIT,1.5
2005,orvelch01,Chad Orvella,TBD,0.4
2005,affelje01,Jeremy Affeldt,KCR,-0.3
2005,koplomi01,Mike Koplove,ARI,-0.4
2005,ledezwi01,Wil Ledezma,DET,-1.2
2005,campsh01,Shawn Camp,KCR,-0.9
2005,helliri01,Rick Helling,MIL,1.9
2005,walkeja01,Jamie Walker,DET,0.5
2005,worreti01,Tim Worrell,2TM,-0.2
2005,worreti01,Tim Worrell,PHI,-0.7
2005,worreti01,Tim Worrell,ARI,0.5
2005,wilsocj01,C.J. Wilson,TEX,-0.7
2005,henslcl01,Clay Hensley,SDP,1.4
2005,cormirh01,Rhéal Cormier,PHI,-1.1
2005,dayza01,Zach Day,2TM,-0.9
2005,dayza01,Zach Day,WSN,-0.6
2005,dayza01,Zach Day,COL,-0.3
2005,bernead01,Adam Bernero,ATL,-1.0
2005,bellhe01,Heath Bell,NYM,-0.4
2005,schmost01,Steve Schmoll,LAD,-0.5
2005,cainma01,Matt Cain,SFG,1.8
2005,wilsopa02,Paul Wilson,CIN,-1.0
2005,borowjo01,Joe Borowski,2TM,0.6
2005,borowjo01,Joe Borowski,CHC,-0.1
2005,borowjo01,Joe Borowski,TBD,0.7
2005,brunebr01,Brian Bruney,ARI,-1.6
2005,foulkke01,Keith Foulke,BOS,-0.2
2005,wagnery01,Ryan Wagner,CIN,-0.5
2005,chrisja01,Jason Christiansen,2TM,-0.2
2005,chrisja01,Jason Christiansen,SFG,-0.4
2005,chrisja01,Jason Christiansen,LAA,0.2
2005,colomje01,Jesús Colomé,TBD,-0.2
2005,marteda01,Dámaso Marte,CHW,0.6
2005,mcgowdu01,Dustin McGowan,TOR,-0.6
2005,harvich01,Chad Harville,2TM,-0.1
2005,harvich01,Chad Harville,HOU,0.0
2005,harvich01,Chad Harville,BOS,0.0
2005,novoaro01,Roberto Novoa,CHC,0.3
2005,proctsc01,Scott Proctor,NYY,-0.2
2005,milletr02,Trever Miller,TBD,0.5
2005,rodnefe01,Fernando Rodney,DET,1.0
2005,reyesde01,Dennys Reyes,SDP,-0.5
2005,mecirji01,Jim Mecir,FLA,0.8
2005,ohmanwi01,Will Ohman,CHC,1.2
2005,rhodear01,Arthur Rhodes,CLE,1.0
2005,stantmi02,Mike Stanton,3TM,0.2
2005,stantmi02,Mike Stanton,2TM,0.0
2005,stantmi02,Mike Stanton,NYY,-0.1
2005,stantmi02,Mike Stanton,WSN,0.2
2005,stantmi02,Mike Stanton,BOS,0.1
2005,rosajo01,Jorge De La Rosa,MIL,0.1
2005,santaju01,Julio Santana,MIL,0.1
2005,snellia01,Ian Snell,PIT,-0.2
2005,bottari01,Ricky Bottalico,MIL,-0.2
2005,florera01,Randy Flores,STL,0.0
2005,maholpa01,Paul Maholm,PIT,1.7
2005,groombu01,Buddy Groom,2TM,0.3
2005,groombu01,Buddy Groom,NYY,0.2
2005,groombu01,Buddy Groom,ARI,0.1
2005,raych01,Chris Ray,BAL,0.9
2005,davisja02,Jason Davis,CLE,0.0
2005,kingra01,Ray King,STL,0.5
2005,mainejo01,John Maine,BAL,-0.3
2005,remlimi01,Mike Remlinger,2TM,-0.6
2005,remlimi01,Mike Remlinger,CHC,-0.1
2005,remlimi01,Mike Remlinger,BOS,-0.6
2005,jenksbo01,Bobby Jenks,CHW,0.7
2005,muntesc01,Scott Munter,SFG,0.8
2005,graveda01,Danny Graves,2TM,-1.2
2005,graveda01,Danny Graves,CIN,-0.9
2005,graveda01,Danny Graves,NYM,-0.3
2005,pennha01,Hayden Penn,BAL,-0.5
2005,bumpna01,Nate Bump,FLA,0.3
2005,boyerbl01,Blaine Boyer,ATL,0.7
2005,myersmi01,Mike Myers,BOS,1.0
2005,rincori01,Ricardo Rincón,OAK,0.3
2005,eldreca01,Cal Eldred,STL,0.8
2005,messera01,Randy Messenger,FLA,0.0
2005,trachst01,Steve Trachsel,NYM,0.3
2005,nelsoje01,Jeff Nelson,SEA,0.4
2005,eischjo01,Joey Eischen,WSN,0.7
2005,padilju01,Juan Padilla,NYM,1.4
2005,takatsh01,Shingo Takatsu,2TM,-0.1
2005,takatsh01,Shingo Takatsu,CHW,-0.4
2005,takatsh01,Shingo Takatsu,NYM,0.3
2005,snydeky01,Kyle Snyder,KCR,-0.3
2005,bautide01,Denny Bautista,KCR,0.3
2005,leagubr01,Brandon League,TOR,-0.5
2005,mahayro01,Ron Mahay,TEX,-0.4
2005,sauersc01,Scott Sauerbeck,CLE,0.1
2005,gintema01,Matt Ginter,DET,-0.4
2005,fostejo01,John Foster,ATL,0.2
2005,lehrju01,Justin Lehr,MIL,0.1
2005,peraljo01,Joel Peralta,LAA,0.3
2005,papeljo01,Jonathan Papelbon,BOS,1.0
2005,standja01,Jason Standridge,2TM,0.2
2005,standja01,Jason Standridge,TEX,-0.1
2005,standja01,Jason Standridge,CIN,0.3
2005,cruzju02,Juan Cruz,OAK,-1.0
2005,reedst01,Steve Reed,BAL,-0.4
2005,goslimi01,Mike Gosling,ARI,0.1
2005,rodrife01,Félix Rodríguez,NYY,0.3
2005,welleto01,Todd Wellemeyer,CHC,-0.5
2005,dingmcr01,Craig Dingman,DET,0.3
2005,evelada01,Dana Eveland,MIL,-0.4
2005,aquingr01,Greg Aquino,ARI,-1.0
2005,burnsmi01,Mike Burns,HOU,-0.1
2005,dohmasc01,Scott Dohmann,COL,-0.3
2005,gryboke01,Kevin Gryboski,2TM,-0.8
2005,gryboke01,Kevin Gryboski,ATL,0.1
2005,gryboke01,Kevin Gryboski,TEX,-0.9
2005,anderbr02,Brian Anderson,KCR,-0.2
2005,cabrefe01,Fernando Cabrera,CLE,0.7
2005,stoneri01,Ricky Stone,CIN,-0.4
2005,redditi01,Tim Redding,2TM,-1.9
2005,redditi01,Tim Redding,SDP,-1.5
2005,redditi01,Tim Redding,NYY,-0.3
2005,meddebr01,Brandon Medders,ARI,1.0
2005,benitar01,Armando Benítez,SFG,-0.1
2005,rauchjo01,Jon Rauch,WSN,0.4
2005,accarje01,Jeremy Accardo,SFG,0.4
2005,dicker.01,R.A. Dickey,TEX,-0.3
2005,millema02,Matt Miller,CLE,1.0
2005,osorifr01,Franquelis Osoria,LAD,0.1
2005,shackbr01,Brian Shackelford,CIN,0.7
2005,duboser01,Eric DuBose,BAL,-0.5
2005,lyonbr01,Brandon Lyon,ARI,-1.2
2005,hergema01,Matt Herges,2TM,-0.4
2005,hergema01,Matt Herges,SFG,0.1
2005,hergema01,Matt Herges,ARI,-0.5
2005,jacksed01,Edwin Jackson,LAD,-0.5
2005,riedljo01,John Riedling,FLA,-0.7
2005,woodsja01,Jake Woods,LAA,-0.2
2005,alfonan01,Antonio Alfonseca,FLA,0.0
2005,byrdati01,Tim Byrdak,BAL,0.2
2005,mantema01,Matt Mantei,BOS,-0.3
2005,willira01,Randy Williams,2TM,-0.5
2005,willira01,Randy Williams,SDP,-0.3
2005,willira01,Randy Williams,COL,-0.2
2005,floydga01,Gavin Floyd,PHI,-1.2
2005,aybarma01,Manny Aybar,NYM,-0.2
2005,jensery01,Ryan Jensen,KCR,-0.2
2005,bellro01,Rob Bell,TBD,-0.8
2005,percitr01,Troy Percival,DET,-0.4
2005,speiery01,Ryan Speier,COL,0.3
2005,alvarwi01,Wilson Álvarez,LAD,-0.2
2005,hillri01,Rich Hill,CHC,-0.9
2005,liriafr01,Francisco Liriano,MIN,0.0
2005,wunscke01,Kelly Wunsch,LAD,0.1
2005,bradfch01,Chad Bradford,BOS,0.4
2005,phelpto01,Tommy Phelps,MIL,0.1
2005,kooda01,Dae-Sung Koo,NYM,0.2
2005,ramirer01,Erasmo Ramirez,TEX,0.5
2005,corcoti02,Tim Corcoran,TBD,0.0
2005,taschja01,Jack Taschner,SFG,0.8
2005,nealbl01,Blaine Neal,2TM,-0.3
2005,nealbl01,Blaine Neal,BOS,-0.2
2005,nealbl01,Blaine Neal,COL,-0.1
2005,creekdo01,Doug Creek,DET,-0.4
2005,darenvi01,Vic Darensbourg,DET,0.5
2005,ramirel01,Elizardo Ramírez,CIN,-0.6
2005,britoeu01,Eude Brito,PHI,0.3
2005,delosva01,Valerio De Los Santos,FLA,-0.3
2005,grimsja01,Jason Grimsley,BAL,-0.2
2005,karsast01,Steve Karsay,2TM,-0.4
2005,karsast01,Steve Karsay,NYY,-0.1
2005,karsast01,Steve Karsay,TEX,-0.3
2005,gallomi01,Mike Gallo,HOU,0.5
2005,olsensc01,Scott Olsen,FLA,-0.1
2005,bartocl01,Cliff Bartosh,CHC,-0.1
2005,bergmja01,Jason Bergmann,WSN,0.4
2005,cerdaja01,Jaime Cerda,KCR,-0.2
2005,sherrge01,George Sherrill,SEA,-0.2
2005,bootcch01,Chris Bootcheck,LAA,0.3
2005,micelda01,Dan Miceli,COL,-0.1
2005,thompde01,Derek Thompson,LAD,0.3
2005,coopebr01,Brian Cooper,SFG,0.4
2005,etherse01,Seth Etherton,OAK,-0.1
2005,regilni01,Nick Regilio,TEX,0.1
2005,parrijo01,John Parrish,BAL,0.3
2005,glynnry01,Ryan Glynn,OAK,-0.5
2005,resopch01,Chris Resop,FLA,-0.3
2005,daviska01,Kane Davis,MIL,0.5
2005,lopezaq01,Aquilino López,2TM,0.3
2005,lopezaq01,Aquilino López,COL,0.2
2005,lopezaq01,Aquilino López,PHI,0.2
2005,breslcr01,Craig Breslow,SDP,0.3
2005,duckwbr01,Brandon Duckworth,HOU,-0.8
2005,lopezja02,Javier López,2TM,-1.0
2005,lopezja02,Javier López,COL,-0.3
2005,lopezja02,Javier López,ARI,-0.7
2005,grillja01,Jason Grilli,DET,0.3
2005,capeljo01,José Capellán,MIL,0.3
2005,koronjo01,John Koronka,CHC,-0.3
2005,doteloc01,Octavio Dotel,OAK,0.4
2005,francjo01,John Franco,HOU,-0.5
2005,dinarle01,Lenny DiNardo,BOS,0.3
2005,esposmi01,Mike Esposito,COL,-0.1
2005,nippedu01,Dustin Nippert,ARI,0.0
2005,valenjo04,Joe Valentine,CIN,-0.6
2005,willisc01,Scott Williamson,CHC,-0.1
2005,carlybu01,Buddy Carlyle,LAD,-0.5
2005,hancojo01,Josh Hancock,CIN,0.4
2005,mcbrima01,Macay McBride,ATL,-0.5
2005,perisma01,Matt Perisho,2TM,0.5
2005,perisma01,Matt Perisho,FLA,0.5
2005,perisma01,Matt Perisho,BOS,0.0
2005,broxtjo01,Jonathan Broxton,LAD,-0.3
2005,rakeraa01,Aaron Rakers,BAL,0.3
2005,villaos01,Óscar Villarreal,ARI,-0.1
2005,adamsmi03,Mike Adams,MIL,0.4
2005,adamste01,Terry Adams,PHI,-1.0
2005,gagneer01,Eric Gagné,LAD,0.3
2005,reyesan01,Anthony Reyes,STL,0.4
2005,gaudich01,Chad Gaudin,TOR,-0.9
2005,hughetr01,Travis Hughes,WSN,-0.1
2005,cassisc01,Scott Cassidy,2TM,-0.4
2005,cassisc01,Scott Cassidy,BOS,-0.1
2005,cassisc01,Scott Cassidy,SDP,-0.3
2005,frankwa01,Wayne Franklin,NYY,-0.4
2005,harikti01,Tim Harikkala,OAK,-0.1
2005,rileyma01,Matt Riley,TEX,-0.6
2005,tucket.01,T.J. Tucker,WSN,-0.1
2005,volqued01,Edinson Vólquez,TEX,-1.1
2005,johnsjo09,Josh Johnson,FLA,0.2
2005,weberbe01,Ben Weber,CIN,-0.2
2005,kinnema01,Matt Kinney,SFG,0.0
2005,oxsprch01,Chris Oxspring,SDP,-0.1
2005,baylijo01,Jonah Bayliss,KCR,0.1
2005,seaybo01,Bobby Seay,COL,-0.3
2005,hennse01,Sean Henn,NYY,-0.6
2005,verlaju01,Justin Verlander,DET,-0.2
2005,beimejo01,Joe Beimel,TBD,0.2
2005,falkebr01,Brian Falkenborg,SDP,-0.3
2005,tsaoch01,Chin-hui Tsao,COL,-0.2
2005,ringro01,Royce Ring,NYM,0.0
2005,smithtr01,Travis Smith,FLA,-0.1
2005,stemlst01,Steve Stemle,KCR,0.1
2005,telemam01,Amaury Telemaco,PHI,0.1
2005,foppeje01,Jesse Foppert,SFG,-0.1
2005,levinal01,Al Levine,SFG,-0.4
2005,anderma01,Matt Anderson,COL,-0.8
2005,bulgeja01,Jason Bulger,ARI,0.0
2005,bowyetr01,Travis Bowyer,MIN,0.0
2005,ligteke01,Kerry Ligtenberg,ARI,-0.7
2005,rupejo01,Josh Rupe,TEX,0.2
2005,feldmsc01,Scott Feldman,TEX,0.5
2005,saundjo01,Joe Saunders,LAA,-0.2
2005,delcama01,Manny Delcarmen,BOS,0.2
2005,demarch01,Chris Demaria,KCR,-0.3
2005,leicejo01,Jon Leicester,CHC,-0.5
2005,vasqujo01,Jorge Vásquez,ATL,0.1
2005,florero01,Ron Flores,OAK,0.3
2005,adkinjo01,Jon Adkins,CHW,-0.3
2005,bauerri01,Rick Bauer,BAL,-0.2
2005,whitega01,Gabe White,STL,0.2
2005,foxch02,Chad Fox,CHC,-0.2
2005,lerewan01,Anthony Lerew,ATL,-0.1
2005,marcush01,Shaun Marcum,TOR,0.4
2005,gassnda01,Dave Gassner,MIN,-0.2
2005,liriape01,Pedro Liriano,PHI,-0.4
2005,gardnle01,Lee Gardner,TBD,-0.3
2005,rasneda01,Darrell Rasner,WSN,0.1
2005,soriara01,Rafael Soriano,SEA,0.2
2005,simpsal01,Allan Simpson,2TM,-0.5
2005,simpsal01,Allan Simpson,COL,-0.4
2005,simpsal01,Allan Simpson,CIN,-0.1
2005,choatra01,Randy Choate,ARI,-0.4
2005,puffebr01,Brandon Puffer,SFG,-0.2
2005,walkeke02,Kevin Walker,CHW,-0.2
2005,atchisc01,Scott Atchison,SEA,-0.1
2005,depaujo01,Jorge De Paula,NYY,-0.1
2005,fieldna01,Nate Field,KCR,-0.3
2005,calica01,Carmen Cali,STL,-0.3
2005,gorzeto01,Tom Gorzelanny,PIT,-0.4
2005,guthrje01,Jeremy Guthrie,CLE,-0.1
2005,horgajo01,Joe Horgan,WSN,-0.7
2005,vanbuje01,Jermaine Van Buren,CHC,0.2
2005,woodyma01,Mark Woodyard,DET,0.2
2005,anderja01,Jason Anderson,NYY,-0.1
2005,jamesch03,Chuck James,ATL,0.2
2005,kensilo01,Logan Kensing,FLA,-0.3
2005,reamebr01,Britt Reames,OAK,-0.2
2005,santijo03,José Santiago,NYM,0.1
2005,jonesgr01,Greg Jones,LAA,0.0
2005,kuoho01,Hung-Chih Kuo,LAD,-0.1
2005,almanca01,Carlos Almánzar,TEX,-0.3
2005,devinjo01,Joey Devine,ATL,-0.4
2005,goodan01,Andrew Good,DET,0.0
2005,greisse01,Seth Greisinger,ATL,0.1
2005,matthmi01,Mike Matthews,NYM,-0.2
2005,nunezfr01,Franklin Núñez,TBD,-0.5
2005,tallebr01,Brian Tallet,CLE,-0.1
2005,bajenje01,Jeff Bajenaru,CHW,0.0
2005,castifr01,Frank Castillo,FLA,-0.2
2005,journji01,Jimmy Journell,STL,-0.3
2005,madribo01,Bobby Madritsch,SEA,-0.1
2005,almanar01,Armando Almanza,ARI,0.2
2005,bukviry01,Ryan Bukvich,TEX,-0.3
2005,cappsma01,Matt Capps,PIT,0.0
2005,childma01,Matt Childers,ATL,0.0
2005,nageocl01,Clint Nageotte,SEA,0.0
2005,pulsibi01,Bill Pulsipher,STL,-0.1
2005,stricsc02,Scott Strickland,HOU,-0.1
2005,switzjo01,Jon Switzer,TBD,-0.1
2005,tadanka01,Kazuhito Tadano,CLE,0.1
2005,webbjo01,John Webb,TBD,-0.3
2005,whitema03,Matt White,WSN,-0.1
2005,whitema02,Matt Whiteside,TOR,-0.3
2005,croweji01,Jim Crowell,FLA,-0.3
2005,jarvike01,Kevin Jarvis,STL,-0.3
2005,nitkoc.01,C.J. Nitkowski,WSN,-0.1
2005,powelja04,Jay Powell,ATL,0.3
2005,garcija01,Santiago Casilla,OAK,0.0
2005,hansecr01,Craig Hansen,BOS,0.0
2005,prinzbr01,Bret Prinz,LAA,0.0
2005,heredfe01,Félix Heredia,NYM,0.1
2005,johnsty01,Tyler Johnson,STL,0.2
2005,alvarab01,Abe Alvarez,BOS,-0.1
2005,hamulti01,Tim Hamulack,NYM,-0.4
2005,martito02,Tom Martin,ATL,-0.3
2005,meredcl01,Cla Meredith,BOS,-0.4
2005,milleju01,Justin Miller,TOR,-0.3
2005,osunaan01,Antonio Osuna,WSN,-0.5
2005,beanco01,Colter Bean,NYY,0.0
2005,bentzch01,Chad Bentz,FLA,-0.5
2005,bookech01,Chris Booker,CIN,-0.3
2005,campijo01,Jorge Campillo,SEA,0.1
2005,kidama01,Masao Kida,SEA,0.0
2005,sandeda01,David Sanders,CHW,-0.1
2005,tejermi01,Michael Tejera,TEX,-0.1
2005,wainwad01,Adam Wainwright,STL,-0.1
2005,bazaryo01,Yorman Bazardo,FLA,-0.5
2005,karnuja01,Jason Karnuth,DET,0.0
2005,thompju02,Justin Thompson,TEX,-0.2
2005,bullibr01,Bryan Bullington,PIT,-0.3
2005,gramaal01,Alex Graman,NYY,-0.1
2005,burrose01,Sean Burroughs,SDP,-0.1
2005,drisktr01,Travis Driskill,HOU,0.0
2005,johnsmi03,Mike Johnston,PIT,-0.1
2005,mendora01,Ramiro Mendoza,NYY,-0.1
2005,brookfr01,Frank Brooks,ATL,0.0
2005,gonzaed01,Édgar González,ARI,-0.1
2006,arroybr01,Bronson Arroyo,CIN,6.8
2006,webbbr01,Brandon Webb,ARI,7.0
2006,haranaa01,Aaron Harang,CIN,5.3
2006,santajo02,Johan Santana,MIN,7.6
2006,smoltjo01,John Smoltz,ATL,5.9
2006,willido03,Dontrelle Willis,FLA,4.1
2006,harenda01,Dan Haren,OAK,3.5
2006,carpech01,Chris Carpenter,STL,5.1
2006,capuach01,Chris Capuano,MIL,3.4
2006,zitoba01,Barry Zito,OAK,4.5
2006,oswalro01,Roy Oswalt,HOU,5.9
2006,hallaro01,Roy Halladay,TOR,5.3
2006,hudsoti01,Tim Hudson,ATL,1.3
2006,lowede01,Derek Lowe,LAD,4.7
2006,wangch01,Chien-Ming Wang,NYY,6.0
2006,lackejo01,John Lackey,LAA,4.6
2006,garcifr03,Freddy García,CHW,3.9
2006,hernali01,Liván Hernández,2TM,1.8
2006,hernali01,Liván Hernández,WSN,0.1
2006,hernali01,Liván Hernández,ARI,1.7
2006,dukeza01,Zach Duke,PIT,2.7
2006,millwke01,Kevin Millwood,TEX,2.7
2006,pettian01,Andy Pettitte,HOU,1.5
2006,bondeje01,Jeremy Bonderman,DET,3.2
2006,zambrca01,Carlos Zambrano,CHC,5.3
2006,schmija01,Jason Schmidt,SFG,4.0
2006,cookaa01,Aaron Cook,COL,3.9
2006,jennija01,Jason Jennings,COL,5.0
2006,garlajo01,Jon Garland,CHW,3.7
2006,westbja01,Jake Westbrook,CLE,3.5
2006,moyerja01,Jamie Moyer,2TM,2.1
2006,moyerja01,Jamie Moyer,SEA,1.1
2006,moyerja01,Jamie Moyer,PHI,1.0
2006,bushda01,Dave Bush,MIL,2.2
2006,maddugr01,Greg Maddux,2TM,3.1
2006,maddugr01,Greg Maddux,CHC,1.3
2006,maddugr01,Greg Maddux,LAD,1.8
2006,roberna01,Nate Robertson,DET,3.4
2006,morrima01,Matt Morris,SFG,0.4
2006,batismi01,Miguel Batista,ARI,2.3
2006,johnsra05,Randy Johnson,NYY,1.7
2006,beckejo02,Josh Beckett,BOS,2.7
2006,buehrma01,Mark Buehrle,CHW,2.3
2006,rogerke01,Kenny Rogers,DET,3.2
2006,santaer01,Ervin Santana,LAA,2.8
2006,schilcu01,Curt Schilling,BOS,5.5
2006,davisdo02,Doug Davis,MIL,0.9
2006,vazquja01,Javier Vázquez,CHW,2.8
2006,peavyja01,Jake Peavy,SDP,2.0
2006,leecl02,Cliff Lee,CLE,2.0
2006,padilvi01,Vicente Padilla,TEX,2.6
2006,francje01,Jeff Francis,COL,3.2
2006,glavito02,Tom Glavine,NYM,2.8
2006,myersbr01,Brett Myers,PHI,4.4
2006,mussimi01,Mike Mussina,NYY,5.0
2006,bedarer01,Érik Bédard,BAL,3.8
2006,contrjo01,José Contreras,CHW,3.8
2006,blantjo01,Joe Blanton,OAK,1.3
2006,marquja01,Jason Marquis,STL,-1.7
2006,sabatc.01,CC Sabathia,CLE,4.6
2006,hernafe02,Félix Hernández,SEA,1.3
2006,cainma01,Matt Cain,SFG,2.5
2006,ortizra02,Ramón Ortiz,WSN,-0.3
2006,suppaje01,Jeff Suppan,STL,1.2
2006,escobke01,Kelvim Escobar,LAA,3.3
2006,lopezro02,Rodrigo López,BAL,-0.2
2006,pennybr01,Brad Penny,LAD,3.0
2006,henslcl01,Clay Hensley,SDP,2.3
2006,washbja01,Jarrod Washburn,SEA,1.3
2006,mechegi01,Gil Meche,SEA,0.9
2006,snellia01,Ian Snell,PIT,2.1
2006,verlaju01,Justin Verlander,DET,4.0
2006,bensokr01,Kris Benson,BAL,1.8
2006,lillyte01,Ted Lilly,TOR,1.6
2006,olsensc01,Scott Olsen,FLA,2.2
2006,silvaca01,Carlos Silva,MIN,-1.0
2006,youngch03,Chris Young,SDP,3.0
2006,byrdpa01,Paul Byrd,CLE,0.2
2006,maholpa01,Paul Maholm,PIT,2.1
2006,foggjo01,Josh Fogg,COL,0.1
2006,weaveje01,Jeff Weaver,2TM,-0.8
2006,weaveje01,Jeff Weaver,LAA,-0.8
2006,weaveje01,Jeff Weaver,STL,0.0
2006,lidleco01,Cory Lidle,2TM,1.8
2006,lidleco01,Cory Lidle,PHI,1.3
2006,lidleco01,Cory Lidle,NYY,0.5
2006,liebejo01,Jon Lieber,PHI,1.5
2006,vargacl01,Claudio Vargas,ARI,1.1
2006,redmama01,Mark Redman,KCR,0.1
2006,pineijo01,Joel Piñeiro,SEA,-1.9
2006,trachst01,Steve Trachsel,NYM,0.6
2006,hendrma01,Mark Hendrickson,2TM,2.5
2006,hendrma01,Mark Hendrickson,TBD,2.2
2006,hendrma01,Mark Hendrickson,LAD,0.4
2006,radkebr01,Brad Radke,MIN,1.8
2006,hernaor01,Orlando Hernández,2TM,1.2
2006,hernaor01,Orlando Hernández,ARI,-0.1
2006,hernaor01,Orlando Hernández,NYM,1.3
2006,lowryno01,Noah Lowry,SFG,0.9
2006,johnsjo09,Josh Johnson,FLA,3.8
2006,seoja01,Jae Weong Seo,2TM,0.5
2006,seoja01,Jae Weong Seo,LAD,-0.3
2006,seoja01,Jae Weong Seo,TBD,0.7
2006,wrighja01,Jamey Wright,SFG,0.2
2006,kimby01,Byung-Hyun Kim,COL,0.4
2006,loaizes01,Esteban Loaiza,OAK,0.7
2006,armasto02,Tony Armas,WSN,0.7
2006,miltoer01,Eric Milton,CIN,1.3
2006,cabreda01,Daniel Cabrera,BAL,1.8
2006,williwo02,Woody Williams,SDP,1.3
2006,kazmisc01,Scott Kazmir,TBD,4.2
2006,wrighja02,Jaret Wright,NYY,2.1
2006,nolasri01,Ricky Nolasco,FLA,0.3
2006,wakefti01,Tim Wakefield,BOS,1.9
2006,parkch01,Chan Ho Park,SDP,-0.4
2006,burnea.01,A.J. Burnett,TOR,1.9
2006,rodriwa01,Wandy Rodríguez,HOU,-1.2
2006,madsory01,Ryan Madson,PHI,-0.4
2006,martipe02,Pedro Martínez,NYM,1.0
2006,hamelco01,Cole Hamels,PHI,2.3
2006,fossuca01,Casey Fossum,TBD,0.3
2006,lohseky01,Kyle Lohse,2TM,0.2
2006,lohseky01,Kyle Lohse,MIN,-0.7
2006,lohseky01,Kyle Lohse,CIN,1.0
2006,perezod01,Odalis Pérez,2TM,-0.7
2006,perezod01,Odalis Pérez,LAD,-0.9
2006,perezod01,Odalis Pérez,KCR,0.2
2006,marshse01,Sean Marshall,CHC,-0.1
2006,koronjo01,John Koronka,TEX,0.3
2006,shielja02,James Shields,TBD,1.7
2006,weaveje02,Jered Weaver,LAA,4.7
2006,moehlbr01,Brian Moehler,FLA,-1.5
2006,saarlki01,Kirk Saarloos,OAK,0.8
2006,liriafr01,Francisco Liriano,MIN,4.5
2006,jamesch03,Chuck James,ATL,2.1
2006,sosajo02,Jorge Sosa,2TM,-0.7
2006,sosajo02,Jorge Sosa,ATL,-0.6
2006,sosajo02,Jorge Sosa,STL,-0.1
2006,santovi01,Víctor Santos,PIT,-0.4
2006,johnsja02,Jason Johnson,3TM,-0.6
2006,johnsja02,Jason Johnson,2TM,-0.7
2006,johnsja02,Jason Johnson,CLE,-0.3
2006,johnsja02,Jason Johnson,BOS,-0.4
2006,johnsja02,Jason Johnson,CIN,0.0
2006,elartsc01,Scott Elarton,KCR,0.4
2006,sanchan01,Aníbal Sánchez,FLA,3.7
2006,clemero02,Roger Clemens,HOU,3.5
2006,buchhta01,Taylor Buchholz,HOU,-0.9
2006,perezol01,Óliver Pérez,2TM,-1.3
2006,perezol01,Óliver Pérez,PIT,-1.1
2006,perezol01,Óliver Pérez,NYM,-0.2
2006,loewead01,Adam Loewen,BAL,0.4
2006,tomkobr01,Brett Tomko,LAD,0.5
2006,hernaru03,Runelvys Hernández,KCR,-1.0
2006,chacosh01,Shawn Chacón,2TM,-1.0
2006,chacosh01,Shawn Chacón,NYY,-0.9
2006,chacosh01,Shawn Chacón,PIT,-0.1
2006,gonzaen01,Enrique González,ARI,0.0
2006,sheetbe01,Ben Sheets,MIL,2.0
2006,oconnmi01,Mike O'Connor,WSN,0.7
2006,woodsja01,Jake Woods,SEA,1.0
2006,ramirel01,Elizardo Ramírez,CIN,0.2
2006,seleaa01,Aaron Sele,LAD,0.9
2006,mccluse01,Seth McClung,TBD,-0.6
2006,proctsc01,Scott Proctor,NYY,2.6
2006,hudsolu01,Luke Hudson,KCR,0.6
2006,bonsebo01,Boof Bonser,MIN,1.3
2006,carrahe01,Héctor Carrasco,LAA,1.7
2006,hennebr01,Brad Hennessey,SFG,0.5
2006,hillri01,Rich Hill,CHC,1.5
2006,chenbr01,Bruce Chen,BAL,-1.2
2006,tavarju01,Julián Tavárez,BOS,1.2
2006,affelje01,Jeremy Affeldt,2TM,-1.2
2006,affelje01,Jeremy Affeldt,KCR,-0.5
2006,affelje01,Jeremy Affeldt,COL,-0.7
2006,ohkato01,Tomo Ohka,MIL,0.4
2006,nievefe01,Fernando Nieve,HOU,1.0
2006,cruzju02,Juan Cruz,ARI,1.7
2006,halsebr01,Brad Halsey,OAK,0.4
2006,janssca01,Casey Janssen,TOR,-0.1
2006,muldema01,Mark Mulder,STL,-1.8
2006,torresa01,Salomón Torres,PIT,1.6
2006,minerza01,Zach Miner,DET,0.3
2006,villaos01,Óscar Villarreal,ATL,1.4
2006,thompmi03,Mike Thompson,SDP,-0.3
2006,gearyge01,Geoff Geary,PHI,2.2
2006,rauchjo01,Jon Rauch,WSN,1.6
2006,astacpe01,Pedro Astacio,WSN,-0.5
2006,corcoti02,Tim Corcoran,TBD,1.5
2006,billich01,Chad Billingsley,LAD,1.6
2006,mainejo01,John Maine,NYM,1.3
2006,quallch01,Chad Qualls,HOU,1.1
2006,sowerje01,Jeremy Sowers,CLE,2.3
2006,shielsc01,Scot Shields,LAA,2.6
2006,chacigu01,Gustavo Chacín,TOR,0.4
2006,heilmaa01,Aaron Heilman,NYM,1.1
2006,reyesan01,Anthony Reyes,STL,0.4
2006,lugoru01,Ruddy Lugo,TBD,1.4
2006,ponsosi01,Sidney Ponson,2TM,-0.9
2006,ponsosi01,Sidney Ponson,STL,-0.2
2006,ponsosi01,Sidney Ponson,NYY,-0.6
2006,mccarbr01,Brandon McCarthy,CHW,1.1
2006,gobblji01,Jimmy Gobble,KCR,0.1
2006,bakersc02,Scott Baker,MIN,-0.7
2006,zumayjo01,Joel Zumaya,DET,3.2
2006,lestejo01,Jon Lester,BOS,1.6
2006,oliveda02,Darren Oliver,NYM,1.2
2006,cappsma01,Matt Capps,PIT,1.2
2006,thomsjo01,John Thomson,ATL,-0.3
2006,villoro01,Ron Villone,NYY,0.2
2006,benoijo01,Joaquin Benoit,TEX,-0.2
2006,rosajo01,Jorge De La Rosa,2TM,-0.6
2006,rosajo01,Jorge De La Rosa,MIL,-1.1
2006,rosajo01,Jorge De La Rosa,KCR,0.5
2006,greggke01,Kevin Gregg,LAA,0.7
2006,loeka01,Kameron Loe,TEX,-0.1
2006,marcush01,Shaun Marcum,TOR,0.6
2006,putzjj01,J.J. Putz,SEA,2.8
2006,saitota01,Takashi Saito,LAD,3.2
2006,welleto01,Todd Wellemeyer,2TM,1.1
2006,welleto01,Todd Wellemeyer,FLA,0.0
2006,welleto01,Todd Wellemeyer,KCR,1.1
2006,coffeto01,Todd Coffey,CIN,1.7
2006,frankry01,Ryan Franklin,2TM,0.6
2006,frankry01,Ryan Franklin,PHI,0.5
2006,frankry01,Ryan Franklin,CIN,0.2
2006,clausbr01,Brandon Claussen,CIN,-0.2
2006,downssc01,Scott Downs,TOR,0.6
2006,hancojo01,Josh Hancock,STL,0.4
2006,marmoca01,Carlos Mármol,CHC,-0.4
2006,desseel01,Elmer Dessens,2TM,0.0
2006,desseel01,Elmer Dessens,KCR,-0.1
2006,desseel01,Elmer Dessens,LAD,0.1
2006,crainje01,Jesse Crain,MIN,1.3
2006,howrybo01,Bob Howry,CHC,1.9
2006,broxtjo01,Jonathan Broxton,LAD,2.1
2006,ramirho01,Horacio Ramírez,ATL,0.8
2006,novoaro01,Roberto Novoa,CHC,-0.1
2006,linebsc01,Scott Linebrink,SDP,0.8
2006,cordefr01,Francisco Cordero,2TM,1.6
2006,cordefr01,Francisco Cordero,TEX,0.1
2006,cordefr01,Francisco Cordero,MIL,1.5
2006,wellsda01,David Wells,2TM,0.9
2006,wellsda01,David Wells,BOS,0.4
2006,wellsda01,David Wells,SDP,0.5
2006,campsh01,Shawn Camp,TBD,0.3
2006,dempsry01,Ryan Dempster,CHC,-0.4
2006,lidgebr01,Brad Lidge,HOU,-1.0
2006,riverma01,Mariano Rivera,NYY,3.9
2006,wainwad01,Adam Wainwright,STL,1.4
2006,carmofa01,Roberto Hernández,CLE,0.2
2006,rincoju01,Juan Rincón,MIN,1.3
2006,cormila01,Lance Cormier,ATL,0.2
2006,peraljo01,Joel Peralta,KCR,0.6
2006,tejedro01,Rob Tejeda,TEX,0.7
2006,weathda01,David Weathers,CIN,1.7
2006,burgoam01,Ambiorix Burgos,KCR,-0.8
2006,cordech01,Chad Cordero,WSN,1.8
2006,loopebr01,Braden Looper,STL,0.8
2006,rodrifr03,Francisco Rodríguez,LAA,3.7
2006,mesajo01,José Mesa,COL,1.3
2006,ryanb.01,B.J. Ryan,TOR,3.6
2006,wagnebi02,Billy Wagner,NYM,2.2
2006,capeljo01,José Capellán,MIL,0.3
2006,meddebr01,Brandon Medders,ARI,0.6
2006,rodnefe01,Fernando Rodney,DET,0.4
2006,fultzaa01,Aaron Fultz,PHI,0.5
2006,wheelda01,Dan Wheeler,HOU,2.0
2006,bauerri01,Rick Bauer,TEX,1.1
2006,borkoda01,Dave Borkowski,HOU,0.1
2006,hergema01,Matt Herges,FLA,0.0
2006,rheinjo01,John Rheinecker,TEX,0.2
2006,saundjo01,Joe Saunders,LAA,0.6
2006,streehu01,Huston Street,OAK,1.4
2006,majewga01,Gary Majewski,2TM,0.5
2006,majewga01,Gary Majewski,WSN,0.9
2006,majewga01,Gary Majewski,CIN,-0.4
2006,beimejo01,Joe Beimel,LAD,1.5
2006,borowjo01,Joe Borowski,FLA,1.0
2006,correke01,Kevin Correia,SFG,1.2
2006,grabojo02,John Grabow,PIT,0.9
2006,guerrma02,Matt Guerrier,MIN,1.0
2006,jenksbo01,Bobby Jenks,CHW,1.5
2006,meadobr01,Brian Meadows,TBD,0.1
2006,lyonbr01,Brandon Lyon,ARI,1.1
2006,willida07,David Williams,2TM,-0.5
2006,willida07,David Williams,CIN,-0.5
2006,willida07,David Williams,NYM,0.0
2006,accarje01,Jeremy Accardo,2TM,-0.3
2006,accarje01,Jeremy Accardo,SFG,-0.1
2006,accarje01,Jeremy Accardo,TOR,-0.2
2006,nathajo01,Joe Nathan,MIN,3.3
2006,papeljo01,Jonathan Papelbon,BOS,5.0
2006,ramirra02,Ramón Ramírez,COL,1.5
2006,rayke01,Ken Ray,ATL,0.3
2006,stantmi02,Mike Stanton,2TM,1.1
2006,stantmi02,Mike Stanton,WSN,0.4
2006,stantmi02,Mike Stanton,SFG,0.7
2006,ruschgl01,Glendon Rusch,CHC,-1.3
2006,farnsky01,Kyle Farnsworth,NYY,0.7
2006,raych01,Chris Ray,BAL,2.0
2006,juliojo01,Jorge Julio,2TM,0.5
2006,juliojo01,Jorge Julio,NYM,-0.2
2006,juliojo01,Jorge Julio,ARI,0.7
2006,clemema01,Matt Clement,BOS,-0.3
2006,fuentbr01,Brian Fuentes,COL,1.8
2006,ohmanwi01,Will Ohman,CHC,0.9
2006,vizcalu01,Luis Vizcaíno,ARI,1.4
2006,eatonad01,Adam Eaton,TEX,0.4
2006,bergmja01,Jason Bergmann,WSN,-0.6
2006,woodmi01,Mike Wood,KCR,-0.9
2006,whiteri01,Rick White,2TM,-0.3
2006,whiteri01,Rick White,CIN,-0.5
2006,whiteri01,Rick White,PHI,0.2
2006,donnebr01,Brendan Donnelly,LAA,0.6
2006,gaudich01,Chad Gaudin,OAK,1.2
2006,jonesto02,Todd Jones,DET,0.4
2006,timlimi01,Mike Timlin,BOS,0.9
2006,hernaro01,Roberto Hernández,2TM,0.5
2006,hernaro01,Roberto Hernández,PIT,0.2
2006,hernaro01,Roberto Hernández,NYM,0.3
2006,davieky01,Kyle Davies,ATL,-1.4
2006,hoffmtr01,Trevor Hoffman,SDP,2.1
2006,ortizru01,Russ Ortiz,2TM,-1.3
2006,ortizru01,Russ Ortiz,ARI,-0.5
2006,ortizru01,Russ Ortiz,BAL,-0.8
2006,bradfch01,Chad Bradford,NYM,1.2
2006,grillja01,Jason Grilli,DET,0.4
2006,towerjo01,Josh Towers,TOR,-1.9
2006,gorzeto01,Tom Gorzelanny,PIT,1.1
2006,eyresc01,Scott Eyre,CHC,1.3
2006,cabrefe01,Fernando Cabrera,CLE,0.0
2006,felicpe01,Pedro Feliciano,NYM,1.9
2006,hawkila01,LaTroy Hawkins,BAL,0.6
2006,ledezwi01,Wil Ledezma,DET,0.9
2006,martito02,Tom Martin,COL,0.1
2006,messera01,Randy Messenger,FLA,-0.7
2006,riversa01,Saúl Rivera,WSN,0.8
2006,snydeky01,Kyle Snyder,2TM,-0.4
2006,snydeky01,Kyle Snyder,KCR,-0.4
2006,snydeky01,Kyle Snyder,BOS,0.0
2006,soriara01,Rafael Soriano,SEA,2.0
2006,kuoho01,Hung-Chih Kuo,LAD,0.6
2006,otsukak01,Akinori Otsuka,TEX,2.2
2006,sprinru01,Russ Springer,HOU,0.8
2006,baezda01,Danys Báez,2TM,-0.1
2006,baezda01,Danys Báez,LAD,-0.1
2006,baezda01,Danys Báez,ATL,-0.1
2006,eyrewi01,Willie Eyre,MIN,0.0
2006,gordoto01,Tom Gordon,PHI,1.7
2006,isrinja01,Jason Isringhausen,STL,0.7
2006,marteda01,Dámaso Marte,PIT,0.6
2006,siscoan01,Andy Sisco,KCR,-1.2
2006,calerki01,Kiko Calero,OAK,1.3
2006,mahayro01,Ron Mahay,TEX,0.5
2006,willito02,Todd Williams,BAL,-0.3
2006,betanra01,Rafael Betancourt,CLE,1.0
2006,mcbrima01,Macay McBride,ATL,0.5
2006,paronch01,Chad Paronto,ATL,1.0
2006,thompbr01,Brad Thompson,STL,0.6
2006,wolfra02,Randy Wolf,PHI,0.2
2006,colonba01,Bartolo Colon,LAA,-0.2
2006,sweenbr01,Brian Sweeney,SDP,0.6
2006,turnbde01,Derrick Turnbow,MIL,-2.4
2006,guzmaan01,Ángel Guzmán,CHC,-0.9
2006,gonzaje01,Geremi González,2TM,-0.9
2006,gonzaje01,Geremi González,NYM,-0.3
2006,gonzaje01,Geremi González,MIL,-0.6
2006,duchsju01,Justin Duchscherer,OAK,1.5
2006,motagu01,Guillermo Mota,2TM,0.4
2006,motagu01,Guillermo Mota,CLE,-0.4
2006,motagu01,Guillermo Mota,NYM,0.7
2006,davisja02,Jason Davis,CLE,0.5
2006,sanchdu01,Duaner Sánchez,NYM,1.2
2006,adkinjo01,Jon Adkins,SDP,0.2
2006,floydga01,Gavin Floyd,PHI,-0.9
2006,tallebr01,Brian Tallet,TOR,0.7
2006,cottsne01,Neal Cotts,CHW,0.2
2006,gonzami02,Mike González,PIT,2.3
2006,thornma01,Matt Thornton,CHW,1.7
2006,wickmbo01,Bob Wickman,2TM,1.1
2006,wickmbo01,Bob Wickman,CLE,0.2
2006,wickmbo01,Bob Wickman,ATL,1.0
2006,brittch01,Chris Britton,BAL,0.9
2006,marotmi01,Mike Maroth,DET,0.7
2006,mateoju01,Julio Mateo,SEA,0.2
2006,villaca01,Carlos Villanueva,MIL,1.1
2006,delcama01,Manny Delcarmen,BOS,0.1
2006,aardsda01,David Aardsma,CHC,0.6
2006,waechdo01,Doug Waechter,TBD,-0.2
2006,seaneru01,Rudy Seánez,2TM,0.2
2006,seaneru01,Rudy Seánez,BOS,0.3
2006,seaneru01,Rudy Seánez,SDP,-0.1
2006,embreal01,Alan Embree,SDP,0.6
2006,klinest02,Steve Kline,SFG,0.5
2006,schoesc01,Scott Schoeneweis,2TM,0.3
2006,schoesc01,Scott Schoeneweis,TOR,-0.7
2006,schoesc01,Scott Schoeneweis,CIN,0.9
2006,speieju01,Justin Speier,TOR,1.2
2006,meredcl01,Cla Meredith,SDP,2.5
2006,milletr02,Trever Miller,HOU,1.1
2006,reyesde01,Dennys Reyes,MIN,2.2
2006,braybi01,Bill Bray,2TM,0.4
2006,braybi01,Bill Bray,WSN,0.2
2006,braybi01,Bill Bray,CIN,0.2
2006,maysjo01,Joe Mays,2TM,-1.5
2006,maysjo01,Joe Mays,KCR,-1.2
2006,maysjo01,Joe Mays,CIN,-0.3
2006,frasoja01,Jason Frasor,TOR,0.4
2006,garzama01,Matt Garza,MIN,0.0
2006,yatesty01,Tyler Yates,ATL,0.6
2006,foulkke01,Keith Foulke,BOS,0.8
2006,valvejo01,José Valverde,ARI,-0.3
2006,aquingr01,Greg Aquino,ARI,0.2
2006,kolbda01,Danny Kolb,MIL,0.0
2006,romerj.01,J.C. Romero,LAA,-1.0
2006,dohmasc01,Scott Dohmann,2TM,-1.0
2006,dohmasc01,Scott Dohmann,COL,-0.3
2006,dohmasc01,Scott Dohmann,KCR,-0.7
2006,walkeja01,Jamie Walker,DET,1.3
2006,cormirh01,Rhéal Cormier,2TM,2.0
2006,cormirh01,Rhéal Cormier,PHI,1.7
2006,cormirh01,Rhéal Cormier,CIN,0.2
2006,harderi01,Rich Harden,OAK,0.8
2006,rlealse01,Sendy Rleal,BAL,0.3
2006,chulkvi01,Vinnie Chulk,2TM,-0.3
2006,chulkvi01,Vinnie Chulk,TOR,-0.2
2006,chulkvi01,Vinnie Chulk,SFG,-0.1
2006,duckwbr01,Brandon Duckworth,KCR,-0.6
2006,mateoju02,Juan Mateo,CHC,-0.1
2006,rhodear01,Arthur Rhodes,PHI,0.1
2006,soleral01,Alay Soler,NYM,-0.5
2006,hirshja01,Jason Hirsh,HOU,-0.4
2006,kingra01,Ray King,COL,0.2
2006,nelsojo01,Joe Nelson,KCR,0.5
2006,wilsocj01,C.J. Wilson,TEX,0.3
2006,wisema01,Matt Wise,MIL,0.1
2006,wellski01,Kip Wells,2TM,-0.3
2006,wellski01,Kip Wells,PIT,-0.2
2006,wellski01,Kip Wells,TEX,-0.1
2006,hammeja01,Jason Hammel,TBD,-0.6
2006,riskeda01,David Riske,2TM,0.8
2006,riskeda01,David Riske,BOS,0.2
2006,riskeda01,David Riske,CHW,0.6
2006,priorma01,Mark Prior,CHC,-0.9
2006,trabebi01,Billy Traber,WSN,-0.4
2006,backebr01,Brandon Backe,HOU,0.7
2006,vargaja01,Jason Vargas,FLA,-0.9
2006,cassisc01,Scott Cassidy,SDP,0.3
2006,gonzaed01,Édgar González,ARI,0.6
2006,karstje01,Jeff Karstens,NYY,0.8
2006,leagubr01,Brandon League,TOR,0.7
2006,howeljp01,J.P. Howell,TBD,0.5
2006,harpetr01,Travis Harper,TBD,-0.1
2006,florera01,Randy Flores,STL,-0.6
2006,bautide01,Denny Bautista,2TM,-0.3
2006,bautide01,Denny Bautista,KCR,0.0
2006,bautide01,Denny Bautista,COL,-0.3
2006,feldmsc01,Scott Feldman,TEX,0.5
2006,harvich01,Chad Harville,TBD,-0.1
2006,mitrese01,Sergio Mitre,FLA,-0.2
2006,tanketa01,Taylor Tankersley,FLA,1.2
2006,pattejo02,John Patterson,WSN,0.6
2006,wuertmi01,Michael Wuertz,CHC,1.2
2006,belisma01,Matt Belisle,CIN,0.6
2006,sanchjo01,Jonathan Sánchez,SFG,-0.3
2006,sherrge01,George Sherrill,SEA,0.6
2006,dayza01,Zach Day,2TM,-0.4
2006,dayza01,Zach Day,COL,-0.6
2006,dayza01,Zach Day,WSN,0.2
2006,willisc01,Scott Williamson,2TM,-0.3
2006,willisc01,Scott Williamson,CHC,0.0
2006,willisc01,Scott Williamson,SDP,-0.3
2006,dinarle01,Lenny DiNardo,BOS,-0.6
2006,coreybr01,Bryan Corey,2TM,0.7
2006,coreybr01,Bryan Corey,TEX,0.4
2006,coreybr01,Bryan Corey,BOS,0.3
2006,colonro01,Román Colón,DET,0.1
2006,benitar01,Armando Benítez,SFG,0.8
2006,jacksza01,Zach Jackson,MIL,-0.1
2006,shousbr01,Brian Shouse,2TM,0.6
2006,shousbr01,Brian Shouse,TEX,0.1
2006,shousbr01,Brian Shouse,MIL,0.5
2006,bannibr01,Brian Bannister,NYM,0.4
2006,hansecr01,Craig Hansen,BOS,-0.8
2006,vogelry01,Ryan Vogelsong,PIT,-0.3
2006,kensilo01,Logan Kensing,FLA,0.3
2006,mathisc01,Scott Mathieson,PHI,-0.9
2006,yanes01,Esteban Yan,2TM,-0.1
2006,yanes01,Esteban Yan,LAA,-0.3
2006,yanes01,Esteban Yan,CIN,0.2
2006,bellhe01,Heath Bell,NYM,-0.3
2006,neshepa01,Pat Neshek,MIN,1.4
2006,guarded01,Eddie Guardado,2TM,0.3
2006,guarded01,Eddie Guardado,SEA,-0.2
2006,guarded01,Eddie Guardado,CIN,0.5
2006,hillsh01,Shawn Hill,WSN,0.6
2006,jacksed01,Edwin Jackson,TBD,-0.2
2006,johnsty01,Tyler Johnson,STL,-0.1
2006,littlwe01,Wes Littleton,TEX,1.5
2006,frutoem01,Emiliano Fruto,SEA,-0.4
2006,helliri01,Rick Helling,MIL,0.3
2006,kennejo04,Joe Kennedy,OAK,1.2
2006,michach01,Chris Michalak,CIN,0.3
2006,taubety01,Ty Taubenheim,TOR,0.0
2006,baekch01,Cha-Seung Baek,SEA,0.7
2006,keppebo01,Bobby Keppel,KCR,0.1
2006,hamulti01,Tim Hamulack,LAD,-0.7
2006,sampsch01,Chris Sampson,HOU,0.9
2006,sikorbr01,Brian Sikorski,2TM,0.0
2006,sikorbr01,Brian Sikorski,SDP,-0.2
2006,sikorbr01,Brian Sikorski,CLE,0.2
2006,switzjo01,Jon Switzer,TBD,0.3
2006,volqued01,Edinson Vólquez,TEX,-0.5
2006,corpama01,Manny Corpas,COL,0.8
2006,greense01,Sean Green,SEA,0.2
2006,micelda01,Dan Miceli,TBD,0.3
2006,castrfa01,Fabio Castro,2TM,0.9
2006,castrfa01,Fabio Castro,TEX,0.0
2006,castrfa01,Fabio Castro,PHI,0.9
2006,birkiku01,Kurt Birkins,BAL,0.0
2006,myersmi01,Mike Myers,NYY,0.7
2006,penato03,Tony Peña,ARI,-0.3
2006,wagnery01,Ryan Wagner,WSN,-0.2
2006,politcl01,Cliff Politte,CHW,-1.0
2006,walkepe01,Pete Walker,TOR,-0.5
2006,wasdijo01,John Wasdin,TEX,0.1
2006,wilsobr01,Brian Wilson,SFG,-0.3
2006,florero01,Ron Flores,OAK,0.6
2006,pintore01,Renyel Pinto,FLA,0.5
2006,corteda01,David Cortés,COL,0.3
2006,halamjo01,John Halama,BAL,-0.2
2006,rodrife01,Félix Rodríguez,WSN,-0.6
2006,rupejo01,Josh Rupe,TEX,0.5
2006,macdomi01,Mike MacDougal,2TM,1.6
2006,macdomi01,Mike MacDougal,KCR,0.2
2006,macdomi01,Mike MacDougal,CHW,1.4
2006,condrcl01,Clay Condrey,PHI,0.6
2006,hammoch01,Chris Hammond,CIN,-0.4
2006,brocado01,Doug Brocail,SDP,-0.1
2006,merckke01,Kent Mercker,CIN,0.3
2006,schroch01,Chris Schroder,WSN,-0.4
2006,reitsch01,Chris Reitsma,ATL,-1.4
2006,jarvike01,Kevin Jarvis,2TM,-0.4
2006,jarvike01,Kevin Jarvis,ARI,-0.5
2006,jarvike01,Kevin Jarvis,BOS,0.1
2006,carragi01,Giovanni Carrara,LAD,0.2
2006,evelada01,Dana Eveland,MIL,-0.6
2006,grimsja01,Jason Grimsley,ARI,0.2
2006,smallaa01,Aaron Small,NYY,-0.8
2006,mcgowdu01,Dustin McGowan,TOR,-0.9
2006,petityu01,Yusmeiro Petit,FLA,-0.8
2006,barryke01,Kevin Barry,ATL,0.0
2006,gabbaka01,Kason Gabbard,BOS,0.6
2006,sauersc01,Scott Sauerbeck,2TM,-0.1
2006,sauersc01,Scott Sauerbeck,CLE,0.0
2006,sauersc01,Scott Sauerbeck,OAK,0.0
2006,walkety01,Tyler Walker,2TM,-0.4
2006,walkety01,Tyler Walker,SFG,-0.5
2006,walkety01,Tyler Walker,TBD,0.1
2006,kinnejo01,Josh Kinney,STL,0.4
2006,orvelch01,Chad Orvella,TBD,-0.7
2006,stokebr01,Brian Stokes,TBD,0.4
2006,rosarfr01,Francisco Rosario,TOR,-0.3
2006,muntesc01,Scott Munter,SFG,-0.9
2006,witasja01,Jay Witasick,OAK,-0.2
2006,remlimi01,Mike Remlinger,ATL,0.3
2006,millewa04,Wade Miller,CHC,0.3
2006,youmash01,Shane Youman,PIT,0.8
2006,pelfrmi01,Mike Pelfrey,NYM,-0.1
2006,resopch01,Chris Resop,FLA,0.3
2006,sanchbr01,Brian Sanches,PHI,0.0
2006,zambrvi01,Víctor Zambrano,NYM,-0.3
2006,spurlch01,Chris Spurling,2TM,0.0
2006,spurlch01,Chris Spurling,DET,0.2
2006,spurlch01,Chris Spurling,MIL,-0.2
2006,perezbe01,Beltrán Pérez,WSN,0.5
2006,burnsmi01,Mike Burns,2TM,-0.2
2006,burnsmi01,Mike Burns,CIN,-0.3
2006,burnsmi01,Mike Burns,BOS,0.1
2006,brunebr01,Brian Bruney,NYY,1.1
2006,smithma04,Matt Smith,2TM,0.9
2006,smithma04,Matt Smith,NYY,0.5
2006,smithma04,Matt Smith,PHI,0.4
2006,rasneda01,Darrell Rasner,NYY,0.4
2006,worreti01,Tim Worrell,SFG,-0.7
2006,manonju01,Julio Mañón,BAL,0.0
2006,broweji01,Jim Brower,2TM,-1.1
2006,broweji01,Jim Brower,BAL,-0.8
2006,broweji01,Jim Brower,SDP,-0.3
2006,bowiemi01,Micah Bowie,WSN,0.8
2006,pennha01,Hayden Penn,BAL,-1.4
2006,woodke02,Kerry Wood,CHC,0.0
2006,guthrje01,Jeremy Guthrie,CLE,-0.2
2006,taschja01,Jack Taschner,SFG,-1.1
2006,lowema01,Mark Lowe,SEA,0.8
2006,standja01,Jason Standridge,CIN,-0.2
2006,britoeu01,Eude Brito,PHI,-0.2
2006,haegech01,Charlie Haeger,CHW,0.2
2006,mujiced01,Edward Mujica,CLE,0.5
2006,beamtj01,T.J. Beam,NYY,-0.4
2006,brazede01,Dewon Brazelton,SDP,-0.9
2006,mcleama01,Marty McLeary,PIT,0.6
2006,osorifr01,Franquelis Osoria,LAD,-0.3
2006,slocubr01,Brian Slocum,CLE,0.1
2006,stulter01,Eric Stults,LAD,0.0
2006,limajo01,José Lima,NYM,-0.8
2006,loganbo02,Boone Logan,CHW,-0.5
2006,walrole01,Les Walrond,CHC,-0.2
2006,feierry01,Ryan Feierabend,SEA,0.3
2006,huberjo01,Jon Huber,SEA,0.8
2006,lopezja02,Javier López,BOS,0.1
2006,gallomi01,Mike Gallo,HOU,-0.2
2006,mastnto01,Tom Mastny,CLE,0.0
2006,romerda01,Davis Romero,TOR,0.2
2006,shackbr01,Brian Shackelford,CIN,-0.2
2006,alfonan01,Antonio Alfonseca,TEX,-0.1
2006,choatra01,Randy Choate,ARI,0.1
2006,pauleda01,David Pauley,BOS,-0.1
2006,lehrju01,Justin Lehr,MIL,-0.6
2006,millema02,Matt Miller,CLE,0.3
2006,shielja01,Jason Shiell,ATL,-0.4
2006,seaybo01,Bobby Seay,DET,-0.1
2006,alberma01,Matt Albers,HOU,-0.2
2006,fasseje01,Jeff Fassero,SFG,-0.3
2006,moylape01,Peter Moylan,ATL,0.1
2006,rodried03,Eddy Rodríguez,BAL,-0.4
2006,ryuja01,Jae Kuk Ryu,CHC,-0.3
2006,bernead01,Adam Bernero,2TM,0.4
2006,bernead01,Adam Bernero,PHI,-0.4
2006,bernead01,Adam Bernero,KCR,0.7
2006,baylijo01,Jonah Bayliss,PIT,0.1
2006,eischjo01,Joey Eischen,WSN,-0.9
2006,tatajo01,Jordan Tata,DET,-0.1
2006,graveda01,Danny Graves,CLE,-0.3
2006,monteag01,Agustín Montero,CHW,-0.1
2006,demarch01,Chris Demaria,MIL,-0.2
2006,windsja01,Jason Windsor,OAK,-0.3
2006,kimsu01,Sun-Woo Kim,2TM,-0.6
2006,kimsu01,Sun-Woo Kim,COL,-0.7
2006,kimsu01,Sun-Woo Kim,CIN,0.1
2006,nunezle01,Juan Carlos Oviedo,KCR,0.1
2006,vanbuje01,Jermaine Van Buren,BOS,-0.7
2006,omallry01,Ryan O'Malley,CHC,0.6
2006,ringro01,Royce Ring,NYM,0.4
2006,daiglca01,Casey Daigle,ARI,0.3
2006,perezra01,Rafael Pérez,CLE,0.2
2006,willije01,Jerome Williams,CHC,-0.4
2006,breslcr01,Craig Breslow,BOS,0.3
2006,germafr01,Franklyn Germán,FLA,0.3
2006,hampsju01,Justin Hampson,COL,-0.2
2006,hendrbe01,Ben Hendrickson,MIL,-0.7
2006,sharpjo01,Josh Sharpless,PIT,0.5
2006,cartela02,Lance Carter,LAD,-0.3
2006,ericksc01,Scott Erickson,NYY,-0.4
2006,hughetr01,Travis Hughes,WSN,-0.1
2006,garcijo01,José García,FLA,0.1
2006,moseldu01,Dustin Moseley,LAA,-0.3
2006,oflaher01,Eric O'Flaherty,SEA,-0.3
2006,verasjo01,José Veras,NYY,0.2
2006,braunry01,Ryan Braun,KCR,-0.1
2006,sturtta01,Tanyon Sturtze,NYY,-0.3
2006,bootcch01,Chris Bootcheck,LAA,-0.4
2006,martica03,Carlos Martínez,FLA,0.5
2006,millean01,Andrew Miller,DET,-0.2
2006,brownan01,Andrew Brown,CLE,0.2
2006,doteloc01,Octavio Dotel,NYY,-0.5
2006,hansade01,Devern Hansack,BOS,0.4
2006,keislra01,Randy Keisler,OAK,0.1
2006,nippedu01,Dustin Nippert,ARI,-0.4
2006,salasju01,Juan Salas,TBD,0.0
2006,hoeyja02,Jim Hoey,BAL,-0.5
2006,hennse01,Sean Henn,NYY,0.1
2006,karsast01,Steve Karsay,OAK,0.0
2006,narvech01,Chris Narveson,STL,0.0
2006,fieldna01,Nate Field,COL,0.2
2006,kominsh01,Shane Komine,OAK,0.1
2006,dresery01,Ryan Drese,WSN,-0.2
2006,masseni01,Nick Masset,TEX,0.1
2006,rogerbr01,Brian Rogers,PIT,-0.2
2006,santaju01,Julio Santana,PHI,-0.2
2006,sarfade01,Dennis Sarfate,MIL,0.1
2006,wilsokr01,Kris Wilson,NYY,-0.2
2006,bookech01,Chris Booker,2TM,0.0
2006,bookech01,Chris Booker,KCR,-0.2
2006,bookech01,Chris Booker,WSN,0.1
2006,abreuwi01,Winston Abreu,BAL,-0.2
2006,burrebr01,Brian Burres,BAL,0.4
2006,tracese01,Sean Tracey,CHW,0.2
2006,asencmi01,Miguel Asencio,COL,-0.3
2006,childja01,Jason Childers,TBD,-0.1
2006,dunnsc01,Scott Dunn,TBD,-0.5
2006,etherse01,Seth Etherton,KCR,-0.3
2006,frankwa01,Wayne Franklin,ATL,-0.1
2006,jimenub01,Ubaldo Jiménez,COL,0.1
2006,francfr01,Frank Francisco,TEX,0.0
2006,jimence01,César Jiménez,SEA,-0.5
2006,reamebr01,Britt Reames,PIT,-0.2
2006,byrdati01,Tim Byrdak,BAL,-0.6
2006,winkejo01,Joe Winkelsas,MIL,-0.3
2006,crucefr01,Francisco Cruceta,SEA,-0.4
2006,diazjo01,José Díaz,KCR,-0.2
2006,germaju01,Justin Germano,CIN,0.0
2006,hermadu01,Dustin Hermanson,CHW,0.1
2006,devinjo01,Joey Devine,ATL,-0.2
2006,falkebr01,Brian Falkenborg,STL,0.1
2006,fernaja01,Jared Fernández,MIL,-0.2
2006,greinza01,Zack Greinke,KCR,0.1
2006,durbich01,Chad Durbin,DET,0.2
2006,estessh01,Shawn Estes,SDP,0.0
2006,jonesgr01,Greg Jones,LAA,-0.1
2006,staufti01,Tim Stauffer,SDP,0.1
2006,stemlst01,Steve Stemle,KCR,-0.4
2006,astacez01,Ezequiel Astacio,HOU,-0.3
2006,corcoro01,Roy Corcoran,WSN,-0.4
2006,gryboke01,Kevin Gryboski,WSN,-0.8
2006,perkigl01,Glen Perkins,MIN,0.2
2006,slatedo01,Doug Slaten,ARI,0.4
2006,brazoyh01,Yhency Brazobán,LAD,0.0
2006,chicktr01,Travis Chick,SEA,-0.2
2006,laraju01,Juan Lara,CLE,0.1
2006,livinbo01,Bobby Livingston,SEA,-0.4
2006,andrast01,Steve Andrade,KCR,-0.1
2006,duboser01,Eric DuBose,BAL,-0.2
2006,campbbr02,Brett Campbell,WSN,-0.1
2006,smithtr01,Travis Smith,ATL,-0.1
2006,morilju01,Juan Morillo,COL,-0.3
2006,owenshe01,Henry Owens,NYM,-0.1
2006,roneyma01,Matt Roney,OAK,0.0
2006,sadlebi01,Billy Sadler,SFG,0.0
2006,stockph01,Phil Stockman,ATL,0.1
2006,venafmi01,Mike Venafro,COL,0.2
2006,dicker.01,R.A. Dickey,TEX,-0.3
2006,harrije02,Jeff Harris,SEA,0.0
2006,perezju01,Juan Pérez,PIT,-0.1
2006,ramirsa01,Santiago Ramírez,WSN,-0.1
2006,rincori01,Ricardo Rincón,STL,-0.3
2006,alvarab01,Abe Alvarez,BOS,-0.2
2006,fortuba01,Bartolomé Fortunato,NYM,-0.5
2006,johnsji04,Jim Johnson,BAL,-0.3
2006,koplomi01,Mike Koplove,ARI,0.1
2006,lewisco01,Colby Lewis,DET,0.1
2006,mulhote01,Terry Mulholland,ARI,-0.1
2006,smithmi06,Mike Smith,MIN,-0.2
2006,nelsoje01,Jeff Nelson,CHW,0.1
2006,simpsal01,Allan Simpson,MIL,0.0
2006,adamsmi03,Mike Adams,MIL,-0.2
2006,campijo01,Jorge Campillo,SEA,-0.1
2006,garcija01,Santiago Casilla,OAK,-0.1
2006,beanco01,Colter Bean,NYY,0.0
2006,gagneer01,Eric Gagné,LAD,0.1
2006,humbeph01,Philip Humber,NYM,0.1
2006,lerewan01,Anthony Lerew,ATL,-0.1
2006,bulgeja01,Jason Bulger,LAA,-0.1
2006,dejeami01,Mike DeJean,COL,0.1
2006,holtzmi01,Mike Holtz,BOS,-0.2
2006,mabeuch01,Chris Mabeus,MIL,-0.1
2006,goslimi01,Mike Gosling,CIN,-0.1
2006,bajenje01,Jeff Bajenaru,ARI,-0.3
2006,mischpa01,Pat Misch,SFG,0.0
2006,nageocl01,Clint Nageotte,SEA,-0.2
2006,boyerbl01,Blaine Boyer,ATL,-0.3
2006,barziph01,Philip Barzilla,HOU,0.0
2006,colomje01,Jesús Colomé,TBD,-0.1
2006,fulchje01,Jeff Fulchino,FLA,0.0
2007,sabatc.01,CC Sabathia,CLE,6.3
2007,webbbr01,Brandon Webb,ARI,6.4
2007,haranaa01,Aaron Harang,CIN,6.0
2007,blantjo01,Joe Blanton,OAK,3.6
2007,hallaro01,Roy Halladay,TOR,3.5
2007,hudsoti01,Tim Hudson,ATL,4.7
2007,lackejo01,John Lackey,LAA,6.3
2007,peavyja01,Jake Peavy,SDP,6.2
2007,harenda01,Dan Haren,OAK,4.6
2007,santajo02,Johan Santana,MIN,5.0
2007,vazquja01,Javier Vázquez,CHW,6.2
2007,zambrca01,Carlos Zambrano,CHC,3.4
2007,mechegi01,Gil Meche,KCR,4.2
2007,francje01,Jeff Francis,COL,3.9
2007,pettian01,Andy Pettitte,NYY,3.8
2007,carmofa01,Roberto Hernández,CLE,6.2
2007,shielja02,James Shields,TBD,5.5
2007,oswalro01,Roy Oswalt,HOU,6.6
2007,arroybr01,Bronson Arroyo,CIN,3.3
2007,garlajo01,Jon Garland,CHW,3.9
2007,pennybr01,Brad Penny,LAD,5.9
2007,snellia01,Ian Snell,PIT,3.7
2007,lillyte01,Ted Lilly,CHC,4.1
2007,kazmisc01,Scott Kazmir,TBD,5.8
2007,suppaje01,Jeff Suppan,MIL,1.9
2007,smoltjo01,John Smoltz,ATL,4.6
2007,willido03,Dontrelle Willis,FLA,0.7
2007,matsuda01,Daisuke Matsuzaka,BOS,4.1
2007,cabreda01,Daniel Cabrera,BAL,0.7
2007,hernali01,Liván Hernández,ARI,1.4
2007,silvaca01,Carlos Silva,MIN,2.6
2007,wainwad01,Adam Wainwright,STL,2.8
2007,gorzeto01,Tom Gorzelanny,PIT,3.9
2007,verlaju01,Justin Verlander,DET,4.2
2007,buehrma01,Mark Buehrle,CHW,6.1
2007,beckejo02,Josh Beckett,BOS,6.5
2007,glavito02,Tom Glavine,NYM,2.0
2007,cainma01,Matt Cain,SFG,4.6
2007,gaudich01,Chad Gaudin,OAK,1.4
2007,lowede01,Derek Lowe,LAD,2.5
2007,moyerja01,Jamie Moyer,PHI,0.5
2007,wangch01,Chien-Ming Wang,NYY,5.0
2007,morrima01,Matt Morris,2TM,0.4
2007,morrima01,Matt Morris,SFG,0.8
2007,morrima01,Matt Morris,PIT,-0.5
2007,maddugr01,Greg Maddux,SDP,2.6
2007,zitoba01,Barry Zito,SFG,2.0
2007,escobke01,Kelvim Escobar,LAA,4.9
2007,hillri01,Rich Hill,CHC,3.4
2007,washbja01,Jarrod Washburn,SEA,2.8
2007,batismi01,Miguel Batista,SEA,2.8
2007,davisdo02,Doug Davis,ARI,2.5
2007,lohseky01,Kyle Lohse,2TM,1.8
2007,lohseky01,Kyle Lohse,CIN,1.4
2007,lohseky01,Kyle Lohse,PHI,0.5
2007,byrdpa01,Paul Byrd,CLE,1.7
2007,marquja01,Jason Marquis,CHC,0.8
2007,mainejo01,John Maine,NYM,2.4
2007,hernafe02,Félix Hernández,SEA,3.9
2007,contrjo01,José Contreras,CHW,0.6
2007,wakefti01,Tim Wakefield,BOS,2.2
2007,williwo02,Woody Williams,HOU,1.3
2007,bushda01,Dave Bush,MIL,0.6
2007,hamelco01,Cole Hamels,PHI,4.1
2007,rodriwa01,Wandy Rodríguez,HOU,2.1
2007,bedarer01,Érik Bédard,BAL,5.7
2007,belisma01,Matt Belisle,CIN,1.2
2007,maholpa01,Paul Maholm,PIT,0.4
2007,roberna01,Nate Robertson,DET,1.3
2007,perezol01,Óliver Pérez,NYM,1.8
2007,olsensc01,Scott Olsen,FLA,-1.6
2007,guthrje01,Jeremy Guthrie,BAL,4.0
2007,loopebr01,Braden Looper,STL,0.4
2007,bondeje01,Jeremy Bonderman,DET,0.6
2007,bonsebo01,Boof Bonser,MIN,-0.1
2007,youngch03,Chris Young,SDP,3.6
2007,millwke01,Kevin Millwood,TEX,0.2
2007,mcgowdu01,Dustin McGowan,TOR,2.3
2007,chicoma01,Matt Chico,WSN,0.9
2007,cookaa01,Aaron Cook,COL,2.2
2007,burnea.01,A.J. Burnett,TOR,2.4
2007,foggjo01,Josh Fogg,COL,0.9
2007,bannibr01,Brian Bannister,KCR,2.8
2007,wellski01,Kip Wells,STL,-1.7
2007,eatonad01,Adam Eaton,PHI,-1.6
2007,jamesch03,Chuck James,ATL,1.8
2007,jacksed01,Edwin Jackson,TBD,0.2
2007,weaveje02,Jered Weaver,LAA,2.7
2007,marcush01,Shaun Marcum,TOR,1.9
2007,trachst01,Steve Trachsel,2TM,1.6
2007,trachst01,Steve Trachsel,BAL,2.0
2007,trachst01,Steve Trachsel,CHC,-0.5
2007,wellsda01,David Wells,2TM,-0.5
2007,wellsda01,David Wells,SDP,-0.6
2007,wellsda01,David Wells,LAD,0.1
2007,lowryno01,Noah Lowry,SFG,2.3
2007,owingmi01,Micah Owings,ARI,1.7
2007,mussimi01,Mike Mussina,NYY,1.0
2007,westbja01,Jake Westbrook,CLE,2.0
2007,schilcu01,Curt Schilling,BOS,4.0
2007,capuach01,Chris Capuano,MIL,0.2
2007,santaer01,Ervin Santana,LAA,-0.4
2007,mitrese01,Sergio Mitre,FLA,1.1
2007,hernaor01,Orlando Hernández,NYM,2.5
2007,billich01,Chad Billingsley,LAD,3.6
2007,weaveje01,Jeff Weaver,SEA,-0.5
2007,linceti01,Tim Lincecum,SFG,2.3
2007,bakersc02,Scott Baker,MIN,1.8
2007,sheetbe01,Ben Sheets,MIL,2.9
2007,danksjo01,John Danks,CHW,1.1
2007,perezod01,Odalis Pérez,KCR,-0.2
2007,loeka01,Kameron Loe,TEX,-0.4
2007,davieky01,Kyle Davies,2TM,-1.7
2007,davieky01,Kyle Davies,ATL,-0.9
2007,davieky01,Kyle Davies,KCR,-0.8
2007,tavarju01,Julián Tavárez,BOS,0.1
2007,vargacl01,Claudio Vargas,MIL,0.4
2007,germaju01,Justin Germano,SDP,0.5
2007,dinarle01,Lenny DiNardo,OAK,0.3
2007,tomkobr01,Brett Tomko,2TM,-0.7
2007,tomkobr01,Brett Tomko,LAD,-0.9
2007,tomkobr01,Brett Tomko,SDP,0.2
2007,sonnaan01,Andy Sonnanstine,TBD,0.7
2007,rosajo01,Jorge De La Rosa,KCR,-0.3
2007,thompbr01,Brad Thompson,STL,0.1
2007,durbich01,Chad Durbin,DET,0.7
2007,hendrma01,Mark Hendrickson,LAD,0.1
2007,greinza01,Zack Greinke,KCR,2.3
2007,sampsch01,Chris Sampson,HOU,1.7
2007,burrebr01,Brian Burres,BAL,0.1
2007,kendrky01,Kyle Kendrick,PHI,2.2
2007,padilvi01,Vicente Padilla,TEX,-0.7
2007,kimby01,Byung-Hyun Kim,3TM,-1.0
2007,kimby01,Byung-Hyun Kim,COL,-0.4
2007,kimby01,Byung-Hyun Kim,FLA,-0.1
2007,kimby01,Byung-Hyun Kim,ARI,-0.5
2007,bacsimi02,Mike Bacsik,WSN,0.0
2007,marotmi01,Mike Maroth,2TM,-2.3
2007,marotmi01,Mike Maroth,DET,0.1
2007,marotmi01,Mike Maroth,STL,-2.4
2007,bergmja01,Jason Bergmann,WSN,1.5
2007,villaca01,Carlos Villanueva,MIL,1.5
2007,sosajo02,Jorge Sosa,NYM,0.7
2007,hirshja01,Jason Hirsh,COL,1.0
2007,litscje01,Jesse Litsch,TOR,1.0
2007,alberma01,Matt Albers,HOU,-0.4
2007,kennejo04,Joe Kennedy,3TM,0.0
2007,kennejo04,Joe Kennedy,2TM,0.5
2007,kennejo04,Joe Kennedy,OAK,0.7
2007,kennejo04,Joe Kennedy,ARI,-0.5
2007,kennejo04,Joe Kennedy,TOR,-0.2
2007,gallayo01,Yovani Gallardo,MIL,2.2
2007,dukeza01,Zach Duke,PIT,-0.6
2007,reyesan01,Anthony Reyes,STL,-1.0
2007,saundjo01,Joe Saunders,LAA,1.4
2007,carlybu01,Buddy Carlyle,ATL,-0.5
2007,towerjo01,Josh Towers,TOR,-0.9
2007,ortizra02,Ramón Ortiz,2TM,0.0
2007,ortizra02,Ramón Ortiz,MIN,0.2
2007,ortizra02,Ramón Ortiz,COL,-0.2
2007,marshse01,Sean Marshall,CHC,1.2
2007,wolfra02,Randy Wolf,LAD,0.9
2007,gonzaed01,Édgar González,ARI,0.2
2007,correke01,Kevin Correia,SFG,2.3
2007,mccarbr01,Brandon McCarthy,TEX,0.6
2007,colonba01,Bartolo Colon,LAA,-0.8
2007,clemero02,Roger Clemens,NYY,1.5
2007,jennija01,Jason Jennings,HOU,-0.6
2007,ramirho01,Horacio Ramírez,SEA,-1.4
2007,pineijo01,Joel Piñeiro,2TM,1.0
2007,pineijo01,Joel Piñeiro,BOS,0.1
2007,pineijo01,Joel Piñeiro,STL,0.9
2007,hillsh01,Shawn Hill,WSN,2.1
2007,leecl02,Cliff Lee,CLE,-0.8
2007,armasto02,Tony Armas,PIT,-0.5
2007,chacosh01,Shawn Chacón,PIT,1.5
2007,tejedro01,Rob Tejeda,TEX,-1.1
2007,bellhe01,Heath Bell,SDP,3.3
2007,buchhta01,Taylor Buchholz,COL,1.0
2007,riversa01,Saúl Rivera,WSN,1.5
2007,moseldu01,Dustin Moseley,LAA,1.3
2007,moylape01,Peter Moylan,ATL,1.9
2007,guerrma02,Matt Guerrier,MIN,2.6
2007,peraljo01,Joel Peralta,KCR,1.1
2007,rauchjo01,Jon Rauch,WSN,1.3
2007,proctsc01,Scott Proctor,2TM,0.9
2007,proctsc01,Scott Proctor,NYY,0.5
2007,proctsc01,Scott Proctor,LAD,0.4
2007,heilmaa01,Aaron Heilman,NYM,1.0
2007,penato03,Tony Peña,ARI,1.4
2007,hammeja01,Jason Hammel,TBD,0.4
2007,greggke01,Kevin Gregg,FLA,1.8
2007,redditi01,Tim Redding,WSN,1.8
2007,garzama01,Matt Garza,MIN,0.9
2007,quallch01,Chad Qualls,HOU,2.5
2007,benoijo01,Joaquin Benoit,TEX,2.4
2007,broxtjo01,Jonathan Broxton,LAD,1.8
2007,jimenub01,Ubaldo Jiménez,COL,0.8
2007,vanderi01,Rick van den Hurk,FLA,-0.8
2007,howrybo01,Bob Howry,CHC,1.7
2007,gabbaka01,Kason Gabbard,2TM,1.2
2007,gabbaka01,Kason Gabbard,BOS,1.1
2007,gabbaka01,Kason Gabbard,TEX,0.1
2007,frankry01,Ryan Franklin,STL,1.6
2007,grillja01,Jason Grilli,DET,-0.1
2007,meredcl01,Cla Meredith,SDP,0.4
2007,betanra01,Rafael Betancourt,CLE,4.3
2007,lopezro02,Rodrigo López,COL,1.0
2007,welleto01,Todd Wellemeyer,2TM,-0.2
2007,welleto01,Todd Wellemeyer,KCR,-0.8
2007,welleto01,Todd Wellemeyer,STL,0.6
2007,cappsma01,Matt Capps,PIT,2.6
2007,corpama01,Manny Corpas,COL,2.9
2007,liebejo01,Jon Lieber,PHI,0.3
2007,weathda01,David Weathers,CIN,1.9
2007,bootcch01,Chris Bootcheck,LAA,0.3
2007,glovega01,Gary Glover,TBD,0.6
2007,shielsc01,Scot Shields,LAA,1.0
2007,wrighja01,Jamey Wright,TEX,1.5
2007,brocado01,Doug Brocail,SDP,0.7
2007,villaos01,Óscar Villarreal,ATL,-0.1
2007,fossuca01,Casey Fossum,TBD,-1.7
2007,seaneru01,Rudy Seánez,LAD,0.9
2007,vizcalu01,Luis Vizcaíno,NYY,0.7
2007,cordech01,Chad Cordero,WSN,1.3
2007,wheelda01,Dan Wheeler,2TM,-0.4
2007,wheelda01,Dan Wheeler,HOU,0.1
2007,wheelda01,Dan Wheeler,TBD,-0.6
2007,gardnle01,Lee Gardner,FLA,2.7
2007,lyonbr01,Brandon Lyon,ARI,2.1
2007,baekch01,Cha-Seung Baek,SEA,0.5
2007,hugheph01,Phil Hughes,NYY,0.9
2007,janssca01,Casey Janssen,TOR,1.9
2007,pelfrmi01,Mike Pelfrey,NYM,-0.4
2007,bradeda01,Dallas Braden,OAK,-1.3
2007,wuertmi01,Michael Wuertz,CHC,1.1
2007,soriara01,Rafael Soriano,ATL,1.3
2007,borkoda01,Dave Borkowski,HOU,-0.2
2007,nathajo01,Joe Nathan,MIN,2.9
2007,putzjj01,J.J. Putz,SEA,4.0
2007,riverma01,Mariano Rivera,NYY,2.0
2007,simonja01,Jason Simontacchi,WSN,-0.8
2007,neshepa01,Pat Neshek,MIN,1.5
2007,linebsc01,Scott Linebrink,2TM,0.5
2007,linebsc01,Scott Linebrink,SDP,0.5
2007,linebsc01,Scott Linebrink,MIL,0.1
2007,floydga01,Gavin Floyd,CHW,0.6
2007,riskeda01,David Riske,KCR,2.2
2007,marmoca01,Carlos Mármol,CHC,3.0
2007,okajihi01,Hideki Okajima,BOS,2.9
2007,soriajo01,Joakim Soria,KCR,2.4
2007,myersbr01,Brett Myers,PHI,0.7
2007,hennebr01,Brad Hennessey,SFG,1.6
2007,wagnebi02,Billy Wagner,NYM,1.7
2007,wilsocj01,C.J. Wilson,TEX,1.7
2007,embreal01,Alan Embree,OAK,0.7
2007,eyrewi01,Willie Eyre,TEX,-0.1
2007,greense01,Sean Green,SEA,1.1
2007,turnbde01,Derrick Turnbow,MIL,0.2
2007,igawake01,Kei Igawa,NYY,-0.3
2007,accarje01,Jeremy Accardo,TOR,2.2
2007,beimejo01,Joe Beimel,LAD,0.9
2007,gearyge01,Geoff Geary,PHI,-0.9
2007,rodrifr03,Francisco Rodríguez,LAA,2.2
2007,sowerje01,Jeremy Sowers,CLE,-0.4
2007,lidgebr01,Brad Lidge,HOU,1.2
2007,lindsma01,Matt Lindstrom,FLA,1.3
2007,mahayro01,Ron Mahay,2TM,1.9
2007,mahayro01,Ron Mahay,TEX,1.2
2007,mahayro01,Ron Mahay,ATL,0.8
2007,dempsry01,Ryan Dempster,CHC,0.0
2007,sloweke01,Kevin Slowey,MIN,0.3
2007,colomje01,Jesús Colomé,WSN,0.7
2007,sprinru01,Russ Springer,STL,1.7
2007,yatesty01,Tyler Yates,ATL,-0.9
2007,borowjo01,Joe Borowski,CLE,-0.5
2007,isrinja01,Jason Isringhausen,STL,1.5
2007,durbijd01,J.D. Durbin,2TM,-0.5
2007,durbijd01,J.D. Durbin,ARI,-0.2
2007,durbijd01,J.D. Durbin,PHI,-0.3
2007,jenksbo01,Bobby Jenks,CHW,2.8
2007,bradfch01,Chad Bradford,BAL,1.4
2007,oliveda02,Darren Oliver,LAA,0.7
2007,saitota01,Takashi Saito,LAD,3.5
2007,valvejo01,José Valverde,ARI,2.2
2007,messera01,Randy Messenger,2TM,0.7
2007,messera01,Randy Messenger,FLA,0.7
2007,messera01,Randy Messenger,SFG,0.0
2007,felicpe01,Pedro Feliciano,NYM,1.0
2007,millean01,Andrew Miller,DET,-0.1
2007,cordefr01,Francisco Cordero,MIL,1.7
2007,morrobr01,Brandon Morrow,SEA,1.0
2007,santovi01,Víctor Santos,2TM,0.0
2007,santovi01,Víctor Santos,CIN,0.3
2007,santovi01,Víctor Santos,BAL,-0.3
2007,lestejo01,Jon Lester,BOS,0.9
2007,rogerke01,Kenny Rogers,DET,0.3
2007,stokebr01,Brian Stokes,TBD,-0.8
2007,tallebr01,Brian Tallet,TOR,0.7
2007,juliojo01,Jorge Julio,2TM,-0.3
2007,juliojo01,Jorge Julio,FLA,-1.0
2007,juliojo01,Jorge Julio,COL,0.7
2007,milleju01,Justin Miller,FLA,1.0
2007,fuentbr01,Brian Fuentes,COL,1.1
2007,jonesto02,Todd Jones,DET,0.4
2007,walkeja01,Jamie Walker,BAL,1.4
2007,cruzju02,Juan Cruz,ARI,0.6
2007,perezra01,Rafael Pérez,CLE,2.3
2007,reyesal01,Alberto Reyes,TBD,0.3
2007,farnsky01,Kyle Farnsworth,NYY,0.0
2007,moehlbr01,Brian Moehler,HOU,0.6
2007,rincoju01,Juan Rincón,MIN,-0.5
2007,francfr01,Frank Francisco,TEX,0.2
2007,motagu01,Guillermo Mota,NYM,-0.7
2007,ledezwi01,Wil Ledezma,3TM,-0.8
2007,ledezwi01,Wil Ledezma,2TM,-0.6
2007,ledezwi01,Wil Ledezma,DET,-0.1
2007,ledezwi01,Wil Ledezma,ATL,-0.4
2007,ledezwi01,Wil Ledezma,SDP,-0.2
2007,affelje01,Jeremy Affeldt,COL,1.0
2007,obermwe01,Wes Obermueller,FLA,-0.9
2007,schoesc01,Scott Schoeneweis,NYM,-0.4
2007,pintore01,Renyel Pinto,FLA,1.0
2007,papeljo01,Jonathan Papelbon,BOS,3.1
2007,camerke01,Kevin Cameron,SDP,0.6
2007,downssc01,Scott Downs,TOR,2.0
2007,garcifr03,Freddy García,PHI,-0.3
2007,mastnto01,Tom Mastny,CLE,0.3
2007,stantmi02,Mike Stanton,CIN,-0.2
2007,bowiemi01,Micah Bowie,WSN,0.4
2007,hoffmtr01,Trevor Hoffman,SDP,1.0
2007,youmash01,Shane Youman,PIT,-0.4
2007,frasoja01,Jason Frasor,TOR,0.1
2007,petityu01,Yusmeiro Petit,ARI,0.5
2007,johnsra05,Randy Johnson,ARI,1.4
2007,livinbo01,Bobby Livingston,CIN,0.5
2007,thornma01,Matt Thornton,CHW,0.7
2007,romerj.01,J.C. Romero,2TM,2.2
2007,romerj.01,J.C. Romero,BOS,0.5
2007,romerj.01,J.C. Romero,PHI,1.7
2007,madsory01,Ryan Madson,PHI,1.1
2007,ohkato01,Tomo Ohka,TOR,-0.5
2007,hawkila01,LaTroy Hawkins,COL,1.2
2007,timlimi01,Mike Timlin,BOS,1.0
2007,florera01,Randy Flores,STL,-0.2
2007,snydeky01,Kyle Snyder,BOS,0.4
2007,myersmi01,Mike Myers,2TM,0.1
2007,myersmi01,Mike Myers,NYY,1.0
2007,myersmi01,Mike Myers,CHW,-1.0
2007,gobblji01,Jimmy Gobble,KCR,0.8
2007,minerza01,Zach Miner,DET,0.9
2007,seleaa01,Aaron Sele,NYM,-0.3
2007,wisema01,Matt Wise,MIL,0.1
2007,hampsju01,Justin Hampson,SDP,1.1
2007,bellro01,Rob Bell,BAL,-0.3
2007,chulkvi01,Vinnie Chulk,SFG,0.9
2007,torresa01,Salomón Torres,PIT,-0.6
2007,eyresc01,Scott Eyre,CHC,0.4
2007,oflaher01,Eric O'Flaherty,SEA,0.7
2007,sanchjo01,Jonathan Sánchez,SFG,-0.3
2007,seoja01,Jae Weong Seo,TBD,-1.2
2007,parrijo01,John Parrish,2TM,-0.3
2007,parrijo01,John Parrish,BAL,-0.2
2007,parrijo01,John Parrish,SEA,-0.1
2007,gagneer01,Eric Gagné,2TM,1.2
2007,gagneer01,Eric Gagné,TEX,1.5
2007,gagneer01,Eric Gagné,BOS,-0.2
2007,grabojo02,John Grabow,PIT,0.3
2007,coffeto01,Todd Coffey,CIN,-0.4
2007,hanrajo01,Joel Hanrahan,WSN,-0.3
2007,howeljp01,J.P. Howell,TBD,-0.7
2007,garcija01,Santiago Casilla,OAK,0.3
2007,loganbo02,Boone Logan,CHW,0.5
2007,reyesjo03,Jo-Jo Reyes,ATL,-0.9
2007,rodnefe01,Fernando Rodney,DET,0.1
2007,woodmi01,Mike Wood,TEX,-0.4
2007,mesajo01,José Mesa,2TM,-1.6
2007,mesajo01,José Mesa,DET,-0.7
2007,mesajo01,José Mesa,PHI,-0.9
2007,baezda01,Danys Báez,BAL,-0.6
2007,rheinjo01,John Rheinecker,TEX,-0.5
2007,wickmbo01,Bob Wickman,2TM,0.1
2007,wickmbo01,Bob Wickman,ATL,0.0
2007,wickmbo01,Bob Wickman,ARI,0.1
2007,benitar01,Armando Benítez,2TM,-0.9
2007,benitar01,Armando Benítez,SFG,0.0
2007,benitar01,Armando Benítez,FLA,-0.9
2007,brunebr01,Brian Bruney,NYY,0.2
2007,condrcl01,Clay Condrey,PHI,-0.2
2007,henslcl01,Clay Hensley,SDP,-0.9
2007,speieju01,Justin Speier,LAA,1.3
2007,spurlch01,Chris Spurling,MIL,-0.1
2007,streehu01,Huston Street,OAK,0.8
2007,taschja01,Jack Taschner,SFG,-0.3
2007,alfonan01,Antonio Alfonseca,PHI,-0.6
2007,feierry01,Ryan Feierabend,SEA,-0.9
2007,laffeaa01,Aaron Laffey,CLE,0.5
2007,ortizru01,Russ Ortiz,SFG,-0.2
2007,hergema01,Matt Herges,COL,1.2
2007,lugoru01,Ruddy Lugo,2TM,-0.1
2007,lugoru01,Ruddy Lugo,TBD,-0.4
2007,lugoru01,Ruddy Lugo,OAK,0.3
2007,littlwe01,Wes Littleton,TEX,0.5
2007,shousbr01,Brian Shouse,MIL,1.0
2007,tanketa01,Taylor Tankersley,FLA,0.7
2007,duckwbr01,Brandon Duckworth,KCR,-0.3
2007,milletr02,Trever Miller,HOU,0.3
2007,seaybo01,Bobby Seay,DET,1.5
2007,hernaro01,Roberto Hernández,2TM,-0.9
2007,hernaro01,Roberto Hernández,CLE,-0.6
2007,hernaro01,Roberto Hernández,LAD,-0.3
2007,klinest02,Steve Kline,SFG,0.2
2007,cormila01,Lance Cormier,ATL,-1.0
2007,sherrge01,George Sherrill,SEA,1.9
2007,baileho02,Homer Bailey,CIN,-0.1
2007,marteda01,Dámaso Marte,PIT,1.3
2007,nippedu01,Dustin Nippert,ARI,-0.2
2007,schroch01,Chris Schroder,WSN,0.6
2007,wolfebr01,Brian Wolfe,TOR,0.7
2007,byrdati01,Tim Byrdak,DET,0.2
2007,smithjo05,Joe Smith,NYM,0.7
2007,delcama01,Manny Delcarmen,BOS,1.6
2007,nunezle01,Juan Carlos Oviedo,KCR,0.7
2007,cabrefe01,Fernando Cabrera,2TM,-0.7
2007,cabrefe01,Fernando Cabrera,CLE,-0.1
2007,cabrefe01,Fernando Cabrera,BAL,-0.5
2007,burtoja01,Jared Burton,CIN,1.2
2007,raych01,Chris Ray,BAL,0.3
2007,saarlki01,Kirk Saarloos,CIN,-0.9
2007,ayalalu01,Luis Ayala,WSN,0.8
2007,macdomi01,Mike MacDougal,CHW,-1.4
2007,villoro01,Ron Villone,NYY,0.5
2007,jimenke01,Kelvin Jiménez,STL,-1.0
2007,marshja01,Jay Marshall,OAK,-0.9
2007,brownan01,Andrew Brown,OAK,0.2
2007,redmama01,Mark Redman,2TM,-0.7
2007,redmama01,Mark Redman,ATL,-1.2
2007,redmama01,Mark Redman,COL,0.5
2007,baronda01,Daniel Barone,FLA,-0.2
2007,coutljo01,Jon Coutlangus,CIN,0.5
2007,calerki01,Kiko Calero,OAK,-0.5
2007,lopezja02,Javier López,BOS,1.0
2007,mischpa01,Pat Misch,SFG,0.3
2007,paronch01,Chad Paronto,ATL,0.1
2007,balejo01,John Bale,KCR,0.5
2007,campsh01,Shawn Camp,TBD,-0.9
2007,gordoto01,Tom Gordon,PHI,0.1
2007,percitr01,Troy Percival,STL,1.2
2007,speigle01,Levale Speigner,WSN,-1.3
2007,trabebi01,Billy Traber,WSN,0.1
2007,kingra01,Ray King,2TM,0.2
2007,kingra01,Ray King,WSN,0.2
2007,kingra01,Ray King,MIL,0.0
2007,braunry01,Ryan Braun,KCR,-0.6
2007,masseni01,Nick Masset,CHW,-0.6
2007,moralfr01,Franklin Morales,COL,1.1
2007,feldmsc01,Scott Feldman,TEX,-0.2
2007,vanbejo01,John Van Benschoten,PIT,-1.6
2007,rowlary01,Ryan Rowland-Smith,SEA,0.4
2007,stulter01,Eric Stults,LAD,-0.1
2007,carrahe01,Héctor Carrasco,LAA,-0.8
2007,johnsty01,Tyler Johnson,STL,0.3
2007,baylijo01,Jonah Bayliss,PIT,-1.4
2007,lewisco01,Colby Lewis,OAK,-0.6
2007,ponsosi01,Sidney Ponson,MIN,-0.6
2007,loaizes01,Esteban Loaiza,2TM,0.0
2007,loaizes01,Esteban Loaiza,OAK,0.6
2007,loaizes01,Esteban Loaiza,LAD,-0.6
2007,elartsc01,Scott Elarton,KCR,-1.6
2007,fultzaa01,Aaron Fultz,CLE,1.2
2007,davisja02,Jason Davis,2TM,-0.3
2007,davisja02,Jason Davis,CLE,0.1
2007,davisja02,Jason Davis,SEA,-0.4
2007,hennse01,Sean Henn,NYY,-0.7
2007,ohmanwi01,Will Ohman,CHC,0.1
2007,salasju01,Juan Salas,TBD,0.4
2007,slatedo01,Doug Slaten,ARI,0.7
2007,bukviry01,Ryan Bukvich,CHW,0.3
2007,whitese02,Sean White,SEA,-0.1
2007,mclemma02,Mark McLemore,HOU,0.4
2007,lannajo01,John Lannan,WSN,0.5
2007,whiteri01,Rick White,2TM,-0.9
2007,whiteri01,Rick White,HOU,-0.6
2007,whiteri01,Rick White,SEA,-0.3
2007,birkiku01,Kurt Birkins,BAL,-0.8
2007,bucknbi02,Billy Buckner,KCR,0.2
2007,volqued01,Edinson Vólquez,TEX,0.4
2007,desseel01,Elmer Dessens,2TM,-0.8
2007,desseel01,Elmer Dessens,MIL,-0.5
2007,desseel01,Elmer Dessens,COL,-0.3
2007,zumayjo01,Joel Zumaya,DET,0.2
2007,goslimi01,Mike Gosling,CIN,-0.1
2007,dohmasc01,Scott Dohmann,TBD,0.8
2007,shearto01,Tom Shearn,CIN,0.5
2007,mcbrima01,Macay McBride,2TM,-0.2
2007,mcbrima01,Macay McBride,ATL,0.0
2007,mcbrima01,Macay McBride,DET,-0.2
2007,aardsda01,David Aardsma,CHW,-0.4
2007,olsonga01,Garrett Olson,BAL,-0.5
2007,otsukak01,Akinori Otsuka,TEX,1.1
2007,leicejo01,Jon Leicester,BAL,-0.3
2007,miltoer01,Eric Milton,CIN,0.1
2007,pattejo02,John Patterson,WSN,-0.5
2007,witasja01,Jay Witasick,2TM,0.1
2007,witasja01,Jay Witasick,OAK,0.2
2007,witasja01,Jay Witasick,TBD,-0.1
2007,cherrro01,Rocky Cherry,2TM,0.0
2007,cherrro01,Rocky Cherry,CHC,0.3
2007,cherrro01,Rocky Cherry,BAL,-0.3
2007,atchisc01,Scott Atchison,SFG,0.3
2007,jurrjja01,Jair Jurrjens,DET,0.4
2007,doteloc01,Octavio Dotel,2TM,0.2
2007,doteloc01,Octavio Dotel,KCR,0.2
2007,doteloc01,Octavio Dotel,ATL,-0.1
2007,abreuwi01,Winston Abreu,WSN,-0.4
2007,guzmaan01,Ángel Guzmán,CHC,0.6
2007,kuoho01,Hung-Chih Kuo,LAD,-0.6
2007,loewead01,Adam Loewen,BAL,0.8
2007,sanchan01,Aníbal Sánchez,FLA,0.3
2007,willije01,Jerome Williams,WSN,-0.6
2007,lewisje01,Jensen Lewis,CLE,0.8
2007,meddebr01,Brandon Medders,ARI,0.1
2007,reyesde01,Dennys Reyes,MIN,0.3
2007,lawrebr02,Brian Lawrence,NYM,-0.4
2007,backebr01,Brandon Backe,HOU,0.6
2007,perkigl01,Glen Perkins,MIN,0.6
2007,osorifr01,Franquelis Osoria,PIT,0.0
2007,houltdj01,D.J. Houlton,LAD,0.2
2007,martipe02,Pedro Martínez,NYM,0.6
2007,murraaj01,A.J. Murray,TEX,0.2
2007,desalma01,Matt DeSalvo,NYY,-0.1
2007,chacigu01,Gustavo Chacín,TOR,-0.1
2007,clippty01,Tyler Clippard,NYY,-0.1
2007,parrama01,Manny Parra,MIL,0.3
2007,rosarfr01,Francisco Rosario,PHI,-0.1
2007,stanfja01,Jason Stanford,CLE,0.2
2007,capeljo01,José Capellán,2TM,-0.3
2007,capeljo01,José Capellán,MIL,0.1
2007,capeljo01,José Capellán,DET,-0.4
2007,harderi01,Rich Harden,OAK,0.9
2007,martito02,Tom Martin,COL,0.1
2007,schmija01,Jason Schmidt,LAD,-0.4
2007,shueypa01,Paul Shuey,BAL,-1.0
2007,hoeyja02,Jim Hoey,BAL,-0.6
2007,lizra01,Radhames Liz,BAL,-0.3
2007,mussene01,Neal Musser,KCR,0.1
2007,rasneda01,Darrell Rasner,NYY,0.3
2007,tsaoch01,Chin-hui Tsao,LAD,0.2
2007,balfogr01,Grant Balfour,2TM,-0.6
2007,balfogr01,Grant Balfour,MIL,-0.5
2007,balfogr01,Grant Balfour,TBD,0.0
2007,woodke02,Kerry Wood,CHC,0.4
2007,chambjo03,Joba Chamberlain,NYY,1.4
2007,salmobr01,Brad Salmon,CIN,0.3
2007,acostma01,Manny Acosta,ATL,0.7
2007,bazaryo01,Yorman Bazardo,DET,0.7
2007,burgoam01,Ambiorix Burgos,NYM,0.2
2007,reitsch01,Chris Reitsma,SEA,-0.7
2007,wilsobr01,Brian Wilson,SFG,0.9
2007,ryuja01,Jae Kuk Ryu,TBD,-0.3
2007,majewga01,Gary Majewski,CIN,-0.9
2007,owenshe01,Henry Owens,FLA,0.7
2007,wasseeh01,Ehren Wassermann,CHW,0.7
2007,zambrvi01,Víctor Zambrano,2TM,-0.9
2007,zambrvi01,Víctor Zambrano,TOR,-0.6
2007,zambrvi01,Víctor Zambrano,BAL,-0.4
2007,buchhcl01,Clay Buchholz,BOS,1.0
2007,casseja01,Jack Cassel,SDP,0.3
2007,gutieju01,J.C. Gutiérrez,HOU,0.0
2007,nolasri01,Ricky Nolasco,FLA,-0.2
2007,zagurmi01,Mike Zagurski,PHI,-0.3
2007,calica01,Carmen Cali,MIN,0.1
2007,kuwatma01,Masumi Kuwata,PIT,-1.0
2007,ramired01,Edwar Ramírez,NYY,-0.6
2007,thatcjo01,Joe Thatcher,SDP,0.6
2007,donnebr01,Brendan Donnelly,BOS,0.6
2007,cavazan01,Andy Cavazos,STL,-0.9
2007,depauju01,Julio De Paula,MIN,-0.5
2007,ringro01,Royce Ring,2TM,0.2
2007,ringro01,Royce Ring,SDP,-0.1
2007,ringro01,Royce Ring,ATL,0.3
2007,mcbetma01,Marcus McBeth,CIN,-0.1
2007,wasdijo01,John Wasdin,PIT,-0.2
2007,kenneia01,Ian Kennedy,NYY,0.6
2007,paulife01,Felipe Paulino,HOU,-0.2
2007,switzjo01,Jon Switzer,TBD,-0.3
2007,falkebr01,Brian Falkenborg,STL,0.0
2007,dumatph01,Phil Dumatrait,CIN,-1.3
2007,sanchro01,Rómulo Sánchez,PIT,0.0
2007,speiery01,Ryan Speier,COL,0.3
2007,florero01,Ron Flores,OAK,0.1
2007,corcoti02,Tim Corcoran,TBD,-0.2
2007,keislra01,Randy Keisler,STL,-0.2
2007,lopezaq01,Aquilino López,DET,0.0
2007,ramirra02,Ramón Ramírez,COL,-0.7
2007,seddoch01,Chris Seddon,FLA,-0.6
2007,bullibr01,Bryan Bullington,PIT,0.0
2007,gonzami02,Mike González,ATL,0.6
2007,cottsne01,Neal Cotts,CHC,0.1
2007,vasquvi01,Virgil Vasquez,DET,-0.5
2007,crainje01,Jesse Crain,MIN,-0.7
2007,duchsju01,Justin Duchscherer,OAK,-0.1
2007,meyerda02,Dan Meyer,OAK,-0.7
2007,ramirel01,Elizardo Ramírez,CIN,-0.2
2007,ascanjo01,José Ascanio,ATL,-0.2
2007,catetr01,Troy Cate,STL,0.2
2007,mendolu01,Luis Mendoza,TEX,0.6
2007,johnsjo09,Josh Johnson,FLA,-0.6
2007,thompmi03,Mike Thompson,SDP,-0.5
2007,wagnery01,Ryan Wagner,WSN,-0.2
2007,hernayo01,Yoel Hernández,PHI,-0.1
2007,gallase01,Sean Gallagher,CHC,-0.4
2007,karstje01,Jeff Karstens,NYY,-1.0
2007,pegueja01,Jailen Peguero,ARI,-0.4
2007,sanchbr01,Brian Sanches,PHI,-0.2
2007,albaljo01,Jonathan Albaladejo,WSN,0.6
2007,braybi01,Bill Bray,CIN,-0.1
2007,walkety01,Tyler Walker,SFG,0.7
2007,willito02,Todd Williams,BAL,-0.3
2007,willisc01,Scott Williamson,BAL,0.0
2007,aquingr01,Greg Aquino,MIL,-0.1
2007,mccleza01,Zach McClellan,COL,-0.1
2007,siscoan01,Andy Sisco,CHW,-0.4
2007,tatajo01,Jordan Tata,DET,-0.3
2007,guarded01,Eddie Guardado,CIN,-0.3
2007,millewa04,Wade Miller,CHC,-0.6
2007,campijo01,Jorge Campillo,SEA,-0.3
2007,kensilo01,Logan Kensing,FLA,0.6
2007,randost01,Steve Randolph,HOU,-0.8
2007,benneje01,Jeff Bennett,ATL,0.3
2007,mujiced01,Edward Mujica,CLE,-0.2
2007,brittch01,Chris Britton,NYY,0.2
2007,hancojo01,Josh Hancock,STL,0.1
2007,hochelu01,Luke Hochevar,KCR,0.3
2007,pattotr01,Troy Patton,HOU,0.2
2007,garciha01,Harvey García,FLA,0.1
2007,perezju01,Juan Pérez,PIT,0.0
2007,wolfro01,Ross Wolf,FLA,-0.7
2007,castrfa01,Fabio Castro,PHI,0.0
2007,dayde01,Dewon Day,CHW,-0.5
2007,mateoju01,Julio Mateo,SEA,0.2
2007,mccluse01,Seth McClung,MIL,-0.1
2007,blackni01,Nick Blackburn,MIN,-0.5
2007,leagubr01,Brandon League,TOR,-0.1
2007,lerewan01,Anthony Lerew,ATL,-0.3
2007,daviska01,Kane Davis,PHI,-0.1
2007,haegech01,Charlie Haeger,CHW,-0.2
2007,huberjo01,Jon Huber,SEA,0.1
2007,pavanca01,Carl Pavano,NYY,0.0
2007,hartke01,Kevin Hart,CHC,0.4
2007,muldema01,Mark Mulder,STL,-0.7
2007,muntesc01,Scott Munter,SFG,0.1
2007,thomsjo01,John Thomson,KCR,0.2
2007,woodsja01,Jake Woods,SEA,-0.1
2007,broadla01,Lance Broadway,CHW,0.5
2007,koronjo01,John Koronka,TEX,-0.2
2007,vargaja01,Jason Vargas,NYM,-0.5
2007,wrighja02,Jaret Wright,BAL,-0.3
2007,chenbr01,Bruce Chen,TEX,-0.3
2007,wrighch01,Chase Wright,NYY,-0.1
2007,petribi01,Billy Petrick,CHC,-0.2
2007,coreybr01,Bryan Corey,BOS,0.3
2007,gieseda01,Dan Giese,SFG,0.0
2007,verasjo01,José Veras,NYY,-0.1
2007,whitebi04,Bill White,TEX,0.0
2007,dejonjo01,Jordan De Jong,TOR,-0.2
2007,bautide01,Denny Bautista,COL,-0.7
2007,blacktr01,Travis Blackley,SFG,-0.2
2007,galarar01,Armando Galarraga,TEX,-0.1
2007,jonesgr01,Greg Jones,LAA,0.0
2007,devinjo01,Joey Devine,ATL,0.3
2007,sarfade01,Dennis Sarfate,HOU,0.4
2007,orvelch01,Chad Orvella,TBD,-0.9
2007,ennisjo01,John Ennis,PHI,-0.2
2007,hansade01,Devern Hansack,BOS,0.0
2007,kominsh01,Shane Komine,OAK,0.0
2007,mcleama01,Marty McLeary,PIT,-0.3
2007,standja01,Jason Standridge,KCR,-0.5
2007,staufti01,Tim Stauffer,SDP,-0.7
2007,ariasal02,Alberto Árias,COL,0.0
2007,banksjo01,Josh Banks,TOR,-0.1
2007,meloajo01,Jon Meloan,LAD,-0.2
2007,phillhe01,Heath Phillips,CHW,0.2
2007,humbeph01,Philip Humber,NYM,-0.2
2007,delaceu01,Frankie De La Cruz,DET,-0.2
2007,huller01,Eric Hull,LAD,0.1
2007,thompri03,Rich Thompson,LAA,-0.2
2007,bulgeja01,Jason Bulger,LAA,0.1
2007,murphbi02,Bill Murphy,ARI,0.0
2007,ohlenro01,Ross Ohlendorf,NYY,0.1
2007,ramirer01,Erasmo Ramirez,2TM,0.1
2007,ramirer01,Erasmo Ramirez,OAK,0.1
2007,ramirer01,Erasmo Ramirez,FLA,0.0
2007,carpech01,Chris Carpenter,STL,-0.1
2007,drisktr01,Travis Driskill,HOU,-0.2
2007,koplomi01,Mike Koplove,CLE,0.0
2007,vermija01,Jamie Vermilyea,TOR,0.2
2007,collawi01,Willie Collazo,NYM,0.0
2007,boyerbl01,Blaine Boyer,ATL,0.0
2007,gwynma01,Marcus Gwyn,LAA,-0.2
2007,munozar01,Arnie Muñoz,WSN,-0.1
2007,stoneri01,Ricky Stone,CIN,-0.2
2007,evelada01,Dana Eveland,ARI,-0.4
2007,segovza01,Zack Segovia,PHI,-0.2
2007,stettmi01,Mitch Stetter,MIL,0.1
2007,taubety01,Ty Taubenheim,TOR,-0.2
2007,zaratma01,Mauro Zárate,FLA,-0.2
2007,blevije01,Jerry Blevins,OAK,-0.2
2007,resopch01,Chris Resop,LAA,0.1
2007,ryanb.01,B.J. Ryan,TOR,-0.6
2007,sharpjo01,Josh Sharpless,PIT,-0.3
2007,willida07,David Williams,NYM,-0.5
2007,carvama01,Marcos Carvajal,FLA,-0.1
2007,gronkle01,Lee Gronkiewicz,TOR,0.1
2007,happja01,J.A. Happ,PHI,-0.2
2007,keppebo01,Bobby Keppel,COL,-0.2
2007,milleja03,Jason Miller,MIN,-0.3
2007,parkch01,Chan Ho Park,NYM,-0.3
2007,smithma04,Matt Smith,PHI,-0.3
2007,colyest01,Steve Colyer,ATL,0.0
2007,doyneco01,Cory Doyne,BAL,-0.2
2007,morilju01,Juan Morillo,COL,-0.1
2007,broweji01,Jim Brower,NYY,-0.4
2007,harikti01,Tim Harikkala,COL,-0.1
2007,prinzbr01,Bret Prinz,CHW,0.0
2007,beanco01,Colter Bean,NYY,-0.2
2007,cormirh01,Rhéal Cormier,CIN,-0.2
2007,dovede01,Dennis Dove,STL,-0.2
2007,kolbda01,Danny Kolb,PIT,-0.1
2007,lowema01,Mark Lowe,SEA,-0.1
2007,martica03,Carlos Martínez,FLA,-0.1
2007,rapadcl01,Clay Rapada,2TM,-0.1
2007,rapadcl01,Clay Rapada,CHC,0.0
2007,rapadcl01,Clay Rapada,DET,-0.1
2007,munizca01,Carlos Muñiz,NYM,0.0
2007,threeer01,Erick Threets,SFG,-0.2
2007,barryke01,Kevin Barry,ATL,-0.1
2007,bisenjo01,Joe Bisenius,PHI,0.1
2007,davidda01,Dave Davidson,PIT,-0.2
2007,gonzaen01,Enrique González,ARI,-0.1
2007,hudsolu01,Luke Hudson,KCR,-0.3
2007,johnsji04,Jim Johnson,BAL,0.0
2007,milesaa01,Aaron Miles,STL,0.0
2007,newmajo01,Josh Newman,COL,0.0
2007,pignaca01,Carmen Pignatiello,CHC,0.0
2007,roberco01,Connor Robertson,OAK,-0.2
2007,rogerbr01,Brian Rogers,PIT,-0.1
2007,brazoyh01,Yhency Brazobán,LAD,-0.2
2007,clarkda06,Darren Clarke,COL,0.1
2007,laraju01,Juan Lara,CLE,-0.1
2007,adkinjo01,Jon Adkins,NYM,0.0
2007,bookech01,Chris Booker,WSN,-0.2
2007,cirilje01,Jeff Cirillo,ARI,0.0
2007,detwiro01,Ross Detwiler,WSN,0.0
2007,fieldna01,Nate Field,FLA,-0.1
2007,millema02,Matt Miller,CLE,0.1
2007,ojedaau01,Augie Ojeda,ARI,0.0
2007,rakeraa01,Aaron Rakers,SDP,0.0
2007,schulmi02,Mike Schultz,ARI,0.0
2007,spiezsc01,Scott Spiezio,STL,0.0
2007,urdanli01,Lino Urdaneta,NYM,0.0
2007,wilsojo03,Josh Wilson,TBD,0.0
2007,woodja02,Jason Wood,FLA,0.0
2007,garcian01,Anderson García,PHI,0.0
2007,ridgwje01,Jeff Ridgway,TBD,-0.4
2007,serafda01,Dan Serafini,COL,-0.1
2007,choatra01,Randy Choate,ARI,0.0
2008,sabatc.01,CC Sabathia,2TM,6.7
2008,sabatc.01,CC Sabathia,CLE,1.9
2008,sabatc.01,CC Sabathia,MIL,4.9
2008,hallaro01,Roy Halladay,TOR,6.2
2008,santajo02,Johan Santana,NYM,7.1
2008,hamelco01,Cole Hamels,PHI,4.3
2008,linceti01,Tim Lincecum,SFG,7.8
2008,webbbr01,Brandon Webb,ARI,5.6
2008,leecl02,Cliff Lee,CLE,6.8
2008,burnea.01,A.J. Burnett,TOR,2.4
2008,santaer01,Ervin Santana,LAA,5.1
2008,buehrma01,Mark Buehrle,CHW,4.4
2008,cainma01,Matt Cain,SFG,4.5
2008,harenda01,Dan Haren,ARI,6.1
2008,shielja02,James Shields,TBR,3.9
2008,nolasri01,Ricky Nolasco,FLA,4.2
2008,cookaa01,Aaron Cook,COL,4.4
2008,lowede01,Derek Lowe,LAD,4.5
2008,lestejo01,Jon Lester,BOS,6.1
2008,mechegi01,Gil Meche,KCR,4.9
2008,oswalro01,Roy Oswalt,HOU,3.9
2008,vazquja01,Javier Vázquez,CHW,3.1
2008,dempsry01,Ryan Dempster,CHC,6.9
2008,floydga01,Gavin Floyd,CHW,3.5
2008,maholpa01,Paul Maholm,PIT,4.0
2008,lillyte01,Ted Lilly,CHC,4.0
2008,pettian01,Andy Pettitte,NYY,2.2
2008,greinza01,Zack Greinke,KCR,5.2
2008,olsensc01,Scott Olsen,FLA,1.6
2008,verlaju01,Justin Verlander,DET,1.8
2008,billich01,Chad Billingsley,LAD,4.8
2008,hernafe02,Félix Hernández,SEA,4.0
2008,pelfrmi01,Mike Pelfrey,NYM,3.3
2008,mussimi01,Mike Mussina,NYY,5.1
2008,arroybr01,Bronson Arroyo,CIN,1.5
2008,lohseky01,Kyle Lohse,STL,2.7
2008,loopebr01,Braden Looper,STL,1.3
2008,jimenub01,Ubaldo Jiménez,COL,3.8
2008,sheetbe01,Ben Sheets,MIL,4.4
2008,saundjo01,Joe Saunders,LAA,4.7
2008,blantjo01,Joe Blanton,2TM,0.3
2008,blantjo01,Joe Blanton,OAK,-0.2
2008,blantjo01,Joe Blanton,PHI,0.5
2008,garlajo01,Jon Garland,LAA,0.8
2008,moyerja01,Jamie Moyer,PHI,2.8
2008,volqued01,Edinson Vólquez,CIN,4.8
2008,danksjo01,John Danks,CHW,6.4
2008,perezol01,Óliver Pérez,NYM,1.8
2008,maddugr01,Greg Maddux,2TM,0.5
2008,maddugr01,Greg Maddux,SDP,0.6
2008,maddugr01,Greg Maddux,LAD,-0.1
2008,blackni01,Nick Blackburn,MIN,2.3
2008,sonnaan01,Andy Sonnanstine,TBR,1.4
2008,welleto01,Todd Wellemeyer,STL,2.4
2008,guthrje01,Jeremy Guthrie,BAL,4.1
2008,smithgr02,Greg Smith,OAK,2.0
2008,wolfra02,Randy Wolf,2TM,1.0
2008,wolfra02,Randy Wolf,SDP,-0.3
2008,wolfra02,Randy Wolf,HOU,1.2
2008,myersbr01,Brett Myers,PHI,0.7
2008,zambrca01,Carlos Zambrano,CHC,4.2
2008,jurrjja01,Jair Jurrjens,ATL,2.2
2008,bushda01,Dave Bush,MIL,1.8
2008,dukeza01,Zach Duke,PIT,0.4
2008,garzama01,Matt Garza,TBR,3.4
2008,haranaa01,Aaron Harang,CIN,1.8
2008,johnsra05,Randy Johnson,ARI,3.2
2008,jacksed01,Edwin Jackson,TBR,2.4
2008,kurodhi01,Hiroki Kuroda,LAD,2.7
2008,bannibr01,Brian Bannister,KCR,0.1
2008,lannajo01,John Lannan,WSN,2.7
2008,redditi01,Tim Redding,WSN,0.6
2008,wakefti01,Tim Wakefield,BOS,2.8
2008,cabreda01,Daniel Cabrera,BAL,0.6
2008,zitoba01,Barry Zito,SFG,-0.1
2008,byrdpa01,Paul Byrd,2TM,1.4
2008,byrdpa01,Paul Byrd,CLE,0.8
2008,byrdpa01,Paul Byrd,BOS,0.6
2008,hernali01,Liván Hernández,2TM,-1.2
2008,hernali01,Liván Hernández,MIN,-0.3
2008,hernali01,Liván Hernández,COL,-0.9
2008,galarar01,Armando Galarraga,DET,4.0
2008,suppaje01,Jeff Suppan,MIL,-0.5
2008,weaveje02,Jered Weaver,LAA,2.4
2008,litscje01,Jesse Litsch,TOR,2.5
2008,beckejo02,Josh Beckett,BOS,3.3
2008,cuetojo01,Johnny Cueto,CIN,1.4
2008,peavyja01,Jake Peavy,SDP,4.0
2008,rogerke01,Kenny Rogers,DET,0.0
2008,bakersc02,Scott Baker,MIN,4.4
2008,padilvi01,Vicente Padilla,TEX,1.1
2008,millwke01,Kevin Millwood,TEX,0.8
2008,roberna01,Nate Robertson,DET,-0.9
2008,evelada01,Dana Eveland,OAK,1.3
2008,matsuda01,Daisuke Matsuzaka,BOS,5.4
2008,marquja01,Jason Marquis,CHC,2.4
2008,backebr01,Brandon Backe,HOU,-1.1
2008,parrama01,Manny Parra,MIL,0.4
2008,snellia01,Ian Snell,PIT,-0.4
2008,lackejo01,John Lackey,LAA,3.5
2008,sloweke01,Kevin Slowey,MIN,2.6
2008,perezod01,Odalis Pérez,WSN,1.4
2008,campijo01,Jorge Campillo,ATL,1.7
2008,sanchjo01,Jonathan Sánchez,SFG,1.1
2008,kendrky01,Kyle Kendrick,PHI,-1.6
2008,washbja01,Jarrod Washburn,SEA,0.4
2008,silvaca01,Carlos Silva,SEA,-1.9
2008,kazmisc01,Scott Kazmir,TBR,3.9
2008,feldmsc01,Scott Feldman,TEX,-0.3
2008,marcush01,Shaun Marcum,TOR,3.0
2008,perkigl01,Glen Perkins,MIN,1.3
2008,moehlbr01,Brian Moehler,HOU,1.2
2008,pineijo01,Joel Piñeiro,STL,-0.5
2008,harderi01,Rich Harden,2TM,5.9
2008,harderi01,Rich Harden,OAK,2.5
2008,harderi01,Rich Harden,CHC,3.4
2008,davisdo02,Doug Davis,ARI,2.3
2008,francje01,Jeff Francis,COL,1.5
2008,hudsoti01,Tim Hudson,ATL,3.0
2008,duchsju01,Justin Duchscherer,OAK,3.9
2008,baekch01,Cha-Seung Baek,2TM,0.0
2008,baekch01,Cha-Seung Baek,SEA,0.0
2008,baekch01,Cha-Seung Baek,SDP,0.0
2008,mainejo01,John Maine,NYM,1.4
2008,bergmja01,Jason Bergmann,WSN,-0.5
2008,rodriwa01,Wandy Rodríguez,HOU,1.8
2008,ponsosi01,Sidney Ponson,2TM,0.3
2008,ponsosi01,Sidney Ponson,TEX,0.1
2008,ponsosi01,Sidney Ponson,NYY,0.2
2008,hendrma01,Mark Hendrickson,FLA,-0.7
2008,olsonga01,Garrett Olson,BAL,-1.4
2008,wainwad01,Adam Wainwright,STL,2.5
2008,rosajo01,Jorge De La Rosa,COL,1.0
2008,burrebr01,Brian Burres,BAL,-0.5
2008,hochelu01,Luke Hochevar,KCR,0.4
2008,contrjo01,José Contreras,CHW,2.0
2008,sowerje01,Jeremy Sowers,CLE,-0.9
2008,carmofa01,Roberto Hernández,CLE,-0.7
2008,bonsebo01,Boof Bonser,MIN,-1.4
2008,rowlary01,Ryan Rowland-Smith,SEA,2.0
2008,minerza01,Zach Miner,DET,1.7
2008,sampsch01,Chris Sampson,HOU,0.8
2008,gallase01,Sean Gallagher,2TM,-0.2
2008,gallase01,Sean Gallagher,CHC,0.7
2008,gallase01,Sean Gallagher,OAK,-0.9
2008,batismi01,Miguel Batista,SEA,-2.0
2008,rasneda01,Darrell Rasner,NYY,0.1
2008,davieky01,Kyle Davies,KCR,2.1
2008,reyesjo03,Jo-Jo Reyes,ATL,-1.0
2008,dicker.01,R.A. Dickey,SEA,0.2
2008,mcgowdu01,Dustin McGowan,TOR,0.5
2008,correke01,Kevin Correia,SFG,-1.0
2008,martipe02,Pedro Martínez,NYM,-0.4
2008,villaca01,Carlos Villanueva,MIL,0.7
2008,kershcl01,Clayton Kershaw,LAD,1.5
2008,millean01,Andrew Miller,FLA,-1.4
2008,eatonad01,Adam Eaton,PHI,-1.0
2008,gorzeto01,Tom Gorzelanny,PIT,-1.2
2008,mccluse01,Seth McClung,MIL,1.3
2008,owingmi01,Micah Owings,ARI,-0.4
2008,youngch03,Chris Young,SDP,1.0
2008,chambjo03,Joba Chamberlain,NYY,3.5
2008,benneje01,Jeff Bennett,ATL,0.9
2008,parkch01,Chan Ho Park,LAD,1.2
2008,wangch01,Chien-Ming Wang,NYY,2.0
2008,pennybr01,Brad Penny,LAD,-1.0
2008,laffeaa01,Aaron Laffey,CLE,0.4
2008,gaudich01,Chad Gaudin,2TM,0.2
2008,gaudich01,Chad Gaudin,OAK,0.6
2008,gaudich01,Chad Gaudin,CHC,-0.4
2008,howeljp01,J.P. Howell,TBR,2.4
2008,rupejo01,Josh Rupe,TEX,0.2
2008,bassbr01,Brian Bass,2TM,-0.2
2008,bassbr01,Brian Bass,MIN,-0.2
2008,bassbr01,Brian Bass,BAL,0.0
2008,masteju01,Justin Masterson,BOS,2.4
2008,durbich01,Chad Durbin,PHI,1.4
2008,johnsjo09,Josh Johnson,FLA,2.0
2008,marmoca01,Carlos Mármol,CHC,2.7
2008,chacosh01,Shawn Chacón,HOU,0.0
2008,banksjo01,Josh Banks,SDP,0.2
2008,hanrajo01,Joel Hanrahan,WSN,0.8
2008,lizra01,Radhames Liz,BAL,-0.9
2008,volstch01,Chris Volstad,FLA,2.6
2008,wrighja01,Jamey Wright,TEX,-0.9
2008,riversa01,Saúl Rivera,WSN,0.7
2008,harrima01,Matt Harrison,TEX,-0.3
2008,ruschgl01,Glendon Rusch,2TM,0.3
2008,ruschgl01,Glendon Rusch,SDP,-0.5
2008,ruschgl01,Glendon Rusch,COL,0.8
2008,madsory01,Ryan Madson,PHI,1.4
2008,bedarer01,Érik Bédard,SEA,1.1
2008,balesco01,Collin Balester,WSN,-0.2
2008,kuoho01,Hung-Chih Kuo,LAD,2.6
2008,torresa01,Salomón Torres,MIL,0.8
2008,corpama01,Manny Corpas,COL,0.9
2008,sarfade01,Dennis Sarfate,BAL,0.1
2008,greense01,Sean Green,SEA,-0.6
2008,dumatph01,Phil Dumatrait,PIT,0.1
2008,frankry01,Ryan Franklin,STL,0.7
2008,lopezaq01,Aquilino López,DET,1.5
2008,affelje01,Jeremy Affeldt,CIN,1.0
2008,foggjo01,Josh Fogg,CIN,-1.6
2008,hammeja01,Jason Hammel,TBR,0.1
2008,bellhe01,Heath Bell,SDP,0.8
2008,hamptmi01,Mike Hampton,ATL,0.1
2008,guerrma02,Matt Guerrier,MIN,-0.6
2008,perezra01,Rafael Pérez,CLE,1.0
2008,buchhcl01,Clay Buchholz,BOS,-1.2
2008,grabojo02,John Grabow,PIT,1.9
2008,heilmaa01,Aaron Heilman,NYM,-0.8
2008,liriafr01,Francisco Liriano,MIN,0.5
2008,mccleky01,Kyle McClellan,STL,0.1
2008,ayalalu01,Luis Ayala,2TM,-1.3
2008,ayalalu01,Luis Ayala,WSN,-1.0
2008,ayalalu01,Luis Ayala,NYM,-0.3
2008,grillja01,Jason Grilli,2TM,1.8
2008,grillja01,Jason Grilli,DET,0.3
2008,grillja01,Jason Grilli,COL,1.5
2008,mortoch02,Charlie Morton,ATL,-1.1
2008,delcama01,Manny Delcarmen,BOS,1.7
2008,quallch01,Chad Qualls,ARI,1.8
2008,yatesty01,Tyler Yates,PIT,0.1
2008,corcoro01,Roy Corcoran,SEA,0.8
2008,penato03,Tony Peña,ARI,0.6
2008,boyerbl01,Blaine Boyer,ATL,-1.2
2008,oliveda02,Darren Oliver,LAA,1.8
2008,valvejo01,José Valverde,HOU,1.3
2008,bradeda01,Dallas Braden,OAK,0.5
2008,cormila01,Lance Cormier,BAL,0.5
2008,nippedu01,Dustin Nippert,TEX,-0.5
2008,ramirra02,Ramón Ramírez,KCR,2.4
2008,rauchjo01,Jon Rauch,2TM,0.7
2008,rauchjo01,Jon Rauch,WSN,1.2
2008,rauchjo01,Jon Rauch,ARI,-0.5
2008,bondeje01,Jeremy Bonderman,DET,1.0
2008,wadeco01,Cory Wade,LAD,1.6
2008,betanra01,Rafael Betancourt,CLE,-0.5
2008,colomje01,Jesús Colomé,WSN,0.3
2008,downssc01,Scott Downs,TOR,2.8
2008,howrybo01,Bob Howry,CHC,-0.1
2008,riverma01,Mariano Rivera,NYY,4.3
2008,cordefr01,Francisco Cordero,CIN,1.6
2008,lincomi01,Mike Lincoln,CIN,0.4
2008,meredcl01,Cla Meredith,SDP,0.1
2008,streehu01,Huston Street,OAK,0.6
2008,tomkobr01,Brett Tomko,2TM,-0.4
2008,tomkobr01,Brett Tomko,KCR,-0.6
2008,tomkobr01,Brett Tomko,SDP,0.2
2008,lidgebr01,Brad Lidge,PHI,2.4
2008,papeljo01,Jonathan Papelbon,BOS,1.9
2008,weathda01,David Weathers,CIN,1.5
2008,broxtjo01,Jonathan Broxton,LAD,0.9
2008,condrcl01,Clay Condrey,PHI,0.8
2008,brocado01,Doug Brocail,HOU,0.9
2008,greggke01,Kevin Gregg,FLA,0.9
2008,johnsji04,Jim Johnson,BAL,2.3
2008,rodrifr03,Francisco Rodríguez,LAA,2.5
2008,speieju01,Justin Speier,LAA,-0.3
2008,yabuke01,Keiichi Yabu,SFG,0.7
2008,nathajo01,Joe Nathan,MIN,3.3
2008,soriajo01,Joakim Soria,KCR,3.6
2008,thornma01,Matt Thornton,CHW,2.4
2008,doteloc01,Octavio Dotel,CHW,0.7
2008,buchhta01,Taylor Buchholz,COL,2.0
2008,wheelda01,Dan Wheeler,TBR,1.4
2008,woodke02,Kerry Wood,CHC,1.9
2008,lewisje01,Jensen Lewis,CLE,0.6
2008,adamsmi03,Mike Adams,SDP,1.5
2008,marshse01,Sean Marshall,CHC,1.5
2008,purceda01,David Purcey,TOR,-0.1
2008,marteda01,Dámaso Marte,2TM,0.9
2008,marteda01,Dámaso Marte,PIT,0.9
2008,marteda01,Dámaso Marte,NYY,0.0
2008,mahayro01,Ron Mahay,KCR,1.4
2008,morrobr01,Brandon Morrow,SEA,1.0
2008,pintore01,Renyel Pinto,FLA,0.2
2008,thompbr01,Brad Thompson,STL,-0.4
2008,waterch01,Chris Waters,BAL,0.4
2008,hergema01,Matt Herges,COL,0.0
2008,gearyge01,Geoff Geary,HOU,1.7
2008,lowema01,Mark Lowe,SEA,-0.9
2008,francfr01,Frank Francisco,TEX,1.4
2008,glavito02,Tom Glavine,ATL,-0.2
2008,hillsh01,Shawn Hill,WSN,-0.7
2008,mendolu01,Luis Mendoza,TEX,-2.7
2008,shielsc01,Scot Shields,LAA,0.8
2008,smithjo05,Joe Smith,NYM,0.7
2008,waechdo01,Doug Waechter,FLA,0.5
2008,carlybu01,Buddy Carlyle,ATL,0.7
2008,crainje01,Jesse Crain,MIN,0.6
2008,fuentbr01,Brian Fuentes,COL,2.1
2008,ohlenro01,Ross Ohlendorf,2TM,-1.1
2008,ohlenro01,Ross Ohlendorf,NYY,-0.7
2008,ohlenro01,Ross Ohlendorf,PIT,-0.4
2008,wilsobr01,Brian Wilson,SFG,0.3
2008,okajihi01,Hideki Okajima,BOS,2.1
2008,reynogr01,Greg Reynolds,COL,-1.2
2008,masseni01,Nick Masset,2TM,0.7
2008,masseni01,Nick Masset,CHW,0.3
2008,masseni01,Nick Masset,CIN,0.5
2008,hawkila01,LaTroy Hawkins,2TM,0.9
2008,hawkila01,LaTroy Hawkins,NYY,0.0
2008,hawkila01,LaTroy Hawkins,HOU,0.9
2008,embreal01,Alan Embree,OAK,-0.6
2008,jenksbo01,Bobby Jenks,CHW,2.5
2008,arredjo01,José Arredondo,LAA,2.3
2008,osorifr01,Franquelis Osoria,PIT,-0.8
2008,farnsky01,Kyle Farnsworth,2TM,0.3
2008,farnsky01,Kyle Farnsworth,NYY,0.9
2008,farnsky01,Kyle Farnsworth,DET,-0.5
2008,bautide01,Denny Bautista,2TM,-0.1
2008,bautide01,Denny Bautista,DET,0.4
2008,bautide01,Denny Bautista,PIT,-0.5
2008,carlsje01,Jesse Carlson,TOR,1.8
2008,zieglbr01,Brad Ziegler,OAK,2.8
2008,lopezja02,Javier López,BOS,1.8
2008,lyonbr01,Brandon Lyon,ARI,0.1
2008,bradfch01,Chad Bradford,2TM,1.6
2008,bradfch01,Chad Bradford,BAL,0.7
2008,bradfch01,Chad Bradford,TBR,1.0
2008,romerj.01,J.C. Romero,PHI,1.6
2008,burtoja01,Jared Burton,CIN,1.1
2008,ohmanwi01,Will Ohman,ATL,0.4
2008,balfogr01,Grant Balfour,TBR,2.9
2008,sanchdu01,Duaner Sánchez,NYM,0.3
2008,ledezwi01,Wil Ledezma,2TM,0.1
2008,ledezwi01,Wil Ledezma,SDP,0.0
2008,ledezwi01,Wil Ledezma,ARI,0.1
2008,jacksza01,Zach Jackson,2TM,-0.2
2008,jacksza01,Zach Jackson,MIL,0.0
2008,jacksza01,Zach Jackson,CLE,-0.2
2008,ryanb.01,B.J. Ryan,TOR,1.2
2008,verasjo01,José Veras,NYY,1.1
2008,lindsma01,Matt Lindstrom,FLA,1.2
2008,motagu01,Guillermo Mota,MIL,0.2
2008,burnese01,Sean Burnett,PIT,0.1
2008,schoesc01,Scott Schoeneweis,NYM,0.8
2008,petityu01,Yusmeiro Petit,ARI,0.8
2008,seaybo01,Bobby Seay,DET,0.7
2008,tallebr01,Brian Tallet,TOR,1.0
2008,guarded01,Eddie Guardado,2TM,0.8
2008,guarded01,Eddie Guardado,TEX,1.0
2008,guarded01,Eddie Guardado,MIN,-0.2
2008,gabbaka01,Kason Gabbard,TEX,0.1
2008,scherma01,Max Scherzer,ARI,1.2
2008,kobayma01,Masahide Kobayashi,CLE,-0.1
2008,wrighwe01,Wesley Wright,HOU,-0.3
2008,byrdati01,Tim Byrdak,HOU,0.6
2008,kensilo01,Logan Kensing,FLA,0.4
2008,ramired01,Edwar Ramírez,NYY,0.8
2008,rincoju01,Juan Rincón,2TM,-0.7
2008,rincoju01,Juan Rincón,MIN,-0.4
2008,rincoju01,Juan Rincón,CLE,-0.3
2008,tavarju01,Julián Tavárez,3TM,-1.0
2008,tavarju01,Julián Tavárez,2TM,-0.6
2008,tavarju01,Julián Tavárez,BOS,-0.3
2008,tavarju01,Julián Tavárez,MIL,-0.5
2008,tavarju01,Julián Tavárez,ATL,-0.2
2008,glovega01,Gary Glover,2TM,-0.1
2008,glovega01,Gary Glover,TBR,-0.3
2008,glovega01,Gary Glover,DET,0.2
2008,nelsojo01,Joe Nelson,FLA,1.7
2008,cappsma01,Matt Capps,PIT,1.2
2008,felicpe01,Pedro Feliciano,NYM,0.6
2008,sherrge01,George Sherrill,BAL,0.1
2008,walkety01,Tyler Walker,SFG,0.1
2008,acostma01,Manny Acosta,ATL,0.3
2008,peraljo01,Joel Peralta,KCR,-0.2
2008,mischpa01,Pat Misch,SFG,0.0
2008,cruzju02,Juan Cruz,ARI,1.4
2008,sanchan01,Aníbal Sánchez,FLA,-0.2
2008,karstje01,Jeff Karstens,PIT,0.1
2008,shousbr01,Brian Shouse,MIL,0.9
2008,speiery01,Ryan Speier,COL,0.8
2008,garcija01,Santiago Casilla,OAK,0.4
2008,moseldu01,Dustin Moseley,LAA,-0.5
2008,sprinru01,Russ Springer,STL,1.3
2008,shellst01,Steven Shell,WSN,1.5
2008,villoro01,Ron Villone,STL,-0.1
2008,timlimi01,Mike Timlin,BOS,-0.2
2008,alberma01,Matt Albers,BAL,0.8
2008,beimejo01,Joe Beimel,LAD,1.8
2008,reyesan01,Anthony Reyes,2TM,1.3
2008,reyesan01,Anthony Reyes,STL,-0.1
2008,reyesan01,Anthony Reyes,CLE,1.4
2008,aardsda01,David Aardsma,BOS,-0.3
2008,nunezle01,Juan Carlos Oviedo,KCR,1.1
2008,chicoma01,Matt Chico,WSN,-0.3
2008,gonzaed01,Édgar González,ARI,-0.2
2008,taschja01,Jack Taschner,SFG,0.2
2008,dolsifr01,Freddy Dolsi,DET,0.8
2008,richacl01,Clayton Richard,CHW,-0.4
2008,badenbu01,Burke Badenhop,FLA,-0.5
2008,frasoja01,Jason Frasor,TOR,0.2
2008,braybi01,Bill Bray,CIN,1.0
2008,saitota01,Takashi Saito,LAD,1.4
2008,wagnebi02,Billy Wagner,NYM,1.0
2008,breslcr01,Craig Breslow,2TM,1.3
2008,breslcr01,Craig Breslow,CLE,0.1
2008,breslcr01,Craig Breslow,MIN,1.2
2008,liebejo01,Jon Lieber,CHC,0.4
2008,milleju01,Justin Miller,FLA,-0.1
2008,gagneer01,Eric Gagné,MIL,-0.5
2008,linebsc01,Scott Linebrink,CHW,1.0
2008,putzjj01,J.J. Putz,SEA,0.6
2008,reyesde01,Dennys Reyes,MIN,1.8
2008,wilsocj01,C.J. Wilson,TEX,-1.3
2008,hansecr01,Craig Hansen,2TM,-1.1
2008,hansecr01,Craig Hansen,BOS,-0.6
2008,hansecr01,Craig Hansen,PIT,-0.4
2008,vizcalu01,Luis Vizcaíno,COL,0.1
2008,beamtj01,T.J. Beam,PIT,0.5
2008,devinjo01,Joey Devine,OAK,1.9
2008,percitr01,Troy Percival,TBR,-0.3
2008,figuene01,Nelson Figueroa,NYM,0.0
2008,hoffmtr01,Trevor Hoffman,SDP,0.2
2008,redmama01,Mark Redman,COL,-0.8
2008,tejedro01,Rob Tejeda,2TM,0.4
2008,tejedro01,Rob Tejeda,TEX,-0.2
2008,tejedro01,Rob Tejeda,KCR,0.7
2008,benoijo01,Joaquin Benoit,TEX,-0.2
2008,coreybr01,Bryan Corey,2TM,-1.1
2008,coreybr01,Bryan Corey,BOS,-0.3
2008,coreybr01,Bryan Corey,SDP,-0.7
2008,wuertmi01,Michael Wuertz,CHC,0.5
2008,sadlebi01,Billy Sadler,SFG,0.5
2008,estessh01,Shawn Estes,SDP,-0.1
2008,germaju01,Justin Germano,SDP,-0.6
2008,gieseda01,Dan Giese,NYY,0.5
2008,milletr02,Trever Miller,TBR,0.4
2008,odayda01,Darren O'Day,LAA,0.1
2008,seaneru01,Rudy Seánez,PHI,-0.1
2008,isrinja01,Jason Isringhausen,STL,-0.8
2008,loganbo02,Boone Logan,CHW,-0.5
2008,parrijo01,John Parrish,TOR,0.5
2008,riskeda01,David Riske,MIL,-0.3
2008,mannich01,Charlie Manning,WSN,-0.1
2008,jonesto02,Todd Jones,DET,-0.6
2008,perezch01,Chris Pérez,STL,0.4
2008,fossuca01,Casey Fossum,DET,-0.1
2008,mockga01,Garrett Mock,WSN,0.4
2008,hennebr01,Brad Hennessey,SFG,-0.9
2008,rodnefe01,Fernando Rodney,DET,0.2
2008,majewga01,Gary Majewski,CIN,-0.6
2008,feierry01,Ryan Feierabend,SEA,-0.8
2008,hinshal01,Alex Hinshaw,SFG,0.7
2008,kenneia01,Ian Kennedy,NYY,-0.9
2008,trachst01,Steve Trachsel,BAL,-1.2
2008,campsh01,Shawn Camp,TOR,0.2
2008,colonba01,Bartolo Colon,BOS,0.1
2008,henslcl01,Clay Hensley,SDP,-0.6
2008,carradj01,D.J. Carrasco,CHW,0.9
2008,mujiced01,Edward Mujica,CLE,-0.6
2008,proctsc01,Scott Proctor,LAD,-0.8
2008,stulter01,Eric Stults,LAD,0.6
2008,duckwbr01,Brandon Duckworth,KCR,0.6
2008,troncra01,Ramón Troncoso,LAD,0.2
2008,walkeja01,Jamie Walker,BAL,-1.0
2008,blevije01,Jerry Blevins,OAK,0.5
2008,villaos01,Óscar Villarreal,HOU,-0.3
2008,yabutya01,Yasuhiko Yabuta,KCR,0.3
2008,wellski01,Kip Wells,2TM,-0.5
2008,wellski01,Kip Wells,COL,-0.3
2008,wellski01,Kip Wells,KCR,-0.2
2008,ramirho01,Horacio Ramírez,2TM,0.3
2008,ramirho01,Horacio Ramírez,KCR,0.6
2008,ramirho01,Horacio Ramírez,CHW,-0.3
2008,tuckery01,Ryan Tucker,FLA,-1.0
2008,vargacl01,Claudio Vargas,NYM,0.1
2008,bierdra01,Randor Bierd,BAL,0.1
2008,baileho02,Homer Bailey,CIN,-1.0
2008,borkoda01,Dave Borkowski,HOU,-0.9
2008,madriwa01,Warner Madrigal,TEX,0.0
2008,cottsne01,Neal Cotts,CHC,0.4
2008,rhodear01,Arthur Rhodes,2TM,1.4
2008,rhodear01,Arthur Rhodes,SEA,0.5
2008,rhodear01,Arthur Rhodes,FLA,0.9
2008,brownan01,Andrew Brown,OAK,0.4
2008,westbja01,Jake Westbrook,CLE,0.9
2008,brunebr01,Brian Bruney,NYY,1.6
2008,jimence01,César Jiménez,SEA,0.6
2008,pavanca01,Carl Pavano,NYY,0.0
2008,boggsmi01,Mitchell Boggs,STL,-0.8
2008,davisja02,Jason Davis,PIT,-0.3
2008,gonzagi01,Gio González,OAK,-1.2
2008,hugheph01,Phil Hughes,NYY,-0.3
2008,romose01,Sergio Romo,SFG,0.6
2008,gonzami02,Mike González,ATL,-0.4
2008,stokebr01,Brian Stokes,NYM,0.5
2008,leagubr01,Brandon League,TOR,0.8
2008,nunezvl01,Vladimir Núñez,ATL,0.3
2008,slatedo01,Doug Slaten,ARI,0.1
2008,chulkvi01,Vinnie Chulk,SFG,0.1
2008,gobblji01,Jimmy Gobble,KCR,-0.9
2008,happja01,J.A. Happ,PHI,0.5
2008,foulkke01,Keith Foulke,OAK,0.1
2008,hampsju01,Justin Hampson,SDP,0.5
2008,loeka01,Kameron Loe,TEX,0.0
2008,casseja01,Jack Cassel,HOU,-0.2
2008,roberda08,David Robertson,NYY,0.1
2008,aceveal01,Alfredo Aceves,NYY,1.3
2008,rosalle01,Leo Rosales,ARI,0.3
2008,juliojo01,Jorge Julio,2TM,0.4
2008,juliojo01,Jorge Julio,CLE,-0.1
2008,juliojo01,Jorge Julio,ATL,0.5
2008,belisma01,Matt Belisle,CIN,-0.8
2008,gordoto01,Tom Gordon,PHI,-0.7
2008,jamesch03,Chuck James,ATL,-1.0
2008,johnsja02,Jason Johnson,LAD,-0.2
2008,cabrefe01,Fernando Cabrera,BAL,-0.1
2008,smoltjo01,John Smoltz,ATL,0.9
2008,hartke01,Kevin Hart,CHC,-0.6
2008,meyerda02,Dan Meyer,OAK,-0.9
2008,samarje01,Jeff Samardzija,CHC,0.5
2008,jennija01,Jason Jennings,TEX,-0.7
2008,geerjo01,Josh Geer,SDP,0.7
2008,ramirra03,Ramón Ramírez,CIN,0.9
2008,richmsc01,Scott Richmond,TOR,0.4
2008,loaizes01,Esteban Loaiza,2TM,-0.1
2008,loaizes01,Esteban Loaiza,LAD,-0.1
2008,loaizes01,Esteban Loaiza,CHW,0.0
2008,balejo01,John Bale,KCR,0.4
2008,bonined01,Eddie Bonine,DET,-0.2
2008,coffeto01,Todd Coffey,2TM,0.4
2008,coffeto01,Todd Coffey,CIN,0.0
2008,coffeto01,Todd Coffey,MIL,0.5
2008,saarlki01,Kirk Saarloos,OAK,-0.3
2008,castial02,Alberto Castillo,BAL,0.5
2008,russead01,Adam Russell,CHW,0.1
2008,florera01,Randy Flores,STL,-0.3
2008,outmajo01,Josh Outman,OAK,0.1
2008,thatcjo01,Joe Thatcher,SDP,-1.4
2008,eyresc01,Scott Eyre,2TM,0.2
2008,eyresc01,Scott Eyre,CHC,-0.3
2008,eyresc01,Scott Eyre,PHI,0.5
2008,moralfr01,Franklin Morales,COL,-0.1
2008,stettmi01,Mitch Stetter,MIL,0.5
2008,hurleer01,Eric Hurley,TEX,0.1
2008,gallayo01,Yovani Gallardo,MIL,1.1
2008,jimenke01,Kelvin Jiménez,STL,-0.2
2008,lewissc02,Scott Lewis,CLE,0.7
2008,willido03,Dontrelle Willis,DET,-0.7
2008,munizca01,Carlos Muñiz,NYM,-0.1
2008,zumayjo01,Joel Zumaya,DET,0.1
2008,brittch01,Chris Britton,NYY,0.1
2008,dinarle01,Lenny DiNardo,OAK,-0.5
2008,parismi01,Mike Parisi,STL,-1.1
2008,reyesal01,Alberto Reyes,TBR,0.1
2008,mathido01,Doug Mathis,TEX,-0.5
2008,morrima01,Matt Morris,PIT,-1.2
2008,parrja01,James Parr,ATL,-0.1
2008,ringro01,Royce Ring,ATL,-1.3
2008,vanbejo01,John Van Benschoten,PIT,-1.3
2008,falkebr01,Brian Falkenborg,2TM,-0.1
2008,falkebr01,Brian Falkenborg,LAD,-0.2
2008,falkebr01,Brian Falkenborg,SDP,0.0
2008,mccarbr01,Brandon McCarthy,TEX,0.4
2008,wolfebr01,Brian Wolfe,TOR,0.6
2008,germafr01,Franklyn Germán,TEX,0.8
2008,sosajo02,Jorge Sosa,NYM,-1.1
2008,ariasal02,Alberto Árias,2TM,0.3
2008,ariasal02,Alberto Árias,COL,0.4
2008,ariasal02,Alberto Árias,HOU,-0.1
2008,leblawa01,Wade LeBlanc,SDP,-0.6
2008,loewead01,Adam Loewen,BAL,-0.5
2008,rapadcl01,Clay Rapada,DET,0.3
2008,gintema01,Matt Ginter,CLE,0.1
2008,lambech01,Chris Lambert,DET,-0.4
2008,martish01,Shairon Martis,WSN,-0.1
2008,matosos01,Osiris Matos,SFG,-0.3
2008,mastnto01,Tom Mastny,CLE,-1.0
2008,hillri01,Rich Hill,CHC,0.5
2008,meddebr01,Brandon Medders,ARI,0.1
2008,wasseeh01,Ehren Wassermann,CHW,-0.6
2008,hernaru03,Runelvys Hernández,HOU,-0.6
2008,difelma01,Mark DiFelice,MIL,0.3
2008,woodsja01,Jake Woods,SEA,-0.1
2008,herreyo01,Yoslán Herrera,PIT,-0.7
2008,resopch01,Chris Resop,ATL,-0.2
2008,smithch08,Chris Smith,BOS,-0.3
2008,littlwe01,Wes Littleton,TEX,-0.1
2008,reinech01,Chad Reineke,SDP,0.0
2008,korecbo01,Bobby Korecky,MIN,0.2
2008,tanketa01,Taylor Tankersley,FLA,-0.8
2008,cherrro01,Rocky Cherry,BAL,-0.6
2008,macdomi01,Mike MacDougal,CHW,0.6
2008,salasma02,Marino Salas,PIT,-0.4
2008,borowjo01,Joe Borowski,CLE,-0.7
2008,hayhudi01,Dirk Hayhurst,SDP,-0.8
2008,trabebi01,Billy Traber,NYY,-0.2
2008,bootcch01,Chris Bootcheck,LAA,-0.7
2008,bulgeja01,Jason Bulger,LAA,-0.2
2008,espinge01,Geno Espineli,SFG,0.0
2008,garcija02,Jaime García,STL,-0.2
2008,louxsh01,Shane Loux,LAA,0.3
2008,niemaje01,Jeff Niemann,TBR,-0.2
2008,valdeme01,Merkin Valdéz,SFG,0.4
2008,newmajo01,Josh Newman,2TM,-0.5
2008,newmajo01,Josh Newman,COL,-0.2
2008,newmajo01,Josh Newman,KCR,-0.3
2008,carpech01,Chris Carpenter,STL,0.4
2008,elartsc01,Scott Elarton,CLE,0.1
2008,chaveje01,Jesse Chavez,PIT,-0.3
2008,garcifr03,Freddy García,DET,0.3
2008,bullibr01,Bryan Bullington,CLE,0.0
2008,cokeph01,Phil Coke,NYY,0.8
2008,dohmasc01,Scott Dohmann,TBR,-0.2
2008,dillati01,Tim Dillard,MIL,-0.3
2008,thompda02,Daryl Thompson,CIN,-0.1
2008,broadla01,Lance Broadway,CHW,-0.1
2008,bucknbi02,Billy Buckner,ARI,0.3
2008,fulchje01,Jeff Fulchino,KCR,-0.4
2008,niesejo01,Jon Niese,NYM,-0.2
2008,priceda01,David Price,TBR,0.5
2008,soriara01,Rafael Soriano,ATL,0.3
2008,vanderi01,Rick van den Hurk,FLA,-0.2
2008,albaljo01,Jonathan Albaladejo,NYY,0.2
2008,donnebr01,Brendan Donnelly,CLE,-0.5
2008,hinckmi01,Mike Hinckley,WSN,0.8
2008,merckke01,Kent Mercker,CIN,0.3
2008,neshepa01,Pat Neshek,MIN,0.0
2008,sanchro01,Rómulo Sánchez,PIT,0.1
2008,beltrfr01,Francis Beltrán,DET,0.1
2008,meekev01,Evan Meek,PIT,-0.2
2008,simonal01,Alfredo Simón,BAL,-0.2
2008,estrama01,Marco Estrada,WSN,-0.5
2008,messera01,Randy Messenger,SEA,0.2
2008,palmema01,Matt Palmer,SFG,-0.4
2008,accarje01,Jeremy Accardo,TOR,-0.5
2008,guevaca01,Carlos Guevara,SDP,-0.1
2008,pauleda01,David Pauley,BOS,-0.6
2008,adenhni01,Nick Adenhart,LAA,-0.4
2008,knighbr01,Brandon Knight,NYM,0.0
2008,crucefr01,Francisco Cruceta,DET,-0.1
2008,humbeph01,Philip Humber,MIN,0.1
2008,hunteto02,Tommy Hunter,TEX,-0.8
2008,motteja01,Jason Motte,STL,0.5
2008,sanchbr01,Brian Sanches,WSN,-0.3
2008,nievefe01,Fernando Nieve,HOU,-0.3
2008,barthji01,Jimmy Barthmaier,PIT,-0.5
2008,clippty01,Tyler Clippard,WSN,0.1
2008,mijarjo01,José Mijares,MIN,0.5
2008,paronch01,Chad Paronto,HOU,0.1
2008,walrole01,Les Walrond,PHI,-0.2
2008,birkiku01,Kurt Birkins,TBR,0.4
2008,camerke01,Kevin Cameron,SDP,-0.3
2008,regisst01,Steven Register,COL,-0.2
2008,threeer01,Erick Threets,SFG,0.1
2008,ekstrmi01,Mike Ekstrom,SDP,-0.4
2008,guzmaan01,Ángel Guzmán,CHC,0.0
2008,ridgwje01,Jeff Ridgway,ATL,0.2
2008,talbomi01,Mitch Talbot,TBR,-0.4
2008,aquingr01,Greg Aquino,BAL,-0.5
2008,hennse01,Sean Henn,SDP,-0.1
2008,pegueja01,Jailen Peguero,ARI,0.0
2008,delaceu01,Frankie De La Cruz,FLA,-0.9
2008,oconnmi01,Mike O'Connor,WSN,-0.9
2008,hirshja01,Jason Hirsh,COL,-0.3
2008,armasto02,Tony Armas,NYM,-0.2
2008,jepseke01,Kevin Jepsen,LAA,-0.1
2008,wellsja02,Jared Wells,2TM,-0.3
2008,wellsja02,Jared Wells,SDP,-0.1
2008,wellsja02,Jared Wells,SEA,-0.2
2008,bowiemi01,Micah Bowie,COL,-0.3
2008,delosva01,Valerio De Los Santos,COL,0.0
2008,speigle01,Levale Speigner,WSN,-0.4
2008,mickoka01,Kam Mickolio,BAL,0.0
2008,milleji02,Jim Miller,BAL,0.2
2008,murraaj01,A.J. Murray,TEX,0.1
2008,herreda01,Danny Herrera,CIN,-0.2
2008,stockph01,Phil Stockman,ATL,0.3
2008,kinnejo01,Josh Kinney,STL,0.3
2008,roberco01,Connor Robertson,ARI,0.1
2008,wisema01,Matt Wise,NYM,-0.1
2008,bowerce01,Cedrick Bowers,COL,-0.3
2008,gardnle01,Lee Gardner,FLA,-0.3
2008,hansade01,Devern Hansack,BOS,-0.1
2008,oflaher01,Eric O'Flaherty,SEA,-1.2
2008,benitar01,Armando Benítez,TOR,-0.2
2008,kingra01,Ray King,WSN,0.0
2008,mccrobo01,Bob McCrory,BAL,-0.5
2008,salasju01,Juan Salas,TBR,-0.1
2008,turnbde01,Derrick Turnbow,MIL,-0.7
2008,bauerri01,Rick Bauer,CLE,-0.3
2008,elbersc01,Scott Elbert,LAD,-0.4
2008,mcdonja03,James McDonald,LAD,0.2
2008,taubety01,Ty Taubenheim,PIT,0.2
2008,ascanjo01,José Ascanio,CHC,-0.1
2008,moylape01,Peter Moylan,ATL,0.3
2008,worrema01,Mark Worrell,STL,-0.1
2008,bukviry01,Ryan Bukvich,BAL,-0.1
2008,wellsra01,Randy Wells,2TM,0.3
2008,wellsra01,Randy Wells,TOR,0.0
2008,wellsra01,Randy Wells,CHC,0.3
2008,bowdemi01,Michael Bowden,BOS,0.2
2008,parnebo01,Bobby Parnell,NYM,0.0
2008,rundlri01,Rich Rundles,CLE,0.2
2008,schroch01,Chris Schroder,WSN,0.0
2008,calerki01,Kiko Calero,OAK,0.0
2008,grayje02,Jeff Gray,OAK,-0.1
2008,swindrj01,R.J. Swindle,PHI,-0.2
2008,pattesc01,Scott Patterson,2TM,0.1
2008,pattesc01,Scott Patterson,NYY,0.0
2008,pattesc01,Scott Patterson,SDP,0.2
2008,cordech01,Chad Cordero,WSN,0.1
2008,haegech01,Charlie Haeger,SDP,-0.4
2008,lowerde01,Devon Lowery,KCR,-0.1
2008,nomohi01,Hideo Nomo,KCR,-0.5
2008,zinkch01,Charlie Zink,BOS,-0.3
2008,desseel01,Elmer Dessens,ATL,-0.6
2008,fukumka01,Kazuo Fukumori,TEX,-0.4
2008,gordobr01,Brian Gordon,TEX,0.1
2008,igawake01,Kei Igawa,NYY,-0.2
2008,pettyad01,Adam Pettyjohn,CIN,-0.5
2008,rincori01,Ricardo Rincón,NYM,0.0
2008,thomaju01,Justin Thomas,SEA,-0.1
2008,whitebi04,Bill White,TEX,-0.4
2008,adkinjo01,Jon Adkins,CIN,0.1
2008,foxch02,Chad Fox,CHC,0.0
2008,gonzaen01,Enrique González,SDP,-0.2
2008,rosaca01,Carlos Rosa,KCR,0.1
2008,bazaryo01,Yorman Bazardo,DET,-0.3
2008,brazoyh01,Yhency Brazobán,LAD,0.0
2008,hernafe03,Fernando Hernández,OAK,-0.3
2008,roenijo01,Josh Roenicke,CIN,-0.1
2008,kunzed01,Eddie Kunz,NYM,-0.2
2008,ramirel01,Elizardo Ramírez,TEX,-0.4
2008,buenofr01,Francisley Bueno,ATL,0.0
2008,sturtta01,Tanyon Sturtze,LAD,0.1
2008,capeljo01,José Capellán,COL,0.0
2008,delgaje01,Jesús Delgado,FLA,0.0
2008,desalma01,Matt DeSalvo,ATL,-0.2
2008,meloajo01,Jon Meloan,CLE,0.1
2008,sanchhu01,Humberto Sánchez,NYY,0.0
2008,slocubr01,Brian Slocum,CLE,-0.2
2008,thompri03,Rich Thompson,LAA,-0.2
2008,muldema01,Mark Mulder,STL,-0.1
2008,snydeky01,Kyle Snyder,BOS,-0.3
2008,ryuja01,Jae Kuk Ryu,TBR,0.0
2008,burkeja02,Jamie Burke,SEA,-0.1
2008,carpean01,Drew Carpenter,PHI,0.0
2008,diazjo01,José Díaz,TEX,0.0
2008,milesaa01,Aaron Miles,STL,0.0
2008,morilju01,Juan Morillo,COL,0.0
2008,mussene01,Neal Musser,KCR,0.0
2008,penato02,Tony Peña,KCR,0.0
2008,serraal01,Álex Serrano,LAA,0.1
2008,pignaca01,Carmen Pignatiello,CHC,-0.1
2009,verlaju01,Justin Verlander,DET,5.5
2009,hallaro01,Roy Halladay,TOR,6.9
2009,hernafe02,Félix Hernández,SEA,5.9
2009,wainwad01,Adam Wainwright,STL,6.3
2009,leecl02,Cliff Lee,2TM,5.4
2009,leecl02,Cliff Lee,CLE,4.3
2009,leecl02,Cliff Lee,PHI,1.1
2009,sabatc.01,CC Sabathia,NYY,6.2
2009,greinza01,Zack Greinke,KCR,10.4
2009,harenda01,Dan Haren,ARI,6.5
2009,linceti01,Tim Lincecum,SFG,7.4
2009,arroybr01,Bronson Arroyo,CIN,2.6
2009,shielja02,James Shields,TBR,1.9
2009,vazquja01,Javier Vázquez,ATL,6.2
2009,jimenub01,Ubaldo Jiménez,COL,5.5
2009,cainma01,Matt Cain,SFG,6.1
2009,marquja01,Jason Marquis,COL,3.5
2009,jurrjja01,Jair Jurrjens,ATL,6.5
2009,wolfra02,Randy Wolf,LAD,3.9
2009,jacksed01,Edwin Jackson,DET,4.2
2009,pineijo01,Joel Piñeiro,STL,2.5
2009,buehrma01,Mark Buehrle,CHW,5.3
2009,dukeza01,Zach Duke,PIT,2.0
2009,beckejo02,Josh Beckett,BOS,5.0
2009,weaveje02,Jered Weaver,LAA,3.5
2009,johnsjo09,Josh Johnson,FLA,6.7
2009,burnea.01,A.J. Burnett,NYY,4.5
2009,lannajo01,John Lannan,WSN,3.4
2009,blackni01,Nick Blackburn,MIN,3.3
2009,rodriwa01,Wandy Rodríguez,HOU,4.7
2009,garlajo01,Jon Garland,2TM,1.6
2009,garlajo01,Jon Garland,ARI,1.3
2009,garlajo01,Jon Garland,LAD,0.3
2009,davisdo02,Doug Davis,ARI,2.4
2009,lestejo01,Jon Lester,BOS,6.2
2009,garzama01,Matt Garza,TBR,3.6
2009,danksjo01,John Danks,CHW,5.1
2009,bakersc02,Scott Baker,MIN,3.4
2009,dempsry01,Ryan Dempster,CHC,3.5
2009,guthrje01,Jeremy Guthrie,BAL,1.9
2009,pavanca01,Carl Pavano,2TM,1.0
2009,pavanca01,Carl Pavano,CLE,0.1
2009,pavanca01,Carl Pavano,MIN,0.9
2009,millwke01,Kevin Millwood,TEX,4.7
2009,correke01,Kevin Correia,SDP,1.7
2009,billich01,Chad Billingsley,LAD,1.4
2009,blantjo01,Joe Blanton,PHI,2.6
2009,loopebr01,Braden Looper,MIL,-1.0
2009,lowede01,Derek Lowe,ATL,0.9
2009,maholpa01,Paul Maholm,PIT,1.1
2009,pettian01,Andy Pettitte,NYY,3.4
2009,hamelco01,Cole Hamels,PHI,1.9
2009,floydga01,Gavin Floyd,CHW,4.1
2009,carpech01,Chris Carpenter,STL,6.5
2009,zitoba01,Barry Zito,SFG,2.5
2009,feldmsc01,Scott Feldman,TEX,3.8
2009,saundjo01,Joe Saunders,LAA,0.5
2009,gallayo01,Yovani Gallardo,MIL,2.8
2009,rosajo01,Jorge De La Rosa,COL,2.6
2009,nolasri01,Ricky Nolasco,FLA,0.7
2009,pelfrmi01,Mike Pelfrey,NYM,-0.1
2009,hernali01,Liván Hernández,2TM,0.0
2009,hernali01,Liván Hernández,NYM,-0.3
2009,hernali01,Liván Hernández,WSN,0.3
2009,oswalro01,Roy Oswalt,HOU,2.4
2009,niemaje01,Jeff Niemann,TBR,2.4
2009,cahiltr01,Trevor Cahill,OAK,1.7
2009,romerri01,Ricky Romero,TOR,2.3
2009,lillyte01,Ted Lilly,CHC,5.0
2009,hammeja01,Jason Hammel,COL,2.0
2009,ohlenro01,Ross Ohlendorf,PIT,2.4
2009,lackejo01,John Lackey,LAA,1.9
2009,washbja01,Jarrod Washburn,2TM,3.0
2009,washbja01,Jarrod Washburn,SEA,3.7
2009,washbja01,Jarrod Washburn,DET,-0.7
2009,anderbr04,Brett Anderson,OAK,2.3
2009,pennybr01,Brad Penny,2TM,1.6
2009,pennybr01,Brad Penny,BOS,0.3
2009,pennybr01,Brad Penny,SFG,1.3
2009,cuetojo01,Johnny Cueto,CIN,0.8
2009,kershcl01,Clayton Kershaw,LAD,4.7
2009,porceri01,Rick Porcello,DET,2.4
2009,scherma01,Max Scherzer,ARI,1.3
2009,zambrca01,Carlos Zambrano,CHC,3.0
2009,santajo02,Johan Santana,NYM,3.3
2009,happja01,J.A. Happ,PHI,4.2
2009,wellsra01,Randy Wells,CHC,4.2
2009,sanchjo01,Jonathan Sánchez,SFG,1.6
2009,haranaa01,Aaron Harang,CIN,1.1
2009,moyerja01,Jamie Moyer,PHI,0.4
2009,suppaje01,Jeff Suppan,MIL,-1.3
2009,tallebr01,Brian Tallet,TOR,-0.1
2009,volstch01,Chris Volstad,FLA,0.4
2009,cookaa01,Aaron Cook,COL,2.9
2009,chambjo03,Joba Chamberlain,NYY,1.4
2009,kawakke01,Kenshin Kawakami,ATL,2.0
2009,moehlbr01,Brian Moehler,HOU,-1.0
2009,bannibr01,Brian Bannister,KCR,1.5
2009,richacl01,Clayton Richard,2TM,1.5
2009,richacl01,Clayton Richard,CHW,0.9
2009,richacl01,Clayton Richard,SDP,0.6
2009,kazmisc01,Scott Kazmir,2TM,0.6
2009,kazmisc01,Scott Kazmir,TBR,-0.8
2009,kazmisc01,Scott Kazmir,LAA,1.3
2009,padilvi01,Vicente Padilla,2TM,2.0
2009,padilvi01,Vicente Padilla,TEX,1.2
2009,padilvi01,Vicente Padilla,LAD,0.7
2009,gaudich01,Chad Gaudin,2TM,0.4
2009,gaudich01,Chad Gaudin,SDP,-0.8
2009,gaudich01,Chad Gaudin,NYY,1.2
2009,snellia01,Ian Snell,2TM,0.1
2009,snellia01,Ian Snell,PIT,-0.4
2009,snellia01,Ian Snell,SEA,0.5
2009,galarar01,Armando Galarraga,DET,-0.3
2009,hochelu01,Luke Hochevar,KCR,-0.5
2009,harderi01,Rich Harden,CHC,1.7
2009,parrama01,Manny Parra,MIL,-2.3
2009,santaer01,Ervin Santana,LAA,-0.2
2009,richmsc01,Scott Richmond,TOR,-0.5
2009,hollade01,Derek Holland,TEX,-0.5
2009,bradeda01,Dallas Braden,OAK,2.9
2009,liriafr01,Francisco Liriano,MIN,-0.2
2009,contrjo01,José Contreras,2TM,0.7
2009,contrjo01,José Contreras,CHW,-0.3
2009,contrjo01,José Contreras,COL,1.0
2009,wakefti01,Tim Wakefield,BOS,2.2
2009,masteju01,Justin Masterson,2TM,0.9
2009,masteju01,Justin Masterson,BOS,0.8
2009,masteju01,Justin Masterson,CLE,0.1
2009,mechegi01,Gil Meche,KCR,1.2
2009,huffda01,David Huff,CLE,-0.1
2009,priceda01,David Price,TBR,0.9
2009,hansoto01,Tommy Hanson,ATL,3.9
2009,carmofa01,Roberto Hernández,CLE,-1.4
2009,bergebr02,Brad Bergesen,BAL,3.1
2009,sowerje01,Jeremy Sowers,CLE,0.5
2009,davieky01,Kyle Davies,KCR,1.1
2009,welleto01,Todd Wellemeyer,STL,-1.9
2009,laffeaa01,Aaron Laffey,CLE,0.6
2009,palmema01,Matt Palmer,LAA,1.2
2009,redditi01,Tim Redding,NYM,0.1
2009,berkeja01,Jason Berken,BAL,-0.8
2009,owingmi01,Micah Owings,CIN,-0.6
2009,lohseky01,Kyle Lohse,STL,-0.3
2009,kurodhi01,Hiroki Kuroda,LAD,0.6
2009,bushda01,Dave Bush,MIL,-1.6
2009,baileho02,Homer Bailey,CIN,0.6
2009,hamptmi01,Mike Hampton,HOU,-0.6
2009,hunteto02,Tommy Hunter,TEX,1.8
2009,karstje01,Jeff Karstens,PIT,-0.6
2009,stammcr01,Craig Stammen,WSN,0.1
2009,hendrma01,Mark Hendrickson,BAL,0.9
2009,westse01,Sean West,FLA,0.4
2009,geerjo01,Josh Geer,SDP,-1.5
2009,peavyja01,Jake Peavy,2TM,1.7
2009,peavyja01,Jake Peavy,SDP,0.5
2009,peavyja01,Jake Peavy,CHW,1.2
2009,hernada01,David Hernández,BAL,0.8
2009,sonnaan01,Andy Sonnanstine,TBR,-2.0
2009,gonzagi01,Gio González,OAK,-0.4
2009,paulife01,Felipe Paulino,HOU,-1.6
2009,mccarbr01,Brandon McCarthy,TEX,0.8
2009,mortoch02,Charlie Morton,PIT,0.6
2009,perkigl01,Glen Perkins,MIN,-0.1
2009,rowlary01,Ryan Rowland-Smith,SEA,1.2
2009,johnsra05,Randy Johnson,SFG,0.3
2009,villaca01,Carlos Villanueva,MIL,-0.8
2009,mujiced01,Edward Mujica,SDP,0.1
2009,carradj01,D.J. Carrasco,CHW,1.6
2009,cecilbr01,Brett Cecil,TOR,-0.1
2009,jakubch01,Chris Jakubauskas,SEA,-0.9
2009,minerza01,Zach Miner,DET,0.5
2009,buchhcl01,Clay Buchholz,BOS,2.0
2009,vargaja01,Jason Vargas,SEA,0.0
2009,mazzavi01,Vin Mazzaro,OAK,-0.1
2009,mockga01,Garrett Mock,WSN,-0.8
2009,zimmejo02,Jordan Zimmermann,WSN,0.8
2009,sloweke01,Kevin Slowey,MIN,1.0
2009,petityu01,Yusmeiro Petit,ARI,-0.5
2009,parnebo01,Bobby Parnell,NYM,-0.8
2009,bassbr01,Brian Bass,BAL,0.3
2009,hugheph01,Phil Hughes,NYY,2.6
2009,sanchan01,Aníbal Sánchez,FLA,1.7
2009,martish01,Shairon Martis,WSN,0.5
2009,ortizru01,Russ Ortiz,HOU,-0.6
2009,marshse01,Sean Marshall,CHC,1.2
2009,aceveal01,Alfredo Aceves,NYY,1.7
2009,duensbr01,Brian Duensing,MIN,1.6
2009,coffeto01,Todd Coffey,MIL,1.7
2009,bailean01,Andrew Bailey,OAK,3.7
2009,parkch01,Chan Ho Park,PHI,0.3
2009,bedarer01,Érik Bédard,SEA,2.0
2009,troncra01,Ramón Troncoso,LAD,1.3
2009,fulchje01,Jeff Fulchino,HOU,1.1
2009,mainejo01,John Maine,NYM,0.6
2009,hartke01,Kevin Hart,2TM,-0.4
2009,hartke01,Kevin Hart,CHC,1.0
2009,hartke01,Kevin Hart,PIT,-1.3
2009,olsonga01,Garrett Olson,SEA,-0.8
2009,lowema01,Mark Lowe,SEA,0.0
2009,millean01,Andrew Miller,FLA,0.1
2009,thompbr01,Brad Thompson,STL,-0.2
2009,campsh01,Shawn Camp,TOR,0.8
2009,weaveje01,Jeff Weaver,LAD,0.7
2009,wrighja01,Jamey Wright,KCR,-0.1
2009,lyonbr01,Brandon Lyon,DET,1.9
2009,wuertmi01,Michael Wuertz,OAK,2.3
2009,smoltjo01,John Smoltz,2TM,-0.5
2009,smoltjo01,John Smoltz,BOS,-0.8
2009,smoltjo01,John Smoltz,STL,0.3
2009,bucknbi02,Billy Buckner,ARI,-0.9
2009,cormila01,Lance Cormier,TBR,1.1
2009,madsory01,Ryan Madson,PHI,1.4
2009,martijd01,J.D. Martin,WSN,0.9
2009,guerrma02,Matt Guerrier,MIN,2.5
2009,broxtjo01,Jonathan Broxton,LAD,1.8
2009,masseni01,Nick Masset,CIN,2.1
2009,youngch03,Chris Young,SDP,-0.3
2009,detwiro01,Ross Detwiler,WSN,0.7
2009,rodnefe01,Fernando Rodney,DET,0.3
2009,soriara01,Rafael Soriano,ATL,1.9
2009,gregelu01,Luke Gregerson,SDP,0.9
2009,leagubr01,Brandon League,TOR,0.1
2009,gonzami02,Mike González,ATL,1.5
2009,marmoca01,Carlos Mármol,CHC,1.6
2009,tejedro01,Rob Tejeda,KCR,1.9
2009,wilsocj01,C.J. Wilson,TEX,1.7
2009,zieglbr01,Brad Ziegler,OAK,1.7
2009,moylape01,Peter Moylan,ATL,1.3
2009,oliveda02,Darren Oliver,LAA,1.9
2009,staufti01,Tim Stauffer,SDP,1.0
2009,wellski01,Kip Wells,2TM,-0.3
2009,wellski01,Kip Wells,WSN,-0.5
2009,wellski01,Kip Wells,CIN,0.3
2009,heilmaa01,Aaron Heilman,CHC,0.9
2009,thornma01,Matt Thornton,CHW,2.8
2009,wilsobr01,Brian Wilson,SFG,1.5
2009,grabojo02,John Grabow,2TM,1.1
2009,grabojo02,John Grabow,PIT,0.5
2009,grabojo02,John Grabow,CHC,0.6
2009,badenbu01,Burke Badenhop,FLA,1.3
2009,baezda01,Danys Báez,BAL,0.8
2009,aardsda01,David Aardsma,SEA,1.7
2009,batismi01,Miguel Batista,SEA,-0.1
2009,gutieju01,J.C. Gutiérrez,ARI,0.7
2009,ohkato01,Tomo Ohka,CLE,-0.3
2009,belisro01,Ronald Belisario,LAD,1.6
2009,myersbr01,Brett Myers,PHI,0.5
2009,figuene01,Nelson Figueroa,NYM,0.8
2009,stokebr01,Brian Stokes,NYM,0.4
2009,johnsji04,Jim Johnson,BAL,1.1
2009,rauchjo01,Jon Rauch,2TM,1.1
2009,rauchjo01,Jon Rauch,ARI,0.3
2009,rauchjo01,Jon Rauch,MIN,0.7
2009,penato03,Tony Peña,2TM,0.5
2009,penato03,Tony Peña,ARI,-0.2
2009,penato03,Tony Peña,CHW,0.6
2009,bellhe01,Heath Bell,SDP,1.6
2009,durbich01,Chad Durbin,PHI,-0.1
2009,greense01,Sean Green,NYM,0.0
2009,morrobr01,Brandon Morrow,SEA,0.2
2009,nippedu01,Dustin Nippert,TEX,1.4
2009,ramirra02,Ramón Ramírez,BOS,1.8
2009,breslcr01,Craig Breslow,2TM,1.2
2009,breslcr01,Craig Breslow,MIN,-0.2
2009,breslcr01,Craig Breslow,OAK,1.4
2009,sherrge01,George Sherrill,2TM,3.1
2009,sherrge01,George Sherrill,BAL,1.7
2009,sherrge01,George Sherrill,LAD,1.4
2009,greggke01,Kevin Gregg,CHC,0.1
2009,meddebr01,Brandon Medders,SFG,1.2
2009,nathajo01,Joe Nathan,MIN,3.0
2009,nunezle01,Juan Carlos Oviedo,FLA,0.8
2009,papeljo01,Jonathan Papelbon,BOS,3.5
2009,rodrifr03,Francisco Rodríguez,NYM,0.1
2009,carlsje01,Jesse Carlson,TOR,-0.1
2009,medlekr01,Kris Medlen,ATL,0.5
2009,balfogr01,Grant Balfour,TBR,-0.2
2009,chaveje01,Jesse Chavez,PIT,0.1
2009,outmajo01,Josh Outman,OAK,1.3
2009,frenclu01,Luke French,2TM,-0.3
2009,frenclu01,Luke French,DET,0.5
2009,frenclu01,Luke French,SEA,-0.9
2009,alberma01,Matt Albers,BAL,-0.2
2009,cordefr01,Francisco Cordero,CIN,1.7
2009,howeljp01,J.P. Howell,TBR,1.8
2009,mccleky01,Kyle McClellan,STL,0.7
2009,ueharko01,Koji Uehara,BAL,1.4
2009,lewisje01,Jensen Lewis,CLE,0.0
2009,riverma01,Mariano Rivera,NYY,3.6
2009,perezol01,Óliver Pérez,NYM,-1.2
2009,bulgeja01,Jason Bulger,LAA,0.9
2009,gonzaed01,Édgar González,OAK,0.0
2009,lehrju01,Justin Lehr,CIN,-0.2
2009,motagu01,Guillermo Mota,LAD,0.7
2009,meredcl01,Cla Meredith,2TM,0.5
2009,meredcl01,Cla Meredith,SDP,-0.1
2009,meredcl01,Cla Meredith,BAL,0.5
2009,tillmch01,Chris Tillman,BAL,0.5
2009,dicker.01,R.A. Dickey,MIN,0.6
2009,whitese02,Sean White,SEA,1.0
2009,hanrajo01,Joel Hanrahan,2TM,-0.7
2009,hanrajo01,Joel Hanrahan,WSN,-1.1
2009,hanrajo01,Joel Hanrahan,PIT,0.4
2009,howrybo01,Bob Howry,SFG,0.9
2009,harrima01,Matt Harrison,TEX,-0.2
2009,hawkila01,LaTroy Hawkins,HOU,2.0
2009,mcdonja03,James McDonald,LAD,-0.2
2009,olsensc01,Scott Olsen,WSN,-0.4
2009,affelje01,Jeremy Affeldt,SFG,2.6
2009,chenbr01,Bruce Chen,KCR,0.2
2009,colonba01,Bartolo Colon,CHW,0.2
2009,doteloc01,Octavio Dotel,CHW,1.3
2009,mischpa01,Pat Misch,2TM,0.6
2009,mischpa01,Pat Misch,SFG,-0.2
2009,mischpa01,Pat Misch,NYM,0.9
2009,mccluse01,Seth McClung,MIL,-0.1
2009,weathda01,David Weathers,2TM,0.4
2009,weathda01,David Weathers,CIN,0.7
2009,weathda01,David Weathers,MIL,-0.3
2009,herreda01,Danny Herrera,CIN,0.3
2009,mijarjo01,José Mijares,MIN,2.3
2009,perryry01,Ryan Perry,DET,0.4
2009,streehu01,Huston Street,COL,1.8
2009,byrdati01,Tim Byrdak,HOU,1.1
2009,pintore01,Renyel Pinto,FLA,1.2
2009,rzepcma01,Marc Rzepczynski,TOR,1.2
2009,fistedo01,Doug Fister,SEA,0.6
2009,frankry01,Ryan Franklin,STL,2.2
2009,guzmaan01,Ángel Guzmán,CHC,1.7
2009,jennija01,Jason Jennings,TEX,0.5
2009,okajihi01,Hideki Okajima,BOS,1.6
2009,clippty01,Tyler Clippard,WSN,1.5
2009,calerki01,Kiko Calero,FLA,2.4
2009,cokeph01,Phil Coke,NYY,0.2
2009,perdolu01,Luis Perdomo,SDP,-0.3
2009,delcama01,Manny Delcarmen,BOS,0.3
2009,burtoja01,Jared Burton,CIN,0.0
2009,felicpe01,Pedro Feliciano,NYM,0.8
2009,matsuda01,Daisuke Matsuzaka,BOS,0.4
2009,swarzan01,Anthony Swarzak,MIN,-0.1
2009,lidgebr01,Brad Lidge,PHI,-2.6
2009,ponsosi01,Sidney Ponson,KCR,-0.7
2009,vanderi01,Rick van den Hurk,FLA,0.9
2009,odayda01,Darren O'Day,2TM,2.4
2009,odayda01,Darren O'Day,NYM,0.0
2009,odayda01,Darren O'Day,TEX,2.4
2009,louxsh01,Shane Loux,LAA,-0.7
2009,meyerda02,Dan Meyer,FLA,1.1
2009,boggsmi01,Mitchell Boggs,STL,0.3
2009,frasoja01,Jason Frasor,TOR,1.7
2009,hillri01,Rich Hill,BAL,-1.2
2009,wheelda01,Dan Wheeler,TBR,1.0
2009,burnese01,Sean Burnett,2TM,1.1
2009,burnese01,Sean Burnett,PIT,0.5
2009,burnese01,Sean Burnett,WSN,0.6
2009,tomkobr01,Brett Tomko,2TM,1.4
2009,tomkobr01,Brett Tomko,NYY,0.1
2009,tomkobr01,Brett Tomko,OAK,1.3
2009,sprinru01,Russ Springer,2TM,0.6
2009,sprinru01,Russ Springer,OAK,0.4
2009,sprinru01,Russ Springer,TBR,0.2
2009,perezch01,Chris Pérez,2TM,0.2
2009,perezch01,Chris Pérez,STL,0.0
2009,perezch01,Chris Pérez,CLE,0.2
2009,milleju01,Justin Miller,SFG,1.1
2009,motteja01,Jason Motte,STL,-0.4
2009,oflaher01,Eric O'Flaherty,ATL,0.8
2009,sanchbr01,Brian Sanches,FLA,1.6
2009,garcifr03,Freddy García,CHW,1.3
2009,linebsc01,Scott Linebrink,CHW,0.1
2009,betanra01,Rafael Betancourt,2TM,1.5
2009,betanra01,Rafael Betancourt,CLE,0.2
2009,betanra01,Rafael Betancourt,COL,1.3
2009,norribu01,Bud Norris,HOU,0.5
2009,saitota01,Takashi Saito,BOS,1.6
2009,sampsch01,Chris Sampson,HOU,-0.7
2009,beimejo01,Joe Beimel,2TM,1.0
2009,beimejo01,Joe Beimel,WSN,0.7
2009,beimejo01,Joe Beimel,COL,0.3
2009,fuentbr01,Brian Fuentes,LAA,0.4
2009,woodke02,Kerry Wood,CLE,0.4
2009,jepseke01,Kevin Jepsen,LAA,-0.6
2009,boyerbl01,Blaine Boyer,3TM,-0.5
2009,boyerbl01,Blaine Boyer,ATL,-0.5
2009,boyerbl01,Blaine Boyer,STL,-0.1
2009,boyerbl01,Blaine Boyer,ARI,0.1
2009,cappsma01,Matt Capps,PIT,-1.1
2009,macdomi01,Mike MacDougal,2TM,0.1
2009,macdomi01,Mike MacDougal,CHW,-0.3
2009,macdomi01,Mike MacDougal,WSN,0.4
2009,hoffmtr01,Trevor Hoffman,MIL,2.2
2009,keppebo01,Bobby Keppel,MIN,0.3
2009,valvejo01,José Valverde,HOU,1.7
2009,jenksbo01,Bobby Jenks,CHW,0.9
2009,rhodear01,Arthur Rhodes,CIN,1.4
2009,soriajo01,Joakim Soria,KCR,2.7
2009,vasques01,Esmerling Vásquez,ARI,0.2
2009,fisheca01,Carlos Fisher,CIN,0.2
2009,quallch01,Chad Qualls,ARI,0.7
2009,burnsmi01,Mike Burns,MIL,-0.6
2009,crainje01,Jesse Crain,MIN,0.3
2009,difelma01,Mark DiFelice,MIL,0.6
2009,mitrese01,Sergio Mitre,NYY,-0.9
2009,osullse01,Sean O'Sullivan,LAA,-0.4
2009,daleyma01,Matt Daley,COL,0.6
2009,zavadcl01,Clay Zavada,ARI,0.6
2009,cabreda01,Daniel Cabrera,2TM,-1.1
2009,cabreda01,Daniel Cabrera,WSN,-1.1
2009,cabreda01,Daniel Cabrera,ARI,-0.1
2009,latosma01,Mat Latos,SDP,-0.1
2009,colonro01,Román Colón,KCR,0.6
2009,cruzju02,Juan Cruz,KCR,-0.3
2009,mahayro01,Ron Mahay,2TM,0.4
2009,mahayro01,Ron Mahay,KCR,0.1
2009,mahayro01,Ron Mahay,MIN,0.2
2009,verasjo01,José Veras,2TM,-0.2
2009,verasjo01,José Veras,NYY,0.0
2009,verasjo01,José Veras,CLE,-0.2
2009,stulter01,Eric Stults,LAD,0.2
2009,roberna01,Nate Robertson,DET,-0.2
2009,volqued01,Edinson Vólquez,CIN,0.3
2009,bardda01,Daniel Bard,BOS,0.6
2009,francfr01,Frank Francisco,TEX,0.9
2009,valdeme01,Merkin Valdéz,SFG,-0.5
2009,eatonad01,Adam Eaton,2TM,-0.8
2009,eatonad01,Adam Eaton,BAL,-0.8
2009,eatonad01,Adam Eaton,COL,0.0
2009,seaybo01,Bobby Seay,DET,0.4
2009,villoro01,Ron Villone,WSN,0.4
2009,garcija01,Santiago Casilla,OAK,-0.6
2009,bergmja01,Jason Bergmann,WSN,-0.1
2009,perezra01,Rafael Pérez,CLE,-1.1
2009,purceda01,David Purcey,TOR,-0.6
2009,lindsma01,Matt Lindstrom,FLA,-0.8
2009,meekev01,Evan Meek,PIT,0.6
2009,narvech01,Chris Narveson,MIL,0.4
2009,gorzeto01,Tom Gorzelanny,2TM,-0.2
2009,gorzeto01,Tom Gorzelanny,PIT,-0.1
2009,gorzeto01,Tom Gorzelanny,CHC,-0.1
2009,downssc01,Scott Downs,TOR,0.8
2009,benneje01,Jeff Bennett,2TM,0.2
2009,benneje01,Jeff Bennett,ATL,0.6
2009,benneje01,Jeff Bennett,TBR,-0.4
2009,leblawa01,Wade LeBlanc,SDP,0.7
2009,kellesh01,Shawn Kelley,SEA,-0.1
2009,smithch08,Chris Smith,MIL,0.3
2009,ariasal02,Alberto Árias,HOU,0.3
2009,burkegr01,Greg Burke,SDP,0.0
2009,foggjo01,Josh Fogg,COL,0.6
2009,grillja01,Jason Grilli,2TM,0.1
2009,grillja01,Jason Grilli,COL,-0.1
2009,grillja01,Jason Grilli,TEX,0.2
2009,rosalle01,Leo Rosales,ARI,0.2
2009,arredjo01,José Arredondo,LAA,-0.7
2009,stettmi01,Mitch Stetter,MIL,0.6
2009,thatcjo01,Joe Thatcher,SDP,0.9
2009,martipe02,Pedro Martínez,PHI,0.7
2009,matusbr01,Brian Matusz,BAL,0.7
2009,vasquvi01,Virgil Vasquez,PIT,-0.5
2009,wrighwe01,Wesley Wright,HOU,-0.2
2009,evelada01,Dana Eveland,OAK,-0.7
2009,milletr02,Trever Miller,STL,1.2
2009,roberda08,David Robertson,NYY,0.7
2009,raych01,Chris Ray,BAL,-0.7
2009,jacksst01,Steven Jackson,PIT,0.2
2009,mathido01,Doug Mathis,TEX,0.8
2009,hudsoti01,Tim Hudson,ATL,0.9
2009,condrcl01,Clay Condrey,PHI,0.6
2009,wangch01,Chien-Ming Wang,NYY,-1.4
2009,vargacl01,Claudio Vargas,2TM,1.4
2009,vargacl01,Claudio Vargas,LAD,0.2
2009,vargacl01,Claudio Vargas,MIL,1.2
2009,reyesde01,Dennys Reyes,STL,0.5
2009,malonma02,Matt Maloney,CIN,0.2
2009,nelsojo01,Joe Nelson,TBR,0.0
2009,hawksbl01,Blake Hawksworth,STL,1.0
2009,janssca01,Casey Janssen,TOR,-0.5
2009,moralfr01,Franklin Morales,COL,0.2
2009,sippto01,Tony Sipp,CLE,0.7
2009,speieju01,Justin Speier,LAA,-0.2
2009,ayalalu01,Luis Ayala,2TM,-0.6
2009,ayalalu01,Luis Ayala,MIN,0.1
2009,ayalalu01,Luis Ayala,FLA,-0.7
2009,brunebr01,Brian Bruney,NYY,0.7
2009,guarded01,Eddie Guardado,TEX,0.3
2009,reyesan01,Anthony Reyes,CLE,-0.5
2009,riversa01,Saúl Rivera,WSN,-0.6
2009,acostma01,Manny Acosta,ATL,0.2
2009,farnsky01,Kyle Farnsworth,KCR,0.2
2009,adamsmi03,Mike Adams,SDP,1.1
2009,nievefe01,Fernando Nieve,NYM,1.0
2009,rincoju01,Juan Rincón,2TM,-0.8
2009,rincoju01,Juan Rincón,DET,0.0
2009,rincoju01,Juan Rincón,COL,-0.8
2009,choatra01,Randy Choate,TBR,0.7
2009,daviswa01,Wade Davis,TBR,0.3
2009,mccutda01,Daniel McCutchen,PIT,0.3
2009,walkety01,Tyler Walker,PHI,0.6
2009,kensilo01,Logan Kensing,2TM,-1.2
2009,kensilo01,Logan Kensing,FLA,-0.3
2009,kensilo01,Logan Kensing,WSN,-0.9
2009,tavarju01,Julián Tavárez,WSN,-0.7
2009,samarje01,Jeff Samardzija,CHC,-0.6
2009,hergema01,Matt Herges,2TM,0.6
2009,hergema01,Matt Herges,CLE,0.4
2009,hergema01,Matt Herges,COL,0.1
2009,albaljo01,Jonathan Albaladejo,NYY,-0.1
2009,bonined01,Eddie Bonine,DET,0.1
2009,byrdpa01,Paul Byrd,BOS,0.2
2009,romose01,Sergio Romo,SFG,0.5
2009,smithjo05,Joe Smith,CLE,0.3
2009,corpama01,Manny Corpas,COL,-0.2
2009,willido03,Dontrelle Willis,DET,-0.6
2009,desseel01,Elmer Dessens,NYM,0.5
2009,bazaryo01,Yorman Bazardo,HOU,-1.0
2009,manshje01,Jeff Manship,MIN,-0.1
2009,belisma01,Matt Belisle,COL,-0.3
2009,felizne01,Neftalí Feliz,TEX,1.6
2009,nifu01,Fu-Te Ni,DET,0.8
2009,zumayjo01,Joel Zumaya,DET,-0.1
2009,roenijo01,Josh Roenicke,2TM,-0.1
2009,roenijo01,Josh Roenicke,CIN,0.3
2009,roenijo01,Josh Roenicke,TOR,-0.4
2009,rodrira01,Rafael Rodríguez,LAA,-0.5
2009,mortecl01,Clayton Mortensen,2TM,-1.0
2009,mortecl01,Clayton Mortensen,STL,-0.2
2009,mortecl01,Clayton Mortensen,OAK,-0.8
2009,broadla01,Lance Broadway,2TM,-0.1
2009,broadla01,Lance Broadway,CHW,0.1
2009,broadla01,Lance Broadway,NYM,-0.1
2009,balesco01,Collin Balester,WSN,-0.4
2009,silvaca01,Carlos Silva,SEA,-0.9
2009,eyresc01,Scott Eyre,PHI,1.2
2009,kuoho01,Hung-Chih Kuo,LAD,0.6
2009,lopezro02,Rodrigo López,PHI,-0.7
2009,martijo07,Joe Martinez,SFG,-0.8
2009,putzjj01,J.J. Putz,NYM,-0.4
2009,taschja01,Jack Taschner,PHI,-0.2
2009,balejo01,John Bale,KCR,0.0
2009,sadowry01,Ryan Sadowski,SFG,0.3
2009,torreca01,Carlos Torres,CHW,0.0
2009,shousbr01,Brian Shouse,TBR,0.1
2009,pattoda01,David Patton,CHC,-0.4
2009,wadeco01,Cory Wade,LAD,-0.5
2009,takahke01,Ken Takahashi,NYM,0.6
2009,reyesjo03,Jo-Jo Reyes,ATL,-0.8
2009,grayje02,Jeff Gray,OAK,0.3
2009,kendrky01,Kyle Kendrick,PHI,0.3
2009,marticr01,Cristhian Martínez,FLA,-0.1
2009,niesejo01,Jon Niese,NYM,0.2
2009,webbry01,Ryan Webb,SDP,-0.1
2009,donnebr01,Brendan Donnelly,FLA,0.8
2009,tazawju01,Junichi Tazawa,BOS,-0.5
2009,goslimi01,Mike Gosling,CLE,0.0
2009,accarje01,Jeremy Accardo,TOR,0.6
2009,embreal01,Alan Embree,COL,-0.4
2009,peraljo01,Joel Peralta,COL,-0.3
2009,silvawa01,Walter Silva,SDP,-1.1
2009,rayro01,Robert Ray,TOR,0.0
2009,mulveke01,Kevin Mulvey,2TM,-0.5
2009,mulveke01,Kevin Mulvey,MIN,-0.2
2009,mulveke01,Kevin Mulvey,ARI,-0.3
2009,schoesc01,Scott Schoeneweis,ARI,-0.7
2009,bastaan01,Antonio Bastardo,PHI,-0.4
2009,miltoer01,Eric Milton,LAD,0.2
2009,lincomi01,Mike Lincoln,CIN,-0.8
2009,sarfade01,Dennis Sarfate,BAL,0.0
2009,banksjo01,Josh Banks,SDP,-0.7
2009,hayhudi01,Dirk Hayhurst,TOR,0.4
2009,ramirho01,Horacio Ramírez,KCR,0.0
2009,bensokr01,Kris Benson,TEX,-0.5
2009,blevije01,Jerry Blevins,OAK,0.1
2009,carraca01,Carlos Carrasco,CLE,-0.7
2009,morened01,Edwin Moreno,SDP,-0.1
2009,sosajo02,Jorge Sosa,WSN,-0.3
2009,woodti01,Tim Wood,FLA,0.5
2009,toddje01,Jess Todd,2TM,-0.4
2009,toddje01,Jess Todd,STL,-0.1
2009,toddje01,Jess Todd,CLE,-0.3
2009,gieseda01,Dan Giese,OAK,0.0
2009,pennha01,Hayden Penn,FLA,-1.2
2009,ramired01,Edwar Ramírez,NYY,-0.1
2009,carlybu01,Buddy Carlyle,ATL,-1.0
2009,dinarle01,Lenny DiNardo,KCR,-0.9
2009,colomje01,Jesús Colomé,2TM,-0.6
2009,colomje01,Jesús Colomé,WSN,-0.6
2009,colomje01,Jesús Colomé,MIL,0.0
2009,gervasa01,Sammy Gervacio,HOU,0.7
2009,ryanb.01,B.J. Ryan,TOR,-0.4
2009,belltr01,Trevor Bell,LAA,-1.1
2009,leachbr01,Brent Leach,LAD,-0.2
2009,gearyge01,Geoff Geary,HOU,-0.9
2009,elbersc01,Scott Elbert,LAD,-0.1
2009,gallase01,Sean Gallagher,2TM,-0.2
2009,gallase01,Sean Gallagher,OAK,-0.6
2009,gallase01,Sean Gallagher,SDP,0.3
2009,carides01,Esmailin Caridad,CHC,0.8
2009,lopezwi01,Wilton López,HOU,-0.8
2009,thompri03,Rich Thompson,LAA,0.0
2009,corcoro01,Roy Corcoran,SEA,-0.3
2009,haegech01,Charlie Haeger,LAD,0.3
2009,hudsoda01,Daniel Hudson,CHW,0.4
2009,ruschgl01,Glendon Rusch,COL,-0.4
2009,camerke01,Kevin Cameron,OAK,0.3
2009,ekstrmi01,Mike Ekstrom,SDP,-0.3
2009,schleda01,Daniel Schlereth,ARI,-0.2
2009,eyrewi01,Willie Eyre,TEX,0.2
2009,ascanjo01,José Ascanio,2TM,0.2
2009,ascanjo01,José Ascanio,CHC,0.3
2009,ascanjo01,José Ascanio,PIT,-0.1
2009,brocado01,Doug Brocail,HOU,0.0
2009,schmija01,Jason Schmidt,LAD,-0.2
2009,shielsc01,Scot Shields,LAA,-0.6
2009,willira01,Randy Williams,CHW,0.2
2009,juliojo01,Jorge Julio,MIL,-0.5
2009,loganbo02,Boone Logan,ATL,-0.2
2009,augenbr01,Bryan Augenstein,ARI,-0.5
2009,figaral01,Alfredo Fígaro,DET,-0.2
2009,kilbybr01,Brad Kilby,OAK,0.7
2009,romerj.01,J.C. Romero,PHI,0.3
2009,melanma01,Mark Melancon,NYY,0.2
2009,vealdo01,Donnie Veal,PIT,-0.3
2009,aquingr01,Greg Aquino,CLE,0.1
2009,bowdemi01,Michael Bowden,BOS,-0.4
2009,waltepj01,P.J. Walters,STL,-0.8
2009,wagnebi02,Billy Wagner,2TM,0.4
2009,wagnebi02,Billy Wagner,NYM,0.1
2009,wagnebi02,Billy Wagner,BOS,0.3
2009,kinnejo01,Josh Kinney,STL,-0.7
2009,wolfebr01,Brian Wolfe,TOR,-0.6
2009,vizcalu01,Luis Vizcaíno,2TM,0.2
2009,vizcalu01,Luis Vizcaíno,CHC,0.3
2009,vizcalu01,Luis Vizcaíno,CLE,0.0
2009,bootcch01,Chris Bootcheck,PIT,-0.8
2009,moseldu01,Dustin Moseley,LAA,0.1
2009,ramosce01,César Ramos,SDP,0.3
2009,hennse01,Sean Henn,2TM,-0.3
2009,hennse01,Sean Henn,MIN,-0.2
2009,hennse01,Sean Henn,BAL,-0.1
2009,hughedu01,Dusty Hughes,KCR,0.1
2009,moscogu01,Guillermo Moscoso,TEX,0.1
2009,parrja01,James Parr,ATL,-0.1
2009,yabutya01,Yasuhiko Yabuta,KCR,-0.9
2009,bautide01,Denny Bautista,PIT,-0.1
2009,escalse01,Sergio Escalona,PHI,0.1
2009,mickoka01,Kam Mickolio,BAL,0.4
2009,thayeda01,Dale Thayer,TBR,0.0
2009,lerewan01,Anthony Lerew,KCR,0.2
2009,marteda01,Dámaso Marte,NYY,-0.6
2009,poredaa01,Aaron Poreda,2TM,0.4
2009,poredaa01,Aaron Poreda,CHW,0.4
2009,poredaa01,Aaron Poreda,SDP,0.0
2009,backebr01,Brandon Backe,HOU,-0.5
2009,dumatph01,Phil Dumatrait,PIT,-0.5
2009,joneshu01,Hunter Jones,BOS,-0.4
2009,madriwa01,Warner Madrigal,TEX,-0.4
2009,ortegan01,Anthony Ortega,LAA,-0.6
2009,steveje01,Jeff Stevens,CHC,-0.2
2009,ohmanwi01,Will Ohman,LAD,-0.2
2009,ramirra03,Ramón Ramírez,CIN,0.2
2009,russead01,Adam Russell,SDP,0.0
2009,walkeja01,Jamie Walker,BAL,0.0
2009,lambech01,Chris Lambert,2TM,-0.4
2009,lambech01,Chris Lambert,DET,-0.4
2009,lambech01,Chris Lambert,BAL,0.0
2009,bergju01,Justin Berg,CHC,0.4
2009,castial02,Alberto Castillo,BAL,0.4
2009,chulkvi01,Vinnie Chulk,CLE,0.1
2009,florera01,Randy Flores,COL,0.0
2009,gobblji01,Jimmy Gobble,CHW,-0.1
2009,hillsh01,Shawn Hill,SDP,-0.1
2009,martevi01,Víctor Marte,KCR,-0.2
2009,yatesty01,Tyler Yates,PIT,-0.6
2009,lopezja02,Javier López,BOS,-0.4
2009,waterch01,Chris Waters,BAL,0.1
2009,fienca01,Casey Fien,DET,-0.3
2009,murphbi02,Bill Murphy,TOR,0.2
2009,percitr01,Troy Percival,TBR,-0.2
2009,chacijh01,Jhoulys Chacín,COL,0.1
2009,cottsne01,Neal Cotts,CHC,-0.3
2009,sanchdu01,Duaner Sánchez,SDP,-0.6
2009,starkde01,Denny Stark,SEA,-0.3
2009,taylogr01,Graham Taylor,FLA,-0.5
2009,dolsifr01,Freddy Dolsi,DET,-0.1
2009,joaquwa01,Waldis Joaquín,SFG,0.1
2009,rosaca01,Carlos Rosa,KCR,0.2
2009,bondeje01,Jeremy Bonderman,DET,-0.3
2009,bradfch01,Chad Bradford,TBR,0.1
2009,carrice01,Cesar Carrillo,SDP,-0.7
2009,messera01,Randy Messenger,SEA,0.0
2009,segovza01,Zack Segovia,WSN,-0.2
2009,bumgama01,Madison Bumgarner,SFG,0.3
2009,hinckmi01,Mike Hinckley,WSN,0.1
2009,kobayma01,Masahide Kobayashi,CLE,-0.2
2009,humbeph01,Philip Humber,MIN,-0.2
2009,litscje01,Jesse Litsch,TOR,-0.3
2009,stoneto01,Tobi Stoner,NYM,0.1
2009,jacksza01,Zach Jackson,CLE,-0.4
2009,runzlda01,Dan Runzler,SFG,0.4
2009,meloajo01,Jon Meloan,OAK,0.3
2009,isrinja01,Jason Isringhausen,TBR,0.2
2009,axforjo01,John Axford,MIL,0.1
2009,millsbr02,Brad Mills,TOR,-0.5
2009,estrama01,Marco Estrada,WSN,-0.1
2009,koronjo01,John Koronka,FLA,-0.4
2009,marshja01,Jay Marshall,OAK,-0.7
2009,mccrobo01,Bob McCrory,BAL,-0.9
2009,stroppe01,Pedro Strop,TEX,-0.1
2009,violape01,Pedro Viola,CIN,0.0
2009,lerouch01,Chris Leroux,FLA,-0.2
2009,paronch01,Chad Paronto,HOU,-0.3
2009,swindrj01,R.J. Swindle,MIL,-0.4
2009,burrebr01,Brian Burres,TOR,-0.6
2009,hansecr01,Craig Hansen,PIT,-0.1
2009,simonal01,Alfredo Simón,BAL,-0.2
2009,slatedo01,Doug Slaten,ARI,-0.1
2009,adenhni01,Nick Adenhart,LAA,0.4
2009,bullibr01,Bryan Bullington,TOR,0.1
2009,hinshal01,Alex Hinshaw,SFG,-0.3
2009,korecbo01,Bobby Korecky,ARI,-0.4
2009,matosos01,Osiris Matos,SFG,-0.2
2009,abreuwi01,Winston Abreu,2TM,-0.2
2009,abreuwi01,Winston Abreu,TBR,0.1
2009,abreuwi01,Winston Abreu,CLE,-0.3
2009,carpean01,Drew Carpenter,PHI,-0.3
2009,ledezwi01,Wil Ledezma,WSN,-0.4
2009,nunezjh01,Jhonny Núñez,CHW,-0.1
2009,speiery01,Ryan Speier,COL,0.0
2009,cabrefe01,Fernando Cabrera,BOS,-0.1
2009,towerjo01,Josh Towers,NYY,0.0
2009,waechdo01,Doug Waechter,KCR,-0.1
2009,escobke01,Kelvim Escobar,LAA,0.1
2009,reinech01,Chad Reineke,OAK,-0.1
2009,shellst01,Steven Shell,WSN,0.0
2009,rupejo01,Josh Rupe,TEX,-0.3
2009,campijo01,Jorge Campillo,ATL,-0.1
2009,dillati01,Tim Dillard,MIL,-0.3
2009,lewissc02,Scott Lewis,CLE,-0.1
2009,manuero01,Robert Manuel,CIN,0.2
2009,butlejo03,Josh Butler,MIL,-0.1
2009,dunnmi01,Mike Dunn,NYY,0.0
2009,fossuca01,Casey Fossum,NYM,0.1
2009,rodrihe03,Henry Rodríguez,OAK,0.0
2009,rogeres01,Esmil Rogers,COL,0.0
2009,webbbr01,Brandon Webb,ARI,-0.2
2009,gabinar01,Armando Gabino,MIN,-0.3
2009,gonzaen01,Enrique González,BOS,0.1
2009,trabebi01,Billy Traber,BOS,-0.3
2009,claggan01,Anthony Claggett,2TM,-0.4
2009,claggan01,Anthony Claggett,NYY,-0.3
2009,claggan01,Anthony Claggett,PIT,0.0
2009,delaceu01,Frankie De La Cruz,SDP,0.0
2009,rapadcl01,Clay Rapada,DET,0.0
2009,richadu02,Dustin Richardson,BOS,0.1
2009,switzjo01,Jon Switzer,NYM,-0.1
2009,hackeer01,Eric Hacker,PIT,0.0
2009,valdelu01,Jairo Asencio,ATL,0.1
2009,egberja01,Jack Egbert,CHW,-0.3
2009,schlitr01,Travis Schlichting,LAD,0.0
2009,lopezar02,Arturo López,SDP,-0.2
2009,martica03,Carlos Martínez,FLA,0.0
2009,mosebro01,Robert Mosebach,LAA,-0.1
2009,atkinmi01,Mitch Atkins,CHC,0.1
2009,frierer01,Ernesto Frieri,SDP,0.1
2009,garatvi01,Víctor Gárate,WSN,-0.2
2009,greenni01,Nick Green,BOS,0.1
2009,janispa01,Paul Janish,CIN,-0.3
2009,morilju01,Juan Morillo,MIN,-0.2
2009,regisst01,Steven Register,PHI,0.0
2009,wilsojo03,Josh Wilson,2TM,-0.3
2009,wilsojo03,Josh Wilson,ARI,0.0
2009,wilsojo03,Josh Wilson,SDP,-0.3
2009,davidda02,Daniel Davidson,LAA,0.0
2009,gordoto01,Tom Gordon,ARI,-0.3
2009,waddeja01,Jason Waddell,CHC,0.0
2009,lizra01,Radhames Liz,BAL,-0.5
2009,sadlebi01,Billy Sadler,HOU,-0.1
2009,whislwe01,Wes Whisler,CHW,-0.1
2009,browndu01,Dusty Brown,BOS,0.0
2009,davidda01,Dave Davidson,FLA,-0.2
2009,gloadro01,Ross Gload,FLA,0.0
2009,kenneia01,Ian Kennedy,NYY,0.1
2009,mendolu01,Luis Mendoza,TEX,-0.1
2009,nunezvl01,Vladimir Núñez,ATL,-0.2
2009,riskeda01,David Riske,MIL,-0.1
2009,rossco01,Cody Ross,FLA,0.0
2009,rundlri01,Rich Rundles,CLE,0.0
2009,swishni01,Nick Swisher,NYY,0.0
2009,rodrife02,Fernando Rodriguez Jr.,LAA,-0.1
2009,vanevjo01,Jonathan Van Every,BOS,0.0
2009,foxch02,Chad Fox,CHC,-0.2
2009,loretma01,Mark Loretta,LAD,0.0
2010,hallaro01,Roy Halladay,PHI,8.5
2010,hernafe02,Félix Hernández,SEA,7.2
2010,sabatc.01,CC Sabathia,NYY,4.8
2010,carpech01,Chris Carpenter,STL,3.0
2010,harenda01,Dan Haren,2TM,3.1
2010,harenda01,Dan Haren,ARI,0.6
2010,harenda01,Dan Haren,LAA,2.5
2010,wainwad01,Adam Wainwright,STL,6.2
2010,hudsoti01,Tim Hudson,ATL,5.8
2010,verlaju01,Justin Verlander,DET,4.4
2010,weaveje02,Jered Weaver,LAA,5.2
2010,myersbr01,Brett Myers,HOU,4.9
2010,cainma01,Matt Cain,SFG,4.1
2010,santaer01,Ervin Santana,LAA,2.7
2010,jimenub01,Ubaldo Jiménez,COL,7.5
2010,pavanca01,Carl Pavano,MIN,3.8
2010,greinza01,Zack Greinke,KCR,3.5
2010,arroybr01,Bronson Arroyo,CIN,2.4
2010,wolfra02,Randy Wolf,MIL,1.5
2010,dempsry01,Ryan Dempster,CHC,2.7
2010,lackejo01,John Lackey,BOS,1.7
2010,danksjo01,John Danks,CHW,5.2
2010,linceti01,Tim Lincecum,SFG,3.3
2010,leecl02,Cliff Lee,2TM,5.1
2010,leecl02,Cliff Lee,SEA,3.5
2010,leecl02,Cliff Lee,TEX,1.6
2010,hernali01,Liván Hernández,WSN,3.2
2010,oswalro01,Roy Oswalt,2TM,6.0
2010,oswalro01,Roy Oswalt,HOU,2.6
2010,oswalro01,Roy Oswalt,PHI,3.3
2010,buehrma01,Mark Buehrle,CHW,3.8
2010,carmofa01,Roberto Hernández,CLE,2.8
2010,romerri01,Ricky Romero,TOR,3.2
2010,guthrje01,Jeremy Guthrie,BAL,4.5
2010,jacksed01,Edwin Jackson,2TM,1.9
2010,jacksed01,Edwin Jackson,ARI,0.1
2010,jacksed01,Edwin Jackson,CHW,1.9
2010,hamelco01,Cole Hamels,PHI,5.5
2010,priceda01,David Price,TBR,4.7
2010,lestejo01,Jon Lester,BOS,5.2
2010,garzama01,Matt Garza,TBR,1.6
2010,kershcl01,Clayton Kershaw,LAD,5.6
2010,pelfrmi01,Mike Pelfrey,NYM,2.6
2010,wilsocj01,C.J. Wilson,TEX,5.0
2010,shielja02,James Shields,TBR,-1.5
2010,saundjo01,Joe Saunders,2TM,-0.1
2010,saundjo01,Joe Saunders,LAA,0.0
2010,saundjo01,Joe Saunders,ARI,-0.1
2010,hansoto01,Tommy Hanson,ATL,2.8
2010,westbja01,Jake Westbrook,2TM,1.8
2010,westbja01,Jake Westbrook,CLE,0.9
2010,westbja01,Jake Westbrook,STL,0.9
2010,richacl01,Clayton Richard,SDP,1.0
2010,lewisco01,Colby Lewis,TEX,3.7
2010,gonzagi01,Gio González,OAK,3.9
2010,garlajo01,Jon Garland,SDP,1.3
2010,lopezro02,Rodrigo López,ARI,-0.6
2010,zitoba01,Barry Zito,SFG,1.1
2010,santajo02,Johan Santana,NYM,4.7
2010,cahiltr01,Trevor Cahill,OAK,3.9
2010,kurodhi01,Hiroki Kuroda,LAD,3.6
2010,scherma01,Max Scherzer,DET,3.4
2010,marcush01,Shaun Marcum,TOR,4.1
2010,rodriwa01,Wandy Rodríguez,HOU,2.5
2010,sanchan01,Aníbal Sánchez,FLA,3.1
2010,wellsra01,Randy Wells,CHC,2.8
2010,kenneia01,Ian Kennedy,ARI,3.0
2010,lowede01,Derek Lowe,ATL,2.0
2010,lillyte01,Ted Lilly,2TM,4.0
2010,lillyte01,Ted Lilly,CHC,2.1
2010,lillyte01,Ted Lilly,LAD,1.9
2010,sanchjo01,Jonathan Sánchez,SFG,3.2
2010,bradeda01,Dallas Braden,OAK,2.5
2010,vargaja01,Jason Vargas,SEA,2.6
2010,billich01,Chad Billingsley,LAD,3.6
2010,liriafr01,Francisco Liriano,MIN,4.2
2010,millwke01,Kevin Millwood,BAL,0.3
2010,floydga01,Gavin Floyd,CHW,3.3
2010,burnea.01,A.J. Burnett,NYY,-0.7
2010,cuetojo01,Johnny Cueto,CIN,2.4
2010,maholpa01,Paul Maholm,PIT,0.3
2010,gallayo01,Yovani Gallardo,MIL,1.9
2010,latosma01,Mat Latos,SDP,3.2
2010,davieky01,Kyle Davies,KCR,1.2
2010,johnsjo09,Josh Johnson,FLA,7.0
2010,kendrky01,Kyle Kendrick,PHI,0.4
2010,masteju01,Justin Masterson,CLE,0.2
2010,hammeja01,Jason Hammel,COL,1.6
2010,hugheph01,Phil Hughes,NYY,2.1
2010,blantjo01,Joe Blanton,PHI,0.0
2010,matusbr01,Brian Matusz,BAL,2.8
2010,volstch01,Chris Volstad,FLA,1.5
2010,bushda01,Dave Bush,MIL,-1.1
2010,dicker.01,R.A. Dickey,NYM,3.6
2010,niemaje01,Jeff Niemann,TBR,0.6
2010,buchhcl01,Clay Buchholz,BOS,5.6
2010,niesejo01,Jon Niese,NYM,0.0
2010,cecilbr01,Brett Cecil,TOR,2.2
2010,bondeje01,Jeremy Bonderman,DET,-1.2
2010,fistedo01,Doug Fister,SEA,1.2
2010,bakersc02,Scott Baker,MIN,1.5
2010,bergebr02,Brad Bergesen,BAL,0.3
2010,daviswa01,Wade Davis,TBR,1.4
2010,narvech01,Chris Narveson,MIL,-0.2
2010,garcija02,Jaime García,STL,2.7
2010,porceri01,Rick Porcello,DET,0.2
2010,blackni01,Nick Blackburn,MIN,-0.3
2010,talbomi01,Mitch Talbot,CLE,0.7
2010,dukeza01,Zach Duke,PIT,-1.1
2010,nolasri01,Ricky Nolasco,FLA,1.4
2010,vazquja01,Javier Vázquez,NYY,-0.6
2010,garcifr03,Freddy García,CHW,2.1
2010,sloweke01,Kevin Slowey,MIN,1.0
2010,matsuda01,Daisuke Matsuzaka,BOS,1.0
2010,norribu01,Bud Norris,HOU,-0.4
2010,pineijo01,Joel Piñeiro,LAA,2.6
2010,kazmisc01,Scott Kazmir,LAA,-1.0
2010,morrobr01,Brandon Morrow,TOR,1.8
2010,leblawa01,Wade LeBlanc,SDP,0.1
2010,correke01,Kevin Correia,SDP,-1.7
2010,galarar01,Armando Galarraga,DET,1.0
2010,lannajo01,John Lannan,WSN,0.1
2010,feldmsc01,Scott Feldman,TEX,-0.9
2010,chenbr01,Bruce Chen,KCR,2.9
2010,wakefti01,Tim Wakefield,BOS,-0.6
2010,leakemi01,Mike Leake,CIN,-0.2
2010,chacijh01,Jhoulys Chacín,COL,2.6
2010,gorzeto01,Tom Gorzelanny,CHC,2.0
2010,duensbr01,Brian Duensing,MIN,3.6
2010,zambrca01,Carlos Zambrano,CHC,2.6
2010,pettian01,Andy Pettitte,NYY,2.6
2010,hunteto02,Tommy Hunter,TEX,2.7
2010,stammcr01,Craig Stammen,WSN,-0.4
2010,bannibr01,Brian Bannister,KCR,-0.2
2010,beckejo02,Josh Beckett,BOS,-1.0
2010,cookaa01,Aaron Cook,COL,0.3
2010,karstje01,Jeff Karstens,PIT,0.8
2010,mazzavi01,Vin Mazzaro,OAK,-0.3
2010,parrama01,Manny Parra,MIL,-0.6
2010,takahhi01,Hisanori Takahashi,NYM,1.3
2010,rosajo01,Jorge De La Rosa,COL,1.6
2010,sheetbe01,Ben Sheets,OAK,0.2
2010,jurrjja01,Jair Jurrjens,ATL,0.2
2010,silvaca01,Carlos Silva,CHC,1.9
2010,anderbr04,Brett Anderson,OAK,1.9
2010,haranaa01,Aaron Harang,CIN,-0.9
2010,moyerja01,Jamie Moyer,PHI,0.2
2010,bumgama01,Madison Bumgarner,SFG,2.4
2010,rowlary01,Ryan Rowland-Smith,SEA,-2.6
2010,baileho02,Homer Bailey,CIN,0.5
2010,ohlenro01,Ross Ohlendorf,PIT,1.7
2010,medlekr01,Kris Medlen,ATL,1.1
2010,peavyja01,Jake Peavy,CHW,1.5
2010,francje01,Jeff Francis,COL,0.4
2010,hochelu01,Luke Hochevar,KCR,1.0
2010,woodtr01,Travis Wood,CIN,1.3
2010,roberna01,Nate Robertson,2TM,-0.9
2010,roberna01,Nate Robertson,FLA,-0.7
2010,roberna01,Nate Robertson,PHI,-0.2
2010,suppaje01,Jeff Suppan,2TM,-0.5
2010,suppaje01,Jeff Suppan,MIL,-0.8
2010,suppaje01,Jeff Suppan,STL,0.3
2010,penato03,Tony Peña,CHW,0.0
2010,arrieja01,Jake Arrieta,BAL,0.8
2010,elyjo01,John Ely,LAD,-0.3
2010,enrigba01,Barry Enright,ARI,1.5
2010,hudsoda01,Daniel Hudson,2TM,3.6
2010,hudsoda01,Daniel Hudson,CHW,-0.2
2010,hudsoda01,Daniel Hudson,ARI,3.8
2010,padilvi01,Vicente Padilla,LAD,1.2
2010,figuene01,Nelson Figueroa,2TM,1.6
2010,figuene01,Nelson Figueroa,PHI,0.4
2010,figuene01,Nelson Figueroa,HOU,1.2
2010,belisma01,Matt Belisle,COL,1.9
2010,harderi01,Rich Harden,TEX,-0.1
2010,lohseky01,Kyle Lohse,STL,-2.3
2010,paulife01,Felipe Paulino,HOU,-0.7
2010,clippty01,Tyler Clippard,WSN,1.6
2010,pauleda01,David Pauley,SEA,0.8
2010,hawksbl01,Blake Hawksworth,STL,-0.9
2010,monasca01,Carlos Monasterios,LAD,0.5
2010,frenclu01,Luke French,SEA,0.4
2010,kawakke01,Kenshin Kawakami,ATL,-0.8
2010,happja01,J.A. Happ,2TM,1.5
2010,happja01,J.A. Happ,PHI,0.5
2010,happja01,J.A. Happ,HOU,1.0
2010,atilalu01,Luis Atilano,WSN,-0.6
2010,osullse01,Sean O'Sullivan,2TM,0.5
2010,osullse01,Sean O'Sullivan,LAA,0.5
2010,osullse01,Sean O'Sullivan,KCR,-0.1
2010,ventejo01,Jonny Venters,ATL,1.3
2010,batismi01,Miguel Batista,WSN,0.8
2010,staufti01,Tim Stauffer,SDP,2.1
2010,olsensc01,Scott Olsen,WSN,-0.5
2010,sonnaan01,Andy Sonnanstine,TBR,0.2
2010,meekev01,Evan Meek,PIT,2.4
2010,huffda01,David Huff,CLE,-1.1
2010,mortoch02,Charlie Morton,PIT,-2.3
2010,burrebr01,Brian Burres,PIT,0.4
2010,hernada01,David Hernández,BAL,0.8
2010,leagubr01,Brandon League,SEA,0.1
2010,gregelu01,Luke Gregerson,SDP,0.4
2010,harrima01,Matt Harrison,TEX,0.0
2010,carradj01,D.J. Carrasco,2TM,0.5
2010,carradj01,D.J. Carrasco,PIT,0.8
2010,carradj01,D.J. Carrasco,ARI,-0.3
2010,lyonbr01,Brandon Lyon,HOU,1.7
2010,marmoca01,Carlos Mármol,CHC,2.7
2010,tallebr01,Brian Tallet,TOR,-1.3
2010,masseni01,Nick Masset,CIN,0.8
2010,alberma01,Matt Albers,BAL,0.3
2010,hendrma01,Mark Hendrickson,BAL,-0.3
2010,mccleky01,Kyle McClellan,STL,1.8
2010,henslcl01,Clay Hensley,FLA,2.5
2010,bardda01,Daniel Bard,BOS,3.1
2010,breslcr01,Craig Breslow,OAK,1.2
2010,marshse01,Sean Marshall,CHC,2.0
2010,wilsobr01,Brian Wilson,SFG,2.8
2010,tomlijo01,Josh Tomlin,CLE,0.4
2010,cappsma01,Matt Capps,2TM,1.3
2010,cappsma01,Matt Capps,WSN,0.4
2010,cappsma01,Matt Capps,MIN,0.9
2010,cordefr01,Francisco Cordero,CIN,0.3
2010,campsh01,Shawn Camp,TOR,1.6
2010,sanabal01,Alex Sanabia,FLA,1.0
2010,heilmaa01,Aaron Heilman,ARI,-0.1
2010,rogeres01,Esmil Rogers,COL,-1.7
2010,chambjo03,Joba Chamberlain,NYY,0.1
2010,mcdonja03,James McDonald,2TM,1.3
2010,mcdonja03,James McDonald,LAD,-0.3
2010,mcdonja03,James McDonald,PIT,1.6
2010,guerrma02,Matt Guerrier,MIN,1.1
2010,bellhe01,Heath Bell,SDP,1.9
2010,hanrajo01,Joel Hanrahan,PIT,1.3
2010,mujiced01,Edward Mujica,SDP,0.2
2010,felizne01,Neftalí Feliz,TEX,2.5
2010,thomabr01,Brad Thomas,DET,0.6
2010,wagnebi02,Billy Wagner,ATL,2.5
2010,ramirra02,Ramón Ramírez,2TM,1.3
2010,ramirra02,Ramón Ramírez,BOS,0.3
2010,ramirra02,Ramón Ramírez,SFG,1.0
2010,durbich01,Chad Durbin,PHI,0.7
2010,janssca01,Casey Janssen,TOR,0.9
2010,bonined01,Eddie Bonine,DET,0.0
2010,crainje01,Jesse Crain,MIN,1.0
2010,rodnefe01,Fernando Rodney,LAA,0.1
2010,strasst01,Stephen Strasburg,WSN,1.5
2010,badenbu01,Burke Badenhop,FLA,0.4
2010,mccutda01,Daniel McCutchen,PIT,-0.5
2010,boggsmi01,Mitchell Boggs,STL,0.3
2010,lopezwi01,Wilton López,HOU,1.4
2010,papeljo01,Jonathan Papelbon,BOS,0.1
2010,adamsmi03,Mike Adams,SDP,1.9
2010,capuach01,Chris Capuano,MIL,0.8
2010,soriajo01,Joakim Soria,KCR,3.7
2010,willido03,Dontrelle Willis,2TM,-0.2
2010,willido03,Dontrelle Willis,DET,0.2
2010,willido03,Dontrelle Willis,ARI,-0.3
2010,moseldu01,Dustin Moseley,NYY,0.3
2010,gaudich01,Chad Gaudin,2TM,-1.0
2010,gaudich01,Chad Gaudin,OAK,-0.9
2010,gaudich01,Chad Gaudin,NYY,-0.1
2010,frankry01,Ryan Franklin,STL,0.7
2010,nunezle01,Juan Carlos Oviedo,FLA,1.0
2010,cokeph01,Phil Coke,DET,0.5
2010,farnsky01,Kyle Farnsworth,2TM,1.3
2010,farnsky01,Kyle Farnsworth,KCR,1.5
2010,farnsky01,Kyle Farnsworth,ATL,-0.2
2010,doteloc01,Octavio Dotel,3TM,0.4
2010,doteloc01,Octavio Dotel,PIT,0.2
2010,doteloc01,Octavio Dotel,LAD,0.3
2010,doteloc01,Octavio Dotel,COL,-0.1
2010,frasoja01,Jason Frasor,TOR,0.7
2010,moylape01,Peter Moylan,ATL,0.9
2010,rzepcma01,Marc Rzepczynski,TOR,0.2
2010,sanchbr01,Brian Sanches,FLA,1.5
2010,parkch01,Chan Ho Park,2TM,-0.3
2010,parkch01,Chan Ho Park,NYY,-0.5
2010,parkch01,Chan Ho Park,PIT,0.2
2010,burnese01,Sean Burnett,WSN,2.0
2010,perezch01,Chris Pérez,CLE,2.6
2010,sippto01,Tony Sipp,CLE,0.3
2010,valvejo01,José Valverde,DET,1.1
2010,felicpe01,Pedro Feliciano,NYM,0.9
2010,perryry01,Ryan Perry,DET,0.8
2010,volqued01,Edinson Vólquez,CIN,0.5
2010,chaveje01,Jesse Chavez,2TM,-0.9
2010,chaveje01,Jesse Chavez,ATL,-0.4
2010,chaveje01,Jesse Chavez,KCR,-0.5
2010,berkeja01,Jason Berken,BAL,1.3
2010,betanra01,Rafael Betancourt,COL,1.2
2010,broxtjo01,Jonathan Broxton,LAD,0.3
2010,coffeto01,Todd Coffey,MIL,-0.9
2010,corpama01,Manny Corpas,COL,0.1
2010,soriara01,Rafael Soriano,TBR,2.1
2010,cormila01,Lance Cormier,TBR,0.2
2010,odayda01,Darren O'Day,TEX,2.4
2010,romose01,Sergio Romo,SFG,1.7
2010,mechegi01,Gil Meche,KCR,0.0
2010,oliveda02,Darren Oliver,TEX,1.7
2010,downssc01,Scott Downs,TOR,1.8
2010,roberda08,David Robertson,NYY,0.8
2010,texeika01,Kanekoa Texeira,2TM,0.1
2010,texeika01,Kanekoa Texeira,SEA,-0.2
2010,texeika01,Kanekoa Texeira,KCR,0.3
2010,belltr01,Trevor Bell,LAA,-0.1
2010,perezra01,Rafael Pérez,CLE,1.1
2010,tejedro01,Rob Tejeda,KCR,1.2
2010,thornma01,Matt Thornton,CHW,2.2
2010,zieglbr01,Brad Ziegler,OAK,0.7
2010,benoijo01,Joaquin Benoit,TBR,2.2
2010,atchisc01,Scott Atchison,BOS,-0.3
2010,kuoho01,Hung-Chih Kuo,LAD,3.2
2010,riverma01,Mariano Rivera,NYY,2.4
2010,greggke01,Kevin Gregg,TOR,1.0
2010,jepseke01,Kevin Jepsen,LAA,0.5
2010,webbry01,Ryan Webb,SDP,0.4
2010,quallch01,Chad Qualls,2TM,-2.9
2010,quallch01,Chad Qualls,ARI,-2.2
2010,quallch01,Chad Qualls,TBR,-0.7
2010,marquja01,Jason Marquis,WSN,-1.2
2010,ondrulo01,Logan Ondrusek,CIN,0.4
2010,valdera02,Raúl Valdés,NYM,-0.3
2010,welleto01,Todd Wellemeyer,SFG,-0.6
2010,loeka01,Kameron Loe,MIL,0.8
2010,wrighja01,Jamey Wright,2TM,-0.3
2010,wrighja01,Jamey Wright,CLE,-0.7
2010,wrighja01,Jamey Wright,SEA,0.4
2010,axforjo01,John Axford,MIL,1.6
2010,gomezje01,Jeanmar Gómez,CLE,-0.3
2010,rauchjo01,Jon Rauch,MIN,1.2
2010,lopezja02,Javier López,2TM,1.7
2010,lopezja02,Javier López,PIT,0.9
2010,lopezja02,Javier López,SFG,0.8
2010,gallase01,Sean Gallagher,2TM,-0.7
2010,gallase01,Sean Gallagher,SDP,-0.2
2010,gallase01,Sean Gallagher,PIT,-0.5
2010,hollade01,Derek Holland,TEX,0.6
2010,linebsc01,Scott Linebrink,CHW,0.4
2010,rodrifr03,Francisco Rodríguez,NYM,1.8
2010,boyerbl01,Blaine Boyer,ARI,-0.2
2010,colemca01,Casey Coleman,CHC,0.9
2010,contrjo01,José Contreras,PHI,0.9
2010,gutieju01,J.C. Gutiérrez,ARI,-0.5
2010,moehlbr01,Brian Moehler,HOU,0.2
2010,nippedu01,Dustin Nippert,TEX,0.5
2010,hughedu01,Dusty Hughes,KCR,0.8
2010,laffeaa01,Aaron Laffey,CLE,0.3
2010,pennybr01,Brad Penny,STL,0.6
2010,raych01,Chris Ray,2TM,0.8
2010,raych01,Chris Ray,TEX,0.7
2010,raych01,Chris Ray,SFG,0.1
2010,balfogr01,Grant Balfour,TBR,1.2
2010,belisro01,Ronald Belisario,LAD,-0.1
2010,garcija01,Santiago Casilla,SFG,1.6
2010,storedr01,Drew Storen,WSN,0.4
2010,rhodear01,Arthur Rhodes,CIN,1.6
2010,cashnan01,Andrew Cashner,CHC,-0.1
2010,evelada01,Dana Eveland,2TM,-0.9
2010,evelada01,Dana Eveland,TOR,-0.7
2010,evelada01,Dana Eveland,PIT,-0.2
2010,mitrese01,Sergio Mitre,NYY,0.7
2010,motagu01,Guillermo Mota,SFG,-0.3
2010,putzjj01,J.J. Putz,CHW,1.7
2010,saitota01,Takashi Saito,ATL,0.7
2010,troncra01,Ramón Troncoso,LAD,0.1
2010,tillmch01,Chris Tillman,BAL,-0.1
2010,vasques01,Esmerling Vásquez,ARI,-0.3
2010,lindsma01,Matt Lindstrom,HOU,0.3
2010,madsory01,Ryan Madson,PHI,1.3
2010,francfr01,Frank Francisco,TEX,0.8
2010,jenksbo01,Bobby Jenks,CHW,0.3
2010,lincobr01,Brad Lincoln,PIT,-0.8
2010,villaca01,Carlos Villanueva,MIL,-0.1
2010,herndda01,David Herndon,PHI,0.1
2010,motteja01,Jason Motte,STL,1.4
2010,delcama01,Manny Delcarmen,2TM,0.0
2010,delcama01,Manny Delcarmen,BOS,0.1
2010,delcama01,Manny Delcarmen,COL,-0.1
2010,santose01,Sergio Santos,CHW,1.5
2010,affelje01,Jeremy Affeldt,SFG,-0.1
2010,aardsda01,David Aardsma,SEA,0.7
2010,woodbl01,Blake Wood,KCR,0.1
2010,simonal01,Alfredo Simón,BAL,-0.4
2010,bailean01,Andrew Bailey,OAK,2.1
2010,peraljo01,Joel Peralta,WSN,1.4
2010,russeja02,James Russell,CHC,-0.7
2010,blevije01,Jerry Blevins,OAK,0.5
2010,ambrihe01,Héctor Ambriz,CLE,-0.3
2010,wheelda01,Dan Wheeler,TBR,0.3
2010,lecursa01,Sam LeCure,CIN,0.1
2010,martijd01,J.D. Martin,WSN,-0.3
2010,verasjo01,José Veras,FLA,0.6
2010,fuentbr01,Brian Fuentes,2TM,0.9
2010,fuentbr01,Brian Fuentes,LAA,0.3
2010,fuentbr01,Brian Fuentes,MIN,0.6
2010,baezda01,Danys Báez,PHI,-0.5
2010,burneal01,Alex Burnett,MIN,-0.1
2010,fulchje01,Jeff Fulchino,HOU,-0.3
2010,hoffmtr01,Trevor Hoffman,MIL,-0.9
2010,rodrifr04,Francisco Rodríguez,LAA,0.2
2010,streehu01,Huston Street,COL,0.8
2010,desseel01,Elmer Dessens,NYM,1.0
2010,litscje01,Jesse Litsch,TOR,0.0
2010,perezol01,Óliver Pérez,NYM,-1.2
2010,snellia01,Ian Snell,SEA,-0.8
2010,okajihi01,Hideki Okajima,BOS,0.1
2010,shielsc01,Scot Shields,LAA,-0.4
2010,woodke02,Kerry Wood,2TM,0.9
2010,woodke02,Kerry Wood,CLE,-0.6
2010,woodke02,Kerry Wood,NYY,1.5
2010,lidgebr01,Brad Lidge,PHI,1.1
2010,beimejo01,Joe Beimel,COL,0.9
2010,carraca01,Carlos Carrasco,CLE,0.7
2010,choatra01,Randy Choate,TBR,-0.1
2010,herrmfr01,Frank Herrmann,CLE,0.2
2010,weaveje01,Jeff Weaver,LAD,-0.6
2010,oflaher01,Eric O'Flaherty,ATL,0.9
2010,ueharko01,Koji Uehara,BAL,1.3
2010,bullibr01,Bryan Bullington,KCR,-0.1
2010,nievefe01,Fernando Nieve,NYM,-0.8
2010,novaiv01,Iván Nova,NYY,0.4
2010,smithjo06,Jordan Smith,CIN,0.3
2010,ohmanwi01,Will Ohman,2TM,0.8
2010,ohmanwi01,Will Ohman,BAL,0.7
2010,ohmanwi01,Will Ohman,FLA,0.1
2010,ogandal01,Alexi Ogando,TEX,2.1
2010,minormi01,Mike Minor,ATL,-0.5
2010,slatedo01,Doug Slaten,WSN,0.3
2010,bergju01,Justin Berg,CHC,-0.3
2010,loganbo02,Boone Logan,NYY,1.0
2010,smithjo05,Joe Smith,CLE,0.5
2010,acostma01,Manny Acosta,NYM,0.7
2010,mainejo01,John Maine,NYM,-0.6
2010,wuertmi01,Michael Wuertz,OAK,-0.1
2010,rossty01,Tyson Ross,OAK,-0.3
2010,mejiaje01,Jenrry Mejía,NYM,-0.1
2010,smithgr02,Greg Smith,COL,-0.4
2010,byrdati01,Tim Byrdak,HOU,0.7
2010,chacigu01,Gustavo Chacín,HOU,-0.1
2010,davisdo02,Doug Davis,MIL,-1.2
2010,zumayjo01,Joel Zumaya,DET,0.8
2010,reyesde01,Dennys Reyes,STL,0.4
2010,mischpa01,Pat Misch,NYM,0.0
2010,olsonga01,Garrett Olson,SEA,0.0
2010,demelsa01,Sam Demel,ARI,-0.8
2010,sweenbr01,Brian Sweeney,SEA,0.3
2010,romerj.01,J.C. Romero,PHI,0.4
2010,sosajo02,Jorge Sosa,FLA,-0.1
2010,hellije01,Jeremy Hellickson,TBR,0.6
2010,lewisje01,Jensen Lewis,CLE,0.8
2010,sherrge01,George Sherrill,LAD,-0.9
2010,milletr02,Trever Miller,STL,0.0
2010,germaju01,Justin Germano,CLE,0.3
2010,walkety01,Tyler Walker,WSN,0.2
2010,parnebo01,Bobby Parnell,NYM,0.4
2010,thatcjo01,Joe Thatcher,SDP,1.3
2010,howrybo01,Bob Howry,2TM,-1.5
2010,howrybo01,Bob Howry,ARI,-0.8
2010,howrybo01,Bob Howry,CHC,-0.7
2010,whitese02,Sean White,SEA,-0.3
2010,mahayro01,Ron Mahay,MIN,0.4
2010,purceda01,David Purcey,TOR,0.3
2010,bautide01,Denny Bautista,SFG,0.3
2010,braddza01,Zach Braddock,MIL,0.8
2010,palmema01,Matt Palmer,LAA,-0.1
2010,owingmi01,Micah Owings,CIN,-0.3
2010,geedi01,Dillon Gee,NYM,0.9
2010,wrighwe01,Wesley Wright,HOU,-0.6
2010,mijarjo01,José Mijares,MIN,0.5
2010,millean01,Andrew Miller,FLA,-1.2
2010,runzlda01,Dan Runzler,SFG,0.4
2010,frierer01,Ernesto Frieri,SDP,0.7
2010,zimmejo02,Jordan Zimmermann,WSN,-0.2
2010,florera01,Randy Flores,2TM,0.7
2010,florera01,Randy Flores,COL,0.6
2010,florera01,Randy Flores,MIN,0.0
2010,donnebr01,Brendan Donnelly,PIT,-0.4
2010,salasfe01,Fernando Salas,STL,0.2
2010,igarary01,Ryota Igarashi,NYM,-0.9
2010,sampsch01,Chris Sampson,HOU,-0.5
2010,haegech01,Charlie Haeger,LAD,-1.1
2010,ortizra02,Ramón Ortiz,LAD,-0.5
2010,waltepj01,P.J. Walters,STL,-0.4
2010,detwiro01,Ross Detwiler,WSN,-0.4
2010,weinhro01,Robbie Weinhardt,DET,-0.9
2010,diamoth01,Thomas Diamond,CHC,-0.4
2010,manshje01,Jeff Manship,MIN,-0.3
2010,moralfr01,Franklin Morales,COL,-0.7
2010,braybi01,Bill Bray,CIN,0.2
2010,duchsju01,Justin Duchscherer,OAK,0.3
2010,martevi01,Víctor Marte,KCR,-0.9
2010,rodrihe03,Henry Rodríguez,OAK,-0.1
2010,woodti01,Tim Wood,FLA,-0.4
2010,janseke01,Kenley Jansen,LAD,1.4
2010,johnsji04,Jim Johnson,BAL,0.6
2010,lerewan01,Anthony Lerew,KCR,-0.7
2010,gonzaen01,Enrique González,DET,0.3
2010,marticr01,Cristhian Martínez,ATL,-0.1
2010,mayayu01,Yunesky Maya,WSN,-0.3
2010,grabojo02,John Grabow,CHC,-0.9
2010,doubrfe01,Félix Doubront,BOS,-0.1
2010,kellesh01,Shawn Kelley,SEA,0.2
2010,willira01,Randy Williams,CHW,-0.1
2010,bonsebo01,Boof Bonser,2TM,-0.2
2010,bonsebo01,Boof Bonser,BOS,-0.1
2010,bonsebo01,Boof Bonser,OAK,-0.1
2010,gonzami02,Mike González,BAL,0.4
2010,mendead01,Adalberto Méndez,FLA,0.1
2010,milleju01,Justin Miller,LAD,0.1
2010,bulgeja01,Jason Bulger,LAA,-0.1
2010,harrelu01,Lucas Harrell,CHW,-0.2
2010,cramebo01,Bobby Cramer,OAK,0.5
2010,daleyma01,Matt Daley,COL,0.2
2010,riskeda01,David Riske,MIL,-0.1
2010,salech01,Chris Sale,CHW,1.2
2010,herreda01,Danny Herrera,CIN,0.2
2010,nifu01,Fu-Te Ni,DET,-0.6
2010,schlitr01,Travis Schlichting,LAD,0.3
2010,lerouch01,Chris Leroux,2TM,-0.5
2010,lerouch01,Chris Leroux,FLA,-0.4
2010,lerouch01,Chris Leroux,PIT,0.0
2010,fisheca01,Carlos Fisher,CIN,-0.2
2010,mathido01,Doug Mathis,TEX,-0.1
2010,millsbr02,Brad Mills,TOR,0.0
2010,ottavad01,Adam Ottavino,STL,-0.6
2010,seddoch01,Chris Seddon,SEA,-0.2
2010,olivean01,Andy Oliver,DET,-0.7
2010,humbeph01,Philip Humber,KCR,0.5
2010,mateoma01,Marcos Mateo,CHC,-0.2
2010,perkigl01,Glen Perkins,MIN,-0.3
2010,kohnmi01,Michael Kohn,LAA,0.7
2010,melanma01,Mark Melancon,2TM,0.0
2010,melanma01,Mark Melancon,NYY,-0.1
2010,melanma01,Mark Melancon,HOU,0.1
2010,balesco01,Collin Balester,WSN,0.4
2010,mcclemi01,Mike McClendon,MIL,0.4
2010,resopch01,Chris Resop,2TM,0.4
2010,resopch01,Chris Resop,ATL,-0.2
2010,resopch01,Chris Resop,PIT,0.6
2010,hillsh01,Shawn Hill,TOR,0.4
2010,kimbrcr01,Craig Kimbrel,ATL,0.8
2010,malonma02,Matt Maloney,CIN,0.5
2010,cassebo01,Bobby Cassevah,LAA,0.0
2010,norbejo01,Jordan Norberto,ARI,-0.2
2010,rosaca01,Carlos Rosa,ARI,0.1
2010,valdece01,César Valdez,ARI,-0.7
2010,youngch03,Chris Young,SDP,1.0
2010,ledezwi01,Wil Ledezma,PIT,-0.3
2010,lincomi01,Mike Lincoln,CIN,-0.6
2010,thompbr01,Brad Thompson,KCR,-0.4
2010,thompri03,Rich Thompson,LAA,0.6
2010,vargacl01,Claudio Vargas,MIL,-0.5
2010,taschja01,Jack Taschner,2TM,-0.2
2010,taschja01,Jack Taschner,PIT,-0.1
2010,taschja01,Jack Taschner,LAD,-0.1
2010,martijo07,Joe Martinez,2TM,-0.1
2010,martijo07,Joe Martinez,SFG,-0.1
2010,martijo07,Joe Martinez,PIT,0.0
2010,samarje01,Jeff Samardzija,CHC,-0.8
2010,abadfe01,Fernando Abad,HOU,0.5
2010,dunnmi01,Mike Dunn,ATL,0.5
2010,roenijo01,Josh Roenicke,TOR,-0.3
2010,bastaan01,Antonio Bastardo,PHI,0.1
2010,hollagr01,Greg Holland,KCR,-0.2
2010,lewisro01,Rommie Lewis,TOR,-0.2
2010,macdomi01,Mike MacDougal,STL,-0.5
2010,schleda01,Daniel Schlereth,DET,0.3
2010,reynoma02,Matt Reynolds,COL,0.7
2010,brunebr01,Brian Bruney,WSN,-0.9
2010,luebkco01,Cory Luebke,SDP,0.1
2010,marteda01,Dámaso Marte,NYY,0.2
2010,steveje01,Jeff Stevens,CHC,-0.5
2010,vanderi01,Rick van den Hurk,2TM,-0.2
2010,vanderi01,Rick van den Hurk,FLA,-0.3
2010,vanderi01,Rick van den Hurk,BAL,0.0
2010,matafr01,Frank Mata,BAL,-0.4
2010,colomje01,Jesús Colomé,SEA,-0.1
2010,drabeky01,Kyle Drabek,TOR,0.1
2010,pintore01,Renyel Pinto,FLA,0.5
2010,stokebr01,Brian Stokes,LAA,-0.6
2010,ekstrmi01,Mike Ekstrom,TBR,0.2
2010,kirkmmi01,Michael Kirkman,TEX,0.7
2010,rosalle01,Leo Rosales,ARI,-0.4
2010,hawkila01,LaTroy Hawkins,MIL,-0.8
2010,russead01,Adam Russell,SDP,0.0
2010,bowdemi01,Michael Bowden,BOS,0.1
2010,waldejo01,Jordan Walden,LAA,0.4
2010,beachbr01,Brandon Beachy,ATL,0.0
2010,meddebr01,Brandon Medders,SFG,-0.4
2010,meredcl01,Cla Meredith,BAL,0.0
2010,figaral01,Alfredo Fígaro,DET,-0.4
2010,bensokr01,Kris Benson,ARI,-0.1
2010,bowerce01,Cedrick Bowers,OAK,-0.1
2010,carlsje01,Jesse Carlson,TOR,0.1
2010,schoesc01,Scott Schoeneweis,BOS,-0.4
2010,torreca01,Carlos Torres,CHW,-0.2
2010,chapmar01,Aroldis Chapman,CIN,0.4
2010,lowema01,Mark Lowe,2TM,-0.2
2010,lowema01,Mark Lowe,SEA,0.0
2010,lowema01,Mark Lowe,TEX,-0.2
2010,bucknbi02,Billy Buckner,ARI,-0.7
2010,mainesc01,Scott Maine,CHC,0.3
2010,richadu02,Dustin Richardson,BOS,0.2
2010,thomaju01,Justin Thomas,PIT,-0.1
2010,worleva01,Vance Worley,PHI,0.6
2010,manuero01,Robert Manuel,BOS,0.1
2010,wolfro01,Ross Wolf,OAK,0.0
2010,threeer01,Erick Threets,CHW,0.6
2010,aceveal01,Alfredo Aceves,NYY,0.1
2010,tanketa01,Taylor Tankersley,FLA,-0.5
2010,buchhta01,Taylor Buchholz,2TM,0.1
2010,buchhta01,Taylor Buchholz,COL,0.1
2010,buchhta01,Taylor Buchholz,TOR,0.1
2010,albaljo01,Jonathan Albaladejo,NYY,0.1
2010,estrama01,Marco Estrada,MIL,-0.6
2010,jacksst01,Steven Jackson,PIT,-0.3
2010,buentja01,Jay Buente,FLA,-0.1
2010,ramired01,Edwar Ramírez,OAK,-0.1
2010,castial02,Alberto Castillo,BAL,-0.5
2010,stroppe01,Pedro Strop,TEX,-0.5
2010,daiglca01,Casey Daigle,HOU,-0.8
2010,atkinmi01,Mitch Atkins,CHC,-0.2
2010,jeffrje01,Jeremy Jeffress,MIL,0.1
2010,rogerma01,Mark Rogers,MIL,0.4
2010,delroen01,Enerio Del Rosario,2TM,-0.1
2010,delroen01,Enerio Del Rosario,CIN,0.0
2010,delroen01,Enerio Del Rosario,HOU,-0.1
2010,cordech01,Chad Cordero,SEA,-0.2
2010,rupejo01,Josh Rupe,KCR,0.0
2010,grayje02,Jeff Gray,CHC,-0.3
2010,greense01,Sean Green,NYM,-0.2
2010,meyerda02,Dan Meyer,FLA,-0.5
2010,westse01,Sean West,FLA,-0.2
2010,neshepa01,Pat Neshek,MIN,0.0
2010,rapadcl01,Clay Rapada,TEX,0.1
2010,cedajo01,José Ceda,FLA,0.0
2010,linkjo01,Jon Link,LAD,-0.1
2010,kilbybr01,Brad Kilby,OAK,0.2
2010,nelsojo01,Joe Nelson,BOS,-0.3
2010,ramosce01,César Ramos,SDP,-0.7
2010,schlibr01,Brian Schlitter,CHC,-0.6
2010,bassbr01,Brian Bass,PIT,-0.4
2010,kintzbr01,Brandon Kintzler,MIL,-0.2
2010,foxma01,Matt Fox,2TM,0.0
2010,foxma01,Matt Fox,MIN,0.2
2010,foxma01,Matt Fox,BOS,-0.2
2010,beltrom01,Omar Beltré,TEX,-0.2
2010,englije01,Jesse English,WSN,0.1
2010,ortizru01,Russ Ortiz,LAD,-0.4
2010,zagurmi01,Mike Zagurski,PHI,-0.3
2010,accarje01,Jeremy Accardo,TOR,-0.2
2010,kroenza01,Zach Kroenke,ARI,-0.1
2010,escaled01,Edgmer Escalona,COL,0.2
2010,mortecl01,Clayton Mortensen,OAK,-0.1
2010,parrijo01,John Parrish,KCR,0.3
2010,toddje01,Jess Todd,CLE,-0.1
2010,villahe02,Henry Villar,HOU,0.0
2010,coellro01,Robert Coello,BOS,0.0
2010,proctsc01,Scott Proctor,ATL,-0.1
2010,corteda02,Dan Cortes,SEA,0.0
2010,cruzju02,Juan Cruz,KCR,0.2
2010,chicoma01,Matt Chico,WSN,0.1
2010,mcgeeja01,Jake McGee,TBR,0.1
2010,pestavi01,Vinnie Pestano,CLE,0.1
2010,bisenjo01,Joe Bisenius,WSN,-0.2
2010,gabinar01,Armando Gabino,BAL,-0.3
2010,infangr01,Gregory Infante,CHW,0.2
2010,joaquwa01,Waldis Joaquín,SFG,-0.3
2010,slamaan01,Anthony Slama,MIN,-0.1
2010,rodrira01,Rafael Rodríguez,2TM,0.0
2010,rodrira01,Rafael Rodríguez,LAA,0.0
2010,rodrira01,Rafael Rodríguez,ARI,0.0
2010,cishest01,Steve Cishek,FLA,0.2
2010,hamptmi01,Mike Hampton,ARI,0.3
2010,sanchro01,Rómulo Sánchez,NYY,0.2
2010,banksjo01,Josh Banks,HOU,-0.2
2010,carides01,Esmailin Caridad,CHC,-0.6
2010,hillri01,Rich Hill,BOS,0.3
2010,jamesju01,Justin James,OAK,0.0
2010,mendolu01,Luis Mendoza,KCR,-0.7
2010,stangda01,Daniel Stange,ARI,-0.2
2010,varvaan01,Anthony Varvaro,SEA,-0.2
2010,gervasa01,Sammy Gervacio,HOU,-0.3
2010,mickoka01,Kam Mickolio,BAL,-0.1
2010,rayro01,Robert Ray,TOR,0.1
2010,riversa01,Saúl Rivera,ARI,-0.4
2010,stettmi01,Mitch Stetter,MIL,-0.5
2010,burtoja01,Jared Burton,CIN,0.1
2010,mockga01,Garrett Mock,WSN,0.0
2010,reyesjo03,Jo-Jo Reyes,ATL,-0.2
2010,smithch08,Chris Smith,MIL,0.0
2010,carpean01,Drew Carpenter,PHI,-0.1
2010,mulveke01,Kevin Mulvey,ARI,0.0
2010,dedunsa01,Sam Deduno,COL,0.0
2010,fienca01,Casey Fien,DET,-0.1
2010,marinjh01,Jhan Mariñez,FLA,-0.2
2010,bergmja01,Jason Bergmann,WSN,-0.2
2010,pennha01,Hayden Penn,PIT,-0.4
2010,ringro01,Royce Ring,NYY,-0.2
2010,stoneto01,Tobi Stoner,NYM,0.0
2010,colonro01,Román Colón,KCR,-0.2
2010,majewga01,Gary Majewski,HOU,-0.2
2010,mathejo02,Joe Mather,STL,-0.2
2010,milesaa01,Aaron Miles,STL,0.1
2010,rincoju01,Juan Rincón,COL,0.0
2010,sinkbbr01,Brett Sinkbeil,FLA,-0.2
2010,stricsc02,Scott Strickland,FLA,-0.1
2010,thayeda01,Dale Thayer,TBR,-0.2
2010,joneshu01,Hunter Jones,FLA,0.1
2010,mathisc01,Scott Mathieson,PHI,-0.1
2010,sprinru01,Russ Springer,CIN,0.0
2010,cabrefe01,Fernando Cabrera,BOS,-0.4
2010,houseja01,James Houser,FLA,-0.2
2010,valdeme01,Merkin Valdéz,TOR,-0.1
2010,violape01,Pedro Viola,BAL,-0.1
2010,cashke01,Kevin Cash,HOU,0.0
2010,delanro01,Rob Delaney,MIN,0.0
2010,hallbi03,Bill Hall,BOS,0.0
2010,inglejo01,Joe Inglett,MIL,0.0
2010,lopezfe01,Felipe López,STL,0.1
2010,maclaev01,Evan MacLane,STL,0.0
2010,marquje01,Jeff Marquez,CHW,-0.1
2010,martean01,Andy Marte,CLE,0.0
2010,perdolu01,Luis Perdomo,SDP,0.0
2010,rosarsa02,Sandy Rosario,FLA,-0.3
2010,vanevjo01,Jonathan Van Every,BOS,-0.1
2010,elbersc01,Scott Elbert,LAD,0.0
2010,jakubch01,Chris Jakubauskas,PIT,-0.2
2010,moscogu01,Guillermo Moscoso,TEX,-0.1
2010,pattotr01,Troy Patton,BAL,0.0
2010,sborzja01,Jay Sborz,DET,-0.3
2011,verlaju01,Justin Verlander,DET,8.6
2011,shielja02,James Shields,TBR,5.8
2011,harenda01,Dan Haren,LAA,4.2
2011,carpech01,Chris Carpenter,STL,3.5
2011,sabatc.01,CC Sabathia,NYY,6.4
2011,weaveje02,Jered Weaver,LAA,6.9
2011,hallaro01,Roy Halladay,PHI,8.8
2011,hernafe02,Félix Hernández,SEA,3.6
2011,kershcl01,Clayton Kershaw,LAD,6.8
2011,leecl02,Cliff Lee,PHI,8.5
2011,santaer01,Ervin Santana,LAA,2.8
2011,romerri01,Ricky Romero,TOR,6.4
2011,priceda01,David Price,TBR,3.3
2011,wilsocj01,C.J. Wilson,TEX,4.9
2011,hudsoda01,Daniel Hudson,ARI,1.5
2011,kenneia01,Ian Kennedy,ARI,4.8
2011,pavanca01,Carl Pavano,MIN,1.8
2011,cainma01,Matt Cain,SFG,3.1
2011,linceti01,Tim Lincecum,SFG,3.7
2011,fistedo01,Doug Fister,2TM,5.1
2011,fistedo01,Doug Fister,SEA,2.6
2011,fistedo01,Doug Fister,DET,2.5
2011,hamelco01,Cole Hamels,PHI,6.4
2011,masteju01,Justin Masterson,CLE,4.3
2011,myersbr01,Brett Myers,HOU,0.4
2011,hudsoti01,Tim Hudson,ATL,3.0
2011,wolfra02,Randy Wolf,MIL,2.5
2011,saundjo01,Joe Saunders,ARI,1.6
2011,dicker.01,R.A. Dickey,NYM,3.6
2011,guthrje01,Jeremy Guthrie,BAL,1.7
2011,cahiltr01,Trevor Cahill,OAK,2.8
2011,gallayo01,Yovani Gallardo,MIL,2.3
2011,nolasri01,Ricky Nolasco,FLA,0.6
2011,buehrma01,Mark Buehrle,CHW,3.8
2011,bumgama01,Madison Bumgarner,SFG,1.9
2011,dempsry01,Ryan Dempster,CHC,0.8
2011,gonzagi01,Gio González,OAK,4.4
2011,kurodhi01,Hiroki Kuroda,LAD,3.4
2011,vargaja01,Jason Vargas,SEA,0.7
2011,marcush01,Shaun Marcum,MIL,2.9
2011,lewisco01,Colby Lewis,TEX,1.8
2011,jacksed01,Edwin Jackson,2TM,3.0
2011,jacksed01,Edwin Jackson,CHW,2.4
2011,jacksed01,Edwin Jackson,STL,0.6
2011,arroybr01,Bronson Arroyo,CIN,-1.1
2011,garzama01,Matt Garza,CHC,2.7
2011,hochelu01,Luke Hochevar,KCR,0.9
2011,hollade01,Derek Holland,TEX,2.6
2011,sanchan01,Aníbal Sánchez,FLA,3.7
2011,scherma01,Max Scherzer,DET,1.4
2011,garcija02,Jaime García,STL,0.7
2011,latosma01,Mat Latos,SDP,2.0
2011,chacijh01,Jhoulys Chacín,COL,4.2
2011,floydga01,Gavin Floyd,CHW,2.8
2011,pelfrmi01,Mike Pelfrey,NYM,0.4
2011,beckejo02,Josh Beckett,BOS,5.8
2011,lillyte01,Ted Lilly,LAD,1.6
2011,vazquja01,Javier Vázquez,FLA,2.8
2011,lestejo01,Jon Lester,BOS,4.3
2011,rodriwa01,Wandy Rodríguez,HOU,2.6
2011,burnea.01,A.J. Burnett,NYY,0.0
2011,hellije01,Jeremy Hellickson,TBR,4.3
2011,carmofa01,Roberto Hernández,CLE,-0.9
2011,lohseky01,Kyle Lohse,STL,2.3
2011,jimenub01,Ubaldo Jiménez,2TM,1.0
2011,jimenub01,Ubaldo Jiménez,COL,1.1
2011,jimenub01,Ubaldo Jiménez,CLE,-0.2
2011,billich01,Chad Billingsley,LAD,0.5
2011,lowede01,Derek Lowe,ATL,-1.0
2011,capuach01,Chris Capuano,NYM,0.8
2011,norribu01,Bud Norris,HOU,0.9
2011,harrima01,Matt Harrison,TEX,4.0
2011,staufti01,Tim Stauffer,SDP,1.2
2011,lannajo01,John Lannan,WSN,0.7
2011,daviswa01,Wade Davis,TBR,0.0
2011,westbja01,Jake Westbrook,STL,-0.2
2011,francje01,Jeff Francis,KCR,0.6
2011,porceri01,Rick Porcello,DET,0.3
2011,pennybr01,Brad Penny,DET,-1.1
2011,vogelry01,Ryan Vogelsong,SFG,2.7
2011,morrobr01,Brandon Morrow,TOR,1.4
2011,hernali01,Liván Hernández,WSN,-0.3
2011,greinza01,Zack Greinke,MIL,1.4
2011,mortoch02,Charlie Morton,PIT,1.9
2011,mcdonja03,James McDonald,PIT,1.0
2011,pinedmi01,Michael Pineda,SEA,2.2
2011,haranaa01,Aaron Harang,SDP,1.2
2011,mccarbr01,Brandon McCarthy,OAK,3.3
2011,danksjo01,John Danks,CHW,2.0
2011,hammeja01,Jason Hammel,COL,0.9
2011,ogandal01,Alexi Ogando,TEX,3.6
2011,leakemi01,Mike Leake,CIN,1.6
2011,volstch01,Chris Volstad,FLA,0.2
2011,novaiv01,Iván Nova,NYY,2.6
2011,tomlijo01,Josh Tomlin,CLE,2.3
2011,colonba01,Bartolo Colon,NYY,1.5
2011,humbeph01,Philip Humber,CHW,3.4
2011,karstje01,Jeff Karstens,PIT,2.6
2011,maholpa01,Paul Maholm,PIT,2.4
2011,duensbr01,Brian Duensing,MIN,0.2
2011,narvech01,Chris Narveson,MIL,0.6
2011,zimmejo02,Jordan Zimmermann,WSN,2.7
2011,geedi01,Dillon Gee,NYM,0.7
2011,lackejo01,John Lackey,BOS,-1.9
2011,niesejo01,Jon Niese,NYM,0.5
2011,happja01,J.A. Happ,HOU,-1.7
2011,cuetojo01,Johnny Cueto,CIN,3.6
2011,chenbr01,Bruce Chen,KCR,2.0
2011,wakefti01,Tim Wakefield,BOS,-1.7
2011,brittza01,Zack Britton,BAL,0.4
2011,collmjo01,Josh Collmenter,ARI,1.9
2011,correke01,Kevin Correia,PIT,0.1
2011,jurrjja01,Jair Jurrjens,ATL,3.2
2011,blackni01,Nick Blackburn,MIN,0.5
2011,garcifr03,Freddy García,NYY,2.9
2011,pineijo01,Joel Piñeiro,LAA,-1.2
2011,zambrca01,Carlos Zambrano,CHC,0.7
2011,chatwty01,Tyler Chatwood,LAA,-0.5
2011,beachbr01,Brandon Beachy,ATL,1.6
2011,mccleky01,Kyle McClellan,STL,0.4
2011,reyesjo03,Jo-Jo Reyes,2TM,-0.9
2011,reyesjo03,Jo-Jo Reyes,TOR,-0.6
2011,reyesjo03,Jo-Jo Reyes,BAL,-0.3
2011,luebkco01,Cory Luebke,SDP,1.6
2011,paulife01,Felipe Paulino,2TM,0.6
2011,paulife01,Felipe Paulino,COL,-0.4
2011,paulife01,Felipe Paulino,KCR,1.1
2011,oswalro01,Roy Oswalt,PHI,2.1
2011,niemaje01,Jeff Niemann,TBR,1.0
2011,wellsra01,Randy Wells,CHC,0.4
2011,bakersc02,Scott Baker,MIN,4.2
2011,liriafr01,Francisco Liriano,MIN,0.6
2011,baileho02,Homer Bailey,CIN,0.3
2011,marquja01,Jason Marquis,2TM,-0.3
2011,marquja01,Jason Marquis,WSN,0.5
2011,marquja01,Jason Marquis,ARI,-0.8
2011,worleva01,Vance Worley,PHI,3.3
2011,hansoto01,Tommy Hanson,ATL,1.3
2011,bedarer01,Érik Bédard,2TM,1.2
2011,bedarer01,Érik Bédard,SEA,1.0
2011,bedarer01,Érik Bédard,BOS,0.2
2011,moscogu01,Guillermo Moscoso,OAK,1.9
2011,carraca01,Carlos Carrasco,CLE,0.7
2011,cecilbr01,Brett Cecil,TOR,1.3
2011,moseldu01,Dustin Moseley,SDP,0.1
2011,arrieja01,Jake Arrieta,BAL,0.6
2011,simonal01,Alfredo Simón,BAL,0.5
2011,kendrky01,Kyle Kendrick,PHI,1.8
2011,aceveal01,Alfredo Aceves,BOS,2.7
2011,peavyja01,Jake Peavy,CHW,1.1
2011,cokeph01,Phil Coke,DET,0.0
2011,volqued01,Edinson Vólquez,CIN,-1.4
2011,villaca01,Carlos Villanueva,TOR,2.0
2011,woodtr01,Travis Wood,CIN,-0.1
2011,duffyda01,Danny Duffy,KCR,-0.1
2011,gorzeto01,Tom Gorzelanny,WSN,0.6
2011,swarzan01,Anthony Swarzak,MIN,1.1
2011,sanchjo01,Jonathan Sánchez,SFG,-0.2
2011,bergebr02,Brad Bergesen,BAL,-0.8
2011,richacl01,Clayton Richard,SDP,-0.1
2011,lopezro02,Rodrigo López,CHC,0.0
2011,beavabl01,Blake Beavan,SEA,0.7
2011,cookaa01,Aaron Cook,COL,-0.5
2011,lylesjo01,Jordan Lyles,HOU,-0.9
2011,estrama01,Marco Estrada,MIL,0.4
2011,johnsji04,Jim Johnson,BAL,2.6
2011,clippty01,Tyler Clippard,WSN,3.4
2011,samarje01,Jeff Samardzija,CHC,1.1
2011,ventejo01,Jonny Venters,ATL,3.0
2011,rodrian01,Aneury Rodríguez,HOU,-0.9
2011,furbuch01,Charlie Furbush,2TM,-0.9
2011,furbuch01,Charlie Furbush,DET,0.0
2011,furbuch01,Charlie Furbush,SEA,-0.9
2011,mccutda01,Daniel McCutchen,PIT,0.5
2011,hunteto02,Tommy Hunter,2TM,0.4
2011,hunteto02,Tommy Hunter,TEX,0.3
2011,hunteto02,Tommy Hunter,BAL,0.1
2011,colemca01,Casey Coleman,CHC,-1.1
2011,anderbr04,Brett Anderson,OAK,1.1
2011,rogeres01,Esmil Rogers,COL,-1.4
2011,buchhcl01,Clay Buchholz,BOS,1.9
2011,harderi01,Rich Harden,OAK,0.5
2011,minormi01,Mike Minor,ATL,0.5
2011,motagu01,Guillermo Mota,SFG,0.2
2011,leblawa01,Wade LeBlanc,SDP,0.0
2011,drabeky01,Kyle Drabek,TOR,-0.4
2011,lecursa01,Sam LeCure,CIN,0.5
2011,marticr01,Cristhian Martínez,ATL,0.7
2011,kimbrcr01,Craig Kimbrel,ATL,2.5
2011,dukeza01,Zach Duke,ARI,-0.3
2011,mujiced01,Edward Mujica,FLA,1.7
2011,marshse01,Sean Marshall,CHC,2.5
2011,willido03,Dontrelle Willis,CIN,-0.3
2011,storedr01,Drew Storen,WSN,1.5
2011,litscje01,Jesse Litsch,TOR,0.8
2011,salasfe01,Fernando Salas,STL,2.4
2011,hugheph01,Phil Hughes,NYY,-0.4
2011,melanma01,Mark Melancon,HOU,0.9
2011,quallch01,Chad Qualls,SDP,0.3
2011,marmoca01,Carlos Mármol,CHC,0.6
2011,pauleda01,David Pauley,2TM,1.3
2011,pauleda01,David Pauley,SEA,1.7
2011,pauleda01,David Pauley,DET,-0.4
2011,axforjo01,John Axford,MIL,2.3
2011,oflaher01,Eric O'Flaherty,ATL,3.3
2011,adamsmi03,Mike Adams,2TM,2.9
2011,adamsmi03,Mike Adams,SDP,2.0
2011,adamsmi03,Mike Adams,TEX,0.9
2011,bardda01,Daniel Bard,BOS,1.2
2011,jakubch01,Chris Jakubauskas,BAL,-0.1
2011,valvejo01,José Valverde,DET,2.0
2011,belisma01,Matt Belisle,COL,0.9
2011,loeka01,Kameron Loe,MIL,0.5
2011,nicasju01,Juan Nicasio,COL,1.2
2011,rodrifr03,Francisco Rodríguez,2TM,1.8
2011,rodrifr03,Francisco Rodríguez,NYM,0.9
2011,rodrifr03,Francisco Rodríguez,MIL,0.9
2011,lopezwi01,Wilton López,HOU,0.9
2011,salech01,Chris Sale,CHW,2.4
2011,verasjo01,José Veras,PIT,0.4
2011,masseni01,Nick Masset,CIN,0.3
2011,cordefr01,Francisco Cordero,CIN,1.7
2011,resopch01,Chris Resop,PIT,0.1
2011,woodbl01,Blake Wood,KCR,0.8
2011,hernada01,David Hernández,ARI,0.6
2011,hanrajo01,Joel Hanrahan,PIT,2.4
2011,ramirra02,Ramón Ramírez,SFG,0.6
2011,durbich01,Chad Durbin,CLE,-0.5
2011,wrighja01,Jamey Wright,SEA,1.0
2011,motteja01,Jason Motte,STL,1.4
2011,takahhi01,Hisanori Takahashi,LAA,0.1
2011,henslcl01,Clay Hensley,FLA,-0.2
2011,peraljo01,Joel Peralta,TBR,1.1
2011,russeja02,James Russell,CHC,0.0
2011,stewaza01,Zach Stewart,2TM,-0.3
2011,stewaza01,Zach Stewart,TOR,0.2
2011,stewaza01,Zach Stewart,CHW,-0.4
2011,beatope01,Pedro Beato,NYM,-0.8
2011,colliti01,Tim Collins,KCR,1.0
2011,smithjo05,Joe Smith,CLE,2.4
2011,roberda08,David Robertson,NYY,3.7
2011,campsh01,Shawn Camp,TOR,0.2
2011,guerrma02,Matt Guerrier,LAD,0.1
2011,detwiro01,Ross Detwiler,WSN,1.1
2011,cappsma01,Matt Capps,MIN,0.7
2011,rodrihe03,Henry Rodríguez,WSN,0.2
2011,crainje01,Jesse Crain,CHW,2.3
2011,millean01,Andrew Miller,BOS,-0.4
2011,perezlu01,Luis Pérez,TOR,-0.1
2011,ueharko01,Koji Uehara,2TM,2.1
2011,ueharko01,Koji Uehara,BAL,1.9
2011,ueharko01,Koji Uehara,TEX,0.2
2011,alberma01,Matt Albers,BOS,0.0
2011,nunezle01,Juan Carlos Oviedo,FLA,0.6
2011,papeljo01,Jonathan Papelbon,BOS,1.6
2011,alvarhe01,Henderson Alvarez III,TOR,1.5
2011,badenbu01,Burke Badenhop,FLA,0.7
2011,talbomi01,Mitch Talbot,CLE,-0.6
2011,santose01,Sergio Santos,CHW,1.4
2011,dunnmi01,Mike Dunn,FLA,0.7
2011,frierer01,Ernesto Frieri,SDP,0.8
2011,owingmi01,Micah Owings,ARI,0.3
2011,perezra01,Rafael Pérez,CLE,0.8
2011,bellhe01,Heath Bell,SDP,1.0
2011,betanra01,Rafael Betancourt,COL,1.7
2011,felizne01,Neftalí Feliz,TEX,1.5
2011,grabojo02,John Grabow,CHC,-0.5
2011,sippto01,Tony Sipp,CLE,1.4
2011,wangch01,Chien-Ming Wang,WSN,-0.2
2011,balfogr01,Grant Balfour,OAK,2.0
2011,crowaa01,Aaron Crow,KCR,1.7
2011,pestavi01,Vinnie Pestano,CLE,2.2
2011,sttuemi01,Michael Stutes,PHI,0.8
2011,tillmch01,Chris Tillman,BAL,-0.2
2011,rzepcma01,Marc Rzepczynski,2TM,0.7
2011,rzepcma01,Marc Rzepczynski,TOR,0.7
2011,rzepcma01,Marc Rzepczynski,STL,0.0
2011,affelje01,Jeremy Affeldt,SFG,0.6
2011,perkigl01,Glen Perkins,MIN,2.0
2011,sanchbr01,Brian Sanches,FLA,0.2
2011,davieky01,Kyle Davies,KCR,-1.1
2011,leagubr01,Brandon League,SEA,0.6
2011,ondrulo01,Logan Ondrusek,CIN,0.5
2011,riverma01,Mariano Rivera,NYY,2.9
2011,benoijo01,Joaquin Benoit,DET,1.1
2011,boggsmi01,Mitchell Boggs,STL,0.3
2011,delarru01,Rubby De La Rosa,LAD,0.6
2011,madsory01,Ryan Madson,PHI,2.1
2011,adcocna01,Nathan Adcock,KCR,0.2
2011,johnsjo09,Josh Johnson,FLA,2.9
2011,soriajo01,Joakim Soria,KCR,0.3
2011,waldejo01,Jordan Walden,LAA,0.7
2011,handbr01,Brad Hand,FLA,0.5
2011,hollagr01,Greg Holland,KCR,2.6
2011,frasoja01,Jason Frasor,2TM,1.1
2011,frasoja01,Jason Frasor,TOR,1.1
2011,frasoja01,Jason Frasor,CHW,0.0
2011,batismi01,Miguel Batista,2TM,0.1
2011,batismi01,Miguel Batista,STL,-0.8
2011,batismi01,Miguel Batista,NYM,0.9
2011,coffeto01,Todd Coffey,WSN,0.3
2011,colemlo01,Louis Coleman,KCR,1.5
2011,greggke01,Kevin Gregg,BAL,-0.3
2011,perezch01,Chris Pérez,CLE,1.1
2011,thornma01,Matt Thornton,CHW,-0.2
2011,breslcr01,Craig Breslow,OAK,0.5
2011,parnebo01,Bobby Parnell,NYM,0.1
2011,sloweke01,Kevin Slowey,MIN,-0.5
2011,rosajo01,Jorge De La Rosa,COL,1.2
2011,fuentbr01,Brian Fuentes,OAK,0.2
2011,gomezje01,Jeanmar Gómez,CLE,0.4
2011,mortecl01,Clayton Mortensen,COL,0.5
2011,osullse01,Sean O'Sullivan,KCR,-1.5
2011,outmajo01,Josh Outman,OAK,1.0
2011,streehu01,Huston Street,COL,0.5
2011,zieglbr01,Brad Ziegler,2TM,0.9
2011,zieglbr01,Brad Ziegler,OAK,0.7
2011,zieglbr01,Brad Ziegler,ARI,0.2
2011,bastaan01,Antonio Bastardo,PHI,1.7
2011,putzjj01,J.J. Putz,ARI,1.7
2011,farnsky01,Kyle Farnsworth,TBR,1.5
2011,herndda01,David Herndon,PHI,0.4
2011,macdomi01,Mike MacDougal,LAD,1.4
2011,burnese01,Sean Burnett,WSN,0.3
2011,herrmfr01,Frank Herrmann,CLE,-0.2
2011,noesihe01,Héctor Noesí,NYY,0.2
2011,ayalalu01,Luis Ayala,NYY,1.3
2011,gregelu01,Luke Gregerson,SDP,0.2
2011,janssca01,Casey Janssen,TOR,1.9
2011,wilsobr01,Brian Wilson,SFG,0.4
2011,cishest01,Steve Cishek,FLA,1.2
2011,linebsc01,Scott Linebrink,ATL,0.4
2011,millwke01,Kevin Millwood,COL,0.8
2011,garlajo01,Jon Garland,LAD,0.3
2011,lindsma01,Matt Lindstrom,COL,1.0
2011,thompri03,Rich Thompson,LAA,0.9
2011,doteloc01,Octavio Dotel,2TM,0.7
2011,doteloc01,Octavio Dotel,TOR,0.4
2011,doteloc01,Octavio Dotel,STL,0.2
2011,downssc01,Scott Downs,LAA,2.0
2011,janseke01,Kenley Jansen,LAD,0.9
2011,zitoba01,Barry Zito,SFG,-0.7
2011,ohmanwi01,Will Ohman,CHW,0.5
2011,sosahe01,Henry Sosa,HOU,-0.4
2011,gonzami02,Mike González,2TM,0.0
2011,gonzami02,Mike González,BAL,0.0
2011,gonzami02,Mike González,TEX,0.0
2011,laffeaa01,Aaron Laffey,2TM,0.4
2011,laffeaa01,Aaron Laffey,SEA,0.2
2011,laffeaa01,Aaron Laffey,NYY,0.2
2011,arredjo01,José Arredondo,CIN,0.5
2011,delroen01,Enerio Del Rosario,HOU,-0.4
2011,hawksbl01,Blake Hawksworth,LAD,-0.4
2011,lopezja02,Javier López,SFG,1.0
2011,cobbal01,Alex Cobb,TBR,0.6
2011,rodrife02,Fernando Rodriguez Jr.,HOU,0.1
2011,rauchjo01,Jon Rauch,TOR,0.1
2011,garcija01,Santiago Casilla,SFG,1.3
2011,whiteal01,Alex White,2TM,-1.0
2011,whiteal01,Alex White,CLE,0.2
2011,whiteal01,Alex White,COL,-1.1
2011,oliveda02,Darren Oliver,TEX,1.5
2011,woodke02,Kerry Wood,CHC,0.4
2011,burneal01,Alex Burnett,MIN,-0.2
2011,francfr01,Frank Francisco,TOR,1.1
2011,huffda01,David Huff,CLE,-0.3
2011,reynoma02,Matt Reynolds,COL,0.6
2011,webbry01,Ryan Webb,FLA,0.9
2011,chapmar01,Aroldis Chapman,CIN,0.4
2011,matusbr01,Brian Matusz,BAL,-2.3
2011,carradj01,D.J. Carrasco,NYM,-0.7
2011,wheelda01,Dan Wheeler,BOS,0.3
2011,mijarjo01,José Mijares,MIN,-0.2
2011,schleda01,Daniel Schlereth,DET,0.6
2011,cruzju02,Juan Cruz,TBR,0.3
2011,bassan01,Anthony Bass,SDP,1.5
2011,braybi01,Bill Bray,CIN,0.9
2011,hawkila01,LaTroy Hawkins,MIL,0.9
2011,grayje02,Jeff Gray,2TM,0.2
2011,grayje02,Jeff Gray,CHW,0.3
2011,grayje02,Jeff Gray,SEA,0.0
2011,romose01,Sergio Romo,SFG,1.7
2011,lincobr01,Brad Lincoln,PIT,0.0
2011,acostma01,Manny Acosta,NYM,0.3
2011,berkeja01,Jason Berken,BAL,-0.1
2011,guerrja01,Javy Guerra,LAD,1.3
2011,isrinja01,Jason Isringhausen,NYM,0.1
2011,moralfr01,Franklin Morales,2TM,0.5
2011,moralfr01,Franklin Morales,COL,0.2
2011,moralfr01,Franklin Morales,BOS,0.3
2011,davisdo02,Doug Davis,CHC,-0.9
2011,lowema01,Mark Lowe,TEX,-0.1
2011,nathajo01,Joe Nathan,MIN,-0.1
2011,tateyyo01,Yoshinori Tateyama,TEX,0.2
2011,teafoev01,Everett Teaford,KCR,0.7
2011,willije01,Jerome Williams,LAA,0.2
2011,ramosce01,César Ramos,TBR,0.0
2011,albural01,Al Alburquerque,DET,1.5
2011,galarar01,Armando Galarraga,ARI,-1.2
2011,bailean01,Andrew Bailey,OAK,0.6
2011,loganbo02,Boone Logan,NYY,0.4
2011,blantjo01,Joe Blanton,PHI,0.1
2011,dumatph01,Phil Dumatrait,MIN,0.2
2011,watsoto01,Tony Watson,PIT,0.4
2011,brothre01,Rex Brothers,COL,1.0
2011,proctsc01,Scott Proctor,2TM,-1.5
2011,proctsc01,Scott Proctor,ATL,-0.8
2011,proctsc01,Scott Proctor,NYY,-0.7
2011,mileywa01,Wade Miley,ARI,0.0
2011,cassebo01,Bobby Cassevah,LAA,0.7
2011,wadeco01,Cory Wade,NYY,1.3
2011,soriara01,Rafael Soriano,NYY,0.4
2011,diamosc01,Scott Diamond,MIN,0.1
2011,igarary01,Ryota Igarashi,NYM,-0.1
2011,ohlenro01,Ross Ohlendorf,PIT,-1.4
2011,mitrese01,Sergio Mitre,2TM,-0.1
2011,mitrese01,Sergio Mitre,MIL,0.2
2011,mitrese01,Sergio Mitre,NYY,-0.3
2011,accarje01,Jeremy Accardo,BAL,-0.3
2011,byrdati01,Tim Byrdak,NYM,0.0
2011,enrigba01,Barry Enright,ARI,-1.0
2011,bushda01,Dave Bush,TEX,-0.4
2011,matsuda01,Daisuke Matsuzaka,BOS,-0.3
2011,gomesbr01,Brandon Gomes,TBR,0.3
2011,perryry01,Ryan Perry,DET,-0.6
2011,baezda01,Danys Báez,PHI,-0.8
2011,rossty01,Tyson Ross,OAK,0.9
2011,sherrge01,George Sherrill,ATL,0.6
2011,balesco01,Collin Balester,WSN,-0.4
2011,sonnaan01,Andy Sonnanstine,TBR,-0.4
2011,heilmaa01,Aaron Heilman,ARI,-1.1
2011,delgara01,Randall Delgado,ATL,0.8
2011,eovalna01,Nathan Eovaldi,LAD,0.6
2011,lynnla01,Lance Lynn,STL,0.6
2011,fulchje01,Jeff Fulchino,2TM,-0.4
2011,fulchje01,Jeff Fulchino,HOU,-0.3
2011,fulchje01,Jeff Fulchino,SDP,-0.1
2011,belltr01,Trevor Bell,LAA,0.3
2011,paterjo01,Joe Paterson,ARI,0.6
2011,wuertmi01,Michael Wuertz,OAK,-0.6
2011,purceda01,David Purcey,3TM,-0.3
2011,purceda01,David Purcey,TOR,-0.2
2011,purceda01,David Purcey,OAK,0.3
2011,purceda01,David Purcey,DET,-0.4
2011,delosfa01,Fautino De Los Santos,OAK,0.0
2011,elbersc01,Scott Elbert,LAD,0.9
2011,ortizra02,Ramón Ortiz,CHC,-0.2
2011,rhodear01,Arthur Rhodes,2TM,0.1
2011,rhodear01,Arthur Rhodes,TEX,0.1
2011,rhodear01,Arthur Rhodes,STL,0.1
2011,grillja01,Jason Grilli,PIT,0.9
2011,luekejo01,Josh Lueke,SEA,-0.4
2011,mayayu01,Yunesky Maya,WSN,-0.2
2011,raych01,Chris Ray,SEA,-0.1
2011,russead01,Adam Russell,TBR,0.2
2011,wilheto01,Tom Wilhelmsen,SEA,0.3
2011,feldmsc01,Scott Feldman,TEX,0.5
2011,matthry01,Ryan Mattheus,WSN,0.5
2011,reynogr01,Greg Reynolds,COL,-0.2
2011,rodnefe01,Fernando Rodney,LAA,-0.4
2011,howeljp01,J.P. Howell,TBR,-1.0
2011,atchisc01,Scott Atchison,BOS,0.5
2011,vasques01,Esmerling Vásquez,ARI,-0.3
2011,pattotr01,Troy Patton,BAL,0.9
2011,sanched01,Eduardo Sánchez,STL,1.1
2011,evelada01,Dana Eveland,LAD,0.6
2011,lindbjo01,Josh Lindblom,LAD,0.6
2011,spencjo01,Josh Spence,SDP,0.5
2011,vasquan01,Anthony Vasquez,SEA,-1.4
2011,belowdu01,Duane Below,DET,0.0
2011,figuene01,Nelson Figueroa,HOU,-1.4
2011,chambjo03,Joba Chamberlain,NYY,0.7
2011,dillati01,Tim Dillard,MIL,0.2
2011,blevije01,Jerry Blevins,OAK,0.2
2011,mazzavi01,Vin Mazzaro,KCR,-0.8
2011,shawbr01,Bryan Shaw,ARI,0.4
2011,mcgeeja01,Jake McGee,TBR,-0.1
2011,carpeda01,David Carpenter,HOU,0.5
2011,escalse01,Sergio Escalona,HOU,0.5
2011,frankry01,Ryan Franklin,STL,-1.7
2011,kirkmmi01,Michael Kirkman,TEX,-0.5
2011,runzlda01,Dan Runzler,SFG,-0.8
2011,kuoho01,Hung-Chih Kuo,LAD,-1.6
2011,saitota01,Takashi Saito,MIL,0.8
2011,surkaer01,Eric Surkamp,SFG,-0.5
2011,buchhta01,Taylor Buchholz,NYM,0.4
2011,milonto01,Tommy Milone,WSN,0.3
2011,demelsa01,Sam Demel,ARI,-0.2
2011,escaled01,Edgmer Escalona,COL,1.0
2011,beimejo01,Joe Beimel,PIT,-0.4
2011,godfrgr01,Graham Godfrey,OAK,0.2
2011,lerouch01,Chris Leroux,PIT,0.5
2011,choatra01,Randy Choate,FLA,1.0
2011,hoeyja02,Jim Hoey,MIN,-0.6
2011,neshepa01,Pat Neshek,SDP,-0.1
2011,weilaky01,Kyle Weiland,BOS,-0.6
2011,romerj.01,J.C. Romero,2TM,0.1
2011,romerj.01,J.C. Romero,PHI,0.2
2011,romerj.01,J.C. Romero,COL,-0.2
2011,moskoda01,Daniel Moskos,PIT,0.2
2011,fisheca01,Carlos Fisher,CIN,-0.3
2011,strasst01,Stephen Strasburg,WSN,0.9
2011,varvaan01,Anthony Varvaro,ATL,0.4
2011,youngch03,Chris Young,NYM,1.1
2011,hendrli01,Liam Hendriks,MIN,-0.2
2011,devinjo01,Joey Devine,OAK,0.4
2011,mateoma01,Marcos Mateo,CHC,0.2
2011,troncra01,Ramón Troncoso,LAD,-0.4
2011,stroppe01,Pedro Strop,2TM,1.0
2011,stroppe01,Pedro Strop,TEX,0.1
2011,stroppe01,Pedro Strop,BAL,0.8
2011,olivele01,Lester Oliveros,2TM,0.0
2011,olivele01,Lester Oliveros,DET,-0.1
2011,olivele01,Lester Oliveros,MIN,0.1
2011,milletr02,Trever Miller,3TM,0.3
2011,milletr02,Trever Miller,2TM,0.1
2011,milletr02,Trever Miller,STL,0.2
2011,milletr02,Trever Miller,TOR,0.0
2011,milletr02,Trever Miller,BOS,0.1
2011,mcgowdu01,Dustin McGowan,TOR,-0.1
2011,schwich01,Chris Schwinden,NYM,-0.1
2011,meekev01,Evan Meek,PIT,0.0
2011,cedajo01,José Ceda,FLA,0.1
2011,penato03,Tony Peña,CHW,-0.2
2011,bowdemi01,Michael Bowden,BOS,0.2
2011,smithjo06,Jordan Smith,CIN,-0.7
2011,abadfe01,Fernando Abad,HOU,-1.0
2011,brunebr01,Brian Bruney,CHW,-0.3
2011,teherju01,Julio Teheran,ATL,0.0
2011,lidgebr01,Brad Lidge,PHI,0.9
2011,axelrdy01,Dylan Axelrod,CHW,0.6
2011,malonma02,Matt Maloney,CIN,-0.7
2011,pendlla01,Lance Pendleton,2TM,-0.1
2011,pendlla01,Lance Pendleton,NYY,0.2
2011,pendlla01,Lance Pendleton,HOU,-0.3
2011,eyrewi01,Willie Eyre,BAL,0.4
2011,gearrco01,Cory Gearrin,ATL,-0.9
2011,gutieju01,J.C. Gutiérrez,ARI,-0.6
2011,millsbr02,Brad Mills,TOR,-0.7
2011,pomerdr01,Drew Pomeranz,COL,0.0
2011,bradeda01,Dallas Braden,OAK,0.5
2011,harrelu01,Lucas Harrell,2TM,-0.2
2011,harrelu01,Lucas Harrell,CHW,-0.1
2011,harrelu01,Lucas Harrell,HOU,-0.1
2011,kinnejo01,Josh Kinney,CHW,-0.1
2011,mcallza01,Zach McAllister,CLE,-0.5
2011,tomkobr01,Brett Tomko,TEX,0.1
2011,ruffich01,Chance Ruffin,2TM,0.1
2011,ruffich01,Chance Ruffin,DET,0.0
2011,ruffich01,Chance Ruffin,SEA,0.1
2011,braddza01,Zach Braddock,MIL,-0.5
2011,vizcaar01,Arodys Vizcaíno,ATL,-0.2
2011,lockeje01,Jeff Locke,PIT,-0.2
2011,odayda01,Darren O'Day,TEX,0.0
2011,roenijo01,Josh Roenicke,COL,0.3
2011,rapadcl01,Clay Rapada,BAL,-0.1
2011,slatedo01,Doug Slaten,WSN,-0.2
2011,villabr02,Brayan Villarreal,DET,-0.4
2011,carrejo01,Joel Carreño,TOR,0.6
2011,jenksbo01,Bobby Jenks,BOS,-0.4
2011,palmema01,Matt Palmer,LAA,-0.1
2011,horstje01,Jeremy Horst,CIN,0.1
2011,jeffrje01,Jeremy Jeffress,KCR,0.0
2011,kintzbr01,Brandon Kintzler,MIL,-0.2
2011,magnutr01,Trystan Magnuson,OAK,-0.2
2011,mendolu01,Luis Mendoza,KCR,0.7
2011,carpean01,Drew Carpenter,2TM,-0.4
2011,carpean01,Drew Carpenter,PHI,-0.2
2011,carpean01,Drew Carpenter,SDP,-0.2
2011,rupejo01,Josh Rupe,BAL,0.0
2011,schwimi01,Michael Schwimer,PHI,-0.1
2011,burrebr01,Brian Burres,PIT,0.2
2011,contrjo01,José Contreras,PHI,0.1
2011,judyjo01,Josh Judy,CLE,-0.2
2011,kimbaco01,Cole Kimball,WSN,0.4
2011,richaga01,Garrett Richards,LAA,-0.2
2011,scribev01,Evan Scribner,SDP,-0.2
2011,valdejo01,José Valdéz,HOU,-0.6
2011,cormila01,Lance Cormier,LAD,-0.5
2011,mcclemi01,Mike McClendon,MIL,0.1
2011,rodrifr04,Francisco Rodríguez,LAA,0.0
2011,lyonbr01,Brandon Lyon,HOU,-1.5
2011,wilkad01,Adam Wilk,DET,-0.1
2011,tallebr01,Brian Tallet,2TM,-1.0
2011,tallebr01,Brian Tallet,STL,-0.7
2011,tallebr01,Brian Tallet,TOR,-0.4
2011,delaceu01,Frankie De La Cruz,MIL,0.2
2011,jepseke01,Kevin Jepsen,LAA,-0.6
2011,stinsjo01,Josh Stinson,NYM,-0.5
2011,broxtjo01,Jonathan Broxton,LAD,-0.5
2011,elyjo01,John Ely,LAD,0.0
2011,germaju01,Justin Germano,CLE,-0.1
2011,hughedu01,Dusty Hughes,MIN,-0.5
2011,kellesh01,Shawn Kelley,SEA,0.6
2011,turneja01,Jacob Turner,DET,-0.5
2011,brodebr01,Brian Broderick,WSN,-0.2
2011,hamreer01,Erik Hamren,SDP,-0.1
2011,kohnmi01,Michael Kohn,LAA,-0.5
2011,bergju01,Justin Berg,CHC,0.2
2011,peacobr01,Brad Peacock,WSN,0.7
2011,stulter01,Eric Stults,COL,-0.1
2011,wrighwe01,Wesley Wright,HOU,0.6
2011,valdera02,Raúl Valdés,2TM,0.2
2011,valdera02,Raúl Valdés,STL,0.1
2011,valdera02,Raúl Valdés,NYY,0.2
2011,castial02,Alberto Castillo,ARI,0.3
2011,greense01,Sean Green,MIL,-0.2
2011,edlefst01,Steve Edlefsen,SFG,-0.6
2011,hagadni01,Nick Hagadone,CLE,0.0
2011,hendrma01,Mark Hendrickson,BAL,0.0
2011,hugheja02,Jared Hughes,PIT,0.1
2011,sanabal01,Alex Sanabia,FLA,0.3
2011,thomabr01,Brad Thomas,DET,-0.5
2011,waldrky01,Kyle Waldrop,MIN,0.0
2011,atkinmi01,Mitch Atkins,BAL,-0.2
2011,cashnan01,Andrew Cashner,CHC,0.4
2011,corteda02,Dan Cortes,SEA,-0.2
2011,crottmi01,Michael Crotta,PIT,-0.6
2011,valdelu01,Jairo Asencio,ATL,-0.4
2011,doubrfe01,Félix Doubront,BOS,-0.1
2011,gordobr01,Brian Gordon,NYY,0.1
2011,hatchch02,Chris Hatcher,FLA,-0.2
2011,jamesch03,Chuck James,MIN,-0.1
2011,stammcr01,Craig Stammen,WSN,0.5
2011,thayeda01,Dale Thayer,NYM,0.1
2011,thatcjo01,Joe Thatcher,SDP,0.0
2011,carpech02,Chris Carpenter,CHC,0.2
2011,olivean01,Andy Oliver,DET,-0.1
2011,herreda01,Danny Herrera,2TM,0.0
2011,herreda01,Danny Herrera,MIL,-0.4
2011,herreda01,Danny Herrera,NYM,0.4
2011,bulgeja01,Jason Bulger,LAA,0.1
2011,moorema02,Matt Moore,TBR,0.3
2011,eppleco01,Cody Eppley,TEX,-0.4
2011,gonzaen01,Enrique González,DET,-0.4
2011,ramirho01,Horacio Ramírez,LAA,-0.2
2011,vanderi01,Rick van den Hurk,BAL,-0.3
2011,padilvi01,Vicente Padilla,LAD,0.0
2011,cramebo01,Bobby Cramer,OAK,0.4
2011,dicksbr01,Brandon Dickson,STL,0.1
2011,gaudich01,Chad Gaudin,WSN,-0.6
2011,moylape01,Peter Moylan,ATL,0.1
2011,okajihi01,Hideki Okajima,BOS,0.0
2011,willira01,Randy Williams,BOS,-0.2
2011,hambuma01,Mark Hamburger,TEX,0.0
2011,hillri01,Rich Hill,BOS,0.5
2011,phillza01,Zach Phillips,BAL,0.4
2011,torreal01,Álex Torres,TBR,0.0
2011,woodti01,Tim Wood,PIT,-0.1
2011,carlybu01,Buddy Carlyle,NYY,0.0
2011,chaveje01,Jesse Chavez,KCR,-0.3
2011,cookry01,Ryan Cook,ARI,-0.2
2011,thompaa01,Aaron Thompson,PIT,-0.2
2011,delarda01,Dane De La Rosa,TBR,-0.2
2011,putnaza01,Zach Putnam,CLE,-0.1
2011,reedad01,Addison Reed,CHW,0.1
2011,tejedro01,Rob Tejeda,KCR,-0.2
2011,brachbr01,Brad Brach,SDP,-0.2
2011,delabst01,Steve Delabar,SEA,0.2
2011,mainesc01,Scott Maine,CHC,-0.3
2011,milleji02,Jim Miller,COL,0.1
2011,mischpa01,Pat Misch,NYM,-0.3
2011,sanitam01,Amauri Sanit,NYY,-0.3
2011,stettmi01,Mitch Stetter,MIL,0.0
2011,steveje01,Jeff Stevens,CHC,0.0
2011,billibr02,Bruce Billings,2TM,-0.3
2011,billibr02,Bruce Billings,COL,0.0
2011,billibr02,Bruce Billings,OAK,-0.3
2011,abreuju01,Juan Abreu,HOU,0.1
2011,boyerbl01,Blaine Boyer,NYM,-0.4
2011,jimence01,César Jiménez,SEA,0.0
2011,mickoka01,Kam Mickolio,ARI,-0.2
2011,norbejo01,Jordan Norberto,OAK,-0.1
2011,oconnmi01,Mike O'Connor,NYM,0.2
2011,reinech01,Chad Reineke,CIN,-0.2
2011,ascanjo01,José Ascanio,PIT,-0.1
2011,carigan01,Andrew Carignan,OAK,0.0
2011,joaquwa01,Waldis Joaquín,SFG,0.0
2011,texeika01,Kanekoa Texeira,KCR,0.1
2011,brazoyh01,Yhency Brazobán,ARI,-0.1
2011,daleyma01,Matt Daley,COL,-0.3
2011,kontoge01,George Kontos,NYY,0.1
2011,ledezwi01,Wil Ledezma,TOR,-0.3
2011,lindssh01,Shane Lindsay,CHW,-0.2
2011,augenbr01,Bryan Augenstein,STL,-0.5
2011,parkeja02,Jarrod Parker,ARI,0.4
2011,hackeer01,Eric Hacker,MIN,0.2
2011,santihe01,Héctor Santiago,CHW,0.2
2011,tobinma01,Mason Tobin,TEX,-0.1
2011,delanro01,Rob Delaney,TBR,-0.3
2011,lewisro01,Rommie Lewis,TOR,-0.3
2011,mathisc01,Scott Mathieson,PHI,0.2
2011,perezju01,Juan Pérez,PHI,0.1
2011,tuckery01,Ryan Tucker,TEX,-0.1
2011,wagnene01,Neil Wagner,OAK,-0.3
2011,waltepj01,P.J. Walters,2TM,-0.1
2011,waltepj01,P.J. Walters,STL,-0.1
2011,waltepj01,P.J. Walters,TOR,0.1
2011,buentja01,Jay Buente,2TM,-0.2
2011,buentja01,Jay Buente,FLA,-0.2
2011,buentja01,Jay Buente,TBR,-0.1
2011,burtoja01,Jared Burton,CIN,0.0
2011,severat01,Atahualpa Severino,WSN,0.0
2011,cletoma01,Maikel Cleto,STL,-0.2
2011,klubeco01,Corey Kluber,CLE,-0.1
2011,olsonga01,Garrett Olson,PIT,0.1
2011,valdeme01,Merkin Valdéz,TEX,0.0
2011,defraju01,Justin De Fratus,PHI,0.0
2011,hottoto01,Tommy Hottovy,BOS,-0.1
2011,johnsal02,Alan Johnson,COL,-0.2
2011,kroenza01,Zach Kroenke,ARI,-0.2
2011,marquje01,Jeff Marquez,NYY,0.1
2011,martelu01,Luis Marte,DET,0.1
2011,rosarsa02,Sandy Rosario,FLA,0.1
2011,violape01,Pedro Viola,BAL,-0.1
2011,manshje01,Jeff Manship,MIN,-0.1
2011,zagurmi01,Mike Zagurski,PHI,0.0
2011,dedunsa01,Sam Deduno,SDP,0.0
2011,difelma01,Mark DiFelice,MIL,-0.1
2011,tazawju01,Junichi Tazawa,BOS,0.0
2011,thompda02,Daryl Thompson,CIN,-0.2
2011,villael01,Elih Villanueva,FLA,-0.4
2011,betande01,Dellin Betances,NYY,0.0
2011,gaubjo01,John Gaub,CHC,-0.1
2011,saverjo01,Joe Savery,PHI,0.1
2011,beckch01,Chad Beck,TOR,0.1
2011,brackan01,Andrew Brackman,NYY,0.1
2011,medlekr01,Kris Medlen,ATL,0.3
2011,slamaan01,Anthony Slama,MIN,0.2
2011,farquda01,Danny Farquhar,TOR,-0.1
2011,fiersmi01,Mike Fiers,MIL,0.1
2011,gonzaed01,Édgar González,COL,-0.1
2011,herreke01,Kelvin Herrera,KCR,-0.2
2011,worrema01,Mark Worrell,BAL,-0.8
2011,cedenxa01,Xavier Cedeño,HOU,-0.4
2011,kazmisc01,Scott Kazmir,LAA,-0.3
2011,reyesde01,Dennys Reyes,BOS,-0.1
2011,weinhro01,Robbie Weinhardt,DET,-0.1
2011,whelake01,Kevin Whelan,NYY,0.0
2011,dolisra01,Rafael Dolis,CHC,0.1
2011,cuddymi01,Michael Cuddyer,MIN,0.1
2011,ekstrmi01,Mike Ekstrom,TBR,0.0
2011,maiermi01,Mitch Maier,KCR,0.0
2011,mccoymi01,Mike McCoy,TOR,0.0
2011,mcdonda02,Darnell McDonald,BOS,-0.1
2011,peterbr01,Bryan Petersen,FLA,0.0
2011,schumsk01,Skip Schumaker,STL,-0.1
2011,valdewi01,Wilson Valdéz,PHI,0.1
2011,garrist01,Steve Garrison,NYY,0.0
2011,kellydo01,Don Kelly,DET,0.0
2011,richmsc01,Scott Richmond,TOR,0.0
2012,verlaju01,Justin Verlander,DET,8.1
2012,dicker.01,R.A. Dickey,NYM,5.7
2012,hernafe02,Félix Hernández,SEA,5.3
2012,kershcl01,Clayton Kershaw,LAD,6.4
2012,shielja02,James Shields,TBR,2.5
2012,kurodhi01,Hiroki Kuroda,NYY,5.3
2012,cainma01,Matt Cain,SFG,3.9
2012,peavyja01,Jake Peavy,CHW,5.0
2012,richacl01,Clayton Richard,SDP,0.7
2012,vargaja01,Jason Vargas,SEA,3.5
2012,cuetojo01,Johnny Cueto,CIN,5.2
2012,hamelco01,Cole Hamels,PHI,4.5
2012,harrima01,Matt Harrison,TEX,5.8
2012,greinza01,Zack Greinke,2TM,3.6
2012,greinza01,Zack Greinke,MIL,2.2
2012,greinza01,Zack Greinke,LAA,1.5
2012,leecl02,Cliff Lee,PHI,4.4
2012,lohseky01,Kyle Lohse,STL,4.0
2012,priceda01,David Price,TBR,6.6
2012,latosma01,Mat Latos,CIN,3.4
2012,bumgama01,Madison Bumgarner,SFG,2.0
2012,kenneia01,Ian Kennedy,ARI,1.9
2012,baileho02,Homer Bailey,CIN,1.9
2012,masteju01,Justin Masterson,CLE,0.5
2012,rodriwa01,Wandy Rodríguez,2TM,2.3
2012,rodriwa01,Wandy Rodríguez,HOU,1.5
2012,rodriwa01,Wandy Rodríguez,PIT,0.8
2012,lestejo01,Jon Lester,BOS,0.2
2012,gallayo01,Yovani Gallardo,MIL,2.9
2012,buehrma01,Mark Buehrle,MIA,4.2
2012,burnea.01,A.J. Burnett,PIT,2.6
2012,wilsocj01,C.J. Wilson,LAA,1.0
2012,arroybr01,Bronson Arroyo,CIN,2.9
2012,cahiltr01,Trevor Cahill,ARI,2.2
2012,sabatc.01,CC Sabathia,NYY,3.4
2012,gonzagi01,Gio González,WSN,5.0
2012,wainwad01,Adam Wainwright,STL,0.9
2012,capuach01,Chris Capuano,LAD,2.3
2012,zimmejo02,Jordan Zimmermann,WSN,4.9
2012,sanchan01,Aníbal Sánchez,2TM,3.0
2012,sanchan01,Aníbal Sánchez,MIA,1.7
2012,sanchan01,Aníbal Sánchez,DET,1.3
2012,mileywa01,Wade Miley,ARI,3.1
2012,harrelu01,Lucas Harrell,HOU,3.3
2012,chenwe02,Wei-Yin Chen,BAL,2.5
2012,salech01,Chris Sale,CHW,5.7
2012,chenbr01,Bruce Chen,KCR,0.6
2012,darviyu01,Yu Darvish,TEX,3.5
2012,hugheph01,Phil Hughes,NYY,1.7
2012,johnsjo09,Josh Johnson,MIA,3.9
2012,nolasri01,Ricky Nolasco,MIA,2.3
2012,blantjo01,Joe Blanton,2TM,0.0
2012,blantjo01,Joe Blanton,PHI,-0.2
2012,blantjo01,Joe Blanton,LAD,0.1
2012,niesejo01,Jon Niese,NYM,3.3
2012,milonto01,Tommy Milone,OAK,2.0
2012,jacksed01,Edwin Jackson,WSN,2.1
2012,vogelry01,Ryan Vogelsong,SFG,1.9
2012,buchhcl01,Clay Buchholz,BOS,0.5
2012,maholpa01,Paul Maholm,2TM,2.4
2012,maholpa01,Paul Maholm,CHC,2.0
2012,maholpa01,Paul Maholm,ATL,0.4
2012,weaveje02,Jered Weaver,LAA,4.3
2012,scherma01,Max Scherzer,DET,4.4
2012,alvarhe01,Henderson Alvarez III,TOR,0.2
2012,linceti01,Tim Lincecum,SFG,-1.7
2012,hochelu01,Luke Hochevar,KCR,-1.1
2012,zitoba01,Barry Zito,SFG,0.1
2012,volqued01,Edinson Vólquez,SDP,0.9
2012,guthrje01,Jeremy Guthrie,2TM,1.9
2012,guthrje01,Jeremy Guthrie,COL,-0.4
2012,guthrje01,Jeremy Guthrie,KCR,2.3
2012,parkeja02,Jarrod Parker,OAK,3.9
2012,romerri01,Ricky Romero,TOR,-1.5
2012,haranaa01,Aaron Harang,LAD,1.8
2012,minormi01,Mike Minor,ATL,0.5
2012,hudsoti01,Tim Hudson,ATL,1.4
2012,leakemi01,Mike Leake,CIN,0.0
2012,santaer01,Ervin Santana,LAA,-1.1
2012,moorema02,Matt Moore,TBR,1.3
2012,hellije01,Jeremy Hellickson,TBR,3.1
2012,harenda01,Dan Haren,LAA,-0.1
2012,jimenub01,Ubaldo Jiménez,CLE,-0.5
2012,porceri01,Rick Porcello,DET,1.7
2012,lynnla01,Lance Lynn,STL,2.0
2012,hollade01,Derek Holland,TEX,1.3
2012,hansoto01,Tommy Hanson,ATL,-0.9
2012,samarje01,Jeff Samardzija,CHC,2.3
2012,westbja01,Jake Westbrook,STL,0.8
2012,saundjo01,Joe Saunders,2TM,1.2
2012,saundjo01,Joe Saunders,ARI,0.5
2012,saundjo01,Joe Saunders,BAL,0.8
2012,diamosc01,Scott Diamond,MIN,2.6
2012,dempsry01,Ryan Dempster,2TM,4.0
2012,dempsry01,Ryan Dempster,CHC,3.8
2012,dempsry01,Ryan Dempster,TEX,0.2
2012,correke01,Kevin Correia,PIT,0.5
2012,mcdonja03,James McDonald,PIT,1.1
2012,novaiv01,Iván Nova,NYY,0.5
2012,beckejo02,Josh Beckett,2TM,0.9
2012,beckejo02,Josh Beckett,BOS,-0.1
2012,beckejo02,Josh Beckett,LAD,1.0
2012,norribu01,Bud Norris,HOU,1.5
2012,floydga01,Gavin Floyd,CHW,2.2
2012,mendolu01,Luis Mendoza,KCR,1.9
2012,detwiro01,Ross Detwiler,WSN,1.9
2012,fistedo01,Doug Fister,DET,3.4
2012,doubrfe01,Félix Doubront,BOS,-0.1
2012,millwke01,Kevin Millwood,SEA,0.9
2012,kendrky01,Kyle Kendrick,PHI,1.4
2012,strasst01,Stephen Strasburg,WSN,3.1
2012,wolfra02,Randy Wolf,2TM,-1.1
2012,wolfra02,Randy Wolf,MIL,-1.2
2012,wolfra02,Randy Wolf,BAL,0.0
2012,liriafr01,Francisco Liriano,2TM,0.0
2012,liriafr01,Francisco Liriano,MIN,-0.3
2012,liriafr01,Francisco Liriano,CHW,0.2
2012,hallaro01,Roy Halladay,PHI,0.8
2012,woodtr01,Travis Wood,CHC,1.1
2012,beavabl01,Blake Beavan,SEA,1.4
2012,colonba01,Bartolo Colon,OAK,2.7
2012,billich01,Chad Billingsley,LAD,1.7
2012,happja01,J.A. Happ,2TM,0.9
2012,happja01,J.A. Happ,HOU,0.5
2012,happja01,J.A. Happ,TOR,0.3
2012,lowede01,Derek Lowe,2TM,0.0
2012,lowede01,Derek Lowe,CLE,-0.5
2012,lowede01,Derek Lowe,NYY,0.4
2012,lylesjo01,Jordan Lyles,HOU,-0.6
2012,estrama01,Marco Estrada,MIL,1.4
2012,medlekr01,Kris Medlen,ATL,4.4
2012,willije01,Jerome Williams,LAA,0.0
2012,cobbal01,Alex Cobb,TBR,0.8
2012,quintjo01,Jose Quintana,CHW,2.3
2012,hunteto02,Tommy Hunter,BAL,-0.2
2012,worleva01,Vance Worley,PHI,0.8
2012,zambrca01,Carlos Zambrano,MIA,0.7
2012,fiersmi01,Mike Fiers,MIL,1.7
2012,marquja01,Jason Marquis,2TM,-1.4
2012,marquja01,Jason Marquis,MIN,-1.1
2012,marquja01,Jason Marquis,SDP,-0.3
2012,bedarer01,Érik Bédard,PIT,-0.4
2012,iwakuhi01,Hisashi Iwakuma,SEA,2.3
2012,mcallza01,Zach McAllister,CLE,-0.2
2012,villaca01,Carlos Villanueva,TOR,1.3
2012,morrobr01,Brandon Morrow,TOR,3.1
2012,marcush01,Shaun Marcum,MIL,1.2
2012,feldmsc01,Scott Feldman,TEX,-0.1
2012,garcija02,Jaime García,STL,0.6
2012,eovalna01,Nathan Eovaldi,2TM,1.4
2012,eovalna01,Nathan Eovaldi,LAD,0.5
2012,eovalna01,Nathan Eovaldi,MIA,0.9
2012,hammeja01,Jason Hammel,BAL,2.9
2012,santajo02,Johan Santana,NYM,0.1
2012,youngch03,Chris Young,NYM,0.8
2012,arrieja01,Jake Arrieta,BAL,-0.9
2012,francje01,Jeff Francis,COL,1.6
2012,volstch01,Chris Volstad,CHC,-1.5
2012,mccarbr01,Brandon McCarthy,OAK,2.1
2012,geedi01,Dillon Gee,NYM,0.8
2012,duensbr01,Brian Duensing,MIN,-1.1
2012,blacktr01,Travis Blackley,2TM,1.0
2012,blacktr01,Travis Blackley,SFG,-0.3
2012,blacktr01,Travis Blackley,OAK,1.3
2012,garcifr03,Freddy García,NYY,-0.1
2012,corbipa01,Patrick Corbin,ARI,0.5
2012,kellyjo05,Joe Kelly,STL,0.6
2012,noesihe01,Héctor Noesí,SEA,-0.8
2012,gonzami03,Miguel González,BAL,3.0
2012,lewisco01,Colby Lewis,TEX,1.9
2012,garzama01,Matt Garza,CHC,1.5
2012,tomlijo01,Josh Tomlin,CLE,-1.1
2012,humbeph01,Philip Humber,CHW,-1.1
2012,laffeaa01,Aaron Laffey,TOR,0.4
2012,phelpda01,David Phelps,NYY,2.2
2012,smylydr01,Drew Smyly,DET,1.7
2012,stulter01,Eric Stults,2TM,1.7
2012,stulter01,Eric Stults,CHW,0.2
2012,stulter01,Eric Stults,SDP,1.5
2012,blackni01,Nick Blackburn,MIN,-2.0
2012,matusbr01,Brian Matusz,BAL,0.0
2012,whiteal01,Alex White,COL,0.5
2012,bassan01,Anthony Bass,SDP,-0.8
2012,pomerdr01,Drew Pomeranz,COL,1.5
2012,swarzan01,Anthony Swarzak,MIN,-0.3
2012,cookaa01,Aaron Cook,BOS,-1.4
2012,hefneje01,Jeremy Hefner,NYM,-0.3
2012,delgara01,Randall Delgado,ATL,-0.2
2012,gomezje01,Jeanmar Gómez,CLE,-0.9
2012,karstje01,Jeff Karstens,PIT,1.0
2012,collmjo01,Josh Collmenter,ARI,1.1
2012,smithwi04,Will Smith,KCR,0.1
2012,roenijo01,Josh Roenicke,COL,2.0
2012,stammcr01,Craig Stammen,WSN,2.1
2012,lincobr01,Brad Lincoln,2TM,1.1
2012,lincobr01,Brad Lincoln,PIT,1.4
2012,lincobr01,Brad Lincoln,TOR,-0.3
2012,devrico01,Cole De Vries,MIN,0.5
2012,tillmch01,Chris Tillman,BAL,1.5
2012,hendrli01,Liam Hendriks,MIN,-1.0
2012,keuchda01,Dallas Keuchel,HOU,-0.1
2012,friedch01,Christian Friedrich,COL,0.2
2012,herreke01,Kelvin Herrera,KCR,2.6
2012,aceveal01,Alfredo Aceves,BOS,-1.2
2012,griffaj01,A.J. Griffin,OAK,2.1
2012,beachbr01,Brandon Beachy,ATL,2.0
2012,belisma01,Matt Belisle,COL,2.3
2012,wilheto01,Tom Wilhelmsen,SEA,2.1
2012,dedunsa01,Sam Deduno,MIN,0.7
2012,ottavad01,Adam Ottavino,COL,1.0
2012,rogeres01,Esmil Rogers,2TM,0.6
2012,rogeres01,Esmil Rogers,COL,-0.5
2012,rogeres01,Esmil Rogers,CLE,1.1
2012,campsh01,Shawn Camp,CHC,1.0
2012,moralfr01,Franklin Morales,BOS,0.5
2012,hugheja02,Jared Hughes,PIT,0.8
2012,pettian01,Andy Pettitte,NYY,2.1
2012,ayalalu01,Luis Ayala,BAL,1.7
2012,balfogr01,Grant Balfour,OAK,2.3
2012,rodnefe01,Fernando Rodney,TBR,3.7
2012,marticr01,Cristhian Martínez,ATL,0.0
2012,resopch01,Chris Resop,PIT,0.2
2012,boggsmi01,Mitchell Boggs,STL,1.8
2012,cookry01,Ryan Cook,OAK,2.6
2012,rossty01,Tyson Ross,OAK,-1.2
2012,clippty01,Tyler Clippard,WSN,0.5
2012,gorzeto01,Tom Gorzelanny,WSN,1.1
2012,motteja01,Jason Motte,STL,1.4
2012,rodrifr03,Francisco Rodríguez,MIL,-0.2
2012,leagubr01,Brandon League,2TM,1.1
2012,leagubr01,Brandon League,SEA,0.3
2012,leagubr01,Brandon League,LAD,0.8
2012,burneal01,Alex Burnett,MIN,0.6
2012,chapmar01,Aroldis Chapman,CIN,3.4
2012,gregelu01,Luke Gregerson,SDP,1.9
2012,jonesna01,Nate Jones,CHW,2.5
2012,drabeky01,Kyle Drabek,TOR,0.1
2012,belisro01,Ronald Belisario,LAD,1.6
2012,benoijo01,Joaquin Benoit,DET,1.2
2012,richaga01,Garrett Richards,LAA,-0.9
2012,lindbjo01,Josh Lindblom,2TM,0.5
2012,lindbjo01,Josh Lindblom,LAD,0.9
2012,lindbjo01,Josh Lindblom,PHI,-0.5
2012,daviswa01,Wade Davis,TBR,1.5
2012,perkigl01,Glen Perkins,MIN,1.4
2012,rodrife02,Fernando Rodriguez Jr.,HOU,-0.7
2012,santihe01,Héctor Santiago,CHW,1.5
2012,papeljo01,Jonathan Papelbon,PHI,1.6
2012,pestavi01,Vinnie Pestano,CLE,2.4
2012,colliti01,Tim Collins,KCR,1.1
2012,germaju01,Justin Germano,2TM,-1.0
2012,germaju01,Justin Germano,BOS,0.3
2012,germaju01,Justin Germano,CHC,-1.3
2012,axforjo01,John Axford,MIL,-1.2
2012,gaudich01,Chad Gaudin,MIA,0.1
2012,russeja02,James Russell,CHC,0.9
2012,chacijh01,Jhoulys Chacín,COL,1.9
2012,valvejo01,José Valverde,DET,0.7
2012,johnsji04,Jim Johnson,BAL,2.4
2012,leblawa01,Wade LeBlanc,MIA,1.4
2012,parnebo01,Bobby Parnell,NYM,1.3
2012,zieglbr01,Brad Ziegler,ARI,1.5
2012,hernada01,David Hernández,ARI,1.6
2012,loeka01,Kameron Loe,MIL,-0.8
2012,brothre01,Rex Brothers,COL,1.4
2012,soriara01,Rafael Soriano,NYY,2.6
2012,wrighja01,Jamey Wright,LAD,0.1
2012,hernali01,Liván Hernández,2TM,-1.4
2012,hernali01,Liván Hernández,ATL,-0.4
2012,hernali01,Liván Hernández,MIL,-1.0
2012,hollagr01,Greg Holland,KCR,1.9
2012,odayda01,Darren O'Day,BAL,2.5
2012,peraljo01,Joel Peralta,TBR,0.6
2012,smithjo05,Joe Smith,CLE,1.1
2012,verasjo01,José Veras,MIL,0.5
2012,brachbr01,Brad Brach,SDP,0.3
2012,lopezwi01,Wilton López,HOU,2.4
2012,matthry01,Ryan Mattheus,WSN,1.3
2012,stroppe01,Pedro Strop,BAL,2.4
2012,ogandal01,Alexi Ogando,TEX,1.3
2012,delabst01,Steve Delabar,2TM,0.6
2012,delabst01,Steve Delabar,SEA,0.2
2012,delabst01,Steve Delabar,TOR,0.4
2012,frierer01,Ernesto Frieri,2TM,1.5
2012,frierer01,Ernesto Frieri,SDP,0.0
2012,frierer01,Ernesto Frieri,LAA,1.4
2012,blevije01,Jerry Blevins,OAK,1.5
2012,mujiced01,Edward Mujica,2TM,1.2
2012,mujiced01,Edward Mujica,MIA,0.1
2012,mujiced01,Edward Mujica,STL,1.2
2012,myersbr01,Brett Myers,2TM,0.8
2012,myersbr01,Brett Myers,HOU,-0.1
2012,myersbr01,Brett Myers,CHW,0.8
2012,janseke01,Kenley Jansen,LAD,1.9
2012,rossro01,Robbie Ross,TEX,1.8
2012,thornma01,Matt Thornton,CHW,1.1
2012,chatwty01,Tyler Chatwood,COL,0.4
2012,crowaa01,Aaron Crow,KCR,1.0
2012,sanchjo01,Jonathan Sánchez,2TM,-1.6
2012,sanchjo01,Jonathan Sánchez,KCR,-1.2
2012,sanchjo01,Jonathan Sánchez,COL,-0.3
2012,nathajo01,Joe Nathan,TEX,1.8
2012,bellhe01,Heath Bell,MIA,-0.4
2012,cishest01,Steve Cishek,MIA,1.2
2012,janssca01,Casey Janssen,TOR,1.8
2012,ramirra02,Ramón Ramírez,NYM,0.0
2012,affelje01,Jeremy Affeldt,SFG,0.8
2012,garcija01,Santiago Casilla,SFG,0.5
2012,breslcr01,Craig Breslow,2TM,1.1
2012,breslcr01,Craig Breslow,ARI,0.8
2012,breslcr01,Craig Breslow,BOS,0.4
2012,klubeco01,Corey Kluber,CLE,-0.5
2012,pavanca01,Carl Pavano,MIN,-0.7
2012,kimbrcr01,Craig Kimbrel,ATL,3.2
2012,badenbu01,Burke Badenhop,TBR,0.8
2012,burtoja01,Jared Burton,MIN,1.4
2012,waltepj01,P.J. Walters,MIN,-0.4
2012,cecilbr01,Brett Cecil,TOR,-0.4
2012,teafoev01,Everett Teaford,KCR,0.2
2012,arredjo01,José Arredondo,CIN,0.5
2012,durbich01,Chad Durbin,ATL,0.3
2012,marshse01,Sean Marshall,CIN,1.5
2012,simonal01,Alfredo Simón,CIN,0.8
2012,lyonbr01,Brandon Lyon,2TM,1.3
2012,lyonbr01,Brandon Lyon,HOU,0.7
2012,lyonbr01,Brandon Lyon,TOR,0.6
2012,roberda08,David Robertson,NYY,1.7
2012,brittza01,Zack Britton,BAL,0.1
2012,webbry01,Ryan Webb,MIA,0.5
2012,alberma01,Matt Albers,2TM,1.1
2012,alberma01,Matt Albers,BOS,0.7
2012,alberma01,Matt Albers,ARI,0.4
2012,hanrajo01,Joel Hanrahan,PIT,1.4
2012,bardda01,Daniel Bard,BOS,-0.7
2012,harvema01,Matt Harvey,NYM,1.6
2012,shawbr01,Bryan Shaw,ARI,0.2
2012,oswalro01,Roy Oswalt,TEX,-0.3
2012,ramirer02,Erasmo Ramírez,SEA,0.8
2012,grillja01,Jason Grilli,PIT,1.0
2012,hutchdr01,Drew Hutchison,TOR,0.4
2012,parrama01,Manny Parra,MIL,-0.9
2012,salasfe01,Fernando Salas,STL,-0.1
2012,ventejo01,Jonny Venters,ATL,0.4
2012,doteloc01,Octavio Dotel,DET,1.3
2012,nicasju01,Juan Nicasio,COL,0.5
2012,broxtjo01,Jonathan Broxton,2TM,1.7
2012,broxtjo01,Jonathan Broxton,KCR,1.2
2012,broxtjo01,Jonathan Broxton,CIN,0.5
2012,betanra01,Rafael Betancourt,COL,2.6
2012,perezch01,Chris Pérez,CLE,0.7
2012,rauchjo01,Jon Rauch,NYM,0.1
2012,thayeda01,Dale Thayer,SDP,0.3
2012,lecursa01,Sam LeCure,CIN,0.8
2012,oflaher01,Eric O'Flaherty,ATL,1.4
2012,reynoma02,Matt Reynolds,COL,0.9
2012,burnese01,Sean Burnett,WSN,1.6
2012,oliveda02,Darren Oliver,TOR,1.9
2012,mijarjo01,José Mijares,2TM,1.3
2012,mijarjo01,José Mijares,KCR,0.9
2012,mijarjo01,José Mijares,SFG,0.3
2012,pattotr01,Troy Patton,BAL,1.8
2012,loganbo02,Boone Logan,NYY,0.9
2012,marmoca01,Carlos Mármol,CHC,0.5
2012,mcgeeja01,Jake McGee,TBR,1.9
2012,romose01,Sergio Romo,SFG,1.9
2012,cruzrh01,Rhiner Cruz,HOU,-0.3
2012,reedad01,Addison Reed,CHW,-0.1
2012,sippto01,Tony Sipp,CLE,0.1
2012,turneja01,Jacob Turner,2TM,0.4
2012,turneja01,Jacob Turner,DET,-0.2
2012,turneja01,Jacob Turner,MIA,0.6
2012,ondrulo01,Logan Ondrusek,CIN,0.4
2012,villabr02,Brayan Villarreal,DET,1.3
2012,putzjj01,J.J. Putz,ARI,1.1
2012,cokeph01,Phil Coke,DET,0.4
2012,danksjo01,John Danks,CHW,-0.3
2012,moyerja01,Jamie Moyer,COL,0.1
2012,watsoto01,Tony Watson,PIT,0.6
2012,torreca01,Carlos Torres,COL,0.4
2012,batismi01,Miguel Batista,2TM,-0.1
2012,batismi01,Miguel Batista,NYM,-0.2
2012,batismi01,Miguel Batista,ATL,0.1
2012,adamsmi03,Mike Adams,TEX,1.1
2012,wrighwe01,Wesley Wright,HOU,1.2
2012,quallch01,Chad Qualls,3TM,-0.7
2012,quallch01,Chad Qualls,2TM,-0.6
2012,quallch01,Chad Qualls,PHI,-0.3
2012,quallch01,Chad Qualls,NYY,-0.1
2012,quallch01,Chad Qualls,PIT,-0.3
2012,bastaan01,Antonio Bastardo,PHI,-0.1
2012,grayje02,Jeff Gray,MIN,-0.5
2012,norbejo01,Jordan Norberto,OAK,1.1
2012,atchisc01,Scott Atchison,BOS,1.7
2012,axelrdy01,Dylan Axelrod,CHW,0.1
2012,colemlo01,Louis Coleman,KCR,0.5
2012,henslcl01,Clay Hensley,SFG,-0.8
2012,howeljp01,J.P. Howell,TBR,0.8
2012,mortoch02,Charlie Morton,PIT,-0.3
2012,takahhi01,Hisanori Takahashi,2TM,-0.5
2012,takahhi01,Hisanori Takahashi,LAA,-0.3
2012,takahhi01,Hisanori Takahashi,PIT,-0.2
2012,moscogu01,Guillermo Moscoso,COL,0.2
2012,padilvi01,Vicente Padilla,BOS,-0.2
2012,sheetbe01,Ben Sheets,ATL,0.3
2012,lillyte01,Ted Lilly,LAD,0.6
2012,milleji02,Jim Miller,OAK,1.0
2012,ohlenro01,Ross Ohlendorf,SDP,-1.6
2012,jurrjja01,Jair Jurrjens,ATL,-1.4
2012,crainje01,Jesse Crain,CHW,1.5
2012,acostma01,Manny Acosta,NYM,-1.2
2012,doolise01,Sean Doolittle,OAK,0.8
2012,lindsma01,Matt Lindstrom,2TM,0.9
2012,lindsma01,Matt Lindstrom,BAL,0.7
2012,lindsma01,Matt Lindstrom,ARI,0.3
2012,corpama01,Manny Corpas,CHC,-0.2
2012,rzepcma01,Marc Rzepczynski,STL,0.0
2012,belowdu01,Duane Below,DET,0.4
2012,cashnan01,Andrew Cashner,SDP,-0.1
2012,furbuch01,Charlie Furbush,SEA,1.0
2012,abadfe01,Fernando Abad,HOU,-0.1
2012,eppleco01,Cody Eppley,NYY,0.7
2012,downssc01,Scott Downs,LAA,0.5
2012,isrinja01,Jason Isringhausen,LAA,0.1
2012,matsuda01,Daisuke Matsuzaka,BOS,-1.5
2012,hudsoda01,Daniel Hudson,ARI,-0.9
2012,guerrja01,Javy Guerra,LAD,1.2
2012,melanma01,Mark Melancon,BOS,-0.6
2012,jepseke01,Kevin Jepsen,LAA,0.5
2012,kellesh01,Shawn Kelley,SEA,0.4
2012,dunnmi01,Mike Dunn,MIA,-0.7
2012,mazzavi01,Vin Mazzaro,KCR,-0.2
2012,tazawju01,Junichi Tazawa,BOS,1.7
2012,frasoja01,Jason Frasor,TOR,0.4
2012,greggke01,Kevin Gregg,BAL,0.0
2012,kontoge01,George Kontos,SFG,0.5
2012,felizne01,Neftalí Feliz,TEX,1.3
2012,francfr01,Frank Francisco,NYM,-0.6
2012,hawkila01,LaTroy Hawkins,LAA,0.1
2012,mortecl01,Clayton Mortensen,BOS,0.7
2012,perezlu01,Luis Pérez,TOR,0.6
2012,luetglu01,Lucas Luetge,SEA,0.2
2012,outmajo01,Josh Outman,COL,-0.8
2012,martevi01,Víctor Marte,STL,-0.4
2012,millean01,Andrew Miller,BOS,0.7
2012,wernean01,Andrew Werner,SDP,-0.5
2012,valdelu01,Jairo Asencio,2TM,0.0
2012,valdelu01,Jairo Asencio,CLE,-0.2
2012,valdelu01,Jairo Asencio,CHC,0.2
2012,carpeda02,David Carpenter,LAA,-0.1
2012,bowdemi01,Michael Bowden,2TM,0.7
2012,bowdemi01,Michael Bowden,BOS,0.0
2012,bowdemi01,Michael Bowden,CHC,0.7
2012,lowema01,Mark Lowe,TEX,0.7
2012,straida01,Dan Straily,OAK,0.4
2012,cordefr01,Francisco Cordero,2TM,-1.6
2012,cordefr01,Francisco Cordero,TOR,-0.7
2012,cordefr01,Francisco Cordero,HOU,-0.9
2012,rogerma01,Mark Rogers,MIL,0.6
2012,streehu01,Huston Street,SDP,1.3
2012,wadeco01,Cory Wade,NYY,-0.8
2012,waldejo01,Jordan Walden,LAA,0.4
2012,choatra01,Randy Choate,2TM,0.6
2012,choatra01,Randy Choate,MIA,0.5
2012,choatra01,Randy Choate,LAD,0.1
2012,johnsst02,Steve Johnson,BAL,1.4
2012,rapadcl01,Clay Rapada,NYY,0.8
2012,dolisra01,Rafael Dolis,CHC,-1.0
2012,niemaje01,Jeff Niemann,TBR,0.6
2012,perezma02,Martín Pérez,TEX,-0.2
2012,paulife01,Felipe Paulino,KCR,1.9
2012,tollesh01,Shawn Tolleson,LAD,0.1
2012,wellski01,Kip Wells,SDP,-0.3
2012,zagurmi01,Mike Zagurski,ARI,-0.4
2012,accarje01,Jeremy Accardo,2TM,0.1
2012,accarje01,Jeremy Accardo,CLE,0.2
2012,accarje01,Jeremy Accardo,OAK,-0.1
2012,dillati01,Tim Dillard,MIL,-0.1
2012,avilalu01,Luis Avilán,ATL,0.7
2012,lopezja02,Javier López,SFG,0.5
2012,ueharko01,Koji Uehara,TEX,1.4
2012,cruzju02,Juan Cruz,PIT,0.7
2012,gonzami02,Mike González,WSN,0.5
2012,stewaza01,Zach Stewart,2TM,-1.4
2012,stewaza01,Zach Stewart,CHW,-0.7
2012,stewaza01,Zach Stewart,BOS,-0.7
2012,kirkmmi01,Michael Kirkman,TEX,0.6
2012,scribev01,Evan Scribner,OAK,0.7
2012,anderbr04,Brett Anderson,OAK,0.9
2012,fienca01,Casey Fien,MIN,1.1
2012,adcocna01,Nathan Adcock,KCR,0.7
2012,lockeje01,Jeff Locke,PIT,-0.3
2012,schwimi01,Michael Schwimer,PHI,0.0
2012,seddoch01,Chris Seddon,CLE,0.5
2012,cloydty01,Tyler Cloyd,PHI,0.0
2012,elbersc01,Scott Elbert,LAD,1.0
2012,lannajo01,John Lannan,WSN,0.3
2012,evelada01,Dana Eveland,BAL,0.1
2012,mikolmi01,Miles Mikolas,SDP,0.1
2012,schepta01,Tanner Scheppers,TEX,0.1
2012,wangch01,Chien-Ming Wang,WSN,-0.5
2012,carpeda01,David Carpenter,2TM,-0.7
2012,carpeda01,David Carpenter,HOU,-0.4
2012,carpeda01,David Carpenter,TOR,-0.4
2012,jenkich01,Chad Jenkins,TOR,0.2
2012,kinnejo01,Josh Kinney,SEA,0.3
2012,thatcjo01,Joe Thatcher,SDP,0.3
2012,vasques01,Esmerling Vásquez,MIN,-0.1
2012,horstje01,Jeremy Horst,PHI,0.9
2012,cedenxa01,Xavier Cedeño,HOU,0.3
2012,luebkco01,Cory Luebke,SDP,0.8
2012,valdera02,Raúl Valdés,PHI,0.6
2012,byrdati01,Tim Byrdak,NYM,0.0
2012,hendeji01,Jim Henderson,MIL,0.4
2012,hoovejj01,J.J. Hoover,CIN,0.8
2012,loupaa01,Aaron Loup,TOR,0.6
2012,suppaje01,Jeff Suppan,SDP,-0.2
2012,storedr01,Drew Storen,WSN,0.9
2012,storemi01,Mickey Storey,HOU,0.3
2012,ramosce01,César Ramos,TBR,0.7
2012,fuentbr01,Brian Fuentes,2TM,-0.9
2012,fuentbr01,Brian Fuentes,OAK,-0.7
2012,fuentbr01,Brian Fuentes,STL,-0.2
2012,bergebr02,Brad Bergesen,ARI,0.1
2012,perezol01,Óliver Pérez,SEA,1.0
2012,rusinch01,Chris Rusin,CHC,-0.4
2012,archech01,Chris Archer,TBR,-0.1
2012,cappsma01,Matt Capps,MIN,0.3
2012,rodrihe03,Henry Rodríguez,WSN,-0.6
2012,skaggty01,Tyler Skaggs,ARI,-0.4
2012,allenco01,Cody Allen,CLE,0.4
2012,kellyca01,Casey Kelly,SDP,-0.7
2012,peralwi01,Wily Peralta,MIL,0.9
2012,wellsra01,Randy Wells,CHC,-0.2
2012,hinshal01,Alex Hinshaw,2TM,-0.6
2012,hinshal01,Alex Hinshaw,SDP,0.0
2012,hinshal01,Alex Hinshaw,CHC,-0.6
2012,pennybr01,Brad Penny,SFG,-0.8
2012,boxbebr01,Brad Boxberger,SDP,0.1
2012,duffyda01,Danny Duffy,KCR,0.4
2012,wielajo01,Joe Wieland,SDP,-0.2
2012,diekmja01,Jake Diekman,PHI,-0.4
2012,farnsky01,Kyle Farnsworth,TBR,0.0
2012,fifest01,Stephen Fife,LAD,0.8
2012,huffda01,David Huff,CLE,0.2
2012,ohmanwi01,Will Ohman,CHW,-0.3
2012,mainesc01,Scott Maine,2TM,-0.3
2012,mainesc01,Scott Maine,CHC,0.0
2012,mainesc01,Scott Maine,CLE,-0.3
2012,mcpheky01,Kyle McPherson,PIT,0.5
2012,vinceni01,Nick Vincent,SDP,0.9
2012,edginjo01,Josh Edgin,NYM,-0.1
2012,hagadni01,Nick Hagadone,CLE,-0.4
2012,louxsh01,Shane Loux,SFG,-0.2
2012,cappsca01,Carter Capps,SEA,0.2
2012,gonzaed01,Édgar González,HOU,0.1
2012,roberty01,Tyler Robertson,MIN,-0.3
2012,rosenbj01,B.J. Rosenberg,PHI,-0.4
2012,saverjo01,Joe Savery,PHI,-0.4
2012,fickch01,C.J. Fick,2TM,0.0
2012,fickch01,C.J. Fick,STL,0.0
2012,fickch01,C.J. Fick,HOU,0.0
2012,chaveje01,Jesse Chavez,2TM,-1.2
2012,chaveje01,Jesse Chavez,TOR,-0.8
2012,chaveje01,Jesse Chavez,OAK,-0.3
2012,colemca01,Casey Coleman,CHC,-0.5
2012,raleybr01,Brooks Raley,CHC,-0.8
2012,galarar01,Armando Galarraga,HOU,-0.5
2012,pryorst01,Stephen Pryor,SEA,-0.1
2012,rosentr01,Trevor Rosenthal,STL,0.4
2012,escaled01,Edgmer Escalona,COL,-0.1
2012,martelu01,Luis Marte,DET,0.6
2012,carrejo01,Joel Carreño,TOR,-0.2
2012,thornty01,Tyler Thornburg,MIL,0.2
2012,cabreal03,Alberto Cabrera,CHC,-0.3
2012,figuepe01,Pedro Figueroa,OAK,0.2
2012,manshje01,Jeff Manship,MIN,-0.6
2012,mchugco01,Collin McHugh,NYM,-0.9
2012,ramirel02,Elvin Ramírez,NYM,-0.1
2012,waldrky01,Kyle Waldrop,MIN,0.6
2012,godfrgr01,Graham Godfrey,OAK,-0.6
2012,omogrbr01,Brian Omogrosso,CHW,0.6
2012,chambjo03,Joba Chamberlain,NYY,0.0
2012,downsda02,Darin Downs,DET,0.4
2012,motagu01,Guillermo Mota,SFG,-0.3
2012,freemsa01,Sam Freeman,STL,-0.3
2012,gearrco01,Cory Gearrin,ATL,0.5
2012,hillri01,Rich Hill,BOS,0.7
2012,neshepa01,Pat Neshek,OAK,0.9
2012,pelfrmi01,Mike Pelfrey,NYM,0.8
2012,berkeja01,Jason Berken,2TM,-0.5
2012,berkeja01,Jason Berken,BAL,-0.2
2012,berkeja01,Jason Berken,CHC,-0.3
2012,ambrihe01,Héctor Ambriz,HOU,0.2
2012,brownba01,Barret Browning,STL,-0.2
2012,coffeto01,Todd Coffey,LAD,-0.1
2012,herrmfr01,Frank Herrmann,CLE,0.4
2012,barnesc01,Scott Barnes,CLE,0.2
2012,delroen01,Enerio Del Rosario,HOU,-0.7
2012,jennida01,Dan Jennings,MIA,0.5
2012,mccleky01,Kyle McClellan,STL,-0.2
2012,balesco01,Collin Balester,DET,-0.2
2012,burnsco01,Cory Burns,SDP,-0.2
2012,belivje01,Jeff Beliveau,CHC,0.0
2012,gomesbr01,Brandon Gomes,TBR,-0.3
2012,harriwi10,Will Harris,COL,-0.5
2012,weilaky01,Kyle Weiland,HOU,-0.2
2012,buenofr01,Francisley Bueno,KCR,0.7
2012,carpech01,Chris Carpenter,STL,0.2
2012,perdolu01,Luis Perdomo,MIN,0.1
2012,tateyyo01,Yoshinori Tateyama,TEX,-0.6
2012,kintzbr01,Brandon Kintzler,MIL,0.1
2012,layneto01,Tommy Layne,SDP,0.3
2012,varvaan01,Anthony Varvaro,ATL,-0.2
2012,pauleda01,David Pauley,2TM,-0.3
2012,pauleda01,David Pauley,LAA,0.0
2012,pauleda01,David Pauley,TOR,-0.3
2012,bauertr01,Trevor Bauer,ARI,-0.3
2012,socolmi01,Miguel Socolovich,2TM,-0.2
2012,socolmi01,Miguel Socolovich,BAL,-0.2
2012,socolmi01,Miguel Socolovich,CHC,0.0
2012,castile01,Lendy Castillo,CHC,-0.4
2012,mejiaje01,Jenrry Mejía,NYM,-0.1
2012,putkolu01,Luke Putkonen,DET,0.2
2012,beckch01,Chad Beck,TOR,-0.3
2012,ekstrmi01,Mike Ekstrom,COL,0.0
2012,bailean01,Andrew Bailey,BOS,-0.6
2012,edlefst01,Steve Edlefsen,SFG,-0.1
2012,sanched01,Eduardo Sánchez,STL,-0.4
2012,aumonph01,Phillippe Aumont,PHI,0.2
2012,hatchch02,Chris Hatcher,MIA,0.0
2012,carmofa01,Roberto Hernández,CLE,-0.5
2012,septile01,Leyson Séptimo,CHW,0.1
2012,grimmju01,Justin Grimm,TEX,-0.3
2012,guerrma02,Matt Guerrier,LAD,0.1
2012,mcclemi01,Mike McClendon,MIL,-0.3
2012,contrjo01,José Contreras,PHI,-0.3
2012,dukeza01,Zach Duke,WSN,0.5
2012,millesh01,Shelby Miller,STL,0.5
2012,albural01,Al Alburquerque,DET,0.9
2012,carsoro01,Robert Carson,NYM,0.0
2012,jeffrje01,Jeremy Jeffress,KCR,-0.5
2012,koehlto01,Tom Koehler,MIA,0.0
2012,slatedo01,Doug Slaten,PIT,0.3
2012,vealdo01,Donnie Veal,CHW,0.6
2012,garcich02,Christian Garcia,WSN,0.3
2012,crosbca01,Casey Crosby,DET,-0.4
2012,familje01,Jeurys Familia,NYM,-0.1
2012,oteroda01,Dan Otero,SFG,-0.3
2012,wheelda01,Dan Wheeler,CLE,-0.4
2012,chapmja02,Jaye Chapman,CHC,0.1
2012,meekev01,Evan Meek,PIT,-0.3
2012,saitota01,Takashi Saito,ARI,-0.7
2012,valdejo01,José Valdéz,HOU,0.2
2012,romerj.01,J.C. Romero,2TM,-0.5
2012,romerj.01,J.C. Romero,STL,-0.4
2012,romerj.01,J.C. Romero,BAL,-0.1
2012,beatope01,Pedro Beato,2TM,-0.5
2012,beatope01,Pedro Beato,NYM,-0.5
2012,beatope01,Pedro Beato,BOS,0.0
2012,lerouch01,Chris Leroux,PIT,-0.2
2012,malonma02,Matt Maloney,MIN,-0.3
2012,wilkad01,Adam Wilk,DET,-0.3
2012,defraju01,Justin De Fratus,PHI,0.0
2012,rosajo01,Jorge De La Rosa,COL,-0.6
2012,spencjo01,Josh Spence,SDP,0.0
2012,hampsju01,Justin Hampson,NYM,0.1
2012,carigan01,Andrew Carignan,OAK,0.0
2012,hackeer01,Eric Hacker,SFG,-0.1
2012,owingmi01,Micah Owings,SDP,0.1
2012,hottoto01,Tommy Hottovy,KCR,0.2
2012,lidgebr01,Brad Lidge,WSN,-0.8
2012,ramosaj01,AJ Ramos,MIA,0.1
2012,stinsjo01,Josh Stinson,MIL,0.4
2012,carpean01,Drew Carpenter,TOR,0.0
2012,chulkvi01,Vinnie Chulk,MIL,-0.4
2012,cletoma01,Maikel Cleto,STL,-0.2
2012,narvech01,Chris Narveson,MIL,-0.3
2012,braybi01,Bill Bray,CIN,0.0
2012,scahiro01,Rob Scahill,COL,0.4
2012,schwich01,Chris Schwinden,NYM,-0.6
2012,woodke02,Kerry Wood,CHC,-0.4
2012,riverma01,Mariano Rivera,NYY,0.4
2012,colonro01,Román Colón,KCR,-0.1
2012,crawfev01,Evan Crawford,TOR,-0.1
2012,perryry01,Ryan Perry,WSN,-0.4
2012,herndda01,David Herndon,PHI,0.0
2012,perezra01,Rafael Pérez,CLE,0.1
2012,thomaju01,Justin Thomas,2TM,-0.2
2012,thomaju01,Justin Thomas,BOS,-0.1
2012,thomaju01,Justin Thomas,NYY,-0.1
2012,odorija01,Jake Odorizzi,KCR,0.1
2012,perezju01,Juan Pérez,MIL,0.0
2012,schleda01,Daniel Schlereth,DET,-0.6
2012,machije01,Jean Machi,SFG,-0.1
2012,rodrist02,Paco Rodríguez,LAD,0.3
2012,coellro01,Robert Coello,TOR,-0.4
2012,dicksbr01,Brandon Dickson,STL,-0.3
2012,lopezro02,Rodrigo López,CHC,-0.2
2012,sanchbr01,Brian Sanches,PHI,-0.3
2012,teherju01,Julio Teheran,ATL,-0.1
2012,carpech02,Chris Carpenter,BOS,-0.2
2012,maronni01,Nick Maronde,LAA,0.2
2012,parkebl01,Blake Parker,CHC,-0.3
2012,phillza01,Zach Phillips,BAL,0.0
2012,pomerst01,Stu Pomeranz,BAL,0.1
2012,rodrian01,Aneury Rodríguez,HOU,0.1
2012,cabreed01,Edwar Cabrera,COL,-0.4
2012,macdomi01,Mike MacDougal,LAD,-0.2
2012,sttuemi01,Michael Stutes,PHI,-0.3
2012,walljo02,Josh Wall,LAD,0.0
2012,cassebo01,Bobby Cassevah,LAA,-0.3
2012,cingrto01,Tony Cingrani,CIN,0.1
2012,delarda01,Dane De La Rosa,TBR,-0.2
2012,millsbr02,Brad Mills,LAA,0.3
2012,morribr01,Bryan Morris,PIT,0.0
2012,moseldu01,Dustin Moseley,SDP,-0.2
2012,moylape01,Peter Moylan,ATL,-0.1
2012,santose01,Sergio Santos,TOR,-0.4
2012,staufti01,Tim Stauffer,SDP,-0.1
2012,mitchdj01,D.J. Mitchell,NYY,0.1
2012,petityu01,Yusmeiro Petit,SFG,0.0
2012,wilsoju10,Justin Wilson,PIT,0.1
2012,hernape02,Pedro Hernández,CHW,-0.3
2012,weberth01,Thad Weber,DET,-0.1
2012,igarary01,Ryota Igarashi,2TM,-0.4
2012,igarary01,Ryota Igarashi,TOR,-0.3
2012,igarary01,Ryota Igarashi,NYY,-0.1
2012,carradj01,D.J. Carrasco,NYM,-0.1
2012,enrigba01,Barry Enright,LAA,-0.2
2012,handbr01,Brad Hand,MIA,-0.3
2012,runzlda01,Dan Runzler,SFG,0.1
2012,luekejo01,Josh Lueke,TBR,-0.3
2012,redmoto01,Todd Redmond,CIN,-0.2
2012,albaljo01,Jonathan Albaladejo,ARI,-0.1
2012,delosfa01,Fautino De Los Santos,OAK,0.0
2012,hillsh01,Shawn Hill,TOR,0.2
2012,richmsc01,Scott Richmond,TOR,0.0
2012,rosarsa02,Sandy Rosario,MIA,-0.2
2012,thompri03,Rich Thompson,2TM,-0.2
2012,thompri03,Rich Thompson,LAA,-0.2
2012,thompri03,Rich Thompson,OAK,0.0
2012,elyjo01,John Ely,LAD,-0.7
2012,marinjh01,Jhan Mariñez,CHW,0.2
2012,ortegjo01,José Ortega,DET,0.1
2012,paterjo01,Joe Paterson,ARI,-0.7
2012,vanderi01,Rick van den Hurk,PIT,-0.2
2012,tayloan01,Andrew Taylor,LAA,-0.1
2012,warread01,Adam Warren,NYY,-0.3
2012,davisch02,Chris Davis,BAL,0.2
2012,fontwi01,Wilmer Font,TEX,0.0
2012,geltzst01,Steve Geltz,LAA,0.0
2012,heathde01,Deunte Heath,CHW,0.0
2012,mathije01,Jeff Mathis,TOR,0.0
2012,palmema01,Matt Palmer,SDP,-0.1
2012,putnaza01,Zach Putnam,COL,0.1
2012,wilsobr01,Brian Wilson,SFG,-0.1
2012,bundydy01,Dylan Bundy,BAL,0.1
2012,olivele01,Lester Oliveros,MIN,0.0
2012,verdury01,Ryan Verdugo,KCR,-0.3
2012,wisede01,Dewayne Wise,2TM,0.1
2012,wisede01,Dewayne Wise,NYY,0.0
2012,wisede01,Dewayne Wise,CHW,0.0
2012,sherrge01,George Sherrill,SEA,-0.2
2012,aardsda01,David Aardsma,NYY,0.0
2012,bogusbr01,Brian Bogusevic,HOU,-0.1
2012,brunebr01,Brian Bruney,CHW,0.1
2012,buterdr01,Drew Butera,MIN,0.0
2012,demelsa01,Sam Demel,ARI,-0.1
2012,gentrcr01,Craig Gentry,TEX,-0.1
2012,johnsro07,Rob Johnson,NYM,0.0
2012,korecbo01,Bobby Korecky,TOR,-0.1
2012,maiermi01,Mitch Maier,KCR,0.0
2012,martijo07,Joe Martinez,ARI,0.0
2012,mcdonda02,Darnell McDonald,BOS,-0.4
2012,villape01,Pedro Villarreal,CIN,0.0
2012,brummty01,Tyson Brummett,PHI,0.0
2012,delarru01,Rubby De La Rosa,LAD,-0.1
2012,dysonsa01,Sam Dyson,TOR,-0.2
2012,egberja01,Jack Egbert,NYM,0.0
2012,mathejo02,Joe Mather,CHC,0.0
2012,olsonga01,Garrett Olson,NYM,-0.1
2012,mccutda01,Daniel McCutchen,PIT,0.0
2013,wainwad01,Adam Wainwright,STL,6.3
2013,kershcl01,Clayton Kershaw,LAD,8.1
2013,shielja02,James Shields,KCR,4.7
2013,dicker.01,R.A. Dickey,TOR,1.9
2013,leecl02,Cliff Lee,PHI,6.6
2013,hamelco01,Cole Hamels,PHI,4.0
2013,iwakuhi01,Hisashi Iwakuma,SEA,7.0
2013,verlaju01,Justin Verlander,DET,4.4
2013,salech01,Chris Sale,CHW,6.5
2013,scherma01,Max Scherzer,DET,6.5
2013,samarje01,Jeff Samardzija,CHC,1.0
2013,lestejo01,Jon Lester,BOS,2.7
2013,zimmejo02,Jordan Zimmermann,WSN,3.5
2013,hollade01,Derek Holland,TEX,3.2
2013,wilsocj01,C.J. Wilson,LAA,3.5
2013,guthrje01,Jeremy Guthrie,KCR,1.6
2013,sabatc.01,CC Sabathia,NYY,0.0
2013,santaer01,Ervin Santana,KCR,3.2
2013,latosma01,Mat Latos,CIN,3.4
2013,darviyu01,Yu Darvish,TEX,5.6
2013,baileho02,Homer Bailey,CIN,2.8
2013,fistedo01,Doug Fister,DET,4.0
2013,corbipa01,Patrick Corbin,ARI,3.0
2013,tillmch01,Chris Tillman,BAL,3.7
2013,minormi01,Mike Minor,ATL,2.9
2013,hernafe02,Félix Hernández,SEA,5.1
2013,buehrma01,Mark Buehrle,TOR,2.3
2013,stulter01,Eric Stults,SDP,0.7
2013,mileywa01,Wade Miley,ARI,1.4
2013,arroybr01,Bronson Arroyo,CIN,2.2
2013,lynnla01,Lance Lynn,STL,2.1
2013,bumgama01,Madison Bumgarner,SFG,4.0
2013,kurodhi01,Hiroki Kuroda,NYY,4.0
2013,griffaj01,A.J. Griffin,OAK,2.7
2013,quintjo01,Jose Quintana,CHW,5.1
2013,woodtr01,Travis Wood,CHC,4.5
2013,nolasri01,Ricky Nolasco,2TM,1.9
2013,nolasri01,Ricky Nolasco,MIA,1.3
2013,nolasri01,Ricky Nolasco,LAD,0.6
2013,geedi01,Dillon Gee,NYM,2.4
2013,lohseky01,Kyle Lohse,MIL,3.0
2013,linceti01,Tim Lincecum,SFG,-0.5
2013,chacijh01,Jhoulys Chacín,COL,5.8
2013,medlekr01,Kris Medlen,ATL,2.7
2013,parkeja02,Jarrod Parker,OAK,2.3
2013,gonzagi01,Gio González,WSN,2.7
2013,masteju01,Justin Masterson,CLE,3.4
2013,leakemi01,Mike Leake,CIN,2.6
2013,ryuhy01,Hyun Jin Ryu,LAD,3.5
2013,burnea.01,A.J. Burnett,PIT,2.0
2013,colonba01,Bartolo Colon,OAK,5.6
2013,lackejo01,John Lackey,BOS,2.7
2013,priceda01,David Price,TBR,2.6
2013,teherju01,Julio Teheran,ATL,2.9
2013,correke01,Kevin Correia,MIN,2.3
2013,pettian01,Andy Pettitte,NYY,2.3
2013,cainma01,Matt Cain,SFG,0.8
2013,peralwi01,Wily Peralta,MIL,-1.1
2013,saundjo01,Joe Saunders,SEA,-0.4
2013,strasst01,Stephen Strasburg,WSN,2.9
2013,jimenub01,Ubaldo Jiménez,CLE,2.7
2013,kendrky01,Kyle Kendrick,PHI,0.6
2013,sanchan01,Aníbal Sánchez,DET,6.1
2013,feldmsc01,Scott Feldman,2TM,1.5
2013,feldmsc01,Scott Feldman,CHC,0.9
2013,feldmsc01,Scott Feldman,BAL,0.6
2013,kenneia01,Ian Kennedy,2TM,-1.5
2013,kenneia01,Ian Kennedy,ARI,-1.4
2013,kenneia01,Ian Kennedy,SDP,0.0
2013,gallayo01,Yovani Gallardo,MIL,0.2
2013,harvema01,Matt Harvey,NYM,5.3
2013,greinza01,Zack Greinke,LAD,4.3
2013,porceri01,Rick Porcello,DET,2.3
2013,norribu01,Bud Norris,2TM,1.9
2013,norribu01,Bud Norris,HOU,1.8
2013,norribu01,Bud Norris,BAL,0.1
2013,jacksed01,Edwin Jackson,CHC,-1.3
2013,cashnan01,Andrew Cashner,SDP,2.4
2013,hellije01,Jeremy Hellickson,TBR,-0.9
2013,millesh01,Shelby Miller,STL,3.5
2013,fernajo02,José Fernández,MIA,6.2
2013,dempsry01,Ryan Dempster,BOS,-0.2
2013,gonzami03,Miguel González,BAL,1.7
2013,volqued01,Edinson Vólquez,2TM,-2.3
2013,volqued01,Edinson Vólquez,SDP,-2.4
2013,volqued01,Edinson Vólquez,LAD,0.1
2013,harenda01,Dan Haren,WSN,-0.1
2013,willije01,Jerome Williams,LAA,0.6
2013,rosajo01,Jorge De La Rosa,COL,4.4
2013,lockeje01,Jeff Locke,PIT,1.4
2013,doubrfe01,Félix Doubront,BOS,0.7
2013,liriafr01,Francisco Liriano,PIT,3.3
2013,kazmisc01,Scott Kazmir,CLE,1.0
2013,nicasju01,Juan Nicasio,COL,0.3
2013,milonto01,Tommy Milone,OAK,0.8
2013,garzama01,Matt Garza,2TM,1.5
2013,garzama01,Matt Garza,CHC,1.6
2013,garzama01,Matt Garza,TEX,-0.1
2013,weaveje02,Jered Weaver,LAA,3.7
2013,harrelu01,Lucas Harrell,HOU,-1.5
2013,keuchda01,Dallas Keuchel,HOU,-0.1
2013,maholpa01,Paul Maholm,ATL,-0.3
2013,pelfrmi01,Mike Pelfrey,MIN,0.2
2013,straida01,Dan Straily,OAK,1.5
2013,bedarer01,Érik Bédard,HOU,1.0
2013,carmofa01,Roberto Hernández,TBR,-0.7
2013,moorema02,Matt Moore,TBR,2.5
2013,vargaja01,Jason Vargas,LAA,2.0
2013,santihe01,Héctor Santiago,CHW,2.7
2013,klubeco01,Corey Kluber,CLE,1.5
2013,cahiltr01,Trevor Cahill,ARI,0.7
2013,hugheph01,Phil Hughes,NYY,-0.9
2013,richaga01,Garrett Richards,LAA,1.0
2013,peavyja01,Jake Peavy,2TM,1.3
2013,peavyja01,Jake Peavy,CHW,0.7
2013,peavyja01,Jake Peavy,BOS,0.6
2013,cobbal01,Alex Cobb,TBR,3.8
2013,haranaa01,Aaron Harang,2TM,-0.7
2013,haranaa01,Aaron Harang,SEA,-0.9
2013,haranaa01,Aaron Harang,NYM,0.2
2013,koehlto01,Tom Koehler,MIA,0.8
2013,niesejo01,Jon Niese,NYM,0.8
2013,lylesjo01,Jordan Lyles,HOU,-1.1
2013,hammeja01,Jason Hammel,BAL,-0.3
2013,novaiv01,Iván Nova,NYY,3.4
2013,danksjo01,John Danks,CHW,0.8
2013,rogeres01,Esmil Rogers,TOR,0.5
2013,chenwe02,Wei-Yin Chen,BAL,1.5
2013,daviswa01,Wade Davis,KCR,-1.9
2013,mccarbr01,Brandon McCarthy,ARI,-0.2
2013,mcallza01,Zach McAllister,CLE,0.9
2013,zitoba01,Barry Zito,SFG,-2.5
2013,blantjo01,Joe Blanton,LAA,-1.9
2013,hudsoti01,Tim Hudson,ATL,0.8
2013,diamosc01,Scott Diamond,MIN,-0.6
2013,hefneje01,Jeremy Hefner,NYM,-0.6
2013,archech01,Chris Archer,TBR,2.0
2013,villaca01,Carlos Villanueva,CHC,1.5
2013,axelrdy01,Dylan Axelrod,CHW,-0.6
2013,estrama01,Marco Estrada,MIL,1.4
2013,rossty01,Tyson Ross,SDP,1.4
2013,perezma02,Martín Pérez,TEX,1.6
2013,kellyjo05,Joe Kelly,STL,2.9
2013,chenbr01,Bruce Chen,KCR,1.9
2013,turneja01,Jacob Turner,MIA,1.4
2013,marquja01,Jason Marquis,SDP,-0.2
2013,colege01,Gerrit Cole,PIT,1.4
2013,westbja01,Jake Westbrook,STL,-0.5
2013,delgara01,Randall Delgado,ARI,0.2
2013,mortoch02,Charlie Morton,PIT,0.6
2013,chatwty01,Tyler Chatwood,COL,3.5
2013,buchhcl01,Clay Buchholz,BOS,4.3
2013,dedunsa01,Sam Deduno,MIN,1.7
2013,eovalna01,Nathan Eovaldi,MIA,2.1
2013,capuach01,Chris Capuano,LAD,-0.4
2013,cingrto01,Tony Cingrani,CIN,2.0
2013,ogandal01,Alexi Ogando,TEX,2.1
2013,vogelry01,Ryan Vogelsong,SFG,-2.0
2013,alvarhe01,Henderson Alvarez III,MIA,1.8
2013,pettijo02,Jonathan Pettibone,PHI,1.2
2013,wheelza01,Zack Wheeler,NYM,1.2
2013,grimmju01,Justin Grimm,2TM,-1.5
2013,grimmju01,Justin Grimm,TEX,-1.6
2013,grimmju01,Justin Grimm,CHC,0.2
2013,gaudich01,Chad Gaudin,SFG,1.5
2013,swarzan01,Anthony Swarzak,MIN,2.0
2013,mendolu01,Luis Mendoza,KCR,-0.9
2013,tepesni01,Nick Tepesch,TEX,-0.3
2013,happja01,J.A. Happ,TOR,0.1
2013,collmjo01,Josh Collmenter,ARI,1.0
2013,sloweke01,Kevin Slowey,MIA,0.6
2013,maurebr01,Brandon Maurer,SEA,-1.1
2013,simonal01,Alfredo Simón,CIN,1.1
2013,phelpda01,David Phelps,NYY,-0.2
2013,hunteto02,Tommy Hunter,BAL,1.8
2013,torreca01,Carlos Torres,NYM,0.9
2013,gorzeto01,Tom Gorzelanny,MIL,0.3
2013,peacobr01,Brad Peacock,HOU,0.0
2013,stammcr01,Craig Stammen,WSN,1.0
2013,johnsjo09,Josh Johnson,TOR,-1.5
2013,gomezje01,Jeanmar Gómez,PIT,0.3
2013,webbry01,Ryan Webb,MIA,1.1
2013,garcifr03,Freddy García,2TM,0.5
2013,garcifr03,Freddy García,BAL,-0.4
2013,garcifr03,Freddy García,ATL,0.9
2013,ramosaj01,AJ Ramos,MIA,0.8
2013,marcush01,Shaun Marcum,NYM,-0.9
2013,ottavad01,Adam Ottavino,COL,2.3
2013,jonesna01,Nate Jones,CHW,0.3
2013,woodal02,Alex Wood,ATL,0.9
2013,kintzbr01,Brandon Kintzler,MIL,1.1
2013,redmoto01,Todd Redmond,TOR,0.6
2013,warread01,Adam Warren,NYY,1.1
2013,janseke01,Kenley Jansen,LAD,2.6
2013,pressry01,Ryan Pressly,MIN,0.5
2013,schepta01,Tanner Scheppers,TEX,2.2
2013,smylydr01,Drew Smyly,DET,2.6
2013,lopezwi01,Wilton López,COL,1.0
2013,rosentr01,Trevor Rosenthal,STL,1.5
2013,arrieja01,Jake Arrieta,2TM,0.3
2013,arrieja01,Jake Arrieta,BAL,-0.4
2013,arrieja01,Jake Arrieta,CHC,0.7
2013,shawbr01,Bryan Shaw,CLE,0.7
2013,mcfartj01,T.J. McFarland,BAL,0.1
2013,lannajo01,John Lannan,PHI,-0.4
2013,ueharko01,Koji Uehara,BOS,3.5
2013,figaral01,Alfredo Fígaro,MIL,-0.6
2013,mazzavi01,Vin Mazzaro,PIT,1.1
2013,wilsoju10,Justin Wilson,PIT,1.9
2013,clemepa02,Paul Clemens,HOU,-0.5
2013,varvaan01,Anthony Varvaro,ATL,0.8
2013,belisma01,Matt Belisle,COL,0.6
2013,hansoto01,Tommy Hanson,LAA,-0.4
2013,zieglbr01,Brad Ziegler,ARI,1.7
2013,delarda01,Dane De La Rosa,LAA,1.4
2013,ramirer02,Erasmo Ramírez,SEA,0.0
2013,oberhbr01,Brett Oberholtzer,HOU,2.1
2013,watsoto01,Tony Watson,PIT,1.5
2013,detwiro01,Ross Detwiler,WSN,0.2
2013,peraljo01,Joel Peralta,TBR,0.3
2013,reedad01,Addison Reed,CHW,1.1
2013,clippty01,Tyler Clippard,WSN,1.7
2013,melanma01,Mark Melancon,PIT,2.1
2013,hawkila01,LaTroy Hawkins,NYM,0.6
2013,allenco01,Cody Allen,CLE,1.4
2013,francje01,Jeff Francis,COL,-0.7
2013,hochelu01,Luke Hochevar,KCR,2.1
2013,johnsji04,Jim Johnson,BAL,1.3
2013,wrighja01,Jamey Wright,TBR,0.9
2013,cishest01,Steve Cishek,MIA,2.1
2013,staufti01,Tim Stauffer,SDP,0.4
2013,loupaa01,Aaron Loup,TOR,1.6
2013,doolise01,Sean Doolittle,OAK,1.4
2013,frierer01,Ernesto Frieri,LAA,0.7
2013,handdo01,Donovan Hand,MIL,0.6
2013,tazawju01,Junichi Tazawa,BOS,1.0
2013,belisro01,Ronald Belisario,LAD,-0.5
2013,garlajo01,Jon Garland,COL,0.1
2013,medinyo01,Yoervis Medina,SEA,1.9
2013,dunnmi01,Mike Dunn,MIA,1.6
2013,brothre01,Rex Brothers,COL,3.1
2013,cookry01,Ryan Cook,OAK,1.6
2013,ramosce01,César Ramos,TBR,0.3
2013,benoijo01,Joaquin Benoit,DET,2.8
2013,hollagr01,Greg Holland,KCR,3.2
2013,kimbrcr01,Craig Kimbrel,ATL,3.1
2013,rodnefe01,Fernando Rodney,TBR,0.5
2013,soriara01,Rafael Soriano,WSN,0.8
2013,thornty01,Tyler Thornburg,MIL,1.9
2013,gregelu01,Luke Gregerson,SDP,0.7
2013,roberda08,David Robertson,NYY,2.4
2013,rusinch01,Chris Rusin,CHC,0.7
2013,burtoja01,Jared Burton,MIN,0.8
2013,hoovejj01,J.J. Hoover,CIN,1.3
2013,bellhe01,Heath Bell,ARI,-0.2
2013,carpeda01,David Carpenter,ATL,1.9
2013,avilalu01,Luis Avilán,ATL,2.2
2013,furbuch01,Charlie Furbush,SEA,0.2
2013,morribr01,Bryan Morris,PIT,0.4
2013,thayeda01,Dale Thayer,SDP,0.5
2013,axforjo01,John Axford,2TM,-0.2
2013,axforjo01,John Axford,MIL,-0.5
2013,axforjo01,John Axford,STL,0.3
2013,mujiced01,Edward Mujica,STL,1.6
2013,nathajo01,Joe Nathan,TEX,3.2
2013,wachami01,Michael Wacha,STL,1.9
2013,grayso01,Sonny Gray,OAK,1.4
2013,riverma01,Mariano Rivera,NYY,2.4
2013,chapmar01,Aroldis Chapman,CIN,1.8
2013,alberma01,Matt Albers,CLE,0.6
2013,smithjo05,Joe Smith,CLE,1.8
2013,balfogr01,Grant Balfour,OAK,1.6
2013,mcgeeja01,Jake McGee,TBR,0.2
2013,perkigl01,Glen Perkins,MIN,2.4
2013,rodriwa01,Wandy Rodríguez,PIT,0.4
2013,verasjo01,José Veras,2TM,1.4
2013,verasjo01,José Veras,HOU,1.1
2013,verasjo01,José Veras,DET,0.3
2013,badenbu01,Burke Badenhop,MIL,-0.4
2013,hernada01,David Hernández,ARI,-0.8
2013,rossro01,Robbie Ross,TEX,1.2
2013,fienca01,Casey Fien,MIN,0.6
2013,greggke01,Kevin Gregg,CHC,0.5
2013,hallaro01,Roy Halladay,PHI,-1.1
2013,howeljp01,J.P. Howell,LAD,1.7
2013,manesse01,Seth Maness,STL,1.7
2013,odayda01,Darren O'Day,BAL,1.9
2013,quallch01,Chad Qualls,MIA,1.7
2013,roenijo01,Josh Roenicke,MIN,0.3
2013,papeljo01,Jonathan Papelbon,PHI,1.3
2013,storedr01,Drew Storen,WSN,-0.7
2013,duensbr01,Brian Duensing,MIN,0.6
2013,lecursa01,Sam LeCure,CIN,1.4
2013,cecilbr01,Brett Cecil,TOR,1.3
2013,cuetojo01,Johnny Cueto,CIN,1.3
2013,lindsma01,Matt Lindstrom,CHW,1.4
2013,cloydty01,Tyler Cloyd,PHI,-0.9
2013,ohlenro01,Ross Ohlendorf,WSN,1.0
2013,romose01,Sergio Romo,SFG,0.8
2013,alberan01,Andrew Albers,MIN,0.4
2013,blevije01,Jerry Blevins,OAK,0.9
2013,cosarja01,Jarred Cosart,HOU,2.6
2013,hendeji01,Jim Henderson,MIL,1.3
2013,breslcr01,Craig Breslow,BOS,1.5
2013,cappsca01,Carter Capps,SEA,-0.7
2013,wilheto01,Tom Wilhelmsen,SEA,0.3
2013,delabst01,Steve Delabar,TOR,0.7
2013,fifest01,Stephen Fife,LAD,0.0
2013,herreke01,Kelvin Herrera,KCR,-0.1
2013,torreal01,Álex Torres,TBR,1.9
2013,chaveje01,Jesse Chavez,OAK,0.3
2013,stroppe01,Pedro Strop,2TM,-0.1
2013,stroppe01,Pedro Strop,BAL,-0.9
2013,stroppe01,Pedro Strop,CHC,0.8
2013,cottsne01,Neal Cotts,TEX,2.6
2013,hernape02,Pedro Hernández,MIN,-0.7
2013,streehu01,Huston Street,SDP,1.0
2013,pattotr01,Troy Patton,BAL,0.4
2013,rienzan01,André Rienzo,CHW,0.2
2013,farquda01,Danny Farquhar,SEA,-0.1
2013,garcija02,Jaime García,STL,0.6
2013,kontoge01,George Kontos,SFG,-0.5
2013,sanabal01,Alex Sanabia,MIA,-0.3
2013,gutieju01,J.C. Gutiérrez,2TM,-0.1
2013,gutieju01,J.C. Gutiérrez,KCR,0.1
2013,gutieju01,J.C. Gutiérrez,LAA,-0.3
2013,ondrulo01,Logan Ondrusek,CIN,0.0
2013,bondeje01,Jeremy Bonderman,2TM,-0.4
2013,bondeje01,Jeremy Bonderman,SEA,-0.1
2013,bondeje01,Jeremy Bonderman,DET,-0.3
2013,leblawa01,Wade LeBlanc,2TM,-0.8
2013,leblawa01,Wade LeBlanc,MIA,-0.4
2013,leblawa01,Wade LeBlanc,HOU,-0.4
2013,erlinro01,Robbie Erlin,SDP,0.3
2013,humbeph01,Philip Humber,HOU,-1.6
2013,rondohe01,Héctor Rondón,CHC,-0.1
2013,leagubr01,Brandon League,LAD,-1.3
2013,morrobr01,Brandon Morrow,TOR,-0.5
2013,rodrist02,Paco Rodríguez,LAD,1.5
2013,outmajo01,Josh Outman,COL,0.7
2013,perezch01,Chris Pérez,CLE,-0.3
2013,roarkta01,Tanner Roark,WSN,2.0
2013,wrighwe01,Wesley Wright,2TM,0.7
2013,wrighwe01,Wesley Wright,HOU,0.5
2013,wrighwe01,Wesley Wright,TBR,0.2
2013,colliti01,Tim Collins,KCR,-0.1
2013,kellesh01,Shawn Kelley,NYY,0.0
2013,kohnmi01,Michael Kohn,LAA,0.7
2013,lyonsty01,Tyler Lyons,STL,0.0
2013,machije01,Jean Machi,SFG,1.1
2013,perezol01,Óliver Pérez,SEA,0.6
2013,harriwi10,Will Harris,ARI,0.8
2013,janssca01,Casey Janssen,TOR,1.5
2013,richacl01,Clayton Richard,SDP,-1.7
2013,russeja02,James Russell,CHC,0.7
2013,salazda01,Danny Salazar,CLE,1.2
2013,jordata01,Taylor Jordan,WSN,0.0
2013,gibsoky01,Kyle Gibson,MIN,-0.8
2013,matusbr01,Brian Matusz,BAL,0.6
2013,ricesc01,Scott Rice,NYM,0.2
2013,claibpr01,Preston Claiborne,NYY,0.3
2013,blacktr01,Travis Blackley,2TM,0.1
2013,blacktr01,Travis Blackley,HOU,0.1
2013,blacktr01,Travis Blackley,TEX,0.0
2013,garcija01,Santiago Casilla,SFG,1.2
2013,gonzami02,Mike González,MIL,-0.5
2013,grillja01,Jason Grilli,PIT,0.9
2013,parnebo01,Bobby Parnell,NYM,0.8
2013,albural01,Al Alburquerque,DET,0.2
2013,frasoja01,Jason Frasor,TEX,1.1
2013,mijarjo01,José Mijares,SFG,-0.1
2013,oliveda02,Darren Oliver,TOR,0.2
2013,marmoca01,Carlos Mármol,2TM,-0.4
2013,marmoca01,Carlos Mármol,CHC,-0.6
2013,marmoca01,Carlos Mármol,LAD,0.3
2013,worleva01,Vance Worley,MIN,-1.0
2013,crowaa01,Aaron Crow,KCR,0.4
2013,petityu01,Yusmeiro Petit,SFG,0.6
2013,gausmke01,Kevin Gausman,BAL,-0.4
2013,wolfro01,Ross Wolf,TEX,0.2
2013,hendrli01,Liam Hendriks,MIN,-0.8
2013,waldejo01,Jordan Walden,ATL,0.3
2013,carraca01,Carlos Carrasco,CLE,-0.9
2013,defraju01,Justin De Fratus,PHI,0.4
2013,rodrifr03,Francisco Rodríguez,2TM,1.1
2013,rodrifr03,Francisco Rodríguez,MIL,1.1
2013,rodrifr03,Francisco Rodríguez,BAL,0.0
2013,parkebl01,Blake Parker,CHC,0.7
2013,vinceni01,Nick Vincent,SDP,1.2
2013,escaled01,Edgmer Escalona,COL,-0.5
2013,parrama01,Manny Parra,CIN,0.5
2013,thielca01,Caleb Thielbar,MIN,1.3
2013,atchisc01,Scott Atchison,NYM,-0.7
2013,anderbr04,Brett Anderson,OAK,-0.7
2013,bettich01,Chad Bettis,COL,-0.6
2013,ortizjo05,Joe Ortiz,TEX,-0.3
2013,cisnejo01,José Cisnero,HOU,0.2
2013,beckejo02,Josh Beckett,LAD,-0.8
2013,thornma01,Matt Thornton,2TM,0.4
2013,thornma01,Matt Thornton,CHW,0.2
2013,thornma01,Matt Thornton,BOS,0.2
2013,downssc01,Scott Downs,2TM,1.2
2013,downssc01,Scott Downs,LAA,1.2
2013,downssc01,Scott Downs,ATL,0.1
2013,bastaan01,Antonio Bastardo,PHI,1.3
2013,guerrma02,Matt Guerrier,2TM,-0.1
2013,guerrma02,Matt Guerrier,LAD,-0.4
2013,guerrma02,Matt Guerrier,CHC,0.3
2013,bassan01,Anthony Bass,SDP,-0.4
2013,chambjo03,Joba Chamberlain,NYY,-0.1
2013,corpama01,Manny Corpas,COL,0.3
2013,rosarsa02,Sandy Rosario,SFG,0.4
2013,workmbr01,Brandon Workman,BOS,-0.1
2013,jennida01,Dan Jennings,MIA,0.4
2013,neshepa01,Pat Neshek,OAK,0.5
2013,brittza01,Zack Britton,BAL,0.0
2013,martiet01,Ethan Martin,PHI,-0.4
2013,aardsda01,David Aardsma,NYM,-0.1
2013,beavabl01,Blake Beavan,SEA,-0.5
2013,siegrke01,Kevin Siegrist,STL,2.0
2013,lopezja02,Javier López,SFG,1.0
2013,waltepj01,P.J. Walters,MIN,-0.5
2013,thatcjo01,Joe Thatcher,2TM,0.6
2013,thatcjo01,Joe Thatcher,SDP,0.9
2013,thatcjo01,Joe Thatcher,ARI,-0.3
2013,loganbo02,Boone Logan,NYY,0.6
2013,oteroda01,Dan Otero,OAK,1.4
2013,alvarjo02,José Álvarez,DET,-0.2
2013,hillri01,Rich Hill,CLE,-1.3
2013,matsuda01,Daisuke Matsuzaka,NYM,0.0
2013,skaggty01,Tyler Skaggs,ARI,-0.2
2013,cokeph01,Phil Coke,DET,-0.2
2013,diekmja01,Jake Diekman,PHI,0.6
2013,farnsky01,Kyle Farnsworth,2TM,-0.1
2013,farnsky01,Kyle Farnsworth,TBR,-0.4
2013,farnsky01,Kyle Farnsworth,PIT,0.3
2013,fieldjo03,Josh Fields,HOU,-0.1
2013,wagnene01,Neil Wagner,TOR,0.4
2013,abadfe01,Fernando Abad,WSN,0.4
2013,bowdemi01,Michael Bowden,CHC,0.1
2013,sippto01,Tony Sipp,ARI,-0.4
2013,huffda01,David Huff,2TM,-0.2
2013,huffda01,David Huff,CLE,-0.2
2013,huffda01,David Huff,NYY,0.0
2013,aceveal01,Alfredo Aceves,BOS,0.0
2013,luetglu01,Lucas Luetge,SEA,-0.1
2013,crainje01,Jesse Crain,CHW,2.2
2013,ambrihe01,Héctor Ambriz,HOU,-0.9
2013,smithbu03,Burch Smith,SDP,-0.7
2013,jepseke01,Kevin Jepsen,LAA,-0.2
2013,choatra01,Randy Choate,STL,1.2
2013,downsda02,Darin Downs,DET,-0.1
2013,matthry01,Ryan Mattheus,WSN,-0.8
2013,pestavi01,Vinnie Pestano,CLE,-0.1
2013,valdera02,Raúl Valdés,PHI,-0.6
2013,withrch01,Chris Withrow,LAD,0.8
2013,germego01,González Germen,NYM,0.1
2013,lyonbr01,Brandon Lyon,NYM,-0.5
2013,putzjj01,J.J. Putz,ARI,0.9
2013,affelje01,Jeremy Affeldt,SFG,0.1
2013,jenkich01,Chad Jenkins,TOR,0.6
2013,scahiro01,Rob Scahill,COL,0.3
2013,smithwi04,Will Smith,KCR,0.1
2013,ayalalu01,Luis Ayala,2TM,0.3
2013,ayalalu01,Luis Ayala,BAL,-0.1
2013,ayalalu01,Luis Ayala,ATL,0.4
2013,oswalro01,Roy Oswalt,COL,-0.9
2013,hugheja02,Jared Hughes,PIT,-0.2
2013,burkegr01,Greg Burke,NYM,-1.3
2013,lincobr01,Brad Lincoln,TOR,-0.1
2013,perezju01,Juan Pérez,TOR,0.0
2013,garcilu03,Luis García,PHI,0.2
2013,hagadni01,Nick Hagadone,CLE,-0.5
2013,lindbjo01,Josh Lindblom,TEX,0.0
2013,dukeza01,Zach Duke,2TM,-0.4
2013,dukeza01,Zach Duke,WSN,-0.9
2013,dukeza01,Zach Duke,CIN,0.6
2013,brachbr01,Brad Brach,SDP,-0.1
2013,gearrco01,Cory Gearrin,ATL,0.2
2013,broxtjo01,Jonathan Broxton,CIN,-0.4
2013,cumptbr01,Brandon Cumpton,PIT,0.8
2013,hellwjo01,Johnny Hellweg,MIL,-1.2
2013,manshje01,Jeff Manship,COL,-0.7
2013,millean01,Andrew Miller,BOS,0.4
2013,rzepcma01,Marc Rzepczynski,2TM,0.4
2013,rzepcma01,Marc Rzepczynski,STL,-0.3
2013,rzepcma01,Marc Rzepczynski,CLE,0.7
2013,mortecl01,Clayton Mortensen,BOS,-0.3
2013,webstal01,Allen Webster,BOS,-1.1
2013,beachbr01,Brandon Beachy,ATL,-0.3
2013,moscogu01,Guillermo Moscoso,SFG,-0.2
2013,troncra01,Ramón Troncoso,CHW,-0.5
2013,colemlo01,Louis Coleman,KCR,1.3
2013,mcdonja03,James McDonald,PIT,-0.8
2013,odorija01,Jake Odorizzi,TBR,0.3
2013,putkolu01,Luke Putkonen,DET,0.6
2013,burgohi01,Hiram Burgos,MIL,-0.8
2013,reynogr01,Greg Reynolds,CIN,-0.3
2013,vealdo01,Donnie Veal,CHW,0.2
2013,bailean01,Andrew Bailey,BOS,0.3
2013,betanra01,Rafael Betancourt,COL,0.2
2013,edginjo01,Josh Edgin,NYM,0.2
2013,minerza01,Zach Miner,PHI,0.2
2013,rondobr01,Bruce Rondón,DET,0.5
2013,kickhmi01,Mike Kickham,SFG,-1.5
2013,martica04,Carlos Martínez,STL,-0.1
2013,salasfe01,Fernando Salas,STL,-0.1
2013,johnser04,Erik Johnson,CHW,0.2
2013,magilma01,Matt Magill,LAD,-1.0
2013,wilsoal01,Alex Wilson,BOS,-0.2
2013,wootero01,Rob Wooten,MIL,0.1
2013,zeidjo01,Josh Zeid,HOU,0.4
2013,krolia01,Ian Krol,WSN,0.1
2013,mejiaje01,Jenrry Mejía,NYM,0.6
2013,noesihe01,Héctor Noesí,SEA,-0.4
2013,reynoma02,Matt Reynolds,ARI,0.7
2013,wangch01,Chien-Ming Wang,TOR,-0.7
2013,scribev01,Evan Scribner,OAK,0.2
2013,loeka01,Kameron Loe,3TM,-0.8
2013,loeka01,Kameron Loe,2TM,-0.3
2013,loeka01,Kameron Loe,SEA,-0.5
2013,loeka01,Kameron Loe,CHC,-0.1
2013,loeka01,Kameron Loe,ATL,-0.2
2013,horstje01,Jeremy Horst,PHI,-0.5
2013,mchugco01,Collin McHugh,2TM,-1.0
2013,mchugco01,Collin McHugh,NYM,-0.3
2013,mchugco01,Collin McHugh,COL,-0.6
2013,mcgowdu01,Dustin McGowan,TOR,0.3
2013,santose01,Sergio Santos,TOR,1.1
2013,dunnija01,Jake Dunning,SFG,0.3
2013,moralfr01,Franklin Morales,BOS,-0.1
2013,ortizra02,Ramón Ortiz,TOR,-0.2
2013,purceda01,David Purcey,CHW,0.8
2013,adamsmi03,Mike Adams,PHI,0.3
2013,osullse01,Sean O'Sullivan,SDP,0.1
2013,duffyda01,Danny Duffy,KCR,1.0
2013,floydga01,Gavin Floyd,CHW,0.0
2013,paxtoja01,James Paxton,SEA,1.1
2013,ramirjc01,JC Ramírez,PHI,-0.7
2013,soriajo01,Joakim Soria,TEX,0.2
2013,partccu01,Curtis Partch,CIN,-0.4
2013,reedev01,Evan Reed,DET,-0.1
2013,boggsmi01,Mitchell Boggs,2TM,-1.2
2013,boggsmi01,Mitchell Boggs,STL,-1.3
2013,boggsmi01,Mitchell Boggs,COL,0.2
2013,campsh01,Shawn Camp,CHC,-0.9
2013,lillyte01,Ted Lilly,LAD,-0.4
2013,fiersmi01,Mike Fiers,MIL,-1.0
2013,roech01,Chaz Roe,ARI,0.0
2013,boxbebr01,Brad Boxberger,SDP,0.1
2013,kirkmmi01,Michael Kirkman,TEX,-0.8
2013,rodrihe03,Henry Rodríguez,2TM,0.0
2013,rodrihe03,Henry Rodríguez,WSN,0.1
2013,rodrihe03,Henry Rodríguez,CHC,-0.1
2013,pomerdr01,Drew Pomeranz,COL,-0.1
2013,rasmuco02,Cory Rasmus,2TM,-0.3
2013,rasmuco02,Cory Rasmus,ATL,-0.2
2013,rasmuco02,Cory Rasmus,LAA,-0.1
2013,cruzrh01,Rhiner Cruz,HOU,0.3
2013,luekejo01,Josh Lueke,TBR,-0.2
2013,myersbr01,Brett Myers,CLE,-0.6
2013,brittdr01,Drake Britton,BOS,0.1
2013,handbr01,Brad Hand,MIA,0.4
2013,chapmke02,Kevin Chapman,HOU,0.8
2013,butleke01,Keith Butler,STL,0.1
2013,nunovi01,Vidal Nuño III,NYY,0.7
2013,rothmi01,Michael Roth,LAA,-0.4
2013,saverjo01,Joe Savery,PHI,0.0
2013,carsoro01,Robert Carson,NYM,-0.9
2013,rosenbj01,B.J. Rosenberg,PHI,0.0
2013,aumonph01,Phillippe Aumont,PHI,0.0
2013,gomesbr01,Brandon Gomes,TBR,-0.6
2013,loch02,Chia-Jen Lo,HOU,0.2
2013,petrija01,Jake Petricka,CHW,0.5
2013,valvejo01,José Valverde,DET,-0.2
2013,flynnbr01,Brian Flynn,MIA,-0.6
2013,oflaher01,Eric O'Flaherty,ATL,0.4
2013,resopch01,Chris Resop,OAK,-0.3
2013,gonzaed01,Édgar González,2TM,-0.5
2013,gonzaed01,Édgar González,TOR,-0.2
2013,gonzaed01,Édgar González,HOU,-0.3
2013,sttuemi01,Michael Stutes,PHI,-0.1
2013,bucknbi02,Billy Buckner,LAA,0.1
2013,blazemi01,Michael Blazek,2TM,-0.3
2013,blazemi01,Michael Blazek,STL,-0.2
2013,blazemi01,Michael Blazek,MIL,-0.1
2013,bauertr01,Trevor Bauer,CLE,-0.2
2013,coellro01,Robert Coello,LAA,0.1
2013,hynesco01,Colt Hynes,SDP,-0.7
2013,jimence01,César Jiménez,PHI,0.2
2013,stinsjo01,Josh Stinson,BAL,0.2
2013,blackvi01,Vic Black,2TM,0.1
2013,blackvi01,Vic Black,PIT,0.0
2013,blackvi01,Vic Black,NYM,0.1
2013,rauchjo01,Jon Rauch,MIA,-0.6
2013,omogrbr01,Brian Omogrosso,CHW,-0.8
2013,colomal01,Alex Colomé,TBR,0.0
2013,durbich01,Chad Durbin,PHI,-0.8
2013,johnsst02,Steve Johnson,BAL,-0.4
2013,boshebu01,Buddy Boshers,LAA,0.0
2013,leesmch01,Charles Leesman,CHW,-0.4
2013,moylape01,Peter Moylan,LAD,-0.4
2013,ventuyo01,Yordano Ventura,KCR,0.2
2013,bakersc02,Scott Baker,CHC,0.2
2013,devrico01,Cole De Vries,MIN,-0.6
2013,walketa01,Taijuan Walker,SEA,0.1
2013,weberth01,Thad Weber,2TM,0.2
2013,weberth01,Thad Weber,SDP,0.2
2013,weberth01,Thad Weber,TOR,0.0
2013,delareu01,Eury De La Rosa,ARI,-0.7
2013,raleybr01,Brooks Raley,CHC,-0.1
2013,langwma01,Matt Langwell,2TM,0.0
2013,langwma01,Matt Langwell,CLE,0.0
2013,langwma01,Matt Langwell,ARI,-0.1
2013,sanchjo01,Jonathan Sánchez,PIT,-0.9
2013,wilsobr01,Brian Wilson,LAD,0.6
2013,wrighst01,Steven Wright,BOS,-0.1
2013,caminar01,Arquimedes Caminero,MIA,0.2
2013,lowede01,Derek Lowe,TEX,-0.5
2013,laffeaa01,Aaron Laffey,2TM,-0.3
2013,laffeaa01,Aaron Laffey,NYM,-0.3
2013,laffeaa01,Aaron Laffey,TOR,-0.1
2013,freemsa01,Sam Freeman,STL,0.4
2013,gastjo01,John Gast,STL,0.0
2013,cedenxa01,Xavier Cedeño,2TM,-0.3
2013,cedenxa01,Xavier Cedeño,HOU,-0.5
2013,cedenxa01,Xavier Cedeño,WSN,0.2
2013,billich01,Chad Billingsley,LAD,0.2
2013,fujikky01,Kyuji Fujikawa,CHC,-0.2
2013,karnsna01,Nate Karns,WSN,-0.4
2013,marshbr01,Brett Marshall,NYY,0.0
2013,lowema01,Mark Lowe,LAA,-0.6
2013,ortegjo01,José Ortega,DET,0.1
2013,burnsco01,Cory Burns,TEX,0.2
2013,delarru01,Rubby De La Rosa,BOS,-0.1
2013,delatjo01,José De La Torre,BOS,-0.1
2013,felicpe01,Pedro Feliciano,NYM,0.0
2013,martida02,David Martínez,HOU,-0.3
2013,spruize01,Zeke Spruill,ARI,-0.4
2013,tonkimi01,Michael Tonkin,MIN,0.1
2013,webbda01,Daniel Webb,CHW,0.2
2013,dysonsa01,Sam Dyson,MIA,-0.5
2013,haleda02,David Hale,ATL,0.6
2013,reidry01,Ryan Reid,PIT,0.2
2013,familje01,Jeurys Familia,NYM,0.0
2013,guerrja01,Javy Guerra,LAD,-0.3
2013,harrima01,Matt Harrison,TEX,-0.4
2013,lafrobo01,Bobby LaFromboise,SEA,-0.2
2013,jeffrje01,Jeremy Jeffress,TOR,0.5
2013,johnskr01,Kris Johnson,PIT,-0.2
2013,marshse01,Sean Marshall,CIN,0.2
2013,beatope01,Pedro Beato,BOS,0.0
2013,deleojo02,Jorge De León,HOU,-0.1
2013,nelsoji02,Jimmy Nelson,MIL,0.3
2013,burnese01,Sean Burnett,LAA,0.6
2013,martish01,Shairon Martis,MIN,0.0
2013,ruffich01,Chance Ruffin,SEA,-0.6
2013,mccleky01,Kyle McClellan,TEX,-0.2
2013,pimenst01,Stolmy Pimentel,PIT,0.1
2013,brasiry01,Ryan Brasier,LAA,0.2
2013,barnesc01,Scott Barnes,CLE,-0.1
2013,daviser02,Erik Davis,WSN,0.1
2013,hatchch02,Chris Hatcher,MIA,-0.7
2013,layneto01,Tommy Layne,SDP,0.1
2013,buenofr01,Francisley Bueno,KCR,0.5
2013,dominjo01,José Domínguez,LAD,0.1
2013,enrigba01,Barry Enright,LAA,-0.7
2013,volstch01,Chris Volstad,COL,-0.4
2013,heathde01,Deunte Heath,CHW,-0.3
2013,hembrhe01,Heath Hembree,SFG,0.3
2013,hanrajo01,Joel Hanrahan,BOS,-0.5
2013,jurrjja01,Jair Jurrjens,BAL,0.0
2013,mainejo01,John Maine,MIA,-0.3
2013,pryorst01,Stephen Pryor,SEA,0.6
2013,romerri01,Ricky Romero,TOR,-0.4
2013,walljo02,Josh Wall,LAD,-0.8
2013,castrsi01,Simon Castro,CHW,0.2
2013,rosscza01,Zac Rosscup,CHC,0.2
2013,francfr01,Frank Francisco,NYM,0.0
2013,sanched01,Eduardo Sánchez,CHC,-0.1
2013,zagurmi01,Mike Zagurski,2TM,-0.5
2013,zagurmi01,Mike Zagurski,PIT,-0.4
2013,zagurmi01,Mike Zagurski,NYY,-0.1
2013,brewech01,Charles Brewer,ARI,0.1
2013,cabreal03,Alberto Cabrera,CHC,0.0
2013,daleyma01,Matt Daley,NYY,0.3
2013,josepdo01,Donnie Joseph,KCR,0.3
2013,ramirra02,Ramón Ramírez,SFG,-0.3
2013,villape01,Pedro Villarreal,CIN,-0.4
2013,guilmpr01,Preston Guilmet,CLE,-0.3
2013,maronni01,Nick Maronde,LAA,-0.4
2013,betande01,Dellin Betances,NYY,-0.2
2013,contrjo01,José Contreras,PIT,-0.3
2013,dolisra01,Rafael Dolis,CHC,0.1
2013,limch01,Chang-Yong Lim,CHC,0.0
2013,martijo07,Joe Martinez,CLE,0.2
2013,olmosed01,Edgar Olmos,MIA,-0.5
2013,perezlu01,Luis Pérez,TOR,0.0
2013,shoemma01,Matt Shoemaker,LAA,0.3
2013,byrdati01,Tim Byrdak,NYM,-0.1
2013,doteloc01,Octavio Dotel,DET,-0.6
2013,felizne01,Neftalí Feliz,TEX,0.3
2013,irwinph01,Phil Irwin,PIT,-0.2
2013,roblema01,Mauricio Robles,PHI,0.0
2013,romeren01,Enny Romero,TBR,0.3
2013,leech01,C.C. Lee,CLE,-0.1
2013,villabr02,Brayan Villarreal,2TM,-0.8
2013,villabr02,Brayan Villarreal,DET,-0.8
2013,villabr02,Brayan Villarreal,BOS,0.0
2013,amesst01,Steve Ames,MIA,0.0
2013,chrisni01,Nick Christiani,CIN,0.1
2013,lerouch01,Chris Leroux,PIT,-0.1
2013,okajihi01,Hideki Okajima,OAK,0.1
2013,storemi01,Mickey Storey,TOR,0.0
2013,cabrace01,César Cabral,NYY,0.1
2013,holmbda01,David Holmberg,ARI,-0.1
2013,putnaza01,Zach Putnam,CHC,-0.3
2013,bushda01,Dave Bush,TOR,-0.1
2013,dwyerch01,Chris Dwyer,KCR,0.1
2013,figuepe01,Pedro Figueroa,OAK,-0.1
2013,martevi01,Víctor Marte,STL,-0.1
2013,takahhi01,Hisanori Takahashi,CHC,-0.1
2013,belowdu01,Duane Below,MIA,-0.2
2013,hennse01,Sean Henn,NYM,0.1
2013,surkaer01,Eric Surkamp,SFG,-0.4
2013,valdelu01,Jairo Asencio,BAL,-0.1
2013,cletoma01,Maikel Cleto,STL,-0.3
2013,drabeky01,Kyle Drabek,TOR,0.0
2013,marticr01,Cristhian Martínez,ATL,-0.1
2013,paterjo01,Joe Paterson,ARI,0.0
2013,burneal01,Alex Burnett,2TM,-0.2
2013,burneal01,Alex Burnett,BAL,-0.2
2013,burneal01,Alex Burnett,CHC,0.0
2013,germaju01,Justin Germano,TOR,0.0
2013,narvech01,Chris Narveson,MIL,0.1
2013,rapadcl01,Clay Rapada,CLE,0.1
2013,schumsk01,Skip Schumaker,LAD,0.1
2013,tomlijo01,Josh Tomlin,CLE,0.1
2013,clarkza01,Zach Clark,BAL,-0.1
2013,eppleco01,Cody Eppley,NYY,-0.3
2013,mikolmi01,Miles Mikolas,SDP,0.1
2013,phillza01,Zach Phillips,MIA,0.0
2013,stangda01,Daniel Stange,LAA,-0.2
2013,wellsca01,Casper Wells,2TM,-0.5
2013,wellsca01,Casper Wells,CHW,0.0
2013,wellsca01,Casper Wells,PHI,-0.5
2013,belfimi01,Mike Belfiore,BAL,-0.1
2013,fontwi01,Wilmer Font,TEX,0.1
2013,garcion01,Onelki García,LAD,-0.1
2013,milleji02,Jim Miller,NYY,-0.1
2013,nolinse01,Sean Nolin,TOR,-0.3
2013,welkedu01,Duke Welker,PIT,0.0
2013,woodbl01,Blake Wood,CLE,0.0
2013,bardda01,Daniel Bard,BOS,0.0
2013,bootcch01,Chris Bootcheck,NYY,0.0
2013,carroja01,Jamey Carroll,MIN,0.0
2013,elmorja01,Jake Elmore,HOU,0.0
2013,freemju02,Justin Freeman,CIN,-0.1
2013,murphda07,David Murphy,TEX,0.0
2013,raburry01,Ryan Raburn,CLE,0.0
2013,reckean01,Anthony Recker,NYM,-0.1
2013,roberty01,Tyler Robertson,MIN,-0.2
2013,belivje01,Jeff Beliveau,TBR,0.0
2013,kensilo01,Logan Kensing,COL,0.0
2013,teafoev01,Everett Teaford,KCR,0.0
2013,carpeda02,David Carpenter,LAA,-0.4
2013,fuldsa01,Sam Fuld,TBR,0.0
2013,gonzaal03,Alberto González,NYY,0.0
2013,harrijo05,Josh Harrison,PIT,0.0
2013,johnsro07,Rob Johnson,STL,0.0
2013,mayayu01,Yunesky Maya,WSN,-0.3
2013,mcdonjo03,John McDonald,PHI,0.0
2013,tollesh01,Shawn Tolleson,LAD,0.0
2014,priceda01,David Price,2TM,4.4
2014,priceda01,David Price,TBR,2.7
2014,priceda01,David Price,DET,1.7
2014,cuetojo01,Johnny Cueto,CIN,6.6
2014,hernafe02,Félix Hernández,SEA,6.4
2014,klubeco01,Corey Kluber,CLE,8.1
2014,shielja02,James Shields,KCR,3.7
2014,wainwad01,Adam Wainwright,STL,6.1
2014,teherju01,Julio Teheran,ATL,4.3
2014,scherma01,Max Scherzer,DET,5.8
2014,lestejo01,Jon Lester,2TM,4.6
2014,lestejo01,Jon Lester,BOS,2.8
2014,lestejo01,Jon Lester,OAK,1.8
2014,samarje01,Jeff Samardzija,2TM,3.8
2014,samarje01,Jeff Samardzija,CHC,2.0
2014,samarje01,Jeff Samardzija,OAK,1.8
2014,grayso01,Sonny Gray,OAK,3.3
2014,bumgama01,Madison Bumgarner,SFG,3.7
2014,dicker.01,R.A. Dickey,TOR,2.2
2014,strasst01,Stephen Strasburg,WSN,3.3
2014,leakemi01,Mike Leake,CIN,1.5
2014,burnea.01,A.J. Burnett,PHI,-0.1
2014,weaveje02,Jered Weaver,LAA,2.8
2014,hugheph01,Phil Hughes,MIN,4.6
2014,tillmch01,Chris Tillman,BAL,2.7
2014,verlaju01,Justin Verlander,DET,0.9
2014,hamelco01,Cole Hamels,PHI,6.4
2014,porceri01,Rick Porcello,DET,3.8
2014,haranaa01,Aaron Harang,ATL,2.2
2014,lynnla01,Lance Lynn,STL,3.6
2014,guthrje01,Jeremy Guthrie,KCR,1.3
2014,peavyja01,Jake Peavy,2TM,1.8
2014,peavyja01,Jake Peavy,BOS,-0.2
2014,peavyja01,Jake Peavy,SFG,1.9
2014,colonba01,Bartolo Colon,NYM,0.4
2014,greinza01,Zack Greinke,LAD,4.5
2014,buehrma01,Mark Buehrle,TOR,3.4
2014,mileywa01,Wade Miley,ARI,0.7
2014,kenneia01,Ian Kennedy,SDP,1.5
2014,quintjo01,Jose Quintana,CHW,3.2
2014,keuchda01,Dallas Keuchel,HOU,4.5
2014,mccarbr01,Brandon McCarthy,2TM,1.0
2014,mccarbr01,Brandon McCarthy,ARI,-0.6
2014,mccarbr01,Brandon McCarthy,NYY,1.6
2014,eovalna01,Nathan Eovaldi,MIA,0.3
2014,zimmejo02,Jordan Zimmermann,WSN,4.7
2014,kendrky01,Kyle Kendrick,PHI,0.4
2014,kurodhi01,Hiroki Kuroda,NYY,2.1
2014,peralwi01,Wily Peralta,MIL,2.6
2014,roarkta01,Tanner Roark,WSN,4.7
2014,kershcl01,Clayton Kershaw,LAD,7.7
2014,lohseky01,Kyle Lohse,MIL,2.3
2014,lackejo01,John Lackey,2TM,1.0
2014,lackejo01,John Lackey,BOS,1.3
2014,lackejo01,John Lackey,STL,-0.4
2014,simonal01,Alfredo Simón,CIN,2.1
2014,santaer01,Ervin Santana,ATL,1.4
2014,rossty01,Tyson Ross,SDP,2.4
2014,archech01,Chris Archer,TBR,2.6
2014,danksjo01,John Danks,CHW,0.7
2014,volqued01,Edinson Vólquez,PIT,2.5
2014,gallayo01,Yovani Gallardo,MIL,2.2
2014,koehlto01,Tom Koehler,MIA,2.5
2014,kazmisc01,Scott Kazmir,OAK,1.9
2014,hudsoti01,Tim Hudson,SFG,1.0
2014,niesejo01,Jon Niese,NYM,1.6
2014,alvarhe01,Henderson Alvarez III,MIA,4.7
2014,vargaja01,Jason Vargas,KCR,2.7
2014,harenda01,Dan Haren,LAD,-0.5
2014,chenwe02,Wei-Yin Chen,BAL,1.9
2014,wheelza01,Zack Wheeler,NYM,0.9
2014,hutchdr01,Drew Hutchison,TOR,1.3
2014,vogelry01,Ryan Vogelsong,SFG,0.8
2014,rosajo01,Jorge De La Rosa,COL,2.6
2014,millesh01,Shelby Miller,STL,1.6
2014,ventuyo01,Yordano Ventura,KCR,3.4
2014,feldmsc01,Scott Feldman,HOU,1.5
2014,cosarja01,Jarred Cosart,2TM,2.3
2014,cosarja01,Jarred Cosart,HOU,0.4
2014,cosarja01,Jarred Cosart,MIA,2.0
2014,collmjo01,Josh Collmenter,ARI,2.3
2014,gibsoky01,Kyle Gibson,MIN,2.2
2014,iwakuhi01,Hisashi Iwakuma,SEA,2.4
2014,hammeja01,Jason Hammel,2TM,3.2
2014,hammeja01,Jason Hammel,CHC,3.2
2014,hammeja01,Jason Hammel,OAK,0.0
2014,stulter01,Eric Stults,SDP,-0.5
2014,wilsocj01,C.J. Wilson,LAA,-0.2
2014,salech01,Chris Sale,CHW,6.1
2014,woodtr01,Travis Wood,CHC,-0.9
2014,noesihe01,Héctor Noesí,3TM,0.3
2014,noesihe01,Héctor Noesí,SEA,-0.3
2014,noesihe01,Héctor Noesí,TEX,-0.3
2014,noesihe01,Héctor Noesí,CHW,0.9
2014,woodal02,Alex Wood,ATL,3.9
2014,buchhcl01,Clay Buchholz,BOS,-1.6
2014,lewisco01,Colby Lewis,TEX,-0.4
2014,richaga01,Garrett Richards,LAA,4.4
2014,odorija01,Jake Odorizzi,TBR,1.3
2014,cobbal01,Alex Cobb,TBR,4.0
2014,norribu01,Bud Norris,BAL,2.1
2014,youngch03,Chris Young,SEA,1.8
2014,carmofa01,Roberto Hernández,2TM,0.9
2014,carmofa01,Roberto Hernández,PHI,1.3
2014,carmofa01,Roberto Hernández,LAD,-0.4
2014,fistedo01,Doug Fister,WSN,4.4
2014,eliasro01,Roenis Elías,SEA,0.8
2014,garzama01,Matt Garza,MIL,1.3
2014,liriafr01,Francisco Liriano,PIT,1.5
2014,nunovi01,Vidal Nuño III,2TM,0.2
2014,nunovi01,Vidal Nuño III,NYY,-0.8
2014,nunovi01,Vidal Nuño III,ARI,1.1
2014,gonzami03,Miguel González,BAL,2.3
2014,nolasri01,Ricky Nolasco,MIN,0.3
2014,gonzagi01,Gio González,WSN,2.1
2014,happja01,J.A. Happ,TOR,1.1
2014,mortoch02,Charlie Morton,PIT,0.4
2014,arrieja01,Jake Arrieta,CHC,5.3
2014,linceti01,Tim Lincecum,SFG,-1.1
2014,mchugco01,Collin McHugh,HOU,3.8
2014,correke01,Kevin Correia,2TM,-1.1
2014,correke01,Kevin Correia,MIN,0.4
2014,correke01,Kevin Correia,LAD,-1.5
2014,bauertr01,Trevor Bauer,CLE,1.9
2014,smylydr01,Drew Smyly,2TM,3.7
2014,smylydr01,Drew Smyly,DET,1.6
2014,smylydr01,Drew Smyly,TBR,2.1
2014,ryuhy01,Hyun Jin Ryu,LAD,1.9
2014,estrama01,Marco Estrada,MIL,0.5
2014,duffyda01,Danny Duffy,KCR,3.8
2014,chaveje01,Jesse Chavez,OAK,1.3
2014,baileho02,Homer Bailey,CIN,1.4
2014,minormi01,Mike Minor,ATL,0.2
2014,darviyu01,Yu Darvish,TEX,3.5
2014,oberhbr01,Brett Oberholtzer,HOU,0.8
2014,moralfr01,Franklin Morales,COL,-0.2
2014,jacksed01,Edwin Jackson,CHC,-2.3
2014,degroja01,Jacob deGrom,NYM,3.1
2014,martini01,Nick Martinez,TEX,0.5
2014,colege01,Gerrit Cole,PIT,1.2
2014,geedi01,Dillon Gee,NYM,0.8
2014,tanakma01,Masahiro Tanaka,NYY,3.1
2014,shoemma01,Matt Shoemaker,LAA,2.4
2014,carraca01,Carlos Carrasco,CLE,4.1
2014,peacobr01,Brad Peacock,HOU,-0.6
2014,lockeje01,Jeff Locke,PIT,0.4
2014,stromma01,Marcus Stroman,TOR,1.8
2014,carrosc02,Scott Carroll,CHW,-0.6
2014,masteju01,Justin Masterson,2TM,-1.4
2014,masteju01,Justin Masterson,CLE,-0.6
2014,masteju01,Justin Masterson,STL,-0.8
2014,santihe01,Héctor Santiago,LAA,0.5
2014,lylesjo01,Jordan Lyles,COL,1.2
2014,sanchan01,Aníbal Sánchez,DET,2.3
2014,tepesni01,Nick Tepesch,TEX,1.1
2014,jimenub01,Ubaldo Jiménez,BAL,-0.2
2014,cashnan01,Andrew Cashner,SDP,2.0
2014,milonto01,Tommy Milone,2TM,0.3
2014,milonto01,Tommy Milone,OAK,0.9
2014,milonto01,Tommy Milone,MIN,-0.7
2014,buchada01,David Buchanan,PHI,1.3
2014,matzety01,Tyler Matzek,COL,2.0
2014,petityu01,Yusmeiro Petit,SFG,0.7
2014,beckejo02,Josh Beckett,LAD,2.1
2014,willije01,Jerome Williams,3TM,0.2
2014,willije01,Jerome Williams,2TM,-1.2
2014,willije01,Jerome Williams,HOU,-0.8
2014,willije01,Jerome Williams,TEX,-0.4
2014,willije01,Jerome Williams,PHI,1.4
2014,anderch01,Chase Anderson,ARI,0.9
2014,gausmke01,Kevin Gausman,BAL,1.2
2014,phelpda01,David Phelps,NYY,-0.1
2014,skaggty01,Tyler Skaggs,LAA,0.2
2014,turneja01,Jacob Turner,2TM,-1.7
2014,turneja01,Jacob Turner,MIA,-1.1
2014,turneja01,Jacob Turner,CHC,-0.6
2014,handbr01,Brad Hand,MIA,0.6
2014,cahiltr01,Trevor Cahill,ARI,-1.5
2014,worleva01,Vance Worley,PIT,1.5
2014,salazda01,Danny Salazar,CLE,1.0
2014,wachami01,Michael Wacha,STL,1.4
2014,tomlijo01,Josh Tomlin,CLE,-0.4
2014,latosma01,Mat Latos,CIN,1.0
2014,housetj01,T.J. House,CLE,2.2
2014,delarru01,Rubby De La Rosa,BOS,0.4
2014,dedunsa01,Sam Deduno,2TM,0.7
2014,dedunsa01,Sam Deduno,MIN,0.7
2014,dedunsa01,Sam Deduno,HOU,0.0
2014,capuach01,Chris Capuano,2TM,0.0
2014,capuach01,Chris Capuano,BOS,-0.3
2014,capuach01,Chris Capuano,NYY,0.3
2014,torreca01,Carlos Torres,NYM,0.9
2014,despaod01,Odrisamer Despaigne,SDP,0.3
2014,kellyjo05,Joe Kelly,2TM,0.2
2014,kellyjo05,Joe Kelly,STL,-0.1
2014,kellyjo05,Joe Kelly,BOS,0.3
2014,mejiaje01,Jenrry Mejía,NYM,0.2
2014,nicasju01,Juan Nicasio,COL,-0.4
2014,cainma01,Matt Cain,SFG,-0.1
2014,betande01,Dellin Betances,NYY,3.7
2014,martica04,Carlos Martínez,STL,0.1
2014,haleda02,David Hale,ATL,0.6
2014,workmbr01,Brandon Workman,BOS,-1.1
2014,oteroda01,Dan Otero,OAK,1.8
2014,arroybr01,Bronson Arroyo,ARI,0.6
2014,mcallza01,Zach McAllister,CLE,-0.3
2014,swarzan01,Anthony Swarzak,MIN,0.3
2014,matsuda01,Daisuke Matsuzaka,NYM,0.2
2014,ramosce01,César Ramos,TBR,0.4
2014,mcgowdu01,Dustin McGowan,TOR,0.4
2014,leecl02,Cliff Lee,PHI,0.8
2014,bakersc02,Scott Baker,TEX,-0.1
2014,hendrky01,Kyle Hendricks,CHC,2.9
2014,manesse01,Seth Maness,STL,0.9
2014,doubrfe01,Félix Doubront,2TM,-0.9
2014,doubrfe01,Félix Doubront,BOS,-1.2
2014,doubrfe01,Félix Doubront,CHC,0.4
2014,wilheto01,Tom Wilhelmsen,SEA,1.6
2014,greensh02,Shane Greene,NYY,0.7
2014,warread01,Adam Warren,NYY,1.4
2014,rossro01,Robbie Ross,TEX,-1.8
2014,delgara01,Randall Delgado,ARI,-0.5
2014,villaca01,Carlos Villanueva,CHC,-0.1
2014,familje01,Jeurys Familia,NYM,1.0
2014,watsoto01,Tony Watson,PIT,2.6
2014,brittza01,Zack Britton,BAL,2.6
2014,pinedmi01,Michael Pineda,NYY,2.7
2014,shawbr01,Bryan Shaw,CLE,1.9
2014,bedarer01,Érik Bédard,TBR,-0.4
2014,whitlch01,Chase Whitley,NYY,-0.4
2014,ramirer02,Erasmo Ramírez,SEA,-0.6
2014,redmoto01,Todd Redmond,TOR,0.5
2014,smithjo05,Joe Smith,LAA,2.5
2014,paxtoja01,James Paxton,SEA,1.3
2014,hahnje01,Jesse Hahn,SDP,1.1
2014,petrija01,Jake Petricka,CHW,2.0
2014,stammcr01,Craig Stammen,WSN,0.1
2014,gregelu01,Luke Gregerson,OAK,1.8
2014,atchisc01,Scott Atchison,CLE,1.9
2014,daviswa01,Wade Davis,KCR,3.8
2014,fiersmi01,Mike Fiers,MIL,2.5
2014,tollesh01,Shawn Tolleson,TEX,1.6
2014,mcgeeja01,Jake McGee,TBR,2.7
2014,diekmja01,Jake Diekman,PHI,-0.2
2014,farquda01,Danny Farquhar,SEA,1.1
2014,melanma01,Mark Melancon,PIT,2.4
2014,badenbu01,Burke Badenhop,BOS,1.5
2014,maholpa01,Paul Maholm,LAD,-0.8
2014,clippty01,Tyler Clippard,WSN,1.5
2014,rosentr01,Trevor Rosenthal,STL,0.8
2014,wrighja01,Jamey Wright,LAD,-0.2
2014,cumptbr01,Brandon Cumpton,PIT,-0.7
2014,herreke01,Kelvin Herrera,KCR,2.9
2014,allenco01,Cody Allen,CLE,2.2
2014,maurebr01,Brandon Maurer,SEA,-0.6
2014,nelsoji02,Jimmy Nelson,MIL,-0.3
2014,wadats01,Tsuyoshi Wada,CHC,1.5
2014,grimmju01,Justin Grimm,CHC,0.4
2014,pomerdr01,Drew Pomeranz,OAK,1.5
2014,kahnlto01,Tommy Kahnle,COL,-0.1
2014,loupaa01,Aaron Loup,TOR,1.1
2014,odayda01,Darren O'Day,BAL,2.4
2014,rodrifr03,Francisco Rodríguez,MIL,1.4
2014,webbda01,Daniel Webb,CHW,0.4
2014,neshepa01,Pat Neshek,STL,2.3
2014,zieglbr01,Brad Ziegler,ARI,0.3
2014,cottsne01,Neal Cotts,TEX,0.3
2014,belisro01,Ronald Belisario,CHW,-1.6
2014,leonedo01,Dominic Leone,SEA,1.4
2014,machije01,Jean Machi,SFG,1.4
2014,papeljo01,Jonathan Papelbon,PHI,2.8
2014,rodnefe01,Fernando Rodney,SEA,0.8
2014,smithwi04,Will Smith,MIL,0.1
2014,cishest01,Steve Cishek,MIA,0.9
2014,janseke01,Kenley Jansen,LAD,1.2
2014,thayeda01,Dale Thayer,SDP,1.1
2014,jepseke01,Kevin Jepsen,LAA,1.3
2014,ottavad01,Adam Ottavino,COL,1.3
2014,belisma01,Matt Belisle,COL,0.2
2014,boxbebr01,Brad Boxberger,TBR,1.8
2014,rienzan01,André Rienzo,CHW,-1.5
2014,hugheja02,Jared Hughes,PIT,0.9
2014,roberda08,David Robertson,NYY,1.2
2014,staufti01,Tim Stauffer,SDP,0.4
2014,ueharko01,Koji Uehara,BOS,1.7
2014,morribr01,Bryan Morris,2TM,2.0
2014,morribr01,Bryan Morris,PIT,-0.1
2014,morribr01,Bryan Morris,MIA,2.1
2014,bastaan01,Antonio Bastardo,PHI,0.1
2014,burtoja01,Jared Burton,MIN,0.1
2014,ramosaj01,AJ Ramos,MIA,2.0
2014,gutieju01,J.C. Gutiérrez,SFG,0.0
2014,hellije01,Jeremy Hellickson,TBR,0.1
2014,chacijh01,Jhoulys Chacín,COL,0.2
2014,cingrto01,Tony Cingrani,CIN,-0.1
2014,fienca01,Casey Fien,MIN,0.7
2014,peraljo01,Joel Peralta,TBR,-0.1
2014,rondohe01,Héctor Rondón,CHC,1.6
2014,chambjo03,Joba Chamberlain,DET,0.9
2014,detwiro01,Ross Detwiler,WSN,-0.3
2014,leagubr01,Brandon League,LAD,0.8
2014,tazawju01,Junichi Tazawa,BOS,0.7
2014,doolise01,Sean Doolittle,OAK,1.2
2014,hoovejj01,J.J. Hoover,CIN,-0.8
2014,balfogr01,Grant Balfour,TBR,-0.6
2014,brachbr01,Brad Brach,BAL,0.5
2014,hollagr01,Greg Holland,KCR,2.6
2014,millean01,Andrew Miller,2TM,1.8
2014,millean01,Andrew Miller,BOS,0.9
2014,millean01,Andrew Miller,BAL,1.0
2014,gomezje01,Jeanmar Gómez,PIT,0.4
2014,soriara01,Rafael Soriano,WSN,0.7
2014,kimbrcr01,Craig Kimbrel,ATL,2.5
2014,perkigl01,Glen Perkins,MIN,0.5
2014,erlinro01,Robbie Erlin,SDP,-0.4
2014,carpeda01,David Carpenter,ATL,0.2
2014,stroppe01,Pedro Strop,CHC,1.6
2014,hunteto02,Tommy Hunter,BAL,0.7
2014,pinoyo01,Yohan Pino,MIN,0.0
2014,mujiced01,Edward Mujica,BOS,0.0
2014,wilsoju10,Justin Wilson,PIT,-0.4
2014,reedad01,Addison Reed,ARI,-0.5
2014,streehu01,Huston Street,2TM,2.8
2014,streehu01,Huston Street,SDP,1.6
2014,streehu01,Huston Street,LAA,1.2
2014,crowaa01,Aaron Crow,KCR,-0.3
2014,flandyo01,Yohan Flande,COL,0.2
2014,morinmi01,Mike Morin,LAA,0.6
2014,webstal01,Allen Webster,BOS,-0.3
2014,huffda01,David Huff,2TM,0.5
2014,huffda01,David Huff,SFG,-0.5
2014,huffda01,David Huff,NYY,1.0
2014,dukeza01,Zach Duke,MIL,1.2
2014,mcfartj01,T.J. McFarland,BAL,0.5
2014,perezol01,Óliver Pérez,ARI,0.4
2014,salasfe01,Fernando Salas,LAA,0.6
2014,broxtjo01,Jonathan Broxton,2TM,1.5
2014,broxtjo01,Jonathan Broxton,CIN,1.6
2014,broxtjo01,Jonathan Broxton,MIL,0.0
2014,garcija01,Santiago Casilla,SFG,1.9
2014,kintzbr01,Brandon Kintzler,MIL,0.8
2014,cokeph01,Phil Coke,DET,0.4
2014,nathajo01,Joe Nathan,DET,-0.3
2014,romose01,Sergio Romo,SFG,0.2
2014,russeja02,James Russell,2TM,1.1
2014,russeja02,James Russell,CHC,0.5
2014,russeja02,James Russell,ATL,0.6
2014,abadfe01,Fernando Abad,OAK,1.8
2014,albural01,Al Alburquerque,DET,1.8
2014,blevije01,Jerry Blevins,WSN,-0.4
2014,mikolmi01,Miles Mikolas,TEX,-0.8
2014,dunnmi01,Mike Dunn,MIA,0.4
2014,medinyo01,Yoervis Medina,SEA,0.9
2014,lecursa01,Sam LeCure,CIN,-0.3
2014,brothre01,Rex Brothers,COL,-0.9
2014,schlibr01,Brian Schlitter,CHC,0.1
2014,storedr01,Drew Storen,WSN,2.5
2014,hatchch02,Chris Hatcher,MIA,0.7
2014,rasmuco02,Cory Rasmus,LAA,1.1
2014,affelje01,Jeremy Affeldt,SFG,1.3
2014,vinceni01,Nick Vincent,SDP,0.2
2014,bergmch01,Christian Bergman,COL,-0.2
2014,fieldjo03,Josh Fields,HOU,-0.3
2014,putnaza01,Zach Putnam,CHW,1.8
2014,varvaan01,Anthony Varvaro,ATL,0.9
2014,axforjo01,John Axford,2TM,0.2
2014,axforjo01,John Axford,CLE,0.2
2014,axforjo01,John Axford,PIT,0.0
2014,benoijo01,Joaquin Benoit,SDP,1.8
2014,breslcr01,Craig Breslow,BOS,-1.4
2014,duensbr01,Brian Duensing,MIN,1.3
2014,floydga01,Gavin Floyd,ATL,0.9
2014,hawkila01,LaTroy Hawkins,COL,0.9
2014,quackke01,Kevin Quackenbush,SDP,1.0
2014,chapmar01,Aroldis Chapman,CIN,1.9
2014,torreal01,Álex Torres,SDP,0.0
2014,grillja01,Jason Grilli,2TM,-0.3
2014,grillja01,Jason Grilli,PIT,-0.4
2014,grillja01,Jason Grilli,LAA,0.1
2014,cecilbr01,Brett Cecil,TOR,1.3
2014,johnsji04,Jim Johnson,2TM,-1.8
2014,johnsji04,Jim Johnson,OAK,-1.3
2014,johnsji04,Jim Johnson,DET,-0.4
2014,defraju01,Justin De Fratus,PHI,0.8
2014,bolsimi01,Mike Bolsinger,ARI,-0.8
2014,straida01,Dan Straily,2TM,-1.0
2014,straida01,Dan Straily,OAK,-0.1
2014,straida01,Dan Straily,CHC,-0.9
2014,fernajo02,José Fernández,MIA,1.1
2014,kellesh01,Shawn Kelley,NYY,-0.2
2014,matusbr01,Brian Matusz,BAL,0.1
2014,perezma02,Martín Pérez,TEX,0.7
2014,quallch01,Chad Qualls,HOU,0.4
2014,sippto01,Tony Sipp,HOU,0.8
2014,treinbl01,Blake Treinen,WSN,1.0
2014,cookry01,Ryan Cook,OAK,0.4
2014,waldejo01,Jordan Walden,ATL,0.9
2014,marshev01,Evan Marshall,ARI,0.9
2014,webbry01,Ryan Webb,BAL,0.1
2014,howeljp01,J.P. Howell,LAD,1.1
2014,chenbr01,Bruce Chen,KCR,-1.1
2014,wilsobr01,Brian Wilson,LAD,-0.5
2014,wrighwe01,Wesley Wright,CHC,0.8
2014,thielca01,Caleb Thielbar,MIN,0.8
2014,frasoja01,Jason Frasor,2TM,0.8
2014,frasoja01,Jason Frasor,TEX,0.2
2014,frasoja01,Jason Frasor,KCR,0.6
2014,hollama01,Mario Hollands,PHI,-0.1
2014,guerrja01,Javy Guerra,CHW,1.1
2014,perezch01,Chris Pérez,LAD,-0.1
2014,rzepcma01,Marc Rzepczynski,CLE,0.7
2014,sabatc.01,CC Sabathia,NYY,-0.6
2014,verasjo01,José Veras,2TM,-0.2
2014,verasjo01,José Veras,CHC,-0.5
2014,verasjo01,José Veras,HOU,0.3
2014,gileske01,Ken Giles,PHI,2.0
2014,janssca01,Casey Janssen,TOR,0.1
2014,maytr01,Trevor May,MIN,-1.1
2014,rogeres01,Esmil Rogers,2TM,-0.5
2014,rogeres01,Esmil Rogers,TOR,-0.4
2014,rogeres01,Esmil Rogers,NYY,-0.1
2014,beimejo01,Joe Beimel,SEA,1.0
2014,masseni01,Nick Masset,COL,-0.6
2014,montera01,Rafael Montero,NYM,0.0
2014,soriajo01,Joakim Soria,2TM,0.6
2014,soriajo01,Joakim Soria,TEX,0.7
2014,soriajo01,Joakim Soria,DET,-0.1
2014,garcija02,Jaime García,STL,0.2
2014,ramirne01,Neil Ramírez,CHC,1.3
2014,anderbr04,Brett Anderson,COL,1.1
2014,avilalu01,Luis Avilán,ATL,-0.1
2014,saundjo01,Joe Saunders,2TM,-0.9
2014,saundjo01,Joe Saunders,TEX,-0.8
2014,saundjo01,Joe Saunders,BAL,-0.2
2014,furbuch01,Charlie Furbush,SEA,0.3
2014,dysonsa01,Sam Dyson,MIA,0.8
2014,frierer01,Ernesto Frieri,2TM,-1.7
2014,frierer01,Ernesto Frieri,LAA,-1.0
2014,frierer01,Ernesto Frieri,PIT,-0.6
2014,ondrulo01,Logan Ondrusek,CIN,-0.8
2014,barreaa01,Aaron Barrett,WSN,0.4
2014,boyerbl01,Blaine Boyer,SDP,0.2
2014,jennida01,Dan Jennings,MIA,1.0
2014,lobstky01,Kyle Lobstein,DET,0.4
2014,ranauan01,Anthony Ranaudo,BOS,-0.2
2014,hardybl01,Blaine Hardy,DET,1.0
2014,freemsa01,Sam Freeman,STL,0.5
2014,walketa01,Taijuan Walker,SEA,0.9
2014,downssc01,Scott Downs,2TM,-0.5
2014,downssc01,Scott Downs,CHW,-0.5
2014,downssc01,Scott Downs,KCR,0.0
2014,lopezja02,Javier López,SFG,0.4
2014,sloweke01,Kevin Slowey,MIA,-0.3
2014,hollade01,Derek Holland,TEX,1.6
2014,delareu01,Eury De La Rosa,ARI,0.6
2014,lyonsty01,Tyler Lyons,STL,-0.5
2014,parrama01,Manny Parra,CIN,-0.5
2014,choatra01,Randy Choate,STL,-0.1
2014,greenni02,Nick Greenwood,STL,-0.2
2014,yateski01,Kirby Yates,TBR,0.2
2014,thornma01,Matt Thornton,2TM,1.1
2014,thornma01,Matt Thornton,NYY,0.4
2014,thornma01,Matt Thornton,WSN,0.7
2014,buchaja01,Jake Buchanan,HOU,-0.1
2014,blackvi01,Vic Black,NYM,0.4
2014,diazju03,Jumbo Díaz,CIN,0.3
2014,downsda02,Darin Downs,HOU,-0.6
2014,gonzama02,Marco Gonzales,STL,0.2
2014,wootero01,Rob Wooten,MIL,-0.1
2014,colemlo01,Louis Coleman,KCR,-0.3
2014,gomesbr01,Brandon Gomes,TBR,0.3
2014,lindsma01,Matt Lindstrom,CHW,-0.6
2014,morrobr01,Brandon Morrow,TOR,-0.3
2014,desclan01,Anthony DeSclafani,MIA,-0.4
2014,mendero01,Román Méndez,TEX,1.1
2014,sanchaa01,Aaron Sanchez,TOR,1.4
2014,stitema01,Matt Stites,ARI,-0.7
2014,krolia01,Ian Krol,DET,-0.7
2014,pimenst01,Stolmy Pimentel,PIT,-0.3
2014,hendrli01,Liam Hendriks,2TM,-0.3
2014,hendrli01,Liam Hendriks,TOR,-0.1
2014,hendrli01,Liam Hendriks,KCR,-0.1
2014,buenofr01,Francisley Bueno,KCR,0.0
2014,friasca01,Carlos Frías,LAD,-0.6
2014,kontoge01,George Kontos,SFG,0.4
2014,reedev01,Evan Reed,DET,-0.1
2014,jeffrje01,Jeremy Jeffress,2TM,0.8
2014,jeffrje01,Jeremy Jeffress,TOR,-0.1
2014,jeffrje01,Jeremy Jeffress,MIL,0.9
2014,felizne01,Neftalí Feliz,TEX,1.4
2014,jenkich01,Chad Jenkins,TOR,0.7
2014,nunezle01,Juan Carlos Oviedo,TBR,0.2
2014,carlybu01,Buddy Carlyle,NYM,0.8
2014,germego01,González Germen,NYM,-0.2
2014,luekejo01,Josh Lueke,TBR,-0.3
2014,roachdo01,Donn Roach,SDP,-0.2
2014,siegrke01,Kevin Siegrist,STL,-1.4
2014,thatcjo01,Joe Thatcher,2TM,-0.1
2014,thatcjo01,Joe Thatcher,ARI,0.2
2014,thatcjo01,Joe Thatcher,LAA,-0.3
2014,crockky01,Kyle Crockett,CLE,1.1
2014,holmbda01,David Holmberg,CIN,-0.1
2014,bassich01,Chris Bassitt,CHW,0.6
2014,thornty01,Tyler Thornburg,MIL,0.0
2014,leblawa01,Wade LeBlanc,2TM,0.3
2014,leblawa01,Wade LeBlanc,LAA,0.4
2014,leblawa01,Wade LeBlanc,NYY,-0.1
2014,cletoma01,Maikel Cleto,CHW,-0.3
2014,heanean01,Andrew Heaney,MIA,-0.2
2014,harriwi10,Will Harris,ARI,0.1
2014,rayro02,Robbie Ray,DET,-0.8
2014,farnsky01,Kyle Farnsworth,2TM,0.0
2014,farnsky01,Kyle Farnsworth,NYM,0.2
2014,farnsky01,Kyle Farnsworth,HOU,-0.2
2014,pressry01,Ryan Pressly,MIN,0.7
2014,wilsoal01,Alex Wilson,BOS,0.5
2014,outmajo01,Josh Outman,2TM,0.6
2014,outmajo01,Josh Outman,CLE,0.4
2014,outmajo01,Josh Outman,NYY,0.2
2014,guerrma02,Matt Guerrier,MIN,0.4
2014,leech01,C.C. Lee,CLE,0.0
2014,edginjo01,Josh Edgin,NYM,0.9
2014,evelada01,Dana Eveland,NYM,0.4
2014,bassan01,Anthony Bass,HOU,-0.9
2014,rodriwa01,Wandy Rodríguez,PIT,-1.0
2014,brownbr02,Brooks Brown,COL,0.6
2014,pennybr01,Brad Penny,MIA,-0.6
2014,delabst01,Steve Delabar,TOR,-0.1
2014,jordata01,Taylor Jordan,WSN,-0.6
2014,wolfra02,Randy Wolf,MIA,-0.3
2014,loganbo02,Boone Logan,COL,-1.0
2014,mariomi01,Michael Mariot,KCR,-0.6
2014,motteja01,Jason Motte,STL,-0.2
2014,ogandal01,Alexi Ogando,TEX,-0.6
2014,bettich01,Chad Bettis,COL,-1.1
2014,clemepa02,Paul Clemens,HOU,-0.6
2014,friedch01,Christian Friedrich,COL,-0.8
2014,surkaer01,Eric Surkamp,CHW,-0.2
2014,baezpe01,Pedro Báez,LAD,0.4
2014,belivje01,Jeff Beliveau,TBR,0.6
2014,chatwty01,Tyler Chatwood,COL,0.2
2014,darnelo01,Logan Darnell,MIN,-0.4
2014,colomal01,Alex Colomé,TBR,0.7
2014,johnser04,Erik Johnson,CHW,-0.4
2014,kohnmi01,Michael Kohn,LAA,0.2
2014,pelfrmi01,Mike Pelfrey,MIN,-0.7
2014,hagadni01,Nick Hagadone,CLE,0.7
2014,meekev01,Evan Meek,BAL,-0.8
2014,manshje01,Jeff Manship,PHI,-0.4
2014,schepta01,Tanner Scheppers,TEX,-1.0
2014,spruize01,Zeke Spruill,ARI,0.0
2014,simmosh01,Shae Simmons,ATL,0.3
2014,tropeni01,Nick Tropeano,HOU,-0.1
2014,chapmke02,Kevin Chapman,HOU,-0.1
2014,poredaa01,Aaron Poreda,TEX,-0.2
2014,withrch01,Chris Withrow,LAD,0.2
2014,claibpr01,Preston Claiborne,NYY,0.1
2014,colliti01,Tim Collins,KCR,0.2
2014,gorzeto01,Tom Gorzelanny,MIL,0.6
2014,parkebl01,Blake Parker,CHC,-0.1
2014,santose01,Sergio Santos,TOR,-1.3
2014,wrighst01,Steven Wright,BOS,0.2
2014,bonilli01,Lisalverto Bonilla,TEX,0.4
2014,novaiv01,Iván Nova,NYY,-0.7
2014,valvejo01,José Valverde,NYM,-0.8
2014,zeidjo01,Josh Zeid,HOU,-0.9
2014,millsbr02,Brad Mills,2TM,-0.5
2014,millsbr02,Brad Mills,OAK,-0.1
2014,millsbr02,Brad Mills,TOR,-0.4
2014,cappsca01,Carter Capps,MIA,0.1
2014,oflaher01,Eric O'Flaherty,OAK,0.4
2014,francje01,Jeff Francis,3TM,-0.5
2014,francje01,Jeff Francis,2TM,-0.4
2014,francje01,Jeff Francis,CIN,-0.1
2014,francje01,Jeff Francis,OAK,-0.4
2014,francje01,Jeff Francis,NYY,0.0
2014,aceveal01,Alfredo Aceves,NYY,-0.5
2014,bedroca01,Cam Bedrosian,LAA,-0.7
2014,contrca01,Carlos Contreras,CIN,-0.4
2014,kleinph01,Phil Klein,TEX,0.4
2014,layneto01,Tommy Layne,BOS,0.7
2014,tonkimi01,Michael Tonkin,MIN,-0.2
2014,adamsmi03,Mike Adams,PHI,0.2
2014,corcida01,Daniel Corcino,CIN,0.0
2014,foltymi01,Mike Foltynewicz,HOU,-0.1
2014,pestavi01,Vinnie Pestano,2TM,0.2
2014,pestavi01,Vinnie Pestano,CLE,-0.2
2014,pestavi01,Vinnie Pestano,LAA,0.4
2014,axelrdy01,Dylan Axelrod,CIN,0.5
2014,paulife01,Felipe Paulino,CHW,-0.9
2014,schlogu01,Gus Schlosser,ATL,-0.7
2014,bellhe01,Heath Bell,TBR,-0.6
2014,harrima01,Matt Harrison,TEX,0.2
2014,wangwe01,Wei-Chung Wang,MIL,-0.9
2014,herreyo01,Yoslán Herrera,LAA,0.3
2014,butleed01,Eddie Butler,COL,-0.1
2014,jimence01,César Jiménez,PHI,0.5
2014,martich02,Chris Martin,COL,-0.3
2014,scahiro01,Rob Scahill,COL,0.0
2014,villape01,Pedro Villarreal,CIN,-0.1
2014,daleyma01,Matt Daley,NYY,-0.4
2014,jokiser01,Eric Jokisch,CHC,0.3
2014,chafian01,Andrew Chafin,ARI,0.2
2014,garcilu03,Luis García,PHI,-0.4
2014,marshse01,Sean Marshall,CIN,-0.6
2014,mccoypa01,Pat McCoy,DET,0.2
2014,rodrist02,Paco Rodríguez,LAD,0.1
2014,pattotr01,Troy Patton,2TM,-0.2
2014,pattotr01,Troy Patton,BAL,-0.3
2014,pattotr01,Troy Patton,SDP,0.1
2014,putzjj01,J.J. Putz,ARI,-0.3
2014,ricesc01,Scott Rice,NYM,-0.4
2014,johnskr01,Kris Johnson,MIN,0.3
2014,marmoca01,Carlos Mármol,MIA,-0.7
2014,rosscza01,Zac Rosscup,CHC,-0.6
2014,chrisni01,Nick Christiani,CIN,-0.2
2014,fujikky01,Kyuji Fujikawa,CHC,0.0
2014,stinsjo01,Josh Stinson,BAL,-0.1
2014,osullse01,Sean O'Sullivan,PHI,-0.2
2014,rusinch01,Chris Rusin,CHC,-0.2
2014,claudal01,Álex Claudio,TEX,0.2
2014,harrelu01,Lucas Harrell,HOU,-0.6
2014,jaimeju01,Juan Jaime,ATL,-0.2
2014,milleju02,Justin Miller,DET,-0.1
2014,rothmi01,Michael Roth,LAA,-0.5
2014,shrevch01,Chasen Shreve,ATL,0.4
2014,colemca01,Casey Coleman,KCR,-0.2
2014,karnsna01,Nate Karns,TBR,0.1
2014,rosenbj01,B.J. Rosenberg,PHI,-0.4
2014,scribev01,Evan Scribner,OAK,0.0
2014,smithch09,Chad Smith,DET,0.0
2014,hendeji01,Jim Henderson,MIL,-0.6
2014,rasmuro01,Rob Rasmussen,TOR,0.2
2014,wielajo01,Joe Wieland,SDP,-0.3
2014,achteaj01,A.J. Achter,MIN,0.0
2014,beeleda01,Dallas Beeler,CHC,0.2
2014,mitchbr01,Bryan Mitchell,NYY,0.3
2014,thomaia01,Ian Thomas,ATL,0.0
2014,guilmpr01,Preston Guilmet,BAL,-0.1
2014,laneja01,Jason Lane,SDP,0.4
2014,mazzavi01,Vin Mazzaro,PIT,0.1
2014,ryanky01,Kyle Ryan,DET,0.3
2014,sadleca02,Casey Sadler,PIT,-0.3
2014,adcocna01,Nathan Adcock,TEX,0.0
2014,alberma01,Matt Albers,HOU,0.5
2014,garciyi01,Yimi García,LAD,0.2
2014,hembrhe01,Heath Hembree,BOS,0.0
2014,moorema02,Matt Moore,TBR,0.3
2014,ramirjo02,José Ramírez,NYY,-0.1
2014,wagnene01,Neil Wagner,TOR,-0.5
2014,fornaer01,Eric Fornataro,STL,-0.1
2014,farmebu01,Buck Farmer,DET,-0.5
2014,jurrjja01,Jair Jurrjens,COL,-0.4
2014,pattosp01,Spencer Patton,TEX,0.4
2014,barnema01,Matt Barnes,BOS,0.0
2014,figuepe01,Pedro Figueroa,TEX,-0.2
2014,garcefr01,Frank Garcés,SDP,0.3
2014,greggke01,Kevin Gregg,MIA,-0.6
2014,hillta01,Taylor Hill,WSN,-0.3
2014,holdzjo01,John Holdzkom,PIT,0.2
2014,luetglu01,Lucas Luetge,SEA,0.0
2014,pettijo02,Jonathan Pettibone,PHI,-0.4
2014,rodrife02,Fernando Rodriguez Jr.,OAK,0.3
2014,figaral01,Alfredo Fígaro,MIL,-0.2
2014,knebeco01,Corey Knebel,DET,-0.2
2014,matthry01,Ryan Mattheus,WSN,0.3
2014,rowenbe01,Ben Rowen,TEX,0.1
2014,edwarjo02,Jon Edwards,TEX,0.0
2014,geltzst01,Steve Geltz,TBR,0.2
2014,smithca02,Carson Smith,SEA,0.4
2014,alvarrj01,R.J. Alvarez,SDP,0.2
2014,schulbo02,Bo Schultz,ARI,-0.3
2014,deleojo02,Jorge De León,HOU,-0.1
2014,feierry01,Ryan Feierabend,TEX,-0.1
2014,rowlary01,Ryan Rowland-Smith,ARI,-0.1
2014,rucindr01,Drew Rucinski,LAA,0.0
2014,thompaa01,Aaron Thompson,MIN,0.2
2014,adamsau01,Austin Adams,CLE,-0.2
2014,campole01,Leonel Campos,SDP,-0.1
2014,cedenxa01,Xavier Cedeño,WSN,-0.1
2014,finnebr01,Brandon Finnegan,KCR,0.2
2014,flynnbr01,Brian Flynn,MIA,-0.3
2014,lowema01,Mark Lowe,CLE,-0.3
2014,martida02,David Martínez,HOU,0.0
2014,partccu01,Curtis Partch,CIN,0.3
2014,strichu01,Hunter Strickland,SFG,0.3
2014,brittdr01,Drake Britton,BOS,0.3
2014,caminar01,Arquimedes Caminero,MIA,-0.5
2014,goedder01,Erik Goeddel,NYM,0.1
2014,norrida01,Daniel Norris,TOR,0.0
2014,dominjo01,José Domínguez,LAD,-0.3
2014,lopezwi01,Wilton López,COL,-0.3
2014,maronni01,Nick Maronde,LAA,-0.6
2014,olivele01,Lester Oliveros,MIN,-0.1
2014,woodbl01,Blake Wood,CLE,-0.1
2014,cordier01,Erik Cordier,SFG,-0.1
2014,fifest01,Stephen Fife,LAD,-0.1
2014,vealdo01,Donnie Veal,CHW,-0.3
2014,aumonph01,Phillippe Aumont,PHI,-0.6
2014,bucknbi02,Billy Buckner,SDP,-0.1
2014,diazja01,Jairo Díaz,LAA,0.1
2014,hernape02,Pedro Hernández,COL,0.0
2014,kirkmmi01,Michael Kirkman,TEX,0.3
2014,owensru01,Rudy Owens,HOU,-0.2
2014,germaju01,Justin Germano,TEX,-0.3
2014,gonzami05,Miguel González,PHI,-0.2
2014,hestoch01,Chris Heston,SFG,-0.1
2014,hillri01,Rich Hill,2TM,0.2
2014,hillri01,Rich Hill,LAA,0.0
2014,hillri01,Rich Hill,NYY,0.2
2014,riefecj01,C.J. Riefenhauser,TBR,-0.3
2014,thompta01,Taylor Thompson,CHW,-0.2
2014,verhadr01,Drew VerHagen,DET,0.0
2014,vizcaar01,Arodys Vizcaíno,CHC,0.0
2014,cisnejo01,José Cisnero,HOU,-0.3
2014,denniry01,Ryan Dennick,CIN,-0.4
2014,graveke01,Kendall Graveman,TOR,0.1
2014,lindbjo01,Josh Lindblom,OAK,0.0
2014,pattere02,Red Patterson,LAD,0.2
2014,beatope01,Pedro Beato,ATL,0.2
2014,couloda01,Danny Coulombe,LAD,0.0
2014,elbersc01,Scott Elbert,LAD,0.2
2014,beavabl01,Blake Beavan,SEA,0.0
2014,billibr02,Bruce Billings,NYY,-0.1
2014,irwinph01,Phil Irwin,TEX,-0.1
2014,lannajo01,John Lannan,NYM,-0.5
2014,martiet01,Ethan Martin,PHI,0.0
2014,rosinse01,Seth Rosin,TEX,-0.1
2014,saverjo01,Joe Savery,OAK,0.1
2014,westma03,Matt West,TEX,0.0
2014,francfr01,Frank Francisco,CHW,-0.3
2014,lafrobo01,Bobby LaFromboise,PIT,0.1
2014,valdera02,Raúl Valdés,HOU,-0.4
2014,bochybr02,Brett Bochy,SFG,0.0
2014,campsh01,Shawn Camp,PHI,0.0
2014,korecbo01,Bobby Korecky,TOR,-0.1
2014,carpeda02,David Carpenter,LAA,0.1
2014,drabeky01,Kyle Drabek,TOR,0.1
2014,brookaa01,Aaron Brooks,KCR,-0.5
2014,hagenbr01,Bradin Hagens,ARI,0.0
2014,hudsoda01,Daniel Hudson,ARI,-0.3
2014,leesmch01,Charles Leesman,CHW,-0.3
2014,milleji02,Jim Miller,NYY,-0.3
2014,pricebr10,Bryan Price,CLE,-0.2
2014,putkolu01,Luke Putkonen,DET,-0.3
2014,delarda01,Dane De La Rosa,LAA,-0.1
2014,lincobr01,Brad Lincoln,PHI,-0.1
2014,mccutda01,Daniel McCutchen,TEX,-0.1
2014,snodgsc01,Scott Snodgress,CHW,-0.3
2014,ambrihe01,Héctor Ambriz,SDP,-0.1
2014,butleke01,Keith Butler,STL,-0.2
2014,escobed02,Edwin Escobar,BOS,0.0
2014,kickhmi01,Mike Kickham,SFG,-0.2
2014,lerouch01,Chris Leroux,NYY,-0.4
2014,marksju01,Justin Marks,KCR,-0.1
2014,merceme01,Melvin Mercedes,DET,0.1
2014,rodriwi02,Wilking Rodríguez,KCR,0.1
2014,roech01,Chaz Roe,NYY,-0.1
2014,worthda01,Danny Worth,DET,0.0
2014,buterdr01,Drew Butera,LAD,-0.1
2014,pryorst01,Stephen Pryor,SEA,0.0
2014,rodrihe03,Henry Rodríguez,MIA,-0.1
2014,alvarda01,Dario Álvarez,NYM,-0.2
2014,ortegjo01,José Ortega,DET,-0.3
2014,paterjo01,Joe Paterson,ARI,-0.3
2014,whelake01,Kevin Whelan,DET,-0.1
2014,annade01,Dean Anna,NYY,-0.1
2014,arencjp01,J.P. Arencibia,TEX,0.0
2014,bakerjo01,John Baker,CHC,0.1
2014,buchtry01,Ryan Buchter,ATL,0.1
2014,cabrace01,César Cabral,NYY,-0.2
2014,carpmi01,Mike Carp,BOS,0.0
2014,dunnad01,Adam Dunn,CHW,0.0
2014,garcile02,Leury García,CHW,-0.2
2014,gimench01,Chris Gimenez,TEX,0.0
2014,maldoma01,Martín Maldonado,MIL,0.0
2014,morelmi01,Mitch Moreland,TEX,0.0
2014,nerishe01,Hector Neris,PHI,0.1
2014,nolinse01,Sean Nolin,TOR,0.0
2014,parnebo01,Bobby Parnell,NYM,-0.1
2014,ramirra02,Ramón Ramírez,BAL,0.0
2014,rominan01,Andrew Romine,DET,-0.1
2014,rondojo01,Jorge Rondon,STL,0.0
2014,schumsk01,Skip Schumaker,CIN,0.0
2014,snidetr01,Travis Snider,PIT,-0.1
2014,tollest01,Steven Tolleson,TOR,0.0
2014,tuivasa01,Sam Tuivailala,STL,-0.3
2014,walljo02,Josh Wall,LAA,-0.2
2014,alvarjo02,José Álvarez,LAA,0.1
2014,belltr01,Trevor Bell,CIN,-0.3
2014,burnese01,Sean Burnett,LAA,-0.1
2014,dunnija01,Jake Dunning,SFG,0.0
2014,grubeja01,Jarrett Grube,LAA,0.0
2014,josepdo01,Donnie Joseph,KCR,-0.2
2014,descada01,Daniel Descalso,STL,0.0
2014,overbly01,Lyle Overbay,MIL,0.0
2014,jonesna01,Nate Jones,CHW,0.0
2015,kershcl01,Clayton Kershaw,LAD,7.2
2015,keuchda01,Dallas Keuchel,HOU,6.6
2015,arrieja01,Jake Arrieta,CHC,8.3
2015,scherma01,Max Scherzer,WSN,6.9
2015,greinza01,Zack Greinke,LAD,8.9
2015,klubeco01,Corey Kluber,CLE,4.3
2015,priceda01,David Price,2TM,6.3
2015,priceda01,David Price,DET,3.8
2015,priceda01,David Price,TOR,2.6
2015,bumgama01,Madison Bumgarner,SFG,5.0
2015,lackejo01,John Lackey,STL,5.8
2015,dicker.01,R.A. Dickey,TOR,2.6
2015,samarje01,Jeff Samardzija,CHW,0.3
2015,hamelco01,Cole Hamels,2TM,4.3
2015,hamelco01,Cole Hamels,PHI,2.7
2015,hamelco01,Cole Hamels,TEX,1.6
2015,archech01,Chris Archer,TBR,3.9
2015,cuetojo01,Johnny Cueto,2TM,4.0
2015,cuetojo01,Johnny Cueto,CIN,3.7
2015,cuetojo01,Johnny Cueto,KCR,0.3
2015,salech01,Chris Sale,CHW,3.4
2015,colege01,Gerrit Cole,PIT,4.3
2015,grayso01,Sonny Gray,OAK,5.4
2015,richaga01,Garrett Richards,LAA,2.0
2015,quintjo01,Jose Quintana,CHW,4.1
2015,millesh01,Shelby Miller,ATL,4.2
2015,lestejo01,Jon Lester,CHC,2.8
2015,lewisco01,Colby Lewis,TEX,1.0
2015,mchugco01,Collin McHugh,HOU,2.6
2015,shielja02,James Shields,SDP,1.9
2015,hernafe02,Félix Hernández,SEA,4.6
2015,zimmejo02,Jordan Zimmermann,WSN,3.2
2015,teherju01,Julio Teheran,ATL,1.9
2015,volqued01,Edinson Vólquez,KCR,2.8
2015,buehrma01,Mark Buehrle,TOR,1.2
2015,rossty01,Tyson Ross,SDP,3.3
2015,colonba01,Bartolo Colon,NYM,1.3
2015,gibsoky01,Kyle Gibson,MIN,3.2
2015,mileywa01,Wade Miley,BOS,2.3
2015,leakemi01,Mike Leake,2TM,2.9
2015,leakemi01,Mike Leake,CIN,2.3
2015,leakemi01,Mike Leake,SFG,0.6
2015,chenwe02,Wei-Yin Chen,BAL,3.4
2015,degroja01,Jacob deGrom,NYM,5.3
2015,woodal02,Alex Wood,2TM,2.7
2015,woodal02,Alex Wood,ATL,2.5
2015,woodal02,Alex Wood,LAD,0.2
2015,harvema01,Matt Harvey,NYM,4.9
2015,delarru01,Rubby De La Rosa,ARI,-0.1
2015,koehlto01,Tom Koehler,MIA,0.4
2015,harenda01,Dan Haren,2TM,2.2
2015,harenda01,Dan Haren,MIA,2.0
2015,harenda01,Dan Haren,CHC,0.2
2015,simonal01,Alfredo Simón,DET,-0.4
2015,liriafr01,Francisco Liriano,PIT,2.6
2015,salazda01,Danny Salazar,CLE,3.4
2015,cashnan01,Andrew Cashner,SDP,-0.9
2015,desclan01,Anthony DeSclafani,CIN,1.3
2015,gallayo01,Yovani Gallardo,TEX,4.1
2015,jimenub01,Ubaldo Jiménez,BAL,2.1
2015,carraca01,Carlos Carrasco,CLE,3.9
2015,kazmisc01,Scott Kazmir,2TM,3.0
2015,kazmisc01,Scott Kazmir,OAK,3.1
2015,kazmisc01,Scott Kazmir,HOU,-0.1
2015,wachami01,Michael Wacha,STL,3.0
2015,estrama01,Marco Estrada,TOR,3.8
2015,santihe01,Héctor Santiago,LAA,2.1
2015,anderbr04,Brett Anderson,LAD,1.5
2015,fiersmi01,Mike Fiers,2TM,2.1
2015,fiersmi01,Mike Fiers,MIL,1.3
2015,fiersmi01,Mike Fiers,HOU,0.8
2015,hendrky01,Kyle Hendricks,CHC,1.6
2015,martica04,Carlos Martínez,STL,3.9
2015,danksjo01,John Danks,CHW,0.0
2015,hestoch01,Chris Heston,SFG,1.6
2015,nelsoji02,Jimmy Nelson,MIL,1.5
2015,niesejo01,Jon Niese,NYM,0.6
2015,bauertr01,Trevor Bauer,CLE,1.6
2015,gonzagi01,Gio González,WSN,2.6
2015,lynnla01,Lance Lynn,STL,3.4
2015,tillmch01,Chris Tillman,BAL,0.4
2015,haranaa01,Aaron Harang,PHI,0.4
2015,porceri01,Rick Porcello,BOS,0.5
2015,happja01,J.A. Happ,2TM,3.2
2015,happja01,J.A. Happ,SEA,0.7
2015,happja01,J.A. Happ,PIT,2.5
2015,hammeja01,Jason Hammel,CHC,1.5
2015,walketa01,Taijuan Walker,SEA,1.2
2015,odorija01,Jake Odorizzi,TBR,3.3
2015,kenneia01,Ian Kennedy,SDP,-0.3
2015,lockeje01,Jeff Locke,PIT,-0.7
2015,sabatc.01,CC Sabathia,NYY,1.1
2015,pelfrmi01,Mike Pelfrey,MIN,1.5
2015,burnea.01,A.J. Burnett,PIT,2.6
2015,ramirer02,Erasmo Ramírez,TBR,1.8
2015,ventuyo01,Yordano Ventura,KCR,2.2
2015,pinedmi01,Michael Pineda,NYY,1.8
2015,weaveje02,Jered Weaver,LAA,0.5
2015,chaveje01,Jesse Chavez,OAK,1.3
2015,sanchan01,Aníbal Sánchez,DET,0.3
2015,hugheph01,Phil Hughes,MIN,1.8
2015,eovalna01,Nathan Eovaldi,NYY,2.3
2015,tanakma01,Masahiro Tanaka,NYY,3.1
2015,anderch01,Chase Anderson,ARI,0.9
2015,lohseky01,Kyle Lohse,MIL,-1.1
2015,hutchdr01,Drew Hutchison,TOR,-1.5
2015,syndeno01,Noah Syndergaard,NYM,2.5
2015,rosajo01,Jorge De La Rosa,COL,2.7
2015,garzama01,Matt Garza,MIL,-1.4
2015,guthrje01,Jeremy Guthrie,KCR,-1.5
2015,karnsna01,Nate Karns,TBR,1.9
2015,hellije01,Jeremy Hellickson,ARI,0.0
2015,gonzami03,Miguel González,BAL,0.3
2015,kendrky01,Kyle Kendrick,COL,-0.6
2015,rodonca01,Carlos Rodón,CHW,1.6
2015,duffyda01,Danny Duffy,KCR,1.6
2015,shoemma01,Matt Shoemaker,LAA,0.6
2015,vogelry01,Ryan Vogelsong,SFG,-0.4
2015,kellyjo05,Joe Kelly,BOS,0.9
2015,verlaju01,Justin Verlander,DET,2.4
2015,wilsocj01,C.J. Wilson,LAA,1.4
2015,rusinch01,Chris Rusin,COL,0.1
2015,warread01,Adam Warren,NYY,2.8
2015,garcija02,Jaime García,STL,4.0
2015,iwakuhi01,Hisashi Iwakuma,SEA,2.6
2015,mortoch02,Charlie Morton,PIT,-0.8
2015,milonto01,Tommy Milone,MIN,1.5
2015,rayro02,Robbie Ray,ARI,1.6
2015,strasst01,Stephen Strasburg,WSN,2.0
2015,despaod01,Odrisamer Despaigne,SDP,-1.3
2015,mcculla02,Lance McCullers Jr.,HOU,2.1
2015,martini01,Nick Martinez,TEX,1.2
2015,hudsoti01,Tim Hudson,SFG,0.5
2015,youngch03,Chris Young,KCR,2.7
2015,rodried05,Eduardo Rodríguez,BOS,2.5
2015,collmjo01,Josh Collmenter,ARI,1.1
2015,willije01,Jerome Williams,PHI,-1.0
2015,jungmta01,Taylor Jungmann,MIL,1.6
2015,perezwi01,Williams Pérez,ATL,0.1
2015,latosma01,Mat Latos,3TM,-0.6
2015,latosma01,Mat Latos,2TM,-0.6
2015,latosma01,Mat Latos,MIA,0.1
2015,latosma01,Mat Latos,LAD,-0.6
2015,latosma01,Mat Latos,LAA,0.0
2015,graveke01,Kendall Graveman,OAK,1.1
2015,eliasro01,Roenis Elías,SEA,1.1
2015,bettich01,Chad Bettis,COL,2.4
2015,maytr01,Trevor May,MIN,1.5
2015,buchhcl01,Clay Buchholz,BOS,2.7
2015,lorenmi01,Michael Lorenzen,CIN,-0.6
2015,gausmke01,Kevin Gausman,BAL,1.0
2015,phelpda01,David Phelps,MIA,0.1
2015,roarkta01,Tanner Roark,WSN,0.7
2015,peavyja01,Jake Peavy,SFG,1.6
2015,colomal01,Alex Colomé,TBR,0.8
2015,bolsimi01,Mike Bolsinger,LAD,1.1
2015,wislema01,Matt Wisler,ATL,0.7
2015,peralwi01,Wily Peralta,MIL,0.3
2015,feldmsc01,Scott Feldman,HOU,1.1
2015,santaer01,Ervin Santana,MIN,1.6
2015,heanean01,Andrew Heaney,LAA,1.9
2015,fistedo01,Doug Fister,WSN,0.1
2015,woodtr01,Travis Wood,CHC,0.4
2015,hahnje01,Jesse Hahn,OAK,0.8
2015,iglesra01,Raisel Iglesias,CIN,0.9
2015,novaiv01,Iván Nova,NYY,0.6
2015,handbr01,Brad Hand,MIA,-0.8
2015,sanchaa01,Aaron Sanchez,TOR,1.9
2015,anderco01,Cody Anderson,CLE,2.5
2015,montgmi01,Mike Montgomery,SEA,0.6
2015,nunovi01,Vidal Nuño III,2TM,1.6
2015,nunovi01,Vidal Nuño III,ARI,0.5
2015,nunovi01,Vidal Nuño III,SEA,1.0
2015,foltymi01,Mike Foltynewicz,ATL,-1.2
2015,rodriwa01,Wandy Rodríguez,TEX,0.5
2015,bassich01,Chris Bassitt,OAK,1.2
2015,pomerdr01,Drew Pomeranz,OAK,0.3
2015,corbipa01,Patrick Corbin,ARI,1.3
2015,carmofa01,Roberto Hernández,HOU,-0.2
2015,morgaad01,Adam Morgan,PHI,0.7
2015,betande01,Dellin Betances,NYY,3.9
2015,greensh02,Shane Greene,DET,-1.7
2015,norribu01,Bud Norris,2TM,-1.9
2015,norribu01,Bud Norris,BAL,-1.6
2015,norribu01,Bud Norris,SDP,-0.3
2015,defraju01,Justin De Fratus,PHI,-0.6
2015,brachbr01,Brad Brach,BAL,1.8
2015,butleed01,Eddie Butler,COL,-0.5
2015,perezma02,Martín Pérez,TEX,0.3
2015,haleda02,David Hale,COL,0.0
2015,familje01,Jeurys Familia,NYM,3.0
2015,friasca01,Carlos Frías,LAD,0.3
2015,nolaaa01,Aaron Nola,PHI,1.6
2015,melanma01,Mark Melancon,PIT,1.8
2015,rossjo01,Joe Ross,WSN,1.3
2015,linceti01,Tim Lincecum,SFG,0.3
2015,petityu01,Yusmeiro Petit,SFG,0.5
2015,blantjo01,Joe Blanton,2TM,1.3
2015,blantjo01,Joe Blanton,KCR,0.4
2015,blantjo01,Joe Blanton,PIT,0.9
2015,watsoto01,Tony Watson,PIT,2.5
2015,doubrfe01,Félix Doubront,2TM,-0.6
2015,doubrfe01,Félix Doubront,TOR,-0.2
2015,doubrfe01,Félix Doubront,OAK,-0.4
2015,dysonsa01,Sam Dyson,2TM,1.5
2015,dysonsa01,Sam Dyson,MIA,-0.1
2015,dysonsa01,Sam Dyson,TEX,1.5
2015,chafian01,Andrew Chafin,ARI,1.6
2015,buchada01,David Buchanan,PHI,-1.4
2015,caminar01,Arquimedes Caminero,PIT,0.4
2015,gomezje01,Jeanmar Gómez,PHI,1.3
2015,siegrke01,Kevin Siegrist,STL,2.1
2015,nicolju01,Justin Nicolino,MIA,0.5
2015,kontoge01,George Kontos,SFG,1.7
2015,wrighst01,Steven Wright,BOS,0.5
2015,tollesh01,Shawn Tolleson,TEX,1.8
2015,delgara01,Randall Delgado,ARI,0.8
2015,worleva01,Vance Worley,PIT,0.0
2015,harriwi10,Will Harris,HOU,2.0
2015,osullse01,Sean O'Sullivan,PHI,-0.5
2015,clippty01,Tyler Clippard,2TM,1.2
2015,clippty01,Tyler Clippard,OAK,0.9
2015,clippty01,Tyler Clippard,NYM,0.3
2015,ramosaj01,AJ Ramos,MIA,2.0
2015,gileske01,Ken Giles,PHI,1.7
2015,rondohe01,Héctor Rondón,CHC,2.1
2015,smithca02,Carson Smith,SEA,2.4
2015,wilsoal01,Alex Wilson,DET,1.8
2015,cosarja01,Jarred Cosart,MIA,0.1
2015,herreke01,Kelvin Herrera,KCR,1.5
2015,osunaro01,Roberto Osuna,TOR,1.8
2015,jepseke01,Kevin Jepsen,2TM,2.0
2015,jepseke01,Kevin Jepsen,TBR,0.7
2015,jepseke01,Kevin Jepsen,MIN,1.3
2015,allenco01,Cody Allen,CLE,1.3
2015,mcallza01,Zach McAllister,CLE,1.0
2015,rosentr01,Trevor Rosenthal,STL,2.6
2015,bergmch01,Christian Bergman,COL,0.8
2015,flandyo01,Yohan Flande,COL,1.0
2015,jeffrje01,Jeremy Jeffress,MIL,1.6
2015,stroppe01,Pedro Strop,CHC,1.0
2015,zieglbr01,Brad Ziegler,ARI,2.1
2015,hudsoda01,Daniel Hudson,ARI,-0.2
2015,treinbl01,Blake Treinen,WSN,0.3
2015,soriajo01,Joakim Soria,2TM,1.8
2015,soriajo01,Joakim Soria,DET,1.1
2015,soriajo01,Joakim Soria,PIT,0.7
2015,daviswa01,Wade Davis,KCR,3.5
2015,geltzst01,Steve Geltz,TBR,0.3
2015,alvarjo02,José Álvarez,LAA,0.5
2015,conlead01,Adam Conley,MIA,0.6
2015,gonzach01,Chi Chi González,TEX,1.0
2015,hugheja02,Jared Hughes,PIT,1.2
2015,paxtoja01,James Paxton,SEA,0.7
2015,garcilu03,Luis García,PHI,0.9
2015,smylydr01,Drew Smyly,TBR,1.6
2015,johnsji04,Jim Johnson,2TM,0.0
2015,johnsji04,Jim Johnson,ATL,1.6
2015,johnsji04,Jim Johnson,LAD,-1.6
2015,badenbu01,Burke Badenhop,CIN,0.4
2015,chapmar01,Aroldis Chapman,CIN,2.7
2015,andrima01,Matt Andriese,TBR,0.5
2015,brittza01,Zack Britton,BAL,2.3
2015,tomlijo01,Josh Tomlin,CLE,2.0
2015,benoijo01,Joaquin Benoit,SDP,1.9
2015,odayda01,Darren O'Day,BAL,2.7
2015,ogandal01,Alexi Ogando,BOS,0.9
2015,smithjo05,Joe Smith,LAA,0.7
2015,boyerbl01,Blaine Boyer,MIN,1.3
2015,breslcr01,Craig Breslow,BOS,0.4
2015,fernajo02,José Fernández,MIA,1.4
2015,hendrli01,Liam Hendriks,TOR,1.0
2015,hoovejj01,J.J. Hoover,CIN,1.0
2015,bassan01,Anthony Bass,TEX,0.3
2015,shawbr01,Bryan Shaw,CLE,1.2
2015,grahajr01,J.R. Graham,MIN,-0.4
2015,lobstky01,Kyle Lobstein,DET,-0.6
2015,salasfe01,Fernando Salas,LAA,-0.4
2015,fienca01,Casey Fien,MIN,1.0
2015,madsory01,Ryan Madson,KCR,1.8
2015,manesse01,Seth Maness,STL,-0.7
2015,roberda08,David Robertson,CHW,0.5
2015,smithwi04,Will Smith,MIL,1.1
2015,papeljo01,Jonathan Papelbon,2TM,1.3
2015,papeljo01,Jonathan Papelbon,PHI,1.4
2015,papeljo01,Jonathan Papelbon,WSN,-0.1
2015,cottsne01,Neal Cotts,2TM,0.6
2015,cottsne01,Neal Cotts,MIL,0.7
2015,cottsne01,Neal Cotts,MIN,-0.1
2015,boxbebr01,Brad Boxberger,TBR,0.1
2015,moorema02,Matt Moore,TBR,-0.4
2015,morribr01,Bryan Morris,MIA,0.3
2015,owenshe02,Henry Owens,BOS,0.5
2015,rodnefe01,Fernando Rodney,2TM,-0.5
2015,rodnefe01,Fernando Rodney,SEA,-0.7
2015,rodnefe01,Fernando Rodney,CHC,0.2
2015,moralfr01,Franklin Morales,KCR,0.8
2015,severlu01,Luis Severino,NYY,2.0
2015,streehu01,Huston Street,LAA,1.0
2015,albural01,Al Alburquerque,DET,0.4
2015,wilheto01,Tom Wilhelmsen,SEA,1.2
2015,millean01,Andrew Miller,NYY,2.3
2015,urenajo01,José Ureña,MIA,-0.4
2015,hardybl01,Blaine Hardy,DET,1.0
2015,gregelu01,Luke Gregerson,HOU,0.5
2015,villaca01,Carlos Villanueva,STL,0.9
2015,wilsoju10,Justin Wilson,NYY,1.5
2015,cainma01,Matt Cain,SFG,-0.7
2015,dukeza01,Zach Duke,CHW,0.6
2015,rossro01,Robbie Ross,BOS,0.7
2015,diazju03,Jumbo Díaz,CIN,0.1
2015,kelake01,Keone Kela,TEX,1.8
2015,broxtjo01,Jonathan Broxton,2TM,-0.1
2015,broxtjo01,Jonathan Broxton,MIL,-0.5
2015,broxtjo01,Jonathan Broxton,STL,0.4
2015,hunteto02,Tommy Hunter,2TM,0.2
2015,hunteto02,Tommy Hunter,BAL,0.5
2015,hunteto02,Tommy Hunter,CHC,-0.2
2015,lyonsty01,Tyler Lyons,STL,0.3
2015,scribev01,Evan Scribner,OAK,-0.1
2015,norrida01,Daniel Norris,2TM,0.4
2015,norrida01,Daniel Norris,TOR,0.2
2015,norrida01,Daniel Norris,DET,0.2
2015,kimbrcr01,Craig Kimbrel,SDP,1.3
2015,masteju01,Justin Masterson,BOS,-0.3
2015,gomesbr01,Brandon Gomes,TBR,0.1
2015,hollade01,Derek Holland,TEX,0.4
2015,rodrife02,Fernando Rodriguez Jr.,OAK,0.2
2015,tazawju01,Junichi Tazawa,BOS,0.5
2015,friedch01,Christian Friedrich,COL,-0.1
2015,medlekr01,Kris Medlen,KCR,0.2
2015,nicasju01,Juan Nicasio,LAD,0.2
2015,obergsc01,Scott Oberg,COL,-0.1
2015,quackke01,Kevin Quackenbush,SDP,0.1
2015,shrevch01,Chasen Shreve,NYY,1.2
2015,detwiro01,Ross Detwiler,2TM,-1.7
2015,detwiro01,Ross Detwiler,TEX,-1.1
2015,detwiro01,Ross Detwiler,ATL,-0.6
2015,diekmja01,Jake Diekman,2TM,0.6
2015,diekmja01,Jake Diekman,PHI,-0.3
2015,diekmja01,Jake Diekman,TEX,0.9
2015,garcija01,Santiago Casilla,SFG,1.2
2015,duffety01,Tyler Duffey,MIN,1.6
2015,machije01,Jean Machi,2TM,-0.5
2015,machije01,Jean Machi,SFG,-0.3
2015,machije01,Jean Machi,BOS,-0.2
2015,torreca01,Carlos Torres,NYM,-0.4
2015,bastaan01,Antonio Bastardo,PIT,0.9
2015,gilmase01,Sean Gilmartin,NYM,1.1
2015,romose01,Sergio Romo,SFG,0.9
2015,boydma01,Matthew Boyd,2TM,-1.2
2015,boydma01,Matthew Boyd,TOR,-0.5
2015,boydma01,Matthew Boyd,DET,-0.7
2015,perkigl01,Glen Perkins,MIN,1.2
2015,rodrifr03,Francisco Rodríguez,MIL,1.8
2015,garciyi01,Yimi García,LAD,0.4
2015,jennida01,Dan Jennings,CHW,0.1
2015,ryanky01,Kyle Ryan,DET,0.3
2015,reedad01,Addison Reed,2TM,0.6
2015,reedad01,Addison Reed,ARI,-0.1
2015,reedad01,Addison Reed,NYM,0.7
2015,matthry01,Ryan Mattheus,2TM,-0.3
2015,matthry01,Ryan Mattheus,LAA,0.0
2015,matthry01,Ryan Mattheus,CIN,-0.3
2015,axforjo01,John Axford,COL,0.8
2015,blazemi01,Michael Blazek,MIL,1.1
2015,velasvi01,Vince Velasquez,HOU,0.1
2015,jacksed01,Edwin Jackson,2TM,0.3
2015,jacksed01,Edwin Jackson,CHC,0.2
2015,jacksed01,Edwin Jackson,ATL,0.2
2015,brookaa01,Aaron Brooks,2TM,-0.9
2015,brookaa01,Aaron Brooks,KCR,0.0
2015,brookaa01,Aaron Brooks,OAK,-0.9
2015,cishest01,Steve Cishek,2TM,-0.2
2015,cishest01,Steve Cishek,MIA,-0.6
2015,cishest01,Steve Cishek,STL,0.4
2015,storedr01,Drew Storen,WSN,0.6
2015,lowema01,Mark Lowe,2TM,1.6
2015,lowema01,Mark Lowe,SEA,1.6
2015,lowema01,Mark Lowe,TOR,0.1
2015,neshepa01,Pat Neshek,HOU,0.2
2015,cecilbr01,Brett Cecil,TOR,1.2
2015,sippto01,Tony Sipp,HOU,1.6
2015,dunnmi01,Mike Dunn,MIA,-0.3
2015,robleha01,Hansel Robles,NYM,0.0
2015,avilalu01,Luis Avilán,2TM,0.4
2015,avilalu01,Luis Avilán,ATL,0.6
2015,avilalu01,Luis Avilán,LAD,-0.2
2015,janseke01,Kenley Jansen,LAD,1.4
2015,ramosce01,César Ramos,LAA,1.0
2015,sampske01,Keyvius Sampson,CIN,-1.2
2015,petrija01,Jake Petricka,CHW,0.7
2015,kellesh01,Shawn Kelley,SDP,0.7
2015,strichu01,Hunter Strickland,SFG,1.4
2015,baezpe01,Pedro Báez,LAD,0.2
2015,eickhje01,Jerad Eickhoff,PHI,1.7
2015,farquda01,Danny Farquhar,SEA,-0.6
2015,maurebr01,Brandon Maurer,SDP,0.7
2015,fieldjo03,Josh Fields,HOU,0.5
2015,hochelu01,Luke Hochevar,KCR,0.3
2015,webbry01,Ryan Webb,CLE,0.6
2015,knebeco01,Corey Knebel,MIL,0.8
2015,villape01,Pedro Villarreal,CIN,0.2
2015,grimmju01,Justin Grimm,CHC,0.6
2015,lambjo02,John Lamb,CIN,-0.4
2015,quallch01,Chad Qualls,HOU,0.0
2015,lylesjo01,Jordan Lyles,COL,0.2
2015,matusbr01,Brian Matusz,BAL,0.9
2015,duensbr01,Brian Duensing,MIN,0.3
2015,putnaza01,Zach Putnam,CHW,0.1
2015,motteja01,Jason Motte,CHC,0.2
2015,riverfe01,Felipe Vázquez,WSN,1.1
2015,felizne01,Neftalí Feliz,2TM,-1.1
2015,felizne01,Neftalí Feliz,TEX,0.0
2015,felizne01,Neftalí Feliz,DET,-1.0
2015,finnebr01,Brandon Finnegan,2TM,0.7
2015,finnebr01,Brandon Finnegan,KCR,0.4
2015,finnebr01,Brandon Finnegan,CIN,0.2
2015,abadfe01,Fernando Abad,OAK,0.2
2015,gotttr01,Trevor Gott,LAA,0.6
2015,layneto01,Tommy Layne,BOS,0.5
2015,stulter01,Eric Stults,ATL,-0.3
2015,verrelo01,Logan Verrett,2TM,0.8
2015,verrelo01,Logan Verrett,TEX,-0.2
2015,verrelo01,Logan Verrett,NYM,0.9
2015,beimejo01,Joe Beimel,SEA,0.1
2015,marquja01,Jason Marquis,CIN,-1.0
2015,mujiced01,Edward Mujica,2TM,-0.4
2015,mujiced01,Edward Mujica,BOS,0.1
2015,mujiced01,Edward Mujica,OAK,-0.5
2015,oteroda01,Dan Otero,OAK,-1.0
2015,cedenxa01,Xavier Cedeño,2TM,1.2
2015,cedenxa01,Xavier Cedeño,WSN,0.0
2015,cedenxa01,Xavier Cedeño,TBR,1.2
2015,hollagr01,Greg Holland,KCR,0.3
2015,wrighmi01,Mike Wright Jr.,BAL,-0.4
2015,howeljp01,J.P. Howell,LAD,1.5
2015,cahiltr01,Trevor Cahill,2TM,-0.3
2015,cahiltr01,Trevor Cahill,ATL,-0.7
2015,cahiltr01,Trevor Cahill,CHC,0.4
2015,barnema01,Matt Barnes,BOS,-0.3
2015,schulbo02,Bo Schultz,TOR,0.3
2015,vargaja01,Jason Vargas,KCR,0.5
2015,cravyty01,Tyler Cravy,MIL,-0.7
2015,loupaa01,Aaron Loup,TOR,-0.2
2015,richacl01,Clayton Richard,CHC,0.4
2015,roech01,Chaz Roe,BAL,0.2
2015,thornma01,Matt Thornton,WSN,1.2
2015,perezol01,Óliver Pérez,2TM,-0.4
2015,perezol01,Óliver Pérez,ARI,0.4
2015,perezol01,Óliver Pérez,HOU,-0.7
2015,capuach01,Chris Capuano,NYY,-1.1
2015,grayjo02,Jon Gray,COL,0.2
2015,farmebu01,Buck Farmer,DET,-1.0
2015,mcfartj01,T.J. McFarland,BAL,-0.4
2015,nerishe01,Hector Neris,PHI,0.3
2015,ueharko01,Koji Uehara,BOS,1.2
2015,janssca01,Casey Janssen,WSN,-0.1
2015,geedi01,Dillon Gee,NYM,-0.8
2015,betanra01,Rafael Betancourt,COL,-0.6
2015,gorzeto01,Tom Gorzelanny,DET,-0.6
2015,lopezja02,Javier López,SFG,1.4
2015,manshje01,Jeff Manship,CLE,1.7
2015,hatchch02,Chris Hatcher,LAD,-0.1
2015,germego01,González Germen,2TM,0.5
2015,germego01,González Germen,CHC,-0.2
2015,germego01,González Germen,COL,0.6
2015,hawkila01,LaTroy Hawkins,2TM,0.6
2015,hawkila01,LaTroy Hawkins,COL,0.5
2015,hawkila01,LaTroy Hawkins,TOR,0.1
2015,freemsa01,Sam Freeman,TEX,1.0
2015,oberhbr01,Brett Oberholtzer,HOU,0.1
2015,schepta01,Tanner Scheppers,TEX,-0.5
2015,garcefr01,Frank Garcés,SDP,-0.3
2015,thayeda01,Dale Thayer,SDP,0.1
2015,tropeni01,Nick Tropeano,LAA,0.2
2015,alberma01,Matt Albers,CHW,1.4
2015,mcgeeja01,Jake McGee,TBR,0.9
2015,nolasri01,Ricky Nolasco,MIN,-0.8
2015,billich01,Chad Billingsley,PHI,-0.4
2015,carrosc02,Scott Carroll,CHW,0.1
2015,godleza01,Zack Godley,ARI,0.6
2015,wilsoty01,Tyler Wilson,BAL,0.7
2015,bradlar01,Archie Bradley,ARI,-0.4
2015,matzst01,Steven Matz,NYM,1.2
2015,affelje01,Jeremy Affeldt,SFG,-0.8
2015,loganbo02,Boone Logan,COL,0.6
2015,morinmi01,Mike Morin,LAA,-0.9
2015,cunnibr02,Brandon Cunniff,ATL,-0.2
2015,johnser04,Erik Johnson,CHW,0.7
2015,marcush01,Shaun Marcum,CLE,-0.1
2015,rzepcma01,Marc Rzepczynski,2TM,-1.1
2015,rzepcma01,Marc Rzepczynski,CLE,-0.3
2015,rzepcma01,Marc Rzepczynski,SDP,-0.8
2015,araujel01,Elvis Araújo,PHI,0.2
2015,wolfra02,Randy Wolf,DET,-0.8
2015,thornty01,Tyler Thornburg,MIL,-0.4
2015,torreal01,Álex Torres,NYM,0.1
2015,davieza02,Zach Davies,MIL,0.6
2015,russeja02,James Russell,CHC,-0.9
2015,belisma01,Matt Belisle,STL,0.8
2015,grillja01,Jason Grilli,ATL,0.6
2015,hernada01,David Hernández,ARI,-0.2
2015,vizcaar01,Arodys Vizcaíno,ATL,1.3
2015,adamsau01,Austin Adams,CLE,0.3
2015,bedroca01,Cam Bedrosian,LAA,-0.4
2015,cingrto01,Tony Cingrani,CIN,-0.6
2015,goedder01,Erik Goeddel,NYM,0.7
2015,kahnlto01,Tommy Kahnle,COL,-0.3
2015,milleju02,Justin Miller,COL,0.6
2015,brownbr02,Brooks Brown,COL,0.2
2015,morrobr01,Brandon Morrow,SDP,1.0
2015,rogeres01,Esmil Rogers,NYY,-0.9
2015,teperry01,Ryan Tepera,TOR,0.3
2015,noesihe01,Héctor Noesí,CHW,-0.5
2015,smithjo07,Josh A. Smith,CIN,-0.8
2015,parrama01,Manny Parra,CIN,0.2
2015,thompaa01,Aaron Thompson,MIN,-0.2
2015,wadats01,Tsuyoshi Wada,CHC,0.4
2015,reaco01,Colin Rea,SDP,0.0
2015,cooneti01,Tim Cooney,STL,0.6
2015,cappsca01,Carter Capps,MIA,1.3
2015,rondobr01,Bruce Rondón,DET,-0.8
2015,webstal01,Allen Webster,ARI,-0.9
2015,aardsda01,David Aardsma,ATL,-0.1
2015,gonzase01,Severino González,PHI,-0.7
2015,scahiro01,Rob Scahill,PIT,-0.1
2015,martico01,Cody Martin,2TM,-0.9
2015,martico01,Cody Martin,ATL,-0.2
2015,martico01,Cody Martin,OAK,-0.6
2015,narvech01,Chris Narveson,MIA,-0.1
2015,givenmy01,Mychal Givens,BAL,0.9
2015,romeren01,Enny Romero,TBR,-0.2
2015,webbda01,Daniel Webb,CHW,-0.9
2015,oflaher01,Eric O'Flaherty,2TM,-1.3
2015,oflaher01,Eric O'Flaherty,OAK,-0.6
2015,oflaher01,Eric O'Flaherty,NYM,-0.7
2015,garcija03,Jason García,BAL,-0.1
2015,liberad01,Adam Liberatore,LAD,0.1
2015,mitchbr01,Bryan Mitchell,NYY,-0.6
2015,socolmi01,Miguel Socolovich,STL,0.7
2015,barreaa01,Aaron Barrett,WSN,0.0
2015,delabst01,Steve Delabar,TOR,-0.4
2015,asheral01,Alec Asher,PHI,-1.1
2015,hillri01,Rich Hill,BOS,1.6
2015,nolinse01,Sean Nolin,OAK,-0.3
2015,peraljo01,Joel Peralta,LAD,0.0
2015,osichjo01,Josh Osich,SFG,0.2
2015,vendipa01,Pat Venditte,OAK,0.1
2015,holmbda01,David Holmberg,CIN,-0.7
2015,weberry01,Ryan Weber,ATL,0.1
2015,contrca01,Carlos Contreras,CIN,-0.1
2015,krolia01,Ian Krol,DET,-0.4
2015,wainwad01,Adam Wainwright,STL,0.9
2015,frasoja01,Jason Frasor,2TM,1.0
2015,frasoja01,Jason Frasor,KCR,0.7
2015,frasoja01,Jason Frasor,ATL,0.3
2015,pindebr01,Branden Pinder,NYY,0.5
2015,pressry01,Ryan Pressly,MIN,0.7
2015,chambjo03,Joba Chamberlain,2TM,-0.6
2015,chambjo03,Joba Chamberlain,DET,-0.5
2015,chambjo03,Joba Chamberlain,KCR,-0.1
2015,choatra01,Randy Choate,STL,0.2
2015,hagadni01,Nick Hagadone,CLE,0.0
2015,mckiran01,Andrew McKirahan,ATL,-0.3
2015,penaar01,Ariel Peña,MIL,0.1
2015,burgoen02,Enrique Burgos,ARI,-0.2
2015,harrimi03,Mitch Harris,STL,0.0
2015,mateoma01,Marcos Mateo,SDP,-0.2
2015,stromma01,Marcus Stroman,TOR,1.3
2015,chacijh01,Jhoulys Chacín,ARI,0.4
2015,guaipma01,Mayckol Guaipe,SEA,-0.5
2015,leonar01,Arnold León,OAK,0.0
2015,rosscza01,Zac Rosscup,CHC,-0.1
2015,banuema01,Manny Bañuelos,ATL,-0.2
2015,verhadr01,Drew VerHagen,DET,0.9
2015,marimsu01,Sugar Ray Marimón,ATL,-0.7
2015,hembrhe01,Heath Hembree,BOS,0.4
2015,ellinbr02,Brian Ellington,MIA,0.2
2015,rollida01,David Rollins,SEA,-0.6
2015,masseni01,Nick Masset,2TM,-0.4
2015,masseni01,Nick Masset,MIA,0.1
2015,masseni01,Nick Masset,ATL,-0.6
2015,goforda01,David Goforth,MIL,0.1
2015,hinojda01,Dalier Hinojosa,2TM,1.0
2015,hinojda01,Dalier Hinojosa,BOS,0.1
2015,hinojda01,Dalier Hinojosa,PHI,0.9
2015,carpeda01,David Carpenter,2TM,0.2
2015,carpeda01,David Carpenter,NYY,0.0
2015,carpeda01,David Carpenter,WSN,0.2
2015,barraky01,Kyle Barraclough,MIA,0.4
2015,parnebo01,Bobby Parnell,NYM,-0.9
2015,pattosp01,Spencer Patton,TEX,-1.0
2015,ramirjc01,JC Ramírez,2TM,-0.2
2015,ramirjc01,JC Ramírez,ARI,0.0
2015,ramirjc01,JC Ramírez,SEA,-0.3
2015,bellaan01,Andrew Bellatti,TBR,0.5
2015,correke01,Kevin Correia,PHI,-0.7
2015,frierer01,Ernesto Frieri,TBR,0.0
2015,lizra01,Radhames Liz,PIT,0.0
2015,marksma01,Matt Marksberry,ATL,-0.4
2015,mcgowdu01,Dustin McGowan,PHI,-0.7
2015,tonkimi01,Michael Tonkin,MIN,0.3
2015,thomaia01,Ian Thomas,2TM,0.2
2015,thomaia01,Ian Thomas,ATL,0.0
2015,thomaia01,Ian Thomas,LAD,0.2
2015,mccarbr01,Brandon McCarthy,LAD,-0.3
2015,vinceni01,Nick Vincent,SDP,0.3
2015,jimence01,César Jiménez,2TM,0.3
2015,jimence01,César Jiménez,PHI,0.1
2015,jimence01,César Jiménez,MIL,0.2
2015,thatcjo01,Joe Thatcher,HOU,0.4
2015,alvarhe01,Henderson Alvarez III,MIA,-0.6
2015,francje01,Jeff Francis,TOR,-0.3
2015,matzety01,Tyler Matzek,COL,0.6
2015,orourry01,Ryan O'Rourke,MIN,-0.2
2015,furbuch01,Charlie Furbush,SEA,0.7
2015,nesbian01,Ángel Nesbitt,DET,-0.4
2015,solissa01,Sammy Solís,WSN,0.0
2015,dedunsa01,Sam Deduno,HOU,-0.5
2015,medinyo01,Yoervis Medina,2TM,0.0
2015,medinyo01,Yoervis Medina,SEA,0.2
2015,medinyo01,Yoervis Medina,CHC,-0.1
2015,martich02,Chris Martin,NYY,-0.1
2015,rasmuco02,Cory Rasmus,LAA,-0.1
2015,staufti01,Tim Stauffer,2TM,-0.5
2015,staufti01,Tim Stauffer,MIN,-0.4
2015,staufti01,Tim Stauffer,NYM,-0.2
2015,yateski01,Kirby Yates,TBR,-0.5
2015,alvarrj01,R.J. Alvarez,OAK,-0.8
2015,lecursa01,Sam LeCure,CIN,0.1
2015,atchisc01,Scott Atchison,CLE,-0.3
2015,rienzan01,André Rienzo,MIA,-0.3
2015,loewead01,Adam Loewen,PHI,-0.3
2015,ohlenro01,Ross Ohlendorf,TEX,0.3
2015,pinoyo01,Yohan Pino,KCR,0.3
2015,whitlch01,Chase Whitley,NYY,0.4
2015,diazja01,Jairo Díaz,COL,0.7
2015,jonesna01,Nate Jones,CHW,0.3
2015,zychto01,Tony Zych,SEA,0.4
2015,adcocna01,Nathan Adcock,CIN,-0.2
2015,crockky01,Kyle Crockett,CLE,0.1
2015,castrmi01,Miguel Castro,2TM,-0.3
2015,castrmi01,Miguel Castro,TOR,-0.1
2015,castrmi01,Miguel Castro,COL,-0.2
2015,broadmi01,Mike Broadway,SFG,-0.1
2015,kleinph01,Phil Klein,TEX,-0.4
2015,dullry01,Ryan Dull,OAK,0.0
2015,erlinro01,Robbie Erlin,SDP,0.1
2015,gracema02,Matt Grace,WSN,-0.3
2015,jordata01,Taylor Jordan,WSN,0.1
2015,brighja01,Jake Brigham,ATL,-0.5
2015,guerrde01,Deolis Guerra,PIT,-0.4
2015,kellyry01,Ryan Kelly,ATL,-0.4
2015,straida01,Dan Straily,HOU,-0.1
2015,edwarjo02,Jon Edwards,2TM,0.0
2015,edwarjo02,Jon Edwards,TEX,-0.1
2015,edwarjo02,Jon Edwards,SDP,0.1
2015,wojcias01,Asher Wojciechowski,HOU,-0.4
2015,santose01,Sergio Santos,2TM,-0.1
2015,santose01,Sergio Santos,LAD,-0.1
2015,santose01,Sergio Santos,NYY,0.0
2015,harrima01,Matt Harrison,TEX,-0.1
2015,redmoto01,Todd Redmond,TOR,-0.4
2015,couloda01,Danny Coulombe,2TM,-0.1
2015,couloda01,Danny Coulombe,LAD,-0.2
2015,couloda01,Danny Coulombe,OAK,0.1
2015,balesco01,Collin Balester,CIN,-0.4
2015,claudal01,Álex Claudio,TEX,0.3
2015,drakeol01,Oliver Drake,BAL,0.1
2015,rumbeni01,Nick Rumbelow,NYY,0.0
2015,copelsc01,Scott Copeland,TOR,-0.2
2015,kensilo01,Logan Kensing,SEA,-0.3
2015,ranauan01,Anthony Ranaudo,TEX,-0.3
2015,rasmuro01,Rob Rasmussen,2TM,-1.1
2015,rasmuro01,Rob Rasmussen,TOR,0.0
2015,rasmuro01,Rob Rasmussen,SEA,-1.1
2015,montafr02,Frankie Montas,CHW,0.0
2015,leonedo01,Dominic Leone,2TM,-0.7
2015,leonedo01,Dominic Leone,SEA,-0.4
2015,leonedo01,Dominic Leone,ARI,-0.3
2015,riefecj01,C.J. Riefenhauser,TBR,-0.2
2015,tuivasa01,Sam Tuivailala,STL,0.3
2015,rondojo01,Jorge Rondon,2TM,-0.8
2015,rondojo01,Jorge Rondon,COL,-0.4
2015,rondojo01,Jorge Rondon,BAL,-0.4
2015,olmosed01,Edgar Olmos,SEA,0.0
2015,ramirne01,Neil Ramírez,CHC,0.2
2015,doolise01,Sean Doolittle,OAK,0.1
2015,reynoma02,Matt Reynolds,ARI,0.0
2015,wagnety01,Tyler Wagner,MIL,-0.3
2015,mendero01,Román Méndez,2TM,-0.1
2015,mendero01,Román Méndez,TEX,-0.1
2015,mendero01,Román Méndez,BOS,0.0
2015,roberke02,Kenny Roberts,2TM,-0.2
2015,roberke02,Kenny Roberts,COL,0.0
2015,roberke02,Kenny Roberts,PHI,-0.2
2015,achteaj01,A.J. Achter,MIN,-0.2
2015,floydga01,Gavin Floyd,CLE,0.2
2015,marshev01,Evan Marshall,ARI,-0.3
2015,olsonty01,Tyler Olson,SEA,-0.1
2015,swarzan01,Anthony Swarzak,CLE,-0.1
2015,housetj01,T.J. House,CLE,-0.9
2015,ramirno01,Noé Ramirez,BOS,-0.5
2015,burawda01,Danny Burawa,2TM,0.0
2015,burawda01,Danny Burawa,NYY,-0.2
2015,burawda01,Danny Burawa,ATL,0.1
2015,floreke01,Kendry Flores,MIA,-0.1
2015,cokeph01,Phil Coke,2TM,-0.2
2015,cokeph01,Phil Coke,CHC,-0.2
2015,cokeph01,Phil Coke,TOR,0.0
2015,axelrdy01,Dylan Axelrod,CIN,-0.6
2015,brachsi01,Silvino Bracho,ARI,0.4
2015,cordier01,Erik Cordier,MIA,-0.1
2015,hesslke01,Keith Hessler,ARI,-0.5
2015,martira04,Rafael Martín,WSN,-0.3
2015,hillta01,Taylor Hill,WSN,0.1
2015,mazzavi01,Vin Mazzaro,MIA,0.0
2015,leathja01,Jack Leathersich,NYM,0.3
2015,moscojo01,Jon Moscot,CIN,0.1
2015,pestavi01,Vinnie Pestano,LAA,-0.3
2015,baileho02,Homer Bailey,CIN,-0.1
2015,ferreje01,Jeff Ferrell,DET,-0.1
2015,kellyca01,Casey Kelly,SDP,-0.5
2015,pimenst01,Stolmy Pimentel,TEX,0.1
2015,bakersc02,Scott Baker,LAD,-0.1
2015,varvaan01,Anthony Varvaro,BOS,0.1
2015,greggke01,Kevin Gregg,CIN,-0.7
2015,arojo01,Jonathan Aro,BOS,-0.2
2015,brothre01,Rex Brothers,COL,0.5
2015,castrsi01,Simon Castro,COL,0.0
2015,morendi01,Diego Moreno,NYY,0.0
2015,moylape01,Peter Moylan,ATL,0.1
2015,ottavad01,Adam Ottavino,COL,0.8
2015,rodrist02,Paco Rodríguez,LAD,0.2
2015,waldejo01,Jordan Walden,STL,0.6
2015,lopezjo02,Jorge López,MIL,0.0
2015,montera01,Rafael Montero,NYM,-0.1
2015,cothaca01,Caleb Cotham,NYY,-0.1
2015,faulkan01,Andrew Faulkner,TEX,0.2
2015,coleaj01,A.J. Cole,WSN,-0.3
2015,ravinjo01,Josh Ravin,LAD,-0.2
2015,buchaja01,Jake Buchanan,HOU,0.2
2015,schugaj01,A.J. Schugel,ARI,-0.5
2015,valdejo03,José Váldez,DET,0.1
2015,almonmi01,Miguel Almonte,KCR,-0.1
2015,bailean01,Andrew Bailey,NYY,-0.2
2015,mazzoco01,Cory Mazzoni,SDP,-0.8
2015,stitema01,Matt Stites,ARI,-0.5
2015,wielajo01,Joe Wieland,LAD,-0.3
2015,cookry01,Ryan Cook,2TM,-1.1
2015,cookry01,Ryan Cook,OAK,-0.3
2015,cookry01,Ryan Cook,BOS,-0.8
2015,beeleda01,Dallas Beeler,CHC,-0.6
2015,hallco01,Cody Hall,SFG,-0.1
2015,armstsh01,Shawn Armstrong,CLE,0.2
2015,beachbr01,Brandon Beachy,LAD,-0.3
2015,belisro01,Ronald Belisario,TBR,-0.2
2015,carlybu01,Buddy Carlyle,NYM,-0.2
2015,felizmi01,Michael Feliz,HOU,-0.1
2015,lafrobo01,Bobby LaFromboise,PIT,0.3
2015,gurkaja01,Jason Gurka,COL,-0.2
2015,murraco02,Colton Murray,PHI,-0.1
2015,ramirjo02,José Ramírez,2TM,-0.6
2015,ramirjo02,José Ramírez,NYY,-0.2
2015,ramirjo02,José Ramírez,SEA,-0.4
2015,laffeaa01,Aaron Laffey,COL,0.1
2015,mejiaje01,Jenrry Mejía,NYM,0.5
2015,schlibr01,Brian Schlitter,CHC,-0.4
2015,wrighwe01,Wesley Wright,2TM,0.0
2015,wrighwe01,Wesley Wright,BAL,0.0
2015,wrighwe01,Wesley Wright,LAA,0.0
2015,guilmpr01,Preston Guilmet,2TM,-0.3
2015,guilmpr01,Preston Guilmet,TBR,0.0
2015,guilmpr01,Preston Guilmet,MIL,-0.2
2015,kintzbr01,Brandon Kintzler,MIL,-0.2
2015,lindgja01,Jacob Lindgren,NYY,0.0
2015,rucindr01,Drew Rucinski,LAA,-0.2
2015,tsaoch01,Chin-hui Tsao,LAD,-0.5
2015,zitoba01,Barry Zito,OAK,-0.4
2015,barriyh01,Yhonathan Barrios,MIL,0.3
2015,mcgousc01,Scott McGough,MIA,-0.2
2015,chenbr01,Bruce Chen,CLE,-0.4
2015,jackslu01,Luke Jackson,TEX,0.0
2015,alexasc02,Scott Alexander,KCR,0.0
2015,beckch02,Chris Beck,CHW,-0.1
2015,huffda01,David Huff,LAD,-0.2
2015,wootero01,Rob Wooten,MIL,-0.3
2015,dominjo01,José Domínguez,TBR,0.2
2015,goodyni01,Nick Goody,NYY,0.0
2015,lazora01,Raudel Lazo,MIA,0.1
2015,soriara01,Rafael Soriano,CHC,-0.2
2015,teafoev01,Everett Teaford,TBR,0.2
2015,chapmke02,Kevin Chapman,HOU,0.1
2015,drabeky01,Kyle Drabek,CHW,0.0
2015,johnsst02,Steve Johnson,BAL,-0.1
2015,blevije01,Jerry Blevins,NYM,0.4
2015,knudsgu01,Guido Knudson,DET,-0.3
2015,millsbr02,Brad Mills,OAK,0.0
2015,pazosja01,James Pazos,NYY,0.3
2015,peacobr01,Brad Peacock,HOU,0.0
2015,sadleca02,Casey Sadler,PIT,0.1
2015,thielca01,Caleb Thielbar,MIN,0.0
2015,edwarca01,Carl Edwards Jr.,CHC,0.0
2015,kohnmi01,Michael Kohn,ATL,0.2
2015,leeza01,Zach Lee,LAD,-0.3
2015,balfogr01,Grant Balfour,TBR,-0.1
2015,jacksja01,Jay Jackson,SDP,0.0
2015,johnsbr02,Brian Johnson,BOS,-0.1
2015,vealdo01,Donnie Veal,ATL,-0.4
2015,aumonph01,Phillippe Aumont,PHI,-0.3
2015,castran01,Ángel Castro,OAK,0.1
2015,guerrju02,Junior Guerra,CHW,-0.1
2015,ibarred01,Edgar Ibarra,LAA,0.1
2015,ogandne01,Nefi Ogando,PHI,-0.2
2015,reedch01,Chris Reed,MIA,0.0
2015,stammcr01,Craig Stammen,WSN,0.3
2015,alvarda01,Dario Álvarez,NYM,-0.4
2015,carpeda02,David Carpenter,ATL,-0.1
2015,gearrco01,Cory Gearrin,SFG,0.0
2015,jenkich01,Chad Jenkins,TOR,0.0
2015,depaujo02,José De Paula,NYY,0.1
2015,evelada01,Dana Eveland,ATL,0.0
2015,muratto01,Toru Murata,CLE,-0.2
2015,roachdo01,Donn Roach,CHC,-0.2
2015,sotogi01,Giovanni Soto,CLE,0.2
2015,surkaer01,Eric Surkamp,LAD,-0.2
2015,bochybr02,Brett Bochy,SFG,0.1
2015,colemlo01,Louis Coleman,KCR,0.1
2015,handdo01,Donovan Hand,CIN,0.3
2015,hynesco01,Colt Hynes,TOR,0.0
2015,mariomi01,Michael Mariot,KCR,0.0
2015,rearich01,Chris Rearick,SDP,-0.2
2015,westma03,Matt West,LAD,0.1
2015,alberan01,Andrew Albers,TOR,0.0
2015,belivje01,Jeff Beliveau,TBR,-0.2
2015,gonzama02,Marco Gonzales,STL,-0.2
2015,meyeral01,Alex Meyer,MIN,-0.2
2015,davieky01,Kyle Davies,NYY,0.1
2015,luetglu01,Lucas Luetge,SEA,0.1
2015,davisik02,Ike Davis,OAK,0.1
2015,francje02,Jeff Francoeur,PHI,0.0
2015,housead01,Adrian Houser,MIL,0.1
2015,rosalad01,Adam Rosales,TEX,-0.1
2015,rosinse01,Seth Rosin,PHI,-0.2
2015,rossda01,David Ross,CHC,0.1
2015,ryanbr01,Brendan Ryan,NYY,0.1
2015,sucreje01,Jesús Sucre,SEA,-0.1
2015,tracyma01,Matt Tracy,NYY,-0.1
2015,volstch01,Chris Volstad,PIT,0.1
2015,wilkad01,Adam Wilk,LAA,0.0
2015,delosab01,Abel De Los Santos,WSN,0.0
2015,fujikky01,Kyuji Fujikawa,TEX,-0.2
2015,guerrja01,Javy Guerra,CHW,0.1
2015,leech01,C.C. Lee,CLE,0.0
2015,winklda01,Dan Winkler,ATL,-0.1
2015,hatlema01,Marcus Hatley,STL,0.1
2015,jaimeju01,Juan Jaime,ATL,0.0
2015,smithch09,Chad Smith,OAK,-0.2
2015,cabrace01,César Cabral,BAL,0.0
2015,campole01,Leonel Campos,SDP,0.0
2015,cornejo01,John Cornely,ATL,-0.1
2015,deckeja01,Jaff Decker,PIT,0.0
2015,elmorja01,Jake Elmore,TBR,0.0
2015,frankni01,Nick Franklin,TBR,-0.1
2015,garcile02,Leury García,CHW,0.0
2015,gomesjo01,Jonny Gomes,ATL,-0.1
2015,larocad01,Adam LaRoche,CHW,0.0
2015,ramiral03,Alexei Ramírez,CHW,0.0
2015,robincl01,Clint Robinson,WSN,0.0
2015,robinsh01,Shane Robinson,MIN,0.0
2015,suzukic01,Ichiro Suzuki,MIA,0.0
2015,wilsojo03,Josh Wilson,DET,0.0
2015,jonesga02,Garrett Jones,NYY,0.0
2015,moorety01,Tyler Moore,WSN,0.0
2015,morriak01,Akeel Morris,NYM,-0.2
2015,raburry01,Ryan Raburn,CLE,-0.1
2015,amarial01,Alexi Amarista,SDP,0.0
2015,denorch01,Chris Denorfia,CHC,0.0
2015,murphda07,David Murphy,CLE,-0.2
2015,nathajo01,Joe Nathan,DET,0.0
2015,reyesjo03,Jo-Jo Reyes,LAA,0.0
2015,greenni02,Nick Greenwood,STL,0.0
2016,priceda01,David Price,BOS,2.9
2016,scherma01,Max Scherzer,WSN,6.3
2016,verlaju01,Justin Verlander,DET,7.4
2016,bumgama01,Madison Bumgarner,SFG,4.8
2016,salech01,Chris Sale,CHW,5.0
2016,porceri01,Rick Porcello,BOS,4.7
2016,cuetojo01,Johnny Cueto,SFG,5.4
2016,klubeco01,Corey Kluber,CLE,5.6
2016,roarkta01,Tanner Roark,WSN,5.5
2016,quintjo01,Jose Quintana,CHW,5.3
2016,stromma01,Marcus Stroman,TOR,1.4
2016,samarje01,Jeff Samardzija,SFG,2.6
2016,lestejo01,Jon Lester,CHC,5.6
2016,archech01,Chris Archer,TBR,2.0
2016,hamelco01,Cole Hamels,TEX,5.2
2016,tanakma01,Masahiro Tanaka,NYY,5.2
2016,iwakuhi01,Hisashi Iwakuma,SEA,2.4
2016,perezma02,Martín Pérez,TEX,2.0
2016,wainwad01,Adam Wainwright,STL,1.3
2016,moorema02,Matt Moore,2TM,2.1
2016,moorema02,Matt Moore,TBR,1.3
2016,moorema02,Matt Moore,SFG,0.7
2016,nolasri01,Ricky Nolasco,2TM,1.9
2016,nolasri01,Ricky Nolasco,MIN,0.5
2016,nolasri01,Ricky Nolasco,LAA,1.4
2016,arrieja01,Jake Arrieta,CHC,3.7
2016,eickhje01,Jerad Eickhoff,PHI,3.5
2016,kenneia01,Ian Kennedy,KCR,4.3
2016,martica04,Carlos Martínez,STL,5.7
2016,happja01,J.A. Happ,TOR,4.5
2016,sanchaa01,Aaron Sanchez,TOR,5.1
2016,colonba01,Bartolo Colon,NYM,3.0
2016,straida01,Dan Straily,CIN,4.2
2016,bauertr01,Trevor Bauer,CLE,2.1
2016,hendrky01,Kyle Hendricks,CHC,5.3
2016,volqued01,Edinson Vólquez,KCR,-0.6
2016,hellije01,Jeremy Hellickson,PHI,2.9
2016,lackejo01,John Lackey,CHC,2.8
2016,teherju01,Julio Teheran,ATL,4.7
2016,odorija01,Jake Odorizzi,TBR,3.2
2016,bettich01,Chad Bettis,COL,1.7
2016,graveke01,Kendall Graveman,OAK,3.5
2016,ventuyo01,Yordano Ventura,KCR,2.0
2016,mchugco01,Collin McHugh,HOU,0.9
2016,syndeno01,Noah Syndergaard,NYM,5.0
2016,fernajo02,José Fernández,MIA,4.4
2016,santihe01,Héctor Santiago,2TM,1.1
2016,santihe01,Héctor Santiago,LAA,0.9
2016,santihe01,Héctor Santiago,MIN,0.3
2016,shielja02,James Shields,2TM,-1.2
2016,shielja02,James Shields,SDP,0.7
2016,shielja02,James Shields,CHW,-1.9
2016,santaer01,Ervin Santana,MIN,4.0
2016,fistedo01,Doug Fister,HOU,-0.2
2016,duffyda01,Danny Duffy,KCR,4.0
2016,gausmke01,Kevin Gausman,BAL,3.9
2016,sabatc.01,CC Sabathia,NYY,3.1
2016,nelsoji02,Jimmy Nelson,MIL,0.2
2016,weaveje02,Jered Weaver,LAA,-0.7
2016,gonzagi01,Gio González,WSN,0.8
2016,koehlto01,Tom Koehler,MIA,0.7
2016,leakemi01,Mike Leake,STL,0.7
2016,estrama01,Marco Estrada,TOR,3.6
2016,maedake01,Kenta Maeda,LAD,2.8
2016,pinedmi01,Michael Pineda,NYY,1.1
2016,smylydr01,Drew Smyly,TBR,0.1
2016,rayro02,Robbie Ray,ARI,1.0
2016,tomlijo01,Josh Tomlin,CLE,1.0
2016,finnebr01,Brandon Finnegan,CIN,2.1
2016,tillmch01,Chris Tillman,BAL,3.6
2016,garcija02,Jaime García,STL,0.9
2016,pomerdr01,Drew Pomeranz,2TM,3.8
2016,pomerdr01,Drew Pomeranz,SDP,3.3
2016,pomerdr01,Drew Pomeranz,BOS,0.5
2016,dicker.01,R.A. Dickey,TOR,0.4
2016,fiersmi01,Mike Fiers,HOU,0.1
2016,grayjo02,Jon Gray,COL,2.0
2016,keuchda01,Dallas Keuchel,HOU,0.3
2016,hammeja01,Jason Hammel,CHC,1.3
2016,mileywa01,Wade Miley,2TM,0.0
2016,mileywa01,Wade Miley,SEA,0.4
2016,mileywa01,Wade Miley,BAL,-0.4
2016,rodonca01,Carlos Rodón,CHW,1.7
2016,davieza02,Zach Davies,MIL,2.1
2016,liriafr01,Francisco Liriano,2TM,0.3
2016,liriafr01,Francisco Liriano,PIT,-0.5
2016,liriafr01,Francisco Liriano,TOR,0.7
2016,novaiv01,Iván Nova,2TM,1.9
2016,novaiv01,Iván Nova,NYY,0.6
2016,novaiv01,Iván Nova,PIT,1.2
2016,shoemma01,Matt Shoemaker,LAA,2.1
2016,fulmemi01,Michael Fulmer,DET,5.4
2016,greinza01,Zack Greinke,ARI,2.5
2016,chatwty01,Tyler Chatwood,COL,3.4
2016,wislema01,Matt Wisler,ATL,0.5
2016,wrighst01,Steven Wright,BOS,1.9
2016,corbipa01,Patrick Corbin,ARI,-0.7
2016,hernafe02,Félix Hernández,SEA,1.3
2016,sanchan01,Aníbal Sánchez,DET,-0.9
2016,anderch01,Chase Anderson,MIL,0.9
2016,kershcl01,Clayton Kershaw,LAD,5.8
2016,degroja01,Jacob deGrom,NYM,3.4
2016,strasst01,Stephen Strasburg,WSN,3.4
2016,gibsoky01,Kyle Gibson,MIN,0.9
2016,perdolu02,Luis Perdomo,SDP,-1.2
2016,carraca01,Carlos Carrasco,CLE,2.9
2016,manaese01,Sean Manaea,OAK,3.0
2016,chacijh01,Jhoulys Chacín,2TM,0.3
2016,chacijh01,Jhoulys Chacín,ATL,0.0
2016,chacijh01,Jhoulys Chacín,LAA,0.3
2016,jimenub01,Ubaldo Jiménez,BAL,-0.4
2016,bradlar01,Archie Bradley,ARI,1.3
2016,buchhcl01,Clay Buchholz,BOS,0.1
2016,wachami01,Michael Wacha,STL,-0.2
2016,salazda01,Danny Salazar,CLE,2.4
2016,kazmisc01,Scott Kazmir,LAD,0.5
2016,gonzami03,Miguel González,CHW,2.2
2016,walketa01,Taijuan Walker,SEA,0.3
2016,rosajo01,Jorge De La Rosa,COL,-0.1
2016,conlead01,Adam Conley,MIA,1.8
2016,duffety01,Tyler Duffey,MIN,-1.3
2016,matzst01,Steven Matz,NYM,2.5
2016,cashnan01,Andrew Cashner,2TM,-0.7
2016,cashnan01,Andrew Cashner,SDP,-0.2
2016,cashnan01,Andrew Cashner,MIA,-0.5
2016,velasvi01,Vince Velasquez,PHI,1.7
2016,friedch01,Christian Friedrich,SDP,0.3
2016,andrima01,Matt Andriese,TBR,1.1
2016,peralwi01,Wily Peralta,MIL,0.4
2016,lockeje01,Jeff Locke,PIT,-0.3
2016,geedi01,Dillon Gee,KCR,0.5
2016,eovalna01,Nathan Eovaldi,NYY,1.3
2016,chenwe02,Wei-Yin Chen,MIA,0.0
2016,desclan01,Anthony DeSclafani,CIN,2.8
2016,foltymi01,Mike Foltynewicz,ATL,1.5
2016,guerrju02,Junior Guerra,MIL,3.7
2016,paxtoja01,James Paxton,SEA,1.0
2016,niesejo01,Jon Niese,2TM,0.1
2016,niesejo01,Jon Niese,PIT,0.7
2016,niesejo01,Jon Niese,NYM,-0.6
2016,griffaj01,A.J. Griffin,TEX,1.0
2016,pelfrmi01,Mike Pelfrey,DET,0.1
2016,peavyja01,Jake Peavy,SFG,-1.1
2016,gallayo01,Yovani Gallardo,BAL,-0.1
2016,nicasju01,Juan Nicasio,PIT,0.4
2016,grayso01,Sonny Gray,OAK,-0.3
2016,lewisco01,Colby Lewis,TEX,2.4
2016,colege01,Gerrit Cole,PIT,1.5
2016,anderty01,Tyler Anderson,COL,3.2
2016,morgaad01,Adam Morgan,PHI,-1.0
2016,norribu01,Bud Norris,2TM,-0.1
2016,norribu01,Bud Norris,ATL,0.7
2016,norribu01,Bud Norris,LAD,-0.8
2016,nolaaa01,Aaron Nola,PHI,0.0
2016,hillri01,Rich Hill,2TM,4.3
2016,hillri01,Rich Hill,OAK,2.9
2016,hillri01,Rich Hill,LAD,1.4
2016,bundydy01,Dylan Bundy,BAL,1.6
2016,devench02,Chris Devenski,HOU,2.8
2016,hollade01,Derek Holland,TEX,0.8
2016,rodried05,Eduardo Rodríguez,BOS,0.4
2016,zimmejo02,Jordan Zimmermann,DET,0.5
2016,rossjo01,Joe Ross,WSN,2.0
2016,taillja01,Jameson Taillon,PIT,2.4
2016,reaco01,Colin Rea,2TM,-0.2
2016,reaco01,Colin Rea,SDP,-0.5
2016,reaco01,Colin Rea,MIA,0.2
2016,garzama01,Matt Garza,MIL,-0.4
2016,millesh01,Shelby Miller,ARI,-0.4
2016,darviyu01,Yu Darvish,TEX,2.5
2016,stripro01,Ross Stripling,LAD,0.9
2016,montgmi01,Mike Montgomery,2TM,2.1
2016,montgmi01,Mike Montgomery,SEA,1.6
2016,montgmi01,Mike Montgomery,CHC,0.5
2016,boydma01,Matthew Boyd,DET,1.3
2016,karnsna01,Nate Karns,SEA,0.1
2016,wilsoty01,Tyler Wilson,BAL,0.3
2016,harvema01,Matt Harvey,NYM,-0.1
2016,verrelo01,Logan Verrett,NYM,-0.3
2016,ramirer02,Erasmo Ramírez,TBR,0.9
2016,cainma01,Matt Cain,SFG,-0.8
2016,handbr01,Brad Hand,SDP,1.7
2016,snellbl01,Blake Snell,TBR,0.8
2016,youngch03,Chris Young,KCR,-0.9
2016,phelpda01,David Phelps,MIA,2.8
2016,worleva01,Vance Worley,BAL,1.4
2016,rusinch01,Chris Rusin,COL,1.9
2016,suareal01,Albert Suárez,SFG,0.5
2016,jacksed01,Edwin Jackson,2TM,-0.6
2016,jacksed01,Edwin Jackson,MIA,-0.2
2016,jacksed01,Edwin Jackson,SDP,-0.5
2016,urenajo01,José Ureña,MIA,-1.3
2016,torreca01,Carlos Torres,MIL,2.2
2016,vogelry01,Ryan Vogelsong,PIT,-0.1
2016,mcculla02,Lance McCullers Jr.,HOU,1.5
2016,nerishe01,Hector Neris,PHI,2.1
2016,blantjo01,Joe Blanton,LAD,1.9
2016,ohse01,Seunghwan Oh,STL,2.9
2016,nicolju01,Justin Nicolino,MIA,-0.1
2016,brachbr01,Brad Brach,BAL,2.4
2016,ramirjc01,JC Ramírez,2TM,0.1
2016,ramirjc01,JC Ramírez,CIN,-0.6
2016,ramirjc01,JC Ramírez,LAA,0.7
2016,iglesra01,Raisel Iglesias,CIN,2.7
2016,familje01,Jeurys Familia,NYM,1.8
2016,reedad01,Addison Reed,NYM,2.7
2016,robleha01,Hansel Robles,NYM,0.8
2016,uriasju01,Julio Urías,LAD,1.1
2016,feldmsc01,Scott Feldman,2TM,-0.2
2016,feldmsc01,Scott Feldman,HOU,0.4
2016,feldmsc01,Scott Feldman,TOR,-0.6
2016,riverfe01,Felipe Vázquez,2TM,0.2
2016,riverfe01,Felipe Vázquez,WSN,0.0
2016,riverfe01,Felipe Vázquez,PIT,0.2
2016,woodbl01,Blake Wood,CIN,0.5
2016,pressry01,Ryan Pressly,MIN,1.2
2016,delgara01,Randall Delgado,ARI,0.7
2016,givenmy01,Mychal Givens,BAL,1.5
2016,godleza01,Zack Godley,ARI,-0.4
2016,wrighmi01,Mike Wright Jr.,BAL,-0.5
2016,dullry01,Ryan Dull,OAK,2.3
2016,millean01,Andrew Miller,2TM,3.7
2016,millean01,Andrew Miller,NYY,2.3
2016,millean01,Andrew Miller,CLE,1.4
2016,baezpe01,Pedro Báez,LAD,1.2
2016,osunaro01,Roberto Osuna,TOR,2.1
2016,villaca01,Carlos Villanueva,SDP,-1.1
2016,salasfe01,Fernando Salas,2TM,0.5
2016,salasfe01,Fernando Salas,LAA,-0.1
2016,salasfe01,Fernando Salas,NYM,0.5
2016,betande01,Dellin Betances,NYY,1.1
2016,wilsoal01,Alex Wilson,DET,2.0
2016,barraky01,Kyle Barraclough,MIA,1.5
2016,hernada01,David Hernández,PHI,0.9
2016,herreke01,Kelvin Herrera,KCR,2.0
2016,mengdda01,Daniel Mengden,OAK,-0.7
2016,tonkimi01,Michael Tonkin,MIN,-0.3
2016,clemepa02,Paul Clemens,2TM,0.2
2016,clemepa02,Paul Clemens,MIA,-0.1
2016,clemepa02,Paul Clemens,SDP,0.3
2016,melanma01,Mark Melancon,2TM,2.8
2016,melanma01,Mark Melancon,PIT,1.6
2016,melanma01,Mark Melancon,WSN,1.2
2016,severlu01,Luis Severino,NYY,-0.4
2016,jonesna01,Nate Jones,CHW,2.3
2016,kuhlch01,Chad Kuhl,PIT,0.9
2016,oteroda01,Dan Otero,CLE,2.5
2016,cessalu01,Luis Cessa,NYY,0.6
2016,dysonsa01,Sam Dyson,TEX,2.9
2016,oberhbr01,Brett Oberholtzer,2TM,-0.5
2016,oberhbr01,Brett Oberholtzer,PHI,0.1
2016,oberhbr01,Brett Oberholtzer,LAA,-0.6
2016,blairaa01,Aaron Blair,ATL,-1.7
2016,lambjo02,John Lamb,CIN,-0.8
2016,nealza01,Zach Neal,OAK,0.9
2016,shiplbr01,Braden Shipley,ARI,0.3
2016,latosma01,Mat Latos,2TM,0.2
2016,latosma01,Mat Latos,CHW,0.3
2016,latosma01,Mat Latos,WSN,-0.2
2016,adlemti01,Tim Adleman,CIN,1.2
2016,maurebr01,Brandon Maurer,SDP,-0.2
2016,milonto01,Tommy Milone,MIN,-0.6
2016,norrida01,Daniel Norris,DET,1.7
2016,gomezje01,Jeanmar Gómez,PHI,-0.2
2016,janseke01,Kenley Jansen,LAD,2.8
2016,tropeni01,Nick Tropeano,LAA,1.2
2016,allenco01,Cody Allen,CLE,1.8
2016,zieglbr01,Brad Ziegler,2TM,2.2
2016,zieglbr01,Brad Ziegler,ARI,1.3
2016,zieglbr01,Brad Ziegler,BOS,0.9
2016,biagijo01,Joe Biagini,TOR,0.9
2016,bowmama01,Matt Bowman,STL,0.6
2016,watsoto01,Tony Watson,PIT,1.3
2016,richacl01,Clayton Richard,2TM,0.4
2016,richacl01,Clayton Richard,CHC,-0.6
2016,richacl01,Clayton Richard,SDP,1.0
2016,bastaan01,Antonio Bastardo,2TM,-0.1
2016,bastaan01,Antonio Bastardo,NYM,-0.1
2016,bastaan01,Antonio Bastardo,PIT,-0.1
2016,deanpa02,Pat Dean,MIN,-0.3
2016,brittza01,Zack Britton,BAL,4.1
2016,mcgowdu01,Dustin McGowan,MIA,0.8
2016,thornty01,Tyler Thornburg,MIL,2.5
2016,treinbl01,Blake Treinen,WSN,2.0
2016,chaveje01,Jesse Chavez,2TM,-0.2
2016,chaveje01,Jesse Chavez,TOR,-0.1
2016,chaveje01,Jesse Chavez,LAD,-0.1
2016,barnema01,Matt Barnes,BOS,0.3
2016,shawbr01,Bryan Shaw,CLE,1.2
2016,soriajo01,Joakim Soria,KCR,0.5
2016,boyerbl01,Blaine Boyer,MIL,0.5
2016,axforjo01,John Axford,OAK,0.9
2016,cahiltr01,Trevor Cahill,CHC,1.0
2016,gileske01,Ken Giles,HOU,-0.3
2016,ohlenro01,Ross Ohlendorf,CIN,0.2
2016,rodnefe01,Fernando Rodney,2TM,1.0
2016,rodnefe01,Fernando Rodney,SDP,1.7
2016,rodnefe01,Fernando Rodney,MIA,-0.8
2016,warread01,Adam Warren,2TM,-0.4
2016,warread01,Adam Warren,CHC,-0.9
2016,warread01,Adam Warren,NYY,0.4
2016,felizmi01,Michael Feliz,HOU,-0.1
2016,hendrli01,Liam Hendriks,OAK,0.7
2016,johnsji04,Jim Johnson,ATL,1.5
2016,madsory01,Ryan Madson,OAK,1.3
2016,butleed01,Eddie Butler,COL,-1.4
2016,cishest01,Steve Cishek,SEA,1.6
2016,harriwi10,Will Harris,HOU,1.6
2016,lugose01,Seth Lugo,NYM,1.7
2016,ramosaj01,AJ Ramos,MIA,1.3
2016,eflinza01,Zach Eflin,PHI,-0.2
2016,buchtry01,Ryan Buchter,SDP,1.4
2016,cingrto01,Tony Cingrani,CIN,0.6
2016,clippty01,Tyler Clippard,2TM,1.1
2016,clippty01,Tyler Clippard,ARI,0.5
2016,clippty01,Tyler Clippard,NYY,0.6
2016,delacjo01,Joel De La Cruz,ATL,-0.4
2016,roberda08,David Robertson,CHW,1.2
2016,marinjh01,Jhan Mariñez,2TM,0.8
2016,marinjh01,Jhan Mariñez,TBR,0.1
2016,marinjh01,Jhan Mariñez,MIL,0.7
2016,musgrjo01,Joe Musgrove,HOU,0.5
2016,petityu01,Yusmeiro Petit,WSN,0.2
2016,leblawa01,Wade LeBlanc,2TM,0.5
2016,leblawa01,Wade LeBlanc,SEA,0.2
2016,leblawa01,Wade LeBlanc,PIT,0.3
2016,bushma01,Matt Bush,TEX,2.1
2016,siegrke01,Kevin Siegrist,STL,1.8
2016,rogerta01,Taylor Rogers,MIN,0.7
2016,strichu01,Hunter Strickland,SFG,1.1
2016,woodtr01,Travis Wood,CHC,0.6
2016,dukeza01,Zach Duke,2TM,2.1
2016,dukeza01,Zach Duke,CHW,1.2
2016,dukeza01,Zach Duke,STL,0.9
2016,anderco01,Cody Anderson,CLE,-0.8
2016,broxtjo01,Jonathan Broxton,STL,0.1
2016,jennida01,Dan Jennings,CHW,1.6
2016,caminar01,Arquimedes Caminero,2TM,0.2
2016,caminar01,Arquimedes Caminero,PIT,0.6
2016,caminar01,Arquimedes Caminero,SEA,-0.4
2016,barneto01,Tony Barnette,TEX,2.2
2016,greensh02,Shane Greene,DET,-0.4
2016,hudsoda01,Daniel Hudson,ARI,-0.5
2016,vinceni01,Nick Vincent,SEA,0.6
2016,woodal02,Alex Wood,LAD,0.4
2016,quackke01,Kevin Quackenbush,SDP,0.5
2016,smithjo07,Josh A. Smith,CIN,0.3
2016,barreja01,Jake Barrett,ARI,1.2
2016,hugheja02,Jared Hughes,PIT,0.9
2016,hugheph01,Phil Hughes,MIN,-0.1
2016,grillja01,Jason Grilli,2TM,0.4
2016,grillja01,Jason Grilli,ATL,-0.2
2016,grillja01,Jason Grilli,TOR,0.6
2016,lylesjo01,Jordan Lyles,COL,-0.9
2016,nunovi01,Vidal Nuño III,SEA,0.9
2016,simonal01,Alfredo Simón,CIN,-2.2
2016,wilsoju10,Justin Wilson,DET,0.6
2016,berrijo01,José Berríos,MIN,-1.6
2016,rodrifr03,Francisco Rodríguez,DET,1.3
2016,garcija01,Santiago Casilla,SFG,0.7
2016,kellesh01,Shawn Kelley,WSN,1.5
2016,miranar01,Aríel Miranda,2TM,0.7
2016,miranar01,Aríel Miranda,BAL,-0.1
2016,miranar01,Aríel Miranda,SEA,0.8
2016,jeffrje01,Jeremy Jeffress,2TM,1.7
2016,jeffrje01,Jeremy Jeffress,MIL,1.3
2016,jeffrje01,Jeremy Jeffress,TEX,0.4
2016,chapmar01,Aroldis Chapman,2TM,2.6
2016,chapmar01,Aroldis Chapman,NYY,1.4
2016,chapmar01,Aroldis Chapman,CHC,1.2
2016,gregelu01,Luke Gregerson,HOU,0.5
2016,alvarjo02,José Álvarez,LAA,0.0
2016,cosarja01,Jarred Cosart,2TM,-0.9
2016,cosarja01,Jarred Cosart,MIA,-0.3
2016,cosarja01,Jarred Cosart,SDP,-0.5
2016,colomal01,Alex Colomé,TBR,2.3
2016,triggan01,Andrew Triggs,OAK,0.5
2016,morinmi01,Mike Morin,LAA,-0.4
2016,ryanky01,Kyle Ryan,DET,1.1
2016,flynnbr01,Brian Flynn,KCR,1.2
2016,rossro01,Robbie Ross,BOS,0.8
2016,estevca01,Carlos Estévez,COL,0.2
2016,lawde01,Derek Law,SFG,1.4
2016,kintzbr01,Brandon Kintzler,MIN,1.1
2016,felizne01,Neftalí Feliz,PIT,1.0
2016,perezwi01,Williams Pérez,ATL,-0.5
2016,thompja03,Jake Thompson,PHI,-0.1
2016,guerrde01,Deolis Guerra,LAA,0.4
2016,kontoge01,George Kontos,SFG,0.8
2016,wangch01,Chien-Ming Wang,KCR,0.3
2016,clevimi01,Mike Clevinger,CLE,0.1
2016,diekmja01,Jake Diekman,TEX,1.1
2016,kimbrcr01,Craig Kimbrel,BOS,0.8
2016,grimmju01,Justin Grimm,CHC,0.2
2016,mcallza01,Zach McAllister,CLE,0.9
2016,jenkity01,Tyrell Jenkins,ATL,-0.4
2016,schugaj01,A.J. Schugel,PIT,0.7
2016,smithjo05,Joe Smith,2TM,0.6
2016,smithjo05,Joe Smith,LAA,0.3
2016,smithjo05,Joe Smith,CHC,0.3
2016,claudal01,Álex Claudio,TEX,1.2
2016,diazed04,Edwin Díaz,SEA,1.4
2016,wittgni01,Nick Wittgren,MIA,0.9
2016,storedr01,Drew Storen,2TM,-0.3
2016,storedr01,Drew Storen,TOR,-0.5
2016,storedr01,Drew Storen,SEA,0.3
2016,alberma01,Matt Albers,CHW,-2.0
2016,hembrhe01,Heath Hembree,BOS,0.4
2016,krolia01,Ian Krol,ATL,1.0
2016,rondohe01,Héctor Rondón,CHC,0.4
2016,delarru01,Rubby De La Rosa,ARI,0.9
2016,howeljp01,J.P. Howell,LAD,0.3
2016,gantjo01,John Gant,ATL,-0.2
2016,lorenmi01,Michael Lorenzen,CIN,1.3
2016,skaggty01,Tyler Skaggs,LAA,0.7
2016,tazawju01,Junichi Tazawa,BOS,0.3
2016,jepseke01,Kevin Jepsen,2TM,-0.9
2016,jepseke01,Kevin Jepsen,MIN,-0.6
2016,jepseke01,Kevin Jepsen,TBR,-0.3
2016,lowema01,Mark Lowe,DET,-1.0
2016,detwiro01,Ross Detwiler,2TM,-0.2
2016,detwiro01,Ross Detwiler,CLE,0.0
2016,detwiro01,Ross Detwiler,OAK,-0.2
2016,gearrco01,Cory Gearrin,SFG,-0.1
2016,colemlo01,Louis Coleman,LAD,-0.4
2016,lyonsty01,Tyler Lyons,STL,0.8
2016,benoijo01,Joaquin Benoit,2TM,1.1
2016,benoijo01,Joaquin Benoit,SEA,-0.4
2016,benoijo01,Joaquin Benoit,TOR,1.4
2016,couloda01,Danny Coulombe,OAK,0.4
2016,ramosce01,César Ramos,TEX,-0.4
2016,reedco01,Cody Reed,CIN,-1.5
2016,rzepcma01,Marc Rzepczynski,2TM,1.2
2016,rzepcma01,Marc Rzepczynski,OAK,0.8
2016,rzepcma01,Marc Rzepczynski,WSN,0.4
2016,stroppe01,Pedro Strop,CHC,0.8
2016,neshepa01,Pat Neshek,HOU,0.6
2016,ueharko01,Koji Uehara,BOS,0.7
2016,harrelu01,Lucas Harrell,2TM,0.6
2016,harrelu01,Lucas Harrell,ATL,0.6
2016,harrelu01,Lucas Harrell,TEX,0.0
2016,abadfe01,Fernando Abad,2TM,0.8
2016,abadfe01,Fernando Abad,MIN,1.1
2016,abadfe01,Fernando Abad,BOS,-0.3
2016,hahnje01,Jesse Hahn,OAK,-0.2
2016,loganbo02,Boone Logan,COL,0.6
2016,wilheto01,Tom Wilhelmsen,2TM,-0.9
2016,wilheto01,Tom Wilhelmsen,TEX,-1.2
2016,wilheto01,Tom Wilhelmsen,SEA,0.3
2016,belisma01,Matt Belisle,WSN,1.2
2016,reyesal02,Alex Reyes,STL,2.3
2016,greench03,Chad Green,NYY,0.2
2016,mcgeeja01,Jake McGee,COL,0.3
2016,romeren01,Enny Romero,TBR,-0.5
2016,gsellro01,Robert Gsellman,NYM,1.4
2016,moylape01,Peter Moylan,KCR,0.6
2016,layneto01,Tommy Layne,2TM,0.8
2016,layneto01,Tommy Layne,BOS,0.4
2016,layneto01,Tommy Layne,NYY,0.4
2016,lopezre01,Reynaldo López,WSN,-0.2
2016,sippto01,Tony Sipp,HOU,-0.4
2016,bailean01,Andrew Bailey,2TM,-0.2
2016,bailean01,Andrew Bailey,PHI,-0.5
2016,bailean01,Andrew Bailey,LAA,0.3
2016,daviswa01,Wade Davis,KCR,1.8
2016,manshje01,Jeff Manship,CLE,0.4
2016,cervehu01,Hunter Cervenka,2TM,0.6
2016,cervehu01,Hunter Cervenka,ATL,0.6
2016,cervehu01,Hunter Cervenka,MIA,0.0
2016,diazju03,Jumbo Díaz,CIN,0.4
2016,liberad01,Adam Liberatore,LAD,0.6
2016,maytr01,Trevor May,MIN,-0.1
2016,milleju02,Justin Miller,COL,0.0
2016,dunnmi01,Mike Dunn,MIA,0.6
2016,blevije01,Jerry Blevins,NYM,1.0
2016,blazemi01,Michael Blazek,MIL,-1.0
2016,burgoen02,Enrique Burgos,ARI,-0.3
2016,cedenxa01,Xavier Cedeño,TBR,0.6
2016,yateski01,Kirby Yates,NYY,-0.1
2016,collmjo01,Josh Collmenter,2TM,0.8
2016,collmjo01,Josh Collmenter,ARI,0.2
2016,collmjo01,Josh Collmenter,ATL,0.6
2016,solissa01,Sammy Solís,WSN,1.1
2016,germego01,González Germen,COL,0.0
2016,hatchch02,Chris Hatcher,LAD,-0.6
2016,rodrife02,Fernando Rodriguez Jr.,OAK,0.4
2016,bedroca01,Cam Bedrosian,LAA,1.4
2016,rosentr01,Trevor Rosenthal,STL,0.0
2016,smithwi04,Will Smith,2TM,0.2
2016,smithwi04,Will Smith,MIL,-0.2
2016,smithwi04,Will Smith,SFG,0.4
2016,kellyjo05,Joe Kelly,BOS,-0.1
2016,mccarbr01,Brandon McCarthy,LAD,0.0
2016,perezol01,Óliver Pérez,WSN,0.1
2016,ramosed02,Edubray Ramos,PHI,0.4
2016,wrighda04,Daniel Wright,2TM,-0.8
2016,wrighda04,Daniel Wright,CIN,-0.7
2016,wrighda04,Daniel Wright,LAA,-0.1
2016,gartory01,Ryan Garton,TBR,0.1
2016,sampske01,Keyvius Sampson,CIN,-0.1
2016,fienca01,Casey Fien,2TM,-0.4
2016,fienca01,Casey Fien,MIN,-0.4
2016,fienca01,Casey Fien,LAD,0.1
2016,doolise01,Sean Doolittle,OAK,0.9
2016,martini01,Nick Martinez,TEX,0.1
2016,surkaer01,Eric Surkamp,OAK,-0.6
2016,vizcaar01,Arodys Vizcaíno,ATL,-0.6
2016,cabrema01,Mauricio Cabrera,ATL,0.8
2016,coleaj01,A.J. Cole,WSN,-0.1
2016,linceti01,Tim Lincecum,LAA,-1.6
2016,achteaj01,A.J. Achter,LAA,0.5
2016,withrch01,Chris Withrow,ATL,0.5
2016,hochelu01,Luke Hochevar,KCR,0.4
2016,stephro01,Robert Stephenson,CIN,-0.3
2016,cecilbr01,Brett Cecil,TOR,0.3
2016,osichjo01,Josh Osich,SFG,-0.2
2016,rondobr01,Bruce Rondón,DET,1.1
2016,tollesh01,Shawn Tolleson,TEX,-1.3
2016,weavelu01,Luke Weaver,STL,-0.6
2016,weberry01,Ryan Weber,ATL,-0.1
2016,boshebu01,Buddy Boshers,MIN,0.1
2016,edwarca01,Carl Edwards Jr.,CHC,0.3
2016,dominjo01,José Domínguez,SDP,-0.5
2016,goedder01,Erik Goeddel,NYM,-0.1
2016,farquda01,Danny Farquhar,TBR,0.5
2016,gonzase01,Severino González,PHI,-0.2
2016,hendeji01,Jim Henderson,NYM,0.1
2016,papeljo01,Jonathan Papelbon,WSN,0.0
2016,fieldjo03,Josh Fields,2TM,-0.2
2016,fieldjo03,Josh Fields,HOU,-0.4
2016,fieldjo03,Josh Fields,LAD,0.2
2016,richaga01,Garrett Richards,LAA,0.4
2016,scahiro01,Rob Scahill,2TM,0.5
2016,scahiro01,Rob Scahill,PIT,0.1
2016,scahiro01,Rob Scahill,MIL,0.5
2016,kelake01,Keone Kela,TEX,-0.4
2016,vargace01,César Vargas,SDP,0.1
2016,hunteto02,Tommy Hunter,2TM,0.5
2016,hunteto02,Tommy Hunter,CLE,0.2
2016,hunteto02,Tommy Hunter,BAL,0.4
2016,braulst01,Steven Brault,PIT,-0.5
2016,ellinbr02,Brian Ellington,MIA,0.6
2016,shrevch01,Chasen Shreve,NYY,0.0
2016,knebeco01,Corey Knebel,MIL,-0.2
2016,quallch01,Chad Qualls,COL,-0.1
2016,ramirjo02,José Ramírez,ATL,0.1
2016,ogandal01,Alexi Ogando,ATL,0.0
2016,manesse01,Seth Maness,STL,0.3
2016,murraco02,Colton Murray,PHI,-0.4
2016,peacobr01,Brad Peacock,HOU,0.2
2016,hoffmje02,Jeff Hoffman,COL,-0.7
2016,ranauan01,Anthony Ranaudo,2TM,-1.1
2016,ranauan01,Anthony Ranaudo,TEX,-0.5
2016,ranauan01,Anthony Ranaudo,CHW,-0.7
2016,johnser04,Erik Johnson,2TM,-0.8
2016,johnser04,Erik Johnson,CHW,-0.2
2016,johnser04,Erik Johnson,SDP,-0.6
2016,floydga01,Gavin Floyd,TOR,0.2
2016,odayda01,Darren O'Day,BAL,0.5
2016,swarzan01,Anthony Swarzak,NYY,-0.1
2016,romose01,Sergio Romo,SFG,0.7
2016,despaod01,Odrisamer Despaigne,2TM,-0.3
2016,despaod01,Odrisamer Despaigne,BAL,-0.2
2016,despaod01,Odrisamer Despaigne,MIA,-0.1
2016,ynoami01,Michael Ynoa,CHW,0.4
2016,roech01,Chaz Roe,2TM,0.4
2016,roech01,Chaz Roe,BAL,0.1
2016,roech01,Chaz Roe,ATL,0.3
2016,cottojh01,Jharel Cotton,OAK,1.0
2016,farmebu01,Buck Farmer,DET,0.2
2016,goodyni01,Nick Goody,NYY,0.2
2016,oflaher01,Eric O'Flaherty,ATL,-0.9
2016,cravyty01,Tyler Cravy,MIL,0.7
2016,bassich01,Chris Bassitt,OAK,-0.2
2016,stewabr01,Brock Stewart,LAD,-0.1
2016,asheral01,Alec Asher,PHI,0.6
2016,bolsimi01,Mike Bolsinger,LAD,-0.5
2016,araujel01,Elvis Araújo,PHI,-0.7
2016,kahnlto01,Tommy Kahnle,CHW,0.7
2016,putnaza01,Zach Putnam,CHW,0.7
2016,peraljo01,Joel Peralta,2TM,-0.6
2016,peraljo01,Joel Peralta,SEA,-0.2
2016,peraljo01,Joel Peralta,CHC,-0.4
2016,leonedo01,Dominic Leone,ARI,-0.3
2016,ottavad01,Adam Ottavino,COL,1.0
2016,barneja01,Jacob Barnes,MIL,0.5
2016,geltzst01,Steve Geltz,TBR,-0.2
2016,jungmta01,Taylor Jungmann,MIL,-0.7
2016,lopezja02,Javier López,SFG,0.2
2016,alvarda01,Dario Álvarez,2TM,0.2
2016,alvarda01,Dario Álvarez,ATL,0.4
2016,alvarda01,Dario Álvarez,TEX,-0.2
2016,daytogr01,Grant Dayton,LAD,0.7
2016,obergsc01,Scott Oberg,COL,0.0
2016,hardybl01,Blaine Hardy,DET,0.4
2016,martico01,Cody Martin,SEA,0.3
2016,beckch02,Chris Beck,CHW,-0.4
2016,meyeral01,Alex Meyer,2TM,-0.1
2016,meyeral01,Alex Meyer,MIN,-0.2
2016,meyeral01,Alex Meyer,LAA,0.1
2016,lobstky01,Kyle Lobstein,PIT,0.4
2016,mitchbr01,Bryan Mitchell,NYY,0.4
2016,orourry01,Ryan O'Rourke,MIN,0.2
2016,bergmch01,Christian Bergman,COL,-0.7
2016,brachsi01,Silvino Bracho,ARI,-0.5
2016,mcfartj01,T.J. McFarland,BAL,-0.4
2016,rasmuco02,Cory Rasmus,LAA,-0.2
2016,smithch08,Chris Smith,OAK,0.4
2016,turneja01,Jacob Turner,CHW,-1.2
2016,whalero01,Rob Whalen,ATL,-0.4
2016,boxbebr01,Brad Boxberger,TBR,-0.1
2016,cothaca01,Caleb Cotham,CIN,-0.8
2016,medlekr01,Kris Medlen,KCR,-0.9
2016,overtdi01,Dillon Overton,OAK,-1.1
2016,capuach01,Chris Capuano,MIL,0.2
2016,ramirne01,Neil Ramírez,3TM,-0.2
2016,ramirne01,Neil Ramírez,2TM,-0.1
2016,ramirne01,Neil Ramírez,CHC,0.0
2016,ramirne01,Neil Ramírez,MIL,-0.1
2016,ramirne01,Neil Ramírez,MIN,-0.1
2016,hutchdr01,Drew Hutchison,2TM,0.0
2016,hutchdr01,Drew Hutchison,TOR,0.0
2016,hutchdr01,Drew Hutchison,PIT,0.0
2016,escobed02,Edwin Escobar,ARI,-0.7
2016,motteja01,Jason Motte,COL,0.0
2016,glasnty01,Tyler Glasnow,PIT,0.1
2016,valdejo03,José Váldez,LAA,0.1
2016,baileho02,Homer Bailey,CIN,-0.5
2016,bleieri01,Richard Bleier,NYY,0.6
2016,chargjt01,JT Chargois,MIN,0.2
2016,evelada01,Dana Eveland,TBR,-1.0
2016,chafian01,Andrew Chafin,ARI,-0.4
2016,alcanra01,Raúl Alcantara,OAK,-0.3
2016,danksjo01,John Danks,CHW,-0.6
2016,streehu01,Huston Street,LAA,-0.6
2016,campole01,Leonel Campos,SDP,-0.2
2016,cobbal01,Alex Cobb,TBR,-0.8
2016,hoytja01,James Hoyt,HOU,-0.1
2016,kiekhde01,Dean Kiekhefer,STL,0.0
2016,owenshe02,Henry Owens,BOS,-0.4
2016,strahma01,Matt Strahm,KCR,1.1
2016,vendipa01,Pat Venditte,2TM,-0.4
2016,vendipa01,Pat Venditte,TOR,-0.3
2016,vendipa01,Pat Venditte,SEA,-0.2
2016,kellyca01,Casey Kelly,ATL,-0.3
2016,mariomi01,Michael Mariot,PHI,-0.3
2016,suterbr01,Brent Suter,MIL,0.5
2016,hesslke01,Keith Hessler,2TM,0.2
2016,hesslke01,Keith Hessler,ARI,0.0
2016,hesslke01,Keith Hessler,SDP,0.3
2016,giolilu01,Lucas Giolito,WSN,-0.5
2016,moscojo01,Jon Moscot,CIN,-0.7
2016,osullse01,Sean O'Sullivan,BOS,-0.4
2016,pattosp01,Spencer Patton,CHC,-0.5
2016,marquge01,Germán Márquez,COL,0.2
2016,chambjo03,Joba Chamberlain,CLE,0.4
2016,avilalu01,Luis Avilán,LAD,0.3
2016,gloveko01,Koda Glover,WSN,-0.1
2016,kleinph01,Phil Klein,2TM,-0.3
2016,kleinph01,Phil Klein,TEX,0.0
2016,kleinph01,Phil Klein,PHI,-0.3
2016,alexasc02,Scott Alexander,KCR,0.3
2016,montera01,Rafael Montero,NYM,-0.5
2016,verhadr01,Drew VerHagen,DET,-0.3
2016,hoovejj01,J.J. Hoover,CIN,-1.6
2016,adamsau01,Austin Adams,CLE,-0.8
2016,hartdo01,Donnie Hart,BAL,0.8
2016,mahlegr01,Greg Mahle,LAA,-0.3
2016,sturdty01,Tyler Sturdevant,TBR,0.2
2016,teperry01,Ryan Tepera,TOR,0.2
2016,ynoaga01,Gabriel Ynoa,NYM,-0.3
2016,drakeol01,Oliver Drake,BAL,-0.1
2016,kochma01,Matt Koch,ARI,1.0
2016,purkema01,Matt Purke,CHW,-0.1
2016,socolmi01,Miguel Socolovich,STL,0.5
2016,gilmase01,Sean Gilmartin,NYM,-0.3
2016,morribr01,Bryan Morris,MIA,0.2
2016,mortoch02,Charlie Morton,PHI,0.3
2016,webbry01,Ryan Webb,TBR,-0.1
2016,willije01,Jerome Williams,STL,-0.2
2016,wimmeal01,Alex Wimmers,MIN,0.2
2016,parkebl01,Blake Parker,2TM,0.1
2016,parkebl01,Blake Parker,SEA,0.1
2016,parkebl01,Blake Parker,NYY,0.0
2016,alberan01,Andrew Albers,MIN,-0.3
2016,blachty01,Ty Blach,SFG,0.7
2016,cunnibr02,Brandon Cunniff,ATL,0.0
2016,deleojo03,José De León,LAD,-0.6
2016,thornma01,Matt Thornton,SDP,-0.2
2016,johnsst02,Steve Johnson,SEA,0.1
2016,lightpa01,Pat Light,2TM,-0.7
2016,lightpa01,Pat Light,BOS,-0.2
2016,lightpa01,Pat Light,MIN,-0.5
2016,schulbo02,Bo Schultz,TOR,-0.1
2016,crockky01,Kyle Crockett,CLE,0.1
2016,morrobr01,Brandon Morrow,SDP,0.4
2016,zastrro01,Rob Zastryzny,CHC,0.6
2016,carasma01,Matt Carasiti,COL,-0.6
2016,erlinro01,Robbie Erlin,SDP,0.2
2016,ogandne01,Nefi Ogando,MIA,0.3
2016,boscawi01,Wilfredo Boscán,PIT,-0.2
2016,garcilu03,Luis García,PHI,-0.3
2016,gustaja01,Jandel Gustave,HOU,0.2
2016,marshev01,Evan Marshall,ARI,-0.7
2016,smokejo01,Josh Smoker,NYM,-0.3
2016,florody01,Dylan Floro,TBR,0.0
2016,herrmfr01,Frank Herrmann,PHI,-0.7
2016,leclejo01,José Leclerc,TEX,0.4
2016,castrmi01,Miguel Castro,COL,-0.1
2016,hathast01,Steve Hathaway,ARI,0.1
2016,loupaa01,Aaron Loup,TOR,0.0
2016,whitlch01,Chase Whitley,TBR,0.1
2016,breslcr01,Craig Breslow,MIA,-0.2
2016,briceau01,Austin Brice,MIA,-0.4
2016,okertst01,Steven Okert,SFG,0.2
2016,scribev01,Evan Scribner,SEA,0.8
2016,barneda02,Danny Barnes,TOR,0.1
2016,zychto01,Tony Zych,SEA,0.1
2016,curtiza01,Zac Curtis,ARI,-0.2
2016,duensbr01,Brian Duensing,BAL,0.2
2016,gamboed01,Eddie Gamboa,TBR,0.4
2016,barbajo01,Johnny Barbato,NYY,-0.3
2016,eschja01,Jake Esch,MIA,-0.1
2016,ramirno01,Noé Ramirez,BOS,-0.2
2016,poundbr01,Brooks Pounders,KCR,-0.6
2016,wendejb01,J.B. Wendelken,OAK,-0.3
2016,willitr01,Trevor Williams,PIT,-0.5
2016,altavda01,Dan Altavilla,SEA,0.5
2016,vargaja01,Jason Vargas,KCR,0.5
2016,fulmeca01,Carson Fulmer,CHW,-0.3
2016,jackslu01,Luke Jackson,TEX,-0.7
2016,egeco01,Cody Ege,2TM,0.1
2016,egeco01,Cody Ege,MIA,-0.3
2016,egeco01,Cody Ege,LAA,0.3
2016,anderbr04,Brett Anderson,LAD,-0.7
2016,hinojda01,Dalier Hinojosa,PHI,0.2
2016,merriry01,Ryan Merritt,CLE,0.4
2016,armstsh01,Shawn Armstrong,CLE,0.3
2016,goforda01,David Goforth,MIL,-0.5
2016,edginjo01,Josh Edgin,NYM,0.0
2016,girodch01,Chad Girodo,TOR,0.1
2016,gonzach01,Chi Chi González,TEX,-0.5
2016,minayju01,Juan Minaya,CHW,0.0
2016,colonjo01,Joe Colón,CLE,-0.3
2016,morriaj01,A.J. Morris,CIN,-0.1
2016,stratch01,Chris Stratton,SFG,0.1
2016,wagnety01,Tyler Wagner,ARI,0.4
2016,cokeph01,Phil Coke,2TM,0.1
2016,cokeph01,Phil Coke,NYY,-0.1
2016,cokeph01,Phil Coke,PIT,0.2
2016,baumabu01,Buddy Baumann,SDP,0.1
2016,gurkaja01,Jason Gurka,COL,-0.3
2016,hayesdr01,Drew Hayes,CIN,-0.4
2016,ravinjo01,Josh Ravin,LAD,0.3
2016,rodrijo06,Joely Rodríguez,PHI,0.3
2016,saupowa01,Warwick Saupold,DET,-0.1
2016,garnepe01,Perci Garner,CLE,-0.1
2016,lohseky01,Kyle Lohse,TEX,-0.5
2016,rollida01,David Rollins,SEA,-0.2
2016,carmofa01,Roberto Hernández,ATL,-0.2
2016,marksju01,Justin Marks,TBR,0.3
2016,melviti01,Tim Melville,CIN,-0.5
2016,penafe01,Félix Peña,CHC,0.0
2016,tuivasa01,Sam Tuivailala,STL,0.0
2016,matusbr01,Brian Matusz,2TM,-0.7
2016,matusbr01,Brian Matusz,BAL,-0.4
2016,matusbr01,Brian Matusz,CHC,-0.3
2016,luebkco01,Cory Luebke,PIT,-0.3
2016,schepta01,Tanner Scheppers,TEX,0.1
2016,schuspa01,Patrick Schuster,2TM,-1.0
2016,schuspa01,Patrick Schuster,OAK,-0.2
2016,schuspa01,Patrick Schuster,PHI,-0.8
2016,garciyi01,Yimi García,LAD,0.1
2016,holdejo02,Jonathan Holder,NYY,0.0
2016,mccarke01,Kevin McCarthy,KCR,-0.4
2016,molledu01,Dustin Molleken,DET,0.1
2016,narvech01,Chris Narveson,MIA,-0.5
2016,rodgebr01,Brady Rodgers,HOU,-0.6
2016,chapmke02,Kevin Chapman,HOU,-0.3
2016,delabst01,Steve Delabar,CIN,-0.2
2016,petrija01,Jake Petricka,CHW,-0.1
2016,eliasro01,Roenis Elías,BOS,-0.4
2016,freemsa01,Sam Freeman,MIL,-0.3
2016,guaipma01,Mayckol Guaipe,SEA,-0.1
2016,peralwa01,Wandy Peralta,CIN,-0.2
2016,bradlje01,Jed Bradley,ATL,0.0
2016,hellebe01,Ben Heller,NYY,-0.1
2016,paulida01,David Paulino,HOU,0.0
2016,youngma03,Madison Younginer,ATL,-0.1
2016,diazda01,Dayán Díaz,CIN,-0.4
2016,faulkan01,Andrew Faulkner,TEX,-0.3
2016,phillza01,Zach Phillips,PIT,0.2
2016,simmosh01,Shae Simmons,ATL,0.2
2016,guerrja01,Javy Guerra,LAA,-0.1
2016,ondrulo01,Logan Ondrusek,BAL,-0.3
2016,nathajo01,Joe Nathan,2TM,0.4
2016,nathajo01,Joe Nathan,CHC,0.1
2016,nathajo01,Joe Nathan,SFG,0.4
2016,buchaja01,Jake Buchanan,CHC,0.2
2016,gotttr01,Trevor Gott,WSN,0.2
2016,heanean01,Andrew Heaney,LAA,0.0
2016,loewead01,Adam Loewen,ARI,-0.5
2016,reynoma02,Matt Reynolds,SFG,-0.3
2016,scottro02,Robby Scott,BOS,0.3
2016,burnese01,Sean Burnett,WSN,0.1
2016,campovi01,José Campos,ARI,0.1
2016,delosab01,Abel De Los Santos,CIN,-0.2
2016,broadmi01,Mike Broadway,SFG,-0.3
2016,huffda01,David Huff,LAA,-0.5
2016,mayermi01,Mike Mayers,STL,-0.8
2016,parnebo01,Bobby Parnell,DET,-0.1
2016,roachdo01,Donn Roach,SEA,-0.3
2016,rossty01,Tyson Ross,SDP,-0.3
2016,cuevawi01,William Cuevas,BOS,0.1
2016,hestoch01,Chris Heston,SFG,-0.4
2016,stumpda01,Daniel Stumpf,PHI,-0.4
2016,wielajo01,Joe Wieland,SEA,-0.2
2016,kensilo01,Logan Kensing,DET,0.1
2016,morimsh01,Shawn Morimando,CLE,-0.2
2016,ryuhy01,Hyun Jin Ryu,LAD,-0.3
2016,sampsad01,Adrian Sampson,SEA,0.0
2016,tollias01,Ashur Tolliver,BAL,-0.1
2016,buschma01,Matt Buschmann,ARI,0.1
2016,magilma01,Matt Magill,CIN,0.0
2016,russeja02,James Russell,PHI,-0.6
2016,smithbl01,Blake Smith,CHW,0.0
2016,friasca01,Carlos Frías,LAD,0.1
2016,moralfr01,Franklin Morales,TOR,-0.2
2016,smithja06,Jake Smith,SDP,0.0
2016,tepesni01,Nick Tepesch,LAD,-0.2
2016,flandyo01,Yohan Flande,COL,-0.5
2016,martira04,Rafael Martín,WSN,0.1
2016,plutkad01,Adam Plutko,CLE,0.0
2016,rondojo01,Jorge Rondon,PIT,-0.2
2016,rothmi01,Michael Roth,TEX,-0.3
2016,bridwpa01,Parker Bridwell,BAL,-0.2
2016,marksma01,Matt Marksberry,ATL,0.0
2016,marteke02,Kelvin Marte,PIT,-0.2
2016,millsal02,Alec Mills,KCR,-0.2
2016,pazosja01,James Pazos,NYY,-0.2
2016,dermoma01,Matt Dermody,TOR,-0.1
2016,floreke01,Kendry Flores,MIA,0.2
2016,gimench01,Chris Gimenez,CLE,-0.1
2016,gorzeto01,Tom Gorzelanny,CLE,-0.5
2016,gracema02,Matt Grace,WSN,0.1
2016,hallco01,Cody Hall,MIA,-0.2
2016,magnida01,Damien Magnifico,MIL,0.0
2016,mendeyo01,Yohander Méndez,TEX,-0.2
2016,mulleco01,Conor Mullee,NYY,0.1
2016,rowenbe01,Ben Rowen,MIL,-0.3
2016,torrejo02,José Torres,SDP,0.2
2016,housetj01,T.J. House,CLE,0.0
2016,mantijo01,Joe Mantiply,DET,-0.2
2016,olsonty01,Tyler Olson,NYY,0.0
2016,smithca02,Carson Smith,BOS,0.0
2016,aquinja01,Jayson Aquino,BAL,0.1
2016,carrosc02,Scott Carroll,CHW,-0.1
2016,concege01,Gerardo Concepción,CHC,0.0
2016,leonar01,Arnold León,TOR,-0.2
2016,mejiaad01,Adalberto Mejía,MIN,0.0
2016,somsela01,Layne Somsen,CIN,-0.3
2016,winklda01,Dan Winkler,ATL,0.2
2016,kirkmmi01,Michael Kirkman,2TM,-0.6
2016,kirkmmi01,Michael Kirkman,SDP,-0.5
2016,kirkmmi01,Michael Kirkman,MIL,0.0
2016,albural01,Al Alburquerque,LAA,-0.1
2016,antoldu01,Dustin Antolin,TOR,-0.1
2016,drabeky01,Kyle Drabek,ARI,0.0
2016,guerrta01,Tayron Guerrero,SDP,0.0
2016,haleda02,David Hale,COL,-0.1
2016,perkigl01,Glen Perkins,MIN,-0.1
2016,reyesjo03,Jo-Jo Reyes,MIA,0.0
2016,kratzer01,Erik Kratz,2TM,0.0
2016,kratzer01,Erik Kratz,HOU,-0.1
2016,kratzer01,Erik Kratz,PIT,0.0
2016,bethach01,Christian Bethancourt,SDP,0.1
2016,danisty01,Tyler Danish,CHW,-0.1
2016,grahajr01,J.R. Graham,MIN,-0.1
2016,penaar01,Ariel Peña,MIL,-0.2
2016,tsaoch01,Chin-hui Tsao,LAD,0.0
2016,buterdr01,Drew Butera,KCR,0.1
2016,holadbr01,Bryan Holaday,TEX,0.0
2016,hurshja01,Jason Hursh,ATL,-0.2
2016,montemi01,Miguel Montero,CHC,0.0
2016,barneda01,Darwin Barney,TOR,-0.1
2016,diamosc01,Scott Diamond,TOR,-0.1
2016,escobed01,Eduardo Escobar,MIN,0.0
2016,flahery01,Ryan Flaherty,BAL,-0.1
2016,goinsry01,Ryan Goins,TOR,0.1
2016,holtty01,Tyler Holt,CIN,0.0
2016,hoyinja01,Jared Hoying,TEX,0.0
2016,ladenty01,Tyler Ladendorf,OAK,0.0
2016,lamarry01,Ryan LaMarre,BOS,0.0
2016,mazzavi01,Vin Mazzaro,SFG,-0.5
2016,pindebr01,Branden Pinder,NYY,-0.1
2016,sardilu01,Luis Sardiñas,SEA,0.0
2016,shuckja01,JB Shuck,CHW,0.0
2016,tejadru01,Rubén Tejada,STL,-0.1
2016,webbda01,Daniel Webb,CHW,0.0
2016,whitety01,Tyler White,HOU,0.0
2016,arojo01,Jonathan Aro,SEA,0.1
2016,partccu01,Curtis Partch,PIT,-0.2
2016,phegljo01,Josh Phegley,OAK,0.0
2016,rominan01,Andrew Romine,DET,0.0
2016,amarial01,Alexi Amarista,SDP,0.0
2016,motteta01,Taylor Motter,TBR,0.0
2017,salech01,Chris Sale,BOS,5.9
2017,santaer01,Ervin Santana,MIN,4.9
2017,samarje01,Jeff Samardzija,SFG,2.7
2017,verlaju01,Justin Verlander,2TM,6.9
2017,verlaju01,Justin Verlander,DET,5.1
2017,verlaju01,Justin Verlander,HOU,1.8
2017,martica04,Carlos Martínez,STL,3.0
2017,klubeco01,Corey Kluber,CLE,7.9
2017,porceri01,Rick Porcello,BOS,-0.4
2017,colege01,Gerrit Cole,PIT,2.6
2017,greinza01,Zack Greinke,ARI,5.8
2017,degroja01,Jacob deGrom,NYM,4.2
2017,archech01,Chris Archer,TBR,1.7
2017,gonzagi01,Gio González,WSN,6.5
2017,stromma01,Marcus Stroman,TOR,5.1
2017,scherma01,Max Scherzer,WSN,7.2
2017,carraca01,Carlos Carrasco,CLE,5.2
2017,richacl01,Clayton Richard,SDP,0.7
2017,severlu01,Luis Severino,NYY,5.2
2017,davieza02,Zach Davies,MIL,3.0
2017,dicker.01,R.A. Dickey,ATL,2.2
2017,corbipa01,Patrick Corbin,ARI,2.6
2017,quintjo01,Jose Quintana,2TM,2.5
2017,quintjo01,Jose Quintana,CHW,1.2
2017,quintjo01,Jose Quintana,CHC,1.3
2017,teherju01,Julio Teheran,ATL,1.6
2017,novaiv01,Iván Nova,PIT,2.0
2017,gausmke01,Kevin Gausman,BAL,2.0
2017,darviyu01,Yu Darvish,2TM,4.1
2017,darviyu01,Yu Darvish,TEX,3.4
2017,darviyu01,Yu Darvish,LAD,0.6
2017,lynnla01,Lance Lynn,STL,3.2
2017,estrama01,Marco Estrada,TOR,1.7
2017,leakemi01,Mike Leake,2TM,1.8
2017,leakemi01,Mike Leake,STL,0.9
2017,leakemi01,Mike Leake,SEA,1.0
2017,perezma02,Martín Pérez,TEX,2.3
2017,straida01,Dan Straily,MIA,1.2
2017,roarkta01,Tanner Roark,WSN,1.2
2017,nolasri01,Ricky Nolasco,LAA,0.5
2017,lestejo01,Jon Lester,CHC,0.7
2017,chacijh01,Jhoulys Chacín,SDP,2.7
2017,hammeja01,Jason Hammel,KCR,1.7
2017,vargaja01,Jason Vargas,KCR,4.1
2017,cobbal01,Alex Cobb,TBR,2.7
2017,tanakma01,Masahiro Tanaka,NYY,1.1
2017,bauertr01,Trevor Bauer,CLE,2.9
2017,nelsoji02,Jimmy Nelson,MIL,3.3
2017,strasst01,Stephen Strasburg,WSN,6.3
2017,kershcl01,Clayton Kershaw,LAD,5.0
2017,moorema02,Matt Moore,SFG,-0.2
2017,pomerdr01,Drew Pomeranz,BOS,3.8
2017,lackejo01,John Lackey,CHC,1.1
2017,bundydy01,Dylan Bundy,BAL,2.6
2017,urenajo01,José Ureña,MIA,1.9
2017,arrieja01,Jake Arrieta,CHC,1.9
2017,nolaaa01,Aaron Nola,PHI,4.4
2017,cashnan01,Andrew Cashner,TEX,4.6
2017,wachami01,Michael Wacha,STL,1.5
2017,fulmemi01,Michael Fulmer,DET,4.0
2017,hellije01,Jeremy Hellickson,2TM,0.2
2017,hellije01,Jeremy Hellickson,PHI,1.1
2017,hellije01,Jeremy Hellickson,BAL,-0.9
2017,blachty01,Ty Blach,SFG,1.5
2017,perdolu02,Luis Perdomo,SDP,0.3
2017,grayso01,Sonny Gray,2TM,2.5
2017,grayso01,Sonny Gray,OAK,1.5
2017,grayso01,Sonny Gray,NYY,1.0
2017,marquge01,Germán Márquez,COL,3.5
2017,rayro02,Robbie Ray,ARI,4.8
2017,miranar01,Aríel Miranda,SEA,0.7
2017,zimmejo02,Jordan Zimmermann,DET,0.8
2017,manaese01,Sean Manaea,OAK,1.5
2017,gibsoky01,Kyle Gibson,MIN,0.4
2017,kuhlch01,Chad Kuhl,PIT,1.5
2017,mileywa01,Wade Miley,BAL,-0.2
2017,walketa01,Taijuan Walker,ARI,2.6
2017,garcija02,Jaime García,3TM,1.2
2017,garcija02,Jaime García,2TM,0.0
2017,garcija02,Jaime García,ATL,1.2
2017,garcija02,Jaime García,MIN,0.1
2017,garcija02,Jaime García,NYY,-0.1
2017,freelky01,Kyle Freeland,COL,3.4
2017,gonzami03,Miguel González,2TM,1.6
2017,gonzami03,Miguel González,CHW,1.7
2017,gonzami03,Miguel González,TEX,-0.1
2017,montgjo01,Jordan Montgomery,NYY,2.8
2017,godleza01,Zack Godley,ARI,4.3
2017,foltymi01,Mike Foltynewicz,ATL,1.4
2017,kenneia01,Ian Kennedy,KCR,0.7
2017,fiersmi01,Mike Fiers,HOU,-0.5
2017,woodal02,Alex Wood,LAD,3.5
2017,willitr01,Trevor Williams,PIT,1.8
2017,sabatc.01,CC Sabathia,NYY,2.8
2017,hamelco01,Cole Hamels,TEX,3.0
2017,chatwty01,Tyler Chatwood,COL,2.3
2017,cuetojo01,Johnny Cueto,SFG,1.9
2017,ramirjc01,JC Ramírez,LAA,1.5
2017,mortoch02,Charlie Morton,HOU,1.9
2017,duffyda01,Danny Duffy,KCR,3.6
2017,berrijo01,José Berríos,MIN,1.9
2017,keuchda01,Dallas Keuchel,HOU,3.9
2017,happja01,J.A. Happ,TOR,3.2
2017,odorija01,Jake Odorizzi,TBR,0.2
2017,colonba01,Bartolo Colon,2TM,-1.9
2017,colonba01,Bartolo Colon,ATL,-2.1
2017,colonba01,Bartolo Colon,MIN,0.3
2017,jimenub01,Ubaldo Jiménez,BAL,-1.4
2017,anderch01,Chase Anderson,MIL,4.2
2017,tomlijo01,Josh Tomlin,CLE,0.7
2017,hendrky01,Kyle Hendricks,CHC,3.5
2017,chaveje01,Jesse Chavez,LAA,-0.3
2017,rodried05,Eduardo Rodríguez,BOS,1.7
2017,paxtoja01,James Paxton,SEA,3.6
2017,hillri01,Rich Hill,LAD,2.2
2017,boydma01,Matthew Boyd,DET,1.7
2017,hollade01,Derek Holland,CHW,-1.6
2017,senzaan01,Antonio Senzatela,COL,2.2
2017,maedake01,Kenta Maeda,LAD,0.6
2017,taillja01,Jameson Taillon,PIT,1.2
2017,pivetni01,Nick Pivetta,PHI,-0.4
2017,peacobr01,Brad Peacock,HOU,3.1
2017,ramirer02,Erasmo Ramírez,2TM,0.6
2017,ramirer02,Erasmo Ramírez,TBR,-0.1
2017,ramirer02,Erasmo Ramírez,SEA,0.7
2017,gallayo01,Yovani Gallardo,SEA,-0.3
2017,montgmi01,Mike Montgomery,CHC,2.2
2017,snellbl01,Blake Snell,TBR,1.2
2017,cottojh01,Jharel Cotton,OAK,-0.8
2017,eickhje01,Jerad Eickhoff,PHI,0.8
2017,ryuhy01,Hyun Jin Ryu,LAD,1.4
2017,cainma01,Matt Cain,SFG,-0.5
2017,wainwad01,Adam Wainwright,STL,0.3
2017,adlemti01,Tim Adleman,CIN,-0.5
2017,clevimi01,Mike Clevinger,CLE,3.0
2017,bridwpa01,Parker Bridwell,LAA,1.9
2017,pelfrmi01,Mike Pelfrey,CHW,-1.1
2017,biagijo01,Joe Biagini,TOR,-0.4
2017,gsellro01,Robert Gsellman,NYM,-0.9
2017,montera01,Rafael Montero,NYM,0.0
2017,mcculla02,Lance McCullers Jr.,HOU,0.9
2017,shielja02,James Shields,CHW,0.3
2017,garzama01,Matt Garza,MIL,-0.2
2017,lametdi01,Dinelson Lamet,SDP,0.7
2017,feldmsc01,Scott Feldman,CIN,0.5
2017,martini01,Nick Martinez,TEX,0.3
2017,bumgama01,Madison Bumgarner,SFG,3.1
2017,grayjo02,Jon Gray,COL,3.2
2017,musgrjo01,Joe Musgrove,HOU,0.1
2017,graveke01,Kendall Graveman,OAK,1.8
2017,sanchan01,Aníbal Sánchez,DET,-0.5
2017,salazda01,Danny Salazar,CLE,1.2
2017,conlead01,Adam Conley,MIA,-1.4
2017,norrida01,Daniel Norris,DET,0.8
2017,lugose01,Seth Lugo,NYM,0.8
2017,newcose01,Sean Newcomb,ATL,1.4
2017,hoffmje02,Jeff Hoffman,COL,0.4
2017,junisja01,Jakob Junis,KCR,1.5
2017,mejiaad01,Adalberto Mejía,MIN,0.9
2017,liriafr01,Francisco Liriano,2TM,-0.5
2017,liriafr01,Francisco Liriano,TOR,-0.4
2017,liriafr01,Francisco Liriano,HOU,-0.2
2017,pinedmi01,Michael Pineda,NYY,0.6
2017,woodtr01,Travis Wood,2TM,-1.7
2017,woodtr01,Travis Wood,KCR,-0.6
2017,woodtr01,Travis Wood,SDP,-1.1
2017,tillmch01,Chris Tillman,BAL,-2.2
2017,harvema01,Matt Harvey,NYM,-1.0
2017,mccarbr01,Brandon McCarthy,LAD,0.8
2017,volqued01,Edinson Vólquez,MIA,0.6
2017,gosseda01,Daniel Gossett,OAK,-0.7
2017,petityu01,Yusmeiro Petit,LAA,1.6
2017,baileho02,Homer Bailey,CIN,-0.9
2017,leitema02,Mark Leiter Jr.,PHI,-0.1
2017,fistedo01,Doug Fister,BOS,0.0
2017,castilu02,Luis Castillo,CIN,2.7
2017,livelbe01,Ben Lively,PHI,1.2
2017,romansa01,Sal Romano,CIN,0.4
2017,fariaja01,Jake Faria,TBR,1.6
2017,hernafe02,Félix Hernández,SEA,0.7
2017,wheelza01,Zack Wheeler,NYM,0.2
2017,anderty01,Tyler Anderson,COL,1.4
2017,andrima01,Matt Andriese,TBR,0.3
2017,rusinch01,Chris Rusin,COL,2.4
2017,skaggty01,Tyler Skaggs,LAA,0.5
2017,stephro01,Robert Stephenson,CIN,-0.3
2017,cahiltr01,Trevor Cahill,2TM,0.4
2017,cahiltr01,Trevor Cahill,SDP,0.8
2017,cahiltr01,Trevor Cahill,KCR,-0.5
2017,lorenmi01,Michael Lorenzen,CIN,0.1
2017,pruitau01,Austin Pruitt,TBR,-0.7
2017,claudal01,Álex Claudio,TEX,2.9
2017,suterbr01,Brent Suter,MIL,1.8
2017,devench02,Chris Devenski,HOU,1.9
2017,stammcr01,Craig Stammen,SDP,1.6
2017,handbr01,Brad Hand,SDP,2.9
2017,givenmy01,Mychal Givens,BAL,2.3
2017,mcgowdu01,Dustin McGowan,MIA,-0.3
2017,minormi01,Mike Minor,KCR,3.0
2017,shoemma01,Matt Shoemaker,LAA,0.5
2017,teperry01,Ryan Tepera,TOR,0.9
2017,griffaj01,A.J. Griffin,TEX,0.0
2017,swarzan01,Anthony Swarzak,2TM,2.8
2017,swarzan01,Anthony Swarzak,CHW,1.9
2017,swarzan01,Anthony Swarzak,MIL,0.9
2017,shawbr01,Bryan Shaw,CLE,0.5
2017,iglesra01,Raisel Iglesias,CIN,2.2
2017,knebeco01,Corey Knebel,MIL,3.7
2017,jacksed01,Edwin Jackson,2TM,-0.3
2017,jacksed01,Edwin Jackson,BAL,-0.2
2017,jacksed01,Edwin Jackson,WSN,-0.1
2017,reedad01,Addison Reed,2TM,2.2
2017,reedad01,Addison Reed,NYM,1.7
2017,reedad01,Addison Reed,BOS,0.5
2017,treinbl01,Blake Treinen,2TM,1.2
2017,treinbl01,Blake Treinen,WSN,-0.2
2017,treinbl01,Blake Treinen,OAK,1.4
2017,riverfe01,Felipe Vázquez,PIT,2.6
2017,nerishe01,Hector Neris,PHI,2.0
2017,priceda01,David Price,BOS,1.5
2017,stripro01,Ross Stripling,LAD,0.6
2017,gavigsa01,Sam Gaviglio,2TM,0.6
2017,gavigsa01,Sam Gaviglio,SEA,0.2
2017,gavigsa01,Sam Gaviglio,KCR,0.4
2017,woodbl01,Blake Wood,2TM,-0.7
2017,woodbl01,Blake Wood,CIN,-0.7
2017,woodbl01,Blake Wood,LAA,0.0
2017,rossjo01,Joe Ross,WSN,0.5
2017,bradlar01,Archie Bradley,ARI,3.5
2017,torreca01,Carlos Torres,MIL,0.3
2017,koehlto01,Tom Koehler,2TM,-1.1
2017,koehlto01,Tom Koehler,MIA,-1.5
2017,koehlto01,Tom Koehler,TOR,0.5
2017,nicasju01,Juan Nicasio,3TM,2.0
2017,nicasju01,Juan Nicasio,PIT,1.4
2017,nicasju01,Juan Nicasio,PHI,0.1
2017,nicasju01,Juan Nicasio,STL,0.5
2017,barneja01,Jacob Barnes,MIL,0.5
2017,velasvi01,Vince Velasquez,PHI,0.4
2017,worleva01,Vance Worley,MIA,-1.4
2017,garcilu03,Luis García,PHI,2.0
2017,kintzbr01,Brandon Kintzler,2TM,1.7
2017,kintzbr01,Brandon Kintzler,MIN,1.2
2017,kintzbr01,Brandon Kintzler,WSN,0.5
2017,arroybr01,Bronson Arroyo,CIN,-1.5
2017,duffety01,Tyler Duffey,MIN,-0.3
2017,garream01,Amir Garrett,CIN,-1.6
2017,guerrju02,Junior Guerra,MIL,-0.1
2017,leonedo01,Dominic Leone,TOR,2.0
2017,santihe01,Héctor Santiago,MIN,0.0
2017,coveydy01,Dylan Covey,CHW,-1.3
2017,barnema01,Matt Barnes,BOS,0.6
2017,hahnje01,Jesse Hahn,OAK,-0.1
2017,lylesjo01,Jordan Lyles,2TM,-1.2
2017,lylesjo01,Jordan Lyles,COL,-0.4
2017,lylesjo01,Jordan Lyles,SDP,-0.7
2017,bibenau01,Austin Bibens-Dirkx,TEX,1.0
2017,rodonca01,Carlos Rodón,CHW,1.2
2017,alexasc02,Scott Alexander,KCR,2.3
2017,greench03,Chad Green,NYY,2.7
2017,kimbrcr01,Craig Kimbrel,BOS,3.6
2017,janseke01,Kenley Jansen,LAD,3.0
2017,torrejo02,José Torres,SDP,0.4
2017,roberda08,David Robertson,2TM,2.9
2017,roberda08,David Robertson,CHW,1.1
2017,roberda08,David Robertson,NYY,1.8
2017,brachbr01,Brad Brach,BAL,1.2
2017,gearrco01,Cory Gearrin,SFG,2.4
2017,leblawa01,Wade LeBlanc,PIT,0.2
2017,greensh02,Shane Greene,DET,2.6
2017,allenco01,Cody Allen,CLE,1.6
2017,cecilbr01,Brett Cecil,STL,0.5
2017,meyeral01,Alex Meyer,LAA,1.0
2017,parkebl01,Blake Parker,LAA,1.7
2017,colomal01,Alex Colomé,TBR,0.9
2017,matzst01,Steven Matz,NYM,-0.2
2017,watsoto01,Tony Watson,2TM,0.9
2017,watsoto01,Tony Watson,PIT,0.5
2017,watsoto01,Tony Watson,LAD,0.4
2017,castrmi01,Miguel Castro,BAL,0.9
2017,edwarca01,Carl Edwards Jr.,CHC,1.6
2017,kontoge01,George Kontos,2TM,1.2
2017,kontoge01,George Kontos,SFG,0.6
2017,kontoge01,George Kontos,PIT,0.5
2017,barneda02,Danny Barnes,TOR,1.2
2017,barraky01,Kyle Barraclough,MIA,0.8
2017,diazed04,Edwin Díaz,SEA,0.8
2017,sewalpa01,Paul Sewald,NYM,0.1
2017,triggan01,Andrew Triggs,OAK,-0.1
2017,jeffrje01,Jeremy Jeffress,2TM,0.5
2017,jeffrje01,Jeremy Jeffress,TEX,0.0
2017,jeffrje01,Jeremy Jeffress,MIL,0.4
2017,buchtry01,Ryan Buchter,2TM,1.2
2017,buchtry01,Ryan Buchter,SDP,0.6
2017,buchtry01,Ryan Buchter,KCR,0.6
2017,beckch02,Chris Beck,CHW,-0.7
2017,peralwa01,Wandy Peralta,CIN,0.7
2017,vinceni01,Nick Vincent,SEA,1.4
2017,eflinza01,Zach Eflin,PHI,-0.3
2017,baezpe01,Pedro Báez,LAD,0.7
2017,hendrli01,Liam Hendriks,OAK,0.1
2017,osunaro01,Roberto Osuna,TOR,1.3
2017,bleieri01,Richard Bleier,BAL,1.4
2017,mchugco01,Collin McHugh,HOU,1.2
2017,delgara01,Randall Delgado,ARI,0.6
2017,gileske01,Ken Giles,HOU,2.0
2017,millean01,Andrew Miller,CLE,3.0
2017,saupowa01,Warwick Saupold,DET,0.4
2017,jennida01,Dan Jennings,2TM,0.9
2017,jennida01,Dan Jennings,CHW,0.6
2017,jennida01,Dan Jennings,TBR,0.3
2017,kahnlto01,Tommy Kahnle,2TM,1.7
2017,kahnlto01,Tommy Kahnle,CHW,0.9
2017,kahnlto01,Tommy Kahnle,NYY,0.8
2017,bellch02,Chad Bell,DET,-0.4
2017,duensbr01,Brian Duensing,CHC,1.4
2017,wojcias01,Asher Wojciechowski,CIN,-1.0
2017,neshepa01,Pat Neshek,2TM,2.8
2017,neshepa01,Pat Neshek,PHI,2.1
2017,neshepa01,Pat Neshek,COL,0.7
2017,glasnty01,Tyler Glasnow,PIT,-1.9
2017,hembrhe01,Heath Hembree,BOS,0.3
2017,mcallza01,Zach McAllister,CLE,1.4
2017,norribu01,Bud Norris,LAA,0.3
2017,ramirjo02,José Ramírez,ATL,1.1
2017,hudsoda01,Daniel Hudson,PIT,-0.1
2017,pressry01,Ryan Pressly,MIN,0.0
2017,strichu01,Hunter Strickland,SFG,1.8
2017,alberma01,Matt Albers,WSN,2.5
2017,gregelu01,Luke Gregerson,HOU,0.0
2017,belisma01,Matt Belisle,MIN,0.1
2017,odayda01,Darren O'Day,BAL,1.0
2017,stroppe01,Pedro Strop,CHC,1.1
2017,weavelu01,Luke Weaver,STL,0.8
2017,clippty01,Tyler Clippard,3TM,0.1
2017,clippty01,Tyler Clippard,NYY,-0.2
2017,clippty01,Tyler Clippard,CHW,0.5
2017,clippty01,Tyler Clippard,HOU,-0.3
2017,asheral01,Alec Asher,BAL,0.0
2017,freemsa01,Sam Freeman,ATL,1.6
2017,oteroda01,Dan Otero,CLE,0.8
2017,wilsoal01,Alex Wilson,DET,0.5
2017,betande01,Dellin Betances,NYY,1.5
2017,hugheja02,Jared Hughes,MIL,1.2
2017,hatchch02,Chris Hatcher,2TM,0.4
2017,hatchch02,Chris Hatcher,LAD,-0.1
2017,hatchch02,Chris Hatcher,OAK,0.5
2017,herreke01,Kelvin Herrera,KCR,0.3
2017,moylape01,Peter Moylan,KCR,1.2
2017,ohse01,Seunghwan Oh,STL,-0.1
2017,maurebr01,Brandon Maurer,2TM,-1.1
2017,maurebr01,Brandon Maurer,SDP,-0.6
2017,maurebr01,Brandon Maurer,KCR,-0.5
2017,garcija01,Santiago Casilla,OAK,0.5
2017,moorean02,Andrew Moore,SEA,-0.1
2017,madsory01,Ryan Madson,2TM,2.5
2017,madsory01,Ryan Madson,OAK,1.5
2017,madsory01,Ryan Madson,WSN,1.0
2017,blackpa01,Paul Blackburn,OAK,1.5
2017,bowmama01,Matt Bowman,STL,0.2
2017,daviswa01,Wade Davis,CHC,1.9
2017,hunteto02,Tommy Hunter,TBR,1.4
2017,stratch01,Chris Stratton,SFG,1.4
2017,ramosaj01,AJ Ramos,2TM,0.4
2017,ramosaj01,AJ Ramos,MIA,0.3
2017,ramosaj01,AJ Ramos,NYM,0.1
2017,salasfe01,Fernando Salas,2TM,-0.7
2017,salasfe01,Fernando Salas,NYM,-1.0
2017,salasfe01,Fernando Salas,LAA,0.3
2017,despaod01,Odrisamer Despaigne,MIA,0.1
2017,middlke01,Keynan Middleton,LAA,0.6
2017,obergsc01,Scott Oberg,COL,0.3
2017,marinjh01,Jhan Mariñez,3TM,0.5
2017,marinjh01,Jhan Mariñez,2TM,0.3
2017,marinjh01,Jhan Mariñez,MIL,-0.2
2017,marinjh01,Jhan Mariñez,PIT,0.6
2017,marinjh01,Jhan Mariñez,TEX,0.2
2017,kellyjo05,Joe Kelly,BOS,1.2
2017,wilsoju10,Justin Wilson,2TM,1.6
2017,wilsoju10,Justin Wilson,DET,1.7
2017,wilsoju10,Justin Wilson,CHC,-0.1
2017,holmbda01,David Holmberg,CHW,0.0
2017,loupaa01,Aaron Loup,TOR,0.8
2017,ramosed02,Edubray Ramos,PHI,0.5
2017,simslu01,Lucas Sims,ATL,0.1
2017,barneto01,Tony Barnette,TEX,-0.1
2017,hollagr01,Greg Holland,COL,1.5
2017,mcgeeja01,Jake McGee,COL,1.4
2017,peralwi01,Wily Peralta,MIL,-1.5
2017,rondohe01,Héctor Rondón,CHC,0.1
2017,vizcaar01,Arodys Vizcaíno,ATL,1.7
2017,warread01,Adam Warren,NYY,1.4
2017,whitlch01,Chase Whitley,TBR,0.1
2017,fieldjo03,Josh Fields,LAD,0.9
2017,johnsji04,Jim Johnson,ATL,-1.0
2017,robleha01,Hansel Robles,NYM,0.1
2017,yateski01,Kirby Yates,2TM,0.3
2017,yateski01,Kirby Yates,LAA,-0.1
2017,yateski01,Kirby Yates,SDP,0.4
2017,smokejo01,Josh Smoker,NYM,-0.1
2017,soriajo01,Joakim Soria,KCR,1.1
2017,drakeol01,Oliver Drake,2TM,0.1
2017,drakeol01,Oliver Drake,BAL,-0.1
2017,drakeol01,Oliver Drake,MIL,0.2
2017,rogerta01,Taylor Rogers,MIN,1.2
2017,romeren01,Enny Romero,WSN,0.6
2017,smithch08,Chris Smith,OAK,-0.9
2017,phelpda01,David Phelps,2TM,0.5
2017,phelpda01,David Phelps,MIA,0.3
2017,phelpda01,David Phelps,SEA,0.2
2017,romose01,Sergio Romo,2TM,0.6
2017,romose01,Sergio Romo,LAD,-0.5
2017,romose01,Sergio Romo,TBR,1.1
2017,grimmju01,Justin Grimm,CHC,-0.4
2017,rodnefe01,Fernando Rodney,ARI,0.3
2017,tazawju01,Junichi Tazawa,MIA,-0.7
2017,lawreca01,Casey Lawrence,2TM,-0.7
2017,lawreca01,Casey Lawrence,TOR,-0.5
2017,lawreca01,Casey Lawrence,SEA,-0.2
2017,anderbr04,Brett Anderson,2TM,-0.5
2017,anderbr04,Brett Anderson,CHC,-0.8
2017,anderbr04,Brett Anderson,TOR,0.3
2017,hernada01,David Hernández,2TM,1.0
2017,hernada01,David Hernández,LAA,0.9
2017,hernada01,David Hernández,ARI,0.0
2017,butleed01,Eddie Butler,CHC,0.8
2017,goodyni01,Nick Goody,CLE,0.9
2017,infangr01,Gregory Infante,CHW,1.1
2017,morgaad01,Adam Morgan,PHI,0.6
2017,storedr01,Drew Storen,CIN,-0.2
2017,dysonsa01,Sam Dyson,2TM,-1.1
2017,dysonsa01,Sam Dyson,TEX,-1.5
2017,dysonsa01,Sam Dyson,SFG,0.4
2017,martefr01,Francis Martes,HOU,-0.9
2017,bergmch01,Christian Bergman,SEA,0.1
2017,lyonsty01,Tyler Lyons,STL,1.2
2017,mcfartj01,T.J. McFarland,ARI,-0.9
2017,smithjo05,Joe Smith,2TM,1.1
2017,smithjo05,Joe Smith,TOR,0.8
2017,smithjo05,Joe Smith,CLE,0.3
2017,hugheph01,Phil Hughes,MIN,-0.5
2017,pazosja01,James Pazos,SEA,-0.1
2017,garcija04,Jarlín García,MIA,-0.3
2017,ottavad01,Adam Ottavino,COL,0.3
2017,bushma01,Matt Bush,TEX,0.3
2017,coleaj01,A.J. Cole,WSN,1.0
2017,brebbjo01,John Brebbia,STL,1.1
2017,couloda01,Danny Coulombe,OAK,0.8
2017,chafian01,Andrew Chafin,ARI,1.0
2017,rosajo01,Jorge De La Rosa,ARI,0.6
2017,doolise01,Sean Doolittle,2TM,1.4
2017,doolise01,Sean Doolittle,OAK,0.4
2017,doolise01,Sean Doolittle,WSN,1.0
2017,jackslu01,Luke Jackson,ATL,0.3
2017,chapmar01,Aroldis Chapman,NYY,1.0
2017,dunnmi01,Mike Dunn,COL,0.7
2017,paganem01,Emilio Pagán,SEA,0.7
2017,benoijo01,Joaquin Benoit,2TM,0.0
2017,benoijo01,Joaquin Benoit,PHI,0.6
2017,benoijo01,Joaquin Benoit,PIT,-0.6
2017,gracema02,Matt Grace,WSN,0.4
2017,hoytja01,James Hoyt,HOU,0.2
2017,geedi01,Dillon Gee,2TM,0.6
2017,geedi01,Dillon Gee,TEX,0.0
2017,geedi01,Dillon Gee,MIN,0.7
2017,farquda01,Danny Farquhar,2TM,0.4
2017,farquda01,Danny Farquhar,TBR,0.2
2017,farquda01,Danny Farquhar,CHW,0.1
2017,blevije01,Jerry Blevins,NYM,1.4
2017,krolia01,Ian Krol,ATL,-0.5
2017,rossty01,Tyson Ross,TEX,-1.0
2017,alvarjo02,José Álvarez,LAA,0.2
2017,milonto01,Tommy Milone,2TM,-1.0
2017,milonto01,Tommy Milone,MIL,-0.2
2017,milonto01,Tommy Milone,NYM,-0.9
2017,farmebu01,Buck Farmer,DET,-0.3
2017,felizmi01,Michael Feliz,HOU,-0.5
2017,flexech01,Chris Flexen,NYM,-1.1
2017,nicolju01,Justin Nicolino,MIA,-0.6
2017,haderjo01,Josh Hader,MIL,1.9
2017,lopezre01,Reynaldo López,CHW,0.1
2017,rosentr01,Trevor Rosenthal,STL,0.7
2017,zieglbr01,Brad Ziegler,MIA,-0.8
2017,altavda01,Dan Altavilla,SEA,-0.1
2017,bettich01,Chad Bettis,COL,0.6
2017,thompja03,Jake Thompson,PHI,0.3
2017,avilalu01,Luis Avilán,LAD,0.7
2017,felizne01,Neftalí Feliz,2TM,-0.9
2017,felizne01,Neftalí Feliz,MIL,-0.9
2017,felizne01,Neftalí Feliz,KCR,0.1
2017,leclejo01,José Leclerc,TEX,0.8
2017,giolilu01,Lucas Giolito,CHW,1.5
2017,harriwi10,Will Harris,HOU,0.9
2017,karnsna01,Nate Karns,KCR,1.0
2017,shrevch01,Chasen Shreve,NYY,0.6
2017,mccarke01,Kevin McCarthy,KCR,0.4
2017,bedroca01,Cam Bedrosian,LAA,-0.3
2017,ellinbr02,Brian Ellington,MIA,-1.2
2017,cishest01,Steve Cishek,2TM,1.5
2017,cishest01,Steve Cishek,SEA,0.4
2017,cishest01,Steve Cishek,TBR,1.1
2017,blantjo01,Joe Blanton,WSN,-0.2
2017,abadfe01,Fernando Abad,BOS,0.5
2017,hartdo01,Donnie Hart,BAL,0.6
2017,minayju01,Juan Minaya,CHW,0.3
2017,morrobr01,Brandon Morrow,LAD,1.2
2017,osichjo01,Josh Osich,SFG,-0.6
2017,matonph01,Phil Maton,SDP,0.0
2017,mengdda01,Daniel Mengden,OAK,1.4
2017,ueharko01,Koji Uehara,CHC,0.2
2017,woodrbr01,Brandon Woodruff,MIL,0.5
2017,cingrto01,Tony Cingrani,2TM,0.1
2017,cingrto01,Tony Cingrani,CIN,-0.1
2017,cingrto01,Tony Cingrani,LAD,0.2
2017,tuivasa01,Sam Tuivailala,STL,0.8
2017,weaveje02,Jered Weaver,SDP,-1.2
2017,wittgni01,Nick Wittgren,MIA,0.0
2017,dullry01,Ryan Dull,OAK,-0.7
2017,hildetr01,Trevor Hildenberger,MIN,0.9
2017,diazmi02,Miguel Díaz,SDP,-0.8
2017,bolsimi01,Mike Bolsinger,TOR,-0.5
2017,boyerbl01,Blaine Boyer,BOS,0.2
2017,hoovejj01,J.J. Hoover,ARI,0.5
2017,alberan01,Andrew Albers,SEA,0.2
2017,motteja01,Jason Motte,ATL,0.7
2017,zychto01,Tony Zych,SEA,1.1
2017,grillja01,Jason Grilli,2TM,-0.6
2017,grillja01,Jason Grilli,TOR,-0.6
2017,grillja01,Jason Grilli,TEX,0.0
2017,gonzama02,Marco Gonzales,2TM,-0.2
2017,gonzama02,Marco Gonzales,STL,-0.2
2017,gonzama02,Marco Gonzales,SEA,0.0
2017,workmbr01,Brandon Workman,BOS,0.4
2017,holdejo02,Jonathan Holder,NYY,0.5
2017,siegrke01,Kevin Siegrist,2TM,0.0
2017,siegrke01,Kevin Siegrist,STL,-0.1
2017,siegrke01,Kevin Siegrist,PHI,0.1
2017,turneja01,Jacob Turner,WSN,0.0
2017,kelake01,Keone Kela,TEX,1.3
2017,stumpda01,Daniel Stumpf,DET,0.9
2017,brittza01,Zack Britton,BAL,1.0
2017,lawde01,Derek Law,SFG,0.1
2017,sippto01,Tony Sipp,HOU,-0.4
2017,castrsi01,Simon Castro,OAK,0.1
2017,edginjo01,Josh Edgin,NYM,0.6
2017,bonilli01,Lisalverto Bonilla,CIN,-0.9
2017,cessalu01,Luis Cessa,NYY,0.1
2017,sanchaa01,Aaron Sanchez,TOR,-0.1
2017,scottro02,Robby Scott,BOS,0.5
2017,breslcr01,Craig Breslow,2TM,0.0
2017,breslcr01,Craig Breslow,MIN,-0.1
2017,breslcr01,Craig Breslow,CLE,0.1
2017,boshebu01,Buddy Boshers,MIN,0.0
2017,smithjo07,Josh A. Smith,OAK,0.1
2017,braulst01,Steven Brault,PIT,0.0
2017,steckdr01,Drew Steckenrider,MIA,0.6
2017,strahma01,Matt Strahm,KCR,0.0
2017,ynoaga01,Gabriel Ynoa,BAL,0.5
2017,penafe01,Félix Peña,CHC,-0.1
2017,stewabr01,Brock Stewart,LAD,0.0
2017,verhadr01,Drew VerHagen,DET,0.1
2017,bradfch02,Chasen Bradford,NYM,0.3
2017,hardybl01,Blaine Hardy,DET,-0.2
2017,chenwe02,Wei-Yin Chen,MIA,0.4
2017,ogradch01,Chris O'Grady,MIA,0.3
2017,perezol01,Óliver Pérez,WSN,0.3
2017,briceau01,Austin Brice,CIN,-0.1
2017,mitchbr01,Bryan Mitchell,NYY,-0.3
2017,crickky01,Kyle Crick,SFG,0.5
2017,estevca01,Carlos Estévez,COL,0.0
2017,wislema01,Matt Wisler,ATL,-0.8
2017,lockeje01,Jeff Locke,MIA,-1.0
2017,montafr02,Frankie Montas,OAK,-0.5
2017,schugaj01,A.J. Schugel,PIT,0.9
2017,bradymi01,Michael Brady,OAK,-0.2
2017,busenal01,Alan Busenitz,MIN,0.8
2017,suareal01,Albert Suárez,SFG,0.0
2017,milneho01,Hoby Milner,PHI,1.1
2017,peterdi01,Dillon Peters,MIA,0.0
2017,rzepcma01,Marc Rzepczynski,SEA,0.2
2017,ramirne01,Neil Ramírez,2TM,-1.0
2017,ramirne01,Neil Ramírez,SFG,-0.8
2017,ramirne01,Neil Ramírez,NYM,-0.2
2017,iwakuhi01,Hisashi Iwakuma,SEA,0.3
2017,shackke01,Kevin Shackelford,CIN,0.1
2017,valdece01,César Valdez,2TM,-0.7
2017,valdece01,César Valdez,OAK,-0.3
2017,valdece01,César Valdez,TOR,-0.4
2017,syndeno01,Noah Syndergaard,NYM,0.5
2017,diazju03,Jumbo Díaz,TBR,-0.6
2017,melanma01,Mark Melancon,SFG,0.1
2017,youngch03,Chris Young,KCR,-0.5
2017,alvarjo03,José Alvarado,TBR,0.4
2017,pintori01,Ricardo Pinto,PHI,-0.9
2017,boxbebr01,Brad Boxberger,TBR,0.5
2017,goharlu01,Luiz Gohara,ATL,0.2
2017,goedder01,Erik Goeddel,NYM,0.0
2017,paulida01,David Paulino,HOU,-0.4
2017,ynoami01,Michael Ynoa,CHW,-0.3
2017,barbajo01,Johnny Barbato,PIT,0.3
2017,dejonch01,Chase De Jong,SEA,-0.4
2017,richaga01,Garrett Richards,LAA,0.9
2017,barreja01,Jake Barrett,ARI,-0.2
2017,johnsbr02,Brian Johnson,BOS,0.2
2017,okertst01,Steven Okert,SFG,-0.3
2017,rodrijo06,Joely Rodríguez,PHI,-1.0
2017,quackke01,Kevin Quackenbush,SDP,-0.6
2017,wilheto01,Tom Wilhelmsen,ARI,0.2
2017,friedma01,Max Fried,ATL,0.2
2017,kellesh01,Shawn Kelley,WSN,-0.7
2017,solissa01,Sammy Solís,WSN,-0.2
2017,bandaan01,Anthony Banda,ARI,0.0
2017,petrija01,Jake Petricka,CHW,-0.6
2017,neverdo01,Dovydas Neverauskas,PIT,0.3
2017,rodrifr03,Francisco Rodríguez,DET,-0.9
2017,guerrde01,Deolis Guerra,LAA,0.0
2017,shiplbr01,Braden Shipley,ARI,-0.2
2017,stephja01,Jackson Stephens,CIN,0.2
2017,wrighmi01,Mike Wright Jr.,BAL,-0.1
2017,armstsh01,Shawn Armstrong,CLE,0.1
2017,familje01,Jeurys Familia,NYM,0.0
2017,velazhe01,Hector Velázquez,BOS,0.6
2017,hernaar01,Ariel Hernández,CIN,0.0
2017,alcanra01,Raúl Alcantara,OAK,-0.4
2017,cosarja01,Jarred Cosart,SDP,0.0
2017,davisro03,Rookie Davis,CIN,-0.9
2017,wrighst01,Steven Wright,BOS,-0.8
2017,espinpa01,Paolo Espino,2TM,-0.2
2017,espinpa01,Paolo Espino,MIL,-0.2
2017,espinpa01,Paolo Espino,TEX,0.1
2017,brothre01,Rex Brothers,ATL,-0.4
2017,daytogr01,Grant Dayton,LAD,-0.1
2017,scribtr01,Troy Scribner,LAA,-0.1
2017,fulmeca01,Carson Fulmer,CHW,0.5
2017,uriasju01,Julio Urías,LAD,-0.2
2017,overtdi01,Dillon Overton,2TM,-0.4
2017,overtdi01,Dillon Overton,SEA,-0.3
2017,overtdi01,Dillon Overton,SDP,-0.1
2017,dermoma01,Matt Dermody,TOR,0.0
2017,gomezje01,Jeanmar Gómez,PHI,-0.7
2017,pareded01,Eduardo Paredes,LAA,0.1
2017,scahiro01,Rob Scahill,MIL,-0.2
2017,bummeaa01,Aaron Bummer,CHW,0.2
2017,millesh01,Shelby Miller,ARI,0.3
2017,pillty01,Tyler Pill,NYM,-0.3
2017,gartory01,Ryan Garton,2TM,0.0
2017,gartory01,Ryan Garton,TBR,-0.4
2017,gartory01,Ryan Garton,SEA,0.4
2017,heanean01,Andrew Heaney,LAA,-0.4
2017,flaheja01,Jack Flaherty,STL,-0.3
2017,axforjo01,John Axford,OAK,-0.3
2017,guerrja01,Javy Guerra,MIA,0.3
2017,loganbo02,Boone Logan,CLE,0.0
2017,morribr01,Bryan Morris,SFG,-0.3
2017,tonkimi01,Michael Tonkin,MIN,-0.1
2017,brachsi01,Silvino Bracho,ARI,-0.1
2017,merriry01,Ryan Merritt,CLE,0.7
2017,yacabji01,Jimmy Yacabonis,BAL,0.2
2017,gallegi01,Giovanny Gallegos,NYY,0.0
2017,mahlety01,Tyler Mahle,CIN,0.6
2017,olsonty01,Tyler Olson,CLE,1.2
2017,stanery01,Ryne Stanek,TBR,-0.2
2017,morinmi01,Mike Morin,2TM,-0.3
2017,morinmi01,Mike Morin,LAA,-0.3
2017,morinmi01,Mike Morin,KCR,-0.1
2017,wrighda04,Daniel Wright,LAA,-0.1
2017,gloveko01,Koda Glover,WSN,-0.1
2017,volstch01,Chris Volstad,CHW,0.2
2017,jimenjo02,Joe Jiménez,DET,-1.0
2017,mcgraky01,Kyle McGrath,SDP,0.4
2017,rowlech01,Chris Rowley,TOR,-0.3
2017,smithca03,Caleb Smith,NYY,-0.3
2017,socolmi01,Miguel Socolovich,STL,-0.6
2017,dukeza01,Zach Duke,STL,0.2
2017,oflaher01,Eric O'Flaherty,ATL,-0.5
2017,dygesje01,Jesen Therrien,PHI,-0.4
2017,haleyju01,Justin Haley,MIN,-0.1
2017,santaed01,Edgar Santana,PIT,0.2
2017,skogler01,Eric Skoglund,KCR,-0.6
2017,albural01,Al Alburquerque,2TM,0.5
2017,albural01,Al Alburquerque,KCR,0.2
2017,albural01,Al Alburquerque,CHW,0.3
2017,valdejo03,José Váldez,2TM,-0.5
2017,valdejo03,José Váldez,LAA,-0.1
2017,valdejo03,José Váldez,SDP,-0.4
2017,baumabu01,Buddy Baumann,SDP,0.5
2017,reedco01,Cody Reed,CIN,-0.1
2017,turleni01,Nik Turley,MIN,-0.8
2017,gantjo01,John Gant,STL,0.1
2017,maddoau01,Austin Maddox,BOS,0.7
2017,taylobe10,Ben Taylor,BOS,-0.1
2017,collmjo01,Josh Collmenter,ATL,-0.8
2017,mayzati01,Tim Mayza,TOR,-0.4
2017,quallch01,Chad Qualls,COL,0.0
2017,ramirca01,Carlos Ramírez,TOR,0.5
2017,ravinjo01,Josh Ravin,LAD,-0.3
2017,santolu01,Luis Santos,TOR,0.5
2017,alvarda01,Dario Álvarez,TEX,0.2
2017,riosya01,Yacksel Ríos,PHI,0.1
2017,guduare01,Reymin Guduan,HOU,-0.4
2017,belivje01,Jeff Beliveau,TOR,-0.3
2017,broxtjo01,Jonathan Broxton,STL,-0.3
2017,rondobr01,Bruce Rondón,DET,-0.9
2017,tepesni01,Nick Tepesch,2TM,-0.2
2017,tepesni01,Nick Tepesch,MIN,-0.4
2017,tepesni01,Nick Tepesch,TOR,0.1
2017,feddeer01,Erick Fedde,WSN,-0.5
2017,kittran01,Andrew Kittredge,TBR,0.4
2017,slegeaa01,Aaron Slegers,MIN,-0.2
2017,wilsoty01,Tyler Wilson,BAL,-0.4
2017,latosma01,Mat Latos,TOR,-0.1
2017,minteaj01,A.J. Minter,ATL,0.4
2017,alvarhe01,Henderson Alvarez III,PHI,0.3
2017,nealza01,Zach Neal,OAK,-0.2
2017,nunovi01,Vidal Nuño III,BAL,-0.5
2017,buchaja01,Jake Buchanan,CIN,-0.3
2017,germado01,Domingo Germán,NYY,0.2
2017,sherrry01,Ryan Sherriff,STL,0.2
2017,winklda01,Dan Winkler,ATL,0.5
2017,wilkad01,Adam Wilk,2TM,-0.4
2017,wilkad01,Adam Wilk,NYM,-0.2
2017,wilkad01,Adam Wilk,MIN,-0.2
2017,campole01,Leonel Campos,TOR,0.2
2017,mcguide02,Deck McGuire,CIN,0.2
2017,aquinja01,Jayson Aquino,BAL,-0.3
2017,diazda01,Dayán Díaz,HOU,-0.4
2017,finnebr01,Brandon Finnegan,CIN,0.2
2017,layneto01,Tommy Layne,NYY,-0.3
2017,rodriri04,Ricardo Rodríguez,TEX,-0.1
2017,zastrro01,Rob Zastryzny,CHC,-0.3
2017,ramirno01,Noé Ramirez,2TM,0.2
2017,ramirno01,Noé Ramirez,BOS,0.0
2017,ramirno01,Noé Ramirez,LAA,0.2
2017,farrelu01,Luke Farrell,2TM,0.0
2017,farrelu01,Luke Farrell,KCR,-0.2
2017,farrelu01,Luke Farrell,CIN,0.2
2017,jayemy01,Myles Jaye,DET,-0.6
2017,cappsca01,Carter Capps,SDP,-0.1
2017,crichst01,Stefan Crichton,BAL,-0.2
2017,mendeyo01,Yohander Méndez,TEX,0.0
2017,sanchan03,Ángel Sánchez,PIT,-0.3
2017,goldbbr01,Brad Goldberg,CHW,-0.3
2017,fienca01,Casey Fien,2TM,-1.1
2017,fienca01,Casey Fien,SEA,-0.5
2017,fienca01,Casey Fien,PHI,-0.5
2017,jonesna01,Nate Jones,CHW,0.4
2017,hellebe01,Ben Heller,NYY,0.5
2017,howeljp01,J.P. Howell,TOR,-0.3
2017,aranovi01,Víctor Arano,PHI,0.5
2017,diekmja01,Jake Diekman,TEX,0.4
2017,hurshja01,Jason Hursh,ATL,0.0
2017,sherfji01,James Sherfy,ARI,0.6
2017,verrelo01,Logan Verrett,BAL,0.1
2017,roech01,Chaz Roe,2TM,0.1
2017,roech01,Chaz Roe,ATL,-0.2
2017,roech01,Chaz Roe,TBR,0.4
2017,lewicar01,Artie Lewicki,DET,-0.1
2017,lindbjo01,Josh Lindblom,PIT,-0.2
2017,poundbr01,Brooks Pounders,LAA,-0.4
2017,wilkeaa01,Aaron Wilkerson,MIL,0.2
2017,huch02,Chih-Wei Hu,TBR,0.2
2017,florody01,Dylan Floro,CHC,-0.1
2017,manesse01,Seth Maness,KCR,0.1
2017,reiniza01,Zac Reininger,DET,-0.1
2017,buehlwa01,Walker Buehler,LAD,-0.2
2017,ferreje01,Jeff Ferrell,DET,0.0
2017,bastaan01,Antonio Bastardo,PIT,-0.7
2017,rhameja01,Jacob Rhame,NYM,-0.3
2017,rossro01,Robbie Ross,BOS,-0.2
2017,blazemi01,Michael Blazek,MIL,-0.3
2017,curtijo02,John Curtiss,MIN,-0.2
2017,mcgowke01,Kevin McGowan,NYM,0.0
2017,putnaza01,Zach Putnam,CHW,0.5
2017,alcansa01,Sandy Alcantara,STL,-0.1
2017,kendrky01,Kyle Kendrick,BOS,-0.5
2017,kolarad01,Adam Kolarek,TBR,-0.2
2017,pareded02,Edward Paredes,LAD,0.1
2017,curtiza01,Zac Curtis,2TM,0.1
2017,curtiza01,Zac Curtis,SEA,0.0
2017,curtiza01,Zac Curtis,PHI,0.1
2017,astinba01,Barrett Astin,CIN,-0.1
2017,gardeni01,Nick Gardewine,TEX,-0.2
2017,hauscmi01,Mike Hauschild,TEX,-0.3
2017,leeza01,Zach Lee,SDP,0.1
2017,mazzoco01,Cory Mazzoni,SDP,-0.6
2017,webbty01,Tyler Webb,2TM,-0.1
2017,webbty01,Tyler Webb,NYY,0.0
2017,webbty01,Tyler Webb,MIL,-0.2
2017,delarru01,Rubby De La Rosa,ARI,0.0
2017,jorgefe01,Félix Jorge,MIN,-0.3
2017,machije01,Jean Machi,SEA,0.2
2017,marshev01,Evan Marshall,SEA,-0.3
2017,simmosh01,Shae Simmons,SEA,-0.2
2017,wahlbo01,Bobby Wahl,OAK,0.0
2017,rosscza01,Zac Rosscup,2TM,0.1
2017,rosscza01,Zac Rosscup,CHC,0.0
2017,rosscza01,Zac Rosscup,COL,0.0
2017,alcanvi01,Victor Alcántara,DET,-0.1
2017,buchhcl01,Clay Buchholz,PHI,-0.4
2017,lucasjo02,Josh Lucas,STL,0.1
2017,morriak01,Akeel Morris,ATL,0.3
2017,scribev01,Evan Scribner,SEA,-0.4
2017,whalero01,Rob Whalen,SEA,0.0
2017,wimmeal01,Alex Wimmers,MIN,0.0
2017,frierer01,Ernesto Frieri,TEX,0.0
2017,callaja01,Jamie Callahan,NYM,0.0
2017,fryja01,Jace Fry,CHW,-0.3
2017,leonar02,Arcenio León,DET,-0.3
2017,mollsa01,Sam Moll,OAK,-0.3
2017,moronre01,Reyes Moronta,SFG,0.2
2017,smithca02,Carson Smith,BOS,0.2
2017,harrelu01,Lucas Harrell,TOR,-0.1
2017,moyaga01,Gabriel Moya,MIN,0.1
2017,mujiced01,Edward Mujica,DET,-0.3
2017,chacial01,Alejandro Chacín,CIN,-0.2
2017,garcion01,Onelki García,KCR,-0.4
2017,labouja01,Jairo Labourt,DET,0.1
2017,tsengje01,Jen-Ho Tseng,CHC,-0.2
2017,hestoch01,Chris Heston,2TM,-0.5
2017,hestoch01,Chris Heston,SEA,-0.6
2017,hestoch01,Chris Heston,MIN,0.1
2017,bassan01,Anthony Bass,TEX,-0.3
2017,morendi01,Diego Moreno,TBR,-0.1
2017,perkigl01,Glen Perkins,MIN,-0.1
2017,rodriri05,Richard Rodríguez,BAL,-0.3
2017,ryanky01,Kyle Ryan,DET,-0.2
2017,melviti01,Tim Melville,2TM,-0.3
2017,melviti01,Tim Melville,MIN,-0.2
2017,melviti01,Tim Melville,SDP,-0.1
2017,gomezro01,Roberto Gómez,SFG,-0.1
2017,mapledi01,Dillon Maples,CHC,-0.2
2017,adamsau02,Austin Adams,WSN,0.0
2017,danisty01,Tyler Danish,CHW,0.3
2017,diazja01,Jairo Díaz,COL,-0.1
2017,gimench01,Chris Gimenez,MIN,0.0
2017,gustaja01,Jandel Gustave,HOU,-0.1
2017,smithch10,Chris Smith,TOR,0.0
2017,tollias01,Ashur Tolliver,HOU,0.1
2017,leathja01,Jack Leathersich,2TM,0.2
2017,leathja01,Jack Leathersich,CHC,-0.1
2017,leathja01,Jack Leathersich,PIT,0.3
2017,cervehu01,Hunter Cervenka,MIA,-0.4
2017,mayermi01,Mike Mayers,STL,-0.2
2017,willita01,Taylor Williams,MIL,0.1
2017,jankojo01,Jordan Jankowski,HOU,-0.2
2017,rucindr01,Drew Rucinski,MIN,-0.1
2017,bailean01,Andrew Bailey,LAA,0.2
2017,carlesh01,Shane Carle,COL,0.0
2017,ennsdi01,Dietrich Enns,MIN,-0.1
2017,lloydky01,Kyle Lloyd,SDP,-0.1
2017,mellake01,Keury Mella,CIN,0.0
2017,runzlda01,Dan Runzler,PIT,-0.1
2017,schepta01,Tanner Scheppers,TEX,-0.1
2017,streehu01,Huston Street,LAA,0.1
2017,bethach01,Christian Bethancourt,SDP,-0.3
2017,fontwi01,Wilmer Font,LAD,-0.3
2017,machaan02,Andrés Machado,KCR,-0.3
2017,povsema01,Max Povse,SEA,-0.2
2017,weberry01,Ryan Weber,SEA,0.1
2017,gilmase01,Sean Gilmartin,NYM,-0.2
2017,liberad01,Adam Liberatore,LAD,0.1
2017,blairaa01,Aaron Blair,ATL,-0.2
2017,cedenxa01,Xavier Cedeño,TBR,-0.6
2017,gotttr01,Trevor Gott,WSN,-0.5
2017,herrero01,Ronald Herrera,NYY,-0.1
2017,plaweke01,Kevin Plawecki,NYM,-0.1
2017,wheelja01,Jason Wheeler,MIN,-0.1
2017,deleojo03,José De León,TBR,-0.2
2017,anderdr02,Drew Anderson,PHI,-0.3
2017,flynnbr01,Brian Flynn,KCR,0.0
2017,martiky01,Kyle Martin,BOS,0.0
2017,rosarra01,Randy Rosario,MIN,-0.3
2017,almonmi01,Miguel Almonte,KCR,-0.1
2017,claibpr01,Preston Claiborne,TEX,-0.1
2017,descada01,Daniel Descalso,ARI,0.1
2017,frankse01,Seth Frankoff,CHC,-0.1
2017,housetj01,T.J. House,TOR,0.0
2017,lopezjo02,Jorge López,MIL,0.0
2017,martico01,Cody Martin,SEA,-0.1
2017,crockky01,Kyle Crockett,CLE,-0.1
2017,davisjd01,J.D. Davis,HOU,0.1
2017,scottta01,Tanner Scott,BAL,-0.1
2017,aybarer01,Erick Aybar,SDP,0.1
2017,castifa01,Fabio Castillo,LAD,-0.1
2017,marksju01,Justin Marks,TBR,0.0
2017,wangwe01,Wei-Chung Wang,MIL,-0.1
2017,aokino01,Nori Aoki,HOU,-0.1
2017,brantro01,Rob Brantly,CHW,0.0
2017,cloydty01,Tyler Cloyd,SEA,0.1
2017,coleta01,Taylor Cole,TOR,-0.3
2017,freemmi01,Mike Freeman,SEA,0.0
2017,gennesc01,Scooter Gennett,CIN,-0.1
2017,goforda01,David Goforth,MIL,0.0
2017,jayjo02,Jon Jay,CHC,0.0
2017,johnspi01,Pierce Johnson,CHC,-0.1
2017,martimi02,Michael Martínez,CLE,0.0
2017,montemi01,Miguel Montero,CHC,0.0
2017,morelmi01,Mitch Moreland,BOS,0.0
2017,nichobr01,Brett Nicholas,TEX,-0.1
2017,perezhe01,Hernán Pérez,MIL,0.0
2017,rominan01,Andrew Romine,DET,0.1
2017,ruizca01,Carlos Ruiz,SEA,0.0
2017,ruizjo01,José Ruiz,SDP,0.0
2017,sardilu01,Luis Sardiñas,SDP,0.0
2017,slanida01,Dan Slania,SFG,0.0
2017,sparkgl01,Glenn Sparkman,TOR,-0.4
2017,sucreje01,Jesús Sucre,TBR,-0.1
2017,vieirth01,Thyago Vieira,SEA,0.0
2017,whitety01,Tyler White,HOU,-0.1
2017,beatope01,Pedro Beato,PHI,0.0
2017,gurkaja01,Jason Gurka,LAA,0.1
2017,guthrje01,Jeremy Guthrie,WSN,-0.4
2017,jungmta01,Taylor Jungmann,MIL,0.0
2017,martile01,Leonys Martín,CHC,-0.1
2017,blancan01,Andrés Blanco,PHI,0.0
2017,cuevawi01,William Cuevas,DET,-0.2
2017,eliasro01,Roenis Elías,BOS,0.0
2017,magnida01,Damien Magnifico,LAA,0.0
2017,woodhu01,Hunter Wood,TBR,0.0
2017,eschja01,Jake Esch,SDP,0.0
2017,kochma01,Matt Koch,ARI,0.0
2018,scherma01,Max Scherzer,WSN,7.9
2018,degroja01,Jacob deGrom,NYM,9.4
2018,klubeco01,Corey Kluber,CLE,6.0
2018,verlaju01,Justin Verlander,HOU,6.3
2018,nolaaa01,Aaron Nola,PHI,9.7
2018,greinza01,Zack Greinke,ARI,4.0
2018,keuchda01,Dallas Keuchel,HOU,2.3
2018,shielja02,James Shields,CHW,1.3
2018,freelky01,Kyle Freeland,COL,7.8
2018,mikolmi01,Miles Mikolas,STL,5.1
2018,colege01,Gerrit Cole,HOU,5.2
2018,clevimi01,Mike Clevinger,CLE,5.4
2018,corbipa01,Patrick Corbin,ARI,4.4
2018,hendrky01,Kyle Hendricks,CHC,2.8
2018,gibsoky01,Kyle Gibson,MIN,3.5
2018,marquge01,Germán Márquez,COL,4.2
2018,chacijh01,Jhoulys Chacín,MIL,1.7
2018,berrijo01,José Berríos,MIN,3.5
2018,carraca01,Carlos Carrasco,CLE,4.0
2018,porceri01,Rick Porcello,BOS,2.5
2018,severlu01,Luis Severino,NYY,4.0
2018,taillja01,Jameson Taillon,PIT,4.8
2018,hamelco01,Cole Hamels,2TM,3.6
2018,hamelco01,Cole Hamels,TEX,1.3
2018,hamelco01,Cole Hamels,CHC,2.3
2018,lopezre01,Reynaldo López,CHW,3.1
2018,leakemi01,Mike Leake,SEA,1.5
2018,gausmke01,Kevin Gausman,2TM,3.1
2018,gausmke01,Kevin Gausman,BAL,2.0
2018,gausmke01,Kevin Gausman,ATL,1.0
2018,foltymi01,Mike Foltynewicz,ATL,4.3
2018,wheelza01,Zack Wheeler,NYM,3.6
2018,lestejo01,Jon Lester,CHC,2.7
2018,snellbl01,Blake Snell,TBR,7.1
2018,roarkta01,Tanner Roark,WSN,2.2
2018,heanean01,Andrew Heaney,LAA,2.0
2018,godleza01,Zack Godley,ARI,-0.9
2018,happja01,J.A. Happ,2TM,2.9
2018,happja01,J.A. Happ,TOR,1.0
2018,happja01,J.A. Happ,NYY,1.8
2018,junisja01,Jakob Junis,KCR,2.1
2018,anderty01,Tyler Anderson,COL,2.5
2018,priceda01,David Price,BOS,3.7
2018,teherju01,Julio Teheran,ATL,1.9
2018,bauertr01,Trevor Bauer,CLE,6.0
2018,quintjo01,Jose Quintana,CHC,1.5
2018,urenajo01,José Ureña,MIA,2.1
2018,giolilu01,Lucas Giolito,CHW,-1.3
2018,arrieja01,Jake Arrieta,PHI,2.4
2018,grayjo02,Jon Gray,COL,1.3
2018,fiersmi01,Mike Fiers,2TM,4.4
2018,fiersmi01,Mike Fiers,DET,3.4
2018,fiersmi01,Mike Fiers,OAK,1.0
2018,bundydy01,Dylan Bundy,BAL,-0.1
2018,hollade01,Derek Holland,SFG,2.5
2018,gonzagi01,Gio González,2TM,1.5
2018,gonzagi01,Gio González,WSN,0.9
2018,gonzagi01,Gio González,MIL,0.6
2018,willitr01,Trevor Williams,PIT,3.8
2018,boydma01,Matthew Boyd,DET,2.5
2018,castilu02,Luis Castillo,CIN,1.8
2018,mortoch02,Charlie Morton,HOU,3.4
2018,gonzama02,Marco Gonzales,SEA,2.3
2018,odorija01,Jake Odorizzi,MIN,1.3
2018,newcose01,Sean Newcomb,ATL,1.9
2018,pivetni01,Nick Pivetta,PHI,1.8
2018,leblawa01,Wade LeBlanc,SEA,2.2
2018,kershcl01,Clayton Kershaw,LAD,3.3
2018,novaiv01,Iván Nova,PIT,1.0
2018,manaese01,Sean Manaea,OAK,2.9
2018,paxtoja01,James Paxton,SEA,3.0
2018,suarean01,Andrew Suárez,SFG,0.9
2018,richacl01,Clayton Richard,SDP,-0.9
2018,anderch01,Chase Anderson,MIL,1.1
2018,salech01,Chris Sale,BOS,6.5
2018,minormi01,Mike Minor,TEX,3.8
2018,lynnla01,Lance Lynn,2TM,0.4
2018,lynnla01,Lance Lynn,MIN,0.1
2018,lynnla01,Lance Lynn,NYY,0.3
2018,tanakma01,Masahiro Tanaka,NYY,2.3
2018,hernafe02,Félix Hernández,SEA,-1.3
2018,duffyda01,Danny Duffy,KCR,1.4
2018,harvema01,Matt Harvey,2TM,1.1
2018,harvema01,Matt Harvey,NYM,-0.4
2018,harvema01,Matt Harvey,CIN,1.5
2018,syndeno01,Noah Syndergaard,NYM,3.7
2018,matzst01,Steven Matz,NYM,1.4
2018,cashnan01,Andrew Cashner,BAL,0.4
2018,sabatc.01,CC Sabathia,NYY,1.8
2018,cobbal01,Alex Cobb,BAL,0.8
2018,woodal02,Alex Wood,LAD,1.2
2018,flaheja01,Jack Flaherty,STL,3.2
2018,rossty01,Tyson Ross,2TM,1.2
2018,rossty01,Tyson Ross,SDP,0.5
2018,rossty01,Tyson Ross,STL,0.6
2018,archech01,Chris Archer,2TM,0.8
2018,archech01,Chris Archer,TBR,0.3
2018,archech01,Chris Archer,PIT,0.5
2018,yarbrry01,Ryan Yarbrough,TBR,1.2
2018,velasvi01,Vince Velasquez,PHI,1.4
2018,colonba01,Bartolo Colon,TEX,0.8
2018,romansa01,Sal Romano,CIN,-0.2
2018,stratch01,Chris Stratton,SFG,-0.5
2018,estrama01,Marco Estrada,TOR,0.4
2018,guerrju02,Junior Guerra,MIL,-0.1
2018,kellebr01,Brad Keller,KCR,4.2
2018,buehlwa01,Walker Buehler,LAD,3.6
2018,sanchan01,Aníbal Sánchez,ATL,3.3
2018,weavelu01,Luke Weaver,STL,-0.7
2018,liriafr01,Francisco Liriano,DET,0.3
2018,chenwe02,Wei-Yin Chen,MIA,0.2
2018,hillri01,Rich Hill,LAD,1.5
2018,fulmemi01,Michael Fulmer,DET,1.3
2018,zimmejo02,Jordan Zimmermann,DET,1.0
2018,grayso01,Sonny Gray,NYY,0.1
2018,lucchjo01,Joey Lucchesi,SDP,1.0
2018,strasst01,Stephen Strasburg,WSN,2.3
2018,bumgama01,Madison Bumgarner,SFG,2.8
2018,rodried05,Eduardo Rodríguez,BOS,2.6
2018,barrija01,Jaime Barria,LAA,3.1
2018,mcculla02,Lance McCullers Jr.,HOU,1.4
2018,eflinza01,Zach Eflin,PHI,1.7
2018,hammeja01,Jason Hammel,KCR,-1.0
2018,richatr01,Trevor Richards,MIA,0.8
2018,maedake01,Kenta Maeda,LAD,0.7
2018,skaggty01,Tyler Skaggs,LAA,1.8
2018,montgmi01,Mike Montgomery,CHC,0.9
2018,gavigsa01,Sam Gaviglio,TOR,0.4
2018,rayro02,Robbie Ray,ARI,1.3
2018,straida01,Dan Straily,MIA,0.7
2018,stripro01,Ross Stripling,LAD,2.4
2018,coveydy01,Dylan Covey,CHW,-0.2
2018,rodonca01,Carlos Rodón,CHW,2.0
2018,bettich01,Chad Bettis,COL,0.7
2018,kenneia01,Ian Kennedy,KCR,1.0
2018,blachty01,Ty Blach,SFG,0.4
2018,martica04,Carlos Martínez,STL,2.0
2018,rodride01,Dereck Rodríguez,SFG,2.7
2018,mengdda01,Daniel Mengden,OAK,1.1
2018,musgrjo01,Joe Musgrove,PIT,1.2
2018,desclan01,Anthony DeSclafani,CIN,0.5
2018,biebesh01,Shane Bieber,CLE,1.1
2018,gantjo01,John Gant,STL,1.2
2018,lauerer01,Eric Lauer,SDP,0.1
2018,mahlety01,Tyler Mahle,CIN,0.2
2018,glasnty01,Tyler Glasnow,2TM,0.7
2018,glasnty01,Tyler Glasnow,PIT,0.1
2018,glasnty01,Tyler Glasnow,TBR,0.6
2018,eovalna01,Nathan Eovaldi,2TM,1.2
2018,eovalna01,Nathan Eovaldi,TBR,0.5
2018,eovalna01,Nathan Eovaldi,BOS,0.6
2018,cahiltr01,Trevor Cahill,OAK,1.4
2018,erlinro01,Robbie Erlin,SDP,0.1
2018,baileho02,Homer Bailey,CIN,-1.4
2018,sanchaa01,Aaron Sanchez,TOR,0.7
2018,chatwty01,Tyler Chatwood,CHC,-0.4
2018,hessda01,David Hess,BAL,0.5
2018,stromma01,Marcus Stroman,TOR,0.0
2018,moorema02,Matt Moore,TEX,-1.0
2018,santihe01,Héctor Santiago,CHW,0.6
2018,lugose01,Seth Lugo,NYM,2.1
2018,suterbr01,Brent Suter,MIL,-0.3
2018,johnsbr02,Brian Johnson,BOS,1.2
2018,buchhcl01,Clay Buchholz,ARI,2.8
2018,borucry01,Ryan Borucki,TOR,1.5
2018,chaveje01,Jesse Chavez,2TM,3.1
2018,chaveje01,Jesse Chavez,TEX,1.2
2018,chaveje01,Jesse Chavez,CHC,1.9
2018,gallayo01,Yovani Gallardo,2TM,0.0
2018,gallayo01,Yovani Gallardo,CIN,-0.4
2018,gallayo01,Yovani Gallardo,TEX,0.4
2018,petityu01,Yusmeiro Petit,OAK,1.8
2018,penafe01,Félix Peña,LAA,1.1
2018,jacksed01,Edwin Jackson,OAK,1.7
2018,vargaja01,Jason Vargas,NYM,-0.5
2018,braulst01,Steven Brault,PIT,-0.2
2018,hellije01,Jeremy Hellickson,WSN,1.3
2018,senzaan01,Antonio Senzatela,COL,1.2
2018,chiriyo01,Yonny Chirinos,TBR,1.1
2018,lylesjo01,Jordan Lyles,2TM,0.4
2018,lylesjo01,Jordan Lyles,SDP,0.3
2018,lylesjo01,Jordan Lyles,MIL,0.1
2018,kochma01,Matt Koch,ARI,0.5
2018,castrmi01,Miguel Castro,BAL,1.2
2018,hardybl01,Blaine Hardy,DET,2.1
2018,germado01,Domingo Germán,NYY,-0.4
2018,perezma02,Martín Pérez,TEX,-0.8
2018,kuhlch01,Chad Kuhl,PIT,0.1
2018,velazhe01,Hector Velázquez,BOS,1.3
2018,wachami01,Michael Wacha,STL,1.1
2018,wrighmi01,Mike Wright Jr.,BAL,-0.2
2018,ramirno01,Noé Ramirez,LAA,0.3
2018,fillmhe01,Heath Fillmyer,KCR,1.1
2018,ryuhy01,Hyun Jin Ryu,LAD,2.2
2018,garcija02,Jaime García,2TM,-0.6
2018,garcija02,Jaime García,TOR,-0.6
2018,garcija02,Jaime García,CHC,0.0
2018,haderjo01,Josh Hader,MIL,2.1
2018,lorenmi01,Michael Lorenzen,CIN,1.5
2018,mileywa01,Wade Miley,MIL,1.4
2018,anderbr04,Brett Anderson,OAK,0.6
2018,treinbl01,Blake Treinen,OAK,4.4
2018,gsellro01,Robert Gsellman,NYM,-0.4
2018,stammcr01,Craig Stammen,SDP,1.8
2018,hugheja02,Jared Hughes,CIN,3.4
2018,mccarbr01,Brandon McCarthy,ATL,-0.1
2018,andrima01,Matt Andriese,2TM,-1.0
2018,andrima01,Matt Andriese,TBR,-0.2
2018,andrima01,Matt Andriese,ARI,-0.8
2018,peralfr01,Freddy Peralta,MIL,0.5
2018,smithbu03,Burch Smith,KCR,-1.0
2018,hicksjo03,Jordan Hicks,STL,0.7
2018,ottavad01,Adam Ottavino,COL,2.5
2018,smithca03,Caleb Smith,MIA,0.7
2018,givenmy01,Mychal Givens,BAL,0.9
2018,jeffrje01,Jeremy Jeffress,MIL,3.3
2018,plutkad01,Adam Plutko,CLE,0.2
2018,richaga01,Garrett Richards,LAA,0.3
2018,kinghni01,Nick Kingham,PIT,-0.5
2018,tropeni01,Nick Tropeano,LAA,0.3
2018,flynnbr01,Brian Flynn,KCR,0.7
2018,greench03,Chad Green,NYY,2.0
2018,gombeau01,Austin Gomber,STL,0.4
2018,pomerdr01,Drew Pomeranz,BOS,-0.7
2018,trivilo01,Lou Trivino,OAK,1.7
2018,zieglbr01,Brad Ziegler,2TM,0.1
2018,zieglbr01,Brad Ziegler,MIA,0.1
2018,zieglbr01,Brad Ziegler,ARI,0.1
2018,diazed04,Edwin Díaz,SEA,3.1
2018,hildetr01,Trevor Hildenberger,MIN,-0.8
2018,mitchbr01,Bryan Mitchell,SDP,-0.4
2018,mchugco01,Collin McHugh,HOU,2.0
2018,biagijo01,Joe Biagini,TOR,-0.5
2018,iglesra01,Raisel Iglesias,CIN,2.1
2018,mccarke01,Kevin McCarthy,KCR,1.5
2018,mcfartj01,T.J. McFarland,ARI,1.6
2018,handbr01,Brad Hand,2TM,1.0
2018,handbr01,Brad Hand,SDP,0.0
2018,handbr01,Brad Hand,CLE,1.0
2018,familje01,Jeurys Familia,2TM,1.5
2018,familje01,Jeurys Familia,NYM,1.1
2018,familje01,Jeurys Familia,OAK,0.4
2018,bradlar01,Archie Bradley,ARI,0.3
2018,janseke01,Kenley Jansen,LAD,0.6
2018,pressry01,Ryan Pressly,2TM,2.1
2018,pressry01,Ryan Pressly,MIN,0.7
2018,pressry01,Ryan Pressly,HOU,1.3
2018,cishest01,Steve Cishek,CHC,2.0
2018,dysonsa01,Sam Dyson,SFG,1.5
2018,tomlijo01,Josh Tomlin,CLE,-0.8
2018,skogler01,Eric Skoglund,KCR,0.3
2018,riverfe01,Felipe Vázquez,PIT,1.5
2018,pruitau01,Austin Pruitt,TBR,-0.3
2018,roberda08,David Robertson,NYY,0.7
2018,farmebu01,Buck Farmer,DET,0.8
2018,rodriri05,Richard Rodríguez,PIT,1.7
2018,clippty01,Tyler Clippard,TOR,1.3
2018,claudal01,Álex Claudio,TEX,1.0
2018,rogerta01,Taylor Rogers,MIN,2.0
2018,cimbead01,Adam Cimber,2TM,0.9
2018,cimbead01,Adam Cimber,SDP,0.6
2018,cimbead01,Adam Cimber,CLE,0.2
2018,ohse01,Seunghwan Oh,2TM,2.3
2018,ohse01,Seunghwan Oh,TOR,1.5
2018,ohse01,Seunghwan Oh,COL,0.8
2018,colomal01,Alex Colomé,2TM,1.1
2018,colomal01,Alex Colomé,TBR,-0.3
2018,colomal01,Alex Colomé,SEA,1.3
2018,romose01,Sergio Romo,TBR,0.2
2018,allenco01,Cody Allen,CLE,0.1
2018,betande01,Dellin Betances,NYY,1.4
2018,hiranyo01,Yoshihisa Hirano,ARI,1.2
2018,parkebl01,Blake Parker,LAA,1.3
2018,santaed01,Edgar Santana,PIT,1.1
2018,stanery01,Ryne Stanek,TBR,1.2
2018,alexasc02,Scott Alexander,LAD,0.3
2018,davieza02,Zach Davies,MIL,-0.2
2018,fistedo01,Doug Fister,TEX,0.9
2018,garcija04,Jarlín García,MIA,-0.1
2018,holdejo02,Jonathan Holder,NYY,0.8
2018,watsoto01,Tony Watson,SFG,2.0
2018,hernael01,Elieser Hernández,MIA,-0.4
2018,kellyjo05,Joe Kelly,BOS,0.2
2018,daviswa01,Wade Davis,COL,0.9
2018,ramirye01,Yefry Ramírez,BAL,0.1
2018,fariaja01,Jake Faria,TBR,-0.3
2018,montafr02,Frankie Montas,OAK,0.4
2018,moronre01,Reyes Moronta,SFG,1.7
2018,peacobr01,Brad Peacock,HOU,0.7
2018,oswalco01,Corey Oswalt,NYM,-0.6
2018,steckdr01,Drew Steckenrider,MIA,0.4
2018,teperry01,Ryan Tepera,TOR,1.2
2018,jennida01,Dan Jennings,MIL,0.2
2018,rodnefe01,Fernando Rodney,2TM,0.9
2018,rodnefe01,Fernando Rodney,MIN,0.7
2018,rodnefe01,Fernando Rodney,OAK,0.2
2018,alvarjo03,José Alvarado,TBR,1.5
2018,bedroca01,Cam Bedrosian,LAA,0.5
2018,hernada01,David Hernández,CIN,1.9
2018,hunteto02,Tommy Hunter,PHI,1.3
2018,florody01,Dylan Floro,2TM,1.9
2018,florody01,Dylan Floro,CIN,0.8
2018,florody01,Dylan Floro,LAD,1.1
2018,biddlje01,Jesse Biddle,ATL,0.6
2018,greensh02,Shane Greene,DET,-0.3
2018,johnsji04,Jim Johnson,LAA,-0.4
2018,alvarjo02,José Álvarez,LAA,1.8
2018,carlesh01,Shane Carle,ATL,1.1
2018,garream01,Amir Garrett,CIN,0.6
2018,yateski01,Kirby Yates,SDP,2.1
2018,jimenjo02,Joe Jiménez,DET,0.2
2018,brachbr01,Brad Brach,2TM,0.3
2018,brachbr01,Brad Brach,BAL,-0.2
2018,brachbr01,Brad Brach,ATL,0.4
2018,kimbrcr01,Craig Kimbrel,BOS,2.1
2018,paganem01,Emilio Pagán,OAK,0.4
2018,barnema01,Matt Barnes,BOS,1.0
2018,wilsoal01,Alex Wilson,DET,1.4
2018,minteaj01,A.J. Minter,ATL,0.8
2018,strahma01,Matt Strahm,SDP,1.6
2018,kintzbr01,Brandon Kintzler,2TM,0.0
2018,kintzbr01,Brandon Kintzler,WSN,0.6
2018,kintzbr01,Brandon Kintzler,CHC,-0.6
2018,soriajo01,Joakim Soria,2TM,0.8
2018,soriajo01,Joakim Soria,CHW,1.0
2018,soriajo01,Joakim Soria,MIL,-0.2
2018,crickky01,Kyle Crick,PIT,1.5
2018,winklda01,Dan Winkler,ATL,0.3
2018,hembrhe01,Heath Hembree,BOS,0.3
2018,gracema02,Matt Grace,WSN,1.1
2018,stroppe01,Pedro Strop,CHC,1.8
2018,aranovi01,Víctor Arano,PHI,1.9
2018,rondohe01,Héctor Rondón,HOU,0.8
2018,lopezpa01,Pablo López,MIA,0.7
2018,obergsc01,Scott Oberg,COL,2.2
2018,oteroda01,Dan Otero,CLE,-0.3
2018,dominse01,Seranthony Domínguez,PHI,2.1
2018,guerrta01,Tayron Guerrero,MIA,-1.0
2018,leclejo01,José Leclerc,TEX,2.5
2018,norribu01,Bud Norris,STL,0.3
2018,gearrco01,Cory Gearrin,3TM,0.9
2018,gearrco01,Cory Gearrin,2TM,0.8
2018,gearrco01,Cory Gearrin,SFG,0.2
2018,gearrco01,Cory Gearrin,TEX,0.8
2018,gearrco01,Cory Gearrin,OAK,-0.1
2018,castidi01,Diego Castillo,TBR,1.0
2018,harriwi10,Will Harris,HOU,0.7
2018,magilma01,Matt Magill,MIN,0.7
2018,baezpe01,Pedro Báez,LAD,0.8
2018,sewalpa01,Paul Sewald,NYM,-1.0
2018,verhadr01,Drew VerHagen,DET,0.6
2018,vinceni01,Nick Vincent,SEA,0.3
2018,reedad01,Addison Reed,MIN,0.0
2018,rosajo01,Jorge De La Rosa,2TM,0.2
2018,rosajo01,Jorge De La Rosa,ARI,-0.3
2018,rosajo01,Jorge De La Rosa,CHC,0.5
2018,robleha01,Hansel Robles,2TM,0.4
2018,robleha01,Hansel Robles,NYM,0.0
2018,robleha01,Hansel Robles,LAA,0.5
2018,barraky01,Kyle Barraclough,MIA,0.1
2018,romerfe01,Fernando Romero,MIN,0.3
2018,anderju01,Justin Anderson,LAA,0.5
2018,knebeco01,Corey Knebel,MIL,0.3
2018,juradar01,Ariel Jurado,TEX,0.2
2018,rusinch01,Chris Rusin,COL,-0.9
2018,shawbr01,Bryan Shaw,COL,-1.2
2018,wilsoju10,Justin Wilson,CHC,0.6
2018,axforjo01,John Axford,2TM,-0.1
2018,axforjo01,John Axford,TOR,0.3
2018,axforjo01,John Axford,LAD,-0.4
2018,bradfch02,Chasen Bradford,SEA,0.6
2018,wrighst01,Steven Wright,BOS,1.4
2018,lopezjo02,Jorge López,2TM,0.0
2018,lopezjo02,Jorge López,MIL,0.2
2018,lopezjo02,Jorge López,KCR,-0.2
2018,boxbebr01,Brad Boxberger,ARI,-0.8
2018,scottta01,Tanner Scott,BAL,-0.1
2018,diekmja01,Jake Diekman,2TM,0.0
2018,diekmja01,Jake Diekman,TEX,0.8
2018,diekmja01,Jake Diekman,ARI,-0.8
2018,cuetojo01,Johnny Cueto,SFG,1.4
2018,smithwi04,Will Smith,SFG,1.1
2018,willita01,Taylor Williams,MIL,-0.4
2018,madsory01,Ryan Madson,2TM,-0.8
2018,madsory01,Ryan Madson,WSN,-0.6
2018,madsory01,Ryan Madson,LAD,-0.2
2018,shrevch01,Chasen Shreve,2TM,0.1
2018,shrevch01,Chasen Shreve,NYY,-0.2
2018,shrevch01,Chasen Shreve,STL,0.3
2018,milleju02,Justin Miller,WSN,0.7
2018,edwarca01,Carl Edwards Jr.,CHC,1.1
2018,rodrije01,Jefry Rodríguez,WSN,-0.4
2018,dukeza01,Zach Duke,2TM,0.1
2018,dukeza01,Zach Duke,MIN,0.1
2018,dukeza01,Zach Duke,SEA,0.0
2018,kelake01,Keone Kela,2TM,1.5
2018,kelake01,Keone Kela,TEX,1.1
2018,kelake01,Keone Kela,PIT,0.3
2018,mayermi01,Mike Mayers,STL,-0.1
2018,ohtansh01,Shohei Ohtani,LAA,1.3
2018,warread01,Adam Warren,2TM,0.9
2018,warread01,Adam Warren,NYY,0.6
2018,warread01,Adam Warren,SEA,0.3
2018,chapmar01,Aroldis Chapman,NYY,1.5
2018,colemlo01,Louis Coleman,DET,1.0
2018,fryja01,Jace Fry,CHW,0.2
2018,mcgeeja01,Jake McGee,COL,-1.0
2018,eliasro01,Roenis Elías,SEA,1.0
2018,brebbjo01,John Brebbia,STL,0.7
2018,conlead01,Adam Conley,MIA,0.0
2018,beeksja02,Jalen Beeks,2TM,-0.1
2018,beeksja02,Jalen Beeks,BOS,-0.4
2018,beeksja02,Jalen Beeks,TBR,0.3
2018,feddeer01,Erick Fedde,WSN,0.1
2018,freemsa01,Sam Freeman,ATL,0.0
2018,roech01,Chaz Roe,TBR,0.6
2018,gileske01,Ken Giles,2TM,-0.2
2018,gileske01,Ken Giles,HOU,-0.1
2018,gileske01,Ken Giles,TOR,0.0
2018,pazosja01,James Pazos,SEA,0.8
2018,butleed01,Eddie Butler,2TM,-0.4
2018,butleed01,Eddie Butler,CHC,-0.1
2018,butleed01,Eddie Butler,TEX,-0.3
2018,chafian01,Andrew Chafin,ARI,0.8
2018,morgaad01,Adam Morgan,PHI,0.5
2018,ferguca01,Caleb Ferguson,LAD,0.3
2018,kellesh01,Shawn Kelley,2TM,1.0
2018,kellesh01,Shawn Kelley,WSN,0.5
2018,kellesh01,Shawn Kelley,OAK,0.5
2018,barneja01,Jacob Barnes,MIL,-0.2
2018,coleaj01,A.J. Cole,2TM,-0.8
2018,coleaj01,A.J. Cole,WSN,-0.7
2018,coleaj01,A.J. Cole,NYY,-0.2
2018,bassich01,Chris Bassitt,OAK,0.6
2018,felizmi01,Michael Feliz,PIT,-0.9
2018,nerishe01,Hector Neris,PHI,0.1
2018,suerowa01,Wander Suero,WSN,0.7
2018,drakeol01,Oliver Drake,5TM,-0.1
2018,drakeol01,Oliver Drake,4TM,0.1
2018,drakeol01,Oliver Drake,MIL,-0.3
2018,drakeol01,Oliver Drake,CLE,-0.2
2018,drakeol01,Oliver Drake,LAA,0.0
2018,drakeol01,Oliver Drake,TOR,-0.1
2018,drakeol01,Oliver Drake,MIN,0.4
2018,devench02,Chris Devenski,HOU,0.1
2018,matonph01,Phil Maton,SDP,-0.1
2018,volstch01,Chris Volstad,CHW,-0.6
2018,minayju01,Juan Minaya,CHW,0.9
2018,rosarra01,Randy Rosario,CHC,0.0
2018,hollagr01,Greg Holland,2TM,-0.1
2018,hollagr01,Greg Holland,STL,-1.4
2018,hollagr01,Greg Holland,WSN,1.2
2018,garcilu03,Luis García,PHI,-0.5
2018,hudsoda01,Daniel Hudson,LAD,-0.4
2018,hillti01,Tim Hill,KCR,-0.1
2018,petrija01,Jake Petricka,TOR,-0.1
2018,ramirer02,Erasmo Ramírez,SEA,-0.6
2018,smithjo05,Joe Smith,HOU,0.4
2018,peralwa01,Wandy Peralta,CIN,-0.6
2018,strichu01,Hunter Strickland,SFG,-0.3
2018,avilalu01,Luis Avilán,2TM,0.4
2018,avilalu01,Luis Avilán,CHW,0.2
2018,avilalu01,Luis Avilán,PHI,0.2
2018,bibenau01,Austin Bibens-Dirkx,TEX,-0.2
2018,doolise01,Sean Doolittle,WSN,2.3
2018,mcallza01,Zach McAllister,2TM,-0.6
2018,mcallza01,Zach McAllister,CLE,-0.1
2018,mcallza01,Zach McAllister,DET,-0.5
2018,cessalu01,Luis Cessa,NYY,-0.1
2018,musgrha01,Harrison Musgrave,COL,0.4
2018,perdolu02,Luis Perdomo,SDP,-1.0
2018,samarje01,Jeff Samardzija,SFG,-0.6
2018,norrida01,Daniel Norris,DET,0.1
2018,herreke01,Kelvin Herrera,2TM,1.7
2018,herreke01,Kelvin Herrera,KCR,1.6
2018,herreke01,Kelvin Herrera,WSN,0.1
2018,fontwi01,Wilmer Font,3TM,0.1
2018,fontwi01,Wilmer Font,2TM,0.8
2018,fontwi01,Wilmer Font,LAD,-0.7
2018,fontwi01,Wilmer Font,OAK,-0.3
2018,fontwi01,Wilmer Font,TBR,1.1
2018,johnspi01,Pierce Johnson,SFG,-0.3
2018,pannoth01,Thomas Pannone,TOR,0.7
2018,reedco01,Cody Reed,CIN,0.5
2018,blevije01,Jerry Blevins,NYM,0.0
2018,ramosed02,Edubray Ramos,PHI,1.2
2018,hutchdr01,Drew Hutchison,2TM,-0.3
2018,hutchdr01,Drew Hutchison,PHI,0.2
2018,hutchdr01,Drew Hutchison,TEX,-0.5
2018,nixja02,Jacob Nix,SDP,-0.9
2018,woodrbr01,Brandon Woodruff,MIL,0.3
2018,nicasju01,Juan Nicasio,SEA,-1.1
2018,martich02,Chris Martin,TEX,0.6
2018,ramirne01,Neil Ramírez,CLE,0.2
2018,triggan01,Andrew Triggs,OAK,0.0
2018,workmbr01,Brandon Workman,BOS,0.8
2018,barneda02,Danny Barnes,TOR,-0.4
2018,fieldjo03,Josh Fields,LAD,0.9
2018,woodhu01,Hunter Wood,TBR,0.3
2018,jackslu01,Luke Jackson,ATL,-0.1
2018,brittza01,Zack Britton,2TM,0.6
2018,brittza01,Zack Britton,BAL,0.3
2018,brittza01,Zack Britton,NYY,0.3
2018,wainwad01,Adam Wainwright,STL,0.3
2018,darviyu01,Yu Darvish,CHC,-0.1
2018,salasfe01,Fernando Salas,ARI,-0.2
2018,yacabji01,Jimmy Yacabonis,BAL,0.2
2018,wislema01,Matt Wisler,2TM,0.1
2018,wislema01,Matt Wisler,ATL,-0.2
2018,wislema01,Matt Wisler,CIN,0.3
2018,stockro01,Robert Stock,SDP,0.6
2018,loupaa01,Aaron Loup,2TM,0.2
2018,loupaa01,Aaron Loup,TOR,0.1
2018,loupaa01,Aaron Loup,PHI,0.1
2018,buchtry01,Ryan Buchter,OAK,0.4
2018,solissa01,Sammy Solís,WSN,-0.7
2018,melanma01,Mark Melancon,SFG,0.2
2018,despaod01,Odrisamer Despaigne,2TM,-1.1
2018,despaod01,Odrisamer Despaigne,MIA,-0.6
2018,despaod01,Odrisamer Despaigne,LAA,-0.6
2018,lewicar01,Artie Lewicki,DET,0.1
2018,sippto01,Tony Sipp,HOU,1.3
2018,castijo03,José Castillo,SDP,0.6
2018,kittran01,Andrew Kittredge,TBR,-1.2
2018,sparkgl01,Glenn Sparkman,KCR,0.4
2018,stephja01,Jackson Stephens,CIN,-0.7
2018,stumpda01,Daniel Stumpf,DET,-0.1
2018,vizcaar01,Arodys Vizcaíno,ATL,1.3
2018,burneco01,Corbin Burnes,MIL,0.6
2018,mcguide02,Deck McGuire,2TM,-0.3
2018,mcguide02,Deck McGuire,TOR,-0.1
2018,mcguide02,Deck McGuire,LAA,-0.3
2018,osunaro01,Roberto Osuna,2TM,1.3
2018,osunaro01,Roberto Osuna,TOR,0.5
2018,osunaro01,Roberto Osuna,HOU,0.8
2018,duensbr01,Brian Duensing,CHC,-1.7
2018,frypa01,Paul Fry,BAL,0.2
2018,briceau01,Austin Brice,CIN,-0.4
2018,valdefr01,Framber Valdez,HOU,1.1
2018,tuivasa01,Sam Tuivailala,2TM,0.4
2018,tuivasa01,Sam Tuivailala,STL,0.2
2018,tuivasa01,Sam Tuivailala,SEA,0.2
2018,stewako01,Kohl Stewart,MIN,0.7
2018,goedder01,Erik Goeddel,2TM,0.6
2018,goedder01,Erik Goeddel,SEA,0.3
2018,goedder01,Erik Goeddel,LAD,0.3
2018,hatchch02,Chris Hatcher,OAK,-0.2
2018,moyaga01,Gabriel Moya,MIN,0.1
2018,coleta01,Taylor Cole,LAA,0.9
2018,riosya01,Yacksel Ríos,PHI,-0.5
2018,guerrja01,Javy Guerra,MIA,-0.9
2018,mayzati01,Tim Mayza,TOR,0.7
2018,rucindr01,Drew Rucinski,MIA,-0.4
2018,makitka01,Kazuhisa Makita,SDP,-0.4
2018,davisau01,Austin Davis,PHI,0.1
2018,alberma01,Matt Albers,MIL,-1.7
2018,graveke01,Kendall Graveman,OAK,-0.9
2018,kolarad01,Adam Kolarek,TBR,0.1
2018,peralwi01,Wily Peralta,KCR,0.6
2018,saupowa01,Warwick Saupold,DET,0.4
2018,belisma01,Matt Belisle,2TM,-0.9
2018,belisma01,Matt Belisle,CLE,0.0
2018,belisma01,Matt Belisle,MIN,-0.9
2018,ventejo01,Jonny Venters,2TM,0.2
2018,ventejo01,Jonny Venters,TBR,0.1
2018,ventejo01,Jonny Venters,ATL,0.1
2018,alcansa01,Sandy Alcantara,MIA,0.6
2018,millean01,Andrew Miller,CLE,0.2
2018,beckch02,Chris Beck,2TM,0.2
2018,beckch02,Chris Beck,CHW,0.2
2018,beckch02,Chris Beck,NYM,0.0
2018,brasiry01,Ryan Brasier,BOS,1.4
2018,friedma01,Max Fried,ATL,0.7
2018,wittgni01,Nick Wittgren,MIA,0.4
2018,gravebr01,Brett Graves,MIA,-0.3
2018,reidfse01,Sean Reid-Foley,TOR,-0.1
2018,cedenxa01,Xavier Cedeño,2TM,0.9
2018,cedenxa01,Xavier Cedeño,CHW,0.6
2018,cedenxa01,Xavier Cedeño,MIL,0.3
2018,nunovi01,Vidal Nuño III,TBR,1.0
2018,ponceda01,Daniel Ponce de Leon,STL,0.8
2018,bleieri01,Richard Bleier,BAL,1.5
2018,cecilbr01,Brett Cecil,STL,-0.9
2018,hugheph01,Phil Hughes,2TM,-0.4
2018,hugheph01,Phil Hughes,MIN,-0.2
2018,hugheph01,Phil Hughes,SDP,-0.2
2018,adamja01,Jason Adam,KCR,-0.2
2018,chargjt01,JT Chargois,LAD,0.2
2018,fulmeca01,Carson Fulmer,CHW,-1.0
2018,perezol01,Óliver Pérez,CLE,1.3
2018,rhameja01,Jacob Rhame,NYM,-0.3
2018,bashlty01,Tyler Bashlor,NYM,0.0
2018,sprinje01,Jeffrey Springs,TEX,0.6
2018,bummeaa01,Aaron Bummer,CHW,-0.1
2018,garcija01,Santiago Casilla,OAK,0.5
2018,farrelu01,Luke Farrell,CHC,-0.7
2018,maurebr01,Brandon Maurer,KCR,-1.1
2018,brachsi01,Silvino Bracho,ARI,0.4
2018,shoemma01,Matt Shoemaker,LAA,0.2
2018,morrobr01,Brandon Morrow,CHC,1.3
2018,schulja02,Jaime Schultz,TBR,-0.3
2018,livelbe01,Ben Lively,2TM,0.1
2018,livelbe01,Ben Lively,PHI,-0.3
2018,livelbe01,Ben Lively,KCR,0.3
2018,alcanvi01,Victor Alcántara,DET,1.0
2018,jonesna01,Nate Jones,CHW,0.3
2018,rondobr01,Bruce Rondón,CHW,-1.3
2018,toussto01,Touki Toussaint,ATL,0.4
2018,moylape01,Peter Moylan,ATL,0.0
2018,araujpe01,Pedro Araújo,BAL,-0.5
2018,smithdr01,Drew Smith,NYM,0.4
2018,tazawju01,Junichi Tazawa,2TM,-0.8
2018,tazawju01,Junichi Tazawa,MIA,-0.9
2018,tazawju01,Junichi Tazawa,LAA,0.1
2018,blackpa01,Paul Blackburn,OAK,-0.6
2018,mendeyo01,Yohander Méndez,TEX,0.1
2018,peterdi01,Dillon Peters,MIA,-0.5
2018,peterti01,Tim Peterson,NYM,-0.4
2018,hudsoda02,Dakota Hudson,STL,0.6
2018,montgjo01,Jordan Montgomery,NYY,0.5
2018,olsonty01,Tyler Olson,CLE,0.0
2018,gilmase01,Sean Gilmartin,BAL,0.7
2018,neverdo01,Dovydas Neverauskas,PIT,-0.9
2018,kennebr02,Brett Kennedy,SDP,-0.5
2018,tillmch01,Chris Tillman,BAL,-1.1
2018,kontoge01,George Kontos,3TM,-0.2
2018,kontoge01,George Kontos,2TM,0.1
2018,kontoge01,George Kontos,PIT,-0.3
2018,kontoge01,George Kontos,CLE,0.1
2018,kontoge01,George Kontos,NYY,0.1
2018,barneto01,Tony Barnette,TEX,0.5
2018,holmecl01,Clay Holmes,PIT,-0.5
2018,milonto01,Tommy Milone,WSN,-0.1
2018,swarzan01,Anthony Swarzak,NYM,-0.5
2018,sorokmi01,Michael Soroka,ATL,-0.1
2018,busenal01,Alan Busenitz,MIN,-1.2
2018,dullry01,Ryan Dull,OAK,0.2
2018,maytr01,Trevor May,MIN,0.5
2018,duffety01,Tyler Duffey,MIN,-0.8
2018,gomezje01,Jeanmar Gómez,CHW,-0.2
2018,gonsast01,Stephen Gonsalves,MIN,-0.7
2018,loaisjo01,Jonathan Loáisiga,NYY,-0.2
2018,santaer01,Ervin Santana,MIN,-0.6
2018,gosseda01,Daniel Gossett,OAK,0.0
2018,neshepa01,Pat Neshek,PHI,0.7
2018,hendrli01,Liam Hendriks,OAK,0.2
2018,leonedo01,Dominic Leone,STL,0.1
2018,thornty01,Tyler Thornburg,BOS,-0.1
2018,couloda01,Danny Coulombe,OAK,0.0
2018,kellyca01,Casey Kelly,SFG,0.3
2018,blackra01,Ray Black,SFG,-0.4
2018,kahnlto01,Tommy Kahnle,NYY,-0.9
2018,lawreca01,Casey Lawrence,SEA,-0.3
2018,leitema02,Mark Leiter Jr.,2TM,-1.1
2018,leitema02,Mark Leiter Jr.,PHI,-0.5
2018,leitema02,Mark Leiter Jr.,TOR,-0.6
2018,bowmama01,Matt Bowman,STL,-0.5
2018,bushma01,Matt Bush,TEX,0.3
2018,jamesjo02,Josh James,HOU,0.7
2018,sampsad01,Adrian Sampson,TEX,0.2
2018,cingrto01,Tony Cingrani,LAD,-0.2
2018,colliti01,Tim Collins,WSN,0.2
2018,carpery01,Ryan Carpenter,DET,-0.3
2018,garciyi01,Yimi García,LAD,-0.6
2018,mejiaad01,Adalberto Mejía,MIN,1.0
2018,poynebo01,Bobby Poyner,BOS,0.5
2018,gonzame01,Merandy González,MIA,-0.2
2018,boyerbl01,Blaine Boyer,KCR,-1.7
2018,reiniza01,Zac Reininger,DET,-0.3
2018,meisiry01,Ryan Meisinger,BAL,-0.1
2018,altavda01,Dan Altavilla,SEA,0.4
2018,finnebr01,Brandon Finnegan,CIN,-0.6
2018,litteza01,Zack Littell,MIN,-0.5
2018,webbty01,Tyler Webb,2TM,-0.5
2018,webbty01,Tyler Webb,SDP,-0.5
2018,webbty01,Tyler Webb,STL,0.0
2018,odayda01,Darren O'Day,BAL,0.3
2018,santolu01,Luis Santos,TOR,-0.3
2018,goharlu01,Luiz Gohara,ATL,-0.3
2018,ramosaj01,AJ Ramos,NYM,-0.5
2018,hartdo01,Donnie Hart,BAL,0.0
2018,cordeji01,Jimmy Cordero,WSN,-0.2
2018,delosen01,Enyel De Los Santos,PHI,0.1
2018,gotttr01,Trevor Gott,WSN,-0.2
2018,meyerbe02,Ben Meyer,MIA,-0.8
2018,wingetr01,Trey Wingenter,SDP,0.1
2018,diazmi02,Miguel Díaz,SDP,-0.1
2018,pareded01,Eduardo Paredes,LAA,-0.3
2018,millsal02,Alec Mills,CHC,0.2
2018,cloydty01,Tyler Cloyd,MIA,-0.4
2018,dejonch01,Chase De Jong,MIN,0.1
2018,middlke01,Keynan Middleton,LAA,0.8
2018,rumbeni01,Nick Rumbelow,SEA,-0.1
2018,stewabr01,Brock Stewart,LAD,-0.6
2018,vieirth01,Thyago Vieira,CHW,-0.3
2018,grimmju01,Justin Grimm,2TM,-1.2
2018,grimmju01,Justin Grimm,KCR,-1.4
2018,grimmju01,Justin Grimm,SEA,0.1
2018,carroco01,Cody Carroll,BAL,-0.5
2018,cookry01,Ryan Cook,SEA,-0.1
2018,cuevawi01,William Cuevas,BOS,-0.3
2018,dunnmi01,Mike Dunn,COL,-0.6
2018,jepseke01,Kevin Jepsen,TEX,-0.3
2018,lyonsty01,Tyler Lyons,STL,-0.9
2018,wendejb01,J.B. Wendelken,OAK,0.6
2018,brighje01,Jeff Brigham,MIA,-0.2
2018,buttrty01,Ty Buttrey,LAA,0.2
2018,gloveko01,Koda Glover,WSN,0.4
2018,sherfji01,James Sherfy,ARI,0.5
2018,thompja03,Jake Thompson,PHI,0.0
2018,turnbsp01,Spencer Turnbull,DET,0.0
2018,curtiza01,Zac Curtis,2TM,0.0
2018,curtiza01,Zac Curtis,PHI,0.3
2018,curtiza01,Zac Curtis,TEX,-0.3
2018,millesh01,Shelby Miller,ARI,-1.1
2018,rossjo01,Joe Ross,WSN,0.1
2018,simslu01,Lucas Sims,2TM,-0.4
2018,simslu01,Lucas Sims,ATL,-0.3
2018,simslu01,Lucas Sims,CIN,-0.1
2018,bassan01,Anthony Bass,CHC,0.2
2018,poundbr01,Brooks Pounders,COL,-0.2
2018,barlosc01,Scott Barlow,KCR,0.2
2018,jerezwi01,Williams Jerez,LAA,-0.6
2018,lockewa01,Walker Lockett,SDP,-0.6
2018,suarera01,Ranger Suárez,PHI,-0.3
2018,almonye01,Yency Almonte,COL,0.4
2018,armstsh01,Shawn Armstrong,SEA,0.6
2018,bandaan01,Anthony Banda,TBR,0.1
2018,waldema01,Marcus Walden,BOS,0.1
2018,baezsa01,Sandy Báez,DET,-0.2
2018,kopecmi01,Michael Kopech,CHW,0.1
2018,lucasjo02,Josh Lucas,OAK,-0.2
2018,smithca02,Carson Smith,BOS,0.2
2018,sobotch01,Chad Sobotka,ATL,0.4
2018,bergmch01,Christian Bergman,SEA,0.0
2018,morriak01,Akeel Morris,LAA,0.0
2018,vendipa01,Pat Venditte,LAD,0.2
2018,housead01,Adrian Houser,MIL,0.1
2018,oakstr01,Trevor Oaks,KCR,-0.2
2018,slegeaa01,Aaron Slegers,MIN,0.0
2018,haleda02,David Hale,2TM,0.1
2018,haleda02,David Hale,NYY,0.3
2018,haleda02,David Hale,MIN,-0.2
2018,lawde01,Derek Law,SFG,-0.4
2018,newbeja01,Jake Newberry,KCR,-0.1
2018,huch02,Chih-Wei Hu,TBR,0.1
2018,liberad01,Adam Liberatore,LAD,0.2
2018,walketa01,Taijuan Walker,ARI,0.2
2018,anderdr02,Drew Anderson,PHI,0.1
2018,gregelu01,Luke Gregerson,STL,-0.3
2018,gonzami03,Miguel González,CHW,-0.7
2018,hancoju01,Justin Hancock,CHC,0.3
2018,vothau01,Austin Voth,WSN,-0.2
2018,gagnodr01,Drew Gagnon,NYM,-0.4
2018,osichjo01,Josh Osich,SFG,-0.4
2018,bardlu01,Luke Bard,LAA,0.0
2018,goodyni01,Nick Goody,CLE,-0.3
2018,rogerjo01,Josh Rogers,BAL,-0.3
2018,stephro01,Robert Stephenson,CIN,-0.4
2018,woodbl01,Blake Wood,LAA,0.4
2018,phillev01,Evan Phillips,2TM,-0.8
2018,phillev01,Evan Phillips,ATL,-0.1
2018,phillev01,Evan Phillips,BAL,-0.6
2018,anderta01,Tanner Anderson,PIT,-0.3
2018,delgara01,Randall Delgado,ARI,-0.1
2018,perezci01,Cionel Pérez,HOU,0.1
2018,rosscza01,Zac Rosscup,LAD,0.0
2018,gallegi01,Giovanny Gallegos,2TM,0.1
2018,gallegi01,Giovanny Gallegos,NYY,0.0
2018,gallegi01,Giovanny Gallegos,STL,0.0
2018,norwoja01,James Norwood,CHC,-0.1
2018,kinlety01,Tyler Kinley,2TM,-0.5
2018,kinlety01,Tyler Kinley,MIN,-0.3
2018,kinlety01,Tyler Kinley,MIA,-0.2
2018,loganbo02,Boone Logan,MIL,-0.2
2018,fernajo04,José Fernández,TOR,-0.1
2018,rzepcma01,Marc Rzepczynski,2TM,-0.5
2018,rzepcma01,Marc Rzepczynski,SEA,-0.7
2018,rzepcma01,Marc Rzepczynski,CLE,0.2
2018,lambjo02,John Lamb,LAA,-0.3
2018,guilmpr01,Preston Guilmet,2TM,-0.5
2018,guilmpr01,Preston Guilmet,STL,-0.3
2018,guilmpr01,Preston Guilmet,TOR,-0.2
2018,romeren01,Enny Romero,3TM,-0.8
2018,romeren01,Enny Romero,2TM,-0.3
2018,romeren01,Enny Romero,WSN,-0.1
2018,romeren01,Enny Romero,PIT,-0.2
2018,romeren01,Enny Romero,KCR,-0.6
2018,breweco01,Colten Brewer,SDP,-0.4
2018,burrry01,Ryan Burr,CHW,-0.2
2018,guerrta02,Taylor Guerrieri,TOR,0.1
2018,torreca01,Carlos Torres,WSN,-0.1
2018,williau01,Austen Williams,WSN,0.0
2018,crockky01,Kyle Crockett,CIN,-0.3
2018,gomezro01,Roberto Gómez,SFG,-0.5
2018,mellake01,Keury Mella,CIN,-0.3
2018,sadzeco01,Connor Sadzeck,TEX,0.4
2018,infangr01,Gregory Infante,CHW,-0.3
2018,lopezyo01,Yoan López,ARI,0.1
2018,quackke01,Kevin Quackenbush,CIN,-0.5
2018,tarplst01,Stephen Tarpley,NYY,0.2
2018,wilkeaa01,Aaron Wilkerson,MIL,-0.4
2018,zamorda01,Daniel Zamora,NYM,0.3
2018,edwarjo02,Jon Edwards,CLE,0.1
2018,hoffmje02,Jeff Hoffman,COL,-0.3
2018,mazzoco01,Cory Mazzoni,CHC,0.3
2018,festama01,Matt Festa,SEA,0.2
2018,hauscmi01,Mike Hauschild,TOR,0.1
2018,mannbr01,Brandon Mann,TEX,0.0
2018,shafeju01,Justin Shafer,TOR,0.1
2018,wickro01,Rowan Wick,SDP,-0.2
2018,ramirca01,Carlos Ramírez,2TM,0.1
2018,ramirca01,Carlos Ramírez,TOR,0.0
2018,ramirca01,Carlos Ramírez,OAK,0.1
2018,allarko01,Kolby Allard,ATL,-0.6
2018,farquda01,Danny Farquhar,CHW,-0.1
2018,hallma02,Matt Hall,DET,-0.6
2018,hamilia01,Ian Hamilton,CHW,-0.1
2018,marinjh01,Jhan Mariñez,BAL,0.0
2018,shackke01,Kevin Shackelford,CIN,-0.3
2018,adamsch01,Chance Adams,NYY,-0.2
2018,beedety01,Tyler Beede,SFG,-0.3
2018,conlopj01,P.J. Conlon,NYM,-0.2
2018,haleyju01,Justin Haley,BOS,0.1
2018,mcgowky01,Kyle McGowin,WSN,0.0
2018,pareded02,Edward Paredes,LAD,-0.2
2018,pelhacd01,CD Pelham,TEX,-0.1
2018,bellch02,Chad Bell,DET,-0.2
2018,okertst01,Steven Okert,SFG,0.3
2018,smokejo01,Josh Smoker,2TM,-0.3
2018,smokejo01,Josh Smoker,PIT,-0.4
2018,smokejo01,Josh Smoker,DET,0.1
2018,milneho01,Hoby Milner,2TM,-0.4
2018,milneho01,Hoby Milner,PHI,-0.1
2018,milneho01,Hoby Milner,TBR,-0.3
2018,almonmi01,Miguel Almonte,LAA,-0.2
2018,barreja01,Jake Barrett,ARI,-0.1
2018,frareca01,Caleb Frare,CHW,0.0
2018,marshev01,Evan Marshall,CLE,-0.2
2018,ogradch01,Chris O'Grady,MIA,-0.1
2018,raineta01,Tanner Rainey,CIN,-1.0
2018,wieckbr01,Brad Wieck,SDP,0.2
2018,wilsobr02,Bryse Wilson,ATL,-0.1
2018,barbajo01,Johnny Barbato,DET,-0.4
2018,bridwpa01,Parker Bridwell,LAA,-0.5
2018,paulida01,David Paulino,TOR,0.2
2018,ramirjc01,JC Ramírez,LAA,-0.3
2018,rodriri04,Ricardo Rodríguez,TEX,0.1
2018,scottro02,Robby Scott,BOS,-0.3
2018,turneja01,Jacob Turner,2TM,-0.9
2018,turneja01,Jacob Turner,MIA,-0.6
2018,turneja01,Jacob Turner,DET,-0.4
2018,curtijo02,John Curtiss,MIN,0.0
2018,danisty01,Tyler Danish,CHW,-0.2
2018,flexech01,Chris Flexen,NYM,-0.8
2018,johnsdj01,DJ Johnson,COL,0.1
2018,mcraeal01,Alex McRae,PIT,-0.1
2018,ramirjo02,José Ramírez,ATL,-0.8
2018,detwiro01,Ross Detwiler,SEA,0.1
2018,taylobe10,Ben Taylor,CLE,0.0
2018,wrighky01,Kyle Wright,ATL,0.0
2018,reyesje01,Jesús Reyes,CIN,0.0
2018,sherrry01,Ryan Sherriff,STL,-0.1
2018,zastrro01,Rob Zastryzny,CHC,-0.1
2018,eickhje01,Jerad Eickhoff,PHI,0.0
2018,mapledi01,Dillon Maples,CHC,-0.3
2018,wahlbo01,Bobby Wahl,NYM,-0.3
2018,weberry01,Ryan Weber,TBR,-0.2
2018,gardeni01,Nick Gardewine,TEX,0.1
2018,miranar01,Aríel Miranda,SEA,0.2
2018,parsowe01,Wes Parsons,ATL,-0.1
2018,scahiro01,Rob Scahill,CHW,-0.1
2018,shiplbr01,Braden Shipley,ARI,-0.1
2018,socolmi01,Miguel Socolovich,ATL,-0.3
2018,valdejo03,José Váldez,SFG,-0.2
2018,vasquan02,Andrew Vasquez,MIN,-0.1
2018,belivje01,Jeff Beliveau,CLE,-0.3
2018,cortene01,Nestor Cortes,BAL,-0.1
2018,bautige01,Gerson Bautista,NYM,-0.3
2018,ruizjo01,José Ruiz,CHW,0.1
2018,sadleca02,Casey Sadler,PIT,-0.2
2018,sneltdj01,D.J. Snelten,SFG,-0.2
2018,vastoje01,Jerry Vasto,2TM,-0.2
2018,vastoje01,Jerry Vasto,COL,-0.2
2018,vastoje01,Jerry Vasto,KCR,0.0
2018,corcida01,Daniel Corcino,LAD,0.0
2018,howarsa01,Sam Howard,COL,0.1
2018,mcgraky01,Kyle McGrath,SDP,0.0
2018,medlekr01,Kris Medlen,ARI,-0.3
2018,morinmi01,Mike Morin,SEA,0.0
2018,reyesal02,Alex Reyes,STL,0.3
2018,underdu01,Duane Underwood Jr.,CHC,0.2
2018,uriasju01,Julio Urías,LAD,0.1
2018,whalero01,Rob Whalen,SEA,0.2
2018,santade01,Dennis Santana,LAD,-0.2
2018,scribtr01,Troy Scribner,ARI,0.0
2018,cruzrh01,Rhiner Cruz,TOR,0.1
2018,deetzde01,Dean Deetz,HOU,0.0
2018,descada01,Daniel Descalso,ARI,-0.1
2018,guduare01,Reymin Guduan,HOU,0.1
2018,meansjo01,John Means,BAL,-0.2
2018,perezhe01,Hernán Pérez,MIL,-0.2
2018,smithmu01,Murphy Smith,TOR,-0.1
2018,baumabu01,Buddy Baumann,2TM,-0.9
2018,baumabu01,Buddy Baumann,SDP,-0.3
2018,baumabu01,Buddy Baumann,NYM,-0.5
2018,arciafr01,Francisco Arcia,LAA,-0.1
2018,asheral01,Alec Asher,MIL,0.1
2018,davidma02,Matt Davidson,CHW,0.1
2018,kratzer01,Erik Kratz,MIL,0.0
2018,krehbjo01,Joey Krehbiel,ARI,0.1
2018,ravinjo01,Josh Ravin,ATL,-0.1
2018,rominan01,Andrew Romine,SEA,-0.1
2018,webstal01,Allen Webster,CHC,0.0
2018,brookaa01,Aaron Brooks,OAK,0.1
2018,sheffju01,Justus Sheffield,NYY,-0.1
2018,hanhoer01,Eric Hanhold,NYM,-0.1
2018,ortizlu02,Luis Ortiz,BAL,-0.3
2018,stouter01,Eric Stout,KCR,-0.4
2018,avilaal01,Alex Avila,ARI,0.1
2018,caratvi01,Victor Caratini,CHC,-0.1
2018,floripe01,Pedro Florimón,PHI,0.0
2018,holadbr01,Bryan Holaday,MIA,-0.1
2018,jewelja01,Jake Jewell,LAA,-0.1
2018,kiekhde01,Dean Kiekhefer,OAK,-0.2
2018,krolia01,Ian Krol,LAA,0.1
2018,spangco01,Cory Spangenberg,SDP,-0.1
2018,tsengje01,Jen-Ho Tseng,CHC,-0.2
2018,gimench01,Chris Gimenez,2TM,-0.3
2018,gimench01,Chris Gimenez,CHC,-0.1
2018,gimench01,Chris Gimenez,MIN,-0.2
2018,cumptbr01,Brandon Cumpton,TOR,0.0
2018,quinnro01,Roman Quinn,PHI,-0.2
2018,burdini01,Nick Burdi,PIT,-0.2
2018,copelsc01,Scott Copeland,NYM,0.1
2018,dixonbr01,Brandon Dixon,CIN,0.1
2018,hoovejj01,J.J. Hoover,MIL,-0.3
2018,kingesc01,Scott Kingery,PHI,-0.1
2018,lasteto01,Tommy La Stella,CHC,0.0
2018,adamsau02,Austin Adams,WSN,0.1
2018,astudwi01,Willians Astudillo,MIN,-0.2
2018,blandal01,Alex Blandino,CIN,0.0
2018,culbech01,Charlie Culberson,ATL,0.0
2018,darnach01,Chase d'Arnaud,SFG,0.0
2018,davisjd01,J.D. Davis,HOU,0.0
2018,fieldjo04,Johnny Field,TBR,0.0
2018,garcigr01,Greg Garcia,STL,0.0
2018,garvemi01,Mitch Garver,MIN,0.0
2018,guyerbr01,Brandon Guyer,CLE,0.0
2018,gyorkje01,Jedd Gyorko,STL,0.0
2018,happia01,Ian Happ,CHC,0.0
2018,mathije01,Jeff Mathis,ARI,-0.1
2018,mccread01,Adam McCreery,ATL,-0.1
2018,moralke01,Kendrys Morales,TOR,0.0
2018,motteta01,Taylor Motter,SEA,0.0
2018,nealza01,Zach Neal,LAD,0.0
2018,ogandal01,Alexi Ogando,CLE,-0.2
2018,pennicl01,Cliff Pennington,CIN,0.0
2018,peterja01,Jace Peterson,BAL,-0.1
2018,reyesjo01,José Reyes,NYM,-0.2
2018,roberda10,Daniel Robertson,TBR,0.0
2018,ruary01,Ryan Rua,TEX,0.0
2018,sandopa01,Pablo Sandoval,SFG,0.0
2018,smolija01,Jake Smolinski,OAK,-0.1
2018,sucreje01,Jesús Sucre,TBR,-0.1
2018,valenje01,Jesmuel Valentín,PHI,-0.1
2018,whitlch01,Chase Whitley,ATL,-0.1
2018,zagurmi01,Mike Zagurski,MIL,-0.7
2018,lamarry01,Ryan LaMarre,MIN,0.0
2018,rowlech01,Chris Rowley,TOR,-0.4
2018,toccica01,Carlos Tocci,TEX,0.0
2018,bleicje01,Jeremy Bleich,OAK,-0.1
2018,buterdr01,Drew Butera,KCR,-0.1
2018,ervinph01,Phil Ervin,CIN,0.0
2018,gomezca01,Carlos Gómez,TBR,-0.1
2018,hernaen02,Kiké Hernández,LAD,-0.4
2018,hoytja01,James Hoyt,HOU,0.0
2018,moralos01,Osmer Morales,LAA,0.1
2018,reynoma01,Mark Reynolds,WSN,0.0
2018,rizzoan01,Anthony Rizzo,CHC,0.0
2018,valenda01,Danny Valencia,BAL,0.0
2018,brothre01,Rex Brothers,ATL,0.0
2018,weissza01,Zack Weiss,CIN,0.0
2019,verlaju01,Justin Verlander,HOU,7.4
2019,biebesh01,Shane Bieber,CLE,4.8
2019,bauertr01,Trevor Bauer,2TM,1.4
2019,bauertr01,Trevor Bauer,CLE,1.8
2019,bauertr01,Trevor Bauer,CIN,-0.4
2019,colege01,Gerrit Cole,HOU,6.7
2019,strasst01,Stephen Strasburg,WSN,5.7
2019,greinza01,Zack Greinke,2TM,5.4
2019,greinza01,Zack Greinke,ARI,4.3
2019,greinza01,Zack Greinke,HOU,1.1
2019,lynnla01,Lance Lynn,TEX,7.7
2019,minormi01,Mike Minor,TEX,8.0
2019,bumgama01,Madison Bumgarner,SFG,2.9
2019,degroja01,Jacob deGrom,NYM,7.2
2019,rodried05,Eduardo Rodríguez,BOS,5.5
2019,gonzama02,Marco Gonzales,SEA,3.0
2019,nolaaa01,Aaron Nola,PHI,3.6
2019,corbipa01,Patrick Corbin,WSN,5.1
2019,berrijo01,José Berríos,MIN,3.6
2019,syndeno01,Noah Syndergaard,NYM,2.1
2019,alcansa01,Sandy Alcantara,MIA,3.3
2019,leakemi01,Mike Leake,2TM,1.3
2019,leakemi01,Mike Leake,SEA,1.6
2019,leakemi01,Mike Leake,ARI,-0.3
2019,flaheja01,Jack Flaherty,STL,5.7
2019,wheelza01,Zack Wheeler,NYM,3.2
2019,mortoch02,Charlie Morton,TBR,4.9
2019,castilu02,Luis Castillo,CIN,5.2
2019,novaiv01,Iván Nova,CHW,1.9
2019,boydma01,Matthew Boyd,DET,3.8
2019,fiersmi01,Mike Fiers,OAK,3.4
2019,stromma01,Marcus Stroman,2TM,4.1
2019,stromma01,Marcus Stroman,TOR,2.9
2019,stromma01,Marcus Stroman,NYM,1.2
2019,lopezre01,Reynaldo López,CHW,0.3
2019,mikolmi01,Miles Mikolas,STL,1.7
2019,kellyme01,Merrill Kelly,ARI,1.2
2019,ryuhy01,Hyun Jin Ryu,LAD,5.1
2019,buehlwa01,Walker Buehler,LAD,2.3
2019,tanakma01,Masahiro Tanaka,NYY,1.9
2019,samarje01,Jeff Samardzija,SFG,3.4
2019,darviyu01,Yu Darvish,CHC,3.0
2019,kershcl01,Clayton Kershaw,LAD,3.3
2019,hendrky01,Kyle Hendricks,CHC,3.3
2019,giolilu01,Lucas Giolito,CHW,5.4
2019,anderbr04,Brett Anderson,OAK,2.9
2019,grayso01,Sonny Gray,CIN,6.2
2019,junisja01,Jakob Junis,KCR,1.3
2019,hudsoda02,Dakota Hudson,STL,2.1
2019,sorokmi01,Michael Soroka,ATL,6.0
2019,teherju01,Julio Teheran,ATL,3.1
2019,porceri01,Rick Porcello,BOS,0.8
2019,rayro02,Robbie Ray,ARI,1.6
2019,marquge01,Germán Márquez,COL,2.8
2019,scherma01,Max Scherzer,WSN,5.3
2019,lestejo01,Jon Lester,CHC,0.8
2019,wainwad01,Adam Wainwright,STL,1.7
2019,quintjo01,Jose Quintana,CHC,0.8
2019,musgrjo01,Joe Musgrove,PIT,1.7
2019,mileywa01,Wade Miley,HOU,1.6
2019,desclan01,Anthony DeSclafani,CIN,3.3
2019,sanchan01,Aníbal Sánchez,WSN,3.2
2019,friedma01,Max Fried,ATL,3.0
2019,kellebr01,Brad Keller,KCR,3.0
2019,perezma02,Martín Pérez,MIN,0.4
2019,roarkta01,Tanner Roark,2TM,2.5
2019,roarkta01,Tanner Roark,CIN,1.9
2019,roarkta01,Tanner Roark,OAK,0.6
2019,lucchjo01,Joey Lucchesi,SDP,2.3
2019,eflinza01,Zach Eflin,PHI,1.3
2019,baileho02,Homer Bailey,2TM,2.2
2019,baileho02,Homer Bailey,KCR,1.2
2019,baileho02,Homer Bailey,OAK,1.0
2019,bundydy01,Dylan Bundy,BAL,2.1
2019,kikucyu01,Yusei Kikuchi,SEA,0.2
2019,happja01,J.A. Happ,NYY,1.4
2019,matzst01,Steven Matz,NYM,1.8
2019,gibsoky01,Kyle Gibson,MIN,0.4
2019,davieza02,Zach Davies,MIL,2.8
2019,odorija01,Jake Odorizzi,MIN,3.8
2019,meansjo01,John Means,BAL,4.4
2019,thorntr01,Trent Thornton,TOR,1.2
2019,maedake01,Kenta Maeda,LAD,1.4
2019,smithca03,Caleb Smith,MIA,1.6
2019,paxtoja01,James Paxton,NYY,2.4
2019,grayjo02,Jon Gray,COL,3.6
2019,cashnan01,Andrew Cashner,2TM,2.2
2019,cashnan01,Andrew Cashner,BAL,2.5
2019,cashnan01,Andrew Cashner,BOS,-0.3
2019,lauerer01,Eric Lauer,SDP,1.4
2019,vargaja01,Jason Vargas,2TM,1.0
2019,vargaja01,Jason Vargas,NYM,1.4
2019,vargaja01,Jason Vargas,PHI,-0.4
2019,turnbsp01,Spencer Turnbull,DET,2.5
2019,salech01,Chris Sale,BOS,2.1
2019,pinedmi01,Michael Pineda,MIN,2.6
2019,willitr01,Trevor Williams,PIT,0.4
2019,norrida01,Daniel Norris,DET,3.1
2019,bassich01,Chris Bassitt,OAK,2.1
2019,germado01,Domingo Germán,NYY,2.1
2019,hamelco01,Cole Hamels,CHC,2.7
2019,yarbrry01,Ryan Yarbrough,TBR,1.4
2019,lylesjo01,Jordan Lyles,2TM,2.1
2019,lylesjo01,Jordan Lyles,PIT,0.2
2019,lylesjo01,Jordan Lyles,MIL,1.9
2019,paddach01,Chris Paddack,SDP,2.9
2019,anderch01,Chase Anderson,MIL,2.0
2019,sparkgl01,Glenn Sparkman,KCR,0.1
2019,arrieja01,Jake Arrieta,PHI,0.7
2019,richatr01,Trevor Richards,2TM,2.0
2019,richatr01,Trevor Richards,MIA,1.4
2019,richatr01,Trevor Richards,TBR,0.6
2019,chiriyo01,Yonny Chirinos,TBR,2.1
2019,sanchaa01,Aaron Sanchez,2TM,-0.6
2019,sanchaa01,Aaron Sanchez,TOR,-0.6
2019,sanchaa01,Aaron Sanchez,HOU,0.1
2019,duffyda01,Danny Duffy,KCR,2.2
2019,mahlety01,Tyler Mahle,CIN,0.3
2019,wachami01,Michael Wacha,STL,0.2
2019,clevimi01,Mike Clevinger,CLE,4.2
2019,sampsad01,Adrian Sampson,TEX,1.2
2019,senzaan01,Antonio Senzatela,COL,-0.7
2019,lopezjo02,Jorge López,KCR,-1.1
2019,juradar01,Ariel Jurado,TEX,-0.1
2019,woodrbr01,Brandon Woodruff,MIL,3.1
2019,leblawa01,Wade LeBlanc,SEA,0.1
2019,archech01,Chris Archer,PIT,0.7
2019,velasvi01,Vince Velasquez,PHI,0.0
2019,beedety01,Tyler Beede,SFG,0.2
2019,foltymi01,Mike Foltynewicz,ATL,1.1
2019,plesaza01,Zach Plesac,CLE,1.9
2019,strahma01,Matt Strahm,SDP,1.0
2019,smylydr01,Drew Smyly,2TM,-0.2
2019,smylydr01,Drew Smyly,TEX,-0.6
2019,smylydr01,Drew Smyly,PHI,0.4
2019,braulst01,Steven Brault,PIT,0.7
2019,keuchda01,Dallas Keuchel,ATL,2.3
2019,zimmejo02,Jordan Zimmermann,DET,-0.1
2019,milonto01,Tommy Milone,SEA,1.3
2019,housead01,Adrian Houser,MIL,2.0
2019,lopezpa01,Pablo López,MIA,0.7
2019,ynoaga01,Gabriel Ynoa,BAL,-0.1
2019,brookaa01,Aaron Brooks,2TM,0.2
2019,brookaa01,Aaron Brooks,OAK,0.2
2019,brookaa01,Aaron Brooks,BAL,-0.1
2019,plutkad01,Adam Plutko,CLE,0.4
2019,priceda01,David Price,BOS,1.5
2019,sabatc.01,CC Sabathia,NYY,0.4
2019,snellbl01,Blake Snell,TBR,1.4
2019,beeksja02,Jalen Beeks,TBR,0.2
2019,freelky01,Kyle Freeland,COL,-1.1
2019,pomerdr01,Drew Pomeranz,2TM,0.8
2019,pomerdr01,Drew Pomeranz,SFG,-0.2
2019,pomerdr01,Drew Pomeranz,MIL,1.0
2019,chacijh01,Jhoulys Chacín,2TM,-0.6
2019,chacijh01,Jhoulys Chacín,MIL,-0.5
2019,chacijh01,Jhoulys Chacín,BOS,-0.2
2019,quantca01,Cal Quantrill,SDP,0.4
2019,cahiltr01,Trevor Cahill,LAA,-0.1
2019,gausmke01,Kevin Gausman,2TM,-0.5
2019,gausmke01,Kevin Gausman,ATL,-0.7
2019,gausmke01,Kevin Gausman,CIN,0.2
2019,rodride01,Dereck Rodríguez,SFG,-1.2
2019,penafe01,Félix Peña,LAA,1.0
2019,andersh01,Shaun Anderson,SFG,-0.3
2019,montafr02,Frankie Montas,OAK,2.6
2019,gavigsa01,Sam Gaviglio,TOR,0.5
2019,heanean01,Andrew Heaney,LAA,1.3
2019,pivetni01,Nick Pivetta,PHI,-0.6
2019,godleza01,Zack Godley,2TM,-0.8
2019,godleza01,Zack Godley,ARI,-1.0
2019,godleza01,Zack Godley,TOR,0.2
2019,peacobr01,Brad Peacock,HOU,1.1
2019,montgmi01,Mike Montgomery,2TM,0.3
2019,montgmi01,Mike Montgomery,CHC,-0.3
2019,montgmi01,Mike Montgomery,KCR,0.7
2019,stripro01,Ross Stripling,LAD,0.8
2019,cannigr01,Griffin Canning,LAA,1.3
2019,lambepe01,Peter Lambert,COL,-0.8
2019,gonzagi01,Gio González,MIL,2.1
2019,hendrli01,Liam Hendriks,OAK,3.7
2019,peralfr01,Freddy Peralta,MIL,-0.7
2019,clarkta01,Taylor Clarke,ARI,-0.4
2019,urenajo01,José Ureña,MIA,0.0
2019,hollade01,Derek Holland,2TM,-1.0
2019,hollade01,Derek Holland,SFG,-0.7
2019,hollade01,Derek Holland,CHC,-0.3
2019,fontwi01,Wilmer Font,3TM,0.8
2019,fontwi01,Wilmer Font,2TM,0.6
2019,fontwi01,Wilmer Font,TBR,-0.2
2019,fontwi01,Wilmer Font,NYM,0.2
2019,fontwi01,Wilmer Font,TOR,0.8
2019,guerrju02,Junior Guerra,MIL,1.5
2019,lorenmi01,Michael Lorenzen,CIN,2.3
2019,youngal01,Alex Young,ARI,0.8
2019,petityu01,Yusmeiro Petit,OAK,2.5
2019,barrija01,Jaime Barria,LAA,-0.3
2019,hernael01,Elieser Hernández,MIA,0.4
2019,wojcias01,Asher Wojciechowski,BAL,1.3
2019,stammcr01,Craig Stammen,SDP,1.1
2019,cessalu01,Luis Cessa,NYY,0.5
2019,suarejo01,José Suarez,LAA,-1.0
2019,carraca01,Carlos Carrasco,CLE,0.1
2019,hessda01,David Hess,BAL,-1.2
2019,lugose01,Seth Lugo,NYM,2.1
2019,galleza01,Zac Gallen,2TM,2.7
2019,galleza01,Zac Gallen,MIA,1.3
2019,galleza01,Zac Gallen,ARI,1.4
2019,ramirni01,Nick Ramirez,DET,1.0
2019,skaggty01,Tyler Skaggs,LAA,1.1
2019,uriasju01,Julio Urías,LAD,1.4
2019,tomlijo01,Josh Tomlin,ATL,1.2
2019,yamamjo01,Jordan Yamamoto,MIA,1.0
2019,chaveje01,Jesse Chavez,TEX,0.8
2019,feddeer01,Erick Fedde,WSN,0.8
2019,wagueja01,Jacob Waguespack,TOR,0.7
2019,waldema01,Marcus Walden,BOS,1.1
2019,stanery01,Ryne Stanek,2TM,0.5
2019,stanery01,Ryne Stanek,TBR,0.8
2019,stanery01,Ryne Stanek,MIA,-0.4
2019,chatwty01,Tyler Chatwood,CHC,1.3
2019,stratch01,Chris Stratton,2TM,0.0
2019,stratch01,Chris Stratton,LAA,-0.6
2019,stratch01,Chris Stratton,PIT,0.6
2019,haderjo01,Josh Hader,MIL,2.8
2019,mchugco01,Collin McHugh,HOU,0.3
2019,gallegi01,Giovanny Gallegos,STL,2.2
2019,agrazda01,Dario Agrazal,PIT,0.6
2019,castrmi01,Miguel Castro,BAL,0.5
2019,ceasedy01,Dylan Cease,CHW,-0.3
2019,lametdi01,Dinelson Lamet,SDP,0.6
2019,pannoth01,Thomas Pannone,TOR,-0.5
2019,hudsoda01,Daniel Hudson,2TM,1.8
2019,hudsoda01,Daniel Hudson,TOR,1.0
2019,hudsoda01,Daniel Hudson,WSN,0.8
2019,brebbjo01,John Brebbia,STL,0.7
2019,jackslu01,Luke Jackson,ATL,0.9
2019,robleha01,Hansel Robles,LAA,2.8
2019,buttrty01,Ty Buttrey,LAA,1.2
2019,estevca01,Carlos Estévez,COL,1.3
2019,perdolu02,Luis Perdomo,SDP,0.7
2019,peterdi01,Dillon Peters,LAA,0.1
2019,shawbr01,Bryan Shaw,COL,0.3
2019,bradlar01,Archie Bradley,ARI,1.0
2019,hernafe02,Félix Hernández,SEA,-0.8
2019,workmbr01,Brandon Workman,BOS,3.1
2019,suerowa01,Wander Suero,WSN,0.5
2019,hugheja02,Jared Hughes,2TM,0.5
2019,hugheja02,Jared Hughes,CIN,0.2
2019,hugheja02,Jared Hughes,PHI,0.3
2019,andrima01,Matt Andriese,ARI,0.0
2019,valdefr01,Framber Valdez,HOU,-0.8
2019,barlosc01,Scott Barlow,KCR,1.0
2019,hoffmje02,Jeff Hoffman,COL,0.0
2019,liriafr01,Francisco Liriano,PIT,1.0
2019,paganem01,Emilio Pagán,TBR,2.3
2019,baezpe01,Pedro Báez,LAD,0.5
2019,detwiro01,Ross Detwiler,CHW,-0.6
2019,devench02,Chris Devenski,HOU,-0.1
2019,greench03,Chad Green,NYY,0.5
2019,rogerta01,Taylor Rogers,MIN,2.6
2019,soriajo01,Joakim Soria,OAK,0.5
2019,castidi01,Diego Castillo,TBR,0.5
2019,leclejo01,José Leclerc,TEX,1.4
2019,chenwe02,Wei-Yin Chen,MIA,-1.0
2019,newcose01,Sean Newcomb,ATL,1.4
2019,bummeaa01,Aaron Bummer,CHW,2.7
2019,eovalna01,Nathan Eovaldi,BOS,-0.1
2019,farmebu01,Buck Farmer,DET,1.6
2019,nerishe01,Hector Neris,PHI,1.7
2019,osichjo01,Josh Osich,CHW,0.4
2019,ramirno01,Noé Ramirez,LAA,1.1
2019,jacksed01,Edwin Jackson,2TM,-2.4
2019,jacksed01,Edwin Jackson,TOR,-1.6
2019,jacksed01,Edwin Jackson,DET,-0.8
2019,guerrja01,Javy Guerra,2TM,0.3
2019,guerrja01,Javy Guerra,TOR,0.2
2019,guerrja01,Javy Guerra,WSN,0.1
2019,melanma01,Mark Melancon,2TM,1.1
2019,melanma01,Mark Melancon,SFG,0.7
2019,melanma01,Mark Melancon,ATL,0.4
2019,iglesra01,Raisel Iglesias,CIN,1.0
2019,cortene01,Nestor Cortes,NYY,-0.4
2019,gantjo01,John Gant,STL,0.6
2019,ottavad01,Adam Ottavino,NYY,2.3
2019,rodriri05,Richard Rodríguez,PIT,0.9
2019,smithwi04,Will Smith,SFG,2.3
2019,osunaro01,Roberto Osuna,HOU,1.8
2019,anderni01,Nick Anderson,2TM,1.5
2019,anderni01,Nick Anderson,MIA,0.6
2019,anderni01,Nick Anderson,TBR,0.8
2019,stephro01,Robert Stephenson,CIN,0.8
2019,biagijo01,Joe Biagini,2TM,0.2
2019,biagijo01,Joe Biagini,TOR,0.6
2019,biagijo01,Joe Biagini,HOU,-0.4
2019,barnema01,Matt Barnes,BOS,1.2
2019,maytr01,Trevor May,MIN,1.3
2019,weavelu01,Luke Weaver,ARI,1.7
2019,cishest01,Steve Cishek,CHC,1.7
2019,rossjo01,Joe Ross,WSN,-0.1
2019,bettich01,Chad Bettis,COL,-0.4
2019,gsellro01,Robert Gsellman,NYM,-0.1
2019,kenneia01,Ian Kennedy,KCR,1.6
2019,givenmy01,Mychal Givens,BAL,0.6
2019,gonzach01,Chi Chi González,COL,0.5
2019,janseke01,Kenley Jansen,LAD,0.1
2019,greensh02,Shane Greene,2TM,2.2
2019,greensh02,Shane Greene,DET,1.8
2019,greensh02,Shane Greene,ATL,0.4
2019,garciyi01,Yimi García,LAD,0.3
2019,martibr01,Brett Martin,TEX,0.7
2019,dysonsa01,Sam Dyson,2TM,1.0
2019,dysonsa01,Sam Dyson,SFG,1.3
2019,dysonsa01,Sam Dyson,MIN,-0.3
2019,claudal01,Álex Claudio,MIL,0.7
2019,clippty01,Tyler Clippard,CLE,1.4
2019,garcilu03,Luis García,LAA,0.3
2019,diekmja01,Jake Diekman,2TM,0.3
2019,diekmja01,Jake Diekman,KCR,0.3
2019,diekmja01,Jake Diekman,OAK,0.0
2019,bedroca01,Cam Bedrosian,LAA,0.8
2019,brittza01,Zack Britton,NYY,2.5
2019,jamesjo02,Josh James,HOU,0.0
2019,kahnlto01,Tommy Kahnle,NYY,0.8
2019,parkebl01,Blake Parker,2TM,0.3
2019,parkebl01,Blake Parker,MIN,0.3
2019,parkebl01,Blake Parker,PHI,0.0
2019,colomal01,Alex Colomé,CHW,0.9
2019,ryanky01,Kyle Ryan,CHC,0.9
2019,conlead01,Adam Conley,MIA,-1.1
2019,glasnty01,Tyler Glasnow,TBR,2.5
2019,lawde01,Derek Law,TOR,0.0
2019,lopezyo01,Yoan López,ARI,0.6
2019,rondohe01,Héctor Rondón,HOU,0.7
2019,yateski01,Kirby Yates,SDP,3.0
2019,mccarke01,Kevin McCarthy,KCR,0.6
2019,romose01,Sergio Romo,2TM,0.7
2019,romose01,Sergio Romo,MIA,0.3
2019,romose01,Sergio Romo,MIN,0.4
2019,doolise01,Sean Doolittle,WSN,0.8
2019,familje01,Jeurys Familia,NYM,-0.5
2019,harriwi10,Will Harris,HOU,1.9
2019,trivilo01,Lou Trivino,OAK,-0.7
2019,riverfe01,Felipe Vázquez,PIT,2.9
2019,alberma01,Matt Albers,MIL,-0.1
2019,harvema01,Matt Harvey,LAA,-0.5
2019,jimenjo02,Joe Jiménez,DET,0.7
2019,mengdda01,Daniel Mengden,OAK,0.4
2019,alvarjo02,José Álvarez,PHI,0.8
2019,buchhcl01,Clay Buchholz,TOR,-0.5
2019,coveydy01,Dylan Covey,CHW,-1.3
2019,hillri01,Rich Hill,LAD,1.2
2019,treinbl01,Blake Treinen,OAK,-0.2
2019,eickhje01,Jerad Eickhoff,PHI,-0.1
2019,diazed04,Edwin Díaz,NYM,-0.6
2019,swanser01,Erik Swanson,SEA,-0.3
2019,verhadr01,Drew VerHagen,DET,0.0
2019,armstsh01,Shawn Armstrong,2TM,-0.1
2019,armstsh01,Shawn Armstrong,SEA,-0.3
2019,armstsh01,Shawn Armstrong,BAL,0.2
2019,civalaa01,Aaron Civale,CLE,1.6
2019,diazja01,Jairo Díaz,COL,0.4
2019,duffety01,Tyler Duffey,MIN,1.0
2019,sotogr01,Gregory Soto,DET,0.3
2019,wittgni01,Nick Wittgren,CLE,1.0
2019,frypa01,Paul Fry,BAL,-0.2
2019,handbr01,Brad Hand,CLE,1.2
2019,chapmar01,Aroldis Chapman,NYY,1.6
2019,kintzbr01,Brandon Kintzler,CHC,1.6
2019,margeni01,Nick Margevicius,SDP,-0.9
2019,cimbead01,Adam Cimber,CLE,0.1
2019,moronre01,Reyes Moronta,SFG,1.5
2019,felizmi01,Michael Feliz,PIT,0.7
2019,velazhe01,Hector Velázquez,BOS,-0.2
2019,drakeol01,Oliver Drake,TBR,1.2
2019,garream01,Amir Garrett,CIN,1.4
2019,mcfartj01,T.J. McFarland,ARI,-0.6
2019,obergsc01,Scott Oberg,COL,2.2
2019,brasiry01,Ryan Brasier,BOS,0.0
2019,martich02,Chris Martin,2TM,1.6
2019,martich02,Chris Martin,TEX,1.5
2019,martich02,Chris Martin,ATL,0.1
2019,kinghni01,Nick Kingham,2TM,-1.1
2019,kinghni01,Nick Kingham,PIT,-1.6
2019,kinghni01,Nick Kingham,TOR,0.5
2019,bleieri01,Richard Bleier,BAL,0.2
2019,erlinro01,Robbie Erlin,SDP,-0.4
2019,gearrco01,Cory Gearrin,2TM,0.8
2019,gearrco01,Cory Gearrin,SEA,0.7
2019,gearrco01,Cory Gearrin,NYY,0.1
2019,fryja01,Jace Fry,CHW,0.1
2019,webbty01,Tyler Webb,STL,0.6
2019,kolarad01,Adam Kolarek,2TM,0.8
2019,kolarad01,Adam Kolarek,TBR,0.5
2019,kolarad01,Adam Kolarek,LAD,0.3
2019,breweco01,Colten Brewer,BOS,0.8
2019,millean01,Andrew Miller,STL,-0.5
2019,harpery01,Ryne Harper,MIN,0.7
2019,pressry01,Ryan Pressly,HOU,1.7
2019,brachbr01,Brad Brach,2TM,-0.2
2019,brachbr01,Brad Brach,CHC,-0.4
2019,brachbr01,Brad Brach,NYM,0.3
2019,watsoto01,Tony Watson,SFG,0.4
2019,alexaty01,Tyler Alexander,DET,1.0
2019,swarzan01,Anthony Swarzak,2TM,0.1
2019,swarzan01,Anthony Swarzak,SEA,-0.3
2019,swarzan01,Anthony Swarzak,ATL,0.5
2019,gileske01,Ken Giles,TOR,2.3
2019,hiranyo01,Yoshihisa Hirano,ARI,-0.4
2019,chafian01,Andrew Chafin,ARI,0.7
2019,gotttr01,Trevor Gott,SFG,0.3
2019,jeffrje01,Jeremy Jeffress,MIL,-0.3
2019,coleta01,Taylor Cole,LAA,-0.2
2019,pocheco01,Colin Poche,TBR,0.0
2019,herreke01,Kelvin Herrera,CHW,-0.5
2019,kellyjo05,Joe Kelly,LAD,-0.6
2019,mayzati01,Tim Mayza,TOR,0.1
2019,wislema01,Matt Wisler,2TM,-0.4
2019,wislema01,Matt Wisler,SDP,0.0
2019,wislema01,Matt Wisler,SEA,-0.4
2019,roech01,Chaz Roe,TBR,0.0
2019,wingetr01,Trey Wingenter,SDP,-0.4
2019,banuema01,Manny Bañuelos,CHW,-0.4
2019,garcija04,Jarlín García,MIA,1.3
2019,marshev01,Evan Marshall,CHW,1.7
2019,magilma01,Matt Magill,2TM,0.0
2019,magilma01,Matt Magill,MIN,-0.3
2019,magilma01,Matt Magill,SEA,0.4
2019,morinmi01,Mike Morin,2TM,-0.1
2019,morinmi01,Mike Morin,MIN,0.2
2019,morinmi01,Mike Morin,PHI,-0.3
2019,holmecl01,Clay Holmes,PIT,-0.4
2019,eliasro01,Roenis Elías,2TM,-0.4
2019,eliasro01,Roenis Elías,SEA,-0.2
2019,eliasro01,Roenis Elías,WSN,-0.3
2019,kittran01,Andrew Kittredge,TBR,0.3
2019,kinlety01,Tyler Kinley,MIA,0.8
2019,bardlu01,Luke Bard,LAA,0.3
2019,burneco01,Corbin Burnes,MIL,-2.2
2019,crickky01,Kyle Crick,PIT,-0.2
2019,mckaybr01,Brendan McKay,TBR,-0.2
2019,smeltde01,Devin Smeltzer,MIN,0.8
2019,ponceda01,Daniel Ponce de Leon,STL,0.5
2019,suarera01,Ranger Suárez,PHI,0.8
2019,martica04,Carlos Martínez,STL,0.8
2019,raineta01,Tanner Rainey,WSN,0.5
2019,bassan01,Anthony Bass,SEA,0.9
2019,kellemi03,Mitch Keller,PIT,-0.9
2019,straida01,Dan Straily,BAL,-1.4
2019,rodnefe01,Fernando Rodney,2TM,-0.2
2019,rodnefe01,Fernando Rodney,OAK,-0.5
2019,rodnefe01,Fernando Rodney,WSN,0.3
2019,brennbr01,Brandon Brennan,SEA,0.4
2019,kellesh01,Shawn Kelley,TEX,0.9
2019,nicasju01,Juan Nicasio,PHI,-0.1
2019,taylojo02,Josh Taylor,BOS,1.3
2019,anderju01,Justin Anderson,LAA,-0.3
2019,pruitau01,Austin Pruitt,TBR,0.3
2019,florody01,Dylan Floro,LAD,-0.4
2019,gracema02,Matt Grace,WSN,-0.6
2019,rodrije01,Jefry Rodríguez,CLE,0.2
2019,sadleca02,Casey Sadler,2TM,0.8
2019,sadleca02,Casey Sadler,TBR,0.5
2019,sadleca02,Casey Sadler,LAD,0.4
2019,guerrta01,Tayron Guerrero,MIA,-0.7
2019,allarko01,Kolby Allard,TEX,0.9
2019,buchtry01,Ryan Buchter,OAK,1.0
2019,richacl01,Clayton Richard,TOR,-0.3
2019,woodhu01,Hunter Wood,2TM,0.4
2019,woodhu01,Hunter Wood,TBR,0.4
2019,woodhu01,Hunter Wood,CLE,0.0
2019,briceau01,Austin Brice,MIA,0.5
2019,ferguca01,Caleb Ferguson,LAD,-0.2
2019,vinceni01,Nick Vincent,2TM,0.4
2019,vinceni01,Nick Vincent,SFG,-0.2
2019,vinceni01,Nick Vincent,PHI,0.6
2019,hardybl01,Blaine Hardy,DET,0.6
2019,millesh01,Shelby Miller,TEX,-1.0
2019,vothau01,Austin Voth,WSN,1.1
2019,simslu01,Lucas Sims,CIN,0.5
2019,alcanvi01,Victor Alcántara,DET,0.5
2019,daviswa01,Wade Davis,COL,-1.5
2019,hernada01,David Hernández,CIN,-1.8
2019,irvinco01,Cole Irvin,PHI,-0.3
2019,stroppe01,Pedro Strop,CHC,-0.1
2019,toussto01,Touki Toussaint,ATL,-0.3
2019,holdejo02,Jonathan Holder,NYY,-0.9
2019,mcgeeja01,Jake McGee,COL,0.2
2019,klinebr01,Branden Kline,BAL,-0.1
2019,urquijo01,José Urquidy,HOU,0.6
2019,yacabji01,Jimmy Yacabonis,BAL,-0.4
2019,carpery01,Ryan Carpenter,DET,-1.1
2019,goodyni01,Nick Goody,CLE,0.4
2019,leonedo01,Dominic Leone,STL,-0.4
2019,perezol01,Óliver Pérez,CLE,0.4
2019,weberry01,Ryan Weber,BOS,0.1
2019,johnsbr02,Brian Johnson,BOS,-0.3
2019,peralwi01,Wily Peralta,KCR,-0.2
2019,gonsoto01,Tony Gonsolin,LAD,0.8
2019,ruizjo01,José Ruiz,CHW,-0.1
2019,hembrhe01,Heath Hembree,BOS,0.4
2019,hillti01,Tim Hill,KCR,0.8
2019,shafeju01,Justin Shafer,TOR,0.3
2019,webblo01,Logan Webb,SFG,0.1
2019,peralwa01,Wandy Peralta,2TM,-0.1
2019,peralwa01,Wandy Peralta,CIN,-0.2
2019,peralwa01,Wandy Peralta,SFG,0.2
2019,sandopa02,Patrick Sandoval,LAA,0.6
2019,garcied01,Edgar García,PHI,-0.2
2019,hellije01,Jeremy Hellickson,WSN,-0.4
2019,wilsoju10,Justin Wilson,NYM,1.2
2019,brighje01,Jeff Brigham,MIA,0.2
2019,haleda02,David Hale,NYY,0.8
2019,taillja01,Jameson Taillon,PIT,0.2
2019,cordeji01,Jimmy Cordero,2TM,1.0
2019,cordeji01,Jimmy Cordero,TOR,0.0
2019,cordeji01,Jimmy Cordero,CHW,1.0
2019,litteza01,Zack Littell,MIN,1.0
2019,duplajo01,Jon Duplantier,ARI,0.3
2019,helslry01,Ryan Helsley,STL,0.6
2019,matonph01,Phil Maton,2TM,-0.4
2019,matonph01,Phil Maton,SDP,-0.6
2019,matonph01,Phil Maton,CLE,0.2
2019,eshelto01,Thomas Eshelman,BAL,-0.5
2019,millsal02,Alec Mills,CHC,1.0
2019,sheffju01,Justus Sheffield,SEA,0.1
2019,tinocje01,Jesús Tinoco,COL,0.1
2019,hollagr01,Greg Holland,ARI,0.1
2019,klubeco01,Corey Kluber,CLE,-0.4
2019,woodal02,Alex Wood,CIN,-0.2
2019,cisnejo01,José Cisnero,DET,0.3
2019,rossty01,Tyson Ross,DET,0.0
2019,hartlge01,Geoff Hartlieb,PIT,-0.9
2019,maydu01,Dustin May,LAD,0.0
2019,rodonca01,Carlos Rodón,CHW,0.0
2019,wieckbr01,Brad Wieck,2TM,-0.4
2019,wieckbr01,Brad Wieck,SDP,-0.6
2019,wieckbr01,Brad Wieck,CHC,0.2
2019,parsowe01,Wes Parsons,2TM,-0.1
2019,parsowe01,Wes Parsons,ATL,0.3
2019,parsowe01,Wes Parsons,COL,-0.3
2019,duggero01,Robert Dugger,MIA,-0.5
2019,phelpda01,David Phelps,2TM,0.6
2019,phelpda01,David Phelps,TOR,0.3
2019,phelpda01,David Phelps,CHC,0.3
2019,almonye01,Yency Almonte,COL,0.0
2019,luciael01,Elvis Luciano,TOR,0.1
2019,barraky01,Kyle Barraclough,2TM,-0.6
2019,barraky01,Kyle Barraclough,WSN,-0.8
2019,barraky01,Kyle Barraclough,SFG,0.2
2019,santihe01,Héctor Santiago,2TM,-0.4
2019,santihe01,Héctor Santiago,NYM,-0.1
2019,santihe01,Héctor Santiago,CHW,-0.2
2019,melviti01,Tim Melville,COL,0.6
2019,wickro01,Rowan Wick,CHC,0.5
2019,suarean01,Andrew Suárez,SFG,-0.3
2019,wendejb01,J.B. Wendelken,OAK,0.4
2019,barneja01,Jacob Barnes,2TM,-0.7
2019,barneja01,Jacob Barnes,MIL,-0.3
2019,barneja01,Jacob Barnes,KCR,-0.4
2019,blevije01,Jerry Blevins,ATL,0.4
2019,sprinje01,Jeffrey Springs,TEX,0.1
2019,webbja01,Jacob Webb,ATL,0.9
2019,avilalu01,Luis Avilán,NYM,0.1
2019,bowmama01,Matt Bowman,CIN,0.4
2019,adamsau02,Austin Adams,2TM,0.6
2019,adamsau02,Austin Adams,WSN,0.0
2019,adamsau02,Austin Adams,SEA,0.6
2019,loaisjo01,Jonathan Loáisiga,NYY,0.2
2019,reidfse01,Sean Reid-Foley,TOR,0.0
2019,mejiaad01,Adalberto Mejía,3TM,-0.5
2019,mejiaad01,Adalberto Mejía,2TM,-0.4
2019,mejiaad01,Adalberto Mejía,MIN,-0.6
2019,mejiaad01,Adalberto Mejía,LAA,0.2
2019,mejiaad01,Adalberto Mejía,STL,-0.1
2019,newbeja01,Jake Newberry,KCR,0.6
2019,smithjo07,Josh A. Smith,BOS,-0.1
2019,wangwe01,Wei-Chung Wang,2TM,0.5
2019,wangwe01,Wei-Chung Wang,OAK,0.5
2019,wangwe01,Wei-Chung Wang,PIT,0.0
2019,olsonty01,Tyler Olson,CLE,0.2
2019,crichst01,Stefan Crichton,ARI,0.4
2019,hernada02,Darwinzon Hernández,BOS,0.1
2019,jacksja01,Jay Jackson,MIL,0.2
2019,alvarjo03,José Alvarado,TBR,-0.3
2019,baezmi01,Michel Báez,SDP,0.7
2019,kelake01,Keone Kela,PIT,1.2
2019,manaese01,Sean Manaea,OAK,1.5
2019,morgaad01,Adam Morgan,PHI,0.3
2019,oteroda01,Dan Otero,CLE,0.0
2019,quijajo01,José Quijada,MIA,-0.3
2019,flynnbr01,Brian Flynn,KCR,0.0
2019,minteaj01,A.J. Minter,ATL,-0.7
2019,wrighmi01,Mike Wright Jr.,2TM,-0.6
2019,wrighmi01,Mike Wright Jr.,BAL,-0.3
2019,wrighmi01,Mike Wright Jr.,SEA,-0.2
2019,montera01,Rafael Montero,TEX,1.2
2019,sobotch01,Chad Sobotka,ATL,-0.4
2019,stumpda01,Daniel Stumpf,DET,0.3
2019,hicksjo03,Jordan Hicks,STL,0.5
2019,shoemma01,Matt Shoemaker,TOR,1.1
2019,warread01,Adam Warren,SDP,-0.2
2019,dobnara01,Randy Dobnak,MIN,0.7
2019,phillev01,Evan Phillips,BAL,-0.1
2019,reiniza01,Zac Reininger,DET,-0.6
2019,biddlje01,Jesse Biddle,3TM,-1.1
2019,biddlje01,Jesse Biddle,2TM,-0.8
2019,biddlje01,Jesse Biddle,ATL,-0.3
2019,biddlje01,Jesse Biddle,SEA,-0.6
2019,biddlje01,Jesse Biddle,TEX,-0.2
2019,coonrsa01,Sam Coonrod,SFG,0.5
2019,minayju01,Juan Minaya,CHW,0.4
2019,noesihe01,Héctor Noesí,MIA,-0.7
2019,thorple01,Lewis Thorpe,MIN,-0.2
2019,allenlo01,Logan Allen,2TM,-0.4
2019,allenlo01,Logan Allen,SDP,-0.5
2019,allenlo01,Logan Allen,CLE,0.1
2019,fulmeca01,Carson Fulmer,CHW,-0.5
2019,blachty01,Ty Blach,2TM,-1.2
2019,blachty01,Ty Blach,SFG,-0.3
2019,blachty01,Ty Blach,BAL,-0.9
2019,boxbebr01,Brad Boxberger,KCR,0.0
2019,burkebr01,Brock Burke,TEX,-0.1
2019,mcraeal01,Alex McRae,PIT,-1.0
2019,guerrta02,Taylor Guerrieri,TEX,0.1
2019,jewelja01,Jake Jewell,LAA,-0.2
2019,scottta01,Tanner Scott,BAL,0.0
2019,mckayda02,David McKay,2TM,0.1
2019,mckayda02,David McKay,SEA,0.0
2019,mckayda02,David McKay,DET,0.2
2019,coleaj01,A.J. Cole,CLE,-0.1
2019,reyesge01,Gerardo Reyes,SDP,-0.5
2019,stewabr01,Brock Stewart,2TM,-1.0
2019,stewabr01,Brock Stewart,LAD,-0.3
2019,stewabr01,Brock Stewart,TOR,-0.7
2019,adamsch01,Chance Adams,NYY,-0.7
2019,stewako01,Kohl Stewart,MIN,-0.2
2019,johnsdj01,DJ Johnson,COL,0.2
2019,smithjo05,Joe Smith,HOU,0.6
2019,stashco01,Cody Stashak,MIN,0.5
2019,ramirne01,Neil Ramírez,2TM,-0.2
2019,ramirne01,Neil Ramírez,CLE,-0.2
2019,ramirne01,Neil Ramírez,TOR,0.0
2019,dominse01,Seranthony Domínguez,PHI,0.0
2019,tarplst01,Stephen Tarpley,NYY,-0.5
2019,ginkeke01,Kevin Ginkel,ARI,0.7
2019,gustaja01,Jandel Gustave,SFG,0.3
2019,strichu01,Hunter Strickland,2TM,-0.2
2019,strichu01,Hunter Strickland,SEA,-0.2
2019,strichu01,Hunter Strickland,WSN,0.0
2019,ramirye01,Yefry Ramírez,2TM,-0.5
2019,ramirye01,Yefry Ramírez,BAL,-0.2
2019,ramirye01,Yefry Ramírez,PIT,-0.3
2019,estrama01,Marco Estrada,OAK,-0.4
2019,gagnodr01,Drew Gagnon,NYM,-1.1
2019,sadzeco01,Connor Sadzeck,SEA,0.4
2019,claseem01,Emmanuel Clase,TEX,0.9
2019,dukeza01,Zach Duke,CIN,0.1
2019,hallma02,Matt Hall,DET,-0.3
2019,lakintr01,Travis Lakins Sr.,BOS,0.3
2019,allenco01,Cody Allen,LAA,-0.1
2019,munozan01,Andrés Muñoz,SDP,0.2
2019,tuivasa01,Sam Tuivailala,SEA,0.8
2019,lockewa01,Walker Lockett,NYM,-0.6
2019,zeuchtj01,T.J. Zeuch,TOR,0.3
2019,anderta01,Tanner Anderson,OAK,-0.2
2019,dowdyky01,Kyle Dowdy,TEX,-0.4
2019,festama01,Matt Festa,SEA,-0.1
2019,fillmhe01,Heath Fillmyer,KCR,-0.5
2019,bashlty01,Tyler Bashlor,NYM,-0.4
2019,nelsoji02,Jimmy Nelson,MIL,-0.4
2019,payanpe01,Pedro Payano,TEX,-0.1
2019,markepa01,Parker Markel,2TM,-0.4
2019,markepa01,Parker Markel,SEA,-0.3
2019,markepa01,Parker Markel,PIT,-0.1
2019,adamja01,Jason Adam,TOR,0.5
2019,teperry01,Ryan Tepera,TOR,0.0
2019,winklda01,Dan Winkler,ATL,-0.2
2019,chargjt01,JT Chargois,LAD,-0.3
2019,sneedcy01,Cy Sneed,HOU,-0.1
2019,smithbu03,Burch Smith,2TM,-0.1
2019,smithbu03,Burch Smith,MIL,-0.2
2019,smithbu03,Burch Smith,SFG,0.2
2019,mcclare01,Reggie McClain,SEA,0.0
2019,sippto01,Tony Sipp,WSN,0.0
2019,skogler01,Eric Skoglund,KCR,-0.4
2019,tatedi01,Dillon Tate,BAL,-0.2
2019,fairbpe01,Pete Fairbanks,2TM,-0.7
2019,fairbpe01,Pete Fairbanks,TEX,-0.3
2019,fairbpe01,Pete Fairbanks,TBR,-0.4
2019,anderty01,Tyler Anderson,COL,-0.9
2019,davisau01,Austin Davis,PHI,-0.1
2019,kimbrcr01,Craig Kimbrel,CHC,-0.6
2019,kochma01,Matt Koch,ARI,-0.5
2019,cabrege01,Génesis Cabrera,STL,-0.5
2019,shawami01,Mike Shawaryn,BOS,-0.6
2019,boshebu01,Buddy Boshers,TOR,0.2
2019,lovelri01,Richard Lovelady,KCR,-0.3
2019,wilsobr02,Bryse Wilson,ATL,-0.4
2019,bergetr01,Travis Bergen,SFG,0.0
2019,bolanro01,Ronald Bolaños,SDP,0.0
2019,burrry01,Ryan Burr,CHW,0.0
2019,rodrijo07,José Rodríguez,LAA,0.5
2019,sewalpa01,Paul Sewald,NYM,0.1
2019,wrighky01,Kyle Wright,ATL,-0.5
2019,martico02,Corbin Martin,HOU,-0.2
2019,staumjo01,Josh Staumont,KCR,0.0
2019,hammejd01,J.D. Hammer,PHI,0.3
2019,howarsa01,Sam Howard,COL,-0.3
2019,mayermi01,Mike Mayers,STL,-0.3
2019,shephch01,Chandler Shepherd,BAL,-0.1
2019,thornty01,Tyler Thornburg,BOS,-0.2
2019,fariaja01,Jake Faria,2TM,-0.3
2019,fariaja01,Jake Faria,TBR,0.2
2019,fariaja01,Jake Faria,MIL,-0.6
2019,ohse01,Seunghwan Oh,COL,-0.7
2019,sherfji01,James Sherfy,ARI,-0.3
2019,suterbr01,Brent Suter,MIL,1.0
2019,zimmeky01,Kyle Zimmer,KCR,-0.6
2019,armenro01,Rogelio Armenteros,HOU,0.1
2019,neshepa01,Pat Neshek,PHI,-0.1
2019,rosscza01,Zac Rosscup,3TM,-0.2
2019,rosscza01,Zac Rosscup,2TM,-0.1
2019,rosscza01,Zac Rosscup,SEA,0.0
2019,rosscza01,Zac Rosscup,TOR,-0.2
2019,rosscza01,Zac Rosscup,LAD,-0.1
2019,harvejo01,Joe Harvey,2TM,0.0
2019,harvejo01,Joe Harvey,NYY,0.0
2019,harvejo01,Joe Harvey,COL,0.0
2019,dunnmi01,Mike Dunn,COL,-0.3
2019,rogerty01,Tyler Rogers,SFG,0.8
2019,alexasc02,Scott Alexander,LAD,0.2
2019,durapmo01,Montana DuRapau,PIT,-0.8
2019,grotzza01,Zac Grotz,SEA,0.1
2019,marveja01,James Marvel,PIT,-0.4
2019,menezco01,Conner Menez,SFG,0.1
2019,edwarca01,Carl Edwards Jr.,2TM,-0.5
2019,edwarca01,Carl Edwards Jr.,CHC,-0.3
2019,edwarca01,Carl Edwards Jr.,SDP,-0.2
2019,bradfch02,Chasen Bradford,SEA,0.1
2019,hernajo02,Jonathan Hernández,TEX,0.3
2019,palumjo01,Joe Palumbo,TEX,-0.2
2019,adamsau01,Austin Adams,2TM,0.0
2019,adamsau01,Austin Adams,MIN,-0.1
2019,adamsau01,Austin Adams,DET,0.2
2019,hildetr01,Trevor Hildenberger,MIN,-1.3
2019,mazzach01,Chris Mazza,NYM,0.0
2019,romansa01,Sal Romano,CIN,-0.3
2019,scottta02,Tayler Scott,2TM,-0.8
2019,scottta02,Tayler Scott,SEA,-0.3
2019,scottta02,Tayler Scott,BAL,-0.5
2019,cuetojo01,Johnny Cueto,SFG,0.1
2019,mcgowky01,Kyle McGowin,WSN,-0.5
2019,valdeph01,Phillips Valdéz,TEX,0.4
2019,volqued01,Edinson Vólquez,TEX,0.1
2019,wilkeaa01,Aaron Wilkerson,MIL,-0.2
2019,blackra01,Ray Black,2TM,0.1
2019,blackra01,Ray Black,SFG,0.0
2019,blackra01,Ray Black,MIL,0.0
2019,lucasjo02,Josh Lucas,BAL,0.0
2019,milleju02,Justin Miller,WSN,0.2
2019,alanirj01,R.J. Alaniz,2TM,-0.4
2019,alanirj01,R.J. Alaniz,SEA,-0.4
2019,alanirj01,R.J. Alaniz,CIN,0.0
2019,garrere01,Reed Garrett,DET,-0.2
2019,gomezje01,Jeanmar Gómez,TEX,-0.3
2019,romanjo03,Jordan Romano,TOR,-0.4
2019,rosentr01,Trevor Rosenthal,2TM,-1.2
2019,rosentr01,Trevor Rosenthal,WSN,-1.0
2019,rosentr01,Trevor Rosenthal,DET,-0.2
2019,ramosed02,Edubray Ramos,PHI,-0.1
2019,altavda01,Dan Altavilla,SEA,0.0
2019,willita01,Taylor Williams,MIL,-0.7
2019,rogerjo01,Josh Rogers,BAL,-0.2
2019,steckdr01,Drew Steckenrider,MIA,-0.2
2019,gibauia01,Ian Gibaut,2TM,0.2
2019,gibauia01,Ian Gibaut,TBR,0.0
2019,gibauia01,Ian Gibaut,TEX,0.2
2019,rosarra01,Randy Rosario,2TM,0.0
2019,rosarra01,Randy Rosario,CHC,-0.1
2019,rosarra01,Randy Rosario,KCR,0.2
2019,kayan01,Anthony Kay,TOR,0.0
2019,romerfe01,Fernando Romero,MIN,-0.2
2019,flexech01,Chris Flexen,NYM,-0.4
2019,tropeni01,Nick Tropeano,LAA,-0.4
2019,willide03,Devin Williams,MIL,-0.1
2019,despaod01,Odrisamer Despaigne,CHW,-0.3
2019,farrelu01,Luke Farrell,TEX,0.6
2019,santaer01,Ervin Santana,CHW,-0.4
2019,abadfe01,Fernando Abad,SFG,0.2
2019,schrejo01,John Schreiber,DET,0.0
2019,riosya01,Yacksel Ríos,2TM,-0.3
2019,riosya01,Yacksel Ríos,PHI,-0.3
2019,riosya01,Yacksel Ríos,PIT,0.0
2019,birdky01,Kyle Bird,TEX,-0.1
2019,dullry01,Ryan Dull,3TM,-0.8
2019,dullry01,Ryan Dull,OAK,-0.5
2019,dullry01,Ryan Dull,NYY,-0.3
2019,dullry01,Ryan Dull,TOR,0.0
2019,lyonsty01,Tyler Lyons,2TM,-0.3
2019,lyonsty01,Tyler Lyons,PIT,-0.4
2019,lyonsty01,Tyler Lyons,NYY,0.1
2019,smithjo08,Josh D. Smith,2TM,-0.1
2019,smithjo08,Josh D. Smith,CLE,0.0
2019,smithjo08,Josh D. Smith,MIA,-0.1
2019,alzolad01,Adbert Alzolay,CHC,-0.2
2019,cobbal01,Alex Cobb,BAL,-0.4
2019,guilbta01,Taylor Guilbeau,SEA,0.2
2019,daytogr01,Grant Dayton,ATL,0.2
2019,luzarje01,Jesús Luzardo,OAK,0.6
2019,severlu01,Luis Severino,NYY,0.6
2019,fernaju01,Junior Fernández,STL,-0.2
2019,mapledi01,Dillon Maples,CHC,0.0
2019,poynebo01,Bobby Poyner,BOS,-0.2
2019,underdu01,Duane Underwood Jr.,CHC,0.0
2019,yardler01,Eric Yardley,SDP,0.2
2019,pukaj01,A.J. Puk,OAK,0.2
2019,wilsoal01,Alex Wilson,MIL,-0.6
2019,eadesry01,Ryan Eades,2TM,0.3
2019,eadesry01,Ryan Eades,MIN,0.1
2019,eadesry01,Ryan Eades,BAL,0.2
2019,bednada01,David Bednar,SDP,-0.2
2019,blackpa01,Paul Blackburn,OAK,-0.5
2019,delosen01,Enyel De Los Santos,PHI,-0.2
2019,webstal01,Allen Webster,CHC,-0.1
2019,davisro03,Rookie Davis,PIT,-0.1
2019,jimened01,Eduardo Jiménez,DET,0.1
2019,kelleky01,Kyle Keller,MIA,0.2
2019,stockro01,Robert Stock,SDP,-0.8
2019,jonesna01,Nate Jones,CHW,0.2
2019,pazosja01,James Pazos,COL,0.4
2019,selmasa01,Sam Selman,SFG,0.1
2019,jerezwi01,Williams Jerez,2TM,0.1
2019,jerezwi01,Williams Jerez,SFG,0.2
2019,jerezwi01,Williams Jerez,PIT,-0.1
2019,moorema02,Matt Moore,DET,0.7
2019,musgrha01,Harrison Musgrave,COL,0.2
2019,carasma01,Matt Carasiti,SEA,0.0
2019,gratebr01,Brusdar Graterol,MIN,0.1
2019,kuhnejo01,Joel Kuhnel,CIN,0.1
2019,schlibr01,Brian Schlitter,OAK,0.1
2019,carlesh01,Shane Carle,ATL,-0.3
2019,delpomi01,Miguel Del Pozo,LAA,-0.5
2019,neverdo01,Dovydas Neverauskas,PIT,-0.4
2019,norwoja01,James Norwood,CHC,0.1
2019,walkeje02,Jeremy Walker,ATL,0.2
2019,bautige01,Gerson Bautista,SEA,-0.3
2019,perezci01,Cionel Pérez,HOU,-0.5
2019,sborzjo01,Josh Sborz,LAD,-0.2
2019,abreubr01,Bryan Abreu,HOU,0.3
2019,anderco01,Cody Anderson,CLE,-0.6
2019,burdini01,Nick Burdi,PIT,-0.4
2019,colliti01,Tim Collins,CHC,0.2
2019,guerrja02,Javy Guerra,SDP,0.0
2019,richaga01,Garrett Richards,SDP,-0.2
2019,zamorda01,Daniel Zamora,NYM,0.0
2019,hoytja01,James Hoyt,CLE,0.2
2019,kelletr01,Trevor Kelley,BOS,-0.3
2019,poppese01,Sean Poppen,MIN,-0.1
2019,edwarjo02,Jon Edwards,CLE,0.2
2019,morejad01,Adrián Morejón,SDP,-0.3
2019,petrija01,Jake Petricka,MIL,0.1
2019,ramirjc01,JC Ramírez,LAA,0.1
2019,ventejo01,Jonny Venters,2TM,-1.1
2019,ventejo01,Jonny Venters,ATL,-0.8
2019,ventejo01,Jonny Venters,WSN,-0.2
2019,middlke01,Keynan Middleton,LAA,0.4
2019,hartdo01,Donnie Hart,2TM,0.3
2019,hartdo01,Donnie Hart,MIL,0.3
2019,hartdo01,Donnie Hart,NYM,0.0
2019,diehlph01,Phillip Diehl,COL,-0.1
2019,hellebe01,Ben Heller,NYY,0.3
2019,peterti01,Tim Peterson,NYM,0.0
2019,poundbr01,Brooks Pounders,NYM,0.0
2019,scottro02,Robby Scott,ARI,0.0
2019,speiega01,Gabe Speier,KCR,-0.2
2019,sulseco01,Cole Sulser,TBR,0.3
2019,vieirth01,Thyago Vieira,CHW,-0.2
2019,borucry01,Ryan Borucki,TOR,-0.4
2019,dunnju01,Justin Dunn,SEA,0.2
2019,garcibr01,Bryan Garcia,DET,-0.4
2019,nogosst01,Stephen Nogosek,NYM,-0.3
2019,oswalco01,Corey Oswalt,NYM,-0.4
2019,roberda08,David Robertson,PHI,0.0
2019,stjohlo01,Locke St. John,TEX,0.1
2019,diazmi02,Miguel Díaz,SDP,-0.1
2019,harvehu01,Hunter Harvey,BAL,0.3
2019,hergeji01,Jimmy Herget,CIN,0.1
2019,moranbr01,Brian Moran,MIA,0.1
2019,reedco01,Cody Reed,CIN,0.2
2019,rhameja01,Jacob Rhame,NYM,-0.1
2019,wrighst01,Steven Wright,BOS,-0.1
2019,anderdr02,Drew Anderson,PHI,-0.1
2019,garciri01,Rico Garcia,COL,-0.2
2019,torreca01,Carlos Torres,DET,0.0
2019,escoblu01,Luis Escobar,PIT,-0.1
2019,feierry01,Ryan Feierabend,TOR,-0.3
2019,gregelu01,Luke Gregerson,STL,-0.1
2019,huangwe01,Wei-Chieh Huang,TEX,-0.1
2019,avilape01,Pedro Avila,SDP,0.3
2019,francen01,Enderson Franco,SFG,0.1
2019,guduare01,Reymin Guduan,HOU,-0.4
2019,hunteto02,Tommy Hunter,PHI,0.2
2019,karinja01,James Karinchak,CLE,0.1
2019,karnsna01,Nate Karns,BAL,0.3
2019,odayda01,Darren O'Day,ATL,0.2
2019,warrear01,Art Warren,SEA,0.3
2019,wilkest01,Stevie Wilkerson,BAL,0.0
2019,blazemi01,Michael Blazek,WSN,0.0
2019,rodgebr01,Brady Rodgers,HOU,-0.3
2019,santade01,Dennis Santana,LAD,-0.1
2019,schulja02,Jaime Schultz,LAD,-0.1
2019,walshja01,Jared Walsh,LAA,0.1
2019,aranovi01,Víctor Arano,PHI,0.0
2019,hahnje01,Jesse Hahn,KCR,-0.4
2019,jennida01,Dan Jennings,WSN,-0.5
2019,mendeyo01,Yohander Méndez,TEX,0.0
2019,moorean02,Andrew Moore,SEA,-0.1
2019,wothema01,Matt Wotherspoon,BAL,-0.4
2019,bandaan01,Anthony Banda,TBR,0.0
2019,brossmi01,Mike Brosseau,TBR,0.0
2019,deleojo03,José De León,TBR,0.0
2019,martiru01,Russell Martin,LAD,0.1
2019,montgjo01,Jordan Montgomery,NYY,-0.1
2019,payamjo01,Joel Payamps,ARI,0.0
2019,salazda01,Danny Salazar,CLE,0.1
2019,vizcaar01,Arodys Vizcaíno,ATL,0.2
2019,barreja01,Jake Barrett,NYY,-0.2
2019,fernajo04,José Fernández,DET,-0.4
2019,mellake01,Keury Mella,CIN,0.0
2019,milneho01,Hoby Milner,TBR,-0.1
2019,carpeda01,David Carpenter,TEX,-0.1
2019,hultzda01,Danny Hultzen,CHC,0.2
2019,loupaa01,Aaron Loup,SDP,0.2
2019,ortizlu02,Luis Ortiz,BAL,-0.1
2019,quinnro01,Roman Quinn,PHI,-0.1
2019,vendipa01,Pat Venditte,SFG,-0.2
2019,whitety01,Tyler White,HOU,-0.3
2019,gartory01,Ryan Garton,SEA,-0.1
2019,mantijo01,Joe Mantiply,NYY,-0.1
2019,murphjr01,John Ryan Murphy,ARI,-0.3
2019,murphto04,Tom Murphy,SEA,0.0
2019,perezhe01,Hernán Pérez,MIL,0.1
2019,ramirer02,Erasmo Ramírez,BOS,-0.1
2019,reyesal02,Alex Reyes,STL,-0.4
2019,slegeaa01,Aaron Slegers,TBR,0.0
2019,ynoahu01,Huascar Ynoa,ATL,-0.2
2019,frareca01,Caleb Frare,CHW,-0.1
2019,lailbr01,Brady Lail,NYY,-0.2
2019,salasfe01,Fernando Salas,PHI,0.0
2019,barreaa01,Aaron Barrett,WSN,-0.2
2019,curtijo02,John Curtiss,LAA,0.0
2019,gilmase01,Sean Gilmartin,BAL,-0.2
2019,gordoal01,Alex Gordon,KCR,-0.1
2019,osunajo01,José Osuna,PIT,0.0
2019,pintori01,Ricardo Pinto,TBR,-0.1
2019,avilaal01,Alex Avila,ARI,0.0
2019,caratvi01,Victor Caratini,CHC,0.0
2019,cedenxa01,Xavier Cedeño,CHC,0.1
2019,culbech01,Charlie Culberson,ATL,0.1
2019,dixonbr01,Brandon Dixon,DET,0.0
2019,fordmi01,Mike Ford,NYY,-0.1
2019,francty01,Ty France,SDP,0.0
2019,freemmi01,Mike Freeman,CLE,0.0
2019,freemsa01,Sam Freeman,LAA,0.0
2019,kingmi01,Michael King,NYY,0.0
2019,mailelu01,Luke Maile,TOR,0.1
2019,mathije01,Jeff Mathis,TEX,0.0
2019,plaweke01,Kevin Plawecki,CLE,0.1
2019,rosaad01,Adonis Rosa,NYY,0.0
2019,shrevch01,Chasen Shreve,STL,-0.1
2019,alcaljo01,Jorge Alcala,MIN,0.1
2019,arteahu01,Humberto Arteaga,KCR,0.0
2019,owingch01,Chris Owings,KCR,-0.1
2019,barneto01,Tony Barnette,CHC,0.0
2019,farmeky01,Kyle Farmer,CIN,0.1
2019,josepca01,Caleb Joseph,ARI,0.0
2019,orourry01,Ryan O'Rourke,NYM,0.1
2019,perazjo01,José Peraza,CIN,0.1
2019,rodrise01,Sean Rodríguez,PHI,0.0
2019,rumbeni01,Nick Rumbelow,SEA,-0.3
2019,adriaeh01,Ehire Adrianza,MIN,-0.1
2019,alberha01,Hanser Alberto,BAL,-0.1
2019,altheaa01,Aaron Altherr,PHI,0.0
2019,baezsa01,Sandy Báez,DET,0.0
2019,davisch02,Chris Davis,BAL,0.0
2019,davista01,Taylor Davis,CHC,0.0
2019,dejonch01,Chase De Jong,MIN,-0.1
2019,descada01,Daniel Descalso,CHC,-0.1
2019,desmoia01,Ian Desmond,COL,0.0
2019,doziebr01,Brian Dozier,WSN,-0.1
2019,ellisch01,Chris Ellis,KCR,0.0
2019,federti01,Tim Federowicz,TEX,0.0
2019,kinslia01,Ian Kinsler,SDP,0.0
2019,livelbe01,Ben Lively,KCR,-0.1
2019,martini02,Nick Martini,OAK,0.0
2019,mooredy01,Dylan Moore,SEA,-0.1
2019,moralke01,Kendrys Morales,OAK,0.0
2019,nunezed02,Eduardo Núñez,BOS,0.0
2019,ramsema01,Matt Ramsey,LAA,0.0
2019,reedaj01,AJ Reed,CHW,0.0
2019,reynoma01,Mark Reynolds,COL,-0.1
2019,roberda10,Daniel Robertson,TBR,0.0
2019,rominau01,Austin Romine,NYY,-0.1
2019,rondojo02,José Rondón,CHW,0.0
2019,rusinch01,Chris Rusin,COL,-0.3
2019,sandopa01,Pablo Sandoval,SFG,0.0
2019,shuckja01,JB Shuck,PIT,0.0
2019,stallja01,Jacob Stallings,PIT,0.0
2019,sucreje01,Jesús Sucre,BAL,0.0
2019,urenari01,Richard Ureña,TOR,-0.1
2019,walketa01,Taijuan Walker,ARI,0.1
2019,zobribe01,Ben Zobrist,CHC,0.0
2019,araujpe01,Pedro Araújo,BAL,-0.1
2019,betande01,Dellin Betances,NYY,0.0
2019,bourqja01,James Bourque,WSN,-0.1
2019,castijo03,José Castillo,SDP,0.0
2019,diazye01,Yennsy Díaz,TOR,-0.1
2019,guerrde01,Deolis Guerra,MIL,-0.2
2019,gyorkje01,Jedd Gyorko,STL,0.0
2019,hearnta01,Taylor Hearn,TEX,-0.3
2019,holadbr01,Bryan Holaday,MIA,0.0
2019,stassma01,Max Stassi,HOU,0.0
2019,williau01,Austen Williams,WSN,-0.3
2019,parrage01,Gerardo Parra,WSN,0.0
2019,vasquan02,Andrew Vasquez,MIN,0.0
2020,lynnla01,Lance Lynn,TEX,2.2
2020,marquge01,Germán Márquez,COL,1.5
2020,hendrky01,Kyle Hendricks,CHC,2.0
2020,biebesh01,Shane Bieber,CLE,3.2
2020,darviyu01,Yu Darvish,CHC,2.8
2020,civalaa01,Aaron Civale,CLE,0.2
2020,woodrbr01,Brandon Woodruff,MIL,2.1
2020,senzaan01,Antonio Senzatela,COL,2.5
2020,bauertr01,Trevor Bauer,CIN,3.0
2020,colege01,Gerrit Cole,NYY,2.2
2020,giolilu01,Lucas Giolito,CHW,0.8
2020,galleza01,Zac Gallen,ARI,2.5
2020,nolaaa01,Aaron Nola,PHI,2.2
2020,wheelza01,Zack Wheeler,PHI,2.8
2020,freelky01,Kyle Freeland,COL,1.9
2020,valdefr01,Framber Valdez,HOU,1.2
2020,castilu02,Luis Castillo,CIN,1.1
2020,gonzama02,Marco Gonzales,SEA,1.6
2020,davieza02,Zach Davies,SDP,1.7
2020,lametdi01,Dinelson Lamet,SDP,2.3
2020,carraca01,Carlos Carrasco,CLE,1.4
2020,degroja01,Jacob deGrom,NYM,2.6
2020,gibsoky01,Kyle Gibson,TEX,-0.1
2020,scherma01,Max Scherzer,WSN,2.2
2020,greinza01,Zack Greinke,HOU,1.1
2020,ryuhy01,Hyun Jin Ryu,TOR,2.9
2020,heanean01,Andrew Heaney,LAA,1.2
2020,maedake01,Kenta Maeda,MIN,1.6
2020,bundydy01,Dylan Bundy,LAA,1.7
2020,corbipa01,Patrick Corbin,WSN,1.7
2020,wainwad01,Adam Wainwright,STL,0.5
2020,singebr01,Brady Singer,KCR,1.1
2020,cuetojo01,Johnny Cueto,SFG,0.1
2020,keuchda01,Dallas Keuchel,CHW,2.1
2020,bassich01,Chris Bassitt,OAK,2.2
2020,berrijo01,José Berríos,MIN,0.7
2020,millsal02,Alec Mills,CHC,0.2
2020,perezma02,Martín Pérez,BOS,1.2
2020,lestejo01,Jon Lester,CHC,-0.2
2020,boydma01,Matthew Boyd,DET,-0.6
2020,anderty01,Tyler Anderson,SFG,0.4
2020,burneco01,Corbin Burnes,MIL,2.1
2020,gausmke01,Kevin Gausman,SFG,1.3
2020,eflinza01,Zach Eflin,PHI,1.7
2020,fiersmi01,Mike Fiers,OAK,0.7
2020,luzarje01,Jesús Luzardo,OAK,0.7
2020,paddach01,Chris Paddack,SDP,0.2
2020,porceri01,Rick Porcello,NYM,0.2
2020,ceasedy01,Dylan Cease,CHW,0.2
2020,kershcl01,Clayton Kershaw,LAD,1.8
2020,lylesjo01,Jordan Lyles,TEX,-1.2
2020,glasnty01,Tyler Glasnow,TBR,0.8
2020,lopezpa01,Pablo López,MIA,1.4
2020,turnbsp01,Spencer Turnbull,DET,1.1
2020,minormi01,Mike Minor,2TM,-0.1
2020,minormi01,Mike Minor,TEX,0.0
2020,minormi01,Mike Minor,OAK,0.0
2020,cannigr01,Griffin Canning,LAA,1.1
2020,duffyda01,Danny Duffy,KCR,0.3
2020,friedma01,Max Fried,ATL,2.9
2020,grayso01,Sonny Gray,CIN,0.8
2020,housead01,Adrian Houser,MIL,-0.5
2020,maydu01,Dustin May,LAD,1.5
2020,yarbrry01,Ryan Yarbrough,TBR,1.2
2020,plesaza01,Zach Plesac,CLE,2.1
2020,sheffju01,Justus Sheffield,SEA,0.9
2020,willitr01,Trevor Williams,PIT,-0.9
2020,mcculla02,Lance McCullers Jr.,HOU,0.4
2020,uriasju01,Julio Urías,LAD,1.2
2020,kellebr01,Brad Keller,KCR,1.7
2020,javiecr01,Cristian Javier,HOU,1.3
2020,webblo01,Logan Webb,SFG,-0.4
2020,manaese01,Sean Manaea,OAK,0.3
2020,walketa01,Taijuan Walker,2TM,1.3
2020,walketa01,Taijuan Walker,SEA,0.4
2020,walketa01,Taijuan Walker,TOR,1.0
2020,montafr02,Frankie Montas,OAK,-0.3
2020,sanchan01,Aníbal Sánchez,WSN,0.1
2020,cobbal01,Alex Cobb,BAL,1.1
2020,weavelu01,Luke Weaver,ARI,-0.3
2020,rayro02,Robbie Ray,2TM,-0.3
2020,rayro02,Robbie Ray,ARI,-0.5
2020,rayro02,Robbie Ray,TOR,0.2
2020,richaga01,Garrett Richards,SDP,0.9
2020,feddeer01,Erick Fedde,WSN,1.5
2020,bubickr01,Kris Bubic,KCR,0.4
2020,snellbl01,Blake Snell,TBR,1.1
2020,peterda01,David Peterson,NYM,1.6
2020,vothau01,Austin Voth,WSN,0.3
2020,happja01,J.A. Happ,NYY,1.2
2020,stripro01,Ross Stripling,2TM,-0.5
2020,stripro01,Ross Stripling,LAD,-0.6
2020,stripro01,Ross Stripling,TOR,0.1
2020,eovalna01,Nathan Eovaldi,BOS,1.3
2020,tanakma01,Masahiro Tanaka,NYY,0.7
2020,mahlety01,Tyler Mahle,CIN,1.0
2020,roarkta01,Tanner Roark,TOR,-0.3
2020,brubajt01,JT Brubaker,PIT,-0.1
2020,anderbr04,Brett Anderson,MIL,0.6
2020,kikucyu01,Yusei Kikuchi,SEA,0.1
2020,dobnara01,Randy Dobnak,MIN,0.4
2020,gonsoto01,Tony Gonsolin,LAD,1.5
2020,kuhlch01,Chad Kuhl,PIT,-0.1
2020,youngal01,Alex Young,ARI,-0.1
2020,dunnju01,Justin Dunn,SEA,0.4
2020,lindbjo01,Josh Lindblom,MIL,0.2
2020,arrieja01,Jake Arrieta,PHI,0.8
2020,montgjo01,Jordan Montgomery,NYY,0.2
2020,meansjo01,John Means,BAL,0.9
2020,castery01,Ryan Castellani,COL,0.1
2020,clarkta01,Taylor Clarke,ARI,0.5
2020,weberry01,Ryan Weber,BOS,1.2
2020,braulst01,Steven Brault,PIT,0.7
2020,alcansa01,Sandy Alcantara,MIA,0.8
2020,bumgama01,Madison Bumgarner,ARI,-0.4
2020,clevimi01,Mike Clevinger,2TM,1.0
2020,clevimi01,Mike Clevinger,CLE,0.5
2020,clevimi01,Mike Clevinger,SDP,0.6
2020,margeni01,Nick Margevicius,SEA,0.3
2020,hollade01,Derek Holland,PIT,-1.0
2020,flaheja01,Jack Flaherty,STL,-0.3
2020,musgrjo01,Joe Musgrove,PIT,0.6
2020,tomlijo01,Josh Tomlin,ATL,0.5
2020,grayjo02,Jon Gray,COL,-0.3
2020,hudsoda02,Dakota Hudson,STL,0.6
2020,kimkw01,Kwang Hyun Kim,STL,0.9
2020,sanchsi01,Sixto Sánchez,MIA,1.6
2020,lopezjo02,Jorge López,2TM,-0.3
2020,lopezjo02,Jorge López,KCR,-0.1
2020,lopezjo02,Jorge López,BAL,-0.2
2020,milonto01,Tommy Milone,2TM,-0.3
2020,milonto01,Tommy Milone,BAL,0.3
2020,milonto01,Tommy Milone,ATL,-0.7
2020,hillri01,Rich Hill,MIN,0.8
2020,mortoch02,Charlie Morton,TBR,0.2
2020,wrighky01,Kyle Wright,ATL,0.2
2020,wojcias01,Asher Wojciechowski,BAL,-0.3
2020,buehlwa01,Walker Buehler,LAD,0.4
2020,lugose01,Seth Lugo,NYM,0.4
2020,sandopa02,Patrick Sandoval,LAA,-0.1
2020,alexaty01,Tyler Alexander,DET,0.5
2020,antonte01,Tejay Antone,CIN,1.0
2020,eshelto01,Thomas Eshelman,BAL,0.7
2020,garcide01,Deivi García,NYY,0.3
2020,dunnida01,Dane Dunning,CHW,0.1
2020,velasvi01,Vince Velasquez,PHI,0.4
2020,wachami01,Michael Wacha,NYM,-0.2
2020,allarko01,Kolby Allard,TEX,-0.7
2020,anderch01,Chase Anderson,TOR,-0.5
2020,desclan01,Anthony DeSclafani,CIN,-0.6
2020,lorenmi01,Michael Lorenzen,CIN,0.3
2020,mckentr01,Triston McKenzie,CLE,0.6
2020,ponceda01,Daniel Ponce de Leon,STL,-0.2
2020,anderia01,Ian Anderson,ATL,1.2
2020,barrija01,Jaime Barria,LAA,0.9
2020,flemijo01,Josh Fleming,TBR,0.8
2020,andrima01,Matt Andriese,LAA,0.6
2020,bielabr01,Brandon Bielak,HOU,-0.6
2020,richatr01,Trevor Richards,TBR,-0.5
2020,skubata01,Tarik Skubal,DET,-0.1
2020,quantca01,Cal Quantrill,2TM,0.7
2020,quantca01,Cal Quantrill,SDP,0.5
2020,quantca01,Cal Quantrill,CLE,0.2
2020,gonzagi01,Gio González,CHW,-0.3
2020,suterbr01,Brent Suter,MIL,0.5
2020,kellyme01,Merrill Kelly,ARI,1.3
2020,teherju01,Julio Teheran,LAA,-1.1
2020,hernajo02,Jonathan Hernández,TEX,0.7
2020,matzst01,Steven Matz,NYM,-1.0
2020,valdeph01,Phillips Valdéz,BOS,0.5
2020,barlosc01,Scott Barlow,KCR,0.2
2020,mayermi01,Mike Mayers,LAA,0.9
2020,mazzach01,Chris Mazza,BOS,0.5
2020,stratch01,Chris Stratton,PIT,-0.5
2020,castada01,Daniel Castano,MIA,0.9
2020,cisnejo01,José Cisnero,DET,0.7
2020,urquijo01,José Urquidy,HOU,0.8
2020,peralfr01,Freddy Peralta,MIL,0.3
2020,gombeau01,Austin Gomber,STL,0.7
2020,matzety01,Tyler Matzek,ATL,0.8
2020,fostema01,Matt Foster,CHW,0.7
2020,godleza01,Zack Godley,BOS,-0.3
2020,shoemma01,Matt Shoemaker,TOR,0.6
2020,hollagr01,Greg Holland,KCR,0.9
2020,mizeca01,Casey Mize,DET,-0.5
2020,rogertr01,Trevor Rogers,MIA,-0.1
2020,rogerty01,Tyler Rogers,SFG,0.2
2020,almonye01,Yency Almonte,COL,0.6
2020,fulmemi01,Michael Fulmer,DET,-0.8
2020,greensh02,Shane Greene,ATL,1.0
2020,norrida01,Daniel Norris,DET,0.6
2020,plutkad01,Adam Plutko,CLE,0.0
2020,daytogr01,Grant Dayton,ATL,0.7
2020,peralwa01,Wandy Peralta,SFG,0.3
2020,karinja01,James Karinchak,CLE,0.6
2020,willide03,Devin Williams,MIL,1.3
2020,cordeji01,Jimmy Cordero,CHW,-0.8
2020,fairbpe01,Pete Fairbanks,TBR,0.5
2020,familje01,Jeurys Familia,NYM,0.6
2020,kingmi01,Michael King,NYY,-0.6
2020,penafe01,Félix Peña,LAA,0.5
2020,pinedmi01,Michael Pineda,MIN,0.4
2020,erlinro01,Robbie Erlin,2TM,-0.5
2020,erlinro01,Robbie Erlin,PIT,0.0
2020,erlinro01,Robbie Erlin,ATL,-0.5
2020,buttrty01,Ty Buttrey,LAA,-0.1
2020,hatchto01,Thomas Hatch,TOR,0.7
2020,jackslu01,Luke Jackson,ATL,-0.5
2020,lopezre01,Reynaldo López,CHW,-0.6
2020,smithjo07,Josh A. Smith,MIA,-0.3
2020,smylydr01,Drew Smyly,SFG,0.5
2020,thompry02,Ryan Thompson,TBR,-0.2
2020,clippty01,Tyler Clippard,MIN,0.4
2020,crichst01,Stefan Crichton,ARI,1.0
2020,slegeaa01,Aaron Slegers,TBR,0.5
2020,akinke01,Keegan Akin,BAL,0.3
2020,bassan01,Anthony Bass,TOR,0.6
2020,breweco01,Colten Brewer,BOS,0.1
2020,diazed04,Edwin Díaz,NYM,1.4
2020,greench03,Chad Green,NYY,0.4
2020,hernael01,Elieser Hernández,MIA,0.8
2020,lakintr01,Travis Lakins Sr.,BAL,0.9
2020,simslu01,Lucas Sims,CIN,0.5
2020,staumjo01,Josh Staumont,KCR,0.7
2020,treinbl01,Blake Treinen,LAD,-0.2
2020,yamagsh01,Shun Yamaguchi,TOR,-0.7
2020,hendrli01,Liam Hendriks,OAK,1.4
2020,junisja01,Jakob Junis,KCR,-0.2
2020,wislema01,Matt Wisler,MIN,1.0
2020,brasiry01,Ryan Brasier,BOS,0.5
2020,cahiltr01,Trevor Cahill,SFG,0.6
2020,curtijo02,John Curtiss,TBR,0.8
2020,loupaa01,Aaron Loup,TBR,0.5
2020,shrevch01,Chasen Shreve,NYM,0.3
2020,wendejb01,J.B. Wendelken,OAK,0.7
2020,bardda01,Daniel Bard,COL,0.8
2020,finneky01,Kyle Finnegan,WSN,0.9
2020,hunteto02,Tommy Hunter,PHI,0.6
2020,oviedjo01,Johan Oviedo,STL,-0.5
2020,castrmi01,Miguel Castro,2TM,0.5
2020,castrmi01,Miguel Castro,BAL,0.4
2020,castrmi01,Miguel Castro,NYM,0.1
2020,florody01,Dylan Floro,LAD,0.5
2020,howarsp01,Spencer Howard,PHI,0.1
2020,janseke01,Kenley Jansen,LAD,0.4
2020,kintzbr01,Brandon Kintzler,MIA,1.3
2020,toussto01,Touki Toussaint,ATL,-0.8
2020,alcaljo01,Jorge Alcala,MIN,0.4
2020,dolisra01,Rafael Dolis,TOR,1.1
2020,duffety01,Tyler Duffey,MIN,0.7
2020,estevca01,Carlos Estévez,COL,-0.8
2020,stammcr01,Craig Stammen,SDP,-0.3
2020,guerrju02,Junior Guerra,ARI,0.5
2020,harpery01,Ryne Harper,WSN,-0.3
2020,heuerco01,Codi Heuer,CHW,0.8
2020,kinlety01,Tyler Kinley,COL,0.2
2020,scruban01,Andre Scrubb,HOU,1.0
2020,suerowa01,Wander Suero,WSN,0.6
2020,wittgni01,Nick Wittgren,CLE,0.4
2020,rosentr01,Trevor Rosenthal,2TM,1.0
2020,rosentr01,Trevor Rosenthal,KCR,0.3
2020,rosentr01,Trevor Rosenthal,SDP,0.7
2020,coleaj01,A.J. Cole,TOR,1.0
2020,gratebr01,Brusdar Graterol,LAD,0.3
2020,jeffrje01,Jeremy Jeffress,CHC,1.2
2020,maytr01,Trevor May,MIN,0.1
2020,rodriri05,Richard Rodríguez,PIT,0.4
2020,trivilo01,Lou Trivino,OAK,0.2
2020,urenajo01,José Ureña,MIA,0.3
2020,yardler01,Eric Yardley,MIL,0.6
2020,barnema01,Matt Barnes,BOS,0.3
2020,iglesra01,Raisel Iglesias,CIN,0.2
2020,loaisjo01,Jonathan Loáisiga,NYY,0.5
2020,sotogr01,Gregory Soto,DET,0.2
2020,zimmeky01,Kyle Zimmer,KCR,0.7
2020,codyky01,Kyle Cody,TEX,0.9
2020,jimenjo02,Joe Jiménez,DET,-0.7
2020,marshev01,Evan Marshall,CHW,0.6
2020,melanma01,Mark Melancon,ATL,1.0
2020,sulseco01,Cole Sulser,BAL,-0.2
2020,baragca01,Caleb Baragar,SFG,0.3
2020,benjawe01,Wes Benjamin,TEX,0.1
2020,cabrege01,Génesis Cabrera,STL,0.1
2020,colomal01,Alex Colomé,CHW,1.0
2020,hartlge01,Geoff Hartlieb,PIT,-0.1
2020,hugheja02,Jared Hughes,NYM,-0.2
2020,leblawa01,Wade LeBlanc,BAL,-0.3
2020,soriajo01,Joakim Soria,OAK,0.4
2020,vinceni01,Nick Vincent,MIA,0.4
2020,givenmy01,Mychal Givens,2TM,0.4
2020,givenmy01,Mychal Givens,BAL,0.7
2020,givenmy01,Mychal Givens,COL,-0.3
2020,frypa01,Paul Fry,BAL,0.8
2020,handbr01,Brad Hand,CLE,0.6
2020,newbeja01,Jake Newberry,KCR,0.1
2020,paganem01,Emilio Pagán,SDP,0.1
2020,zuberty01,Tyler Zuber,KCR,0.2
2020,castidi01,Diego Castillo,TBR,0.9
2020,cessalu01,Luis Cessa,NYY,0.3
2020,garcibr01,Bryan Garcia,DET,0.8
2020,holdejo02,Jonathan Holder,NYY,0.1
2020,kellemi03,Mitch Keller,PIT,0.6
2020,matonph01,Phil Maton,CLE,-0.3
2020,minteaj01,A.J. Minter,ATL,1.2
2020,nerishe01,Hector Neris,PHI,-0.1
2020,petityu01,Yusmeiro Petit,OAK,0.8
2020,turleni01,Nik Turley,PIT,-0.3
2020,webbty01,Tyler Webb,STL,0.4
2020,ynoahu01,Huascar Ynoa,ATL,0.1
2020,alzolad01,Adbert Alzolay,CHC,0.5
2020,diekmja01,Jake Diekman,OAK,1.4
2020,farmebu01,Buck Farmer,DET,0.3
2020,hoffmje02,Jeff Hoffman,COL,-1.0
2020,garciro03,Rony García,DET,-0.5
2020,howarsa01,Sam Howard,PIT,0.1
2020,kayan01,Anthony Kay,TOR,0.1
2020,pressry01,Ryan Pressly,HOU,0.2
2020,ramirno01,Noé Ramirez,LAA,0.7
2020,woodfja01,Jake Woodford,STL,-0.3
2020,hudsoda01,Daniel Hudson,WSN,-0.1
2020,mcfartj01,T.J. McFarland,OAK,0.1
2020,nelsoni01,Nick Nelson,NYY,-0.1
2020,pareden01,Enoli Paredes,HOU,0.5
2020,ramiryo01,Yohan Ramírez,SEA,0.5
2020,scottta01,Tanner Scott,BAL,1.3
2020,strahma01,Matt Strahm,SDP,0.5
2020,taylobl01,Blake Taylor,HOU,0.7
2020,teperry01,Ryan Tepera,CHC,0.2
2020,underdu01,Duane Underwood Jr.,CHC,-0.1
2020,phelpda01,David Phelps,2TM,0.0
2020,phelpda01,David Phelps,MIL,0.6
2020,phelpda01,David Phelps,PHI,-0.6
2020,gonzavi02,Victor González,LAD,0.7
2020,mcgeeja01,Jake McGee,LAD,0.5
2020,paxtoja01,James Paxton,NYY,-0.4
2020,raineta01,Tanner Rainey,WSN,1.0
2020,sprinje01,Jeffrey Springs,BOS,-0.3
2020,altavda01,Dan Altavilla,2TM,-0.3
2020,altavda01,Dan Altavilla,SEA,-0.4
2020,altavda01,Dan Altavilla,SDP,0.2
2020,cishest01,Steve Cishek,CHW,-0.2
2020,diazja01,Jairo Díaz,COL,-0.7
2020,johnspi01,Pierce Johnson,SDP,0.4
2020,martica04,Carlos Martínez,STL,-1.2
2020,misiean01,Anthony Misiewicz,SEA,0.2
2020,rogerta01,Taylor Rogers,MIN,-0.6
2020,romose01,Sergio Romo,MIN,0.0
2020,rondohe01,Héctor Rondón,ARI,-0.6
2020,thielca01,Caleb Thielbar,MIN,0.4
2020,widenta01,Taylor Widener,ARI,0.1
2020,raleybr01,Brooks Raley,2TM,0.2
2020,raleybr01,Brooks Raley,CIN,-0.1
2020,raleybr01,Brooks Raley,HOU,0.3
2020,briceau01,Austin Brice,BOS,0.1
2020,detwiro01,Ross Detwiler,CHW,0.1
2020,fryja01,Jace Fry,CHW,0.1
2020,gonzach01,Chi Chi González,COL,0.0
2020,hergeji01,Jimmy Herget,TEX,0.4
2020,lopezyo01,Yoan López,ARI,-0.3
2020,reyesal02,Alex Reyes,STL,-0.1
2020,wilsoju10,Justin Wilson,NYM,0.2
2020,workmbr01,Brandon Workman,2TM,-0.2
2020,workmbr01,Brandon Workman,BOS,0.1
2020,workmbr01,Brandon Workman,PHI,-0.3
2020,beeksja02,Jalen Beeks,TBR,0.2
2020,morejad01,Adrián Morejón,SDP,0.0
2020,selmasa01,Sam Selman,SFG,0.2
2020,sadleca02,Casey Sadler,2TM,-0.3
2020,sadleca02,Casey Sadler,CHC,-0.2
2020,sadleca02,Casey Sadler,SEA,-0.1
2020,brittza01,Zack Britton,NYY,0.5
2020,claudal01,Álex Claudio,MIL,0.1
2020,haderjo01,Josh Hader,MIL,0.4
2020,kolarad01,Adam Kolarek,LAD,0.8
2020,neverdo01,Dovydas Neverauskas,PIT,-0.6
2020,novaiv01,Iván Nova,DET,-0.5
2020,hembrhe01,Heath Hembree,2TM,-0.6
2020,hembrhe01,Heath Hembree,BOS,0.1
2020,hembrhe01,Heath Hembree,PHI,-0.6
2020,chatwty01,Tyler Chatwood,CHC,-0.1
2020,ferguca01,Caleb Ferguson,LAD,0.3
2020,graveke01,Kendall Graveman,SEA,-0.3
2020,jonesna01,Nate Jones,CIN,-0.2
2020,kremede01,Dean Kremer,BAL,0.5
2020,pomerdr01,Drew Pomeranz,SDP,1.0
2020,garcija04,Jarlín García,SFG,0.5
2020,garream01,Amir Garrett,CIN,0.5
2020,hillca02,Cam Hill,CLE,-0.2
2020,ottavad01,Adam Ottavino,NYY,-0.1
2020,smithri01,Riley Smith,ARI,0.6
2020,winklda01,Dan Winkler,CHC,0.2
2020,bradlar01,Archie Bradley,2TM,0.5
2020,bradlar01,Archie Bradley,ARI,0.2
2020,bradlar01,Archie Bradley,CIN,0.3
2020,osichjo01,Josh Osich,2TM,-0.4
2020,osichjo01,Josh Osich,BOS,0.0
2020,osichjo01,Josh Osich,CHC,-0.5
2020,barneja01,Jacob Barnes,LAA,0.0
2020,boxbebr01,Brad Boxberger,MIA,0.5
2020,hillti01,Tim Hill,SDP,0.0
2020,martich02,Chris Martin,ATL,1.2
2020,pearsna01,Nate Pearson,TOR,-0.2
2020,perezol01,Óliver Pérez,CLE,0.5
2020,watsoto01,Tony Watson,SFG,0.2
2020,harriwi10,Will Harris,WSN,0.4
2020,montera01,Rafael Montero,TEX,0.0
2020,wagueja01,Jacob Waguespack,TOR,-0.6
2020,funkhky01,Kyle Funkhouser,DET,-0.3
2020,hahnje01,Jesse Hahn,KCR,0.9
2020,hearnta01,Taylor Hearn,TEX,0.1
2020,jamesjo02,Josh James,HOU,-0.5
2020,patinlu01,Luis Patiño,SDP,-0.1
2020,perdolu02,Luis Perdomo,SDP,-0.2
2020,sneedcy01,Cy Sneed,HOU,-0.3
2020,wickro01,Rowan Wick,CHC,0.3
2020,baezpe01,Pedro Báez,LAD,0.1
2020,chaveje01,Jesse Chavez,TEX,-0.4
2020,houckta01,Tanner Houck,BOS,1.3
2020,ponceco01,Cody Ponce,PIT,0.3
2020,santade01,Dennis Santana,LAD,-0.1
2020,haleda02,David Hale,2TM,0.4
2020,haleda02,David Hale,NYY,0.1
2020,haleda02,David Hale,PHI,0.3
2020,borucry01,Ryan Borucki,TOR,0.6
2020,robleha01,Hansel Robles,LAA,-0.8
2020,samarje01,Jeff Samardzija,SFG,-0.7
2020,tatedi01,Dillon Tate,BAL,0.5
2020,bleieri01,Richard Bleier,2TM,0.4
2020,bleieri01,Richard Bleier,BAL,0.2
2020,bleieri01,Richard Bleier,MIA,0.2
2020,anderni01,Nick Anderson,TBR,1.1
2020,fontwi01,Wilmer Font,TOR,-0.7
2020,odayda01,Darren O'Day,ATL,0.7
2020,thorple01,Lewis Thorpe,MIN,-0.3
2020,lailbr01,Brady Lail,2TM,0.1
2020,lailbr01,Brady Lail,CHW,0.0
2020,lailbr01,Brady Lail,SEA,0.0
2020,lockewa01,Walker Lockett,2TM,0.1
2020,lockewa01,Walker Lockett,NYM,0.1
2020,lockewa01,Walker Lockett,SEA,0.0
2020,ginkeke01,Kevin Ginkel,ARI,-0.4
2020,parkebl01,Blake Parker,PHI,0.6
2020,smeltde01,Devin Smeltzer,MIN,-0.3
2020,smithwi04,Will Smith,ATL,0.2
2020,gerbejo01,Joey Gerber,SEA,0.0
2020,guerrja01,Javy Guerra,WSN,0.3
2020,newsolj01,Ljay Newsome,SEA,0.1
2020,ryanky01,Kyle Ryan,CHC,-0.2
2020,schrejo01,John Schreiber,DET,-0.2
2020,tropeni01,Nick Tropeano,PIT,0.5
2020,wilsobr02,Bryse Wilson,ATL,0.3
2020,pivetni01,Nick Pivetta,2TM,0.3
2020,pivetni01,Nick Pivetta,PHI,-0.3
2020,pivetni01,Nick Pivetta,BOS,0.6
2020,andersh01,Shaun Anderson,SFG,0.2
2020,kimbrcr01,Craig Kimbrel,CHC,-0.1
2020,rasmudr01,Drew Rasmussen,MIL,-0.1
2020,armstsh01,Shawn Armstrong,BAL,0.3
2020,gallegi01,Giovanny Gallegos,STL,0.1
2020,gantjo01,John Gant,STL,0.2
2020,garciyi01,Yimi García,MIA,0.9
2020,stashco01,Cody Stashak,MIN,0.2
2020,bedroca01,Cam Bedrosian,LAA,0.4
2020,coonrsa01,Sam Coonrod,SFG,-0.7
2020,hernaca04,Carlos Hernández,KCR,0.0
2020,hoytja01,James Hoyt,MIA,0.8
2020,martibr01,Brett Martin,TEX,0.4
2020,romanjo03,Jordan Romano,TOR,1.0
2020,willita01,Taylor Williams,2TM,-0.3
2020,willita01,Taylor Williams,SEA,-0.2
2020,willita01,Taylor Williams,SDP,0.0
2020,mileywa01,Wade Miley,CIN,-0.1
2020,phillev01,Evan Phillips,BAL,0.2
2020,ramirer02,Erasmo Ramírez,NYM,0.8
2020,valdece01,César Valdez,BAL,1.0
2020,coveydy01,Dylan Covey,BOS,-0.1
2020,gsellro01,Robert Gsellman,NYM,-0.5
2020,kenneia01,Ian Kennedy,KCR,-0.9
2020,kickhmi01,Mike Kickham,BOS,-0.2
2020,reaco01,Colin Rea,CHC,-0.2
2020,weemsjo01,Jordan Weems,OAK,0.2
2020,smithca03,Caleb Smith,2TM,0.4
2020,smithca03,Caleb Smith,MIA,0.1
2020,smithca03,Caleb Smith,ARI,0.3
2020,adamja01,Jason Adam,CHC,0.1
2020,newcose01,Sean Newcomb,ATL,-0.6
2020,odorija01,Jake Odorizzi,MIN,-0.2
2020,sorokmi01,Michael Soroka,ATL,0.3
2020,guerrja02,Javy Guerra,SDP,-0.6
2020,knebeco01,Corey Knebel,MIL,-0.1
2020,milneho01,Hoby Milner,LAA,-0.4
2020,stockro01,Robert Stock,BOS,0.0
2020,waldema01,Marcus Walden,BOS,-0.9
2020,merryju01,Julian Merryweather,TOR,0.3
2020,millean01,Andrew Miller,STL,0.1
2020,morgaad01,Adam Morgan,PHI,0.0
2020,oswalco01,Corey Oswalt,NYM,0.1
2020,rodrijo06,Joely Rodríguez,TEX,0.4
2020,woodal02,Alex Wood,LAD,-0.4
2020,alexasc02,Scott Alexander,LAD,0.2
2020,brachbr01,Brad Brach,NYM,0.0
2020,garcilu05,Luis Garcia,HOU,0.3
2020,gibauia01,Ian Gibaut,TEX,-0.3
2020,hiranyo01,Yoshihisa Hirano,SEA,-0.3
2020,mengdda01,Daniel Mengden,OAK,0.2
2020,helslry01,Ryan Helsley,STL,-0.3
2020,middlke01,Keynan Middleton,LAA,0.0
2020,smithbu03,Burch Smith,OAK,0.4
2020,reedco01,Cody Reed,2TM,0.1
2020,reedco01,Cody Reed,CIN,0.0
2020,reedco01,Cody Reed,TBR,0.1
2020,betande01,Dellin Betances,NYM,-0.2
2020,chapmar01,Aroldis Chapman,NYY,0.4
2020,elledse01,Seth Elledge,STL,0.0
2020,gotttr01,Trevor Gott,SFG,-0.8
2020,harvema01,Matt Harvey,KCR,-0.6
2020,bacusda01,Dakota Bacus,WSN,-0.1
2020,brogdco01,Connor Brogdon,PHI,0.2
2020,chiriyo01,Yonny Chirinos,TBR,0.3
2020,cimbead01,Adam Cimber,CLE,0.0
2020,kilomfr01,Franklyn Kilome,NYM,-0.3
2020,menezco01,Conner Menez,SFG,0.2
2020,yamamjo01,Jordan Yamamoto,MIA,-1.1
2020,zeuchtj01,T.J. Zeuch,TOR,0.5
2020,drakeol01,Oliver Drake,TBR,-0.1
2020,goodyni01,Nick Goody,TEX,-0.6
2020,hartky01,Kyle Hart,BOS,-0.9
2020,lauerer01,Eric Lauer,MIL,-0.6
2020,mcgowky01,Kyle McGowin,WSN,0.3
2020,tarplst01,Stephen Tarpley,MIA,-0.5
2020,allenlo01,Logan Allen,CLE,0.1
2020,castehu01,Humberto Castellanos,HOU,-0.1
2020,duggero01,Robert Dugger,MIA,-0.5
2020,ramirni01,Nick Ramirez,DET,0.0
2020,romerjo01,JoJo Romero,PHI,-0.3
2020,kingjo01,John King,TEX,-0.2
2020,magilma01,Matt Magill,SEA,-0.2
2020,fulmeca01,Carson Fulmer,2TM,0.2
2020,fulmeca01,Carson Fulmer,DET,0.0
2020,fulmeca01,Carson Fulmer,BAL,0.3
2020,garciri01,Rico Garcia,SFG,0.0
2020,kellyjo05,Joe Kelly,LAD,0.2
2020,mejiahu01,Humberto Mejía,MIA,-0.1
2020,mellake01,Keury Mella,ARI,0.2
2020,quintjo01,Jose Quintana,CHC,0.0
2020,stanery01,Ryne Stanek,MIA,-0.1
2020,stephro01,Robert Stephenson,CIN,-0.4
2020,webbja01,Jacob Webb,ATL,0.2
2020,leonedo01,Dominic Leone,CLE,-0.3
2020,rossora01,Ramón Rosso,PHI,0.0
2020,sherrry01,Ryan Sherriff,TBR,0.5
2020,suarean01,Andrew Suárez,SFG,0.2
2020,chafian01,Andrew Chafin,2TM,-0.1
2020,chafian01,Andrew Chafin,ARI,-0.2
2020,chafian01,Andrew Chafin,CHC,0.1
2020,bummeaa01,Aaron Bummer,CHW,0.4
2020,feyerjo01,J.P. Feyereisen,MIL,0.0
2020,roech01,Chaz Roe,TBR,0.3
2020,alvarjo03,José Alvarado,TBR,-0.1
2020,leibrbr01,Brandon Leibrandt,MIA,0.2
2020,adamsch01,Chance Adams,KCR,-0.2
2020,hallma02,Matt Hall,BOS,-0.9
2020,harvehu01,Hunter Harvey,BAL,0.0
2020,rodrini01,Nivaldo Rodríguez,HOU,-0.2
2020,tinocje01,Jesús Tinoco,2TM,0.3
2020,tinocje01,Jesús Tinoco,MIA,0.2
2020,tinocje01,Jesús Tinoco,COL,0.1
2020,avilalu01,Luis Avilán,NYY,0.1
2020,bashlty01,Tyler Bashlor,PIT,-0.3
2020,crismna01,Nabil Crismatt,STL,0.0
2020,crowewi01,Wil Crowe,WSN,-0.5
2020,garcilu03,Luis García,TEX,-0.3
2020,goudeas01,Ashton Goudeau,COL,-0.1
2020,hernada02,Darwinzon Hernández,BOS,0.4
2020,neideni01,Nick Neidert,MIA,0.0
2020,triggan01,Andrew Triggs,2TM,0.0
2020,triggan01,Andrew Triggs,SFG,-0.2
2020,triggan01,Andrew Triggs,BOS,0.2
2020,bergetr01,Travis Bergen,2TM,0.1
2020,bergetr01,Travis Bergen,TOR,0.1
2020,bergetr01,Travis Bergen,ARI,0.1
2020,baileho02,Homer Bailey,MIN,0.2
2020,kittran01,Andrew Kittredge,TBR,0.3
2020,cortene01,Nestor Cortes,SEA,-0.6
2020,doolise01,Sean Doolittle,WSN,0.0
2020,garrebr01,Braxton Garrett,MIA,0.0
2020,guilbta01,Taylor Guilbeau,SEA,0.3
2020,poppese01,Sean Poppen,MIN,0.0
2020,rodonca01,Carlos Rodón,CHW,-0.4
2020,swanser01,Erik Swanson,SEA,-0.8
2020,topaju01,Justin Topa,MIL,0.2
2020,bailebr01,Brandon Bailey,HOU,0.1
2020,braymbe01,Ben Braymer,WSN,0.4
2020,brennbr01,Brandon Brennan,SEA,0.1
2020,burdiza01,Zack Burdi,CHW,-0.6
2020,dejonch01,Chase De Jong,HOU,-0.6
2020,grotzza01,Zac Grotz,SEA,-0.6
2020,guerrde01,Deolis Guerra,PHI,-0.3
2020,taylojo02,Josh Taylor,BOS,-0.3
2020,bandaan01,Anthony Banda,TBR,-0.4
2020,hessda01,David Hess,BAL,0.0
2020,smithdr01,Drew Smith,NYM,-0.1
2020,thornty01,Tyler Thornburg,CIN,0.1
2020,yajurmi01,Miguel Yajure,NYY,0.2
2020,zimmebr02,Bruce Zimmermann,BAL,-0.1
2020,burrobe01,Beau Burrows,DET,0.0
2020,reidfse01,Sean Reid-Foley,TOR,0.1
2020,davisau01,Austin Davis,2TM,-0.2
2020,davisau01,Austin Davis,PHI,-0.2
2020,davisau01,Austin Davis,PIT,0.1
2020,alvarjo02,José Álvarez,PHI,0.3
2020,bednada01,David Bednar,SDP,-0.1
2020,litteza01,Zack Littell,MIN,-0.3
2020,perezci01,Cionel Pérez,HOU,0.1
2020,schmicl01,Clarke Schmidt,NYY,-0.2
2020,stievjo01,Jonathan Stiever,CHW,-0.3
2020,buchtry01,Ryan Buchter,LAA,0.0
2020,crochga01,Garrett Crochet,CHW,0.3
2020,deleojo03,José De León,CIN,-0.5
2020,diehlph01,Phillip Diehl,COL,-0.2
2020,espinpa01,Paolo Espino,WSN,0.1
2020,hellebe01,Ben Heller,NYY,0.1
2020,mccarke01,Kevin McCarthy,KCR,0.0
2020,murphpa02,Patrick Murphy,TOR,0.2
2020,santoan02,Antonio Santos,COL,-0.3
2020,sewalpa01,Paul Sewald,NYM,-0.3
2020,shawbr01,Bryan Shaw,SEA,-0.7
2020,verlaju01,Justin Verlander,HOU,0.2
2020,crickky01,Kyle Crick,PIT,-0.3
2020,lucchjo01,Joey Lucchesi,SDP,-0.2
2020,shafeju01,Justin Shafer,MIA,-0.4
2020,speiega01,Gabe Speier,KCR,-0.1
2020,thorntr01,Trent Thornton,TOR,-0.2
2020,volqued01,Edinson Vólquez,TEX,-0.1
2020,zimmejo02,Jordan Zimmermann,DET,-0.2
2020,bardlu01,Luke Bard,LAA,-0.1
2020,farrelu01,Luke Farrell,TEX,-0.1
2020,mcclare01,Reggie McClain,PHI,-0.2
2020,montgmi01,Mike Montgomery,KCR,-0.1
2020,pazosja01,James Pazos,COL,-0.3
2020,sanchri01,Ricardo Sánchez,STL,-0.1
2020,sharpst01,Sterling Sharp,MIA,-0.3
2020,chacijh01,Jhoulys Chacín,ATL,-0.1
2020,freemsa01,Sam Freeman,WSN,0.2
2020,klinebr01,Branden Kline,BAL,0.2
2020,mearsni01,Nick Mears,PIT,0.0
2020,millety01,Tyson Miller,CHC,0.0
2020,sparkgl01,Glenn Sparkman,KCR,-0.2
2020,strasst01,Stephen Strasburg,WSN,-0.2
2020,baezmi01,Michel Báez,SDP,-0.1
2020,edwarca01,Carl Edwards Jr.,SEA,0.2
2020,grimmju01,Justin Grimm,MIL,-0.3
2020,kaminro01,Rob Kaminsky,STL,-0.1
2020,leyerro01,Robinson Leyer,BOS,-0.7
2020,whitlko01,Kodi Whitley,STL,0.1
2020,moranbr01,Brian Moran,2TM,-0.1
2020,moranbr01,Brian Moran,TOR,0.2
2020,moranbr01,Brian Moran,MIA,-0.3
2020,biagijo01,Joe Biagini,HOU,-0.4
2020,daviswa01,Wade Davis,COL,-0.7
2020,fletcaa01,Aaron Fletcher,SEA,-0.2
2020,gilmase01,Sean Gilmartin,TBR,-0.1
2020,mujicjo01,José Mujica,COL,-0.5
2020,osunaro01,Roberto Osuna,HOU,0.3
2020,sborzjo01,Josh Sborz,LAD,0.1
2020,tapiado01,Domingo Tapia,BOS,0.1
2020,vendipa01,Pat Venditte,MIA,0.2
2020,vesiaal01,Alex Vesia,MIA,-0.6
2020,yateski01,Kirby Yates,SDP,-0.3
2020,adamsau02,Austin Adams,SDP,0.0
2020,bourqja01,James Bourque,WSN,0.1
2020,cederbl01,Blake Cederlind,PIT,0.0
2020,evansde01,Demarcus Evans,TEX,0.1
2020,hamilia01,Ian Hamilton,CHW,0.0
2020,juradar01,Ariel Jurado,NYM,-0.2
2020,medinad01,Adonis Medina,PHI,0.1
2020,morinmi01,Mike Morin,MIA,0.3
2020,riosya01,Yacksel Ríos,PIT,-0.1
2020,rodride01,Dereck Rodríguez,SFG,-0.3
2020,ruizjo01,José Ruiz,CHW,0.1
2020,suarera01,Ranger Suárez,PHI,-0.4
2020,bolanro01,Ronald Bolaños,KCR,-0.4
2020,delpomi01,Miguel Del Pozo,PIT,-0.6
2020,devench02,Chris Devenski,HOU,-0.4
2020,gileske01,Ken Giles,TOR,-0.2
2020,irvinco01,Cole Irvin,PHI,-0.3
2020,kaprija01,James Kaprielian,OAK,-0.1
2020,kriskbr01,Brooks Kriske,NYY,-0.4
2020,quijajo01,José Quijada,LAA,-0.2
2020,sobotch01,Chad Sobotka,ATL,-0.1
2020,abreubr01,Bryan Abreu,HOU,0.0
2020,brothre01,Rex Brothers,CHC,-0.1
2020,davidma02,Matt Davidson,CIN,0.0
2020,eibnebr01,Brett Eibner,MIA,-0.2
2020,foltymi01,Mike Foltynewicz,ATL,-0.3
2020,garcied01,Edgar García,TBR,-0.3
2020,hamelco01,Cole Hamels,ATL,-0.1
2020,harvejo01,Joe Harvey,COL,0.1
2020,kelletr01,Trevor Kelley,PHI,-0.1
2020,lewicar01,Artie Lewicki,ARI,0.0
2020,rosarra01,Randy Rosario,KCR,-0.1
2020,rusinch01,Chris Rusin,ATL,-0.1
2020,strichu01,Hunter Strickland,NYM,-0.1
2020,waddebr01,Brandon Waddell,PIT,0.1
2020,blackra01,Ray Black,MIL,0.1
2020,blewesc01,Scott Blewett,KCR,0.0
2020,fernaju01,Junior Fernández,STL,-0.2
2020,gavigsa01,Sam Gaviglio,TOR,-0.1
2020,kuhnejo01,Joel Kuhnel,CIN,0.0
2020,mcraeal01,Alex McRae,CHW,0.1
2020,payamjo01,Joel Payamps,ARI,0.0
2020,quezajo01,Johan Quezada,MIA,-0.1
2020,whitemi03,Mitch White,LAD,0.1
2020,couloda01,Danny Coulombe,MIN,0.1
2020,frankse01,Seth Frankoff,SEA,-0.4
2020,meisiry01,Ryan Meisinger,STL,0.1
2020,perdoan01,Angel Perdomo,MIL,-0.3
2020,ramosaj01,AJ Ramos,COL,0.1
2020,romerse01,Seth Romero,WSN,-0.2
2020,blackpa01,Paul Blackburn,OAK,-0.3
2020,burdini01,Nick Burdi,PIT,0.0
2020,doyleto01,Tommy Doyle,COL,-0.2
2020,herreke01,Kelvin Herrera,CHW,-0.1
2020,kelleky01,Kyle Keller,LAA,0.0
2020,mantijo01,Joe Mantiply,ARI,-0.2
2020,palumjo01,Joe Palumbo,TEX,-0.2
2020,peacobr01,Brad Peacock,HOU,-0.1
2020,stroppe01,Pedro Strop,CIN,-0.2
2020,suarejo01,José Suarez,LAA,-0.6
2020,wahlbo01,Bobby Wahl,MIL,-0.2
2020,yacabji01,Jimmy Yacabonis,SEA,0.0
2020,arciaor01,Orlando Arcia,MIL,-0.1
2020,carroco01,Cody Carroll,BAL,-0.5
2020,espinsa01,Santiago Espinal,TOR,0.0
2020,florebe01,Bernardo Flores Jr.,CHW,-0.1
2020,gearrco01,Cory Gearrin,MIN,0.1
2020,jeffeda01,Daulton Jefferies,OAK,-0.3
2020,kelake01,Keone Kela,PIT,0.0
2020,kratzer01,Erik Kratz,NYY,0.0
2020,lambeji01,Jimmy Lambert,CHW,0.1
2020,leclejo01,José Leclerc,TEX,0.0
2020,sanabca01,Carlos Sanabria,HOU,0.0
2020,barreaa01,Aaron Barrett,WSN,0.0
2020,buterdr01,Drew Butera,COL,0.0
2020,davidtu01,Tucker Davidson,ATL,-0.3
2020,felizmi01,Michael Feliz,PIT,-0.3
2020,grifffo01,Foster Griffin,KCR,0.1
2020,lyonsty01,Tyler Lyons,NYY,-0.1
2020,norwoja01,James Norwood,CHC,-0.1
2020,ohtansh01,Shohei Ohtani,LAA,-0.4
2020,perezhe02,Hector Perez,TOR,0.0
2020,peterdi01,Dillon Peters,LAA,-0.2
2020,rodrijo07,José Rodríguez,LAA,0.2
2020,smithjo08,Josh D. Smith,MIA,-0.1
2020,abreual01,Albert Abreu,NYY,-0.3
2020,anderdr02,Drew Anderson,CHW,-0.3
2020,holmecl01,Clay Holmes,PIT,0.1
2020,holtbr01,Brock Holt,WSN,0.0
2020,jimenda01,Dany Jiménez,SFG,0.0
2020,nicasju01,Juan Nicasio,TEX,-0.3
2020,romansa01,Sal Romano,CIN,0.1
2020,adriaeh01,Ehire Adrianza,MIN,0.0
2020,bemboan01,Anthony Bemboom,LAA,0.0
2020,bickfph01,Phil Bickford,MIL,-0.1
2020,brachsi01,Silvino Bracho,ARI,-0.1
2020,brighje01,Jeff Brigham,MIA,-0.1
2020,castran02,Anthony Castro,DET,-0.1
2020,cruzje01,Jesús Cruz,STL,-0.1
2020,demertr01,Travis Demeritte,DET,-0.1
2020,dermoma01,Matt Dermody,CHC,0.0
2020,forsylo01,Logan Forsythe,MIA,0.0
2020,frazito01,Todd Frazier,NYM,0.0
2020,gracema02,Matt Grace,ARI,-0.4
2020,guilllu01,Luis Guillorme,NYM,0.0
2020,guzmajo04,Jorge Guzmán,MIA,-0.1
2020,gyorkje01,Jedd Gyorko,MIL,0.0
2020,heinety01,Tyler Heineman,SFG,0.0
2020,kahnlto01,Tommy Kahnle,NYY,0.1
2020,kellyca02,Carson Kelly,ARI,0.0
2020,klubeco01,Corey Kluber,TEX,0.1
2020,lintz02,Tzu-Wei Lin,BOS,-0.1
2020,llovema01,Mauricio Llovera,PHI,-0.1
2020,lopesti01,Tim Lopes,SEA,-0.1
2020,lovelri01,Richard Lovelady,KCR,0.0
2020,mapledi01,Dillon Maples,CHC,-0.1
2020,murphjr01,John Ryan Murphy,PIT,0.0
2020,sanchca01,Yolmer Sánchez,CHW,0.0
2020,schroma01,Max Schrock,STL,0.0
2020,wieckbr01,Brad Wieck,CHC,-0.1
2020,biddlje01,Jesse Biddle,CIN,0.0
2020,cleavga01,Garrett Cleavinger,PHI,0.0
2020,marqubr01,Brailyn Márquez,CHC,-0.2
2020,nelsoky01,Kyle Nelson,CLE,-0.1
2020,plaweke01,Kevin Plawecki,BOS,0.0
2020,ramirro02,Roel Ramírez,STL,-0.3
2020,walkene01,Neil Walker,PHI,0.0
2020,weigepa01,Patrick Weigel,ATL,-0.1
2020,beaslje01,Jeremy Beasley,ARI,0.0
2020,brossmi01,Mike Brosseau,TBR,0.0
2020,colined01,Edwar Colina,MIN,-0.2
2020,culbech01,Charlie Culberson,ATL,0.0
2020,holadbr01,Bryan Holaday,BAL,0.0
2020,hollojo01,Jordan Holloway,MIA,0.0
2020,mckayda02,David McKay,DET,-0.1
2020,perazjo01,José Peraza,BOS,0.0
2021,wheelza01,Zack Wheeler,PHI,7.5
2021,buehlwa01,Walker Buehler,LAD,7.1
2021,wainwad01,Adam Wainwright,STL,3.7
2021,alcansa01,Sandy Alcantara,MIA,4.2
2021,rayro02,Robbie Ray,TOR,6.9
2021,gausmke01,Kevin Gausman,SFG,5.2
2021,berrijo01,José Berríos,2TM,3.4
2021,berrijo01,José Berríos,MIN,1.9
2021,berrijo01,José Berríos,TOR,1.5
2021,castilu02,Luis Castillo,CIN,4.2
2021,montafr02,Frankie Montas,OAK,3.7
2021,mortoch02,Charlie Morton,ATL,3.9
2021,uriasju01,Julio Urías,LAD,4.8
2021,eovalna01,Nathan Eovaldi,BOS,4.3
2021,gibsoky01,Kyle Gibson,2TM,3.5
2021,gibsoky01,Kyle Gibson,TEX,3.2
2021,gibsoky01,Kyle Gibson,PHI,0.3
2021,colege01,Gerrit Cole,NYY,5.7
2021,musgrjo01,Joe Musgrove,SDP,3.7
2021,hendrky01,Kyle Hendricks,CHC,0.8
2021,nolaaa01,Aaron Nola,PHI,2.5
2021,lylesjo01,Jordan Lyles,TEX,0.0
2021,mahlety01,Tyler Mahle,CIN,4.9
2021,marquge01,Germán Márquez,COL,2.4
2021,flexech01,Chris Flexen,SEA,3.4
2021,manaese01,Sean Manaea,OAK,3.2
2021,woodrbr01,Brandon Woodruff,MIL,5.3
2021,scherma01,Max Scherzer,2TM,6.1
2021,scherma01,Max Scherzer,WSN,3.3
2021,scherma01,Max Scherzer,LAD,2.8
2021,stromma01,Marcus Stroman,NYM,3.4
2021,giolilu01,Lucas Giolito,CHW,4.3
2021,irvinco01,Cole Irvin,OAK,1.4
2021,corbipa01,Patrick Corbin,WSN,-1.2
2021,greinza01,Zack Greinke,HOU,1.1
2021,ryuhy01,Hyun Jin Ryu,TOR,2.0
2021,desclan01,Anthony DeSclafani,SFG,4.2
2021,burneco01,Corbin Burnes,MIL,5.3
2021,anderty01,Tyler Anderson,2TM,1.7
2021,anderty01,Tyler Anderson,PIT,1.4
2021,anderty01,Tyler Anderson,SEA,0.3
2021,darviyu01,Yu Darvish,SDP,1.4
2021,ceasedy01,Dylan Cease,CHW,3.0
2021,friedma01,Max Fried,ATL,4.2
2021,mileywa01,Wade Miley,CIN,5.3
2021,mcculla02,Lance McCullers Jr.,HOU,3.3
2021,keuchda01,Dallas Keuchel,CHW,0.1
2021,walketa01,Taijuan Walker,NYM,0.5
2021,minormi01,Mike Minor,KCR,1.0
2021,hillri01,Rich Hill,2TM,1.6
2021,hillri01,Rich Hill,TBR,0.9
2021,hillri01,Rich Hill,NYM,0.7
2021,kellyme01,Merrill Kelly,ARI,2.5
2021,rodried05,Eduardo Rodríguez,BOS,1.7
2021,bassich01,Chris Bassitt,OAK,4.0
2021,montgjo01,Jordan Montgomery,NYY,3.3
2021,kikucyu01,Yusei Kikuchi,SEA,1.7
2021,lynnla01,Lance Lynn,CHW,5.4
2021,senzaan01,Antonio Senzatela,COL,1.9
2021,garcilu05,Luis Garcia,HOU,2.6
2021,pivetni01,Nick Pivetta,BOS,2.5
2021,yarbrry01,Ryan Yarbrough,TBR,-1.0
2021,happja01,J.A. Happ,2TM,-1.3
2021,happja01,J.A. Happ,MIN,-1.8
2021,happja01,J.A. Happ,STL,0.5
2021,matzst01,Steven Matz,TOR,2.2
2021,mizeca01,Casey Mize,DET,3.4
2021,quantca01,Cal Quantrill,CLE,3.7
2021,skubata01,Tarik Skubal,DET,1.8
2021,grayjo02,Jon Gray,COL,1.6
2021,webblo01,Logan Webb,SFG,3.9
2021,davieza02,Zach Davies,CHC,-1.0
2021,meansjo01,John Means,BAL,3.6
2021,bumgama01,Madison Bumgarner,ARI,1.4
2021,peralfr01,Freddy Peralta,MIL,3.7
2021,taillja01,Jameson Taillon,NYY,2.3
2021,gonzama02,Marco Gonzales,SEA,2.1
2021,plesaza01,Zach Plesac,CLE,1.1
2021,housead01,Adrian Houser,MIL,1.8
2021,lestejo01,Jon Lester,2TM,-0.5
2021,lestejo01,Jon Lester,WSN,-0.6
2021,lestejo01,Jon Lester,STL,0.1
2021,foltymi01,Mike Foltynewicz,TEX,-0.6
2021,woodal02,Alex Wood,SFG,1.7
2021,richaga01,Garrett Richards,BOS,0.2
2021,grayso01,Sonny Gray,CIN,3.1
2021,valdefr01,Framber Valdez,HOU,2.5
2021,kellebr01,Brad Keller,KCR,-0.4
2021,feddeer01,Erick Fedde,WSN,-1.1
2021,rogertr01,Trevor Rogers,MIA,3.5
2021,rodonca01,Carlos Rodón,CHW,5.1
2021,ohtansh01,Shohei Ohtani,LAA,4.1
2021,bubickr01,Kris Bubic,KCR,1.3
2021,heanean01,Andrew Heaney,2TM,0.3
2021,heanean01,Andrew Heaney,LAA,0.8
2021,heanean01,Andrew Heaney,NYY,-0.5
2021,snellbl01,Blake Snell,SDP,1.4
2021,anderia01,Ian Anderson,ATL,2.8
2021,singebr01,Brady Singer,KCR,0.0
2021,harvema01,Matt Harvey,BAL,-0.7
2021,smylydr01,Drew Smyly,ATL,0.7
2021,alzolad01,Adbert Alzolay,CHC,0.9
2021,allarko01,Kolby Allard,TEX,-0.8
2021,wachami01,Michael Wacha,TBR,-0.5
2021,brubajt01,JT Brubaker,PIT,0.5
2021,civalaa01,Aaron Civale,CLE,2.1
2021,mcclash01,Shane McClanahan,TBR,1.8
2021,kershcl01,Clayton Kershaw,LAD,2.3
2021,lopezjo02,Jorge López,BAL,0.0
2021,galleza01,Zac Gallen,ARI,2.1
2021,freelky01,Kyle Freeland,COL,2.0
2021,mckentr01,Triston McKenzie,CLE,1.0
2021,gilbelo01,Logan Gilbert,SEA,0.9
2021,kaprija01,James Kaprielian,OAK,1.4
2021,millsal02,Alec Mills,CHC,-0.4
2021,lauerer01,Eric Lauer,MIL,2.1
2021,dunnida01,Dane Dunning,TEX,0.7
2021,crowewi01,Wil Crowe,PIT,0.1
2021,gombeau01,Austin Gomber,COL,0.7
2021,cuetojo01,Johnny Cueto,SFG,0.9
2021,gutievl01,Vladimir Gutierrez,CIN,1.8
2021,perezma02,Martín Pérez,BOS,0.4
2021,smithca03,Caleb Smith,ARI,0.7
2021,manoaal01,Alek Manoah,TOR,2.9
2021,gantjo01,John Gant,2TM,0.6
2021,gantjo01,John Gant,STL,1.0
2021,gantjo01,John Gant,MIN,-0.3
2021,espinpa01,Paolo Espino,WSN,1.0
2021,pinedmi01,Michael Pineda,MIN,1.6
2021,paddach01,Chris Paddack,SDP,-0.6
2021,rossjo01,Joe Ross,WSN,0.8
2021,bauertr01,Trevor Bauer,LAD,3.1
2021,urquijo01,José Urquidy,HOU,2.0
2021,kimkw01,Kwang Hyun Kim,STL,1.0
2021,alexaty01,Tyler Alexander,DET,2.0
2021,maedake01,Kenta Maeda,MIN,0.3
2021,suarera01,Ranger Suárez,PHI,5.6
2021,eflinza01,Zach Eflin,PHI,2.0
2021,odorija01,Jake Odorizzi,HOU,0.6
2021,flemijo01,Josh Fleming,TBR,-0.6
2021,hearnta01,Taylor Hearn,TEX,0.0
2021,lopezpa01,Pablo López,MIA,2.8
2021,gonzach01,Chi Chi González,COL,-0.8
2021,javiecr01,Cristian Javier,HOU,1.3
2021,stripro01,Ross Stripling,TOR,1.0
2021,kellemi03,Mitch Keller,PIT,-0.3
2021,urenajo01,José Ureña,DET,-0.5
2021,arrieja01,Jake Arrieta,2TM,-2.8
2021,arrieja01,Jake Arrieta,CHC,-2.1
2021,arrieja01,Jake Arrieta,SDP,-0.7
2021,germado01,Domingo Germán,NYY,1.3
2021,suarejo01,José Suarez,LAA,1.8
2021,biebesh01,Shane Bieber,CLE,2.6
2021,anderbr04,Brett Anderson,MIL,0.1
2021,luzarje01,Jesús Luzardo,2TM,-1.4
2021,luzarje01,Jesús Luzardo,OAK,-0.9
2021,luzarje01,Jesús Luzardo,MIA,-0.6
2021,akinke01,Keegan Akin,BAL,-0.4
2021,weathry01,Ryan Weathers,SDP,-0.3
2021,velasvi01,Vince Velasquez,2TM,-0.4
2021,velasvi01,Vince Velasquez,PHI,0.1
2021,velasvi01,Vince Velasquez,SDP,-0.5
2021,peralwi01,Wily Peralta,DET,2.1
2021,cobbal01,Alex Cobb,LAA,1.6
2021,cortene01,Nestor Cortes,NYY,2.8
2021,oberba01,Bailey Ober,MIN,1.2
2021,degroja01,Jacob deGrom,NYM,4.5
2021,ynoahu01,Huascar Ynoa,ATL,1.3
2021,willitr01,Trevor Williams,2TM,0.3
2021,willitr01,Trevor Williams,CHC,-0.2
2021,willitr01,Trevor Williams,NYM,0.5
2021,bundydy01,Dylan Bundy,LAA,-0.3
2021,megilty01,Tylor Megill,NYM,0.6
2021,morgael01,Eli Morgan,CLE,0.3
2021,stammcr01,Craig Stammen,SDP,1.5
2021,glasnty01,Tyler Glasnow,TBR,2.4
2021,sandopa02,Patrick Sandoval,LAA,2.0
2021,peacoma01,Matt Peacock,ARI,0.2
2021,hernaca04,Carlos Hernández,KCR,1.7
2021,mannima02,Matt Manning,DET,-0.4
2021,greench03,Chad Green,NYY,2.4
2021,martica04,Carlos Martínez,STL,-1.3
2021,jaxgr01,Griffin Jax,MIN,-1.1
2021,crismna01,Nabil Crismatt,SDP,0.4
2021,rogerty01,Tyler Rogers,SFG,2.5
2021,gallegi01,Giovanny Gallegos,STL,1.3
2021,kuhlch01,Chad Kuhl,PIT,0.2
2021,sheffju01,Justus Sheffield,SEA,-1.9
2021,klubeco01,Corey Kluber,NYY,1.5
2021,stratch01,Chris Stratton,PIT,1.1
2021,boydma01,Matthew Boyd,DET,1.4
2021,flaheja01,Jack Flaherty,STL,0.8
2021,petityu01,Yusmeiro Petit,OAK,0.9
2021,patinlu01,Luis Patiño,TBR,0.2
2021,shawbr01,Bryan Shaw,CLE,1.2
2021,rasmudr01,Drew Rasmussen,2TM,1.7
2021,rasmudr01,Drew Rasmussen,MIL,-0.1
2021,rasmudr01,Drew Rasmussen,TBR,1.8
2021,mayermi01,Mike Mayers,LAA,1.5
2021,thompza01,Zach Thompson,MIA,1.0
2021,barlosc01,Scott Barlow,KCR,2.8
2021,nerishe01,Hector Neris,PHI,1.2
2021,wilsobr02,Bryse Wilson,2TM,0.2
2021,wilsobr02,Bryse Wilson,ATL,-0.3
2021,wilsobr02,Bryse Wilson,PIT,0.4
2021,priceda01,David Price,LAD,0.7
2021,trivilo01,Lou Trivino,OAK,1.2
2021,suterbr01,Brent Suter,MIL,0.5
2021,whitlga01,Garrett Whitlock,BOS,2.8
2021,hoffmje02,Jeff Hoffman,CIN,0.9
2021,moorema02,Matt Moore,PHI,-0.6
2021,underdu01,Duane Underwood Jr.,PIT,0.2
2021,luetglu01,Lucas Luetge,NYY,1.4
2021,reyesal02,Alex Reyes,STL,0.7
2021,treinbl01,Blake Treinen,LAD,2.5
2021,kittran01,Andrew Kittredge,TBR,2.4
2021,cimbead01,Adam Cimber,2TM,1.8
2021,cimbead01,Adam Cimber,MIA,0.6
2021,cimbead01,Adam Cimber,TOR,1.2
2021,hendrli01,Liam Hendriks,CHW,2.6
2021,loaisjo01,Jonathan Loáisiga,NYY,3.3
2021,grayjo03,Josiah Gray,2TM,-0.2
2021,grayjo03,Josiah Gray,LAD,-0.1
2021,grayjo03,Josiah Gray,WSN,-0.1
2021,castrmi01,Miguel Castro,NYM,0.6
2021,kinlety01,Tyler Kinley,COL,0.4
2021,widenta01,Taylor Widener,ARI,0.8
2021,cabrege01,Génesis Cabrera,STL,0.2
2021,iglesra01,Raisel Iglesias,LAA,2.8
2021,holmecl01,Clay Holmes,2TM,1.3
2021,holmecl01,Clay Holmes,PIT,0.0
2021,holmecl01,Clay Holmes,NYY,1.3
2021,claseem01,Emmanuel Clase,CLE,2.8
2021,fulmemi01,Michael Fulmer,DET,1.9
2021,kopecmi01,Michael Kopech,CHW,1.4
2021,houckta01,Tanner Houck,BOS,1.5
2021,janseke01,Kenley Jansen,LAD,2.5
2021,robleha01,Hansel Robles,2TM,-0.2
2021,robleha01,Hansel Robles,MIN,-0.6
2021,robleha01,Hansel Robles,BOS,0.5
2021,garcija04,Jarlín García,SFG,1.7
2021,hentgsa01,Sam Hentges,CLE,-1.0
2021,chafian01,Andrew Chafin,2TM,2.9
2021,chafian01,Andrew Chafin,CHC,1.5
2021,chafian01,Andrew Chafin,OAK,1.4
2021,cishest01,Steve Cishek,LAA,1.2
2021,funkhky01,Kyle Funkhouser,DET,1.0
2021,stanery01,Ryne Stanek,HOU,0.5
2021,lynchda02,Daniel Lynch IV,KCR,-0.2
2021,smithwi04,Will Smith,ATL,1.5
2021,steckdr01,Drew Steckenrider,SEA,2.5
2021,tatedi01,Dillon Tate,BAL,0.9
2021,woodfja01,Jake Woodford,STL,0.4
2021,smithri01,Riley Smith,ARI,-0.4
2021,heuerco01,Codi Heuer,2TM,0.6
2021,heuerco01,Codi Heuer,CHW,0.0
2021,heuerco01,Codi Heuer,CHC,0.6
2021,peterda01,David Peterson,NYM,-0.5
2021,matonph01,Phil Maton,2TM,0.0
2021,matonph01,Phil Maton,CLE,0.2
2021,matonph01,Phil Maton,HOU,-0.3
2021,finneky01,Kyle Finnegan,WSN,-0.6
2021,bardda01,Daniel Bard,COL,-0.3
2021,guerrde01,Deolis Guerra,OAK,0.2
2021,staumjo01,Josh Staumont,KCR,1.5
2021,weavelu01,Luke Weaver,ARI,1.0
2021,guerrju02,Junior Guerra,LAA,-0.4
2021,santaer01,Ervin Santana,KCR,0.5
2021,colomal01,Alex Colomé,MIN,-0.7
2021,ruizjo01,José Ruiz,CHW,1.1
2021,alvarjo02,José Álvarez,SFG,1.2
2021,boxbebr01,Brad Boxberger,MIL,1.0
2021,melanma01,Mark Melancon,SDP,2.1
2021,sewalpa01,Paul Sewald,SEA,1.6
2021,handbr01,Brad Hand,3TM,-0.3
2021,handbr01,Brad Hand,2TM,0.3
2021,handbr01,Brad Hand,WSN,0.3
2021,handbr01,Brad Hand,NYM,0.0
2021,handbr01,Brad Hand,TOR,-0.6
2021,cessalu01,Luis Cessa,2TM,2.0
2021,cessalu01,Luis Cessa,NYY,0.7
2021,cessalu01,Luis Cessa,CIN,1.3
2021,chacijh01,Jhoulys Chacín,COL,0.7
2021,zimmebr02,Bruce Zimmermann,BAL,0.7
2021,rodriri05,Richard Rodríguez,2TM,2.1
2021,rodriri05,Richard Rodríguez,PIT,1.5
2021,rodriri05,Richard Rodríguez,ATL,0.6
2021,richatr01,Trevor Richards,3TM,0.9
2021,richatr01,Trevor Richards,2TM,0.6
2021,richatr01,Trevor Richards,TBR,0.0
2021,richatr01,Trevor Richards,MIL,0.3
2021,richatr01,Trevor Richards,TOR,0.6
2021,brentja01,Jake Brentz,KCR,0.4
2021,florody01,Dylan Floro,MIA,1.5
2021,mchugco01,Collin McHugh,TBR,2.0
2021,pressry01,Ryan Pressly,HOU,1.9
2021,thielca01,Caleb Thielbar,MIN,1.2
2021,jackslu01,Luke Jackson,ATL,2.3
2021,sotogr01,Gregory Soto,DET,1.4
2021,kingmi01,Michael King,NYY,1.0
2021,paganem01,Emilio Pagán,SDP,-0.3
2021,stephtr01,Trevor Stephan,CLE,0.4
2021,sulseco01,Cole Sulser,BAL,2.3
2021,matzety01,Tyler Matzek,ATL,1.9
2021,romanjo03,Jordan Romano,TOR,2.4
2021,quintjo01,Jose Quintana,2TM,-0.9
2021,quintjo01,Jose Quintana,LAA,-0.9
2021,quintjo01,Jose Quintana,SFG,0.0
2021,cannigr01,Griffin Canning,LAA,0.1
2021,diazed04,Edwin Díaz,NYM,1.1
2021,maytr01,Trevor May,NYM,0.5
2021,duffety01,Tyler Duffey,MIN,1.2
2021,martibr01,Brett Martin,TEX,0.4
2021,oviedjo01,Johan Oviedo,STL,-0.5
2021,wittgni01,Nick Wittgren,CLE,-0.1
2021,ottavad01,Adam Ottavino,BOS,0.8
2021,cisnejo01,José Cisnero,DET,0.4
2021,estevca01,Carlos Estévez,COL,0.4
2021,litteza01,Zack Littell,SFG,1.0
2021,romose01,Sergio Romo,OAK,0.1
2021,bassan01,Anthony Bass,MIA,0.1
2021,bendean01,Anthony Bender,MIA,1.3
2021,teperry01,Ryan Tepera,2TM,1.7
2021,teperry01,Ryan Tepera,CHC,1.1
2021,teperry01,Ryan Tepera,CHW,0.7
2021,duffyda01,Danny Duffy,KCR,2.0
2021,bednada01,David Bednar,PIT,2.1
2021,diekmja01,Jake Diekman,OAK,0.4
2021,shoemma01,Matt Shoemaker,MIN,-1.8
2021,alcaljo01,Jorge Alcala,MIN,0.3
2021,hillti01,Tim Hill,SDP,-0.1
2021,mcgeeja01,Jake McGee,SFG,1.0
2021,kimbrcr01,Craig Kimbrel,2TM,2.4
2021,kimbrcr01,Craig Kimbrel,CHC,2.4
2021,kimbrcr01,Craig Kimbrel,CHW,0.0
2021,familje01,Jeurys Familia,NYM,0.0
2021,sborzjo01,Josh Sborz,TEX,0.3
2021,haderjo01,Josh Hader,MIL,3.2
2021,johnspi01,Pierce Johnson,SDP,1.1
2021,strichu01,Hunter Strickland,3TM,0.9
2021,strichu01,Hunter Strickland,2TM,-0.1
2021,strichu01,Hunter Strickland,TBR,0.3
2021,strichu01,Hunter Strickland,LAA,-0.4
2021,strichu01,Hunter Strickland,MIL,1.0
2021,castidi01,Diego Castillo,2TM,1.2
2021,castidi01,Diego Castillo,TBR,0.8
2021,castidi01,Diego Castillo,SEA,0.4
2021,bleieri01,Richard Bleier,MIA,1.2
2021,hembrhe01,Heath Hembree,2TM,-0.3
2021,hembrhe01,Heath Hembree,NYM,0.3
2021,hembrhe01,Heath Hembree,CIN,-0.6
2021,brogdco01,Connor Brogdon,PHI,1.0
2021,lopezre01,Reynaldo López,CHW,0.9
2021,garciyi01,Yimi García,2TM,0.5
2021,garciyi01,Yimi García,MIA,0.8
2021,garciyi01,Yimi García,HOU,-0.3
2021,vothau01,Austin Voth,WSN,-0.4
2021,watsoto01,Tony Watson,2TM,0.8
2021,watsoto01,Tony Watson,LAA,0.1
2021,watsoto01,Tony Watson,SFG,0.7
2021,steelju01,Justin Steele,CHC,0.6
2021,wellsty01,Tyler Wells,BAL,0.9
2021,norrida01,Daniel Norris,2TM,-0.7
2021,norrida01,Daniel Norris,DET,-0.3
2021,norrida01,Daniel Norris,MIL,-0.4
2021,barrija01,Jaime Barria,LAA,0.9
2021,loupaa01,Aaron Loup,NYM,2.8
2021,bummeaa01,Aaron Bummer,CHW,0.5
2021,chapmar01,Aroldis Chapman,NYY,1.5
2021,plutkad01,Adam Plutko,BAL,-1.1
2021,shrevch01,Chasen Shreve,PIT,1.3
2021,kenneia01,Ian Kennedy,2TM,1.4
2021,kenneia01,Ian Kennedy,TEX,1.2
2021,kenneia01,Ian Kennedy,PHI,0.3
2021,graveke01,Kendall Graveman,2TM,2.1
2021,graveke01,Kendall Graveman,SEA,1.6
2021,graveke01,Kendall Graveman,HOU,0.5
2021,feyerjo01,J.P. Feyereisen,2TM,0.9
2021,feyerjo01,J.P. Feyereisen,MIL,0.3
2021,feyerjo01,J.P. Feyereisen,TBR,0.6
2021,alvarjo03,José Alvarado,PHI,0.3
2021,gonsoto01,Tony Gonsolin,LAD,1.2
2021,hollagr01,Greg Holland,KCR,0.0
2021,karinja01,James Karinchak,CLE,0.9
2021,barnema01,Matt Barnes,BOS,1.1
2021,misiean01,Anthony Misiewicz,SEA,0.2
2021,popza01,Zach Pop,MIA,0.1
2021,watkisp01,Spenser Watkins,BAL,-0.9
2021,santade01,Dennis Santana,2TM,-0.1
2021,santade01,Dennis Santana,LAD,-0.3
2021,santade01,Dennis Santana,TEX,0.1
2021,crochga01,Garrett Crochet,CHW,1.3
2021,scottta01,Tanner Scott,BAL,-0.1
2021,willide03,Devin Williams,MIL,1.5
2021,zimmeky01,Kyle Zimmer,KCR,-0.1
2021,carraca01,Carlos Carrasco,NYM,-0.8
2021,kremede01,Dean Kremer,BAL,-0.9
2021,leonedo01,Dominic Leone,SFG,1.8
2021,chargjt01,JT Chargois,2TM,1.5
2021,chargjt01,JT Chargois,SEA,0.6
2021,chargjt01,JT Chargois,TBR,0.9
2021,thompke02,Keegan Thompson,CHC,0.8
2021,brothre01,Rex Brothers,CHC,-0.3
2021,mayzati01,Tim Mayza,TOR,1.0
2021,sawamhi01,Hirokazu Sawamura,BOS,0.8
2021,adamsau02,Austin Adams,SDP,0.2
2021,mejiaje02,J.C. Mejía,CLE,-1.2
2021,minteaj01,A.J. Minter,ATL,0.2
2021,detwiro01,Ross Detwiler,2TM,0.2
2021,detwiro01,Ross Detwiler,MIA,-0.1
2021,detwiro01,Ross Detwiler,SDP,0.3
2021,youngal01,Alex Young,2TM,-1.1
2021,youngal01,Alex Young,ARI,-0.9
2021,youngal01,Alex Young,CLE,-0.3
2021,hernael01,Elieser Hernández,MIA,0.4
2021,hudsoda01,Daniel Hudson,2TM,0.8
2021,hudsoda01,Daniel Hudson,WSN,1.0
2021,hudsoda01,Daniel Hudson,SDP,-0.2
2021,bickfph01,Phil Bickford,2TM,1.2
2021,bickfph01,Phil Bickford,MIL,-0.1
2021,bickfph01,Phil Bickford,LAD,1.2
2021,bradlar01,Archie Bradley,PHI,0.7
2021,givenmy01,Mychal Givens,2TM,1.4
2021,givenmy01,Mychal Givens,COL,1.2
2021,givenmy01,Mychal Givens,CIN,0.3
2021,peralwa01,Wandy Peralta,2TM,0.9
2021,peralwa01,Wandy Peralta,SFG,-0.1
2021,peralwa01,Wandy Peralta,NYY,0.9
2021,dobnara01,Randy Dobnak,MIN,-1.3
2021,allenlo01,Logan Allen,CLE,-0.7
2021,dunnju01,Justin Dunn,SEA,1.0
2021,payamjo01,Joel Payamps,2TM,0.9
2021,payamjo01,Joel Payamps,TOR,0.9
2021,payamjo01,Joel Payamps,KCR,0.0
2021,bielabr01,Brandon Bielak,HOU,-0.3
2021,toussto01,Touki Toussaint,ATL,0.2
2021,turnbsp01,Spencer Turnbull,DET,1.3
2021,degeubr01,Brett de Geus,2TM,-1.6
2021,degeubr01,Brett de Geus,TEX,-0.8
2021,degeubr01,Brett de Geus,ARI,-0.8
2021,hollade01,Derek Holland,DET,0.1
2021,doolise01,Sean Doolittle,2TM,0.6
2021,doolise01,Sean Doolittle,CIN,0.6
2021,doolise01,Sean Doolittle,SEA,0.0
2021,howarsp01,Spencer Howard,2TM,-1.2
2021,howarsp01,Spencer Howard,PHI,0.0
2021,howarsp01,Spencer Howard,TEX,-1.2
2021,tomlijo01,Josh Tomlin,ATL,-0.8
2021,montera01,Rafael Montero,2TM,-1.5
2021,montera01,Rafael Montero,SEA,-1.8
2021,montera01,Rafael Montero,HOU,0.3
2021,raleybr01,Brooks Raley,HOU,-0.4
2021,thorntr01,Trent Thornton,TOR,-0.3
2021,leblawa01,Wade LeBlanc,2TM,0.3
2021,leblawa01,Wade LeBlanc,BAL,-0.3
2021,leblawa01,Wade LeBlanc,STL,0.6
2021,wislema01,Matt Wisler,2TM,0.1
2021,wislema01,Matt Wisler,SFG,-0.3
2021,wislema01,Matt Wisler,TBR,0.4
2021,andrima01,Matt Andriese,2TM,-0.6
2021,andrima01,Matt Andriese,BOS,-0.6
2021,andrima01,Matt Andriese,SEA,0.1
2021,anderch01,Chase Anderson,PHI,-0.3
2021,almonye01,Yency Almonte,COL,-1.1
2021,garream01,Amir Garrett,CIN,-0.3
2021,taylojo02,Josh Taylor,BOS,1.2
2021,frypa01,Paul Fry,BAL,-0.6
2021,helslry01,Ryan Helsley,STL,-0.2
2021,lametdi01,Dinelson Lamet,SDP,0.2
2021,simslu01,Lucas Sims,CIN,0.7
2021,whitemi03,Mitch White,LAD,-0.2
2021,lugose01,Seth Lugo,NYM,0.7
2021,rodrijo06,Joely Rodríguez,2TM,-0.3
2021,rodrijo06,Joely Rodríguez,TEX,-0.6
2021,rodrijo06,Joely Rodríguez,NYY,0.3
2021,kingjo01,John King,TEX,0.0
2021,stephro01,Robert Stephenson,COL,0.9
2021,valdece01,César Valdez,BAL,-0.4
2021,castehu01,Humberto Castellanos,ARI,0.3
2021,jimenjo02,Joe Jiménez,DET,-0.5
2021,claysa01,Sam Clay,WSN,-0.7
2021,howarsa01,Sam Howard,PIT,-0.4
2021,mikolmi01,Miles Mikolas,STL,0.0
2021,sprinje01,Jeffrey Springs,TBR,0.2
2021,curtijo02,John Curtiss,2TM,0.1
2021,curtijo02,John Curtiss,MIA,0.9
2021,curtijo02,John Curtiss,MIL,-0.8
2021,kellyjo05,Joe Kelly,LAD,0.8
2021,dejonch01,Chase De Jong,PIT,0.0
2021,parkebl01,Blake Parker,CLE,0.9
2021,wendejb01,J.B. Wendelken,2TM,0.2
2021,wendejb01,J.B. Wendelken,OAK,0.0
2021,wendejb01,J.B. Wendelken,ARI,0.2
2021,clarkta01,Taylor Clarke,ARI,0.0
2021,martich02,Chris Martin,ATL,0.4
2021,santito01,Tony Santillan,CIN,1.4
2021,smithbu03,Burch Smith,OAK,-0.2
2021,daviswa01,Wade Davis,KCR,-0.6
2021,fairbpe01,Pete Fairbanks,TBR,0.1
2021,gilbrlu01,Lucas Gilbreath,COL,0.9
2021,salech01,Chris Sale,BOS,0.9
2021,santaed01,Edgar Santana,ATL,0.3
2021,suerowa01,Wander Suero,WSN,-1.2
2021,taylobl01,Blake Taylor,HOU,0.3
2021,wellsal01,Alex Wells,BAL,-0.3
2021,coonrsa01,Sam Coonrod,PHI,0.4
2021,pattosp01,Spencer Patton,TEX,0.4
2021,diazmi02,Miguel Díaz,SDP,0.3
2021,smithdr01,Drew Smith,NYM,0.8
2021,arihako01,Kohei Arihara,TEX,-0.7
2021,longsa01,Sam Long,SFG,-0.4
2021,rogerta01,Taylor Rogers,MIN,0.4
2021,sadleca02,Casey Sadler,SEA,2.1
2021,gilbety01,Tyler Gilbert,ARI,1.1
2021,hernada02,Darwinzon Hernández,BOS,0.9
2021,minayju01,Juan Minaya,MIN,1.2
2021,valdeph01,Phillips Valdéz,BOS,-0.2
2021,vesiaal01,Alex Vesia,LAD,0.7
2021,mantijo01,Joe Mantiply,ARI,0.0
2021,winklda01,Dan Winkler,CHC,-0.2
2021,smithjo05,Joe Smith,2TM,0.2
2021,smithjo05,Joe Smith,HOU,-0.5
2021,smithjo05,Joe Smith,SEA,0.7
2021,garcibr01,Bryan Garcia,DET,-1.2
2021,junisja01,Jakob Junis,KCR,0.1
2021,fostema01,Matt Foster,CHW,-0.4
2021,kranima01,Max Kranick,PIT,-0.4
2021,mcfartj01,T.J. McFarland,STL,0.8
2021,blackpa01,Paul Blackburn,OAK,-0.2
2021,lucchjo01,Joey Lucchesi,NYM,0.2
2021,ponceco01,Cody Ponce,PIT,-0.9
2021,barnech01,Charlie Barnes,MIN,-0.3
2021,soriajo01,Joakim Soria,2TM,0.0
2021,soriajo01,Joakim Soria,ARI,0.3
2021,soriajo01,Joakim Soria,TOR,-0.3
2021,cahiltr01,Trevor Cahill,PIT,-0.5
2021,abreual01,Albert Abreu,NYY,0.1
2021,burrry01,Ryan Burr,CHW,1.1
2021,mulleky01,Kyle Muller,ATL,0.5
2021,abreubr01,Bryan Abreu,HOU,-0.9
2021,hollojo01,Jordan Holloway,MIA,0.2
2021,millean01,Andrew Miller,STL,-0.1
2021,okertst01,Steven Okert,MIA,0.8
2021,armstsh01,Shawn Armstrong,2TM,-0.6
2021,armstsh01,Shawn Armstrong,BAL,-0.6
2021,armstsh01,Shawn Armstrong,TBR,0.0
2021,ramirno01,Noé Ramirez,2TM,0.8
2021,ramirno01,Noé Ramirez,LAA,0.0
2021,ramirno01,Noé Ramirez,ARI,0.8
2021,bowdebe01,Ben Bowden,COL,-0.6
2021,harpery01,Ryne Harper,WSN,0.3
2021,langeal01,Alex Lange,DET,0.3
2021,machaan02,Andrés Machado,WSN,0.2
2021,neideni01,Nick Neidert,MIA,0.3
2021,rogerjo01,Josh Rogers,WSN,0.8
2021,farmebu01,Buck Farmer,DET,-0.3
2021,gonzavi02,Victor González,LAD,0.5
2021,sampsad01,Adrian Sampson,CHC,0.8
2021,sanchaa01,Aaron Sanchez,SFG,0.8
2021,swanser01,Erik Swanson,SEA,0.3
2021,yanghy01,Hyeon-jong Yang,TEX,-0.4
2021,delosen01,Enyel De Los Santos,2TM,-0.7
2021,delosen01,Enyel De Los Santos,PHI,-0.7
2021,delosen01,Enyel De Los Santos,PIT,0.0
2021,headlo01,Louis Head,TBR,0.6
2021,vestwi01,Will Vest,SEA,-0.7
2021,couloda01,Danny Coulombe,MIN,0.3
2021,webbja01,Jacob Webb,ATL,-0.1
2021,goudeas01,Ashton Goudeau,2TM,0.4
2021,goudeas01,Ashton Goudeau,CIN,0.1
2021,goudeas01,Ashton Goudeau,COL,0.3
2021,garrebr01,Braxton Garrett,MIA,0.0
2021,thompry02,Ryan Thompson,TBR,0.8
2021,wilsoju10,Justin Wilson,2TM,-0.1
2021,wilsoju10,Justin Wilson,NYY,-0.5
2021,wilsoju10,Justin Wilson,CIN,0.5
2021,antonte01,Tejay Antone,CIN,2.0
2021,chaveje01,Jesse Chavez,ATL,1.1
2021,falteba01,Bailey Falter,PHI,0.0
2021,kayan01,Anthony Kay,TOR,-0.1
2021,sandlni01,Nick Sandlin,CLE,0.4
2021,tapiado01,Domingo Tapia,2TM,1.1
2021,tapiado01,Domingo Tapia,SEA,0.1
2021,tapiado01,Domingo Tapia,KCR,1.0
2021,bandaan01,Anthony Banda,2TM,0.2
2021,bandaan01,Anthony Banda,NYM,-0.3
2021,bandaan01,Anthony Banda,PIT,0.5
2021,garcilu03,Luis García,STL,0.4
2021,gratebr01,Brusdar Graterol,LAD,0.1
2021,kelleky01,Kyle Keller,PIT,-0.5
2021,ponceda01,Daniel Ponce de Leon,STL,-0.7
2021,claudal01,Álex Claudio,LAA,-0.1
2021,fariaja01,Jake Faria,ARI,0.0
2021,newcose01,Sean Newcomb,ATL,0.1
2021,dolisra01,Rafael Dolis,TOR,-0.2
2021,chatwty01,Tyler Chatwood,2TM,-0.4
2021,chatwty01,Tyler Chatwood,TOR,-0.1
2021,chatwty01,Tyler Chatwood,SFG,-0.3
2021,ashbyaa01,Aaron Ashby,MIL,-0.3
2021,hendrry01,Ryan Hendrix,CIN,-0.3
2021,raineta01,Tanner Rainey,WSN,-1.1
2021,mapledi01,Dillon Maples,CHC,0.6
2021,middlke01,Keynan Middleton,SEA,0.0
2021,slegeaa01,Aaron Slegers,LAA,-0.5
2021,cottojh01,Jharel Cotton,TEX,0.3
2021,poteeco01,Cody Poteet,MIA,0.1
2021,kowarja01,Jackson Kowar,KCR,-1.5
2021,garzara01,Ralph Garza,2TM,0.3
2021,garzara01,Ralph Garza,HOU,0.0
2021,garzara01,Ralph Garza,MIN,0.3
2021,brachbr01,Brad Brach,CIN,-0.7
2021,cousija01,Jake Cousins,MIL,0.7
2021,diplama01,Marcos Diplán,BAL,0.3
2021,mcgowky01,Kyle McGowin,WSN,0.2
2021,kintzbr01,Brandon Kintzler,PHI,-0.3
2021,lowthza01,Zac Lowther,BAL,-0.3
2021,oviedlu01,Luis Oviedo,PIT,-0.9
2021,rodrich01,Chris Rodriguez,LAA,0.5
2021,gillu01,Luis Gil,NYY,0.8
2021,sheffjo01,Jordan Sheffield,COL,0.6
2021,ellisch01,Chris Ellis,2TM,1.2
2021,ellisch01,Chris Ellis,TBR,0.1
2021,ellisch01,Chris Ellis,BAL,1.1
2021,barlojo01,Joe Barlow,TEX,0.8
2021,knehrre01,Reiss Knehr,SDP,0.0
2021,lorenmi01,Michael Lorenzen,CIN,-0.1
2021,nelsoji02,Jimmy Nelson,LAD,1.0
2021,garzaju01,Justin Garza,CLE,0.2
2021,gsellro01,Robert Gsellman,NYM,0.1
2021,nanceto01,Tommy Nance,CHC,-0.7
2021,barneja01,Jacob Barnes,2TM,-0.4
2021,barneja01,Jacob Barnes,NYM,-0.4
2021,barneja01,Jacob Barnes,TOR,-0.1
2021,ginkeke01,Kevin Ginkel,ARI,-0.6
2021,ruckemi01,Michael Rucker,CHC,-0.9
2021,lakintr01,Travis Lakins Sr.,BAL,-0.2
2021,workmbr01,Brandon Workman,2TM,-0.2
2021,workmbr01,Brandon Workman,CHC,-0.4
2021,workmbr01,Brandon Workman,BOS,0.3
2021,murphpa02,Patrick Murphy,2TM,-0.3
2021,murphpa02,Patrick Murphy,TOR,0.0
2021,murphpa02,Patrick Murphy,WSN,-0.2
2021,braulst01,Steven Brault,PIT,0.0
2021,eshelto01,Thomas Eshelman,BAL,-0.2
2021,ramiryo01,Yohan Ramírez,SEA,0.3
2021,marshev01,Evan Marshall,CHW,-0.2
2021,mazzach01,Chris Mazza,TBR,0.0
2021,wantzan01,Andrew Wantz,LAA,0.0
2021,zuberty01,Tyler Zuber,KCR,-0.3
2021,riosya01,Yacksel Ríos,2TM,0.3
2021,riosya01,Yacksel Ríos,SEA,-0.1
2021,riosya01,Yacksel Ríos,BOS,0.4
2021,dovalca01,Camilo Doval,SFG,0.6
2021,campbpa02,Paul Campbell,MIA,-0.9
2021,haleda02,David Hale,PHI,-0.2
2021,nolinse01,Sean Nolin,WSN,0.2
2021,peterdi01,Dillon Peters,PIT,0.6
2021,ramirer02,Erasmo Ramírez,DET,-0.1
2021,ryanjo04,Joe Ryan,MIN,0.4
2021,cabreed02,Edward Cabrera,MIA,-0.4
2021,evansde01,Demarcus Evans,TEX,-0.1
2021,santihe01,Héctor Santiago,SEA,0.4
2021,davisau01,Austin Davis,2TM,-0.2
2021,davisau01,Austin Davis,PIT,-0.2
2021,davisau01,Austin Davis,BOS,-0.1
2021,sanchmi01,Miguel Sánchez,MIL,0.0
2021,duggero01,Robert Dugger,SEA,-0.6
2021,fulmeca01,Carson Fulmer,CIN,-0.2
2021,knebeco01,Corey Knebel,LAD,0.8
2021,pomerdr01,Drew Pomeranz,SDP,0.8
2021,quijajo01,José Quijada,LAA,0.1
2021,sauceta01,Tayler Saucedo,TOR,0.1
2021,clippty01,Tyler Clippard,ARI,0.6
2021,morgaad01,Adam Morgan,CHC,-0.2
2021,whitlko01,Kodi Whitley,STL,0.4
2021,greenco01,Conner Greene,2TM,-0.4
2021,greenco01,Conner Greene,BAL,-0.5
2021,greenco01,Conner Greene,LAD,0.1
2021,diazye01,Yennsy Díaz,NYM,-0.2
2021,romansa01,Sal Romano,3TM,-0.6
2021,romansa01,Sal Romano,2TM,-0.6
2021,romansa01,Sal Romano,CIN,0.0
2021,romansa01,Sal Romano,MIL,-0.6
2021,romansa01,Sal Romano,NYY,0.0
2021,selmasa01,Sam Selman,2TM,-0.1
2021,selmasa01,Sam Selman,SFG,0.0
2021,selmasa01,Sam Selman,LAA,-0.2
2021,bedroca01,Cam Bedrosian,3TM,0.1
2021,bedroca01,Cam Bedrosian,2TM,-0.1
2021,bedroca01,Cam Bedrosian,CIN,-0.2
2021,bedroca01,Cam Bedrosian,OAK,0.2
2021,bedroca01,Cam Bedrosian,PHI,0.1
2021,castran02,Anthony Castro,TOR,0.0
2021,farrelu01,Luke Farrell,MIN,0.0
2021,thompma02,Mason Thompson,2TM,-0.1
2021,thompma02,Mason Thompson,SDP,0.1
2021,thompma02,Mason Thompson,WSN,-0.2
2021,crickky01,Kyle Crick,PIT,0.1
2021,rodrije01,Jefry Rodríguez,WSN,-0.1
2021,perezci01,Cionel Pérez,CIN,-0.5
2021,borucry01,Ryan Borucki,TOR,0.0
2021,megiltr01,Trevor Megill,CHC,-1.0
2021,greensh02,Shane Greene,2TM,-0.5
2021,greensh02,Shane Greene,ATL,-0.6
2021,greensh02,Shane Greene,LAD,0.1
2021,crichst01,Stefan Crichton,ARI,-0.7
2021,mearsni01,Nick Mears,PIT,-0.1
2021,ottogl01,Glenn Otto,TEX,-0.9
2021,andersh01,Shaun Anderson,3TM,-0.9
2021,andersh01,Shaun Anderson,2TM,-0.9
2021,andersh01,Shaun Anderson,MIN,-0.5
2021,andersh01,Shaun Anderson,BAL,-0.4
2021,andersh01,Shaun Anderson,SDP,0.0
2021,alexyaj01,A.J. Alexy,TEX,0.1
2021,baragca01,Caleb Baragar,SFG,0.6
2021,maydu01,Dustin May,LAD,0.6
2021,wickro01,Rowan Wick,CHC,0.0
2021,benjawe01,Wes Benjamin,TEX,-0.8
2021,naughpa01,Packy Naughton,LAA,-0.2
2021,poppese01,Sean Poppen,3TM,-0.3
2021,poppese01,Sean Poppen,2TM,-0.4
2021,poppese01,Sean Poppen,PIT,-0.3
2021,poppese01,Sean Poppen,TBR,0.0
2021,poppese01,Sean Poppen,ARI,0.0
2021,ennsdi01,Dietrich Enns,TBR,0.3
2021,mejiahu01,Humberto Mejía,ARI,-0.4
2021,anderdr02,Drew Anderson,TEX,0.3
2021,jacksja01,Jay Jackson,SFG,0.2
2021,milneho01,Hoby Milner,MIL,-0.2
2021,strasst01,Stephen Strasburg,WSN,0.0
2021,hutchdr01,Drew Hutchison,DET,0.2
2021,warrear01,Art Warren,CIN,1.0
2021,detmere01,Reid Detmers,LAA,-0.2
2021,fernaju01,Junior Fernández,STL,-0.1
2021,lovelri01,Richard Lovelady,KCR,0.5
2021,reidfse01,Sean Reid-Foley,NYM,-0.4
2021,castada01,Daniel Castano,MIA,0.0
2021,guentse01,Sean Guenther,MIA,-0.7
2021,ramirni01,Nick Ramirez,SDP,-0.3
2021,ucetaed01,Edwin Uceta,LAD,-0.5
2021,warreau01,Austin Warren,LAA,0.9
2021,davidtu01,Tucker Davidson,ATL,0.5
2021,hammejd01,J.D. Hammer,PHI,0.1
2021,hessda01,David Hess,2TM,-1.0
2021,hessda01,David Hess,MIA,-0.9
2021,hessda01,David Hess,TBR,-0.2
2021,felizmi01,Michael Feliz,4TM,-0.3
2021,felizmi01,Michael Feliz,2TM,-0.5
2021,felizmi01,Michael Feliz,2TM,0.1
2021,felizmi01,Michael Feliz,PIT,0.1
2021,felizmi01,Michael Feliz,CIN,-0.6
2021,felizmi01,Michael Feliz,BOS,0.1
2021,felizmi01,Michael Feliz,OAK,0.0
2021,conlead01,Adam Conley,TBR,0.4
2021,eickhje01,Jerad Eickhoff,NYM,-0.9
2021,scruban01,Andre Scrubb,HOU,-0.1
2021,archech01,Chris Archer,TBR,-0.1
2021,alberan01,Andrew Albers,MIN,-0.4
2021,milleju02,Justin Miller,2TM,-0.4
2021,milleju02,Justin Miller,WSN,-0.4
2021,milleju02,Justin Miller,STL,0.0
2021,jonesna01,Nate Jones,2TM,-0.3
2021,jonesna01,Nate Jones,ATL,0.1
2021,jonesna01,Nate Jones,LAD,-0.4
2021,bruihju01,Justin Bruihl,LAD,0.3
2021,krolia01,Ian Krol,DET,0.1
2021,yardler01,Eric Yardley,MIL,-0.5
2021,hergeji01,Jimmy Herget,2TM,-0.2
2021,hergeji01,Jimmy Herget,TEX,-0.3
2021,hergeji01,Jimmy Herget,LAA,0.2
2021,brebbjo01,John Brebbia,SFG,-0.2
2021,brittza01,Zack Britton,NYY,-0.4
2021,deleojo03,José De León,CIN,-0.5
2021,gustaja01,Jandel Gustave,MIL,0.1
2021,cleavga01,Garrett Cleavinger,LAD,0.1
2021,wrighmi01,Mike Wright Jr.,CHW,0.0
2021,abadfe01,Fernando Abad,BAL,-0.1
2021,emanuke01,Kent Emanuel,HOU,0.4
2021,rodrima01,Manuel Rodríguez,CHC,-0.9
2021,abbotco01,Cory Abbott,CHC,-0.4
2021,bukaujb01,JB Bukauskas,ARI,-0.9
2021,perdoan01,Angel Perdomo,MIL,-0.2
2021,wieckbr01,Brad Wieck,CHC,0.7
2021,lawreju01,Justin Lawrence,COL,-0.7
2021,lindbjo01,Josh Lindblom,MIL,-0.6
2021,buchtry01,Ryan Buchter,ARI,-0.2
2021,junkja01,Janson Junk,LAA,0.0
2021,webbty01,Tyler Webb,STL,-1.4
2021,martico02,Corbin Martin,ARI,-0.6
2021,stashco01,Cody Stashak,MIN,-0.4
2021,alexasc02,Scott Alexander,LAD,0.2
2021,thorple01,Lewis Thorpe,MIN,-0.2
2021,overtco01,Connor Overton,2TM,0.0
2021,overtco01,Connor Overton,TOR,0.3
2021,overtco01,Connor Overton,PIT,-0.2
2021,jeffeda01,Daulton Jefferies,OAK,0.2
2021,lawde01,Derek Law,MIN,0.1
2021,pearsna01,Nate Pearson,TOR,0.1
2021,yajurmi01,Miguel Yajure,PIT,-0.4
2021,zeuchtj01,T.J. Zeuch,TOR,-0.6
2021,sherfji01,James Sherfy,2TM,0.1
2021,sherfji01,James Sherfy,SFG,0.1
2021,sherfji01,James Sherfy,LAD,0.0
2021,effrosc01,Scott Effross,CHC,0.2
2021,frankse01,Seth Frankoff,ARI,-0.4
2021,heasljo01,Jonathan Heasley,KCR,0.1
2021,newsolj01,Ljay Newsome,SEA,-0.4
2021,sherrry01,Ryan Sherriff,TBR,-0.4
2021,garcied01,Edgar García,2TM,-1.1
2021,garcied01,Edgar García,CIN,-0.6
2021,garcied01,Edgar García,MIN,-0.5
2021,guduare01,Reymin Guduan,OAK,-0.2
2021,nelsoni01,Nick Nelson,NYY,-0.9
2021,osichjo01,Josh Osich,CIN,0.1
2021,menezco01,Conner Menez,SFG,-0.3
2021,milonto01,Tommy Milone,TOR,-0.1
2021,solompe01,Peter Solomon,HOU,0.4
2021,briceau01,Austin Brice,BOS,-0.1
2021,stewako01,Kohl Stewart,CHC,-0.3
2021,bazsh01,Shane Baz,TBR,0.4
2021,castrke01,Kervin Castro,SFG,0.8
2021,pukaj01,A.J. Puk,OAK,-0.1
2021,ryanky01,Kyle Ryan,CHC,-0.2
2021,phillev01,Evan Phillips,2TM,0.1
2021,phillev01,Evan Phillips,TBR,0.0
2021,phillev01,Evan Phillips,LAD,0.1
2021,barraky01,Kyle Barraclough,MIN,-0.1
2021,daytogr01,Grant Dayton,ATL,-0.4
2021,diazjh01,Jhonathan Díaz,LAA,0.3
2021,duplajo01,Jon Duplantier,ARI,-0.8
2021,lambeji01,Jimmy Lambert,CHW,-0.1
2021,merryju01,Julian Merryweather,TOR,0.1
2021,millswy01,Wyatt Mills,SEA,-0.5
2021,sanchcr01,Cristopher Sánchez,PHI,0.0
2021,vinceni01,Nick Vincent,MIN,0.5
2021,millesh01,Shelby Miller,2TM,-0.2
2021,millesh01,Shelby Miller,CHC,-0.3
2021,millesh01,Shelby Miller,PIT,0.0
2021,lopezyo01,Yoan López,ARI,-0.2
2021,tylerky01,Kyle Tyler,LAA,0.3
2021,wadeko01,Konner Wade,BAL,-0.4
2021,swarzan01,Anthony Swarzak,2TM,-0.3
2021,swarzan01,Anthony Swarzak,ARI,-0.2
2021,swarzan01,Anthony Swarzak,KCR,-0.2
2021,brasiry01,Ryan Brasier,BOS,0.2
2021,maderlu01,Luís Madero,MIA,-0.3
2021,margeni01,Nick Margevicius,SEA,-0.7
2021,roberda08,David Robertson,TBR,-0.1
2021,elledse01,Seth Elledge,STL,0.0
2021,jacksan01,Andre Jackson,LAD,0.3
2021,sanmare01,Reiver Sanmartín,CIN,0.6
2021,willita01,Taylor Williams,2TM,0.0
2021,willita01,Taylor Williams,SDP,0.2
2021,willita01,Taylor Williams,MIA,-0.2
2021,codyky01,Kyle Cody,TEX,-0.4
2021,kazmisc01,Scott Kazmir,SFG,-0.2
2021,kloboga01,Gabe Klobosits,WSN,-0.2
2021,rowenbe01,Ben Rowen,LAA,0.0
2021,santoan02,Antonio Santos,COL,0.0
2021,kriskbr01,Brooks Kriske,2TM,-1.0
2021,kriskbr01,Brooks Kriske,NYY,-0.8
2021,kriskbr01,Brooks Kriske,BAL,-0.3
2021,acevedo01,Domingo Acevedo,OAK,0.1
2021,burrobe01,Beau Burrows,2TM,-0.7
2021,burrobe01,Beau Burrows,DET,-0.1
2021,burrobe01,Beau Burrows,MIN,-0.5
2021,adamja01,Jason Adam,CHC,-0.1
2021,baldoal01,Alberto Baldonado,WSN,-0.5
2021,bergetr01,Travis Bergen,TOR,0.6
2021,biddlje01,Jesse Biddle,ATL,-0.2
2021,kelake01,Keone Kela,SDP,-0.3
2021,odayda01,Darren O'Day,NYY,0.3
2021,foleyja01,Jason Foley,DET,0.3
2021,hanhoer01,Eric Hanhold,BAL,-0.2
2021,mollsa01,Sam Moll,OAK,0.1
2021,morimsh01,Shawn Morimando,MIA,-0.4
2021,oswalco01,Corey Oswalt,NYM,0.1
2021,phelpda01,David Phelps,TOR,0.4
2021,baumami01,Mike Baumann,BAL,-0.4
2021,bettial01,Alec Bettinger,MIL,-0.6
2021,hicksjo03,Jordan Hicks,STL,-0.1
2021,jewelja01,Jake Jewell,CHC,-0.5
2021,burdiza01,Zack Burdi,2TM,0.0
2021,burdiza01,Zack Burdi,CHW,0.0
2021,burdiza01,Zack Burdi,BAL,0.1
2021,reedja02,Jake Reed,2TM,0.0
2021,reedja02,Jake Reed,LAD,0.0
2021,reedja02,Jake Reed,NYM,0.1
2021,nelsoky01,Kyle Nelson,CLE,-0.3
2021,reedco01,Cody Reed,TBR,0.0
2021,weberry01,Ryan Weber,3TM,-0.3
2021,weberry01,Ryan Weber,2TM,-0.3
2021,weberry01,Ryan Weber,BOS,-0.3
2021,weberry01,Ryan Weber,MIL,0.0
2021,weberry01,Ryan Weber,SEA,0.0
2021,beaslje01,Jeremy Beasley,TOR,-0.2
2021,camarda01,Daniel Camarena,SDP,-0.7
2021,fiersmi01,Mike Fiers,OAK,-0.2
2021,hatchto01,Thomas Hatch,TOR,-0.1
2021,ortegol01,Oliver Ortega,LAA,0.1
2021,waddebr01,Brandon Waddell,3TM,-0.3
2021,waddebr01,Brandon Waddell,2TM,-0.3
2021,waddebr01,Brandon Waddell,MIN,-0.4
2021,waddebr01,Brandon Waddell,BAL,0.0
2021,waddebr01,Brandon Waddell,STL,0.0
2021,kolarad01,Adam Kolarek,OAK,-0.4
2021,mccauda01,Darren McCaughan,SEA,-0.2
2021,romerjo01,JoJo Romero,PHI,-0.3
2021,stockro01,Robert Stock,2TM,-0.2
2021,stockro01,Robert Stock,CHC,-0.2
2021,stockro01,Robert Stock,NYM,0.0
2021,hartlge01,Geoff Hartlieb,2TM,-0.3
2021,hartlge01,Geoff Hartlieb,PIT,-0.1
2021,hartlge01,Geoff Hartlieb,NYM,-0.3
2021,harvehu01,Hunter Harvey,BAL,0.2
2021,hudsoda02,Dakota Hudson,STL,0.3
2021,knighdu01,Dusten Knight,BAL,-0.2
2021,pareden01,Enoli Paredes,HOU,-0.5
2021,garcide01,Deivi García,NYY,-0.2
2021,krehbjo01,Joey Krehbiel,2TM,0.1
2021,krehbjo01,Joey Krehbiel,TBR,0.0
2021,krehbjo01,Joey Krehbiel,BAL,0.1
2021,coleaj01,A.J. Cole,TOR,0.4
2021,hoytja01,James Hoyt,LAA,-0.4
2021,hunteto02,Tommy Hunter,NYM,0.4
2021,moranjo01,Jovani Morán,MIN,-0.2
2021,northaa01,Aaron Northcraft,SDP,0.2
2021,rossora01,Ramón Rosso,PHI,-0.1
2021,tropeni01,Nick Tropeano,2TM,0.1
2021,tropeni01,Nick Tropeano,SFG,0.1
2021,tropeni01,Nick Tropeano,NYM,0.0
2021,ticety01,Ty Tice,2TM,0.1
2021,ticety01,Ty Tice,TOR,0.0
2021,ticety01,Ty Tice,ATL,0.0
2021,medinad01,Adonis Medina,PHI,0.1
2021,nunezda01,Darién Núñez,LAD,-0.4
2021,sceroma01,Mac Sceroler,BAL,-0.5
2021,sneadki01,Kirby Snead,TOR,0.2
2021,speiega01,Gabe Speier,KCR,0.1
2021,devench02,Chris Devenski,ARI,-0.3
2021,meisiry01,Ryan Meisinger,CHC,-0.4
2021,rodrini01,Nivaldo Rodríguez,HOU,0.1
2021,pruitau01,Austin Pruitt,2TM,0.1
2021,pruitau01,Austin Pruitt,HOU,-0.1
2021,pruitau01,Austin Pruitt,MIA,0.1
2021,aguilmi01,Miguel Aguilar,ARI,-0.2
2021,crousha01,Hans Crouse,PHI,0.0
2021,roarkta01,Tanner Roark,TOR,-0.3
2021,fernaju02,Julian Fernández,COL,-0.2
2021,fryja01,Jace Fry,CHW,-0.3
2021,gibauia01,Ian Gibaut,MIN,0.1
2021,gosean01,Anthony Gose,CLE,0.2
2021,llovema01,Mauricio Llovera,PHI,-0.1
2021,perezfr01,Francisco Pérez,CLE,0.1
2021,strahma01,Matt Strahm,SDP,-0.2
2021,yamamjo01,Jordan Yamamoto,NYM,-0.2
2021,bolanro01,Ronald Bolaños,KCR,0.2
2021,colemdy01,Dylan Coleman,KCR,0.2
2021,feltnry01,Ryan Feltner,COL,-0.3
2021,schmicl01,Clarke Schmidt,NYY,-0.3
2021,wrighky01,Kyle Wright,ATL,-0.3
2021,anderni01,Nick Anderson,TBR,0.0
2021,guerrja01,Javy Guerra,WSN,-0.6
2021,harriwi10,Will Harris,WSN,-0.2
2021,leonsa01,Sandy León,MIA,-0.1
2021,petrija01,Jake Petricka,LAA,-0.8
2021,reaco01,Colin Rea,MIL,-0.1
2021,severlu01,Luis Severino,NYY,0.3
2021,lambepe01,Peter Lambert,COL,-0.2
2021,zimmejo02,Jordan Zimmermann,MIL,-0.1
2021,edwarca01,Carl Edwards Jr.,2TM,-0.2
2021,edwarca01,Carl Edwards Jr.,ATL,-0.1
2021,edwarca01,Carl Edwards Jr.,TOR,-0.1
2021,weemsjo01,Jordan Weems,2TM,-0.5
2021,weemsjo01,Jordan Weems,OAK,0.0
2021,weemsjo01,Jordan Weems,ARI,-0.4
2021,adonjo01,Joan Adon,WSN,0.1
2021,delpomi01,Miguel Del Pozo,DET,0.1
2021,peacobr01,Brad Peacock,BOS,-0.3
2021,anderta01,Tanner Anderson,PIT,0.1
2021,avilalu01,Luis Avilán,WSN,-0.3
2021,blewesc01,Scott Blewett,KCR,0.1
2021,jamesjo02,Josh James,HOU,0.0
2021,norwoja01,James Norwood,SDP,0.2
2021,ridinst01,Stephen Ridings,NYY,0.1
2021,spitzsh01,Shea Spitzbarth,PIT,0.1
2021,teherju01,Julio Teheran,DET,0.2
2021,woodhu01,Hunter Wood,TEX,0.1
2021,zerpaan01,Angel Zerpa,KCR,0.1
2021,iveyty01,Tyler Ivey,HOU,-0.1
2021,latzja01,Jacob Latz,TEX,0.0
2021,morejad01,Adrián Morejón,SDP,0.1
2021,ramosaj01,AJ Ramos,LAA,0.2
2021,sittibr01,Brandyn Sittinger,ARI,-0.1
2021,smeltde01,Devin Smeltzer,MIN,0.1
2021,baezpe01,Pedro Báez,HOU,0.1
2021,gonsast01,Stephen Gonsalves,BOS,0.1
2021,honeybr01,Brent Honeywell Jr.,TBR,-0.2
2021,mattsis01,Isaac Mattson,BAL,0.0
2021,newbeja01,Jake Newberry,KCR,-0.4
2021,sogarer01,Eric Sogard,CHC,0.0
2021,zamorda01,Daniel Zamora,SEA,-0.3
2021,johnsdj01,DJ Johnson,2TM,0.1
2021,johnsdj01,DJ Johnson,CLE,0.0
2021,johnsdj01,DJ Johnson,TBR,0.1
2021,astudwi01,Willians Astudillo,MIN,0.1
2021,avilape01,Pedro Avila,SDP,0.1
2021,bushma01,Matt Bush,TEX,-0.1
2021,martejo01,José Marte,LAA,-0.2
2021,mitchbr01,Bryan Mitchell,MIA,0.0
2021,moronre01,Reyes Moronta,SFG,0.1
2021,romerjh01,Jhon Romero,WSN,0.1
2021,weigepa01,Patrick Weigel,MIL,0.0
2021,wojcias01,Asher Wojciechowski,NYY,0.1
2021,felizne01,Neftalí Feliz,2TM,-0.4
2021,felizne01,Neftalí Feliz,PHI,-0.5
2021,felizne01,Neftalí Feliz,LAD,0.1
2021,blandal01,Alex Blandino,CIN,-0.1
2021,carltdr01,Drew Carlton,DET,0.0
2021,fletcaa01,Aaron Fletcher,SEA,-0.2
2021,garciro03,Rony García,DET,0.1
2021,guerrja02,Javy Guerra,SDP,0.0
2021,moretda01,Dauri Moreta,CIN,0.1
2021,perezol01,Óliver Pérez,CLE,0.2
2021,snydeni01,Nicklaus Snyder,TEX,0.0
2021,szaputh01,Thomas Szapucki,NYM,-0.1
2021,bellaan01,Andrew Bellatti,MIA,-0.2
2021,castery01,Ryan Castellani,COL,0.1
2021,friaslu01,Luis Frías,ARI,0.1
2021,godleza01,Zack Godley,MIL,-0.4
2021,hahnje01,Jesse Hahn,KCR,-0.4
2021,jannimi01,Mickey Jannis,BAL,-0.2
2021,topaju01,Justin Topa,MIL,-0.6
2021,bazared01,Eduard Bazardo,BOS,0.1
2021,biagijo01,Joe Biagini,CHC,0.2
2021,brennbr01,Brandon Brennan,BOS,0.1
2021,contrro01,Roansy Contreras,PIT,0.2
2021,koernbr01,Brody Koerner,NYY,0.0
2021,martise01,Seth Martinez,HOU,-0.2
2021,nogosst01,Stephen Nogosek,NYM,0.0
2021,nogowjo01,John Nogowski,PIT,-0.1
2021,rosscza01,Zac Rosscup,COL,0.0
2021,schrejo01,John Schreiber,BOS,0.1
2021,seaboco01,Connor Seabold,BOS,0.0
2021,alanirj01,R.J. Alaniz,CIN,0.1
2021,barrema03,Manny Barreda,BAL,-0.1
2021,castrha01,Harold Castro,DET,0.1
2021,torrero01,Ronald Torreyes,PHI,-0.1
2021,flaaja01,Jay Flaa,2TM,-0.1
2021,flaaja01,Jay Flaa,BAL,0.1
2021,flaaja01,Jay Flaa,ATL,-0.1
2021,hartmry01,Ryan Hartman,HOU,0.0
2021,hildetr01,Trevor Hildenberger,NYM,-0.1
2021,pegueel01,Elvis Peguero,LAA,-0.4
2021,stridsp01,Spencer Strider,ATL,0.0
2021,crawfku01,Kutter Crawford,BOS,-0.3
2021,culbech01,Charlie Culberson,TEX,0.1
2021,dicksbr01,Brandon Dickson,STL,-0.1
2021,difowi01,Wilmer Difo,PIT,-0.3
2021,espinra01,Raynel Espinal,BOS,0.0
2021,guilmpr01,Preston Guilmet,MIA,0.0
2021,kickhmi01,Mike Kickham,LAD,-0.1
2021,lailbr01,Brady Lail,SEA,-0.1
2021,leedy01,Dylan Lee,ATL,-0.1
2021,mcraeal01,Alex McRae,CHW,0.0
2021,mejiafr01,Francisco Mejia,TBR,-0.2
2021,paulida01,David Paulino,PHI,0.0
2021,perezhe01,Hernán Pérez,WSN,0.1
2021,peterja01,Jace Peterson,MIL,-0.1
2021,ramirye01,Yefry Ramírez,LAD,0.1
2021,rondoan01,Angel Rondón,STL,0.1
2021,santogr01,Gregory Santos,SFG,-0.7
2021,stroppe01,Pedro Strop,CHC,0.1
2021,syndeno01,Noah Syndergaard,NYM,-0.1
2021,guzmajo04,Jorge Guzmán,MIA,-0.2
2021,mellake01,Keury Mella,ARI,-0.3
2021,penafe01,Félix Peña,LAA,-0.3
2021,schroma01,Max Schrock,CIN,0.1
2021,vasquan02,Andrew Vasquez,LAD,0.1
2021,altavda01,Dan Altavilla,SDP,0.0
2021,cabreas01,Asdrúbal Cabrera,ARI,0.1
2021,carpema01,Matt Carpenter,STL,0.0
2021,criswco01,Cooper Criswell,LAA,-0.2
2021,lobstky01,Kyle Lobstein,WSN,-0.2
2021,obrieri01,Riley O'Brien,CIN,-0.1
2021,paxtoja01,James Paxton,SEA,0.0
2021,tinocje01,Jesús Tinoco,COL,-0.3
2021,valaipa01,Pat Valaika,BAL,0.1
2021,allgeni01,Nick Allgeyer,TOR,0.0
2021,almoral01,Albert Almora,NYM,-0.1
2021,arauzjo01,Jonathan Araúz,BOS,0.0
2021,arroych01,Christian Arroyo,BOS,-0.1
2021,bakerbr01,Bryan Baker,TOR,0.0
2021,beedety01,Tyler Beede,SFG,-0.1
2021,bemboan01,Anthony Bemboom,LAA,-0.1
2021,betande01,Dellin Betances,NYM,0.0
2021,bostiak01,Akeem Bostick,NYM,0.0
2021,breweco01,Colten Brewer,BOS,-0.2
2021,burnsan01,Andy Burns,LAD,-0.1
2021,dohyky01,Kyle Dohy,PHI,0.0
2021,dominse01,Seranthony Domínguez,PHI,0.0
2021,eatonad02,Adam Eaton,LAA,0.0
2021,evansph01,Phillip Evans,PIT,0.0
2021,fuentjo01,Joshua Fuentes,COL,0.0
2021,garciro02,Robel García,HOU,-0.1
2021,gonzama01,Marwin González,BOS,0.0
2021,guilllu01,Luis Guillorme,NYM,-0.1
2021,hardybl01,Blaine Hardy,MIL,-0.4
2021,holadbr01,Bryan Holaday,ARI,0.0
2021,holtbr01,Brock Holt,TEX,0.0
2021,luplojo01,Jordan Luplow,TBR,0.0
2021,mailelu01,Luke Maile,MIL,0.0
2021,mathiwy01,Wyatt Mathisen,ARI,0.0
2021,mendida01,Danny Mendick,CHW,0.0
2021,merceye01,Yermín Mercedes,CHW,0.0
2021,morelmi01,Mitch Moreland,OAK,0.0
2021,nittovi01,Vinny Nittoli,SEA,-0.1
2021,peralda01,David Peralta,ARI,-0.1
2021,phillbr02,Brett Phillips,TBR,0.0
2021,plaweke01,Kevin Plawecki,BOS,0.0
2021,roberda10,Daniel Robertson,MIL,0.0
2021,rogerja03,Jake Rogers,DET,-0.1
2021,rominan01,Andrew Romine,CHC,0.0
2021,rufda01,Darin Ruf,SFG,-0.1
2021,tauchmi01,Mike Tauchman,SFG,0.0
2021,tomka01,Ka'ai Tom,OAK,0.0
2021,turneju01,Justin Turner,LAD,0.0
2021,wilkest01,Stevie Wilkerson,BAL,0.0
2021,wynnsau01,Austin Wynns,BAL,0.0
2021,croneja01,Jake Cronenworth,SDP,0.0
2021,drurybr01,Brandon Drury,NYM,-0.1
2021,munozan01,Andrés Muñoz,SEA,0.0
2021,reddijo01,Josh Reddick,ARI,0.0
2021,rizzoan01,Anthony Rizzo,CHC,0.0
2021,roech01,Chaz Roe,TBR,-0.2
2021,alberha01,Hanser Alberto,KCR,0.0
2021,alcanse01,Sergio Alcántara,CHC,0.0
2021,axforjo01,John Axford,MIL,-0.1
2021,duffyma01,Matt Duffy,CHC,0.0
2021,freemmi01,Mike Freeman,CIN,0.0
2021,gonzaro01,Romy González,CHW,0.0
2021,jonesda07,Damon Jones,PHI,0.0
2021,knappan01,Andrew Knapp,PHI,0.0
2021,matonni01,Nick Maton,PHI,0.0
2021,mayfija01,Jack Mayfield,SEA,0.0
2021,ortka01,Kaleb Ort,BOS,0.0
2021,pillake01,Kevin Pillar,NYM,0.0
2021,quackke01,Kevin Quackenbush,LAD,0.0
2021,ramirro02,Roel Ramírez,STL,-0.1
2021,slateau01,Austin Slater,SFG,0.0
2021,florebe01,Bernardo Flores Jr.,STL,0.0
2021,stievjo01,Jonathan Stiever,CHW,0.0
2021,tarplst01,Stephen Tarpley,NYM,0.0
2022,alcansa01,Sandy Alcantara,MIA,8.0
2022,nolaaa01,Aaron Nola,PHI,5.7
2022,mikolmi01,Miles Mikolas,STL,2.6
2022,burneco01,Corbin Burnes,MIL,4.3
2022,valdefr01,Framber Valdez,HOU,3.4
2022,colege01,Gerrit Cole,NYY,2.6
2022,kellyme01,Merrill Kelly,ARI,3.8
2022,biebesh01,Shane Bieber,CLE,3.5
2022,manoaal01,Alek Manoah,TOR,6.0
2022,perezma02,Martín Pérez,TEX,5.1
2022,darviyu01,Yu Darvish,SDP,4.5
2022,webblo01,Logan Webb,SFG,4.6
2022,wainwad01,Adam Wainwright,STL,2.1
2022,mckentr01,Triston McKenzie,CLE,3.9
2022,rayro02,Robbie Ray,SEA,2.1
2022,quantca01,Cal Quantrill,CLE,1.8
2022,gilbelo01,Logan Gilbert,SEA,3.2
2022,friedma01,Max Fried,ATL,6.0
2022,ceasedy01,Dylan Cease,CHW,6.4
2022,galleza01,Zac Gallen,ARI,5.3
2022,gonzama02,Marco Gonzales,SEA,-0.1
2022,bassich01,Chris Bassitt,NYM,3.2
2022,marquge01,Germán Márquez,COL,1.4
2022,irvinco01,Cole Irvin,OAK,2.0
2022,musgrjo01,Joe Musgrove,SDP,3.5
2022,wrighky01,Kyle Wright,ATL,3.7
2022,lopezpa01,Pablo López,MIA,3.0
2022,pivetni01,Nick Pivetta,BOS,2.5
2022,lylesjo01,Jordan Lyles,BAL,0.8
2022,anderty01,Tyler Anderson,LAD,3.9
2022,montgjo01,Jordan Montgomery,2TM,1.9
2022,montgjo01,Jordan Montgomery,NYY,1.0
2022,montgjo01,Jordan Montgomery,STL,0.9
2022,rodonca01,Carlos Rodón,SFG,5.2
2022,taillja01,Jameson Taillon,NYY,1.4
2022,uriasju01,Julio Urías,LAD,4.6
2022,verlaju01,Justin Verlander,HOU,5.6
2022,freelky01,Kyle Freeland,COL,2.3
2022,gausmke01,Kevin Gausman,TOR,3.0
2022,berrijo01,José Berríos,TOR,-0.7
2022,mortoch02,Charlie Morton,ATL,1.7
2022,gibsoky01,Kyle Gibson,PHI,0.4
2022,mcclash01,Shane McClanahan,TBR,4.1
2022,ohtansh01,Shohei Ohtani,LAA,6.3
2022,quintjo01,Jose Quintana,2TM,3.5
2022,quintjo01,Jose Quintana,PIT,1.9
2022,quintjo01,Jose Quintana,STL,1.7
2022,urquijo01,José Urquidy,HOU,1.2
2022,klubeco01,Corey Kluber,TBR,0.8
2022,giolilu01,Lucas Giolito,CHW,0.5
2022,kellemi03,Mitch Keller,PIT,1.8
2022,bumgama01,Madison Bumgarner,ARI,-0.7
2022,lauerer01,Eric Lauer,MIL,1.7
2022,cortene01,Nestor Cortes,NYY,4.4
2022,cuetojo01,Johnny Cueto,CHW,3.5
2022,manaese01,Sean Manaea,SDP,-0.7
2022,garcilu05,Luis Garcia,HOU,1.2
2022,walketa01,Taijuan Walker,NYM,2.7
2022,suarera01,Ranger Suárez,PHI,2.3
2022,dunnida01,Dane Dunning,TEX,1.1
2022,singebr01,Brady Singer,KCR,4.5
2022,woodrbr01,Brandon Woodruff,MIL,3.0
2022,wheelza01,Zack Wheeler,PHI,4.8
2022,corbipa01,Patrick Corbin,WSN,-2.3
2022,carraca01,Carlos Carrasco,NYM,1.3
2022,castilu02,Luis Castillo,2TM,3.9
2022,castilu02,Luis Castillo,CIN,2.9
2022,castilu02,Luis Castillo,SEA,1.0
2022,cobbal01,Alex Cobb,SFG,2.5
2022,grayjo03,Josiah Gray,WSN,0.6
2022,javiecr01,Cristian Javier,HOU,3.6
2022,sandopa02,Patrick Sandoval,LAA,3.3
2022,ryanjo04,Joe Ryan,MIN,2.3
2022,rasmudr01,Drew Rasmussen,TBR,3.1
2022,scherma01,Max Scherzer,NYM,5.3
2022,montafr02,Frankie Montas,2TM,1.0
2022,montafr02,Frankie Montas,OAK,1.6
2022,montafr02,Frankie Montas,NYY,-0.6
2022,brubajt01,JT Brubaker,PIT,0.0
2022,bundydy01,Dylan Bundy,MIN,-0.2
2022,hudsoda02,Dakota Hudson,STL,0.4
2022,kellebr01,Brad Keller,KCR,0.2
2022,stromma01,Marcus Stroman,CHC,2.7
2022,flexech01,Chris Flexen,SEA,1.2
2022,greinza01,Zack Greinke,KCR,2.5
2022,kuhlch01,Chad Kuhl,COL,-0.1
2022,ottogl01,Glenn Otto,TEX,0.6
2022,sprinje01,Jeffrey Springs,TBR,3.8
2022,syndeno01,Noah Syndergaard,2TM,1.9
2022,syndeno01,Noah Syndergaard,LAA,1.3
2022,syndeno01,Noah Syndergaard,PHI,0.6
2022,davieza02,Zach Davies,ARI,0.9
2022,stripro01,Ross Stripling,TOR,2.7
2022,kaprija01,James Kaprielian,OAK,1.1
2022,lynchda02,Daniel Lynch IV,KCR,0.6
2022,plesaza01,Zach Plesac,CLE,-0.8
2022,stridsp01,Spencer Strider,ATL,3.8
2022,woodal02,Alex Wood,SFG,0.1
2022,gonsoto01,Tony Gonsolin,LAD,4.3
2022,kirbyge01,George Kirby,SEA,1.4
2022,bubickr01,Kris Bubic,KCR,-0.3
2022,detmere01,Reid Detmers,LAA,2.4
2022,snellbl01,Blake Snell,SDP,2.2
2022,grayjo02,Jon Gray,TEX,1.3
2022,wachami01,Michael Wacha,BOS,3.2
2022,feddeer01,Erick Fedde,WSN,-0.6
2022,kershcl01,Clayton Kershaw,LAD,3.5
2022,greenhu01,Hunter Greene,CIN,2.0
2022,kremede01,Dean Kremer,BAL,2.7
2022,gombeau01,Austin Gomber,COL,0.2
2022,hillri01,Rich Hill,BOS,0.8
2022,lynnla01,Lance Lynn,CHW,0.7
2022,thompza01,Zach Thompson,PIT,-0.4
2022,mahlety01,Tyler Mahle,2TM,1.9
2022,mahlety01,Tyler Mahle,CIN,1.8
2022,mahlety01,Tyler Mahle,MIN,0.1
2022,grayso01,Sonny Gray,MIN,2.4
2022,kopecmi01,Michael Kopech,CHW,2.3
2022,steelju01,Justin Steele,CHC,2.1
2022,bradiky01,Kyle Bradish,BAL,0.2
2022,skubata01,Tarik Skubal,DET,1.4
2022,wilsobr02,Bryse Wilson,PIT,-1.1
2022,thompke02,Keegan Thompson,CHC,1.4
2022,clevimi01,Mike Clevinger,SDP,0.8
2022,espinpa01,Paolo Espino,WSN,0.6
2022,junisja01,Jakob Junis,SFG,1.5
2022,anderia01,Ian Anderson,ATL,-0.1
2022,blackpa01,Paul Blackburn,OAK,1.3
2022,eovalna01,Nathan Eovaldi,BOS,1.6
2022,suarejo01,José Suarez,LAA,1.6
2022,pallaan01,Andre Pallante,STL,1.7
2022,ashbyaa01,Aaron Ashby,MIL,-0.5
2022,rogertr01,Trevor Rogers,MIA,-0.5
2022,martini01,Nick Martinez,SDP,1.2
2022,smylydr01,Drew Smyly,CHC,2.0
2022,odorija01,Jake Odorizzi,2TM,-0.2
2022,odorija01,Jake Odorizzi,HOU,0.1
2022,odorija01,Jake Odorizzi,ATL,-0.3
2022,peterda01,David Peterson,NYM,0.9
2022,hutchdr01,Drew Hutchison,DET,0.2
2022,watkisp01,Spenser Watkins,BAL,-0.1
2022,ashcrgr01,Graham Ashcraft,CIN,0.8
2022,sampsad01,Adrian Sampson,CHC,2.3
2022,heasljo01,Jonathan Heasley,KCR,-0.1
2022,wellsty01,Tyler Wells,BAL,1.0
2022,lodolni01,Nick Lodolo,CIN,2.6
2022,archech01,Chris Archer,MIN,0.1
2022,housead01,Adrian Houser,MIL,-0.7
2022,severlu01,Luis Severino,NYY,1.7
2022,vothau01,Austin Voth,2TM,0.9
2022,vothau01,Austin Voth,WSN,-0.8
2022,vothau01,Austin Voth,BAL,1.7
2022,alexaty01,Tyler Alexander,DET,-0.2
2022,kikucyu01,Yusei Kikuchi,TOR,-1.1
2022,luzarje01,Jesús Luzardo,MIA,2.0
2022,hearnta01,Taylor Hearn,TEX,-0.5
2022,whitemi03,Mitch White,2TM,-0.8
2022,whitemi03,Mitch White,LAD,0.4
2022,whitemi03,Mitch White,TOR,-1.2
2022,minormi01,Mike Minor,CIN,-0.8
2022,lorenmi01,Michael Lorenzen,LAA,0.9
2022,feltnry01,Ryan Feltner,COL,-0.1
2022,civalaa01,Aaron Civale,CLE,-0.9
2022,urenajo01,José Ureña,2TM,0.2
2022,urenajo01,José Ureña,MIL,-0.1
2022,urenajo01,José Ureña,COL,0.3
2022,contrro01,Roansy Contreras,PIT,1.2
2022,senzaan01,Antonio Senzatela,COL,0.4
2022,rodried05,Eduardo Rodríguez,DET,0.3
2022,willitr01,Trevor Williams,NYM,1.4
2022,garrebr01,Braxton Garrett,MIA,1.3
2022,ramirer02,Erasmo Ramírez,WSN,1.6
2022,hendrky01,Kyle Hendricks,CHC,0.6
2022,falteba01,Bailey Falter,PHI,1.1
2022,burkebr01,Brock Burke,TEX,2.1
2022,akinke01,Keegan Akin,BAL,0.7
2022,briesbe01,Beau Brieske,DET,0.9
2022,cessalu01,Luis Cessa,CIN,0.6
2022,yarbrry01,Ryan Yarbrough,TBR,0.1
2022,barrija01,Jaime Barria,LAA,1.9
2022,whitlga01,Garrett Whitlock,BOS,1.8
2022,peralfr01,Freddy Peralta,MIL,1.2
2022,crawfku01,Kutter Crawford,BOS,0.1
2022,crowewi01,Wil Crowe,PIT,0.0
2022,eflinza01,Zach Eflin,PHI,0.9
2022,rogerty01,Tyler Rogers,SFG,0.9
2022,velasvi01,Vince Velasquez,CHW,0.4
2022,barlosc01,Scott Barlow,KCR,2.8
2022,ollerad01,Adam Oller,OAK,-1.0
2022,moorema02,Matt Moore,TEX,2.4
2022,tatedi01,Dillon Tate,BAL,1.2
2022,zimmebr02,Bruce Zimmermann,BAL,-0.9
2022,claseem01,Emmanuel Clase,CLE,2.8
2022,heanean01,Andrew Heaney,LAD,0.5
2022,germado01,Domingo Germán,NYY,0.7
2022,jaxgr01,Griffin Jax,MIN,1.0
2022,alexaja01,Jason Alexander,MIL,-0.8
2022,cabreed02,Edward Cabrera,MIA,2.1
2022,dejonch01,Chase De Jong,PIT,1.5
2022,lopezjo02,Jorge López,2TM,1.7
2022,lopezjo02,Jorge López,BAL,1.7
2022,lopezjo02,Jorge López,MIN,0.0
2022,cimbead01,Adam Cimber,TOR,0.9
2022,smeltde01,Devin Smeltzer,MIN,0.9
2022,winckjo01,Josh Winckowski,BOS,-0.4
2022,bassan01,Anthony Bass,2TM,2.7
2022,bassan01,Anthony Bass,MIA,1.7
2022,bassan01,Anthony Bass,TOR,1.0
2022,gorema01,MacKenzie Gore,SDP,0.3
2022,minteaj01,A.J. Minter,ATL,1.9
2022,smithca03,Caleb Smith,ARI,0.1
2022,searsjp01,JP Sears,2TM,0.8
2022,searsjp01,JP Sears,NYY,0.6
2022,searsjp01,JP Sears,OAK,0.2
2022,bakerbr01,Bryan Baker,BAL,1.0
2022,mchugco01,Collin McHugh,ATL,2.0
2022,murfepe01,Penn Murfee,SEA,1.1
2022,sanchan01,Aníbal Sánchez,WSN,0.8
2022,chaveje01,Jesse Chavez,3TM,0.4
2022,chaveje01,Jesse Chavez,2TM,1.0
2022,chaveje01,Jesse Chavez,CHC,-0.1
2022,chaveje01,Jesse Chavez,LAA,-0.5
2022,chaveje01,Jesse Chavez,ATL,1.0
2022,hergeji01,Jimmy Herget,LAA,2.3
2022,nelsoni01,Nick Nelson,PHI,0.1
2022,montera01,Rafael Montero,HOU,1.2
2022,brebbjo01,John Brebbia,SFG,1.5
2022,colemdy01,Dylan Coleman,KCR,1.6
2022,acevedo01,Domingo Acevedo,OAK,1.1
2022,dovalca01,Camilo Doval,SFG,1.8
2022,duranjh01,Jhoan Duran,MIN,2.9
2022,leitema02,Mark Leiter Jr.,CHC,0.9
2022,crismna01,Nabil Crismatt,SDP,0.6
2022,windejo01,Josh Winder,MIN,0.0
2022,finneky01,Kyle Finnegan,WSN,1.0
2022,morgael01,Eli Morgan,CLE,0.2
2022,suterbr01,Brent Suter,MIL,0.4
2022,cishest01,Steve Cishek,WSN,0.4
2022,pukaj01,A.J. Puk,OAK,1.1
2022,bautife01,Félix Bautista,BAL,2.4
2022,matonph01,Phil Maton,HOU,-0.3
2022,ottavad01,Adam Ottavino,NYM,2.3
2022,lopezre01,Reynaldo López,CHW,1.5
2022,nerishe01,Hector Neris,HOU,0.5
2022,buehlwa01,Walker Buehler,LAD,0.3
2022,garcija04,Jarlín García,SFG,0.3
2022,graveke01,Kendall Graveman,CHW,1.0
2022,lugose01,Seth Lugo,NYM,0.8
2022,munozan01,Andrés Muñoz,SEA,1.4
2022,schrejo01,John Schreiber,BOS,2.6
2022,adonjo01,Joan Adon,WSN,-1.2
2022,helslry01,Ryan Helsley,STL,2.8
2022,milneho01,Hoby Milner,MIL,0.5
2022,degroja01,Jacob deGrom,NYM,1.5
2022,rogerta01,Taylor Rogers,2TM,-0.6
2022,rogerta01,Taylor Rogers,SDP,-0.1
2022,rogerta01,Taylor Rogers,MIL,-0.4
2022,boxbebr01,Brad Boxberger,MIL,1.2
2022,janseke01,Kenley Jansen,ATL,1.0
2022,richatr01,Trevor Richards,TOR,-0.8
2022,romanjo03,Jordan Romano,TOR,2.9
2022,sewalpa01,Paul Sewald,SEA,1.6
2022,wickro01,Rowan Wick,CHC,0.1
2022,diazal03,Alexis Díaz,CIN,2.9
2022,holmecl01,Clay Holmes,NYY,1.4
2022,phelpda01,David Phelps,TOR,1.1
2022,stephtr01,Trevor Stephan,CLE,1.0
2022,roberda08,David Robertson,2TM,2.7
2022,roberda08,David Robertson,CHC,2.0
2022,roberda08,David Robertson,PHI,0.7
2022,fulmemi01,Michael Fulmer,2TM,0.9
2022,fulmemi01,Michael Fulmer,DET,0.4
2022,fulmemi01,Michael Fulmer,MIN,0.5
2022,adamja01,Jason Adam,TBR,2.7
2022,langeal01,Alex Lange,DET,0.5
2022,martida03,Davis Martin,CHW,0.0
2022,stratch01,Chris Stratton,2TM,-0.2
2022,stratch01,Chris Stratton,PIT,-0.4
2022,stratch01,Chris Stratton,STL,0.3
2022,mannima02,Matt Manning,DET,0.9
2022,paganem01,Emilio Pagán,MIN,-0.4
2022,phillev01,Evan Phillips,LAD,2.6
2022,vestwi01,Will Vest,DET,0.2
2022,scottta01,Tanner Scott,MIA,0.1
2022,brasiry01,Ryan Brasier,BOS,-0.8
2022,hernael01,Elieser Hernández,MIA,-1.1
2022,strichu01,Hunter Strickland,CIN,0.0
2022,diazed04,Edwin Díaz,NYM,3.2
2022,edwarca01,Carl Edwards Jr.,WSN,1.4
2022,hentgsa01,Sam Hentges,CLE,1.3
2022,iglesra01,Raisel Iglesias,2TM,1.6
2022,iglesra01,Raisel Iglesias,LAA,0.2
2022,iglesra01,Raisel Iglesias,ATL,1.4
2022,armstsh01,Shawn Armstrong,2TM,0.2
2022,armstsh01,Shawn Armstrong,MIA,-0.4
2022,armstsh01,Shawn Armstrong,TBR,0.6
2022,hicksjo03,Jordan Hicks,STL,-0.3
2022,beedety01,Tyler Beede,2TM,-0.2
2022,beedety01,Tyler Beede,SFG,0.1
2022,beedety01,Tyler Beede,PIT,-0.3
2022,givenmy01,Mychal Givens,2TM,0.9
2022,givenmy01,Mychal Givens,CHC,1.1
2022,givenmy01,Mychal Givens,NYM,-0.1
2022,beeksja02,Jalen Beeks,TBR,1.2
2022,bickfph01,Phil Bickford,LAD,-0.3
2022,garcilu03,Luis García,SDP,0.3
2022,garciyi01,Yimi García,TOR,0.6
2022,ruizjo01,José Ruiz,CHW,0.3
2022,willide03,Devin Williams,MIL,2.3
2022,keuchda01,Dallas Keuchel,3TM,-2.5
2022,keuchda01,Dallas Keuchel,2TM,-1.6
2022,keuchda01,Dallas Keuchel,CHW,-1.1
2022,keuchda01,Dallas Keuchel,ARI,-0.9
2022,keuchda01,Dallas Keuchel,TEX,-0.6
2022,abreubr01,Bryan Abreu,HOU,1.3
2022,bardda01,Daniel Bard,COL,3.7
2022,foleyja01,Jason Foley,DET,0.4
2022,hillga02,Garrett Hill,DET,0.4
2022,sotogr01,Gregory Soto,DET,0.1
2022,houckta01,Tanner Houck,BOS,1.6
2022,kimbrcr01,Craig Kimbrel,LAD,0.1
2022,mantijo01,Joe Mantiply,ARI,0.9
2022,sanchaa01,Aaron Sanchez,2TM,-0.9
2022,sanchaa01,Aaron Sanchez,WSN,-0.9
2022,sanchaa01,Aaron Sanchez,MIN,0.0
2022,bushma01,Matt Bush,2TM,0.0
2022,bushma01,Matt Bush,TEX,0.3
2022,bushma01,Matt Bush,MIL,-0.4
2022,machaan02,Andrés Machado,WSN,0.1
2022,thielca01,Caleb Thielbar,MIN,0.6
2022,gallegi01,Giovanny Gallegos,STL,0.8
2022,smithwi04,Will Smith,2TM,-0.6
2022,smithwi04,Will Smith,ATL,-0.7
2022,smithwi04,Will Smith,HOU,0.1
2022,loupaa01,Aaron Loup,LAA,-0.9
2022,pocheco01,Colin Poche,TBR,-0.1
2022,santade01,Dennis Santana,TEX,-0.7
2022,norrida01,Daniel Norris,2TM,-0.5
2022,norrida01,Daniel Norris,CHC,-0.9
2022,norrida01,Daniel Norris,DET,0.4
2022,shawbr01,Bryan Shaw,CLE,-1.0
2022,kuhnejo01,Joel Kuhnel,CIN,-0.5
2022,pilkiko01,Konnor Pilkington,CLE,-0.1
2022,stephro01,Robert Stephenson,2TM,-0.3
2022,stephro01,Robert Stephenson,COL,-0.5
2022,stephro01,Robert Stephenson,PIT,0.3
2022,hendrli01,Liam Hendriks,CHW,1.7
2022,hughebr01,Brandon Hughes,CHC,1.4
2022,krehbjo01,Joey Krehbiel,BAL,0.2
2022,martiad01,Adrián Martínez,OAK,-0.8
2022,perezci01,Cionel Pérez,BAL,2.6
2022,schmicl01,Clarke Schmidt,NYY,0.8
2022,diekmja01,Jake Diekman,2TM,-0.3
2022,diekmja01,Jake Diekman,BOS,0.3
2022,diekmja01,Jake Diekman,CHW,-0.6
2022,bellobr01,Brayan Bello,BOS,0.4
2022,chafian01,Andrew Chafin,DET,0.4
2022,luetglu01,Lucas Luetge,NYY,0.7
2022,teperry01,Ryan Tepera,LAA,0.6
2022,underdu01,Duane Underwood Jr.,PIT,-0.5
2022,estevca01,Carlos Estévez,COL,1.1
2022,logueza01,Zach Logue,OAK,-1.1
2022,sanmare01,Reiver Sanmartín,CIN,-0.7
2022,jimenjo02,Joe Jiménez,DET,0.5
2022,effrosc01,Scott Effross,2TM,1.3
2022,effrosc01,Scott Effross,CHC,0.8
2022,effrosc01,Scott Effross,NYY,0.5
2022,peralwa01,Wandy Peralta,NYY,1.1
2022,hernaca04,Carlos Hernández,KCR,-1.3
2022,melanma01,Mark Melancon,ARI,-0.8
2022,oberba01,Bailey Ober,MIN,1.0
2022,davisau01,Austin Davis,2TM,-0.5
2022,davisau01,Austin Davis,BOS,-0.4
2022,davisau01,Austin Davis,MIN,-0.1
2022,martich02,Chris Martin,2TM,1.0
2022,martich02,Chris Martin,CHC,0.1
2022,martich02,Chris Martin,LAD,0.9
2022,oviedjo01,Johan Oviedo,2TM,1.0
2022,oviedjo01,Johan Oviedo,STL,0.3
2022,oviedjo01,Johan Oviedo,PIT,0.7
2022,payamjo01,Joel Payamps,2TM,1.0
2022,payamjo01,Joel Payamps,KCR,0.8
2022,payamjo01,Joel Payamps,OAK,0.3
2022,pruitau01,Austin Pruitt,OAK,0.2
2022,ruckemi01,Michael Rucker,CHC,0.6
2022,stanery01,Ryne Stanek,HOU,2.1
2022,bellaan01,Andrew Bellatti,PHI,0.8
2022,castidi01,Diego Castillo,SEA,0.0
2022,vesiaal01,Alex Vesia,LAD,1.4
2022,elderbr01,Bryce Elder,ATL,0.9
2022,festama01,Matt Festa,SEA,0.1
2022,faedoal01,Alex Faedo,DET,-0.4
2022,florody01,Dylan Floro,MIA,0.8
2022,raleybr01,Brooks Raley,TBR,1.0
2022,stephja01,Jackson Stephens,ATL,0.0
2022,swanser01,Erik Swanson,SEA,1.7
2022,trivilo01,Lou Trivino,2TM,-0.2
2022,trivilo01,Lou Trivino,OAK,-0.9
2022,trivilo01,Lou Trivino,NYY,0.7
2022,delosen01,Enyel De Los Santos,CLE,0.7
2022,banksta01,Tanner Banks,CHW,0.4
2022,wilsost02,Steven Wilson,SDP,0.9
2022,davidtu01,Tucker Davidson,2TM,-0.8
2022,davidtu01,Tucker Davidson,ATL,-0.2
2022,davidtu01,Tucker Davidson,LAA,-0.6
2022,bednada01,David Bednar,PIT,1.3
2022,kingjo01,John King,TEX,0.1
2022,okertst01,Steven Okert,MIA,1.0
2022,alvarjo03,José Alvarado,PHI,0.9
2022,dominse01,Seranthony Domínguez,PHI,1.4
2022,garciro03,Rony García,DET,0.2
2022,kingmi01,Michael King,NYY,1.9
2022,bleieri01,Richard Bleier,MIA,0.6
2022,brashma01,Matt Brash,SEA,0.1
2022,leedy01,Dylan Lee,ATL,1.3
2022,mayermi01,Mike Mayers,LAA,-0.8
2022,sawamhi01,Hirokazu Sawamura,BOS,0.7
2022,kenneia01,Ian Kennedy,ARI,-1.1
2022,rodrijo06,Joely Rodríguez,NYM,-0.2
2022,wantzan01,Andrew Wantz,LAA,0.8
2022,martibr01,Brett Martin,TEX,-0.1
2022,ramirno01,Noé Ramirez,ARI,-0.8
2022,haderjo01,Josh Hader,2TM,-1.0
2022,haderjo01,Josh Hader,MIL,0.0
2022,haderjo01,Josh Hader,SDP,-0.9
2022,gratebr01,Brusdar Graterol,LAD,0.5
2022,leonedo01,Dominic Leone,SFG,0.5
2022,clarkta01,Taylor Clarke,KCR,0.6
2022,mayzati01,Tim Mayza,TOR,0.6
2022,pressry01,Ryan Pressly,HOU,0.8
2022,woodfja01,Jake Woodford,STL,0.8
2022,abbotco01,Cory Abbott,WSN,0.0
2022,hillti01,Tim Hill,SDP,0.4
2022,jacksza02,Zach Jackson,OAK,0.9
2022,loaisjo01,Jonathan Loáisiga,NYY,-0.5
2022,marteyu01,Yunior Marté,SFG,-0.4
2022,matzst01,Steven Matz,STL,-0.3
2022,birdja01,Jake Bird,COL,0.3
2022,leclejo01,José Leclerc,TEX,0.9
2022,mcculla02,Lance McCullers Jr.,HOU,1.4
2022,suarero01,Robert Suarez,SDP,1.5
2022,chacijh01,Jhoulys Chacín,COL,-1.4
2022,megilty01,Tylor Megill,NYM,0.0
2022,colomal01,Alex Colomé,COL,-0.9
2022,farmebu01,Buck Farmer,CIN,0.7
2022,henryto01,Tommy Henry,ARI,-0.1
2022,lambeji01,Jimmy Lambert,CHW,0.8
2022,pinedmi01,Michael Pineda,DET,-0.5
2022,smithdr01,Drew Smith,NYM,0.7
2022,thorntr01,Trent Thornton,TOR,0.2
2022,gotttr01,Trevor Gott,MIL,-0.3
2022,garream01,Amir Garrett,KCR,0.0
2022,fostema01,Matt Foster,CHW,0.2
2022,handbr01,Brad Hand,PHI,0.8
2022,megiltr01,Trevor Megill,MIN,-0.6
2022,cabrege01,Génesis Cabrera,STL,-0.2
2022,hoffmje02,Jeff Hoffman,CIN,0.6
2022,knebeco01,Corey Knebel,PHI,0.5
2022,sneadki01,Kirby Snead,OAK,-0.7
2022,strahma01,Matt Strahm,BOS,0.3
2022,blachty01,Ty Blach,COL,-0.1
2022,castehu01,Humberto Castellanos,ARI,-0.4
2022,litteza01,Zack Littell,SFG,0.1
2022,familje01,Jeurys Familia,2TM,-0.7
2022,familje01,Jeurys Familia,PHI,-0.6
2022,familje01,Jeurys Familia,BOS,-0.1
2022,brogdco01,Connor Brogdon,PHI,0.9
2022,duffety01,Tyler Duffey,MIN,-0.3
2022,marinro01,Ron Marinaccio,NYY,1.2
2022,sandlni01,Nick Sandlin,CLE,1.0
2022,wislema01,Matt Wisler,TBR,0.7
2022,matzety01,Tyler Matzek,ATL,0.3
2022,nanceto01,Tommy Nance,MIA,0.3
2022,mollsa01,Sam Moll,OAK,0.8
2022,gilbrlu01,Lucas Gilbreath,COL,0.5
2022,cottojh01,Jharel Cotton,2TM,0.3
2022,cottojh01,Jharel Cotton,MIN,0.6
2022,cottojh01,Jharel Cotton,SFG,-0.3
2022,lawreju01,Justin Lawrence,COL,-0.2
2022,richaga01,Garrett Richards,TEX,-0.4
2022,thompry02,Ryan Thompson,TBR,-0.2
2022,longsa01,Sam Long,SFG,0.1
2022,aranovi01,Víctor Arano,WSN,-0.7
2022,banuema01,Manny Bañuelos,2TM,-0.3
2022,banuema01,Manny Bañuelos,NYY,0.1
2022,banuema01,Manny Bañuelos,PIT,-0.4
2022,moranjo01,Jovani Morán,MIN,0.9
2022,quijajo01,José Quijada,LAA,0.7
2022,stammcr01,Craig Stammen,SDP,-0.1
2022,danisty01,Tyler Danish,BOS,-0.1
2022,priceda01,David Price,LAD,0.7
2022,raganco01,Cole Ragans,TEX,-0.1
2022,sanchcr01,Cristopher Sánchez,PHI,-0.2
2022,barnema01,Matt Barnes,BOS,0.2
2022,weemsjo01,Jordan Weems,WSN,0.0
2022,harvehu01,Hunter Harvey,WSN,1.0
2022,jeffeda01,Daulton Jefferies,OAK,-0.3
2022,koenija01,Jared Koenig,OAK,-0.1
2022,peterdi01,Dillon Peters,PIT,0.1
2022,castima03,Max Castillo,2TM,-0.5
2022,castima03,Max Castillo,TOR,0.2
2022,castima03,Max Castillo,KCR,-0.7
2022,karinja01,James Karinchak,CLE,1.2
2022,popza01,Zach Pop,2TM,0.7
2022,popza01,Zach Pop,MIA,0.2
2022,popza01,Zach Pop,TOR,0.5
2022,martise01,Seth Martinez,HOU,0.8
2022,abreual01,Albert Abreu,3TM,0.4
2022,abreual01,Albert Abreu,TEX,0.1
2022,abreual01,Albert Abreu,KCR,0.1
2022,abreual01,Albert Abreu,NYY,0.2
2022,moretda01,Dauri Moreta,CIN,0.1
2022,peralwi01,Wily Peralta,DET,0.7
2022,assadja01,Javier Assad,CHC,1.0
2022,cuasjo01,José Cuas,KCR,0.4
2022,howarsp01,Spencer Howard,TEX,-1.1
2022,mccarki01,Kirk McCarty,CLE,-0.3
2022,staumjo01,Josh Staumont,KCR,-0.7
2022,moronre01,Reyes Moronta,2TM,0.0
2022,moronre01,Reyes Moronta,LAD,0.1
2022,moronre01,Reyes Moronta,ARI,-0.1
2022,ramiryo01,Yohan Ramírez,3TM,0.2
2022,ramiryo01,Yohan Ramírez,2TM,-0.3
2022,ramiryo01,Yohan Ramírez,SEA,-0.3
2022,ramiryo01,Yohan Ramírez,CLE,0.0
2022,ramiryo01,Yohan Ramírez,PIT,0.4
2022,kellyjo05,Joe Kelly,CHW,-0.6
2022,mileywa01,Wade Miley,CHC,0.1
2022,nelsoky01,Kyle Nelson,ARI,1.0
2022,mcgeeja01,Jake McGee,3TM,-1.1
2022,mcgeeja01,Jake McGee,SFG,-0.9
2022,mcgeeja01,Jake McGee,MIL,-0.1
2022,mcgeeja01,Jake McGee,WSN,-0.2
2022,gutievl01,Vladimir Gutierrez,CIN,-0.6
2022,chapmar01,Aroldis Chapman,NYY,-0.2
2022,pepiory01,Ryan Pepiot,LAD,0.3
2022,flaheja01,Jack Flaherty,STL,-0.1
2022,warrear01,Art Warren,CIN,-0.8
2022,gibauia01,Ian Gibaut,2TM,0.2
2022,gibauia01,Ian Gibaut,CLE,0.0
2022,gibauia01,Ian Gibaut,CIN,0.2
2022,castada01,Daniel Castano,MIA,0.1
2022,weavelu01,Luke Weaver,2TM,-0.6
2022,weavelu01,Luke Weaver,ARI,-0.4
2022,weavelu01,Luke Weaver,KCR,-0.2
2022,almonye01,Yency Almonte,LAD,1.4
2022,barlojo01,Joe Barlow,TEX,0.2
2022,flemijo01,Josh Fleming,TBR,-1.4
2022,garzara01,Ralph Garza,TBR,0.3
2022,strzepe01,Peter Strzelecki,MIL,0.6
2022,ferguca01,Caleb Ferguson,LAD,0.7
2022,liberma01,Matthew Liberatore,STL,-0.5
2022,thompza02,Zack Thompson,STL,0.7
2022,waldike01,Ken Waldichuk,OAK,0.1
2022,baumami01,Mike Baumann,BAL,0.0
2022,gilbety01,Tyler Gilbert,ARI,-0.2
2022,jimenda01,Dany Jiménez,OAK,0.3
2022,snideco01,Collin Snider,KCR,-0.6
2022,morejad01,Adrián Morejón,SDP,0.0
2022,ortegol01,Oliver Ortega,LAA,0.1
2022,sulseco01,Cole Sulser,MIA,-0.5
2022,swarmma01,Matt Swarmer,CHC,-0.5
2022,overtco01,Connor Overton,CIN,1.0
2022,wesneha01,Hayden Wesneski,CHC,1.1
2022,mcfartj01,T.J. McFarland,STL,-0.7
2022,wentzjo01,Joey Wentz,DET,0.6
2022,lametdi01,Dinelson Lamet,2TM,-0.2
2022,lametdi01,Dinelson Lamet,SDP,-0.6
2022,lametdi01,Dinelson Lamet,COL,0.4
2022,brazohu01,Huascar Brazobán,MIA,0.7
2022,naughpa01,Packy Naughton,STL,-0.1
2022,dunnju01,Justin Dunn,CIN,-0.1
2022,sandsco01,Cole Sands,MIN,-0.3
2022,hernajo02,Jonathan Hernández,TEX,0.4
2022,maydu01,Dustin May,LAD,-0.2
2022,raineta01,Tanner Rainey,WSN,0.3
2022,rodriel02,Elvin Rodríguez,DET,-1.5
2022,ginkeke01,Kevin Ginkel,ARI,0.1
2022,grovemi01,Michael Grove,LAD,-0.5
2022,millswy01,Wyatt Mills,2TM,0.2
2022,millswy01,Wyatt Mills,SEA,0.1
2022,millswy01,Wyatt Mills,KCR,0.1
2022,castrmi01,Miguel Castro,NYY,-0.3
2022,wendejb01,J.B. Wendelken,ARI,-0.3
2022,wittgni01,Nick Wittgren,STL,-0.5
2022,misiean01,Anthony Misiewicz,2TM,0.1
2022,misiean01,Anthony Misiewicz,SEA,0.0
2022,misiean01,Anthony Misiewicz,KCR,0.2
2022,poppese01,Sean Poppen,ARI,-0.1
2022,silsech01,Chase Silseth,LAA,-0.5
2022,headlo01,Louis Head,2TM,-0.4
2022,headlo01,Louis Head,MIA,-0.5
2022,headlo01,Louis Head,BAL,0.1
2022,ortka01,Kaleb Ort,BOS,-0.4
2022,holdeco01,Colin Holderman,2TM,0.3
2022,holdeco01,Colin Holderman,NYM,0.5
2022,holdeco01,Colin Holderman,PIT,-0.2
2022,gustaja01,Jandel Gustave,MIL,0.1
2022,poteeco01,Cody Poteet,MIA,0.3
2022,newcose01,Sean Newcomb,2TM,-1.3
2022,newcose01,Sean Newcomb,ATL,-0.1
2022,newcose01,Sean Newcomb,CHC,-1.2
2022,smithjo05,Joe Smith,MIN,-0.6
2022,bazsh01,Shane Baz,TBR,0.1
2022,ryuhy01,Hyun Jin Ryu,TOR,-0.3
2022,uelmeer01,Erich Uelmen,CHC,0.0
2022,bummeaa01,Aaron Bummer,CHW,0.6
2022,merryju01,Julian Merryweather,TOR,-0.6
2022,youngal01,Alex Young,2TM,0.6
2022,youngal01,Alex Young,CLE,0.0
2022,youngal01,Alex Young,SFG,0.6
2022,bandaan01,Anthony Banda,3TM,-0.5
2022,bandaan01,Anthony Banda,2TM,-0.1
2022,bandaan01,Anthony Banda,PIT,-0.4
2022,bandaan01,Anthony Banda,TOR,0.0
2022,bandaan01,Anthony Banda,NYY,-0.1
2022,detwiro01,Ross Detwiler,CIN,0.4
2022,rogerjo01,Josh Rogers,WSN,0.1
2022,shrevch01,Chasen Shreve,NYM,-0.5
2022,vespini01,Nick Vespi,BAL,0.2
2022,varlalo01,Louis Varland,MIN,0.4
2022,delosye01,Yerry de los Santos,PIT,-0.5
2022,toussto01,Touki Toussaint,LAA,0.1
2022,borucry01,Ryan Borucki,2TM,-0.3
2022,borucry01,Ryan Borucki,TOR,-0.4
2022,borucry01,Ryan Borucki,SEA,0.1
2022,cisnejo01,José Cisnero,DET,0.9
2022,hjellse01,Sean Hjelle,SFG,-0.4
2022,maytr01,Trevor May,NYM,-0.1
2022,robleha01,Hansel Robles,BOS,-0.8
2022,thompma02,Mason Thompson,WSN,0.5
2022,feyerjo01,J.P. Feyereisen,TBR,1.4
2022,hudsoda01,Daniel Hudson,LAD,0.6
2022,jamesdr01,Drey Jameson,ARI,1.2
2022,yajurmi01,Miguel Yajure,PIT,-1.0
2022,anderch01,Chase Anderson,CIN,-0.2
2022,brighje01,Jeff Brigham,MIA,0.4
2022,fairbpe01,Pete Fairbanks,TBR,1.3
2022,kinlety01,Tyler Kinley,COL,1.1
2022,bruihju01,Justin Bruihl,LAD,0.0
2022,kelletr01,Trevor Kelley,MIL,-0.4
2022,medinad01,Adonis Medina,NYM,-0.4
2022,morrico01,Cody Morris,CLE,0.4
2022,perdolu02,Luis Perdomo,MIL,0.2
2022,cleavga01,Garrett Cleavinger,2TM,0.1
2022,cleavga01,Garrett Cleavinger,LAD,-0.4
2022,cleavga01,Garrett Cleavinger,TBR,0.5
2022,gonzach01,Chi Chi González,3TM,-0.2
2022,gonzach01,Chi Chi González,2TM,0.0
2022,gonzach01,Chi Chi González,MIN,-0.2
2022,gonzach01,Chi Chi González,MIL,-0.2
2022,gonzach01,Chi Chi González,NYY,0.2
2022,chargjt01,JT Chargois,TBR,0.6
2022,hunteto02,Tommy Hunter,NYM,0.3
2022,martico02,Corbin Martin,ARI,-0.2
2022,paddach01,Chris Paddack,MIN,0.2
2022,sborzjo01,Josh Sborz,TEX,-0.3
2022,barneja01,Jacob Barnes,2TM,-0.2
2022,barneja01,Jacob Barnes,DET,-0.3
2022,barneja01,Jacob Barnes,NYY,0.1
2022,stouter01,Eric Stout,2TM,-0.2
2022,stouter01,Eric Stout,CHC,0.0
2022,stouter01,Eric Stout,PIT,-0.3
2022,sulsebe01,Beau Sulser,2TM,0.0
2022,sulsebe01,Beau Sulser,PIT,-0.2
2022,sulsebe01,Beau Sulser,BAL,0.1
2022,nogosst01,Stephen Nogosek,NYM,0.1
2022,hembrhe01,Heath Hembree,2TM,-0.7
2022,hembrhe01,Heath Hembree,PIT,-0.5
2022,hembrhe01,Heath Hembree,LAD,-0.3
2022,odayda01,Darren O'Day,ATL,0.1
2022,verhadr01,Drew VerHagen,STL,-0.8
2022,fauchca01,Calvin Faucher,TBR,-0.4
2022,allarko01,Kolby Allard,TEX,-0.5
2022,gosean01,Anthony Gose,CLE,-0.2
2022,tetreja01,Jackson Tetreault,WSN,-0.2
2022,tinocje01,Jesús Tinoco,TEX,0.7
2022,brownhu01,Hunter Brown,HOU,0.8
2022,garcibr01,Bryan Garcia,DET,0.4
2022,goudeas01,Ashton Goudeau,COL,-0.5
2022,sousabe01,Bennett Sousa,CHW,-1.0
2022,arihako01,Kohei Arihara,TEX,-0.8
2022,kittran01,Andrew Kittredge,TBR,0.3
2022,patinlu01,Luis Patiño,TBR,-0.7
2022,santito01,Tony Santillan,CIN,-0.4
2022,lawde01,Derek Law,2TM,0.0
2022,lawde01,Derek Law,DET,-0.3
2022,lawde01,Derek Law,CIN,0.4
2022,bendean01,Anthony Bender,MIA,0.4
2022,speiega01,Gabe Speier,KCR,0.7
2022,desclan01,Anthony DeSclafani,SFG,-0.8
2022,ruizno01,Norge Ruíz,OAK,-0.4
2022,thornty01,Tyler Thornburg,2TM,0.0
2022,thornty01,Tyler Thornburg,ATL,-0.1
2022,thornty01,Tyler Thornburg,MIN,0.1
2022,bradlar01,Archie Bradley,LAA,-0.4
2022,fernaju01,Junior Fernández,2TM,0.3
2022,fernaju01,Junior Fernández,STL,0.1
2022,fernaju01,Junior Fernández,PIT,0.2
2022,bolanro01,Ronald Bolaños,KCR,0.2
2022,espinan01,Anderson Espinoza,CHC,0.0
2022,nelsory01,Ryne Nelson,ARI,0.8
2022,seaboco01,Connor Seabold,BOS,-1.0
2022,selmasa01,Sam Selman,OAK,0.0
2022,lawreca01,Casey Lawrence,TOR,-0.5
2022,smithch12,Chad Smith,COL,-0.4
2022,romose01,Sergio Romo,2TM,-0.7
2022,romose01,Sergio Romo,SEA,-0.7
2022,romose01,Sergio Romo,TOR,0.0
2022,canoye01,Yennier Cano,2TM,-0.9
2022,canoye01,Yennier Cano,MIN,-0.5
2022,canoye01,Yennier Cano,BAL,-0.4
2022,guerrja02,Javy Guerra,2TM,0.1
2022,guerrja02,Javy Guerra,SDP,-0.1
2022,guerrja02,Javy Guerra,TBR,0.2
2022,kolarad01,Adam Kolarek,OAK,0.0
2022,millsal02,Alec Mills,CHC,-0.7
2022,alexasc02,Scott Alexander,SFG,1.1
2022,gillalo01,Logan Gillaspie,BAL,0.1
2022,norwoja01,James Norwood,PHI,-0.5
2022,pegueel01,Elvis Peguero,LAA,-0.5
2022,widenta01,Taylor Widener,ARI,0.2
2022,friaslu01,Luis Frías,ARI,-1.0
2022,middlke01,Keynan Middleton,ARI,-0.6
2022,tapiado01,Domingo Tapia,OAK,-0.4
2022,ucetaed01,Edwin Uceta,ARI,-0.2
2022,milonto01,Tommy Milone,SEA,-0.2
2022,reedja02,Jake Reed,3TM,-0.6
2022,reedja02,Jake Reed,2TM,-0.2
2022,reedja02,Jake Reed,NYM,-0.3
2022,reedja02,Jake Reed,LAD,0.1
2022,reedja02,Jake Reed,BAL,-0.4
2022,bazared01,Eduard Bazardo,BOS,0.3
2022,lemoija01,Jacob Lemoine,OAK,-0.5
2022,llovema01,Mauricio Llovera,SFG,0.1
2022,stashco01,Cody Stashak,MIN,0.1
2022,valdeph01,Phillips Valdéz,BOS,-0.1
2022,romerjo01,JoJo Romero,2TM,0.0
2022,romerjo01,JoJo Romero,PHI,-0.1
2022,romerjo01,JoJo Romero,STL,0.1
2022,ortizlu03,Luis Ortiz,PIT,0.1
2022,taylobl01,Blake Taylor,HOU,0.0
2022,warreau01,Austin Warren,LAA,-0.1
2022,duggero01,Robert Dugger,2TM,-0.2
2022,duggero01,Robert Dugger,TBR,0.0
2022,duggero01,Robert Dugger,CIN,-0.2
2022,crickky01,Kyle Crick,CHW,0.2
2022,kowarja01,Jackson Kowar,KCR,-0.6
2022,alvarjo02,José Álvarez,SFG,-0.1
2022,diazjh01,Jhonathan Díaz,LAA,0.4
2022,grimmju01,Justin Grimm,OAK,0.0
2022,gsellro01,Robert Gsellman,CHC,0.0
2022,beaslje01,Jeremy Beasley,TOR,0.0
2022,greench03,Chad Green,NYY,0.1
2022,bardlu01,Luke Bard,2TM,0.5
2022,bardlu01,Luke Bard,TBR,0.5
2022,bardlu01,Luke Bard,NYY,0.0
2022,szaputh01,Thomas Szapucki,2TM,0.1
2022,szaputh01,Thomas Szapucki,NYM,-0.4
2022,szaputh01,Thomas Szapucki,SFG,0.5
2022,farrelu01,Luke Farrell,2TM,0.0
2022,farrelu01,Luke Farrell,CHC,0.2
2022,farrelu01,Luke Farrell,CIN,-0.1
2022,cruzfe01,Fernando Cruz,CIN,0.8
2022,nardian01,Andrew Nardi,MIA,-0.7
2022,sandeph01,Phoenix Sanders,TBR,0.2
2022,devench02,Chris Devenski,2TM,-0.5
2022,devench02,Chris Devenski,ARI,-0.3
2022,devench02,Chris Devenski,PHI,-0.2
2022,johnspi01,Pierce Johnson,SDP,-0.1
2022,steckdr01,Drew Steckenrider,SEA,-0.3
2022,yacabji01,Jimmy Yacabonis,2TM,-0.6
2022,yacabji01,Jimmy Yacabonis,MIA,-0.3
2022,yacabji01,Jimmy Yacabonis,TBR,-0.3
2022,halldl01,DL Hall,BAL,-0.2
2022,kellyza01,Zack Kelly,BOS,0.2
2022,knehrre01,Reiss Knehr,SDP,0.1
2022,rodrima01,Manuel Rodríguez,CHC,0.3
2022,alzolad01,Adbert Alzolay,CHC,0.2
2022,boydma01,Matthew Boyd,SEA,0.4
2022,castran02,Anthony Castro,CLE,-0.6
2022,cousija01,Jake Cousins,MIL,0.3
2022,sanchmi01,Miguel Sánchez,MIL,0.0
2022,weissza01,Zack Weiss,LAA,0.1
2022,cyrty01,Tyler Cyr,2TM,0.3
2022,cyrty01,Tyler Cyr,PHI,-0.1
2022,cyrty01,Tyler Cyr,OAK,0.4
2022,gagema01,Matt Gage,TOR,0.4
2022,frypa01,Paul Fry,2TM,-0.3
2022,frypa01,Paul Fry,BAL,-0.3
2022,frypa01,Paul Fry,ARI,0.0
2022,coonrsa01,Sam Coonrod,PHI,-0.4
2022,dejesan01,Ángel De Jesús,DET,0.3
2022,hoeinbr01,Bryan Hoeing,MIA,-0.8
2022,kahnlto01,Tommy Kahnle,LAD,0.3
2022,whitlko01,Kodi Whitley,STL,-0.2
2022,bielabr01,Brandon Bielak,HOU,0.1
2022,couloda01,Danny Coulombe,MIN,0.3
2022,mulleky01,Kyle Muller,ATL,-0.4
2022,castrke01,Kervin Castro,2TM,-0.4
2022,castrke01,Kervin Castro,SFG,-0.2
2022,castrke01,Kervin Castro,CHC,-0.2
2022,scottta02,Tayler Scott,SDP,-0.3
2022,fletcaa01,Aaron Fletcher,PIT,-0.2
2022,henriro01,Ronny Henriquez,MIN,0.2
2022,sheffju01,Justus Sheffield,SEA,0.0
2022,kiliaca01,Caleb Kilian,CHC,-0.6
2022,weissgr01,Greg Weissert,NYY,-0.3
2022,alberha01,Hanser Alberto,LAD,0.0
2022,fishmja01,Jake Fishman,MIA,0.1
2022,knighdu01,Dusten Knight,TBR,-0.1
2022,lopezyo01,Yoan López,NYM,-0.1
2022,martejo01,José Marte,LAA,-0.2
2022,zerpaan01,Angel Zerpa,KCR,0.5
2022,millety01,Tyson Miller,TEX,-0.7
2022,rosenke01,Kenny Rosenberg,LAA,0.1
2022,weberry01,Ryan Weber,NYY,0.3
2022,zeuchtj01,T.J. Zeuch,CIN,-0.8
2022,appelma01,Mark Appel,PHI,0.3
2022,lakintr01,Travis Lakins Sr.,BAL,-0.4
2022,mizeca01,Casey Mize,DET,0.0
2022,reidfse01,Sean Reid-Foley,NYM,-0.1
2022,peacoma01,Matt Peacock,2TM,0.0
2022,peacoma01,Matt Peacock,ARI,0.0
2022,peacoma01,Matt Peacock,KCR,0.0
2022,jacksan01,Andre Jackson,LAD,0.2
2022,minayju01,Juan Minaya,MIN,-0.1
2022,wilesco01,Collin Wiles,OAK,0.0
2022,brookaa01,Aaron Brooks,STL,-0.2
2022,curryxz01,Xzavion Curry,CLE,-0.3
2022,garrere01,Reed Garrett,WSN,-0.1
2022,barraky01,Kyle Barraclough,LAA,0.2
2022,braulst01,Steven Brault,CHC,0.2
2022,burrry01,Ryan Burr,CHW,-0.2
2022,holtoty01,Tyler Holton,ARI,0.1
2022,naileja01,James Naile,STL,0.0
2022,carltdr01,Drew Carlton,DET,0.1
2022,cruzje01,Jesús Cruz,ATL,-0.1
2022,leeev01,Evan Lee,WSN,0.0
2022,ortizlu02,Luis Ortiz,SFG,0.3
2022,perezfr01,Francisco Pérez,WSN,-0.1
2022,vieauca01,Cam Vieaux,PIT,-0.6
2022,vasquan02,Andrew Vasquez,2TM,-0.1
2022,vasquan02,Andrew Vasquez,TOR,-0.2
2022,vasquan02,Andrew Vasquez,SFG,0.1
2022,hendrry01,Ryan Hendrix,CIN,0.0
2022,junkja01,Janson Junk,LAA,-0.1
2022,solomja01,Jared Solomon,CIN,-0.3
2022,romerto01,Tommy Romero,2TM,-0.5
2022,romerto01,Tommy Romero,TBR,-0.1
2022,romerto01,Tommy Romero,WSN,-0.3
2022,garciri01,Rico Garcia,BAL,0.0
2022,meansjo01,John Means,BAL,0.2
2022,eliasro01,Roenis Elías,SEA,0.1
2022,reyesde02,Denyi Reyes,BAL,0.2
2022,roberet01,Ethan Roberts,CHC,-0.3
2022,rodride01,Dereck Rodríguez,MIN,0.2
2022,allenlo01,Logan Allen,2TM,-0.1
2022,allenlo01,Logan Allen,CLE,-0.1
2022,allenlo01,Logan Allen,BAL,-0.1
2022,gaddihu01,Hunter Gaddis,CLE,-0.7
2022,mushipa01,Parker Mushinski,HOU,0.0
2022,plassmi01,Michael Plassmeyer,PHI,0.2
2022,severan01,Anderson Severino,CHW,0.0
2022,topaju01,Justin Topa,MIL,-0.3
2022,alexyaj01,A.J. Alexy,TEX,-0.4
2022,chiriyo01,Yonny Chirinos,TBR,0.5
2022,clemeko01,Kody Clemens,DET,0.1
2022,hergeke01,Kevin Herget,TBR,-0.1
2022,holloga01,Gavin Hollowell,COL,-0.2
2022,mengdda01,Daniel Mengden,KCR,0.0
2022,millesh01,Shelby Miller,SFG,-0.2
2022,pattosp01,Spencer Patton,TEX,0.1
2022,yateski01,Kirby Yates,ATL,-0.1
2022,briceau01,Austin Brice,PIT,0.0
2022,glasnty01,Tyler Glasnow,TBR,0.4
2022,hernada02,Darwinzon Hernández,BOS,-0.9
2022,simslu01,Lucas Sims,CIN,-0.3
2022,ynoahu01,Huascar Ynoa,ATL,-0.5
2022,mckayda02,David McKay,3TM,-0.1
2022,mckayda02,David McKay,NYY,0.1
2022,mckayda02,David McKay,TBR,-0.1
2022,mckayda02,David McKay,OAK,0.0
2022,blancro01,Ronel Blanco,HOU,-0.2
2022,dowdyky01,Kyle Dowdy,CIN,0.3
2022,gonzalu03,Luis González,SFG,0.0
2022,smallet01,Ethan Small,MIL,-0.1
2022,grifffo01,Foster Griffin,2TM,-0.2
2022,grifffo01,Foster Griffin,KCR,-0.2
2022,grifffo01,Foster Griffin,TOR,0.1
2022,youngda02,Danny Young,2TM,0.1
2022,youngda02,Danny Young,SEA,-0.1
2022,youngda02,Danny Young,ATL,0.1
2022,meyerma01,Max Meyer,MIA,-0.1
2022,tullyta01,Tanner Tully,CLE,-0.1
2022,diehlph01,Phillip Diehl,CIN,-0.2
2022,diplama01,Marcos Diplán,BAL,0.1
2022,estraje01,Jeremiah Estrada,CHC,0.1
2022,murphpa02,Patrick Murphy,WSN,-0.1
2022,salech01,Chris Sale,BOS,0.0
2022,vizcaar01,Arodys Vizcaíno,KCR,-0.1
2022,waiteco01,Cole Waites,SFG,0.1
2022,brentja01,Jake Brentz,KCR,-1.3
2022,doolise01,Sean Doolittle,WSN,0.4
2022,lowthza01,Zac Lowther,BAL,-0.2
2022,mazzach01,Chris Mazza,TBR,-0.5
2022,claysa01,Sam Clay,2TM,-0.2
2022,claysa01,Sam Clay,WSN,-0.2
2022,claysa01,Sam Clay,NYM,0.0
2022,clippty01,Tyler Clippard,WSN,-0.1
2022,kerrra01,Ray Kerr,SDP,-0.1
2022,kranima01,Max Kranick,PIT,0.4
2022,moralfr02,Francisco Morales,PHI,-0.1
2022,neideni01,Nick Neidert,MIA,0.2
2022,romerjh01,Jhon Romero,MIN,0.1
2022,rondoan01,Angel Rondón,STL,0.3
2022,treinbl01,Blake Treinen,LAD,0.2
2022,woodssi01,Simeon Woods Richardson,MIN,-0.1
2022,espinra01,Raynel Espinal,CIN,-0.1
2022,hatchto01,Thomas Hatch,TOR,-0.4
2022,hollagr01,Greg Holland,TEX,-0.3
2022,jonesda07,Damon Jones,PHI,-0.2
2022,kellyca02,Carson Kelly,ARI,-0.1
2022,strasst01,Stephen Strasburg,WSN,-0.3
2022,brachsi01,Silvino Bracho,ATL,-0.1
2022,cavalca01,Cade Cavalli,WSN,-0.3
2022,eickhje01,Jerad Eickhoff,PIT,-0.4
2022,ellisch01,Chris Ellis,BAL,-0.3
2022,gileske01,Ken Giles,SEA,0.2
2022,kochma01,Matt Koch,SEA,-0.2
2022,ogandcr01,Cristofer Ogando,TBR,0.0
2022,avilape01,Pedro Avila,SDP,0.0
2022,barkelu01,Luke Barker,MIL,-0.1
2022,buttojo01,José Buttó,NYM,-0.3
2022,castrha01,Harold Castro,DET,0.0
2022,germafr02,Franklin German,BOS,-0.3
2022,gillu01,Luis Gil,NYY,-0.2
2022,kellymi03,Michael Kelly,PHI,0.1
2022,perezol01,Óliver Pérez,ARI,-0.7
2022,phillbr02,Brett Phillips,TBR,-0.3
2022,tylerky01,Kyle Tyler,SDP,0.1
2022,bethach01,Christian Bethancourt,2TM,0.1
2022,bethach01,Christian Bethancourt,OAK,0.0
2022,bethach01,Christian Bethancourt,TBR,0.0
2022,zastrro01,Rob Zastryzny,2TM,-0.2
2022,zastrro01,Rob Zastryzny,NYM,0.0
2022,zastrro01,Rob Zastryzny,LAA,-0.1
2022,castilu03,Luis Castillo,DET,0.1
2022,diazmi02,Miguel Díaz,DET,0.1
2022,gordoni01,Nick Gordon,MIN,-0.3
2022,myerswi01,Wil Myers,SDP,0.0
2022,neusesh01,Sheldon Neuse,OAK,0.1
2022,santogr01,Gregory Santos,SFG,0.0
2022,stubbga01,Garrett Stubbs,PHI,-0.2
2022,weathry01,Ryan Weathers,SDP,-0.2
2022,wellsal01,Alex Wells,BAL,0.0
2022,wilsoju10,Justin Wilson,CIN,0.1
2022,claudal01,Álex Claudio,NYM,0.1
2022,criswco01,Cooper Criswell,TBR,0.1
2022,felizmi01,Michael Feliz,BOS,0.0
2022,ladwiaj01,A.J. Ladwig,MIA,-0.2
2022,montebr01,Bryce Montes de Oca,NYM,-0.1
2022,brossmi01,Mike Brosseau,MIL,0.1
2022,fishena01,Nate Fisher,NYM,0.1
2022,harrijo05,Josh Harrison,CHW,-0.2
2022,markepa01,Parker Markel,OAK,0.1
2022,mcgeeea01,Easton McGee,TBR,0.1
2022,pareden01,Enoli Paredes,HOU,0.0
2022,sadzeco01,Connor Sadzeck,MIL,-0.1
2022,schwifr01,Frank Schwindel,CHC,-0.2
2022,sedloco01,Cody Sedlock,BAL,-0.1
2022,vanmejo01,Josh VanMeter,PIT,-0.4
2022,greensh02,Shane Greene,2TM,0.0
2022,greensh02,Shane Greene,LAD,0.1
2022,greensh02,Shane Greene,NYY,-0.1
2022,castery01,Ryan Castellani,OAK,0.1
2022,duartda01,Daniel Duarte,CIN,-0.1
2022,hamilia01,Ian Hamilton,MIN,0.0
2022,hollojo01,Jordan Holloway,MIA,0.0
2022,lopezal03,Alejo Lopez,CIN,0.0
2022,sauceta01,Tayler Saucedo,TOR,-0.3
2022,walshja02,Jake Walsh,STL,-0.2
2022,zabalan01,Aneurys Zabala,MIA,0.1
2022,adamsau02,Austin Adams,SDP,0.1
2022,alcaljo01,Jorge Alcala,MIN,0.1
2022,alvarrj01,R.J. Alvarez,NYM,-0.2
2022,baezpe01,Pedro Báez,HOU,-0.2
2022,bernabr01,Brennan Bernardino,SEA,-0.2
2022,hagerja01,Jake Hager,ARI,0.0
2022,mejiaje02,J.C. Mejía,MIL,-0.2
2022,astudwi01,Willians Astudillo,MIA,0.1
2022,baezmi01,Michel Báez,SDP,0.1
2022,battema01,Matthew Batten,SDP,0.0
2022,castidi02,Diego Castillo,PIT,-0.3
2022,changyu01,Yu Chang,TBR,-0.1
2022,clemeer01,Ernie Clement,CLE,-0.1
2022,culbech01,Charlie Culberson,TEX,0.1
2022,erlinro01,Robbie Erlin,LAD,-0.1
2022,howarsa01,Sam Howard,PIT,-0.1
2022,kayan01,Anthony Kay,TOR,0.0
2022,leonsa01,Sandy León,CLE,0.1
2022,mearsni01,Nick Mears,PIT,0.1
2022,molinya01,Yadier Molina,STL,-0.1
2022,nittovi01,Vinny Nittoli,PHI,0.1
2022,reyesge01,Gerardo Reyes,LAA,0.0
2022,rufda01,Darin Ruf,NYM,0.1
2022,sheffjo01,Jordan Sheffield,COL,0.1
2022,stjohlo01,Locke St. John,CHC,-0.1
2022,taylomi02,Michael A. Taylor,KCR,0.0
2022,torrelu01,Luis Torrens,SEA,-0.1
2022,woodswi02,William Woods,ATL,0.1
2022,wynnsau01,Austin Wynns,SFG,-0.1
2022,escobal02,Alcides Escobar,WSN,0.0
2022,padilni01,Nicholas Padilla,CHC,0.0
2022,jacksja01,Jay Jackson,ATL,0.1
2022,matonni01,Nick Maton,PHI,-0.1
2022,mckenry01,Ryan McKenna,BAL,-0.1
2022,reynoma03,Matt Reynolds,CIN,0.0
2022,adriaeh01,Ehire Adrianza,WSN,0.0
2022,alldrca01,Cam Alldred,PIT,0.0
2022,andersh01,Shaun Anderson,TOR,-0.1
2022,arciaor01,Orlando Arcia,ATL,0.0
2022,barnhtu01,Tucker Barnhart,DET,0.0
2022,bradlja02,Jackie Bradley Jr.,BOS,0.0
2022,caratvi01,Victor Caratini,MIL,-0.1
2022,castijo03,José Castillo,SDP,0.0
2022,davisno01,Noah Davis,COL,-0.1
2022,dermoma01,Matt Dermody,CHC,-0.1
2022,dickeco01,Corey Dickerson,STL,0.0
2022,doziehu01,Hunter Dozier,KCR,-0.1
2022,duronni01,Nick Duron,PHI,0.0
2022,fordmi01,Mike Ford,ATL,-0.1
2022,gosseph01,Phil Gosselin,LAA,0.0
2022,grichra01,Randal Grichuk,COL,0.0
2022,lopezni01,Nicky Lopez,KCR,-0.1
2022,mayfija01,Jack Mayfield,LAA,0.0
2022,mcguire01,Reese McGuire,BOS,0.0
2022,menezco01,Conner Menez,CHC,0.1
2022,merriwh01,Whit Merrifield,TOR,-0.1
2022,obrieri01,Riley O'Brien,SEA,0.0
2022,owingch01,Chris Owings,BAL,0.0
2022,peterja01,Jace Peterson,MIL,0.0
2022,pindech01,Chad Pinder,OAK,-0.1
2022,plaweke01,Kevin Plawecki,BOS,0.0
2022,pujolal01,Albert Pujols,STL,-0.1
2022,reyesfr01,Franmil Reyes,CHC,0.0
2022,reyespa01,Pablo Reyes,MIL,0.0
2022,rodriye01,Yerry Rodríguez,TEX,0.1
2022,rossmbu01,Bubby Rossman,PHI,-0.1
2022,sanchca01,Yolmer Sánchez,BOS,0.0
2022,schroma01,Max Schrock,CIN,-0.2
2022,servebr01,Brian Serven,COL,0.1
2022,simmoan01,Andrelton Simmons,CHC,-0.2
2022,snydeni01,Nicklaus Snyder,TEX,-0.1
2022,gordode01,Dee Strange-Gordon,WSN,-0.1
2022,valdece01,César Valdez,LAA,-0.1
2022,vargail01,Ildemaro Vargas,WSN,0.0
2022,waltodo01,Donovan Walton,SFG,-0.1
2022,brittza01,Zack Britton,NYY,-0.1
2022,francbo01,Bowden Francis,TOR,0.0
2022,kniznan01,Andrew Knizner,STL,0.0
2022,littlbr02,Brendon Little,CHC,-0.3
2022,palacje01,Jermaine Palacios,MIN,0.0
2022,tarnofr01,Freddy Tarnok,ATL,0.0
2022,gonzama01,Marwin González,NYY,0.0
2022,hallda02,Darick Hall,PHI,0.0
2022,moranbr01,Brian Moran,LAA,-0.1
2022,waltena01,Nash Walters,LAA,0.0
2023,webblo01,Logan Webb,SFG,5.6
2023,galleza01,Zac Gallen,ARI,4.4
2023,colege01,Gerrit Cole,NYY,7.4
2023,mikolmi01,Miles Mikolas,STL,1.9
2023,bassich01,Chris Bassitt,TOR,2.6
2023,valdefr01,Framber Valdez,HOU,3.2
2023,castilu02,Luis Castillo,SEA,3.2
2023,kellemi03,Mitch Keller,PIT,3.0
2023,lopezpa01,Pablo López,MIN,3.4
2023,burneco01,Corbin Burnes,MIL,3.5
2023,nolaaa01,Aaron Nola,PHI,2.3
2023,gibsoky01,Kyle Gibson,BAL,0.7
2023,wheelza01,Zack Wheeler,PHI,4.2
2023,gilbelo01,Logan Gilbert,SEA,2.8
2023,kirbyge01,George Kirby,SEA,3.8
2023,berrijo01,José Berríos,TOR,2.5
2023,montgjo01,Jordan Montgomery,2TM,4.0
2023,montgjo01,Jordan Montgomery,STL,2.1
2023,montgjo01,Jordan Montgomery,TEX,1.8
2023,stridsp01,Spencer Strider,ATL,3.0
2023,gausmke01,Kevin Gausman,TOR,3.5
2023,alcansa01,Sandy Alcantara,MIA,3.9
2023,giolilu01,Lucas Giolito,3TM,1.6
2023,giolilu01,Lucas Giolito,CHW,2.7
2023,giolilu01,Lucas Giolito,LAA,-0.5
2023,giolilu01,Lucas Giolito,CLE,-0.7
2023,grayso01,Sonny Gray,MIN,5.6
2023,lynnla01,Lance Lynn,2TM,-0.9
2023,lynnla01,Lance Lynn,CHW,-1.1
2023,lynnla01,Lance Lynn,LAD,0.2
2023,corbipa01,Patrick Corbin,WSN,0.3
2023,snellbl01,Blake Snell,SDP,6.5
2023,luzarje01,Jesús Luzardo,MIA,4.7
2023,eflinza01,Zach Eflin,TBR,3.6
2023,kellyme01,Merrill Kelly,ARI,4.0
2023,lylesjo01,Jordan Lyles,KCR,-1.1
2023,oviedjo01,Johan Oviedo,PIT,2.2
2023,ceasedy01,Dylan Cease,CHW,2.2
2023,elderbr01,Bryce Elder,ATL,2.7
2023,steelju01,Justin Steele,CHC,3.2
2023,dunnida01,Dane Dunning,TEX,2.7
2023,kremede01,Dean Kremer,BAL,1.4
2023,walketa01,Taijuan Walker,PHI,2.6
2023,searsjp01,JP Sears,OAK,2.9
2023,bradiky01,Kyle Bradish,BAL,4.8
2023,kikucyu01,Yusei Kikuchi,TOR,1.8
2023,sengako01,Kodai Senga,NYM,4.5
2023,peralfr01,Freddy Peralta,MIL,2.0
2023,mortoch02,Charlie Morton,ATL,3.0
2023,verlaju01,Justin Verlander,2TM,3.5
2023,verlaju01,Justin Verlander,NYM,2.2
2023,verlaju01,Justin Verlander,HOU,1.4
2023,javiecr01,Cristian Javier,HOU,1.2
2023,ryanjo04,Joe Ryan,MIN,1.6
2023,garrebr01,Braxton Garrett,MIA,4.3
2023,singebr01,Brady Singer,KCR,0.3
2023,grayjo03,Josiah Gray,WSN,3.0
2023,schmicl01,Clarke Schmidt,NYY,0.7
2023,grayjo02,Jon Gray,TEX,1.7
2023,bellobr01,Brayan Bello,BOS,3.1
2023,brownhu01,Hunter Brown,HOU,0.1
2023,freelky01,Kyle Freeland,COL,1.4
2023,taillja01,Jameson Taillon,CHC,-0.4
2023,lorenmi01,Michael Lorenzen,2TM,1.8
2023,lorenmi01,Michael Lorenzen,DET,1.9
2023,lorenmi01,Michael Lorenzen,PHI,-0.1
2023,rodried05,Eduardo Rodríguez,DET,3.2
2023,scherma01,Max Scherzer,2TM,3.1
2023,scherma01,Max Scherzer,NYM,2.1
2023,scherma01,Max Scherzer,TEX,1.0
2023,cobbal01,Alex Cobb,SFG,2.5
2023,detmere01,Reid Detmers,LAA,2.2
2023,heanean01,Andrew Heaney,TEX,1.0
2023,lugose01,Seth Lugo,SDP,2.1
2023,hillri01,Rich Hill,2TM,-0.5
2023,hillri01,Rich Hill,PIT,0.6
2023,hillri01,Rich Hill,SDP,-1.0
2023,ashcrgr01,Graham Ashcraft,CIN,2.6
2023,sandopa02,Patrick Sandoval,LAA,0.4
2023,oberba01,Bailey Ober,MIN,3.0
2023,willitr01,Trevor Williams,WSN,-0.2
2023,flaheja01,Jack Flaherty,2TM,0.8
2023,flaheja01,Jack Flaherty,STL,1.4
2023,flaheja01,Jack Flaherty,BAL,-0.6
2023,eovalna01,Nathan Eovaldi,TEX,2.8
2023,nelsory01,Ryne Nelson,ARI,0.0
2023,pivetni01,Nick Pivetta,BOS,2.3
2023,greinza01,Zack Greinke,KCR,1.1
2023,smylydr01,Drew Smyly,CHC,-0.3
2023,bibeeta01,Tanner Bibee,CLE,3.9
2023,perezma02,Martín Pérez,TEX,0.5
2023,anderty01,Tyler Anderson,LAA,0.2
2023,waldike01,Ken Waldichuk,OAK,0.2
2023,gombeau01,Austin Gomber,COL,0.8
2023,hendrky01,Kyle Hendricks,CHC,1.0
2023,stromma01,Marcus Stroman,CHC,1.3
2023,darviyu01,Yu Darvish,SDP,0.9
2023,francjp01,J.P. France,HOU,1.6
2023,gorema01,MacKenzie Gore,WSN,1.9
2023,wachami01,Michael Wacha,SDP,2.7
2023,ohtansh01,Shohei Ohtani,LAA,3.8
2023,kershcl01,Clayton Kershaw,LAD,3.7
2023,clevimi01,Mike Clevinger,CHW,3.2
2023,millebr04,Bryce Miller,SEA,1.0
2023,crawfku01,Kutter Crawford,BOS,2.5
2023,kopecmi01,Michael Kopech,CHW,0.6
2023,biebesh01,Shane Bieber,CLE,1.9
2023,cannigr01,Griffin Canning,LAA,2.0
2023,megilty01,Tylor Megill,NYM,0.6
2023,allenlo02,Logan Allen,CLE,1.7
2023,suarera01,Ranger Suárez,PHI,2.4
2023,reaco01,Colin Rea,MIL,0.6
2023,millebo06,Bobby Miller,LAD,2.0
2023,weavelu01,Luke Weaver,3TM,-0.6
2023,weavelu01,Luke Weaver,2TM,0.2
2023,weavelu01,Luke Weaver,CIN,-0.7
2023,weavelu01,Luke Weaver,SEA,-0.2
2023,weavelu01,Luke Weaver,NYY,0.3
2023,civalaa01,Aaron Civale,2TM,2.6
2023,civalaa01,Aaron Civale,CLE,2.7
2023,civalaa01,Aaron Civale,TBR,-0.1
2023,rodrigr01,Grayson Rodriguez,BAL,0.9
2023,irvinja01,Jake Irvin,WSN,1.0
2023,mileywa01,Wade Miley,MIL,2.6
2023,glasnty01,Tyler Glasnow,TBR,2.1
2023,wellsty01,Tyler Wells,BAL,1.7
2023,manaese01,Sean Manaea,SFG,0.2
2023,uriasju01,Julio Urías,LAD,0.6
2023,willibr02,Brandon Williamson,CIN,1.6
2023,mcclash01,Shane McClanahan,TBR,2.8
2023,greenhu01,Hunter Greene,CIN,1.0
2023,housead01,Adrian Houser,MIL,0.9
2023,peterda01,David Peterson,NYM,0.5
2023,martini01,Nick Martinez,SDP,1.7
2023,medinlu02,Luis Medina,OAK,0.2
2023,abbotan01,Andrew Abbott,CIN,2.7
2023,assadja01,Javier Assad,CHC,2.1
2023,germado01,Domingo Germán,NYY,0.7
2023,houckta01,Tanner Houck,BOS,1.3
2023,wentzjo01,Joey Wentz,DET,-2.0
2023,matzst01,Steven Matz,STL,2.0
2023,bradlta01,Taj Bradley,TBR,-0.4
2023,kingmi01,Michael King,NYY,3.3
2023,maedake01,Kenta Maeda,MIN,1.2
2023,blackpa01,Paul Blackburn,OAK,1.6
2023,olsonre01,Reese Olson,DET,1.4
2023,gonsoto01,Tony Gonsolin,LAD,-0.2
2023,salech01,Chris Sale,BOS,1.6
2023,flexech01,Chris Flexen,2TM,-1.1
2023,flexech01,Chris Flexen,SEA,-0.9
2023,flexech01,Chris Flexen,COL,-0.2
2023,wainwad01,Adam Wainwright,STL,-1.9
2023,cabreed02,Edward Cabrera,MIA,2.0
2023,desclan01,Anthony DeSclafani,SFG,0.1
2023,quantca01,Cal Quantrill,CLE,0.0
2023,sanchcr01,Cristopher Sánchez,PHI,2.1
2023,woodal02,Alex Wood,SFG,0.6
2023,musgrjo01,Joe Musgrove,SDP,2.2
2023,paxtoja01,James Paxton,BOS,1.0
2023,pfaadbr01,Brandon Pfaadt,ARI,-0.4
2023,raganco01,Cole Ragans,2TM,2.3
2023,raganco01,Cole Ragans,TEX,-0.3
2023,raganco01,Cole Ragans,KCR,2.6
2023,curryxz01,Xzavion Curry,CLE,0.7
2023,perezeu02,Eury Pérez,MIA,2.7
2023,britojh01,Jhony Brito,NYY,0.7
2023,carraca01,Carlos Carrasco,NYM,-1.4
2023,litteza01,Zack Littell,2TM,1.0
2023,litteza01,Zack Littell,BOS,0.0
2023,litteza01,Zack Littell,TBR,1.0
2023,yarbrry01,Ryan Yarbrough,2TM,0.7
2023,yarbrry01,Ryan Yarbrough,KCR,0.8
2023,yarbrry01,Ryan Yarbrough,LAD,-0.1
2023,birdja01,Jake Bird,COL,0.8
2023,severlu01,Luis Severino,NYY,-1.5
2023,wesneha01,Hayden Wesneski,CHC,0.1
2023,henryto01,Tommy Henry,ARI,1.1
2023,stripro01,Ross Stripling,SFG,0.1
2023,livelbe01,Ben Lively,CIN,0.4
2023,syndeno01,Noah Syndergaard,2TM,-1.1
2023,syndeno01,Noah Syndergaard,LAD,-1.0
2023,syndeno01,Noah Syndergaard,CLE,-0.1
2023,strahma01,Matt Strahm,PHI,2.2
2023,woobr01,Bryan Woo,SEA,0.5
2023,lambepe01,Peter Lambert,COL,0.4
2023,manoaal01,Alek Manoah,TOR,-1.1
2023,seaboco01,Connor Seabold,COL,-1.3
2023,toussto01,Touki Toussaint,2TM,1.0
2023,toussto01,Touki Toussaint,CLE,0.0
2023,toussto01,Touki Toussaint,CHW,1.0
2023,ortizlu03,Luis Ortiz,PIT,0.6
2023,anderch01,Chase Anderson,2TM,0.6
2023,anderch01,Chase Anderson,TBR,0.2
2023,anderch01,Chase Anderson,COL,0.4
2023,junisja01,Jakob Junis,SFG,0.7
2023,holtoty01,Tyler Holton,DET,2.9
2023,becktr01,Tristan Beck,SFG,1.1
2023,scholje01,Jesse Scholtens,CHW,0.2
2023,chiriyo01,Yonny Chirinos,2TM,-0.4
2023,chiriyo01,Yonny Chirinos,TBR,0.4
2023,chiriyo01,Yonny Chirinos,ATL,-0.8
2023,winckjo01,Josh Winckowski,BOS,1.8
2023,stratch01,Chris Stratton,2TM,0.5
2023,stratch01,Chris Stratton,STL,0.2
2023,stratch01,Chris Stratton,TEX,0.4
2023,barrija01,Jaime Barria,LAA,-0.9
2023,davieza02,Zach Davies,ARI,-1.4
2023,williga01,Gavin Williams,CLE,2.0
2023,hudsoda02,Dakota Hudson,STL,0.5
2023,falteba01,Bailey Falter,2TM,-0.2
2023,falteba01,Bailey Falter,PHI,-0.3
2023,falteba01,Bailey Falter,PIT,0.1
2023,skubata01,Tarik Skubal,DET,2.0
2023,bielabr01,Brandon Bielak,HOU,0.4
2023,tonkimi01,Michael Tonkin,ATL,0.3
2023,fujinsh01,Shintaro Fujinami,2TM,-2.0
2023,fujinsh01,Shintaro Fujinami,OAK,-1.9
2023,fujinsh01,Shintaro Fujinami,BAL,-0.1
2023,blachty01,Ty Blach,COL,0.2
2023,mannima02,Matt Manning,DET,1.2
2023,scottta01,Tanner Scott,MIA,3.9
2023,friedma01,Max Fried,ATL,2.5
2023,irvinco01,Cole Irvin,BAL,0.1
2023,mulleky01,Kyle Muller,OAK,-1.3
2023,wilsobr02,Bryse Wilson,MIL,1.5
2023,gibauia01,Ian Gibaut,CIN,2.0
2023,quintjo01,Jose Quintana,NYM,1.6
2023,farmebu01,Buck Farmer,CIN,1.1
2023,lawreju01,Justin Lawrence,COL,1.3
2023,marshal01,Alec Marsh,KCR,-0.2
2023,rogerty01,Tyler Rogers,SFG,1.6
2023,canoye01,Yennier Cano,BAL,2.4
2023,claseem01,Emmanuel Clase,CLE,0.7
2023,richatr01,Trevor Richards,TOR,-0.2
2023,abreubr01,Bryan Abreu,HOU,2.5
2023,merryju01,Julian Merryweather,CHC,0.9
2023,teherju01,Julio Teheran,MIL,0.5
2023,whitlga01,Garrett Whitlock,BOS,0.3
2023,boydma01,Matthew Boyd,DET,-0.2
2023,brashma01,Matt Brash,SEA,1.2
2023,hoeinbr01,Bryan Hoeing,MIA,0.3
2023,payamjo01,Joel Payamps,MIL,1.6
2023,mcgousc01,Scott McGough,ARI,0.1
2023,hernaca04,Carlos Hernández,KCR,-0.2
2023,finneky01,Kyle Finnegan,WSN,0.9
2023,paganem01,Emilio Pagán,MIN,1.4
2023,suterbr01,Brent Suter,COL,0.7
2023,foleyja01,Jason Foley,DET,2.0
2023,grovemi01,Michael Grove,LAD,-0.8
2023,kimbrcr01,Craig Kimbrel,PHI,1.8
2023,topaju01,Justin Topa,SEA,1.6
2023,stephtr01,Trevor Stephan,CLE,0.4
2023,contrro01,Roansy Contreras,PIT,-0.5
2023,nerishe01,Hector Neris,HOU,2.6
2023,pallaan01,Andre Pallante,STL,0.1
2023,varlalo01,Louis Varland,MIN,0.6
2023,barlosc01,Scott Barlow,2TM,-0.1
2023,barlosc01,Scott Barlow,KCR,-0.3
2023,barlosc01,Scott Barlow,SDP,0.3
2023,dovalca01,Camilo Doval,SFG,1.4
2023,bednada01,David Bednar,PIT,2.6
2023,diazal03,Alexis Díaz,CIN,1.9
2023,gratebr01,Brusdar Graterol,LAD,2.5
2023,montera01,Rafael Montero,HOU,-0.3
2023,morgael01,Eli Morgan,CLE,-0.1
2023,bickfph01,Phil Bickford,2TM,-0.2
2023,bickfph01,Phil Bickford,LAD,-0.3
2023,bickfph01,Phil Bickford,NYM,0.0
2023,kellyke02,Kevin Kelly,TBR,0.7
2023,woodrbr01,Brandon Woodruff,MIL,2.3
2023,swanser01,Erik Swanson,TOR,1.5
2023,santogr01,Gregory Santos,CHW,1.2
2023,thompza02,Zack Thompson,STL,0.6
2023,graveke01,Kendall Graveman,2TM,1.4
2023,graveke01,Kendall Graveman,CHW,0.9
2023,graveke01,Kendall Graveman,HOU,0.6
2023,cruzfe01,Fernando Cruz,CIN,0.3
2023,garciyi01,Yimi García,TOR,0.0
2023,langeal01,Alex Lange,DET,1.0
2023,matonph01,Phil Maton,HOU,1.1
2023,lopezre01,Reynaldo López,3TM,2.0
2023,lopezre01,Reynaldo López,CHW,0.7
2023,lopezre01,Reynaldo López,LAA,0.6
2023,lopezre01,Reynaldo López,CLE,0.8
2023,delosen01,Enyel De Los Santos,CLE,1.2
2023,hicksjo03,Jordan Hicks,2TM,0.9
2023,hicksjo03,Jordan Hicks,STL,0.4
2023,hicksjo03,Jordan Hicks,TOR,0.5
2023,ginkeke01,Kevin Ginkel,ARI,1.3
2023,jaxgr01,Griffin Jax,MIN,0.7
2023,pressry01,Ryan Pressly,HOU,0.2
2023,roberda08,David Robertson,2TM,1.7
2023,roberda08,David Robertson,NYM,1.8
2023,roberda08,David Robertson,MIA,-0.2
2023,cuasjo01,José Cuas,2TM,0.9
2023,cuasjo01,José Cuas,KCR,0.4
2023,cuasjo01,José Cuas,CHC,0.5
2023,baumami01,Mike Baumann,BAL,0.6
2023,castrmi01,Miguel Castro,ARI,0.4
2023,faedoal01,Alex Faedo,DET,0.5
2023,minteaj01,A.J. Minter,ATL,0.8
2023,leitema02,Mark Leiter Jr.,CHC,0.8
2023,milneho01,Hoby Milner,MIL,1.7
2023,rodonca01,Carlos Rodón,NYY,-0.8
2023,alzolad01,Adbert Alzolay,CHC,1.6
2023,cortene01,Nestor Cortes,NYY,0.5
2023,harriho03,Hogan Harris,OAK,-0.8
2023,holmecl01,Clay Holmes,NYY,1.8
2023,urquijo01,José Urquidy,HOU,0.0
2023,johnspi01,Pierce Johnson,2TM,0.4
2023,johnspi01,Pierce Johnson,COL,-0.3
2023,johnspi01,Pierce Johnson,ATL,0.7
2023,duranjh01,Jhoan Duran,MIN,2.0
2023,estevca01,Carlos Estévez,LAA,0.6
2023,mollsa01,Sam Moll,2TM,1.8
2023,mollsa01,Sam Moll,OAK,0.3
2023,mollsa01,Sam Moll,CIN,1.4
2023,liberma01,Matthew Liberatore,STL,-0.3
2023,ottavad01,Adam Ottavino,NYM,1.2
2023,pegueel01,Elvis Peguero,MIL,1.0
2023,phillev01,Evan Phillips,LAD,1.6
2023,walkery01,Ryan Walker,SFG,0.9
2023,jacksan01,Andre Jackson,2TM,0.5
2023,jacksan01,Andre Jackson,LAD,-0.2
2023,jacksan01,Andre Jackson,PIT,0.7
2023,banksta01,Tanner Banks,CHW,0.7
2023,bautife01,Félix Bautista,BAL,3.0
2023,kaprija01,James Kaprielian,OAK,-0.1
2023,simslu01,Lucas Sims,CIN,1.8
2023,verhadr01,Drew VerHagen,STL,0.5
2023,harvehu01,Hunter Harvey,WSN,1.9
2023,pocheco01,Colin Poche,TBR,1.8
2023,sewalpa01,Paul Sewald,2TM,1.2
2023,sewalpa01,Paul Sewald,SEA,0.8
2023,sewalpa01,Paul Sewald,ARI,0.4
2023,ferguca01,Caleb Ferguson,LAD,0.1
2023,sheehem01,Emmet Sheehan,LAD,0.3
2023,sotogr01,Gregory Soto,PHI,0.0
2023,yateski01,Kirby Yates,ATL,1.1
2023,ramirer02,Erasmo Ramírez,2TM,-1.1
2023,ramirer02,Erasmo Ramírez,WSN,-0.4
2023,ramirer02,Erasmo Ramírez,TBR,-0.7
2023,sandlni01,Nick Sandlin,CLE,0.4
2023,burkebr01,Brock Burke,TEX,-0.1
2023,garcilu03,Luis García,SDP,0.2
2023,brasiry01,Ryan Brasier,2TM,1.3
2023,brasiry01,Ryan Brasier,BOS,-0.4
2023,brasiry01,Ryan Brasier,LAD,1.6
2023,cisnejo01,José Cisnero,DET,-0.4
2023,abreual01,Albert Abreu,NYY,-0.2
2023,clarkta01,Taylor Clarke,KCR,-0.9
2023,romanjo03,Jordan Romano,TOR,2.2
2023,lopezjo02,Jorge López,3TM,-0.7
2023,lopezjo02,Jorge López,2TM,-0.2
2023,lopezjo02,Jorge López,MIN,-0.1
2023,lopezjo02,Jorge López,MIA,-0.5
2023,lopezjo02,Jorge López,BAL,-0.1
2023,brazohu01,Huascar Brazobán,MIA,1.1
2023,mchugco01,Collin McHugh,ATL,-0.4
2023,okertst01,Steven Okert,MIA,0.6
2023,willide03,Devin Williams,MIL,2.6
2023,bummeaa01,Aaron Bummer,CHW,-1.0
2023,chapmar01,Aroldis Chapman,2TM,1.3
2023,chapmar01,Aroldis Chapman,KCR,1.0
2023,chapmar01,Aroldis Chapman,TEX,0.3
2023,hamilia01,Ian Hamilton,NYY,1.6
2023,moretda01,Dauri Moreta,PIT,0.7
2023,gotttr01,Trevor Gott,2TM,-0.2
2023,gotttr01,Trevor Gott,SEA,-0.3
2023,gotttr01,Trevor Gott,NYM,0.1
2023,weathry01,Ryan Weathers,2TM,-0.8
2023,weathry01,Ryan Weathers,SDP,-0.6
2023,weathry01,Ryan Weathers,MIA,-0.3
2023,nardian01,Andrew Nardi,MIA,2.3
2023,smithwi04,Will Smith,TEX,0.0
2023,fulmemi01,Michael Fulmer,CHC,0.0
2023,leclejo01,José Leclerc,TEX,1.2
2023,pukaj01,A.J. Puk,MIA,0.8
2023,diekmja01,Jake Diekman,2TM,0.2
2023,diekmja01,Jake Diekman,CHW,-0.7
2023,diekmja01,Jake Diekman,TBR,0.9
2023,florody01,Dylan Floro,2TM,0.0
2023,florody01,Dylan Floro,MIA,0.0
2023,florody01,Dylan Floro,MIN,0.0
2023,haderjo01,Josh Hader,SDP,2.5
2023,jimenjo02,Joe Jiménez,ATL,0.9
2023,smithdr01,Drew Smith,NYM,0.0
2023,bradfco01,Cody Bradford,TEX,-0.1
2023,englema01,Mason Englert,DET,-0.6
2023,holdeco01,Colin Holderman,PIT,0.7
2023,nelsoky01,Kyle Nelson,ARI,0.0
2023,iglesra01,Raisel Iglesias,ATL,1.1
2023,cabrege01,Génesis Cabrera,2TM,0.2
2023,cabrege01,Génesis Cabrera,STL,0.0
2023,cabrege01,Génesis Cabrera,TOR,0.2
2023,erceglu01,Lucas Erceg,OAK,0.0
2023,gallegi01,Giovanny Gallegos,STL,0.4
2023,klubeco01,Corey Kluber,BOS,-0.9
2023,lawde01,Derek Law,CIN,1.0
2023,martiad01,Adrián Martínez,OAK,0.4
2023,raleybr01,Brooks Raley,NYM,1.3
2023,speiega01,Gabe Speier,SEA,0.5
2023,weemsjo01,Jordan Weems,WSN,0.7
2023,adamja01,Jason Adam,TBR,0.7
2023,peralwa01,Wandy Peralta,NYY,1.4
2023,thompma02,Mason Thompson,WSN,-0.4
2023,leonedo01,Dominic Leone,3TM,0.3
2023,leonedo01,Dominic Leone,2TM,0.1
2023,leonedo01,Dominic Leone,NYM,0.2
2023,leonedo01,Dominic Leone,LAA,0.0
2023,leonedo01,Dominic Leone,SEA,0.1
2023,youngal01,Alex Young,CIN,0.8
2023,handbr01,Brad Hand,2TM,-0.1
2023,handbr01,Brad Hand,COL,0.4
2023,handbr01,Brad Hand,ATL,-0.4
2023,webbja01,Jacob Webb,2TM,0.9
2023,webbja01,Jacob Webb,LAA,0.5
2023,webbja01,Jacob Webb,BAL,0.4
2023,mayzati01,Tim Mayza,TOR,2.2
2023,perezci01,Cionel Pérez,BAL,-0.3
2023,wilsost02,Steven Wilson,SDP,0.5
2023,shustja01,Jared Shuster,ATL,-0.2
2023,moorema02,Matt Moore,3TM,1.8
2023,moorema02,Matt Moore,2TM,1.5
2023,moorema02,Matt Moore,LAA,1.5
2023,moorema02,Matt Moore,CLE,0.1
2023,moorema02,Matt Moore,MIA,0.3
2023,cuetojo01,Johnny Cueto,MIA,0.0
2023,hentgsa01,Sam Hentges,CLE,0.8
2023,hoffmje02,Jeff Hoffman,PHI,1.9
2023,lynchda02,Daniel Lynch IV,KCR,0.6
2023,sborzjo01,Josh Sborz,TEX,-0.7
2023,silsech01,Chase Silseth,LAA,0.8
2023,honeybr01,Brent Honeywell Jr.,2TM,0.1
2023,honeybr01,Brent Honeywell Jr.,SDP,0.3
2023,honeybr01,Brent Honeywell Jr.,CHW,-0.2
2023,stephro01,Robert Stephenson,2TM,1.2
2023,stephro01,Robert Stephenson,PIT,-0.1
2023,stephro01,Robert Stephenson,TBR,1.2
2023,armstsh01,Shawn Armstrong,TBR,1.7
2023,blancro01,Ronel Blanco,HOU,0.2
2023,ryuhy01,Hyun Jin Ryu,TOR,0.5
2023,soriage01,George Soriano,MIA,0.6
2023,adonjo01,Joan Adon,WSN,-0.3
2023,flemijo01,Josh Fleming,TBR,0.0
2023,rogerta01,Taylor Rogers,SFG,0.4
2023,cosgrto01,Tom Cosgrove,SDP,1.5
2023,couloda01,Danny Coulombe,BAL,1.1
2023,martich02,Chris Martin,BOS,3.2
2023,chafian01,Andrew Chafin,2TM,-0.2
2023,chafian01,Andrew Chafin,ARI,0.1
2023,chafian01,Andrew Chafin,MIL,-0.3
2023,davidtu01,Tucker Davidson,2TM,-0.4
2023,davidtu01,Tucker Davidson,LAA,-0.5
2023,davidtu01,Tucker Davidson,KCR,0.0
2023,bernabr01,Brennan Bernardino,BOS,1.3
2023,bidoos01,Osvaldo Bido,PIT,-0.2
2023,hernajo03,Jose Hernandez,PIT,0.0
2023,stanery01,Ryne Stanek,HOU,0.4
2023,middlke01,Keynan Middleton,2TM,0.9
2023,middlke01,Keynan Middleton,CHW,0.5
2023,middlke01,Keynan Middleton,NYY,0.4
2023,avilape01,Pedro Avila,SDP,0.4
2023,dominse01,Seranthony Domínguez,PHI,0.4
2023,gonzama02,Marco Gonzales,SEA,-0.5
2023,machaan02,Andrés Machado,WSN,0.0
2023,priesqu01,Quinn Priester,PIT,-0.9
2023,vesiaal01,Alex Vesia,LAD,-0.1
2023,bardda01,Daniel Bard,COL,0.0
2023,munozan01,Andrés Muñoz,SEA,0.6
2023,loupaa01,Aaron Loup,LAA,-0.6
2023,alexasc02,Scott Alexander,SFG,-0.2
2023,pruitau01,Austin Pruitt,OAK,1.5
2023,vestwi01,Will Vest,DET,1.0
2023,vasquan02,Andrew Vasquez,2TM,0.7
2023,vasquan02,Andrew Vasquez,PHI,1.0
2023,vasquan02,Andrew Vasquez,DET,-0.4
2023,almonye01,Yency Almonte,LAD,-0.5
2023,maydu01,Dustin May,LAD,1.4
2023,murphch01,Chris Murphy,BOS,0.1
2023,sauceta01,Tayler Saucedo,SEA,0.6
2023,woodfja01,Jake Woodford,STL,-0.4
2023,marinro01,Ron Marinaccio,NYY,0.4
2023,lauerer01,Eric Lauer,MIL,-1.0
2023,lucchjo01,Joey Lucchesi,NYM,1.0
2023,maytr01,Trevor May,OAK,1.1
2023,schrejo01,John Schreiber,BOS,0.8
2023,shawbr01,Bryan Shaw,CHW,0.6
2023,fairbpe01,Pete Fairbanks,TBR,1.5
2023,kellebr01,Brad Keller,KCR,0.4
2023,bakerbr01,Bryan Baker,BAL,0.5
2023,longsa01,Sam Long,OAK,-0.1
2023,janseke01,Kenley Jansen,BOS,0.7
2023,rasmudr01,Drew Rasmussen,TBR,1.3
2023,shrevch01,Chasen Shreve,2TM,0.1
2023,shrevch01,Chasen Shreve,DET,0.0
2023,shrevch01,Chasen Shreve,CIN,0.1
2023,urenajo01,José Ureña,2TM,-0.5
2023,urenajo01,José Ureña,COL,-0.7
2023,urenajo01,José Ureña,CHW,0.3
2023,hillti01,Tim Hill,SDP,-1.2
2023,ruizjo01,José Ruiz,2TM,-0.5
2023,ruizjo01,José Ruiz,CHW,-0.6
2023,ruizjo01,José Ruiz,ARI,0.0
2023,alexaty01,Tyler Alexander,DET,0.1
2023,feltnry01,Ryan Feltner,COL,0.0
2023,martise01,Seth Martinez,HOU,-0.2
2023,coveydy01,Dylan Covey,2TM,0.5
2023,coveydy01,Dylan Covey,LAD,0.0
2023,coveydy01,Dylan Covey,PHI,0.4
2023,pearsna01,Nate Pearson,TOR,-0.3
2023,zerpaan01,Angel Zerpa,KCR,0.2
2023,beeksja02,Jalen Beeks,TBR,-0.7
2023,chargjt01,JT Chargois,MIA,0.9
2023,moranjo01,Jovani Morán,MIN,-0.3
2023,winnke01,Keaton Winn,SFG,0.3
2023,devench02,Chris Devenski,2TM,0.3
2023,devench02,Chris Devenski,LAA,-0.1
2023,devench02,Chris Devenski,TBR,0.4
2023,buttojo01,José Buttó,NYM,0.8
2023,gaddihu01,Hunter Gaddis,CLE,0.2
2023,millesh01,Shelby Miller,LAD,1.5
2023,pepiory01,Ryan Pepiot,LAD,1.3
2023,soriajo02,José Soriano,LAA,0.4
2023,alvarjo03,José Alvarado,PHI,1.1
2023,waldrma01,Matt Waldron,SDP,0.2
2023,jamesdr01,Drey Jameson,ARI,0.8
2023,kahnlto01,Tommy Kahnle,NYY,1.1
2023,ramirni01,Nick Ramirez,NYY,0.9
2023,whitebr01,Brendan White,DET,-0.1
2023,borucry01,Ryan Borucki,PIT,1.4
2023,ruckemi01,Michael Rucker,CHC,0.0
2023,abbotco01,Cory Abbott,WSN,-0.5
2023,marteyu01,Yunior Marté,PHI,-0.3
2023,wantzan01,Andrew Wantz,LAA,0.4
2023,kellyjo05,Joe Kelly,2TM,-0.1
2023,kellyjo05,Joe Kelly,CHW,-0.3
2023,kellyjo05,Joe Kelly,LAD,0.3
2023,karinja01,James Karinchak,CLE,0.2
2023,mantijo01,Joe Mantiply,ARI,0.1
2023,kochma01,Matt Koch,COL,0.5
2023,brebbjo01,John Brebbia,SFG,0.1
2023,kuhlch01,Chad Kuhl,WSN,-1.3
2023,ramiryo01,Yohan Ramírez,2TM,0.0
2023,ramiryo01,Yohan Ramírez,PIT,0.2
2023,ramiryo01,Yohan Ramírez,CHW,-0.2
2023,brighje01,Jeff Brigham,NYM,-0.1
2023,keuchda01,Dallas Keuchel,MIN,-0.1
2023,lambeji01,Jimmy Lambert,CHW,0.0
2023,vasqura02,Randy Vásquez,NYY,1.0
2023,velasvi01,Vince Velasquez,PIT,0.8
2023,kingjo01,John King,2TM,0.7
2023,kingjo01,John King,TEX,-0.2
2023,kingjo01,John King,STL,0.9
2023,strzepe01,Peter Strzelecki,2TM,0.0
2023,strzepe01,Peter Strzelecki,MIL,0.0
2023,strzepe01,Peter Strzelecki,ARI,0.0
2023,helslry01,Ryan Helsley,STL,1.4
2023,romerjo01,JoJo Romero,STL,0.7
2023,francbo01,Bowden Francis,TOR,0.9
2023,mlodzca01,Carmen Mlodzinski,PIT,0.8
2023,andergr01,Grant Anderson,TEX,-0.3
2023,coxau01,Austin Cox,KCR,0.2
2023,anderni01,Nick Anderson,ATL,0.6
2023,hartwgr01,Grant Hartwig,NYM,-0.4
2023,wardth01,Thaddeus Ward,WSN,-0.3
2023,briesbe01,Beau Brieske,DET,0.6
2023,kauffka01,Karl Kauffmann,COL,-0.8
2023,llovema01,Mauricio Llovera,2TM,-0.2
2023,llovema01,Mauricio Llovera,SFG,0.2
2023,llovema01,Mauricio Llovera,BOS,-0.4
2023,battepe01,Peyton Battenfield,CLE,-0.3
2023,chaveje01,Jesse Chavez,ATL,1.3
2023,harriky01,Kyle Harrison,SFG,0.2
2023,megiltr01,Trevor Megill,MIL,0.4
2023,vothau01,Austin Voth,BAL,-0.4
2023,wicksjo01,Jordan Wicks,CHC,0.3
2023,windejo01,Josh Winder,MIN,0.3
2023,dodddy01,Dylan Dodd,ATL,-0.7
2023,lodolni01,Nick Lodolo,CIN,0.1
2023,ferrejo01,Jose A. Ferrer,WSN,0.0
2023,gonzavi02,Victor González,LAD,0.2
2023,holloga01,Gavin Hollowell,COL,0.0
2023,romdr01,Drew Rom,STL,-1.0
2023,suarejo01,José Suarez,LAA,-1.0
2023,jackslu01,Luke Jackson,SFG,0.6
2023,millema03,Mason Miller,OAK,0.7
2023,criswco01,Cooper Criswell,TBR,-0.4
2023,rosenke01,Kenny Rosenberg,LAA,0.7
2023,cordeji01,Jimmy Cordero,NYY,0.5
2023,lasorjo01,Joe La Sorsa,2TM,0.3
2023,lasorjo01,Joe La Sorsa,TBR,0.1
2023,lasorjo01,Joe La Sorsa,WSN,0.1
2023,sorokmi01,Michael Soroka,ATL,-0.5
2023,winanal01,Allan Winans,ATL,0.0
2023,garciro04,Robert Garcia,2TM,0.4
2023,garciro04,Robert Garcia,MIA,0.0
2023,garciro04,Robert Garcia,WSN,0.4
2023,duartda01,Daniel Duarte,CIN,0.6
2023,edwarca01,Carl Edwards Jr.,WSN,0.6
2023,hernajo02,Jonathan Hernández,TEX,-0.4
2023,thorntr01,Trent Thornton,2TM,0.4
2023,thorntr01,Trent Thornton,TOR,0.1
2023,thorntr01,Trent Thornton,SEA,0.3
2023,friaslu01,Luis Frías,ARI,0.3
2023,stonega01,Gavin Stone,LAD,-1.1
2023,turnbsp01,Spencer Turnbull,DET,-0.6
2023,wrighky01,Kyle Wright,ATL,-0.6
2023,bleieri01,Richard Bleier,BOS,-0.2
2023,thielca01,Caleb Thielbar,MIN,0.8
2023,uribeab01,Abner Uribe,MIL,1.0
2023,thompry02,Ryan Thompson,2TM,0.3
2023,thompry02,Ryan Thompson,TBR,-0.5
2023,thompry02,Ryan Thompson,ARI,0.7
2023,degroja01,Jacob deGrom,TEX,0.7
2023,davisno01,Noah Davis,COL,-0.7
2023,jacksja01,Jay Jackson,TOR,0.8
2023,brogdco01,Connor Brogdon,PHI,0.3
2023,hergeji01,Jimmy Herget,LAA,0.2
2023,hjellse01,Sean Hjelle,SFG,-0.7
2023,perdoan01,Angel Perdomo,PIT,0.5
2023,wittgni01,Nick Wittgren,KCR,0.0
2023,campbis01,Isaiah Campbell,SEA,0.5
2023,thompke02,Keegan Thompson,CHC,0.1
2023,hatchto01,Thomas Hatch,2TM,0.1
2023,hatchto01,Thomas Hatch,TOR,0.0
2023,hatchto01,Thomas Hatch,PIT,0.1
2023,palenda01,Daniel Palencia,CHC,0.1
2023,kowarja01,Jackson Kowar,KCR,-0.6
2023,bruihju01,Justin Bruihl,2TM,-0.2
2023,bruihju01,Justin Bruihl,LAD,0.2
2023,bruihju01,Justin Bruihl,COL,-0.4
2023,herriti01,Tim Herrin,CLE,-0.1
2023,stewabr01,Brock Stewart,MIN,1.6
2023,suarean01,Andrew Suárez,STL,-0.5
2023,suarero01,Robert Suarez,SDP,0.0
2023,lametdi01,Dinelson Lamet,2TM,-1.6
2023,lametdi01,Dinelson Lamet,COL,-1.5
2023,lametdi01,Dinelson Lamet,BOS,-0.1
2023,lawreca01,Casey Lawrence,STL,-0.4
2023,ceccosl01,Slade Cecconi,ARI,0.3
2023,garcilu05,Luis Garcia,HOU,0.5
2023,kerrra01,Ray Kerr,SDP,0.0
2023,nealza01,Zach Neal,OAK,-0.3
2023,jacqujo01,Joe Jacques,BOS,-0.1
2023,mayermi01,Mike Mayers,KCR,-0.2
2023,cessalu01,Luis Cessa,CIN,-0.7
2023,fauchca01,Calvin Faucher,TBR,-0.5
2023,headrbr01,Brent Headrick,MIN,-0.3
2023,mahlety01,Tyler Mahle,MIN,0.5
2023,nogosst01,Stephen Nogosek,NYM,-0.1
2023,smithaj01,AJ Smith-Shawver,ATL,0.1
2023,bellaan01,Andrew Bellatti,PHI,-0.1
2023,balazjo02,Jordan Balazovic,MIN,0.0
2023,carasma01,Matt Carasiti,COL,-0.2
2023,delosye01,Yerry de los Santos,PIT,0.5
2023,garream01,Amir Garrett,KCR,0.3
2023,hergeke01,Kevin Herget,CIN,0.2
2023,underdu01,Duane Underwood Jr.,PIT,0.0
2023,william01,Amos Willingham,WSN,-0.3
2023,selbyco01,Colin Selby,PIT,-1.0
2023,akinke01,Keegan Akin,BAL,-0.8
2023,doyleto01,Tommy Doyle,COL,-0.3
2023,hunteto02,Tommy Hunter,NYM,-0.5
2023,jarvibr01,Bryce Jarvis,ARI,0.4
2023,leedy01,Dylan Lee,ATL,-0.1
2023,meansjo01,John Means,BAL,0.7
2023,jimenda01,Dany Jiménez,OAK,0.5
2023,lovelri01,Richard Lovelady,OAK,0.1
2023,mcartja01,James McArthur,KCR,0.1
2023,ortka01,Kaleb Ort,BOS,-0.3
2023,waltebr01,Brandon Walter,BOS,-0.2
2023,smeltde01,Devin Smeltzer,MIA,-0.2
2023,roberni01,Nick Robertson,2TM,-0.5
2023,roberni01,Nick Robertson,LAD,-0.4
2023,roberni01,Nick Robertson,BOS,-0.1
2023,sandsco01,Cole Sands,MIN,0.2
2023,patinlu01,Luis Patiño,2TM,0.1
2023,patinlu01,Luis Patiño,TBR,-0.1
2023,patinlu01,Luis Patiño,CHW,0.2
2023,barnema01,Matt Barnes,MIA,0.0
2023,boltoco01,Cody Bolton,PIT,-0.2
2023,plesaza01,Zach Plesac,CLE,-0.6
2023,carltdr01,Drew Carlton,SDP,-0.2
2023,cimbead01,Adam Cimber,TOR,-0.7
2023,phillco01,Connor Phillips,CIN,-0.1
2023,zastrro01,Rob Zastryzny,PIT,-0.3
2023,castima03,Max Castillo,KCR,0.2
2023,snideco01,Collin Snider,KCR,0.0
2023,vinesda01,Darius Vines,ATL,0.2
2023,varlagu01,Gus Varland,2TM,-0.4
2023,varlagu01,Gus Varland,MIL,-0.4
2023,varlagu01,Gus Varland,LAD,0.1
2023,bassan01,Anthony Bass,TOR,-0.1
2023,boxbebr01,Brad Boxberger,CHC,0.0
2023,gipsosa01,Sawyer Gipson-Long,DET,0.4
2023,marquge01,Germán Márquez,COL,0.2
2023,peralsa01,Sammy Peralta,CHW,0.2
2023,ramsela02,Lane Ramsey,CHW,-0.1
2023,rutleja01,Jackson Rutledge,WSN,-0.1
2023,staumjo01,Josh Staumont,KCR,0.0
2023,weissgr01,Greg Weissert,NYY,0.2
2023,curtijo02,John Curtiss,NYM,0.0
2023,ollerad01,Adam Oller,OAK,-0.9
2023,reyesde02,Denyi Reyes,NYM,-0.4
2023,garrere01,Reed Garrett,2TM,-0.2
2023,garrere01,Reed Garrett,BAL,-0.1
2023,garrere01,Reed Garrett,NYM,-0.1
2023,halldl01,DL Hall,BAL,0.2
2023,harriho02,Hobie Harris,WSN,-0.1
2023,mearsni01,Nick Mears,COL,0.3
2023,guerrja02,Javy Guerra,2TM,-0.1
2023,guerrja02,Javy Guerra,MIL,-0.2
2023,guerrja02,Javy Guerra,TBR,0.1
2023,ortizlu02,Luis Ortiz,PHI,0.3
2023,hellebe01,Ben Heller,ATL,0.1
2023,colemdy01,Dylan Coleman,KCR,-0.8
2023,garzaju01,Justin Garza,BOS,-0.4
2023,jacksza02,Zach Jackson,OAK,0.7
2023,kennebr02,Brett Kennedy,CIN,-0.1
2023,rogertr01,Trevor Rogers,MIA,0.3
2023,rucindr01,Drew Rucinski,OAK,-0.8
2023,loaisjo01,Jonathan Loáisiga,NYY,0.4
2023,tapiado01,Domingo Tapia,SDP,0.2
2023,taylojo02,Josh Taylor,KCR,-0.5
2023,scottta02,Tayler Scott,3TM,-0.1
2023,scottta02,Tayler Scott,2TM,0.2
2023,scottta02,Tayler Scott,LAD,-0.3
2023,scottta02,Tayler Scott,BOS,0.0
2023,scottta02,Tayler Scott,OAK,0.2
2023,adamsau02,Austin Adams,ARI,-0.2
2023,alcaljo01,Jorge Alcala,MIN,-0.3
2023,deleojo03,José De León,MIN,0.0
2023,gilbety01,Tyler Gilbert,ARI,0.0
2023,bachmsa01,Sam Bachman,LAA,0.4
2023,wingetr01,Trey Wingenter,DET,-0.1
2023,bumgama01,Madison Bumgarner,ARI,-0.7
2023,kellymi03,Michael Kelly,CLE,0.1
2023,perezfr01,Francisco Pérez,OAK,-0.1
2023,richaly01,Lyon Richardson,CIN,-0.3
2023,kenneia01,Ian Kennedy,TEX,-0.5
2023,kinlety01,Tyler Kinley,COL,-0.2
2023,boylejo01,Joe Boyle,OAK,0.7
2023,bubickr01,Kris Bubic,KCR,0.4
2023,mckentr01,Triston McKenzie,CLE,0.1
2023,sprinje01,Jeffrey Springs,TBR,0.8
2023,bazared01,Eduard Bazardo,2TM,0.1
2023,bazared01,Eduard Bazardo,BAL,-0.1
2023,bazared01,Eduard Bazardo,SEA,0.3
2023,adcocty01,Ty Adcock,SEA,0.0
2023,hillga02,Garrett Hill,DET,-0.9
2023,kelletr01,Trevor Kelley,TBR,-0.2
2023,naileja01,James Naile,STL,-0.6
2023,millety01,Tyson Miller,3TM,0.0
2023,millety01,Tyson Miller,MIL,-0.1
2023,millety01,Tyson Miller,LAD,0.0
2023,millety01,Tyson Miller,NYM,0.1
2023,felipan01,Ángel Felipe,OAK,0.2
2023,heasljo01,Jonathan Heasley,KCR,-0.3
2023,newcose01,Sean Newcomb,OAK,0.4
2023,garcide01,Deivi García,2TM,-0.1
2023,garcide01,Deivi García,NYY,0.1
2023,garcide01,Deivi García,CHW,-0.2
2023,hearnta01,Taylor Hearn,3TM,-0.6
2023,hearnta01,Taylor Hearn,2TM,-0.4
2023,hearnta01,Taylor Hearn,TEX,-0.2
2023,hearnta01,Taylor Hearn,ATL,-0.1
2023,hearnta01,Taylor Hearn,KCR,-0.2
2023,mushipa01,Parker Mushinski,HOU,-0.1
2023,ortegol01,Oliver Ortega,MIN,0.1
2023,tarnofr01,Freddy Tarnok,OAK,0.2
2023,vespini01,Nick Vespi,BAL,0.1
2023,kayan01,Anthony Kay,2TM,-0.2
2023,kayan01,Anthony Kay,CHC,-0.2
2023,kayan01,Anthony Kay,NYM,0.0
2023,weberry01,Ryan Weber,NYY,0.4
2023,diazmi02,Miguel Díaz,DET,0.6
2023,murfepe01,Penn Murfee,SEA,0.3
2023,sanmare01,Reiver Sanmartín,CIN,-0.3
2023,weissza01,Zack Weiss,2TM,0.4
2023,weissza01,Zack Weiss,LAA,0.0
2023,weissza01,Zack Weiss,BOS,0.4
2023,barneja01,Jacob Barnes,STL,-0.2
2023,hughebr01,Brandon Hughes,CHC,-0.4
2023,luetglu01,Lucas Luetge,ATL,-0.3
2023,popza01,Zach Pop,TOR,-0.4
2023,rodriye01,Yerry Rodríguez,TEX,-0.4
2023,smithch12,Chad Smith,OAK,-0.1
2023,yacabji01,Jimmy Yacabonis,NYM,-0.2
2023,solompe01,Peter Solomon,ARI,-0.5
2023,zimmebr02,Bruce Zimmermann,BAL,-0.1
2023,spierca01,Carson Spiers,CIN,-0.3
2023,crismna01,Nabil Crismatt,2TM,-0.5
2023,crismna01,Nabil Crismatt,SDP,-0.6
2023,crismna01,Nabil Crismatt,ARI,0.1
2023,kuhnejo01,Joel Kuhnel,2TM,0.0
2023,kuhnejo01,Joel Kuhnel,CIN,0.0
2023,kuhnejo01,Joel Kuhnel,HOU,0.0
2023,crochga01,Garrett Crochet,CHW,0.2
2023,cruzst01,Steven Cruz,KCR,0.0
2023,familje01,Jeurys Familia,OAK,-0.4
2023,legumca01,Casey Legumina,CIN,-0.2
2023,norrida01,Daniel Norris,CLE,-0.3
2023,whitemi03,Mitch White,TOR,-0.3
2023,allarko01,Kolby Allard,ATL,-0.2
2023,danieda01,Davis Daniel,LAA,0.5
2023,lopezja04,Jacob Lopez,TBR,0.0
2023,pattosp01,Spencer Patton,OAK,0.0
2023,salazed01,Eduardo Salazar,CIN,-0.1
2023,cleavga01,Garrett Cleavinger,TBR,0.3
2023,fundeko01,Kody Funderburk,MIN,0.8
2023,greench03,Chad Green,TOR,-0.3
2023,hancoem01,Emerson Hancock,SEA,0.1
2023,stephja01,Jackson Stephens,ATL,0.2
2023,strathu01,Hunter Stratton,PIT,0.4
2023,kittran01,Andrew Kittredge,TBR,0.3
2023,sneadki01,Kirby Snead,OAK,0.0
2023,garciri01,Rico Garcia,2TM,-0.3
2023,garciri01,Rico Garcia,OAK,-0.2
2023,garciri01,Rico Garcia,WSN,-0.1
2023,dejonch01,Chase De Jong,PIT,-0.6
2023,mejiaje02,J.C. Mejía,MIL,0.0
2023,cronide01,Declan Cronin,CHW,-0.4
2023,logueza01,Zach Logue,DET,-0.2
2023,overtco01,Connor Overton,CIN,-0.5
2023,rodrijo06,Joely Rodríguez,BOS,-0.2
2023,thenju01,Juan Then,SEA,0.0
2023,misiean01,Anthony Misiewicz,3TM,-0.4
2023,misiean01,Anthony Misiewicz,2TM,-0.4
2023,misiean01,Anthony Misiewicz,ARI,0.0
2023,misiean01,Anthony Misiewicz,DET,-0.2
2023,misiean01,Anthony Misiewicz,NYY,-0.2
2023,estraje01,Jeremiah Estrada,CHC,-0.2
2023,ottogl01,Glenn Otto,TEX,-0.5
2023,santade01,Dennis Santana,NYM,-0.1
2023,teperry01,Ryan Tepera,2TM,-0.7
2023,teperry01,Ryan Tepera,LAA,-0.6
2023,teperry01,Ryan Tepera,STL,-0.1
2023,bushma01,Matt Bush,MIL,-0.8
2023,saalfan01,Andrew Saalfrank,ARI,0.5
2023,stoudle01,Levi Stoudt,CIN,-0.3
2023,estesjo01,Joey Estes,OAK,-0.2
2023,fulmeca01,Carson Fulmer,LAA,0.3
2023,joycebe01,Ben Joyce,LAA,0.0
2023,martiju01,Justin Martínez,ARI,-0.5
2023,walkejo03,Josh Walker,NYM,-0.5
2023,barlojo01,Joe Barlow,TEX,0.0
2023,crowewi01,Wil Crowe,PIT,0.0
2023,reyesge01,Gerardo Reyes,LAA,-0.2
2023,acevedo01,Domingo Acevedo,OAK,-0.7
2023,cousija01,Jake Cousins,MIL,0.0
2023,kellyza01,Zack Kelly,BOS,0.2
2023,martejo01,José Marte,LAA,-0.4
2023,dubinsh01,Shawn Dubin,HOU,-0.1
2023,festama01,Matt Festa,SEA,0.1
2023,gillalo01,Logan Gillaspie,BAL,-0.2
2023,milonto01,Tommy Milone,SEA,0.2
2023,morejad01,Adrián Morejón,SDP,-0.2
2023,quijajo01,José Quijada,LAA,-0.3
2023,sousabe01,Bennett Sousa,2TM,0.1
2023,sousabe01,Bennett Sousa,MIL,-0.1
2023,sousabe01,Bennett Sousa,HOU,0.2
2023,castidi01,Diego Castillo,SEA,-0.2
2023,hudsobr01,Bryan Hudson,LAD,-0.1
2023,navared01,Edgar Navarro,CHW,-0.1
2023,vodnivi01,Victor Vodnik,COL,-0.2
2023,sweetde01,Devin Sweet,2TM,-0.3
2023,sweetde01,Devin Sweet,SEA,-0.1
2023,sweetde01,Devin Sweet,OAK,-0.2
2023,breweco01,Colten Brewer,NYY,0.0
2023,youngda02,Danny Young,ATL,0.3
2023,morrico01,Cody Morris,CLE,-0.1
2023,stallja01,Jacob Stallings,MIA,0.1
2023,suerowa01,Wander Suero,LAD,-0.2
2023,barraky01,Kyle Barraclough,BOS,-0.5
2023,reidfse01,Sean Reid-Foley,NYM,0.1
2023,senzaan01,Antonio Senzatela,COL,0.1
2023,brachsi01,Silvino Bracho,CIN,0.2
2023,bradlar01,Archie Bradley,MIA,-0.2
2023,junkja01,Janson Junk,MIL,-0.1
2023,justiev01,Evan Justice,COL,-0.2
2023,bandaan01,Anthony Banda,WSN,0.0
2023,busenal01,Alan Busenitz,CIN,0.2
2023,diazjh01,Jhonathan Díaz,LAA,-0.4
2023,lindgje01,Jeff Lindgren,MIA,0.1
2023,bristbr01,Braden Bristo,2TM,0.1
2023,bristbr01,Braden Bristo,TBR,0.1
2023,bristbr01,Braden Bristo,DET,0.0
2023,bukaujb01,JB Bukauskas,2TM,0.0
2023,bukaujb01,JB Bukauskas,SEA,-0.2
2023,bukaujb01,JB Bukauskas,MIL,0.2
2023,coonrsa01,Sam Coonrod,NYM,-0.3
2023,gagema01,Matt Gage,HOU,0.1
2023,kriskbr01,Brooks Kriske,KCR,0.1
2023,littllu01,Luke Little,CHC,0.3
2023,lucasea01,Easton Lucas,OAK,-0.1
2023,mcgeeea01,Easton McGee,SEA,0.5
2023,sherrry01,Ryan Sherriff,BOS,0.2
2023,abadfe01,Fernando Abad,COL,0.1
2023,dejesen01,Enmanuel De Jesus,MIA,-0.2
2023,latzja01,Jacob Latz,TEX,0.2
2023,muckeza01,Zach Muckenhirn,NYM,0.0
2023,shortza01,Zack Short,DET,0.0
2023,kolarad01,Adam Kolarek,2TM,0.4
2023,kolarad01,Adam Kolarek,LAD,0.1
2023,kolarad01,Adam Kolarek,NYM,0.2
2023,actonga01,Garrett Acton,OAK,-0.4
2023,antonte01,Tejay Antone,CIN,0.3
2023,knehrre01,Reiss Knehr,SDP,-0.4
2023,ingrako01,Kolton Ingram,LAA,-0.2
2023,kiliaca01,Caleb Kilian,CHC,-0.5
2023,mcallza01,Zach McAllister,NYY,-0.4
2023,nelsoni01,Nick Nelson,PHI,0.3
2023,nicolky01,Kyle Nicolas,PIT,-0.3
2023,sulseco01,Cole Sulser,ARI,-0.1
2023,rodride01,Dereck Rodríguez,2TM,-0.3
2023,rodride01,Dereck Rodríguez,MIN,0.0
2023,rodride01,Dereck Rodríguez,ATL,-0.3
2023,fryda01,David Fry,CLE,-0.2
2023,hanifbr01,Brenan Hanifee,DET,0.0
2023,hendrli01,Liam Hendriks,CHW,-0.1
2023,krehbjo01,Joey Krehbiel,BAL,0.2
2023,mccauda01,Darren McCaughan,SEA,-0.1
2023,naughpa01,Packy Naughton,STL,0.2
2023,paddach01,Chris Paddack,MIN,0.0
2023,wolfja01,Jackson Wolf,SDP,0.0
2023,padilni01,Nicholas Padilla,CHW,0.0
2023,vargaca01,Carlos Vargas,ARI,0.0
2023,woodssi01,Simeon Woods Richardson,MIN,-0.1
2023,mailelu01,Luke Maile,CIN,-0.2
2023,watkisp01,Spenser Watkins,OAK,-0.2
2023,barnhtu01,Tucker Barnhart,CHC,0.1
2023,bowmama01,Matt Bowman,NYY,-0.2
2023,burdiza01,Zack Burdi,TBR,-0.2
2023,dermoma01,Matt Dermody,BOS,-0.1
2023,espinpa01,Paolo Espino,WSN,-0.4
2023,givenmy01,Mychal Givens,BAL,-0.4
2023,hartlge01,Geoff Hartlieb,MIA,0.1
2023,kineris01,Isiah Kiner-Falefa,NYY,0.1
2023,krookma01,Matt Krook,NYY,-0.4
2023,mcmiljo01,John McMillon,KCR,0.1
2023,parsowe01,Wes Parsons,TOR,-0.4
2023,smallet01,Ethan Small,MIL,-0.2
2023,whiteow01,Owen White,TEX,-0.2
2023,escobed01,Eduardo Escobar,LAA,0.0
2023,gonzach01,Chi Chi González,MIA,0.0
2023,hedgeau01,Austin Hedges,TEX,0.0
2023,hernada03,Daysbel Hernández,ATL,-0.1
2023,nittovi01,Vinny Nittoli,NYM,0.1
2023,plassmi01,Michael Plassmeyer,PHI,-0.4
2023,andrecl02,Clayton Andrews,MIL,-0.8
2023,howarsp01,Spencer Howard,TEX,-0.1
2023,mooremc01,McKinley Moore,PHI,-0.3
2023,rayro02,Robbie Ray,SEA,-0.3
2023,rodriel02,Elvin Rodríguez,TBR,0.2
2023,santito01,Tony Santillan,CIN,0.1
2023,bowlajo01,Jonathan Bowlan,KCR,0.1
2023,burdini01,Nick Burdi,CHC,-0.1
2023,castada01,Daniel Castano,MIA,-0.3
2023,colomal01,Alex Colomé,CHW,-0.2
2023,greensh02,Shane Greene,CHC,0.1
2023,hernani01,Nick Hernandez,SDP,-0.1
2023,hudsoda01,Daniel Hudson,LAD,0.1
2023,jacobal01,Alek Jacob,SDP,0.1
2023,kerkeor01,Orion Kerkering,PHI,0.1
2023,medervi01,Víctor Mederos,LAA,-0.1
2023,nolinse01,Sean Nolin,MIA,-0.1
2023,rodrijo07,José Rodríguez,SEA,-0.1
2023,rojasmi02,Miguel Rojas,LAD,0.0
2023,ucetaed01,Edwin Uceta,NYM,0.1
2023,vieirth01,Thyago Vieira,MIL,0.3
2023,wongja01,Jake Wong,CIN,-0.1
2023,clemeko01,Kody Clemens,PHI,0.1
2023,mariomi01,Michael Mariot,CIN,0.1
2023,pannoth01,Thomas Pannone,MIL,-0.1
2023,raleylu01,Luke Raley,TBR,-0.3
2023,kellyca02,Carson Kelly,2TM,-0.1
2023,kellyca02,Carson Kelly,ARI,0.0
2023,kellyca02,Carson Kelly,DET,0.0
2023,boushca01,Caleb Boushley,MIL,0.1
2023,brossmi01,Mike Brosseau,MIL,0.0
2023,castrwi01,Willi Castro,MIN,-0.1
2023,lopezni01,Nicky Lopez,ATL,0.0
2023,venezan01,Anthony Veneziano,KCR,-0.1
2023,waiteco01,Cole Waites,SFG,-0.2
2023,wynnera01,Randy Wynne,CIN,0.1
2023,castrha01,Harold Castro,COL,0.0
2023,duffety01,Tyler Duffey,CHC,0.0
2023,duffyma01,Matt Duffy,KCR,0.0
2023,fariaja01,Jake Faria,BOS,-0.1
2023,fordmi01,Mike Ford,SEA,-0.1
2023,gomezyo01,Yoendrys Gómez,NYY,0.1
2023,herrejo04,José Herrera,ARI,0.0
2023,hurtky01,Kyle Hurt,LAD,0.1
2023,lopezjo04,José López,TBR,0.0
2023,mendida01,Danny Mendick,NYM,-0.2
2023,millebr02,Brad Miller,TEX,-0.1
2023,peterja01,Jace Peterson,OAK,0.0
2023,pilkiko01,Konnor Pilkington,CLE,0.1
2023,reyespa01,Pablo Reyes,BOS,0.0
2023,rojasjo01,Josh Rojas,ARI,-0.1
2023,speasal01,Alex Speas,TEX,-0.3
2023,trejoal01,Alan Trejo,COL,-0.1
2023,vargail01,Ildemaro Vargas,WSN,0.0
2023,vosleja01,Jason Vosler,CIN,0.0
2023,zuniggu01,Guillo Zuñiga,STL,0.0
2023,alberha01,Hanser Alberto,CHW,-0.1
2023,berropr01,Prelander Berroa,SEA,0.1
2023,burleal01,Alec Burleson,STL,-0.1
2023,cyrty01,Tyler Cyr,LAD,0.1
2023,harrijo05,Josh Harrison,PHI,-0.2
2023,leahyky01,Kyle Leahy,STL,-0.3
2023,mcfartj01,T.J. McFarland,NYM,-0.1
2023,perezca02,Carlos Pérez,OAK,0.0
2023,riosya01,Yacksel Ríos,OAK,-0.3
2023,warreau01,Austin Warren,LAA,0.0
2023,cacerke01,Kelvin Cáceres,LAA,0.0
2023,hembrhe01,Heath Hembree,TBR,0.1
2023,luplojo01,Jordan Luplow,MIN,-0.2
2023,montafr02,Frankie Montas,NYY,0.1
2023,moronre01,Reyes Moronta,LAA,0.0
2023,schoojo01,Jonathan Schoop,DET,0.1
2023,beatyma01,Matt Beaty,SFG,-0.1
2023,calvobl01,Blair Calvo,COL,0.0
2023,clemeer01,Ernie Clement,TOR,0.0
2023,crawfbr01,Brandon Crawford,SFG,0.0
2023,dixonbr01,Brandon Dixon,SDP,0.0
2023,donaljo02,Josh Donaldson,NYY,0.0
2023,eatonna01,Nate Eaton,KCR,0.0
2023,espadjo01,Jose Espada,SDP,0.0
2023,guilllu01,Luis Guillorme,NYM,0.0
2023,hernayo02,Yonny Hernández,LAD,0.0
2023,karchri01,Ricky Karcher,CIN,0.4
2023,lambja01,Jake Lamb,LAA,0.0
2023,leonsa01,Sandy León,TEX,-0.1
2023,lestejo02,Josh Lester,BAL,0.0
2023,madribl01,Bligh Madris,HOU,0.0
2023,maldoma01,Martín Maldonado,HOU,-0.1
2023,mccanja02,James McCann,BAL,0.0
2023,mckenry01,Ryan McKenna,BAL,-0.1
2023,mckinza01,Zach McKinstry,DET,-0.1
2023,millsal02,Alec Mills,CIN,-0.2
2023,owingch01,Chris Owings,PIT,0.0
2023,pintore02,René Pinto,TBR,-0.2
2023,raineta01,Tanner Rainey,WSN,0.1
2023,ryanry01,Ryder Ryan,SEA,0.0
2023,tellero01,Rowdy Tellez,MIL,0.0
2023,thomala02,Lane Thomas,WSN,-0.1
2023,uelmeer01,Erich Uelmen,PHI,-0.2
2023,villada01,David Villar,SFG,0.0
2023,willilu01,Luke Williams,LAD,0.0
2023,wiselbr01,Brett Wisely,SFG,0.0
2023,quezajo01,Johan Quezada,MIA,-0.1
2023,reedja02,Jake Reed,LAD,-0.2
2023,vallich01,Chris Vallimont,BAL,0.0
2023,zavalse01,Seby Zavala,ARI,0.0
2023,bethach01,Christian Bethancourt,TBR,-0.1
2023,castijo03,José Castillo,SDP,-0.1
2023,claudal01,Álex Claudio,MIL,0.0
2023,danneha01,Hagen Danner,TOR,0.0
2023,mastrmi01,Miles Mastrobuoni,CHC,-0.1
2023,perezhe02,Hector Perez,TBR,-0.1
2023,phillbr02,Brett Phillips,LAA,0.0
2023,pintri01,Riley Pint,COL,0.0
2024,gilbelo01,Logan Gilbert,SEA,3.0
2024,lugose01,Seth Lugo,KCR,5.0
2024,webblo01,Logan Webb,SFG,3.8
2024,wheelza01,Zack Wheeler,PHI,6.5
2024,nolaaa01,Aaron Nola,PHI,4.0
2024,burneco01,Corbin Burnes,BAL,3.9
2024,berrijo01,José Berríos,TOR,2.5
2024,skubata01,Tarik Skubal,DET,6.7
2024,kirbyge01,George Kirby,SEA,2.1
2024,ceasedy01,Dylan Cease,SDP,4.0
2024,irvinja01,Jake Irvin,WSN,1.9
2024,raganco01,Cole Ragans,KCR,4.7
2024,lopezpa01,Pablo López,MIN,2.6
2024,crawfku01,Kutter Crawford,BOS,1.5
2024,severlu01,Luis Severino,NYM,1.7
2024,manaese01,Sean Manaea,NYM,2.9
2024,pfaadbr01,Brandon Pfaadt,ARI,0.4
2024,sanchcr01,Cristopher Sánchez,PHI,3.8
2024,gausmke01,Kevin Gausman,TOR,1.1
2024,searsjp01,JP Sears,OAK,2.3
2024,millebr04,Bryce Miller,SEA,3.5
2024,singebr01,Brady Singer,KCR,2.9
2024,anderty01,Tyler Anderson,LAA,2.9
2024,houckta01,Tanner Houck,BOS,3.2
2024,oberba01,Bailey Ober,MIN,3.0
2024,kellemi03,Mitch Keller,PIT,2.0
2024,salech01,Chris Sale,ATL,6.2
2024,feddeer01,Erick Fedde,2TM,5.6
2024,feddeer01,Erick Fedde,CHW,4.6
2024,feddeer01,Erick Fedde,STL,1.0
2024,valdefr01,Framber Valdez,HOU,4.6
2024,kikucyu01,Yusei Kikuchi,2TM,1.6
2024,kikucyu01,Yusei Kikuchi,TOR,0.2
2024,kikucyu01,Yusei Kikuchi,HOU,1.4
2024,castilu02,Luis Castillo,SEA,1.9
2024,rodonca01,Carlos Rodón,NYY,1.9
2024,corbipa01,Patrick Corbin,WSN,-0.8
2024,cortene01,Nestor Cortes,NYY,2.4
2024,friedma01,Max Fried,ATL,3.5
2024,bibeeta01,Tanner Bibee,CLE,2.6
2024,kingmi01,Michael King,SDP,4.1
2024,peralfr01,Freddy Peralta,MIL,2.4
2024,imanash01,Shota Imanaga,CHC,3.0
2024,cannigr01,Griffin Canning,LAA,0.2
2024,mikolmi01,Miles Mikolas,STL,-0.5
2024,bassich01,Chris Bassitt,TOR,0.1
2024,eovalna01,Nathan Eovaldi,TEX,1.8
2024,quintjo01,Jose Quintana,NYM,2.5
2024,brownhu01,Hunter Brown,HOU,2.8
2024,gibsoky01,Kyle Gibson,STL,0.9
2024,reaco01,Colin Rea,MIL,1.1
2024,blancro01,Ronel Blanco,HOU,4.7
2024,wachami01,Michael Wacha,KCR,3.1
2024,gorema01,MacKenzie Gore,WSN,0.9
2024,grayso01,Sonny Gray,STL,1.6
2024,mortoch02,Charlie Morton,ATL,1.1
2024,taillja01,Jameson Taillon,CHC,2.3
2024,eflinza01,Zach Eflin,2TM,2.8
2024,eflinza01,Zach Eflin,TBR,0.9
2024,eflinza01,Zach Eflin,BAL,1.9
2024,gombeau01,Austin Gomber,COL,2.4
2024,bellobr01,Brayan Bello,BOS,1.2
2024,feltnry01,Ryan Feltner,COL,1.3
2024,flaheja01,Jack Flaherty,2TM,3.3
2024,flaheja01,Jack Flaherty,DET,2.5
2024,flaheja01,Jack Flaherty,LAD,0.8
2024,civalaa01,Aaron Civale,2TM,1.1
2024,civalaa01,Aaron Civale,TBR,0.1
2024,civalaa01,Aaron Civale,MIL,1.0
2024,flexech01,Chris Flexen,CHW,1.6
2024,heanean01,Andrew Heaney,TEX,0.4
2024,litteza01,Zack Littell,TBR,2.8
2024,stromma01,Marcus Stroman,NYY,0.6
2024,gillu01,Luis Gil,NYY,2.9
2024,spencmi01,Mitch Spence,OAK,1.6
2024,livelbe01,Ben Lively,CLE,1.4
2024,parkemi01,Mitchell Parker,WSN,0.9
2024,nelsory01,Ryne Nelson,ARI,1.6
2024,suarera01,Ranger Suárez,PHI,2.9
2024,montafr02,Frankie Montas,2TM,0.6
2024,montafr02,Frankie Montas,CIN,0.6
2024,montafr02,Frankie Montas,MIL,-0.1
2024,greenhu01,Hunter Greene,CIN,6.0
2024,quantca01,Cal Quantrill,COL,1.8
2024,galleza01,Zac Gallen,ARI,2.7
2024,assadja01,Javier Assad,CHC,1.7
2024,waldrma01,Matt Waldron,SDP,0.9
2024,crochga01,Garrett Crochet,CHW,4.1
2024,pivetni01,Nick Pivetta,BOS,1.5
2024,arrigsp01,Spencer Arrighetti,HOU,0.4
2024,falteba01,Bailey Falter,PIT,1.6
2024,martini01,Nick Martinez,CIN,4.0
2024,stonega01,Gavin Stone,LAD,2.1
2024,abbotan01,Andrew Abbott,CIN,3.3
2024,bradlta01,Taj Bradley,TBR,1.7
2024,myersto01,Tobias Myers,MIL,2.6
2024,lopezre01,Reynaldo López,ATL,5.1
2024,ortizlu03,Luis Ortiz,PIT,3.0
2024,ryanjo04,Joe Ryan,MIN,2.5
2024,perezma02,Martín Pérez,2TM,0.9
2024,perezma02,Martín Pérez,PIT,-0.1
2024,perezma02,Martín Pérez,SDP,1.0
2024,steelju01,Justin Steele,CHC,1.9
2024,glasnty01,Tyler Glasnow,LAD,2.2
2024,suareal01,Albert Suárez,BAL,2.4
2024,woodssi01,Simeon Woods Richardson,MIN,2.0
2024,skenepa01,Paul Skenes,PIT,5.8
2024,hendrky01,Kyle Hendricks,CHC,-1.5
2024,lorenmi01,Michael Lorenzen,2TM,2.5
2024,lorenmi01,Michael Lorenzen,TEX,1.3
2024,lorenmi01,Michael Lorenzen,KCR,1.2
2024,pepiory01,Ryan Pepiot,TBR,2.2
2024,kremede01,Dean Kremer,BAL,0.7
2024,marshal01,Alec Marsh,KCR,0.6
2024,estesjo01,Joey Estes,OAK,0.6
2024,cannojo02,Jonathan Cannon,CHW,1.9
2024,harriky01,Kyle Harrison,SFG,0.7
2024,rogertr01,Trevor Rogers,2TM,0.6
2024,rogertr01,Trevor Rogers,MIA,1.0
2024,rogertr01,Trevor Rogers,BAL,-0.4
2024,schwesp01,Spencer Schwellenbach,ATL,2.7
2024,jonesja09,Jared Jones,PIT,1.6
2024,pallaan01,Andre Pallante,STL,1.6
2024,woobr01,Bryan Woo,SEA,2.4
2024,peterda01,David Peterson,NYM,2.9
2024,lynnla01,Lance Lynn,STL,0.2
2024,montgjo01,Jordan Montgomery,ARI,-1.4
2024,rodrigr01,Grayson Rodriguez,BAL,1.6
2024,lodolni01,Nick Lodolo,CIN,1.2
2024,freelky01,Kyle Freeland,COL,0.1
2024,soriajo02,José Soriano,LAA,1.9
2024,maedake01,Kenta Maeda,DET,-1.7
2024,olsonre01,Reese Olson,DET,1.4
2024,irvinco01,Cole Irvin,2TM,-0.6
2024,irvinco01,Cole Irvin,BAL,-0.3
2024,irvinco01,Cole Irvin,MIN,-0.3
2024,hicksjo03,Jordan Hicks,SFG,1.0
2024,urenajo01,José Ureña,TEX,0.4
2024,alexaty01,Tyler Alexander,TBR,0.4
2024,wilsobr02,Bryse Wilson,MIL,0.9
2024,snellbl01,Blake Snell,SFG,2.2
2024,carraca01,Carlos Carrasco,CLE,-1.2
2024,francbo01,Bowden Francis,TOR,1.6
2024,grayjo02,Jon Gray,TEX,0.2
2024,mizeca01,Casey Mize,DET,0.3
2024,paxtoja01,James Paxton,2TM,0.2
2024,paxtoja01,James Paxton,LAD,0.4
2024,paxtoja01,James Paxton,BOS,-0.1
2024,musgrjo01,Joe Musgrove,SDP,1.7
2024,criswco01,Cooper Criswell,BOS,0.6
2024,yarbrry01,Ryan Yarbrough,2TM,1.3
2024,yarbrry01,Ryan Yarbrough,LAD,0.5
2024,yarbrry01,Ryan Yarbrough,TOR,0.9
2024,monteke01,Keider Montero,DET,0.2
2024,vasqura02,Randy Vásquez,SDP,0.5
2024,allenlo02,Logan Allen,CLE,-1.1
2024,cabreed02,Edward Cabrera,MIA,0.3
2024,colege01,Gerrit Cole,NYY,1.9
2024,dunnida01,Dane Dunning,TEX,-0.8
2024,holtoty01,Tyler Holton,DET,3.2
2024,spierca01,Carson Spiers,CIN,-0.1
2024,verlaju01,Justin Verlander,HOU,-0.3
2024,lawde01,Derek Law,WSN,2.0
2024,yamamyo01,Yoshinobu Yamamoto,LAD,1.9
2024,hudsoda02,Dakota Hudson,COL,-0.8
2024,herzdj01,DJ Herz,WSN,0.8
2024,paddach01,Chris Paddack,MIN,0.5
2024,detmere01,Reid Detmers,LAA,-1.1
2024,fulmeca01,Carson Fulmer,LAA,0.8
2024,rodriya01,Yariel Rodríguez,TOR,0.0
2024,weathry01,Ryan Weathers,MIA,1.9
2024,liberma01,Matthew Liberatore,STL,0.3
2024,schmicl01,Clarke Schmidt,NYY,1.9
2024,stripro01,Ross Stripling,OAK,-1.1
2024,weavelu01,Luke Weaver,NYY,1.8
2024,walketa01,Taijuan Walker,PHI,-1.5
2024,munozro01,Roddery Muñoz,MIA,-1.2
2024,avilape01,Pedro Avila,2TM,0.4
2024,avilape01,Pedro Avila,SDP,-0.2
2024,avilape01,Pedro Avila,CLE,0.6
2024,darviyu01,Yu Darvish,SDP,2.0
2024,hjellse01,Sean Hjelle,SFG,0.6
2024,walkery01,Ryan Walker,SFG,2.8
2024,povicca01,Cade Povich,BAL,-0.2
2024,sandopa02,Patrick Sandoval,LAA,0.0
2024,sorokmi01,Michael Soroka,CHW,0.6
2024,bazsh01,Shane Baz,TBR,2.2
2024,tonkimi01,Michael Tonkin,3TM,-0.2
2024,tonkimi01,Michael Tonkin,2TM,0.7
2024,tonkimi01,Michael Tonkin,NYM,-0.8
2024,tonkimi01,Michael Tonkin,MIN,0.2
2024,tonkimi01,Michael Tonkin,NYY,0.5
2024,akinke01,Keegan Akin,BAL,1.2
2024,abreubr01,Bryan Abreu,HOU,1.8
2024,megilty01,Tylor Megill,NYM,0.5
2024,ashcrgr01,Graham Ashcraft,CIN,0.3
2024,ceccosl01,Slade Cecconi,ARI,-1.1
2024,bradfco01,Cody Bradford,TEX,0.9
2024,williga01,Gavin Williams,CLE,-0.1
2024,winckjo01,Josh Winckowski,BOS,0.2
2024,mckentr01,Triston McKenzie,CLE,-0.5
2024,buehlwa01,Walker Buehler,LAD,-1.1
2024,smithca06,Cade Smith,CLE,2.4
2024,blackpa01,Paul Blackburn,2TM,0.5
2024,blackpa01,Paul Blackburn,OAK,0.7
2024,blackpa01,Paul Blackburn,NYM,-0.2
2024,gaddihu01,Hunter Gaddis,CLE,2.6
2024,claseem01,Emmanuel Clase,CLE,4.4
2024,buttojo01,José Buttó,NYM,2.2
2024,rossjo01,Joe Ross,MIL,0.5
2024,kellyme01,Merrill Kelly,ARI,1.1
2024,vodnivi01,Victor Vodnik,COL,0.9
2024,adamja01,Jason Adam,2TM,2.6
2024,adamja01,Jason Adam,TBR,1.2
2024,adamja01,Jason Adam,SDP,1.4
2024,shustja01,Jared Shuster,CHW,1.0
2024,strichu01,Hunter Strickland,LAA,1.0
2024,martiju01,Justin Martínez,ARI,1.9
2024,harriho03,Hogan Harris,OAK,1.9
2024,thorntr01,Trent Thornton,SEA,0.3
2024,banksta01,Tanner Banks,2TM,0.1
2024,banksta01,Tanner Banks,CHW,-0.1
2024,banksta01,Tanner Banks,PHI,0.2
2024,birdsha01,Hayden Birdsong,SFG,0.3
2024,roberda08,David Robertson,TEX,1.5
2024,scottta01,Tanner Scott,2TM,3.7
2024,scottta01,Tanner Scott,MIA,3.0
2024,scottta01,Tanner Scott,SDP,0.7
2024,santade01,Dennis Santana,2TM,0.9
2024,santade01,Dennis Santana,NYY,-0.4
2024,santade01,Dennis Santana,PIT,1.3
2024,blachty01,Ty Blach,COL,-0.6
2024,sandsco01,Cole Sands,MIN,1.3
2024,pukaj01,A.J. Puk,2TM,1.2
2024,pukaj01,A.J. Puk,MIA,-0.1
2024,pukaj01,A.J. Puk,ARI,1.3
2024,farmebu01,Buck Farmer,CIN,1.7
2024,haderjo01,Josh Hader,HOU,0.7
2024,jaxgr01,Griffin Jax,MIN,2.8
2024,kellyke02,Kevin Kelly,TBR,1.7
2024,kittran01,Andrew Kittredge,STL,1.5
2024,cronide01,Declan Cronin,MIA,0.2
2024,rogerty01,Tyler Rogers,SFG,1.5
2024,vestwi01,Will Vest,DET,1.6
2024,ginkeke01,Kevin Ginkel,ARI,0.8
2024,beeksja02,Jalen Beeks,2TM,0.1
2024,beeksja02,Jalen Beeks,COL,0.2
2024,beeksja02,Jalen Beeks,PIT,-0.1
2024,housead01,Adrian Houser,NYM,-0.9
2024,iglesra01,Raisel Iglesias,ATL,2.9
2024,knackla01,Landon Knack,LAD,1.0
2024,bellova01,Valente Bellozo,MIA,1.4
2024,jimenjo02,Joe Jiménez,ATL,1.8
2024,scottta02,Tayler Scott,HOU,1.7
2024,florody01,Dylan Floro,2TM,0.8
2024,florody01,Dylan Floro,WSN,1.6
2024,florody01,Dylan Floro,ARI,-0.8
2024,holmegr01,Grant Holmes,ATL,1.1
2024,contrro01,Roansy Contreras,2TM,0.4
2024,contrro01,Roansy Contreras,PIT,0.1
2024,contrro01,Roansy Contreras,LAA,0.3
2024,briesbe01,Beau Brieske,DET,0.7
2024,wesneha01,Hayden Wesneski,CHC,-0.3
2024,kopecmi01,Michael Kopech,2TM,1.4
2024,kopecmi01,Michael Kopech,CHW,0.3
2024,kopecmi01,Michael Kopech,LAD,1.1
2024,milleer01,Erik Miller,SFG,0.4
2024,wentzjo01,Joey Wentz,2TM,0.1
2024,wentzjo01,Joey Wentz,DET,-0.4
2024,wentzjo01,Joey Wentz,PIT,0.5
2024,hillti01,Tim Hill,2TM,0.4
2024,hillti01,Tim Hill,CHW,-0.4
2024,hillti01,Tim Hill,NYY,0.8
2024,junisja01,Jakob Junis,2TM,1.8
2024,junisja01,Jakob Junis,MIL,0.6
2024,junisja01,Jakob Junis,CIN,1.2
2024,cruzfe01,Fernando Cruz,CIN,0.3
2024,fernary01,Ryan Fernandez,STL,0.9
2024,leclejo01,José Leclerc,TEX,-0.2
2024,luzarje01,Jesús Luzardo,MIA,0.6
2024,willitr01,Trevor Williams,WSN,2.5
2024,armstsh01,Shawn Armstrong,3TM,-0.3
2024,armstsh01,Shawn Armstrong,2TM,0.2
2024,armstsh01,Shawn Armstrong,TBR,-0.5
2024,armstsh01,Shawn Armstrong,STL,0.2
2024,armstsh01,Shawn Armstrong,CHC,0.0
2024,helslry01,Ryan Helsley,STL,2.8
2024,hoffmje02,Jeff Hoffman,PHI,2.2
2024,thompry02,Ryan Thompson,ARI,1.0
2024,vesiaal01,Alex Vesia,LAD,1.8
2024,pearsna01,Nate Pearson,2TM,-0.1
2024,pearsna01,Nate Pearson,TOR,-0.6
2024,pearsna01,Nate Pearson,CHC,0.5
2024,barneja01,Jacob Barnes,WSN,0.1
2024,herriti01,Tim Herrin,CLE,1.7
2024,suterbr01,Brent Suter,CIN,1.4
2024,kochaja01,Jack Kochanowicz,LAA,0.8
2024,richatr01,Trevor Richards,2TM,-0.3
2024,richatr01,Trevor Richards,TOR,-0.4
2024,richatr01,Trevor Richards,MIN,0.1
2024,millema03,Mason Miller,OAK,2.5
2024,suarero01,Robert Suarez,SDP,2.1
2024,milneho01,Hoby Milner,MIL,-0.6
2024,festada01,David Festa,MIN,0.5
2024,kinlety01,Tyler Kinley,COL,-0.2
2024,delosen01,Enyel De Los Santos,3TM,0.1
2024,delosen01,Enyel De Los Santos,2TM,-0.2
2024,delosen01,Enyel De Los Santos,SDP,0.3
2024,delosen01,Enyel De Los Santos,NYY,-0.6
2024,delosen01,Enyel De Los Santos,CHW,0.4
2024,matonph01,Phil Maton,2TM,0.9
2024,matonph01,Phil Maton,TBR,0.2
2024,matonph01,Phil Maton,NYM,0.7
2024,finneky01,Kyle Finnegan,WSN,1.0
2024,morejad01,Adrián Morejón,SDP,1.3
2024,bidoos01,Osvaldo Bido,OAK,1.6
2024,chaveje01,Jesse Chavez,ATL,0.6
2024,weissgr01,Greg Weissert,BOS,0.5
2024,holmecl01,Clay Holmes,NYY,0.6
2024,hudsoda01,Daniel Hudson,LAD,0.6
2024,kerkeor01,Orion Kerkering,PHI,1.7
2024,cabrege01,Génesis Cabrera,TOR,-0.1
2024,matsuyu01,Yuki Matsui,SDP,0.8
2024,strahma01,Matt Strahm,PHI,2.6
2024,hudsobr01,Bryan Hudson,MIL,2.4
2024,koenija01,Jared Koenig,MIL,1.5
2024,millety01,Tyson Miller,2TM,1.4
2024,millety01,Tyson Miller,SEA,0.1
2024,millety01,Tyson Miller,CHC,1.3
2024,alvarjo03,José Alvarado,PHI,0.4
2024,chapmar01,Aroldis Chapman,PIT,0.4
2024,yateski01,Kirby Yates,TEX,3.1
2024,erceglu01,Lucas Erceg,2TM,1.2
2024,erceglu01,Lucas Erceg,OAK,0.5
2024,erceglu01,Lucas Erceg,KCR,0.7
2024,lambepe01,Peter Lambert,COL,-0.4
2024,estraje01,Jeremiah Estrada,SDP,1.2
2024,vothau01,Austin Voth,SEA,-0.2
2024,hancoem01,Emerson Hancock,SEA,-0.6
2024,canoye01,Yennier Cano,BAL,1.0
2024,cleavga01,Garrett Cleavinger,TBR,0.8
2024,foleyja01,Jason Foley,DET,0.9
2024,kingjo01,John King,STL,0.8
2024,rogerta01,Taylor Rogers,SFG,1.1
2024,garciro04,Robert Garcia,WSN,-0.1
2024,lawreju01,Justin Lawrence,COL,-1.6
2024,leedy01,Dylan Lee,ATL,1.3
2024,mantijo01,Joe Mantiply,ARI,0.6
2024,molinan01,Anthony Molina,COL,-0.5
2024,jarvibr01,Bryce Jarvis,ARI,0.8
2024,munozan01,Andrés Muñoz,SEA,2.1
2024,nerishe01,Hector Neris,2TM,-0.2
2024,nerishe01,Hector Neris,CHC,0.0
2024,nerishe01,Hector Neris,HOU,-0.2
2024,dovalca01,Camilo Doval,SFG,-0.5
2024,payamjo01,Joel Payamps,MIL,1.1
2024,romerjo01,JoJo Romero,STL,0.8
2024,garcilu03,Luis García,2TM,-0.4
2024,garcilu03,Luis García,LAA,0.3
2024,garcilu03,Luis García,BOS,-0.6
2024,smylydr01,Drew Smyly,CHC,0.1
2024,dominse01,Seranthony Domínguez,2TM,0.2
2024,dominse01,Seranthony Domínguez,PHI,-0.1
2024,dominse01,Seranthony Domínguez,BAL,0.3
2024,alcaljo01,Jorge Alcala,MIN,1.4
2024,stratch01,Chris Stratton,KCR,-0.8
2024,anderch01,Chase Anderson,2TM,-0.7
2024,anderch01,Chase Anderson,BOS,-0.5
2024,anderch01,Chase Anderson,TEX,-0.2
2024,baumami01,Mike Baumann,5TM,-0.6
2024,baumami01,Mike Baumann,3TM,-0.4
2024,baumami01,Mike Baumann,2TM,-0.3
2024,baumami01,Mike Baumann,BAL,0.2
2024,baumami01,Mike Baumann,SEA,-0.4
2024,baumami01,Mike Baumann,SFG,-0.1
2024,baumami01,Mike Baumann,LAA,-0.2
2024,baumami01,Mike Baumann,MIA,-0.2
2024,leitema02,Mark Leiter Jr.,2TM,-0.5
2024,leitema02,Mark Leiter Jr.,CHC,-0.4
2024,leitema02,Mark Leiter Jr.,NYY,-0.1
2024,bednada01,David Bednar,PIT,-0.9
2024,sandlni01,Nick Sandlin,CLE,-0.1
2024,mearsni01,Nick Mears,2TM,-0.4
2024,mearsni01,Nick Mears,COL,0.0
2024,mearsni01,Nick Mears,MIL,-0.4
2024,faedoal01,Alex Faedo,DET,0.7
2024,garrere01,Reed Garrett,NYM,0.2
2024,meyerma01,Max Meyer,MIA,-0.2
2024,kellyza01,Zack Kelly,BOS,0.4
2024,mcartja01,James McArthur,KCR,-0.6
2024,mcfartj01,T.J. McFarland,OAK,0.6
2024,pressry01,Ryan Pressly,HOU,0.4
2024,webbja01,Jacob Webb,BAL,1.0
2024,diazal03,Alexis Díaz,CIN,0.5
2024,johnspi01,Pierce Johnson,ATL,0.7
2024,chafian01,Andrew Chafin,2TM,0.5
2024,chafian01,Andrew Chafin,DET,0.5
2024,chafian01,Andrew Chafin,TEX,-0.1
2024,smithbu03,Burch Smith,2TM,-0.2
2024,smithbu03,Burch Smith,MIA,0.3
2024,smithbu03,Burch Smith,BAL,-0.4
2024,millebo06,Bobby Miller,LAD,-1.9
2024,ottavad01,Adam Ottavino,NYM,0.0
2024,millesh01,Shelby Miller,DET,0.1
2024,brownbe02,Ben Brown,CHC,0.9
2024,bummeaa01,Aaron Bummer,ATL,0.6
2024,slateju01,Justin Slaten,BOS,0.8
2024,winnke01,Keaton Winn,SFG,-1.1
2024,brebbjo01,John Brebbia,2TM,-0.5
2024,brebbjo01,John Brebbia,CHW,-0.6
2024,brebbjo01,John Brebbia,ATL,0.1
2024,stanery01,Ryne Stanek,2TM,-0.6
2024,stanery01,Ryne Stanek,SEA,-0.4
2024,stanery01,Ryne Stanek,NYM,-0.2
2024,barlosc01,Scott Barlow,CLE,0.2
2024,estevca01,Carlos Estévez,2TM,2.2
2024,estevca01,Carlos Estévez,LAA,1.5
2024,estevca01,Carlos Estévez,PHI,0.6
2024,janseke01,Kenley Jansen,BOS,1.2
2024,nicolky01,Kyle Nicolas,PIT,0.2
2024,phillev01,Evan Phillips,LAD,-0.5
2024,duranjh01,Jhoan Duran,MIN,0.2
2024,turnbsp01,Spencer Turnbull,PHI,1.3
2024,ferguca01,Caleb Ferguson,2TM,-0.5
2024,ferguca01,Caleb Ferguson,NYY,-0.7
2024,ferguca01,Caleb Ferguson,HOU,0.2
2024,diazed04,Edwin Díaz,NYM,0.5
2024,fauchca01,Calvin Faucher,MIA,0.9
2024,perezci01,Cionel Pérez,BAL,-0.1
2024,zerpaan01,Angel Zerpa,KCR,0.5
2024,hoeinbr01,Bryan Hoeing,2TM,1.6
2024,hoeinbr01,Bryan Hoeing,MIA,0.7
2024,hoeinbr01,Bryan Hoeing,SDP,0.8
2024,anderju01,Justin Anderson,CHW,0.5
2024,greench03,Chad Green,TOR,0.8
2024,kuhlch01,Chad Kuhl,CHW,0.2
2024,bendean01,Anthony Bender,MIA,0.7
2024,jackslu01,Luke Jackson,2TM,-0.3
2024,jackslu01,Luke Jackson,SFG,-0.2
2024,jackslu01,Luke Jackson,ATL,-0.1
2024,lopezjo02,Jorge López,2TM,0.9
2024,lopezjo02,Jorge López,NYM,0.3
2024,lopezjo02,Jorge López,CHC,0.6
2024,sotogr01,Gregory Soto,2TM,0.3
2024,sotogr01,Gregory Soto,PHI,0.4
2024,sotogr01,Gregory Soto,BAL,-0.1
2024,martise01,Seth Martinez,HOU,0.5
2024,kimbrcr01,Craig Kimbrel,BAL,-1.0
2024,rodrira02,Randy Rodríguez,SFG,-0.2
2024,suarejo01,José Suarez,LAA,-0.6
2024,schrejo01,John Schreiber,KCR,0.4
2024,brazohu01,Huascar Brazobán,2TM,0.2
2024,brazohu01,Huascar Brazobán,MIA,0.3
2024,brazohu01,Huascar Brazobán,NYM,-0.1
2024,ferguty01,Tyler Ferguson,OAK,0.7
2024,holdeco01,Colin Holderman,PIT,0.7
2024,pegueel01,Elvis Peguero,MIL,0.4
2024,bernabr01,Brennan Bernardino,BOS,0.3
2024,grovemi01,Michael Grove,LAD,-0.6
2024,raineta01,Tanner Rainey,WSN,0.1
2024,ruizjo01,José Ruiz,PHI,0.6
2024,mlodzca01,Carmen Mlodzinski,PIT,0.8
2024,harvehu01,Hunter Harvey,2TM,0.0
2024,harvehu01,Hunter Harvey,WSN,0.1
2024,harvehu01,Hunter Harvey,KCR,-0.2
2024,rouppla01,Landen Roupp,SFG,0.6
2024,martida03,Davis Martin,CHW,0.9
2024,rodried05,Eduardo Rodríguez,ARI,0.2
2024,bandaan01,Anthony Banda,LAD,0.7
2024,elderbr01,Bryce Elder,ATL,-0.7
2024,nardian01,Andrew Nardi,MIA,0.0
2024,varlalo01,Louis Varland,MIN,-1.3
2024,priesqu01,Quinn Priester,2TM,-0.1
2024,priesqu01,Quinn Priester,PIT,-0.3
2024,priesqu01,Quinn Priester,BOS,0.2
2024,mulleky01,Kyle Muller,OAK,0.4
2024,simslu01,Lucas Sims,2TM,0.5
2024,simslu01,Lucas Sims,CIN,0.8
2024,simslu01,Lucas Sims,BOS,-0.3
2024,bivensp01,Spencer Bivens,SFG,0.6
2024,leahyky01,Kyle Leahy,STL,0.2
2024,moorema02,Matt Moore,LAA,-0.5
2024,popza01,Zach Pop,TOR,-1.3
2024,boylejo01,Joe Boyle,OAK,-0.5
2024,scottch01,Christian Scott,NYM,0.2
2024,thielca01,Caleb Thielbar,MIN,-0.6
2024,kolekst01,Stephen Kolek,SDP,-0.2
2024,treinbl01,Blake Treinen,LAD,1.6
2024,wilsoju10,Justin Wilson,CIN,-0.2
2024,megiltr01,Trevor Megill,MIL,1.2
2024,wicksjo01,Jordan Wicks,CHC,-0.5
2024,littlbr02,Brendon Little,TOR,0.2
2024,dubinsh01,Shawn Dubin,HOU,0.0
2024,fairbpe01,Pete Fairbanks,TBR,0.8
2024,hurtebr01,Brant Hurter,DET,1.3
2024,ramiryo01,Yohan Ramírez,4TM,-1.0
2024,ramiryo01,Yohan Ramírez,2TM,-0.8
2024,ramiryo01,Yohan Ramírez,2TM,-0.2
2024,ramiryo01,Yohan Ramírez,NYM,-0.2
2024,ramiryo01,Yohan Ramírez,BAL,0.0
2024,ramiryo01,Yohan Ramírez,LAD,-0.6
2024,ramiryo01,Yohan Ramírez,BOS,-0.2
2024,martich02,Chris Martin,BOS,0.1
2024,matzst01,Steven Matz,STL,-0.2
2024,thorpdr01,Drew Thorpe,CHW,0.1
2024,britojh01,Jhony Brito,SDP,0.2
2024,latzja01,Jacob Latz,TEX,0.2
2024,lynchda02,Daniel Lynch IV,KCR,0.8
2024,scherma01,Max Scherzer,TEX,0.3
2024,hernajo02,Jonathan Hernández,2TM,-0.5
2024,hernajo02,Jonathan Hernández,TEX,-0.4
2024,hernajo02,Jonathan Hernández,SEA,-0.1
2024,halldl01,DL Hall,MIL,-0.2
2024,hodgepo01,Porter Hodge,CHC,1.3
2024,booseca01,Cam Booser,BOS,0.7
2024,kahnlto01,Tommy Kahnle,NYY,0.8
2024,longsa01,Sam Long,KCR,0.6
2024,mayzati01,Tim Mayza,2TM,-1.2
2024,mayzati01,Tim Mayza,TOR,-1.2
2024,mayzati01,Tim Mayza,NYY,0.0
2024,curryxz01,Xzavion Curry,2TM,0.1
2024,curryxz01,Xzavion Curry,CLE,-0.3
2024,curryxz01,Xzavion Curry,MIA,0.5
2024,ollerad01,Adam Oller,MIA,0.2
2024,morgael01,Eli Morgan,CLE,1.1
2024,mccauda01,Darren McCaughan,2TM,-0.5
2024,mccauda01,Darren McCaughan,MIA,-0.3
2024,mccauda01,Darren McCaughan,CLE,-0.2
2024,snideco01,Collin Snider,SEA,1.0
2024,ucetaed01,Edwin Uceta,TBR,1.9
2024,weemsjo01,Jordan Weems,WSN,-1.0
2024,adamsau02,Austin Adams,OAK,0.5
2024,smithwi04,Will Smith,KCR,-0.9
2024,kellebr01,Brad Keller,2TM,-0.3
2024,kellebr01,Brad Keller,CHW,0.1
2024,kellebr01,Brad Keller,BOS,-0.4
2024,tinocje01,Jesús Tinoco,3TM,1.0
2024,tinocje01,Jesús Tinoco,2TM,1.3
2024,tinocje01,Jesús Tinoco,TEX,-0.3
2024,tinocje01,Jesús Tinoco,CHC,0.1
2024,tinocje01,Jesús Tinoco,MIA,1.1
2024,birdja01,Jake Bird,COL,0.4
2024,medinlu02,Luis Medina,OAK,0.3
2024,boydma01,Matthew Boyd,CLE,0.7
2024,sewalpa01,Paul Sewald,ARI,0.2
2024,bradiky01,Kyle Bradish,BAL,1.1
2024,swanser01,Erik Swanson,TOR,-0.3
2024,woodal02,Alex Wood,OAK,-0.2
2024,garciyi01,Yimi García,2TM,0.5
2024,garciyi01,Yimi García,TOR,0.7
2024,garciyi01,Yimi García,SEA,-0.2
2024,alexasc02,Scott Alexander,OAK,1.2
2024,cantijo01,Joey Cantillo,CLE,-0.1
2024,sauceta01,Tayler Saucedo,SEA,0.4
2024,henryto01,Tommy Henry,ARI,-0.8
2024,montera01,Rafael Montero,HOU,-0.1
2024,peralwa01,Wandy Peralta,SDP,0.4
2024,cousija01,Jake Cousins,NYY,0.7
2024,paganem01,Emilio Pagán,CIN,0.3
2024,vieirth01,Thyago Vieira,3TM,0.1
2024,vieirth01,Thyago Vieira,2TM,0.1
2024,vieirth01,Thyago Vieira,MIL,-0.2
2024,vieirth01,Thyago Vieira,BAL,0.0
2024,vieirth01,Thyago Vieira,ARI,0.2
2024,hamilia01,Ian Hamilton,NYY,0.5
2024,matthze01,Zebby Matthews,MIN,-0.6
2024,mollsa01,Sam Moll,CIN,0.8
2024,rodrima01,Manuel Rodríguez,TBR,1.1
2024,strathu01,Hunter Stratton,PIT,0.6
2024,youngda02,Danny Young,NYM,-0.2
2024,honeybr01,Brent Honeywell Jr.,2TM,0.6
2024,honeybr01,Brent Honeywell Jr.,PIT,0.1
2024,honeybr01,Brent Honeywell Jr.,LAD,0.5
2024,pocheco01,Colin Poche,TBR,0.5
2024,garrebr01,Braxton Garrett,MIA,0.1
2024,phillty01,Tyler Phillips,PHI,-0.6
2024,tatedi01,Dillon Tate,2TM,-0.1
2024,tatedi01,Dillon Tate,BAL,-0.1
2024,tatedi01,Dillon Tate,TOR,0.0
2024,blackma01,Mason Black,SFG,-0.5
2024,wroblju01,Justin Wrobleski,LAD,-0.3
2024,chargjt01,JT Chargois,2TM,0.8
2024,chargjt01,JT Chargois,MIA,0.5
2024,chargjt01,JT Chargois,SEA,0.3
2024,anderni01,Nick Anderson,KCR,0.3
2024,leiteja01,Jack Leiter,TEX,-1.7
2024,nastrni01,Nick Nastrini,CHW,-0.8
2024,sanchsi01,Sixto Sánchez,MIA,-0.6
2024,okertst01,Steven Okert,MIN,-0.2
2024,nunezde01,Dedniel Núñez,NYM,0.8
2024,woodfja01,Jake Woodford,2TM,-1.3
2024,woodfja01,Jake Woodford,CHW,-0.3
2024,woodfja01,Jake Woodford,PIT,-1.0
2024,fundeko01,Kody Funderburk,MIN,-0.6
2024,javiecr01,Cristian Javier,HOU,0.5
2024,joycebe01,Ben Joyce,LAA,1.6
2024,wilsost02,Steven Wilson,CHW,-0.6
2024,gordota01,Tanner Gordon,COL,-1.1
2024,minteaj01,A.J. Minter,ATL,1.1
2024,roycrch01,Chris Roycroft,STL,-0.1
2024,lovelri01,Richard Lovelady,2TM,0.2
2024,lovelri01,Richard Lovelady,CHC,-0.3
2024,lovelri01,Richard Lovelady,TBR,0.4
2024,ginnjt01,J.T. Ginn,OAK,0.5
2024,otanemi01,Michel Otañez,OAK,0.4
2024,burkebr01,Brock Burke,2TM,-0.2
2024,burkebr01,Brock Burke,TEX,-0.5
2024,burkebr01,Brock Burke,LAA,0.3
2024,gonzama02,Marco Gonzales,PIT,0.4
2024,mazurad01,Adam Mazur,SDP,-0.7
2024,sprinje01,Jeffrey Springs,TBR,0.8
2024,burrry01,Ryan Burr,TOR,0.0
2024,mcgousc01,Scott McGough,ARI,-1.1
2024,diekmja01,Jake Diekman,NYM,-0.8
2024,ferrejo01,Jose A. Ferrer,WSN,0.5
2024,kellyjo05,Joe Kelly,LAD,-0.4
2024,aguiaju01,Julian Aguiar,CIN,-0.1
2024,chivian01,Angel Chivilli,COL,0.3
2024,tylerky01,Kyle Tyler,MIA,0.2
2024,flemijo01,Josh Fleming,PIT,0.0
2024,kellymi03,Michael Kelly,OAK,0.8
2024,leasujo01,Jordan Leasure,CHW,-0.4
2024,lowderh01,Rhett Lowder,CIN,1.9
2024,rayro02,Robbie Ray,SFG,0.0
2024,blalobr01,Bradley Blalock,2TM,-0.2
2024,blalobr01,Bradley Blalock,MIL,0.0
2024,blalobr01,Bradley Blalock,COL,-0.2
2024,bowmama01,Matt Bowman,4TM,0.3
2024,bowmama01,Matt Bowman,3TM,0.4
2024,bowmama01,Matt Bowman,MIN,0.2
2024,bowmama01,Matt Bowman,ARI,-0.1
2024,bowmama01,Matt Bowman,SEA,-0.1
2024,bowmama01,Matt Bowman,BAL,0.2
2024,bubickr01,Kris Bubic,KCR,0.7
2024,danieda01,Davis Daniel,LAA,-0.4
2024,thompke02,Keegan Thompson,CHC,0.6
2024,chiriyo01,Yonny Chirinos,MIA,-0.2
2024,hernaca04,Carlos Hernández,KCR,0.2
2024,kershcl01,Clayton Kershaw,LAD,-0.3
2024,santito01,Tony Santillan,CIN,0.7
2024,couloda01,Danny Coulombe,BAL,1.0
2024,bielabr01,Brandon Bielak,2TM,0.1
2024,bielabr01,Brandon Bielak,HOU,0.0
2024,bielabr01,Brandon Bielak,OAK,0.1
2024,hanifbr01,Brenan Hanifee,DET,0.9
2024,soriage01,George Soriano,MIA,-0.6
2024,salazed01,Eduardo Salazar,2TM,0.5
2024,salazed01,Eduardo Salazar,LAD,0.0
2024,salazed01,Eduardo Salazar,WSN,0.5
2024,howarsp01,Spencer Howard,2TM,-0.6
2024,howarsp01,Spencer Howard,SFG,-0.2
2024,howarsp01,Spencer Howard,CLE,-0.4
2024,rasmudr01,Drew Rasmussen,TBR,0.6
2024,ashbyaa01,Aaron Ashby,MIL,0.2
2024,diazyi01,Yilber Díaz,ARI,0.3
2024,allenlo01,Logan Allen,ARI,-0.1
2024,brasiry01,Ryan Brasier,LAD,0.2
2024,gassero01,Robert Gasser,MIL,0.6
2024,bazared01,Eduard Bazardo,SEA,0.0
2024,mannima02,Matt Manning,DET,0.2
2024,sammobr01,Bryan Sammons,DET,0.4
2024,allarko01,Kolby Allard,PHI,0.2
2024,andergr01,Grant Anderson,TEX,-1.1
2024,brookaa01,Aaron Brooks,OAK,-0.2
2024,devench02,Chris Devenski,TBR,-0.8
2024,roberet01,Ethan Roberts,CHC,0.2
2024,garabge01,Gerson Garabito,TEX,-0.1
2024,jacksja01,Jay Jackson,MIN,-0.6
2024,kingbr02,Bryan King,HOU,0.6
2024,varlagu01,Gus Varland,2TM,0.3
2024,varlagu01,Gus Varland,LAD,0.0
2024,varlagu01,Gus Varland,CHW,0.3
2024,littllu01,Luke Little,CHC,0.3
2024,marteyu01,Yunior Marté,PHI,-0.7
2024,jimenda01,Dany Jiménez,OAK,-0.3
2024,crousha01,Hans Crouse,LAA,0.5
2024,francjp01,J.P. France,HOU,-0.5
2024,ortka01,Kaleb Ort,HOU,0.6
2024,cimbead01,Adam Cimber,LAA,-0.7
2024,manoaal01,Alek Manoah,TOR,-0.3
2024,poteeco01,Cody Poteet,NYY,0.8
2024,staumjo01,Josh Staumont,MIN,0.2
2024,ellarfr01,Fraser Ellard,CHW,0.3
2024,rosenke01,Kenny Rosenberg,LAA,-0.3
2024,hentgsa01,Sam Hentges,CLE,0.3
2024,speiega01,Gabe Speier,SEA,-0.5
2024,festama01,Matt Festa,2TM,-0.9
2024,festama01,Matt Festa,NYM,-0.7
2024,festama01,Matt Festa,TEX,-0.2
2024,whitemi03,Mitch White,3TM,-0.6
2024,whitemi03,Mitch White,2TM,-0.5
2024,whitemi03,Mitch White,TOR,-0.1
2024,whitemi03,Mitch White,SFG,-0.2
2024,whitemi03,Mitch White,MIL,-0.3
2024,bakerbr01,Bryan Baker,BAL,-0.1
2024,gonzavi02,Victor González,NYY,0.1
2024,marinro01,Ron Marinaccio,NYY,0.2
2024,maddety01,Ty Madden,DET,-0.1
2024,mcgremi01,Michael McGreevy,STL,0.9
2024,toussto01,Touki Toussaint,CHW,-0.3
2024,warrewi01,Will Warren,NYY,-1.2
2024,bassobr01,Brady Basso,OAK,0.3
2024,kerrra01,Ray Kerr,ATL,-0.1
2024,nanceto01,Tommy Nance,TOR,-0.1
2024,englema01,Mason Englert,DET,-0.3
2024,reidfse01,Sean Reid-Foley,NYM,0.2
2024,willide03,Devin Williams,MIL,1.4
2024,pareden01,Enoli Paredes,2TM,0.7
2024,pareden01,Enoli Paredes,MIL,0.6
2024,pareden01,Enoli Paredes,CHC,0.0
2024,rodriye01,Yerry Rodríguez,2TM,-0.8
2024,rodriye01,Yerry Rodríguez,TEX,-0.4
2024,rodriye01,Yerry Rodríguez,TOR,-0.4
2024,guentse01,Sean Guenther,DET,1.0
2024,breweco01,Colten Brewer,CHC,-0.6
2024,fittsri01,Richard Fitts,BOS,0.6
2024,gallegi01,Giovanny Gallegos,STL,-0.3
2024,germado01,Domingo Germán,PIT,-0.5
2024,meansjo01,John Means,BAL,0.8
2024,ramirem01,Emmanuel Ramírez,MIA,-0.3
2024,ramirer02,Erasmo Ramírez,TBR,-0.2
2024,ryanry01,Ryder Ryan,PIT,-0.2
2024,blewesc01,Scott Blewett,MIN,0.8
2024,davisno01,Noah Davis,COL,-0.2
2024,ryanri01,River Ryan,LAD,0.8
2024,criswje01,Jeff Criswell,COL,0.6
2024,petermi01,Michael Petersen,2TM,-0.3
2024,petermi01,Michael Petersen,LAD,-0.3
2024,petermi01,Michael Petersen,MIA,0.0
2024,henriro01,Ronny Henriquez,MIN,0.3
2024,martejo01,José Marte,LAA,0.5
2024,quijajo01,José Quijada,LAA,0.3
2024,taylotr01,Troy Taylor,SEA,0.1
2024,berropr01,Prelander Berroa,CHW,0.5
2024,burkese01,Sean Burke,CHW,0.9
2024,leonedo01,Dominic Leone,CHW,-0.7
2024,maldoan01,Anthony Maldonado,MIA,0.1
2024,boltoco01,Cody Bolton,SEA,-0.1
2024,langeal01,Alex Lange,DET,-0.6
2024,walstbl01,Blake Walston,ARI,-0.1
2024,whitlga01,Garrett Whitlock,BOS,0.8
2024,hernada03,Daysbel Hernández,ATL,0.4
2024,hornba01,Bailey Horn,BOS,-0.3
2024,penniwa01,Walter Pennington,2TM,0.2
2024,penniwa01,Walter Pennington,KCR,0.0
2024,penniwa01,Walter Pennington,TEX,0.2
2024,bushky01,Ky Bush,CHW,0.1
2024,emanuke01,Kent Emanuel,MIA,-0.3
2024,hughebr01,Brandon Hughes,ARI,-0.4
2024,lasorjo01,Joe La Sorsa,WSN,0.1
2024,smithdr01,Drew Smith,NYM,0.2
2024,zuniggu01,Guillo Zuñiga,LAA,-0.1
2024,alzolad01,Adbert Alzolay,CHC,-0.6
2024,winnco01,Cole Winn,TEX,-0.5
2024,biggehu01,Hunter Bigge,2TM,0.4
2024,biggehu01,Hunter Bigge,CHC,0.1
2024,biggehu01,Hunter Bigge,TBR,0.4
2024,thompza02,Zack Thompson,STL,-0.7
2024,zeferry01,Ryan Zeferjahn,LAA,0.5
2024,keuchda01,Dallas Keuchel,MIL,0.0
2024,cobbal01,Alex Cobb,CLE,0.2
2024,sauerma01,Matt Sauer,KCR,-0.2
2024,sborzjo01,Josh Sborz,TEX,0.0
2024,zulueyo01,Yosver Zulueta,CIN,0.1
2024,cuasjo01,José Cuas,2TM,-0.5
2024,cuasjo01,José Cuas,CHC,-0.4
2024,cuasjo01,José Cuas,TOR,-0.1
2024,andersh01,Shaun Anderson,2TM,-0.6
2024,andersh01,Shaun Anderson,TEX,0.0
2024,andersh01,Shaun Anderson,MIA,-0.6
2024,sulseco01,Cole Sulser,2TM,0.4
2024,sulseco01,Cole Sulser,NYM,-0.2
2024,sulseco01,Cole Sulser,TBR,0.7
2024,becktr01,Tristan Beck,SFG,0.5
2024,clevimi01,Mike Clevinger,CHW,-0.1
2024,almonye01,Yency Almonte,CHC,0.1
2024,cisnejo01,José Cisnero,LAA,-0.4
2024,holmagr01,Grant Holman,OAK,0.3
2024,stewabr01,Brock Stewart,MIN,-0.1
2024,youngal01,Alex Young,2TM,0.3
2024,youngal01,Alex Young,CIN,0.1
2024,youngal01,Alex Young,NYM,0.2
2024,hernael01,Elieser Hernández,2TM,-0.3
2024,hernael01,Elieser Hernández,LAD,-0.3
2024,hernael01,Elieser Hernández,MIL,0.1
2024,wellsty01,Tyler Wells,BAL,-0.2
2024,merryju01,Julian Merryweather,CHC,-0.4
2024,peralsa01,Sammy Peralta,CHW,0.1
2024,cosgrto01,Tom Cosgrove,SDP,-0.9
2024,jacobal01,Alek Jacob,SDP,0.3
2024,palenda01,Daniel Palencia,CHC,-0.2
2024,jeffeda01,Daulton Jefferies,2TM,-0.7
2024,jeffeda01,Daulton Jefferies,SFG,-0.6
2024,jeffeda01,Daulton Jefferies,PIT,-0.1
2024,uribeab01,Abner Uribe,MIL,-0.4
2024,willibr02,Brandon Williamson,CIN,0.3
2024,beedety01,Tyler Beede,CLE,-0.7
2024,garcide01,Deivi García,CHW,-0.7
2024,castrmi01,Miguel Castro,ARI,-0.1
2024,lazarma01,Max Lazar,PHI,0.1
2024,rodrijo06,Joely Rodríguez,BOS,-0.5
2024,romanjo03,Jordan Romano,TOR,-0.3
2024,vinesda01,Darius Vines,ATL,-0.5
2024,barnema01,Matt Barnes,WSN,-0.2
2024,ramirni01,Nick Ramirez,LAD,-0.2
2024,roberni01,Nick Robertson,2TM,0.1
2024,roberni01,Nick Robertson,STL,0.0
2024,roberni01,Nick Robertson,TOR,0.0
2024,venezan01,Anthony Veneziano,2TM,0.1
2024,venezan01,Anthony Veneziano,KCR,0.0
2024,venezan01,Anthony Veneziano,MIA,0.2
2024,aldegsa01,Sam Aldegheri,LAA,-0.3
2024,mercami01,Michael Mercado,PHI,-0.7
2024,millery01,Ryan Miller,LAA,0.0
2024,mahlety01,Tyler Mahle,TEX,0.0
2024,sabroer01,Erik Sabrowski,CLE,0.6
2024,halvose01,Seth Halvorsen,COL,0.7
2024,hergeji01,Jimmy Herget,ATL,0.1
2024,perallu01,Luis Peralta,COL,0.8
2024,rodrica02,Carlos Rodriguez,MIL,-0.4
2024,senzaan01,Antonio Senzatela,COL,0.0
2024,vespini01,Nick Vespi,BAL,0.2
2024,walkejo03,Josh Walker,NYM,0.0
2024,biebesh01,Shane Bieber,CLE,0.7
2024,hellebe01,Ben Heller,PIT,-0.7
2024,mcmiljo01,John McMillon,MIA,0.6
2024,plesaza01,Zach Plesac,LAA,-0.3
2024,nittovi01,Vinny Nittoli,2TM,0.4
2024,nittovi01,Vinny Nittoli,OAK,0.2
2024,nittovi01,Vinny Nittoli,BAL,0.2
2024,avilani01,Nick Avila,SFG,-0.3
2024,blossja01,Jake Bloss,HOU,-0.2
2024,rockeku01,Kumar Rocker,TEX,0.0
2024,strzepe01,Peter Strzelecki,CLE,0.2
2024,lucasea01,Easton Lucas,3TM,-0.6
2024,lucasea01,Easton Lucas,OAK,-0.2
2024,lucasea01,Easton Lucas,DET,0.0
2024,lucasea01,Easton Lucas,TOR,-0.3
2024,cuetojo01,Johnny Cueto,LAA,-0.2
2024,gillalo01,Logan Gillaspie,SDP,-0.2
2024,gomezyo01,Yoendrys Gómez,NYY,0.1
2024,hergeke01,Kevin Herget,MIL,0.3
2024,degeubr01,Brett de Geus,3TM,-0.2
2024,degeubr01,Brett de Geus,2TM,-0.2
2024,degeubr01,Brett de Geus,SEA,0.1
2024,degeubr01,Brett de Geus,MIA,-0.1
2024,degeubr01,Brett de Geus,TOR,-0.2
2024,borucry01,Ryan Borucki,PIT,-0.4
2024,feyerjo01,J.P. Feyereisen,LAD,-0.3
2024,mushipa01,Parker Mushinski,HOU,-0.3
2024,reynose01,Sean Reynolds,SDP,0.3
2024,rogerjo01,Josh Rogers,COL,-0.1
2024,tengka01,Kai-Wei Teng,SFG,-0.3
2024,adonjo01,Joan Adon,WSN,-0.1
2024,degroja01,Jacob deGrom,TEX,0.4
2024,hillja01,Jaden Hill,COL,0.0
2024,kiliaca01,Caleb Kilian,CHC,0.0
2024,nelsoky01,Kyle Nelson,ARI,0.1
2024,pintori01,Ricardo Pinto,PHI,-0.5
2024,warreau01,Austin Warren,SFG,0.3
2024,castehu01,Humberto Castellanos,ARI,-0.1
2024,danaca01,Caden Dana,LAA,-0.5
2024,lopezja04,Jacob Lopez,TBR,0.0
2024,lucchjo01,Joey Lucchesi,NYM,0.0
2024,sneadki01,Kirby Snead,SEA,0.0
2024,castidi01,Diego Castillo,MIN,0.2
2024,guerrlu01,Luis Guerrero,BOS,0.5
2024,matzety01,Tyler Matzek,ATL,-0.5
2024,newcose01,Sean Newcomb,OAK,-0.1
2024,wagueja01,Jacob Waguespack,TBR,-0.1
2024,kuhnejo01,Joel Kuhnel,2TM,0.1
2024,kuhnejo01,Joel Kuhnel,HOU,-0.1
2024,kuhnejo01,Joel Kuhnel,TBR,0.3
2024,burdini01,Nick Burdi,NYY,0.3
2024,diazjh01,Jhonathan Díaz,SEA,-0.1
2024,dobnara01,Randy Dobnak,MIN,0.0
2024,montgma01,Mason Montgomery,TBR,0.4
2024,olougja01,Jack O'Loughlin,OAK,0.1
2024,friaslu01,Luis Frías,2TM,-0.8
2024,friaslu01,Luis Frías,ARI,-0.4
2024,friaslu01,Luis Frías,TOR,-0.4
2024,bachala01,Lake Bachar,MIA,0.0
2024,legumca01,Casey Legumina,CIN,-0.3
2024,duffety01,Tyler Duffey,KCR,0.0
2024,hartlge01,Geoff Hartlieb,COL,-0.4
2024,stridsp01,Spencer Strider,ATL,-0.1
2024,windejo01,Josh Winder,MIN,0.1
2024,parsowe01,Wes Parsons,2TM,0.0
2024,parsowe01,Wes Parsons,TOR,-0.2
2024,parsowe01,Wes Parsons,CLE,0.2
2024,carasma01,Matt Carasiti,COL,-0.5
2024,espinpa01,Paolo Espino,TOR,-0.3
2024,shugach01,Chase Shugart,BOS,0.0
2024,waltean01,Andrew Walters,CLE,0.3
2024,bickfph01,Phil Bickford,NYY,-0.3
2024,caspabe01,Ben Casparius,LAD,0.2
2024,gilbety01,Tyler Gilbert,PHI,0.1
2024,grayjo03,Josiah Gray,WSN,-0.5
2024,rutleja01,Jackson Rutledge,WSN,0.2
2024,wingetr01,Trey Wingenter,2TM,-0.2
2024,wingetr01,Trey Wingenter,BOS,-0.2
2024,wingetr01,Trey Wingenter,CHC,0.1
2024,gillico01,Connor Gillispie,CLE,0.2
2024,hernani01,Nick Hernandez,HOU,-0.1
2024,junkja01,Janson Junk,2TM,-0.1
2024,junkja01,Janson Junk,MIL,-0.1
2024,junkja01,Janson Junk,OAK,0.0
2024,obrieri01,Riley O'Brien,STL,-0.4
2024,silsech01,Chase Silseth,LAA,-0.2
2024,gracego01,Gordon Graceffo,STL,0.0
2024,winanal01,Allan Winans,ATL,-0.6
2024,zastrro01,Rob Zastryzny,MIL,0.3
2024,jayty01,Tyler Jay,2TM,0.0
2024,jayty01,Tyler Jay,NYM,-0.1
2024,jayty01,Tyler Jay,MIL,0.1
2024,gratebr01,Brusdar Graterol,LAD,0.1
2024,santogr01,Gregory Santos,SEA,-0.1
2024,kleinwi01,Will Klein,2TM,-0.4
2024,kleinwi01,Will Klein,KCR,-0.1
2024,kleinwi01,Will Klein,OAK,-0.3
2024,crismna01,Nabil Crismatt,LAD,0.1
2024,davisau01,Austin Davis,SDP,-0.3
2024,kitchau01,Austin Kitchen,MIA,-0.5
2024,maciejo01,Josh Maciejewski,NYY,0.1
2024,mileywa01,Wade Miley,MIL,-0.1
2024,raleybr01,Brooks Raley,NYM,0.5
2024,waldrhu01,Hurston Waldrep,ATL,-0.6
2024,selbyco01,Colin Selby,2TM,0.2
2024,selbyco01,Colin Selby,KCR,-0.1
2024,selbyco01,Colin Selby,BAL,0.3
2024,bermujo01,Jonathan Bermúdez,MIA,-0.1
2024,campbis01,Isaiah Campbell,BOS,-1.3
2024,eiserbr01,Brandon Eisert,TOR,0.0
2024,fostema01,Matt Foster,CHW,0.3
2024,hartwgr01,Grant Hartwig,NYM,-0.1
2024,hurtky01,Kyle Hurt,LAD,0.1
2024,leibrbr01,Brandon Leibrandt,CIN,-0.2
2024,andrima01,Matt Andriese,MIA,-0.1
2024,bukaujb01,JB Bukauskas,MIL,0.2
2024,contrlu01,Luis Contreras,HOU,-0.1
2024,iriarja01,Jairo Iriarte,CHW,0.1
2024,neelyja01,Jack Neely,CHC,-0.2
2024,bruihju01,Justin Bruihl,PIT,-0.3
2024,brzykza01,Zach Brzykcy,WSN,-0.3
2024,cruzst01,Steven Cruz,KCR,0.2
2024,roberda11,Daniel Robert,TEX,0.1
2024,garream01,Amir Garrett,LAA,0.0
2024,heasljo01,Jonathan Heasley,BAL,-0.6
2024,hernajo03,Jose Hernandez,PIT,0.2
2024,kellyca01,Casey Kelly,CIN,0.0
2024,mattsis01,Isaac Mattson,PIT,0.0
2024,medervi01,Víctor Mederos,LAA,-0.3
2024,nelsoni01,Nick Nelson,PHI,0.0
2024,sengako01,Kodai Senga,NYM,0.1
2024,lylesjo01,Jordan Lyles,KCR,0.2
2024,davidtu01,Tucker Davidson,BAL,0.4
2024,adcocty01,Ty Adcock,NYM,-0.4
2024,gosean01,Anthony Gose,CLE,-0.2
2024,hernaen02,Kiké Hernández,LAD,0.0
2024,lametdi01,Dinelson Lamet,LAD,0.0
2024,pruitau01,Austin Pruitt,TEX,-0.3
2024,smithaj01,AJ Smith-Shawver,ATL,0.3
2024,villael02,Eli Villalobos,MIA,0.1
2024,bauerja01,Jake Bauers,MIL,0.0
2024,boushca01,Caleb Boushley,MIN,0.0
2024,busenal01,Alan Busenitz,CIN,-0.3
2024,duartda01,Daniel Duarte,MIN,0.1
2024,farmeky01,Kyle Farmer,MIN,0.0
2024,gutievl01,Vladimir Gutierrez,MIA,-0.1
2024,jobeja01,Jackson Jobe,DET,0.1
2024,loaisjo01,Jonathan Loáisiga,NYY,0.3
2024,marquge01,Germán Márquez,COL,-0.1
2024,mcderch01,Chayce McDermott,BAL,-0.1
2024,penroza01,Zach Penrod,BOS,0.1
2024,reyesge01,Gerardo Reyes,OAK,-0.1
2024,riverem01,Emmanuel Rivera,MIA,-0.1
2024,shawbr01,Bryan Shaw,CHW,-0.2
2024,sternju01,Justin Sterner,TBR,0.0
2024,stubbga01,Garrett Stubbs,PHI,-0.2
2024,uwasana01,Naoyuki Uwasawa,BOS,0.1
2024,willilu01,Luke Williams,ATL,0.0
2024,vanasri01,Ricky Vanasco,2TM,0.0
2024,vanasri01,Ricky Vanasco,LAD,-0.1
2024,vanasri01,Ricky Vanasco,DET,0.1
2024,altavda01,Dan Altavilla,KCR,-0.3
2024,beetecl01,Clayton Beeter,NYY,0.0
2024,hillri01,Rich Hill,BOS,0.0
2024,mailelu01,Luke Maile,CIN,-0.2
2024,buchada01,David Buchanan,CIN,0.1
2024,burromi01,Mike Burrows,PIT,0.0
2024,effrosc01,Scott Effross,NYY,0.0
2024,henried01,Edgardo Henriquez,LAD,0.1
2024,pintri01,Riley Pint,COL,-0.4
2024,ribalor01,Orlando Ribalta,WSN,-0.1
2024,stephja01,Jackson Stephens,ATL,0.1
2024,whitlfo01,Forrest Whitley,HOU,0.0
2024,zuberty01,Tyler Zuber,TBR,0.1
2024,fitzgty01,Tyler Fitzgerald,SFG,-0.1
2024,headrbr01,Brent Headrick,MIN,0.1
2024,kniznan01,Andrew Knizner,TEX,0.1
2024,mcdontr01,Trevor McDonald,SFG,0.1
2024,menacr01,Cristian Mena,ARI,-0.2
2024,smithdo02,Dominic Smith,BOS,0.1
2024,whiteow01,Owen White,TEX,-0.3
2024,brogdco01,Connor Brogdon,2TM,-0.7
2024,brogdco01,Connor Brogdon,PHI,-0.7
2024,brogdco01,Connor Brogdon,LAD,-0.1
2024,guilllu01,Luis Guillorme,2TM,-0.1
2024,guilllu01,Luis Guillorme,ATL,-0.1
2024,guilllu01,Luis Guillorme,LAA,0.1
2024,jacqujo01,Joe Jacques,2TM,-0.1
2024,jacqujo01,Joe Jacques,BOS,0.0
2024,jacqujo01,Joe Jacques,ARI,-0.1
2024,bowlajo01,Jonathan Bowlan,KCR,-0.2
2024,teherju01,Julio Teheran,NYM,-0.2
2024,tellero01,Rowdy Tellez,PIT,0.0
2024,curtijo02,John Curtiss,COL,-0.2
2024,dunshpa01,Parker Dunshee,ATL,-0.1
2024,johnsse01,Seth Johnson,PHI,-0.4
2024,loutory01,Ryan Loutos,STL,0.1
2024,topaju01,Justin Topa,MIN,0.2
2024,antonte01,Tejay Antone,CIN,0.0
2024,dodddy01,Dylan Dodd,ATL,-0.1
2024,ederja01,Jake Eder,CHW,0.0
2024,gibauia01,Ian Gibaut,CIN,0.0
2024,hedgeau01,Austin Hedges,CLE,0.1
2024,henslda01,David Hensley,MIA,0.0
2024,kineris01,Isiah Kiner-Falefa,TOR,0.0
2024,kristza01,Zac Kristofak,LAA,0.0
2024,logueza01,Zach Logue,LAD,-0.2
2024,mckinza01,Zach McKinstry,DET,-0.1
2024,milleow01,Owen Miller,MIL,-0.1
2024,rivasle01,Leo Rivas,SEA,0.0
2024,rojasjo01,Josh Rojas,SEA,0.0
2024,rortvbe01,Ben Rortvedt,TBR,0.0
2024,speasal01,Alex Speas,HOU,0.0
2024,trevijo01,Jose Trevino,NYY,-0.1
2024,vargail01,Ildemaro Vargas,WSN,0.0
2024,brujavi01,Vidal Bruján,MIA,-0.3
2024,feiglbr01,Brady Feigl,PIT,-0.2
2024,orzeer01,Eric Orze,NYM,-0.2
2024,castrwi01,Willi Castro,MIN,0.1
2024,crawfbr01,Brandon Crawford,STL,-0.1
2024,holloga01,Gavin Hollowell,CHC,0.1
2024,wallnma01,Matt Wallner,MIN,0.1
2024,wantzan01,Andrew Wantz,LAA,0.0
2024,alvared01,Eddy Alvarez,NYM,0.0
2024,barnhtu01,Tucker Barnhart,ARI,-0.1
2024,boteda01,David Bote,CHC,0.0
2024,burgora01,Raymond Burgos,SFG,-0.1
2024,churcma01,Marc Church,TEX,0.0
2024,clemeko01,Kody Clemens,PHI,0.0
2024,clemeer01,Ernie Clement,TOR,0.0
2024,colemdy01,Dylan Coleman,HOU,0.0
2024,diazmi02,Miguel Díaz,HOU,0.0
2024,gilbrlu01,Lucas Gilbreath,COL,-0.4
2024,hampsga01,Garrett Hampson,KCR,0.0
2024,heinety01,Tyler Heineman,TOR,0.0
2024,hicksaa01,Aaron Hicks,LAA,-0.1
2024,kessigr01,Grae Kessinger,HOU,0.0
2024,kloffad01,Adam Kloffenstein,STL,0.1
2024,krookma01,Matt Krook,BAL,-0.1
2024,loftini01,Nick Loftin,KCR,0.0
2024,mccanja02,James McCann,BAL,-0.1
2024,meekeja01,James Meeker,MIL,0.0
2024,mendida01,Danny Mendick,CHW,0.0
2024,misiean01,Anthony Misiewicz,NYY,0.1
2024,prattni01,Nick Pratto,KCR,0.0
2024,reyespa01,Pablo Reyes,BOS,0.0
2024,rojasmi02,Miguel Rojas,LAD,0.0
2024,saalfan01,Andrew Saalfrank,ARI,-0.3
2024,shrevch01,Chasen Shreve,COL,0.1
2024,smithpa04,Pavin Smith,ARI,0.0
2024,stefami01,Michael Stefanic,LAA,0.0
2024,tuckeco01,Cole Tucker,LAA,0.0
2024,waltodo01,Donovan Walton,SFG,0.0
2024,william01,Amos Willingham,WSN,-0.1
2024,wilsowe01,Weston Wilson,PHI,0.0
2024,yastrmi01,Mike Yastrzemski,SFG,-0.1
2024,kraveev01,Evan Kravetz,CIN,0.0
2024,mervima01,Matt Mervis,CHC,-0.2
2024,ortizlu02,Luis Ortiz,PHI,-0.1
2024,richaly01,Lyon Richardson,CIN,-0.1
2024,andrecl02,Clayton Andrews,NYY,-0.1
2024,cabreos01,Oswaldo Cabrera,NYY,0.0
2024,henlebl01,Blair Henley,HOU,-0.3
2024,justiev01,Evan Justice,COL,0.0
2024,kochma01,Matt Koch,COL,-0.5
2024,peredjh01,Jhonny Pereda,MIA,0.0
2024,sanomi01,Miguel Sanó,LAA,0.0
2024,torrelu01,Luis Torrens,NYM,0.0
2024,wisdopa01,Patrick Wisdom,CHC,0.0
2024,edwarca01,Carl Edwards Jr.,SDP,0.0
2024,suerowa01,Wander Suero,HOU,0.0
2025,webblo01,Logan Webb,SFG,4.0
2025,crochga01,Garrett Crochet,BOS,6.3
2025,sanchcr01,Cristopher Sánchez,PHI,8.0
2025,friedma01,Max Fried,NYY,4.5
2025,rodonca01,Carlos Rodón,NYY,4.6
2025,skubata01,Tarik Skubal,DET,6.5
2025,gausmke01,Kevin Gausman,TOR,3.8
2025,galleza01,Zac Gallen,ARI,1.1
2025,valdefr01,Framber Valdez,HOU,3.6
2025,skenepa01,Paul Skenes,PIT,7.7
2025,woobr01,Bryan Woo,SEA,4.2
2025,litteza01,Zack Littell,2TM,3.2
2025,litteza01,Zack Littell,TBR,2.5
2025,litteza01,Zack Littell,CIN,0.8
2025,brownhu01,Hunter Brown,HOU,6.1
2025,kellyme01,Merrill Kelly,2TM,2.8
2025,kellyme01,Merrill Kelly,ARI,2.9
2025,kellyme01,Merrill Kelly,TEX,0.0
2025,luzarje01,Jesús Luzardo,PHI,3.7
2025,bibeeta01,Tanner Bibee,CLE,1.2
2025,rayro02,Robbie Ray,SFG,2.8
2025,pivetni01,Nick Pivetta,SDP,5.2
2025,castilu02,Luis Castillo,SEA,2.2
2025,grayso01,Sonny Gray,STL,1.4
2025,irvinja01,Jake Irvin,WSN,-0.4
2025,boydma01,Matthew Boyd,CHC,2.6
2025,kikucyu01,Yusei Kikuchi,LAA,3.2
2025,peralfr01,Freddy Peralta,MIL,5.4
2025,pfaadbr01,Brandon Pfaadt,ARI,0.6
2025,kellemi03,Mitch Keller,PIT,1.4
2025,alcansa01,Sandy Alcantara,MIA,0.2
2025,yamamyo01,Yoshinobu Yamamoto,LAD,4.9
2025,degroja01,Jacob deGrom,TEX,3.0
2025,wachami01,Michael Wacha,KCR,2.8
2025,kremede01,Dean Kremer,BAL,2.3
2025,ryanjo04,Joe Ryan,MIN,4.6
2025,sprinje01,Jeffrey Springs,ATH,1.8
2025,bassich01,Chris Bassitt,TOR,2.1
2025,singebr01,Brady Singer,CIN,3.1
2025,soriajo02,José Soriano,LAA,2.3
2025,peterda01,David Peterson,NYM,1.4
2025,ceasedy01,Dylan Cease,SDP,1.1
2025,pepiory01,Ryan Pepiot,TBR,2.0
2025,williga01,Gavin Williams,CLE,3.8
2025,bellobr01,Brayan Bello,BOS,2.3
2025,abbotan01,Andrew Abbott,CIN,5.5
2025,bazsh01,Shane Baz,TBR,0.5
2025,berrijo01,José Berríos,TOR,1.3
2025,holmecl01,Clay Holmes,NYM,2.0
2025,martini01,Nick Martinez,CIN,2.2
2025,hendrky01,Kyle Hendricks,LAA,1.7
2025,parkemi01,Mitchell Parker,WSN,-1.2
2025,freelky01,Kyle Freeland,COL,1.4
2025,pallaan01,Andre Pallante,STL,-1.1
2025,severlu01,Luis Severino,ATH,0.9
2025,warrewi01,Will Warren,NYY,0.5
2025,flaheja01,Jack Flaherty,DET,0.9
2025,gorema01,MacKenzie Gore,WSN,3.0
2025,reaco01,Colin Rea,CHC,0.6
2025,paddach01,Chris Paddack,2TM,0.3
2025,paddach01,Chris Paddack,MIN,0.9
2025,paddach01,Chris Paddack,DET,-0.6
2025,priesqu01,Quinn Priester,MIL,2.9
2025,suarera01,Ranger Suárez,PHI,4.8
2025,suganto01,Tomoyuki Sugano,BAL,1.2
2025,allenlo02,Logan Allen,CLE,0.4
2025,lodolni01,Nick Lodolo,CIN,4.7
2025,elderbr01,Bryce Elder,ATL,-0.4
2025,mikolmi01,Miles Mikolas,STL,0.4
2025,corbipa01,Patrick Corbin,TEX,-0.3
2025,rodried05,Eduardo Rodríguez,ARI,0.4
2025,nelsory01,Ryne Nelson,ARI,3.4
2025,verlaju01,Justin Verlander,SFG,1.2
2025,leiteja01,Jack Leiter,TEX,0.4
2025,liberma01,Matthew Liberatore,STL,1.0
2025,rasmudr01,Drew Rasmussen,TBR,4.4
2025,wheelza01,Zack Wheeler,PHI,5.0
2025,mizeca01,Casey Mize,DET,1.7
2025,oberba01,Bailey Ober,MIN,1.0
2025,smithsh02,Shane Smith,CHW,2.3
2025,lugose01,Seth Lugo,KCR,1.6
2025,giolilu01,Lucas Giolito,BOS,2.1
2025,imanash01,Shota Imanaga,CHC,1.5
2025,martida03,Davis Martin,CHW,1.5
2025,bradlta01,Taj Bradley,2TM,-0.6
2025,bradlta01,Taj Bradley,TBR,-0.3
2025,bradlta01,Taj Bradley,MIN,-0.3
2025,mortoch02,Charlie Morton,3TM,-0.8
2025,mortoch02,Charlie Morton,2TM,-0.8
2025,mortoch02,Charlie Morton,BAL,-0.1
2025,mortoch02,Charlie Morton,DET,-0.7
2025,mortoch02,Charlie Morton,ATL,0.1
2025,lorenmi01,Michael Lorenzen,KCR,0.5
2025,feddeer01,Erick Fedde,3TM,-0.6
2025,feddeer01,Erick Fedde,STL,-0.1
2025,feddeer01,Erick Fedde,ATL,-0.6
2025,feddeer01,Erick Fedde,MIL,0.1
2025,camerno01,Noah Cameron,KCR,3.8
2025,cabreed02,Edward Cabrera,MIA,2.8
2025,anderty01,Tyler Anderson,LAA,1.9
2025,searsjp01,JP Sears,2TM,0.7
2025,searsjp01,JP Sears,ATH,0.8
2025,searsjp01,JP Sears,SDP,-0.1
2025,burkese01,Sean Burke,CHW,0.9
2025,vasqura02,Randy Vásquez,SDP,2.3
2025,maydu01,Dustin May,2TM,-0.7
2025,maydu01,Dustin May,LAD,-0.4
2025,maydu01,Dustin May,BOS,-0.3
2025,ceccosl01,Slade Cecconi,CLE,0.9
2025,quintjo01,Jose Quintana,MIL,1.3
2025,gilbelo01,Logan Gilbert,SEA,2.0
2025,lordbr02,Brad Lord,WSN,1.5
2025,eovalna01,Nathan Eovaldi,TEX,4.4
2025,senzaan01,Antonio Senzatela,COL,-0.5
2025,taillja01,Jameson Taillon,CHC,1.3
2025,marquge01,Germán Márquez,COL,-1.1
2025,kirbyge01,George Kirby,SEA,0.7
2025,buehlwa01,Walker Buehler,2TM,0.0
2025,buehlwa01,Walker Buehler,BOS,-0.8
2025,buehlwa01,Walker Buehler,PHI,0.9
2025,salech01,Chris Sale,ATL,4.0
2025,stridsp01,Spencer Strider,ATL,1.0
2025,falteba01,Bailey Falter,2TM,0.8
2025,falteba01,Bailey Falter,PIT,1.5
2025,falteba01,Bailey Falter,KCR,-0.7
2025,housead01,Adrian Houser,2TM,3.1
2025,housead01,Adrian Houser,CHW,2.9
2025,housead01,Adrian Houser,TBR,0.2
2025,walketa01,Taijuan Walker,PHI,1.5
2025,heanean01,Andrew Heaney,2TM,-0.3
2025,heanean01,Andrew Heaney,PIT,-0.1
2025,heanean01,Andrew Heaney,LAD,-0.2
2025,patrich01,Chad Patrick,MIL,1.9
2025,hortoca01,Cade Horton,CHC,2.1
2025,quantca01,Cal Quantrill,2TM,-0.6
2025,quantca01,Cal Quantrill,MIA,-0.1
2025,quantca01,Cal Quantrill,ATL,-0.5
2025,bubickr01,Kris Bubic,KCR,3.2
2025,holmegr01,Grant Holmes,ATL,1.5
2025,sengako01,Kodai Senga,NYM,2.1
2025,kershcl01,Clayton Kershaw,LAD,1.6
2025,kolekst01,Stephen Kolek,2TM,2.0
2025,kolekst01,Stephen Kolek,SDP,0.9
2025,kolekst01,Stephen Kolek,KCR,1.2
2025,povicca01,Cade Povich,BAL,-0.5
2025,woodssi01,Simeon Woods Richardson,MIN,2.2
2025,kochaja01,Jack Kochanowicz,LAA,-1.5
2025,schwesp01,Spencer Schwellenbach,ATL,2.2
2025,junkja01,Janson Junk,MIA,1.1
2025,rogertr01,Trevor Rogers,BAL,5.4
2025,greenhu01,Hunter Greene,CIN,4.3
2025,rouppla01,Landen Roupp,SFG,0.8
2025,brownbe02,Ben Brown,CHC,-1.6
2025,lauerer01,Eric Lauer,TOR,2.2
2025,cannojo02,Jonathan Cannon,CHW,-0.5
2025,civalaa01,Aaron Civale,3TM,0.1
2025,civalaa01,Aaron Civale,2TM,0.4
2025,civalaa01,Aaron Civale,MIL,0.1
2025,civalaa01,Aaron Civale,CHW,-0.2
2025,civalaa01,Aaron Civale,CHC,0.3
2025,gustory01,Ryan Gusto,2TM,-0.4
2025,gustory01,Ryan Gusto,HOU,0.2
2025,gustory01,Ryan Gusto,MIA,-0.6
2025,vasilmi01,Mike Vasil,CHW,2.9
2025,mlodzca01,Carmen Mlodzinski,PIT,1.3
2025,dollach01,Chase Dollander,COL,-0.3
2025,wentzjo01,Joey Wentz,3TM,-0.4
2025,wentzjo01,Joey Wentz,2TM,0.1
2025,wentzjo01,Joey Wentz,PIT,0.3
2025,wentzjo01,Joey Wentz,MIN,-0.4
2025,wentzjo01,Joey Wentz,ATL,-0.2
2025,alexaty01,Tyler Alexander,2TM,-0.4
2025,alexaty01,Tyler Alexander,MIL,-1.1
2025,alexaty01,Tyler Alexander,CHW,0.7
2025,burromi01,Mike Burrows,PIT,1.4
2025,mcgremi01,Michael McGreevy,STL,0.7
2025,cantijo01,Joey Cantillo,CLE,1.4
2025,perezeu02,Eury Pérez,MIA,1.2
2025,nolaaa01,Aaron Nola,PHI,-0.4
2025,lopezja04,Jacob Lopez,ATH,1.1
2025,newcose01,Sean Newcomb,2TM,1.6
2025,newcose01,Sean Newcomb,BOS,-0.1
2025,newcose01,Sean Newcomb,ATH,1.7
2025,monteke01,Keider Montero,DET,0.6
2025,ginnjt01,J.T. Ginn,ATH,0.5
2025,glasnty01,Tyler Glasnow,LAD,1.9
2025,millebr04,Bryce Miller,SEA,-0.8
2025,hancoem01,Emerson Hancock,SEA,-0.2
2025,sorokmi01,Michael Soroka,2TM,0.6
2025,sorokmi01,Michael Soroka,WSN,0.7
2025,sorokmi01,Michael Soroka,CHC,-0.1
2025,ortizlu03,Luis Ortiz,CLE,0.7
2025,leahyky01,Kyle Leahy,STL,1.6
2025,mahlety01,Tyler Mahle,TEX,2.2
2025,gordoco01,Colton Gordon,HOU,-0.3
2025,latzja01,Jacob Latz,TEX,1.4
2025,scherma01,Max Scherzer,TOR,0.3
2025,spencmi01,Mitch Spence,ATH,-0.6
2025,hergeji01,Jimmy Herget,COL,3.0
2025,willitr01,Trevor Williams,WSN,-0.6
2025,bellova01,Valente Bellozo,MIA,0.3
2025,evanslo01,Logan Evans,SEA,-0.1
2025,bivensp01,Spencer Bivens,SFG,0.2
2025,bidoos01,Osvaldo Bido,ATH,-0.7
2025,matthze01,Zebby Matthews,MIN,0.2
2025,bazared01,Eduard Bazardo,SEA,1.8
2025,holtoty01,Tyler Holton,DET,0.7
2025,schmicl01,Clarke Schmidt,NYY,1.7
2025,caspabe01,Ben Casparius,LAD,-0.3
2025,phillty01,Tyler Phillips,MIA,1.8
2025,alexaja01,Jason Alexander,2TM,0.6
2025,alexaja01,Jason Alexander,ATH,-0.6
2025,alexaja01,Jason Alexander,HOU,1.2
2025,rogerty01,Tyler Rogers,2TM,2.4
2025,rogerty01,Tyler Rogers,SFG,1.7
2025,rogerty01,Tyler Rogers,NYM,0.6
2025,vargaca01,Carlos Vargas,SEA,-0.1
2025,matzst01,Steven Matz,2TM,1.0
2025,matzst01,Steven Matz,STL,0.5
2025,matzst01,Steven Matz,BOS,0.5
2025,cannigr01,Griffin Canning,NYM,1.1
2025,dreyeja01,Jack Dreyer,LAD,1.3
2025,ferrejo01,Jose A. Ferrer,WSN,0.1
2025,bergery01,Ryan Bergert,2TM,1.4
2025,bergery01,Ryan Bergert,SDP,1.2
2025,bergery01,Ryan Bergert,KCR,0.2
2025,ucetaed01,Edwin Uceta,TBR,0.7
2025,lopezpa01,Pablo López,MIN,2.1
2025,gordota01,Tanner Gordon,COL,-0.1
2025,uribeab01,Abner Uribe,MIL,2.7
2025,armstsh01,Shawn Armstrong,TEX,1.5
2025,morejad01,Adrián Morejón,SDP,2.4
2025,santito01,Tony Santillan,CIN,3.0
2025,smithca06,Cade Smith,CLE,0.9
2025,kingmi01,Michael King,SDP,1.2
2025,rutleja01,Jackson Rutledge,WSN,-0.5
2025,sheehem01,Emmet Sheehan,LAD,1.1
2025,estraje01,Jeremiah Estrada,SDP,1.2
2025,henriro01,Ronny Henriquez,MIA,2.3
2025,rodriya01,Yariel Rodríguez,TOR,1.4
2025,schlica01,Cam Schlittler,NYY,2.0
2025,varlalo01,Louis Varland,2TM,1.7
2025,varlalo01,Louis Varland,MIN,1.8
2025,varlalo01,Louis Varland,TOR,0.0
2025,kinlety01,Tyler Kinley,2TM,1.4
2025,kinlety01,Tyler Kinley,COL,0.1
2025,kinlety01,Tyler Kinley,ATL,1.3
2025,darviyu01,Yu Darvish,SDP,-0.1
2025,sandsco01,Cole Sands,MIN,0.4
2025,whitlga01,Garrett Whitlock,BOS,2.3
2025,okertst01,Steven Okert,HOU,1.5
2025,peralwa01,Wandy Peralta,SDP,1.0
2025,eflinza01,Zach Eflin,BAL,-0.3
2025,abreubr01,Bryan Abreu,HOU,2.6
2025,bachala01,Lake Bachar,MIA,0.7
2025,milneho01,Hoby Milner,TEX,-0.6
2025,santade01,Dennis Santana,PIT,2.6
2025,duranjh01,Jhoan Duran,2TM,3.2
2025,duranjh01,Jhoan Duran,MIN,2.3
2025,duranjh01,Jhoan Duran,PHI,0.9
2025,andergr01,Grant Anderson,MIL,0.2
2025,ashcrbr01,Braxton Ashcraft,PIT,1.9
2025,eiserbr01,Brandon Eisert,CHW,0.4
2025,kellebr01,Brad Keller,CHC,1.5
2025,suarero01,Robert Suarez,SDP,2.2
2025,olsonre01,Reese Olson,DET,1.7
2025,paganem01,Emilio Pagán,CIN,2.0
2025,vestwi01,Will Vest,DET,1.7
2025,bakerbr01,Bryan Baker,2TM,0.4
2025,bakerbr01,Bryan Baker,BAL,0.5
2025,bakerbr01,Bryan Baker,TBR,-0.1
2025,barlosc01,Scott Barlow,CIN,0.7
2025,leedy01,Dylan Lee,ATL,1.0
2025,littlbr02,Brendon Little,TOR,1.1
2025,megilty01,Tylor Megill,NYM,0.3
2025,hoffmje02,Jeff Hoffman,TOR,0.5
2025,kingbr02,Bryan King,HOU,1.7
2025,lynchda02,Daniel Lynch IV,KCR,1.3
2025,suterbr01,Brent Suter,CIN,0.3
2025,banksta01,Tanner Banks,PHI,1.6
2025,iglesra01,Raisel Iglesias,ATL,1.3
2025,hicksjo03,Jordan Hicks,2TM,-1.7
2025,hicksjo03,Jordan Hicks,SFG,-0.7
2025,hicksjo03,Jordan Hicks,BOS,-1.1
2025,hillti01,Tim Hill,NYY,1.1
2025,weissgr01,Greg Weissert,BOS,1.1
2025,buttojo01,José Buttó,2TM,0.5
2025,buttojo01,José Buttó,NYM,0.4
2025,buttojo01,José Buttó,SFG,0.0
2025,ashbyaa01,Aaron Ashby,MIL,1.9
2025,gaddihu01,Hunter Gaddis,CLE,1.2
2025,junisja01,Jakob Junis,CLE,0.9
2025,wroblju01,Justin Wrobleski,LAD,-0.1
2025,diazed04,Edwin Díaz,NYM,3.0
2025,estevca01,Carlos Estévez,KCR,2.1
2025,koenija01,Jared Koenig,MIL,1.6
2025,misioja01,Jacob Misiorowski,MIL,0.5
2025,webbja01,Jacob Webb,TEX,0.3
2025,jaxgr01,Griffin Jax,2TM,0.5
2025,jaxgr01,Griffin Jax,MIN,0.2
2025,jaxgr01,Griffin Jax,TBR,0.3
2025,delosen01,Enyel De Los Santos,2TM,0.1
2025,delosen01,Enyel De Los Santos,ATL,-0.2
2025,delosen01,Enyel De Los Santos,HOU,0.4
2025,birdsha01,Hayden Birdsong,SFG,-0.5
2025,adamja01,Jason Adam,SDP,2.3
2025,ashcrgr01,Graham Ashcraft,CIN,0.2
2025,dovalca01,Camilo Doval,2TM,0.3
2025,dovalca01,Camilo Doval,SFG,0.7
2025,dovalca01,Camilo Doval,NYY,-0.3
2025,ferguca01,Caleb Ferguson,2TM,0.9
2025,ferguca01,Caleb Ferguson,PIT,0.7
2025,ferguca01,Caleb Ferguson,SEA,0.2
2025,allarko01,Kolby Allard,CLE,1.3
2025,bandaan01,Anthony Banda,LAD,0.9
2025,sternju01,Justin Sterner,ATH,1.5
2025,harriho03,Hogan Harris,ATH,1.2
2025,meyerma01,Max Meyer,MIA,0.0
2025,weavelu01,Luke Weaver,NYY,0.7
2025,woodrbr01,Brandon Woodruff,MIL,1.2
2025,zerpaan01,Angel Zerpa,KCR,0.3
2025,burneco01,Corbin Burnes,ARI,1.9
2025,leasujo01,Jordan Leasure,CHW,0.7
2025,rockeku01,Kumar Rocker,TEX,-1.0
2025,francbo01,Bowden Francis,TOR,-0.8
2025,garciro04,Robert Garcia,TEX,0.5
2025,schrejo01,John Schreiber,KCR,0.4
2025,yarbrry01,Ryan Yarbrough,NYY,0.6
2025,detmere01,Reid Detmers,LAA,1.3
2025,akinke01,Keegan Akin,BAL,1.0
2025,matsuyu01,Yuki Matsui,SDP,0.6
2025,brazohu01,Huascar Brazobán,NYM,0.6
2025,hurtebr01,Brant Hurter,DET,0.7
2025,kahnlto01,Tommy Kahnle,DET,-0.2
2025,dominse01,Seranthony Domínguez,2TM,0.5
2025,dominse01,Seranthony Domínguez,BAL,0.5
2025,dominse01,Seranthony Domínguez,TOR,0.0
2025,gomezyo01,Yoendrys Gómez,3TM,0.0
2025,gomezyo01,Yoendrys Gómez,2TM,0.3
2025,gomezyo01,Yoendrys Gómez,NYY,0.2
2025,gomezyo01,Yoendrys Gómez,LAD,-0.2
2025,gomezyo01,Yoendrys Gómez,CHW,0.1
2025,bednada01,David Bednar,2TM,2.2
2025,bednada01,David Bednar,PIT,1.3
2025,bednada01,David Bednar,NYY,0.9
2025,munozan01,Andrés Muñoz,SEA,2.4
2025,strahma01,Matt Strahm,PHI,1.9
2025,speiega01,Gabe Speier,SEA,1.4
2025,willide03,Devin Williams,NYY,-0.3
2025,burkebr01,Brock Burke,LAA,1.5
2025,raganco01,Cole Ragans,KCR,0.2
2025,millema03,Mason Miller,2TM,2.2
2025,millema03,Mason Miller,ATH,0.8
2025,millema03,Mason Miller,SDP,1.4
2025,chapmar01,Aroldis Chapman,BOS,3.6
2025,cleavga01,Garrett Cleavinger,TBR,1.9
2025,erceglu01,Lucas Erceg,KCR,1.5
2025,mejiaju01,Juan Mejia,COL,0.6
2025,snellbl01,Blake Snell,LAD,1.4
2025,walkery01,Ryan Walker,SFG,0.1
2025,matonph01,Phil Maton,2TM,1.4
2025,matonph01,Phil Maton,STL,1.1
2025,matonph01,Phil Maton,TEX,0.2
2025,dobbihu01,Hunter Dobbins,BOS,0.5
2025,romerjo01,JoJo Romero,STL,1.7
2025,manaese01,Sean Manaea,NYM,-0.3
2025,fairbpe01,Pete Fairbanks,TBR,1.2
2025,fauchca01,Calvin Faucher,MIA,0.8
2025,svansma01,Matt Svanson,STL,1.7
2025,sotogr01,Gregory Soto,2TM,-0.1
2025,sotogr01,Gregory Soto,BAL,0.3
2025,sotogr01,Gregory Soto,NYM,-0.4
2025,montera01,Rafael Montero,3TM,-0.1
2025,montera01,Rafael Montero,2TM,0.3
2025,montera01,Rafael Montero,HOU,0.0
2025,montera01,Rafael Montero,ATL,-0.4
2025,montera01,Rafael Montero,DET,0.2
2025,hanifbr01,Brenan Hanifee,DET,0.0
2025,kerkeor01,Orion Kerkering,PHI,0.9
2025,topaju01,Justin Topa,MIN,0.4
2025,vesiaal01,Alex Vesia,LAD,1.1
2025,janseke01,Kenley Jansen,LAA,2.4
2025,johnspi01,Pierce Johnson,ATL,1.1
2025,blalobr01,Bradley Blalock,COL,-1.6
2025,chivian01,Angel Chivilli,COL,-0.7
2025,canoye01,Yennier Cano,BAL,-0.4
2025,ferguty01,Tyler Ferguson,ATH,0.2
2025,thielca01,Caleb Thielbar,CHC,1.1
2025,gombeau01,Austin Gomber,COL,-0.7
2025,youngbr01,Brandon Young,BAL,-0.6
2025,beeksja02,Jalen Beeks,ARI,0.9
2025,gillu01,Luis Gil,NYY,1.0
2025,scottta01,Tanner Scott,LAD,-0.6
2025,seymoia01,Ian Seymour,TBR,-0.1
2025,zeferry01,Ryan Zeferjahn,LAA,0.6
2025,finneky01,Kyle Finnegan,2TM,1.1
2025,finneky01,Kyle Finnegan,WSN,0.3
2025,finneky01,Kyle Finnegan,DET,0.8
2025,becktr01,Tristan Beck,SFG,0.1
2025,mearsni01,Nick Mears,MIL,0.5
2025,waldrhu01,Hurston Waldrep,ATL,1.4
2025,perezma02,Martín Pérez,CHW,1.3
2025,stanery01,Ryne Stanek,NYM,-1.0
2025,helslry01,Ryan Helsley,2TM,0.1
2025,helslry01,Ryan Helsley,STL,1.1
2025,helslry01,Ryan Helsley,NYM,-0.9
2025,clarkta01,Taylor Clarke,KCR,1.0
2025,garrere01,Reed Garrett,NYM,0.4
2025,mcculla02,Lance McCullers Jr.,HOU,-1.1
2025,wilsost02,Steven Wilson,CHW,1.2
2025,birdja01,Jake Bird,2TM,0.0
2025,birdja01,Jake Bird,COL,0.5
2025,birdja01,Jake Bird,NYY,-0.5
2025,garcilu03,Luis García,3TM,0.8
2025,garcilu03,Luis García,2TM,0.2
2025,garcilu03,Luis García,LAD,-0.2
2025,garcilu03,Luis García,WSN,0.4
2025,garcilu03,Luis García,LAA,0.6
2025,urenajo01,José Ureña,5TM,0.5
2025,urenajo01,José Ureña,3TM,0.5
2025,urenajo01,José Ureña,2TM,-0.1
2025,urenajo01,José Ureña,NYM,-0.1
2025,urenajo01,José Ureña,TOR,0.1
2025,urenajo01,José Ureña,LAD,0.1
2025,urenajo01,José Ureña,MIN,0.2
2025,urenajo01,José Ureña,LAA,0.2
2025,alcaljo01,Jorge Alcala,3TM,-1.1
2025,alcaljo01,Jorge Alcala,2TM,-1.0
2025,alcaljo01,Jorge Alcala,MIN,-0.8
2025,alcaljo01,Jorge Alcala,BOS,-0.2
2025,alcaljo01,Jorge Alcala,STL,0.0
2025,festama01,Matt Festa,CLE,-0.2
2025,gibsoca01,Cade Gibson,MIA,1.4
2025,bummeaa01,Aaron Bummer,ATL,0.1
2025,waltebr01,Brandon Walter,HOU,1.3
2025,festada01,David Festa,MIN,0.2
2025,kittran01,Andrew Kittredge,2TM,0.6
2025,kittran01,Andrew Kittredge,BAL,0.5
2025,kittran01,Andrew Kittredge,CHC,0.1
2025,fluhama01,Mason Fluharty,TOR,0.1
2025,haderjo01,Josh Hader,HOU,2.3
2025,henryco01,Cole Henry,WSN,0.3
2025,palenda01,Daniel Palencia,CHC,0.6
2025,boylejo01,Joe Boyle,TBR,-0.2
2025,bernabr01,Brennan Bernardino,BOS,0.3
2025,gilbety01,Tyler Gilbert,CHW,0.5
2025,rossjo01,Joe Ross,PHI,0.0
2025,jackslu01,Luke Jackson,3TM,-0.5
2025,jackslu01,Luke Jackson,TEX,-0.6
2025,jackslu01,Luke Jackson,DET,-0.1
2025,jackslu01,Luke Jackson,SEA,0.1
2025,myersto01,Tobias Myers,MIL,0.6
2025,rodrira02,Randy Rodríguez,SFG,1.9
2025,sousabe01,Bennett Sousa,HOU,1.4
2025,vodnivi01,Victor Vodnik,COL,1.8
2025,rogerta01,Taylor Rogers,2TM,0.3
2025,rogerta01,Taylor Rogers,CIN,0.5
2025,rogerta01,Taylor Rogers,CHC,-0.2
2025,bendean01,Anthony Bender,MIA,1.9
2025,fishebr02,Braydon Fisher,TOR,1.4
2025,legumca01,Casey Legumina,SEA,-0.9
2025,pomerdr01,Drew Pomeranz,CHC,0.9
2025,jobeja01,Jackson Jobe,DET,0.4
2025,cavalca01,Cade Cavalli,WSN,0.3
2025,morallu01,Luis Morales,ATH,1.2
2025,blancro01,Ronel Blanco,HOU,0.7
2025,kingjo01,John King,STL,-0.3
2025,leitema02,Mark Leiter Jr.,NYY,-0.6
2025,wilsoju10,Justin Wilson,BOS,0.3
2025,cruzfe01,Fernando Cruz,NYY,0.3
2025,mcleano01,Nolan McLean,NYM,1.8
2025,obrieri01,Riley O'Brien,STL,1.6
2025,mattsis01,Isaac Mattson,PIT,1.5
2025,trivilo01,Lou Trivino,3TM,0.2
2025,trivilo01,Lou Trivino,SFG,-0.1
2025,trivilo01,Lou Trivino,LAD,0.0
2025,trivilo01,Lou Trivino,PHI,0.3
2025,brashma01,Matt Brash,SEA,1.0
2025,claseem01,Emmanuel Clase,CLE,0.7
2025,morgada01,David Morgan,SDP,1.2
2025,wilsobr02,Bryse Wilson,CHW,-0.7
2025,brogdco01,Connor Brogdon,LAA,-0.2
2025,megiltr01,Trevor Megill,MIL,1.5
2025,ohtansh01,Shohei Ohtani,LAD,1.1
2025,ennsdi01,Dietrich Enns,2TM,0.5
2025,ennsdi01,Dietrich Enns,DET,-0.2
2025,ennsdi01,Dietrich Enns,BAL,0.6
2025,montgma01,Mason Montgomery,TBR,-0.9
2025,ortka01,Kaleb Ort,HOU,-0.1
2025,millesh01,Shelby Miller,2TM,1.4
2025,millesh01,Shelby Miller,ARI,1.5
2025,millesh01,Shelby Miller,MIL,-0.1
2025,cruzst01,Steven Cruz,KCR,0.4
2025,meltotr01,Troy Melton,DET,1.0
2025,carraca01,Carlos Carrasco,2TM,-0.8
2025,carraca01,Carlos Carrasco,NYY,-0.2
2025,carraca01,Carlos Carrasco,ATL,-0.6
2025,fittsri01,Richard Fitts,BOS,-0.3
2025,shugach01,Chase Shugart,PIT,0.7
2025,englema01,Mason Englert,TBR,0.2
2025,livelbe01,Ben Lively,CLE,0.9
2025,bowlajo01,Jonathan Bowlan,KCR,0.2
2025,smithaj01,AJ Smith-Shawver,ATL,0.4
2025,blewesc01,Scott Blewett,3TM,-0.2
2025,blewesc01,Scott Blewett,2TM,-0.2
2025,blewesc01,Scott Blewett,MIN,0.1
2025,blewesc01,Scott Blewett,BAL,-0.3
2025,blewesc01,Scott Blewett,ATL,0.0
2025,flexech01,Chris Flexen,CHC,0.4
2025,greench03,Chad Green,TOR,-0.5
2025,houckta01,Tanner Houck,BOS,-1.4
2025,boushca01,Caleb Boushley,TEX,-1.0
2025,burnsch01,Chase Burns,CIN,0.2
2025,hernaca04,Carlos Hernández,3TM,-0.4
2025,hernaca04,Carlos Hernández,2TM,-0.4
2025,hernaca04,Carlos Hernández,PHI,0.0
2025,hernaca04,Carlos Hernández,DET,-0.4
2025,hernaca04,Carlos Hernández,CLE,0.0
2025,gracego01,Gordon Graceffo,STL,-0.8
2025,hartky01,Kyle Hart,SDP,-0.4
2025,couloda01,Danny Coulombe,2TM,1.4
2025,couloda01,Danny Coulombe,MIN,1.6
2025,couloda01,Danny Coulombe,TEX,-0.2
2025,herriti01,Tim Herrin,CLE,-0.2
2025,romanjo03,Jordan Romano,PHI,-1.7
2025,cabrege01,Génesis Cabrera,4TM,-0.8
2025,cabrege01,Génesis Cabrera,3TM,-0.3
2025,cabrege01,Génesis Cabrera,NYM,0.1
2025,cabrege01,Génesis Cabrera,CHC,-0.4
2025,cabrege01,Génesis Cabrera,PIT,0.0
2025,cabrege01,Génesis Cabrera,MIN,-0.5
2025,alvarel01,Elvis Alvarado,ATH,0.7
2025,knackla01,Landon Knack,LAD,-0.1
2025,martich02,Chris Martin,TEX,-0.1
2025,rolisry01,Ryan Rolison,COL,-0.3
2025,thorntr01,Trent Thornton,SEA,-0.1
2025,orzeer01,Eric Orze,TBR,0.6
2025,winnco01,Cole Winn,TEX,1.1
2025,lazarma01,Max Lazar,PHI,0.3
2025,pressry01,Ryan Pressly,CHC,-0.6
2025,thompry02,Ryan Thompson,ARI,0.3
2025,yateski01,Kirby Yates,LAD,-0.5
2025,fundeko01,Kody Funderburk,MIN,0.8
2025,biebesh01,Shane Bieber,TOR,0.8
2025,longsa01,Sam Long,KCR,-0.7
2025,oviedjo01,Johan Oviedo,PIT,0.8
2025,hamilia01,Ian Hamilton,NYY,0.2
2025,halvose01,Seth Halvorsen,COL,0.2
2025,kellyke02,Kevin Kelly,TBR,-0.9
2025,kellymi03,Michael Kelly,ATH,0.7
2025,messipa01,Parker Messick,CLE,1.2
2025,stromma01,Marcus Stroman,NYY,-0.4
2025,abelmi01,Mick Abel,2TM,-0.2
2025,abelmi01,Mick Abel,PHI,0.3
2025,abelmi01,Mick Abel,MIN,-0.4
2025,blackpa01,Paul Blackburn,2TM,-0.5
2025,blackpa01,Paul Blackburn,NYM,-0.4
2025,blackpa01,Paul Blackburn,NYY,-0.1
2025,desclan01,Anthony DeSclafani,ARI,-0.1
2025,halldl01,DL Hall,MIL,0.6
2025,montafr02,Frankie Montas,NYM,-0.6
2025,ogasash01,Shinnosuke Ogasawara,WSN,-0.5
2025,perkija01,Jack Perkins,ATH,0.5
2025,lucchjo01,Joey Lucchesi,SFG,0.4
2025,weathry01,Ryan Weathers,MIA,0.5
2025,nicolky01,Kyle Nicolas,PIT,0.0
2025,richaly01,Lyon Richardson,CIN,-0.2
2025,stewabr01,Brock Stewart,2TM,1.3
2025,stewabr01,Brock Stewart,MIN,1.4
2025,stewabr01,Brock Stewart,LAD,0.0
2025,leech02,Chase Lee,DET,0.2
2025,assadja01,Javier Assad,CHC,0.4
2025,hernada03,Daysbel Hernández,ATL,0.4
2025,javiecr01,Cristian Javier,HOU,0.1
2025,kranima01,Max Kranick,NYM,0.5
2025,curtijo02,John Curtiss,ARI,0.4
2025,soriage01,George Soriano,MIA,-1.1
2025,taylogr02,Grant Taylor,CHW,0.0
2025,sasakro01,Roki Sasaki,LAD,0.2
2025,woodfja01,Jake Woodford,ARI,-0.8
2025,gonsoto01,Tony Gonsolin,LAD,0.0
2025,seymoca01,Carson Seymour,SFG,-0.2
2025,delosye01,Yerry de los Santos,NYY,0.3
2025,harriky01,Kyle Harrison,2TM,0.5
2025,harriky01,Kyle Harrison,SFG,0.2
2025,harriky01,Kyle Harrison,BOS,0.3
2025,arrigsp01,Spencer Arrighetti,HOU,0.1
2025,kellyza01,Zack Kelly,BOS,-0.2
2025,dodddy01,Dylan Dodd,ATL,0.3
2025,borucry01,Ryan Borucki,2TM,0.0
2025,borucry01,Ryan Borucki,PIT,-0.3
2025,borucry01,Ryan Borucki,TOR,0.2
2025,bautife01,Félix Bautista,BAL,1.1
2025,molinan01,Anthony Molina,COL,-0.3
2025,murphch01,Chris Murphy,BOS,0.5
2025,fermijo02,José Fermin,LAA,-0.1
2025,morilju02,Juan Morillo,ARI,0.2
2025,palmqca01,Carson Palmquist,COL,-0.8
2025,cortene01,Nestor Cortes,2TM,-0.2
2025,cortene01,Nestor Cortes,MIL,-0.3
2025,cortene01,Nestor Cortes,SDP,0.1
2025,garciri01,Rico Garcia,3TM,0.8
2025,garciri01,Rico Garcia,2TM,0.5
2025,garciri01,Rico Garcia,NYM,0.3
2025,garciri01,Rico Garcia,NYY,-0.1
2025,garciri01,Rico Garcia,BAL,0.6
2025,crismna01,Nabil Crismatt,ARI,0.2
2025,slateju01,Justin Slaten,BOS,-0.2
2025,hatchto01,Thomas Hatch,2TM,-0.2
2025,hatchto01,Thomas Hatch,KCR,-0.1
2025,hatchto01,Thomas Hatch,MIN,-0.1
2025,adamstr01,Travis Adams,MIN,-0.8
2025,dubinsh01,Shawn Dubin,2TM,-0.2
2025,dubinsh01,Shawn Dubin,HOU,-0.3
2025,dubinsh01,Shawn Dubin,BAL,0.2
2025,chafian01,Andrew Chafin,2TM,0.8
2025,chafian01,Andrew Chafin,WSN,0.3
2025,chafian01,Andrew Chafin,LAA,0.5
2025,jacobal01,Alek Jacob,SDP,-0.2
2025,ramiryo01,Yohan Ramírez,PIT,-0.6
2025,hodgepo01,Porter Hodge,CHC,-0.9
2025,danaca01,Caden Dana,LAA,-0.4
2025,hoglugu01,Gunnar Hoglund,ATH,-0.1
2025,blubaaj01,AJ Blubaugh,HOU,0.7
2025,bradiky01,Kyle Bradish,BAL,1.2
2025,wesneha01,Hayden Wesneski,HOU,0.3
2025,castijo03,José Castillo,4TM,0.2
2025,castijo03,José Castillo,2TM,-0.1
2025,castijo03,José Castillo,2TM,0.2
2025,castijo03,José Castillo,ARI,-0.3
2025,castijo03,José Castillo,NYM,0.3
2025,castijo03,José Castillo,SEA,0.1
2025,castijo03,José Castillo,BAL,0.1
2025,nanceto01,Tommy Nance,TOR,0.6
2025,agnosza01,Zach Agnos,COL,-0.4
2025,chandbu01,Bubba Chandler,PIT,0.4
2025,gipsosa01,Sawyer Gipson-Long,DET,-0.9
2025,waddebr01,Brandon Waddell,NYM,0.4
2025,booseca01,Cam Booser,CHW,-0.5
2025,enrigni01,Nic Enright,CLE,1.0
2025,gagema01,Matt Gage,2TM,0.4
2025,gagema01,Matt Gage,DET,0.2
2025,gagema01,Matt Gage,SFG,0.2
2025,simpsjo02,Josh Simpson,MIA,-1.2
2025,feltnry01,Ryan Feltner,COL,0.6
2025,fernary01,Ryan Fernandez,STL,-1.1
2025,rodrima01,Manuel Rodríguez,TBR,0.8
2025,mazurad01,Adam Mazur,MIA,-0.3
2025,milleer01,Erik Miller,SFG,1.6
2025,ohlpi01,Pierson Ohl,MIN,-0.3
2025,loaisjo01,Jonathan Loáisiga,NYY,0.2
2025,sauerma01,Matt Sauer,LAD,-0.7
2025,tengka01,Kai-Wei Teng,SFG,-0.5
2025,fulmeca01,Carson Fulmer,LAA,0.0
2025,hillja01,Jaden Hill,COL,0.5
2025,sabroer01,Erik Sabrowski,CLE,0.8
2025,altavda01,Dan Altavilla,CHW,0.8
2025,saalfan01,Andrew Saalfrank,ARI,1.6
2025,salazed01,Eduardo Salazar,WSN,-0.8
2025,brubajt01,JT Brubaker,2TM,0.3
2025,brubajt01,JT Brubaker,NYY,0.2
2025,brubajt01,JT Brubaker,SFG,0.1
2025,pilkiko01,Konnor Pilkington,WSN,0.0
2025,scottta02,Tayler Scott,2TM,-1.0
2025,scottta02,Tayler Scott,HOU,-0.6
2025,scottta02,Tayler Scott,ARI,-0.4
2025,reynose01,Sean Reynolds,SDP,-0.1
2025,treinbl01,Blake Treinen,LAD,-0.6
2025,wolfrgr01,Grant Wolfram,BAL,-0.4
2025,nerishe01,Hector Neris,3TM,-0.8
2025,nerishe01,Hector Neris,2TM,-0.4
2025,nerishe01,Hector Neris,ATL,-0.4
2025,nerishe01,Hector Neris,LAA,-0.1
2025,nerishe01,Hector Neris,HOU,-0.3
2025,snideco01,Collin Snider,SEA,-0.7
2025,strowka01,Kade Strowd,BAL,0.9
2025,payamjo01,Joel Payamps,2TM,-0.6
2025,payamjo01,Joel Payamps,MIL,-0.6
2025,payamjo01,Joel Payamps,ATL,0.0
2025,alvarjo03,José Alvarado,PHI,0.4
2025,brasiry01,Ryan Brasier,CHC,-0.2
2025,gillico01,Connor Gillispie,MIA,-0.8
2025,brownmc01,McCade Brown,COL,-0.2
2025,ginkeke01,Kevin Ginkel,ARI,-0.8
2025,holdeco01,Colin Holderman,PIT,-0.8
2025,raleybr01,Brooks Raley,NYM,0.7
2025,backhky01,Kyle Backhus,ARI,-0.1
2025,gibauia01,Ian Gibaut,CIN,0.2
2025,hendelo01,Logan Henderson,MIL,1.0
2025,beetecl01,Clayton Beeter,2TM,0.3
2025,beetecl01,Clayton Beeter,NYY,-0.3
2025,beetecl01,Clayton Beeter,WSN,0.6
2025,phillco01,Connor Phillips,CIN,0.7
2025,venezan01,Anthony Veneziano,2TM,0.1
2025,venezan01,Anthony Veneziano,MIA,0.1
2025,venezan01,Anthony Veneziano,STL,0.0
2025,bowmama01,Matt Bowman,BAL,-0.3
2025,lopezjo02,Jorge López,WSN,-0.5
2025,poulipj01,PJ Poulin,WSN,0.4
2025,schulpa01,Paxton Schultz,TOR,-0.1
2025,farrimi01,Mitch Farris,LAA,-0.4
2025,lucasea01,Easton Lucas,TOR,-0.3
2025,ribalor01,Orlando Ribalta,WSN,-0.3
2025,tonkimi01,Michael Tonkin,MIN,0.2
2025,hagenju01,Justin Hagenman,NYM,0.0
2025,alvaran01,Andrew Alvarez,WSN,0.6
2025,whiseca01,Carson Whisenhunt,SFG,0.0
2025,brebbjo01,John Brebbia,2TM,-0.8
2025,brebbjo01,John Brebbia,DET,-0.6
2025,brebbjo01,John Brebbia,ATL,-0.2
2025,brzykza01,Zach Brzykcy,WSN,-0.6
2025,headrbr01,Brent Headrick,NYY,0.3
2025,holmagr01,Grant Holman,ATH,0.0
2025,steelju01,Justin Steele,CHC,0.1
2025,sulseco01,Cole Sulser,TBR,0.6
2025,barnema02,Mason Barnett,ATH,-0.3
2025,peguejo01,Joel Peguero,SFG,0.8
2025,briesbe01,Beau Brieske,DET,-0.9
2025,jarvibr01,Bryce Jarvis,ARI,0.0
2025,strichu01,Hunter Strickland,LAA,0.6
2025,zastrro01,Rob Zastryzny,MIL,0.5
2025,perezci01,Cionel Pérez,BAL,-0.6
2025,wellsty01,Tyler Wells,BAL,0.6
2025,coxau01,Austin Cox,ATL,-0.7
2025,garciyi01,Yimi García,TOR,0.1
2025,granian01,Andre Granillo,STL,0.1
2025,meylu01,Luis Mey,CIN,0.5
2025,stratch01,Chris Stratton,2TM,-0.5
2025,stratch01,Chris Stratton,KCR,-0.4
2025,stratch01,Chris Stratton,LAD,0.0
2025,roycrch01,Chris Roycroft,STL,-0.9
2025,sproabr01,Brandon Sproat,NYM,0.1
2025,dunnida01,Dane Dunning,2TM,-0.4
2025,dunnida01,Dane Dunning,TEX,0.1
2025,dunnida01,Dane Dunning,ATL,-0.4
2025,bachmsa01,Sam Bachman,LAA,-0.2
2025,gonzawi02,Wikelman González,CHW,0.2
2025,hiralya01,Yaramil Hiraldo,BAL,-0.2
2025,sewalpa01,Paul Sewald,2TM,-0.1
2025,sewalpa01,Paul Sewald,CLE,-0.1
2025,sewalpa01,Paul Sewald,DET,0.0
2025,rodriel02,Elvin Rodríguez,2TM,-0.6
2025,rodriel02,Elvin Rodríguez,MIL,-0.6
2025,rodriel02,Elvin Rodríguez,BAL,-0.1
2025,earlyco01,Connelly Early,BOS,0.6
2025,suarejo01,José Suarez,ATL,0.6
2025,tinocje01,Jesús Tinoco,MIA,-0.1
2025,curvelu01,Luis Curvelo,TEX,-0.4
2025,henried01,Edgardo Henriquez,LAD,0.5
2025,perallu01,Luis Peralta,COL,-0.8
2025,strathu01,Hunter Stratton,2TM,0.0
2025,strathu01,Hunter Stratton,PIT,-0.4
2025,strathu01,Hunter Stratton,ATL,0.4
2025,merryju01,Julian Merryweather,CHC,-0.5
2025,tongjo01,Jonah Tong,NYM,-0.8
2025,ederja01,Jake Eder,LAA,0.1
2025,mollsa01,Sam Moll,CIN,-0.5
2025,martico02,Corbin Martin,BAL,-0.5
2025,petermi01,Michael Petersen,2TM,0.1
2025,petermi01,Michael Petersen,ATL,0.1
2025,petermi01,Michael Petersen,MIA,0.1
2025,kriskbr01,Brooks Kriske,2TM,-0.6
2025,kriskbr01,Brooks Kriske,CHC,0.2
2025,kriskbr01,Brooks Kriske,MIN,-0.8
2025,criswco01,Cooper Criswell,BOS,-0.1
2025,graveke01,Kendall Graveman,ARI,-0.3
2025,kentza01,Zak Kent,CLE,0.1
2025,lawreju01,Justin Lawrence,PIT,1.1
2025,roberda08,David Robertson,PHI,0.2
2025,alexasc02,Scott Alexander,2TM,0.0
2025,alexasc02,Scott Alexander,COL,0.0
2025,alexasc02,Scott Alexander,SFG,0.0
2025,lawreca01,Casey Lawrence,2TM,-0.4
2025,lawreca01,Casey Lawrence,SEA,-0.4
2025,lawreca01,Casey Lawrence,TOR,-0.1
2025,diazal03,Alexis Díaz,3TM,-0.7
2025,diazal03,Alexis Díaz,CIN,-0.4
2025,diazal03,Alexis Díaz,LAD,-0.1
2025,diazal03,Alexis Díaz,ATL,-0.2
2025,siskev01,Evan Sisk,2TM,0.2
2025,siskev01,Evan Sisk,KCR,0.2
2025,siskev01,Evan Sisk,PIT,0.1
2025,guerrlu01,Luis Guerrero,BOS,0.1
2025,ellarfr01,Fraser Ellard,CHW,0.0
2025,kowarja01,Jackson Kowar,SEA,0.1
2025,medervi01,Víctor Mederos,LAA,-0.2
2025,murdono01,Noah Murdock,ATH,-1.5
2025,devench02,Chris Devenski,NYM,0.4
2025,moretda01,Dauri Moreta,PIT,0.3
2025,mayzati01,Tim Mayza,2TM,0.2
2025,mayzati01,Tim Mayza,PIT,0.2
2025,mayzati01,Tim Mayza,PHI,0.0
2025,rashita01,Taylor Rashi,ARI,0.2
2025,sandlni01,Nick Sandlin,TOR,0.3
2025,tollepa01,Payton Tolle,BOS,-0.3
2025,ruizjo01,José Ruiz,2TM,-0.7
2025,ruizjo01,José Ruiz,PHI,-0.6
2025,ruizjo01,José Ruiz,ATL,-0.1
2025,mcgousc01,Scott McGough,2TM,-0.1
2025,mcgousc01,Scott McGough,ARI,0.0
2025,mcgousc01,Scott McGough,ATH,-0.1
2025,mcfartj01,T.J. McFarland,ATH,-0.3
2025,shustja01,Jared Shuster,CHW,-0.4
2025,kleinwi01,Will Klein,LAD,0.2
2025,martiju01,Justin Martínez,ARI,0.1
2025,biggehu01,Hunter Bigge,TBR,0.3
2025,hjellse01,Sean Hjelle,SFG,-0.4
2025,mcdontr01,Trevor McDonald,SFG,0.3
2025,tidwebl01,Blade Tidwell,NYM,-0.5
2025,hudsobr01,Bryan Hudson,2TM,-0.2
2025,hudsobr01,Bryan Hudson,MIL,-0.2
2025,hudsobr01,Bryan Hudson,CHW,-0.1
2025,anderni01,Nick Anderson,COL,0.0
2025,johnsry01,Ryan Johnson,LAA,-0.8
2025,mcgeeea01,Easton McGee,MIL,-0.1
2025,pearsna01,Nate Pearson,CHC,-0.5
2025,laraan01,Andry Lara,WSN,-0.4
2025,wicksjo01,Jordan Wicks,CHC,-0.4
2025,garcibr02,Brandyn Garcia,2TM,-0.2
2025,garcibr02,Brandyn Garcia,SEA,-0.1
2025,garcibr02,Brandyn Garcia,ARI,-0.1
2025,avilalu02,Luinder Avila,KCR,0.4
2025,grayjo02,Jon Gray,TEX,-0.6
2025,selbyco01,Colin Selby,BAL,0.2
2025,yesavtr01,Trey Yesavage,TOR,0.3
2025,aldegsa01,Sam Aldegheri,LAA,-0.5
2025,bruihju01,Justin Bruihl,TOR,-0.2
2025,hendrli01,Liam Hendriks,BOS,-0.3
2025,sauceta01,Tayler Saucedo,SEA,-0.3
2025,spierca01,Carson Spiers,CIN,0.0
2025,burgoju01,Juan Burgos,2TM,-0.5
2025,burgoju01,Juan Burgos,SEA,0.0
2025,burgoju01,Juan Burgos,ARI,-0.5
2025,fuentdi01,Didier Fuentes,ATL,-0.9
2025,roberda11,Daniel Robert,PHI,0.0
2025,smithdy01,Dylan Smith,DET,0.3
2025,hergeke01,Kevin Herget,2TM,0.1
2025,hergeke01,Kevin Herget,NYM,0.1
2025,hergeke01,Kevin Herget,ATL,0.0
2025,johnsse01,Seth Johnson,PHI,0.0
2025,murfepe01,Penn Murfee,CHW,-0.3
2025,contrro01,Roansy Contreras,2TM,0.1
2025,contrro01,Roansy Contreras,BAL,0.2
2025,contrro01,Roansy Contreras,COL,-0.2
2025,nunezed03,Eduarniel Núñez,2TM,-0.2
2025,nunezed03,Eduarniel Núñez,SDP,0.1
2025,nunezed03,Eduarniel Núñez,ATH,-0.3
2025,gibsoky01,Kyle Gibson,BAL,-1.1
2025,simslu01,Lucas Sims,WSN,-0.9
2025,contrlu01,Luis Contreras,HOU,-0.2
2025,mileywa01,Wade Miley,CIN,-0.1
2025,zuberty01,Tyler Zuber,2TM,-0.7
2025,zuberty01,Tyler Zuber,NYM,0.0
2025,zuberty01,Tyler Zuber,MIA,-0.6
2025,loutory01,Ryan Loutos,2TM,-1.0
2025,loutory01,Ryan Loutos,LAD,-0.2
2025,loutory01,Ryan Loutos,WSN,-0.8
2025,whitlfo01,Forrest Whitley,2TM,-0.8
2025,whitlfo01,Forrest Whitley,HOU,-0.3
2025,whitlfo01,Forrest Whitley,TBR,-0.5
2025,kimbrcr01,Craig Kimbrel,2TM,0.4
2025,kimbrcr01,Craig Kimbrel,ATL,0.1
2025,kimbrcr01,Craig Kimbrel,HOU,0.3
2025,hoffman01,Andrew Hoffmann,2TM,-0.5
2025,hoffman01,Andrew Hoffmann,KCR,-0.2
2025,hoffman01,Andrew Hoffmann,ARI,-0.3
2025,bassobr01,Brady Basso,ATH,0.3
2025,darnedu01,Dugan Darnell,COL,0.3
2025,murraja01,Jayden Murray,HOU,0.5
2025,suareal01,Albert Suárez,BAL,0.5
2025,winckjo01,Josh Winckowski,BOS,-0.1
2025,lovelri01,Richard Lovelady,2TM,-0.5
2025,lovelri01,Richard Lovelady,TOR,-0.2
2025,lovelri01,Richard Lovelady,NYM,-0.2
2025,andersh01,Shaun Anderson,LAA,-0.5
2025,hornba01,Bailey Horn,DET,0.4
2025,estesjo01,Joey Estes,ATH,-0.3
2025,kopecmi01,Michael Kopech,LAD,0.2
2025,minteaj01,A.J. Minter,NYM,0.4
2025,munozro01,Roddery Muñoz,STL,-0.2
2025,ramirer02,Erasmo Ramírez,MIN,0.4
2025,rangeal01,Alan Rangel,PHI,0.2
2025,silsech01,Chase Silseth,LAA,0.4
2025,laosa01,Sauryn Lao,2TM,0.1
2025,laosa01,Sauryn Lao,SEA,-0.1
2025,laosa01,Sauryn Lao,WSN,0.2
2025,davisno01,Noah Davis,2TM,-1.3
2025,davisno01,Noah Davis,LAD,-0.8
2025,davisno01,Noah Davis,MIN,-0.5
2025,bowdebe01,Ben Bowden,ATH,0.0
2025,effrosc01,Scott Effross,NYY,-0.2
2025,harvehu01,Hunter Harvey,KCR,0.7
2025,hernani01,Nick Hernandez,HOU,0.0
2025,marinro01,Ron Marinaccio,SDP,0.3
2025,mcdanga01,Garrett McDaniels,LAA,-0.2
2025,peralsa01,Sammy Peralta,LAA,-0.5
2025,thompma02,Mason Thompson,WSN,-0.8
2025,vanwelo01,Logan VanWey,HOU,-0.1
2025,ariaslu01,Luarbert Árias,MIA,-0.4
2025,guentse01,Sean Guenther,DET,-0.1
2025,seaboco01,Connor Seabold,2TM,0.0
2025,seaboco01,Connor Seabold,TBR,0.2
2025,seaboco01,Connor Seabold,ATL,-0.2
2025,danieda01,Davis Daniel,ATL,0.0
2025,maxweza01,Zach Maxwell,CIN,0.1
2025,stephro01,Robert Stephenson,LAA,0.3
2025,winnke01,Keaton Winn,SFG,0.0
2025,mantijo01,Joe Mantiply,ARI,-0.8
2025,nunezde01,Dedniel Núñez,NYM,0.0
2025,rodrica02,Carlos Rodriguez,MIL,-0.2
2025,darremi01,Michael Darrell-Hicks,2TM,-0.1
2025,darremi01,Michael Darrell-Hicks,LAA,-0.2
2025,darremi01,Michael Darrell-Hicks,PIT,0.1
2025,raineta01,Tanner Rainey,2TM,-0.6
2025,raineta01,Tanner Rainey,PIT,-0.5
2025,raineta01,Tanner Rainey,DET,-0.1
2025,anderia01,Ian Anderson,LAA,-0.6
2025,holloga01,Gavin Hollowell,CHC,0.0
2025,sanojja01,Javier Sanoja,MIA,-0.5
2025,warreau01,Austin Warren,NYM,0.4
2025,winanal01,Allan Winans,NYY,-0.4
2025,pocheco01,Colin Poche,2TM,-0.7
2025,pocheco01,Colin Poche,WSN,-0.6
2025,pocheco01,Colin Poche,NYM,-0.1
2025,pegueel01,Elvis Peguero,2TM,-0.3
2025,pegueel01,Elvis Peguero,MIL,-0.2
2025,pegueel01,Elvis Peguero,CHW,-0.2
2025,hillri01,Rich Hill,KCR,-0.2
2025,leclejo01,José Leclerc,ATH,-0.1
2025,roberet01,Ethan Roberts,CHC,-0.2
2025,harrito03,Tom Harrington,PIT,-0.7
2025,mcderch01,Chayce McDermott,BAL,-0.8
2025,yohocr01,Craig Yoho,MIL,-0.2
2025,scholje01,Jesse Scholtens,TBR,-0.2
2025,vanbebr01,Brian Van Belle,TBR,-0.1
2025,youngda02,Danny Young,NYM,0.0
2025,gervapa01,Paul Gervase,2TM,0.0
2025,gervapa01,Paul Gervase,TBR,0.0
2025,gervapa01,Paul Gervase,LAD,0.0
2025,barneja01,Jacob Barnes,TOR,-0.4
2025,chaveje01,Jesse Chavez,ATL,-0.3
2025,garabge01,Gerson Garabito,TEX,-0.5
2025,hoeinbr01,Bryan Hoeing,SDP,0.1
2025,maedake01,Kenta Maeda,DET,-0.2
2025,pukaj01,A.J. Puk,ARI,0.2
2025,campbis01,Isaiah Campbell,BOS,-0.1
2025,garcilu05,Luis Garcia,HOU,0.2
2025,lawerco01,Cody Laweryson,MIN,0.3
2025,rockjo01,Joe Rock,TBR,0.1
2025,rodribr01,Bradgley Rodriguez,SDP,0.4
2025,estrala01,Lázaro Estrada,TOR,-0.3
2025,morgael01,Eli Morgan,CHC,-0.4
2025,tarnofr01,Freddy Tarnok,MIA,0.2
2025,zulueyo01,Yosver Zulueta,CIN,-0.1
2025,castilu03,Luis Castillo,SEA,-0.3
2025,gillalo01,Logan Gillaspie,SDP,0.2
2025,santogr01,Gregory Santos,SEA,-0.3
2025,whiteow01,Owen White,CHW,-0.2
2025,deleojo03,José De León,BOS,0.1
2025,garzaju01,Justin Garza,NYM,0.0
2025,henryto01,Tommy Henry,ARI,0.1
2025,lasorjo01,Joe La Sorsa,CIN,-0.4
2025,martise01,Seth Martinez,MIA,0.0
2025,menacr01,Cristian Mena,ARI,0.4
2025,sandeca01,Cam Sanders,PIT,-0.2
2025,taylotr01,Troy Taylor,SEA,-0.3
2025,popza01,Zach Pop,2TM,-0.6
2025,popza01,Zach Pop,SEA,-0.4
2025,popza01,Zach Pop,NYM,-0.2
2025,matzety01,Tyler Matzek,NYY,0.0
2025,suerowa01,Wander Suero,ATL,-0.3
2025,tatedi01,Dillon Tate,TOR,0.0
2025,turnbsp01,Spencer Turnbull,TOR,-0.1
2025,bridejo01,Jonah Bride,MIN,-0.3
2025,castrmi01,Miguel Castro,CHW,-0.1
2025,maldoan01,Anthony Maldonado,ATH,-0.3
2025,pettych02,Chase Petty,CIN,-0.8
2025,willilu01,Luke Williams,ATL,0.1
2025,zimmebr02,Bruce Zimmermann,MIL,-0.2
2025,edwarca01,Carl Edwards Jr.,2TM,0.0
2025,edwarca01,Carl Edwards Jr.,LAA,-0.1
2025,edwarca01,Carl Edwards Jr.,TEX,0.1
2025,clevimi01,Mike Clevinger,CHW,-0.2
2025,gassero01,Robert Gasser,MIL,-0.3
2025,mckentr01,Triston McKenzie,CLE,-0.2
2025,phillev01,Evan Phillips,LAD,0.4
2025,fulmemi01,Michael Fulmer,2TM,0.0
2025,fulmemi01,Michael Fulmer,BOS,-0.1
2025,fulmemi01,Michael Fulmer,CHC,0.1
2025,richatr01,Trevor Richards,2TM,-0.1
2025,richatr01,Trevor Richards,KCR,-0.1
2025,richatr01,Trevor Richards,ARI,0.0
2025,burdini01,Nick Burdi,BOS,0.2
2025,dobnara01,Randy Dobnak,MIN,0.1
2025,hernaen02,Kiké Hernández,LAD,-0.4
2025,mccauda01,Darren McCaughan,MIN,0.2
2025,otanemi01,Michel Otañez,ATH,-0.5
2025,swanser01,Erik Swanson,TOR,-0.4
2025,thomaco02,Connor Thomas,MIL,-0.5
2025,bauerja01,Jake Bauers,MIL,-0.1
2025,hahnje01,Jesse Hahn,SEA,-0.1
2025,lopezre01,Reynaldo López,ATL,0.0
2025,millebo06,Bobby Miller,LAD,-0.3
2025,ragsdca01,Carson Ragsdale,BAL,-0.3
2025,rojasmi02,Miguel Rojas,LAD,-0.2
2025,walkejo03,Josh Walker,TOR,-0.1
2025,fernaju02,Julian Fernández,2TM,0.0
2025,fernaju02,Julian Fernández,LAD,0.0
2025,fernaju02,Julian Fernández,WSN,0.1
2025,carrial01,Alex Carrillo,NYM,-0.5
2025,churcma01,Marc Church,TEX,0.0
2025,misiean01,Anthony Misiewicz,MIN,-0.2
2025,waldrma01,Matt Waldron,SDP,-0.1
2025,heuerco01,Codi Heuer,2TM,-0.1
2025,heuerco01,Codi Heuer,TEX,0.0
2025,heuerco01,Codi Heuer,DET,0.0
2025,gerbejo01,Joey Gerber,TBR,0.1
2025,joycebe01,Ben Joyce,LAA,-0.3
2025,vazqulu01,Luis Vázquez,BAL,0.2
2025,weemsjo01,Jordan Weems,HOU,-0.2
2025,blackma01,Mason Black,SFG,-0.1
2025,cosgrto01,Tom Cosgrove,CHC,0.1
2025,francjp01,J.P. France,HOU,0.1
2025,kossch01,Christian Koss,SFG,0.1
2025,moranjo01,Jovani Morán,BOS,-0.1
2025,newmake01,Kevin Newman,LAA,0.0
2025,nikhado01,Doug Nikhazy,CLE,-0.3
2025,feyerjo01,J.P. Feyereisen,2TM,-0.5
2025,feyerjo01,J.P. Feyereisen,ARI,-0.2
2025,feyerjo01,J.P. Feyereisen,LAD,-0.3
2025,abnerph01,Philip Abner,ARI,0.0
2025,bertijo01,Jon Berti,CHC,-0.1
2025,cruzom01,Omar Cruz,SDP,0.0
2025,montepa01,Patrick Monteverde,MIA,-0.1
2025,munozro02,Rolddy Muñoz,ATL,-0.3
2025,rogerja03,Jake Rogers,DET,0.1
2025,thompza01,Zach Thompson,ATL,0.1
2025,brighje01,Jeff Brigham,ARI,-0.1
2025,duranez01,Ezequiel Durán,TEX,0.1
2025,freemca01,Caleb Freeman,CHW,0.0
2025,heinety01,Tyler Heineman,TOR,-0.4
2025,krookma01,Matt Krook,ATH,0.0
2025,perdoan01,Angel Perdomo,ATH,0.0
2025,hartlge01,Geoff Hartlieb,2TM,-0.3
2025,hartlge01,Geoff Hartlieb,NYY,-0.2
2025,hartlge01,Geoff Hartlieb,DET,0.0
2025,adcocty01,Ty Adcock,NYM,0.0
2025,barcohu01,Hunter Barco,PIT,0.2
2025,capravi01,Vinny Capra,CHW,-0.1
2025,castabl01,Blas Castaño,SEA,-0.1
2025,curryxz01,Xzavion Curry,MIA,-0.3
2025,diazyi01,Yilber Díaz,ARI,-0.1
2025,espadjo01,Jose Espada,BAL,0.1
2025,hedgeau01,Austin Hedges,CLE,0.0
2025,jamesdr01,Drey Jameson,ARI,0.2
2025,leeko01,Korey Lee,CHW,0.0
2025,littlja02,Jack Little,LAD,0.0
2025,mccorch01,Chas McCormick,HOU,0.0
2025,mercami01,Michael Mercado,PHI,-0.2
2025,owensty01,Tyler Owens,DET,0.0
2025,peredjh01,Jhonny Pereda,ATH,-0.2
2025,roach02,Christian Roa,MIA,0.2
2025,sommedr01,Drew Sommers,DET,-0.3
2025,wilsowe01,Weston Wilson,PHI,0.1
2025,wynnera01,Randy Wynne,CIN,0.0
2025,harriha01,Hayden Harris,ATL,0.0
2025,littllu01,Luke Little,CHC,-0.1
2025,montech01,Christian Montes De Oca,ARI,0.1
2025,poteeco01,Cody Poteet,BAL,-0.2
2025,stockro01,Robert Stock,BOS,-0.1
2025,perazos02,Oswald Peraza,LAA,-0.2
2025,trevijo01,Jose Trevino,CIN,0.0
2025,urquijo01,José Urquidy,DET,-0.1
2025,pinaro01,Robinson Piña,2TM,-0.1
2025,pinaro01,Robinson Piña,MIA,0.0
2025,pinaro01,Robinson Piña,TOR,-0.1
2025,barnhtu01,Tucker Barnhart,TEX,-0.1
2025,boltoco01,Cody Bolton,CLE,-0.1
2025,brujavi01,Vidal Bruján,ATL,-0.1
2025,burrry01,Ryan Burr,TOR,0.1
2025,degeubr01,Brett de Geus,PHI,0.0
2025,fitzgry01,Ryan Fitzgerald,MIN,0.1
2025,herrejo04,José Herrera,ARI,0.0
2025,kingesc01,Scott Kingery,LAA,-0.2
2025,macivwi01,Willie MacIver,ATH,0.1
2025,nelsoky01,Kyle Nelson,ARI,-0.1
2025,popeau01,Austin Pope,ARI,0.1
2025,raqueni01,Nick Raquet,STL,0.1
2025,stallja01,Jacob Stallings,COL,0.0
2025,tellero01,Rowdy Tellez,TEX,-0.1
2025,toussto01,Touki Toussaint,LAA,0.0
2025,wilsowi03,Will Wilson,CLE,-0.1
2025,cornijo01,José Corniell,TEX,-0.4
2025,kavadni01,Niko Kavadas,LAA,0.1
2025,kellyca01,Casey Kelly,ARI,0.1
2025,nidoto01,Tomás Nido,DET,0.1
2025,ottavad01,Adam Ottavino,NYY,0.1
2025,sanmare01,Reiver Sanmartín,CIN,0.0
2025,diazjh01,Jhonathan Díaz,SEA,0.0
2025,quijajo01,José Quijada,LAA,0.1
2025,roonejo01,John Rooney,HOU,0.0
2025,waltean01,Andrew Walters,CLE,-0.1
2025,actonga01,Garrett Acton,TBR,0.0
2025,amayaja01,Jacob Amaya,CHW,0.0
2025,burleal01,Alec Burleson,STL,0.0
2025,cabaljo01,José Caballero,TBR,-0.2
2025,castrwi01,Willi Castro,MIN,0.0
2025,clemeko01,Kody Clemens,MIN,-0.1
2025,davidlo01,Logan Davidson,LAA,0.0
2025,eatonna01,Nate Eaton,BOS,0.0
2025,farmeky01,Kyle Farmer,COL,0.0
2025,gilbrlu01,Lucas Gilbreath,COL,0.0
2025,hameldo01,Dom Hamel,NYM,0.0
2025,hampsga01,Garrett Hampson,STL,0.0
2025,hoffmno01,Nolan Hoffman,PHI,-0.1
2025,hummeco01,Cooper Hummel,HOU,-0.1
2025,jacksal02,Alex Jackson,BAL,-0.1
2025,jankotr01,Travis Jankowski,NYM,-0.1
2025,langeal01,Alex Lange,DET,0.0
2025,mailelu01,Luke Maile,KCR,0.0
2025,mastrmi01,Miles Mastrobuoni,SEA,0.0
2025,mateojo01,Jorge Mateo,BAL,-0.2
2025,mcguire01,Reese McGuire,CHC,0.0
2025,nolaau01,Austin Nola,COL,-0.2
2025,palisja01,Jake Palisch,CHW,-0.1
2025,portelo01,Logan Porter,SFG,0.0
2025,reyespa01,Pablo Reyes,NYY,-0.1
2025,rivasle01,Leo Rivas,SEA,0.0
2025,riverem01,Emmanuel Rivera,BAL,-0.2
2025,rosaram01,Amed Rosario,WSN,-0.1
2025,salazce01,César Salazar,HOU,0.0
2025,sanchal04,Ali Sánchez,TOR,-0.1
2025,sanchga02,Gary Sánchez,BAL,-0.1
2025,seiglan01,Anthony Seigler,MIL,0.0
2025,stefami01,Michael Stefanic,TOR,0.0
2025,toroab01,Abraham Toro,BOS,-0.1
2025,trejoal01,Alan Trejo,COL,0.0
2025,triolja01,Jared Triolo,PIT,-0.1
2025,wadety01,Tyler Wade,SDP,0.0
2025,wilcoco01,Cole Wilcox,TBR,-0.3
2025,wilesna01,Nathan Wiles,ATL,-0.1
2025,yastrmi01,Mike Yastrzemski,SFG,-0.1
2025,kineris01,Isiah Kiner-Falefa,TOR,0.0
2025,pintajo01,Jonathan Pintaro,NYM,-0.1
2025,sandrja01,Jayvien Sandridge,NYY,-0.1
2025,slateau01,Austin Slater,NYY,0.0
2025,torrelu01,Luis Torrens,NYM,-0.2
2025,duranca01,Carlos Durán,ATH,-0.2
2025,lopezni01,Nicky Lopez,LAA,0.0
2025,mckinza01,Zach McKinstry,DET,0.0
2025,youngja02,Jared Young,NYM,0.0
1970,perryga01,Gaylord Perry,SFG,7.6
1970,jenkife01,Fergie Jenkins,CHC,7.3
1970,mcdowsa01,Sam McDowell,CLE,8.3
1970,palmeji01,Jim Palmer,BAL,6.4
1970,cuellmi01,Mike Cuellar,BAL,2.8
1970,mcnalda01,Dave McNally,BAL,3.8
1970,gibsobo01,Bob Gibson,STL,8.9
1970,seaveto01,Tom Seaver,NYM,5.8
1970,holtzke01,Ken Holtzman,CHC,6.4
1970,mortoca01,Carl Morton,MON,4.1
1970,perryji01,Jim Perry,MIN,3.8
1970,lolicmi01,Mickey Lolich,DET,4.5
1970,stottme01,Mel Stottlemyre,NYY,3.3
1970,dierkla01,Larry Dierker,HOU,4.2
1970,johnto01,Tommy John,CHW,5.5
1970,dobsoch01,Chuck Dobson,OAK,1.6
1970,handsbi01,Bill Hands,CHC,5.2
1970,hunteca01,Catfish Hunter,OAK,1.0
1970,wrighcl01,Clyde Wright,CAL,3.8
1970,peterfr01,Fritz Peterson,NYY,3.8
1970,suttodo01,Don Sutton,LAD,1.1
1970,osteecl01,Claude Osteen,LAD,1.4
1970,jarvipa01,Pat Jarvis,ATL,5.0
1970,carltst01,Steve Carlton,STL,4.2
1970,culpra01,Ray Culp,BOS,5.1
1970,dobsopa01,Pat Dobson,SDP,2.4
1970,nolanga01,Gary Nolan,CIN,4.7
1970,maricju01,Juan Marichal,SFG,2.8
1970,dragodi01,Dick Drago,KCR,2.5
1970,merriji01,Jim Merritt,CIN,2.0
1970,pattima01,Marty Pattin,MIL,5.1
1970,bahnsst01,Stan Bahnsen,NYY,2.1
1970,bosmadi01,Dick Bosman,WSA,4.3
1970,kaatji01,Jim Kaat,MIN,1.2
1970,niekrph01,Phil Niekro,ATL,2.2
1970,murphto02,Tom Murphy,CAL,0.0
1970,renkost01,Steve Renko,MON,0.6
1970,siebeso01,Sonny Siebert,BOS,3.5
1970,peterga01,Gary Peters,BOS,1.1
1970,wiseri01,Rick Wise,PHI,2.7
1970,bunniji01,Jim Bunning,PHI,3.1
1970,colemjo05,Joe Coleman,WSA,1.6
1970,krausle02,Lew Krausse,MIL,0.0
1970,kirbycl01,Clay Kirby,SDP,1.1
1970,johnsbo03,Bob Johnson,KCR,4.5
1970,niekrjo01,Joe Niekro,DET,2.5
1970,nashji01,Jim Nash,ATL,2.7
1970,koosmje01,Jerry Koosman,NYM,3.0
1970,mcgloji01,Jim McGlothlin,CIN,3.4
1970,mayru01,Rudy May,CAL,0.5
1970,stonebi01,Bill Stoneman,MON,0.2
1970,stonege02,George Stone,ATL,1.8
1970,janesje01,Gerry Janeski,CHW,0.3
1970,rookeji01,Jim Rooker,KCR,1.5
1970,vealebo01,Bob Veale,PIT,1.0
1970,ellisdo01,Dock Ellis,PIT,2.9
1970,shortch02,Chris Short,PHI,2.8
1970,fosteal01,Alan Foster,LAD,0.1
1970,blassst01,Steve Blass,PIT,1.6
1970,messean01,Andy Messersmith,CAL,2.7
1970,coxca01,Casey Cox,WSA,-0.9
1970,moosebo01,Bob Moose,PIT,1.7
1970,coombda01,Danny Coombs,SDP,3.1
1970,gentrga01,Gary Gentry,NYM,1.8
1970,billija01,Jack Billingham,HOU,1.0
1970,mcandji01,Jim McAndrew,NYM,2.4
1970,wilsodo01,Don Wilson,HOU,2.0
1970,roberri01,Rich Robertson,SFG,0.3
1970,roberda05,Dave Roberts,SDP,3.0
1970,cainle01,Les Cain,DET,1.7
1970,pappami01,Milt Pappas,2TM,3.8
1970,pappami01,Milt Pappas,ATL,-0.4
1970,pappami01,Milt Pappas,CHC,4.1
1970,torremi01,Mike Torrez,STL,1.7
1970,simpswa01,Wayne Simpson,CIN,3.0
1970,lockwsk01,Skip Lockwood,MIL,1.3
1970,horlejo01,Joe Horlen,CHW,0.7
1970,blylebe01,Bert Blyleven,MIN,2.2
1970,walkelu01,Luke Walker,PIT,3.1
1970,lemasde01,Denny Lemaster,HOU,1.1
1970,seguidi01,Diego Seguí,OAK,2.9
1970,wilsoea01,Earl Wilson,2TM,0.7
1970,wilsoea01,Earl Wilson,DET,0.5
1970,wilsoea01,Earl Wilson,SDP,0.2
1970,handri01,Rich Hand,CLE,2.4
1970,chancde01,Dean Chance,2TM,0.7
1970,chancde01,Dean Chance,CLE,1.0
1970,chancde01,Dean Chance,NYM,-0.3
1970,odombl01,Blue Moon Odom,OAK,0.1
1970,hallto01,Tom Hall,MIN,3.9
1970,reberfr01,Frank Reberger,SFG,-1.1
1970,zeppbi01,Bill Zepp,MIN,1.8
1970,jacksgr01,Grant Jackson,PHI,0.0
1970,clonito01,Tony Cloninger,CIN,1.6
1970,fingero01,Rollie Fingers,OAK,0.9
1970,hardiji01,Jim Hardin,BAL,1.3
1970,hargast01,Steve Hargan,CLE,4.2
1970,mooreba01,Barry Moore,2TM,-0.4
1970,mooreba01,Barry Moore,CLE,0.7
1970,mooreba01,Barry Moore,CHW,-1.1
1970,butlebi02,Bill Butler,KCR,1.4
1970,bolinbo01,Bobby Bolin,2TM,0.2
1970,bolinbo01,Bobby Bolin,MIL,-0.5
1970,bolinbo01,Bobby Bolin,BOS,0.7
1970,brettke01,Ken Brett,BOS,0.9
1970,sadecra01,Ray Sadecki,NYM,0.7
1970,lerscba01,Barry Lersch,PHI,3.5
1970,moelljo01,Joe Moeller,LAD,0.7
1970,downial01,Al Downing,2TM,0.9
1970,downial01,Al Downing,OAK,0.1
1970,downial01,Al Downing,MIL,0.8
1970,grantmu01,Mudcat Grant,2TM,4.8
1970,grantmu01,Mudcat Grant,OAK,4.5
1970,grantmu01,Mudcat Grant,PIT,0.4
1970,phoebto01,Tom Phoebus,BAL,1.2
1970,reedro01,Ron Reed,ATL,1.6
1970,brunege01,George Brunet,2TM,0.0
1970,brunege01,George Brunet,WSA,-0.5
1970,brunege01,George Brunet,PIT,0.5
1970,selmadi01,Dick Selma,PHI,5.2
1970,ryanno01,Nolan Ryan,NYM,1.5
1970,mcginda01,Dan McGinn,MON,-1.5
1970,fisheed02,Eddie Fisher,CAL,1.3
1970,kilkemi01,Mike Kilkenny,DET,-0.1
1970,brabege01,Gene Brabender,MIL,-1.5
1970,nagymi01,Mike Nagy,BOS,0.5
1970,hannaji01,Jim Hannan,WSA,0.0
1970,frymawo01,Woodie Fryman,PHI,2.1
1970,reussje01,Jerry Reuss,STL,2.2
1970,tayloch02,Chuck Taylor,STL,3.5
1970,herbero01,Ron Herbel,2TM,-0.4
1970,herbero01,Ron Herbel,SDP,-0.9
1970,herbero01,Ron Herbel,NYM,0.5
1970,bunkewa01,Wally Bunker,KCR,0.5
1970,morehda01,Dave Morehead,KCR,0.5
1970,woodwi01,Wilbur Wood,CHW,2.5
1970,knowlda01,Darold Knowles,WSA,3.3
1970,fitzmal01,Al Fitzmorris,KCR,0.6
1970,shellji01,Jim Shellenback,WSA,0.3
1970,vancesa01,Sandy Vance,LAD,1.3
1970,willist02,Stan Williams,MIN,2.8
1970,mcdanli01,Lindy McDaniel,NYY,4.2
1970,griffto02,Tom Griffin,HOU,-0.3
1970,corkimi01,Mike Corkins,SDP,0.5
1970,perraro01,Ron Perranoski,MIN,2.3
1970,deckejo01,Joe Decker,CHC,0.5
1970,romovi01,Vicente Romo,BOS,1.2
1970,millebo04,Bob Miller,3TM,0.5
1970,millebo04,Bob Miller,2TM,0.5
1970,millebo04,Bob Miller,CLE,0.2
1970,millebo04,Bob Miller,CHW,0.3
1970,millebo04,Bob Miller,CHC,0.0
1970,brilene01,Nelson Briles,STL,-1.4
1970,singebi01,Bill Singer,LAD,1.8
1970,rayji01,Jim Ray,HOU,3.0
1970,carrocl02,Clay Carroll,CIN,2.1
1970,wegenmi01,Mike Wegener,MON,-0.8
1970,hillejo01,John Hiller,DET,2.8
1970,giustda01,Dave Giusti,PIT,1.7
1970,palmelo01,Lowell Palmer,PHI,-0.2
1970,culvege01,George Culver,2TM,1.6
1970,culvege01,George Culver,STL,0.7
1970,culvege01,George Culver,HOU,1.0
1970,klinest01,Steve Kline,NYY,1.3
1970,mccormi03,Mike McCormick,2TM,-1.2
1970,mccormi03,Mike McCormick,SFG,-0.8
1970,mccormi03,Mike McCormick,NYY,-0.4
1970,kekicmi01,Mike Kekich,NYY,-0.7
1970,klimkro01,Ron Klimkowski,NYY,1.6
1970,kooncca01,Cal Koonce,2TM,1.4
1970,kooncca01,Cal Koonce,NYM,0.3
1970,kooncca01,Cal Koonce,BOS,1.2
1970,bryanro01,Ron Bryant,SFG,0.2
1970,dunnist01,Steve Dunning,CLE,-0.1
1970,mcmahdo02,Don McMahon,SFG,3.0
1970,tiantlu01,Luis Tiant,MIN,1.2
1970,gelnajo01,John Gelnar,MIL,0.7
1970,sandeke01,Ken Sanders,MIL,4.6
1970,mclaide01,Denny McLain,DET,0.6
1970,crideje01,Jerry Crider,CHW,0.4
1970,mcgratu01,Tug McGraw,NYM,0.7
1970,higgide01,Dennis Higgins,CLE,0.7
1970,johnsba01,Bart Johnson,CHW,0.3
1970,breweji01,Jim Brewer,LAD,0.9
1970,reedho01,Howie Reed,MON,1.7
1970,tatumke01,Ken Tatum,CAL,1.0
1970,paulmi01,Mike Paul,CLE,-0.1
1970,lockebo02,Bob Locker,2TM,0.6
1970,lockebo02,Bob Locker,MIL,-0.1
1970,lockebo02,Bob Locker,OAK,0.7
1970,pitlosk01,Skip Pitlock,SFG,0.8
1970,linzyfr01,Frank Linzy,2TM,0.7
1970,linzyfr01,Frank Linzy,SFG,-0.6
1970,linzyfr01,Frank Linzy,STL,1.3
1970,timmeto01,Tom Timmermann,DET,0.6
1970,dalcabr01,Bruce Dal Canton,PIT,-0.5
1970,grangwa01,Wayne Granger,CIN,1.7
1970,grzenjo01,Joe Grzenda,WSA,-1.2
1970,raymocl01,Claude Raymond,MON,-0.7
1970,abernte02,Ted Abernathy,3TM,2.2
1970,abernte02,Ted Abernathy,2TM,1.4
1970,abernte02,Ted Abernathy,CHC,0.5
1970,abernte02,Ted Abernathy,STL,0.9
1970,abernte02,Ted Abernathy,KCR,0.9
1970,cookro02,Ron Cook,HOU,1.2
1970,wilheho01,Hoyt Wilhelm,2TM,2.0
1970,wilheho01,Hoyt Wilhelm,ATL,2.2
1970,wilheho01,Hoyt Wilhelm,CHC,-0.2
1970,murphda04,Danny Murphy,CHW,-0.9
1970,waslega01,Gary Waslewski,2TM,1.1
1970,waslega01,Gary Waslewski,MON,0.0
1970,waslega01,Gary Waslewski,NYY,1.0
1970,patteda02,Daryl Patterson,DET,-0.1
1970,blasiwa01,Wade Blasingame,HOU,1.4
1970,gulledo01,Don Gullett,CIN,2.4
1970,johnsje01,Jerry Johnson,2TM,0.4
1970,johnsje01,Jerry Johnson,STL,0.3
1970,johnsje01,Jerry Johnson,SFG,0.1
1970,strohjo01,John Strohmayer,MON,-0.5
1970,reganph01,Phil Regan,CHC,0.1
1970,santoal01,Al Santorini,SDP,-1.1
1970,cumbejo01,John Cumberland,2TM,0.4
1970,cumbejo01,John Cumberland,NYY,0.1
1970,cumbejo01,John Cumberland,SFG,0.3
1970,garregr01,Greg Garrett,CAL,1.7
1970,boutoji01,Jim Bouton,HOU,-0.8
1970,morrijo06,John Morris,MIL,1.0
1970,priddbo01,Bob Priddy,ATL,-0.3
1970,colboji01,Jim Colborn,CHC,0.9
1970,rodriro01,Roberto Rodríguez,3TM,-1.5
1970,rodriro01,Roberto Rodríguez,2TM,-1.6
1970,rodriro01,Roberto Rodríguez,OAK,0.1
1970,rodriro01,Roberto Rodríguez,SDP,-0.8
1970,rodriro01,Roberto Rodríguez,CHC,-0.9
1970,henniph01,Phil Hennigan,CLE,0.6
1970,gladdfr01,Fred Gladding,HOU,0.1
1970,pinaho01,Horacio Piña,WSA,1.2
1970,akerja01,Jack Aker,NYY,2.4
1970,marshmi01,Mike Marshall,2TM,0.0
1970,marshmi01,Mike Marshall,HOU,-0.2
1970,marshmi01,Mike Marshall,MON,0.1
1970,bradlto01,Tom Bradley,CAL,-0.3
1970,scherfr01,Fred Scherman,DET,1.4
1970,dukesto01,Tom Dukes,SDP,-0.2
1970,drabomo01,Moe Drabowsky,2TM,0.8
1970,drabomo01,Moe Drabowsky,KCR,0.9
1970,drabomo01,Moe Drabowsky,BAL,-0.1
1970,bosweda01,Dave Boswell,MIN,-1.8
1970,burgmto01,Tom Burgmeier,KCR,0.7
1970,nelsoji01,Jim Nelson,PIT,0.5
1970,austiri01,Rick Austin,CLE,0.2
1970,lylesp01,Sparky Lyle,BOS,-0.2
1970,lashefr01,Fred Lasher,2TM,-0.7
1970,lashefr01,Fred Lasher,DET,-0.2
1970,lashefr01,Fred Lasher,CLE,-0.5
1970,tayloro01,Ron Taylor,NYM,0.4
1970,washbra01,Ray Washburn,CIN,-2.1
1970,mcquemi01,Mike McQueen,ATL,-0.6
1970,friseda01,Danny Frisella,NYM,1.2
1970,lindbpa01,Paul Lindblad,OAK,1.0
1970,normafr01,Fred Norman,2TM,-0.6
1970,normafr01,Fred Norman,LAD,-0.6
1970,normafr01,Fred Norman,STL,0.1
1970,rossga01,Gary Ross,SDP,-0.1
1970,mikkepe01,Pete Mikkelsen,LAD,1.1
1970,weavefl01,Floyd Weaver,CHW,0.4
1970,halldi01,Dick Hall,BAL,0.5
1970,lopezma01,Marcelino López,BAL,1.2
1970,queenme02,Mel Queen,CAL,0.1
1970,ellswdi01,Dick Ellsworth,2TM,0.9
1970,ellswdi01,Dick Ellsworth,CLE,0.2
1970,ellswdi01,Dick Ellsworth,MIL,0.7
1970,lachema01,Marcel Lachemann,OAK,0.9
1970,wilsobi03,Bill Wilson,PHI,0.1
1970,hoernjo01,Joe Hoerner,PHI,2.4
1970,brownja01,Jackie Brown,WSA,0.2
1970,lambra01,Ray Lamb,LAD,0.3
1970,penajo01,José Peña,LAD,-0.4
1970,williro01,Ron Willis,SDP,-0.2
1970,hartech01,Chuck Hartenstein,3TM,-1.4
1970,hartech01,Chuck Hartenstein,2TM,-0.7
1970,hartech01,Chuck Hartenstein,PIT,-0.2
1970,hartech01,Chuck Hartenstein,STL,-0.4
1970,hartech01,Chuck Hartenstein,BOS,-0.8
1970,watted01,Eddie Watt,BAL,1.1
1970,richepe01,Pete Richert,BAL,2.3
1970,nyeri01,Rich Nye,2TM,0.2
1970,nyeri01,Rich Nye,STL,0.0
1970,nyeri01,Rich Nye,MON,0.2
1970,wrighke01,Ken Wright,KCR,-0.5
1970,humphbo01,Bob Humphreys,2TM,1.1
1970,humphbo01,Bob Humphreys,WSA,0.1
1970,humphbo01,Bob Humphreys,MIL,1.0
1970,suchdi01,Dick Such,WSA,-1.5
1970,larocda01,Dave LaRoche,CAL,0.4
1970,stangle01,Lee Stange,2TM,-1.0
1970,stangle01,Lee Stange,BOS,-1.1
1970,stangle01,Lee Stange,CHW,0.1
1970,campisa01,Sal Campisi,STL,1.3
1970,doylepa01,Paul Doyle,2TM,-0.8
1970,doylepa01,Paul Doyle,CAL,-0.7
1970,doylepa01,Paul Doyle,SDP,-0.1
1970,hamilst01,Steve Hamilton,2TM,0.7
1970,hamilst01,Steve Hamilton,NYY,0.7
1970,hamilst01,Steve Hamilton,CHW,0.0
1970,cardwdo01,Don Cardwell,2TM,-1.3
1970,cardwdo01,Don Cardwell,NYM,-0.6
1970,cardwdo01,Don Cardwell,ATL,-0.7
1970,reedbo01,Bob Reed,DET,0.3
1970,o'donjo02,John O'Donoghue,2TM,-0.5
1970,o'donjo02,John O'Donoghue,MIL,-0.3
1970,o'donjo02,John O'Donoghue,MON,-0.2
1970,magnuji01,Jim Magnuson,CHW,-0.1
1970,wynnebi02,Billy Wynne,CHW,-0.3
1970,rolanji01,Jim Roland,OAK,0.8
1970,gibbojo01,Joe Gibbon,PIT,-0.5
1970,wagnega01,Gary Wagner,BOS,0.2
1970,bluevi01,Vida Blue,OAK,0.8
1970,gurala01,Larry Gura,CHC,0.5
1970,penaor01,Orlando Peña,PIT,-0.2
1970,leebi03,Bill Lee,BOS,0.1
1970,davismi01,Mike Davison,SFG,-0.9
1970,baldwda01,Dave Baldwin,MIL,1.0
1970,lauzege01,George Lauzerique,MIL,-0.8
1970,lonboji01,Jim Lonborg,BOS,0.8
1970,dilauja01,Jack DiLauro,HOU,-0.5
1970,gogolbi01,Bill Gogolewski,WSA,0.0
1970,cambrfr01,Fred Cambria,PIT,0.3
1970,siskto01,Tommie Sisk,CHW,-0.7
1970,kesteri01,Rick Kester,ATL,-0.2
1970,lambjo01,John Lamb,PIT,0.8
1970,bertafr01,Frank Bertaina,STL,0.4
1970,mcraeno01,Norm McRae,DET,0.6
1970,colbevi01,Vince Colbert,CLE,-0.8
1970,dillmbi01,Bill Dillman,MON,-0.2
1970,woodsdi01,Dick Woodson,MIN,-0.2
1970,wenzfr01,Fred Wenz,PHI,0.3
1970,folkeri01,Rich Folkers,NYM,-0.6
1970,sparmjo01,Joe Sparma,MON,-0.6
1970,leonhda01,Dave Leonhard,BAL,-0.4
1970,barbest02,Steve Barber,MIN,-0.1
1970,monteau01,Aurelio Monteagudo,KCR,0.4
1970,navarju01,Julio Navarro,ATL,0.3
1970,clevere01,Reggie Cleveland,STL,-1.1
1970,rittwji01,Jim Rittwage,CLE,0.4
1970,allenll01,Lloyd Allen,CAL,0.4
1970,forscke01,Ken Forsch,HOU,-0.1
1970,philled03,Ed Phillips,BOS,-0.1
1970,o'rildo01,Don O'Riley,KCR,-0.1
1970,garbege01,Gene Garber,PIT,-0.2
1970,jastela01,Larry Jaster,ATL,-0.4
1970,parkeha01,Harry Parker,STL,0.2
1970,wilcomi01,Milt Wilcox,CIN,0.7
1970,carrido01,Don Carrithers,SFG,-0.4
1970,kealest01,Steve Kealey,CAL,-0.1
1970,mccoobi01,Billy McCool,STL,-0.2
1970,hilgeto01,Tom Hilgendorf,STL,0.2
1970,mingost01,Steve Mingori,CLE,0.4
1970,barbest01,Steve Barber,2TM,-0.4
1970,barbest01,Steve Barber,CHC,-0.4
1970,barbest01,Steve Barber,ATL,0.0
1970,hraboal01,Al Hrabosky,STL,0.2
1970,puentmi01,Miguel Puente,SFG,-0.6
1970,strahmi01,Mike Strahler,LAD,0.4
1970,meyerbo01,Bob Meyer,MIL,-0.6
1970,noriejo01,John Noriega,CIN,-0.5
1970,borbope01,Pedro Borbón,CIN,-0.5
1970,houghch01,Charlie Hough,LAD,-0.1
1970,burbabi01,Bill Burbach,NYY,-0.8
1970,malonji01,Jim Maloney,CIN,-0.8
1970,chlupbo01,Bob Chlupsa,STL,-0.5
1970,hammpe01,Pete Hamm,MIN,-0.2
1970,jarvira01,Ray Jarvis,BOS,-0.5
1970,pizarju01,Juan Pizarro,CHC,0.1
1970,verbajo01,Joe Verbanic,NYY,-0.1
1970,hedlumi01,Mike Hedlund,KCR,-0.6
1970,reynoar01,Archie Reynolds,CHC,-0.2
1970,roberje01,Jerry Robertson,DET,0.1
1970,secrido01,Don Secrist,CHW,0.0
1970,aguirha01,Hank Aguirre,CHC,-0.2
1970,champbi01,Bill Champion,PHI,-0.4
1970,pascuca02,Camilo Pascual,LAD,0.3
1970,saundde01,Dennis Saunders,DET,0.4
1970,guzmasa01,Santiago Guzmán,STL,-0.3
1970,spinksc01,Scipio Spinks,HOU,-0.5
1970,arrigge01,Gerry Arrigo,CHW,-0.9
1970,baldsja01,Jack Baldschun,SDP,-0.8
1970,dunegji01,Jim Dunegan,CHC,0.2
1970,arlinst01,Steve Arlin,SDP,0.4
1970,neibaga01,Gary Neibauer,ATL,0.0
1970,lagrole01,Lerrin LaGrow,DET,-0.4
1970,eddydo01,Don Eddy,CHW,0.3
1970,santijo02,José Santiago,BOS,-0.8
1970,mcbeaal01,Al McBean,2TM,-0.4
1970,mcbeaal01,Al McBean,LAD,0.0
1970,mcbeaal01,Al McBean,PIT,-0.4
1970,colpadi01,Dick Colpaert,PIT,-0.1
1970,behneme01,Mel Behney,CIN,-0.4
1970,faulbi01,Bill Faul,SFG,-0.2
1970,mooreba02,Balor Moore,MON,-0.4
1970,riddlde01,Denny Riddleberger,WSA,0.2
1970,haydeha01,Hal Haydel,MIN,0.1
1970,nelsoro02,Roger Nelson,KCR,-0.5
1970,splitpa01,Paul Splittorff,KCR,-0.4
1970,moretro01,Roger Moret,BOS,0.1
1970,ramospe01,Pedro Ramos,WSA,-0.3
1970,belinbo01,Bo Belinsky,CIN,-0.1
1970,yorkji01,Jim York,KCR,0.2
1970,gardnro01,Rob Gardner,NYY,0.0
1970,dukesja01,Jan Dukes,WSA,0.0
1970,johnsji03,Jim Johnson,SFG,-0.2
1970,sembeca01,Carroll Sembera,MON,-0.9
1970,stephje01,Jerry Stephenson,LAD,-0.2
1970,harribu03,Buddy Harris,HOU,0.0
1970,jacksmi01,Mike Jackson,PHI,0.2
1970,klinero01,Ron Kline,ATL,-0.2
1970,rounsge01,Gene Rounsaville,CHW,-0.3
1970,beenefr01,Fred Beene,BAL,-0.2
1970,carloci01,Cisco Carlos,WSA,0.2
1970,johnske02,Ken Johnson,MON,-0.1
1970,osteeda01,Darrell Osteen,OAK,-0.1
1970,nymanje01,Jerry Nyman,SDP,-0.4
1970,wolfwa01,Wally Wolf,CAL,0.0
1970,millsdi01,Dick Mills,BOS,-0.1
1970,osinsda01,Dan Osinski,HOU,-0.3
1970,o'toode01,Denny O'Toole,CHW,0.1
1970,shankha01,Harvey Shank,CAL,0.1
1970,womacdo01,Dooley Womack,OAK,-0.2
1970,acosted01,Ed Acosta,PIT,-0.1
1970,coxte01,Terry Cox,CAL,0.0
1970,curtijo01,John Curtis,BOS,-0.1
1970,maronlo01,Lou Marone,PIT,0.0
1970,reynoke01,Ken Reynolds,PHI,0.1
1970,brubabr01,Bruce Brubaker,MIL,0.0
1970,colsolo01,Loyd Colson,NYY,0.0
1970,gatewau01,Aubrey Gatewood,ATL,-0.3
1970,jonesga01,Gary Jones,NYY,0.2
1970,laxtobi01,Bill Laxton,PHI,-0.1
1970,peterra01,Ray Peters,MIL,-0.5
1970,talbofr01,Fred Talbot,OAK,-0.2
1970,twitcwa01,Wayne Twitchell,MIL,-0.1
1970,cosmaji01,Jim Cosman,CHC,-0.1
1970,molonri01,Richie Moloney,CHW,0.0
1971,lolicmi01,Mickey Lolich,DET,8.5
1971,woodwi01,Wilbur Wood,CHW,11.8
1971,jenkife01,Fergie Jenkins,CHC,10.1
1971,bluevi01,Vida Blue,OAK,9.0
1971,stonebi01,Bill Stoneman,MON,4.8
1971,cuellmi01,Mike Cuellar,BAL,2.8
1971,seaveto01,Tom Seaver,NYM,10.2
1971,colemjo05,Joe Coleman,DET,5.2
1971,bradlto01,Tom Bradley,CHW,6.2
1971,dobsopa01,Pat Dobson,BAL,3.1
1971,palmeji01,Jim Palmer,BAL,4.2
1971,perryga01,Gaylord Perry,SFG,2.3
1971,maricju01,Juan Marichal,SFG,2.9
1971,blylebe01,Bert Blyleven,MIN,6.5
1971,messean01,Andy Messersmith,CAL,2.7
1971,wrighcl01,Clyde Wright,CAL,3.3
1971,renkost01,Steve Renko,MON,1.7
1971,peterfr01,Fritz Peterson,NYY,3.3
1971,hunteca01,Catfish Hunter,OAK,2.7
1971,carltst01,Steve Carlton,STL,4.1
1971,wiseri01,Rick Wise,PHI,3.4
1971,perryji01,Jim Perry,MIN,1.6
1971,roberda05,Dave Roberts,SDP,7.5
1971,stottme01,Mel Stottlemyre,NYY,3.7
1971,niekrph01,Phil Niekro,ATL,5.1
1971,wilsodo01,Don Wilson,HOU,6.1
1971,kirbycl01,Clay Kirby,SDP,4.2
1971,suttodo01,Don Sutton,LAD,4.6
1971,pattima01,Marty Pattin,MIL,3.4
1971,downial01,Al Downing,LAD,3.8
1971,pappami01,Milt Pappas,CHC,5.8
1971,kaatji01,Jim Kaat,MIN,4.3
1971,osteecl01,Claude Osteen,LAD,1.9
1971,gibsobo01,Bob Gibson,STL,5.0
1971,nolanga01,Gary Nolan,CIN,1.7
1971,parsobi01,Bill Parsons,MIL,2.7
1971,murphto02,Tom Murphy,CAL,1.0
1971,culpra01,Ray Culp,BOS,2.3
1971,handsbi01,Bill Hands,CHC,3.5
1971,bahnsst01,Stan Bahnsen,NYY,1.9
1971,dragodi01,Dick Drago,KCR,4.1
1971,blassst01,Steve Blass,PIT,4.0
1971,bosmadi01,Dick Bosman,WSA,1.5
1971,siebeso01,Sonny Siebert,BOS,5.4
1971,johnto01,Tommy John,CHW,1.7
1971,billija01,Jack Billingham,HOU,1.9
1971,arlinst01,Steve Arlin,SDP,0.6
1971,ellisdo01,Dock Ellis,PIT,1.7
1971,mcnalda01,Dave McNally,BAL,3.1
1971,klinest01,Steve Kline,NYY,2.6
1971,reedro01,Ron Reed,ATL,2.6
1971,clevere01,Reggie Cleveland,STL,2.1
1971,gulledo01,Don Gullett,CIN,3.1
1971,mclaide01,Denny McLain,WSA,-0.4
1971,mcdowsa01,Sam McDowell,CLE,4.0
1971,lerscba01,Barry Lersch,PHI,1.2
1971,peterga01,Gary Peters,BOS,0.5
1971,mortoca01,Carl Morton,MON,-1.9
1971,reussje01,Jerry Reuss,STL,-0.5
1971,mayru01,Rudy May,CAL,2.9
1971,lockwsk01,Skip Lockwood,MIL,0.8
1971,hedlumi01,Mike Hedlund,KCR,4.1
1971,gentrga01,Gary Gentry,NYM,1.8
1971,singebi01,Bill Singer,LAD,-0.8
1971,holtzke01,Ken Holtzman,CHC,1.2
1971,dobsoch01,Chuck Dobson,OAK,-0.1
1971,forscke01,Ken Forsch,HOU,3.6
1971,cumbejo01,John Cumberland,SFG,2.9
1971,dunnist01,Steve Dunning,CLE,1.0
1971,fosteal01,Alan Foster,CLE,1.5
1971,krausle02,Lew Krausse,MIL,2.3
1971,johnsba01,Bart Johnson,CHW,3.9
1971,mcanaer01,Ernie McAnally,MON,0.5
1971,johnsbo03,Bob Johnson,PIT,1.2
1971,shortch02,Chris Short,PHI,1.0
1971,stonege02,George Stone,ATL,2.4
1971,mcgloji01,Jim McGlothlin,CIN,1.2
1971,kekicmi01,Mike Kekich,NYY,-0.4
1971,lonboji01,Jim Lonborg,BOS,0.3
1971,koosmje01,Jerry Koosman,NYM,2.4
1971,sadecra01,Ray Sadecki,NYM,3.2
1971,jarvipa01,Pat Jarvis,ATL,1.1
1971,reynoke01,Ken Reynolds,PHI,-0.4
1971,grimsro02,Ross Grimsley,CIN,0.7
1971,walkelu01,Luke Walker,PIT,1.2
1971,dierkla01,Larry Dierker,HOU,3.5
1971,blasiwa01,Wade Blasingame,HOU,-1.1
1971,lambra01,Ray Lamb,CLE,2.7
1971,ryanno01,Nolan Ryan,NYM,-0.2
1971,frymawo01,Woodie Fryman,PHI,2.1
1971,slatoji01,Jim Slaton,MIL,0.6
1971,seguidi01,Diego Seguí,OAK,1.1
1971,cainle01,Les Cain,DET,0.1
1971,splitpa01,Paul Splittorff,KCR,2.6
1971,kelleto01,Tom Kelley,ATL,2.7
1971,colbevi01,Vince Colbert,CLE,0.8
1971,dalcabr01,Bruce Dal Canton,KCR,1.0
1971,odombl01,Blue Moon Odom,OAK,-1.2
1971,corbira01,Ray Corbin,MIN,0.1
1971,bryanro01,Ron Bryant,SFG,0.3
1971,moosebo01,Bob Moose,PIT,-0.6
1971,horlejo01,Joe Horlen,CHW,0.8
1971,sandeke01,Ken Sanders,MIL,4.0
1971,brilene01,Nelson Briles,PIT,1.8
1971,phoebto01,Tom Phoebus,SDP,0.2
1971,nashji01,Jim Nash,ATL,-0.8
1971,normafr01,Fred Norman,2TM,2.0
1971,normafr01,Fred Norman,STL,-0.2
1971,normafr01,Fred Norman,SDP,2.2
1971,hallto01,Tom Hall,MIN,1.8
1971,fingero01,Rollie Fingers,OAK,1.6
1971,fitzmal01,Al Fitzmorris,KCR,0.5
1971,brobepe01,Pete Broberg,WSA,0.8
1971,coxca01,Casey Cox,WSA,-0.9
1971,gogolbi01,Bill Gogolewski,WSA,2.9
1971,niekrjo01,Joe Niekro,DET,0.4
1971,shellji01,Jim Shellenback,WSA,0.8
1971,fisheed02,Eddie Fisher,CAL,0.9
1971,simpswa01,Wayne Simpson,CIN,-1.5
1971,strohjo01,John Strohmayer,MON,-0.4
1971,hargast01,Steve Hargan,CLE,-1.6
1971,scherfr01,Fred Scherman,DET,3.2
1971,marshmi01,Mike Marshall,MON,-0.7
1971,mcgratu01,Tug McGraw,NYM,4.1
1971,stonest01,Steve Stone,SFG,0.0
1971,bunniji01,Jim Bunning,PHI,-2.0
1971,johnsje01,Jerry Johnson,SFG,0.9
1971,champbi01,Bill Champion,PHI,-0.4
1971,merriji01,Jim Merritt,CIN,-0.6
1971,grantmu01,Mudcat Grant,2TM,0.6
1971,grantmu01,Mudcat Grant,PIT,0.2
1971,grantmu01,Mudcat Grant,OAK,0.4
1971,leebi03,Bill Lee,BOS,2.2
1971,pizarju01,Juan Pizarro,CHC,1.8
1971,grangwa01,Wayne Granger,CIN,0.1
1971,lindbpa01,Paul Lindblad,2TM,2.4
1971,lindbpa01,Paul Lindblad,OAK,-0.1
1971,lindbpa01,Paul Lindblad,WSA,2.4
1971,millebo04,Bob Miller,3TM,3.9
1971,millebo04,Bob Miller,CHC,0.0
1971,millebo04,Bob Miller,SDP,3.2
1971,millebo04,Bob Miller,PIT,0.7
1971,rayji01,Jim Ray,HOU,2.6
1971,clonito01,Tony Cloninger,CIN,0.2
1971,culvege01,George Culver,HOU,1.4
1971,kisonbr01,Bruce Kison,PIT,0.7
1971,allenll01,Lloyd Allen,CAL,2.1
1971,carrocl02,Clay Carroll,CIN,1.8
1971,yorkji01,Jim York,KCR,1.6
1971,alexado01,Doyle Alexander,LAD,-0.4
1971,friseda01,Danny Frisella,NYM,2.1
1971,willist02,Stan Williams,2TM,0.1
1971,willist02,Stan Williams,MIN,-0.5
1971,willist02,Stan Williams,STL,0.7
1971,mcandji01,Jim McAndrew,NYM,-0.4
1971,willich01,Charlie Williams,NYM,-0.8
1971,chancde01,Dean Chance,DET,0.7
1971,zachach02,Chris Zachary,STL,-1.1
1971,burgmto01,Tom Burgmeier,KCR,2.8
1971,santoal01,Al Santorini,2TM,1.0
1971,santoal01,Al Santorini,SDP,0.0
1971,santoal01,Al Santorini,STL,1.0
1971,kilkemi01,Mike Kilkenny,DET,-0.7
1971,giustda01,Dave Giusti,PIT,1.0
1971,timmeto01,Tom Timmermann,DET,1.2
1971,brandbu01,Darrell Brandon,PHI,-0.1
1971,henniph01,Phil Hennigan,CLE,0.0
1971,mcmahdo02,Don McMahon,SFG,-0.2
1971,upshace01,Cecil Upshaw,ATL,1.7
1971,breweji01,Jim Brewer,LAD,3.1
1971,abernte02,Ted Abernathy,KCR,1.5
1971,carrido01,Don Carrithers,SFG,-0.8
1971,farmeed01,Ed Farmer,CLE,0.4
1971,wrighke01,Ken Wright,KCR,0.5
1971,jacksgr01,Grant Jackson,BAL,0.5
1971,kealest01,Steve Kealey,CHW,0.2
1971,barbest01,Steve Barber,ATL,0.2
1971,mikkepe01,Pete Mikkelsen,LAD,-1.0
1971,reganph01,Phil Regan,CHC,0.6
1971,hoernjo01,Joe Hoerner,PHI,2.7
1971,lockebo02,Bob Locker,OAK,0.3
1971,tiantlu01,Luis Tiant,BOS,-0.4
1971,larocda01,Dave LaRoche,CAL,1.8
1971,romovi01,Vicente Romo,CHW,1.7
1971,tayloch02,Chuck Taylor,STL,0.9
1971,mcginda01,Dan McGinn,MON,-1.5
1971,moretro01,Roger Moret,BOS,1.3
1971,grzenjo01,Joe Grzenda,WSA,2.2
1971,several01,Al Severinsen,SDP,0.6
1971,bolinbo01,Bobby Bolin,BOS,0.1
1971,mcdanli01,Lindy McDaniel,NYY,-1.4
1971,riddlde01,Denny Riddleberger,WSA,0.9
1971,tayloro01,Ron Taylor,NYM,0.5
1971,luebbst01,Steve Luebber,MIN,-0.7
1971,knowlda01,Darold Knowles,2TM,0.1
1971,knowlda01,Darold Knowles,WSA,0.2
1971,knowlda01,Darold Knowles,OAK,-0.1
1971,lopezma01,Marcelino López,MIL,-1.7
1971,morrijo06,John Morris,MIL,-0.2
1971,thompmi01,Mike Thompson,WSA,-0.5
1971,moelljo01,Joe Moeller,LAD,-0.3
1971,queenme02,Mel Queen,CAL,1.6
1971,gibbojo01,Joe Gibbon,CIN,0.1
1971,priddbo01,Bob Priddy,ATL,-0.2
1971,paulmi01,Mike Paul,CLE,-0.6
1971,janesje01,Gerry Janeski,WSA,-0.6
1971,roberri01,Rich Robertson,SFG,-1.1
1971,handri01,Rich Hand,CLE,-0.7
1971,perraro01,Ron Perranoski,2TM,-2.5
1971,perraro01,Ron Perranoski,MIN,-2.6
1971,perraro01,Ron Perranoski,DET,0.0
1971,drabomo01,Moe Drabowsky,STL,1.2
1971,bonhabi01,Bill Bonham,CHC,-0.3
1971,lemasde01,Denny Lemaster,HOU,0.7
1971,kelledi01,Dick Kelley,SDP,0.4
1971,linzyfr01,Frank Linzy,STL,1.8
1971,brettke01,Ken Brett,BOS,-0.8
1971,wilsobi03,Bill Wilson,PHI,1.3
1971,coombda01,Danny Coombs,SDP,-2.1
1971,pinaho01,Horacio Piña,WSA,0.5
1971,mingost01,Steve Mingori,CLE,3.3
1971,reedho01,Howie Reed,MON,0.0
1971,mcquemi01,Mike McQueen,ATL,0.9
1971,akerja01,Jack Aker,NYY,0.9
1971,leonhda01,Dave Leonhard,BAL,0.6
1971,rookeji01,Jim Rooker,KCR,-0.8
1971,raymocl01,Claude Raymond,MON,-0.7
1971,tatumke01,Ken Tatum,BOS,0.0
1971,lylesp01,Sparky Lyle,BOS,1.9
1971,herbero01,Ron Herbel,ATL,0.0
1971,gladdfr01,Fred Gladding,HOU,0.9
1971,shawdo01,Don Shaw,STL,1.4
1971,forstte01,Terry Forster,CHW,0.5
1971,denehbi01,Bill Denehy,DET,0.1
1971,brownja01,Jackie Brown,WSA,-0.9
1971,vealebo01,Bob Veale,PIT,-2.1
1971,acosted01,Ed Acosta,SDP,0.7
1971,brittji02,Jim Britton,MON,-0.9
1971,deckejo01,Joe Decker,CHC,0.2
1971,klimkro01,Ron Klimkowski,OAK,0.0
1971,rolanji01,Jim Roland,OAK,0.2
1971,hamilst01,Steve Hamilton,SFG,0.8
1971,butlebi02,Bill Butler,KCR,0.3
1971,clarkri01,Rickey Clark,CAL,0.8
1971,hammpe01,Pete Hamm,MIN,-1.0
1971,reberfr01,Frank Reberger,SFG,0.3
1971,halldi01,Dick Hall,BAL,-1.4
1971,wilcomi01,Milt Wilcox,CIN,-0.3
1971,hannaji01,Jim Hannan,2TM,-0.6
1971,hannaji01,Jim Hannan,DET,0.1
1971,hannaji01,Jim Hannan,MIL,-0.7
1971,penajo01,José Peña,LAD,0.2
1971,o'bribo01,Bob O'Brien,LAD,0.2
1971,patteda02,Daryl Patterson,3TM,-0.3
1971,patteda02,Daryl Patterson,2TM,-0.4
1971,patteda02,Daryl Patterson,DET,-0.2
1971,patteda02,Daryl Patterson,OAK,-0.1
1971,patteda02,Daryl Patterson,STL,0.1
1971,haydeha01,Hal Haydel,MIN,0.2
1971,tompkro01,Ron Tompkins,CHC,0.6
1971,watted01,Eddie Watt,BAL,0.7
1971,torremi01,Mike Torrez,2TM,-0.6
1971,torremi01,Mike Torrez,STL,-0.7
1971,torremi01,Mike Torrez,MON,0.1
1971,dukesto01,Tom Dukes,BAL,0.2
1971,newmara01,Ray Newman,CHC,0.9
1971,nagymi01,Mike Nagy,BOS,-0.9
1971,griffto02,Tom Griffin,HOU,-0.3
1971,matlajo01,Jon Matlack,NYM,0.1
1971,richepe01,Pete Richert,BAL,0.1
1971,waslega01,Gary Waslewski,NYY,0.3
1971,barrji01,Jim Barr,SFG,0.3
1971,ballima01,Mark Ballinger,CLE,-0.2
1971,nelsoji01,Jim Nelson,PIT,0.9
1971,nelsoro02,Roger Nelson,KCR,-0.3
1971,hardiji01,Jim Hardin,2TM,-0.7
1971,hardiji01,Jim Hardin,BAL,-0.2
1971,hardiji01,Jim Hardin,NYY,-0.5
1971,bunkewa01,Wally Bunker,KCR,-0.3
1971,zeppbi01,Bill Zepp,DET,-0.5
1971,stricji01,Jim Strickland,MIN,0.3
1971,harribu03,Buddy Harris,HOU,-0.5
1971,malonji01,Jim Maloney,CAL,-0.3
1971,gilbrbi01,Bill Gilbreth,DET,-0.1
1971,magnuji01,Jim Magnuson,CHW,0.0
1971,spinksc01,Scipio Spinks,HOU,0.2
1971,bosweda01,Dave Boswell,2TM,-0.5
1971,bosweda01,Dave Boswell,DET,0.0
1971,bosweda01,Dave Boswell,BAL,-0.4
1971,clostal01,Al Closter,NYY,-0.9
1971,laxtobi01,Bill Laxton,SDP,-1.0
1971,reynoar01,Archie Reynolds,CAL,-0.3
1971,weavefl01,Floyd Weaver,MIL,-0.9
1971,hambrro01,Roger Hambright,NYY,-0.1
1971,curtijo01,John Curtis,BOS,0.6
1971,vancesa01,Sandy Vance,LAD,-0.9
1971,cookro02,Ron Cook,HOU,0.0
1971,selmadi01,Dick Selma,PHI,0.4
1971,hintori01,Rich Hinton,CHW,0.1
1971,rossga01,Gary Ross,SDP,0.2
1971,clemola01,Lance Clemons,KCR,-0.6
1971,pascuca02,Camilo Pascual,CLE,0.6
1971,austiri01,Rick Austin,CLE,-0.3
1971,eddydo01,Don Eddy,CHW,0.7
1971,hootobu01,Burt Hooton,CHC,0.9
1971,montgmo01,Monty Montgomery,KCR,0.8
1971,kooncca01,Cal Koonce,BOS,-0.4
1971,neibaga01,Gary Neibauer,ATL,0.7
1971,richaj.01,J.R. Richard,HOU,0.2
1971,houseto01,Tom House,ATL,0.4
1971,stephea01,Earl Stephenson,CHC,0.2
1971,wilheho01,Hoyt Wilhelm,2TM,0.4
1971,wilheho01,Hoyt Wilhelm,ATL,-0.3
1971,wilheho01,Hoyt Wilhelm,LAD,0.7
1971,garmami01,Mike Garman,BOS,0.3
1971,hasslan01,Andy Hassler,CAL,-0.1
1971,machech01,Chuck Machemehl,CLE,-1.2
1971,gebhabo01,Bob Gebhard,MIN,0.4
1971,o'donjo02,John O'Donoghue,MON,-0.1
1971,greifbi01,Bill Greif,HOU,-0.3
1971,twitcwa01,Wayne Twitchell,PHI,0.4
1971,palmelo01,Lowell Palmer,PHI,-0.3
1971,bellje01,Jerry Bell,MIL,0.2
1971,ellswdi01,Dick Ellsworth,MIL,-0.3
1971,penaor01,Orlando Peña,BAL,-0.1
1971,jonesga01,Gary Jones,NYY,-0.4
1971,corkimi01,Mike Corkins,SDP,0.1
1971,reynobo01,Bob Reynolds,2TM,-0.1
1971,reynobo01,Bob Reynolds,STL,-0.2
1971,reynobo01,Bob Reynolds,MIL,0.1
1971,strahmi01,Mike Strahler,LAD,0.2
1971,hernara01,Ramón Hernández,PIT,0.8
1971,arroyru01,Rudy Arroyo,STL,-0.2
1971,barbest02,Steve Barber,MIN,-0.3
1971,spraged01,Ed Sprague,CIN,0.3
1971,gardnro01,Rob Gardner,2TM,0.2
1971,gardnro01,Rob Gardner,OAK,0.2
1971,gardnro01,Rob Gardner,NYY,0.1
1971,colboji01,Jim Colborn,CHC,-0.1
1971,munizma01,Manny Muñiz,PHI,-0.2
1971,guzmasa01,Santiago Guzmán,STL,0.5
1971,mccormi03,Mike McCormick,KCR,-0.4
1971,brunege01,George Brunet,STL,-0.3
1971,leyte01,Terry Ley,NYY,-0.3
1971,garregr01,Greg Garrett,CIN,0.3
1971,whillja01,Jack Whillock,DET,-0.1
1971,higgide01,Dennis Higgins,STL,0.1
1971,caldwmi01,Mike Caldwell,SDP,0.3
1971,kaisebo01,Bob Kaiser,CLE,0.0
1971,perzast01,Stan Perzanowski,CHW,-0.6
1971,frankja02,Jay Franklin,SDP,-0.2
1971,panthji01,Jim Panther,OAK,-0.5
1971,caprabu01,Buzz Capra,NYM,-0.3
1971,parkeha01,Harry Parker,STL,0.0
1971,guinnsk01,Skip Guinn,HOU,0.3
1971,borbope01,Pedro Borbón,CIN,-0.1
1971,campisa01,Sal Campisi,MIN,0.1
1971,houghch01,Charlie Hough,LAD,-0.1
1971,lambjo01,John Lamb,PIT,0.3
1971,seelbch01,Chuck Seelbach,DET,-0.3
1971,willoji01,Jim Willoughby,SFG,-0.2
1971,wynnebi02,Billy Wynne,CAL,0.0
1971,burbabi01,Bill Burbach,NYY,-0.5
1971,bearnla01,Larry Bearnarth,MIL,-0.3
1971,gurala01,Larry Gura,CHC,-0.2
1971,blatest01,Steve Blateric,CIN,-0.2
1971,brossfr01,Frank Brosseau,PIT,0.2
1971,chlupbo01,Bob Chlupsa,STL,-0.1
1971,hraboal01,Al Hrabosky,STL,0.1
1971,jacqupa01,Pat Jacquez,CHW,0.0
1971,o'toode01,Denny O'Toole,CHW,0.1
1971,rosedo01,Don Rose,NYM,0.1
1971,gelnajo01,John Gelnar,MIL,-0.1
1971,lashefr01,Fred Lasher,CAL,-0.2
1971,foorji01,Jim Foor,DET,-0.2
1971,jacksmi01,Mike Jackson,STL,0.1
1971,lachema01,Marcel Lachemann,OAK,-0.1
1971,yountla01,Larry Yount,HOU,0.0
1972,woodwi01,Wilbur Wood,CHW,10.7
1972,carltst01,Steve Carlton,PHI,12.1
1972,perryga01,Gaylord Perry,CLE,10.8
1972,lolicmi01,Mickey Lolich,DET,7.4
1972,hunteca01,Catfish Hunter,OAK,5.7
1972,jenkife01,Fergie Jenkins,CHC,5.8
1972,blylebe01,Bert Blyleven,MIN,5.0
1972,ryanno01,Nolan Ryan,CAL,6.2
1972,niekrph01,Phil Niekro,ATL,5.4
1972,colemjo05,Joe Coleman,DET,4.4
1972,gibsobo01,Bob Gibson,STL,7.1
1972,palmeji01,Jim Palmer,BAL,5.2
1972,suttodo01,Don Sutton,LAD,6.6
1972,wiseri01,Rick Wise,STL,5.0
1972,dobsopa01,Pat Dobson,BAL,3.1
1972,holtzke01,Ken Holtzman,OAK,3.2
1972,seaveto01,Tom Seaver,NYM,5.2
1972,bradlto01,Tom Bradley,CHW,5.4
1972,stottme01,Mel Stottlemyre,NYY,2.6
1972,pattima01,Marty Pattin,BOS,3.5
1972,bahnsst01,Stan Bahnsen,CHW,3.2
1972,osteecl01,Claude Osteen,LAD,5.1
1972,woodsdi01,Dick Woodson,MIN,2.4
1972,wrighcl01,Clyde Wright,CAL,1.5
1972,stonebi01,Bill Stoneman,MON,3.9
1972,peterfr01,Fritz Peterson,NYY,2.0
1972,arlinst01,Steve Arlin,SDP,1.8
1972,blassst01,Steve Blass,PIT,4.0
1972,cuellmi01,Mike Cuellar,BAL,3.4
1972,matlajo01,Jon Matlack,NYM,6.1
1972,torremi01,Mike Torrez,MON,2.4
1972,mcnalda01,Dave McNally,BAL,1.5
1972,dragodi01,Dick Drago,KCR,3.1
1972,kirbycl01,Clay Kirby,SDP,4.5
1972,tidrodi01,Dick Tidrow,CLE,3.2
1972,klinest01,Steve Kline,NYY,3.7
1972,frymawo01,Woodie Fryman,2TM,2.7
1972,frymawo01,Woodie Fryman,PHI,-0.2
1972,frymawo01,Woodie Fryman,DET,2.9
1972,clevere01,Reggie Cleveland,STL,-0.1
1972,wilsodo01,Don Wilson,HOU,4.9
1972,moosebo01,Bob Moose,PIT,2.3
1972,lonboji01,Jim Lonborg,MIL,3.2
1972,hootobu01,Burt Hooton,CHC,5.0
1972,billija01,Jack Billingham,CIN,1.2
1972,perryji01,Jim Perry,MIN,0.4
1972,splitpa01,Paul Splittorff,KCR,2.6
1972,dierkla01,Larry Dierker,HOU,2.8
1972,bryanro01,Ron Bryant,SFG,2.9
1972,parsobi01,Bill Parsons,MIL,-0.7
1972,reedro01,Ron Reed,ATL,1.3
1972,normafr01,Fred Norman,SDP,2.8
1972,mayru01,Rudy May,CAL,1.5
1972,downial01,Al Downing,LAD,2.0
1972,grimsro02,Ross Grimsley,CIN,1.1
1972,siebeso01,Sonny Siebert,BOS,-0.2
1972,brilene01,Nelson Briles,PIT,1.0
1972,pappami01,Milt Pappas,CHC,4.1
1972,odombl01,Blue Moon Odom,OAK,1.9
1972,reussje01,Jerry Reuss,HOU,-0.2
1972,roberda05,Dave Roberts,HOU,-0.1
1972,handsbi01,Bill Hands,CHC,3.5
1972,johnto01,Tommy John,LAD,2.3
1972,barrji01,Jim Barr,SFG,2.9
1972,tiantlu01,Luis Tiant,BOS,6.5
1972,brobepe01,Pete Broberg,TEX,-1.0
1972,nolanga01,Gary Nolan,CIN,3.3
1972,kekicmi01,Mike Kekich,NYY,0.5
1972,bosmadi01,Dick Bosman,TEX,-0.3
1972,nelsoro02,Roger Nelson,KCR,5.1
1972,mortoca01,Carl Morton,MON,0.1
1972,handri01,Rich Hand,TEX,2.2
1972,lockwsk01,Skip Lockwood,MIL,0.4
1972,mcanaer01,Ernie McAnally,MON,0.7
1972,messean01,Andy Messersmith,CAL,2.2
1972,singebi01,Bill Singer,LAD,-0.5
1972,maricju01,Juan Marichal,SFG,0.1
1972,mcdowsa01,Sam McDowell,SFG,-0.4
1972,gentrga01,Gary Gentry,NYM,0.4
1972,caldwmi01,Mike Caldwell,SDP,-0.7
1972,ellisdo01,Dock Ellis,PIT,1.9
1972,koosmje01,Jerry Koosman,NYM,0.4
1972,corbira01,Ray Corbin,MIN,2.2
1972,paulmi01,Mike Paul,TEX,3.4
1972,mcandji01,Jim McAndrew,NYM,3.6
1972,forscke01,Ken Forsch,HOU,0.9
1972,wilcomi01,Milt Wilcox,CLE,0.4
1972,curtijo01,John Curtis,BOS,1.4
1972,reynoke01,Ken Reynolds,PHI,0.5
1972,kisonbr01,Bruce Kison,PIT,0.8
1972,bluevi01,Vida Blue,OAK,0.7
1972,gogolbi01,Bill Gogolewski,TEX,0.0
1972,timmeto01,Tom Timmermann,DET,1.8
1972,colboji01,Jim Colborn,MIL,1.4
1972,mooreba02,Balor Moore,MON,1.2
1972,mcgloly01,Lynn McGlothen,BOS,1.1
1972,mcgloji01,Jim McGlothlin,CIN,-1.1
1972,schuero01,Ron Schueler,ATL,1.3
1972,corkimi01,Mike Corkins,SDP,1.2
1972,twitcwa01,Wayne Twitchell,PHI,0.0
1972,gulledo01,Don Gullett,CIN,-0.7
1972,santoal01,Al Santorini,STL,0.5
1972,brettke01,Ken Brett,MIL,-1.5
1972,champbi01,Bill Champion,PHI,-1.1
1972,dalcabr01,Bruce Dal Canton,KCR,1.2
1972,simpswa01,Wayne Simpson,CIN,-0.5
1972,reuscri01,Rick Reuschel,CHC,2.9
1972,greifbi01,Bill Greif,SDP,-2.0
1972,hallto01,Tom Hall,CIN,0.9
1972,stonest01,Steve Stone,SFG,1.6
1972,borbope01,Pedro Borbón,CIN,0.4
1972,spinksc01,Scipio Spinks,STL,2.7
1972,kelleto01,Tom Kelley,ATL,0.3
1972,marshmi01,Mike Marshall,MON,4.0
1972,johnsbo03,Bob Johnson,PIT,1.3
1972,kaatji01,Jim Kaat,MIN,1.8
1972,hedlumi01,Mike Hedlund,KCR,-1.4
1972,seelbch01,Chuck Seelbach,DET,1.6
1972,fingero01,Rollie Fingers,OAK,1.3
1972,stonege02,George Stone,ATL,-0.8
1972,clarkri01,Rickey Clark,CAL,-1.0
1972,lambra01,Ray Lamb,CLE,0.8
1972,lylesp01,Sparky Lyle,NYY,3.6
1972,alexado01,Doyle Alexander,BAL,1.1
1972,mcgratu01,Tug McGraw,NYM,4.3
1972,culpra01,Ray Culp,BOS,-0.8
1972,dunnist01,Steve Dunning,CLE,1.3
1972,stanhdo01,Don Stanhouse,TEX,0.5
1972,brandbu01,Darrell Brandon,PHI,0.5
1972,fisheed02,Eddie Fisher,2TM,0.2
1972,fisheed02,Eddie Fisher,CAL,0.3
1972,fisheed02,Eddie Fisher,CHW,-0.1
1972,ryersga01,Gary Ryerson,MIL,-0.5
1972,hamilda01,Dave Hamilton,OAK,0.8
1972,fitzmal01,Al Fitzmorris,KCR,0.1
1972,lerscba01,Barry Lersch,PHI,1.5
1972,forstte01,Terry Forster,CHW,3.2
1972,lindbpa01,Paul Lindblad,TEX,2.5
1972,reberfr01,Frank Reberger,SFG,0.1
1972,jarvipa01,Pat Jarvis,ATL,0.6
1972,selmadi01,Dick Selma,PHI,-1.6
1972,culvege01,George Culver,HOU,1.9
1972,gardnro01,Rob Gardner,NYY,0.0
1972,renkost01,Steve Renko,MON,-1.0
1972,carrocl02,Clay Carroll,CIN,1.5
1972,larocda01,Dave LaRoche,MIN,1.1
1972,lemonda01,Dave Lemonds,CHW,1.3
1972,griffto02,Tom Griffin,HOU,1.0
1972,harriro01,Roric Harrison,BAL,1.9
1972,scherfr01,Fred Scherman,DET,-0.3
1972,panthji01,Jim Panther,TEX,-1.0
1972,walkelu01,Luke Walker,PIT,0.0
1972,sandeke01,Ken Sanders,MIL,0.1
1972,rossga01,Gary Ross,SDP,1.5
1972,goltzda01,Dave Goltz,MIN,1.3
1972,rayji01,Jim Ray,HOU,-0.9
1972,carrido01,Don Carrithers,SFG,-2.0
1972,grangwa01,Wayne Granger,MIN,-0.9
1972,acosted01,Ed Acosta,SDP,-0.3
1972,phoebto01,Tom Phoebus,2TM,0.2
1972,phoebto01,Tom Phoebus,SDP,-0.2
1972,phoebto01,Tom Phoebus,CHC,0.3
1972,willoji01,Jim Willoughby,SFG,2.7
1972,allenll01,Lloyd Allen,CAL,-0.3
1972,peterga01,Gary Peters,BOS,-0.6
1972,leebi03,Bill Lee,BOS,1.5
1972,horlejo01,Joe Horlen,OAK,0.2
1972,slaybbi01,Bill Slayback,DET,0.4
1972,stephea01,Earl Stephenson,MIL,0.4
1972,murphto02,Tom Murphy,2TM,0.8
1972,murphto02,Tom Murphy,CAL,-0.2
1972,murphto02,Tom Murphy,KCR,1.0
1972,gossari01,Rich Gossage,CHW,-0.5
1972,hardiji01,Jim Hardin,ATL,-0.3
1972,breweji01,Jim Brewer,LAD,3.5
1972,mcquemi01,Mike McQueen,ATL,-0.1
1972,seguidi01,Diego Seguí,2TM,0.3
1972,seguidi01,Diego Seguí,OAK,-0.1
1972,seguidi01,Diego Seguí,STL,0.4
1972,lockebo02,Bob Locker,OAK,0.7
1972,linzyfr01,Frank Linzy,MIL,0.3
1972,coxca01,Casey Cox,2TM,-1.6
1972,coxca01,Casey Cox,TEX,-1.6
1972,coxca01,Casey Cox,NYY,0.0
1972,strohjo01,John Strohmayer,MON,0.4
1972,mclaide01,Denny McLain,2TM,-1.8
1972,mclaide01,Denny McLain,OAK,-0.8
1972,mclaide01,Denny McLain,ATL,-1.0
1972,pinaho01,Horacio Piña,TEX,0.1
1972,sadecra01,Ray Sadecki,NYM,0.7
1972,colbevi01,Vince Colbert,CLE,-0.9
1972,giustda01,Dave Giusti,PIT,2.4
1972,walketo02,Tom Walker,MON,0.7
1972,barbest01,Steve Barber,2TM,1.4
1972,barbest01,Steve Barber,ATL,-0.1
1972,barbest01,Steve Barber,CAL,1.5
1972,johnsje01,Jerry Johnson,SFG,-1.0
1972,akerja01,Jack Aker,2TM,0.3
1972,akerja01,Jack Aker,NYY,0.1
1972,akerja01,Jack Aker,CHC,0.3
1972,rookeji01,Jim Rooker,KCR,-0.4
1972,bellje01,Jerry Bell,MIL,1.8
1972,moffira01,Randy Moffitt,SFG,0.2
1972,hernara01,Ramón Hernández,PIT,2.3
1972,nashji01,Jim Nash,2TM,-1.6
1972,nashji01,Jim Nash,ATL,-0.3
1972,nashji01,Jim Nash,PHI,-1.3
1972,mcdanli01,Lindy McDaniel,NYY,0.9
1972,friseda01,Danny Frisella,NYM,0.2
1972,henniph01,Phil Hennigan,CLE,1.4
1972,knowlda01,Darold Knowles,OAK,2.6
1972,kilkemi01,Mike Kilkenny,4TM,0.3
1972,kilkemi01,Mike Kilkenny,3TM,0.4
1972,kilkemi01,Mike Kilkenny,DET,0.0
1972,kilkemi01,Mike Kilkenny,OAK,0.0
1972,kilkemi01,Mike Kilkenny,SDP,-0.1
1972,kilkemi01,Mike Kilkenny,CLE,0.4
1972,mcmahdo02,Don McMahon,SFG,0.5
1972,mcginda01,Dan McGinn,CHC,-1.6
1972,farmeed01,Ed Farmer,CLE,-0.9
1972,krausle02,Lew Krausse,BOS,-1.7
1972,pizarju01,Juan Pizarro,CHC,0.5
1972,abernte02,Ted Abernathy,KCR,1.8
1972,beenefr01,Fred Beene,NYY,0.7
1972,bonhabi01,Bill Bonham,CHC,0.8
1972,mikkepe01,Pete Mikkelsen,LAD,-0.8
1972,kealest01,Steve Kealey,CHW,1.0
1972,mingost01,Steve Mingori,CLE,-0.6
1972,shellji01,Jim Shellenback,TEX,0.5
1972,spraged01,Ed Sprague,CIN,-1.0
1972,montgmo01,Monty Montgomery,KCR,0.7
1972,burgmto01,Tom Burgmeier,KCR,-1.4
1972,millebo04,Bob Miller,PIT,0.5
1972,riddlde01,Denny Riddleberger,CLE,0.2
1972,upshace01,Cecil Upshaw,ATL,0.9
1972,caprabu01,Buzz Capra,NYM,0.0
1972,richepe01,Pete Richert,LAD,0.9
1972,romovi01,Vicente Romo,CHW,0.9
1972,gladdfr01,Fred Gladding,HOU,1.3
1972,durhado01,Don Durham,STL,-0.3
1972,hilgeto01,Tom Hilgendorf,CLE,0.7
1972,niekrjo01,Joe Niekro,DET,0.4
1972,strahmi01,Mike Strahler,LAD,-0.2
1972,cumbejo01,John Cumberland,2TM,-2.1
1972,cumbejo01,John Cumberland,SFG,-1.4
1972,cumbejo01,John Cumberland,STL,-0.7
1972,watted01,Eddie Watt,BAL,0.9
1972,hoernjo01,Joe Hoerner,2TM,0.0
1972,hoernjo01,Joe Hoerner,PHI,1.0
1972,hoernjo01,Joe Hoerner,ATL,-0.9
1972,hillejo01,John Hiller,DET,0.8
1972,slatoji01,Jim Slaton,MIL,-1.2
1972,rosedo01,Don Rose,CAL,-0.6
1972,tayloch02,Chuck Taylor,2TM,0.0
1972,tayloch02,Chuck Taylor,NYM,-0.3
1972,tayloch02,Chuck Taylor,MIL,0.3
1972,jacksgr01,Grant Jackson,BAL,0.3
1972,schaema01,Mark Schaeffer,SDP,0.0
1972,bibbyji01,Jim Bibby,STL,0.1
1972,busbyst01,Steve Busby,KCR,1.3
1972,zachach02,Chris Zachary,DET,1.4
1972,newhado01,Don Newhauser,BOS,1.1
1972,scarcma01,Mac Scarce,PHI,0.5
1972,palmelo01,Lowell Palmer,2TM,0.2
1972,palmelo01,Lowell Palmer,STL,0.2
1972,palmelo01,Lowell Palmer,CLE,0.0
1972,freemji01,Jimmy Freeman,ATL,-0.5
1972,stricji01,Jim Strickland,MIN,-0.1
1972,yorkji01,Jim York,HOU,-0.2
1972,neibaga01,Gary Neibauer,2TM,-0.7
1972,neibaga01,Gary Neibauer,ATL,-0.5
1972,neibaga01,Gary Neibauer,PHI,-0.2
1972,perraro01,Ron Perranoski,2TM,-0.7
1972,perraro01,Ron Perranoski,DET,-0.8
1972,perraro01,Ron Perranoski,LAD,0.0
1972,grzenjo01,Joe Grzenda,STL,-0.7
1972,drabomo01,Moe Drabowsky,2TM,0.3
1972,drabomo01,Moe Drabowsky,STL,0.1
1972,drabomo01,Moe Drabowsky,CHW,0.2
1972,acostcy01,Cy Acosta,CHW,1.6
1972,gilbejo02,Joe Gilbert,MON,-1.0
1972,raudo01,Doug Rau,LAD,0.5
1972,nortoto01,Tom Norton,MIN,0.0
1972,klimkro01,Ron Klimkowski,NYY,0.0
1972,queenme02,Mel Queen,CAL,-0.1
1972,bolinbo01,Bobby Bolin,BOS,0.6
1972,rolanji01,Jim Roland,3TM,-0.6
1972,rolanji01,Jim Roland,OAK,-0.1
1972,rolanji01,Jim Roland,NYY,-0.4
1972,rolanji01,Jim Roland,TEX,-0.1
1972,strombr01,Brent Strom,NYM,-0.9
1972,wilsobi03,Bill Wilson,PHI,0.2
1972,tatumke01,Ken Tatum,BOS,0.3
1972,hintori01,Rich Hinton,2TM,-0.9
1972,hintori01,Rich Hinton,NYY,-0.5
1972,hintori01,Rich Hinton,TEX,-0.4
1972,lagrole01,Lerrin LaGrow,DET,0.9
1972,rauchbo01,Bob Rauch,NYM,-0.3
1972,clonito01,Tony Cloninger,STL,-0.4
1972,wilheho01,Hoyt Wilhelm,LAD,-0.4
1972,blasiwa01,Wade Blasingame,2TM,-0.5
1972,blasiwa01,Wade Blasingame,HOU,-0.5
1972,blasiwa01,Wade Blasingame,NYY,0.0
1972,cainle01,Les Cain,DET,-0.1
1972,downsda01,Dave Downs,PHI,0.6
1972,scottmi02,Mickey Scott,BAL,0.3
1972,shortch02,Chris Short,PHI,-0.1
1972,higgide01,Dennis Higgins,STL,-0.2
1972,several01,Al Severinsen,SDP,0.3
1972,gebhabo01,Bob Gebhard,MIN,-1.7
1972,hargast01,Steve Hargan,CLE,-0.7
1972,leonhda01,Dave Leonhard,BAL,-0.2
1972,jacksmi01,Mike Jackson,KCR,-0.5
1972,lemasde01,Denny Lemaster,MON,-0.8
1972,reynoar01,Archie Reynolds,MIL,-0.9
1972,webbha01,Hank Webb,NYM,0.0
1972,wrighke01,Ken Wright,KCR,-0.3
1972,waslega01,Gary Waslewski,OAK,0.3
1972,reganph01,Phil Regan,2TM,0.2
1972,reganph01,Phil Regan,CHC,0.2
1972,reganph01,Phil Regan,CHW,0.0
1972,hamilst01,Steve Hamilton,CHC,0.0
1972,vealebo01,Bob Veale,2TM,0.7
1972,vealebo01,Bob Veale,PIT,-0.2
1972,vealebo01,Bob Veale,BOS,0.9
1972,barera01,Ray Bare,STL,0.7
1972,angelno01,Norm Angelini,KCR,0.5
1972,lawsost01,Steve Lawson,TEX,0.2
1972,sellsda01,Dave Sells,CAL,0.1
1972,sosael01,Elías Sosa,SFG,0.4
1972,cosgrmi01,Mike Cosgrove,HOU,-0.1
1972,johnsba01,Bart Johnson,CHW,-2.0
1972,folkeri01,Rich Folkers,STL,0.1
1972,terlebo01,Bob Terlecki,PHI,-0.1
1972,deckejo01,Joe Decker,CHC,0.4
1972,fosteal01,Alan Foster,CAL,-0.3
1972,janesje01,Gerry Janeski,TEX,0.1
1972,gurala01,Larry Gura,CHC,0.2
1972,hudsoch01,Charlie Hudson,STL,-0.2
1972,jastela01,Larry Jaster,ATL,0.0
1972,mooreto01,Tommy Moore,NYM,0.3
1972,butlebi02,Bill Butler,CLE,0.3
1972,simpsst01,Steve Simpson,SDP,-0.1
1972,dukesto01,Tom Dukes,CAL,0.3
1972,geddeji01,Jim Geddes,CHW,-0.3
1972,reynobo01,Bob Reynolds,BAL,0.3
1972,houseto01,Tom House,ATL,0.3
1972,willich01,Charlie Williams,SFG,-0.4
1972,lopezma01,Marcelino López,CLE,0.0
1972,meeleph01,Phil Meeler,DET,-0.2
1972,shawdo01,Don Shaw,2TM,-1.0
1972,shawdo01,Don Shaw,STL,-0.3
1972,shawdo01,Don Shaw,OAK,-0.7
1972,merriji01,Jim Merritt,CIN,0.0
1972,langedi01,Dick Lange,CAL,0.0
1972,gibbojo01,Joe Gibbon,2TM,-0.6
1972,gibbojo01,Joe Gibbon,CIN,-0.3
1972,gibbojo01,Joe Gibbon,HOU,-0.3
1972,penajo01,José Peña,LAD,-0.3
1972,gowella01,Larry Gowell,NYY,0.2
1972,holdsfr01,Fred Holdsworth,DET,-0.6
1972,hraboal01,Al Hrabosky,STL,0.4
1972,newmara01,Ray Newman,MIL,0.4
1972,garbege01,Gene Garber,PIT,-0.1
1972,morrijo06,John Morris,SFG,-0.3
1972,richaj.01,J.R. Richard,HOU,-0.4
1972,clemola01,Lance Clemons,STL,-0.2
1972,garcira02,Ralph Garcia,SDP,0.2
1972,gilbrbi01,Bill Gilbreth,DET,-0.4
1972,mckeeji02,Jim McKee,PIT,0.3
1972,moretro01,Roger Moret,BOS,-0.1
1972,o'toode01,Denny O'Toole,CHW,0.0
1972,tayloro01,Ron Taylor,SDP,-0.3
1972,strambo01,Bob Strampe,DET,-0.3
1972,willist02,Stan Williams,BOS,-0.1
1972,blatest01,Steve Blateric,NYY,0.2
1972,tomlida01,Dave Tomlin,CIN,-0.2
1972,foorji01,Jim Foor,DET,-0.4
1972,garmami01,Mike Garman,BOS,-0.2
1972,frailke01,Ken Frailing,CHW,0.1
1972,neumeda01,Dan Neumeier,CHW,-0.1
1972,houghch01,Charlie Hough,LAD,0.0
1972,clostal01,Al Closter,NYY,-0.2
1972,doylepa01,Paul Doyle,CAL,0.1
1972,dukesja01,Jan Dukes,TEX,-0.1
1972,luebbst01,Steve Luebber,MIN,0.1
1972,comptcl01,Clint Compton,CHC,-0.1
1972,nagymi01,Mike Nagy,BOS,-0.1
1972,guzmasa01,Santiago Guzmán,STL,0.0
1972,leshndo01,Don Leshnock,DET,0.0
1972,torrehe01,Héctor Torres,MON,-0.1
1972,ploditi01,Tim Plodinec,STL,-0.1
1972,medicdo01,Doc Medich,NYY,0.0
1871,woltery01,Rynie Wolters,NYU,3.1
1871,brainas01,Asa Brainard,OLY,2.2
1871,spaldal01,Al Spalding,BOS,3.7
1871,mcmuljo01,John McMullin,TRO,-0.9
1871,zettlge01,George Zettlein,CHI,5.0
1871,prattal01,Al Pratt,CLE,1.9
1871,mcbridi01,Dick McBride,ATH,3.7
1871,fishech01,Cherokee Fisher,ROK,2.1
1871,mathebo01,Bobby Mathews,KEK,1.7
1871,paborch01,Charlie Pabor,CLE,-0.5
1871,bechtge01,George Bechtel,ATH,-0.4
1871,wrighha01,Harry Wright,BOS,-0.4
1871,stearbi01,Bill Stearns,OLY,0.7
1871,mackde01,Denny Mack,ROK,-0.5
1871,pinkhed01,Ed Pinkham,CHI,0.3
1871,fleetfr01,Frank Fleet,NYU,-0.3
1871,fergubo01,Bob Ferguson,NYU,-0.3
1871,flowedi01,Dickie Flowers,TRO,0.1
1871,meyerle01,Levi Meyerle,ATH,0.0
1872,cummica01,Candy Cummings,NYU,8.8
1872,mcbridi01,Dick McBride,ATH,4.4
1872,mathebo01,Bobby Mathews,BAL,6.7
1872,spaldal01,Al Spalding,BOS,11.0
1872,brittji01,Jim Britt,BRA,1.2
1872,zettlge01,George Zettlein,2TM,6.4
1872,zettlge01,George Zettlein,TRO,4.4
1872,zettlge01,George Zettlein,ECK,2.0
1872,bentlcy01,Cy Bentley,MAN,-3.3
1872,martiph01,Phonney Martin,2TM,-1.1
1872,martiph01,Phonney Martin,TRO,-1.0
1872,martiph01,Phonney Martin,ECK,0.0
1872,fishech01,Cherokee Fisher,BAL,3.1
1872,prattal01,Al Pratt,CLE,-0.4
1872,stearbi01,Bill Stearns,NAT,-1.6
1872,brainas01,Asa Brainard,2TM,-2.3
1872,brainas01,Asa Brainard,OLY,-1.9
1872,brainas01,Asa Brainard,MAN,-0.3
1872,woltery01,Rynie Wolters,CLE,-0.9
1872,mcderjo01,James McDermott,ECK,-2.2
1872,buttefr01,Frank Buttery,MAN,-0.2
1872,wrighha01,Harry Wright,BOS,0.8
1872,malonma01,Thomas Malone,ECK,-0.7
1872,paborch01,Charlie Pabor,CLE,0.4
1872,mcmuljo01,John McMullin,NYU,0.0
1872,clintji01,Jim Clinton,ECK,-0.4
1872,o'rou01,O'Rourke,ECK,-0.2
1873,spaldal01,Al Spalding,BOS,7.9
1873,brittji01,Jim Britt,BRA,-0.2
1873,zettlge01,George Zettlein,PHI,8.5
1873,mathebo01,Bobby Mathews,NYU,10.0
1873,mcbridi01,Dick McBride,ATH,6.1
1873,cummica01,Candy Cummings,BAL,7.8
1873,stearbi01,Bill Stearns,WAS,-2.3
1873,campbhu01,Hugh Campbell,RES,0.2
1873,brainas01,Asa Brainard,BAL,-1.2
1873,fishech01,Cherokee Fisher,ATH,1.3
1873,greys01,John Greason,WAS,-0.6
1873,wrighha01,Harry Wright,BOS,-0.3
1873,martiph01,Phonney Martin,NYU,0.1
1873,strated01,Ed Stratton,MAR,-1.1
1873,fleetfr01,Frank Fleet,RES,-0.7
1873,fergubo01,Bob Ferguson,BRA,-0.5
1873,forceda01,Davy Force,BAL,0.0
1873,bechtge01,George Bechtel,PHI,-0.4
1873,frencbi01,Bill French,MAR,-0.4
1873,lovetle01,Len Lovett,RES,-0.2
1873,mcdoo01,Marcy McDonnell,MAR,-0.3
1873,selmafr01,Frank Sellman,MAR,-0.4
1873,woltery01,Rynie Wolters,RES,-0.3
1873,mcmuljo01,John McMullin,ATH,0.3
1873,fulmech01,Charles Fulmer,PHI,0.1
1874,spaldal01,Al Spalding,BOS,8.9
1874,mathebo01,Bobby Mathews,NYU,13.6
1874,zettlge01,George Zettlein,CHI,3.7
1874,bondto01,Tommy Bond,BRA,0.4
1874,mcbridi01,Dick McBride,ATH,6.8
1874,cummica01,Candy Cummings,PHI,6.7
1874,fishech01,Cherokee Fisher,HAR,5.0
1874,brainas01,Asa Brainard,BAL,-4.4
1874,mannija01,Jack Manning,BAL,1.1
1874,stearbi01,Bill Stearns,HAR,-1.4
1874,bechtge01,George Bechtel,PHI,-0.2
1874,wrighha01,Harry Wright,BOS,0.1
1874,collida01,Dan Collins,CHI,-0.4
1874,fergubo01,Bob Ferguson,BRA,-0.1
1874,hatfijo01,John Hatfield,NYU,0.1
1874,forceda01,Davy Force,CHI,-0.4
1874,ryanjo01,Johnny Ryan,BAL,-0.2
1875,mathebo01,Bobby Mathews,NYU,8.3
1875,spaldal01,Al Spalding,BOS,12.8
1875,mcbridi01,Dick McBride,ATH,9.2
1875,bradlge01,George Bradley,STL,3.1
1875,zettlge01,George Zettlein,2TM,8.4
1875,zettlge01,George Zettlein,CHI,6.6
1875,zettlge01,George Zettlein,PHI,1.8
1875,cummica01,Candy Cummings,HAR,12.3
1875,fishech01,Cherokee Fisher,PHI,8.2
1875,bondto01,Tommy Bond,HAR,10.9
1875,nichotr01,Tricky Nichols,NHV,-1.2
1875,goldemi01,Mike Golden,2TM,0.4
1875,goldemi01,Mike Golden,WES,0.7
1875,goldemi01,Mike Golden,CHI,-0.3
1875,devliji01,Jim Devlin,CHI,-0.7
1875,cassijo01,John Cassidy,BRA,-4.0
1875,bechtge01,George Bechtel,2TM,-0.8
1875,bechtge01,George Bechtel,CEN,-1.5
1875,bechtge01,George Bechtel,ATH,0.7
1875,mannija01,Jack Manning,BOS,0.9
1875,stearbi01,Bill Stearns,WAS,-4.0
1875,blongjo01,Joe Blong,SLR,-0.9
1875,clintji01,Jim Clinton,BRA,0.1
1875,parksbi01,Bill Parks,2TM,-1.5
1875,parksbi01,Bill Parks,WAS,-1.1
1875,parksbi01,Bill Parks,PHI,-0.5
1875,knighlo01,Lon Knight,ATH,0.6
1875,luffhe01,Harry Luff,NHV,-2.2
1875,bordejo01,Joe Borden,PHI,2.0
1875,galvipu01,Pud Galvin,STL,0.2
1875,ryanjo01,Johnny Ryan,NHV,-0.6
1875,fleetfr01,Frank Fleet,2TM,-0.4
1875,fleetfr01,Frank Fleet,STL,0.0
1875,fleetfr01,Frank Fleet,BRA,-0.4
1875,morgapi01,Pidgey Morgan,SLR,-0.4
1875,o'neij.01,Hugh O'Neill,BRA,-1.0
1875,mcmuljo01,John McMullin,PHI,-0.9
1875,gedneco01,Count Gedney,NYU,0.5
1875,mcveyca01,Cal McVey,BOS,-0.1
1875,knighge01,George Knight,NHV,0.1
1875,suttoez01,Ezra Sutton,ATH,-0.5
1875,weavesa01,Sam Weaver,PHI,0.3
1875,pearcdi01,Dickey Pearce,STL,-0.5
1875,paborch01,Charlie Pabor,BRA,-0.4
1875,wrighge01,George Wright,BOS,0.0
1875,arundha01,Harry Arundel,BRA,-0.3
1875,heifefr01,Frank Heifer,BOS,-0.2
1875,edwar01,Edwards,BRA,-0.3
1875,fergubo01,Bob Ferguson,HAR,-0.3
1875,masonch01,Charlie Mason,WAS,0.0
1875,boydbi01,Bill Boyd,BRA,-0.1
1875,withech01,Charles Witherow,WAS,-0.3
1876,devliji01,Jim Devlin,LOU,17.7
1876,bradlge01,George Bradley,STL,8.8
1876,spaldal01,Al Spalding,CHC,9.4
1876,mathebo01,Bobby Mathews,NYU,3.3
1876,bondto01,Tommy Bond,HAR,10.4
1876,knighlo01,Lon Knight,ATH,-3.4
1876,deando01,Dory Dean,CIN,-3.4
1876,zettlge01,George Zettlein,ATH,-0.9
1876,fishech01,Cherokee Fisher,CIN,-1.3
1876,bordejo01,Joe Borden,BSN,-0.2
1876,cummica01,Candy Cummings,HAR,4.3
1876,mannija01,Jack Manning,BSN,-0.1
1876,bradlfo01,Foghorn Bradley,BSN,0.4
1876,willida01,Dale Williams,CIN,-0.5
1876,mcveyca01,Cal McVey,CHC,1.4
1876,mcbridi01,Dick McBride,BSN,-0.8
1876,meyerle01,Levi Meyerle,ATH,-0.4
1876,bootham01,Amos Booth,CIN,-0.7
1876,clintji01,Jim Clinton,LOU,-0.2
1876,laffefl01,Flip Lafferty,ATH,0.4
1876,larkite01,Terry Larkin,NYU,0.1
1876,nichotr01,Tricky Nichols,BSN,0.1
1876,ryanjo01,Johnny Ryan,LOU,-0.4
1876,coonwi01,William Coon,ATH,-0.2
1876,boothed01,Eddie Booth,NYU,-0.3
1876,gouldch01,Charlie Gould,CIN,-0.4
1876,blongjo01,Joe Blong,STL,0.2
1876,pearcfr01,Frank Pearce,LOU,-0.1
1876,clackbo01,Bobby Clack,CIN,0.1
1876,whitede01,Deacon White,CHC,0.1
1876,barnero01,Ross Barnes,CHC,-0.4
1876,peterjo01,John Peters,CHC,0.0
1876,wrighge01,George Wright,BSN,0.1
1876,piersda01,Dave Pierson,CIN,0.0
1877,devliji01,Jim Devlin,LOU,13.2
1877,bondto01,Tommy Bond,BSN,11.7
1877,larkite01,Terry Larkin,HAR,1.7
1877,bradlge01,George Bradley,CHC,2.9
1877,nichotr01,Tricky Nichols,STL,4.0
1877,blongjo01,Joe Blong,STL,0.6
1877,cummica01,Candy Cummings,CIN,-1.4
1877,mathebo01,Bobby Mathews,CIN,-1.9
1877,mitchbo01,Bobby Mitchell,CIN,1.0
1877,mcveyca01,Cal McVey,CHC,-1.4
1877,bootham01,Amos Booth,CIN,-0.5
1877,mannija01,Jack Manning,CIN,-2.0
1877,reisla01,Laurie Reis,CHC,1.9
1877,whitewi01,Will White,BSN,0.4
1877,fergubo01,Bob Ferguson,HAR,0.0
1877,cassijo01,John Cassidy,HAR,0.0
1877,spaldal01,Al Spalding,CHC,-0.3
1877,battijo01,Joe Battin,STL,0.1
1877,roweda01,Dave Rowe,CHC,-0.1
1878,bondto01,Tommy Bond,BSN,13.9
1878,larkite01,Terry Larkin,CHC,4.1
1878,whitewi01,Will White,CIN,2.1
1878,weavesa01,Sam Weaver,MLG,10.4
1878,nolanth01,The Only Nolan,IND,-0.1
1878,wardjo01,John Ward,PRO,4.6
1878,goldemi01,Mike Golden,MLG,-3.0
1878,mccorji01,Jim McCormick,IND,2.3
1878,healeto01,Tom Healey,2TM,0.0
1878,healeto01,Tom Healey,PRO,-0.2
1878,healeto01,Tom Healey,IND,0.3
1878,nichotr01,Tricky Nichols,PRO,-2.6
1878,mitchbo01,Bobby Mitchell,CIN,1.5
1878,wheelha01,Harry Wheeler,PRO,-0.3
1878,reisla01,Laurie Reis,CHC,-0.7
1878,mckelru01,Russ McKelvy,IND,-0.6
1878,coreyfr01,Fred Corey,PRO,0.4
1878,mannija01,Jack Manning,BSN,-0.8
1878,fishech01,Cherokee Fisher,PRO,-0.3
1878,hankifr01,Frank Hankinson,CHC,-0.2
1878,allisdo01,Doug Allison,PRO,-0.2
1878,ellicjo01,Joe Ellick,MLG,0.2
1878,brownle01,Lew Brown,PRO,-0.3
1879,whitewi01,Will White,CIN,3.8
1879,galvipu01,Pud Galvin,BUF,8.9
1879,wardjo01,John Ward,PRO,7.3
1879,bondto01,Tommy Bond,BSN,14.3
1879,mccorji01,Jim McCormick,CLV,10.0
1879,larkite01,Terry Larkin,CHC,5.0
1879,bradlge01,George Bradley,TRO,0.5
1879,mccorha01,Harry McCormick,SYR,4.9
1879,hankifr01,Frank Hankinson,CHC,1.3
1879,purcebl01,Blondie Purcell,2TM,-2.4
1879,purcebl01,Blondie Purcell,SYR,-2.2
1879,purcebl01,Blondie Purcell,CIN,-0.2
1879,mitchbo01,Bobby Mitchell,CLV,-0.5
1879,mathebo01,Bobby Mathews,PRO,2.6
1879,foleycu01,Curry Foley,BSN,-0.8
1879,mcgunbi01,Bill McGunnigle,BUF,1.3
1879,salisha01,Harry Salisbury,TRO,-0.4
1879,goldsfr01,Fred Goldsmith,TRO,0.9
1879,tyngji01,Jim Tyng,BSN,-0.5
1879,broutda01,Dan Brouthers,TRO,-0.8
1879,mcmanpa01,Pat McManus,TRO,-0.3
1879,gardngi01,Gid Gardner,TRO,-0.6
1879,mcveyca01,Cal McVey,CIN,-0.8
1879,neaglja01,Jack Neagle,CIN,-0.3
1879,dorgami01,Mike Dorgan,SYR,0.3
1879,richmle01,Lee Richmond,BSN,0.0
1879,wheelha01,Harry Wheeler,CIN,-0.4
1880,mccorji01,Jim McCormick,CLV,10.5
1880,wardjo01,John Ward,PRO,6.7
1880,richmle01,Lee Richmond,WOR,8.2
1880,welchmi01,Mickey Welch,TRO,5.4
1880,corcola01,Larry Corcoran,CHC,7.2
1880,whitewi01,Will White,CIN,5.2
1880,bondto01,Tommy Bond,BSN,1.2
1880,galvipu01,Pud Galvin,BUF,3.7
1880,foleycu01,Curry Foley,BSN,0.0
1880,goldsfr01,Fred Goldsmith,CHC,3.4
1880,bradlge01,George Bradley,PRO,3.2
1880,purcebl01,Blondie Purcell,CIN,-0.4
1880,coreyfr01,Fred Corey,WOR,1.8
1880,wiedmst01,George Weidman,BUF,0.2
1880,keefeti01,Tim Keefe,TRO,4.7
1880,poormto01,Tom Poorman,2TM,-1.8
1880,poormto01,Tom Poorman,BUF,-2.1
1880,poormto01,Tom Poorman,CHC,0.3
1880,gardngi01,Gid Gardner,CLV,-0.7
1880,driscde01,Denny Driscoll,BUF,-0.3
1880,larkite01,Terry Larkin,TRO,-1.8
1880,mcgunbi01,Bill McGunnigle,BUF,0.7
1880,hankifr01,Frank Hankinson,CLV,0.5
1880,nichotr01,Tricky Nichols,WOR,-0.4
1880,mountfr01,Frank Mountain,TRO,-0.4
1880,morrijo01,John Morrill,BSN,0.4
1880,guthch01,Charlie Guth,CHC,-0.2
1880,dorgami01,Mike Dorgan,PRO,0.1
1880,stoveha01,Harry Stovey,WOR,0.0
1880,evansja01,Jake Evans,TRO,-0.3
1880,hornujo01,Joe Hornung,BUF,0.0
1880,kellyki01,King Kelly,CHC,0.0
1880,learyja01,Jack Leary,BSN,-0.2
1880,burnsto01,Tom Burns,CHC,-0.3
1881,whitnji01,Jim Whitney,BSN,7.8
1881,mccorji01,Jim McCormick,CLV,6.4
1881,derbyge01,George Derby,DTN,8.7
1881,galvipu01,Pud Galvin,BUF,8.4
1881,richmle01,Lee Richmond,WOR,4.4
1881,keefeti01,Tim Keefe,TRO,2.9
1881,corcola01,Larry Corcoran,CHC,1.9
1881,welchmi01,Mickey Welch,TRO,6.0
1881,goldsfr01,Fred Goldsmith,CHC,1.9
1881,wardjo01,John Ward,PRO,2.7
1881,radboch01,Old Hoss Radbourn,PRO,4.5
1881,coreyfr01,Fred Corey,WOR,1.5
1881,nolanth01,The Only Nolan,CLV,0.3
1881,lynchja01,Jack Lynch,BUF,0.5
1881,mathebo01,Bobby Mathews,2TM,-0.8
1881,mathebo01,Bobby Mathews,PRO,-1.2
1881,mathebo01,Bobby Mathews,BSN,0.4
1881,foxjo01,John Fox,BSN,-0.6
1881,wiedmst01,George Weidman,DTN,3.2
1881,mccorha01,Harry McCormick,WOR,0.9
1881,purcebl01,Blondie Purcell,BUF,0.6
1881,mountfr01,Frank Mountain,DTN,-1.4
1881,bradlge01,George Bradley,CLV,-0.3
1881,mullato01,Tony Mullane,DTN,-0.8
1881,foleycu01,Curry Foley,BUF,-1.4
1881,bondto01,Tommy Bond,BSN,0.0
1881,whitewi01,Will White,DTN,-0.4
1881,willine01,Ed Williamson,CHC,0.1
1881,learyja01,Jack Leary,DTN,0.3
1881,taylobi01,Billy Taylor,2TM,-0.1
1881,taylobi01,Billy Taylor,WOR,-0.3
1881,taylobi01,Billy Taylor,CLV,0.2
1881,morrijo01,John Morrill,BSN,-0.4
1882,mccorji01,Jim McCormick,CLV,11.2
1882,whitewi01,Will White,CIN,11.1
1882,radboch01,Old Hoss Radbourn,PRO,7.5
1882,mullato01,Tony Mullane,LOU,5.2
1882,galvipu01,Pud Galvin,BUF,4.7
1882,whitnji01,Jim Whitney,BSN,5.7
1882,richmle01,Lee Richmond,WOR,-0.1
1882,wiedmst01,George Weidman,DTN,10.2
1882,goldsfr01,Fred Goldsmith,CHC,4.9
1882,mcginju01,Jumbo McGinnis,STL,2.3
1882,keefeti01,Tim Keefe,TRO,4.5
1882,weavesa01,Sam Weaver,PHA,6.5
1882,derbyge01,George Derby,DTN,0.5
1882,landido01,Doc Landis,2TM,-0.5
1882,landido01,Doc Landis,PHA,-0.1
1882,landido01,Doc Landis,BAL,-0.4
1882,corcola01,Larry Corcoran,CHC,6.0
1882,salisha01,Harry Salisbury,PIT,1.8
1882,wardjo01,John Ward,PRO,3.3
1882,mathebo01,Bobby Mathews,BSN,4.3
1882,welchmi01,Mickey Welch,TRO,-1.4
1882,dailyhu01,Hugh Daily,BUF,1.0
1882,mccorha01,Harry McCormick,CIN,3.8
1882,mountfr01,Frank Mountain,2TM,-0.5
1882,mountfr01,Frank Mountain,WOR,-0.2
1882,mountfr01,Frank Mountain,PHA,-0.2
1882,driscde01,Denny Driscoll,PIT,5.2
1882,sweenbi01,Bill Sweeney,PHA,-0.5
1882,bradlge01,George Bradley,CLV,-0.5
1882,coreyfr01,Fred Corey,WOR,-1.3
1882,schapjo01,John Schappert,STL,-0.9
1882,arundha01,Harry Arundel,PIT,-2.7
1882,nichotr01,Tricky Nichols,BAL,-2.1
1882,heckegu01,Guy Hecker,LOU,1.1
1882,eganji01,Jim Egan,TRO,-0.5
1882,geisbi01,Bill Geiss,BAL,-0.3
1882,reccijo01,John Reccius,LOU,-1.2
1882,dorrbe01,Bert Dorr,STL,0.6
1882,learyja01,Jack Leary,2TM,-1.0
1882,learyja01,Jack Leary,PIT,-0.7
1882,learyja01,Jack Leary,BAL,-0.2
1882,critcmo01,Morrie Critchley,2TM,-0.1
1882,critcmo01,Morrie Critchley,PIT,0.5
1882,critcmo01,Morrie Critchley,STL,-0.6
1882,buffich01,Charlie Buffinton,BSN,-0.4
1882,purcebl01,Blondie Purcell,BUF,-0.7
1882,myershe01,Henry Myers,BAL,-0.7
1882,wisebi01,Bill Wise,BAL,0.5
1882,clarkjo01,John Clarkson,WOR,-0.7
1882,doylejo02,John Doyle,STL,-0.9
1882,fusseed01,Eddie Fusselback,STL,-0.6
1882,wheelha01,Harry Wheeler,CIN,-0.4
1882,bohnch01,Charlie Bohn,LOU,0.2
1882,whitnar01,Art Whitney,DTN,-0.3
1882,bondto01,Tommy Bond,WOR,-0.2
1882,reynoch01,Thomas Reynolds,PHA,-0.2
1882,schenbi01,Bill Schenck,LOU,0.4
1882,roweda01,Dave Rowe,CLV,-0.4
1882,snydege01,George Snyder,PHA,0.3
1882,brownto01,Tom Brown,BAL,-0.1
1882,comisch01,Charlie Comiskey,STL,-0.2
1882,evansja01,Jake Evans,WOR,-0.2
1882,halbred01,Ed Halbriter,PHA,-0.3
1882,hoganed01,Bob Hogan,STL,-0.1
1882,seymoja01,Jake Seymour,PIT,-0.4
1882,mitchbo01,Bobby Mitchell,STL,-0.4
1882,striccu01,Cub Stricker,PHA,0.4
1882,wolfji01,Chicken Wolf,LOU,-0.4
1882,taylobi01,Billy Taylor,PIT,-0.4
1882,burkeja01,James Burke,BUF,-0.3
1882,russjo01,John Russ,BAL,0.1
1882,willine01,Ed Williamson,CHC,-0.3
1882,browned01,Ed Brown,STL,0.0
1882,morrijo01,John Morrill,BSN,0.1
1882,robinya01,William Robinson,DTN,0.2
1882,ewingbu01,Buck Ewing,TRO,0.0
1882,foleycu01,Curry Foley,BUF,-0.1
1883,galvipu01,Pud Galvin,BUF,11.0
1883,radboch01,Old Hoss Radbourn,PRO,13.1
1883,keefeti01,Tim Keefe,NYP,19.9
1883,whitewi01,Will White,CIN,9.0
1883,colemjo01,John Coleman,PHI,-1.9
1883,whitnji01,Jim Whitney,BSN,11.4
1883,mountfr01,Frank Mountain,COL,-0.5
1883,corcola01,Larry Corcoran,CHC,6.5
1883,heckegu01,Guy Hecker,LOU,1.0
1883,mullato01,Tony Mullane,STL,6.5
1883,welchmi01,Mickey Welch,NYG,3.7
1883,wiedmst01,George Weidman,DTN,3.5
1883,weavesa01,Sam Weaver,LOU,0.3
1883,goldsfr01,Fred Goldsmith,CHC,2.7
1883,mcginju01,Jumbo McGinnis,STL,6.3
1883,mathebo01,Bobby Mathews,PHA,5.3
1883,dailyhu01,Hugh Daily,CLV,6.9
1883,hendeha01,Hardie Henderson,2TM,-2.2
1883,hendeha01,Hardie Henderson,PHI,-0.4
1883,hendeha01,Hardie Henderson,BAL,-1.8
1883,mccorji01,Jim McCormick,CLV,8.5
1883,driscde01,Denny Driscoll,PIT,1.1
1883,buffich01,Charlie Buffinton,BSN,5.4
1883,wardjo01,John Ward,NYG,3.4
1883,lynchja01,Jack Lynch,NYP,2.1
1883,shawdu01,Dupee Shaw,DTN,3.3
1883,neaglja01,Jack Neagle,3TM,-4.8
1883,neaglja01,Jack Neagle,2TM,-3.4
1883,neaglja01,Jack Neagle,PHI,-1.4
1883,neaglja01,Jack Neagle,BAL,-0.8
1883,neaglja01,Jack Neagle,PIT,-2.7
1883,bradlge01,George Bradley,PHA,2.7
1883,barrbo01,Bob Barr,PIT,-1.2
1883,emslibo01,Bob Emslie,BAL,1.3
1883,dundoed01,Ed Dundon,COL,-2.9
1883,foxjo01,John Fox,BAL,-0.3
1883,jonesja02,Jack Jones,2TM,1.5
1883,jonesja02,Jack Jones,DTN,0.6
1883,jonesja02,Jack Jones,PHA,0.9
1883,haganar01,Art Hagan,2TM,-2.0
1883,haganar01,Art Hagan,PHI,-2.0
1883,haganar01,Art Hagan,BUF,-0.1
1883,coreyfr01,Fred Corey,PHA,0.4
1883,deaglre01,Ren Deagle,CIN,1.1
1883,o'neiti01,Tip O'Neill,NYG,-1.4
1883,sweench01,Charlie Sweeney,PRO,0.2
1883,sawyewi01,Will Sawyer,CLV,1.9
1883,mccorha01,Harry McCormick,CIN,0.7
1883,burnsdi01,Dick Burns,DTN,-1.8
1883,taylobi01,Billy Taylor,PIT,-1.6
1883,derbyge01,George Derby,BUF,-2.5
1883,valenjo01,John Valentine,COL,-0.9
1883,richmle01,Lee Richmond,PRO,-0.5
1883,purcebl01,Blondie Purcell,PHI,0.1
1883,bakelje01,Jersey Bakley,PHA,-0.1
1883,nolanth01,The Only Nolan,PIT,-0.2
1883,gallabi01,Bill Gallagher,BAL,-1.0
1883,cushmed01,Ed Cushman,BUF,-0.3
1883,hodnech01,Charlie Hodnett,STL,1.0
1883,mcintfr01,Frank McIntyre,2TM,-0.5
1883,mcintfr01,Frank McIntyre,DTN,-0.1
1883,mcintfr01,Frank McIntyre,COL,-0.4
1883,hilsech01,Charlie Hilsey,PHI,-0.2
1883,friespe01,Pete Fries,COL,-0.8
1883,radboge01,George Radbourn,DTN,-0.7
1883,bakerno01,Norm Baker,PIT,-0.1
1883,brownto01,Tom Brown,COL,-0.5
1883,morrijo01,John Morrill,BSN,-0.1
1883,lilliji01,Jim Lillie,BUF,-0.2
1883,devinji01,Frank Diven,BAL,-0.4
1883,mclaufr01,Frank McLaughlin,PIT,-0.7
1883,allenmy01,Myron Allen,NYG,0.1
1883,burkeja01,James Burke,BUF,-0.1
1883,cadych01,Charlie Cady,CLV,-0.3
1883,mountbi01,Bill Mountjoy,CIN,0.1
1883,dorgami01,Mike Dorgan,NYG,-0.1
1883,gardngi01,Gid Gardner,BAL,-0.1
1883,o'rouji01,Jim O'Rourke,BUF,-0.3
1883,smithed01,Edgar Smith,PHI,-0.4
1883,manseto01,Tom Mansell,DTN,-0.4
1883,huntele01,Lem Hunter,CLV,-0.2
1883,smithpo01,Pop Smith,COL,-0.3
1883,breital01,Alonzo Breitenstein,PHI,-0.3
1883,sommejo01,Joe Sommer,CIN,-0.2
1883,wheelha01,Harry Wheeler,COL,-0.2
1883,woodge01,George Wood,DTN,-0.3
1883,battijo01,Joe Battin,PIT,-0.1
1883,dolanto01,Tom Dolan,STL,0.0
1883,reccijo01,John Reccius,LOU,0.0
1883,roweda01,Dave Rowe,BAL,-0.4
1883,ansonca01,Cap Anson,CHC,0.1
1883,evansja01,Jake Evans,CLV,0.2
1883,stoveha01,Harry Stovey,PHA,-0.1
1883,broutda01,Dan Brouthers,BUF,-0.3
1883,fergubo01,Bob Ferguson,PHI,-0.1
1883,foleycu01,Curry Foley,BUF,0.1
1883,kellyki01,King Kelly,CHC,0.1
1883,willine01,Ed Williamson,CHC,-0.1
1884,radboch01,Old Hoss Radbourn,PRO,19.2
1884,heckegu01,Guy Hecker,LOU,15.5
1884,galvipu01,Pud Galvin,BUF,20.5
1884,buffich01,Charlie Buffinton,BSN,15.0
1884,mccorji01,Jim McCormick,2TM,14.5
1884,mccorji01,Jim McCormick,CLV,6.7
1884,mccorji01,Jim McCormick,COR,7.8
1884,mullato01,Tony Mullane,TOL,11.6
1884,welchmi01,Mickey Welch,NYG,12.1
1884,shawdu01,Dupee Shaw,2TM,8.0
1884,shawdu01,Dupee Shaw,DTN,1.4
1884,shawdu01,Dupee Shaw,BOS,6.6
1884,sweenbi01,Bill Sweeney,BLU,7.5
1884,taylobi01,Billy Taylor,2TM,8.7
1884,taylobi01,Billy Taylor,SLM,3.5
1884,taylobi01,Billy Taylor,PHA,5.2
1884,corcola01,Larry Corcoran,CHC,6.5
1884,mckeola01,Larry McKeon,IND,1.0
1884,dailyhu01,Hugh Daily,2TM,4.6
1884,dailyhu01,Hugh Daily,CPI,4.6
1884,dailyhu01,Hugh Daily,WHS,0.0
1884,lynchja01,Jack Lynch,NYP,5.2
1884,sweench01,Charlie Sweeney,2TM,8.8
1884,sweench01,Charlie Sweeney,PRO,6.3
1884,sweench01,Charlie Sweeney,SLM,2.5
1884,keefeti01,Tim Keefe,NYP,7.5
1884,terryad01,Adonis Terry,BRO,2.1
1884,whitewi01,Will White,CIN,6.4
1884,emslibo01,Bob Emslie,BAL,6.8
1884,sullifl01,Fleury Sullivan,PIT,-1.4
1884,hendeha01,Hardie Henderson,BAL,6.3
1884,mathebo01,Bobby Mathews,PHA,4.3
1884,morried01,Ed Morris,COL,8.6
1884,ferguch01,Charlie Ferguson,PHI,1.5
1884,barrbo01,Bob Barr,2TM,-2.4
1884,barrbo01,Bob Barr,WAS,-0.5
1884,barrbo01,Bob Barr,IND,-1.9
1884,bakelje01,Jersey Bakley,3TM,-5.3
1884,bakelje01,Jersey Bakley,PHK,-5.5
1884,bakelje01,Jersey Bakley,WIL,-0.3
1884,bakelje01,Jersey Bakley,KCC,0.5
1884,atkinal01,Al Atkinson,3TM,1.1
1884,atkinal01,Al Atkinson,2TM,1.9
1884,atkinal01,Al Atkinson,PHA,-0.7
1884,atkinal01,Al Atkinson,CPI,0.5
1884,atkinal01,Al Atkinson,BLU,1.4
1884,harkijo01,John Harkins,CLV,0.1
1884,wisebi01,Bill Wise,WHS,2.4
1884,kimbesa01,Sam Kimber,BRO,1.0
1884,mountfr01,Frank Mountain,COL,4.0
1884,mcginju01,Jumbo McGinnis,STL,1.9
1884,bradlge01,George Bradley,COR,1.1
1884,whitnji01,Jim Whitney,BSN,7.4
1884,burnsdi01,Dick Burns,COR,2.7
1884,o'dayha01,Hank O'Day,TOL,-1.2
1884,neaglja01,Jack Neagle,PIT,1.1
1884,burkeja01,James Burke,BOS,-0.3
1884,seradbi01,Billy Serad,BUF,-4.7
1884,meinkfr01,Frank Meinke,DTN,-0.1
1884,mountbi01,Bill Mountjoy,CIN,3.5
1884,begleed01,Ed Bagley,NYG,-1.5
1884,vossal01,Alex Voss,2TM,-1.9
1884,vossal01,Alex Voss,WHS,-1.0
1884,vossal01,Alex Voss,KCC,-0.9
1884,bondto01,Tommy Bond,2TM,-1.6
1884,bondto01,Tommy Bond,BOS,-0.3
1884,bondto01,Tommy Bond,IND,-1.3
1884,davisda01,Daisy Davis,2TM,-0.1
1884,davisda01,Daisy Davis,STL,0.9
1884,davisda01,Daisy Davis,BSN,-1.0
1884,goldsfr01,Fred Goldsmith,2TM,0.0
1884,goldsfr01,Fred Goldsmith,CHC,-0.9
1884,goldsfr01,Fred Goldsmith,BAL,0.9
1884,wiedmst01,George Weidman,DTN,-1.6
1884,foutzda01,Dave Foutz,STL,2.6
1884,shallgu01,Gus Shallix,CIN,1.4
1884,moffesa01,Sam Moffet,CLV,-1.0
1884,vintobi01,Bill Vinton,PHI,0.5
1884,meegape01,Pete Meegan,RIC,-0.6
1884,gagusch01,Charlie Geggus,WHS,1.7
1884,colemjo01,John Coleman,2TM,-2.3
1884,colemjo01,John Coleman,PHI,-2.3
1884,colemjo01,John Coleman,PHA,0.0
1884,leeto01,Tom Lee,2TM,-1.2
1884,leeto01,Tom Lee,CHC,-0.8
1884,leeto01,Tom Lee,BLU,-0.4
1884,duganed01,Ed Dugan,RIC,-1.8
1884,murphjo01,John Murphy,2TM,0.0
1884,murphjo01,John Murphy,ALT,-0.1
1884,murphjo01,John Murphy,WIL,0.1
1884,hamiljo01,John Hamill,WAS,-3.2
1884,boylehe01,Henry Boyle,SLM,1.2
1884,getzich01,Pretzels Getzien,DTN,3.5
1884,werdepe01,Perry Werden,SLM,1.0
1884,o'neiti01,Tip O'Neill,STL,-0.8
1884,hickmer01,Ernie Hickman,KCC,-4.2
1884,weavesa01,Sam Weaver,PHK,-3.6
1884,powelab01,Abner Powell,WHS,-1.5
1884,recciph01,Phil Reccius,LOU,-0.6
1884,blackbo01,Bob Black,KCC,-0.2
1884,deaglre01,Ren Deagle,2TM,0.3
1884,deaglre01,Ren Deagle,CIN,-0.3
1884,deaglre01,Ren Deagle,LOU,0.6
1884,hodnech01,Charlie Hodnett,SLM,0.4
1884,clarkjo01,John Clarkson,CHC,1.7
1884,mcelrji01,Jim McElroy,2TM,-2.2
1884,mcelrji01,Jim McElroy,PHI,-2.0
1884,mcelrji01,Jim McElroy,WIL,-0.2
1884,dorgami01,Mike Dorgan,NYG,-0.2
1884,aydelja01,Jake Aydelott,IND,-1.8
1884,conwaji01,Jim Conway,BRO,-0.9
1884,veachpe01,Peek-A-Boo Veach,KCC,0.8
1884,brillfr01,Frank Brill,DTN,-1.5
1884,driscde01,Denny Driscoll,LOU,-1.0
1884,horanjo01,Patrick Horan,CPI,-1.0
1884,trumbed01,Ed Trumbull,WAS,-2.0
1884,brownji01,Jim Brown,2TM,-1.9
1884,brownji01,Jim Brown,ALT,-1.7
1884,brownji01,Jim Brown,NYG,-0.2
1884,carutbo01,Bob Caruthers,STL,1.7
1884,dundoed01,Ed Dundon,COL,-0.8
1884,mccaual01,Al McCauley,IND,-1.5
1884,robinya01,William Robinson,BLU,-0.8
1884,conleed01,Ed Conley,PRO,-0.4
1884,fishe01,John Fischer,PHK,0.0
1884,lockwmi01,Milo Lockwood,WHS,-3.2
1884,smithed05,Ed Smith,BLU,-1.4
1884,wardjo01,John Ward,NYG,0.1
1884,connojo02,John Connor,BSN,-0.5
1884,foxjo01,John Fox,PIT,-1.2
1884,mccarto01,Tommy McCarthy,BOS,-1.4
1884,millecy01,Cyclone Miller,3TM,-0.3
1884,millecy01,Cyclone Miller,2TM,-0.7
1884,millecy01,Cyclone Miller,CPI,0.4
1884,millecy01,Cyclone Miller,PRO,-0.3
1884,millecy01,Cyclone Miller,PHI,-0.4
1884,macarma01,Mac MacArthur,IND,-0.9
1884,knighjo01,Joe Knight,PHI,-1.0
1884,portehe01,Henry Porter,MIL,-0.8
1884,ryanjo02,John Ryan,BLU,-0.6
1884,tennefr01,Fred Tenney,3TM,-0.2
1884,tennefr01,Fred Tenney,WHS,-0.3
1884,tennefr01,Fred Tenney,BOS,0.1
1884,tennefr01,Fred Tenney,WIL,0.1
1884,brownjo01,Joe Brown,CHC,-0.1
1884,mclauba01,Barney McLaughlin,KCC,-1.1
1884,browned01,Ed Brown,2TM,-1.9
1884,browned01,Ed Brown,TOL,-0.4
1884,browned01,Ed Brown,STP,-1.5
1884,henryjo01,John Henry,CLV,-0.5
1884,nolanth01,The Only Nolan,WIL,0.2
1884,cushmed01,Ed Cushman,MIL,0.7
1884,oberbhe01,Henry Oberbeck,2TM,-1.1
1884,oberbhe01,Henry Oberbeck,BLU,0.1
1884,oberbhe01,Henry Oberbeck,KCC,-1.2
1884,cadych01,Charlie Cady,CPI,-0.3
1884,learyja01,Jack Leary,2TM,-1.3
1884,learyja01,Jack Leary,ALT,-0.8
1884,learyja01,Jack Leary,CPI,-0.5
1884,beckfr01,Frank Beck,2TM,-1.2
1884,beckfr01,Frank Beck,PIT,-0.7
1884,beckfr01,Frank Beck,BLU,-0.5
1884,sylvelo01,Lou Sylvester,COR,-0.6
1884,sullito01,Tom Sullivan,COL,-0.4
1884,crosbge01,George Crosby,CHC,-0.1
1884,hilsech01,Charlie Hilsey,PHA,-0.1
1884,blaisdi01,Dick Blaisdell,KCC,-1.2
1884,haganar01,Art Hagan,BUF,-1.0
1884,murphco01,Con Murphy,PHI,-0.8
1884,nelsobi01,Bill Nelson,PIT,-0.2
1884,foremfr01,Frank Foreman,2TM,-0.8
1884,foremfr01,Frank Foreman,CPI,-0.5
1884,foremfr01,Frank Foreman,KCC,-0.4
1884,baueral01,Al Bauer,COL,-0.5
1884,crothdo01,Doug Crothers,KCC,0.1
1884,gallabi01,Bill Gallagher,PHK,-0.8
1884,galvilo01,Lou Galvin,STP,-0.7
1884,gormaja01,Jack Gorman,PIT,-0.2
1884,mortoch01,Charlie Morton,TOL,0.2
1884,morrijo01,John Morrill,BSN,-0.7
1884,mclauji01,Jim McLaughlin,BAL,-0.5
1884,smithed01,Edgar Smith,WAS,-0.5
1884,cattajo01,John Cattanach,2TM,-0.4
1884,cattajo01,John Cattanach,PRO,-0.3
1884,cattajo01,John Cattanach,SLM,-0.1
1884,wymanfr01,Willis Wyman,KCC,-1.0
1884,connojo01,Joe Connors,2TM,-0.8
1884,connojo01,Joe Connors,ALT,-0.4
1884,connojo01,Joe Connors,KCC,-0.5
1884,brownto01,Tom Brown,COL,-0.9
1884,lauerch01,Chuck Lauer,PIT,-0.8
1884,caseyda01,Dan Casey,WIL,-0.3
1884,craneed01,Ed Crane,BOS,-0.3
1884,baldwla01,Lady Baldwin,MIL,0.0
1884,cudwoji01,Jim Cudworth,KCC,-0.4
1884,hibbajo01,John Hibbard,CHC,0.2
1884,hutchbi01,Bill Hutchison,KCC,0.0
1884,mortosp01,Sparrow Morton,PHI,-0.4
1884,smithph01,Phenomenal Smith,2TM,-0.3
1884,smithph01,Phenomenal Smith,PHA,0.0
1884,smithph01,Phenomenal Smith,PIT,-0.3
1884,daniech01,Charlie Daniels,BOS,-0.3
1884,cahiljo01,John Cahill,COL,-0.4
1884,currywe01,Wes Curry,RIC,-0.2
1884,knighlo01,Lon Knight,PHA,-0.6
1884,moriage01,Gene Moriarty,IND,-0.3
1884,lilliji01,Jim Lillie,BUF,-0.7
1884,radfopa01,Paul Radford,PRO,-0.6
1884,o'rouji01,Jim O'Rourke,BUF,0.4
1884,edench01,Charlie Eden,PIT,-0.1
1884,kirbyjo01,John Kirby,KCC,-0.3
1884,mclaufr01,Frank McLaughlin,KCC,-0.4
1884,o'bribi01,Billy O'Brien,STP,-0.1
1884,andrufr01,Fred Andrus,CHC,0.3
1884,arundha01,Harry Arundel,PRO,0.4
1884,burnsoy01,Thomas Burns,BAL,0.1
1884,corcomi01,Mike Corcoran,CHC,-0.3
1884,firthte01,John Firth,RIC,-0.3
1884,kented01,Ed Kent,TOL,-0.3
1884,poormto01,Tom Poorman,TOL,-0.3
1884,pylesh01,Harry Pyle,PHI,-0.1
1884,roweda01,Dave Rowe,SLM,0.2
1884,ewingbu01,Buck Ewing,NYG,0.3
1884,maulal01,Al Maul,PHK,-0.1
1884,wheelha01,Harry Wheeler,KCC,-0.1
1884,whitemi01,Milt Whitehead,SLM,-0.3
1884,drewda01,William Drew,PHK,0.0
1884,krieg01,Frank Kreeger,KCC,-0.3
1884,lynchto02,Thomas Lynch,CHC,0.1
1884,sullipa01,Pat Sullivan,KCC,-0.5
1884,bastich01,Charlie Bastian,WIL,0.0
1884,becanbu01,Buck Becannon,NYP,0.1
1884,gardngi01,Gid Gardner,CPI,-0.3
1884,mattec.01,C.V. Matteson,SLM,-0.4
1884,smith01,Smith,BLU,-0.4
1884,sulliwi01,William Sullivan,SLM,-0.2
1884,kellyki01,King Kelly,CHC,-0.5
1884,chattji01,Jim Chatterton,KCC,-0.3
1884,corkhpo01,John Corkhill,CIN,0.2
1884,elybo01,Bones Ely,BUF,-0.4
1884,geerbi01,Billy Geer,BRO,-0.6
1884,geisbi01,Bill Geiss,DTN,-0.4
1884,glassja01,Jack Glasscock,CLV,-0.2
1884,comisch01,Charlie Comiskey,STL,0.2
1884,dorseje01,Joseph Dorsey,BLU,-0.3
1884,purcebl01,Blondie Purcell,PHI,0.2
1884,housech01,Charlie Householder,CPI,-0.1
1884,irwinar01,Arthur Irwin,PRO,0.0
1884,keenaji01,Jim Keenan,IND,0.1
1884,mcfarch01,Chris McFarland,BLU,-0.4
1884,striccu01,Cub Stricker,PHA,0.0
1884,swarted01,Ed Swartwood,PIT,-0.2
1884,mccorje01,Jerry McCormick,PHK,-0.2
1884,mcsortr01,Trick McSorley,TOL,-0.1
1884,willine01,Ed Williamson,CHC,-0.5
1884,ansonca01,Cap Anson,CHC,-0.2
1884,brownle01,Lew Brown,BOS,-0.4
1884,corcoja01,Jack Corcoran,BRO,0.1
1884,fogarji01,Jim Fogarty,PHI,-0.1
1884,hinespa01,Paul Hines,PRO,0.0
1884,morrie.01,James Morris,BLU,-0.1
1884,pfefffr01,Fred Pfeffer,CHC,-0.1
1884,smithge01,Germany Smith,ALT,-0.1
1884,dunlafr01,Fred Dunlap,SLM,-0.1
1884,brownpe01,Pete Browning,LOU,-0.2
1884,coughed01,Ed Coughlin,BUF,0.0
1885,clarkjo01,John Clarkson,CHC,12.9
1885,morried01,Ed Morris,PIT,13.3
1885,hendeha01,Hardie Henderson,BAL,7.4
1885,welchmi01,Mickey Welch,NYG,10.4
1885,carutbo01,Bob Caruthers,STL,9.5
1885,portehe01,Henry Porter,BRO,6.5
1885,heckegu01,Guy Hecker,LOU,7.4
1885,radboch01,Old Hoss Radbourn,PRO,7.4
1885,whitnji01,Jim Whitney,BSN,2.0
1885,dailyed01,Ed Daily,PHI,6.6
1885,buffich01,Charlie Buffinton,BSN,6.0
1885,mathebo01,Bobby Mathews,PHA,6.4
1885,foutzda01,Dave Foutz,STL,4.6
1885,ferguch01,Charlie Ferguson,PHI,6.0
1885,keefeti01,Tim Keefe,NYG,6.9
1885,shawdu01,Dupee Shaw,PRO,4.4
1885,lynchja01,Jack Lynch,NYP,-0.8
1885,galvipu01,Pud Galvin,2TM,1.2
1885,galvipu01,Pud Galvin,BUF,1.7
1885,galvipu01,Pud Galvin,PIT,-0.5
1885,boylehe01,Henry Boyle,SLM,2.9
1885,getzich01,Pretzels Getzien,DTN,0.5
1885,wiedmst01,George Weidman,DTN,2.7
1885,whitewi01,Will White,CIN,2.2
1885,harkijo01,John Harkins,BRO,-1.9
1885,mckeola01,Larry McKeon,CIN,4.6
1885,cushmed01,Ed Cushman,2TM,-0.1
1885,cushmed01,Ed Cushman,PHA,-1.2
1885,cushmed01,Ed Cushman,NYP,1.1
1885,sweench01,Charlie Sweeney,SLM,0.4
1885,mccorji01,Jim McCormick,2TM,2.7
1885,mccorji01,Jim McCormick,PRO,-0.2
1885,mccorji01,Jim McCormick,CHC,2.9
1885,seradbi01,Billy Serad,BUF,-0.4
1885,bakerno01,Norm Baker,LOU,0.6
1885,conwape01,Pete Conway,BUF,-0.7
1885,terryad01,Adonis Terry,BRO,-0.3
1885,mountbi01,Bill Mountjoy,2TM,0.5
1885,mountbi01,Bill Mountjoy,CIN,1.1
1885,mountbi01,Bill Mountjoy,BAL,-0.6
1885,woodpe01,Pete Wood,BUF,-1.1
1885,baldwla01,Lady Baldwin,DTN,3.9
1885,crothdo01,Doug Crothers,NYP,-2.9
1885,maysal01,Al Mays,LOU,0.1
1885,meegape01,Pete Meegan,PIT,0.5
1885,lovetto01,Tom Lovett,PHA,0.2
1885,emslibo01,Bob Emslie,2TM,-1.4
1885,emslibo01,Bob Emslie,BAL,-0.7
1885,emslibo01,Bob Emslie,PHA,-0.7
1885,vintobi01,Bill Vinton,2TM,-1.0
1885,vintobi01,Bill Vinton,PHI,-0.8
1885,vintobi01,Bill Vinton,PHA,-0.2
1885,kirbyjo01,John Kirby,SLM,1.7
1885,begleed01,Ed Bagley,NYP,-2.3
1885,mcginju01,Jumbo McGinnis,STL,0.3
1885,knoufed01,Ed Knouff,PHA,-0.1
1885,burnsoy01,Thomas Burns,BAL,0.1
1885,caseyda01,Dan Casey,DTN,1.0
1885,o'dayha01,Hank O'Day,PIT,-0.8
1885,pechige01,George Pechiney,CIN,1.9
1885,davisda01,Daisy Davis,BSN,0.7
1885,dailyhu01,Hugh Daily,SLM,-1.0
1885,shallgu01,Gus Shallix,CIN,0.1
1885,becanbu01,Buck Becannon,NYP,-2.1
1885,corcola01,Larry Corcoran,2TM,0.1
1885,corcola01,Larry Corcoran,CHC,-0.1
1885,corcola01,Larry Corcoran,NYG,0.2
1885,ramseto01,Toad Ramsey,LOU,1.5
1885,kennete01,Ted Kennedy,CHC,-0.4
1885,richada01,Danny Richardson,NYG,1.1
1885,henryjo01,John Henry,BAL,-0.3
1885,healyjo01,Egyptian Healy,SLM,0.6
1885,colemjo01,John Coleman,PHA,-0.3
1885,nolanth01,The Only Nolan,PHI,-0.6
1885,taylobi01,Billy Taylor,PHA,0.2
1885,mountfr01,Frank Mountain,PIT,-0.1
1885,connojo02,John Connor,2TM,-0.4
1885,connojo02,John Connor,BUF,-0.1
1885,connojo02,John Connor,LOU,-0.2
1885,recciph01,Phil Reccius,LOU,-0.6
1885,brownjo01,Joe Brown,BAL,-0.4
1885,corkhpo01,John Corkhill,CIN,-0.1
1885,palme01,Billy Palmer,SLM,-0.7
1885,pfefffr01,Fred Pfeffer,CHC,0.5
1885,foremfr01,Frank Foreman,BAL,-0.8
1885,hoffojo01,John Hofford,PIT,0.0
1885,radfopa01,Paul Radford,PRO,-0.9
1885,wetzesh01,George Wetzell,BAL,-0.7
1885,hughebi01,Billy Hughes,PHA,-0.4
1885,edench01,Charlie Eden,PIT,-0.2
1885,peoplji01,Jimmy Peoples,CIN,-0.8
1885,conwaji01,Jim Conway,PHA,-0.5
1885,smithph01,Phenomenal Smith,2TM,-0.8
1885,smithph01,Phenomenal Smith,BRO,-0.4
1885,smithph01,Phenomenal Smith,PHA,-0.3
1885,stemmbi01,Bill Stemmyer,BSN,0.1
1885,orrda01,Dave Orr,NYP,-0.5
1885,coreyfr01,Fred Corey,PHA,-0.2
1885,fishe01,John Fischer,BUF,-0.1
1885,gardngi01,Gid Gardner,BAL,-0.3
1885,hallsch01,Charlie Hallstrom,PRO,-0.4
1885,mccaf01,Bill McCaffrey,CIN,-0.2
1885,smithed01,Edgar Smith,PRO,0.3
1885,knighlo01,Lon Knight,2TM,0.1
1885,knighlo01,Lon Knight,PHA,0.3
1885,knighlo01,Lon Knight,PRO,-0.1
1885,foleyjo01,John Foley,PRO,-0.1
1885,keenaji01,Jim Keenan,CIN,0.3
1885,kimbesa01,Sam Kimber,PRO,-0.3
1885,stellbi01,Bill Stellberger,PRO,-0.3
1885,wardjo03,John Ward,PRO,-0.1
1885,brownto01,Tom Brown,PIT,0.1
1885,purcebl01,Blondie Purcell,PHA,-0.3
1885,sewared01,Ed Seward,PRO,0.4
1885,willine01,Ed Williamson,CHC,0.4
1885,meinkfr01,Frank Meinke,DTN,-0.4
1885,baldwki01,Kid Baldwin,CIN,-0.3
1885,richaha01,Hardy Richardson,BUF,0.1
1885,woodge01,George Wood,DTN,0.1
1885,burnsdi01,Dick Burns,SLM,-0.1
1885,sommejo01,Joe Sommer,BAL,-0.1
1885,ewingbu01,Buck Ewing,NYG,-0.2
1885,hankifr01,Frank Hankinson,NYP,0.0
1885,moriage01,Gene Moriarty,DTN,-0.1
1885,williwa01,Wash Williams,CHC,-0.3
1885,maculji01,Jimmy Macullar,BAL,0.1
1885,rosemch01,James Roseman,NYP,-0.3
1885,wolfji01,Chicken Wolf,LOU,-0.1
1886,ramseto01,Toad Ramsey,LOU,12.6
1886,kilroma01,Matt Kilroy,BAL,6.3
1886,morried01,Ed Morris,PIT,10.9
1886,keefeti01,Tim Keefe,NYG,10.1
1886,mullato01,Tony Mullane,CIN,5.1
1886,radboch01,Old Hoss Radbourn,BSN,4.5
1886,foutzda01,Dave Foutz,STL,9.7
1886,welchmi01,Mickey Welch,NYG,4.9
1886,baldwla01,Lady Baldwin,DTN,10.8
1886,clarkjo01,John Clarkson,CHC,7.3
1886,galvipu01,Pud Galvin,PIT,4.8
1886,lynchja01,Jack Lynch,NYP,-0.2
1886,wiedmst01,George Weidman,KCN,4.6
1886,portehe01,Henry Porter,BRO,2.6
1886,heckegu01,Guy Hecker,LOU,3.3
1886,atkinal01,Al Atkinson,PHA,0.4
1886,ferguch01,Charlie Ferguson,PHI,10.5
1886,whitnji01,Jim Whitney,KCN,4.6
1886,carutbo01,Bob Caruthers,STL,7.6
1886,getzich01,Pretzels Getzien,DTN,3.4
1886,shawdu01,Dupee Shaw,WHS,5.3
1886,caseyda01,Dan Casey,PHI,6.2
1886,healyjo01,Egyptian Healy,SLM,2.7
1886,maysal01,Al Mays,NYP,1.3
1886,stemmbi01,Bill Stemmyer,BSN,1.9
1886,mccorji01,Jim McCormick,CHC,7.4
1886,pechige01,George Pechiney,CIN,0.3
1886,cushmed01,Ed Cushman,NYP,4.4
1886,kirbyjo01,John Kirby,SLM,0.2
1886,mcginju01,Jumbo McGinnis,2TM,-0.4
1886,mcginju01,Jumbo McGinnis,STL,-1.4
1886,mcginju01,Jumbo McGinnis,BAL,1.0
1886,hendeha01,Hardie Henderson,2TM,-1.0
1886,hendeha01,Hardie Henderson,BAL,-1.7
1886,hendeha01,Hardie Henderson,BRO,0.7
1886,harkijo01,John Harkins,BRO,0.7
1886,terryad01,Adonis Terry,BRO,2.7
1886,conwape01,Pete Conway,2TM,-1.9
1886,conwape01,Pete Conway,KCN,-2.0
1886,conwape01,Pete Conway,DTN,0.2
1886,flynnjo02,Jocko Flynn,CHC,5.0
1886,hudsona01,Nat Hudson,STL,2.4
1886,dailyed01,Ed Daily,PHI,1.4
1886,boylehe01,Henry Boyle,SLM,3.6
1886,kennete01,Ted Kennedy,2TM,-2.3
1886,kennete01,Ted Kennedy,PHA,-1.2
1886,kennete01,Ted Kennedy,LOU,-1.1
1886,mathebo01,Bobby Mathews,PHA,-0.2
1886,barrbo01,Bob Barr,WHS,-1.0
1886,hartbi01,Bill Hart,PHA,-0.5
1886,mckeola01,Larry McKeon,2TM,-1.4
1886,mckeola01,Larry McKeon,CIN,-0.6
1886,mckeola01,Larry McKeon,KCN,-0.8
1886,millecy01,Cyclone Miller,PHA,1.3
1886,buffich01,Charlie Buffinton,BSN,-1.8
1886,madigto01,William Madigan,WHS,-1.8
1886,handiji01,Jim Handiboe,PIT,0.9
1886,toolest01,Steve Toole,BRO,-1.2
1886,sweench01,Charlie Sweeney,SLM,-0.7
1886,murphjo02,Joe Murphy,3TM,-1.1
1886,murphjo02,Joe Murphy,2TM,-0.1
1886,murphjo02,Joe Murphy,CIN,-0.1
1886,murphjo02,Joe Murphy,SLM,-1.0
1886,murphjo02,Joe Murphy,STL,0.0
1886,hoffojo01,John Hofford,PIT,-1.0
1886,smithbi03,Billy Smith,DTN,0.1
1886,conwadi01,Dick Conway,BAL,-2.1
1886,powelab01,Abner Powell,2TM,-0.7
1886,powelab01,Abner Powell,BAL,-0.6
1886,powelab01,Abner Powell,CIN,-0.2
1886,gilmofr01,Frank Gilmore,WHS,1.9
1886,sullito01,Tom Sullivan,LOU,-1.1
1886,smithel01,Elmer Smith,CIN,-0.2
1886,taylobi01,Billy Taylor,BAL,-0.8
1886,craneed01,Ed Crane,WHS,-2.1
1886,shaffjo01,John Shaffer,NYP,1.8
1886,dailyhu01,Hugh Daily,WHS,-1.4
1886,o'dayha01,Hank O'Day,WHS,1.9
1886,elybo01,Bones Ely,LOU,-1.0
1886,titcoca01,Ledell Titcomb,PHI,-1.1
1886,kingsi01,Silver King,KCN,-0.1
1886,chambel01,Ice Box Chamberlain,LOU,-1.1
1886,keefege01,George Keefe,WHS,0.1
1886,baueral01,Al Bauer,SLM,-0.5
1886,henryjo01,John Henry,WHS,-0.5
1886,whitewi01,Will White,CIN,-0.3
1886,richada01,Danny Richardson,NYG,-0.6
1886,smithph01,Phenomenal Smith,DTN,0.7
1886,twitcla01,Larry Twitchell,DTN,-0.5
1886,ryanji01,Jimmy Ryan,CHC,0.3
1886,colemjo01,John Coleman,PHA,0.6
1886,aydelja01,Jake Aydelott,PHA,0.2
1886,richmle01,Lee Richmond,CIN,-0.6
1886,smithre01,Rex Smith,2TM,-0.4
1886,smithre01,Rex Smith,CIN,-0.1
1886,smithre01,Rex Smith,PHA,-0.3
1886,bishobi01,Bill Bishop,PIT,-0.2
1886,irwinbi01,Bill Irwin,CIN,-0.4
1886,mountfr01,Frank Mountain,PIT,-0.6
1886,parsoch01,Charlie Parsons,BSN,-0.2
1886,strikjo01,John Strike,PHI,0.0
1886,corcola01,Larry Corcoran,WHS,-0.1
1886,fulleed01,Ed Fuller,WHS,-0.2
1886,cahiljo01,John Cahill,SLM,0.3
1886,richaha01,Hardy Richardson,DTN,-0.1
1886,weavesa01,Sam Weaver,PHA,-0.8
1886,bierblo01,Lou Bierbauer,PHA,-0.1
1886,reardji01,Jeremiah Reardon,2TM,-0.4
1886,reardji01,Jeremiah Reardon,SLM,-0.2
1886,reardji01,Jeremiah Reardon,CIN,-0.2
1886,bickhda01,Dan Bickham,CIN,-0.3
1886,knoufed01,Ed Knouff,BAL,0.1
1886,robinya01,William Robinson,STL,-0.3
1886,brownji01,Jim Brown,PHA,0.1
1886,clarked01,Ed Clark,PHA,-0.2
1886,foxjo01,John Fox,WHS,-0.3
1886,gessnch01,Charlie Gessner,PHA,-0.4
1886,housefr01,William Houseman,BAL,0.3
1886,keenaji01,Jim Keenan,CIN,0.1
1886,stephcl01,Clarence Stephens,CIN,-0.2
1886,gravefr01,Frank Graves,SLM,-0.3
1886,nealejo01,Joe Neale,LOU,-0.3
1886,rosemch01,James Roseman,NYP,-0.1
1886,seeryem01,Emmett Seery,SLM,-0.2
1886,fogarji01,Jim Fogarty,PHI,-0.2
1886,lilliji01,Jim Lillie,KCN,0.0
1886,whitnar01,Art Whitney,PIT,0.0
1886,winkege01,George Winkelman,WHS,-0.3
1886,morrijo01,John Morrill,BSN,0.2
1886,sommejo01,Joe Sommer,BAL,-0.4
1886,straujo02,Joe Strauss,LOU,-0.1
1886,o'conpa01,Pat O'Connell,BAL,-0.1
1886,recciph01,Phil Reccius,LOU,-0.2
1886,scottmi01,Milt Scott,BAL,0.0
1886,willine01,Ed Williamson,CHC,0.0
1886,wisebi01,Bill Wise,WHS,-0.3
1886,wolfji01,Chicken Wolf,LOU,-0.3
1886,yingljo01,Joe Yingling,WHS,-0.3
1886,brownto01,Tom Brown,PIT,-0.2
1886,devliji02,Jim Devlin,NYG,-0.3
1886,fulmech02,Chris Fulmer,BAL,0.0
1886,hyndmji01,William Hyndman,PHA,-0.4
1886,maculji01,Jimmy Macullar,BAL,-0.1
1886,brookha01,Fred Mauer,NYP,-0.4
1886,pinknge01,George Pinkney,BRO,0.0
1886,zay01,William Zay,BAL,-0.2
1886,mccarto01,Tommy McCarthy,PHI,0.1
1886,purcebl01,Blondie Purcell,BAL,0.0
1886,whitebi02,Bill White,LOU,-0.1
1886,corkhpo01,John Corkhill,CIN,0.0
1886,stoveha01,Harry Stovey,PHA,-0.1
1887,kilroma01,Matt Kilroy,BAL,11.0
1887,ramseto01,Toad Ramsey,LOU,8.4
1887,clarkjo01,John Clarkson,CHC,14.9
1887,smithph01,Phenomenal Smith,BAL,1.3
1887,keefeti01,Tim Keefe,NYG,7.1
1887,sewared01,Ed Seward,PHA,7.0
1887,weyhigu01,Gus Weyhing,PHA,2.7
1887,smithel01,Elmer Smith,CIN,10.3
1887,maysal01,Al Mays,NYP,2.2
1887,galvipu01,Pud Galvin,PIT,6.8
1887,radboch01,Old Hoss Radbourn,BSN,2.0
1887,mullato01,Tony Mullane,CIN,7.3
1887,whitnji01,Jim Whitney,WHS,7.5
1887,caseyda01,Dan Casey,PHI,10.4
1887,kingsi01,Silver King,STL,6.1
1887,crowebi01,Billy Crowell,CLE,0.9
1887,getzich01,Pretzels Getzien,DTN,4.7
1887,welchmi01,Mickey Welch,NYG,4.7
1887,carutbo01,Bob Caruthers,STL,6.8
1887,healyjo01,Egyptian Healy,IND,-0.9
1887,portehe01,Henry Porter,BRO,1.1
1887,foutzda01,Dave Foutz,STL,1.8
1887,baldwma01,Mark Baldwin,CHC,6.0
1887,buffich01,Charlie Buffinton,PHI,3.8
1887,boylehe01,Henry Boyle,IND,5.5
1887,mccorji01,Jim McCormick,PIT,2.6
1887,maddeki01,Kid Madden,BSN,3.8
1887,terryad01,Adonis Terry,BRO,2.4
1887,morried01,Ed Morris,PIT,1.7
1887,morrimi01,Mike Morrison,CLE,-3.3
1887,chambel01,Ice Box Chamberlain,LOU,2.3
1887,ferguch01,Charlie Ferguson,PHI,7.7
1887,wiedmst01,George Weidman,3TM,0.5
1887,wiedmst01,George Weidman,2TM,0.4
1887,wiedmst01,George Weidman,DTN,0.4
1887,wiedmst01,George Weidman,NYP,0.1
1887,wiedmst01,George Weidman,NYG,0.0
1887,heckegu01,Guy Hecker,LOU,1.7
1887,o'dayha01,Hank O'Day,WHS,1.5
1887,gilmofr01,Frank Gilmore,WHS,2.1
1887,conwadi01,Dick Conway,BSN,0.9
1887,cushmed01,Ed Cushman,NYP,-2.5
1887,baldwla01,Lady Baldwin,DTN,1.7
1887,harkijo01,John Harkins,BRO,-1.4
1887,toolest01,Steve Toole,BRO,2.0
1887,seradbi01,Billy Serad,CIN,0.5
1887,lynchja01,Jack Lynch,NYP,0.5
1887,shawdu01,Dupee Shaw,WHS,-1.6
1887,vanhage01,George Van Haltren,CHC,2.2
1887,shrevle01,Lev Shreve,2TM,0.3
1887,shrevle01,Lev Shreve,BAL,0.3
1887,shrevle01,Lev Shreve,IND,0.0
1887,conwape01,Pete Conway,DTN,1.1
1887,dailyhu01,Hugh Daily,CLE,1.7
1887,atkinal01,Al Atkinson,PHA,-1.3
1887,stemmbi01,Bill Stemmyer,BSN,-1.0
1887,knoufed01,Ed Knouff,2TM,-1.3
1887,knoufed01,Ed Knouff,BAL,-1.7
1887,knoufed01,Ed Knouff,STL,0.4
1887,twitcla01,Larry Twitchell,DTN,0.8
1887,shaffjo01,John Shaffer,NYP,-1.3
1887,hendeha01,Hardie Henderson,BRO,0.5
1887,georgbi01,Bill George,NYG,-2.1
1887,gilksbo01,Bob Gilks,CLE,2.8
1887,kirbyjo01,John Kirby,2TM,-1.7
1887,kirbyjo01,John Kirby,IND,-0.9
1887,kirbyjo01,John Kirby,CLE,-0.9
1887,titcoca01,Ledell Titcomb,2TM,-0.5
1887,titcoca01,Ledell Titcomb,PHA,-0.6
1887,titcoca01,Ledell Titcomb,NYG,0.1
1887,pechige01,George Pechiney,CLE,-2.4
1887,mcginju01,Jumbo McGinnis,CIN,-0.8
1887,hudsona01,Nat Hudson,STL,-0.3
1887,leitndo01,Doc Leitner,IND,-0.8
1887,grubehe01,Henry Gruber,DTN,1.5
1887,mathebo01,Bobby Mathews,PHA,-1.0
1887,mattimi01,Mike Mattimore,NYG,0.2
1887,morriha01,Hank Morrison,IND,-1.5
1887,maulal01,Al Maul,PHI,-0.6
1887,moffesa01,Sam Moffet,IND,-0.3
1887,dailyed01,Ed Daily,2TM,-1.1
1887,dailyed01,Ed Daily,PHI,-1.1
1887,dailyed01,Ed Daily,WHS,0.0
1887,faganbi01,Bill Fagan,NYP,0.4
1887,ryanji01,Jimmy Ryan,CHC,0.2
1887,nealejo01,Joe Neale,LOU,-0.9
1887,parsoch01,Charlie Parsons,NYP,-0.4
1887,bishobi01,Bill Bishop,PIT,-1.0
1887,pylesh01,Harry Pyle,CHC,-0.3
1887,hartbi01,Bill Hart,PHA,-0.1
1887,sweench01,Charlie Sweeney,CLE,-0.7
1887,cunnibe01,Bert Cunningham,BRO,-0.2
1887,cahiljo01,John Cahill,IND,-1.3
1887,spragch01,Charlie Sprague,CHC,0.3
1887,mcmulge01,James McMullin,NYP,-0.4
1887,tiernmi01,Mike Tiernan,NYG,-0.8
1887,beatied01,Ed Beatin,DTN,0.2
1887,devliji02,Jim Devlin,PHI,-0.3
1887,sheami01,Mike Shea,CIN,-0.6
1887,swababi01,Bill Swarback,NYG,-0.6
1887,fast01,Frederick Fass,IND,-0.6
1887,burkebi01,William Burke,DTN,-0.2
1887,corcola01,Larry Corcoran,IND,-0.7
1887,corkhpo01,John Corkhill,CIN,-0.3
1887,watsomo01,Walter Watson,CIN,-0.4
1887,gardnbi01,Bill Gardner,BAL,-0.6
1887,kellyki01,King Kelly,BSN,-0.4
1887,burnsoy01,Thomas Burns,BAL,-0.5
1887,allenmy01,Myron Allen,CLE,0.4
1887,geissem01,Emil Geiss,CHC,-0.2
1887,keatibo01,Bob Keating,BAL,-0.4
1887,murphjo02,Joe Murphy,STL,-0.1
1887,scheifr01,Frank Scheibeck,CLE,-0.4
1887,taylobi01,Billy Taylor,PHA,0.2
1887,veachpe01,Peek-A-Boo Veach,LOU,0.1
1887,widnewi01,Wild Bill Widner,CIN,-0.1
1887,keefege01,George Keefe,WHS,-0.4
1887,roachjo01,John Roach,NYG,-0.4
1887,rosemch01,James Roseman,NYP,-0.4
1887,tebeage01,George Tebeau,CIN,-0.4
1887,recciph01,Phil Reccius,CLE,0.0
1887,mcgeaja01,Jack McGeachey,IND,-0.4
1887,striccu01,Cub Stricker,CLE,0.0
1887,chapmfr01,Frank Chapman,PHA,-0.1
1887,radfopa01,Paul Radford,NYP,-0.6
1887,purcebl01,Blondie Purcell,BAL,-0.3
1887,o'brito01,Tom O'Brien,NYP,-0.1
1887,fogarji01,Jim Fogarty,PHI,-0.1
1887,jonesch01,Charley Jones,NYP,0.0
1887,robinya01,William Robinson,STL,0.0
1887,sowdejo01,John Sowders,IND,-0.4
1887,ryancy01,Cyclone Ryan,NYP,-0.4
1887,sullima01,Marty Sullivan,CHC,0.0
1887,dunlafr01,Fred Dunlap,DTN,0.0
1887,willine01,Ed Williamson,CHC,0.0
1887,bierblo01,Lou Bierbauer,PHA,0.1
1887,caseybi01,Tommy Casey,PHA,-0.2
1887,fieldjo01,Jocko Fields,PIT,-0.2
1887,glassja01,Jack Glasscock,IND,0.1
1887,o'brida01,Darby O'Brien,NYP,0.1
1887,pettibo01,Bob Pettit,CHC,-0.4
1887,sommejo01,Joe Sommer,BAL,0.0
1887,poormto01,Tom Poorman,PHA,-0.2
1887,richada01,Danny Richardson,NYG,0.0
1888,kingsi01,Silver King,STL,14.7
1888,bakelje01,Jersey Bakley,CLE,4.0
1888,sewared01,Ed Seward,PHA,10.1
1888,clarkjo01,John Clarkson,BSN,4.3
1888,morried01,Ed Morris,PIT,6.4
1888,portehe01,Henry Porter,KCC,0.5
1888,cunnibe01,Bert Cunningham,BAL,0.3
1888,galvipu01,Pud Galvin,PIT,6.6
1888,keefeti01,Tim Keefe,NYG,10.3
1888,welchmi01,Mickey Welch,NYG,8.0
1888,getzich01,Pretzels Getzien,DTN,0.7
1888,weyhigu01,Gus Weyhing,PHA,3.7
1888,o'dayha01,Hank O'Day,WHS,4.3
1888,buffich01,Charlie Buffinton,PHI,12.1
1888,carutbo01,Bob Caruthers,BRO,5.7
1888,conwape01,Pete Conway,DTN,5.6
1888,viaule01,Lee Viau,CIN,4.1
1888,mullato01,Tony Mullane,CIN,3.5
1888,hughemi01,Mickey Hughes,BRO,5.3
1888,smithel01,Elmer Smith,CIN,4.3
1888,ramseto01,Toad Ramsey,LOU,-3.4
1888,krockgu01,Gus Krock,CHC,6.8
1888,hudsona01,Nat Hudson,STL,4.1
1888,whitnji01,Jim Whitney,WHS,1.8
1888,boylehe01,Henry Boyle,IND,3.1
1888,healyjo01,Egyptian Healy,IND,1.0
1888,kilroma01,Matt Kilroy,BAL,-2.2
1888,sowdebi01,Bill Sowders,BSN,3.6
1888,smithph01,Phenomenal Smith,2TM,0.7
1888,smithph01,Phenomenal Smith,BAL,0.8
1888,smithph01,Phenomenal Smith,PHA,-0.2
1888,chambel01,Ice Box Chamberlain,2TM,4.4
1888,chambel01,Ice Box Chamberlain,LOU,1.0
1888,chambel01,Ice Box Chamberlain,STL,3.4
1888,shrevle01,Lev Shreve,IND,-1.2
1888,caseyda01,Dan Casey,PHI,2.1
1888,sandebe01,Ben Sanders,PHI,7.8
1888,stratsc01,Scott Stratton,LOU,-0.8
1888,o'brida02,Cinders O'Brien,CLE,1.3
1888,baldwma01,Mark Baldwin,CHC,1.6
1888,vanhage01,George Van Haltren,CHC,0.2
1888,grubehe01,Henry Gruber,DTN,1.7
1888,heckegu01,Guy Hecker,LOU,0.1
1888,mattimi01,Mike Mattimore,PHA,-1.3
1888,sullito01,Tom Sullivan,KCC,0.8
1888,staleha01,Harry Staley,PIT,1.7
1888,radboch01,Old Hoss Radbourn,BSN,1.4
1888,gleaski01,Kid Gleason,PHI,1.2
1888,titcoca01,Ledell Titcomb,NYG,1.7
1888,terryad01,Adonis Terry,BRO,3.8
1888,ewingjo01,John Ewing,LOU,2.5
1888,burdibi01,Bill Burdick,IND,2.7
1888,foutzda01,Dave Foutz,BRO,2.0
1888,maddeki01,Kid Madden,BSN,2.4
1888,maysal01,Al Mays,BRO,1.5
1888,crowebi01,Billy Crowell,2TM,-3.5
1888,crowebi01,Billy Crowell,CLE,-3.2
1888,crowebi01,Billy Crowell,LOU,-0.4
1888,faganbi01,Bill Fagan,KCC,-3.2
1888,widnewi01,Wild Bill Widner,WHS,0.3
1888,keefege01,George Keefe,WHS,1.6
1888,beatied01,Ed Beatin,DTN,0.2
1888,hoffmfr01,Frank Hoffman,KCC,0.4
1888,tenerjo01,John Tener,CHC,0.3
1888,gilmofr01,Frank Gilmore,WHS,-2.7
1888,craneed01,Ed Crane,NYG,0.0
1888,toolest01,Steve Toole,KCC,-2.3
1888,devliji02,Jim Devlin,STL,0.0
1888,knoufed01,Ed Knouff,2TM,0.7
1888,knoufed01,Ed Knouff,STL,0.3
1888,knoufed01,Ed Knouff,CLE,0.4
1888,dailyed01,Ed Daily,WHS,-1.6
1888,borchge01,George Borchers,CHC,-0.4
1888,weyhijo01,John Weyhing,CIN,1.4
1888,proesge01,George Proeser,CLE,0.1
1888,moffesa01,Sam Moffet,IND,-0.3
1888,baldwla01,Lady Baldwin,DTN,-1.3
1888,conwadi01,Dick Conway,BSN,0.1
1888,shawsa01,Sam Shaw,BAL,-0.4
1888,ehretre01,Red Ehret,KCC,0.7
1888,keased01,Ed Keas,CLE,0.7
1888,seradbi01,Billy Serad,CIN,-0.9
1888,gumbead01,Ad Gumbert,CHC,0.6
1888,kirbyjo01,John Kirby,KCC,-0.4
1888,dwyerfr01,Frank Dwyer,CHC,0.6
1888,ryanji01,Jimmy Ryan,CHC,-0.5
1888,hendeha01,Hardie Henderson,PIT,-0.8
1888,morrimi01,Mike Morrison,CLE,-0.8
1888,walkege01,George Walker,BAL,-0.7
1888,georgbi01,Bill George,NYG,1.1
1888,blairbi01,Bill Blair,PHA,-0.2
1888,knellph01,Phil Knell,PIT,-0.3
1888,oberldo01,Doc Oberlander,CLE,-0.9
1888,brynato01,Tod Brynan,CHC,-0.7
1888,shawdu01,Dupee Shaw,WHS,-0.6
1888,gilksbo01,Bob Gilks,CLE,-0.6
1888,allenmy01,Myron Allen,KCC,0.6
1888,hafnefr01,Frank Hafner,KCC,-0.6
1888,wiedmst01,George Weidman,NYG,-0.6
1888,maulal01,Al Maul,PIT,-0.7
1888,clarkda01,Dad Clarke,CHC,-0.5
1888,haddoge01,George Haddock,WHS,0.2
1888,stemmbi01,Bill Stemmyer,CLE,-0.9
1888,whitapa01,Pat Whitaker,BAL,-0.3
1888,burnsoy01,Thomas Burns,BAL,0.0
1888,striccu01,Cub Stricker,CLE,0.2
1888,mainswi01,Willard Mains,CHC,-0.3
1888,gamblbo01,Bob Gamble,PHA,-0.3
1888,greenjo01,John Greenig,WHS,-0.3
1888,kilromi01,Mike Kilroy,BAL,-0.2
1888,harkijo01,John Harkins,BAL,-0.4
1888,ewingbu01,Buck Ewing,NYG,-0.4
1888,freemju01,Julie Freeman,STL,-0.1
1888,mccarto01,Tommy McCarthy,STL,-0.2
1888,corkhpo01,John Corkhill,CIN,-0.2
1888,mcgeaja01,Jack McGeachey,IND,-0.1
1888,schoeju01,Jumbo Schoeneck,IND,-0.1
1888,dennyje01,Jerry Denny,IND,-0.2
1888,twitcla01,Larry Twitchell,DTN,-0.1
1888,tyngji01,Jim Tyng,PHI,-0.1
1888,bierblo01,Lou Bierbauer,PHA,0.1
1888,shochge01,George Shoch,WHS,0.2
1888,tucketo01,Tommy Tucker,BAL,0.0
1888,woodge01,George Wood,PHI,-0.2
1888,glassja01,Jack Glasscock,IND,-0.2
1889,clarkjo01,John Clarkson,BSN,16.7
1889,baldwma01,Mark Baldwin,COL,1.8
1889,kilroma01,Matt Kilroy,BAL,7.2
1889,kingsi01,Silver King,STL,8.3
1889,weyhigu01,Gus Weyhing,PHA,4.5
1889,carutbo01,Bob Caruthers,BRO,6.4
1889,chambel01,Ice Box Chamberlain,STL,9.2
1889,staleha01,Harry Staley,PIT,3.7
1889,foremfr01,Frank Foreman,BAL,5.0
1889,swartpa01,Park Swartzel,KCC,1.3
1889,duryeje01,Jesse Duryea,CIN,8.4
1889,buffich01,Charlie Buffinton,PHI,11.3
1889,boylehe01,Henry Boyle,IND,5.9
1889,welchmi01,Mickey Welch,NYG,6.7
1889,viaule01,Lee Viau,CIN,5.0
1889,ehretre01,Red Ehret,LOU,1.4
1889,keefeti01,Tim Keefe,NYG,4.2
1889,sandebe01,Ben Sanders,PHI,6.9
1889,getzich01,Pretzels Getzien,IND,1.2
1889,o'brida02,Cinders O'Brien,CLV,4.3
1889,galvipu01,Pud Galvin,PIT,1.1
1889,conwaji01,Jim Conway,KCC,4.5
1889,ewingjo01,John Ewing,LOU,-1.5
1889,terryad01,Adonis Terry,BRO,2.0
1889,sewared01,Ed Seward,PHA,1.5
1889,hutchbi01,Bill Hutchison,CHC,2.9
1889,beatied01,Ed Beatin,CLV,5.7
1889,bakelje01,Jersey Bakley,CLV,5.7
1889,widnewi01,Wild Bill Widner,COL,-1.7
1889,fersoal01,Alex Ferson,WHS,2.7
1889,tenerjo01,John Tener,CHC,2.1
1889,cunnibe01,Bert Cunningham,BAL,-2.3
1889,radboch01,Old Hoss Radbourn,BSN,4.9
1889,haddoge01,George Haddock,WHS,1.5
1889,dwyerfr01,Frank Dwyer,CHC,2.7
1889,gumbead01,Ad Gumbert,CHC,3.3
1889,mcmahsa01,Sadie McMahon,PHA,1.2
1889,craneed01,Ed Crane,NYG,0.8
1889,keefege01,George Keefe,WHS,0.2
1889,lovetto01,Tom Lovett,BRO,1.4
1889,rusieam01,Amos Rusie,IND,-0.5
1889,gastrha01,Hank Gastright,COL,-0.7
1889,mullato01,Tony Mullane,CIN,2.9
1889,gleaski01,Kid Gleason,PHI,-0.2
1889,grubehe01,Henry Gruber,CLV,2.8
1889,smithel01,Elmer Smith,CIN,-1.3
1889,stiveja01,Jack Stivetts,STL,5.7
1889,o'dayha01,Hank O'Day,2TM,0.4
1889,o'dayha01,Hank O'Day,WHS,-0.1
1889,o'dayha01,Hank O'Day,NYG,0.5
1889,sowdejo01,John Sowders,KCC,-1.7
1889,ramseto01,Toad Ramsey,2TM,-2.2
1889,ramseto01,Toad Ramsey,LOU,-2.4
1889,ramseto01,Toad Ramsey,STL,0.2
1889,maddeki01,Kid Madden,BSN,0.2
1889,morried01,Ed Morris,PIT,1.2
1889,hughemi01,Mickey Hughes,BRO,-1.5
1889,caseyda01,Dan Casey,PHI,3.3
1889,heckegu01,Guy Hecker,LOU,-1.3
1889,healyjo01,Egyptian Healy,2TM,-1.9
1889,healyjo01,Egyptian Healy,WHS,-1.9
1889,healyjo01,Egyptian Healy,CHC,0.0
1889,krockgu01,Gus Krock,3TM,-1.3
1889,krockgu01,Gus Krock,CHC,0.2
1889,krockgu01,Gus Krock,IND,-0.8
1889,krockgu01,Gus Krock,WHS,-0.7
1889,maysal01,Al Mays,COL,-1.1
1889,stratsc01,Scott Stratton,LOU,-1.1
1889,mccarjo01,John McCarty,KCC,-0.4
1889,sowdebi01,Bill Sowders,2TM,-1.5
1889,sowdebi01,Bill Sowders,BSN,-0.3
1889,sowdebi01,Bill Sowders,PIT,-1.3
1889,sullito01,Tom Sullivan,KCC,-0.9
1889,mcdermi01,Michael McDermott,LOU,0.5
1889,whitnji01,Jim Whitney,IND,-1.2
1889,devliji02,Jim Devlin,STL,0.7
1889,hudsona01,Nat Hudson,STL,-0.1
1889,foutzda01,Dave Foutz,BRO,-0.8
1889,bausege01,George Bausewine,PHA,-0.5
1889,hatfigi01,Gil Hatfield,NYG,-0.3
1889,daleybi01,Bill Daley,BSN,0.6
1889,burdibi01,Bill Burdick,IND,-0.5
1889,pettych01,Charlie Petty,CIN,0.4
1889,smithph01,Phenomenal Smith,PHA,0.0
1889,maulal01,Al Maul,PIT,-1.3
1889,sullimi02,Mike Sullivan,WHS,-1.0
1889,feeja01,Jack Fee,IND,0.2
1889,colemjo01,John Coleman,PHA,0.1
1889,mattimi01,Mike Mattimore,2TM,-0.4
1889,mattimi01,Mike Mattimore,PHA,-0.4
1889,mattimi01,Mike Mattimore,KCC,0.0
1889,garfibi01,Bill Garfield,PIT,-0.8
1889,titcoca01,Ledell Titcomb,NYG,-0.4
1889,knoufed01,Ed Knouff,PHA,0.1
1889,anderda01,Dave Anderson,PHI,-0.1
1889,portehe01,Henry Porter,KCC,-1.3
1889,conwape01,Pete Conway,PIT,0.0
1889,pearsfr01,Frank Pears,KCC,0.2
1889,ewingbu01,Buck Ewing,NYG,0.1
1889,daybi01,Bill Day,PHI,-0.6
1889,woodpe01,Pete Wood,PHI,0.1
1889,beamal01,Alex Beam,PIT,-0.2
1889,dunnian01,Andy Dunning,PIT,-0.4
1889,eastoja01,Jack Easton,COL,0.5
1889,spragch01,Charlie Sprague,CLV,-0.7
1889,shrevle01,Lev Shreve,IND,-0.8
1889,anderva01,Varney Anderson,IND,-0.1
1889,bellch01,Charlie Bell,KCC,0.2
1889,goetzge01,George Goetz,BAL,0.1
1889,jonesal01,Alex Jones,PIT,0.1
1889,krummal01,Al Krumm,PIT,-0.2
1889,raymoha01,Harry Raymond,LOU,0.5
1889,thornjo01,John Thornton,WHS,-0.2
1889,whitapa01,Pat Whitaker,BAL,0.3
1889,robinbi01,Bill Anderson,LOU,-0.2
1889,batesjo01,John Bates,KCC,-0.3
1889,georgbi01,Bill George,COL,-0.4
1889,mccarto01,Tommy McCarthy,STL,0.0
1889,sprined01,Ed Springer,LOU,-0.2
1889,mcgeaja01,Jack McGeachey,IND,-0.4
1889,whitnar01,Art Whitney,NYG,0.0
1889,fogarji01,Jim Fogarty,PHI,-0.1
1889,bishobi01,Bill Bishop,CHC,-0.6
1889,conovte01,Theodore Conover,CIN,-0.2
1889,ladewst01,Steve Ladew,KCC,-0.2
1889,dailyed01,Ed Daily,COL,-0.4
1889,fannija01,Jack Fanning,IND,-0.2
1889,irwinar01,Arthur Irwin,WHS,0.0
1889,nashbi01,Billy Nash,BSN,0.1
1889,twitcla01,Larry Twitchell,CLV,0.1
1889,weyhijo01,John Weyhing,COL,-0.2
1889,woodge01,George Wood,PHI,-0.1
1889,glassja01,Jack Glasscock,IND,-0.1
1889,comisch01,Charlie Comiskey,STL,0.0
1889,morrijo01,John Morrill,WHS,0.0
