grid_num,col1_type,col1_code,col1_label,col2_type,col2_code,col2_label,col3_type,col3_code,col3_label,row1_type,row1_code,row1_label,row2_type,row2_code,row2_label,row3_type,row3_code,row3_label
1,team,TOR,Toronto  Blue Jays,stat,,Hall of Fame,stat,,All Star,team,TEX,Texas Rangers,team,BOS,Boston   Red Sox,team,CIN,Cincinnati Reds
2,team,WSN,Washington Nationals,stat,,All Star,stat,,World Series ChampWS Roster,team,NYY,New York Yankees,team,HOU,Houston Astros,team,NYM,New York Mets
3,team,MIN,Minnesota Twins,stat,,MVP,stat,,Cy Young,team,DET,Detroit Tigers,team,LAD,Los Angeles Dodgers,team,ATL,Atlanta Braves
4,team,BAL,Baltimore Orioles,stat,,Silver Slugger,stat,,MVP,team,TEX,Texas Rangers,team,FLA,Miami Marlins,team,SFG,San Francisco Giants
5,team,CLE,Cleveland Guardians,stat,,Gold Glove,stat,,Cy Young,team,CHC,Chicago Cubs,team,MIL,Milwaukee Brewers,team,NYM,New York Mets
6,team,SEA,Seattle Mariners,stat,,Cy Young,stat,,World Series ChampWS Roster,team,NYY,New York Yankees,team,KCR,Kansas City Royals,team,PHI,Philadelphia Phillies
7,team,BOS,Boston   Red Sox,stat,,Hall of Fame,stat,,Gold Glove,team,TEX,Texas Rangers,team,CLE,Cleveland Guardians,team,TOR,Toronto  Blue Jays
8,team,CHC,Chicago Cubs,stat,,Gold Glove,stat,,Hall of Fame,team,HOU,Houston Astros,team,MIN,Minnesota Twins,team,ATL,Atlanta Braves
9,team,CIN,Cincinnati Reds,stat,,Rookie of the Year,stat,,Gold Glove,team,CHW,Chicago  White Sox,team,PIT,Pittsburgh Pirates,team,PHI,Philadelphia Phillies
10,team,NYY,New York Yankees,stat,,Gold Glove,stat,,Rookie of the Year,team,DET,Detroit Tigers,team,OAK, Athletics,team,SDP,San Diego Padres
11,team,SDP,San Diego Padres,stat,,Hall of Fame,stat,,All Star,team,KCR,Kansas City Royals,team,CHC,Chicago Cubs,team,CLE,Cleveland Guardians
12,team,HOU,Houston Astros,stat,,Cy Young,stat,,Rookie of the Year,team,SFG,San Francisco Giants,team,TBD,Tampa Bay Rays,team,MIL,Milwaukee Brewers
13,team,PHI,Philadelphia Phillies,stat,,All Star,stat,,Gold Glove,team,TEX,Texas Rangers,team,CHC,Chicago Cubs,team,ARI,Arizona Diamondbacks
14,team,SEA,Seattle Mariners,stat,,Silver Slugger,stat,,All Star,team,MIL,Milwaukee Brewers,team,HOU,Houston Astros,team,CIN,Cincinnati Reds
15,team,LAD,Los Angeles Dodgers,stat,,Silver Slugger,stat,,Gold Glove,team,SEA,Seattle Mariners,team,BOS,Boston   Red Sox,team,BAL,Baltimore Orioles
16,team,PHI,Philadelphia Phillies,stat,,Gold Glove,stat,,Cy Young,team,CLE,Cleveland Guardians,team,DET,Detroit Tigers,team,SFG,San Francisco Giants
17,team,BOS,Boston   Red Sox,stat,,Silver Slugger,stat,,Gold Glove,team,PHI,Philadelphia Phillies,team,CHC,Chicago Cubs,team,CHW,Chicago  White Sox
18,team,TBD,Tampa Bay Rays,stat,,MVP,stat,,Rookie of the Year,team,WSN,Washington Nationals,team,PHI,Philadelphia Phillies,team,TOR,Toronto  Blue Jays
19,team,PIT,Pittsburgh Pirates,stat,,Cy Young,stat,,Silver Slugger,team,LAD,Los Angeles Dodgers,team,MIL,Milwaukee Brewers,team,CHW,Chicago  White Sox
20,team,CHC,Chicago Cubs,stat,,Silver Slugger,stat,,Rookie of the Year,team,STL,St. Louis Cardinals,team,TBD,Tampa Bay Rays,team,COL,Colorado Rockies
21,team,HOU,Houston Astros,stat,,All Star,stat,,Rookie of the Year,team,ATL,Atlanta Braves,team,CHW,Chicago  White Sox,team,ANA,Los Angeles Angels
22,team,BOS,Boston   Red Sox,stat,,Silver Slugger,stat,,All Star,team,TBD,Tampa Bay Rays,team,ANA,Los Angeles Angels,team,TEX,Texas Rangers
23,team,ARI,Arizona Diamondbacks,stat,,MVP,stat,,Rookie of the Year,team,PHI,Philadelphia Phillies,team,SDP,San Diego Padres,team,ATL,Atlanta Braves
24,team,HOU,Houston Astros,stat,,Hall of Fame,stat,,Gold Glove,team,CHW,Chicago  White Sox,team,PHI,Philadelphia Phillies,team,TEX,Texas Rangers
25,team,PHI,Philadelphia Phillies,stat,,Silver Slugger,stat,,Gold Glove,team,STL,St. Louis Cardinals,team,LAD,Los Angeles Dodgers,team,KCR,Kansas City Royals
26,team,COL,Colorado Rockies,stat,,World Series ChampWS Roster,stat,,Rookie of the Year,team,STL,St. Louis Cardinals,team,KCR,Kansas City Royals,team,WSN,Washington Nationals
27,team,BAL,Baltimore Orioles,stat,,Hall of Fame,stat,,MVP,team,OAK, Athletics,team,LAD,Los Angeles Dodgers,team,CHW,Chicago  White Sox
28,team,MIL,Milwaukee Brewers,stat,,Rookie of the Year,stat,,MVP,team,PIT,Pittsburgh Pirates,team,COL,Colorado Rockies,team,DET,Detroit Tigers
29,team,DET,Detroit Tigers,stat,,MVP,stat,,Rookie of the Year,team,NYY,New York Yankees,team,ANA,Los Angeles Angels,team,OAK, Athletics
30,team,FLA,Miami Marlins,stat,,Cy Young,stat,,All Star,team,SDP,San Diego Padres,team,NYM,New York Mets,team,ARI,Arizona Diamondbacks
31,team,ANA,Los Angeles Angels,stat,,All Star,stat,,Silver Slugger,team,KCR,Kansas City Royals,team,TBD,Tampa Bay Rays,team,BOS,Boston   Red Sox
32,team,BOS,Boston   Red Sox,stat,,Rookie of the Year,stat,,Silver Slugger,team,CLE,Cleveland Guardians,team,TOR,Toronto  Blue Jays,team,KCR,Kansas City Royals
33,team,SEA,Seattle Mariners,stat,,All Star,stat,,Gold Glove,team,CLE,Cleveland Guardians,team,MIL,Milwaukee Brewers,team,NYY,New York Yankees
34,team,CHW,Chicago  White Sox,stat,,World Series ChampWS Roster,stat,,Cy Young,team,WSN,Washington Nationals,team,KCR,Kansas City Royals,team,PIT,Pittsburgh Pirates
35,team,WSN,Washington Nationals,stat,,Cy Young,stat,,Rookie of the Year,team,KCR,Kansas City Royals,team,CLE,Cleveland Guardians,team,ANA,Los Angeles Angels
36,team,ANA,Los Angeles Angels,stat,,Cy Young,stat,,Gold Glove,team,SEA,Seattle Mariners,team,CLE,Cleveland Guardians,team,ARI,Arizona Diamondbacks
37,team,CHC,Chicago Cubs,stat,,MVP,stat,,Gold Glove,team,ATL,Atlanta Braves,team,SEA,Seattle Mariners,team,TOR,Toronto  Blue Jays
38,team,HOU,Houston Astros,stat,,MVP,stat,,Rookie of the Year,team,NYY,New York Yankees,team,SFG,San Francisco Giants,team,OAK, Athletics
39,team,TOR,Toronto  Blue Jays,stat,,All Star,stat,,Gold Glove,team,DET,Detroit Tigers,team,PIT,Pittsburgh Pirates,team,CHC,Chicago Cubs
40,team,SDP,San Diego Padres,stat,,Rookie of the Year,stat,,Silver Slugger,team,HOU,Houston Astros,team,TBD,Tampa Bay Rays,team,SFG,San Francisco Giants
41,team,NYY,New York Yankees,stat,,All Star,stat,,Hall of Fame,team,DET,Detroit Tigers,team,COL,Colorado Rockies,team,CLE,Cleveland Guardians
42,team,TBD,Tampa Bay Rays,stat,,Silver Slugger,stat,,Rookie of the Year,team,WSN,Washington Nationals,team,HOU,Houston Astros,team,BOS,Boston   Red Sox
43,team,WSN,Washington Nationals,stat,,Gold Glove,stat,,MVP,team,SFG,San Francisco Giants,team,DET,Detroit Tigers,team,PIT,Pittsburgh Pirates
44,team,BAL,Baltimore Orioles,stat,,Gold Glove,stat,,Rookie of the Year,team,STL,St. Louis Cardinals,team,PIT,Pittsburgh Pirates,team,BOS,Boston   Red Sox
45,team,SEA,Seattle Mariners,stat,,Silver Slugger,stat,,Cy Young,team,OAK, Athletics,team,BAL,Baltimore Orioles,team,HOU,Houston Astros
46,team,SDP,San Diego Padres,stat,,All Star,stat,,MVP,team,MIL,Milwaukee Brewers,team,COL,Colorado Rockies,team,MIN,Minnesota Twins
47,team,TBD,Tampa Bay Rays,stat,,Silver Slugger,stat,,Hall of Fame,team,BOS,Boston   Red Sox,team,NYY,New York Yankees,team,LAD,Los Angeles Dodgers
48,team,HOU,Houston Astros,stat,,All Star,stat,,Gold Glove,team,STL,St. Louis Cardinals,team,MIL,Milwaukee Brewers,team,FLA,Miami Marlins
49,team,NYY,New York Yankees,stat,,Hall of Fame,stat,,Gold Glove,team,CHW,Chicago  White Sox,team,KCR,Kansas City Royals,team,BOS,Boston   Red Sox
50,team,STL,St. Louis Cardinals,stat,,Silver Slugger,stat,,Cy Young,team,SFG,San Francisco Giants,team,ATL,Atlanta Braves,team,CIN,Cincinnati Reds
51,team,CIN,Cincinnati Reds,stat,,Silver Slugger,stat,,Cy Young,team,NYM,New York Mets,team,CLE,Cleveland Guardians,team,ATL,Atlanta Braves
52,team,OAK, Athletics,stat,,World Series ChampWS Roster,stat,,Hall of Fame,team,NYY,New York Yankees,team,ANA,Los Angeles Angels,team,PHI,Philadelphia Phillies
53,team,HOU,Houston Astros,stat,,Gold Glove,stat,,World Series ChampWS Roster,team,ATL,Atlanta Braves,team,ARI,Arizona Diamondbacks,team,MIN,Minnesota Twins
54,team,ARI,Arizona Diamondbacks,stat,,Rookie of the Year,stat,,Cy Young,team,PIT,Pittsburgh Pirates,team,PHI,Philadelphia Phillies,team,CHC,Chicago Cubs
55,team,LAD,Los Angeles Dodgers,stat,,Silver Slugger,stat,,MVP,team,BAL,Baltimore Orioles,team,DET,Detroit Tigers,team,FLA,Miami Marlins
56,team,SDP,San Diego Padres,stat,,Hall of Fame,stat,,Gold Glove,team,CIN,Cincinnati Reds,team,KCR,Kansas City Royals,team,OAK, Athletics
57,team,CHW,Chicago  White Sox,stat,,Rookie of the Year,stat,,Silver Slugger,team,COL,Colorado Rockies,team,WSN,Washington Nationals,team,MIN,Minnesota Twins
58,team,NYM,New York Mets,stat,,All Star,stat,,Cy Young,team,ANA,Los Angeles Angels,team,BOS,Boston   Red Sox,team,MIL,Milwaukee Brewers
59,team,DET,Detroit Tigers,stat,,Gold Glove,stat,,MVP,team,KCR,Kansas City Royals,team,LAD,Los Angeles Dodgers,team,SFG,San Francisco Giants
60,team,SEA,Seattle Mariners,stat,,All Star,stat,,Silver Slugger,team,HOU,Houston Astros,team,SDP,San Diego Padres,team,TOR,Toronto  Blue Jays
61,team,STL,St. Louis Cardinals,stat,,Hall of Fame,stat,,40+ HR SeasonBatting,team,CHC,Chicago Cubs,team,SFG,San Francisco Giants,team,CHW,Chicago  White Sox
62,team,PHI,Philadelphia Phillies,team,ATL,Atlanta Braves,stat,,100+ RBI SeasonBatting,team,CLE,Cleveland Guardians,team,MIN,Minnesota Twins,team,NYY,New York Yankees
63,team,PIT,Pittsburgh Pirates,team,TEX,Texas Rangers,stat,,Gold Glove,team,ARI,Arizona Diamondbacks,team,WSN,Washington Nationals,team,TBD,Tampa Bay Rays
64,team,SFG,San Francisco Giants,team,TOR,Toronto  Blue Jays,stat,,World Series ChampWS Roster,team,NYM,New York Mets,team,FLA,Miami Marlins,stat,,200+ Hits SeasonBatting
65,team,NYY,New York Yankees,team,MIL,Milwaukee Brewers,stat,,.300+ AVG SeasonBatting,team,COL,Colorado Rockies,team,OAK, Athletics,team,STL,St. Louis Cardinals
66,team,SDP,San Diego Padres,team,TBD,Tampa Bay Rays,stat,,40+ HR SeasonBatting,team,KCR,Kansas City Royals,team,PHI,Philadelphia Phillies,stat,,200+ K SeasonPitching
67,team,ARI,Arizona Diamondbacks,team,BOS,Boston   Red Sox,stat,,30+ SB Season,team,BAL,Baltimore Orioles,team,DET,Detroit Tigers,team,FLA,Miami Marlins
68,team,HOU,Houston Astros,team,WSN,Washington Nationals,stat,,40+ Save SeasonPitching,team,KCR,Kansas City Royals,team,TEX,Texas Rangers,stat,,20+ Win SeasonPitching
69,team,TEX,Texas Rangers,team,PHI,Philadelphia Phillies,stat,,100+ RBI SeasonBatting,team,ANA,Los Angeles Angels,team,ATL,Atlanta Braves,team,MIL,Milwaukee Brewers
70,team,COL,Colorado Rockies,team,FLA,Miami Marlins,stat,,Rookie of the Year,team,CHC,Chicago Cubs,team,SFG,San Francisco Giants,stat,,200+ Hits SeasonBatting
71,team,OAK, Athletics,team,CHW,Chicago  White Sox,stat,,.300+ AVG SeasonBatting,team,CLE,Cleveland Guardians,team,MIN,Minnesota Twins,team,NYY,New York Yankees
72,team,CHC,Chicago Cubs,team,STL,St. Louis Cardinals,stat,,30+ SB Season,team,ARI,Arizona Diamondbacks,team,WSN,Washington Nationals,stat,,500+ HR CareerBatting
73,team,KCR,Kansas City Royals,team,ATL,Atlanta Braves,stat,,MVP,team,HOU,Houston Astros,team,LAD,Los Angeles Dodgers,stat,,3000+ Hits CareerBatting
74,team,DET,Detroit Tigers,team,SDP,San Diego Padres,stat,,200+ K SeasonPitching,team,BAL,Baltimore Orioles,team,BOS,Boston   Red Sox,team,NYM,New York Mets
75,team,ANA,Los Angeles Angels,team,SFG,San Francisco Giants,stat,,30+ HR /30+ SB SeasonBatting,team,CIN,Cincinnati Reds,team,CLE,Cleveland Guardians,team,MIL,Milwaukee Brewers
76,team,WSN,Washington Nationals,team,TOR,Toronto  Blue Jays,stat,,Cy Young,team,FLA,Miami Marlins,team,NYY,New York Yankees,stat,,20+ Win SeasonPitching
77,team,COL,Colorado Rockies,team,LAD,Los Angeles Dodgers,stat,,200+ Hits SeasonBatting,team,HOU,Houston Astros,team,STL,St. Louis Cardinals,team,MIN,Minnesota Twins
78,team,NYM,New York Mets,team,OAK, Athletics,stat,,Gold Glove,team,ARI,Arizona Diamondbacks,team,ATL,Atlanta Braves,stat,,100+ RBI SeasonBatting
79,team,CHC,Chicago Cubs,team,TEX,Texas Rangers,stat,,40+ Save SeasonPitching,team,BAL,Baltimore Orioles,team,PIT,Pittsburgh Pirates,team,SEA,Seattle Mariners
80,team,CIN,Cincinnati Reds,team,SDP,San Diego Padres,stat,,World Series ChampWS Roster,team,BOS,Boston   Red Sox,team,PHI,Philadelphia Phillies,stat,,40+ HR SeasonBatting
81,team,DET,Detroit Tigers,team,STL,St. Louis Cardinals,stat,,.300+ AVG SeasonBatting,team,ANA,Los Angeles Angels,team,TBD,Tampa Bay Rays,stat,,20+ Win SeasonPitching
82,team,ARI,Arizona Diamondbacks,team,TOR,Toronto  Blue Jays,stat,,30+ HR /30+ SB SeasonBatting,team,COL,Colorado Rockies,team,NYM,New York Mets,team,ATL,Atlanta Braves
83,team,HOU,Houston Astros,team,SFG,San Francisco Giants,stat,,MVP,team,CIN,Cincinnati Reds,team,PIT,Pittsburgh Pirates,stat,,30+ SB Season
84,team,LAD,Los Angeles Dodgers,team,NYY,New York Yankees,stat,,Hall of Fame,team,CHW,Chicago  White Sox,team,MIL,Milwaukee Brewers,stat,,3000+ K CareerPitching
85,team,BOS,Boston   Red Sox,team,CLE,Cleveland Guardians,stat,,200+ K SeasonPitching,team,KCR,Kansas City Royals,team,SEA,Seattle Mariners,team,TEX,Texas Rangers
86,team,BAL,Baltimore Orioles,team,MIN,Minnesota Twins,stat,,3000+ Hits CareerBatting,team,OAK, Athletics,team,SDP,San Diego Padres,stat,,500+ HR CareerBatting
87,team,WSN,Washington Nationals,team,FLA,Miami Marlins,stat,,20+ Win SeasonPitching,team,ANA,Los Angeles Angels,team,CHC,Chicago Cubs,team,NYM,New York Mets
88,team,TOR,Toronto  Blue Jays,team,PHI,Philadelphia Phillies,stat,,Rookie of the Year,team,DET,Detroit Tigers,team,TBD,Tampa Bay Rays,stat,,40+ HR SeasonBatting
89,team,COL,Colorado Rockies,team,PIT,Pittsburgh Pirates,stat,,100+ RBI SeasonBatting,team,ARI,Arizona Diamondbacks,team,HOU,Houston Astros,team,SFG,San Francisco Giants
90,team,ATL,Atlanta Braves,team,NYY,New York Yankees,stat,,Gold Glove,team,KCR,Kansas City Royals,team,LAD,Los Angeles Dodgers,stat,,300+ Wins CareerPitching
91,team,STL,St. Louis Cardinals,team,CHW,Chicago  White Sox,stat,,200+ Hits SeasonBatting,team,BAL,Baltimore Orioles,team,CIN,Cincinnati Reds,team,OAK, Athletics
92,team,FLA,Miami Marlins,team,MIL,Milwaukee Brewers,stat,,40+ Save SeasonPitching,team,BOS,Boston   Red Sox,team,MIN,Minnesota Twins,stat,,All Star
93,team,CHC,Chicago Cubs,team,CLE,Cleveland Guardians,stat,,.300+ AVG SeasonBatting,team,BAL,Baltimore Orioles,team,NYM,New York Mets,team,SEA,Seattle Mariners
94,team,HOU,Houston Astros,team,LAD,Los Angeles Dodgers,stat,,200+ K SeasonPitching,team,TBD,Tampa Bay Rays,team,PHI,Philadelphia Phillies,stat,,Cy Young
95,team,COL,Colorado Rockies,team,ATL,Atlanta Braves,stat,,40+ HR SeasonBatting,team,DET,Detroit Tigers,team,STL,St. Louis Cardinals,team,NYY,New York Yankees
96,team,OAK, Athletics,team,TOR,Toronto  Blue Jays,stat,,MVP,team,PIT,Pittsburgh Pirates,team,SFG,San Francisco Giants,stat,,20+ Win SeasonPitching
97,team,WSN,Washington Nationals,team,SDP,San Diego Padres,stat,,30+ SB Season,team,KCR,Kansas City Royals,team,TEX,Texas Rangers,team,MIL,Milwaukee Brewers
98,team,BOS,Boston   Red Sox,team,CLE,Cleveland Guardians,stat,,Cy Young,team,CHC,Chicago Cubs,team,MIN,Minnesota Twins,stat,,3000+ K CareerPitching
99,team,CIN,Cincinnati Reds,team,TBD,Tampa Bay Rays,stat,,All Star,team,ANA,Los Angeles Angels,team,BAL,Baltimore Orioles,team,ATL,Atlanta Braves
100,team,HOU,Houston Astros,team,NYM,New York Mets,stat,,200+ Hits SeasonBatting,team,LAD,Los Angeles Dodgers,team,NYY,New York Yankees,team,PHI,Philadelphia Phillies
101,team,CHW,Chicago  White Sox,team,SEA,Seattle Mariners,stat,,100+ RBI SeasonBatting,team,ARI,Arizona Diamondbacks,team,FLA,Miami Marlins,stat,,Rookie of the Year
102,team,COL,Colorado Rockies,team,SDP,San Diego Padres,stat,,500+ HR CareerBatting,team,DET,Detroit Tigers,team,OAK, Athletics,team,SFG,San Francisco Giants
103,team,PIT,Pittsburgh Pirates,team,TOR,Toronto  Blue Jays,stat,,.300+ AVG SeasonBatting,team,ATL,Atlanta Braves,team,CIN,Cincinnati Reds,stat,,Hall of Fame
104,team,BAL,Baltimore Orioles,team,KCR,Kansas City Royals,stat,,300+ Wins CareerPitching,team,CLE,Cleveland Guardians,team,NYM,New York Mets,team,STL,St. Louis Cardinals
105,team,ANA,Los Angeles Angels,team,DET,Detroit Tigers,stat,,40+ HR SeasonBatting,team,BOS,Boston   Red Sox,team,CHC,Chicago Cubs,team,CHW,Chicago  White Sox
106,team,TEX,Texas Rangers,team,WSN,Washington Nationals,stat,,200+ K SeasonPitching,team,HOU,Houston Astros,team,LAD,Los Angeles Dodgers,stat,,Gold Glove
107,team,PHI,Philadelphia Phillies,team,MIL,Milwaukee Brewers,stat,,Silver Slugger,team,NYY,New York Yankees,team,MIN,Minnesota Twins,team,FLA,Miami Marlins
108,team,TOR,Toronto  Blue Jays,team,OAK, Athletics,stat,,All Star,team,TBD,Tampa Bay Rays,team,MIN,Minnesota Twins,stat,,100+ RBI SeasonBatting
109,team,KCR,Kansas City Royals,team,NYM,New York Mets,stat,,.300+ AVG CareerBatting,team,SFG,San Francisco Giants,team,PIT,Pittsburgh Pirates,team,CIN,Cincinnati Reds
110,team,SDP,San Diego Padres,team,STL,St. Louis Cardinals,stat,,30+ SB Season,team,COL,Colorado Rockies,team,CLE,Cleveland Guardians,team,ARI,Arizona Diamondbacks
111,team,ATL,Atlanta Braves,team,DET,Detroit Tigers,stat,,MVP,team,ANA,Los Angeles Angels,team,TEX,Texas Rangers,stat,,Rookie of the Year
112,team,CHC,Chicago Cubs,team,CHW,Chicago  White Sox,team,BAL,Baltimore Orioles,team,MIN,Minnesota Twins,team,LAD,Los Angeles Dodgers,team,WSN,Washington Nationals
113,team,BOS,Boston   Red Sox,team,TBD,Tampa Bay Rays,stat,,Hall of Fame,team,NYY,New York Yankees,team,SEA,Seattle Mariners,stat,,300+ Save CareerPitching
114,team,CLE,Cleveland Guardians,team,PHI,Philadelphia Phillies,stat,,200+ Hits SeasonBatting,team,TOR,Toronto  Blue Jays,team,MIL,Milwaukee Brewers,stat,,100+ RBI SeasonBatting
115,team,HOU,Houston Astros,team,FLA,Miami Marlins,stat,,All Star,team,KCR,Kansas City Royals,team,OAK, Athletics,team,NYM,New York Mets
116,team,SFG,San Francisco Giants,team,SDP,San Diego Padres,stat,,Gold Glove,team,STL,St. Louis Cardinals,team,ANA,Los Angeles Angels,stat,,40+ HR SeasonBatting
117,team,PIT,Pittsburgh Pirates,team,CIN,Cincinnati Reds,stat,,200+ K SeasonPitching,team,DET,Detroit Tigers,team,TEX,Texas Rangers,team,COL,Colorado Rockies
118,team,BOS,Boston   Red Sox,team,ATL,Atlanta Braves,stat,,Cy Young,team,CHW,Chicago  White Sox,team,BAL,Baltimore Orioles,stat,,20+ Win SeasonPitching
119,team,MIN,Minnesota Twins,team,ARI,Arizona Diamondbacks,stat,,3000+ K CareerPitching,team,LAD,Los Angeles Dodgers,team,WSN,Washington Nationals,team,NYY,New York Yankees
120,team,CLE,Cleveland Guardians,team,CHC,Chicago Cubs,stat,,MVP,team,PHI,Philadelphia Phillies,team,OAK, Athletics,stat,,3000+ Hits CareerBatting
121,team,SEA,Seattle Mariners,team,MIL,Milwaukee Brewers,stat,,30+ SB Season,team,TOR,Toronto  Blue Jays,team,HOU,Houston Astros,team,ANA,Los Angeles Angels
122,team,KCR,Kansas City Royals,team,FLA,Miami Marlins,stat,,100+ RBI SeasonBatting,team,PIT,Pittsburgh Pirates,team,TEX,Texas Rangers,team,BAL,Baltimore Orioles
123,team,SFG,San Francisco Giants,team,CIN,Cincinnati Reds,stat,,.300+ AVG SeasonBatting,team,CLE,Cleveland Guardians,team,BOS,Boston   Red Sox,stat,,Rookie of the Year
124,team,SDP,San Diego Padres,team,OAK, Athletics,stat,,40+ HR SeasonBatting,team,WSN,Washington Nationals,team,LAD,Los Angeles Dodgers,team,ATL,Atlanta Braves
125,stat,,.300+ AVG CareerBatting,stat,,Gold Glove,stat,,Hall of Fame,stat,,500+ HR CareerBatting,stat,,Silver Slugger,stat,,MVP
126,team,CHW,Chicago  White Sox,team,DET,Detroit Tigers,team,PIT,Pittsburgh Pirates,team,TBD,Tampa Bay Rays,team,MIL,Milwaukee Brewers,stat,,All Star
127,team,ANA,Los Angeles Angels,team,CHC,Chicago Cubs,stat,,World Series ChampWS Roster,team,STL,St. Louis Cardinals,team,HOU,Houston Astros,stat,,300+ Save CareerPitching
128,team,NYM,New York Mets,team,TOR,Toronto  Blue Jays,stat,,20+ Win SeasonPitching,team,TEX,Texas Rangers,team,DET,Detroit Tigers,stat,,200+ K SeasonPitching
129,team,PIT,Pittsburgh Pirates,team,SFG,San Francisco Giants,stat,,Rookie of the Year,team,NYY,New York Yankees,team,MIN,Minnesota Twins,stat,,Gold Glove
130,team,PHI,Philadelphia Phillies,team,SEA,Seattle Mariners,stat,,40+ HR SeasonBatting,team,TEX,Texas Rangers,team,BAL,Baltimore Orioles,team,COL,Colorado Rockies
131,team,ARI,Arizona Diamondbacks,team,SFG,San Francisco Giants,team,FLA,Miami Marlins,team,ATL,Atlanta Braves,team,CHC,Chicago Cubs,team,CIN,Cincinnati Reds
132,stat,,300+ Wins CareerPitching,team,NYM,New York Mets,stat,,Cy Young,stat,,3000+ K CareerPitching,team,BOS,Boston   Red Sox,stat,,Hall of Fame
133,team,KCR,Kansas City Royals,team,LAD,Los Angeles Dodgers,stat,,.300+ AVG SeasonBatting,team,ANA,Los Angeles Angels,team,DET,Detroit Tigers,team,MIL,Milwaukee Brewers
134,team,CLE,Cleveland Guardians,team,WSN,Washington Nationals,stat,,30+ SB Season,team,NYY,New York Yankees,team,TBD,Tampa Bay Rays,stat,,200+ Hits SeasonBatting
135,team,OAK, Athletics,team,BAL,Baltimore Orioles,stat,,Silver Slugger,team,TEX,Texas Rangers,team,TOR,Toronto  Blue Jays,stat,,3000+ Hits CareerBatting
136,team,SDP,San Diego Padres,team,STL,St. Louis Cardinals,stat,,20+ Win SeasonPitching,team,CHW,Chicago  White Sox,team,HOU,Houston Astros,team,PIT,Pittsburgh Pirates
137,team,MIN,Minnesota Twins,team,ATL,Atlanta Braves,stat,,All Star,team,PHI,Philadelphia Phillies,team,SEA,Seattle Mariners,stat,,MVP
138,team,MIL,Milwaukee Brewers,team,WSN,Washington Nationals,stat,,100+ RBI SeasonBatting,team,COL,Colorado Rockies,team,CIN,Cincinnati Reds,team,NYM,New York Mets
139,team,ARI,Arizona Diamondbacks,team,NYY,New York Yankees,stat,,30+ HR /30+ SB SeasonBatting,stat,,All Star,stat,,.300+ AVG SeasonBatting,stat,,Gold Glove
140,team,SDP,San Diego Padres,team,TOR,Toronto  Blue Jays,stat,,.300+ AVG CareerBatting,team,FLA,Miami Marlins,team,CHC,Chicago Cubs,team,BOS,Boston   Red Sox
141,team,TEX,Texas Rangers,team,DET,Detroit Tigers,team,LAD,Los Angeles Dodgers,team,SFG,San Francisco Giants,team,CLE,Cleveland Guardians,team,STL,St. Louis Cardinals
142,team,CHW,Chicago  White Sox,team,BAL,Baltimore Orioles,stat,,40+ HR SeasonBatting,team,HOU,Houston Astros,team,ANA,Los Angeles Angels,stat,,500+ HR CareerBatting
143,team,BOS,Boston   Red Sox,team,CIN,Cincinnati Reds,stat,,200+ K SeasonPitching,team,PIT,Pittsburgh Pirates,team,OAK, Athletics,team,ATL,Atlanta Braves
144,team,KCR,Kansas City Royals,team,SDP,San Diego Padres,stat,,30+ SB Season,team,MIN,Minnesota Twins,team,PHI,Philadelphia Phillies,team,SEA,Seattle Mariners
145,team,ATL,Atlanta Braves,team,TEX,Texas Rangers,stat,,Hall of Fame,team,MIL,Milwaukee Brewers,team,WSN,Washington Nationals,team,CHC,Chicago Cubs
146,team,TOR,Toronto  Blue Jays,stat,,200+ Hits SeasonBatting,stat,,Rookie of the Year,stat,,40+ HR SeasonBatting,team,STL,St. Louis Cardinals,stat,,All Star
147,team,CHW,Chicago  White Sox,team,SEA,Seattle Mariners,stat,,20+ Win SeasonPitching,team,SFG,San Francisco Giants,team,NYM,New York Mets,team,NYY,New York Yankees
148,team,ARI,Arizona Diamondbacks,stat,,Gold Glove,stat,,Cy Young,team,DET,Detroit Tigers,team,CLE,Cleveland Guardians,team,OAK, Athletics
149,team,FLA,Miami Marlins,team,TEX,Texas Rangers,stat,,3000+ Hits CareerBatting,team,LAD,Los Angeles Dodgers,team,ANA,Los Angeles Angels,team,BOS,Boston   Red Sox
150,team,CIN,Cincinnati Reds,team,SFG,San Francisco Giants,stat,,.300+ AVG CareerBatting,team,BAL,Baltimore Orioles,team,HOU,Houston Astros,team,SDP,San Diego Padres
151,team,ATL,Atlanta Braves,team,NYM,New York Mets,team,CHC,Chicago Cubs,team,MIN,Minnesota Twins,team,PIT,Pittsburgh Pirates,team,TBD,Tampa Bay Rays
152,team,SEA,Seattle Mariners,team,KCR,Kansas City Royals,stat,,40+ Save SeasonPitching,team,WSN,Washington Nationals,team,STL,St. Louis Cardinals,team,CLE,Cleveland Guardians
153,stat,,40+ HR SeasonBatting,team,COL,Colorado Rockies,stat,,MVP,stat,,Silver Slugger,team,NYY,New York Yankees,stat,,.300+ AVG SeasonBatting
154,team,SFG,San Francisco Giants,team,WSN,Washington Nationals,stat,,Gold Glove,team,PHI,Philadelphia Phillies,team,MIL,Milwaukee Brewers,team,TOR,Toronto  Blue Jays
155,team,CHW,Chicago  White Sox,team,SEA,Seattle Mariners,stat,,100+ RBI SeasonBatting,team,CHC,Chicago Cubs,team,LAD,Los Angeles Dodgers,team,DET,Detroit Tigers
156,team,PHI,Philadelphia Phillies,stat,,40+ HR SeasonBatting,stat,,Hall of Fame,team,OAK, Athletics,team,BOS,Boston   Red Sox,team,CIN,Cincinnati Reds
157,team,HOU,Houston Astros,team,COL,Colorado Rockies,stat,,30+ SB Season,team,PIT,Pittsburgh Pirates,team,TEX,Texas Rangers,stat,,All Star
158,team,DET,Detroit Tigers,team,NYM,New York Mets,stat,,40+ Save SeasonPitching,team,ANA,Los Angeles Angels,team,SDP,San Diego Padres,team,NYY,New York Yankees
159,team,MIL,Milwaukee Brewers,team,OAK, Athletics,stat,,200+ K SeasonPitching,team,STL,St. Louis Cardinals,team,BAL,Baltimore Orioles,team,MIN,Minnesota Twins
160,stat,,All Star,team,ATL,Atlanta Braves,stat,,Hall of Fame,stat,,Gold Glove,team,LAD,Los Angeles Dodgers,stat,,.300+ AVG SeasonBatting
161,team,BOS,Boston   Red Sox,team,TOR,Toronto  Blue Jays,team,HOU,Houston Astros,team,ARI,Arizona Diamondbacks,team,CLE,Cleveland Guardians,team,KCR,Kansas City Royals
162,team,PIT,Pittsburgh Pirates,stat,,200+ K SeasonPitching,stat,,.300+ AVG SeasonBatting,team,CHW,Chicago  White Sox,team,WSN,Washington Nationals,team,KCR,Kansas City Royals
163,team,NYM,New York Mets,stat,,300+ Wins CareerPitching,stat,,300+ Save CareerPitching,team,SFG,San Francisco Giants,team,ATL,Atlanta Braves,team,PHI,Philadelphia Phillies
164,team,NYY,New York Yankees,team,CIN,Cincinnati Reds,stat,,Rookie of the Year,team,LAD,Los Angeles Dodgers,team,BOS,Boston   Red Sox,team,CHC,Chicago Cubs
165,team,TBD,Tampa Bay Rays,stat,,Gold Glove,stat,,Hall of Fame,team,TEX,Texas Rangers,team,BAL,Baltimore Orioles,team,SDP,San Diego Padres
166,team,PHI,Philadelphia Phillies,stat,,Silver Slugger,stat,,MVP,team,DET,Detroit Tigers,team,STL,St. Louis Cardinals,team,LAD,Los Angeles Dodgers
167,stat,,200+ Hits SeasonBatting,stat,,40+ HR SeasonBatting,stat,,100+ RBI SeasonBatting,stat,,30+ HR /30+ SB SeasonBatting,stat,,Gold Glove,stat,,3000+ Hits CareerBatting
168,team,NYY,New York Yankees,team,CLE,Cleveland Guardians,stat,,Silver Slugger,team,FLA,Miami Marlins,team,ANA,Los Angeles Angels,team,OAK, Athletics
169,team,DET,Detroit Tigers,stat,,20+ Win SeasonPitching,stat,,Cy Young,team,TOR,Toronto  Blue Jays,team,MIN,Minnesota Twins,team,BAL,Baltimore Orioles
170,team,BOS,Boston   Red Sox,team,OAK, Athletics,stat,,30+ SB Season,team,WSN,Washington Nationals,team,MIL,Milwaukee Brewers,team,HOU,Houston Astros
171,team,SEA,Seattle Mariners,stat,,.300+ AVG CareerBatting,stat,,200+ Hits SeasonBatting,team,PIT,Pittsburgh Pirates,team,CHW,Chicago  White Sox,team,ANA,Los Angeles Angels
172,team,COL,Colorado Rockies,team,KCR,Kansas City Royals,stat,,3000+ K CareerPitching,team,NYM,New York Mets,team,ATL,Atlanta Braves,team,LAD,Los Angeles Dodgers
173,team,CIN,Cincinnati Reds,stat,,3000+ Hits CareerBatting,stat,,200+ K SeasonPitching,team,NYY,New York Yankees,team,CLE,Cleveland Guardians,team,DET,Detroit Tigers
174,team,TEX,Texas Rangers,team,SFG,San Francisco Giants,team,CHC,Chicago Cubs,stat,,All Star,stat,,MVP,stat,,.300+ AVG SeasonBatting
175,team,NYY,New York Yankees,stat,,40+ HR SeasonBatting,stat,,100+ RBI SeasonBatting,team,SDP,San Diego Padres,team,STL,St. Louis Cardinals,team,PHI,Philadelphia Phillies
176,team,TOR,Toronto  Blue Jays,stat,,30+ SB Season,stat,,Gold Glove,team,ANA,Los Angeles Angels,team,CHW,Chicago  White Sox,team,LAD,Los Angeles Dodgers
177,team,NYY,New York Yankees,team,ARI,Arizona Diamondbacks,stat,,Rookie of the Year,team,BAL,Baltimore Orioles,team,SFG,San Francisco Giants,team,KCR,Kansas City Royals
178,team,BOS,Boston   Red Sox,stat,,200+ Hits SeasonBatting,stat,,Hall of Fame,team,STL,St. Louis Cardinals,team,DET,Detroit Tigers,team,SFG,San Francisco Giants
179,team,MIN,Minnesota Twins,team,ATL,Atlanta Braves,stat,,200+ K SeasonPitching,team,CIN,Cincinnati Reds,team,TEX,Texas Rangers,team,ANA,Los Angeles Angels
180,team,CLE,Cleveland Guardians,team,HOU,Houston Astros,stat,,All Star,team,WSN,Washington Nationals,team,MIL,Milwaukee Brewers,team,NYM,New York Mets
181,team,ATL,Atlanta Braves,team,CLE,Cleveland Guardians,team,KCR,Kansas City Royals,stat,,Hall of Fame,stat,,All Star,stat,,20+ Win SeasonPitching
182,team,OAK, Athletics,team,STL,St. Louis Cardinals,stat,,300+ Save CareerPitching,team,NYM,New York Mets,team,ANA,Los Angeles Angels,team,FLA,Miami Marlins
183,team,PIT,Pittsburgh Pirates,team,CHW,Chicago  White Sox,stat,,Silver Slugger,team,PHI,Philadelphia Phillies,team,CLE,Cleveland Guardians,team,TEX,Texas Rangers
184,team,HOU,Houston Astros,stat,,.300+ AVG CareerBatting,stat,,500+ HR CareerBatting,team,ATL,Atlanta Braves,team,LAD,Los Angeles Dodgers,team,NYY,New York Yankees
185,team,CIN,Cincinnati Reds,team,MIL,Milwaukee Brewers,team,MIN,Minnesota Twins,team,TOR,Toronto  Blue Jays,team,TBD,Tampa Bay Rays,stat,,MVP
186,team,KCR,Kansas City Royals,stat,,30+ SB Season,stat,,200+ Hits SeasonBatting,team,OAK, Athletics,team,CHC,Chicago Cubs,team,BAL,Baltimore Orioles
187,team,NYM,New York Mets,stat,,Gold Glove,stat,,100+ RBI SeasonBatting,team,SEA,Seattle Mariners,team,BOS,Boston   Red Sox,team,WSN,Washington Nationals
188,stat,,Hall of Fame,stat,,All Star,stat,,Gold Glove,stat,,Cy Young,stat,,Silver Slugger,stat,,Rookie of the Year
189,team,PHI,Philadelphia Phillies,team,COL,Colorado Rockies,stat,,.300+ AVG SeasonBatting,team,ANA,Los Angeles Angels,team,CLE,Cleveland Guardians,team,BAL,Baltimore Orioles
190,team,HOU,Houston Astros,team,STL,St. Louis Cardinals,stat,,All Star,team,DET,Detroit Tigers,team,MIN,Minnesota Twins,team,TOR,Toronto  Blue Jays
191,team,TOR,Toronto  Blue Jays,team,MIL,Milwaukee Brewers,stat,,200+ K SeasonPitching,team,SDP,San Diego Padres,team,CHC,Chicago Cubs,team,SFG,San Francisco Giants
192,team,NYY,New York Yankees,team,NYM,New York Mets,stat,,3000+ K CareerPitching,team,ARI,Arizona Diamondbacks,team,TEX,Texas Rangers,stat,,Hall of Fame
193,team,ANA,Los Angeles Angels,stat,,20+ Win SeasonPitching,stat,,30+ SB Season,team,CIN,Cincinnati Reds,team,PIT,Pittsburgh Pirates,team,SFG,San Francisco Giants
194,team,MIN,Minnesota Twins,team,SDP,San Diego Padres,stat,,MVP,team,BOS,Boston   Red Sox,team,CHW,Chicago  White Sox,team,BAL,Baltimore Orioles
195,stat,,Rookie of the Year,stat,,40+ HR SeasonBatting,stat,,500+ HR CareerBatting,stat,,200+ Hits SeasonBatting,team,CLE,Cleveland Guardians,stat,,Silver Slugger
196,team,CIN,Cincinnati Reds,team,TBD,Tampa Bay Rays,stat,,100+ RBI SeasonBatting,team,KCR,Kansas City Royals,team,SFG,San Francisco Giants,team,CHW,Chicago  White Sox
197,team,LAD,Los Angeles Dodgers,team,ATL,Atlanta Braves,team,OAK, Athletics,team,BOS,Boston   Red Sox,team,DET,Detroit Tigers,team,CHC,Chicago Cubs
198,team,HOU,Houston Astros,team,BAL,Baltimore Orioles,stat,,All Star,team,STL,St. Louis Cardinals,team,SEA,Seattle Mariners,team,FLA,Miami Marlins
199,team,MIL,Milwaukee Brewers,team,BOS,Boston   Red Sox,stat,,Hall of Fame,team,PHI,Philadelphia Phillies,team,ANA,Los Angeles Angels,team,PIT,Pittsburgh Pirates
200,stat,,200+ Hits SeasonBatting,stat,,200+ K SeasonPitching,stat,,200+ Wins CareerPitching,team,ATL,Atlanta Braves,team,LAD,Los Angeles Dodgers,team,PHI,Philadelphia Phillies
201,team,MIN,Minnesota Twins,stat,,≤ 3.00 ERA Season,stat,,Only One Team,team,NYY,New York Yankees,team,CLE,Cleveland Guardians,team,WSN,Washington Nationals
202,stat,,100+ Run SeasonBatting,stat,,30+ HR SeasonBatting,stat,,40+ 2B SeasonBatting,team,TOR,Toronto  Blue Jays,team,TEX,Texas Rangers,team,NYM,New York Mets
203,team,HOU,Houston Astros,team,OAK, Athletics,stat,,2000+ Hits CareerBatting,team,SDP,San Diego Padres,team,SFG,San Francisco Giants,team,CIN,Cincinnati Reds
204,team,ATL,Atlanta Braves,stat,,.300+ AVG SeasonBatting,stat,,Born Outside US 50 States and DC,team,STL,St. Louis Cardinals,team,PIT,Pittsburgh Pirates,team,SEA,Seattle Mariners
205,team,KCR,Kansas City Royals,team,CHC,Chicago Cubs,stat,,2000+ K CareerPitching,team,DET,Detroit Tigers,team,CHW,Chicago  White Sox,team,ANA,Los Angeles Angels
206,team,TEX,Texas Rangers,stat,,30+ HR SeasonBatting,stat,,300+ HR CareerBatting,team,BAL,Baltimore Orioles,team,BOS,Boston   Red Sox,team,PHI,Philadelphia Phillies
207,team,SDP,San Diego Padres,stat,,6+ WAR Season,stat,,Played In Major Negro Lgs,team,LAD,Los Angeles Dodgers,team,CLE,Cleveland Guardians,stat,,Hall of Fame
208,team,CHW,Chicago  White Sox,team,CIN,Cincinnati Reds,stat,,10+ Win SeasonPitching,team,COL,Colorado Rockies,team,MIL,Milwaukee Brewers,team,WSN,Washington Nationals
209,stat,,40+ WAR Career,stat,,Hall of Fame,stat,,Gold Glove,stat,,40+ HR SeasonBatting,stat,,All Star,stat,,2000+ Hits CareerBatting
210,team,SEA,Seattle Mariners,team,LAD,Los Angeles Dodgers,stat,,30+ Save SeasonPitching,team,MIN,Minnesota Twins,team,NYY,New York Yankees,team,SFG,San Francisco Giants
211,team,ANA,Los Angeles Angels,team,TBD,Tampa Bay Rays,team,PIT,Pittsburgh Pirates,team,DET,Detroit Tigers,team,ARI,Arizona Diamondbacks,team,LAD,Los Angeles Dodgers
212,team,CHW,Chicago  White Sox,team,PIT,Pittsburgh Pirates,stat,,First Round Draft Pick,team,STL,St. Louis Cardinals,team,OAK, Athletics,team,NYM,New York Mets
213,team,TOR,Toronto  Blue Jays,stat,,30+ SB Season,stat,,MVP,team,PHI,Philadelphia Phillies,team,ATL,Atlanta Braves,team,NYY,New York Yankees
214,team,SFG,San Francisco Giants,team,FLA,Miami Marlins,stat,,300+ Save CareerPitching,team,DET,Detroit Tigers,team,TEX,Texas Rangers,team,SDP,San Diego Padres
215,team,BAL,Baltimore Orioles,stat,,2000+ Hits CareerBatting,stat,,200+ Wins CareerPitching,team,HOU,Houston Astros,team,CHC,Chicago Cubs,team,BOS,Boston   Red Sox
216,stat,,Only One Team,stat,,≤ 3.00 ERA Season,stat,,Hall of Fame,team,MIN,Minnesota Twins,team,LAD,Los Angeles Dodgers,team,CIN,Cincinnati Reds
217,team,SFG,San Francisco Giants,stat,,Gold Glove,stat,,100+ Run SeasonBatting,team,CLE,Cleveland Guardians,team,KCR,Kansas City Royals,team,STL,St. Louis Cardinals
218,team,BAL,Baltimore Orioles,team,NYY,New York Yankees,stat,,200+ K SeasonPitching,team,PIT,Pittsburgh Pirates,team,OAK, Athletics,team,CHW,Chicago  White Sox
219,team,SDP,San Diego Padres,team,CIN,Cincinnati Reds,stat,,.300+ AVG CareerBatting,team,NYM,New York Mets,team,DET,Detroit Tigers,team,PHI,Philadelphia Phillies
220,team,NYY,New York Yankees,team,WSN,Washington Nationals,stat,,Silver Slugger,team,ATL,Atlanta Braves,team,ANA,Los Angeles Angels,team,MIL,Milwaukee Brewers
221,team,OAK, Athletics,team,KCR,Kansas City Royals,stat,,200+ Hits SeasonBatting,team,SEA,Seattle Mariners,team,TEX,Texas Rangers,team,TOR,Toronto  Blue Jays
222,team,CLE,Cleveland Guardians,stat,,20+ Win SeasonPitching,stat,,All Star,team,CHC,Chicago Cubs,team,BOS,Boston   Red Sox,team,LAD,Los Angeles Dodgers
223,stat,,200+ Wins CareerPitching,stat,,2000+ K CareerPitching,stat,,Born Outside US 50 States and DC,stat,,Hall of Fame,stat,,All Star,stat,,Cy Young
224,team,MIN,Minnesota Twins,stat,,30+ HR /30+ SB SeasonBatting,stat,,Rookie of the Year,team,ATL,Atlanta Braves,team,CIN,Cincinnati Reds,team,NYM,New York Mets
225,team,BOS,Boston   Red Sox,team,HOU,Houston Astros,team,SFG,San Francisco Giants,team,COL,Colorado Rockies,team,WSN,Washington Nationals,team,CHW,Chicago  White Sox
226,team,PHI,Philadelphia Phillies,stat,,200+ Wins CareerPitching,stat,,100+ RBI SeasonBatting,team,PIT,Pittsburgh Pirates,team,BAL,Baltimore Orioles,team,NYY,New York Yankees
227,team,STL,St. Louis Cardinals,team,CLE,Cleveland Guardians,stat,,6+ WAR Season,team,TBD,Tampa Bay Rays,team,DET,Detroit Tigers,team,OAK, Athletics
228,team,BOS,Boston   Red Sox,team,TEX,Texas Rangers,stat,,Only One Team,team,CHC,Chicago Cubs,team,MIL,Milwaukee Brewers,stat,,Hall of Fame
229,team,ANA,Los Angeles Angels,stat,,30+ HR SeasonBatting,stat,,30+ SB Season,team,SEA,Seattle Mariners,team,SDP,San Diego Padres,team,MIN,Minnesota Twins
230,stat,,Born Outside US 50 States and DC,stat,,300+ HR CareerBatting,stat,,40+ WAR Career,team,LAD,Los Angeles Dodgers,team,NYM,New York Mets,team,TOR,Toronto  Blue Jays
231,team,BAL,Baltimore Orioles,stat,,.300+ AVG SeasonBatting,stat,,First Round Draft Pick,team,CIN,Cincinnati Reds,team,ATL,Atlanta Braves,team,SFG,San Francisco Giants
232,team,MIN,Minnesota Twins,team,MIL,Milwaukee Brewers,team,PHI,Philadelphia Phillies,team,DET,Detroit Tigers,team,ARI,Arizona Diamondbacks,team,KCR,Kansas City Royals
233,team,FLA,Miami Marlins,team,CLE,Cleveland Guardians,stat,,Gold Glove,team,CHW,Chicago  White Sox,team,NYY,New York Yankees,team,PIT,Pittsburgh Pirates
234,team,HOU,Houston Astros,team,WSN,Washington Nationals,stat,,100+ Run SeasonBatting,team,CHC,Chicago Cubs,team,LAD,Los Angeles Dodgers,team,PHI,Philadelphia Phillies
235,team,STL,St. Louis Cardinals,team,OAK, Athletics,stat,,Hall of Fame,team,ATL,Atlanta Braves,team,HOU,Houston Astros,stat,,.300+ AVG CareerBatting
236,team,NYY,New York Yankees,stat,,10+ HR SeasonBatting,stat,,10+ Win SeasonPitching,team,BOS,Boston   Red Sox,team,SFG,San Francisco Giants,team,CIN,Cincinnati Reds
237,stat,,MVP,stat,,Cy Young,stat,,Rookie of the Year,stat,,Hall of Fame,stat,,All Star,stat,,First Round Draft Pick
238,team,NYM,New York Mets,stat,,Born Outside US 50 States and DC,stat,,Only One Team,team,DET,Detroit Tigers,team,BAL,Baltimore Orioles,team,ANA,Los Angeles Angels
239,team,TOR,Toronto  Blue Jays,team,SDP,San Diego Padres,stat,,100+ RBI SeasonBatting,team,TEX,Texas Rangers,team,SEA,Seattle Mariners,team,MIN,Minnesota Twins
240,team,ATL,Atlanta Braves,stat,,300+ HR CareerBatting,stat,,≤ 3.00 ERA Season,team,PIT,Pittsburgh Pirates,team,MIL,Milwaukee Brewers,team,CHW,Chicago  White Sox
241,team,NYM,New York Mets,team,STL,St. Louis Cardinals,stat,,2000+ Hits CareerBatting,team,KCR,Kansas City Royals,team,CLE,Cleveland Guardians,team,PHI,Philadelphia Phillies
242,team,CIN,Cincinnati Reds,stat,,30+ Save SeasonPitching,stat,,40+ 2B SeasonBatting,team,CHC,Chicago Cubs,team,LAD,Los Angeles Dodgers,team,OAK, Athletics
243,team,HOU,Houston Astros,stat,,40+ WAR Career,stat,,200+ Hits SeasonBatting,team,DET,Detroit Tigers,team,BOS,Boston   Red Sox,team,NYY,New York Yankees
244,stat,,Gold Glove,stat,,30+ HR SeasonBatting,stat,,Only One Team,team,NYM,New York Mets,team,ATL,Atlanta Braves,team,SFG,San Francisco Giants
245,team,CLE,Cleveland Guardians,team,SDP,San Diego Padres,team,KCR,Kansas City Royals,team,BAL,Baltimore Orioles,team,COL,Colorado Rockies,team,WSN,Washington Nationals
246,team,PIT,Pittsburgh Pirates,stat,,200+ Wins CareerPitching,stat,,All Star,team,MIN,Minnesota Twins,team,TOR,Toronto  Blue Jays,team,CIN,Cincinnati Reds
247,team,PHI,Philadelphia Phillies,team,CHW,Chicago  White Sox,stat,,30+ SB Season,team,TBD,Tampa Bay Rays,team,ANA,Los Angeles Angels,stat,,Born Outside US 50 States and DC
248,team,CHC,Chicago Cubs,team,MIL,Milwaukee Brewers,stat,,20+ Win SeasonPitching,team,STL,St. Louis Cardinals,team,OAK, Athletics,stat,,Hall of Fame
249,team,ATL,Atlanta Braves,team,NYM,New York Mets,stat,,Silver Slugger,team,BOS,Boston   Red Sox,team,SFG,San Francisco Giants,team,HOU,Houston Astros
250,team,TEX,Texas Rangers,team,BAL,Baltimore Orioles,stat,,2000+ Hits CareerBatting,team,LAD,Los Angeles Dodgers,team,DET,Detroit Tigers,team,SEA,Seattle Mariners
251,stat,,300+ HR CareerBatting,stat,,.300+ AVG SeasonBatting,stat,,≤ 3.00 ERA Season,team,NYY,New York Yankees,team,CLE,Cleveland Guardians,stat,,Hall of Fame
252,team,CHW,Chicago  White Sox,team,KCR,Kansas City Royals,stat,,First Round Draft Pick,team,CHC,Chicago Cubs,team,PIT,Pittsburgh Pirates,team,SDP,San Diego Padres
253,team,TOR,Toronto  Blue Jays,team,SFG,San Francisco Giants,stat,,200+ K SeasonPitching,team,BOS,Boston   Red Sox,team,HOU,Houston Astros,team,MIL,Milwaukee Brewers
254,team,WSN,Washington Nationals,stat,,300+ Save CareerPitching,stat,,6+ WAR Season,team,CIN,Cincinnati Reds,team,MIN,Minnesota Twins,team,STL,St. Louis Cardinals
255,team,LAD,Los Angeles Dodgers,stat,,2000+ K CareerPitching,stat,,10+ Win SeasonPitching,team,PHI,Philadelphia Phillies,team,OAK, Athletics,team,ATL,Atlanta Braves
256,team,ANA,Los Angeles Angels,team,DET,Detroit Tigers,stat,,Played Shortstopmin. 1 game,team,CHC,Chicago Cubs,team,KCR,Kansas City Royals,stat,,Played Catchermin. 1 game
257,team,NYY,New York Yankees,team,TOR,Toronto  Blue Jays,stat,,All Star,team,NYM,New York Mets,team,BAL,Baltimore Orioles,team,SDP,San Diego Padres
258,team,CIN,Cincinnati Reds,team,BOS,Boston   Red Sox,stat,,Pitchedmin. 1 game,stat,,30+ HR SeasonBatting,stat,,Gold Glove,stat,,Born Outside US 50 States and DC
259,team,PHI,Philadelphia Phillies,stat,,30+ Save SeasonPitching,stat,,200+ Wins CareerPitching,team,TEX,Texas Rangers,team,CLE,Cleveland Guardians,team,CHW,Chicago  White Sox
260,team,CHC,Chicago Cubs,stat,,100+ Run SeasonBatting,stat,,Played Third Basemin. 1 game,team,SEA,Seattle Mariners,team,SFG,San Francisco Giants,team,PIT,Pittsburgh Pirates
261,team,NYY,New York Yankees,team,FLA,Miami Marlins,stat,,.300+ AVG SeasonBatting,team,STL,St. Louis Cardinals,team,MIN,Minnesota Twins,team,LAD,Los Angeles Dodgers
262,team,SDP,San Diego Padres,stat,,Only One Team,stat,,Threw a No‑Hitter,team,HOU,Houston Astros,team,OAK, Athletics,team,BOS,Boston   Red Sox
263,stat,,Played Left Fieldmin. 1 game,stat,,Played Center Fieldmin. 1 game,stat,,Played Right Fieldmin. 1 game,team,ATL,Atlanta Braves,team,WSN,Washington Nationals,team,MIL,Milwaukee Brewers
264,team,TOR,Toronto  Blue Jays,team,SFG,San Francisco Giants,team,PIT,Pittsburgh Pirates,team,ANA,Los Angeles Angels,team,ARI,Arizona Diamondbacks,team,DET,Detroit Tigers
265,stat,,Hall of Fame,stat,,30+ SB Season,stat,,100+ RBI SeasonBatting,team,STL,St. Louis Cardinals,team,NYM,New York Mets,team,CIN,Cincinnati Reds
266,team,MIN,Minnesota Twins,stat,,10+ Win SeasonPitching,stat,,40+ WAR Career,team,BAL,Baltimore Orioles,team,CLE,Cleveland Guardians,team,CHW,Chicago  White Sox
267,stat,,Played First Basemin. 1 game,stat,,.300+ AVG SeasonBatting,stat,,30+ HR SeasonBatting,team,PHI,Philadelphia Phillies,team,CHW,Chicago  White Sox,team,HOU,Houston Astros
268,stat,,Played Second Basemin. 1 game,stat,,MVP,stat,,2000+ K CareerPitching,team,CHC,Chicago Cubs,team,NYY,New York Yankees,team,LAD,Los Angeles Dodgers
269,team,BOS,Boston   Red Sox,stat,,≤ 3.00 ERA Season,stat,,300+ HR CareerBatting,team,KCR,Kansas City Royals,team,TEX,Texas Rangers,team,OAK, Athletics
270,team,CIN,Cincinnati Reds,team,DET,Detroit Tigers,team,CLE,Cleveland Guardians,team,ATL,Atlanta Braves,team,SDP,San Diego Padres,team,SEA,Seattle Mariners
271,team,STL,St. Louis Cardinals,stat,,,stat,,2000+ Hits CareerBatting,team,SFG,San Francisco Giants,team,NYM,New York Mets,team,ANA,Los Angeles Angels
272,stat,,100+ RBI SeasonBatting,stat,,200+ Hits SeasonBatting,stat,,30+ SB Season,team,CHC,Chicago Cubs,stat,,All Star,stat,,Hall of Fame
273,team,PIT,Pittsburgh Pirates,stat,,Gold Glove,stat,,Played Outfieldmin. 1 game,team,LAD,Los Angeles Dodgers,team,HOU,Houston Astros,stat,,
274,team,BOS,Boston   Red Sox,stat,,20+ Win SeasonPitching,stat,,First Round Draft Pick,team,BAL,Baltimore Orioles,team,PHI,Philadelphia Phillies,team,DET,Detroit Tigers
275,team,MIL,Milwaukee Brewers,stat,,Born Outside US 50 States and DC,stat,,Cy Young,team,SDP,San Diego Padres,team,NYY,New York Yankees,team,CLE,Cleveland Guardians
276,team,ATL,Atlanta Braves,stat,,2000+ Hits CareerBatting,stat,,300+ HR CareerBatting,stat,,All Star,stat,,Gold Glove,stat,,Silver Slugger
277,team,CHC,Chicago Cubs,team,OAK, Athletics,stat,,Played Catchermin. 1 game,team,TOR,Toronto  Blue Jays,team,COL,Colorado Rockies,team,MIN,Minnesota Twins
278,team,TEX,Texas Rangers,team,CHW,Chicago  White Sox,team,PIT,Pittsburgh Pirates,team,BAL,Baltimore Orioles,team,NYM,New York Mets,team,SFG,San Francisco Giants
279,stat,,40+ HR SeasonBatting,stat,,Rookie of the Year,team,TBD,Tampa Bay Rays,stat,,Played Shortstopmin. 1 game,stat,,Played Center Fieldmin. 1 game,stat,,Designated Hittermin. 1 game
280,team,ANA,Los Angeles Angels,team,KCR,Kansas City Royals,team,SEA,Seattle Mariners,team,LAD,Los Angeles Dodgers,team,HOU,Houston Astros,team,ATL,Atlanta Braves
281,team,DET,Detroit Tigers,team,BOS,Boston   Red Sox,stat,,Played Third Basemin. 1 game,team,STL,St. Louis Cardinals,team,CIN,Cincinnati Reds,team,WSN,Washington Nationals
282,team,SFG,San Francisco Giants,team,CHC,Chicago Cubs,stat,,6+ WAR Season,team,PHI,Philadelphia Phillies,team,NYY,New York Yankees,team,SDP,San Diego Padres
283,team,CLE,Cleveland Guardians,stat,,10+ Win SeasonPitching,stat,,Only One Team,team,PIT,Pittsburgh Pirates,team,TOR,Toronto  Blue Jays,team,FLA,Miami Marlins
284,team,MIL,Milwaukee Brewers,team,OAK, Athletics,stat,,Threw a No‑Hitter,team,BAL,Baltimore Orioles,team,CHW,Chicago  White Sox,stat,,Born Outside US 50 States and DC
285,team,ANA,Los Angeles Angels,stat,,Played First Basemin. 1 game,stat,,200+ K SeasonPitching,team,NYM,New York Mets,team,TEX,Texas Rangers,team,CIN,Cincinnati Reds
286,stat,,.300+ AVG CareerBatting,stat,,500+ HR CareerBatting,stat,,3000+ Hits CareerBatting,stat,,Rookie of the Year,stat,,Gold Glove,stat,,Silver Slugger
287,stat,,Played Second Basemin. 1 game,stat,,Played Right Fieldmin. 1 game,stat,,Pitchedmin. 1 game,team,MIN,Minnesota Twins,team,ARI,Arizona Diamondbacks,team,KCR,Kansas City Royals
288,team,ATL,Atlanta Braves,stat,,10+ HR SeasonBatting,stat,,All Star,team,STL,St. Louis Cardinals,team,PHI,Philadelphia Phillies,team,CHC,Chicago Cubs
289,team,CHW,Chicago  White Sox,stat,,100+ RBI SeasonBatting,stat,,100+ Run SeasonBatting,team,DET,Detroit Tigers,team,HOU,Houston Astros,team,BOS,Boston   Red Sox
290,team,SEA,Seattle Mariners,stat,,30+ HR SeasonBatting,stat,,.300+ AVG SeasonBatting,team,OAK, Athletics,team,MIL,Milwaukee Brewers,team,PIT,Pittsburgh Pirates
291,team,LAD,Los Angeles Dodgers,stat,,200+ Wins CareerPitching,stat,,2000+ K CareerPitching,team,SFG,San Francisco Giants,team,SDP,San Diego Padres,team,NYM,New York Mets
292,team,STL,St. Louis Cardinals,stat,,≤ 3.00 ERA Season,stat,,30+ Save SeasonPitching,team,CIN,Cincinnati Reds,team,TOR,Toronto  Blue Jays,team,BAL,Baltimore Orioles
293,stat,,Hall of Fame,stat,,Played Catchermin. 1 game,stat,,2000+ Hits CareerBatting,team,NYY,New York Yankees,team,WSN,Washington Nationals,team,CLE,Cleveland Guardians
294,team,MIN,Minnesota Twins,stat,,Played Left Fieldmin. 1 game,stat,,40+ WAR Career,team,TEX,Texas Rangers,team,ANA,Los Angeles Angels,team,COL,Colorado Rockies
295,team,SEA,Seattle Mariners,stat,,Played Outfieldmin. 1 game,stat,,Only One Team,team,KCR,Kansas City Royals,team,PHI,Philadelphia Phillies,team,CHW,Chicago  White Sox
296,team,TOR,Toronto  Blue Jays,stat,,300+ HR CareerBatting,stat,,Born Outside US 50 States and DC,team,ATL,Atlanta Braves,team,SFG,San Francisco Giants,team,TBD,Tampa Bay Rays
297,team,MIL,Milwaukee Brewers,stat,,Played Third Basemin. 1 game,stat,,6+ WAR Season,team,CHC,Chicago Cubs,team,BOS,Boston   Red Sox,team,HOU,Houston Astros
298,team,NYY,New York Yankees,team,STL,St. Louis Cardinals,stat,,MVP,team,PIT,Pittsburgh Pirates,team,OAK, Athletics,stat,,Rookie of the Year
299,team,MIN,Minnesota Twins,team,CLE,Cleveland Guardians,stat,,Played Center Fieldmin. 1 game,team,DET,Detroit Tigers,team,NYM,New York Mets,stat,,Played Shortstopmin. 1 game
300,team,CHW,Chicago  White Sox,stat,,First Round Draft Pick,stat,,.300+ AVG SeasonBatting,team,TOR,Toronto  Blue Jays,stat,,Hall of Fame,stat,,All Star
301,team,CHC,Chicago Cubs,stat,,40+ HR SeasonBatting,stat,,200+ Hits SeasonBatting,team,LAD,Los Angeles Dodgers,team,BAL,Baltimore Orioles,team,CIN,Cincinnati Reds
302,team,WSN,Washington Nationals,stat,,Played First Basemin. 1 game,stat,,10+ Win SeasonPitching,team,ANA,Los Angeles Angels,team,SDP,San Diego Padres,team,NYY,New York Yankees
303,team,TEX,Texas Rangers,stat,,100+ RBI SeasonBatting,stat,,30+ SB Season,team,CLE,Cleveland Guardians,team,KCR,Kansas City Royals,team,ATL,Atlanta Braves
304,team,OAK, Athletics,stat,,Gold Glove,stat,,Silver Slugger,team,PIT,Pittsburgh Pirates,team,PHI,Philadelphia Phillies,team,DET,Detroit Tigers
305,stat,,Pitchedmin. 1 game,stat,,Played Catchermin. 1 game,stat,,Played Shortstopmin. 1 game,stat,,Played In Major Negro Lgs,team,SFG,San Francisco Giants,team,STL,St. Louis Cardinals
306,team,MIN,Minnesota Twins,team,NYM,New York Mets,stat,,2000+ K CareerPitching,team,BOS,Boston   Red Sox,team,SEA,Seattle Mariners,team,HOU,Houston Astros
307,stat,,2000+ Hits CareerBatting,stat,,Played Second Basemin. 1 game,stat,,100+ Run SeasonBatting,team,MIL,Milwaukee Brewers,team,CHW,Chicago  White Sox,team,BAL,Baltimore Orioles
308,team,OAK, Athletics,stat,,≤ 3.00 ERA Season,stat,,Threw a No‑Hitter,team,LAD,Los Angeles Dodgers,team,CHC,Chicago Cubs,stat,,Cy Young
309,team,SDP,San Diego Padres,stat,,30+ Save SeasonPitching,stat,,20+ Win SeasonPitching,team,ANA,Los Angeles Angels,team,NYY,New York Yankees,team,ATL,Atlanta Braves
310,team,WSN,Washington Nationals,stat,,Played Right Fieldmin. 1 game,stat,,Only One Team,team,TEX,Texas Rangers,team,STL,St. Louis Cardinals,team,SEA,Seattle Mariners
311,team,CIN,Cincinnati Reds,stat,,6+ WAR Season,stat,,30+ HR SeasonBatting,team,FLA,Miami Marlins,team,KCR,Kansas City Royals,team,CLE,Cleveland Guardians
312,stat,,.300+ AVG SeasonBatting,stat,,10+ HR SeasonBatting,stat,,10+ Win SeasonPitching,stat,,Played In Major Negro Lgs,team,LAD,Los Angeles Dodgers,team,BAL,Baltimore Orioles
313,team,PHI,Philadelphia Phillies,team,MIL,Milwaukee Brewers,stat,,Played Left Fieldmin. 1 game,team,PIT,Pittsburgh Pirates,team,TOR,Toronto  Blue Jays,team,DET,Detroit Tigers
314,team,STL,St. Louis Cardinals,stat,,200+ K SeasonPitching,stat,,40+ WAR Career,team,CHC,Chicago Cubs,stat,,Born Outside US 50 States and DC,stat,,200+ Wins CareerPitching
315,team,OAK, Athletics,stat,,Played Outfieldmin. 1 game,stat,,First Round Draft Pick,team,SFG,San Francisco Giants,team,BOS,Boston   Red Sox,team,ARI,Arizona Diamondbacks
316,team,NYY,New York Yankees,stat,,Played Third Basemin. 1 game,stat,,Played Second Basemin. 1 game,team,CLE,Cleveland Guardians,team,COL,Colorado Rockies,team,NYM,New York Mets
317,team,TBD,Tampa Bay Rays,team,PHI,Philadelphia Phillies,stat,,Silver Slugger,team,SDP,San Diego Padres,team,HOU,Houston Astros,team,TEX,Texas Rangers
318,team,LAD,Los Angeles Dodgers,stat,,Gold Glove,stat,,6+ WAR Season,team,BAL,Baltimore Orioles,team,WSN,Washington Nationals,team,TOR,Toronto  Blue Jays
319,stat,,Hall of Fame,stat,,All Star,stat,,≤ 3.00 ERA Season,stat,,Played In Major Negro Lgs,team,PIT,Pittsburgh Pirates,team,NYM,New York Mets
320,team,BOS,Boston   Red Sox,team,DET,Detroit Tigers,stat,,Played Left Fieldmin. 1 game,team,FLA,Miami Marlins,team,ATL,Atlanta Braves,stat,,30+ SB Season
321,stat,,2000+ Hits CareerBatting,stat,,Rookie of the Year,stat,,200+ Hits SeasonBatting,team,SFG,San Francisco Giants,stat,,100+ Run SeasonBatting,stat,,300+ HR CareerBatting
322,team,PHI,Philadelphia Phillies,stat,,2000+ K CareerPitching,stat,,200+ K SeasonPitching,team,MIN,Minnesota Twins,team,CHW,Chicago  White Sox,team,ANA,Los Angeles Angels
323,stat,,Played First Basemin. 1 game,stat,,Played Center Fieldmin. 1 game,stat,,Born Outside US 50 States and DC,team,CLE,Cleveland Guardians,team,KCR,Kansas City Royals,team,CHC,Chicago Cubs
324,team,BOS,Boston   Red Sox,team,MIL,Milwaukee Brewers,stat,,First Round Draft Pick,team,NYY,New York Yankees,team,TEX,Texas Rangers,team,LAD,Los Angeles Dodgers
325,team,SDP,San Diego Padres,stat,,30+ HR SeasonBatting,stat,,Played Second Basemin. 1 game,team,CIN,Cincinnati Reds,team,STL,St. Louis Cardinals,team,SEA,Seattle Mariners
326,stat,,Played First Basemin. 1 game,stat,,Played Third Basemin. 1 game,stat,,Played Outfieldmin. 1 game,stat,,Played In Major Negro Lgs,team,BAL,Baltimore Orioles,team,OAK, Athletics
327,team,PIT,Pittsburgh Pirates,stat,,200+ Wins CareerPitching,stat,,100+ RBI SeasonBatting,team,WSN,Washington Nationals,team,TOR,Toronto  Blue Jays,team,ANA,Los Angeles Angels
328,stat,,Only One Team,stat,,.300+ AVG CareerBatting,stat,,40+ WAR Career,stat,,All Star,stat,,Played Catchermin. 1 game,stat,,Played Shortstopmin. 1 game
329,team,HOU,Houston Astros,team,KCR,Kansas City Royals,team,BOS,Boston   Red Sox,team,CHC,Chicago Cubs,team,CLE,Cleveland Guardians,team,SFG,San Francisco Giants
330,team,ATL,Atlanta Braves,stat,,300+ HR CareerBatting,stat,,100+ Run SeasonBatting,team,MIN,Minnesota Twins,team,CIN,Cincinnati Reds,team,COL,Colorado Rockies
331,team,CHW,Chicago  White Sox,team,TEX,Texas Rangers,stat,,2000+ K CareerPitching,team,ARI,Arizona Diamondbacks,team,STL,St. Louis Cardinals,team,NYY,New York Yankees
332,team,ANA,Los Angeles Angels,team,NYM,New York Mets,stat,,Hall of Fame,team,OAK, Athletics,team,DET,Detroit Tigers,team,BAL,Baltimore Orioles
333,team,LAD,Los Angeles Dodgers,team,CLE,Cleveland Guardians,stat,,Born Outside US 50 States and DC,stat,,Played In Major Negro Lgs,team,PIT,Pittsburgh Pirates,stat,,All Star
334,team,MIL,Milwaukee Brewers,team,BOS,Boston   Red Sox,stat,,.300+ AVG SeasonBatting,team,PHI,Philadelphia Phillies,team,SDP,San Diego Padres,stat,,Played Right Fieldmin. 1 game
335,stat,,30+ HR /30+ SB SeasonBatting,stat,,Pitchedmin. 1 game,stat,,Cy Young,stat,,MVP,stat,,Rookie of the Year,stat,,6+ WAR Season
336,team,CHC,Chicago Cubs,stat,,≤ 3.00 ERA Season,stat,,Played Left Fieldmin. 1 game,team,SFG,San Francisco Giants,team,TBD,Tampa Bay Rays,team,NYY,New York Yankees
337,team,FLA,Miami Marlins,stat,,Played Catchermin. 1 game,stat,,2000+ Hits CareerBatting,team,TEX,Texas Rangers,team,TOR,Toronto  Blue Jays,team,ATL,Atlanta Braves
338,team,CHW,Chicago  White Sox,team,WSN,Washington Nationals,stat,,40+ WAR Career,team,MIN,Minnesota Twins,team,BAL,Baltimore Orioles,team,OAK, Athletics
339,team,DET,Detroit Tigers,stat,,Played Third Basemin. 1 game,stat,,100+ RBI SeasonBatting,team,LAD,Los Angeles Dodgers,team,SDP,San Diego Padres,team,PIT,Pittsburgh Pirates
340,team,SEA,Seattle Mariners,team,KCR,Kansas City Royals,stat,,Played Shortstopmin. 1 game,team,NYY,New York Yankees,team,BOS,Boston   Red Sox,stat,,First Round Draft Pick
341,team,CHC,Chicago Cubs,stat,,3000+ K CareerPitching,stat,,.300+ AVG SeasonBatting,team,CLE,Cleveland Guardians,team,NYM,New York Mets,team,TEX,Texas Rangers
342,team,COL,Colorado Rockies,stat,,Gold Glove,stat,,30+ SB Season,team,ANA,Los Angeles Angels,stat,,200+ Hits SeasonBatting,stat,,40+ HR SeasonBatting
343,team,WSN,Washington Nationals,team,SFG,San Francisco Giants,stat,,≤ 3.00 ERA Season,team,PHI,Philadelphia Phillies,team,DET,Detroit Tigers,team,TOR,Toronto  Blue Jays
344,team,CIN,Cincinnati Reds,team,BAL,Baltimore Orioles,stat,,300+ HR CareerBatting,team,SFG,San Francisco Giants,team,HOU,Houston Astros,stat,,Played Center Fieldmin. 1 game
345,team,OAK, Athletics,stat,,Played Outfieldmin. 1 game,stat,,200+ Wins CareerPitching,team,MIN,Minnesota Twins,team,TEX,Texas Rangers,team,CLE,Cleveland Guardians
346,team,STL,St. Louis Cardinals,stat,,Only One Team,stat,,Hall of Fame,team,MIL,Milwaukee Brewers,team,BOS,Boston   Red Sox,team,NYY,New York Yankees
347,team,KCR,Kansas City Royals,team,ARI,Arizona Diamondbacks,stat,,100+ Run SeasonBatting,team,ATL,Atlanta Braves,team,SDP,San Diego Padres,stat,,Played Left Fieldmin. 1 game
348,team,WSN,Washington Nationals,team,ANA,Los Angeles Angels,stat,,Silver Slugger,team,CHW,Chicago  White Sox,team,SFG,San Francisco Giants,stat,,All Star
349,team,TEX,Texas Rangers,stat,,Played Shortstopmin. 1 game,stat,,30+ HR SeasonBatting,team,NYM,New York Mets,stat,,Played Second Basemin. 1 game,stat,,30+ SB Season
350,team,HOU,Houston Astros,team,MIN,Minnesota Twins,team,SEA,Seattle Mariners,team,LAD,Los Angeles Dodgers,team,PIT,Pittsburgh Pirates,team,STL,St. Louis Cardinals
351,team,BOS,Boston   Red Sox,team,OAK, Athletics,stat,,Played Right Fieldmin. 1 game,team,TBD,Tampa Bay Rays,team,CIN,Cincinnati Reds,stat,,2000+ Hits CareerBatting
352,team,CHC,Chicago Cubs,stat,,200+ K SeasonPitching,stat,,30+ Save SeasonPitching,team,DET,Detroit Tigers,team,TOR,Toronto  Blue Jays,team,PHI,Philadelphia Phillies
353,team,MIL,Milwaukee Brewers,team,FLA,Miami Marlins,stat,,300+ HR CareerBatting,team,ANA,Los Angeles Angels,team,KCR,Kansas City Royals,stat,,Played First Basemin. 1 game
354,team,CLE,Cleveland Guardians,team,CHW,Chicago  White Sox,stat,,6+ WAR Season,team,LAD,Los Angeles Dodgers,team,SFG,San Francisco Giants,stat,,20+ Win SeasonPitching
355,team,HOU,Houston Astros,team,COL,Colorado Rockies,stat,,Threw a No‑Hitter,team,BOS,Boston   Red Sox,team,SEA,Seattle Mariners,stat,,First Round Draft Pick
356,stat,,All Star,stat,,MVP,stat,,Born Outside US 50 States and DC,stat,,Played Catchermin. 1 game,stat,,Played Third Basemin. 1 game,stat,,Played Center Fieldmin. 1 game
357,team,ATL,Atlanta Braves,team,BAL,Baltimore Orioles,stat,,40+ WAR Career,team,PHI,Philadelphia Phillies,team,PIT,Pittsburgh Pirates,team,SDP,San Diego Padres
358,team,LAD,Los Angeles Dodgers,stat,,Gold Glove,stat,,100+ Run SeasonBatting,team,NYY,New York Yankees,team,NYM,New York Mets,team,STL,St. Louis Cardinals
359,team,ANA,Los Angeles Angels,team,CIN,Cincinnati Reds,stat,,Pitchedmin. 1 game,team,TOR,Toronto  Blue Jays,team,MIN,Minnesota Twins,stat,,Hall of Fame
360,team,TEX,Texas Rangers,stat,,Played Left Fieldmin. 1 game,stat,,2000+ K CareerPitching,team,CLE,Cleveland Guardians,team,HOU,Houston Astros,team,WSN,Washington Nationals
361,team,SEA,Seattle Mariners,team,OAK, Athletics,stat,,.300+ AVG SeasonBatting,team,SFG,San Francisco Giants,team,DET,Detroit Tigers,stat,,Played Shortstopmin. 1 game
362,team,ATL,Atlanta Braves,stat,,100+ RBI SeasonBatting,stat,,10+ Win SeasonPitching,team,CHC,Chicago Cubs,team,MIL,Milwaukee Brewers,team,NYM,New York Mets
363,stat,,2000+ Hits CareerBatting,stat,,30+ HR SeasonBatting,stat,,Played Outfieldmin. 1 game,stat,,200+ Hits SeasonBatting,stat,,Rookie of the Year,stat,,Only One Team
364,stat,,Played First Basemin. 1 game,stat,,Played Second Basemin. 1 game,stat,,Played Shortstopmin. 1 game,stat,,Played Catchermin. 1 game,stat,,Played Third Basemin. 1 game,stat,,Played Right Fieldmin. 1 game
365,team,CLE,Cleveland Guardians,team,LAD,Los Angeles Dodgers,stat,,All Star,team,BAL,Baltimore Orioles,team,TOR,Toronto  Blue Jays,team,SDP,San Diego Padres
366,team,ATL,Atlanta Braves,stat,,≤ 3.00 ERA Season,stat,,200+ Wins CareerPitching,team,CHW,Chicago  White Sox,team,STL,St. Louis Cardinals,team,HOU,Houston Astros
367,team,SEA,Seattle Mariners,team,NYM,New York Mets,stat,,Played Shortstopmin. 1 game,team,KCR,Kansas City Royals,team,PHI,Philadelphia Phillies,stat,,Silver Slugger
368,team,TEX,Texas Rangers,stat,,All Star,stat,,300+ HR CareerBatting,team,SEA,Seattle Mariners,team,ATL,Atlanta Braves,team,NYY,New York Yankees
369,team,ANA,Los Angeles Angels,stat,,100+ RBI SeasonBatting,stat,,20+ Win SeasonPitching,team,BOS,Boston   Red Sox,team,OAK, Athletics,team,STL,St. Louis Cardinals
370,stat,,3000+ Hits CareerBatting,stat,,Gold Glove,stat,,.300+ AVG CareerBatting,stat,,Hall of Fame,stat,,6+ WAR Season,stat,,Played Center Fieldmin. 1 game
371,team,CIN,Cincinnati Reds,stat,,.300+ AVG SeasonBatting,stat,,30+ HR SeasonBatting,team,BAL,Baltimore Orioles,team,PIT,Pittsburgh Pirates,team,WSN,Washington Nationals
372,team,ATL,Atlanta Braves,team,ARI,Arizona Diamondbacks,stat,,200+ K SeasonPitching,team,CLE,Cleveland Guardians,team,LAD,Los Angeles Dodgers,team,NYY,New York Yankees
373,team,MIL,Milwaukee Brewers,stat,,Played Third Basemin. 1 game,stat,,Born Outside US 50 States and DC,team,MIN,Minnesota Twins,team,DET,Detroit Tigers,team,CHC,Chicago Cubs
374,team,CHW,Chicago  White Sox,team,NYM,New York Mets,stat,,40+ WAR Career,team,TBD,Tampa Bay Rays,team,HOU,Houston Astros,stat,,Pitchedmin. 1 game
375,team,PIT,Pittsburgh Pirates,team,TEX,Texas Rangers,stat,,Only One Team,team,SFG,San Francisco Giants,team,SDP,San Diego Padres,stat,,2000+ K CareerPitching
376,team,PHI,Philadelphia Phillies,team,TOR,Toronto  Blue Jays,stat,,100+ Run SeasonBatting,team,KCR,Kansas City Royals,stat,,Played Second Basemin. 1 game,stat,,Silver Slugger
377,stat,,10+ Win SeasonPitching,stat,,Hall of Fame,stat,,All Star,stat,,300+ Wins CareerPitching,stat,,300+ Save CareerPitching,stat,,≤ 3.00 ERA CareerPitching
378,team,FLA,Miami Marlins,team,BOS,Boston   Red Sox,stat,,Played Right Fieldmin. 1 game,team,OAK, Athletics,team,NYY,New York Yankees,team,NYM,New York Mets
379,stat,,100+ RBI SeasonBatting,team,STL,St. Louis Cardinals,stat,,Played First Basemin. 1 game,stat,,30+ SB Season,stat,,2000+ Hits CareerBatting,stat,,MVP
380,team,ATL,Atlanta Braves,team,MIL,Milwaukee Brewers,stat,,30+ HR SeasonBatting,team,SFG,San Francisco Giants,team,CIN,Cincinnati Reds,stat,,Played Shortstopmin. 1 game
381,team,CHW,Chicago  White Sox,stat,,First Round Draft Pick,stat,,200+ Hits SeasonBatting,team,TEX,Texas Rangers,team,CLE,Cleveland Guardians,team,PIT,Pittsburgh Pirates
382,team,OAK, Athletics,team,WSN,Washington Nationals,stat,,Born Outside US 50 States and DC,team,COL,Colorado Rockies,team,NYY,New York Yankees,stat,,6+ WAR Season
383,team,BAL,Baltimore Orioles,stat,,.300+ AVG SeasonBatting,stat,,≤ 3.00 ERA Season,team,SEA,Seattle Mariners,team,MIN,Minnesota Twins,team,ANA,Los Angeles Angels
384,stat,,Played Second Basemin. 1 game,stat,,200+ Wins CareerPitching,stat,,Played Outfieldmin. 1 game,team,DET,Detroit Tigers,team,LAD,Los Angeles Dodgers,stat,,Gold Glove
385,team,PIT,Pittsburgh Pirates,stat,,2000+ K CareerPitching,stat,,Threw a No‑Hitter,team,CHC,Chicago Cubs,team,PHI,Philadelphia Phillies,stat,,20+ Win SeasonPitching
386,team,TOR,Toronto  Blue Jays,team,ARI,Arizona Diamondbacks,stat,,Played Catchermin. 1 game,team,OAK, Athletics,team,BOS,Boston   Red Sox,team,STL,St. Louis Cardinals
387,team,KCR,Kansas City Royals,stat,,100+ RBI SeasonBatting,stat,,30+ SB Season,team,CIN,Cincinnati Reds,team,TBD,Tampa Bay Rays,team,CHW,Chicago  White Sox
388,team,CLE,Cleveland Guardians,team,WSN,Washington Nationals,stat,,300+ HR CareerBatting,team,NYM,New York Mets,team,MIL,Milwaukee Brewers,stat,,Only One Team
389,team,NYY,New York Yankees,team,SFG,San Francisco Giants,stat,,Played Center Fieldmin. 1 game,team,HOU,Houston Astros,team,SDP,San Diego Padres,stat,,40+ WAR Career
390,team,SEA,Seattle Mariners,team,BAL,Baltimore Orioles,stat,,≤ 3.00 ERA Season,team,ATL,Atlanta Braves,team,FLA,Miami Marlins,stat,,Rookie of the Year
391,stat,,All Star,stat,,Hall of Fame,stat,,40+ HR SeasonBatting,stat,,2000+ Hits CareerBatting,stat,,Born Outside US 50 States and DC,stat,,Played First Basemin. 1 game
392,team,CLE,Cleveland Guardians,team,TEX,Texas Rangers,team,PHI,Philadelphia Phillies,team,OAK, Athletics,team,CIN,Cincinnati Reds,team,BOS,Boston   Red Sox
393,stat,,Played Left Fieldmin. 1 game,stat,,Played Center Fieldmin. 1 game,stat,,Played Right Fieldmin. 1 game,team,ANA,Los Angeles Angels,team,CHC,Chicago Cubs,team,MIN,Minnesota Twins
394,team,TOR,Toronto  Blue Jays,stat,,Played Outfieldmin. 1 game,stat,,30+ SB Season,team,MIL,Milwaukee Brewers,team,NYM,New York Mets,team,BAL,Baltimore Orioles
395,team,DET,Detroit Tigers,stat,,6+ WAR Season,stat,,300+ HR CareerBatting,team,STL,St. Louis Cardinals,team,CHW,Chicago  White Sox,stat,,MVP
396,stat,,Hall of Fame,stat,,All Star,stat,,Played In Major Negro Lgs,stat,,10+ HR SeasonBatting,stat,,10+ Win SeasonPitching,stat,,.300+ AVG CareerBatting
397,team,KCR,Kansas City Royals,team,WSN,Washington Nationals,stat,,Gold Glove,team,OAK, Athletics,team,CLE,Cleveland Guardians,stat,,100+ RBI SeasonBatting
398,team,PIT,Pittsburgh Pirates,stat,,40+ WAR Career,stat,,Silver Slugger,team,LAD,Los Angeles Dodgers,stat,,Born Outside US 50 States and DC,stat,,≤ 3.00 ERA Season
399,team,TOR,Toronto  Blue Jays,team,SFG,San Francisco Giants,stat,,30+ HR SeasonBatting,team,NYY,New York Yankees,team,ARI,Arizona Diamondbacks,stat,,Played Third Basemin. 1 game
400,team,CHW,Chicago  White Sox,stat,,Only One Team,stat,,.300+ AVG SeasonBatting,team,BOS,Boston   Red Sox,team,NYM,New York Mets,team,COL,Colorado Rockies
401,team,CHC,Chicago Cubs,stat,,200+ Hits SeasonBatting,stat,,Pitchedmin. 1 game,team,CIN,Cincinnati Reds,team,STL,St. Louis Cardinals,team,OAK, Athletics
402,team,ATL,Atlanta Braves,team,SDP,San Diego Padres,stat,,2000+ Hits CareerBatting,team,ANA,Los Angeles Angels,team,MIN,Minnesota Twins,stat,,Played Second Basemin. 1 game
403,team,PHI,Philadelphia Phillies,stat,,100+ Run SeasonBatting,stat,,All Star,team,HOU,Houston Astros,team,LAD,Los Angeles Dodgers,team,DET,Detroit Tigers
404,team,KCR,Kansas City Royals,stat,,200+ K SeasonPitching,stat,,200+ Wins CareerPitching,team,TEX,Texas Rangers,team,BOS,Boston   Red Sox,team,WSN,Washington Nationals
405,stat,,Played Shortstopmin. 1 game,stat,,500+ HR CareerBatting,stat,,Gold Glove,stat,,MVP,stat,,Played First Basemin. 1 game,stat,,40+ WAR Career
406,team,MIL,Milwaukee Brewers,stat,,Played Left Fieldmin. 1 game,stat,,Hall of Fame,team,SEA,Seattle Mariners,team,BAL,Baltimore Orioles,stat,,Played Catchermin. 1 game
407,team,ANA,Los Angeles Angels,team,LAD,Los Angeles Dodgers,stat,,30+ Save SeasonPitching,team,CLE,Cleveland Guardians,team,NYM,New York Mets,stat,,First Round Draft Pick
408,team,TBD,Tampa Bay Rays,team,CIN,Cincinnati Reds,stat,,Played Outfieldmin. 1 game,team,SDP,San Diego Padres,team,SFG,San Francisco Giants,team,NYY,New York Yankees
409,team,DET,Detroit Tigers,stat,,6+ WAR Season,stat,,10+ Win SeasonPitching,team,BOS,Boston   Red Sox,team,PIT,Pittsburgh Pirates,team,MIN,Minnesota Twins
410,team,CHW,Chicago  White Sox,team,HOU,Houston Astros,stat,,Played Center Fieldmin. 1 game,team,TOR,Toronto  Blue Jays,team,BAL,Baltimore Orioles,stat,,2000+ Hits CareerBatting
411,team,ATL,Atlanta Braves,team,PHI,Philadelphia Phillies,stat,,Silver Slugger,team,FLA,Miami Marlins,team,CHC,Chicago Cubs,stat,,Played Right Fieldmin. 1 game
412,stat,,Cy Young,stat,,Threw a No‑Hitter,stat,,Born Outside US 50 States and DC,stat,,2000+ K CareerPitching,stat,,≤ 3.00 ERA Season,stat,,Gold Glove
413,team,OAK, Athletics,team,SFG,San Francisco Giants,team,WSN,Washington Nationals,team,STL,St. Louis Cardinals,team,LAD,Los Angeles Dodgers,team,SEA,Seattle Mariners
414,team,NYM,New York Mets,team,NYY,New York Yankees,stat,,300+ HR CareerBatting,team,PIT,Pittsburgh Pirates,team,TEX,Texas Rangers,stat,,.300+ AVG CareerBatting
415,team,SDP,San Diego Padres,stat,,40+ WAR Career,stat,,Played Third Basemin. 1 game,team,ATL,Atlanta Braves,team,MIL,Milwaukee Brewers,team,KCR,Kansas City Royals
416,team,BAL,Baltimore Orioles,stat,,30+ SB Season,stat,,100+ RBI SeasonBatting,team,CLE,Cleveland Guardians,team,ARI,Arizona Diamondbacks,team,DET,Detroit Tigers
417,team,COL,Colorado Rockies,stat,,Played Second Basemin. 1 game,stat,,All Star,team,BOS,Boston   Red Sox,team,CIN,Cincinnati Reds,team,ANA,Los Angeles Angels
418,team,CHC,Chicago Cubs,stat,,Played Right Fieldmin. 1 game,stat,,Only One Team,team,TOR,Toronto  Blue Jays,team,CHW,Chicago  White Sox,stat,,MVP
419,stat,,Hall of Fame,team,SFG,San Francisco Giants,stat,,100+ Run SeasonBatting,stat,,Played Center Fieldmin. 1 game,team,MIN,Minnesota Twins,stat,,40+ HR SeasonBatting
420,team,CLE,Cleveland Guardians,stat,,Threw a No‑Hitter,stat,,Played Outfieldmin. 1 game,team,SEA,Seattle Mariners,team,PIT,Pittsburgh Pirates,team,HOU,Houston Astros
421,team,MIL,Milwaukee Brewers,team,WSN,Washington Nationals,stat,,Played First Basemin. 1 game,team,ATL,Atlanta Braves,team,BOS,Boston   Red Sox,stat,,Silver Slugger
422,stat,,.300+ AVG SeasonBatting,stat,,10+ Win SeasonPitching,stat,,Born Outside US 50 States and DC,team,TEX,Texas Rangers,team,PHI,Philadelphia Phillies,team,STL,St. Louis Cardinals
423,stat,,Cy Young,stat,,2000+ K CareerPitching,stat,,Played Left Fieldmin. 1 game,team,LAD,Los Angeles Dodgers,team,OAK, Athletics,team,NYY,New York Yankees
424,team,DET,Detroit Tigers,team,CIN,Cincinnati Reds,stat,,6+ WAR Season,team,NYM,New York Mets,team,ANA,Los Angeles Angels,stat,,Played Shortstopmin. 1 game
425,stat,,Gold Glove,stat,,2000+ Hits CareerBatting,stat,,Pitchedmin. 1 game,team,SDP,San Diego Padres,team,KCR,Kansas City Royals,team,CHC,Chicago Cubs
426,stat,,40+ WAR Career,stat,,.300+ AVG CareerBatting,stat,,300+ HR CareerBatting,stat,,100+ RBI SeasonBatting,stat,,200+ Hits SeasonBatting,stat,,Played Third Basemin. 1 game
427,stat,,Played Second Basemin. 1 game,stat,,Played Right Fieldmin. 1 game,stat,,Hall of Fame,stat,,All Star,stat,,Rookie of the Year,stat,,30+ HR SeasonBatting
428,team,SFG,San Francisco Giants,team,CLE,Cleveland Guardians,stat,,30+ Save SeasonPitching,team,PHI,Philadelphia Phillies,team,TOR,Toronto  Blue Jays,stat,,≤ 3.00 ERA Season
429,team,LAD,Los Angeles Dodgers,stat,,Played Catchermin. 1 game,stat,,First Round Draft Pick,team,BAL,Baltimore Orioles,team,TBD,Tampa Bay Rays,team,MIN,Minnesota Twins
430,team,ANA,Los Angeles Angels,stat,,Born Outside US 50 States and DC,stat,,Only One Team,team,NYY,New York Yankees,team,OAK, Athletics,stat,,100+ Run SeasonBatting
431,stat,,All Star,stat,,Played Shortstopmin. 1 game,stat,,Played Outfieldmin. 1 game,team,CHW,Chicago  White Sox,team,CHC,Chicago Cubs,stat,,Played In Major Negro Lgs
432,team,HOU,Houston Astros,stat,,20+ Win SeasonPitching,stat,,30+ SB Season,team,PIT,Pittsburgh Pirates,team,BOS,Boston   Red Sox,team,ATL,Atlanta Braves
433,stat,,200+ K SeasonPitching,stat,,40+ WAR Career,stat,,200+ Wins CareerPitching,stat,,2000+ K CareerPitching,stat,,MVP,stat,,Threw a No‑Hitter
434,team,LAD,Los Angeles Dodgers,stat,,Played Center Fieldmin. 1 game,stat,,30+ HR SeasonBatting,team,SEA,Seattle Mariners,team,MIL,Milwaukee Brewers,team,TEX,Texas Rangers
435,team,SDP,San Diego Padres,team,NYM,New York Mets,stat,,Played Third Basemin. 1 game,team,WSN,Washington Nationals,team,STL,St. Louis Cardinals,stat,,100+ RBI SeasonBatting
436,team,CIN,Cincinnati Reds,team,KCR,Kansas City Royals,stat,,300+ HR CareerBatting,team,DET,Detroit Tigers,team,ARI,Arizona Diamondbacks,stat,,Played Catchermin. 1 game
437,team,CHW,Chicago  White Sox,team,PHI,Philadelphia Phillies,stat,,.300+ AVG SeasonBatting,team,ANA,Los Angeles Angels,team,MIN,Minnesota Twins,stat,,Hall of Fame
438,team,ATL,Atlanta Braves,stat,,100+ Run SeasonBatting,stat,,All Star,team,NYY,New York Yankees,team,OAK, Athletics,team,COL,Colorado Rockies
439,team,CHC,Chicago Cubs,stat,,2000+ Hits CareerBatting,stat,,Pitchedmin. 1 game,team,NYM,New York Mets,team,LAD,Los Angeles Dodgers,team,BAL,Baltimore Orioles
440,team,TOR,Toronto  Blue Jays,stat,,6+ WAR Season,stat,,Only One Team,team,DET,Detroit Tigers,stat,,200+ Wins CareerPitching,stat,,Played First Basemin. 1 game
441,stat,,10+ Win SeasonPitching,stat,,Played Shortstopmin. 1 game,stat,,Born Outside US 50 States and DC,team,CLE,Cleveland Guardians,team,WSN,Washington Nationals,team,FLA,Miami Marlins
442,team,OAK, Athletics,team,HOU,Houston Astros,stat,,200+ K SeasonPitching,team,SDP,San Diego Padres,team,MIL,Milwaukee Brewers,team,SFG,San Francisco Giants
443,team,PIT,Pittsburgh Pirates,stat,,30+ Save SeasonPitching,stat,,Silver Slugger,team,BOS,Boston   Red Sox,team,CIN,Cincinnati Reds,team,MIN,Minnesota Twins
444,team,PHI,Philadelphia Phillies,stat,,Played Third Basemin. 1 game,stat,,100+ RBI SeasonBatting,team,SEA,Seattle Mariners,team,NYY,New York Yankees,team,TEX,Texas Rangers
445,stat,,Played Catchermin. 1 game,stat,,All Star,stat,,Hall of Fame,team,STL,St. Louis Cardinals,team,SFG,San Francisco Giants,stat,,Played In Major Negro Lgs
446,team,CLE,Cleveland Guardians,team,DET,Detroit Tigers,stat,,300+ HR CareerBatting,team,CHW,Chicago  White Sox,team,CHC,Chicago Cubs,team,WSN,Washington Nationals
447,stat,,Played Outfieldmin. 1 game,stat,,3000+ Hits CareerBatting,stat,,30+ HR SeasonBatting,stat,,.300+ AVG SeasonBatting,stat,,First Round Draft Pick,stat,,MVP
448,team,TBD,Tampa Bay Rays,team,KCR,Kansas City Royals,stat,,40+ WAR Career,team,NYM,New York Mets,team,MIN,Minnesota Twins,stat,,Played Second Basemin. 1 game
449,team,TOR,Toronto  Blue Jays,team,BOS,Boston   Red Sox,stat,,30+ SB Season,team,OAK, Athletics,team,NYY,New York Yankees,team,SDP,San Diego Padres
450,team,LAD,Los Angeles Dodgers,stat,,2000+ K CareerPitching,stat,,10+ Win SeasonPitching,team,ANA,Los Angeles Angels,team,ATL,Atlanta Braves,team,DET,Detroit Tigers
451,team,STL,St. Louis Cardinals,team,CHW,Chicago  White Sox,stat,,Gold Glove,team,CIN,Cincinnati Reds,team,SEA,Seattle Mariners,team,PHI,Philadelphia Phillies
452,team,SDP,San Diego Padres,stat,,Played Shortstopmin. 1 game,stat,,Silver Slugger,team,BAL,Baltimore Orioles,team,PIT,Pittsburgh Pirates,team,SFG,San Francisco Giants
453,team,CLE,Cleveland Guardians,team,NYM,New York Mets,stat,,Pitchedmin. 1 game,team,BOS,Boston   Red Sox,team,MIN,Minnesota Twins,stat,,Played Catchermin. 1 game
454,stat,,Hall of Fame,stat,,All Star,stat,,Only One Team,team,HOU,Houston Astros,team,TEX,Texas Rangers,stat,,2000+ Hits CareerBatting
455,team,KCR,Kansas City Royals,stat,,≤ 3.00 ERA Season,stat,,.300+ AVG SeasonBatting,team,MIL,Milwaukee Brewers,team,CHC,Chicago Cubs,team,NYY,New York Yankees
456,stat,,10+ HR SeasonBatting,stat,,10+ Win SeasonPitching,stat,,All Star,team,TOR,Toronto  Blue Jays,stat,,Born Outside US 50 States and DC,stat,,
457,team,COL,Colorado Rockies,team,BAL,Baltimore Orioles,stat,,Played Left Fieldmin. 1 game,team,SFG,San Francisco Giants,team,NYM,New York Mets,stat,,Played Right Fieldmin. 1 game
458,team,OAK, Athletics,team,CIN,Cincinnati Reds,stat,,100+ RBI SeasonBatting,team,WSN,Washington Nationals,team,MIN,Minnesota Twins,stat,,Rookie of the Year
459,team,ATL,Atlanta Braves,stat,,Played Center Fieldmin. 1 game,stat,,,team,BOS,Boston   Red Sox,team,CHW,Chicago  White Sox,stat,,200+ Hits SeasonBatting
460,team,CHC,Chicago Cubs,stat,,Played Third Basemin. 1 game,stat,,30+ HR SeasonBatting,team,PHI,Philadelphia Phillies,team,ANA,Los Angeles Angels,team,HOU,Houston Astros
461,stat,,200+ Wins CareerPitching,stat,,Silver Slugger,stat,,6+ WAR Season,team,NYY,New York Yankees,team,CLE,Cleveland Guardians,stat,,Cy Young
462,team,ARI,Arizona Diamondbacks,stat,,40+ WAR Career,stat,,Played First Basemin. 1 game,team,ANA,Los Angeles Angels,team,DET,Detroit Tigers,stat,,First Round Draft Pick
463,team,PIT,Pittsburgh Pirates,stat,,Played Outfieldmin. 1 game,stat,,300+ HR CareerBatting,team,KCR,Kansas City Royals,team,FLA,Miami Marlins,team,OAK, Athletics
464,team,CHW,Chicago  White Sox,stat,,Gold Glove,stat,,MVP,team,LAD,Los Angeles Dodgers,team,STL,St. Louis Cardinals,team,TEX,Texas Rangers
465,team,SFG,San Francisco Giants,stat,,Pitchedmin. 1 game,stat,,Played Catchermin. 1 game,team,SEA,Seattle Mariners,team,ATL,Atlanta Braves,team,WSN,Washington Nationals
466,team,TBD,Tampa Bay Rays,stat,,Played Shortstopmin. 1 game,stat,,Born Outside US 50 States and DC,team,SDP,San Diego Padres,team,TOR,Toronto  Blue Jays,stat,,2000+ Hits CareerBatting
467,team,MIL,Milwaukee Brewers,team,PHI,Philadelphia Phillies,stat,,Hall of Fame,team,NYM,New York Mets,team,BOS,Boston   Red Sox,stat,,Only One Team
468,stat,,.300+ AVG SeasonBatting,stat,,30+ HR SeasonBatting,stat,,Played Second Basemin. 1 game,stat,,100+ Run SeasonBatting,stat,,100+ RBI SeasonBatting,stat,,30+ SB Season
469,team,BAL,Baltimore Orioles,stat,,6+ WAR Season,stat,,10+ Win SeasonPitching,team,KCR,Kansas City Royals,team,HOU,Houston Astros,stat,,≤ 3.00 ERA Season
470,team,CHC,Chicago Cubs,stat,,.300+ AVG CareerBatting,stat,,200+ Wins CareerPitching,team,MIN,Minnesota Twins,team,PIT,Pittsburgh Pirates,team,CIN,Cincinnati Reds
471,team,CLE,Cleveland Guardians,team,COL,Colorado Rockies,stat,,200+ Hits SeasonBatting,team,NYY,New York Yankees,team,DET,Detroit Tigers,team,STL,St. Louis Cardinals
472,team,BOS,Boston   Red Sox,stat,,Rookie of the Year,stat,,300+ HR CareerBatting,team,LAD,Los Angeles Dodgers,stat,,MVP,stat,,Gold Glove
473,team,WSN,Washington Nationals,stat,,2000+ K CareerPitching,stat,,Threw a No‑Hitter,team,BAL,Baltimore Orioles,team,CHW,Chicago  White Sox,stat,,All Star
474,team,TEX,Texas Rangers,stat,,200+ K SeasonPitching,stat,,First Round Draft Pick,team,OAK, Athletics,team,SEA,Seattle Mariners,team,ANA,Los Angeles Angels
475,stat,,Played Left Fieldmin. 1 game,stat,,Played Center Fieldmin. 1 game,stat,,Played Right Fieldmin. 1 game,stat,,40+ HR SeasonBatting,stat,,Only One Team,stat,,3000+ Hits CareerBatting
476,team,ATL,Atlanta Braves,team,SFG,San Francisco Giants,stat,,Played Catchermin. 1 game,team,CHC,Chicago Cubs,team,TOR,Toronto  Blue Jays,team,PIT,Pittsburgh Pirates
477,team,SDP,San Diego Padres,team,HOU,Houston Astros,stat,,20+ Win SeasonPitching,team,PHI,Philadelphia Phillies,team,NYM,New York Mets,stat,,≤ 3.00 ERA Season
478,team,BOS,Boston   Red Sox,team,CIN,Cincinnati Reds,team,ANA,Los Angeles Angels,team,KCR,Kansas City Royals,team,SEA,Seattle Mariners,stat,,300+ Save CareerPitching
479,team,FLA,Miami Marlins,team,STL,St. Louis Cardinals,stat,,Hall of Fame,team,DET,Detroit Tigers,team,NYY,New York Yankees,team,MIL,Milwaukee Brewers
480,stat,,Played First Basemin. 1 game,stat,,Played Second Basemin. 1 game,stat,,Played Third Basemin. 1 game,team,MIN,Minnesota Twins,team,ARI,Arizona Diamondbacks,team,CHW,Chicago  White Sox
481,team,OAK, Athletics,stat,,300+ HR CareerBatting,stat,,All Star,team,BAL,Baltimore Orioles,team,CLE,Cleveland Guardians,stat,,Silver Slugger
482,stat,,30+ SB Season,stat,,100+ RBI SeasonBatting,stat,,200+ Hits SeasonBatting,team,CHC,Chicago Cubs,team,SFG,San Francisco Giants,stat,,Born Outside US 50 States and DC
483,team,CIN,Cincinnati Reds,stat,,Played Shortstopmin. 1 game,stat,,6+ WAR Season,team,LAD,Los Angeles Dodgers,team,TEX,Texas Rangers,team,ATL,Atlanta Braves
484,team,MIN,Minnesota Twins,stat,,2000+ Hits CareerBatting,stat,,40+ HR SeasonBatting,team,DET,Detroit Tigers,team,BOS,Boston   Red Sox,team,MIL,Milwaukee Brewers
485,team,TBD,Tampa Bay Rays,stat,,40+ WAR Career,stat,,.300+ AVG SeasonBatting,team,SEA,Seattle Mariners,team,WSN,Washington Nationals,team,STL,St. Louis Cardinals
486,team,BAL,Baltimore Orioles,team,PIT,Pittsburgh Pirates,stat,,≤ 3.00 ERA Season,team,PHI,Philadelphia Phillies,team,TOR,Toronto  Blue Jays,stat,,Hall of Fame
487,team,NYY,New York Yankees,stat,,Played Outfieldmin. 1 game,stat,,Played Catchermin. 1 game,team,HOU,Houston Astros,team,CIN,Cincinnati Reds,team,SDP,San Diego Padres
488,team,SFG,San Francisco Giants,stat,,200+ Wins CareerPitching,stat,,Played Second Basemin. 1 game,team,NYM,New York Mets,team,ANA,Los Angeles Angels,team,OAK, Athletics
489,stat,,All Star,stat,,MVP,stat,,Only One Team,stat,,Pitchedmin. 1 game,stat,,.300+ AVG CareerBatting,stat,,20+ Win SeasonPitching
490,team,KCR,Kansas City Royals,team,MIN,Minnesota Twins,stat,,Born Outside US 50 States and DC,team,CHW,Chicago  White Sox,team,COL,Colorado Rockies,stat,,Played Shortstopmin. 1 game
491,team,BAL,Baltimore Orioles,team,DET,Detroit Tigers,stat,,200+ K SeasonPitching,team,TEX,Texas Rangers,team,ATL,Atlanta Braves,team,BOS,Boston   Red Sox
492,team,SDP,San Diego Padres,team,LAD,Los Angeles Dodgers,stat,,Gold Glove,team,CLE,Cleveland Guardians,team,CHC,Chicago Cubs,stat,,30+ HR SeasonBatting
493,team,TOR,Toronto  Blue Jays,stat,,6+ WAR Season,stat,,Played First Basemin. 1 game,team,STL,St. Louis Cardinals,team,PHI,Philadelphia Phillies,team,WSN,Washington Nationals
494,team,SEA,Seattle Mariners,stat,,Played Right Fieldmin. 1 game,stat,,30+ SB Season,team,ARI,Arizona Diamondbacks,team,HOU,Houston Astros,stat,,100+ Run SeasonBatting
495,team,TEX,Texas Rangers,stat,,.300+ AVG SeasonBatting,stat,,300+ HR CareerBatting,team,ATL,Atlanta Braves,team,BOS,Boston   Red Sox,stat,,First Round Draft Pick
496,stat,,200+ Wins CareerPitching,stat,,Cy Young,stat,,Hall of Fame,stat,,2000+ K CareerPitching,stat,,10+ Win SeasonPitching,stat,,Threw a No‑Hitter
497,team,OAK, Athletics,team,SFG,San Francisco Giants,stat,,Only One Team,team,NYY,New York Yankees,team,FLA,Miami Marlins,team,CIN,Cincinnati Reds
498,team,WSN,Washington Nationals,stat,,MVP,stat,,Played Center Fieldmin. 1 game,team,MIN,Minnesota Twins,team,CHC,Chicago Cubs,stat,,Silver Slugger
499,team,SDP,San Diego Padres,team,MIL,Milwaukee Brewers,stat,,Played Outfieldmin. 1 game,team,PIT,Pittsburgh Pirates,team,CHW,Chicago  White Sox,stat,,All Star
500,stat,,40+ WAR Career,stat,,500+ HR CareerBatting,stat,,Gold Glove,stat,,2000+ Hits CareerBatting,stat,,.300+ AVG CareerBatting,stat,,Born Outside US 50 States and DC
501,team,NYY,New York Yankees,team,TOR,Toronto  Blue Jays,stat,,≤ 3.00 ERA Season,team,NYM,New York Mets,team,ANA,Los Angeles Angels,team,LAD,Los Angeles Dodgers
502,team,STL,St. Louis Cardinals,team,CLE,Cleveland Guardians,stat,,30+ HR SeasonBatting,team,BAL,Baltimore Orioles,team,KCR,Kansas City Royals,team,BOS,Boston   Red Sox
503,stat,,100+ Run SeasonBatting,stat,,30+ SB Season,stat,,.300+ AVG SeasonBatting,stat,,200+ Hits SeasonBatting,stat,,Rookie of the Year,stat,,Played Third Basemin. 1 game
504,team,PHI,Philadelphia Phillies,stat,,30+ Save SeasonPitching,stat,,Played Shortstopmin. 1 game,team,DET,Detroit Tigers,team,SFG,San Francisco Giants,team,OAK, Athletics
505,team,WSN,Washington Nationals,stat,,100+ RBI SeasonBatting,stat,,Hall of Fame,team,ATL,Atlanta Braves,team,SEA,Seattle Mariners,team,FLA,Miami Marlins
506,team,TEX,Texas Rangers,team,STL,St. Louis Cardinals,stat,,Played Second Basemin. 1 game,team,HOU,Houston Astros,team,PIT,Pittsburgh Pirates,stat,,Silver Slugger
507,team,CHC,Chicago Cubs,stat,,Played Catchermin. 1 game,stat,,Pitchedmin. 1 game,team,NYY,New York Yankees,team,COL,Colorado Rockies,team,CHW,Chicago  White Sox
508,team,NYM,New York Mets,team,TOR,Toronto  Blue Jays,stat,,20+ Win SeasonPitching,team,MIN,Minnesota Twins,team,CIN,Cincinnati Reds,team,CLE,Cleveland Guardians
509,team,SDP,San Diego Padres,team,ANA,Los Angeles Angels,stat,,Born Outside US 50 States and DC,team,MIL,Milwaukee Brewers,team,LAD,Los Angeles Dodgers,stat,,300+ HR CareerBatting
510,team,SFG,San Francisco Giants,stat,,Threw a No‑Hitter,stat,,200+ Hits SeasonBatting,team,BOS,Boston   Red Sox,stat,,MVP,stat,,6+ WAR Season
511,team,KCR,Kansas City Royals,team,PHI,Philadelphia Phillies,stat,,30+ HR SeasonBatting,team,ATL,Atlanta Braves,team,TBD,Tampa Bay Rays,stat,,All Star
512,team,CHW,Chicago  White Sox,team,DET,Detroit Tigers,stat,,Played First Basemin. 1 game,team,BAL,Baltimore Orioles,team,OAK, Athletics,team,NYY,New York Yankees
513,team,ANA,Los Angeles Angels,team,TEX,Texas Rangers,stat,,Played Outfieldmin. 1 game,team,WSN,Washington Nationals,team,STL,St. Louis Cardinals,stat,,2000+ Hits CareerBatting
514,team,SEA,Seattle Mariners,team,HOU,Houston Astros,stat,,100+ RBI SeasonBatting,team,PIT,Pittsburgh Pirates,team,TOR,Toronto  Blue Jays,stat,,Played Shortstopmin. 1 game
515,team,NYM,New York Mets,team,SFG,San Francisco Giants,stat,,Only One Team,team,ATL,Atlanta Braves,team,LAD,Los Angeles Dodgers,stat,,Hall of Fame
516,team,CHC,Chicago Cubs,team,CIN,Cincinnati Reds,stat,,500+ HR CareerBatting,team,BOS,Boston   Red Sox,team,BAL,Baltimore Orioles,stat,,Played Third Basemin. 1 game
517,stat,,≤ 3.00 ERA Season,stat,,10+ Win SeasonPitching,stat,,First Round Draft Pick,stat,,200+ K SeasonPitching,stat,,Silver Slugger,stat,,Gold Glove
518,team,TEX,Texas Rangers,team,NYY,New York Yankees,stat,,30+ HR SeasonBatting,team,CLE,Cleveland Guardians,team,MIN,Minnesota Twins,stat,,Played Center Fieldmin. 1 game
519,team,LAD,Los Angeles Dodgers,team,PHI,Philadelphia Phillies,stat,,All Star,team,STL,St. Louis Cardinals,team,ARI,Arizona Diamondbacks,stat,,Played Catchermin. 1 game
520,team,NYM,New York Mets,team,SEA,Seattle Mariners,stat,,6+ WAR Season,team,MIL,Milwaukee Brewers,team,DET,Detroit Tigers,stat,,30+ SB Season
521,team,SDP,San Diego Padres,team,CHW,Chicago  White Sox,stat,,2000+ Hits CareerBatting,team,ATL,Atlanta Braves,team,FLA,Miami Marlins,team,SFG,San Francisco Giants
522,team,BOS,Boston   Red Sox,team,KCR,Kansas City Royals,stat,,Born Outside US 50 States and DC,team,OAK, Athletics,team,HOU,Houston Astros,team,WSN,Washington Nationals
523,team,PIT,Pittsburgh Pirates,team,BAL,Baltimore Orioles,stat,,Played Shortstopmin. 1 game,team,ANA,Los Angeles Angels,team,NYY,New York Yankees,stat,,.300+ AVG SeasonBatting
524,stat,,200+ K SeasonPitching,stat,,100+ RBI SeasonBatting,stat,,300+ HR CareerBatting,stat,,All Star,stat,,Hall of Fame,stat,,MVP
525,team,STL,St. Louis Cardinals,team,CLE,Cleveland Guardians,stat,,Only One Team,team,CHC,Chicago Cubs,team,MIN,Minnesota Twins,stat,,40+ HR SeasonBatting
526,team,HOU,Houston Astros,stat,,40+ WAR Career,stat,,10+ Win SeasonPitching,team,COL,Colorado Rockies,team,OAK, Athletics,team,LAD,Los Angeles Dodgers
527,team,NYM,New York Mets,stat,,Played Left Fieldmin. 1 game,stat,,Played Right Fieldmin. 1 game,team,BOS,Boston   Red Sox,team,WSN,Washington Nationals,team,PIT,Pittsburgh Pirates
528,team,ATL,Atlanta Braves,team,CIN,Cincinnati Reds,stat,,Played First Basemin. 1 game,team,MIL,Milwaukee Brewers,team,SEA,Seattle Mariners,stat,,100+ Run SeasonBatting
529,team,TEX,Texas Rangers,team,KCR,Kansas City Royals,stat,,2000+ Hits CareerBatting,team,TOR,Toronto  Blue Jays,team,PHI,Philadelphia Phillies,stat,,200+ Hits SeasonBatting
530,team,TBD,Tampa Bay Rays,team,DET,Detroit Tigers,stat,,.300+ AVG SeasonBatting,team,CHW,Chicago  White Sox,team,SDP,San Diego Padres,team,LAD,Los Angeles Dodgers
531,team,BOS,Boston   Red Sox,stat,,Born Outside US 50 States and DC,stat,,6+ WAR Season,team,ANA,Los Angeles Angels,stat,,Hall of Fame,stat,,≤ 3.00 ERA Season
532,team,ARI,Arizona Diamondbacks,team,MIL,Milwaukee Brewers,stat,,First Round Draft Pick,team,NYY,New York Yankees,team,HOU,Houston Astros,stat,,Pitchedmin. 1 game
533,team,FLA,Miami Marlins,team,SFG,San Francisco Giants,stat,,40+ WAR Career,team,KCR,Kansas City Royals,team,BAL,Baltimore Orioles,team,MIN,Minnesota Twins
534,team,WSN,Washington Nationals,team,PIT,Pittsburgh Pirates,stat,,30+ HR SeasonBatting,team,OAK, Athletics,team,CIN,Cincinnati Reds,stat,,300+ HR CareerBatting
535,team,STL,St. Louis Cardinals,team,NYM,New York Mets,stat,,30+ SB Season,team,SDP,San Diego Padres,team,CHW,Chicago  White Sox,stat,,100+ RBI SeasonBatting
536,team,TEX,Texas Rangers,team,ATL,Atlanta Braves,stat,,200+ K SeasonPitching,team,CHC,Chicago Cubs,team,NYY,New York Yankees,stat,,200+ Wins CareerPitching
537,team,DET,Detroit Tigers,team,SFG,San Francisco Giants,stat,,Played Third Basemin. 1 game,team,TOR,Toronto  Blue Jays,team,CLE,Cleveland Guardians,stat,,Gold Glove
538,stat,,Played Outfieldmin. 1 game,stat,,Played First Basemin. 1 game,stat,,Played Second Basemin. 1 game,stat,,200+ Hits SeasonBatting,stat,,.300+ AVG CareerBatting,stat,,MVP
539,team,PHI,Philadelphia Phillies,stat,,Silver Slugger,stat,,Born Outside US 50 States and DC,team,SEA,Seattle Mariners,team,BOS,Boston   Red Sox,team,SDP,San Diego Padres
540,team,MIL,Milwaukee Brewers,team,CHC,Chicago Cubs,stat,,Played Catchermin. 1 game,team,KCR,Kansas City Royals,team,OAK, Athletics,stat,,Played Shortstopmin. 1 game
541,team,MIN,Minnesota Twins,team,BAL,Baltimore Orioles,stat,,2000+ Hits CareerBatting,team,LAD,Los Angeles Dodgers,team,PIT,Pittsburgh Pirates,stat,,All Star
542,team,HOU,Houston Astros,team,COL,Colorado Rockies,stat,,100+ RBI SeasonBatting,team,ANA,Los Angeles Angels,team,CHW,Chicago  White Sox,stat,,Played Center Fieldmin. 1 game
543,team,STL,St. Louis Cardinals,team,TBD,Tampa Bay Rays,stat,,10+ Win SeasonPitching,team,CIN,Cincinnati Reds,team,NYM,New York Mets,team,WSN,Washington Nationals
544,team,NYY,New York Yankees,team,CHC,Chicago Cubs,stat,,≤ 3.00 ERA Season,team,SFG,San Francisco Giants,team,SEA,Seattle Mariners,stat,,300+ Save CareerPitching
545,stat,,Gold Glove,stat,,40+ WAR Career,stat,,Only One Team,stat,,30+ HR /30+ SB SeasonBatting,stat,,200+ Hits SeasonBatting,stat,,300+ HR CareerBatting
546,team,HOU,Houston Astros,stat,,Born Outside US 50 States and DC,stat,,Silver Slugger,team,ATL,Atlanta Braves,team,DET,Detroit Tigers,stat,,Played Third Basemin. 1 game
547,team,STL,St. Louis Cardinals,stat,,2000+ K CareerPitching,stat,,100+ Run SeasonBatting,team,ARI,Arizona Diamondbacks,team,OAK, Athletics,stat,,MVP
548,team,PHI,Philadelphia Phillies,stat,,Hall of Fame,stat,,First Round Draft Pick,team,MIN,Minnesota Twins,team,PIT,Pittsburgh Pirates,team,CLE,Cleveland Guardians
549,team,FLA,Miami Marlins,stat,,Rookie of the Year,stat,,All Star,team,BOS,Boston   Red Sox,team,NYM,New York Mets,team,CIN,Cincinnati Reds
550,team,ANA,Los Angeles Angels,team,SDP,San Diego Padres,stat,,.300+ AVG SeasonBatting,team,TEX,Texas Rangers,team,TOR,Toronto  Blue Jays,stat,,Pitchedmin. 1 game
551,team,NYY,New York Yankees,team,CHW,Chicago  White Sox,stat,,200+ Wins CareerPitching,team,LAD,Los Angeles Dodgers,team,WSN,Washington Nationals,stat,,20+ Win SeasonPitching
552,stat,,6+ WAR Season,stat,,2000+ Hits CareerBatting,stat,,100+ RBI SeasonBatting,stat,,Played Catchermin. 1 game,stat,,.300+ AVG CareerBatting,stat,,30+ HR SeasonBatting
553,team,MIN,Minnesota Twins,stat,,30+ SB Season,stat,,Played Right Fieldmin. 1 game,team,DET,Detroit Tigers,team,ATL,Atlanta Braves,stat,,Played Left Fieldmin. 1 game
554,team,BAL,Baltimore Orioles,team,TEX,Texas Rangers,stat,,≤ 3.00 ERA Season,team,KCR,Kansas City Royals,team,MIL,Milwaukee Brewers,stat,,2000+ K CareerPitching
555,team,PHI,Philadelphia Phillies,team,HOU,Houston Astros,stat,,200+ K SeasonPitching,team,SFG,San Francisco Giants,team,CIN,Cincinnati Reds,team,NYM,New York Mets
556,team,TOR,Toronto  Blue Jays,team,SDP,San Diego Padres,stat,,MVP,team,CHC,Chicago Cubs,team,NYY,New York Yankees,stat,,40+ WAR Career
557,team,CLE,Cleveland Guardians,team,ANA,Los Angeles Angels,stat,,All Star,team,OAK, Athletics,team,TBD,Tampa Bay Rays,stat,,30+ Save SeasonPitching
558,team,ATL,Atlanta Braves,team,COL,Colorado Rockies,stat,,Played First Basemin. 1 game,team,LAD,Los Angeles Dodgers,team,STL,St. Louis Cardinals,team,PIT,Pittsburgh Pirates
559,stat,,Rookie of the Year,stat,,Cy Young,stat,,20+ Win SeasonPitching,stat,,First Round Draft Pick,stat,,Only One Team,stat,,Born Outside US 50 States and DC
560,team,CHW,Chicago  White Sox,team,BAL,Baltimore Orioles,stat,,Played Second Basemin. 1 game,team,BOS,Boston   Red Sox,team,SEA,Seattle Mariners,stat,,6+ WAR Season
561,team,PHI,Philadelphia Phillies,stat,,100+ Run SeasonBatting,stat,,Played Outfieldmin. 1 game,team,TOR,Toronto  Blue Jays,team,ANA,Los Angeles Angels,stat,,Silver Slugger
562,team,KCR,Kansas City Royals,team,CIN,Cincinnati Reds,stat,,Hall of Fame,team,NYY,New York Yankees,team,SDP,San Diego Padres,stat,,2000+ Hits CareerBatting
563,team,NYM,New York Mets,team,WSN,Washington Nationals,stat,,100+ RBI SeasonBatting,team,LAD,Los Angeles Dodgers,team,CHC,Chicago Cubs,team,CLE,Cleveland Guardians
564,team,FLA,Miami Marlins,team,TEX,Texas Rangers,stat,,Gold Glove,team,OAK, Athletics,team,HOU,Houston Astros,stat,,All Star
565,team,DET,Detroit Tigers,team,MIN,Minnesota Twins,stat,,40+ HR SeasonBatting,team,BOS,Boston   Red Sox,team,BAL,Baltimore Orioles,stat,,200+ Hits SeasonBatting
566,stat,,200+ Wins CareerPitching,stat,,200+ K SeasonPitching,stat,,40+ WAR Career,stat,,10+ Win SeasonPitching,stat,,3000+ K CareerPitching,stat,,≤ 3.00 ERA Season
567,team,PHI,Philadelphia Phillies,stat,,Played Left Fieldmin. 1 game,stat,,Played Right Fieldmin. 1 game,team,CHW,Chicago  White Sox,team,STL,St. Louis Cardinals,stat,,Born Outside US 50 States and DC
568,team,CLE,Cleveland Guardians,team,SFG,San Francisco Giants,stat,,Played Catchermin. 1 game,team,MIL,Milwaukee Brewers,team,ANA,Los Angeles Angels,stat,,.300+ AVG SeasonBatting
569,team,NYY,New York Yankees,team,ARI,Arizona Diamondbacks,stat,,2000+ Hits CareerBatting,team,BOS,Boston   Red Sox,team,NYM,New York Mets,team,CHC,Chicago Cubs
570,team,ATL,Atlanta Braves,team,PIT,Pittsburgh Pirates,stat,,30+ SB Season,team,KCR,Kansas City Royals,team,WSN,Washington Nationals,stat,,Played Center Fieldmin. 1 game
571,team,LAD,Los Angeles Dodgers,team,COL,Colorado Rockies,stat,,300+ HR CareerBatting,team,OAK, Athletics,team,PHI,Philadelphia Phillies,stat,,Silver Slugger
572,team,SDP,San Diego Padres,team,TOR,Toronto  Blue Jays,stat,,Only One Team,team,SEA,Seattle Mariners,team,BAL,Baltimore Orioles,team,HOU,Houston Astros
573,stat,,All Star,stat,,Played Outfieldmin. 1 game,stat,,Hall of Fame,stat,,Played In Major Negro Lgs,stat,,40+ HR SeasonBatting,stat,,Played First Basemin. 1 game
574,team,DET,Detroit Tigers,team,SFG,San Francisco Giants,team,CLE,Cleveland Guardians,team,ATL,Atlanta Braves,team,STL,St. Louis Cardinals,team,CIN,Cincinnati Reds
575,team,TBD,Tampa Bay Rays,team,CHW,Chicago  White Sox,stat,,Played Catchermin. 1 game,team,TEX,Texas Rangers,team,MIN,Minnesota Twins,stat,,Born Outside US 50 States and DC
576,team,WSN,Washington Nationals,team,LAD,Los Angeles Dodgers,stat,,.300+ AVG SeasonBatting,team,BOS,Boston   Red Sox,team,ANA,Los Angeles Angels,stat,,Played Second Basemin. 1 game
577,team,PHI,Philadelphia Phillies,team,PIT,Pittsburgh Pirates,stat,,Gold Glove,team,NYY,New York Yankees,team,CHC,Chicago Cubs,stat,,Played Shortstopmin. 1 game
578,team,CIN,Cincinnati Reds,team,OAK, Athletics,stat,,Played Center Fieldmin. 1 game,team,KCR,Kansas City Royals,team,BAL,Baltimore Orioles,stat,,6+ WAR Season
579,team,MIN,Minnesota Twins,team,NYM,New York Mets,stat,,First Round Draft Pick,team,SEA,Seattle Mariners,team,MIL,Milwaukee Brewers,stat,,≤ 3.00 ERA Season
580,stat,,Threw a No‑Hitter,stat,,All Star,stat,,Cy Young,stat,,20+ Win SeasonPitching,stat,,2000+ K CareerPitching,stat,,40+ WAR Career
581,team,DET,Detroit Tigers,team,HOU,Houston Astros,stat,,Played First Basemin. 1 game,team,ARI,Arizona Diamondbacks,team,CHC,Chicago Cubs,stat,,30+ HR SeasonBatting
582,team,NYM,New York Mets,team,CHW,Chicago  White Sox,stat,,Gold Glove,team,KCR,Kansas City Royals,team,ANA,Los Angeles Angels,stat,,Played Outfieldmin. 1 game
583,team,TEX,Texas Rangers,team,MIL,Milwaukee Brewers,stat,,All Star,team,ATL,Atlanta Braves,team,DET,Detroit Tigers,stat,,Played Third Basemin. 1 game
584,team,BOS,Boston   Red Sox,team,OAK, Athletics,stat,,Hall of Fame,team,TOR,Toronto  Blue Jays,team,SFG,San Francisco Giants,stat,,200+ Wins CareerPitching
585,team,FLA,Miami Marlins,stat,,Played Shortstopmin. 1 game,stat,,100+ Run SeasonBatting,team,SDP,San Diego Padres,team,LAD,Los Angeles Dodgers,team,CLE,Cleveland Guardians
586,team,MIN,Minnesota Twins,stat,,.300+ AVG SeasonBatting,stat,,300+ HR CareerBatting,team,WSN,Washington Nationals,team,NYY,New York Yankees,team,CIN,Cincinnati Reds
587,stat,,6+ WAR Season,stat,,≤ 3.00 ERA Season,stat,,MVP,stat,,Born Outside US 50 States and DC,stat,,Rookie of the Year,stat,,10+ Win SeasonPitching
588,team,PIT,Pittsburgh Pirates,team,BAL,Baltimore Orioles,stat,,Played Center Fieldmin. 1 game,team,STL,St. Louis Cardinals,team,CHW,Chicago  White Sox,team,HOU,Houston Astros
589,team,TBD,Tampa Bay Rays,stat,,First Round Draft Pick,stat,,.300+ AVG CareerBatting,team,ATL,Atlanta Braves,team,DET,Detroit Tigers,team,BOS,Boston   Red Sox
590,team,SFG,San Francisco Giants,team,ANA,Los Angeles Angels,stat,,30+ SB Season,team,CHC,Chicago Cubs,team,COL,Colorado Rockies,team,SEA,Seattle Mariners
591,team,TEX,Texas Rangers,team,MIL,Milwaukee Brewers,stat,,Played Right Fieldmin. 1 game,team,PHI,Philadelphia Phillies,team,WSN,Washington Nationals,stat,,Gold Glove
592,team,OAK, Athletics,stat,,Played Left Fieldmin. 1 game,stat,,100+ RBI SeasonBatting,team,CIN,Cincinnati Reds,team,SDP,San Diego Padres,team,NYM,New York Mets
593,team,CHW,Chicago  White Sox,team,KCR,Kansas City Royals,stat,,40+ HR SeasonBatting,team,TOR,Toronto  Blue Jays,team,CLE,Cleveland Guardians,stat,,.300+ AVG SeasonBatting
594,team,DET,Detroit Tigers,stat,,3000+ Hits CareerBatting,stat,,500+ HR CareerBatting,team,NYY,New York Yankees,stat,,Hall of Fame,stat,,Played Shortstopmin. 1 game
595,team,MIL,Milwaukee Brewers,stat,,40+ WAR Career,stat,,20+ Win SeasonPitching,team,ANA,Los Angeles Angels,team,HOU,Houston Astros,team,LAD,Los Angeles Dodgers
596,team,NYM,New York Mets,team,SDP,San Diego Padres,stat,,200+ K SeasonPitching,team,MIN,Minnesota Twins,team,PIT,Pittsburgh Pirates,stat,,Born Outside US 50 States and DC
597,team,ATL,Atlanta Braves,team,TEX,Texas Rangers,stat,,200+ Hits SeasonBatting,team,BAL,Baltimore Orioles,team,BOS,Boston   Red Sox,stat,,Played Outfieldmin. 1 game
598,stat,,Played Second Basemin. 1 game,stat,,30+ Save SeasonPitching,stat,,2000+ K CareerPitching,team,PHI,Philadelphia Phillies,team,SFG,San Francisco Giants,team,STL,St. Louis Cardinals
599,team,ARI,Arizona Diamondbacks,team,SEA,Seattle Mariners,stat,,Played First Basemin. 1 game,team,KCR,Kansas City Royals,team,WSN,Washington Nationals,stat,,Gold Glove
600,team,MIN,Minnesota Twins,stat,,All Star,stat,,Hall of Fame,team,CHC,Chicago Cubs,team,LAD,Los Angeles Dodgers,team,HOU,Houston Astros
601,team,BAL,Baltimore Orioles,stat,,Only One Team,stat,,Played Third Basemin. 1 game,team,STL,St. Louis Cardinals,team,SFG,San Francisco Giants,team,BOS,Boston   Red Sox
602,stat,,Played Catchermin. 1 game,stat,,300+ HR CareerBatting,stat,,Silver Slugger,team,FLA,Miami Marlins,team,PIT,Pittsburgh Pirates,team,CLE,Cleveland Guardians
603,team,TEX,Texas Rangers,team,COL,Colorado Rockies,stat,,First Round Draft Pick,team,CIN,Cincinnati Reds,team,TOR,Toronto  Blue Jays,stat,,10+ Win SeasonPitching
604,team,SEA,Seattle Mariners,team,SDP,San Diego Padres,team,CHW,Chicago  White Sox,team,LAD,Los Angeles Dodgers,team,DET,Detroit Tigers,team,CHC,Chicago Cubs
605,team,ATL,Atlanta Braves,stat,,≤ 3.00 ERA Season,stat,,Threw a No‑Hitter,team,NYY,New York Yankees,team,ANA,Los Angeles Angels,team,OAK, Athletics
606,team,CLE,Cleveland Guardians,stat,,Played Center Fieldmin. 1 game,stat,,Pitchedmin. 1 game,team,PHI,Philadelphia Phillies,stat,,Played In Major Negro Lgs,team,SFG,San Francisco Giants
607,team,CIN,Cincinnati Reds,stat,,100+ Run SeasonBatting,stat,,All Star,team,MIL,Milwaukee Brewers,team,NYM,New York Mets,team,PIT,Pittsburgh Pirates
608,stat,,2000+ Hits CareerBatting,stat,,6+ WAR Season,stat,,30+ SB Season,stat,,Played Left Fieldmin. 1 game,stat,,Played Right Fieldmin. 1 game,stat,,MVP
609,team,SDP,San Diego Padres,stat,,Hall of Fame,stat,,Played Shortstopmin. 1 game,team,TEX,Texas Rangers,team,BOS,Boston   Red Sox,team,ATL,Atlanta Braves
610,team,LAD,Los Angeles Dodgers,team,CLE,Cleveland Guardians,stat,,.300+ AVG SeasonBatting,team,DET,Detroit Tigers,team,HOU,Houston Astros,stat,,200+ Hits SeasonBatting
611,team,CHC,Chicago Cubs,team,NYY,New York Yankees,stat,,30+ HR SeasonBatting,team,TBD,Tampa Bay Rays,team,TOR,Toronto  Blue Jays,stat,,Played Outfieldmin. 1 game
612,team,PHI,Philadelphia Phillies,team,STL,St. Louis Cardinals,stat,,Only One Team,team,WSN,Washington Nationals,team,NYM,New York Mets,team,KCR,Kansas City Royals
613,team,PIT,Pittsburgh Pirates,team,MIN,Minnesota Twins,stat,,Played First Basemin. 1 game,team,SFG,San Francisco Giants,team,TEX,Texas Rangers,stat,,100+ RBI SeasonBatting
614,team,CLE,Cleveland Guardians,stat,,2000+ K CareerPitching,stat,,300+ HR CareerBatting,team,LAD,Los Angeles Dodgers,team,BAL,Baltimore Orioles,team,ANA,Los Angeles Angels
615,stat,,All Star,stat,,Gold Glove,stat,,Born Outside US 50 States and DC,stat,,Played Second Basemin. 1 game,stat,,200+ Wins CareerPitching,stat,,.300+ AVG CareerBatting
616,team,OAK, Athletics,team,STL,St. Louis Cardinals,stat,,2000+ Hits CareerBatting,team,CHW,Chicago  White Sox,team,SEA,Seattle Mariners,team,NYY,New York Yankees
617,team,ATL,Atlanta Braves,team,BOS,Boston   Red Sox,stat,,20+ Win SeasonPitching,team,CIN,Cincinnati Reds,team,CHC,Chicago Cubs,stat,,≤ 3.00 ERA Season
618,team,TOR,Toronto  Blue Jays,team,PHI,Philadelphia Phillies,stat,,Played Center Fieldmin. 1 game,team,DET,Detroit Tigers,team,FLA,Miami Marlins,stat,,30+ SB Season
619,team,SFG,San Francisco Giants,team,NYM,New York Mets,stat,,Played Left Fieldmin. 1 game,team,TEX,Texas Rangers,team,HOU,Houston Astros,stat,,30+ HR SeasonBatting
620,team,ANA,Los Angeles Angels,team,MIL,Milwaukee Brewers,stat,,40+ WAR Career,team,SDP,San Diego Padres,team,ARI,Arizona Diamondbacks,team,PIT,Pittsburgh Pirates
621,team,STL,St. Louis Cardinals,team,CLE,Cleveland Guardians,stat,,MVP,team,BOS,Boston   Red Sox,team,MIN,Minnesota Twins,stat,,Hall of Fame
622,stat,,Played Outfieldmin. 1 game,stat,,.300+ AVG SeasonBatting,stat,,Only One Team,stat,,100+ RBI SeasonBatting,stat,,Pitchedmin. 1 game,stat,,6+ WAR Season
623,team,PHI,Philadelphia Phillies,stat,,Silver Slugger,stat,,Played Third Basemin. 1 game,team,LAD,Los Angeles Dodgers,team,CHC,Chicago Cubs,team,COL,Colorado Rockies
624,team,CHW,Chicago  White Sox,stat,,10+ Win SeasonPitching,stat,,First Round Draft Pick,team,SDP,San Diego Padres,team,SFG,San Francisco Giants,team,WSN,Washington Nationals
625,team,NYY,New York Yankees,team,OAK, Athletics,stat,,All Star,team,BAL,Baltimore Orioles,team,KCR,Kansas City Royals,stat,,Played Shortstopmin. 1 game
626,team,PIT,Pittsburgh Pirates,stat,,Played Catchermin. 1 game,stat,,200+ K SeasonPitching,team,TOR,Toronto  Blue Jays,team,SEA,Seattle Mariners,team,ATL,Atlanta Braves
627,team,CHC,Chicago Cubs,team,ANA,Los Angeles Angels,stat,,≤ 3.00 ERA Season,team,DET,Detroit Tigers,team,CIN,Cincinnati Reds,team,STL,St. Louis Cardinals
628,team,LAD,Los Angeles Dodgers,team,CLE,Cleveland Guardians,stat,,300+ HR CareerBatting,team,TEX,Texas Rangers,team,NYM,New York Mets,stat,,Played Right Fieldmin. 1 game
629,team,MIN,Minnesota Twins,stat,,100+ Run SeasonBatting,stat,,2000+ Hits CareerBatting,team,PHI,Philadelphia Phillies,stat,,Played First Basemin. 1 game,stat,,Rookie of the Year
630,team,OAK, Athletics,stat,,30+ SB Season,stat,,Played Outfieldmin. 1 game,team,TBD,Tampa Bay Rays,team,MIN,Minnesota Twins,team,BOS,Boston   Red Sox
631,team,NYY,New York Yankees,team,DET,Detroit Tigers,stat,,Born Outside US 50 States and DC,team,SFG,San Francisco Giants,team,PIT,Pittsburgh Pirates,team,HOU,Houston Astros
632,team,CIN,Cincinnati Reds,team,CHC,Chicago Cubs,stat,,100+ RBI SeasonBatting,team,BAL,Baltimore Orioles,team,FLA,Miami Marlins,stat,,40+ HR SeasonBatting
633,team,CHW,Chicago  White Sox,team,NYM,New York Mets,stat,,All Star,team,TOR,Toronto  Blue Jays,team,MIL,Milwaukee Brewers,team,PHI,Philadelphia Phillies
634,team,KCR,Kansas City Royals,stat,,Cy Young,stat,,Only One Team,team,LAD,Los Angeles Dodgers,team,ATL,Atlanta Braves,team,SDP,San Diego Padres
635,team,CLE,Cleveland Guardians,team,MIN,Minnesota Twins,stat,,Played Second Basemin. 1 game,team,PIT,Pittsburgh Pirates,team,ARI,Arizona Diamondbacks,stat,,40+ WAR Career
636,stat,,Rookie of the Year,stat,,2000+ Hits CareerBatting,stat,,Played Center Fieldmin. 1 game,stat,,.300+ AVG SeasonBatting,stat,,Played Third Basemin. 1 game,stat,,300+ HR CareerBatting
637,team,SEA,Seattle Mariners,stat,,2000+ K CareerPitching,stat,,30+ Save SeasonPitching,team,BOS,Boston   Red Sox,team,TEX,Texas Rangers,stat,,Hall of Fame
638,team,TOR,Toronto  Blue Jays,team,CHC,Chicago Cubs,stat,,6+ WAR Season,team,MIL,Milwaukee Brewers,team,SFG,San Francisco Giants,stat,,Pitchedmin. 1 game
639,team,SDP,San Diego Padres,stat,,30+ HR SeasonBatting,stat,,200+ K SeasonPitching,team,STL,St. Louis Cardinals,team,WSN,Washington Nationals,team,PHI,Philadelphia Phillies
640,team,OAK, Athletics,team,BAL,Baltimore Orioles,stat,,100+ RBI SeasonBatting,team,DET,Detroit Tigers,team,WSN,Washington Nationals,stat,,Gold Glove
641,team,NYY,New York Yankees,stat,,Born Outside US 50 States and DC,stat,,Played Left Fieldmin. 1 game,team,ANA,Los Angeles Angels,team,CHW,Chicago  White Sox,stat,,Played First Basemin. 1 game
642,team,BOS,Boston   Red Sox,stat,,Silver Slugger,stat,,≤ 3.00 ERA Season,team,HOU,Houston Astros,team,KCR,Kansas City Royals,stat,,10+ Win SeasonPitching
643,stat,,Played Catchermin. 1 game,stat,,Played Second Basemin. 1 game,stat,,Played Shortstopmin. 1 game,stat,,Pitchedmin. 1 game,stat,,Played Outfieldmin. 1 game,stat,,Played Third Basemin. 1 game
644,team,LAD,Los Angeles Dodgers,stat,,Hall of Fame,stat,,.300+ AVG SeasonBatting,team,SFG,San Francisco Giants,team,CIN,Cincinnati Reds,stat,,Played In Major Negro Lgs
645,team,MIN,Minnesota Twins,team,CLE,Cleveland Guardians,stat,,100+ Run SeasonBatting,team,SEA,Seattle Mariners,team,TOR,Toronto  Blue Jays,team,COL,Colorado Rockies
646,team,ATL,Atlanta Braves,stat,,First Round Draft Pick,stat,,Played Right Fieldmin. 1 game,team,PHI,Philadelphia Phillies,team,NYM,New York Mets,stat,,200+ Hits SeasonBatting
647,team,PIT,Pittsburgh Pirates,stat,,.300+ AVG CareerBatting,stat,,200+ Wins CareerPitching,team,STL,St. Louis Cardinals,team,CHC,Chicago Cubs,stat,,MVP
648,team,CHW,Chicago  White Sox,team,LAD,Los Angeles Dodgers,stat,,All Star,team,ANA,Los Angeles Angels,team,BOS,Boston   Red Sox,stat,,Played First Basemin. 1 game
649,team,NYY,New York Yankees,stat,,Born Outside US 50 States and DC,stat,,30+ SB Season,team,MIL,Milwaukee Brewers,team,TEX,Texas Rangers,team,CLE,Cleveland Guardians
650,stat,,20+ Win SeasonPitching,stat,,Gold Glove,stat,,40+ WAR Career,stat,,200+ K SeasonPitching,stat,,Only One Team,stat,,Silver Slugger
651,team,SDP,San Diego Padres,team,PIT,Pittsburgh Pirates,stat,,2000+ Hits CareerBatting,team,OAK, Athletics,team,BAL,Baltimore Orioles,stat,,Hall of Fame
652,team,CIN,Cincinnati Reds,team,KCR,Kansas City Royals,stat,,40+ HR SeasonBatting,team,DET,Detroit Tigers,team,SFG,San Francisco Giants,stat,,Played Third Basemin. 1 game
653,team,ARI,Arizona Diamondbacks,team,STL,St. Louis Cardinals,stat,,Played Second Basemin. 1 game,team,ATL,Atlanta Braves,team,TEX,Texas Rangers,stat,,6+ WAR Season
654,team,HOU,Houston Astros,team,NYM,New York Mets,stat,,Played Center Fieldmin. 1 game,team,CHW,Chicago  White Sox,team,WSN,Washington Nationals,team,SEA,Seattle Mariners
655,team,BOS,Boston   Red Sox,team,BAL,Baltimore Orioles,stat,,.300+ AVG SeasonBatting,team,TBD,Tampa Bay Rays,team,PHI,Philadelphia Phillies,stat,,Played First Basemin. 1 game
656,team,CHC,Chicago Cubs,team,TOR,Toronto  Blue Jays,stat,,Born Outside US 50 States and DC,team,SDP,San Diego Padres,team,LAD,Los Angeles Dodgers,stat,,300+ HR CareerBatting
657,stat,,Only One Team,stat,,Threw a No‑Hitter,stat,,Rookie of the Year,stat,,First Round Draft Pick,stat,,All Star,stat,,Played Outfieldmin. 1 game
658,team,ATL,Atlanta Braves,stat,,≤ 3.00 ERA Season,stat,,200+ Wins CareerPitching,team,MIN,Minnesota Twins,team,SFG,San Francisco Giants,team,TEX,Texas Rangers
659,team,CIN,Cincinnati Reds,stat,,200+ K SeasonPitching,stat,,Cy Young,team,NYY,New York Yankees,team,CLE,Cleveland Guardians,stat,,10+ Win SeasonPitching
660,team,CHC,Chicago Cubs,team,MIL,Milwaukee Brewers,stat,,Hall of Fame,team,ANA,Los Angeles Angels,team,OAK, Athletics,stat,,30+ HR SeasonBatting
661,team,PHI,Philadelphia Phillies,team,BOS,Boston   Red Sox,stat,,2000+ K CareerPitching,team,PIT,Pittsburgh Pirates,team,WSN,Washington Nationals,stat,,40+ WAR Career
662,team,NYM,New York Mets,team,KCR,Kansas City Royals,stat,,Played Shortstopmin. 1 game,team,MIN,Minnesota Twins,team,BAL,Baltimore Orioles,stat,,30+ SB Season
663,team,SDP,San Diego Padres,team,STL,St. Louis Cardinals,stat,,30+ Save SeasonPitching,team,NYY,New York Yankees,team,SFG,San Francisco Giants,team,HOU,Houston Astros
664,stat,,Played Left Fieldmin. 1 game,stat,,Played Center Fieldmin. 1 game,stat,,Played Right Fieldmin. 1 game,stat,,Hall of Fame,stat,,All Star,stat,,100+ RBI SeasonBatting
665,team,LAD,Los Angeles Dodgers,stat,,Pitchedmin. 1 game,stat,,Played Catchermin. 1 game,team,PIT,Pittsburgh Pirates,team,MIL,Milwaukee Brewers,team,DET,Detroit Tigers
666,team,ATL,Atlanta Braves,team,TEX,Texas Rangers,stat,,≤ 3.00 ERA Season,team,CHW,Chicago  White Sox,team,FLA,Miami Marlins,team,CHC,Chicago Cubs
667,team,SFG,San Francisco Giants,stat,,2000+ Hits CareerBatting,stat,,Gold Glove,team,CLE,Cleveland Guardians,team,SEA,Seattle Mariners,team,WSN,Washington Nationals
668,team,BAL,Baltimore Orioles,team,CIN,Cincinnati Reds,stat,,.300+ AVG SeasonBatting,team,TOR,Toronto  Blue Jays,team,MIN,Minnesota Twins,stat,,Born Outside US 50 States and DC
669,team,NYM,New York Mets,team,NYY,New York Yankees,stat,,30+ HR SeasonBatting,team,OAK, Athletics,team,COL,Colorado Rockies,stat,,Only One Team
670,team,TEX,Texas Rangers,stat,,300+ HR CareerBatting,stat,,200+ Hits SeasonBatting,team,BOS,Boston   Red Sox,team,PHI,Philadelphia Phillies,team,PIT,Pittsburgh Pirates
671,stat,,Played First Basemin. 1 game,stat,,Hall of Fame,stat,,All Star,stat,,Played Second Basemin. 1 game,stat,,First Round Draft Pick,stat,,Played Third Basemin. 1 game
672,team,CLE,Cleveland Guardians,stat,,10+ Win SeasonPitching,stat,,200+ K SeasonPitching,team,DET,Detroit Tigers,team,CHC,Chicago Cubs,team,HOU,Houston Astros
673,team,KCR,Kansas City Royals,team,MIN,Minnesota Twins,stat,,Silver Slugger,team,ANA,Los Angeles Angels,team,STL,St. Louis Cardinals,team,CHW,Chicago  White Sox
674,team,WSN,Washington Nationals,team,ATL,Atlanta Braves,stat,,40+ WAR Career,team,LAD,Los Angeles Dodgers,team,MIL,Milwaukee Brewers,stat,,Played Shortstopmin. 1 game
675,team,TEX,Texas Rangers,team,OAK, Athletics,stat,,MVP,team,BAL,Baltimore Orioles,team,CIN,Cincinnati Reds,stat,,Played Center Fieldmin. 1 game
676,team,SDP,San Diego Padres,team,DET,Detroit Tigers,stat,,30+ HR SeasonBatting,team,BOS,Boston   Red Sox,team,SEA,Seattle Mariners,team,NYM,New York Mets
677,team,CHC,Chicago Cubs,team,TOR,Toronto  Blue Jays,stat,,100+ RBI SeasonBatting,team,NYY,New York Yankees,team,ARI,Arizona Diamondbacks,stat,,6+ WAR Season
678,stat,,200+ Wins CareerPitching,stat,,≤ 3.00 ERA Season,stat,,Born Outside US 50 States and DC,stat,,2000+ K CareerPitching,stat,,Threw a No‑Hitter,stat,,Cy Young
679,team,STL,St. Louis Cardinals,team,LAD,Los Angeles Dodgers,stat,,20+ Win SeasonPitching,team,BAL,Baltimore Orioles,team,OAK, Athletics,team,CHW,Chicago  White Sox
680,team,SFG,San Francisco Giants,team,TBD,Tampa Bay Rays,stat,,All Star,team,PIT,Pittsburgh Pirates,team,PHI,Philadelphia Phillies,team,HOU,Houston Astros
681,team,MIN,Minnesota Twins,team,ATL,Atlanta Braves,stat,,Hall of Fame,team,CLE,Cleveland Guardians,team,BOS,Boston   Red Sox,stat,,Played Catchermin. 1 game
682,team,CIN,Cincinnati Reds,team,KCR,Kansas City Royals,stat,,Played Outfieldmin. 1 game,team,CHC,Chicago Cubs,team,NYM,New York Mets,stat,,300+ HR CareerBatting
683,team,TEX,Texas Rangers,team,DET,Detroit Tigers,stat,,Played Third Basemin. 1 game,team,ANA,Los Angeles Angels,team,SDP,San Diego Padres,stat,,Only One Team
684,stat,,Played Second Basemin. 1 game,stat,,.300+ AVG SeasonBatting,stat,,40+ WAR Career,team,NYY,New York Yankees,team,WSN,Washington Nationals,team,SEA,Seattle Mariners
685,stat,,Played Left Fieldmin. 1 game,stat,,Played Center Fieldmin. 1 game,stat,,Played Right Fieldmin. 1 game,stat,,30+ HR SeasonBatting,stat,,30+ SB Season,stat,,30+ HR /30+ SB SeasonBatting
686,team,STL,St. Louis Cardinals,team,PIT,Pittsburgh Pirates,stat,,10+ Win SeasonPitching,team,FLA,Miami Marlins,team,MIL,Milwaukee Brewers,stat,,Born Outside US 50 States and DC
687,team,CIN,Cincinnati Reds,team,CLE,Cleveland Guardians,stat,,100+ RBI SeasonBatting,team,CHW,Chicago  White Sox,team,PHI,Philadelphia Phillies,team,BOS,Boston   Red Sox
688,team,HOU,Houston Astros,team,SDP,San Diego Padres,stat,,200+ Wins CareerPitching,team,ANA,Los Angeles Angels,team,ATL,Atlanta Braves,team,LAD,Los Angeles Dodgers
689,team,SEA,Seattle Mariners,team,SFG,San Francisco Giants,stat,,Rookie of the Year,team,OAK, Athletics,team,BAL,Baltimore Orioles,stat,,Played First Basemin. 1 game
690,team,COL,Colorado Rockies,team,MIN,Minnesota Twins,stat,,2000+ Hits CareerBatting,team,CHC,Chicago Cubs,team,PIT,Pittsburgh Pirates,stat,,200+ Hits SeasonBatting
691,team,NYY,New York Yankees,stat,,Silver Slugger,stat,,All Star,team,NYM,New York Mets,team,DET,Detroit Tigers,stat,,Pitchedmin. 1 game
692,stat,,2000+ K CareerPitching,stat,,Cy Young,stat,,Hall of Fame,stat,,6+ WAR Season,stat,,200+ K SeasonPitching,stat,,≤ 3.00 ERA CareerPitching
693,team,WSN,Washington Nationals,team,SEA,Seattle Mariners,stat,,First Round Draft Pick,team,ANA,Los Angeles Angels,team,CIN,Cincinnati Reds,team,STL,St. Louis Cardinals
694,team,PHI,Philadelphia Phillies,team,TOR,Toronto  Blue Jays,stat,,300+ HR CareerBatting,team,HOU,Houston Astros,team,OAK, Athletics,stat,,Played Third Basemin. 1 game
695,team,TEX,Texas Rangers,team,CLE,Cleveland Guardians,stat,,.300+ AVG SeasonBatting,team,KCR,Kansas City Royals,team,MIL,Milwaukee Brewers,stat,,30+ HR SeasonBatting
696,team,BOS,Boston   Red Sox,team,SFG,San Francisco Giants,stat,,10+ Win SeasonPitching,team,CHW,Chicago  White Sox,team,ARI,Arizona Diamondbacks,stat,,Threw a No‑Hitter
697,team,NYY,New York Yankees,team,NYM,New York Mets,stat,,MVP,team,ATL,Atlanta Braves,team,LAD,Los Angeles Dodgers,stat,,Played Shortstopmin. 1 game
698,stat,,Pitchedmin. 1 game,stat,,Played Catchermin. 1 game,stat,,Played Outfieldmin. 1 game,team,BAL,Baltimore Orioles,team,OAK, Athletics,stat,,Played In Major Negro Lgs
699,stat,,Hall of Fame,team,PIT,Pittsburgh Pirates,stat,,Born Outside US 50 States and DC,stat,,100+ Run SeasonBatting,team,CHC,Chicago Cubs,stat,,Only One Team
700,stat,,Gold Glove,stat,,2000+ Hits CareerBatting,stat,,100+ RBI SeasonBatting,team,MIN,Minnesota Twins,team,SFG,San Francisco Giants,team,TOR,Toronto  Blue Jays
701,team,PHI,Philadelphia Phillies,stat,,Played Second Basemin. 1 game,stat,,200+ Wins CareerPitching,team,BOS,Boston   Red Sox,team,DET,Detroit Tigers,team,CHW,Chicago  White Sox
702,team,STL,St. Louis Cardinals,team,TEX,Texas Rangers,stat,,All Star,team,CLE,Cleveland Guardians,team,TBD,Tampa Bay Rays,team,LAD,Los Angeles Dodgers
703,team,CIN,Cincinnati Reds,team,OAK, Athletics,stat,,Played Center Fieldmin. 1 game,team,ANA,Los Angeles Angels,team,SDP,San Diego Padres,stat,,40+ WAR Career
704,team,ATL,Atlanta Braves,team,CHC,Chicago Cubs,stat,,.300+ AVG SeasonBatting,team,SFG,San Francisco Giants,team,BAL,Baltimore Orioles,stat,,30+ SB Season
705,team,SEA,Seattle Mariners,team,PIT,Pittsburgh Pirates,stat,,2000+ K CareerPitching,team,NYY,New York Yankees,team,NYM,New York Mets,team,HOU,Houston Astros
706,stat,,Rookie of the Year,stat,,Played Third Basemin. 1 game,stat,,Silver Slugger,stat,,Played Outfieldmin. 1 game,stat,,6+ WAR Season,stat,,40+ HR SeasonBatting
707,team,WSN,Washington Nationals,team,MIL,Milwaukee Brewers,stat,,Born Outside US 50 States and DC,team,KCR,Kansas City Royals,team,FLA,Miami Marlins,team,BOS,Boston   Red Sox
708,team,ATL,Atlanta Braves,stat,,Played Shortstopmin. 1 game,stat,,300+ HR CareerBatting,team,COL,Colorado Rockies,team,MIN,Minnesota Twins,stat,,Played First Basemin. 1 game
709,team,PHI,Philadelphia Phillies,stat,,100+ RBI SeasonBatting,stat,,Played Catchermin. 1 game,team,LAD,Los Angeles Dodgers,team,CHC,Chicago Cubs,team,STL,St. Louis Cardinals
710,team,DET,Detroit Tigers,team,NYM,New York Mets,stat,,All Star,team,TOR,Toronto  Blue Jays,team,CHW,Chicago  White Sox,stat,,Hall of Fame
711,team,CLE,Cleveland Guardians,team,BAL,Baltimore Orioles,stat,,Played Right Fieldmin. 1 game,team,SDP,San Diego Padres,team,CIN,Cincinnati Reds,stat,,Played Left Fieldmin. 1 game
712,team,TEX,Texas Rangers,team,BOS,Boston   Red Sox,stat,,.300+ AVG SeasonBatting,team,HOU,Houston Astros,team,OAK, Athletics,stat,,Pitchedmin. 1 game
713,stat,,Only One Team,stat,,Gold Glove,stat,,MVP,stat,,30+ SB Season,stat,,Cy Young,stat,,2000+ Hits CareerBatting
714,team,DET,Detroit Tigers,stat,,30+ HR SeasonBatting,stat,,First Round Draft Pick,team,MIL,Milwaukee Brewers,team,CHC,Chicago Cubs,team,MIN,Minnesota Twins
715,team,NYY,New York Yankees,team,STL,St. Louis Cardinals,stat,,20+ Win SeasonPitching,team,SFG,San Francisco Giants,team,ANA,Los Angeles Angels,stat,,6+ WAR Season
716,team,ATL,Atlanta Braves,team,ARI,Arizona Diamondbacks,stat,,200+ K SeasonPitching,team,PIT,Pittsburgh Pirates,team,WSN,Washington Nationals,stat,,≤ 3.00 ERA Season
717,team,BOS,Boston   Red Sox,team,CLE,Cleveland Guardians,team,KCR,Kansas City Royals,team,LAD,Los Angeles Dodgers,team,BAL,Baltimore Orioles,team,SEA,Seattle Mariners
718,team,TEX,Texas Rangers,stat,,Played First Basemin. 1 game,stat,,Born Outside US 50 States and DC,team,PHI,Philadelphia Phillies,team,NYM,New York Mets,stat,,Played Catchermin. 1 game
719,team,SDP,San Diego Padres,team,CHC,Chicago Cubs,stat,,Hall of Fame,team,CHW,Chicago  White Sox,team,TOR,Toronto  Blue Jays,stat,,40+ WAR Career
720,stat,,.300+ AVG SeasonBatting,stat,,40+ HR SeasonBatting,stat,,100+ RBI SeasonBatting,stat,,300+ HR CareerBatting,stat,,All Star,stat,,Played Outfieldmin. 1 game
721,team,DET,Detroit Tigers,stat,,2000+ Hits CareerBatting,stat,,Played Second Basemin. 1 game,team,HOU,Houston Astros,team,STL,St. Louis Cardinals,team,OAK, Athletics
722,team,MIL,Milwaukee Brewers,team,MIN,Minnesota Twins,stat,,30+ SB Season,team,CIN,Cincinnati Reds,team,NYY,New York Yankees,stat,,100+ Run SeasonBatting
723,team,KCR,Kansas City Royals,team,ANA,Los Angeles Angels,stat,,Played Center Fieldmin. 1 game,team,SFG,San Francisco Giants,team,PHI,Philadelphia Phillies,stat,,Gold Glove
724,team,TBD,Tampa Bay Rays,team,SEA,Seattle Mariners,stat,,Rookie of the Year,team,ATL,Atlanta Braves,team,LAD,Los Angeles Dodgers,stat,,10+ Win SeasonPitching
725,team,BOS,Boston   Red Sox,team,BAL,Baltimore Orioles,stat,,200+ Hits SeasonBatting,team,PIT,Pittsburgh Pirates,team,DET,Detroit Tigers,stat,,Silver Slugger
726,team,NYM,New York Mets,team,TOR,Toronto  Blue Jays,stat,,Only One Team,team,CLE,Cleveland Guardians,team,STL,St. Louis Cardinals,team,WSN,Washington Nationals
727,stat,,Played Left Fieldmin. 1 game,stat,,Played Right Fieldmin. 1 game,stat,,Designated Hittermin. 1 game,stat,,.300+ AVG CareerBatting,stat,,40+ WAR Career,stat,,500+ HR CareerBatting
728,team,FLA,Miami Marlins,team,ATL,Atlanta Braves,stat,,Played Shortstopmin. 1 game,team,CHC,Chicago Cubs,team,TEX,Texas Rangers,stat,,100+ RBI SeasonBatting
729,team,NYY,New York Yankees,stat,,30+ HR SeasonBatting,stat,,30+ Save SeasonPitching,team,CHW,Chicago  White Sox,team,PHI,Philadelphia Phillies,team,OAK, Athletics
730,stat,,PlayedMajor Leagues,stat,,PlayedMajor Leagues,stat,,PlayedMajor Leagues,stat,,PlayedMajor Leagues,stat,,PlayedMajor Leagues,stat,,PlayedMajor Leagues
731,team,HOU,Houston Astros,stat,,2000+ K CareerPitching,stat,,Played Third Basemin. 1 game,team,BAL,Baltimore Orioles,team,MIN,Minnesota Twins,team,SFG,San Francisco Giants
732,team,TOR,Toronto  Blue Jays,team,PIT,Pittsburgh Pirates,stat,,Played Outfieldmin. 1 game,team,KCR,Kansas City Royals,team,CIN,Cincinnati Reds,stat,,30+ SB Season
733,team,MIL,Milwaukee Brewers,team,COL,Colorado Rockies,stat,,Pitchedmin. 1 game,team,STL,St. Louis Cardinals,team,SDP,San Diego Padres,team,NYM,New York Mets
734,stat,,≤ 3.00 ERA Season,stat,,All Star,stat,,.300+ AVG SeasonBatting,stat,,Born Outside US 50 States and DC,stat,,First Round Draft Pick,stat,,Played In Major Negro Lgs
735,team,ANA,Los Angeles Angels,team,CHW,Chicago  White Sox,stat,,200+ Wins CareerPitching,team,LAD,Los Angeles Dodgers,team,ATL,Atlanta Braves,stat,,200+ K SeasonPitching
736,team,TEX,Texas Rangers,stat,,Played Catchermin. 1 game,stat,,6+ WAR Season,team,BOS,Boston   Red Sox,team,DET,Detroit Tigers,team,WSN,Washington Nationals
737,team,OAK, Athletics,stat,,300+ HR CareerBatting,stat,,200+ Hits SeasonBatting,team,CHC,Chicago Cubs,team,SFG,San Francisco Giants,stat,,Played Center Fieldmin. 1 game
738,team,HOU,Houston Astros,team,DET,Detroit Tigers,team,OAK, Athletics,team,CHW,Chicago  White Sox,team,PIT,Pittsburgh Pirates,team,TOR,Toronto  Blue Jays
739,team,PHI,Philadelphia Phillies,team,MIN,Minnesota Twins,stat,,Gold Glove,team,SEA,Seattle Mariners,team,NYM,New York Mets,stat,,40+ WAR Career
740,team,NYY,New York Yankees,stat,,100+ RBI SeasonBatting,stat,,20+ Win SeasonPitching,team,CLE,Cleveland Guardians,team,BOS,Boston   Red Sox,stat,,MVP
741,stat,,2000+ Hits CareerBatting,stat,,.300+ AVG CareerBatting,stat,,Played Outfieldmin. 1 game,stat,,30+ HR SeasonBatting,stat,,All Star,stat,,Pitchedmin. 1 game
742,team,KCR,Kansas City Royals,stat,,Only One Team,stat,,Played Second Basemin. 1 game,team,CIN,Cincinnati Reds,team,SDP,San Diego Padres,team,CHC,Chicago Cubs
743,team,MIL,Milwaukee Brewers,team,STL,St. Louis Cardinals,stat,,10+ Win SeasonPitching,team,BAL,Baltimore Orioles,team,ATL,Atlanta Braves,stat,,≤ 3.00 ERA Season
744,team,SFG,San Francisco Giants,stat,,Played In Major Negro Lgs,stat,,Played Center Fieldmin. 1 game,team,CLE,Cleveland Guardians,team,LAD,Los Angeles Dodgers,stat,,Born Outside US 50 States and DC
745,team,DET,Detroit Tigers,team,CHW,Chicago  White Sox,stat,,.300+ AVG SeasonBatting,team,ANA,Los Angeles Angels,team,ARI,Arizona Diamondbacks,stat,,Played Shortstopmin. 1 game
746,team,WSN,Washington Nationals,team,TEX,Texas Rangers,stat,,Hall of Fame,team,MIN,Minnesota Twins,team,NYY,New York Yankees,stat,,Played First Basemin. 1 game
747,team,SDP,San Diego Padres,team,TOR,Toronto  Blue Jays,stat,,Played Third Basemin. 1 game,team,BOS,Boston   Red Sox,team,TBD,Tampa Bay Rays,team,PHI,Philadelphia Phillies
748,stat,,All Star,stat,,Gold Glove,stat,,PlayedMajor Leagues,stat,,Played Catchermin. 1 game,stat,,Played Left Fieldmin. 1 game,stat,,Played Right Fieldmin. 1 game
749,team,SEA,Seattle Mariners,team,LAD,Los Angeles Dodgers,team,OAK, Athletics,team,BAL,Baltimore Orioles,team,MIL,Milwaukee Brewers,team,STL,St. Louis Cardinals
750,team,NYM,New York Mets,team,CIN,Cincinnati Reds,stat,,30+ SB Season,team,SFG,San Francisco Giants,team,CHC,Chicago Cubs,team,HOU,Houston Astros
751,team,NYY,New York Yankees,team,CHW,Chicago  White Sox,stat,,6+ WAR Season,team,PIT,Pittsburgh Pirates,team,KCR,Kansas City Royals,stat,,100+ RBI SeasonBatting
752,team,CLE,Cleveland Guardians,team,TOR,Toronto  Blue Jays,stat,,40+ WAR Career,team,ATL,Atlanta Braves,team,TEX,Texas Rangers,stat,,200+ Wins CareerPitching
753,team,WSN,Washington Nationals,stat,,≤ 3.00 ERA Season,stat,,20+ Win SeasonPitching,team,DET,Detroit Tigers,team,PHI,Philadelphia Phillies,team,LAD,Los Angeles Dodgers
754,team,CIN,Cincinnati Reds,team,MIN,Minnesota Twins,stat,,300+ HR CareerBatting,team,SDP,San Diego Padres,team,STL,St. Louis Cardinals,team,FLA,Miami Marlins
755,stat,,All Star,stat,,First Round Draft Pick,stat,,Hall of Fame,stat,,Cy Young,stat,,MVP,stat,,200+ Hits SeasonBatting
756,team,NYM,New York Mets,stat,,30+ HR SeasonBatting,stat,,2000+ Hits CareerBatting,team,NYY,New York Yankees,team,ANA,Los Angeles Angels,stat,,Silver Slugger
757,team,COL,Colorado Rockies,team,MIL,Milwaukee Brewers,stat,,Played Right Fieldmin. 1 game,team,BOS,Boston   Red Sox,team,SFG,San Francisco Giants,stat,,Played Left Fieldmin. 1 game
758,team,CIN,Cincinnati Reds,team,ATL,Atlanta Braves,stat,,Born Outside US 50 States and DC,team,OAK, Athletics,team,BAL,Baltimore Orioles,stat,,30+ Save SeasonPitching
759,team,PHI,Philadelphia Phillies,stat,,100+ Run SeasonBatting,stat,,Played Outfieldmin. 1 game,team,STL,St. Louis Cardinals,team,HOU,Houston Astros,stat,,Gold Glove
760,team,WSN,Washington Nationals,team,DET,Detroit Tigers,stat,,Pitchedmin. 1 game,team,CLE,Cleveland Guardians,team,SEA,Seattle Mariners,team,KCR,Kansas City Royals
761,team,SFG,San Francisco Giants,team,PIT,Pittsburgh Pirates,stat,,.300+ AVG SeasonBatting,team,TBD,Tampa Bay Rays,team,CHC,Chicago Cubs,stat,,Played Second Basemin. 1 game
762,stat,,.300+ AVG CareerBatting,stat,,≤ 3.00 ERA CareerPitching,stat,,300+ HR CareerBatting,stat,,Only One Team,stat,,Hall of Fame,stat,,
763,team,TOR,Toronto  Blue Jays,team,TEX,Texas Rangers,stat,,Threw a No‑Hitter,team,CHW,Chicago  White Sox,team,LAD,Los Angeles Dodgers,stat,,10+ Win SeasonPitching
764,team,NYY,New York Yankees,stat,,30+ SB Season,stat,,Played First Basemin. 1 game,team,STL,St. Louis Cardinals,team,SDP,San Diego Padres,stat,,Played Center Fieldmin. 1 game
765,team,ATL,Atlanta Braves,team,MIL,Milwaukee Brewers,stat,,6+ WAR Season,team,MIN,Minnesota Twins,team,HOU,Houston Astros,stat,,All Star
766,team,BOS,Boston   Red Sox,team,ARI,Arizona Diamondbacks,stat,,200+ Wins CareerPitching,team,NYM,New York Mets,team,CHC,Chicago Cubs,team,BAL,Baltimore Orioles
767,team,ANA,Los Angeles Angels,stat,,Played Third Basemin. 1 game,stat,,Played Shortstopmin. 1 game,team,OAK, Athletics,team,CLE,Cleveland Guardians,stat,,Born Outside US 50 States and DC
768,team,SFG,San Francisco Giants,team,CIN,Cincinnati Reds,stat,,Played Catchermin. 1 game,team,PHI,Philadelphia Phillies,team,SEA,Seattle Mariners,team,CHW,Chicago  White Sox
769,stat,,Gold Glove,stat,,MVP,stat,,40+ 2B SeasonBatting,stat,,40+ HR SeasonBatting,stat,,300+ HR CareerBatting,stat,,.300+ AVG SeasonBatting
770,team,DET,Detroit Tigers,team,PIT,Pittsburgh Pirates,stat,,Hall of Fame,team,ATL,Atlanta Braves,team,LAD,Los Angeles Dodgers,stat,,100+ RBI SeasonBatting
771,team,CHC,Chicago Cubs,stat,,Rookie of the Year,stat,,20+ Win SeasonPitching,team,NYY,New York Yankees,team,STL,St. Louis Cardinals,team,MIN,Minnesota Twins
772,team,OAK, Athletics,stat,,All Star,stat,,≤ 3.00 ERA Season,team,KCR,Kansas City Royals,team,WSN,Washington Nationals,team,CLE,Cleveland Guardians
773,team,FLA,Miami Marlins,team,ANA,Los Angeles Angels,team,CHW,Chicago  White Sox,team,BOS,Boston   Red Sox,team,PHI,Philadelphia Phillies,team,BAL,Baltimore Orioles
774,stat,,Pitchedmin. 1 game,stat,,Played Outfieldmin. 1 game,stat,,PlayedMajor Leagues,team,LAD,Los Angeles Dodgers,team,DET,Detroit Tigers,team,TEX,Texas Rangers
775,team,SDP,San Diego Padres,team,SEA,Seattle Mariners,stat,,40+ WAR Career,team,HOU,Houston Astros,team,NYM,New York Mets,stat,,2000+ K CareerPitching
776,stat,,Played Left Fieldmin. 1 game,stat,,Designated Hittermin. 1 game,stat,,30+ SB Season,stat,,Played First Basemin. 1 game,stat,,2000+ Hits CareerBatting,stat,,Born Outside US 50 States and DC
777,team,TOR,Toronto  Blue Jays,team,NYY,New York Yankees,stat,,Only One Team,team,SFG,San Francisco Giants,team,MIN,Minnesota Twins,stat,,Played Second Basemin. 1 game
778,team,OAK, Athletics,stat,,.300+ AVG SeasonBatting,stat,,30+ HR SeasonBatting,team,BOS,Boston   Red Sox,team,COL,Colorado Rockies,stat,,Played Catchermin. 1 game
779,team,ANA,Los Angeles Angels,team,SDP,San Diego Padres,stat,,Hall of Fame,team,CHC,Chicago Cubs,team,WSN,Washington Nationals,stat,,All Star
780,team,MIL,Milwaukee Brewers,team,ATL,Atlanta Braves,stat,,6+ WAR Season,team,PHI,Philadelphia Phillies,team,CIN,Cincinnati Reds,stat,,300+ HR CareerBatting
781,team,STL,St. Louis Cardinals,team,SEA,Seattle Mariners,stat,,Gold Glove,team,PIT,Pittsburgh Pirates,team,CHW,Chicago  White Sox,stat,,Played Shortstopmin. 1 game
782,team,KCR,Kansas City Royals,stat,,200+ K SeasonPitching,stat,,10+ Win SeasonPitching,team,CLE,Cleveland Guardians,team,MIN,Minnesota Twins,team,NYM,New York Mets
783,stat,,200+ Wins CareerPitching,stat,,Threw a No‑Hitter,stat,,Cy Young,stat,,2000+ K CareerPitching,stat,,MVP,stat,,≤ 3.00 ERA Season
784,team,NYY,New York Yankees,team,CHC,Chicago Cubs,stat,,100+ RBI SeasonBatting,team,BAL,Baltimore Orioles,team,LAD,Los Angeles Dodgers,team,HOU,Houston Astros
785,team,TBD,Tampa Bay Rays,team,TEX,Texas Rangers,stat,,Played Third Basemin. 1 game,team,DET,Detroit Tigers,team,ATL,Atlanta Braves,stat,,Played Center Fieldmin. 1 game
786,team,SFG,San Francisco Giants,stat,,2000+ Hits CareerBatting,stat,,All Star,team,BOS,Boston   Red Sox,team,PIT,Pittsburgh Pirates,stat,,40+ WAR Career
787,team,ARI,Arizona Diamondbacks,stat,,30+ Save SeasonPitching,stat,,Played Right Fieldmin. 1 game,team,OAK, Athletics,team,TOR,Toronto  Blue Jays,stat,,First Round Draft Pick
788,team,SDP,San Diego Padres,team,HOU,Houston Astros,stat,,.300+ AVG SeasonBatting,team,STL,St. Louis Cardinals,team,CLE,Cleveland Guardians,team,KCR,Kansas City Royals
789,team,TEX,Texas Rangers,stat,,Pitchedmin. 1 game,stat,,Played Outfieldmin. 1 game,team,PHI,Philadelphia Phillies,team,WSN,Washington Nationals,team,ANA,Los Angeles Angels
790,stat,,30+ HR SeasonBatting,stat,,200+ Hits SeasonBatting,stat,,Hall of Fame,stat,,Played Shortstopmin. 1 game,stat,,Played Second Basemin. 1 game,stat,,Born Outside US 50 States and DC
791,team,MIL,Milwaukee Brewers,team,NYM,New York Mets,stat,,6+ WAR Season,team,CHW,Chicago  White Sox,team,BAL,Baltimore Orioles,stat,,Played Catchermin. 1 game
792,team,MIN,Minnesota Twins,team,BOS,Boston   Red Sox,stat,,30+ SB Season,team,CIN,Cincinnati Reds,team,LAD,Los Angeles Dodgers,team,SEA,Seattle Mariners
793,team,ATL,Atlanta Braves,team,DET,Detroit Tigers,team,OAK, Athletics,team,NYY,New York Yankees,team,CHC,Chicago Cubs,team,SFG,San Francisco Giants
794,team,PIT,Pittsburgh Pirates,team,TOR,Toronto  Blue Jays,stat,,Played First Basemin. 1 game,team,CLE,Cleveland Guardians,team,FLA,Miami Marlins,stat,,300+ HR CareerBatting
795,team,TEX,Texas Rangers,stat,,10+ Win SeasonPitching,stat,,Gold Glove,team,STL,St. Louis Cardinals,team,SDP,San Diego Padres,stat,,Silver Slugger
796,team,HOU,Houston Astros,team,CHW,Chicago  White Sox,stat,,100+ RBI SeasonBatting,team,MIN,Minnesota Twins,team,ANA,Los Angeles Angels,stat,,Played Third Basemin. 1 game
797,stat,,All Star,stat,,Played Center Fieldmin. 1 game,stat,,40+ WAR Career,stat,,.300+ AVG CareerBatting,stat,,PlayedMajor Leagues,stat,,Only One Team
798,team,PHI,Philadelphia Phillies,team,NYY,New York Yankees,stat,,≤ 3.00 ERA Season,team,SEA,Seattle Mariners,team,BOS,Boston   Red Sox,stat,,Hall of Fame
799,team,CHC,Chicago Cubs,stat,,2000+ Hits CareerBatting,stat,,Played Outfieldmin. 1 game,team,COL,Colorado Rockies,team,MIL,Milwaukee Brewers,stat,,6+ WAR Season
800,team,PIT,Pittsburgh Pirates,team,ATL,Atlanta Braves,stat,,Played Left Fieldmin. 1 game,team,KCR,Kansas City Royals,team,WSN,Washington Nationals,stat,,30+ HR SeasonBatting
801,team,LAD,Los Angeles Dodgers,stat,,Played Second Basemin. 1 game,stat,,.300+ AVG SeasonBatting,team,BAL,Baltimore Orioles,team,NYM,New York Mets,stat,,Rookie of the Year
802,team,CIN,Cincinnati Reds,team,MIN,Minnesota Twins,stat,,Born Outside US 50 States and DC,team,DET,Detroit Tigers,team,CLE,Cleveland Guardians,stat,,Pitchedmin. 1 game
803,team,TEX,Texas Rangers,team,STL,St. Louis Cardinals,stat,,200+ K SeasonPitching,team,SFG,San Francisco Giants,team,BOS,Boston   Red Sox,stat,,All Star
804,stat,,Played Catchermin. 1 game,stat,,Played First Basemin. 1 game,stat,,30+ SB Season,stat,,100+ RBI SeasonBatting,stat,,10+ HR SeasonBatting,stat,,Played Third Basemin. 1 game
805,team,CHW,Chicago  White Sox,team,TOR,Toronto  Blue Jays,stat,,300+ HR CareerBatting,team,OAK, Athletics,team,SDP,San Diego Padres,team,NYY,New York Yankees
806,stat,,40+ WAR Career,stat,,10+ Win SeasonPitching,stat,,Played Shortstopmin. 1 game,team,PHI,Philadelphia Phillies,team,ANA,Los Angeles Angels,team,TBD,Tampa Bay Rays
807,team,CIN,Cincinnati Reds,stat,,100+ Run SeasonBatting,stat,,Played Center Fieldmin. 1 game,team,CHC,Chicago Cubs,team,ARI,Arizona Diamondbacks,stat,,2000+ Hits CareerBatting
808,team,LAD,Los Angeles Dodgers,stat,,200+ Wins CareerPitching,stat,,Gold Glove,team,ATL,Atlanta Braves,team,HOU,Houston Astros,stat,,Only One Team
809,team,MIL,Milwaukee Brewers,team,BOS,Boston   Red Sox,stat,,Hall of Fame,team,PIT,Pittsburgh Pirates,team,CLE,Cleveland Guardians,stat,,Played Right Fieldmin. 1 game
810,team,TEX,Texas Rangers,team,STL,St. Louis Cardinals,stat,,30+ HR SeasonBatting,team,SEA,Seattle Mariners,team,KCR,Kansas City Royals,team,BAL,Baltimore Orioles
811,stat,,All Star,stat,,Born Outside US 50 States and DC,stat,,10+ Win SeasonPitching,stat,,2000+ K CareerPitching,stat,,30+ Save SeasonPitching,stat,,≤ 3.00 ERA Season
812,stat,,MVP,team,NYM,New York Mets,stat,,.300+ AVG SeasonBatting,stat,,6+ WAR Season,team,DET,Detroit Tigers,stat,,Pitchedmin. 1 game
813,team,WSN,Washington Nationals,stat,,Played Outfieldmin. 1 game,stat,,200+ Hits SeasonBatting,team,MIN,Minnesota Twins,team,SFG,San Francisco Giants,team,NYY,New York Yankees
814,team,HOU,Houston Astros,team,LAD,Los Angeles Dodgers,stat,,40+ WAR Career,team,OAK, Athletics,team,CHW,Chicago  White Sox,stat,,Played Catchermin. 1 game
815,team,PHI,Philadelphia Phillies,team,CIN,Cincinnati Reds,stat,,Played Center Fieldmin. 1 game,team,TOR,Toronto  Blue Jays,team,PIT,Pittsburgh Pirates,stat,,300+ HR CareerBatting
816,team,BOS,Boston   Red Sox,stat,,Played Left Fieldmin. 1 game,stat,,Played Right Fieldmin. 1 game,team,CHC,Chicago Cubs,team,ATL,Atlanta Braves,team,SDP,San Diego Padres
817,team,MIL,Milwaukee Brewers,team,STL,St. Louis Cardinals,stat,,30+ SB Season,team,ANA,Los Angeles Angels,team,FLA,Miami Marlins,stat,,30+ HR SeasonBatting
818,stat,,3000+ Hits CareerBatting,stat,,Rookie of the Year,stat,,PlayedMajor Leagues,stat,,Hall of Fame,stat,,Gold Glove,stat,,Silver Slugger
819,team,TEX,Texas Rangers,stat,,Played Second Basemin. 1 game,stat,,First Round Draft Pick,team,CLE,Cleveland Guardians,team,OAK, Athletics,stat,,100+ RBI SeasonBatting
820,team,KCR,Kansas City Royals,team,SEA,Seattle Mariners,stat,,All Star,team,BAL,Baltimore Orioles,team,SFG,San Francisco Giants,stat,,Played Third Basemin. 1 game
821,team,NYY,New York Yankees,team,STL,St. Louis Cardinals,stat,,Played Shortstopmin. 1 game,team,NYM,New York Mets,team,CIN,Cincinnati Reds,team,CHC,Chicago Cubs
822,team,PHI,Philadelphia Phillies,team,BOS,Boston   Red Sox,stat,,Played First Basemin. 1 game,team,DET,Detroit Tigers,team,MIN,Minnesota Twins,stat,,Only One Team
823,team,WSN,Washington Nationals,stat,,.300+ AVG SeasonBatting,stat,,300+ HR CareerBatting,team,CHW,Chicago  White Sox,team,HOU,Houston Astros,stat,,40+ WAR Career
824,team,TOR,Toronto  Blue Jays,stat,,,stat,,Born Outside US 50 States and DC,team,LAD,Los Angeles Dodgers,team,ANA,Los Angeles Angels,stat,,40+ HR SeasonBatting
825,stat,,Hall of Fame,stat,,Cy Young,stat,,6+ WAR Season,stat,,10+ Win SeasonPitching,stat,,20+ Win SeasonPitching,stat,,200+ Wins CareerPitching
826,team,ATL,Atlanta Braves,team,BAL,Baltimore Orioles,stat,,Played Catchermin. 1 game,team,PIT,Pittsburgh Pirates,team,SDP,San Diego Padres,stat,,Played Center Fieldmin. 1 game
827,team,CLE,Cleveland Guardians,team,NYM,New York Mets,stat,,All Star,team,OAK, Athletics,team,CHC,Chicago Cubs,team,PHI,Philadelphia Phillies
828,team,NYY,New York Yankees,team,STL,St. Louis Cardinals,stat,,100+ RBI SeasonBatting,team,MIL,Milwaukee Brewers,team,COL,Colorado Rockies,stat,,100+ Run SeasonBatting
829,team,CIN,Cincinnati Reds,team,LAD,Los Angeles Dodgers,stat,,2000+ Hits CareerBatting,team,TEX,Texas Rangers,team,SFG,San Francisco Giants,stat,,Gold Glove
830,team,TBD,Tampa Bay Rays,stat,,Played Second Basemin. 1 game,stat,,Played Shortstopmin. 1 game,team,BOS,Boston   Red Sox,team,KCR,Kansas City Royals,team,MIN,Minnesota Twins
831,team,SEA,Seattle Mariners,stat,,30+ HR SeasonBatting,stat,,≤ 3.00 ERA Season,team,DET,Detroit Tigers,team,TOR,Toronto  Blue Jays,team,HOU,Houston Astros
832,stat,,.300+ AVG CareerBatting,stat,,.300+ AVG SeasonBatting,stat,,Pitchedmin. 1 game,stat,,Played Outfieldmin. 1 game,stat,,Played In Major Negro Lgs,stat,,PlayedMajor Leagues
833,stat,,Played Left Fieldmin. 1 game,stat,,Played Center Fieldmin. 1 game,stat,,Played Right Fieldmin. 1 game,stat,,All Star,stat,,40+ WAR Career,stat,,Born Outside US 50 States and DC
834,team,BAL,Baltimore Orioles,team,ATL,Atlanta Braves,stat,,2000+ K CareerPitching,team,CHW,Chicago  White Sox,team,ANA,Los Angeles Angels,stat,,Hall of Fame
835,team,NYY,New York Yankees,team,ANA,Los Angeles Angels,stat,,Played Third Basemin. 1 game,team,PIT,Pittsburgh Pirates,team,ARI,Arizona Diamondbacks,stat,,Only One Team
836,team,OAK, Athletics,team,LAD,Los Angeles Dodgers,stat,,6+ WAR Season,team,WSN,Washington Nationals,team,SDP,San Diego Padres,stat,,Played First Basemin. 1 game
837,team,CLE,Cleveland Guardians,stat,,2000+ Hits CareerBatting,stat,,100+ RBI SeasonBatting,team,NYM,New York Mets,team,STL,St. Louis Cardinals,stat,,200+ Hits SeasonBatting
838,team,PHI,Philadelphia Phillies,team,MIN,Minnesota Twins,stat,,10+ Win SeasonPitching,team,CHC,Chicago Cubs,team,SFG,San Francisco Giants,team,KCR,Kansas City Royals
839,stat,,300+ HR CareerBatting,stat,,.300+ AVG SeasonBatting,stat,,Played Outfieldmin. 1 game,stat,,30+ HR /30+ SB SeasonBatting,stat,,30+ HR SeasonBatting,stat,,30+ SB Season
840,stat,,Played Catchermin. 1 game,stat,,All Star,stat,,Born Outside US 50 States and DC,stat,,MVP,stat,,Gold Glove,stat,,Silver Slugger
841,team,TEX,Texas Rangers,team,BOS,Boston   Red Sox,stat,,Played Shortstopmin. 1 game,team,MIL,Milwaukee Brewers,team,HOU,Houston Astros,stat,,First Round Draft Pick
842,team,LAD,Los Angeles Dodgers,team,OAK, Athletics,stat,,Hall of Fame,team,CIN,Cincinnati Reds,team,DET,Detroit Tigers,team,SEA,Seattle Mariners
843,team,TOR,Toronto  Blue Jays,team,MIN,Minnesota Twins,stat,,≤ 3.00 ERA Season,team,ATL,Atlanta Braves,team,PIT,Pittsburgh Pirates,team,BAL,Baltimore Orioles
844,team,CLE,Cleveland Guardians,stat,,200+ Wins CareerPitching,stat,,Threw a No‑Hitter,team,CHW,Chicago  White Sox,team,NYY,New York Yankees,stat,,200+ K SeasonPitching
845,team,PHI,Philadelphia Phillies,team,SDP,San Diego Padres,stat,,Played Second Basemin. 1 game,team,STL,St. Louis Cardinals,team,ANA,Los Angeles Angels,team,FLA,Miami Marlins
846,stat,,6+ WAR Season,stat,,All Star,stat,,Only One Team,stat,,.300+ AVG CareerBatting,stat,,≤ 3.00 ERA CareerPitching,stat,,Rookie of the Year
847,stat,,Played First Basemin. 1 game,stat,,Played Third Basemin. 1 game,stat,,100+ RBI SeasonBatting,stat,,30+ HR SeasonBatting,stat,,300+ HR CareerBatting,stat,,Gold Glove
848,team,SFG,San Francisco Giants,team,WSN,Washington Nationals,stat,,Played Outfieldmin. 1 game,team,NYM,New York Mets,team,CHC,Chicago Cubs,stat,,Born Outside US 50 States and DC
849,team,LAD,Los Angeles Dodgers,team,CHW,Chicago  White Sox,stat,,40+ WAR Career,team,BOS,Boston   Red Sox,team,KCR,Kansas City Royals,stat,,100+ Run SeasonBatting
850,team,MIN,Minnesota Twins,team,PHI,Philadelphia Phillies,stat,,Pitchedmin. 1 game,team,HOU,Houston Astros,team,OAK, Athletics,stat,,Hall of Fame
851,team,DET,Detroit Tigers,team,TBD,Tampa Bay Rays,stat,,.300+ AVG SeasonBatting,team,TEX,Texas Rangers,team,STL,St. Louis Cardinals,team,PIT,Pittsburgh Pirates
852,team,NYY,New York Yankees,team,ATL,Atlanta Braves,stat,,≤ 3.00 ERA Season,stat,,30+ Save SeasonPitching,stat,,20+ Win SeasonPitching,stat,,200+ K SeasonPitching
853,stat,,Played Second Basemin. 1 game,stat,,Played Shortstopmin. 1 game,stat,,Played Center Fieldmin. 1 game,stat,,6+ WAR Season,stat,,200+ Hits SeasonBatting,stat,,30+ SB Season
854,team,BAL,Baltimore Orioles,team,CHW,Chicago  White Sox,team,SDP,San Diego Padres,team,CIN,Cincinnati Reds,team,PHI,Philadelphia Phillies,team,SFG,San Francisco Giants
855,team,TOR,Toronto  Blue Jays,team,SEA,Seattle Mariners,stat,,Only One Team,team,CLE,Cleveland Guardians,team,MIL,Milwaukee Brewers,stat,,Played Catchermin. 1 game
856,team,ANA,Los Angeles Angels,team,TEX,Texas Rangers,stat,,Born Outside US 50 States and DC,team,CHC,Chicago Cubs,team,COL,Colorado Rockies,stat,,300+ HR CareerBatting
857,team,LAD,Los Angeles Dodgers,team,BOS,Boston   Red Sox,stat,,Hall of Fame,team,NYM,New York Mets,team,STL,St. Louis Cardinals,stat,,30+ HR SeasonBatting
858,team,ARI,Arizona Diamondbacks,stat,,100+ RBI SeasonBatting,stat,,200+ Wins CareerPitching,team,OAK, Athletics,team,HOU,Houston Astros,team,PIT,Pittsburgh Pirates
859,team,CHW,Chicago  White Sox,team,WSN,Washington Nationals,stat,,All Star,team,DET,Detroit Tigers,team,MIN,Minnesota Twins,stat,,10+ Win SeasonPitching
860,stat,,Silver Slugger,team,NYY,New York Yankees,stat,,Gold Glove,stat,,.300+ AVG SeasonBatting,team,ATL,Atlanta Braves,stat,,≤ 3.00 ERA Season
861,team,LAD,Los Angeles Dodgers,team,MIL,Milwaukee Brewers,stat,,Played Left Fieldmin. 1 game,team,BAL,Baltimore Orioles,team,PHI,Philadelphia Phillies,stat,,Played Right Fieldmin. 1 game
862,team,BOS,Boston   Red Sox,team,TOR,Toronto  Blue Jays,stat,,Played First Basemin. 1 game,team,SFG,San Francisco Giants,team,KCR,Kansas City Royals,stat,,2000+ Hits CareerBatting
863,team,PIT,Pittsburgh Pirates,team,DET,Detroit Tigers,stat,,40+ WAR Career,team,CIN,Cincinnati Reds,team,SDP,San Diego Padres,team,CLE,Cleveland Guardians
864,team,CHW,Chicago  White Sox,stat,,300+ HR CareerBatting,stat,,6+ WAR Season,team,CHC,Chicago Cubs,team,SEA,Seattle Mariners,stat,,Hall of Fame
865,team,NYM,New York Mets,team,NYY,New York Yankees,stat,,Played Third Basemin. 1 game,team,TEX,Texas Rangers,team,FLA,Miami Marlins,stat,,Born Outside US 50 States and DC
866,team,OAK, Athletics,team,HOU,Houston Astros,stat,,200+ Wins CareerPitching,team,ANA,Los Angeles Angels,team,STL,St. Louis Cardinals,team,SFG,San Francisco Giants
867,stat,,200+ Hits SeasonBatting,stat,,All Star,stat,,PlayedMajor Leagues,stat,,40+ HR SeasonBatting,stat,,40+ 2B SeasonBatting,stat,,30+ SB Season
868,stat,,Only One Team,stat,,Gold Glove,stat,,MVP,stat,,Pitchedmin. 1 game,stat,,Played Shortstopmin. 1 game,stat,,Played Outfieldmin. 1 game
869,team,NYM,New York Mets,team,CLE,Cleveland Guardians,stat,,.300+ AVG SeasonBatting,team,MIN,Minnesota Twins,team,ATL,Atlanta Braves,team,SDP,San Diego Padres
870,team,NYY,New York Yankees,stat,,2000+ Hits CareerBatting,stat,,10+ Win SeasonPitching,team,LAD,Los Angeles Dodgers,team,PHI,Philadelphia Phillies,team,BAL,Baltimore Orioles
871,team,TOR,Toronto  Blue Jays,team,ANA,Los Angeles Angels,stat,,Played Center Fieldmin. 1 game,team,BOS,Boston   Red Sox,team,DET,Detroit Tigers,stat,,Hall of Fame
872,team,CHC,Chicago Cubs,team,WSN,Washington Nationals,stat,,Played First Basemin. 1 game,team,PIT,Pittsburgh Pirates,team,SEA,Seattle Mariners,stat,,40+ WAR Career
873,team,CIN,Cincinnati Reds,team,CHW,Chicago  White Sox,stat,,Played Second Basemin. 1 game,team,MIL,Milwaukee Brewers,team,HOU,Houston Astros,stat,,Born Outside US 50 States and DC
874,stat,,All Star,stat,,6+ WAR Season,stat,,First Round Draft Pick,stat,,Played Catchermin. 1 game,stat,,30+ HR SeasonBatting,stat,,200+ K SeasonPitching
875,stat,,200+ Hits SeasonBatting,stat,,100+ Run SeasonBatting,stat,,≤ 3.00 ERA Season,team,SFG,San Francisco Giants,team,STL,St. Louis Cardinals,team,TEX,Texas Rangers
876,team,KCR,Kansas City Royals,team,BOS,Boston   Red Sox,stat,,Played Third Basemin. 1 game,team,OAK, Athletics,team,NYY,New York Yankees,stat,,100+ RBI SeasonBatting
877,team,CIN,Cincinnati Reds,stat,,300+ HR CareerBatting,stat,,30+ SB Season,team,NYM,New York Mets,team,ATL,Atlanta Braves,team,WSN,Washington Nationals
878,team,DET,Detroit Tigers,team,LAD,Los Angeles Dodgers,stat,,30+ Save SeasonPitching,team,MIL,Milwaukee Brewers,team,MIN,Minnesota Twins,team,CHC,Chicago Cubs
879,team,BAL,Baltimore Orioles,team,PHI,Philadelphia Phillies,stat,,Hall of Fame,team,CLE,Cleveland Guardians,team,TEX,Texas Rangers,stat,,Gold Glove
880,team,SDP,San Diego Padres,team,CHW,Chicago  White Sox,stat,,Born Outside US 50 States and DC,team,TOR,Toronto  Blue Jays,team,TBD,Tampa Bay Rays,stat,,Only One Team
881,stat,,40+ WAR Career,stat,,Threw a No‑Hitter,stat,,All Star,stat,,20+ Win SeasonPitching,stat,,2000+ K CareerPitching,stat,,Cy Young
882,stat,,Played Shortstopmin. 1 game,team,BOS,Boston   Red Sox,stat,,Played Second Basemin. 1 game,stat,,Played Outfieldmin. 1 game,team,ARI,Arizona Diamondbacks,stat,,Designated Hittermin. 1 game
883,team,MIL,Milwaukee Brewers,team,DET,Detroit Tigers,team,BAL,Baltimore Orioles,team,ATL,Atlanta Braves,team,HOU,Houston Astros,team,KCR,Kansas City Royals
884,team,SEA,Seattle Mariners,team,TEX,Texas Rangers,stat,,6+ WAR Season,team,ANA,Los Angeles Angels,team,PIT,Pittsburgh Pirates,stat,,Played Right Fieldmin. 1 game
885,team,NYY,New York Yankees,team,WSN,Washington Nationals,stat,,Silver Slugger,team,STL,St. Louis Cardinals,team,SDP,San Diego Padres,team,SFG,San Francisco Giants
886,team,NYM,New York Mets,team,CHC,Chicago Cubs,stat,,≤ 3.00 ERA Season,team,OAK, Athletics,team,COL,Colorado Rockies,stat,,200+ Wins CareerPitching
887,team,CLE,Cleveland Guardians,stat,,Played Left Fieldmin. 1 game,stat,,Played Center Fieldmin. 1 game,team,LAD,Los Angeles Dodgers,team,CIN,Cincinnati Reds,stat,,.300+ AVG SeasonBatting
888,stat,,100+ RBI SeasonBatting,stat,,MVP,stat,,40+ WAR Career,stat,,Only One Team,stat,,Rookie of the Year,stat,,30+ HR /30+ SB SeasonBatting
889,team,MIN,Minnesota Twins,stat,,Played Third Basemin. 1 game,team,ATL,Atlanta Braves,team,PHI,Philadelphia Phillies,stat,,2000+ Hits CareerBatting,team,STL,St. Louis Cardinals
890,team,TEX,Texas Rangers,team,BAL,Baltimore Orioles,stat,,Played First Basemin. 1 game,team,CHW,Chicago  White Sox,team,BOS,Boston   Red Sox,stat,,Born Outside US 50 States and DC
891,team,NYY,New York Yankees,team,LAD,Los Angeles Dodgers,stat,,Pitchedmin. 1 game,team,DET,Detroit Tigers,team,TOR,Toronto  Blue Jays,team,ANA,Los Angeles Angels
892,team,HOU,Houston Astros,stat,,10+ Win SeasonPitching,stat,,First Round Draft Pick,team,PIT,Pittsburgh Pirates,team,FLA,Miami Marlins,stat,,6+ WAR Season
893,stat,,300+ HR CareerBatting,team,NYM,New York Mets,stat,,200+ Hits SeasonBatting,stat,,All Star,team,NYY,New York Yankees,stat,,Gold Glove
894,team,KCR,Kansas City Royals,team,MIL,Milwaukee Brewers,stat,,Hall of Fame,team,SFG,San Francisco Giants,team,CHC,Chicago Cubs,team,SDP,San Diego Padres
895,stat,,.300+ AVG SeasonBatting,stat,,100+ RBI SeasonBatting,stat,,PlayedMajor Leagues,stat,,Played Second Basemin. 1 game,stat,,Played Shortstopmin. 1 game,stat,,30+ HR SeasonBatting
896,team,CLE,Cleveland Guardians,team,CIN,Cincinnati Reds,team,MIN,Minnesota Twins,team,OAK, Athletics,team,ANA,Los Angeles Angels,team,BOS,Boston   Red Sox
897,team,TEX,Texas Rangers,team,LAD,Los Angeles Dodgers,stat,,Played Outfieldmin. 1 game,team,ATL,Atlanta Braves,team,SEA,Seattle Mariners,stat,,Played Catchermin. 1 game
898,team,CHW,Chicago  White Sox,stat,,,team,CHC,Chicago Cubs,stat,,All Star,stat,,Pitchedmin. 1 game,stat,,PlayedMajor Leagues
899,team,BAL,Baltimore Orioles,team,PHI,Philadelphia Phillies,stat,,2000+ Hits CareerBatting,team,WSN,Washington Nationals,team,DET,Detroit Tigers,stat,,30+ SB Season
900,team,TOR,Toronto  Blue Jays,team,PIT,Pittsburgh Pirates,stat,,Played Center Fieldmin. 1 game,team,STL,St. Louis Cardinals,team,NYM,New York Mets,stat,,40+ WAR Career
901,team,HOU,Houston Astros,stat,,MVP,stat,,2000+ K CareerPitching,team,NYY,New York Yankees,team,ATL,Atlanta Braves,team,OAK, Athletics
902,stat,,Born Outside US 50 States and DC,stat,,.300+ AVG CareerBatting,stat,,.300+ AVG SeasonBatting,stat,,Hall of Fame,stat,,40+ HR SeasonBatting,stat,,100+ RBI SeasonBatting
903,team,CIN,Cincinnati Reds,team,TEX,Texas Rangers,stat,,Played Shortstopmin. 1 game,team,SFG,San Francisco Giants,stat,,Played Second Basemin. 1 game,stat,,6+ WAR Season
904,team,MIL,Milwaukee Brewers,team,SDP,San Diego Padres,stat,,200+ Wins CareerPitching,team,BOS,Boston   Red Sox,team,MIN,Minnesota Twins,stat,,200+ K SeasonPitching
905,team,LAD,Los Angeles Dodgers,team,ANA,Los Angeles Angels,stat,,First Round Draft Pick,team,KCR,Kansas City Royals,team,TBD,Tampa Bay Rays,team,CHW,Chicago  White Sox
906,team,HOU,Houston Astros,team,TOR,Toronto  Blue Jays,stat,,Gold Glove,team,CLE,Cleveland Guardians,team,CHC,Chicago Cubs,stat,,Only One Team
907,team,SEA,Seattle Mariners,team,STL,St. Louis Cardinals,team,NYM,New York Mets,team,PHI,Philadelphia Phillies,team,BAL,Baltimore Orioles,team,ARI,Arizona Diamondbacks
908,team,OAK, Athletics,team,SFG,San Francisco Giants,stat,,100+ Run SeasonBatting,team,PIT,Pittsburgh Pirates,team,ATL,Atlanta Braves,stat,,Played Left Fieldmin. 1 game
909,stat,,Played First Basemin. 1 game,stat,,Played Right Fieldmin. 1 game,stat,,40+ WAR Career,stat,,200+ Hits SeasonBatting,stat,,30+ HR SeasonBatting,stat,,All Star
910,stat,,≤ 3.00 ERA CareerPitching,stat,,Born Outside US 50 States and DC,stat,,Hall of Fame,stat,,Cy Young,stat,,20+ Win SeasonPitching,stat,,30+ Save SeasonPitching
911,team,NYM,New York Mets,team,BOS,Boston   Red Sox,stat,,Silver Slugger,team,DET,Detroit Tigers,team,NYY,New York Yankees,team,CHC,Chicago Cubs
912,team,TEX,Texas Rangers,team,LAD,Los Angeles Dodgers,stat,,Played Third Basemin. 1 game,team,CIN,Cincinnati Reds,team,WSN,Washington Nationals,stat,,30+ SB Season
913,team,TOR,Toronto  Blue Jays,team,BAL,Baltimore Orioles,stat,,≤ 3.00 ERA Season,team,MIN,Minnesota Twins,team,MIL,Milwaukee Brewers,team,ANA,Los Angeles Angels
914,team,SDP,San Diego Padres,team,STL,St. Louis Cardinals,stat,,100+ RBI SeasonBatting,team,CHW,Chicago  White Sox,team,SEA,Seattle Mariners,stat,,Played Outfieldmin. 1 game
915,team,PIT,Pittsburgh Pirates,team,CHC,Chicago Cubs,stat,,Played Catchermin. 1 game,team,CLE,Cleveland Guardians,team,PHI,Philadelphia Phillies,stat,,2000+ Hits CareerBatting
916,stat,,Pitchedmin. 1 game,stat,,All Star,stat,,PlayedMajor Leagues,stat,,,stat,,,stat,,
917,team,COL,Colorado Rockies,stat,,.300+ AVG SeasonBatting,stat,,10+ Win SeasonPitching,team,ATL,Atlanta Braves,team,SFG,San Francisco Giants,stat,,Only One Team
918,team,TOR,Toronto  Blue Jays,team,LAD,Los Angeles Dodgers,stat,,Threw a No‑Hitter,team,HOU,Houston Astros,team,OAK, Athletics,stat,,6+ WAR Season
919,team,CIN,Cincinnati Reds,stat,,Played Left Fieldmin. 1 game,stat,,Played Right Fieldmin. 1 game,team,NYY,New York Yankees,team,KCR,Kansas City Royals,stat,,MVP
920,team,NYM,New York Mets,stat,,Hall of Fame,stat,,Gold Glove,team,BOS,Boston   Red Sox,team,MIL,Milwaukee Brewers,team,WSN,Washington Nationals
921,team,FLA,Miami Marlins,team,STL,St. Louis Cardinals,stat,,2000+ K CareerPitching,team,DET,Detroit Tigers,team,TEX,Texas Rangers,team,CLE,Cleveland Guardians
922,team,OAK, Athletics,team,CHC,Chicago Cubs,stat,,200+ Hits SeasonBatting,team,BAL,Baltimore Orioles,team,CHW,Chicago  White Sox,stat,,30+ HR SeasonBatting
923,stat,,.300+ AVG CareerBatting,stat,,Rookie of the Year,stat,,,stat,,All Star,stat,,Played Shortstopmin. 1 game,stat,,Played Outfieldmin. 1 game
924,team,MIN,Minnesota Twins,team,PHI,Philadelphia Phillies,team,SFG,San Francisco Giants,stat,,300+ HR CareerBatting,stat,,Played Second Basemin. 1 game,stat,,Played Center Fieldmin. 1 game
925,team,SDP,San Diego Padres,team,PIT,Pittsburgh Pirates,stat,,First Round Draft Pick,team,ANA,Los Angeles Angels,team,LAD,Los Angeles Dodgers,stat,,Pitchedmin. 1 game
926,team,ATL,Atlanta Braves,team,HOU,Houston Astros,stat,,Born Outside US 50 States and DC,team,SEA,Seattle Mariners,team,BOS,Boston   Red Sox,stat,,Played Catchermin. 1 game
927,team,TBD,Tampa Bay Rays,stat,,Gold Glove,stat,,.300+ AVG SeasonBatting,team,TOR,Toronto  Blue Jays,team,NYY,New York Yankees,stat,,Played First Basemin. 1 game
928,team,PHI,Philadelphia Phillies,team,CHW,Chicago  White Sox,stat,,100+ RBI SeasonBatting,team,CIN,Cincinnati Reds,team,CLE,Cleveland Guardians,stat,,40+ WAR Career
929,team,STL,St. Louis Cardinals,team,TEX,Texas Rangers,stat,,Played Third Basemin. 1 game,team,KCR,Kansas City Royals,team,NYM,New York Mets,team,MIL,Milwaukee Brewers
930,stat,,Only One Team,stat,,6+ WAR Season,stat,,≤ 3.00 ERA Season,stat,,20+ Win SeasonPitching,stat,,200+ K SeasonPitching,stat,,PlayedMajor Leagues
931,team,DET,Detroit Tigers,stat,,All Star,stat,,30+ SB Season,team,SFG,San Francisco Giants,team,OAK, Athletics,stat,,Hall of Fame
932,team,SDP,San Diego Padres,team,CIN,Cincinnati Reds,team,ATL,Atlanta Braves,team,CHC,Chicago Cubs,team,BAL,Baltimore Orioles,team,ARI,Arizona Diamondbacks
933,team,WSN,Washington Nationals,stat,,Played Shortstopmin. 1 game,stat,,Played Catchermin. 1 game,team,ANA,Los Angeles Angels,team,BOS,Boston   Red Sox,team,NYY,New York Yankees
934,team,TEX,Texas Rangers,team,NYM,New York Mets,stat,,Born Outside US 50 States and DC,team,MIN,Minnesota Twins,team,LAD,Los Angeles Dodgers,stat,,30+ HR SeasonBatting
935,team,CHW,Chicago  White Sox,team,KCR,Kansas City Royals,stat,,Silver Slugger,team,PIT,Pittsburgh Pirates,team,PHI,Philadelphia Phillies,stat,,Played Center Fieldmin. 1 game
936,stat,,Played Left Fieldmin. 1 game,team,LAD,Los Angeles Dodgers,stat,,Played Right Fieldmin. 1 game,stat,,.300+ AVG SeasonBatting,team,TOR,Toronto  Blue Jays,stat,,300+ HR CareerBatting
937,stat,,MVP,stat,,Gold Glove,stat,,40+ WAR Career,stat,,200+ Wins CareerPitching,stat,,2000+ Hits CareerBatting,stat,,Played Second Basemin. 1 game
938,team,NYY,New York Yankees,stat,,Pitchedmin. 1 game,team,SFG,San Francisco Giants,team,SEA,Seattle Mariners,stat,,100+ RBI SeasonBatting,team,CLE,Cleveland Guardians
939,team,STL,St. Louis Cardinals,team,COL,Colorado Rockies,stat,,30+ Save SeasonPitching,team,HOU,Houston Astros,team,ANA,Los Angeles Angels,team,CIN,Cincinnati Reds
940,team,ATL,Atlanta Braves,stat,,30+ SB Season,stat,,100+ Run SeasonBatting,team,MIL,Milwaukee Brewers,team,DET,Detroit Tigers,team,SDP,San Diego Padres
941,stat,,2000+ K CareerPitching,stat,,Played Third Basemin. 1 game,stat,,Rookie of the Year,team,CHC,Chicago Cubs,team,BAL,Baltimore Orioles,team,BOS,Boston   Red Sox
942,team,WSN,Washington Nationals,team,TEX,Texas Rangers,stat,,Played Outfieldmin. 1 game,team,OAK, Athletics,team,TOR,Toronto  Blue Jays,team,CLE,Cleveland Guardians
943,team,SEA,Seattle Mariners,team,CHW,Chicago  White Sox,stat,,Only One Team,team,NYM,New York Mets,team,MIN,Minnesota Twins,stat,,≤ 3.00 ERA Season
944,stat,,Born Outside US 50 States and DC,stat,,,stat,,First Round Draft Pick,stat,,All Star,stat,,10+ Win SeasonPitching,stat,,PlayedMajor Leagues
945,team,BOS,Boston   Red Sox,stat,,Played Shortstopmin. 1 game,stat,,30+ HR SeasonBatting,team,PHI,Philadelphia Phillies,team,PIT,Pittsburgh Pirates,stat,,300+ HR CareerBatting
946,team,NYY,New York Yankees,stat,,Hall of Fame,stat,,40+ WAR Career,team,ATL,Atlanta Braves,team,LAD,Los Angeles Dodgers,team,STL,St. Louis Cardinals
947,team,FLA,Miami Marlins,team,NYM,New York Mets,team,HOU,Houston Astros,team,KCR,Kansas City Royals,team,SFG,San Francisco Giants,team,ANA,Los Angeles Angels
948,team,SDP,San Diego Padres,team,SEA,Seattle Mariners,stat,,Played First Basemin. 1 game,team,CIN,Cincinnati Reds,team,DET,Detroit Tigers,stat,,Played Center Fieldmin. 1 game
949,team,CLE,Cleveland Guardians,team,PIT,Pittsburgh Pirates,stat,,6+ WAR Season,team,ATL,Atlanta Braves,team,BAL,Baltimore Orioles,team,MIL,Milwaukee Brewers
950,team,NYY,New York Yankees,stat,,Played Catchermin. 1 game,stat,,MVP,team,CHC,Chicago Cubs,team,OAK, Athletics,team,MIN,Minnesota Twins
951,stat,,3000+ Hits CareerBatting,stat,,Rookie of the Year,stat,,Played Third Basemin. 1 game,stat,,200+ Hits SeasonBatting,stat,,.300+ AVG SeasonBatting,stat,,Gold Glove
952,team,SFG,San Francisco Giants,team,TEX,Texas Rangers,team,WSN,Washington Nationals,team,PHI,Philadelphia Phillies,team,CHW,Chicago  White Sox,team,TBD,Tampa Bay Rays
953,team,TOR,Toronto  Blue Jays,team,ANA,Los Angeles Angels,stat,,40+ HR SeasonBatting,team,BOS,Boston   Red Sox,team,ATL,Atlanta Braves,stat,,100+ RBI SeasonBatting
954,team,STL,St. Louis Cardinals,team,DET,Detroit Tigers,stat,,20+ Win SeasonPitching,team,LAD,Los Angeles Dodgers,team,CHC,Chicago Cubs,stat,,200+ K SeasonPitching
955,team,HOU,Houston Astros,team,CLE,Cleveland Guardians,stat,,≤ 3.00 ERA Season,team,NYM,New York Mets,team,SDP,San Diego Padres,stat,,All Star
956,team,MIN,Minnesota Twins,team,SEA,Seattle Mariners,stat,,Only One Team,team,KCR,Kansas City Royals,team,PIT,Pittsburgh Pirates,stat,,Played Left Fieldmin. 1 game
957,team,CHW,Chicago  White Sox,team,PHI,Philadelphia Phillies,stat,,40+ WAR Career,team,BAL,Baltimore Orioles,team,ARI,Arizona Diamondbacks,stat,,Played Right Fieldmin. 1 game
958,stat,,Born Outside US 50 States and DC,stat,,Hall of Fame,stat,,Silver Slugger,stat,,Played Outfieldmin. 1 game,stat,,Designated Hittermin. 1 game,stat,,Pitchedmin. 1 game
959,team,MIL,Milwaukee Brewers,stat,,Played Catchermin. 1 game,stat,,30+ SB Season,team,CIN,Cincinnati Reds,stat,,Played First Basemin. 1 game,stat,,300+ HR CareerBatting
960,team,SFG,San Francisco Giants,team,PIT,Pittsburgh Pirates,stat,,2000+ Hits CareerBatting,team,OAK, Athletics,team,NYY,New York Yankees,team,SDP,San Diego Padres
961,team,BOS,Boston   Red Sox,team,CHC,Chicago Cubs,stat,,Played Shortstopmin. 1 game,team,TEX,Texas Rangers,team,LAD,Los Angeles Dodgers,stat,,100+ Run SeasonBatting
962,team,ATL,Atlanta Braves,team,DET,Detroit Tigers,stat,,30+ HR SeasonBatting,team,CHW,Chicago  White Sox,team,WSN,Washington Nationals,stat,,Gold Glove
963,team,PHI,Philadelphia Phillies,stat,,Played Third Basemin. 1 game,stat,,All Star,team,ANA,Los Angeles Angels,team,STL,St. Louis Cardinals,team,TOR,Toronto  Blue Jays
964,team,CIN,Cincinnati Reds,team,OAK, Athletics,stat,,6+ WAR Season,team,NYM,New York Mets,team,CLE,Cleveland Guardians,stat,,Only One Team
965,stat,,MVP,stat,,Rookie of the Year,stat,,All Star,stat,,10+ Win SeasonPitching,stat,,10+ HR SeasonBatting,stat,,Played Center Fieldmin. 1 game
966,team,BOS,Boston   Red Sox,stat,,Played Second Basemin. 1 game,stat,,First Round Draft Pick,team,COL,Colorado Rockies,team,SEA,Seattle Mariners,stat,,30+ SB Season
967,team,MIN,Minnesota Twins,team,BAL,Baltimore Orioles,team,MIL,Milwaukee Brewers,team,HOU,Houston Astros,team,SFG,San Francisco Giants,team,LAD,Los Angeles Dodgers
968,team,KCR,Kansas City Royals,team,DET,Detroit Tigers,stat,,Played First Basemin. 1 game,team,NYY,New York Yankees,team,CLE,Cleveland Guardians,stat,,300+ HR CareerBatting
969,team,TOR,Toronto  Blue Jays,team,WSN,Washington Nationals,stat,,Born Outside US 50 States and DC,team,SDP,San Diego Padres,team,PIT,Pittsburgh Pirates,stat,,Played Shortstopmin. 1 game
970,stat,,Played Center Fieldmin. 1 game,stat,,Played First Basemin. 1 game,stat,,Played Third Basemin. 1 game,stat,,Played In Major Negro Lgs,stat,,.300+ AVG CareerBatting,stat,,Hall of Fame
971,team,SFG,San Francisco Giants,team,ANA,Los Angeles Angels,stat,,200+ K SeasonPitching,team,CHC,Chicago Cubs,team,LAD,Los Angeles Dodgers,team,CIN,Cincinnati Reds
972,stat,,6+ WAR Season,stat,,40+ WAR Career,stat,,,stat,,.300+ AVG SeasonBatting,stat,,≤ 3.00 ERA Season,stat,,Played Outfieldmin. 1 game
973,team,ATL,Atlanta Braves,stat,,Played Left Fieldmin. 1 game,stat,,Played Right Fieldmin. 1 game,team,TEX,Texas Rangers,team,FLA,Miami Marlins,stat,,Rookie of the Year
974,team,NYY,New York Yankees,team,HOU,Houston Astros,stat,,200+ Wins CareerPitching,team,CHW,Chicago  White Sox,team,PHI,Philadelphia Phillies,stat,,20+ Win SeasonPitching
975,team,OAK, Athletics,team,BOS,Boston   Red Sox,stat,,Pitchedmin. 1 game,team,STL,St. Louis Cardinals,team,MIL,Milwaukee Brewers,team,TBD,Tampa Bay Rays
976,team,TOR,Toronto  Blue Jays,stat,,Played Catchermin. 1 game,stat,,All Star,team,NYM,New York Mets,team,SEA,Seattle Mariners,team,BAL,Baltimore Orioles
977,team,ATL,Atlanta Braves,team,CHC,Chicago Cubs,stat,,30+ SB Season,team,MIN,Minnesota Twins,team,KCR,Kansas City Royals,stat,,Only One Team
978,team,CIN,Cincinnati Reds,team,TEX,Texas Rangers,stat,,200+ Hits SeasonBatting,team,DET,Detroit Tigers,team,PIT,Pittsburgh Pirates,stat,,300+ HR CareerBatting
979,stat,,Hall of Fame,stat,,Silver Slugger,stat,,Born Outside US 50 States and DC,stat,,2000+ Hits CareerBatting,stat,,Played Second Basemin. 1 game,stat,,Gold Glove
980,team,LAD,Los Angeles Dodgers,stat,,≤ 3.00 ERA Season,stat,,100+ Run SeasonBatting,team,CLE,Cleveland Guardians,team,PHI,Philadelphia Phillies,stat,,MVP
981,team,STL,St. Louis Cardinals,team,BOS,Boston   Red Sox,stat,,30+ HR SeasonBatting,team,SFG,San Francisco Giants,team,SDP,San Diego Padres,stat,,6+ WAR Season
982,team,ARI,Arizona Diamondbacks,team,WSN,Washington Nationals,team,ANA,Los Angeles Angels,team,NYY,New York Yankees,team,MIL,Milwaukee Brewers,team,MIN,Minnesota Twins
983,team,KCR,Kansas City Royals,stat,,10+ HR SeasonBatting,stat,,10+ Win SeasonPitching,team,CHW,Chicago  White Sox,team,OAK, Athletics,team,DET,Detroit Tigers
984,team,PIT,Pittsburgh Pirates,team,ATL,Atlanta Braves,stat,,Played First Basemin. 1 game,team,HOU,Houston Astros,team,NYM,New York Mets,team,CHC,Chicago Cubs
985,team,SEA,Seattle Mariners,stat,,Played Center Fieldmin. 1 game,stat,,First Round Draft Pick,team,BAL,Baltimore Orioles,team,CLE,Cleveland Guardians,team,TEX,Texas Rangers
986,stat,,Played Second Basemin. 1 game,stat,,Played Shortstopmin. 1 game,stat,,Played Outfieldmin. 1 game,stat,,All Star,stat,,Played Third Basemin. 1 game,stat,,Pitchedmin. 1 game
987,team,LAD,Los Angeles Dodgers,team,TOR,Toronto  Blue Jays,stat,,.300+ AVG SeasonBatting,team,CIN,Cincinnati Reds,team,CHW,Chicago  White Sox,stat,,30+ SB Season
988,team,MIL,Milwaukee Brewers,team,SDP,San Diego Padres,team,COL,Colorado Rockies,team,PHI,Philadelphia Phillies,team,NYY,New York Yankees,team,MIN,Minnesota Twins
989,team,BAL,Baltimore Orioles,team,DET,Detroit Tigers,stat,,2000+ Hits CareerBatting,team,BOS,Boston   Red Sox,team,STL,St. Louis Cardinals,stat,,Only One Team
990,team,ATL,Atlanta Braves,team,ANA,Los Angeles Angels,stat,,20+ Win SeasonPitching,team,SFG,San Francisco Giants,team,OAK, Athletics,stat,,2000+ K CareerPitching
991,team,WSN,Washington Nationals,stat,,100+ RBI SeasonBatting,stat,,≤ 3.00 ERA Season,team,CHC,Chicago Cubs,team,KCR,Kansas City Royals,team,HOU,Houston Astros
992,team,SDP,San Diego Padres,team,CHW,Chicago  White Sox,stat,,40+ WAR Career,team,NYM,New York Mets,team,MIL,Milwaukee Brewers,team,SEA,Seattle Mariners
993,stat,,Hall of Fame,stat,,6+ WAR Season,stat,,Born Outside US 50 States and DC,stat,,Cy Young,stat,,MVP,stat,,Rookie of the Year
994,team,FLA,Miami Marlins,stat,,200+ Wins CareerPitching,stat,,Gold Glove,team,OAK, Athletics,team,LAD,Los Angeles Dodgers,stat,,All Star
995,team,CLE,Cleveland Guardians,team,PHI,Philadelphia Phillies,stat,,Played Outfieldmin. 1 game,team,PIT,Pittsburgh Pirates,team,MIN,Minnesota Twins,team,BOS,Boston   Red Sox
996,team,NYY,New York Yankees,team,SFG,San Francisco Giants,stat,,Played First Basemin. 1 game,team,TOR,Toronto  Blue Jays,team,TEX,Texas Rangers,stat,,40+ HR SeasonBatting
997,team,ATL,Atlanta Braves,team,CHC,Chicago Cubs,stat,,Played Right Fieldmin. 1 game,team,CIN,Cincinnati Reds,team,BAL,Baltimore Orioles,stat,,Silver Slugger
998,team,NYY,New York Yankees,stat,,Played Left Fieldmin. 1 game,stat,,Designated Hittermin. 1 game,team,COL,Colorado Rockies,team,STL,St. Louis Cardinals,team,OAK, Athletics
999,team,ANA,Los Angeles Angels,team,MIL,Milwaukee Brewers,stat,,.300+ AVG SeasonBatting,team,DET,Detroit Tigers,team,SEA,Seattle Mariners,team,KCR,Kansas City Royals
1000,stat,,.300+ AVG CareerBatting,stat,,≤ 3.00 ERA CareerPitching,stat,,30+ Save SeasonPitching,stat,,All Star,stat,,Born Outside US 50 States and DC,stat,,PlayedMajor Leagues
1001,team,BOS,Boston   Red Sox,team,PHI,Philadelphia Phillies,stat,,200+ K SeasonPitching,team,NYM,New York Mets,team,CHW,Chicago  White Sox,stat,,10+ Win SeasonPitching
1002,team,TEX,Texas Rangers,team,LAD,Los Angeles Dodgers,stat,,100+ Run SeasonBatting,team,HOU,Houston Astros,team,WSN,Washington Nationals,stat,,200+ Hits SeasonBatting
1003,team,NYY,New York Yankees,team,TBD,Tampa Bay Rays,stat,,Played Shortstopmin. 1 game,team,CHC,Chicago Cubs,team,SEA,Seattle Mariners,team,ATL,Atlanta Braves
1004,team,OAK, Athletics,team,BAL,Baltimore Orioles,stat,,Gold Glove,team,SDP,San Diego Padres,team,MIN,Minnesota Twins,team,CIN,Cincinnati Reds
1005,team,TOR,Toronto  Blue Jays,team,ANA,Los Angeles Angels,stat,,300+ HR CareerBatting,team,CLE,Cleveland Guardians,team,STL,St. Louis Cardinals,stat,,2000+ Hits CareerBatting
1006,team,SFG,San Francisco Giants,team,BOS,Boston   Red Sox,team,LAD,Los Angeles Dodgers,team,PIT,Pittsburgh Pirates,team,KCR,Kansas City Royals,team,ARI,Arizona Diamondbacks
1007,stat,,Only One Team,stat,,Hall of Fame,stat,,30+ HR SeasonBatting,stat,,Played Catchermin. 1 game,stat,,First Round Draft Pick,stat,,100+ RBI SeasonBatting
1008,team,MIN,Minnesota Twins,team,HOU,Houston Astros,stat,,200+ Wins CareerPitching,team,DET,Detroit Tigers,team,CIN,Cincinnati Reds,stat,,6+ WAR Season
1009,team,NYM,New York Mets,team,TEX,Texas Rangers,stat,,Played Outfieldmin. 1 game,team,MIL,Milwaukee Brewers,team,BAL,Baltimore Orioles,stat,,.300+ AVG SeasonBatting
1010,team,OAK, Athletics,team,ATL,Atlanta Braves,stat,,Played First Basemin. 1 game,team,PHI,Philadelphia Phillies,team,SEA,Seattle Mariners,stat,,Born Outside US 50 States and DC
1011,team,ANA,Los Angeles Angels,team,CHC,Chicago Cubs,stat,,Played Second Basemin. 1 game,team,CHW,Chicago  White Sox,team,TOR,Toronto  Blue Jays,stat,,Played Center Fieldmin. 1 game
1012,team,BOS,Boston   Red Sox,stat,,10+ Win SeasonPitching,stat,,All Star,team,NYY,New York Yankees,team,MIN,Minnesota Twins,team,CIN,Cincinnati Reds
1013,team,KCR,Kansas City Royals,team,LAD,Los Angeles Dodgers,stat,,2000+ K CareerPitching,team,SDP,San Diego Padres,team,STL,St. Louis Cardinals,team,NYM,New York Mets
1014,stat,,Threw a No‑Hitter,stat,,Gold Glove,stat,,Born Outside US 50 States and DC,stat,,≤ 3.00 ERA Season,stat,,40+ WAR Career,stat,,200+ K SeasonPitching
1015,team,BAL,Baltimore Orioles,team,CHW,Chicago  White Sox,team,OAK, Athletics,team,COL,Colorado Rockies,team,CLE,Cleveland Guardians,team,WSN,Washington Nationals
1016,team,PHI,Philadelphia Phillies,stat,,Played Catchermin. 1 game,stat,,MVP,team,SFG,San Francisco Giants,team,DET,Detroit Tigers,stat,,.300+ AVG SeasonBatting
1017,team,MIL,Milwaukee Brewers,team,ATL,Atlanta Braves,stat,,30+ SB Season,team,PIT,Pittsburgh Pirates,team,STL,St. Louis Cardinals,stat,,30+ HR SeasonBatting
1018,team,NYY,New York Yankees,team,CHC,Chicago Cubs,stat,,Silver Slugger,team,HOU,Houston Astros,team,NYM,New York Mets,team,LAD,Los Angeles Dodgers
1019,team,BOS,Boston   Red Sox,team,SDP,San Diego Padres,stat,,10+ Win SeasonPitching,team,TEX,Texas Rangers,team,ANA,Los Angeles Angels,stat,,All Star
1020,team,SEA,Seattle Mariners,team,CIN,Cincinnati Reds,stat,,Pitchedmin. 1 game,team,PHI,Philadelphia Phillies,team,FLA,Miami Marlins,team,WSN,Washington Nationals
1021,stat,,Played Left Fieldmin. 1 game,stat,,Played Right Fieldmin. 1 game,stat,,Played Third Basemin. 1 game,stat,,200+ Hits SeasonBatting,stat,,100+ RBI SeasonBatting,stat,,6+ WAR Season
1022,team,TOR,Toronto  Blue Jays,team,PIT,Pittsburgh Pirates,stat,,100+ Run SeasonBatting,team,MIN,Minnesota Twins,team,KCR,Kansas City Royals,stat,,Played Center Fieldmin. 1 game
1023,team,HOU,Houston Astros,team,BAL,Baltimore Orioles,stat,,Hall of Fame,team,OAK, Athletics,team,SFG,San Francisco Giants,stat,,Born Outside US 50 States and DC
1024,team,CHC,Chicago Cubs,team,STL,St. Louis Cardinals,stat,,2000+ Hits CareerBatting,team,CLE,Cleveland Guardians,team,SEA,Seattle Mariners,stat,,First Round Draft Pick
1025,team,MIL,Milwaukee Brewers,team,ANA,Los Angeles Angels,team,DET,Detroit Tigers,team,LAD,Los Angeles Dodgers,team,ATL,Atlanta Braves,team,TBD,Tampa Bay Rays
1026,team,SDP,San Diego Padres,team,NYY,New York Yankees,stat,,20+ Win SeasonPitching,team,CHW,Chicago  White Sox,team,CIN,Cincinnati Reds,stat,,40+ WAR Career
1027,team,WSN,Washington Nationals,stat,,30+ HR SeasonBatting,stat,,30+ SB Season,team,NYM,New York Mets,team,BOS,Boston   Red Sox,team,ARI,Arizona Diamondbacks
1028,stat,,Gold Glove,stat,,Silver Slugger,stat,,Only One Team,stat,,10+ Win SeasonPitching,stat,,10+ HR SeasonBatting,stat,,Played Shortstopmin. 1 game
1029,stat,,200+ K SeasonPitching,stat,,30+ Save SeasonPitching,stat,,Played Outfieldmin. 1 game,team,TEX,Texas Rangers,team,PHI,Philadelphia Phillies,team,SFG,San Francisco Giants
1030,team,STL,St. Louis Cardinals,team,OAK, Athletics,stat,,300+ HR CareerBatting,team,PIT,Pittsburgh Pirates,team,CHW,Chicago  White Sox,stat,,.300+ AVG CareerBatting
1031,team,HOU,Houston Astros,team,LAD,Los Angeles Dodgers,stat,,Hall of Fame,team,TOR,Toronto  Blue Jays,team,SEA,Seattle Mariners,stat,,2000+ K CareerPitching
1032,team,NYM,New York Mets,team,NYY,New York Yankees,stat,,Played Third Basemin. 1 game,team,MIN,Minnesota Twins,team,DET,Detroit Tigers,stat,,Born Outside US 50 States and DC
1033,team,ANA,Los Angeles Angels,team,MIL,Milwaukee Brewers,stat,,.300+ AVG SeasonBatting,team,BAL,Baltimore Orioles,team,CHC,Chicago Cubs,stat,,All Star
1034,team,BOS,Boston   Red Sox,team,KCR,Kansas City Royals,team,TEX,Texas Rangers,team,COL,Colorado Rockies,team,ATL,Atlanta Braves,team,OAK, Athletics
1035,stat,,2000+ Hits CareerBatting,stat,,6+ WAR Season,stat,,40+ WAR Career,stat,,30+ HR /30+ SB SeasonBatting,stat,,100+ RBI SeasonBatting,stat,,Played First Basemin. 1 game
1036,team,PHI,Philadelphia Phillies,team,SFG,San Francisco Giants,stat,,Played Second Basemin. 1 game,team,CLE,Cleveland Guardians,team,WSN,Washington Nationals,team,STL,St. Louis Cardinals
1037,stat,,Played In Major Negro Lgs,stat,,Played In Major Negro Lgs,stat,,Played In Major Negro Lgs,stat,,Played In Major Negro Lgs,stat,,Played In Major Negro Lgs,stat,,Played In Major Negro Lgs
1038,team,CHW,Chicago  White Sox,team,DET,Detroit Tigers,stat,,≤ 3.00 ERA Season,team,CIN,Cincinnati Reds,team,PIT,Pittsburgh Pirates,stat,,Hall of Fame
1039,team,CHC,Chicago Cubs,team,ATL,Atlanta Braves,stat,,Played Shortstopmin. 1 game,team,OAK, Athletics,team,SDP,San Diego Padres,stat,,200+ Hits SeasonBatting
1040,team,BAL,Baltimore Orioles,team,FLA,Miami Marlins,stat,,First Round Draft Pick,team,LAD,Los Angeles Dodgers,team,NYY,New York Yankees,stat,,Gold Glove
1041,team,BOS,Boston   Red Sox,team,MIL,Milwaukee Brewers,stat,,10+ Win SeasonPitching,team,HOU,Houston Astros,team,TOR,Toronto  Blue Jays,stat,,100+ Run SeasonBatting
1042,stat,,Played Left Fieldmin. 1 game,stat,,Played Center Fieldmin. 1 game,stat,,Played Right Fieldmin. 1 game,stat,,3000+ Hits CareerBatting,stat,,300+ HR CareerBatting,stat,,.300+ AVG CareerBatting
1043,team,CIN,Cincinnati Reds,team,PHI,Philadelphia Phillies,team,TEX,Texas Rangers,team,KCR,Kansas City Royals,team,PIT,Pittsburgh Pirates,team,ANA,Los Angeles Angels
1044,stat,,Pitchedmin. 1 game,stat,,Played Catchermin. 1 game,stat,,Hall of Fame,stat,,Played In Major Negro Lgs,team,LAD,Los Angeles Dodgers,team,CLE,Cleveland Guardians
1045,team,NYM,New York Mets,team,MIN,Minnesota Twins,stat,,Only One Team,team,STL,St. Louis Cardinals,team,SEA,Seattle Mariners,stat,,200+ Wins CareerPitching
1046,team,SFG,San Francisco Giants,team,TBD,Tampa Bay Rays,stat,,Played Third Basemin. 1 game,team,CHW,Chicago  White Sox,team,SDP,San Diego Padres,stat,,All Star
1047,team,TOR,Toronto  Blue Jays,team,ARI,Arizona Diamondbacks,stat,,40+ WAR Career,team,DET,Detroit Tigers,team,OAK, Athletics,team,ATL,Atlanta Braves
1048,team,PHI,Philadelphia Phillies,team,PIT,Pittsburgh Pirates,stat,,30+ SB Season,team,CHC,Chicago Cubs,team,NYY,New York Yankees,stat,,100+ RBI SeasonBatting
1049,stat,,2000+ Hits CareerBatting,stat,,MVP,stat,,Played Shortstopmin. 1 game,stat,,30+ HR SeasonBatting,stat,,Played Outfieldmin. 1 game,stat,,Played Second Basemin. 1 game
1050,team,CLE,Cleveland Guardians,team,COL,Colorado Rockies,team,TEX,Texas Rangers,team,WSN,Washington Nationals,team,LAD,Los Angeles Dodgers,team,NYM,New York Mets
1051,stat,,Pitchedmin. 1 game,stat,,.300+ AVG CareerBatting,stat,,Played In Major Negro Lgs,stat,,.300+ AVG SeasonBatting,stat,,Born Outside US 50 States and DC,stat,,PlayedMajor Leagues
1052,team,CHC,Chicago Cubs,team,BAL,Baltimore Orioles,stat,,20+ Win SeasonPitching,team,BOS,Boston   Red Sox,team,STL,St. Louis Cardinals,team,DET,Detroit Tigers
1053,team,CIN,Cincinnati Reds,team,OAK, Athletics,stat,,Played Center Fieldmin. 1 game,team,MIL,Milwaukee Brewers,team,SFG,San Francisco Giants,stat,,6+ WAR Season
1054,team,ANA,Los Angeles Angels,stat,,Gold Glove,stat,,Hall of Fame,team,HOU,Houston Astros,team,PIT,Pittsburgh Pirates,team,NYY,New York Yankees
1055,team,CHW,Chicago  White Sox,team,CLE,Cleveland Guardians,stat,,Silver Slugger,team,MIN,Minnesota Twins,team,KCR,Kansas City Royals,stat,,30+ SB Season
1056,stat,,Only One Team,stat,,Played Catchermin. 1 game,stat,,40+ HR SeasonBatting,stat,,All Star,stat,,40+ WAR Career,stat,,Designated Hittermin. 1 game
1057,team,SFG,San Francisco Giants,team,SDP,San Diego Padres,stat,,Played Outfieldmin. 1 game,team,DET,Detroit Tigers,team,SEA,Seattle Mariners,stat,,Played First Basemin. 1 game
1058,team,LAD,Los Angeles Dodgers,team,CLE,Cleveland Guardians,stat,,Played In Major Negro Lgs,stat,,Played Shortstopmin. 1 game,stat,,10+ HR SeasonBatting,stat,,All Star
1059,team,BAL,Baltimore Orioles,stat,,Played Second Basemin. 1 game,stat,,First Round Draft Pick,team,ATL,Atlanta Braves,team,PHI,Philadelphia Phillies,team,PIT,Pittsburgh Pirates
1060,team,TOR,Toronto  Blue Jays,team,HOU,Houston Astros,team,FLA,Miami Marlins,team,CHW,Chicago  White Sox,team,STL,St. Louis Cardinals,team,NYM,New York Mets
1061,team,MIL,Milwaukee Brewers,team,NYY,New York Yankees,stat,,200+ Hits SeasonBatting,team,BOS,Boston   Red Sox,team,SFG,San Francisco Giants,stat,,.300+ AVG SeasonBatting
1062,team,CIN,Cincinnati Reds,team,MIN,Minnesota Twins,stat,,10+ HR SeasonBatting,team,TEX,Texas Rangers,team,CHC,Chicago Cubs,team,TBD,Tampa Bay Rays
1063,stat,,Hall of Fame,stat,,6+ WAR Season,stat,,Only One Team,stat,,.300+ AVG CareerBatting,stat,,≤ 3.00 ERA CareerPitching,stat,,300+ HR CareerBatting
1064,team,DET,Detroit Tigers,team,LAD,Los Angeles Dodgers,stat,,≤ 3.00 ERA Season,team,OAK, Athletics,team,WSN,Washington Nationals,team,CHW,Chicago  White Sox
1065,team,NYM,New York Mets,stat,,Played Left Fieldmin. 1 game,stat,,Played Right Fieldmin. 1 game,team,ANA,Los Angeles Angels,team,SFG,San Francisco Giants,team,ARI,Arizona Diamondbacks
1066,team,HOU,Houston Astros,team,NYY,New York Yankees,stat,,30+ HR SeasonBatting,team,CLE,Cleveland Guardians,team,KCR,Kansas City Royals,stat,,Played Center Fieldmin. 1 game
1067,team,BOS,Boston   Red Sox,team,COL,Colorado Rockies,stat,,10+ Win SeasonPitching,team,SEA,Seattle Mariners,team,STL,St. Louis Cardinals,team,SDP,San Diego Padres
1068,team,LAD,Los Angeles Dodgers,team,CHW,Chicago  White Sox,stat,,All Star,team,ATL,Atlanta Braves,team,PHI,Philadelphia Phillies,stat,,2000+ Hits CareerBatting
1069,stat,,,stat,,,stat,,,stat,,Gold Glove,stat,,Silver Slugger,stat,,.300+ AVG SeasonBatting
1070,stat,,,stat,,,stat,,,stat,,100+ RBI SeasonBatting,stat,,Played First Basemin. 1 game,stat,,10+ HR SeasonBatting
1071,stat,,,stat,,,stat,,Born Outside US 50 States and DC,stat,,PlayedMajor Leagues,stat,,Pitchedmin. 1 game,stat,,≤ 3.00 ERA Season
1072,team,TOR,Toronto  Blue Jays,team,TEX,Texas Rangers,team,CIN,Cincinnati Reds,team,BAL,Baltimore Orioles,team,SEA,Seattle Mariners,team,CLE,Cleveland Guardians
1073,team,SDP,San Diego Padres,team,WSN,Washington Nationals,stat,,Played Third Basemin. 1 game,team,PIT,Pittsburgh Pirates,team,HOU,Houston Astros,stat,,40+ WAR Career
1074,team,SFG,San Francisco Giants,team,ATL,Atlanta Braves,stat,,30+ HR SeasonBatting,team,CHC,Chicago Cubs,team,MIN,Minnesota Twins,stat,,30+ SB Season
1075,team,MIL,Milwaukee Brewers,team,OAK, Athletics,stat,,6+ WAR Season,team,NYY,New York Yankees,team,ANA,Los Angeles Angels,stat,,Played Second Basemin. 1 game
1076,team,BOS,Boston   Red Sox,team,PHI,Philadelphia Phillies,stat,,Played Left Fieldmin. 1 game,team,DET,Detroit Tigers,team,NYM,New York Mets,stat,,Hall of Fame
1077,stat,,10+ Win SeasonPitching,stat,,Threw a No‑Hitter,stat,,2000+ K CareerPitching,stat,,200+ Wins CareerPitching,stat,,Cy Young,stat,,All Star
1078,team,TEX,Texas Rangers,team,SDP,San Diego Padres,stat,,Played Right Fieldmin. 1 game,team,STL,St. Louis Cardinals,team,CHW,Chicago  White Sox,stat,,Only One Team
1079,team,LAD,Los Angeles Dodgers,team,BAL,Baltimore Orioles,stat,,Played Catchermin. 1 game,team,KCR,Kansas City Royals,team,TBD,Tampa Bay Rays,stat,,100+ RBI SeasonBatting
1080,team,ATL,Atlanta Braves,team,MIL,Milwaukee Brewers,stat,,.300+ AVG SeasonBatting,team,CLE,Cleveland Guardians,team,WSN,Washington Nationals,stat,,2000+ Hits CareerBatting
1081,team,NYM,New York Mets,stat,,Played Outfieldmin. 1 game,stat,,Pitchedmin. 1 game,team,CIN,Cincinnati Reds,team,OAK, Athletics,team,PIT,Pittsburgh Pirates
1082,team,CHC,Chicago Cubs,team,TOR,Toronto  Blue Jays,stat,,40+ WAR Career,team,NYY,New York Yankees,team,FLA,Miami Marlins,stat,,300+ HR CareerBatting
1083,team,BAL,Baltimore Orioles,team,ANA,Los Angeles Angels,stat,,Gold Glove,team,SEA,Seattle Mariners,team,CHW,Chicago  White Sox,stat,,Played First Basemin. 1 game
1084,stat,,Born Outside US 50 States and DC,stat,,Hall of Fame,stat,,All Star,stat,,30+ HR SeasonBatting,stat,,30+ SB Season,stat,,40+ 2B SeasonBatting
1085,team,CLE,Cleveland Guardians,stat,,10+ HR SeasonBatting,stat,,10+ Win SeasonPitching,team,ARI,Arizona Diamondbacks,team,BOS,Boston   Red Sox,team,SFG,San Francisco Giants
1086,team,HOU,Houston Astros,team,PHI,Philadelphia Phillies,stat,,Played Shortstopmin. 1 game,team,MIN,Minnesota Twins,team,TEX,Texas Rangers,stat,,6+ WAR Season
1087,team,MIL,Milwaukee Brewers,team,KCR,Kansas City Royals,stat,,First Round Draft Pick,team,DET,Detroit Tigers,team,SDP,San Diego Padres,stat,,Played Third Basemin. 1 game
1088,team,STL,St. Louis Cardinals,team,ATL,Atlanta Braves,team,COL,Colorado Rockies,team,OAK, Athletics,team,NYY,New York Yankees,team,CIN,Cincinnati Reds
1089,team,BOS,Boston   Red Sox,team,PIT,Pittsburgh Pirates,stat,,Played Second Basemin. 1 game,team,LAD,Los Angeles Dodgers,team,SFG,San Francisco Giants,stat,,.300+ AVG SeasonBatting
1090,team,NYM,New York Mets,stat,,Played Outfieldmin. 1 game,stat,,30+ Save SeasonPitching,team,CHC,Chicago Cubs,team,CHW,Chicago  White Sox,team,BAL,Baltimore Orioles
1091,stat,,Played Catchermin. 1 game,stat,,Played First Basemin. 1 game,stat,,40+ HR SeasonBatting,stat,,MVP,stat,,Only One Team,stat,,Born Outside US 50 States and DC
1092,team,TEX,Texas Rangers,stat,,≤ 3.00 ERA Season,stat,,10+ HR SeasonBatting,team,TOR,Toronto  Blue Jays,team,NYY,New York Yankees,stat,,40+ WAR Career
1093,team,ANA,Los Angeles Angels,team,STL,St. Louis Cardinals,stat,,Played Center Fieldmin. 1 game,team,WSN,Washington Nationals,team,MIN,Minnesota Twins,stat,,Gold Glove
1094,team,CLE,Cleveland Guardians,team,PHI,Philadelphia Phillies,stat,,100+ RBI SeasonBatting,team,SEA,Seattle Mariners,team,SDP,San Diego Padres,stat,,200+ Hits SeasonBatting
1095,team,DET,Detroit Tigers,team,ATL,Atlanta Braves,stat,,300+ HR CareerBatting,team,HOU,Houston Astros,team,NYM,New York Mets,team,PIT,Pittsburgh Pirates
1096,team,CIN,Cincinnati Reds,team,BAL,Baltimore Orioles,stat,,100+ Run SeasonBatting,team,OAK, Athletics,team,LAD,Los Angeles Dodgers,stat,,All Star
1097,team,CHC,Chicago Cubs,team,SFG,San Francisco Giants,stat,,Pitchedmin. 1 game,team,KCR,Kansas City Royals,team,TEX,Texas Rangers,stat,,6+ WAR Season
1098,stat,,Played Left Fieldmin. 1 game,stat,,Played Center Fieldmin. 1 game,stat,,Played Right Fieldmin. 1 game,stat,,2000+ Hits CareerBatting,stat,,30+ SB Season,stat,,.300+ AVG SeasonBatting
1099,team,PHI,Philadelphia Phillies,team,MIN,Minnesota Twins,stat,,Silver Slugger,team,MIL,Milwaukee Brewers,team,BOS,Boston   Red Sox,stat,,Born Outside US 50 States and DC
1100,team,STL,St. Louis Cardinals,team,NYY,New York Yankees,stat,,Played Second Basemin. 1 game,team,DET,Detroit Tigers,team,TBD,Tampa Bay Rays,stat,,Played Outfieldmin. 1 game
1101,team,SEA,Seattle Mariners,stat,,Played Catchermin. 1 game,stat,,Played Shortstopmin. 1 game,team,CHW,Chicago  White Sox,team,PIT,Pittsburgh Pirates,stat,,10+ HR SeasonBatting
1102,team,SDP,San Diego Padres,team,SFG,San Francisco Giants,team,ANA,Los Angeles Angels,team,FLA,Miami Marlins,team,TOR,Toronto  Blue Jays,team,ATL,Atlanta Braves
