playerID,yearID,stint,teamID,lgID,G,AB,R,H,2B,3B,HR,RBI,SB,CS,BB,SO,IBB,HBP,SH,SF,GIDP,WAR
abbotco01,2021,1,CHN,NL,8,3,0,1,0,0,0,0.0,0.0,0.0,0,1.0,0.0,0.0,0.0,0.0,0.0,0.0
abramcj01,2022,1,SDN,NL,46,125,16,29,5,0,2,11.0,1.0,2.0,4,27.0,0.0,6.0,2.0,2.0,4.0,0.1
abramcj01,2022,2,WAS,NL,44,159,17,41,7,2,0,10.0,6.0,2.0,1,23.0,0.0,3.0,0.0,0.0,1.0,0.0
abramcj01,2023,1,WAS,NL,151,563,83,138,28,6,18,64.0,47.0,4.0,32,118.0,2.0,13.0,3.0,3.0,7.0,3.5
abramcj01,2024,1,WAS,NL,138,541,79,133,29,6,20,65.0,31.0,12.0,40,128.0,3.0,16.0,1.0,4.0,4.0,3.3
abramcj01,2025,1,WAS,NL,144,580,92,149,35,5,19,60.0,31.0,3.0,37,125.0,1.0,14.0,1.0,3.0,5.0,3.4
abreujo02,2020,1,CHA,AL,60,240,43,76,15,0,19,60.0,0.0,0.0,18,59.0,1.0,3.0,0.0,1.0,10.0,2.7
abreujo02,2021,1,CHA,AL,152,566,86,148,30,2,30,117.0,1.0,0.0,61,143.0,3.0,22.0,0.0,10.0,28.0,3.0
abreujo02,2022,1,CHA,AL,157,601,85,183,40,0,15,75.0,0.0,0.0,62,110.0,2.0,12.0,0.0,4.0,19.0,4.3
abreujo02,2023,1,HOU,AL,141,540,62,128,23,1,18,90.0,0.0,1.0,42,130.0,1.0,6.0,0.0,6.0,16.0,-0.1
abreujo02,2024,1,HOU,AL,35,113,10,14,2,0,2,7.0,0.0,0.0,4,28.0,0.0,2.0,0.0,1.0,4.0,-1.7
abreuwi02,2023,1,BOS,AL,28,76,10,24,6,0,2,14.0,3.0,1.0,9,23.0,0.0,0.0,0.0,0.0,0.0,0.7
abreuwi02,2024,1,BOS,AL,132,399,59,101,33,2,15,58.0,8.0,3.0,40,125.0,0.0,3.0,0.0,5.0,7.0,3.6
abreuwi02,2025,1,BOS,AL,115,373,53,92,17,0,22,69.0,6.0,3.0,40,101.0,5.0,0.0,1.0,3.0,8.0,3.2
acostma02,2025,1,MIA,NL,19,54,7,11,1,0,3,5.0,1.0,2.0,6,17.0,0.0,1.0,0.0,0.0,0.0,0.0
acunalu01,2024,1,NYN,NL,14,39,6,12,2,1,3,6.0,0.0,1.0,1,6.0,0.0,0.0,0.0,0.0,1.0,0.5
acunalu01,2025,1,NYN,NL,95,175,30,41,7,0,0,8.0,16.0,1.0,13,37.0,0.0,2.0,2.0,1.0,6.0,0.6
acunaro01,2020,1,ATL,NL,46,160,46,40,11,0,14,29.0,8.0,1.0,38,60.0,2.0,4.0,0.0,0.0,3.0,2.4
acunaro01,2021,1,ATL,NL,82,297,72,84,19,1,24,52.0,17.0,6.0,49,85.0,2.0,9.0,0.0,5.0,0.0,3.5
acunaro01,2022,1,ATL,NL,119,467,71,124,24,0,15,50.0,29.0,11.0,53,126.0,4.0,10.0,0.0,3.0,8.0,2.3
acunaro01,2023,1,ATL,NL,158,643,149,217,35,4,41,106.0,73.0,14.0,80,84.0,3.0,9.0,0.0,3.0,15.0,8.4
acunaro01,2024,1,ATL,NL,49,192,38,48,8,1,4,15.0,16.0,3.0,27,53.0,0.0,3.0,0.0,0.0,4.0,0.0
acunaro01,2025,1,ATL,NL,95,338,74,98,12,1,21,42.0,9.0,1.0,71,102.0,4.0,3.0,0.0,0.0,5.0,3.0
adamewi01,2020,1,TBA,AL,54,185,29,48,15,1,8,23.0,2.0,1.0,20,74.0,0.0,0.0,0.0,0.0,4.0,1.8
adamewi01,2021,1,TBA,AL,41,132,16,26,6,1,5,15.0,1.0,2.0,10,51.0,0.0,0.0,0.0,0.0,1.0,0.7
adamewi01,2021,2,MIL,NL,99,365,61,104,26,0,20,58.0,4.0,2.0,47,105.0,1.0,0.0,0.0,1.0,8.0,3.6
adamewi01,2022,1,MIL,NL,139,563,83,134,31,0,31,98.0,8.0,3.0,49,166.0,3.0,1.0,0.0,4.0,11.0,4.3
adamewi01,2023,1,MIL,NL,149,553,73,120,29,2,24,80.0,5.0,3.0,71,165.0,1.0,6.0,0.0,6.0,12.0,2.9
adamewi01,2024,1,MIL,NL,161,610,93,153,33,0,32,112.0,21.0,4.0,74,173.0,3.0,1.0,0.0,3.0,12.0,3.2
adamewi01,2025,1,SFN,NL,160,591,94,133,22,2,30,87.0,12.0,4.0,80,179.0,2.0,5.0,0.0,9.0,9.0,3.7
adamsau02,2020,1,SDN,NL,3,1,0,0,0,0,0,0.0,0.0,0.0,0,1.0,0.0,0.0,0.0,0.0,0.0,0.0
adamsjo03,2023,1,LAA,AL,17,39,1,5,0,0,0,1.0,1.0,2.0,0,16.0,0.0,0.0,0.0,1.0,0.0,-0.7
adamsjo03,2024,1,LAA,AL,11,35,4,8,0,0,1,4.0,2.0,0.0,3,12.0,0.0,0.0,0.0,0.0,1.0,-0.2
adamsjo03,2025,1,BAL,AL,10,5,1,0,0,0,0,0.0,0.0,0.0,0,2.0,0.0,0.0,0.0,0.0,0.0,-0.1
adamsma01,2020,1,ATL,NL,16,49,4,9,2,0,2,9.0,0.0,0.0,2,18.0,0.0,0.0,0.0,0.0,3.0,-0.4
adamsma01,2021,1,COL,NL,22,36,3,6,1,0,0,2.0,0.0,0.0,4,9.0,1.0,0.0,0.0,0.0,1.0,-0.3
adamsri03,2021,1,TOR,AL,12,28,2,3,2,0,0,0.0,0.0,0.0,2,12.0,0.0,0.0,0.0,0.0,1.0,-0.4
adamsri03,2021,2,WAS,NL,35,71,11,19,6,1,2,10.0,0.0,0.0,13,28.0,0.0,6.0,0.0,0.0,1.0,0.9
adamsri03,2022,1,WAS,NL,48,142,14,25,4,0,5,10.0,0.0,1.0,12,46.0,0.0,1.0,0.0,0.0,2.0,0.0
adamsri03,2023,1,WAS,NL,44,143,8,39,13,2,4,21.0,0.0,0.0,11,45.0,0.0,2.0,1.0,1.0,5.0,1.1
adamsri03,2024,1,WAS,NL,41,116,10,26,5,1,2,8.0,1.0,0.0,10,35.0,1.0,2.0,0.0,2.0,4.0,0.2
adamsri03,2025,1,WAS,NL,83,263,29,49,8,0,8,24.0,1.0,0.0,18,110.0,0.0,5.0,0.0,0.0,6.0,0.4
adelljo01,2020,1,LAA,AL,38,124,9,20,4,0,3,7.0,0.0,1.0,7,55.0,0.0,1.0,0.0,0.0,3.0,-1.4
adelljo01,2021,1,LAA,AL,35,130,17,32,5,2,4,26.0,2.0,1.0,8,32.0,0.0,1.0,1.0,0.0,3.0,0.2
adelljo01,2022,1,LAA,AL,88,268,22,60,12,2,8,27.0,4.0,2.0,11,107.0,0.0,4.0,0.0,1.0,6.0,-0.7
adelljo01,2023,1,LAA,AL,16,58,7,12,3,1,3,6.0,1.0,0.0,4,25.0,0.0,0.0,0.0,0.0,1.0,0.3
adelljo01,2024,1,LAA,AL,130,405,54,84,15,2,20,62.0,15.0,10.0,35,126.0,1.0,7.0,0.0,3.0,9.0,0.8
adelljo01,2025,1,LAA,AL,152,526,63,124,18,1,37,98.0,5.0,1.0,33,151.0,0.0,10.0,0.0,1.0,10.0,1.2
adonjo01,2021,1,WAS,NL,1,2,0,0,0,0,0,0.0,0.0,0.0,0,2.0,0.0,0.0,0.0,0.0,0.0,0.0
adriaeh01,2020,1,MIN,AL,44,89,10,17,7,0,0,3.0,1.0,0.0,11,23.0,0.0,1.0,0.0,0.0,3.0,0.2
adriaeh01,2021,1,ATL,NL,109,182,32,45,9,2,5,28.0,0.0,0.0,21,42.0,0.0,2.0,1.0,3.0,4.0,0.5
adriaeh01,2022,1,WAS,NL,31,84,5,15,2,0,0,7.0,1.0,0.0,8,22.0,0.0,1.0,0.0,1.0,2.0,-0.5
adriaeh01,2022,2,ATL,NL,6,13,3,2,1,0,0,0.0,0.0,0.0,3,3.0,0.0,0.0,0.0,0.0,0.0,0.1
adriaeh01,2023,1,ATL,NL,5,10,0,0,0,0,0,0.0,0.0,0.0,1,4.0,0.0,0.0,0.0,0.0,0.0,-0.3
adriaeh01,2024,1,LAA,AL,8,26,4,5,1,0,1,2.0,0.0,0.0,2,11.0,0.0,0.0,0.0,0.0,1.0,0.1
aguilje01,2020,1,MIA,NL,51,188,31,52,10,0,8,34.0,0.0,1.0,23,40.0,0.0,1.0,0.0,4.0,5.0,0.5
aguilje01,2021,1,MIA,NL,131,449,49,117,23,0,22,93.0,0.0,0.0,46,93.0,4.0,3.0,0.0,7.0,11.0,1.3
aguilje01,2022,1,MIA,NL,113,415,37,98,18,0,15,49.0,1.0,0.0,27,106.0,1.0,4.0,0.0,5.0,8.0,-0.7
aguilje01,2022,2,BAL,AL,16,49,2,11,1,0,1,2.0,0.0,0.0,1,13.0,0.0,0.0,0.0,0.0,0.0,-0.3
aguilje01,2023,1,OAK,AL,36,104,8,23,2,0,5,9.0,0.0,0.0,8,31.0,2.0,1.0,0.0,1.0,3.0,-0.6
aguilry01,2022,1,LAA,AL,7,22,2,3,1,0,0,2.0,0.0,0.0,2,14.0,0.0,1.0,0.0,1.0,0.0,-0.3
ahmedni01,2020,1,ARI,NL,57,199,29,53,10,1,5,29.0,4.0,0.0,18,46.0,0.0,0.0,0.0,0.0,3.0,1.6
ahmedni01,2021,1,ARI,NL,129,434,46,96,30,3,5,38.0,7.0,2.0,34,104.0,3.0,2.0,2.0,1.0,9.0,0.8
ahmedni01,2022,1,ARI,NL,17,52,7,12,2,0,3,7.0,0.0,1.0,2,15.0,0.0,0.0,0.0,0.0,2.0,-0.1
ahmedni01,2023,1,ARI,NL,72,198,14,42,10,1,2,17.0,5.0,1.0,12,52.0,0.0,0.0,0.0,0.0,0.0,-0.3
ahmedni01,2024,1,SFN,NL,52,155,13,36,6,1,1,15.0,1.0,1.0,10,35.0,0.0,1.0,3.0,3.0,6.0,-0.2
ahmedni01,2024,2,LAN,NL,17,48,6,11,0,0,1,2.0,1.0,0.0,1,14.0,0.0,0.0,0.0,0.0,0.0,-0.1
ahmedni01,2024,3,SDN,NL,2,7,1,1,0,0,0,0.0,0.0,0.0,0,2.0,0.0,0.0,0.0,0.0,0.0,-0.2
ahmedni01,2025,1,TEX,AL,5,9,1,0,0,0,0,0.0,1.0,0.0,1,3.0,0.0,0.0,0.0,0.0,1.0,0.1
akinke01,2021,1,BAL,AL,24,2,0,0,0,0,0,0.0,0.0,0.0,0,2.0,0.0,0.0,0.0,0.0,0.0,0.0
akiyash01,2020,1,CIN,NL,54,155,16,38,6,1,0,9.0,7.0,3.0,25,34.0,0.0,2.0,0.0,0.0,1.0,0.7
akiyash01,2021,1,CIN,NL,88,162,16,33,8,0,0,12.0,2.0,3.0,14,40.0,1.0,4.0,1.0,1.0,1.0,-0.9
alanirj01,2021,1,CIN,NL,3,1,0,0,0,0,0,0.0,0.0,0.0,0,1.0,0.0,0.0,0.0,0.0,0.0,0.0
alberha01,2020,1,BAL,AL,54,219,35,62,15,0,3,22.0,3.0,0.0,5,30.0,0.0,3.0,2.0,2.0,6.0,0.7
alberha01,2021,1,KCA,AL,103,241,25,65,20,3,2,24.0,3.0,1.0,4,26.0,0.0,4.0,4.0,2.0,1.0,0.6
alberha01,2022,1,LAN,NL,73,156,13,38,9,2,2,15.0,0.0,1.0,3,25.0,0.0,0.0,0.0,0.0,7.0,0.0
alberha01,2023,1,CHA,AL,30,82,11,18,5,0,3,16.0,0.0,0.0,4,13.0,0.0,1.0,2.0,1.0,1.0,0.3
albieoz01,2020,1,ATL,NL,29,118,21,32,5,0,6,19.0,3.0,1.0,5,30.0,0.0,1.0,0.0,0.0,0.0,0.8
albieoz01,2021,1,ATL,NL,156,629,103,163,40,7,30,106.0,20.0,4.0,47,128.0,2.0,3.0,0.0,7.0,4.0,3.8
albieoz01,2022,1,ATL,NL,64,247,36,61,16,0,8,35.0,3.0,5.0,16,47.0,0.0,2.0,0.0,4.0,0.0,0.8
albieoz01,2023,1,ATL,NL,148,596,96,167,30,5,33,109.0,13.0,1.0,46,107.0,2.0,8.0,0.0,8.0,9.0,5.0
albieoz01,2024,1,ATL,NL,99,399,52,100,29,1,10,53.0,8.0,1.0,27,65.0,0.0,5.0,0.0,4.0,6.0,1.6
albieoz01,2025,1,ATL,NL,157,603,74,145,23,2,16,74.0,14.0,3.0,55,94.0,2.0,4.0,0.0,5.0,9.0,2.1
alcanke01,2024,1,CHN,NL,3,10,1,1,0,0,0,0.0,0.0,0.0,0,1.0,0.0,0.0,0.0,0.0,0.0,-0.2
alcanke01,2025,1,CHN,NL,10,11,2,4,0,0,0,1.0,1.0,0.0,1,4.0,0.0,0.0,0.0,0.0,0.0,0.1
alcansa01,2021,1,MIA,NL,33,58,0,2,1,0,0,0.0,0.0,0.0,3,45.0,0.0,1.0,2.0,0.0,0.0,-0.3
alcanse01,2020,1,DET,AL,10,21,2,3,0,1,1,1.0,0.0,0.0,2,4.0,0.0,0.0,0.0,0.0,0.0,-0.3
alcanse01,2021,1,CHN,NL,89,220,30,45,6,3,5,17.0,3.0,0.0,30,74.0,2.0,2.0,1.0,2.0,3.0,0.4
alcanse01,2022,1,ARI,NL,23,53,6,10,2,1,1,7.0,0.0,0.0,1,13.0,0.0,0.0,1.0,1.0,1.0,0.1
alcanse01,2022,2,SDN,NL,22,35,3,4,0,0,0,3.0,0.0,2.0,2,12.0,0.0,0.0,0.0,1.0,0.0,-0.2
alcanse01,2022,3,ARI,NL,48,117,17,31,6,0,5,19.0,1.0,0.0,9,32.0,0.0,1.0,1.0,2.0,5.0,0.1
alcanse01,2025,1,SFN,NL,1,4,0,0,0,0,0,0.0,0.0,0.0,0,2.0,0.0,0.0,0.0,0.0,0.0,-0.1
alexabl01,2024,1,ARI,NL,61,166,19,41,7,0,3,21.0,3.0,1.0,15,49.0,0.0,3.0,1.0,0.0,1.0,0.0
alexabl01,2025,1,ARI,NL,74,230,31,53,12,1,7,28.0,4.0,6.0,22,86.0,0.0,10.0,3.0,1.0,5.0,1.7
alexacj01,2024,1,KCA,AL,4,8,0,1,0,0,0,0.0,0.0,0.0,0,3.0,0.0,0.0,0.0,0.0,0.0,-0.2
alexacj01,2025,1,ATH,AL,6,17,0,3,0,0,0,0.0,0.0,0.0,0,8.0,0.0,0.0,0.0,0.0,0.0,-0.2
alexaty01,2021,1,DET,AL,41,2,0,0,0,0,0,0.0,0.0,0.0,0,1.0,0.0,0.0,0.0,0.0,0.0,0.0
alexaty01,2025,2,CHA,AL,31,1,0,0,0,0,0,0.0,0.0,0.0,0,0.0,0.0,0.0,0.0,0.0,0.0,0.0
alfarjo01,2020,1,MIA,NL,31,93,12,21,2,0,3,16.0,2.0,0.0,4,36.0,1.0,3.0,0.0,0.0,2.0,-0.4
alfarjo01,2021,1,MIA,NL,92,295,22,72,15,1,4,30.0,8.0,1.0,11,99.0,0.0,5.0,0.0,0.0,8.0,-0.5
alfarjo01,2022,1,SDN,NL,82,256,25,63,14,0,7,40.0,1.0,0.0,11,98.0,0.0,4.0,0.0,3.0,5.0,0.8
alfarjo01,2023,1,COL,NL,10,31,2,5,4,0,1,4.0,0.0,0.0,0,12.0,0.0,1.0,0.0,0.0,2.0,-0.4
alfarjo01,2023,2,BOS,AL,8,17,0,2,0,0,0,0.0,0.0,0.0,2,3.0,0.0,1.0,0.0,0.0,1.0,-0.1
alfarjo01,2025,1,WAS,NL,14,39,3,10,2,0,0,3.0,1.0,0.0,0,14.0,0.0,0.0,0.0,0.0,0.0,-0.3
alforan01,2020,1,TOR,AL,13,16,3,3,0,0,1,3.0,3.0,0.0,0,7.0,0.0,0.0,0.0,0.0,0.0,-0.2
alforan01,2020,2,PIT,NL,5,12,2,3,0,1,1,4.0,0.0,0.0,1,1.0,0.0,0.0,0.0,0.0,0.0,-0.1
alforan01,2021,1,PIT,NL,49,133,14,31,6,1,5,11.0,5.0,6.0,12,58.0,1.0,3.0,0.0,0.0,4.0,0.2
alforan01,2022,1,PIT,NL,2,4,0,1,0,0,0,0.0,0.0,0.0,0,2.0,0.0,0.0,0.0,0.0,0.0,0.0
allarko01,2021,1,TEX,AL,32,2,0,0,0,0,0,0.0,0.0,0.0,0,1.0,0.0,0.0,0.0,0.0,0.0,0.0
allenau01,2020,1,OAK,AL,14,31,1,6,1,0,1,3.0,0.0,0.0,1,14.0,0.0,0.0,0.0,0.0,0.0,-0.2
allenau01,2021,1,OAK,AL,4,8,2,2,0,0,1,1.0,0.0,0.0,0,3.0,0.0,0.0,0.0,0.0,0.0,0.2
allenau01,2022,1,OAK,AL,5,14,1,1,0,0,0,0.0,0.0,0.0,1,9.0,0.0,1.0,0.0,0.0,1.0,0.0
allengr01,2020,1,CLE,AL,15,25,3,4,1,0,1,4.0,1.0,0.0,1,9.0,0.0,1.0,0.0,1.0,0.0,0.0
allengr01,2020,2,SDN,NL,1,1,1,0,0,0,0,0.0,1.0,0.0,2,1.0,0.0,1.0,0.0,0.0,0.0,0.1
allengr01,2021,1,NYA,AL,15,37,9,10,4,1,0,2.0,5.0,0.0,5,13.0,0.0,5.0,0.0,1.0,0.0,0.5
allengr01,2022,1,PIT,NL,46,118,17,22,4,0,2,8.0,8.0,2.0,10,42.0,0.0,2.0,3.0,1.0,2.0,0.1
allengr01,2023,1,NYA,AL,22,23,6,5,1,1,1,1.0,3.0,1.0,2,10.0,0.0,2.0,1.0,0.0,0.0,0.0
allengr01,2025,1,BAL,AL,7,14,1,0,0,0,0,0.0,0.0,1.0,0,5.0,0.0,0.0,0.0,0.0,2.0,-0.4
allenlo01,2021,1,CLE,AL,14,1,0,0,0,0,0,0.0,0.0,0.0,0,1.0,0.0,0.0,0.0,0.0,0.0,0.0
allenni02,2022,1,OAK,AL,100,299,31,62,13,0,4,19.0,3.0,2.0,19,64.0,0.0,1.0,6.0,1.0,5.0,1.1
allenni02,2023,1,OAK,AL,106,303,29,67,4,2,4,20.0,5.0,1.0,17,52.0,0.0,1.0,6.0,2.0,8.0,0.2
allenni02,2024,1,OAK,AL,41,97,6,17,4,0,1,4.0,0.0,0.0,5,20.0,0.0,0.0,3.0,0.0,0.0,0.2
allenni02,2025,1,ATL,NL,135,371,32,82,11,0,0,22.0,8.0,7.0,31,99.0,0.0,3.0,8.0,3.0,8.0,0.6
almonab01,2020,1,SDN,NL,7,11,0,1,0,0,0,0.0,1.0,1.0,2,4.0,0.0,0.0,0.0,0.0,0.0,-0.2
almonab01,2021,1,ATL,NL,64,148,20,32,12,0,5,19.0,1.0,1.0,26,38.0,0.0,0.0,0.0,1.0,2.0,-0.7
almonab01,2022,1,BOS,AL,15,35,7,9,2,0,1,2.0,1.0,0.0,1,12.0,0.0,1.0,0.0,0.0,1.0,0.0
almonab01,2023,1,NYN,NL,8,15,1,1,1,0,0,0.0,0.0,0.0,1,8.0,0.0,0.0,0.0,0.0,0.0,-0.3
almonye01,2021,1,COL,NL,48,3,0,0,0,0,0,0.0,0.0,0.0,0,2.0,0.0,0.0,0.0,0.0,0.0,0.0
almoral01,2020,1,CHN,NL,28,30,4,5,1,0,0,1.0,0.0,0.0,3,9.0,0.0,1.0,0.0,0.0,0.0,-0.1
almoral01,2021,1,NYN,NL,47,52,3,6,3,0,0,0.0,0.0,0.0,2,17.0,0.0,0.0,0.0,0.0,1.0,-0.7
almoral01,2022,1,CIN,NL,64,215,26,48,10,1,5,29.0,3.0,2.0,17,46.0,0.0,1.0,1.0,1.0,9.0,0.6
alonspe01,2020,1,NYN,NL,57,208,31,48,6,0,16,35.0,1.0,0.0,24,61.0,4.0,6.0,0.0,1.0,4.0,0.1
alonspe01,2021,1,NYN,NL,152,561,81,147,27,3,37,94.0,3.0,0.0,60,127.0,6.0,12.0,0.0,4.0,20.0,4.1
alonspe01,2022,1,NYN,NL,160,597,95,162,27,0,40,131.0,5.0,1.0,67,128.0,16.0,12.0,0.0,9.0,17.0,4.4
alonspe01,2023,1,NYN,NL,153,568,92,123,21,2,46,118.0,4.0,1.0,65,151.0,6.0,21.0,0.0,4.0,17.0,3.3
alonspe01,2024,1,NYN,NL,162,608,91,146,31,0,34,88.0,3.0,0.0,70,172.0,4.0,13.0,0.0,4.0,14.0,2.5
alonspe01,2025,1,NYN,NL,162,624,87,170,41,1,38,126.0,1.0,2.0,61,162.0,5.0,15.0,0.0,9.0,23.0,3.4
altuvjo01,2020,1,HOU,AL,48,192,32,42,9,0,5,18.0,2.0,3.0,17,39.0,0.0,1.0,0.0,0.0,5.0,-0.3
altuvjo01,2021,1,HOU,AL,146,601,117,167,32,1,31,83.0,5.0,3.0,66,91.0,3.0,4.0,1.0,6.0,9.0,4.5
altuvjo01,2022,1,HOU,AL,141,527,103,158,39,0,28,57.0,18.0,1.0,66,87.0,2.0,10.0,0.0,1.0,13.0,5.2
altuvjo01,2023,1,HOU,AL,89,360,76,112,21,2,17,51.0,14.0,2.0,44,71.0,0.0,5.0,0.0,1.0,9.0,2.8
altuvjo01,2024,1,HOU,AL,153,628,94,185,31,0,20,65.0,22.0,7.0,47,119.0,2.0,7.0,0.0,0.0,15.0,3.2
altuvjo01,2025,1,HOU,AL,155,588,80,156,24,1,26,77.0,10.0,6.0,55,109.0,5.0,4.0,1.0,6.0,20.0,0.5
aluja01,2023,1,WAS,NL,51,159,14,36,2,1,2,16.0,5.0,1.0,10,42.0,0.0,3.0,1.0,2.0,2.0,-0.1
alvarar01,2024,1,OAK,AL,16,37,7,9,1,0,0,2.0,1.0,0.0,2,8.0,0.0,0.0,0.0,0.0,1.0,-0.4
alvared01,2020,1,MIA,NL,12,37,6,7,1,0,0,2.0,2.0,0.0,3,16.0,0.0,1.0,0.0,0.0,0.0,0.0
alvared01,2021,1,MIA,NL,24,64,8,12,4,1,1,6.0,1.0,0.0,4,18.0,1.0,6.0,0.0,0.0,2.0,0.1
alvared01,2022,1,LAN,NL,14,25,1,4,0,0,0,3.0,1.0,0.0,0,9.0,0.0,0.0,1.0,1.0,1.0,-0.5
alvared01,2024,1,NYN,NL,13,9,2,0,0,0,0,0.0,0.0,0.0,1,2.0,0.0,1.0,0.0,0.0,0.0,0.1
alvarfr01,2022,1,NYN,NL,5,12,3,2,1,0,1,1.0,0.0,0.0,2,4.0,0.0,0.0,0.0,0.0,1.0,0.0
alvarfr01,2023,1,NYN,NL,123,382,51,80,12,0,25,63.0,2.0,0.0,34,110.0,0.0,6.0,0.0,1.0,14.0,1.0
alvarfr01,2024,1,NYN,NL,100,308,39,73,14,2,11,47.0,1.0,1.0,30,86.0,0.0,2.0,0.0,2.0,7.0,0.8
alvarfr01,2025,1,NYN,NL,76,246,32,63,12,1,11,32.0,0.0,0.0,27,73.0,0.0,4.0,0.0,0.0,6.0,1.9
alvarjo02,2021,1,SFN,NL,67,2,1,0,0,0,0,0.0,0.0,0.0,2,2.0,0.0,0.0,1.0,0.0,0.0,0.1
alvarjo03,2022,1,PHI,NL,59,1,0,0,0,0,0,0.0,0.0,0.0,0,1.0,0.0,0.0,0.0,0.0,0.0,0.0
alvarna01,2024,1,ATL,NL,8,30,1,3,0,0,0,0.0,0.0,0.0,0,10.0,0.0,2.0,0.0,0.0,1.0,-0.5
alvarna01,2025,1,ATL,NL,58,188,18,44,12,0,2,15.0,0.0,0.0,12,49.0,0.0,5.0,2.0,1.0,1.0,0.8
alvaryo01,2020,1,HOU,AL,2,8,2,2,0,0,1,4.0,0.0,0.0,0,1.0,0.0,1.0,0.0,0.0,1.0,0.1
alvaryo01,2021,1,HOU,AL,144,537,92,149,35,1,33,104.0,1.0,0.0,50,145.0,3.0,8.0,0.0,3.0,16.0,3.1
alvaryo01,2022,1,HOU,AL,135,470,95,144,29,2,37,97.0,1.0,1.0,78,106.0,9.0,6.0,0.0,7.0,12.0,6.8
alvaryo01,2023,1,HOU,AL,114,410,77,120,24,1,31,97.0,0.0,0.0,69,92.0,5.0,13.0,0.0,4.0,7.0,4.5
alvaryo01,2024,1,HOU,AL,147,552,88,170,34,2,35,86.0,6.0,0.0,69,95.0,16.0,10.0,0.0,4.0,14.0,5.2
alvaryo01,2025,1,HOU,AL,48,165,17,45,8,0,6,27.0,1.0,1.0,28,33.0,5.0,0.0,0.0,6.0,1.0,0.7
alzolad01,2021,1,CHN,NL,30,31,1,2,1,0,0,0.0,0.0,0.0,1,13.0,0.0,0.0,1.0,0.0,1.0,-0.2
amadoad01,2024,1,COL,NL,10,35,1,6,1,0,0,0.0,1.0,0.0,1,6.0,0.0,0.0,0.0,0.0,1.0,-0.4
amadoad01,2025,1,COL,NL,41,113,5,20,7,0,1,10.0,1.0,1.0,11,27.0,0.0,1.0,3.0,0.0,2.0,-1.2
amayaja01,2023,1,MIA,NL,4,9,1,2,0,0,0,2.0,1.0,0.0,0,1.0,0.0,0.0,0.0,0.0,0.0,0.0
amayaja01,2024,1,HOU,AL,1,1,0,0,0,0,0,0.0,0.0,0.0,0,0.0,0.0,0.0,0.0,0.0,0.0,0.0
amayaja01,2024,2,CHA,AL,23,67,4,12,1,0,0,3.0,1.0,0.0,4,28.0,0.0,0.0,0.0,0.0,3.0,0.0
amayaja01,2025,1,CHA,AL,37,66,7,7,1,0,0,8.0,2.0,0.0,3,16.0,0.0,0.0,1.0,3.0,1.0,-1.0
amayami01,2023,1,CHN,NL,53,131,17,28,4,0,5,18.0,0.0,0.0,12,40.0,0.0,11.0,1.0,1.0,2.0,0.3
amayami01,2024,1,CHN,NL,117,328,32,76,13,2,8,47.0,0.0,0.0,23,62.0,0.0,4.0,5.0,3.0,5.0,2.0
amayami01,2025,1,CHN,NL,28,96,14,27,9,0,4,25.0,0.0,0.0,4,22.0,0.0,1.0,1.0,1.0,0.0,1.1
amburtr01,2021,1,NYA,AL,2,4,0,0,0,0,0,0.0,0.0,0.0,0,2.0,0.0,0.0,0.0,0.0,1.0,-0.1
anderbr04,2021,1,MIL,NL,24,28,2,0,0,0,0,1.0,0.0,0.0,4,14.0,0.0,0.0,2.0,0.0,3.0,-0.2
anderbr06,2020,1,MIA,NL,59,200,27,51,7,1,11,38.0,0.0,0.0,22,66.0,1.0,6.0,0.0,1.0,2.0,1.8
anderbr06,2021,1,MIA,NL,67,233,24,58,9,0,7,28.0,5.0,0.0,26,65.0,2.0,5.0,0.0,0.0,4.0,1.2
anderbr06,2022,1,MIA,NL,98,338,43,75,16,1,8,28.0,1.0,0.0,37,101.0,2.0,7.0,0.0,1.0,7.0,0.4
anderbr06,2023,1,MIL,NL,96,318,38,72,12,3,9,40.0,1.0,3.0,36,108.0,0.0,4.0,0.0,3.0,10.0,0.5
anderbr06,2024,1,ATL,NL,3,5,0,0,0,0,0,0.0,0.0,0.0,0,2.0,0.0,0.0,0.0,0.0,1.0,-0.2
anderch01,2021,1,PHI,NL,14,11,0,0,0,0,0,0.0,0.0,0.0,0,6.0,0.0,0.0,3.0,0.0,0.0,-0.2
anderia01,2021,1,ATL,NL,24,37,0,2,1,0,0,0.0,0.0,0.0,1,29.0,0.0,0.0,3.0,0.0,0.0,-0.2
anderta01,2021,1,PIT,NL,1,2,0,0,0,0,0,0.0,0.0,0.0,0,1.0,0.0,0.0,0.0,0.0,1.0,-0.1
anderti01,2020,1,CHA,AL,49,208,45,67,11,1,10,21.0,5.0,2.0,10,50.0,0.0,2.0,0.0,1.0,4.0,2.5
anderti01,2021,1,CHA,AL,123,527,94,163,29,2,17,61.0,18.0,7.0,22,119.0,1.0,1.0,0.0,1.0,5.0,4.5
anderti01,2022,1,CHA,AL,79,332,50,100,13,0,6,25.0,13.0,0.0,14,55.0,1.0,5.0,0.0,0.0,10.0,1.3
anderti01,2023,1,CHA,AL,123,493,52,121,18,2,1,25.0,13.0,2.0,26,122.0,0.0,3.0,0.0,2.0,15.0,-1.8
anderti01,2024,1,MIA,NL,65,234,16,50,3,0,0,9.0,4.0,4.0,7,68.0,0.0,0.0,0.0,0.0,6.0,-1.3
anderti01,2025,1,LAA,AL,31,83,8,17,3,0,0,3.0,1.0,1.0,3,29.0,0.0,3.0,1.0,0.0,1.0,0.0
anderty01,2021,1,PIT,NL,18,37,1,4,0,0,1,1.0,0.0,0.0,0,27.0,0.0,0.0,0.0,0.0,0.0,0.0
anderty01,2021,2,SEA,AL,13,2,0,0,0,0,0,0.0,0.0,0.0,1,2.0,0.0,0.0,0.0,0.0,0.0,0.0
anderty01,2022,1,LAN,NL,31,1,0,0,0,0,0,0.0,0.0,0.0,0,1.0,0.0,0.0,0.0,0.0,0.0,0.0
andrejo03,2021,1,SDN,NL,7,6,2,1,1,0,0,0.0,0.0,0.0,1,3.0,0.0,0.0,0.0,0.0,0.0,0.0
andruel01,2020,1,TEX,AL,29,103,11,20,5,0,3,7.0,3.0,1.0,8,15.0,0.0,0.0,0.0,0.0,5.0,-0.3
andruel01,2021,1,OAK,AL,146,497,60,121,25,2,3,37.0,12.0,2.0,31,81.0,2.0,6.0,3.0,4.0,14.0,0.6
andruel01,2022,1,OAK,AL,106,354,41,84,24,0,8,30.0,7.0,4.0,30,62.0,0.0,2.0,0.0,0.0,10.0,1.4
andruel01,2022,2,CHA,AL,43,181,25,49,8,0,9,28.0,11.0,0.0,9,30.0,0.0,1.0,0.0,0.0,1.0,1.7
andruel01,2023,1,CHA,AL,112,374,39,94,20,1,6,44.0,12.0,4.0,25,71.0,1.0,4.0,1.0,2.0,11.0,0.7
andujmi01,2020,1,NYA,AL,21,62,5,15,2,1,1,5.0,0.0,0.0,3,9.0,0.0,0.0,0.0,0.0,1.0,-0.4
andujmi01,2021,1,NYA,AL,45,154,19,39,2,0,6,12.0,0.0,1.0,7,28.0,0.0,0.0,0.0,1.0,8.0,-0.5
andujmi01,2022,1,NYA,AL,27,96,9,22,2,0,1,8.0,4.0,0.0,3,22.0,0.0,0.0,0.0,1.0,0.0,0.2
andujmi01,2022,2,PIT,NL,9,36,4,9,3,1,0,9.0,0.0,1.0,2,5.0,0.0,0.0,0.0,2.0,1.0,-0.1
andujmi01,2023,1,PIT,NL,30,84,9,21,7,0,4,18.0,2.0,0.0,6,13.0,0.0,0.0,0.0,0.0,1.0,0.1
andujmi01,2024,1,OAK,AL,75,302,31,86,14,1,4,30.0,3.0,2.0,13,42.0,0.0,3.0,0.0,1.0,10.0,0.4
andujmi01,2025,1,ATH,AL,60,218,22,65,10,1,6,27.0,1.0,0.0,11,30.0,1.0,0.0,0.0,2.0,5.0,0.2
andujmi01,2025,2,CIN,NL,34,103,14,37,7,0,4,17.0,0.0,0.0,6,19.0,0.0,1.0,0.0,0.0,3.0,0.6
anthoro01,2025,1,BOS,AL,71,257,48,75,18,1,8,32.0,4.0,1.0,40,84.0,0.0,5.0,0.0,1.0,2.0,3.1
antonte01,2021,1,CIN,NL,23,3,1,0,0,0,0,0.0,0.0,0.0,1,3.0,0.0,0.0,1.0,0.0,0.0,0.0
apostsh01,2020,1,TEX,AL,7,20,1,2,1,0,0,0.0,0.0,0.0,1,9.0,0.0,0.0,0.0,0.0,0.0,-0.5
aquinar01,2020,1,CIN,NL,23,47,7,8,1,0,2,8.0,1.0,0.0,6,18.0,0.0,3.0,0.0,0.0,1.0,-0.1
aquinar01,2021,1,CIN,NL,84,174,25,33,6,1,10,23.0,2.0,2.0,27,75.0,2.0,1.0,0.0,2.0,0.0,-0.3
aquinar01,2022,1,CIN,NL,80,259,24,51,13,0,10,30.0,2.0,3.0,17,101.0,0.0,0.0,0.0,0.0,1.0,1.3
arandjo01,2022,1,TBA,AL,32,78,10,15,4,0,2,6.0,0.0,0.0,8,23.0,1.0,1.0,0.0,0.0,1.0,-0.2
arandjo01,2023,1,TBA,AL,34,87,13,20,4,1,2,13.0,0.0,0.0,13,31.0,1.0,2.0,0.0,1.0,1.0,0.2
arandjo01,2024,1,TBA,AL,44,128,22,30,7,0,6,14.0,0.0,0.0,12,32.0,0.0,2.0,0.0,1.0,2.0,0.7
arandjo01,2025,1,TBA,AL,106,370,56,117,22,0,14,59.0,0.0,2.0,41,107.0,3.0,8.0,0.0,3.0,9.0,3.5
arauzjo01,2020,1,BOS,AL,25,72,8,18,2,0,1,9.0,0.0,0.0,8,21.0,0.0,0.0,0.0,0.0,0.0,-0.1
arauzjo01,2021,1,BOS,AL,28,65,9,12,3,0,3,8.0,0.0,0.0,8,15.0,0.0,0.0,2.0,0.0,2.0,0.1
arauzjo01,2022,1,BOS,AL,6,10,1,0,0,0,0,1.0,0.0,0.0,0,3.0,0.0,0.0,1.0,1.0,0.0,-0.4
arauzjo01,2022,2,BAL,AL,9,28,2,5,0,0,1,4.0,0.0,0.0,1,9.0,0.0,0.0,0.0,0.0,0.0,-0.1
arauzjo01,2023,1,NYN,NL,27,59,3,8,0,0,3,9.0,0.0,0.0,5,18.0,0.0,0.0,2.0,0.0,1.0,-0.3
arciaor01,2020,1,MIL,NL,59,173,22,45,10,1,5,20.0,2.0,0.0,14,32.0,0.0,1.0,0.0,1.0,10.0,0.3
arciaor01,2021,1,MIL,NL,4,11,0,1,0,0,0,1.0,0.0,0.0,0,3.0,0.0,0.0,0.0,0.0,0.0,-0.1
arciaor01,2021,2,ATL,NL,32,70,9,15,3,0,2,13.0,1.0,0.0,7,16.0,1.0,0.0,0.0,1.0,2.0,-0.1
arciaor01,2022,1,ATL,NL,68,209,25,51,9,0,9,30.0,0.0,0.0,21,51.0,0.0,2.0,0.0,2.0,7.0,0.8
arciaor01,2023,1,ATL,NL,139,488,66,129,25,0,17,65.0,1.0,0.0,39,102.0,0.0,3.0,0.0,3.0,14.0,1.7
arciaor01,2024,1,ATL,NL,157,551,50,120,24,0,17,46.0,2.0,0.0,41,128.0,1.0,2.0,1.0,7.0,16.0,0.5
arciaor01,2025,1,ATL,NL,14,31,1,6,1,0,0,1.0,0.0,0.0,1,8.0,0.0,0.0,0.0,0.0,0.0,-0.1
arciaor01,2025,2,COL,NL,62,172,12,35,6,1,3,12.0,0.0,1.0,9,39.0,0.0,0.0,0.0,1.0,4.0,-1.1
arenano01,2020,1,COL,NL,48,182,23,46,9,0,8,26.0,0.0,0.0,15,20.0,3.0,0.0,0.0,4.0,7.0,1.5
arenano01,2021,1,SLN,NL,157,593,81,151,34,3,34,105.0,2.0,0.0,50,96.0,8.0,3.0,0.0,7.0,20.0,4.3
arenano01,2022,1,SLN,NL,148,557,73,163,42,1,30,103.0,5.0,3.0,52,72.0,3.0,7.0,0.0,4.0,15.0,7.9
arenano01,2023,1,SLN,NL,144,560,71,149,26,2,26,93.0,3.0,3.0,41,101.0,5.0,3.0,0.0,8.0,21.0,2.2
arenano01,2024,1,SLN,NL,152,578,70,157,23,0,16,71.0,2.0,2.0,44,92.0,2.0,5.0,0.0,7.0,15.0,2.7
arenano01,2025,1,SLN,NL,107,401,48,95,18,1,12,52.0,3.0,0.0,28,49.0,4.0,3.0,0.0,4.0,10.0,1.3
ariasga01,2022,1,CLE,AL,16,47,9,9,1,1,1,5.0,1.0,0.0,8,16.0,0.0,1.0,1.0,0.0,1.0,0.1
ariasga01,2023,1,CLE,AL,122,315,36,66,15,0,10,26.0,3.0,4.0,28,113.0,0.0,1.0,0.0,1.0,9.0,-0.2
ariasga01,2024,1,CLE,AL,53,153,15,34,9,1,3,15.0,5.0,2.0,6,53.0,0.0,1.0,0.0,1.0,4.0,-0.4
ariasga01,2025,1,CLE,AL,129,432,44,95,25,2,11,54.0,8.0,4.0,27,162.0,1.0,7.0,1.0,4.0,8.0,1.1
arihako01,2021,1,TEX,AL,10,2,0,0,0,0,0,0.0,0.0,0.0,0,1.0,0.0,0.0,0.0,0.0,0.0,0.0
arozara01,2020,1,TBA,AL,23,64,15,18,2,0,7,11.0,4.0,0.0,6,22.0,0.0,5.0,0.0,1.0,2.0,0.9
arozara01,2021,1,TBA,AL,141,529,94,145,32,3,20,69.0,20.0,10.0,56,170.0,4.0,14.0,0.0,5.0,9.0,4.2
arozara01,2022,1,TBA,AL,153,586,72,154,41,3,20,89.0,32.0,12.0,46,156.0,2.0,11.0,0.0,2.0,17.0,2.5
arozara01,2023,1,TBA,AL,151,551,95,140,19,3,23,83.0,22.0,10.0,80,156.0,1.0,18.0,0.0,5.0,10.0,3.4
arozara01,2024,1,TBA,AL,100,350,45,74,19,0,15,37.0,16.0,7.0,45,101.0,0.0,11.0,0.0,3.0,3.0,0.7
arozara01,2024,2,SEA,AL,54,199,32,46,14,0,5,23.0,4.0,3.0,28,68.0,0.0,11.0,0.0,1.0,4.0,1.0
arozara01,2025,1,SEA,AL,160,613,95,146,32,1,27,76.0,31.0,6.0,64,191.0,2.0,27.0,0.0,5.0,9.0,4.0
arraelu01,2020,1,MIN,AL,32,112,16,36,9,0,0,13.0,0.0,0.0,8,11.0,0.0,0.0,0.0,1.0,2.0,0.8
arraelu01,2021,1,MIN,AL,121,428,58,126,17,6,2,42.0,2.0,2.0,43,48.0,2.0,2.0,0.0,6.0,9.0,3.2
arraelu01,2022,1,MIN,AL,144,547,88,173,31,1,8,49.0,4.0,4.0,50,43.0,2.0,3.0,0.0,3.0,6.0,4.1
arraelu01,2023,1,MIA,NL,147,574,71,203,30,3,10,69.0,3.0,2.0,35,34.0,10.0,4.0,1.0,3.0,18.0,4.6
arraelu01,2024,1,MIA,NL,33,137,22,41,8,1,0,5.0,0.0,0.0,8,11.0,0.0,2.0,1.0,0.0,5.0,0.2
arraelu01,2024,2,SDN,NL,117,500,61,159,24,2,4,41.0,9.0,3.0,16,18.0,3.0,6.0,1.0,1.0,13.0,0.9
arraelu01,2025,1,SDN,NL,154,620,66,181,30,4,8,61.0,11.0,4.0,34,21.0,0.0,2.0,12.0,7.0,12.0,1.2
arrieja01,2021,1,CHN,NL,21,21,2,2,0,0,0,0.0,0.0,0.0,2,16.0,0.0,1.0,2.0,0.0,0.0,0.0
arrieja01,2021,2,SDN,NL,4,2,1,1,0,0,0,0.0,0.0,0.0,0,0.0,0.0,0.0,2.0,0.0,0.0,0.1
arroych01,2020,2,BOS,AL,14,50,7,12,1,0,3,8.0,0.0,0.0,4,11.0,0.0,0.0,0.0,0.0,2.0,0.2
arroych01,2021,1,BOS,AL,57,164,22,43,12,0,6,25.0,1.0,0.0,8,44.0,0.0,7.0,1.0,0.0,1.0,1.5
arroych01,2022,1,BOS,AL,87,280,32,80,16,1,6,36.0,5.0,1.0,13,49.0,2.0,3.0,2.0,2.0,7.0,0.7
arroych01,2023,1,BOS,AL,66,195,23,47,16,0,3,24.0,1.0,3.0,7,45.0,0.0,1.0,1.0,2.0,8.0,-0.2
arteahu01,2021,1,WAS,NL,1,3,0,0,0,0,0,1.0,0.0,0.0,0,0.0,0.0,0.0,0.0,1.0,0.0,-0.1
ashbyaa01,2021,1,MIL,NL,14,2,0,0,0,0,0,0.0,0.0,0.0,1,2.0,0.0,0.0,1.0,0.0,0.0,0.0
astudwi01,2020,1,MIN,AL,8,16,4,4,1,0,1,3.0,0.0,0.0,0,2.0,0.0,0.0,0.0,0.0,0.0,0.0
astudwi01,2021,1,MIN,AL,73,208,17,49,8,0,7,21.0,0.0,0.0,3,12.0,0.0,4.0,0.0,1.0,12.0,-0.6
astudwi01,2022,1,MIA,NL,21,54,5,13,0,0,1,4.0,1.0,0.0,1,3.0,0.0,0.0,0.0,0.0,2.0,-0.7
avansdr01,2025,1,ATH,AL,7,15,1,2,0,0,0,0.0,1.0,0.0,0,5.0,0.0,0.0,0.0,0.0,0.0,-0.3
avansdr01,2025,2,MIL,NL,1,2,0,0,0,0,0,1.0,0.0,0.0,0,1.0,0.0,0.0,0.0,1.0,0.0,-0.1
avilaal01,2020,1,MIN,AL,23,49,6,9,2,0,1,2.0,0.0,0.0,11,22.0,0.0,2.0,0.0,0.0,2.0,0.4
avilaal01,2021,1,WAS,NL,34,89,5,17,9,1,1,9.0,0.0,0.0,19,37.0,1.0,2.0,1.0,0.0,4.0,0.7
avilape01,2021,1,SDN,NL,1,1,0,0,0,0,0,0.0,0.0,0.0,0,1.0,0.0,0.0,0.0,0.0,0.0,0.0
azocajo01,2022,1,SDN,NL,98,202,24,52,9,3,0,10.0,5.0,6.0,12,44.0,0.0,0.0,1.0,1.0,6.0,-0.1
azocajo01,2023,1,SDN,NL,55,91,16,21,6,0,2,9.0,8.0,2.0,4,24.0,0.0,2.0,5.0,0.0,2.0,0.1
azocajo01,2024,1,SDN,NL,61,73,13,16,2,0,0,2.0,5.0,1.0,5,19.0,0.0,0.0,1.0,0.0,1.0,-0.4
azocajo01,2025,1,NYN,NL,12,18,5,5,0,0,0,1.0,1.0,0.0,2,1.0,0.0,0.0,0.0,0.0,0.0,0.0
azocajo01,2025,2,ATL,NL,2,1,0,0,0,0,0,0.0,0.0,0.0,0,0.0,0.0,0.0,0.0,0.0,0.0,0.0
baddoak01,2021,1,DET,AL,124,413,60,107,20,7,13,55.0,18.0,4.0,45,122.0,1.0,0.0,0.0,3.0,5.0,2.1
baddoak01,2022,1,DET,AL,73,201,30,41,3,2,2,9.0,9.0,6.0,24,64.0,0.0,0.0,0.0,0.0,2.0,0.2
baddoak01,2023,1,DET,AL,112,312,40,68,13,1,11,34.0,14.0,3.0,42,89.0,2.0,0.0,2.0,1.0,4.0,0.7
baddoak01,2024,1,DET,AL,31,73,7,10,2,2,2,5.0,1.0,0.0,8,27.0,0.0,0.0,0.0,1.0,0.0,-0.5
baddoak01,2025,1,DET,AL,7,17,0,2,1,0,0,1.0,1.0,0.0,1,5.0,0.0,0.0,0.0,0.0,0.0,0.2
baderha01,2020,1,SLN,NL,50,106,21,24,7,2,4,11.0,3.0,1.0,13,40.0,0.0,5.0,0.0,1.0,2.0,1.0
baderha01,2021,1,SLN,NL,103,367,45,98,21,1,16,50.0,9.0,4.0,27,85.0,6.0,5.0,0.0,2.0,4.0,4.1
baderha01,2022,1,SLN,NL,72,246,35,63,7,3,5,21.0,15.0,2.0,13,47.0,0.0,4.0,0.0,1.0,4.0,1.2
baderha01,2022,2,NYA,AL,14,46,3,10,3,0,0,9.0,2.0,1.0,2,15.0,0.0,0.0,0.0,1.0,0.0,0.0
baderha01,2023,1,NYA,AL,84,288,40,69,11,2,7,37.0,17.0,2.0,14,56.0,0.0,3.0,1.0,4.0,6.0,0.9
baderha01,2023,2,CIN,NL,14,31,4,5,1,0,0,3.0,3.0,1.0,3,3.0,0.0,0.0,0.0,0.0,1.0,-0.3
baderha01,2024,1,NYN,NL,143,402,57,95,19,0,12,51.0,17.0,8.0,21,95.0,1.0,8.0,0.0,6.0,6.0,0.9
baderha01,2025,1,MIN,AL,96,271,31,70,13,0,12,38.0,10.0,4.0,27,81.0,0.0,7.0,0.0,2.0,3.0,2.7
baderha01,2025,2,PHI,NL,50,177,30,54,11,1,5,16.0,1.0,3.0,12,55.0,0.0,4.0,0.0,1.0,2.0,1.3
baeji01,2022,1,PIT,NL,10,33,5,11,3,0,0,6.0,3.0,0.0,2,6.0,0.0,2.0,0.0,0.0,0.0,0.5
baeji01,2023,1,PIT,NL,111,334,54,77,17,2,2,32.0,24.0,9.0,30,92.0,0.0,2.0,3.0,2.0,4.0,-0.5
baeji01,2024,1,PIT,NL,29,74,11,14,2,0,0,6.0,6.0,2.0,6,24.0,0.0,0.0,0.0,1.0,0.0,-0.4
baeji01,2025,1,PIT,NL,13,20,4,1,0,0,0,0.0,4.0,1.0,5,9.0,0.0,0.0,0.0,0.0,0.0,-0.4
baezja01,2020,1,CHN,NL,59,222,27,45,9,1,8,24.0,3.0,0.0,7,75.0,0.0,4.0,0.0,2.0,8.0,0.7
baezja01,2021,1,CHN,NL,91,335,48,83,9,2,22,65.0,13.0,3.0,15,131.0,1.0,7.0,0.0,3.0,7.0,2.6
baezja01,2021,2,NYN,NL,47,167,32,50,9,0,9,22.0,5.0,2.0,13,53.0,1.0,6.0,0.0,0.0,5.0,1.7
baezja01,2022,1,DET,AL,144,555,64,132,27,4,17,67.0,9.0,2.0,26,147.0,1.0,6.0,0.0,3.0,13.0,2.4
baezja01,2023,1,DET,AL,135,510,58,113,18,4,9,59.0,12.0,0.0,24,125.0,0.0,9.0,0.0,3.0,12.0,0.8
baezja01,2024,1,DET,AL,80,272,25,50,12,0,6,37.0,8.0,1.0,12,69.0,1.0,2.0,0.0,3.0,10.0,-1.2
baezja01,2025,1,DET,AL,126,417,55,107,17,3,12,57.0,5.0,1.0,10,109.0,0.0,6.0,0.0,3.0,8.0,1.9
bailepa01,2023,1,SFN,NL,97,326,29,76,18,1,7,48.0,1.0,0.0,21,100.0,0.0,3.0,2.0,1.0,8.0,0.8
bailepa01,2024,1,SFN,NL,121,401,46,94,16,1,8,46.0,4.0,0.0,39,100.0,0.0,0.0,1.0,7.0,10.0,1.7
bailepa01,2025,1,SFN,NL,135,409,47,91,18,3,6,55.0,1.0,0.0,30,133.0,0.0,3.0,4.0,6.0,7.0,1.1
bakerda02,2024,1,WAS,NL,9,14,1,7,2,0,0,0.0,0.0,0.0,0,3.0,0.0,0.0,0.0,0.0,0.0,0.0
bakerlu01,2023,1,SLN,NL,33,86,9,18,3,0,2,10.0,0.0,0.0,13,31.0,0.0,0.0,0.0,0.0,1.0,-0.4
bakerlu01,2024,1,SLN,NL,21,40,3,7,1,1,2,10.0,1.0,0.0,7,11.0,0.0,0.0,0.0,2.0,1.0,-0.2
bakerlu01,2025,1,SLN,NL,19,34,3,8,3,0,0,2.0,0.0,0.0,7,10.0,0.0,0.0,0.0,0.0,3.0,-0.1
baldwbr01,2024,1,CHA,AL,33,114,9,24,6,0,2,8.0,4.0,0.0,6,31.0,0.0,0.0,1.0,0.0,1.0,0.0
baldwbr01,2025,1,CHA,AL,103,300,32,72,15,1,11,38.0,5.0,0.0,21,86.0,0.0,1.0,4.0,2.0,9.0,-0.5
baldwdr01,2025,1,ATL,NL,124,405,56,111,18,2,19,80.0,0.0,0.0,38,68.0,0.0,3.0,0.0,0.0,9.0,3.3
ballemo01,2025,1,CHN,NL,20,57,12,17,2,1,2,11.0,0.0,0.0,9,12.0,1.0,0.0,0.0,0.0,2.0,0.5
bandaan01,2021,1,NYN,NL,5,1,1,0,0,0,0,0.0,0.0,0.0,0,0.0,0.0,0.0,0.0,0.0,0.0,0.0
banfiwi01,2025,1,CIN,NL,7,10,0,1,0,0,0,0.0,0.0,0.0,0,6.0,0.0,0.0,0.0,0.0,1.0,-0.2
bannory01,2022,1,BAL,AL,4,14,0,2,0,0,0,0.0,0.0,0.0,0,5.0,0.0,1.0,0.0,0.0,0.0,-0.2
bannory01,2023,1,HOU,AL,2,6,0,0,0,0,0,0.0,0.0,0.0,0,3.0,0.0,0.0,0.0,0.0,0.0,-0.2
banueda01,2024,1,BAL,AL,1,1,0,0,0,0,0,0.0,0.0,0.0,0,0.0,0.0,0.0,0.0,0.0,0.0,0.0
banueda01,2025,1,BAL,AL,1,1,0,0,0,0,0,0.0,0.0,0.0,0,1.0,0.0,1.0,0.0,0.0,0.0,0.0
baragca01,2021,1,SFN,NL,25,2,0,0,0,0,0,0.0,0.0,0.0,0,2.0,0.0,0.0,0.0,0.0,0.0,0.0
bardda01,2021,1,COL,NL,67,1,1,1,0,0,0,0.0,0.0,0.0,0,0.0,0.0,0.0,0.0,0.0,0.0,0.1
bargead01,2024,1,TOR,AL,69,208,20,41,11,0,7,28.0,2.0,0.0,14,60.0,0.0,1.0,0.0,1.0,1.0,0.3
bargead01,2025,1,TOR,AL,135,460,61,112,32,1,21,74.0,4.0,1.0,36,121.0,4.0,3.0,0.0,2.0,8.0,1.2
barneau01,2020,1,LAN,NL,29,86,14,21,3,0,1,9.0,3.0,0.0,13,24.0,0.0,2.0,2.0,1.0,0.0,0.7
barneau01,2021,1,LAN,NL,77,200,28,43,8,0,6,23.0,1.0,0.0,20,56.0,1.0,4.0,1.0,0.0,6.0,0.3
barneau01,2022,1,LAN,NL,62,179,31,38,6,0,8,26.0,2.0,1.0,27,37.0,0.0,3.0,2.0,1.0,5.0,0.7
barneau01,2023,1,LAN,NL,59,178,15,32,5,0,2,11.0,2.0,1.0,17,43.0,0.0,2.0,1.0,2.0,7.0,-1.0
barneau01,2024,1,LAN,NL,54,140,12,37,3,0,1,11.0,3.0,0.0,14,36.0,0.0,0.0,2.0,0.0,3.0,0.7
barneau01,2025,1,LAN,NL,13,42,4,9,3,0,0,2.0,0.0,0.0,1,14.0,0.0,0.0,1.0,0.0,1.0,-0.3
barnech01,2021,1,MIN,AL,9,1,0,0,0,0,0,0.0,0.0,0.0,0,1.0,0.0,0.0,0.0,0.0,0.0,0.0
barnhtu01,2020,1,CIN,NL,38,98,10,20,3,0,5,13.0,0.0,0.0,12,28.0,0.0,0.0,0.0,0.0,2.0,0.8
barnhtu01,2021,1,CIN,NL,116,348,41,86,21,0,7,48.0,0.0,0.0,29,100.0,1.0,8.0,0.0,3.0,8.0,0.3
barnhtu01,2022,1,DET,AL,94,281,16,62,10,0,1,16.0,0.0,0.0,25,74.0,0.0,1.0,1.0,0.0,7.0,-0.1
barnhtu01,2023,1,CHN,NL,47,109,6,22,3,0,1,9.0,1.0,0.0,12,42.0,0.0,1.0,0.0,1.0,4.0,-0.5
barnhtu01,2024,1,ARI,NL,31,81,13,14,3,0,0,6.0,1.0,0.0,13,31.0,0.0,0.0,2.0,0.0,0.0,0.3
barnhtu01,2025,1,TEX,AL,8,13,0,3,0,0,0,0.0,0.0,0.0,1,4.0,0.0,1.0,0.0,0.0,2.0,0.0
barrefr02,2020,1,OAK,AL,15,10,5,0,0,0,0,0.0,0.0,0.0,0,7.0,0.0,0.0,0.0,0.0,0.0,-0.2
barrefr02,2020,2,LAA,AL,6,17,0,2,0,0,0,2.0,1.0,0.0,0,8.0,0.0,1.0,0.0,0.0,0.0,-0.2
barrelu01,2021,1,OAK,AL,6,8,1,2,0,0,0,0.0,0.0,0.0,0,2.0,0.0,0.0,0.0,0.0,0.0,0.1
barrelu01,2022,1,OAK,AL,32,77,3,18,5,0,1,7.0,3.0,0.0,6,17.0,0.0,1.0,0.0,1.0,2.0,0.4
barretr01,2021,1,WAS,NL,30,91,8,24,3,1,2,10.0,0.0,0.0,12,22.0,2.0,4.0,0.0,0.0,3.0,0.5
barretr01,2022,1,WAS,NL,19,50,2,9,1,0,0,4.0,0.0,0.0,2,16.0,0.0,0.0,1.0,0.0,1.0,-0.4
barretr01,2023,1,SLN,NL,6,2,0,0,0,0,0,0.0,0.0,0.0,0,0.0,0.0,0.0,0.0,0.0,0.0,0.0
barrija01,2021,1,LAA,AL,13,3,0,0,0,0,0,0.0,0.0,0.0,0,3.0,0.0,0.0,0.0,0.0,0.0,0.0
barrojo01,2024,1,ARI,NL,8,17,3,3,2,0,0,1.0,1.0,0.0,0,2.0,0.0,0.0,1.0,0.0,0.0,0.0
barrojo01,2025,1,ARI,NL,33,71,8,10,3,0,1,7.0,0.0,0.0,2,22.0,0.0,1.0,0.0,3.0,1.0,-0.7
bartjo01,2020,1,SFN,NL,33,103,15,24,5,2,0,7.0,0.0,0.0,3,41.0,0.0,5.0,0.0,0.0,1.0,0.3
bartjo01,2021,1,SFN,NL,2,6,1,2,0,0,0,1.0,0.0,0.0,0,2.0,0.0,0.0,0.0,0.0,0.0,0.0
bartjo01,2022,1,SFN,NL,97,261,34,56,6,0,11,25.0,2.0,1.0,26,112.0,0.0,4.0,0.0,0.0,5.0,0.8
bartjo01,2023,1,SFN,NL,30,87,9,18,5,0,0,5.0,0.0,0.0,3,23.0,0.0,4.0,0.0,1.0,0.0,-0.4
bartjo01,2024,1,PIT,NL,80,253,38,67,11,0,13,45.0,0.0,0.0,22,73.0,0.0,6.0,0.0,1.0,8.0,2.2
bartjo01,2025,1,PIT,NL,93,285,21,71,12,1,4,30.0,1.0,1.0,40,93.0,0.0,7.0,0.0,0.0,14.0,0.5
basablu01,2020,1,SFN,NL,9,14,5,2,0,0,0,1.0,2.0,0.0,4,5.0,0.0,0.0,0.0,0.0,0.0,0.1
basabos01,2023,1,TBA,AL,31,87,15,19,5,0,1,12.0,0.0,1.0,6,25.0,0.0,1.0,0.0,0.0,2.0,0.4
basalsa01,2025,1,BAL,AL,31,109,10,18,6,0,4,15.0,0.0,0.0,6,30.0,0.0,3.0,0.0,0.0,4.0,-0.2
bassich01,2021,1,OAK,AL,27,2,0,0,0,0,0,0.0,0.0,0.0,0,2.0,0.0,0.0,0.0,0.0,0.0,0.0
battema01,2022,1,SDN,NL,15,19,0,2,1,0,0,1.0,0.0,0.0,2,6.0,0.0,1.0,0.0,0.0,0.0,-0.1
battema01,2023,1,SDN,NL,43,120,19,31,6,0,2,11.0,2.0,2.0,17,30.0,0.0,1.0,1.0,0.0,0.0,0.3
battema01,2024,1,SDN,NL,1,3,0,1,0,1,0,0.0,0.0,0.0,0,0.0,0.0,0.0,0.0,0.0,0.0,0.1
batybr01,2022,1,NYN,NL,11,38,4,7,0,0,2,5.0,0.0,0.0,2,8.0,0.0,1.0,0.0,0.0,0.0,-0.3
batybr01,2023,1,NYN,NL,108,353,41,75,12,0,9,34.0,2.0,0.0,29,109.0,0.0,2.0,1.0,1.0,8.0,-0.7
batybr01,2024,1,NYN,NL,50,153,15,35,3,0,4,16.0,0.0,0.0,16,42.0,1.0,1.0,1.0,0.0,3.0,0.3
batybr01,2025,1,NYN,NL,130,393,53,100,13,2,18,50.0,8.0,0.0,33,108.0,0.0,2.0,0.0,3.0,6.0,3.1
bauerja01,2021,1,CLE,AL,43,100,7,19,3,0,2,6.0,0.0,1.0,12,27.0,1.0,0.0,0.0,0.0,0.0,-0.1
bauerja01,2021,2,SEA,AL,72,182,20,40,4,0,2,13.0,6.0,0.0,18,51.0,0.0,2.0,0.0,0.0,1.0,-0.2
bauerja01,2023,1,NYA,AL,84,242,28,49,15,0,12,30.0,3.0,2.0,27,95.0,0.0,0.0,0.0,3.0,3.0,-0.9
bauerja01,2024,1,MIL,NL,117,302,45,60,9,2,12,43.0,13.0,1.0,39,118.0,1.0,5.0,0.0,0.0,0.0,-0.3
bauerja01,2025,1,MIL,NL,86,183,28,43,9,0,7,28.0,8.0,1.0,32,59.0,1.0,2.0,0.0,1.0,1.0,0.7
bauertr01,2021,1,LAN,NL,17,30,0,1,0,0,0,1.0,0.0,0.0,1,11.0,0.0,0.0,3.0,0.0,0.0,-0.3
beatyma01,2020,1,LAN,NL,21,50,8,11,1,0,2,5.0,0.0,0.0,2,14.0,0.0,2.0,0.0,0.0,3.0,-0.4
beatyma01,2021,1,LAN,NL,120,204,35,55,4,1,7,40.0,2.0,2.0,20,44.0,0.0,10.0,0.0,0.0,3.0,0.0
beatyma01,2022,1,SDN,NL,20,43,6,4,1,1,0,1.0,0.0,0.0,2,8.0,0.0,2.0,0.0,0.0,3.0,-0.8
beatyma01,2023,1,SFN,NL,4,5,1,1,0,0,0,1.0,0.0,0.0,0,2.0,0.0,0.0,0.0,0.0,0.0,-0.1
beatyma01,2023,2,KCA,AL,26,56,7,13,4,0,0,3.0,0.0,0.0,6,12.0,0.0,5.0,0.0,0.0,1.0,-0.1
beavedy01,2025,1,BAL,AL,35,110,16,25,5,1,4,14.0,2.0,2.0,26,36.0,0.0,0.0,1.0,0.0,0.0,1.0
beckhti01,2022,1,MIN,AL,12,25,1,2,0,0,0,1.0,0.0,0.0,0,9.0,0.0,0.0,0.0,0.0,2.0,-0.6
beckjo01,2024,1,COL,NL,55,170,14,32,6,0,3,13.0,7.0,1.0,12,65.0,1.0,1.0,0.0,1.0,3.0,-0.9
beckjo01,2025,1,COL,NL,148,539,62,139,27,5,16,53.0,19.0,8.0,43,174.0,0.0,4.0,0.0,1.0,9.0,0.9
bednada01,2021,1,PIT,NL,61,1,0,0,0,0,0,0.0,0.0,0.0,0,1.0,0.0,0.0,0.0,0.0,0.0,0.0
beerse01,2021,1,ARI,NL,5,9,4,4,1,0,1,3.0,0.0,0.0,1,3.0,0.0,0.0,0.0,0.0,0.0,0.1
beerse01,2022,1,ARI,NL,38,111,4,21,3,0,1,9.0,0.0,0.0,11,31.0,1.0,3.0,0.0,1.0,3.0,-1.0
bellico01,2020,1,LAN,NL,56,213,33,51,10,0,12,30.0,6.0,1.0,30,42.0,2.0,0.0,0.0,0.0,4.0,1.5
bellico01,2021,1,LAN,NL,95,315,39,52,9,2,10,36.0,3.0,1.0,31,94.0,2.0,1.0,0.0,3.0,2.0,-1.6
bellico01,2022,1,LAN,NL,144,504,70,106,27,3,19,68.0,14.0,3.0,38,150.0,0.0,2.0,0.0,6.0,7.0,1.3
bellico01,2023,1,CHN,NL,130,499,95,153,29,1,26,97.0,20.0,6.0,40,87.0,3.0,5.0,0.0,12.0,7.0,4.8
bellico01,2024,1,CHN,NL,130,516,72,137,23,3,18,78.0,9.0,2.0,45,89.0,7.0,3.0,0.0,5.0,10.0,2.2
bellico01,2025,1,NYA,AL,152,588,89,160,25,5,29,98.0,13.0,2.0,57,90.0,1.0,2.0,0.0,9.0,8.0,5.1
belljo02,2020,1,PIT,NL,57,195,22,44,3,0,8,22.0,0.0,0.0,22,59.0,4.0,2.0,0.0,4.0,3.0,-0.5
belljo02,2021,1,WAS,NL,144,498,75,130,24,1,27,88.0,0.0,0.0,65,101.0,2.0,2.0,0.0,3.0,22.0,3.1
belljo02,2022,1,WAS,NL,103,375,52,113,24,3,14,57.0,0.0,1.0,49,61.0,4.0,5.0,0.0,6.0,19.0,3.3
belljo02,2022,2,SDN,NL,53,177,26,34,5,0,3,14.0,0.0,0.0,32,41.0,0.0,0.0,0.0,0.0,3.0,-0.5
belljo02,2023,1,CLE,AL,97,347,26,81,19,0,11,48.0,0.0,1.0,43,81.0,1.0,1.0,0.0,2.0,7.0,-0.3
belljo02,2023,2,MIA,NL,53,200,26,54,9,0,11,26.0,0.0,0.0,20,53.0,1.0,1.0,0.0,1.0,6.0,0.2
belljo02,2024,1,MIA,NL,104,398,38,95,18,1,14,49.0,0.0,0.0,34,88.0,1.0,5.0,0.0,3.0,13.0,-0.6
belljo02,2024,2,ARI,NL,41,140,24,39,5,1,5,22.0,0.0,1.0,17,32.0,0.0,1.0,0.0,0.0,9.0,0.3
belljo02,2025,1,WAS,NL,140,468,54,111,16,1,22,63.0,0.0,3.0,57,88.0,1.0,5.0,0.0,3.0,15.0,0.5
beltbr01,2020,1,SFN,NL,51,149,25,46,13,1,9,30.0,0.0,0.0,30,36.0,1.0,0.0,0.0,0.0,5.0,2.1
beltbr01,2021,1,SFN,NL,97,325,65,89,14,2,29,59.0,3.0,2.0,48,103.0,3.0,7.0,0.0,1.0,9.0,2.6
beltbr01,2022,1,SFN,NL,78,254,25,54,9,1,8,23.0,1.0,0.0,37,81.0,2.0,6.0,0.0,1.0,9.0,0.4
beltbr01,2023,1,TOR,AL,103,339,53,86,23,0,19,43.0,0.0,0.0,61,141.0,1.0,2.0,0.0,2.0,5.0,2.0
bemboan01,2020,1,LAA,AL,21,48,9,10,1,0,3,5.0,0.0,1.0,7,13.0,0.0,2.0,2.0,1.0,0.0,0.4
bemboan01,2021,1,LAA,AL,8,27,2,6,0,0,0,2.0,0.0,0.0,1,10.0,0.0,0.0,0.0,0.0,1.0,-0.2
bemboan01,2022,1,BAL,AL,22,52,4,6,2,0,1,1.0,0.0,0.0,6,17.0,0.0,0.0,1.0,0.0,1.0,-0.3
bemboan01,2023,1,BAL,AL,6,11,0,2,0,0,0,0.0,0.0,0.0,2,2.0,0.0,0.0,0.0,0.0,0.0,0.0
bendean01,2021,1,MIA,NL,61,2,0,0,0,0,0,0.0,0.0,0.0,0,1.0,0.0,0.0,0.0,0.0,0.0,0.0
beninan01,2020,1,BOS,AL,14,39,4,4,1,0,0,1.0,1.0,2.0,11,17.0,0.0,1.0,1.0,0.0,1.0,-0.1
beninan01,2021,1,KCA,AL,134,493,63,136,27,2,17,73.0,8.0,9.0,36,97.0,0.0,2.0,1.0,6.0,2.0,2.9
beninan01,2022,1,KCA,AL,93,347,40,111,14,2,3,39.0,4.0,2.0,39,52.0,0.0,1.0,0.0,3.0,6.0,2.3
beninan01,2022,2,NYA,AL,33,114,14,29,9,1,2,12.0,4.0,1.0,13,25.0,0.0,1.0,1.0,2.0,1.0,0.6
beninan01,2023,1,CHA,AL,151,562,72,147,34,2,5,45.0,13.0,2.0,52,89.0,5.0,3.0,1.0,3.0,12.0,0.4
beninan01,2024,1,CHA,AL,135,477,50,109,20,0,20,64.0,3.0,2.0,41,96.0,1.0,1.0,0.0,3.0,12.0,-0.8
beninan01,2025,1,CHA,AL,116,420,57,101,16,2,20,63.0,1.0,0.0,40,82.0,2.0,3.0,0.0,6.0,5.0,1.0
bensowi01,2022,1,CLE,AL,28,55,8,10,1,0,0,3.0,0.0,0.0,3,19.0,0.0,2.0,1.0,0.0,1.0,-0.2
bensowi01,2023,1,CIN,NL,108,287,51,79,15,8,11,31.0,19.0,3.0,40,103.0,0.0,1.0,0.0,1.0,3.0,1.6
bensowi01,2024,1,CIN,NL,128,343,41,64,19,2,14,43.0,16.0,7.0,40,154.0,0.0,2.0,1.0,2.0,3.0,-1.3
bensowi01,2025,1,CIN,NL,90,230,31,52,8,2,12,41.0,2.0,2.0,16,67.0,1.0,1.0,0.0,6.0,4.0,0.6
bernawa01,2025,1,COL,NL,40,139,15,35,8,1,4,14.0,1.0,1.0,7,25.0,0.0,0.0,0.0,0.0,2.0,0.0
bernawy01,2022,1,COL,NL,12,42,9,12,1,0,0,3.0,3.0,1.0,0,8.0,0.0,0.0,0.0,0.0,1.0,0.1
berrijo01,2021,1,MIN,AL,20,2,0,0,0,0,0,0.0,0.0,0.0,0,2.0,0.0,0.0,0.0,0.0,0.0,0.0
berrijo01,2021,2,TOR,AL,12,1,0,0,0,0,0,0.0,0.0,0.0,0,0.0,0.0,0.0,1.0,0.0,1.0,-0.1
berrost01,2024,1,TOR,AL,28,37,7,7,1,0,0,1.0,6.0,2.0,8,14.0,0.0,0.0,0.0,0.0,0.0,0.3
berrost01,2025,1,MIL,NL,2,5,0,0,0,0,0,0.0,1.0,0.0,1,2.0,0.0,0.0,0.0,0.0,0.0,0.2
bertijo01,2020,1,MIA,NL,39,120,21,31,5,0,2,14.0,9.0,2.0,23,37.0,0.0,3.0,2.0,1.0,1.0,0.9
bertijo01,2021,1,MIA,NL,85,233,35,49,10,1,4,19.0,8.0,4.0,32,61.0,0.0,3.0,1.0,2.0,7.0,0.6
bertijo01,2022,1,MIA,NL,102,358,47,86,17,3,4,28.0,41.0,5.0,42,89.0,0.0,3.0,0.0,1.0,6.0,2.4
bertijo01,2023,1,MIA,NL,133,388,53,114,16,3,7,33.0,16.0,6.0,29,77.0,2.0,2.0,2.0,3.0,10.0,2.2
bertijo01,2024,1,NYA,AL,25,66,10,18,0,0,1,6.0,5.0,1.0,6,14.0,0.0,1.0,1.0,0.0,2.0,0.7
bertijo01,2025,1,CHN,NL,53,100,12,21,2,0,0,2.0,11.0,3.0,5,22.0,0.0,2.0,0.0,0.0,1.0,0.2
bethach01,2022,1,OAK,AL,56,169,23,42,11,0,4,19.0,4.0,1.0,10,41.0,0.0,2.0,1.0,0.0,3.0,0.3
bethach01,2022,2,TBA,AL,45,149,16,38,6,0,7,15.0,1.0,0.0,2,39.0,0.0,0.0,0.0,0.0,3.0,0.8
bethach01,2023,1,TBA,AL,104,315,49,71,16,0,11,33.0,1.0,0.0,13,91.0,0.0,0.0,1.0,3.0,6.0,0.7
bethach01,2024,1,MIA,NL,38,82,9,13,3,0,2,7.0,0.0,0.0,3,22.0,0.0,1.0,2.0,0.0,1.0,-0.5
bethach01,2024,2,CHN,NL,24,57,9,16,4,0,3,15.0,3.0,0.0,2,14.0,0.0,0.0,0.0,0.0,1.0,0.8
bettial01,2021,1,MIL,NL,4,1,0,0,0,0,0,0.0,0.0,0.0,0,1.0,0.0,0.0,0.0,0.0,0.0,0.0
bettsmo01,2020,1,LAN,NL,55,219,47,64,9,1,16,39.0,10.0,2.0,24,38.0,1.0,2.0,0.0,1.0,2.0,3.7
bettsmo01,2021,1,LAN,NL,122,466,93,123,29,3,23,58.0,10.0,5.0,68,86.0,2.0,11.0,0.0,5.0,5.0,4.1
bettsmo01,2022,1,LAN,NL,142,572,117,154,40,3,35,82.0,12.0,2.0,55,104.0,0.0,8.0,0.0,4.0,8.0,6.7
bettsmo01,2023,1,LAN,NL,152,584,126,179,40,1,39,107.0,14.0,3.0,96,107.0,3.0,8.0,0.0,5.0,5.0,8.6
bettsmo01,2024,1,LAN,NL,116,450,75,130,24,5,19,75.0,16.0,2.0,61,57.0,2.0,1.0,0.0,4.0,10.0,4.6
bettsmo01,2025,1,LAN,NL,150,589,95,152,23,2,20,82.0,8.0,2.0,61,68.0,2.0,3.0,0.0,10.0,15.0,4.9
bichebo01,2020,1,TOR,AL,29,123,18,37,9,1,5,23.0,4.0,1.0,5,27.0,1.0,0.0,0.0,0.0,2.0,1.1
bichebo01,2021,1,TOR,AL,159,640,121,191,30,1,29,102.0,25.0,1.0,40,137.0,0.0,6.0,0.0,4.0,10.0,5.9
bichebo01,2022,1,TOR,AL,159,652,91,189,43,1,24,93.0,13.0,8.0,41,155.0,0.0,2.0,0.0,2.0,21.0,3.7
bichebo01,2023,1,TOR,AL,135,571,69,175,30,3,20,73.0,5.0,3.0,27,115.0,0.0,2.0,0.0,1.0,14.0,4.8
bichebo01,2024,1,TOR,AL,81,311,29,70,16,1,4,31.0,5.0,1.0,20,64.0,1.0,3.0,0.0,2.0,12.0,-0.3
bichebo01,2025,1,TOR,AL,139,582,78,181,44,1,18,94.0,4.0,3.0,40,91.0,2.0,3.0,0.0,3.0,17.0,3.5
bickfph01,2021,2,LAN,NL,56,3,0,1,0,0,0,0.0,0.0,0.0,0,2.0,0.0,0.0,0.0,0.0,0.0,0.1
biebesh01,2021,1,CLE,AL,16,6,0,0,0,0,0,0.0,0.0,0.0,0,3.0,0.0,0.0,0.0,0.0,0.0,-0.1
biggica01,2020,1,TOR,AL,59,220,41,55,16,0,8,28.0,6.0,0.0,41,61.0,0.0,3.0,0.0,0.0,2.0,2.2
biggica01,2021,1,TOR,AL,79,250,27,56,10,1,7,27.0,3.0,1.0,37,78.0,2.0,1.0,1.0,4.0,4.0,0.2
biggica01,2022,1,TOR,AL,97,257,43,52,18,1,6,24.0,2.0,0.0,38,85.0,0.0,6.0,1.0,1.0,2.0,0.8
biggica01,2023,1,TOR,AL,111,289,54,68,12,0,9,40.0,5.0,2.0,40,88.0,0.0,7.0,0.0,2.0,0.0,0.6
biggica01,2024,1,TOR,AL,44,110,15,22,4,0,2,9.0,2.0,0.0,14,42.0,0.0,6.0,0.0,0.0,1.0,0.5
biggica01,2024,2,LAN,NL,30,73,11,14,1,0,3,10.0,0.0,0.0,10,28.0,0.0,2.0,2.0,0.0,0.0,-0.3
biggica01,2024,3,ATL,NL,4,5,1,1,0,0,0,0.0,0.0,0.0,0,2.0,0.0,0.0,0.0,0.0,0.0,-0.2
biggica01,2025,1,KCA,AL,37,69,9,12,2,0,1,4.0,1.0,0.0,11,21.0,0.0,1.0,2.0,0.0,0.0,-0.2
bishobr01,2020,1,SEA,AL,12,30,2,5,2,0,0,4.0,1.0,0.0,2,10.0,0.0,1.0,1.0,0.0,0.0,0.1
bishobr01,2021,1,SEA,AL,8,4,1,1,0,0,0,0.0,0.0,0.0,0,2.0,0.0,0.0,1.0,0.0,0.0,0.0
blackch02,2020,1,COL,NL,59,221,31,67,12,1,6,42.0,2.0,1.0,19,44.0,4.0,2.0,0.0,5.0,4.0,1.0
blackch02,2021,1,COL,NL,150,514,76,139,25,4,13,78.0,3.0,0.0,54,91.0,1.0,11.0,0.0,3.0,8.0,1.0
blackch02,2022,1,COL,NL,135,530,60,140,22,6,16,78.0,4.0,1.0,32,109.0,4.0,8.0,4.0,3.0,10.0,0.2
blackch02,2023,1,COL,NL,96,359,57,100,24,5,8,40.0,4.0,1.0,39,55.0,0.0,11.0,0.0,4.0,6.0,1.4
blackch02,2024,1,COL,NL,124,449,59,115,24,5,12,52.0,6.0,2.0,43,86.0,2.0,6.0,0.0,1.0,4.0,0.5
blackty01,2024,1,MIL,NL,18,49,4,10,2,0,0,2.0,3.0,0.0,7,17.0,0.0,1.0,0.0,0.0,0.0,-0.1
blackty01,2025,1,MIL,NL,5,8,1,2,1,0,0,1.0,0.0,1.0,5,1.0,0.0,0.0,0.0,0.0,0.0,0.1
blancda02,2022,1,KCA,AL,5,7,1,2,0,0,0,2.0,1.0,0.0,0,4.0,0.0,0.0,0.0,0.0,0.0,0.0
blancda02,2023,1,KCA,AL,69,124,19,32,7,4,3,18.0,24.0,5.0,10,33.0,0.0,2.0,2.0,0.0,2.0,1.2
blancda02,2024,1,KCA,AL,88,120,37,31,4,0,4,13.0,31.0,7.0,8,32.0,0.0,1.0,1.0,1.0,2.0,0.1
blancda02,2025,1,KCA,AL,9,6,2,1,1,0,0,1.0,3.0,2.0,0,2.0,0.0,0.0,2.0,0.0,0.0,0.0
blandal01,2021,1,CIN,NL,43,70,9,14,4,0,0,5.0,1.0,0.0,8,28.0,0.0,4.0,0.0,0.0,0.0,-0.2
blanktr01,2020,1,MIN,AL,1,3,0,1,1,0,0,0.0,0.0,0.0,0,0.0,0.0,1.0,0.0,0.0,0.0,-0.1
blanktr01,2021,2,NYN,NL,23,23,3,4,2,0,1,4.0,0.0,0.0,1,8.0,0.0,0.0,0.0,0.0,0.0,-0.1
blanktr01,2022,1,NYN,NL,1,3,0,0,0,0,0,0.0,0.0,0.0,0,1.0,0.0,0.0,0.0,0.0,0.0,-0.1
blanktr01,2023,1,WAS,NL,10,31,2,5,0,0,1,1.0,0.0,0.0,6,6.0,0.0,0.0,0.0,0.0,0.0,-0.1
blanktr01,2024,1,WAS,NL,13,31,2,4,1,0,0,5.0,0.0,0.0,1,9.0,0.0,0.0,0.0,0.0,0.0,-0.5
bledajj01,2022,1,MIA,NL,65,204,21,34,10,2,5,16.0,4.0,1.0,30,67.0,0.0,2.0,0.0,2.0,5.0,-0.7
bledajj01,2023,1,OAK,AL,82,256,35,50,11,0,10,27.0,5.0,1.0,42,72.0,0.0,2.0,0.0,3.0,3.0,-0.1
bledajj01,2024,1,OAK,AL,159,572,74,139,43,4,20,60.0,2.0,3.0,67,125.0,2.0,2.0,1.0,0.0,8.0,2.1
bledajj01,2025,1,ATH,AL,98,307,48,65,17,0,14,39.0,1.0,2.0,36,91.0,2.0,0.0,0.0,1.0,6.0,-0.3
blissry01,2024,1,SEA,AL,33,63,10,14,3,1,2,9.0,5.0,3.0,5,22.0,0.0,1.0,2.0,0.0,1.0,0.4
blissry01,2025,1,SEA,AL,11,35,1,7,1,0,1,3.0,2.0,2.0,4,11.0,0.0,0.0,0.0,0.0,2.0,-0.2
bogaexa01,2020,1,BOS,AL,56,203,36,61,8,0,11,28.0,8.0,0.0,21,41.0,2.0,0.0,0.0,1.0,3.0,1.2
bogaexa01,2021,1,BOS,AL,144,529,90,156,34,1,23,79.0,5.0,1.0,62,113.0,2.0,5.0,0.0,7.0,13.0,5.2
bogaexa01,2022,1,BOS,AL,150,557,84,171,38,0,15,73.0,8.0,2.0,57,118.0,2.0,10.0,0.0,7.0,14.0,5.7
bogaexa01,2023,1,SDN,NL,155,596,83,170,31,2,19,58.0,19.0,2.0,56,110.0,0.0,7.0,0.0,6.0,21.0,4.2
bogaexa01,2024,1,SDN,NL,111,428,50,113,15,1,11,44.0,13.0,3.0,28,79.0,0.0,1.0,0.0,6.0,13.0,1.2
bogaexa01,2025,1,SDN,NL,136,491,63,129,30,0,11,53.0,20.0,2.0,48,94.0,3.0,4.0,1.0,8.0,12.0,2.0
bohmal01,2020,1,PHI,NL,44,160,24,54,11,0,4,23.0,1.0,1.0,16,36.0,0.0,2.0,0.0,2.0,4.0,0.7
bohmal01,2021,1,PHI,NL,115,380,46,94,15,0,7,47.0,4.0,0.0,31,111.0,0.0,2.0,0.0,4.0,12.0,-1.2
bohmal01,2022,1,PHI,NL,152,586,79,164,24,3,13,72.0,2.0,3.0,31,110.0,1.0,4.0,0.0,10.0,18.0,0.9
bohmal01,2023,1,PHI,NL,145,558,74,153,31,0,20,97.0,4.0,1.0,42,94.0,1.0,5.0,0.0,6.0,23.0,0.5
bohmal01,2024,1,PHI,NL,143,554,62,155,44,2,15,97.0,5.0,2.0,40,86.0,2.0,6.0,0.0,6.0,18.0,2.8
bohmal01,2025,1,PHI,NL,120,464,53,133,18,3,11,59.0,2.0,0.0,29,82.0,0.0,5.0,0.0,6.0,16.0,1.5
boltsk01,2021,1,SFN,NL,2,1,0,0,0,0,0,0.0,0.0,0.0,0,1.0,0.0,0.0,0.0,0.0,0.0,-0.1
boltsk01,2021,2,OAK,AL,32,56,5,5,1,0,1,4.0,2.0,0.0,1,14.0,0.0,0.0,2.0,0.0,0.0,-0.5
boltsk01,2022,1,OAK,AL,42,106,10,21,2,0,4,13.0,5.0,0.0,7,30.0,0.0,2.0,0.0,1.0,1.0,-0.2
bonifem01,2020,1,WAS,NL,3,3,1,0,0,0,0,0.0,0.0,1.0,0,2.0,0.0,0.0,0.0,0.0,0.0,-0.1
bonifjo01,2020,1,DET,AL,30,86,8,19,3,0,2,17.0,0.0,0.0,5,26.0,0.0,2.0,0.0,1.0,1.0,-0.3
bonifjo01,2021,1,PHI,NL,7,11,0,1,0,0,0,2.0,0.0,0.0,1,6.0,0.0,0.0,0.0,0.0,0.0,-0.3
boteda01,2020,1,CHN,NL,45,125,15,25,3,1,7,29.0,2.0,0.0,17,40.0,0.0,2.0,0.0,1.0,6.0,0.0
boteda01,2021,1,CHN,NL,97,291,32,58,10,2,8,35.0,0.0,1.0,27,73.0,0.0,5.0,1.0,3.0,13.0,-0.5
boteda01,2022,1,CHN,NL,41,116,15,30,8,0,4,12.0,1.0,0.0,6,45.0,0.0,4.0,0.0,1.0,3.0,0.8
boteda01,2024,1,CHN,NL,37,46,4,14,4,0,0,6.0,0.0,0.0,2,13.0,0.0,0.0,0.0,0.0,1.0,0.2
bouchse01,2022,1,COL,NL,27,74,9,22,6,0,3,11.0,0.0,0.0,21,25.0,0.0,1.0,0.0,1.0,1.0,0.9
bouchse01,2023,1,COL,NL,21,38,11,12,2,0,4,7.0,0.0,1.0,4,14.0,0.0,0.0,0.0,1.0,0.0,0.7
bouchse01,2024,1,COL,NL,31,91,14,17,7,0,1,8.0,4.0,0.0,12,33.0,0.0,2.0,1.0,2.0,0.0,-0.6
bouchse01,2025,1,COL,NL,32,66,7,11,0,1,1,7.0,1.0,1.0,7,27.0,0.0,0.0,0.0,0.0,2.0,-0.9
boydma01,2021,1,DET,AL,15,3,0,1,0,0,0,0.0,0.0,0.0,1,1.0,0.0,0.0,1.0,0.0,0.0,0.1
bradlar01,2021,1,PHI,NL,53,1,0,0,0,0,0,0.0,0.0,0.0,0,1.0,0.0,0.0,0.0,0.0,0.0,0.0
bradlbo01,2021,1,CLE,AL,74,245,36,51,10,0,16,41.0,0.0,0.0,25,99.0,1.0,6.0,0.0,3.0,3.0,0.4
bradlbo01,2022,1,CLE,AL,8,17,1,2,0,0,0,0.0,0.0,0.0,0,9.0,0.0,0.0,0.0,0.0,0.0,-0.4
bradlja02,2020,1,BOS,AL,55,191,32,54,11,0,7,22.0,5.0,2.0,23,48.0,1.0,2.0,0.0,1.0,2.0,2.0
bradlja02,2021,1,MIL,NL,134,387,39,63,14,3,6,29.0,7.0,1.0,28,132.0,0.0,10.0,0.0,3.0,8.0,-0.7
bradlja02,2022,1,BOS,AL,92,271,21,57,19,1,3,29.0,2.0,3.0,17,58.0,0.0,0.0,2.0,0.0,3.0,-0.4
bradlja02,2022,2,TOR,AL,40,73,9,13,4,0,1,9.0,0.0,0.0,7,19.0,0.0,0.0,0.0,0.0,2.0,-0.3
bradlja02,2023,1,KCA,AL,43,105,10,14,5,0,1,6.0,0.0,0.0,5,29.0,0.0,2.0,1.0,0.0,3.0,-0.4
brantmi02,2020,1,HOU,AL,46,170,24,51,15,0,5,22.0,2.0,0.0,17,28.0,0.0,0.0,0.0,0.0,3.0,1.6
brantmi02,2021,1,HOU,AL,121,469,68,146,29,3,8,47.0,1.0,0.0,33,53.0,1.0,5.0,0.0,1.0,11.0,2.2
brantmi02,2022,1,HOU,AL,64,243,28,70,14,1,5,26.0,1.0,1.0,31,30.0,2.0,1.0,1.0,1.0,1.0,1.2
brantmi02,2023,1,HOU,AL,15,54,7,15,2,0,2,7.0,0.0,0.0,2,2.0,0.0,0.0,0.0,1.0,2.0,0.1
brantro01,2020,1,SFN,NL,1,3,0,0,0,0,0,0.0,0.0,0.0,0,0.0,0.0,0.0,0.0,0.0,0.0,-0.1
brantro01,2021,1,NYA,AL,6,20,0,3,1,0,0,0.0,0.0,0.0,0,4.0,0.0,1.0,0.0,0.0,0.0,-0.2
brantro01,2022,1,NYA,AL,1,3,0,1,1,0,0,0.0,0.0,0.0,0,0.0,0.0,0.0,0.0,0.0,0.0,0.0
brantro01,2024,1,TBA,AL,3,9,0,1,0,0,0,0.0,0.0,0.0,0,2.0,0.0,0.0,0.0,0.0,0.0,0.0
brantro01,2025,1,MIA,NL,3,7,0,3,0,0,0,1.0,0.0,0.0,0,1.0,0.0,0.0,0.0,0.0,0.0,0.0
braulst01,2021,1,PIT,NL,7,6,0,1,1,0,0,0.0,0.0,0.0,0,2.0,0.0,0.0,2.0,0.0,0.0,0.0
braunry02,2020,1,MIL,NL,39,129,14,30,7,1,8,26.0,1.0,0.0,7,27.0,0.0,2.0,0.0,1.0,6.0,0.1
brebbjo01,2021,1,SFN,NL,18,1,0,0,0,0,0,0.0,0.0,0.0,0,1.0,0.0,0.0,0.0,0.0,0.0,0.0
bregmal01,2020,1,HOU,AL,42,153,19,37,12,1,6,22.0,0.0,0.0,24,26.0,1.0,2.0,0.0,1.0,2.0,1.0
bregmal01,2021,1,HOU,AL,91,348,54,94,17,0,12,55.0,1.0,0.0,44,53.0,4.0,4.0,0.0,4.0,13.0,2.3
bregmal01,2022,1,HOU,AL,155,548,93,142,38,0,23,93.0,1.0,2.0,87,77.0,1.0,11.0,0.0,10.0,18.0,4.5
bregmal01,2023,1,HOU,AL,161,622,103,163,28,4,25,98.0,3.0,1.0,92,87.0,1.0,8.0,0.0,2.0,22.0,4.9
bregmal01,2024,1,HOU,AL,145,581,79,151,30,2,26,75.0,3.0,1.0,44,86.0,1.0,5.0,0.0,4.0,13.0,4.0
bregmal01,2025,1,BOS,AL,114,433,64,118,28,0,18,62.0,1.0,1.0,51,70.0,3.0,9.0,0.0,2.0,12.0,3.5
brennwi02,2022,1,CLE,AL,11,42,6,15,1,1,1,8.0,2.0,1.0,2,4.0,1.0,1.0,0.0,0.0,0.0,0.6
brennwi02,2023,1,CLE,AL,138,432,41,115,24,0,5,41.0,13.0,5.0,16,57.0,2.0,5.0,0.0,2.0,4.0,0.3
brennwi02,2024,1,CLE,AL,114,330,37,87,13,2,8,30.0,4.0,2.0,19,48.0,2.0,3.0,0.0,1.0,9.0,-0.2
brennwi02,2025,1,CLE,AL,6,11,0,1,0,0,0,0.0,0.0,1.0,1,1.0,0.0,1.0,0.0,0.0,1.0,-0.2
bricejo01,2020,1,LAA,AL,2,5,0,1,0,0,0,0.0,0.0,0.0,1,1.0,0.0,0.0,0.0,0.0,0.0,0.0
bridejo01,2022,1,OAK,AL,58,162,17,33,4,0,1,6.0,1.0,0.0,19,32.0,0.0,4.0,1.0,1.0,4.0,0.1
bridejo01,2023,1,OAK,AL,40,88,9,15,3,0,0,7.0,0.0,1.0,11,22.0,0.0,4.0,1.0,2.0,3.0,-0.5
bridejo01,2024,1,MIA,NL,71,232,30,64,10,0,11,39.0,0.0,1.0,30,55.0,1.0,3.0,0.0,7.0,9.0,0.9
bridejo01,2025,1,MIA,NL,12,40,3,4,0,0,0,2.0,0.0,0.0,5,15.0,1.0,0.0,0.0,0.0,0.0,-0.4
bridejo01,2025,2,MIN,AL,33,72,4,15,2,0,0,3.0,0.0,0.0,6,24.0,0.0,1.0,0.0,1.0,1.0,-0.3
brinsle01,2020,1,MIA,NL,47,106,14,24,6,0,3,12.0,4.0,0.0,6,30.0,0.0,0.0,0.0,0.0,2.0,0.1
brinsle01,2021,1,MIA,NL,89,274,24,62,14,0,9,33.0,1.0,1.0,13,72.0,0.0,1.0,1.0,1.0,5.0,-0.1
brinsle01,2022,1,SFN,NL,16,36,5,6,2,0,3,4.0,1.0,0.0,2,14.0,0.0,0.0,1.0,0.0,0.0,-0.3
brooktr01,2024,1,SFN,NL,12,25,3,3,0,0,0,1.0,1.0,0.0,4,6.0,0.0,0.0,0.0,0.0,1.0,-0.3
brooktr01,2025,1,SDN,NL,25,41,5,6,2,0,1,2.0,0.0,0.0,2,13.0,0.0,0.0,0.0,0.0,2.0,-0.5
brossmi01,2020,1,TBA,AL,37,86,12,26,5,1,5,12.0,2.0,0.0,8,31.0,0.0,3.0,0.0,1.0,1.0,1.2
brossmi01,2021,1,TBA,AL,57,150,21,28,9,0,5,18.0,2.0,0.0,15,53.0,0.0,2.0,0.0,2.0,1.0,1.0
brossmi01,2022,1,MIL,NL,70,141,15,36,5,0,6,23.0,2.0,0.0,14,48.0,0.0,5.0,0.0,0.0,0.0,0.4
brossmi01,2023,1,MIL,NL,29,73,4,15,2,0,4,8.0,0.0,0.0,4,20.0,0.0,1.0,0.0,0.0,2.0,-0.3
brothre01,2021,1,CHN,NL,57,2,0,0,0,0,0,0.0,0.0,0.0,0,2.0,0.0,0.0,0.0,0.0,0.0,0.0
brownse01,2020,1,OAK,AL,7,5,0,0,0,0,0,0.0,0.0,0.0,0,2.0,0.0,0.0,0.0,0.0,0.0,-0.1
brownse01,2021,1,OAK,AL,111,281,43,60,13,1,20,48.0,4.0,1.0,23,89.0,2.0,1.0,0.0,2.0,1.0,1.5
brownse01,2022,1,OAK,AL,150,500,55,115,26,3,25,73.0,11.0,2.0,51,146.0,3.0,3.0,0.0,1.0,7.0,1.9
brownse01,2023,1,OAK,AL,112,343,33,76,19,1,14,52.0,3.0,1.0,30,101.0,1.0,2.0,1.0,2.0,6.0,0.3
brownse01,2024,1,OAK,AL,124,372,32,86,11,1,14,44.0,4.0,2.0,25,112.0,0.0,2.0,0.0,1.0,7.0,-0.6
brownse01,2025,1,ATH,AL,38,65,6,12,2,0,1,3.0,1.0,0.0,9,23.0,0.0,2.0,0.0,0.0,2.0,-0.7
brubajt01,2021,1,PIT,NL,25,38,0,3,0,0,0,3.0,0.0,0.0,4,15.0,0.0,0.0,1.0,0.0,2.0,-0.1
bruceja01,2020,1,PHI,NL,32,96,11,19,4,2,6,14.0,0.0,0.0,7,24.0,1.0,0.0,0.0,0.0,1.0,0.2
bruceja01,2021,1,NYA,AL,10,34,3,4,1,0,1,3.0,0.0,0.0,5,13.0,0.0,0.0,0.0,0.0,2.0,-0.4
brujavi01,2021,1,TBA,AL,10,26,3,2,0,0,0,2.0,1.0,0.0,0,8.0,0.0,0.0,0.0,0.0,0.0,-0.7
brujavi01,2022,1,TBA,AL,52,147,13,24,5,0,3,16.0,5.0,5.0,12,37.0,0.0,1.0,0.0,2.0,2.0,-0.6
brujavi01,2023,1,TBA,AL,37,76,14,13,2,0,0,6.0,3.0,2.0,5,21.0,0.0,2.0,1.0,0.0,1.0,-0.3
brujavi01,2024,1,MIA,NL,102,248,32,55,14,2,2,16.0,5.0,6.0,25,54.0,3.0,4.0,1.0,0.0,5.0,0.6
brujavi01,2025,1,CHN,NL,36,45,6,10,3,0,0,3.0,2.0,1.0,1,12.0,0.0,0.0,0.0,1.0,1.0,-0.4
brujavi01,2025,2,BAL,AL,1,1,0,1,0,0,0,0.0,0.0,0.0,0,0.0,0.0,0.0,0.0,0.0,0.0,0.1
brujavi01,2025,3,ATL,NL,24,41,8,11,2,0,0,5.0,0.0,0.0,5,9.0,0.0,1.0,0.0,0.0,0.0,0.5
bryankr01,2020,1,CHN,NL,34,131,20,27,5,1,4,11.0,0.0,0.0,12,40.0,0.0,4.0,0.0,0.0,1.0,0.4
bryankr01,2021,1,CHN,NL,93,326,58,87,19,2,18,51.0,4.0,2.0,39,89.0,1.0,8.0,0.0,1.0,6.0,2.3
bryankr01,2021,2,SFN,NL,51,187,28,49,13,0,7,22.0,6.0,0.0,23,46.0,3.0,1.0,0.0,1.0,3.0,1.0
bryankr01,2022,1,COL,NL,42,160,28,49,12,0,5,14.0,0.0,0.0,17,27.0,0.0,2.0,0.0,2.0,7.0,0.7
bryankr01,2023,1,COL,NL,80,300,36,70,10,0,10,31.0,0.0,0.0,29,68.0,0.0,6.0,0.0,0.0,6.0,-1.0
bryankr01,2024,1,COL,NL,37,133,9,29,5,0,2,15.0,0.0,0.0,13,48.0,0.0,8.0,0.0,1.0,6.0,-0.8
bryankr01,2025,1,COL,NL,11,39,2,6,2,0,0,1.0,0.0,0.0,2,13.0,0.0,0.0,0.0,0.0,1.0,-0.5
bubickr01,2021,1,KCA,AL,29,5,0,0,0,0,0,0.0,0.0,0.0,0,1.0,0.0,0.0,0.0,0.0,0.0,-0.1
buehlwa01,2021,1,LAN,NL,34,69,5,7,2,0,0,3.0,0.0,0.0,5,45.0,0.0,0.0,8.0,0.0,0.0,0.0
bumgama01,2021,1,ARI,NL,28,39,3,4,1,0,0,3.0,0.0,0.0,9,29.0,0.0,1.0,2.0,1.0,0.0,0.3
bundydy01,2021,1,LAA,AL,24,4,0,1,0,0,0,0.0,0.0,0.0,0,3.0,0.0,0.0,0.0,0.0,0.0,0.0
burdipe01,2022,1,MIA,NL,32,92,8,19,4,0,4,11.0,1.0,0.0,8,35.0,0.0,2.0,0.0,0.0,1.0,-0.4
burdipe01,2023,1,MIA,NL,14,33,4,6,2,0,1,2.0,1.0,0.0,3,18.0,0.0,1.0,0.0,0.0,0.0,0.0
burgeja01,2021,1,CHA,AL,15,38,5,10,3,1,1,3.0,0.0,0.0,4,15.0,0.0,0.0,0.0,0.0,2.0,0.4
burgeja01,2022,1,CHA,AL,51,168,20,42,9,1,8,26.0,0.0,0.0,10,56.0,1.0,3.0,1.0,1.0,7.0,0.0
burgeja01,2023,1,CHA,AL,88,294,44,63,15,1,25,52.0,1.0,1.0,22,102.0,0.0,5.0,0.0,2.0,3.0,1.4
burgeja01,2023,2,MIA,NL,53,198,27,60,13,0,9,28.0,0.0,0.0,10,47.0,0.0,7.0,0.0,2.0,1.0,1.0
burgeja01,2024,1,MIA,NL,137,535,68,134,23,1,29,76.0,1.0,1.0,31,150.0,2.0,9.0,0.0,4.0,11.0,0.8
burgeja01,2025,1,TEX,AL,103,356,43,84,15,1,16,53.0,1.0,1.0,12,93.0,0.0,5.0,0.0,3.0,3.0,0.9
burleal01,2022,1,SLN,NL,16,48,4,9,1,0,1,3.0,1.0,0.0,5,9.0,0.0,0.0,0.0,0.0,1.0,0.0
burleal01,2023,1,SLN,NL,107,315,34,77,20,1,8,36.0,3.0,1.0,23,45.0,0.0,3.0,1.0,2.0,13.0,-0.7
burleal01,2024,1,SLN,NL,152,547,71,147,20,0,21,78.0,9.0,4.0,35,76.0,0.0,4.0,1.0,6.0,8.0,1.4
burleal01,2025,1,SLN,NL,139,497,54,144,26,2,18,69.0,5.0,1.0,39,79.0,1.0,3.0,1.0,4.0,14.0,1.8
burneco01,2021,1,MIL,NL,28,52,1,8,0,0,0,4.0,0.0,0.0,3,26.0,0.0,0.0,4.0,0.0,0.0,0.1
burnsan01,2021,1,LAN,NL,9,11,2,3,1,0,0,0.0,0.0,0.0,3,1.0,0.0,1.0,0.0,0.0,1.0,0.0
buschmi02,2023,1,LAN,NL,27,72,9,12,3,0,2,7.0,1.0,0.0,8,27.0,0.0,0.0,0.0,1.0,0.0,-0.4
buschmi02,2024,1,CHN,NL,152,496,73,123,28,2,21,65.0,2.0,1.0,63,162.0,1.0,4.0,0.0,4.0,9.0,2.8
buschmi02,2025,1,CHN,NL,155,524,78,137,25,5,34,90.0,4.0,0.0,56,139.0,2.0,10.0,0.0,2.0,2.0,4.6
buterdr01,2020,1,COL,NL,29,39,4,6,2,0,0,4.0,0.0,0.0,2,11.0,0.0,0.0,1.0,1.0,3.0,-0.2
buterdr01,2021,1,LAA,AL,12,32,1,3,1,0,0,5.0,0.0,0.0,0,16.0,0.0,0.0,3.0,1.0,0.0,-0.5
butlela01,2023,1,OAK,AL,42,123,10,26,4,0,4,10.0,0.0,0.0,4,35.0,0.0,1.0,0.0,1.0,5.0,-0.5
butlela01,2024,1,OAK,AL,125,412,63,108,24,2,22,57.0,18.0,0.0,35,108.0,0.0,0.0,0.0,4.0,8.0,3.0
butlela01,2025,1,ATH,AL,152,569,83,133,30,2,21,63.0,22.0,7.0,59,179.0,0.0,0.0,2.0,0.0,7.0,1.9
buxtoby01,2020,1,MIN,AL,39,130,19,33,3,0,13,27.0,2.0,1.0,2,36.0,0.0,1.0,0.0,2.0,2.0,2.1
buxtoby01,2021,1,MIN,AL,61,235,50,72,23,0,19,32.0,9.0,1.0,13,62.0,0.0,6.0,0.0,0.0,0.0,4.9
buxtoby01,2022,1,MIN,AL,92,340,61,76,13,3,28,51.0,6.0,0.0,34,116.0,0.0,7.0,0.0,1.0,0.0,3.9
buxtoby01,2023,1,MIN,AL,85,304,49,63,17,1,17,42.0,9.0,0.0,35,109.0,2.0,4.0,0.0,4.0,3.0,0.7
buxtoby01,2024,1,MIN,AL,102,355,62,99,27,3,18,56.0,7.0,2.0,20,99.0,1.0,11.0,0.0,2.0,3.0,3.6
buxtoby01,2025,1,MIN,AL,126,488,97,129,21,7,35,83.0,24.0,0.0,41,148.0,5.0,7.0,0.0,6.0,0.0,4.9
cabaljo01,2023,1,SEA,AL,104,231,37,51,9,1,4,26.0,26.0,3.0,28,66.0,0.0,17.0,0.0,4.0,0.0,2.5
cabaljo01,2024,1,TBA,AL,139,441,53,100,24,1,9,44.0,44.0,16.0,27,133.0,1.0,9.0,3.0,3.0,6.0,1.6
cabaljo01,2025,1,TBA,AL,86,235,37,53,12,1,2,27.0,34.0,8.0,33,80.0,0.0,3.0,3.0,1.0,1.0,1.8
cabaljo01,2025,2,NYA,AL,40,79,15,21,6,0,3,9.0,15.0,3.0,14,18.0,0.0,0.0,1.0,1.0,0.0,1.2
cabbatr01,2023,1,LAA,AL,22,53,5,11,3,0,1,7.0,1.0,1.0,2,26.0,0.0,0.0,0.0,1.0,1.0,-0.3
cabbatr01,2024,1,HOU,AL,45,86,12,18,8,0,1,8.0,1.0,1.0,4,34.0,0.0,1.0,0.0,0.0,1.0,-0.1
cabreas01,2020,1,WAS,NL,52,190,23,46,9,3,8,31.0,0.0,0.0,19,40.0,0.0,0.0,0.0,4.0,6.0,0.1
cabreas01,2021,1,ARI,NL,90,283,34,69,21,0,7,40.0,1.0,0.0,33,73.0,1.0,2.0,0.0,3.0,6.0,0.9
cabreas01,2021,2,CIN,NL,20,26,0,2,0,0,0,2.0,0.0,0.0,3,7.0,0.0,1.0,0.0,1.0,2.0,-0.5
cabreed02,2021,1,MIA,NL,7,7,0,1,1,0,0,1.0,0.0,0.0,0,3.0,0.0,0.0,0.0,0.0,0.0,0.0
cabremi01,2020,1,DET,AL,57,204,28,51,4,0,10,35.0,1.0,0.0,24,51.0,1.0,1.0,0.0,2.0,3.0,0.1
cabremi01,2021,1,DET,AL,130,472,48,121,16,0,15,75.0,0.0,0.0,40,118.0,0.0,5.0,0.0,9.0,21.0,-0.5
cabremi01,2022,1,DET,AL,112,397,25,101,10,0,5,43.0,1.0,0.0,28,101.0,3.0,3.0,0.0,5.0,11.0,-1.1
cabremi01,2023,1,DET,AL,98,334,21,86,20,0,4,34.0,0.0,0.0,31,74.0,0.0,2.0,0.0,3.0,11.0,-0.3
cabreos01,2022,1,NYA,AL,44,154,21,38,8,1,6,19.0,3.0,2.0,15,44.0,0.0,0.0,1.0,1.0,1.0,1.7
cabreos01,2023,1,NYA,AL,115,298,35,63,11,0,5,29.0,8.0,0.0,25,72.0,1.0,2.0,3.0,2.0,6.0,-1.5
cabreos01,2024,1,NYA,AL,109,299,47,74,11,0,8,36.0,4.0,2.0,21,63.0,0.0,1.0,2.0,3.0,6.0,1.3
cabreos01,2025,1,NYA,AL,34,107,17,26,4,0,1,11.0,0.0,1.0,11,25.0,0.0,2.0,1.0,1.0,1.0,0.4
caglija01,2025,1,KCA,AL,62,210,19,33,6,1,7,18.0,1.0,0.0,18,52.0,0.0,4.0,0.0,0.0,4.0,-1.3
cahiltr01,2021,1,PIT,NL,9,9,0,1,0,0,0,0.0,0.0,0.0,0,4.0,0.0,0.0,0.0,0.0,0.0,0.0
cainlo01,2020,1,MIL,NL,5,18,4,6,1,0,0,2.0,0.0,0.0,3,2.0,1.0,0.0,0.0,0.0,1.0,0.2
cainlo01,2021,1,MIL,NL,78,257,40,66,13,0,8,36.0,13.0,2.0,26,48.0,0.0,2.0,0.0,1.0,5.0,2.3
cainlo01,2022,1,MIL,NL,43,145,17,26,5,0,1,9.0,2.0,2.0,8,36.0,0.0,2.0,0.0,1.0,4.0,-0.4
caissow01,2025,1,CHN,NL,12,26,4,5,1,0,1,4.0,0.0,0.0,1,11.0,0.0,0.0,0.0,0.0,0.0,-0.1
calhoko01,2020,1,ARI,NL,54,190,35,43,9,0,16,40.0,1.0,1.0,28,50.0,0.0,6.0,0.0,4.0,6.0,1.4
calhoko01,2021,1,ARI,NL,51,166,17,39,8,0,5,17.0,1.0,0.0,15,41.0,0.0,0.0,0.0,1.0,2.0,0.0
calhoko01,2022,1,TEX,AL,125,388,36,76,14,1,12,49.0,3.0,2.0,27,136.0,0.0,6.0,0.0,3.0,6.0,-1.7
calhoko01,2023,1,CLE,AL,43,157,18,34,7,0,6,25.0,0.0,1.0,13,37.0,0.0,2.0,0.0,2.0,3.0,0.0
calhowi01,2020,1,TEX,AL,29,100,3,19,2,1,1,13.0,0.0,0.0,5,17.0,0.0,1.0,0.0,2.0,1.0,-1.0
calhowi01,2021,1,TEX,AL,75,260,26,65,10,3,6,25.0,0.0,2.0,21,34.0,0.0,2.0,0.0,1.0,6.0,-0.4
calhowi01,2022,1,TEX,AL,18,44,7,6,3,0,1,2.0,0.0,0.0,8,6.0,0.0,1.0,0.0,0.0,1.0,-0.2
calhowi01,2022,2,SFN,NL,4,8,0,1,0,0,0,1.0,0.0,0.0,1,2.0,0.0,0.0,0.0,0.0,1.0,-0.1
calhowi01,2023,1,NYA,AL,44,134,16,32,7,0,5,16.0,0.0,0.0,14,20.0,1.0,0.0,0.0,1.0,2.0,-0.2
calhowi01,2024,1,LAA,AL,68,229,26,56,16,0,5,20.0,0.0,1.0,23,31.0,1.0,1.0,0.0,1.0,5.0,-0.2
callal01,2022,1,CLE,AL,12,12,2,2,0,0,0,0.0,0.0,0.0,4,4.0,0.0,0.0,0.0,0.0,0.0,0.1
callal01,2022,2,WAS,NL,35,102,16,25,3,1,5,13.0,3.0,3.0,11,26.0,0.0,2.0,0.0,0.0,2.0,0.3
callal01,2023,1,WAS,NL,128,375,43,75,14,1,8,38.0,9.0,8.0,53,78.0,0.0,6.0,3.0,2.0,1.0,1.0
callal01,2024,1,WAS,NL,30,99,15,34,9,0,3,14.0,5.0,1.0,12,19.0,0.0,2.0,0.0,0.0,2.0,1.5
callal01,2025,1,WAS,NL,72,197,30,54,9,2,3,26.0,1.0,1.0,26,36.0,0.0,6.0,5.0,3.0,5.0,1.1
callal01,2025,2,LAN,NL,38,73,13,18,4,0,2,5.0,1.0,0.0,10,19.0,0.0,0.0,1.0,1.0,1.0,0.4
callity01,2025,1,CIN,NL,4,6,0,1,0,0,0,1.0,0.0,0.0,0,1.0,0.0,0.0,0.0,0.0,0.0,-0.2
camarda01,2021,1,SDN,NL,6,3,1,1,0,0,1,4.0,0.0,0.0,0,2.0,0.0,0.0,0.0,0.0,0.0,0.1
camarja01,2024,1,MIN,AL,5,6,1,0,0,0,0,0.0,0.0,0.0,1,3.0,0.0,0.0,0.0,0.0,0.0,-0.1
camarjo01,2020,1,ATL,NL,35,120,16,24,8,0,4,9.0,0.0,0.0,6,35.0,0.0,1.0,0.0,0.0,1.0,0.1
camarjo01,2021,1,ATL,NL,15,16,1,0,0,0,0,0.0,0.0,0.0,2,6.0,0.0,0.0,0.0,0.0,0.0,-0.4
camarjo01,2022,1,PHI,NL,52,152,8,36,3,0,3,15.0,0.0,0.0,13,37.0,0.0,0.0,1.0,0.0,1.0,0.1
camarjo01,2023,1,SFN,NL,8,18,0,4,0,0,0,2.0,0.0,0.0,1,4.0,0.0,1.0,0.0,0.0,2.0,-0.2
camerda01,2020,1,DET,AL,17,57,4,11,2,1,0,3.0,1.0,0.0,2,19.0,0.0,0.0,0.0,0.0,1.0,-0.5
camerda01,2021,1,DET,AL,35,103,16,20,5,0,4,13.0,6.0,0.0,10,38.0,0.0,2.0,0.0,0.0,2.0,-0.3
camerda01,2022,1,DET,AL,21,64,6,14,3,1,1,8.0,2.0,0.0,5,20.0,0.0,1.0,0.0,0.0,1.0,0.0
camerda01,2024,1,OAK,AL,66,170,22,34,5,1,5,15.0,5.0,0.0,13,51.0,0.0,1.0,0.0,2.0,3.0,-0.5
camerda01,2025,1,MIL,NL,21,41,7,8,1,0,1,3.0,1.0,0.0,1,13.0,0.0,0.0,0.0,0.0,1.0,-0.5
caminju01,2023,1,TBA,AL,7,34,4,8,1,0,1,7.0,0.0,0.0,2,8.0,0.0,0.0,0.0,0.0,2.0,0.0
caminju01,2024,1,TBA,AL,43,165,15,41,9,1,6,18.0,2.0,0.0,11,38.0,2.0,1.0,0.0,0.0,2.0,0.7
caminju01,2025,1,TBA,AL,154,602,93,159,28,0,45,110.0,7.0,1.0,41,125.0,1.0,3.0,0.0,7.0,31.0,4.4
campber01,2021,1,SEA,AL,4,11,1,3,0,0,0,0.0,0.0,0.0,1,1.0,0.0,0.0,0.0,0.0,0.0,0.0
campbkr01,2025,1,BOS,AL,67,229,24,51,10,0,6,21.0,2.0,1.0,29,72.0,0.0,4.0,0.0,1.0,1.0,-1.0
campbpa02,2021,1,MIA,NL,16,5,0,0,0,0,0,0.0,0.0,0.0,0,2.0,0.0,0.0,0.0,0.0,0.0,-0.1
campegu01,2024,1,LAA,AL,13,46,6,11,0,1,1,6.0,3.0,0.0,0,8.0,0.0,2.0,0.0,0.0,0.0,-0.1
campegu01,2025,1,LAA,AL,28,58,9,10,1,0,3,8.0,4.0,1.0,5,14.0,0.0,3.0,0.0,0.0,2.0,-0.3
campulu01,2020,1,SDN,NL,1,3,2,1,0,0,1,1.0,0.0,0.0,0,2.0,0.0,1.0,0.0,0.0,0.0,0.1
campulu01,2021,1,SDN,NL,11,34,0,3,0,0,0,1.0,0.0,0.0,4,11.0,0.0,0.0,0.0,0.0,2.0,-0.5
campulu01,2022,1,SDN,NL,16,48,4,12,1,0,1,5.0,0.0,0.0,1,11.0,0.0,0.0,0.0,1.0,2.0,-0.2
campulu01,2023,1,SDN,NL,49,163,27,52,7,0,7,30.0,0.0,0.0,7,21.0,0.0,3.0,0.0,1.0,8.0,1.1
campulu01,2024,1,SDN,NL,91,277,37,63,13,0,8,40.0,0.0,0.0,20,41.0,0.0,1.0,0.0,1.0,11.0,-0.7
campulu01,2025,1,SDN,NL,10,21,0,0,0,0,0,0.0,0.0,0.0,6,11.0,0.0,0.0,0.0,0.0,2.0,-0.4
canaral01,2023,1,CHN,NL,6,17,1,5,1,1,1,6.0,0.0,0.0,0,8.0,0.0,0.0,0.0,0.0,0.0,0.0
canaral01,2024,1,CHN,NL,15,25,4,7,1,0,1,2.0,1.0,0.0,2,11.0,0.0,1.0,0.0,0.0,0.0,0.3
canaral01,2025,1,PIT,NL,87,216,25,47,6,1,6,20.0,3.0,1.0,17,80.0,0.0,0.0,0.0,1.0,5.0,0.5
candeje01,2020,1,DET,AL,52,185,30,55,11,3,7,29.0,1.0,1.0,20,49.0,0.0,1.0,0.0,0.0,3.0,2.1
candeje01,2021,1,DET,AL,149,557,75,151,42,3,16,67.0,0.0,0.0,65,135.0,1.0,4.0,0.0,0.0,10.0,3.6
candeje01,2022,1,DET,AL,124,429,49,93,19,2,13,50.0,0.0,1.0,28,109.0,1.0,6.0,0.0,4.0,9.0,0.5
candeje01,2023,1,WAS,NL,98,368,57,95,30,2,16,53.0,6.0,1.0,36,88.0,1.0,12.0,0.0,2.0,10.0,3.1
candeje01,2023,2,CHN,NL,41,137,20,32,9,1,6,17.0,2.0,0.0,17,39.0,0.0,1.0,0.0,2.0,1.0,0.2
candeje01,2024,1,CIN,NL,112,427,47,96,23,2,20,56.0,4.0,3.0,27,114.0,1.0,6.0,0.0,3.0,7.0,-0.7
candeje01,2025,1,CIN,NL,22,80,3,9,2,0,2,10.0,0.0,1.0,9,29.0,0.0,0.0,0.0,2.0,1.0,-0.9
canhama01,2020,1,OAK,AL,59,191,32,47,12,2,5,33.0,4.0,0.0,37,54.0,1.0,10.0,0.0,5.0,2.0,1.5
canhama01,2021,1,OAK,AL,141,519,93,120,22,4,17,61.0,12.0,2.0,77,128.0,0.0,27.0,0.0,2.0,9.0,2.7
canhama01,2022,1,NYN,NL,140,462,71,123,24,0,13,61.0,3.0,1.0,48,97.0,1.0,28.0,0.0,4.0,3.0,2.5
canhama01,2023,1,NYN,NL,89,257,28,63,15,1,6,29.0,7.0,0.0,32,52.0,0.0,9.0,0.0,5.0,8.0,1.2
canhama01,2023,2,MIL,NL,50,178,23,51,10,0,5,33.0,4.0,1.0,17,27.0,1.0,8.0,0.0,1.0,3.0,1.0
canhama01,2024,1,DET,AL,93,320,42,74,17,0,7,38.0,4.0,0.0,42,79.0,2.0,11.0,0.0,4.0,9.0,0.5
canhama01,2024,2,SFN,NL,32,73,4,21,3,0,0,4.0,3.0,0.0,9,17.0,0.0,2.0,0.0,1.0,1.0,0.0
canhama01,2025,1,KCA,AL,46,113,9,24,3,0,1,6.0,0.0,1.0,7,24.0,0.0,3.0,0.0,2.0,1.0,-1.0
canoro01,2020,1,NYN,NL,49,171,23,54,9,0,10,30.0,0.0,0.0,9,24.0,1.0,1.0,0.0,1.0,7.0,1.3
canoro01,2022,1,NYN,NL,12,41,3,8,0,0,1,3.0,0.0,0.0,2,11.0,0.0,0.0,0.0,0.0,0.0,-0.5
canoro01,2022,2,SDN,NL,12,33,1,3,0,0,0,1.0,0.0,0.0,1,10.0,0.0,0.0,0.0,0.0,0.0,-0.5
canoro01,2022,3,ATL,NL,9,26,1,4,1,0,0,0.0,0.0,0.0,1,4.0,0.0,0.0,0.0,0.0,2.0,-0.4
canzodo01,2023,1,ARI,NL,15,38,4,9,2,0,1,8.0,0.0,0.0,2,8.0,0.0,1.0,0.0,0.0,1.0,-0.2
canzodo01,2023,2,SEA,AL,44,135,19,29,11,0,5,13.0,1.0,0.0,6,24.0,0.0,0.0,0.0,0.0,4.0,0.1
canzodo01,2024,1,SEA,AL,67,168,20,33,7,0,8,17.0,1.0,0.0,18,53.0,2.0,0.0,0.0,2.0,5.0,0.2
canzodo01,2025,1,SEA,AL,82,243,30,73,11,0,11,32.0,3.0,1.0,20,59.0,0.0,3.0,0.0,2.0,6.0,1.6
capelco01,2022,1,SLN,NL,9,17,1,3,0,0,1,2.0,0.0,0.0,1,2.0,0.0,0.0,0.0,1.0,0.0,-0.1
capelco01,2022,2,OAK,AL,13,35,6,13,0,1,2,9.0,1.0,1.0,4,8.0,0.0,0.0,0.0,1.0,2.0,0.2
capelco01,2023,1,OAK,AL,32,73,6,19,5,0,0,3.0,5.0,3.0,12,25.0,0.0,1.0,0.0,0.0,1.0,0.3
capelco01,2024,1,CIN,NL,5,8,1,2,0,0,0,0.0,1.0,0.0,0,2.0,0.0,0.0,0.0,0.0,0.0,-0.1
capravi01,2022,1,TOR,AL,8,5,2,1,0,0,0,0.0,0.0,0.0,2,1.0,0.0,0.0,0.0,0.0,0.0,0.1
capravi01,2023,1,PIT,NL,9,18,3,3,1,0,0,1.0,0.0,0.0,2,5.0,0.0,0.0,1.0,0.0,0.0,-0.1
capravi01,2024,1,MIL,NL,3,9,1,1,1,0,0,0.0,0.0,0.0,0,3.0,0.0,0.0,0.0,0.0,1.0,-0.1
capravi01,2025,1,MIL,NL,24,54,6,4,0,0,1,4.0,1.0,0.0,2,15.0,0.0,1.0,1.0,1.0,4.0,-0.6
capravi01,2025,2,CHA,AL,23,42,4,8,2,0,0,2.0,1.0,0.0,1,10.0,0.0,0.0,2.0,1.0,1.0,0.2
caratvi01,2020,1,CHN,NL,44,116,10,28,7,0,1,16.0,0.0,1.0,12,31.0,1.0,4.0,0.0,0.0,4.0,-0.2
caratvi01,2021,1,SDN,NL,116,313,33,71,9,0,7,39.0,2.0,0.0,35,82.0,8.0,4.0,0.0,4.0,13.0,0.0
caratvi01,2022,1,MIL,NL,96,272,26,54,12,0,9,34.0,0.0,0.0,31,67.0,1.0,9.0,1.0,1.0,11.0,0.5
caratvi01,2023,1,MIL,NL,62,201,23,52,4,0,7,25.0,1.0,1.0,19,45.0,0.0,3.0,0.0,3.0,8.0,0.7
caratvi01,2024,1,HOU,AL,87,245,30,66,8,1,8,30.0,0.0,1.0,23,53.0,1.0,3.0,0.0,3.0,6.0,1.3
caratvi01,2025,1,HOU,AL,114,344,35,89,14,0,12,46.0,1.0,0.0,23,65.0,0.0,13.0,0.0,6.0,8.0,0.9
carlsdy01,2020,1,SLN,NL,35,110,11,22,7,1,3,16.0,1.0,1.0,8,35.0,0.0,0.0,0.0,1.0,3.0,0.1
carlsdy01,2021,1,SLN,NL,149,542,79,144,31,4,18,65.0,2.0,1.0,57,152.0,2.0,11.0,1.0,8.0,5.0,3.2
carlsdy01,2022,1,SLN,NL,128,432,56,102,30,4,8,42.0,5.0,2.0,45,94.0,1.0,7.0,0.0,4.0,6.0,1.8
carlsdy01,2023,1,SLN,NL,76,219,27,48,8,1,5,27.0,3.0,0.0,26,49.0,0.0,7.0,0.0,3.0,4.0,0.5
carlsdy01,2024,1,SLN,NL,59,121,12,24,5,0,0,11.0,0.0,1.0,12,37.0,0.0,2.0,0.0,3.0,2.0,-0.9
carlsdy01,2024,2,TBA,AL,37,114,7,25,2,0,3,14.0,2.0,0.0,10,38.0,0.0,3.0,0.0,0.0,0.0,-0.3
carlsdy01,2025,1,BAL,AL,83,217,17,44,9,1,6,20.0,3.0,3.0,21,54.0,0.0,2.0,0.0,1.0,3.0,-0.7
carpeke01,2022,1,DET,AL,31,103,16,26,4,1,6,10.0,0.0,0.0,6,32.0,0.0,3.0,0.0,1.0,0.0,0.3
carpeke01,2023,1,DET,AL,118,418,57,116,17,2,20,64.0,6.0,0.0,32,115.0,3.0,8.0,0.0,1.0,5.0,2.1
carpeke01,2024,1,DET,AL,87,264,37,75,16,5,18,57.0,0.0,2.0,22,75.0,1.0,4.0,0.0,3.0,5.0,2.1
carpeke01,2025,1,DET,AL,130,433,66,109,18,5,26,62.0,1.0,1.0,18,106.0,0.0,7.0,0.0,2.0,3.0,1.8
carpema01,2020,1,SLN,NL,50,140,22,26,6,0,4,24.0,0.0,0.0,23,48.0,1.0,6.0,0.0,0.0,1.0,0.3
carpema01,2021,1,SLN,NL,130,207,18,35,11,1,3,21.0,2.0,0.0,35,77.0,1.0,6.0,0.0,1.0,1.0,-1.1
carpema01,2022,1,NYA,AL,47,128,28,39,9,0,15,37.0,0.0,0.0,19,35.0,1.0,5.0,1.0,1.0,2.0,2.4
carpema01,2023,1,SDN,NL,76,188,18,33,12,0,5,31.0,1.0,0.0,41,67.0,0.0,2.0,0.0,5.0,2.0,-0.3
carpema01,2024,1,SLN,NL,59,137,15,32,7,0,4,15.0,0.0,2.0,15,51.0,0.0,2.0,0.0,2.0,0.0,-0.1
carraca01,2021,1,NYN,NL,12,15,0,0,0,0,0,0.0,0.0,0.0,0,10.0,0.0,0.0,4.0,0.0,0.0,-0.1
carroco02,2022,1,ARI,NL,32,104,13,27,9,2,4,14.0,2.0,1.0,8,31.0,0.0,3.0,0.0,0.0,1.0,1.3
carroco02,2023,1,ARI,NL,155,565,116,161,30,10,25,76.0,54.0,5.0,57,125.0,1.0,13.0,6.0,4.0,7.0,5.3
carroco02,2024,1,ARI,NL,158,589,121,136,22,14,22,74.0,35.0,8.0,73,130.0,0.0,10.0,3.0,9.0,3.0,3.3
carroco02,2025,1,ARI,NL,143,564,107,146,32,17,31,84.0,32.0,6.0,67,153.0,4.0,7.0,0.0,4.0,6.0,5.8
carteev01,2023,1,TEX,AL,23,62,15,19,4,1,5,12.0,3.0,0.0,12,24.0,1.0,0.0,0.0,1.0,1.0,1.6
carteev01,2024,1,TEX,AL,45,144,23,27,6,2,5,15.0,2.0,0.0,15,43.0,0.0,2.0,0.0,1.0,1.0,0.7
carteev01,2025,1,TEX,AL,63,194,31,48,9,2,5,25.0,14.0,2.0,19,41.0,1.0,7.0,0.0,0.0,2.0,1.9
casalcu01,2020,1,CIN,NL,31,76,10,17,3,0,6,8.0,2.0,0.0,14,29.0,0.0,3.0,0.0,0.0,2.0,0.5
casalcu01,2021,1,SFN,NL,77,200,20,42,11,1,5,26.0,0.0,0.0,26,66.0,4.0,4.0,1.0,0.0,3.0,0.6
casalcu01,2022,1,SFN,NL,41,108,13,25,3,0,4,14.0,0.0,0.0,15,36.0,0.0,1.0,0.0,2.0,1.0,1.2
casalcu01,2022,2,SEA,AL,16,40,7,5,1,0,1,3.0,0.0,0.0,9,14.0,0.0,1.0,0.0,0.0,0.0,0.2
casalcu01,2023,1,CIN,NL,40,80,8,14,2,0,0,6.0,0.0,0.0,11,23.0,0.0,2.0,3.0,0.0,1.0,0.1
casalcu01,2024,1,SFN,NL,41,108,12,21,3,0,1,8.0,0.0,0.0,13,22.0,0.0,2.0,2.0,0.0,3.0,0.3
casastr01,2022,1,BOS,AL,27,76,11,15,1,0,5,12.0,1.0,0.0,19,23.0,0.0,0.0,0.0,0.0,4.0,0.1
casastr01,2023,1,BOS,AL,132,429,66,113,21,2,24,65.0,0.0,0.0,70,126.0,2.0,1.0,0.0,2.0,7.0,2.2
casastr01,2024,1,BOS,AL,63,212,28,51,8,0,13,32.0,0.0,1.0,30,77.0,4.0,1.0,0.0,0.0,6.0,0.7
casastr01,2025,1,BOS,AL,29,99,5,18,3,0,3,11.0,0.0,0.0,11,27.0,2.0,2.0,0.0,0.0,3.0,-0.9
castada01,2021,1,MIA,NL,5,4,0,0,0,0,0,0.0,0.0,0.0,0,2.0,0.0,0.0,1.0,0.0,0.0,0.0
castehu01,2021,1,ARI,NL,14,6,1,3,0,0,1,5.0,0.0,0.0,0,1.0,0.0,0.0,0.0,1.0,0.0,0.2
casteni01,2020,1,CIN,NL,60,218,37,49,11,2,14,34.0,0.0,2.0,19,69.0,1.0,4.0,0.0,1.0,5.0,0.0
casteni01,2021,1,CIN,NL,138,531,95,164,38,1,34,100.0,3.0,1.0,41,121.0,5.0,7.0,0.0,6.0,16.0,3.1
casteni01,2022,1,PHI,NL,136,524,56,138,27,0,13,62.0,7.0,1.0,29,130.0,0.0,3.0,0.0,2.0,15.0,-0.1
casteni01,2023,1,PHI,NL,157,626,79,170,37,2,29,106.0,11.0,2.0,36,185.0,0.0,3.0,0.0,6.0,17.0,1.5
casteni01,2024,1,PHI,NL,162,606,80,154,30,4,23,86.0,6.0,2.0,41,139.0,2.0,10.0,0.0,2.0,14.0,0.6
casteni01,2025,1,PHI,NL,147,547,72,137,27,2,17,72.0,4.0,0.0,32,133.0,0.0,4.0,0.0,6.0,13.0,-0.8
castery01,2021,1,COL,NL,1,1,0,0,0,0,0,0.0,0.0,0.0,0,0.0,0.0,0.0,0.0,0.0,0.0,0.0
castidi02,2022,1,PIT,NL,96,262,28,54,13,0,11,29.0,1.0,1.0,14,75.0,1.0,3.0,0.0,4.0,7.0,-0.7
castidi02,2023,1,ARI,NL,1,1,0,0,0,0,0,0.0,0.0,0.0,0,0.0,0.0,0.0,0.0,0.0,0.0,0.0
castidi02,2024,1,MIN,AL,4,6,3,2,1,0,0,2.0,0.0,0.0,2,1.0,0.0,0.0,0.0,0.0,0.0,0.2
castier01,2021,1,CHN,NL,4,8,0,2,0,0,0,0.0,0.0,0.0,1,1.0,0.0,0.0,0.0,0.0,0.0,0.1
castiiv01,2021,1,SDN,NL,3,3,0,1,0,0,0,1.0,0.0,0.0,1,0.0,0.0,0.0,0.0,0.0,0.0,0.0
castilu02,2021,1,CIN,NL,33,49,1,8,2,0,0,2.0,0.0,0.0,1,23.0,0.0,0.0,9.0,0.0,1.0,0.1
castilu02,2024,1,SEA,AL,30,1,0,0,0,0,0,0.0,0.0,0.0,0,1.0,0.0,0.0,0.0,0.0,0.0,0.0
castrha01,2020,1,DET,AL,22,49,6,17,4,0,0,3.0,0.0,0.0,5,11.0,0.0,0.0,0.0,0.0,1.0,0.4
castrha01,2021,1,DET,AL,106,315,35,89,13,1,3,37.0,1.0,1.0,14,72.0,0.0,1.0,4.0,5.0,7.0,-0.2
castrha01,2022,1,DET,AL,120,420,37,114,21,2,7,47.0,0.0,1.0,17,79.0,1.0,1.0,3.0,2.0,5.0,-0.3
castrha01,2023,1,COL,NL,99,258,24,65,13,0,1,31.0,1.0,0.0,9,66.0,0.0,0.0,1.0,2.0,5.0,-1.4
castrja01,2020,1,LAA,AL,18,52,5,10,4,0,2,6.0,0.0,0.0,10,23.0,0.0,0.0,0.0,0.0,1.0,0.0
castrja01,2020,2,SDN,NL,9,28,3,5,5,0,0,3.0,0.0,0.0,2,10.0,0.0,0.0,0.0,0.0,1.0,-0.2
castrja01,2021,1,HOU,AL,66,149,22,35,7,0,8,21.0,0.0,0.0,25,54.0,1.0,3.0,2.0,0.0,4.0,1.0
castrja01,2022,1,HOU,AL,34,78,6,9,2,0,1,3.0,1.0,0.0,8,40.0,0.0,1.0,0.0,1.0,1.0,-0.6
castrro01,2021,1,PIT,NL,31,86,9,17,2,0,5,8.0,0.0,0.0,6,27.0,0.0,1.0,0.0,0.0,4.0,-0.4
castrro01,2022,1,PIT,NL,71,253,25,59,8,4,11,27.0,5.0,3.0,22,74.0,0.0,2.0,0.0,1.0,6.0,1.4
castrro01,2023,1,PIT,NL,78,197,19,45,7,0,6,22.0,1.0,4.0,21,62.0,1.0,5.0,0.0,1.0,4.0,0.0
castrro01,2023,2,PHI,NL,14,30,2,3,0,0,0,2.0,0.0,0.0,2,12.0,0.0,0.0,0.0,0.0,0.0,-0.4
castrst01,2020,1,WAS,NL,16,60,9,16,3,1,2,4.0,0.0,0.0,3,13.0,0.0,0.0,0.0,0.0,0.0,0.3
castrst01,2021,1,WAS,NL,87,315,25,89,20,0,3,38.0,0.0,1.0,26,62.0,1.0,0.0,0.0,4.0,6.0,1.1
castrwi01,2020,1,DET,AL,36,129,21,45,4,2,6,24.0,0.0,1.0,7,38.0,0.0,1.0,1.0,2.0,0.0,0.5
castrwi01,2021,1,DET,AL,125,413,56,91,15,6,9,38.0,9.0,4.0,23,109.0,1.0,8.0,3.0,3.0,5.0,-0.7
castrwi01,2022,1,DET,AL,112,365,47,88,18,2,8,31.0,9.0,4.0,15,82.0,0.0,8.0,1.0,3.0,4.0,0.8
castrwi01,2023,1,MIN,AL,124,358,60,92,18,5,9,34.0,33.0,5.0,34,99.0,1.0,12.0,2.0,3.0,5.0,2.6
castrwi01,2024,1,MIN,AL,158,558,89,138,31,5,12,60.0,14.0,9.0,51,150.0,0.0,21.0,1.0,4.0,8.0,1.6
castrwi01,2025,1,MIN,AL,86,302,48,74,15,2,10,27.0,9.0,3.0,32,84.0,1.0,9.0,1.0,0.0,9.0,0.3
castrwi01,2025,2,CHN,NL,34,100,10,17,2,1,1,6.0,1.0,1.0,8,27.0,0.0,2.0,0.0,0.0,3.0,-0.5
caveja01,2020,1,MIN,AL,42,113,17,25,3,2,4,15.0,0.0,2.0,5,44.0,0.0,5.0,0.0,0.0,0.0,0.4
caveja01,2021,1,MIN,AL,76,164,14,31,6,1,3,13.0,1.0,1.0,10,62.0,0.0,3.0,1.0,0.0,0.0,-0.8
caveja01,2022,1,MIN,AL,54,164,17,35,7,3,5,20.0,2.0,0.0,11,49.0,0.0,0.0,0.0,2.0,2.0,0.3
caveja01,2023,1,PHI,NL,65,184,18,39,8,1,5,21.0,3.0,0.0,15,55.0,0.0,1.0,1.0,2.0,3.0,-0.3
caveja01,2024,1,COL,NL,123,323,42,81,16,5,7,37.0,5.0,2.0,18,98.0,1.0,1.0,1.0,3.0,6.0,-0.8
ceasedy01,2021,1,CHA,AL,32,8,1,3,1,0,0,0.0,0.0,0.0,0,3.0,0.0,0.0,0.0,0.0,1.0,0.1
celesgi01,2021,1,MIN,AL,23,59,7,8,3,0,2,3.0,0.0,0.0,3,14.0,0.0,0.0,0.0,0.0,2.0,-0.3
celesgi01,2022,1,MIN,AL,122,311,30,74,12,1,2,24.0,4.0,1.0,32,77.0,0.0,2.0,2.0,0.0,13.0,0.5
cervefr01,2020,1,MIA,NL,16,53,10,13,2,0,3,7.0,1.0,0.0,8,14.0,0.0,1.0,0.0,0.0,3.0,0.8
cespeyo01,2020,1,NYN,NL,8,31,3,5,1,0,2,4.0,0.0,0.0,2,15.0,0.0,1.0,0.0,0.0,1.0,-0.1
chacijh01,2021,1,COL,NL,46,6,0,0,0,0,0,0.0,0.0,0.0,0,2.0,0.0,0.0,1.0,0.0,0.0,-0.1
changyu01,2020,1,CLE,AL,10,11,1,2,0,0,0,1.0,0.0,0.0,2,4.0,0.0,0.0,0.0,0.0,2.0,0.1
changyu01,2021,1,CLE,AL,89,237,32,54,14,3,9,39.0,1.0,0.0,11,69.0,0.0,2.0,0.0,1.0,4.0,0.2
changyu01,2022,1,CLE,AL,4,10,0,0,0,0,0,0.0,0.0,0.0,0,7.0,0.0,0.0,0.0,0.0,0.0,-0.3
changyu01,2022,2,PIT,NL,18,42,5,7,1,0,1,2.0,0.0,1.0,4,18.0,0.0,3.0,0.0,0.0,1.0,-0.2
changyu01,2022,3,TBA,AL,36,96,11,25,3,0,3,12.0,0.0,0.0,7,27.0,0.0,0.0,0.0,2.0,3.0,0.6
changyu01,2022,4,BOS,AL,11,20,3,3,2,0,0,1.0,0.0,0.0,5,7.0,0.0,1.0,0.0,0.0,1.0,0.0
changyu01,2023,1,BOS,AL,39,105,12,17,2,0,6,18.0,4.0,0.0,3,34.0,0.0,2.0,2.0,0.0,2.0,0.1
chapaan01,2024,1,WAS,NL,33,121,12,26,12,0,4,15.0,1.0,1.0,7,24.0,0.0,4.0,0.0,0.0,3.0,-0.1
chapaan01,2025,1,WAS,NL,34,66,4,12,2,0,1,5.0,0.0,0.0,5,22.0,0.0,1.0,0.0,1.0,0.0,-0.4
chapmma01,2020,1,OAK,AL,37,142,22,33,9,2,10,25.0,0.0,0.0,8,54.0,0.0,1.0,0.0,1.0,2.0,1.2
chapmma01,2021,1,OAK,AL,151,529,75,111,15,3,27,72.0,3.0,2.0,80,202.0,0.0,4.0,0.0,9.0,6.0,3.4
chapmma01,2022,1,TOR,AL,155,538,83,123,27,1,27,76.0,2.0,2.0,68,170.0,1.0,10.0,0.0,5.0,7.0,3.7
chapmma01,2023,1,TOR,AL,140,509,66,122,39,2,17,54.0,4.0,2.0,62,165.0,1.0,8.0,0.0,2.0,4.0,4.3
chapmma01,2024,1,SFN,NL,154,575,98,142,39,2,27,78.0,15.0,2.0,64,158.0,3.0,6.0,0.0,2.0,13.0,7.1
chapmma01,2025,1,SFN,NL,128,454,76,105,23,2,21,61.0,9.0,4.0,71,126.0,1.0,6.0,0.0,4.0,8.0,4.1
chatwty01,2021,2,SFN,NL,2,1,0,0,0,0,0,0.0,0.0,0.0,0,1.0,0.0,0.0,0.0,0.0,0.0,0.0
chaveje01,2021,1,ATL,NL,30,3,0,0,0,0,0,0.0,0.0,0.0,0,3.0,0.0,0.0,0.0,0.0,0.0,0.0
chavimi01,2020,1,BOS,AL,42,146,16,31,5,2,5,19.0,3.0,0.0,8,50.0,0.0,2.0,0.0,2.0,6.0,-0.8
chavimi01,2021,1,BOS,AL,31,79,12,15,4,1,2,6.0,1.0,1.0,1,32.0,0.0,1.0,0.0,1.0,2.0,-0.5
chavimi01,2021,2,PIT,NL,12,42,4,15,3,0,1,5.0,0.0,1.0,0,10.0,0.0,0.0,0.0,0.0,2.0,0.1
chavimi01,2022,1,PIT,NL,129,401,39,92,16,3,14,49.0,1.0,1.0,19,126.0,1.0,2.0,0.0,4.0,4.0,-0.2
chavimi01,2023,1,WAS,NL,48,91,16,22,3,0,2,5.0,1.0,0.0,5,33.0,0.0,0.0,0.0,0.0,3.0,0.5
chengts01,2025,1,PIT,NL,3,7,0,0,0,0,0,0.0,0.0,1.0,0,3.0,0.0,0.0,0.0,0.0,0.0,0.0
chiriro01,2020,1,TEX,AL,14,42,3,5,1,0,0,2.0,0.0,0.0,5,12.0,0.0,1.0,0.0,1.0,3.0,-0.7
chiriro01,2020,2,NYN,NL,12,32,1,7,2,0,1,5.0,0.0,0.0,1,9.0,0.0,0.0,0.0,0.0,2.0,-0.1
chiriro01,2021,1,CHN,NL,45,97,13,22,5,1,5,15.0,0.0,0.0,9,36.0,0.0,5.0,1.0,0.0,2.0,0.2
chiriro01,2022,1,BAL,AL,67,195,10,35,9,0,4,22.0,1.0,0.0,19,67.0,0.0,4.0,1.0,1.0,4.0,0.1
chishja01,2020,1,MIA,NL,21,56,8,9,1,1,2,6.0,2.0,2.0,5,19.0,0.0,1.0,0.0,0.0,0.0,-0.1
chishja01,2021,1,MIA,NL,124,464,70,115,20,4,18,53.0,23.0,8.0,34,145.0,0.0,4.0,2.0,3.0,3.0,2.2
chishja01,2022,1,MIA,NL,60,213,39,54,10,4,14,45.0,12.0,5.0,21,66.0,0.0,3.0,0.0,3.0,0.0,2.4
chishja01,2023,1,MIA,NL,97,352,50,88,12,2,19,51.0,22.0,3.0,26,118.0,0.0,2.0,1.0,2.0,4.0,1.0
chishja01,2024,1,MIA,NL,101,386,46,96,14,4,13,50.0,22.0,8.0,39,107.0,5.0,4.0,0.0,1.0,4.0,1.4
chishja01,2024,2,NYA,AL,46,176,28,48,7,0,11,23.0,18.0,2.0,14,45.0,0.0,0.0,0.0,1.0,2.0,1.5
chishja01,2025,1,NYA,AL,130,462,75,112,15,1,31,80.0,31.0,8.0,58,148.0,1.0,6.0,1.0,4.0,3.0,4.2
choiji01,2020,1,TBA,AL,42,122,16,28,13,0,3,16.0,0.0,0.0,20,36.0,2.0,0.0,0.0,3.0,1.0,0.4
choiji01,2021,1,TBA,AL,83,258,36,59,14,0,11,45.0,0.0,0.0,45,87.0,0.0,2.0,0.0,0.0,5.0,1.0
choiji01,2022,1,TBA,AL,113,356,36,83,22,0,11,52.0,0.0,0.0,58,123.0,3.0,2.0,0.0,3.0,3.0,1.2
choiji01,2023,1,PIT,NL,23,73,9,15,4,0,6,11.0,0.0,0.0,2,27.0,0.0,0.0,0.0,1.0,1.0,0.0
choiji01,2023,2,SDN,NL,16,31,3,2,1,0,0,2.0,0.0,0.0,8,8.0,0.0,1.0,0.0,1.0,1.0,-0.4
choosh01,2020,1,TEX,AL,33,110,13,26,3,0,5,15.0,6.0,2.0,13,33.0,1.0,2.0,0.0,2.0,1.0,0.1
chourja01,2024,1,MIL,NL,148,528,80,145,29,4,21,79.0,22.0,7.0,39,121.0,4.0,3.0,1.0,2.0,7.0,3.9
chourja01,2025,1,MIL,NL,131,549,88,148,35,4,21,78.0,21.0,7.0,30,121.0,1.0,3.0,1.0,6.0,13.0,2.2
churcna01,2025,1,SLN,NL,27,56,9,10,1,0,1,8.0,1.0,0.0,3,18.0,0.0,3.0,2.0,1.0,0.0,0.4
cimbead01,2021,1,MIA,NL,33,2,0,0,0,0,0,0.0,0.0,0.0,0,1.0,0.0,0.0,0.0,0.0,0.0,0.0
ciuffni01,2021,1,BAL,AL,2,5,0,1,1,0,0,0.0,0.0,0.0,1,1.0,0.0,0.0,0.0,0.0,0.0,0.1
civalaa01,2021,1,CLE,AL,21,1,0,0,0,0,0,0.0,0.0,0.0,1,1.0,0.0,0.0,0.0,0.0,0.0,0.0
clarkde02,2025,1,ATH,AL,47,148,18,34,8,2,3,8.0,6.0,0.0,6,61.0,0.0,3.0,2.0,0.0,1.0,1.0
clarkta01,2021,1,ARI,NL,43,3,0,1,0,0,0,0.0,0.0,0.0,0,2.0,0.0,0.0,0.0,0.0,0.0,0.1
clasejo01,2024,1,SEA,AL,19,41,4,8,1,0,0,3.0,3.0,0.0,2,14.0,0.0,0.0,0.0,0.0,1.0,-0.2
clasejo01,2024,2,TOR,AL,7,20,3,7,1,0,1,2.0,0.0,1.0,1,3.0,0.0,2.0,0.0,0.0,0.0,0.2
clasejo01,2025,1,TOR,AL,34,100,10,21,3,0,2,9.0,3.0,1.0,10,28.0,0.0,1.0,1.0,0.0,1.0,-0.2
claysa01,2021,1,WAS,NL,58,2,0,0,0,0,0,0.0,0.0,0.0,0,1.0,0.0,0.0,0.0,0.0,0.0,0.0
cleavga01,2021,1,LAN,NL,22,2,0,1,1,0,0,0.0,0.0,0.0,0,1.0,0.0,0.0,1.0,0.0,0.0,0.1
clemeer01,2021,1,CLE,AL,40,121,16,28,4,0,3,9.0,0.0,1.0,7,19.0,0.0,2.0,3.0,0.0,3.0,-0.1
clemeer01,2022,1,CLE,AL,64,145,18,29,3,0,0,6.0,0.0,1.0,11,24.0,0.0,2.0,2.0,1.0,3.0,-0.4
clemeer01,2022,2,OAK,AL,6,18,1,1,1,0,0,0.0,0.0,0.0,0,2.0,0.0,0.0,0.0,0.0,0.0,-0.3
clemeer01,2023,1,TOR,AL,30,50,7,19,1,1,1,10.0,1.0,0.0,1,4.0,0.0,0.0,0.0,1.0,0.0,0.9
clemeer01,2024,1,TOR,AL,139,434,48,114,21,3,12,51.0,12.0,3.0,11,41.0,1.0,3.0,2.0,2.0,11.0,3.3
clemeer01,2025,1,TOR,AL,157,545,83,151,35,2,9,50.0,6.0,5.0,27,61.0,1.0,4.0,7.0,5.0,13.0,4.3
clemeko01,2022,1,DET,AL,57,117,13,17,4,0,5,17.0,1.0,0.0,8,33.0,0.0,0.0,0.0,2.0,1.0,-0.2
clemeko01,2023,1,PHI,NL,49,139,15,32,7,0,4,13.0,0.0,0.0,8,40.0,0.0,1.0,0.0,0.0,1.0,0.0
clemeko01,2024,1,PHI,NL,44,114,17,25,9,1,5,18.0,0.0,0.0,5,29.0,0.0,1.0,0.0,0.0,2.0,0.3
clemeko01,2025,1,PHI,NL,7,6,0,0,0,0,0,0.0,0.0,0.0,1,0.0,0.0,0.0,0.0,0.0,0.0,-0.1
clemeko01,2025,2,MIN,AL,112,342,46,74,12,4,19,52.0,5.0,1.0,28,93.0,1.0,5.0,2.0,2.0,4.0,1.2
cobbal01,2021,1,LAA,AL,18,1,0,0,0,0,0,0.0,0.0,0.0,0,0.0,0.0,0.0,0.0,0.0,0.0,0.0
colasos01,2023,1,CHA,AL,75,245,32,53,9,0,5,19.0,4.0,3.0,12,71.0,1.0,2.0,2.0,2.0,5.0,-1.5
colasos01,2024,1,CHA,AL,13,33,1,9,0,0,0,4.0,0.0,1.0,4,10.0,0.0,1.0,0.0,0.0,0.0,0.1
coleza01,2025,1,HOU,AL,15,47,9,12,2,0,4,11.0,3.0,0.0,5,20.0,0.0,0.0,0.0,0.0,0.0,0.6
colliis01,2024,1,MIL,NL,11,17,0,2,0,0,0,0.0,1.0,0.0,2,10.0,0.0,0.0,0.0,0.0,0.0,-0.3
colliis01,2025,1,MIL,NL,130,372,56,98,22,3,9,54.0,16.0,7.0,57,93.0,0.0,6.0,3.0,3.0,8.0,2.0
colliza01,2020,1,CHA,AL,9,16,1,1,1,0,0,0.0,0.0,0.0,2,5.0,0.0,0.0,0.0,0.0,0.0,-0.2
colliza01,2021,1,CHA,AL,78,195,25,41,13,0,4,26.0,1.0,1.0,34,69.0,1.0,1.0,1.0,0.0,4.0,-0.5
colliza01,2022,1,TOR,AL,26,72,7,14,4,0,4,10.0,0.0,0.0,6,31.0,0.0,1.0,0.0,0.0,0.0,0.2
colliza01,2022,2,PIT,NL,10,25,2,1,0,0,0,1.0,0.0,0.0,3,10.0,0.0,0.0,0.0,1.0,0.0,-0.4
colliza01,2023,1,CLE,AL,2,4,0,2,0,0,0,0.0,0.0,0.0,2,2.0,0.0,0.0,0.0,0.0,0.0,0.1
colonch01,2020,1,CIN,NL,11,23,3,3,1,0,0,2.0,1.0,0.0,1,3.0,0.0,0.0,0.0,0.0,1.0,-0.4
confomi01,2020,1,NYN,NL,54,202,40,65,12,0,9,31.0,3.0,3.0,24,57.0,0.0,7.0,0.0,0.0,6.0,2.1
confomi01,2021,1,NYN,NL,125,406,52,94,20,0,14,55.0,1.0,0.0,59,104.0,3.0,12.0,0.0,2.0,14.0,0.5
confomi01,2023,1,SFN,NL,125,406,58,97,14,0,15,58.0,4.0,0.0,53,106.0,4.0,7.0,0.0,4.0,12.0,0.8
confomi01,2024,1,SFN,NL,130,438,56,104,27,3,20,66.0,0.0,1.0,42,118.0,1.0,5.0,0.0,3.0,16.0,1.3
confomi01,2025,1,LAN,NL,138,418,54,83,20,0,12,36.0,1.0,0.0,56,121.0,0.0,9.0,0.0,3.0,12.0,-0.7
coningr01,2024,1,MIA,NL,30,82,14,22,4,1,3,12.0,0.0,0.0,6,28.0,0.0,1.0,0.0,0.0,1.0,0.8
coningr01,2025,1,MIA,NL,24,79,13,20,7,0,2,8.0,0.0,1.0,7,25.0,0.0,0.0,0.0,0.0,0.0,0.1
contrma01,2022,1,MIN,AL,28,58,9,7,1,0,3,6.0,1.0,0.0,1,21.0,0.0,1.0,0.0,1.0,2.0,-0.1
contrwi01,2020,1,CHN,NL,57,189,37,46,10,0,7,26.0,1.0,2.0,20,57.0,1.0,14.0,0.0,2.0,6.0,1.0
contrwi01,2021,1,CHN,NL,128,413,61,98,20,0,21,57.0,5.0,4.0,52,138.0,1.0,14.0,0.0,4.0,11.0,4.2
contrwi01,2022,1,CHN,NL,113,416,65,101,23,2,22,55.0,4.0,2.0,45,103.0,0.0,24.0,0.0,2.0,14.0,3.8
contrwi01,2023,1,SLN,NL,125,428,55,113,27,0,20,67.0,6.0,3.0,51,111.0,0.0,13.0,1.0,2.0,12.0,3.3
contrwi01,2024,1,SLN,NL,84,301,48,79,17,0,15,36.0,4.0,1.0,45,96.0,2.0,12.0,0.0,0.0,7.0,3.0
contrwi01,2025,1,SLN,NL,135,490,70,126,31,1,20,80.0,5.0,1.0,44,142.0,1.0,23.0,1.0,4.0,15.0,2.5
contrwi02,2020,1,ATL,NL,4,10,0,4,1,0,0,1.0,0.0,0.0,0,4.0,0.0,0.0,0.0,0.0,0.0,0.1
contrwi02,2021,1,ATL,NL,52,163,19,35,4,1,8,23.0,0.0,0.0,19,54.0,1.0,2.0,0.0,1.0,3.0,0.1
contrwi02,2022,1,ATL,NL,97,334,51,93,14,1,20,45.0,2.0,0.0,39,104.0,1.0,1.0,0.0,2.0,5.0,2.6
contrwi02,2023,1,MIL,NL,141,540,86,156,38,1,17,78.0,6.0,1.0,63,126.0,2.0,5.0,1.0,2.0,23.0,3.7
contrwi02,2024,1,MIL,NL,155,595,99,167,37,2,23,92.0,9.0,2.0,78,139.0,5.0,3.0,0.0,3.0,19.0,5.0
contrwi02,2025,1,MIL,NL,150,566,89,147,28,0,17,76.0,6.0,4.0,84,120.0,4.0,3.0,0.0,6.0,14.0,3.9
cookbi01,2024,1,PIT,NL,16,49,5,11,2,0,3,8.0,1.0,0.0,0,19.0,0.0,0.0,0.0,0.0,0.0,0.6
cookbi01,2025,1,PIT,NL,3,6,1,2,0,0,0,0.0,0.0,0.0,0,1.0,0.0,0.0,0.0,0.0,0.0,0.0
coonrsa01,2021,1,PHI,NL,42,1,0,0,0,0,0,0.0,0.0,0.0,0,1.0,0.0,0.0,0.0,0.0,0.0,0.0
coopega03,2020,1,MIA,NL,34,120,20,34,8,0,6,20.0,0.0,0.0,11,31.0,0.0,2.0,0.0,0.0,5.0,0.6
coopega03,2021,1,MIA,NL,71,215,30,61,10,1,9,33.0,1.0,1.0,30,68.0,0.0,4.0,0.0,1.0,6.0,1.0
coopega03,2022,1,MIA,NL,119,414,37,108,33,2,9,50.0,0.0,0.0,40,119.0,0.0,10.0,0.0,5.0,6.0,1.0
coopega03,2023,1,MIA,NL,82,305,28,78,11,1,13,46.0,0.0,0.0,17,97.0,0.0,1.0,0.0,1.0,9.0,-0.1
coopega03,2023,2,SDN,NL,41,117,14,28,7,0,4,15.0,0.0,0.0,14,35.0,0.0,1.0,0.0,1.0,6.0,-0.2
coopega03,2024,1,CHN,NL,12,37,3,10,1,1,1,6.0,0.0,0.0,4,13.0,0.0,0.0,0.0,0.0,1.0,0.1
coopega03,2024,2,BOS,AL,24,70,3,12,4,0,0,5.0,0.0,0.0,3,22.0,0.0,2.0,0.0,0.0,2.0,-0.9
corbipa01,2021,1,WAS,NL,31,53,1,7,0,0,0,0.0,0.0,0.0,3,24.0,0.0,0.0,7.0,0.0,0.0,0.1
cordefr02,2020,1,KCA,AL,16,38,7,8,3,0,2,7.0,1.0,0.0,4,4.0,0.0,0.0,0.0,0.0,1.0,0.0
cordefr02,2021,1,BOS,AL,48,127,12,24,6,0,1,9.0,1.0,1.0,8,51.0,0.0,0.0,1.0,0.0,1.0,-0.7
cordefr02,2022,1,BOS,AL,84,242,36,53,17,1,8,29.0,4.0,1.0,28,92.0,1.0,1.0,2.0,2.0,1.0,-0.2
cordefr02,2023,1,NYA,AL,24,69,9,13,2,0,6,13.0,0.0,0.0,2,25.0,0.0,0.0,0.0,0.0,0.0,-0.1
cordery01,2020,1,NYN,NL,5,8,0,1,0,0,0,0.0,1.0,0.0,0,3.0,0.0,0.0,0.0,0.0,0.0,-0.1
coronke01,2025,1,HOU,AL,3,2,0,0,0,0,0,0.0,0.0,0.0,2,1.0,0.0,0.0,0.0,0.0,0.0,0.0
correca01,2020,1,HOU,AL,58,201,22,53,9,0,5,25.0,0.0,0.0,16,49.0,2.0,3.0,0.0,1.0,4.0,1.6
correca01,2021,1,HOU,AL,148,555,104,155,34,1,26,92.0,0.0,0.0,75,116.0,2.0,4.0,0.0,6.0,16.0,7.3
correca01,2022,1,MIN,AL,136,522,70,152,24,1,22,64.0,0.0,1.0,61,121.0,2.0,3.0,0.0,4.0,18.0,5.3
correca01,2023,1,MIN,AL,135,514,60,118,29,2,18,65.0,0.0,0.0,59,131.0,3.0,4.0,0.0,3.0,30.0,1.3
correca01,2024,1,MIN,AL,86,319,55,99,20,2,14,54.0,0.0,0.0,40,61.0,4.0,3.0,0.0,4.0,5.0,3.7
correca01,2025,1,MIN,AL,93,337,40,90,19,0,7,31.0,0.0,0.0,26,68.0,0.0,0.0,0.0,1.0,12.0,0.1
correca01,2025,2,HOU,AL,51,200,23,58,10,0,6,21.0,0.0,0.0,19,45.0,0.0,1.0,0.0,0.0,7.0,1.3
corteca01,2025,1,ATH,AL,42,94,11,29,8,1,4,14.0,0.0,0.0,3,20.0,0.0,0.0,0.0,2.0,3.0,0.7
cortene01,2021,1,NYA,AL,23,1,0,0,0,0,0,0.0,0.0,0.0,0,0.0,0.0,0.0,0.0,0.0,0.0,0.0
couloda01,2021,1,MIN,AL,29,1,0,0,0,0,0,0.0,0.0,0.0,0,1.0,0.0,0.0,0.0,0.0,0.0,0.0
cowseco01,2023,1,BAL,AL,26,61,15,7,2,0,0,4.0,1.0,0.0,13,22.0,0.0,2.0,0.0,1.0,1.0,-0.7
cowseco01,2024,1,BAL,AL,153,499,77,121,24,3,24,69.0,9.0,4.0,52,172.0,2.0,7.0,0.0,3.0,9.0,2.8
cowseco01,2025,1,BAL,AL,92,327,36,64,14,0,16,40.0,14.0,0.0,27,128.0,1.0,6.0,0.0,0.0,5.0,1.0
craigwi01,2020,1,PIT,NL,2,4,0,0,0,0,0,0.0,0.0,0.0,0,1.0,0.0,0.0,0.0,0.0,0.0,-0.1
craigwi01,2021,1,PIT,NL,18,60,5,13,2,0,1,3.0,0.0,0.0,5,22.0,1.0,0.0,0.0,0.0,1.0,-0.6
crawfbr01,2020,1,SFN,NL,54,172,26,44,12,0,8,28.0,1.0,2.0,15,47.0,2.0,4.0,0.0,2.0,3.0,1.3
crawfbr01,2021,1,SFN,NL,138,483,79,144,30,3,24,90.0,11.0,3.0,56,105.0,6.0,5.0,0.0,5.0,8.0,6.1
crawfbr01,2022,1,SFN,NL,118,407,50,94,15,2,9,52.0,1.0,1.0,39,98.0,3.0,8.0,0.0,4.0,12.0,0.7
crawfbr01,2023,1,SFN,NL,94,283,31,55,11,1,7,38.0,3.0,0.0,28,81.0,1.0,4.0,1.0,4.0,5.0,-1.3
crawfbr01,2024,1,SLN,NL,29,71,5,12,5,0,1,4.0,0.0,0.0,8,26.0,0.0,1.0,0.0,0.0,0.0,-0.2
crawfjp01,2020,1,SEA,AL,53,204,33,52,7,2,2,24.0,6.0,3.0,23,39.0,0.0,3.0,0.0,2.0,4.0,1.6
crawfjp01,2021,1,SEA,AL,160,619,89,169,37,0,9,54.0,3.0,6.0,58,114.0,1.0,5.0,1.0,4.0,10.0,3.7
crawfjp01,2022,1,SEA,AL,145,518,57,126,24,3,6,42.0,3.0,2.0,68,80.0,0.0,10.0,2.0,5.0,11.0,2.7
crawfjp01,2023,1,SEA,AL,145,534,94,142,35,0,19,65.0,2.0,0.0,94,125.0,1.0,5.0,3.0,2.0,7.0,5.2
crawfjp01,2024,1,SEA,AL,105,392,55,79,16,2,9,37.0,5.0,0.0,52,102.0,0.0,6.0,0.0,1.0,4.0,2.7
crawfjp01,2025,1,SEA,AL,157,570,69,151,24,0,12,58.0,8.0,1.0,74,122.0,1.0,3.0,6.0,1.0,11.0,3.8
crewsdy01,2024,1,WAS,NL,31,119,12,26,5,1,3,8.0,12.0,3.0,11,26.0,0.0,1.0,0.0,1.0,4.0,0.6
crewsdy01,2025,1,WAS,NL,85,293,43,61,8,2,10,27.0,17.0,5.0,24,76.0,0.0,5.0,0.0,0.0,4.0,0.3
crimbl01,2025,1,TEX,AL,5,11,1,0,0,0,0,0.0,0.0,0.0,1,6.0,0.0,1.0,0.0,0.0,0.0,-0.2
crimbl01,2025,2,COL,NL,15,54,9,13,2,0,5,12.0,0.0,0.0,5,22.0,0.0,0.0,0.0,2.0,0.0,0.3
crismna01,2021,1,SDN,NL,45,10,0,0,0,0,0,0.0,0.0,0.0,0,6.0,0.0,0.0,1.0,0.0,0.0,-0.1
croncj01,2020,1,DET,AL,13,42,9,8,3,0,4,8.0,0.0,0.0,9,16.0,0.0,1.0,0.0,0.0,2.0,0.3
croncj01,2021,1,COL,NL,142,470,70,132,31,1,28,92.0,1.0,0.0,60,117.0,3.0,13.0,0.0,4.0,11.0,3.4
croncj01,2022,1,COL,NL,150,575,79,148,28,3,29,102.0,0.0,0.0,43,164.0,6.0,8.0,0.0,5.0,16.0,2.3
croncj01,2023,1,COL,NL,56,208,31,54,12,0,11,32.0,0.0,0.0,13,50.0,0.0,1.0,0.0,2.0,10.0,0.0
croncj01,2023,2,LAA,AL,15,50,7,10,0,0,1,5.0,0.0,0.0,4,15.0,0.0,0.0,0.0,0.0,3.0,-0.5
croneja01,2020,1,SDN,NL,54,172,26,49,15,3,4,20.0,3.0,1.0,18,30.0,0.0,1.0,0.0,1.0,4.0,1.6
croneja01,2021,1,SDN,NL,152,567,94,151,33,7,21,71.0,4.0,3.0,55,90.0,6.0,10.0,3.0,3.0,8.0,4.8
croneja01,2022,1,SDN,NL,158,587,88,140,30,4,17,88.0,3.0,0.0,70,131.0,3.0,16.0,0.0,8.0,2.0,3.9
croneja01,2023,1,SDN,NL,127,458,54,105,24,7,10,48.0,6.0,1.0,46,97.0,2.0,11.0,1.0,5.0,8.0,0.8
croneja01,2024,1,SDN,NL,155,577,72,139,29,3,17,83.0,5.0,2.0,61,118.0,0.0,11.0,1.0,3.0,19.0,1.9
croneja01,2025,1,SDN,NL,135,419,61,103,20,1,11,59.0,3.0,3.0,69,107.0,1.0,15.0,4.0,7.0,4.0,2.4
cronke01,2020,1,ARI,NL,8,17,0,0,0,0,0,0.0,0.0,0.0,1,7.0,0.0,2.0,0.0,0.0,0.0,-0.4
crookji01,2025,1,SLN,NL,15,45,3,6,0,1,1,1.0,0.0,0.0,0,17.0,0.0,1.0,0.0,0.0,1.0,-0.3
crookna01,2022,1,CHN,NL,4,8,1,2,1,0,0,2.0,0.0,0.0,0,3.0,0.0,0.0,0.0,1.0,1.0,-0.2
croplty01,2023,1,KCA,AL,2,6,0,1,0,0,0,1.0,0.0,0.0,0,2.0,0.0,0.0,0.0,1.0,0.0,-0.1
crousha01,2021,1,PHI,NL,2,1,0,0,0,0,0,0.0,0.0,0.0,0,1.0,0.0,0.0,0.0,0.0,0.0,0.0
crowape01,2023,1,CHN,NL,13,14,3,0,0,0,0,1.0,2.0,2.0,3,7.0,0.0,0.0,2.0,0.0,0.0,-0.1
crowape01,2024,1,CHN,NL,123,372,46,88,13,6,10,47.0,27.0,3.0,21,98.0,2.0,6.0,8.0,3.0,4.0,2.3
crowape01,2025,1,CHN,NL,157,591,91,146,37,4,31,95.0,35.0,8.0,29,155.0,1.0,9.0,6.0,12.0,1.0,6.0
crowewi01,2021,1,PIT,NL,29,35,2,2,1,0,0,0.0,0.0,0.0,1,14.0,0.0,1.0,4.0,0.0,0.0,-0.2
cruzne02,2020,1,MIN,AL,53,185,33,56,6,0,16,33.0,0.0,0.0,25,58.0,5.0,4.0,0.0,0.0,8.0,1.8
cruzne02,2021,1,MIN,AL,85,296,44,87,13,1,19,50.0,3.0,0.0,35,63.0,6.0,5.0,0.0,7.0,10.0,2.1
cruzne02,2021,2,TBA,AL,55,217,35,49,8,0,13,36.0,0.0,0.0,16,63.0,4.0,2.0,0.0,2.0,4.0,0.4
cruzne02,2022,1,WAS,NL,124,448,50,105,16,0,10,64.0,4.0,0.0,49,119.0,1.0,4.0,0.0,3.0,16.0,0.1
cruzne02,2023,1,SDN,NL,49,143,9,35,5,1,5,23.0,1.0,0.0,6,46.0,1.0,2.0,0.0,1.0,2.0,-0.4
cruzon01,2021,1,PIT,NL,2,9,2,3,0,0,1,3.0,0.0,0.0,0,4.0,0.0,0.0,0.0,0.0,0.0,0.1
cruzon01,2022,1,PIT,NL,87,331,45,77,13,4,17,54.0,10.0,4.0,28,126.0,1.0,1.0,0.0,1.0,3.0,2.3
cruzon01,2023,1,PIT,NL,9,32,7,8,1,0,1,4.0,3.0,0.0,7,8.0,0.0,0.0,0.0,1.0,0.0,0.1
cruzon01,2024,1,PIT,NL,146,541,72,140,34,3,21,76.0,22.0,1.0,51,181.0,5.0,3.0,0.0,4.0,8.0,2.6
cruzon01,2025,1,PIT,NL,135,471,62,94,18,3,20,61.0,38.0,5.0,64,174.0,4.0,4.0,0.0,5.0,6.0,0.3
cuetojo01,2021,1,SFN,NL,22,29,1,2,0,0,0,0.0,1.0,0.0,3,9.0,0.0,0.0,5.0,0.0,0.0,0.0
culbech01,2020,1,ATL,NL,10,7,2,1,1,0,0,1.0,0.0,0.0,0,4.0,0.0,0.0,0.0,0.0,0.0,-0.1
culbech01,2021,1,TEX,AL,91,247,23,60,15,2,5,22.0,7.0,1.0,17,64.0,1.0,2.0,4.0,1.0,3.0,1.0
culbech01,2022,1,TEX,AL,70,115,19,29,6,0,2,12.0,2.0,3.0,5,31.0,0.0,0.0,4.0,0.0,5.0,0.0
culbech01,2023,1,ATL,NL,1,1,0,1,0,0,0,0.0,0.0,0.0,0,0.0,0.0,0.0,0.0,0.0,0.0,0.0
curtijo02,2021,1,MIA,NL,38,5,1,0,0,0,0,0.0,0.0,0.0,0,3.0,0.0,0.0,0.0,0.0,0.0,-0.1
cuthbch01,2020,1,CHA,AL,1,1,0,0,0,0,0,0.0,0.0,0.0,0,0.0,0.0,0.0,0.0,0.0,0.0,0.0
dahlda01,2020,1,COL,NL,24,93,9,17,2,2,0,9.0,1.0,0.0,4,28.0,0.0,1.0,0.0,1.0,0.0,-1.0
dahlda01,2021,1,TEX,AL,63,205,19,43,11,0,4,18.0,2.0,1.0,10,59.0,0.0,1.0,1.0,3.0,3.0,-0.8
dahlda01,2023,1,SDN,NL,4,9,1,1,0,0,1,1.0,0.0,0.0,0,2.0,0.0,0.0,0.0,0.0,0.0,0.0
dahlda01,2024,1,PHI,NL,19,58,6,12,2,0,3,8.0,0.0,0.0,3,21.0,0.0,0.0,0.0,1.0,0.0,0.3
dalbebo01,2020,1,BOS,AL,23,80,13,21,3,0,8,16.0,0.0,0.0,10,39.0,0.0,2.0,0.0,0.0,0.0,0.6
dalbebo01,2021,1,BOS,AL,133,417,50,100,21,5,25,78.0,2.0,0.0,28,156.0,1.0,7.0,0.0,1.0,3.0,0.3
dalbebo01,2022,1,BOS,AL,117,317,40,68,9,2,12,39.0,3.0,0.0,29,118.0,0.0,3.0,0.0,4.0,5.0,-0.7
dalbebo01,2023,1,BOS,AL,21,49,6,10,2,0,1,1.0,1.0,0.0,4,28.0,0.0,0.0,0.0,0.0,0.0,-0.2
dalbebo01,2024,1,BOS,AL,37,83,6,11,2,0,1,8.0,3.0,0.0,8,43.0,0.0,1.0,1.0,0.0,1.0,-0.7
dalbebo01,2025,1,CHA,AL,7,18,2,4,1,0,0,1.0,0.0,0.0,3,6.0,0.0,0.0,0.0,0.0,1.0,0.0
darnatr01,2020,1,ATL,NL,44,165,19,53,8,0,9,34.0,1.0,0.0,16,50.0,0.0,2.0,0.0,1.0,8.0,0.8
darnatr01,2021,1,ATL,NL,60,209,21,46,14,0,7,26.0,0.0,0.0,17,53.0,0.0,2.0,0.0,1.0,7.0,0.2
darnatr01,2022,1,ATL,NL,107,396,61,106,25,1,18,60.0,0.0,0.0,19,90.0,0.0,11.0,0.0,0.0,12.0,2.8
darnatr01,2023,1,ATL,NL,74,267,31,60,13,0,11,39.0,0.0,0.0,21,67.0,0.0,3.0,0.0,1.0,6.0,0.2
darnatr01,2024,1,ATL,NL,99,307,40,73,16,0,15,48.0,1.0,0.0,24,89.0,0.0,6.0,0.0,4.0,8.0,1.1
darnatr01,2025,1,LAA,AL,69,213,16,42,13,0,6,21.0,0.0,0.0,13,74.0,0.0,4.0,0.0,1.0,5.0,-0.3
darviyu01,2021,1,SDN,NL,30,53,2,5,2,0,0,1.0,0.0,0.0,0,25.0,0.0,1.0,1.0,0.0,2.0,-0.1
davidlo01,2025,1,ATH,AL,9,20,1,3,1,0,0,2.0,0.0,0.0,3,12.0,0.0,0.0,1.0,0.0,1.0,-0.3
davidlo01,2025,2,LAA,AL,10,22,2,4,1,0,1,2.0,0.0,0.0,0,10.0,0.0,0.0,1.0,0.0,0.0,-0.3
davidma02,2020,1,CIN,NL,22,43,3,7,1,0,3,11.0,0.0,0.0,4,13.0,0.0,0.0,0.0,0.0,2.0,-0.3
davidma02,2022,1,ARI,NL,5,10,1,1,0,0,1,1.0,0.0,0.0,3,3.0,0.0,0.0,0.0,0.0,0.0,-0.1
davidma02,2022,2,OAK,AL,8,24,2,4,0,0,1,2.0,0.0,1.0,0,10.0,0.0,0.0,0.0,0.0,0.0,-0.5
davidtu01,2021,1,ATL,NL,4,6,0,0,0,0,0,0.0,0.0,0.0,0,6.0,0.0,0.0,0.0,0.0,0.0,-0.1
davieza01,2021,1,CHN,NL,33,34,2,6,0,0,0,2.0,0.0,0.0,0,8.0,0.0,0.0,10.0,0.0,0.0,0.0
davisbr04,2022,1,DET,AL,3,10,2,2,0,0,0,0.0,1.0,0.0,1,3.0,0.0,0.0,0.0,0.0,0.0,-0.1
davisch02,2020,1,BAL,AL,16,52,3,6,3,0,0,1.0,0.0,0.0,3,17.0,0.0,0.0,0.0,0.0,0.0,-1.0
davishe01,2023,1,PIT,NL,62,225,27,48,10,0,7,24.0,3.0,5.0,25,69.0,2.0,4.0,0.0,1.0,3.0,-1.5
davishe01,2024,1,PIT,NL,37,104,9,15,4,0,1,5.0,0.0,0.0,13,45.0,0.0,1.0,1.0,2.0,1.0,-0.6
davishe01,2025,1,PIT,NL,87,252,25,42,7,0,7,22.0,2.0,1.0,18,76.0,0.0,5.0,3.0,3.0,2.0,0.7
davisja03,2020,1,SFN,NL,4,12,2,2,0,0,1,1.0,0.0,0.0,0,6.0,0.0,0.0,0.0,0.0,0.0,-0.2
davisja03,2021,1,SFN,NL,5,9,1,1,1,0,0,0.0,0.0,0.0,0,1.0,0.0,0.0,0.0,0.0,1.0,-0.1
davisja03,2022,1,BOS,AL,12,24,4,8,1,0,0,2.0,0.0,0.0,3,11.0,0.0,0.0,0.0,0.0,0.0,0.0
davisjd01,2020,1,NYN,NL,56,190,26,47,9,0,6,19.0,0.0,0.0,31,56.0,1.0,7.0,0.0,1.0,8.0,0.0
davisjd01,2021,1,NYN,NL,73,179,18,51,12,0,5,23.0,1.0,0.0,24,68.0,1.0,6.0,0.0,2.0,4.0,0.8
davisjd01,2022,1,NYN,NL,66,181,26,43,8,1,4,21.0,1.0,1.0,20,66.0,0.0,4.0,0.0,2.0,9.0,-0.2
davisjd01,2022,2,SFN,NL,49,137,20,36,8,0,8,14.0,0.0,0.0,19,56.0,1.0,2.0,0.0,0.0,4.0,1.0
davisjd01,2023,1,SFN,NL,144,480,61,119,23,1,18,69.0,1.0,0.0,52,152.0,0.0,6.0,0.0,6.0,16.0,0.9
davisjd01,2024,1,OAK,AL,39,123,12,29,4,0,4,5.0,0.0,0.0,9,30.0,0.0,3.0,0.0,0.0,3.0,-0.1
davisjd01,2024,2,NYA,AL,7,19,1,2,1,0,0,1.0,0.0,0.0,3,9.0,0.0,0.0,0.0,0.0,2.0,-0.2
davisjd01,2025,1,LAA,AL,5,9,0,1,0,0,0,0.0,0.0,0.0,0,3.0,0.0,0.0,0.0,0.0,0.0,-0.2
davisjo05,2020,1,TOR,AL,13,27,4,7,2,0,1,6.0,1.0,0.0,3,11.0,0.0,2.0,0.0,1.0,1.0,0.4
davisjo05,2021,1,TOR,AL,52,70,16,10,1,0,1,4.0,4.0,1.0,11,21.0,0.0,3.0,0.0,1.0,1.0,-0.1
davisjo05,2021,2,NYA,AL,12,17,4,1,0,0,0,0.0,0.0,0.0,1,5.0,0.0,0.0,0.0,0.0,0.0,-0.1
davisjo05,2022,1,MIL,NL,37,76,9,17,1,0,0,4.0,7.0,1.0,14,26.0,0.0,0.0,1.0,0.0,1.0,0.0
davisjo05,2023,1,MIA,NL,34,90,22,22,4,1,2,10.0,1.0,2.0,7,29.0,0.0,2.0,2.0,2.0,1.0,0.0
daviskh01,2020,1,OAK,AL,30,85,9,17,5,0,2,10.0,0.0,0.0,10,26.0,0.0,3.0,0.0,1.0,5.0,-0.3
daviskh01,2021,1,TEX,AL,22,51,8,8,1,1,2,5.0,0.0,0.0,8,16.0,0.0,0.0,0.0,2.0,2.0,-0.2
daviskh01,2021,2,OAK,AL,20,51,3,13,4,0,1,5.0,0.0,0.0,2,15.0,0.0,0.0,0.0,0.0,0.0,-0.1
davista01,2021,1,PIT,NL,2,5,0,2,0,0,0,0.0,0.0,0.0,1,0.0,0.0,0.0,0.0,0.0,0.0,0.1
dawsoro01,2021,1,HOU,AL,3,5,2,1,0,0,0,0.0,0.0,0.0,1,0.0,0.0,0.0,0.0,0.0,1.0,-0.1
dawsoro01,2022,1,CIN,NL,1,3,0,0,0,0,0,0.0,0.0,0.0,0,2.0,0.0,0.0,0.0,0.0,0.0,-0.1
dazayo01,2021,1,COL,NL,107,301,26,85,12,2,2,30.0,2.0,1.0,21,60.0,0.0,2.0,6.0,1.0,9.0,0.5
dazayo01,2022,1,COL,NL,113,372,56,112,21,2,2,34.0,0.0,3.0,26,58.0,0.0,4.0,1.0,5.0,12.0,1.4
dazayo01,2023,1,COL,NL,24,74,8,20,6,0,0,7.0,1.0,0.0,3,13.0,0.0,1.0,1.0,1.0,5.0,-0.4
deanau01,2020,1,SLN,NL,3,4,1,1,1,0,0,0.0,0.0,0.0,3,2.0,0.0,0.0,0.0,0.0,0.0,0.0
deanau01,2021,1,SLN,NL,22,30,5,7,2,0,1,7.0,0.0,0.0,6,11.0,0.0,0.0,0.0,2.0,0.0,0.0
deanau01,2022,1,SFN,NL,3,8,1,3,0,0,0,0.0,0.0,0.0,1,0.0,0.0,0.0,0.0,0.0,0.0,0.2
deanju01,2025,1,LAN,NL,18,2,0,0,0,0,0,0.0,1.0,0.0,0,1.0,0.0,0.0,0.0,0.0,0.0,0.0
degotal01,2021,1,HOU,AL,2,6,2,2,0,0,0,1.0,0.0,0.0,1,2.0,0.0,0.0,0.0,0.0,0.0,0.1
degroja01,2021,1,NYN,NL,15,33,4,12,1,0,0,6.0,0.0,0.0,0,9.0,0.0,0.0,0.0,0.0,0.0,0.6
deichgr01,2021,1,CHN,NL,14,30,0,4,0,0,0,1.0,0.0,0.0,1,14.0,0.0,0.0,0.0,0.0,0.0,-0.4
dejonch01,2021,1,PIT,NL,10,12,1,1,1,0,0,0.0,0.0,0.0,0,5.0,0.0,0.0,3.0,0.0,0.0,0.0
dejonpa01,2020,1,SLN,NL,45,152,17,38,6,0,3,25.0,1.0,0.0,17,50.0,0.0,1.0,0.0,4.0,4.0,0.3
dejonpa01,2021,1,SLN,NL,113,356,44,70,10,1,19,45.0,4.0,1.0,35,103.0,0.0,9.0,0.0,2.0,6.0,1.5
dejonpa01,2022,1,SLN,NL,77,210,19,33,9,0,6,25.0,3.0,2.0,21,79.0,0.0,4.0,0.0,2.0,2.0,0.3
dejonpa01,2023,1,SLN,NL,81,279,38,65,11,0,13,32.0,4.0,4.0,21,87.0,0.0,5.0,0.0,1.0,8.0,0.7
dejonpa01,2023,2,TOR,AL,13,44,1,3,0,0,0,1.0,0.0,0.0,0,18.0,0.0,0.0,0.0,0.0,1.0,-0.8
dejonpa01,2023,3,SFN,NL,18,49,2,9,2,0,1,5.0,0.0,0.0,0,16.0,0.0,0.0,0.0,1.0,1.0,-0.4
dejonpa01,2024,1,CHA,AL,102,337,39,77,14,0,18,41.0,2.0,1.0,14,112.0,0.0,9.0,0.0,3.0,8.0,0.2
dejonpa01,2024,2,KCA,AL,37,108,15,24,3,0,6,15.0,0.0,1.0,9,44.0,0.0,0.0,0.0,2.0,1.0,0.7
dejonpa01,2025,1,WAS,NL,57,193,18,44,10,0,6,23.0,4.0,0.0,11,70.0,0.0,1.0,0.0,3.0,3.0,-0.1
delacbr01,2021,1,MIA,NL,58,199,17,59,7,2,5,19.0,1.0,1.0,18,53.0,1.0,1.0,0.0,1.0,8.0,0.9
delacbr01,2022,1,MIA,NL,115,329,38,83,20,0,13,43.0,4.0,0.0,19,90.0,0.0,2.0,0.0,4.0,8.0,0.7
delacbr01,2023,1,MIA,NL,153,579,60,149,32,0,19,78.0,4.0,1.0,40,142.0,0.0,1.0,0.0,5.0,18.0,-0.7
delacbr01,2024,1,MIA,NL,105,424,44,104,19,0,18,51.0,3.0,1.0,25,118.0,1.0,2.0,0.0,2.0,8.0,0.1
delacbr01,2024,2,PIT,NL,44,160,17,32,6,0,3,17.0,2.0,1.0,4,52.0,0.0,1.0,0.0,3.0,2.0,-1.2
delacbr01,2025,1,ATL,NL,16,47,1,9,1,0,0,0.0,1.0,0.0,3,18.0,0.0,0.0,0.0,0.0,1.0,-0.2
delacel01,2023,1,CIN,NL,98,388,67,91,15,7,13,44.0,35.0,8.0,35,144.0,3.0,2.0,1.0,1.0,6.0,0.7
delacel01,2024,1,CIN,NL,160,618,105,160,36,10,25,76.0,67.0,16.0,69,218.0,2.0,6.0,2.0,1.0,12.0,5.2
delacel01,2025,1,CIN,NL,162,629,102,166,31,7,22,86.0,37.0,8.0,67,181.0,10.0,2.0,0.0,1.0,14.0,3.6
delayja01,2022,1,PIT,NL,57,155,17,33,6,0,1,11.0,0.0,2.0,9,50.0,0.0,2.0,1.0,0.0,4.0,-0.4
delayja01,2023,1,PIT,NL,70,167,20,42,11,1,1,18.0,0.0,0.0,14,44.0,0.0,3.0,2.0,1.0,5.0,-0.1
delayja01,2024,1,PIT,NL,7,15,1,3,3,0,0,6.0,0.0,0.0,3,0.0,0.0,0.0,1.0,0.0,0.0,0.1
delcaad01,2024,1,ARI,NL,25,80,12,25,5,0,4,19.0,1.0,1.0,7,28.0,0.0,0.0,0.0,0.0,1.0,0.5
delcaad01,2025,1,ARI,NL,44,120,9,29,6,0,4,17.0,0.0,0.0,8,47.0,0.0,1.0,0.0,2.0,2.0,-0.1
deleojo03,2021,1,CIN,NL,9,4,0,1,0,0,0,1.0,0.0,0.0,0,2.0,0.0,0.0,1.0,0.0,0.0,0.0
delmoni01,2020,1,CHA,AL,6,20,0,3,0,0,0,3.0,0.0,0.0,2,2.0,0.0,0.0,0.0,0.0,2.0,-0.4
deloaza01,2024,1,CHA,AL,22,67,10,14,5,0,1,5.0,0.0,1.0,8,21.0,0.0,0.0,0.0,0.0,0.0,-0.1
deloslu03,2024,1,TOR,AL,13,29,2,5,2,0,0,1.0,0.0,0.0,2,10.0,0.0,0.0,0.0,0.0,2.0,-0.1
delucjo01,2023,1,LAN,NL,24,42,5,11,1,0,2,6.0,1.0,0.0,3,8.0,0.0,0.0,0.0,0.0,0.0,0.3
delucjo01,2024,1,TBA,AL,107,332,29,72,12,4,6,31.0,16.0,6.0,24,77.0,1.0,4.0,2.0,0.0,1.0,0.6
delucjo01,2025,1,TBA,AL,20,57,5,19,1,3,0,4.0,6.0,0.0,2,13.0,0.0,0.0,0.0,0.0,0.0,0.6
deluzbe01,2022,1,SLN,NL,22,20,3,3,1,0,0,0.0,0.0,1.0,3,5.0,0.0,1.0,1.0,0.0,0.0,0.2
demertr01,2020,1,DET,AL,18,29,5,5,1,0,0,4.0,0.0,0.0,3,14.0,0.0,1.0,0.0,0.0,0.0,0.0
demertr01,2022,1,ATL,NL,26,89,9,19,2,0,3,6.0,0.0,0.0,6,32.0,0.0,0.0,0.0,1.0,2.0,-0.5
desclan01,2021,1,SFN,NL,34,51,2,2,1,0,0,1.0,0.0,0.0,4,33.0,0.0,0.0,7.0,0.0,0.0,-0.2
deshide02,2020,1,CLE,AL,37,107,10,27,3,2,0,7.0,3.0,2.0,9,29.0,0.0,0.0,4.0,0.0,0.0,0.0
deshide02,2021,1,CIN,NL,25,47,4,12,5,0,1,6.0,2.0,1.0,9,11.0,0.0,0.0,2.0,0.0,0.0,0.3
detmere01,2021,1,LAA,AL,5,1,0,0,0,0,0,0.0,0.0,0.0,1,1.0,0.0,0.0,0.0,0.0,0.0,0.0
detwiro01,2021,1,MIA,NL,46,3,0,1,0,0,0,0.0,0.0,0.0,0,2.0,0.0,0.0,0.0,0.0,0.0,0.0
devanca01,2025,1,PIT,NL,14,36,1,5,1,0,0,1.0,0.0,1.0,2,21.0,0.0,0.0,0.0,0.0,1.0,-0.5
deverjo01,2021,1,MIA,NL,21,41,7,10,3,0,0,5.0,0.0,0.0,3,11.0,0.0,1.0,0.0,1.0,0.0,-0.2
deverjo01,2024,1,MIA,NL,3,4,1,1,0,0,0,0.0,0.0,0.0,0,1.0,0.0,0.0,0.0,0.0,0.0,0.1
deverra01,2020,1,BOS,AL,57,232,32,61,16,1,11,43.0,0.0,0.0,13,67.0,0.0,3.0,0.0,0.0,8.0,0.8
deverra01,2021,1,BOS,AL,156,591,101,165,37,1,38,113.0,5.0,5.0,62,143.0,7.0,7.0,0.0,4.0,13.0,3.6
deverra01,2022,1,BOS,AL,141,555,84,164,42,1,27,88.0,3.0,1.0,50,114.0,11.0,6.0,0.0,3.0,14.0,4.5
deverra01,2023,1,BOS,AL,153,580,90,157,34,0,33,100.0,5.0,1.0,62,126.0,10.0,11.0,0.0,3.0,15.0,3.5
deverra01,2024,1,BOS,AL,138,525,87,143,34,5,28,83.0,3.0,0.0,67,147.0,14.0,3.0,0.0,6.0,13.0,3.9
deverra01,2025,1,BOS,AL,73,272,47,74,18,0,15,58.0,1.0,1.0,56,76.0,7.0,4.0,0.0,2.0,7.0,2.3
deverra01,2025,2,SFN,NL,90,335,52,79,15,0,20,51.0,0.0,0.0,56,116.0,3.0,2.0,0.0,2.0,9.0,1.9
dezenza01,2024,1,HOU,AL,19,62,5,15,2,0,2,8.0,0.0,0.0,3,22.0,0.0,0.0,0.0,0.0,3.0,-0.2
dezenza01,2025,1,HOU,AL,34,98,17,24,6,0,2,10.0,1.0,0.0,11,37.0,0.0,0.0,0.0,0.0,2.0,0.1
diazal02,2020,1,HOU,AL,17,58,8,14,5,0,3,6.0,0.0,0.0,1,12.0,0.0,0.0,0.0,0.0,1.0,0.1
diazal02,2021,1,HOU,AL,84,294,28,76,19,0,8,45.0,0.0,1.0,16,62.0,3.0,9.0,0.0,0.0,7.0,1.6
diazal02,2022,1,HOU,AL,92,305,35,74,13,0,12,38.0,1.0,1.0,18,53.0,0.0,2.0,0.0,2.0,7.0,1.1
diazal02,2023,1,OAK,AL,109,315,25,72,20,1,4,24.0,1.0,0.0,17,66.0,2.0,7.0,1.0,4.0,14.0,-1.0
diazal02,2024,1,OAK,AL,12,29,2,3,0,0,0,1.0,0.0,0.0,1,7.0,0.0,0.0,0.0,0.0,0.0,-0.5
diazal02,2024,2,HOU,AL,2,4,0,0,0,0,0,0.0,0.0,0.0,0,2.0,0.0,0.0,0.0,0.0,0.0,-0.1
diazel01,2020,1,COL,NL,26,68,4,16,2,0,2,9.0,0.0,0.0,5,15.0,0.0,0.0,0.0,0.0,4.0,0.0
diazel01,2021,1,COL,NL,106,338,52,83,18,1,18,44.0,0.0,0.0,30,60.0,1.0,2.0,0.0,1.0,15.0,2.2
diazel01,2022,1,COL,NL,105,351,29,80,18,2,9,51.0,0.0,1.0,25,82.0,0.0,2.0,0.0,3.0,8.0,0.4
diazel01,2023,1,COL,NL,141,486,48,130,25,1,14,72.0,1.0,0.0,34,118.0,0.0,2.0,0.0,4.0,12.0,1.5
diazel01,2024,1,COL,NL,84,304,26,82,18,0,5,36.0,0.0,0.0,17,64.0,2.0,4.0,0.0,2.0,13.0,1.1
diazel01,2024,2,SDN,NL,12,21,1,4,2,0,1,3.0,0.0,0.0,3,5.0,0.0,0.0,0.0,0.0,2.0,0.1
diazel01,2025,1,SDN,NL,106,255,34,52,7,0,9,29.0,0.0,0.0,21,74.0,0.0,2.0,5.0,0.0,11.0,-0.2
diazis01,2020,1,MIA,NL,7,22,3,4,0,0,0,1.0,0.0,0.0,0,7.0,0.0,0.0,0.0,0.0,0.0,-0.3
diazis01,2021,1,MIA,NL,89,238,25,46,9,0,4,17.0,1.0,1.0,34,73.0,6.0,1.0,1.0,3.0,2.0,-1.5
diazis01,2023,1,SFN,NL,6,19,0,1,0,0,0,1.0,0.0,0.0,2,7.0,0.0,0.0,0.0,0.0,0.0,-0.1
diazis01,2023,2,DET,AL,2,5,0,0,0,0,0,0.0,0.0,0.0,0,2.0,0.0,0.0,0.0,0.0,0.0,-0.1
diazjo03,2022,1,OAK,AL,15,49,3,13,3,0,0,1.0,0.0,0.0,2,7.0,0.0,0.0,0.0,0.0,1.0,0.2
diazjo03,2023,1,OAK,AL,90,272,20,60,9,0,10,27.0,0.0,1.0,17,69.0,0.0,3.0,0.0,1.0,10.0,-1.2
diazle01,2020,1,MIA,NL,14,39,2,6,2,0,0,3.0,0.0,0.0,2,12.0,0.0,0.0,0.0,0.0,2.0,-0.3
diazle01,2021,1,MIA,NL,40,122,16,25,4,1,8,13.0,0.0,0.0,6,33.0,1.0,0.0,0.0,0.0,1.0,0.9
diazle01,2022,1,MIA,NL,58,160,12,27,4,0,5,11.0,1.0,0.0,11,54.0,0.0,1.0,0.0,2.0,3.0,-0.5
diazmi02,2021,1,SDN,NL,25,3,0,0,0,0,0,0.0,0.0,0.0,0,1.0,0.0,0.0,0.0,0.0,1.0,-0.1
diazya01,2020,1,TBA,AL,34,114,16,35,3,0,2,11.0,0.0,0.0,23,17.0,1.0,1.0,0.0,0.0,6.0,1.1
diazya01,2021,1,TBA,AL,134,465,62,119,20,1,13,64.0,1.0,1.0,69,85.0,4.0,3.0,0.0,4.0,11.0,1.6
diazya01,2022,1,TBA,AL,137,473,71,140,33,0,9,57.0,3.0,3.0,78,60.0,2.0,6.0,0.0,1.0,10.0,3.4
diazya01,2023,1,TBA,AL,136,525,95,173,35,0,22,78.0,0.0,1.0,65,94.0,0.0,8.0,0.0,2.0,16.0,5.1
diazya01,2024,1,TBA,AL,145,563,55,158,31,1,14,65.0,0.0,0.0,50,95.0,0.0,4.0,0.0,4.0,12.0,1.6
diazya01,2025,1,TBA,AL,150,583,79,175,29,1,25,83.0,3.0,1.0,57,92.0,4.0,6.0,0.0,5.0,12.0,3.4
diazya02,2022,1,HOU,AL,6,8,0,1,1,0,0,1.0,0.0,0.0,1,2.0,0.0,0.0,0.0,0.0,0.0,-0.1
diazya02,2023,1,HOU,AL,104,355,51,100,22,0,23,60.0,0.0,0.0,11,74.0,0.0,5.0,0.0,6.0,12.0,3.2
diazya02,2024,1,HOU,AL,148,585,70,175,29,3,16,84.0,2.0,0.0,24,107.0,1.0,2.0,0.0,8.0,22.0,3.1
diazya02,2025,1,HOU,AL,143,542,56,139,25,1,20,70.0,1.0,1.0,20,95.0,2.0,2.0,0.0,3.0,13.0,2.7
diazye01,2021,1,NYN,NL,20,1,0,0,0,0,0,0.0,0.0,0.0,0,1.0,0.0,0.0,0.0,0.0,0.0,0.0
diazyu01,2022,1,BAL,AL,1,1,0,0,0,0,0,0.0,0.0,0.0,0,1.0,0.0,0.0,0.0,0.0,0.0,0.0
dickeal01,2020,1,SFN,NL,52,151,28,45,10,1,10,27.0,0.0,0.0,16,30.0,2.0,2.0,0.0,1.0,5.0,0.8
dickeal01,2021,1,SFN,NL,111,283,37,66,10,2,13,38.0,1.0,0.0,23,76.0,1.0,6.0,0.0,0.0,7.0,-0.1
dickeal01,2022,1,ATL,NL,13,33,3,4,0,0,1,2.0,0.0,0.0,3,9.0,0.0,0.0,0.0,0.0,3.0,-0.4
dickeco01,2020,1,MIA,NL,52,194,25,50,5,1,7,17.0,1.0,1.0,15,35.0,1.0,0.0,0.0,0.0,5.0,0.2
dickeco01,2021,1,MIA,NL,63,205,27,54,12,3,2,14.0,2.0,4.0,16,45.0,0.0,3.0,0.0,1.0,5.0,0.0
dickeco01,2021,2,TOR,AL,46,131,16,37,6,2,4,15.0,4.0,1.0,9,23.0,1.0,0.0,0.0,0.0,3.0,0.4
dickeco01,2022,1,SLN,NL,97,281,28,75,17,1,6,36.0,0.0,0.0,12,48.0,1.0,2.0,0.0,2.0,4.0,-0.2
dickeco01,2023,1,WAS,NL,50,144,12,36,7,1,2,17.0,0.0,1.0,7,28.0,0.0,0.0,0.0,1.0,3.0,-0.6
diekmja01,2021,1,OAK,AL,67,1,0,0,0,0,0,0.0,0.0,0.0,0,1.0,0.0,0.0,0.0,0.0,0.0,0.0
dietrde01,2020,1,TEX,AL,25,61,9,12,1,0,5,8.0,1.0,1.0,9,21.0,0.0,5.0,0.0,0.0,4.0,0.2
difowi01,2020,1,WAS,NL,12,14,1,1,0,0,0,1.0,0.0,0.0,3,4.0,0.0,0.0,0.0,1.0,0.0,-0.1
difowi01,2021,1,PIT,NL,116,219,25,59,7,3,4,24.0,1.0,0.0,20,54.0,0.0,0.0,0.0,1.0,2.0,-0.1
difowi01,2022,1,ARI,NL,3,6,0,0,0,0,0,0.0,0.0,0.0,0,1.0,0.0,0.0,0.0,0.0,0.0,-0.1
dingldi01,2024,1,DET,AL,27,84,2,14,5,2,1,11.0,0.0,0.0,3,30.0,0.0,0.0,0.0,0.0,2.0,-0.3
dingldi01,2025,1,DET,AL,126,435,54,121,21,2,13,57.0,0.0,0.0,23,110.0,2.0,9.0,0.0,1.0,5.0,3.1
dixonbr01,2020,1,DET,AL,5,13,0,1,1,0,0,2.0,0.0,0.0,1,4.0,0.0,0.0,0.0,0.0,1.0,-0.1
dixonbr01,2022,1,SDN,NL,5,14,1,3,1,0,0,1.0,0.0,0.0,0,5.0,0.0,0.0,0.0,0.0,1.0,0.0
dixonbr01,2023,1,SDN,NL,33,79,10,16,4,0,2,9.0,1.0,0.0,1,31.0,0.0,4.0,0.0,2.0,1.0,-0.3
dominja01,2023,1,NYA,AL,8,31,6,8,1,0,4,7.0,1.0,0.0,2,8.0,0.0,0.0,0.0,0.0,1.0,0.2
dominja01,2024,1,NYA,AL,18,56,8,10,1,0,2,4.0,5.0,0.0,11,19.0,0.0,0.0,0.0,0.0,0.0,0.0
dominja01,2025,1,NYA,AL,123,381,58,98,18,1,10,47.0,23.0,5.0,41,115.0,1.0,3.0,0.0,4.0,5.0,0.5
donaljo02,2020,1,MIN,AL,28,81,14,18,2,0,6,11.0,0.0,0.0,18,24.0,1.0,2.0,0.0,1.0,4.0,0.5
donaljo02,2021,1,MIN,AL,135,457,73,113,26,0,26,72.0,0.0,0.0,74,114.0,2.0,4.0,0.0,8.0,22.0,3.0
donaljo02,2022,1,NYA,AL,132,478,59,106,28,0,15,62.0,2.0,2.0,54,148.0,1.0,8.0,0.0,6.0,13.0,2.2
donaljo02,2023,1,NYA,AL,34,106,13,15,1,0,10,15.0,0.0,0.0,12,32.0,0.0,0.0,0.0,2.0,2.0,0.0
donaljo02,2023,2,MIL,NL,17,59,5,10,4,0,3,11.0,0.0,0.0,10,18.0,0.0,0.0,0.0,0.0,4.0,0.1
donovbr01,2022,1,SLN,NL,126,391,64,110,21,1,5,45.0,2.0,3.0,60,70.0,1.0,14.0,1.0,2.0,8.0,4.0
donovbr01,2023,1,SLN,NL,95,327,48,93,10,1,11,34.0,5.0,1.0,33,53.0,2.0,9.0,1.0,1.0,4.0,1.9
donovbr01,2024,1,SLN,NL,153,587,65,163,34,3,14,73.0,5.0,5.0,47,81.0,0.0,13.0,0.0,5.0,4.0,2.8
donovbr01,2025,1,SLN,NL,118,460,64,132,32,0,10,50.0,3.0,3.0,42,67.0,3.0,7.0,2.0,4.0,4.0,2.7
dorowry01,2021,1,TEX,AL,3,6,0,0,0,0,0,0.0,0.0,0.0,1,3.0,0.0,0.0,0.0,0.0,0.0,-0.1
downsje01,2022,1,BOS,AL,14,39,4,6,1,0,1,4.0,0.0,0.0,1,21.0,0.0,0.0,0.0,1.0,0.0,-0.6
downsje01,2023,1,WAS,NL,6,5,4,2,0,0,0,1.0,2.0,0.0,4,1.0,0.0,0.0,0.0,0.0,0.0,0.1
doylebr02,2023,1,COL,NL,126,399,48,81,16,5,10,48.0,22.0,5.0,22,151.0,0.0,4.0,3.0,3.0,9.0,0.8
doylebr02,2024,1,COL,NL,149,542,82,141,24,4,23,72.0,30.0,5.0,46,153.0,1.0,3.0,4.0,8.0,13.0,3.9
doylebr02,2025,1,COL,NL,138,502,57,117,23,2,15,57.0,18.0,2.0,30,138.0,0.0,0.0,2.0,4.0,14.0,0.2
doziebr01,2020,1,NYN,NL,7,15,1,2,0,0,0,0.0,0.0,0.0,1,5.0,0.0,0.0,0.0,0.0,1.0,-0.4
doziehu01,2020,1,KCA,AL,44,158,29,36,4,2,6,12.0,4.0,0.0,27,48.0,0.0,1.0,0.0,0.0,3.0,0.4
doziehu01,2021,1,KCA,AL,144,487,55,105,27,6,16,54.0,5.0,4.0,43,154.0,0.0,7.0,0.0,6.0,12.0,-2.4
doziehu01,2022,1,KCA,AL,129,462,51,109,26,4,12,41.0,4.0,3.0,34,125.0,0.0,3.0,0.0,1.0,14.0,-1.1
doziehu01,2023,1,KCA,AL,29,82,8,15,2,1,2,9.0,2.0,0.0,8,29.0,0.0,0.0,0.0,1.0,0.0,-0.3
drisclo01,2024,1,TBA,AL,15,35,2,6,0,0,1,5.0,0.0,0.0,1,6.0,0.0,0.0,0.0,1.0,0.0,-0.1
drurybr01,2020,1,TOR,AL,21,46,3,7,1,0,0,1.0,0.0,0.0,2,9.0,0.0,0.0,0.0,1.0,0.0,-0.9
drurybr01,2021,1,NYN,NL,51,84,7,23,5,0,4,14.0,0.0,0.0,3,22.0,0.0,1.0,0.0,0.0,3.0,0.2
drurybr01,2022,1,CIN,NL,92,350,62,96,22,2,20,59.0,2.0,2.0,29,84.0,0.0,4.0,0.0,2.0,6.0,2.3
drurybr01,2022,2,SDN,NL,46,168,25,40,9,0,8,28.0,0.0,1.0,9,42.0,0.0,4.0,0.0,2.0,2.0,0.5
drurybr01,2023,1,LAA,AL,125,485,61,127,30,3,26,83.0,0.0,2.0,25,136.0,0.0,8.0,0.0,5.0,14.0,2.0
drurybr01,2024,1,LAA,AL,97,325,28,55,7,0,4,15.0,1.0,0.0,27,81.0,0.0,5.0,0.0,3.0,13.0,-2.1
dubonma01,2020,1,SFN,NL,54,157,21,43,4,1,4,19.0,2.0,3.0,15,36.0,0.0,1.0,1.0,2.0,4.0,1.0
dubonma01,2021,1,SFN,NL,74,175,20,42,9,0,5,22.0,2.0,1.0,9,41.0,2.0,1.0,0.0,2.0,5.0,0.3
dubonma01,2022,1,SFN,NL,21,46,10,11,1,0,2,8.0,0.0,0.0,1,4.0,0.0,0.0,0.0,2.0,0.0,0.2
dubonma01,2022,2,HOU,AL,83,197,21,41,8,0,3,16.0,2.0,3.0,12,26.0,0.0,1.0,3.0,3.0,7.0,-0.2
dubonma01,2023,1,HOU,AL,132,467,76,130,26,3,10,46.0,7.0,2.0,19,70.0,0.0,3.0,0.0,3.0,10.0,2.7
dubonma01,2024,1,HOU,AL,137,402,45,108,25,0,4,47.0,3.0,2.0,16,55.0,0.0,2.0,3.0,5.0,6.0,1.0
dubonma01,2025,1,HOU,AL,133,369,43,89,21,0,7,33.0,3.0,0.0,24,42.0,0.0,1.0,3.0,1.0,12.0,1.7
duffyma01,2021,1,CHN,NL,97,289,45,83,12,0,5,30.0,8.0,1.0,25,63.0,0.0,7.0,0.0,1.0,16.0,1.7
duffyma01,2022,1,LAA,AL,77,228,14,57,8,0,2,16.0,0.0,0.0,17,50.0,0.0,2.0,0.0,0.0,6.0,-0.4
duffyma01,2023,1,KCA,AL,79,191,17,48,8,0,2,16.0,1.0,0.0,12,39.0,0.0,4.0,0.0,2.0,4.0,0.2
duffyma01,2024,1,TEX,AL,4,7,2,2,0,0,0,0.0,0.0,0.0,2,1.0,0.0,1.0,0.0,0.0,0.0,0.2
duggast01,2020,1,SFN,NL,21,34,3,6,2,0,0,3.0,1.0,0.0,1,11.0,0.0,1.0,0.0,0.0,1.0,-0.4
duggast01,2021,1,SFN,NL,107,268,45,69,14,5,8,35.0,7.0,0.0,27,88.0,3.0,2.0,0.0,0.0,4.0,2.2
duggast01,2022,1,SFN,NL,12,36,2,7,3,0,0,4.0,4.0,0.0,2,16.0,0.0,0.0,0.0,1.0,0.0,-0.1
duggast01,2022,2,TEX,AL,8,17,2,3,0,0,0,0.0,1.0,1.0,2,12.0,0.0,0.0,0.0,0.0,0.0,0.0
duggast01,2022,3,LAA,AL,9,19,3,1,0,1,0,0.0,0.0,0.0,3,13.0,0.0,0.0,0.0,0.0,0.0,-0.3
dunanjo01,2022,1,MIA,NL,3,10,2,3,1,0,1,1.0,0.0,0.0,0,3.0,0.0,1.0,0.0,0.0,0.0,0.2
dunnbl01,2024,1,CIN,NL,19,26,8,4,1,0,1,1.0,2.0,0.0,2,11.0,0.0,1.0,0.0,0.0,1.0,-0.2
dunnbl01,2025,1,CIN,NL,30,60,10,9,2,0,1,7.0,1.0,1.0,8,25.0,0.0,7.0,0.0,0.0,1.0,-0.1
dunnida01,2021,1,TEX,AL,27,3,0,1,0,0,0,0.0,0.0,0.0,0,1.0,0.0,0.0,1.0,0.0,0.0,0.1
dunnju01,2021,1,SEA,AL,11,3,0,1,1,0,0,1.0,0.0,0.0,0,2.0,0.0,0.0,0.0,0.0,0.0,0.1
dunnol01,2024,1,MIL,NL,41,95,11,21,2,2,1,7.0,3.0,0.0,6,40.0,0.0,2.0,1.0,0.0,1.0,0.2
dunnol01,2025,1,MIL,NL,14,36,4,6,2,0,0,6.0,1.0,0.0,2,11.0,0.0,0.0,2.0,1.0,0.0,-0.2
duplajo01,2021,1,ARI,NL,4,2,0,0,0,0,0,0.0,0.0,0.0,0,2.0,0.0,1.0,0.0,0.0,0.0,0.0
duranez01,2022,1,TEX,AL,58,208,25,49,10,1,5,25.0,4.0,1.0,12,54.0,0.0,0.0,0.0,0.0,3.0,0.2
duranez01,2023,1,TEX,AL,122,406,55,112,22,2,14,46.0,8.0,4.0,23,120.0,1.0,7.0,1.0,2.0,7.0,1.1
duranez01,2024,1,TEX,AL,92,268,26,66,11,0,3,20.0,1.0,2.0,14,63.0,0.0,2.0,0.0,1.0,6.0,0.2
duranez01,2025,1,TEX,AL,90,205,16,46,14,0,0,14.0,11.0,2.0,8,55.0,0.0,4.0,1.0,1.0,3.0,0.2
duranja01,2021,1,BOS,AL,33,107,17,23,3,2,2,10.0,2.0,1.0,4,40.0,0.0,0.0,0.0,1.0,1.0,-0.6
duranja01,2022,1,BOS,AL,58,204,23,45,14,3,3,17.0,7.0,1.0,14,63.0,0.0,4.0,0.0,1.0,1.0,-0.2
duranja01,2023,1,BOS,AL,102,332,46,98,34,2,8,40.0,24.0,2.0,24,90.0,1.0,3.0,0.0,2.0,3.0,2.2
duranja01,2024,1,BOS,AL,160,671,111,191,48,14,21,75.0,34.0,7.0,54,160.0,1.0,6.0,1.0,3.0,6.0,9.0
duranja01,2025,1,BOS,AL,157,620,86,159,41,13,16,84.0,24.0,6.0,60,169.0,1.0,12.0,1.0,3.0,6.0,4.7
durbica01,2025,1,MIL,NL,136,445,60,114,25,0,11,53.0,18.0,6.0,30,50.0,0.0,24.0,3.0,4.0,10.0,2.8
duvalad01,2020,1,ATL,NL,57,190,34,45,8,0,16,33.0,0.0,0.0,15,54.0,0.0,3.0,0.0,1.0,2.0,0.8
duvalad01,2021,1,MIA,NL,91,314,41,72,10,1,22,68.0,5.0,0.0,21,105.0,0.0,1.0,0.0,3.0,4.0,1.7
duvalad01,2021,2,ATL,NL,55,199,26,45,7,1,16,45.0,0.0,0.0,14,69.0,1.0,3.0,0.0,0.0,3.0,1.3
duvalad01,2022,1,ATL,NL,86,287,39,61,16,1,12,36.0,0.0,2.0,21,101.0,0.0,5.0,0.0,2.0,2.0,-0.1
duvalad01,2023,1,BOS,AL,92,320,45,79,24,2,21,58.0,4.0,0.0,22,110.0,1.0,6.0,0.0,5.0,0.0,1.6
duvalad01,2024,1,ATL,NL,104,303,29,55,10,0,11,30.0,0.0,0.0,21,99.0,0.0,5.0,0.0,1.0,6.0,-1.4
dysonja01,2020,1,PIT,NL,21,51,6,8,0,0,0,5.0,4.0,0.0,4,10.0,0.0,0.0,0.0,0.0,0.0,-0.6
dysonja01,2020,2,CHA,AL,11,10,3,3,0,0,0,0.0,2.0,0.0,0,1.0,0.0,0.0,1.0,0.0,0.0,-0.2
dysonja01,2021,1,KCA,AL,77,122,13,27,7,2,0,10.0,8.0,3.0,6,28.0,0.0,0.0,3.0,1.0,1.0,0.0
dysonja01,2021,2,TOR,AL,25,13,4,1,0,0,0,0.0,2.0,2.0,4,5.0,0.0,0.0,0.0,0.0,0.0,0.0
eatonad02,2020,1,WAS,NL,41,159,22,36,11,1,4,17.0,3.0,0.0,12,32.0,1.0,1.0,4.0,0.0,4.0,-0.6
eatonad02,2021,1,CHA,AL,58,189,33,38,8,2,5,28.0,2.0,0.0,20,55.0,0.0,6.0,4.0,0.0,5.0,0.2
eatonad02,2021,2,LAA,AL,26,65,5,13,2,0,1,2.0,1.0,0.0,2,16.0,0.0,1.0,0.0,1.0,1.0,-0.6
eatonna01,2022,1,KCA,AL,44,106,16,28,4,3,1,12.0,11.0,1.0,10,30.0,0.0,2.0,1.0,3.0,2.0,0.9
eatonna01,2023,1,KCA,AL,28,53,2,4,0,0,0,1.0,3.0,0.0,2,21.0,0.0,1.0,0.0,0.0,0.0,-0.6
eatonna01,2025,1,BOS,AL,41,81,16,24,4,0,1,4.0,9.0,2.0,6,19.0,0.0,1.0,1.0,1.0,1.0,0.1
edenca01,2023,1,TOR,AL,5,6,1,1,0,0,0,0.0,0.0,0.0,0,2.0,0.0,0.0,0.0,0.0,0.0,-0.1
edmanto01,2020,1,SLN,NL,55,204,29,51,7,1,5,26.0,2.0,4.0,16,48.0,0.0,5.0,0.0,2.0,5.0,1.1
edmanto01,2021,1,SLN,NL,159,641,91,168,41,3,11,56.0,30.0,5.0,38,95.0,1.0,6.0,2.0,4.0,4.0,3.8
edmanto01,2022,1,SLN,NL,153,577,95,153,31,4,13,57.0,32.0,3.0,46,111.0,2.0,5.0,1.0,1.0,10.0,6.2
edmanto01,2023,1,SLN,NL,137,479,69,119,25,4,13,47.0,27.0,4.0,35,84.0,1.0,7.0,3.0,4.0,9.0,2.1
edmanto01,2024,1,LAN,NL,37,139,20,33,5,1,6,20.0,6.0,0.0,11,30.0,0.0,1.0,0.0,2.0,2.0,0.9
edmanto01,2025,1,LAN,NL,97,346,49,78,13,1,13,49.0,3.0,1.0,19,61.0,0.0,6.0,1.0,5.0,4.0,1.1
edwarxa01,2023,1,MIA,NL,30,78,12,23,3,0,0,3.0,5.0,0.0,3,14.0,0.0,1.0,2.0,0.0,1.0,0.1
edwarxa01,2024,1,MIA,NL,70,265,39,87,12,5,1,26.0,31.0,4.0,33,52.0,1.0,0.0,1.0,4.0,0.0,2.1
edwarxa01,2025,1,MIA,NL,139,561,75,159,20,5,3,43.0,27.0,7.0,49,88.0,2.0,3.0,3.0,3.0,6.0,3.2
eflinza01,2021,1,PHI,NL,18,29,1,0,0,0,0,1.0,0.0,0.0,1,15.0,0.0,1.0,6.0,0.0,0.0,-0.3
eickhje01,2021,1,NYN,NL,6,5,0,2,0,0,0,0.0,0.0,0.0,0,0.0,0.0,0.0,3.0,0.0,1.0,0.1
eldribr01,2025,1,SFN,NL,10,28,1,3,2,0,0,4.0,0.0,0.0,7,13.0,0.0,1.0,0.0,1.0,0.0,-0.2
elkoti01,2025,1,CHA,AL,23,67,6,9,1,0,4,8.0,1.0,0.0,5,30.0,0.0,0.0,0.0,0.0,1.0,-0.5
elledse01,2021,1,SLN,NL,11,2,0,0,0,0,0,0.0,0.0,0.0,0,0.0,0.0,0.0,0.0,0.0,0.0,0.0
ellisdr01,2021,1,ARI,NL,28,69,10,9,2,0,1,5.0,0.0,0.0,10,27.0,1.0,4.0,0.0,0.0,1.0,-0.7
ellisdr01,2022,1,ARI,NL,6,13,2,2,1,0,0,1.0,0.0,0.0,1,6.0,0.0,0.0,0.0,0.0,0.0,-0.2
ellisdr01,2022,2,SEA,AL,1,3,0,1,0,0,0,0.0,0.0,0.0,0,1.0,0.0,0.0,0.0,0.0,0.0,-0.1
ellisdr01,2023,1,PHI,NL,12,23,4,5,0,0,2,4.0,0.0,1.0,6,7.0,0.0,0.0,0.0,0.0,0.0,0.2
ellisdu01,2024,1,CHA,AL,8,4,1,0,0,0,0,0.0,4.0,0.0,0,2.0,0.0,0.0,0.0,0.0,0.0,-0.2
ellisdu01,2024,2,NYA,AL,3,1,0,1,0,0,0,0.0,1.0,0.0,0,0.0,0.0,0.0,0.0,0.0,0.0,0.1
encarch01,2023,1,CIN,NL,63,222,29,60,7,0,13,37.0,2.0,0.0,14,69.0,0.0,5.0,0.0,0.0,5.0,0.5
encarch01,2024,1,CIN,NL,29,116,13,22,6,0,2,16.0,0.0,0.0,4,35.0,0.0,1.0,0.0,2.0,4.0,-1.0
encarch01,2025,1,CIN,NL,36,130,13,27,4,0,6,19.0,0.0,2.0,3,32.0,0.0,2.0,0.0,2.0,1.0,-0.6
encared01,2020,1,CHA,AL,44,159,19,25,5,0,10,19.0,0.0,0.0,16,54.0,0.0,4.0,0.0,1.0,3.0,-0.4
encarje01,2022,1,MIA,NL,23,77,7,14,3,0,3,14.0,2.0,0.0,3,32.0,0.0,0.0,0.0,1.0,3.0,-0.2
encarje01,2024,1,SFN,NL,35,113,13,28,5,0,5,19.0,1.0,0.0,5,34.0,0.0,0.0,0.0,1.0,0.0,0.1
encarje01,2025,1,SFN,NL,19,55,5,11,3,0,2,7.0,1.0,0.0,1,15.0,0.0,0.0,0.0,0.0,3.0,0.0
engelad01,2020,1,CHA,AL,36,88,11,26,5,1,3,12.0,1.0,0.0,3,19.0,0.0,2.0,0.0,0.0,1.0,0.7
engelad01,2021,1,CHA,AL,39,123,21,31,9,0,7,18.0,7.0,1.0,11,31.0,0.0,5.0,0.0,1.0,4.0,1.5
engelad01,2022,1,CHA,AL,119,245,32,55,13,1,2,17.0,12.0,4.0,11,76.0,1.0,4.0,0.0,0.0,2.0,0.3
engelad01,2023,1,SDN,NL,5,6,0,0,0,0,0,0.0,0.0,1.0,0,2.0,0.0,0.0,0.0,0.0,0.0,-0.3
englitr01,2025,1,ARI,NL,7,22,0,2,1,0,0,1.0,0.0,0.0,1,8.0,0.0,0.0,0.0,0.0,0.0,-0.2
eovalna01,2021,1,BOS,AL,32,2,1,0,0,0,0,0.0,0.0,0.0,1,1.0,0.0,0.0,0.0,0.0,0.0,0.0
ervinph01,2020,1,CIN,NL,19,35,5,3,0,0,0,0.0,1.0,0.0,6,8.0,0.0,1.0,0.0,0.0,1.0,-0.3
ervinph01,2020,2,SEA,AL,18,39,5,8,3,0,0,4.0,0.0,0.0,8,14.0,0.0,0.0,0.0,0.0,1.0,0.3
escarjc01,2025,1,NYA,AL,40,84,5,17,5,0,2,11.0,1.0,0.0,11,14.0,0.0,1.0,0.0,2.0,1.0,0.1
escobal02,2021,1,WAS,NL,75,319,53,92,21,2,4,28.0,3.0,0.0,17,56.0,0.0,9.0,2.0,2.0,2.0,1.6
escobal02,2022,1,WAS,NL,42,124,12,27,4,2,0,8.0,1.0,1.0,5,32.0,0.0,2.0,0.0,0.0,1.0,-0.5
escobed01,2020,1,ARI,NL,54,203,22,43,7,3,4,20.0,1.0,0.0,15,41.0,4.0,2.0,0.0,2.0,5.0,-0.4
escobed01,2021,1,ARI,NL,98,370,50,91,14,3,22,65.0,1.0,0.0,29,85.0,1.0,0.0,0.0,1.0,1.0,2.2
escobed01,2021,2,MIL,NL,48,179,27,48,12,2,6,25.0,0.0,0.0,19,39.0,0.0,1.0,0.0,0.0,2.0,0.2
escobed01,2022,1,NYN,NL,136,495,58,119,26,4,20,69.0,0.0,2.0,40,129.0,3.0,1.0,0.0,6.0,4.0,1.2
escobed01,2023,1,NYN,NL,40,110,15,26,3,2,4,16.0,2.0,0.0,8,24.0,0.0,0.0,1.0,1.0,4.0,0.1
escobed01,2023,2,LAA,AL,60,178,17,39,3,3,2,15.0,0.0,1.0,10,54.0,0.0,0.0,0.0,1.0,3.0,-1.2
eshelto01,2021,1,BAL,AL,9,1,0,0,0,0,0,0.0,0.0,0.0,0,0.0,0.0,0.0,0.0,0.0,0.0,0.0
espinpa01,2021,1,WAS,NL,35,30,2,5,0,0,0,0.0,0.0,0.0,0,15.0,0.0,0.0,3.0,0.0,0.0,0.1
espinsa01,2020,1,TOR,AL,27,60,10,16,4,0,0,6.0,1.0,0.0,4,16.0,0.0,0.0,1.0,1.0,1.0,0.4
espinsa01,2021,1,TOR,AL,92,222,32,69,13,1,2,17.0,6.0,1.0,22,30.0,0.0,1.0,1.0,0.0,4.0,2.4
espinsa01,2022,1,TOR,AL,135,449,51,120,25,0,7,51.0,6.0,6.0,36,68.0,1.0,2.0,1.0,3.0,12.0,2.4
espinsa01,2023,1,TOR,AL,93,230,30,57,14,0,2,25.0,2.0,1.0,18,36.0,1.0,3.0,2.0,1.0,5.0,0.3
espinsa01,2024,1,CIN,NL,118,357,32,88,12,0,9,45.0,11.0,1.0,24,54.0,1.0,2.0,4.0,4.0,7.0,-0.4
espinsa01,2025,1,CIN,NL,114,301,25,73,12,0,0,16.0,2.0,1.0,21,38.0,0.0,1.0,3.0,2.0,11.0,-1.4
estrath01,2020,1,NYA,AL,26,48,8,8,0,0,1,3.0,1.0,0.0,1,19.0,0.0,3.0,0.0,0.0,0.0,-0.1
estrath01,2021,1,SFN,NL,52,121,19,33,4,0,7,22.0,1.0,0.0,9,23.0,1.0,2.0,0.0,0.0,2.0,0.8
estrath01,2022,1,SFN,NL,140,488,71,127,22,2,14,62.0,21.0,6.0,33,89.0,0.0,14.0,1.0,5.0,10.0,1.8
estrath01,2023,1,SFN,NL,120,495,63,134,26,2,14,49.0,23.0,7.0,22,120.0,1.0,11.0,0.0,2.0,10.0,2.5
estrath01,2024,1,SFN,NL,96,364,43,79,15,2,9,47.0,2.0,2.0,10,76.0,0.0,5.0,0.0,2.0,8.0,-0.6
estrath01,2025,1,COL,NL,39,154,14,39,9,0,3,21.0,1.0,3.0,6,26.0,0.0,2.0,0.0,3.0,6.0,-0.4
evansph01,2020,1,PIT,NL,11,39,6,14,2,0,1,9.0,0.0,1.0,5,7.0,0.0,1.0,0.0,0.0,1.0,0.0
evansph01,2021,1,PIT,NL,76,214,23,44,5,0,5,16.0,1.0,0.0,28,53.0,1.0,5.0,0.0,0.0,3.0,-0.4
fabiasa01,2024,1,TEX,AL,3,5,0,0,0,0,0,0.0,0.0,0.0,0,0.0,0.0,0.0,0.0,0.0,0.0,-0.1
faircst01,2021,1,ARI,NL,12,15,3,2,1,0,0,2.0,0.0,0.0,1,3.0,0.0,1.0,0.0,0.0,1.0,0.0
faircst01,2022,1,SEA,AL,3,3,0,0,0,0,0,0.0,0.0,0.0,0,2.0,0.0,0.0,0.0,0.0,0.0,-0.1
faircst01,2022,2,SFN,NL,5,8,1,0,0,0,0,0.0,0.0,0.0,0,3.0,0.0,0.0,0.0,0.0,0.0,-0.1
faircst01,2022,3,CIN,NL,38,86,13,24,4,1,5,6.0,0.0,2.0,8,29.0,0.0,5.0,0.0,0.0,1.0,0.9
faircst01,2023,1,CIN,NL,97,219,34,50,16,2,5,28.0,10.0,3.0,25,69.0,0.0,6.0,3.0,2.0,2.0,0.4
faircst01,2024,1,CIN,NL,94,209,33,45,8,0,8,30.0,13.0,1.0,17,60.0,0.0,4.0,2.0,1.0,1.0,1.0
faircst01,2025,1,ATL,NL,28,51,7,11,4,1,0,2.0,2.0,1.0,4,15.0,0.0,0.0,0.0,0.0,2.0,-0.3
falteba01,2021,1,PHI,NL,22,5,0,0,0,0,0,0.0,0.0,0.0,0,5.0,0.0,0.0,0.0,0.0,0.0,-0.1
fargajo01,2021,1,NYN,NL,7,21,1,6,3,1,0,3.0,0.0,0.0,0,7.0,0.0,0.0,1.0,0.0,0.0,0.3
fargajo01,2021,2,CHN,NL,15,31,3,7,0,1,0,2.0,1.0,2.0,1,8.0,0.0,0.0,0.0,0.0,2.0,-0.3
fariaja01,2021,1,ARI,NL,24,3,1,1,1,0,0,0.0,0.0,0.0,0,1.0,0.0,0.0,0.0,0.0,0.0,0.1
farmeky01,2020,1,CIN,NL,32,64,4,17,3,0,0,4.0,1.0,0.0,5,13.0,0.0,1.0,0.0,0.0,0.0,0.4
farmeky01,2021,1,CIN,NL,147,483,60,127,22,2,16,63.0,2.0,3.0,22,97.0,1.0,18.0,1.0,5.0,16.0,1.2
farmeky01,2022,1,CIN,NL,145,526,58,134,25,1,14,78.0,4.0,3.0,33,99.0,0.0,16.0,2.0,6.0,20.0,1.2
farmeky01,2023,1,MIN,AL,120,336,49,86,14,2,11,46.0,2.0,4.0,23,86.0,0.0,8.0,0.0,2.0,7.0,1.7
farmeky01,2024,1,MIN,AL,107,215,26,46,13,1,5,25.0,3.0,5.0,19,49.0,1.0,6.0,0.0,2.0,6.0,-0.3
farmeky01,2025,1,COL,NL,97,277,24,63,14,0,8,31.0,0.0,1.0,17,66.0,0.0,4.0,0.0,2.0,9.0,-0.8
feddeer01,2021,1,WAS,NL,29,36,0,0,0,0,0,1.0,0.0,0.0,1,14.0,0.0,0.0,5.0,1.0,0.0,-0.4
feduchu01,2024,1,LAN,NL,5,12,2,4,0,0,0,1.0,0.0,0.0,2,2.0,0.0,0.0,0.0,0.0,1.0,0.1
feduchu01,2025,1,LAN,NL,2,2,0,0,0,0,0,0.0,0.0,0.0,1,1.0,0.0,0.0,0.0,0.0,0.0,0.0
feduchu01,2025,2,TBA,AL,36,86,5,13,5,0,0,8.0,1.0,0.0,14,28.0,0.0,0.0,0.0,2.0,0.0,-0.5
felicma01,2022,1,MIL,NL,2,4,0,1,0,0,0,0.0,0.0,0.0,1,1.0,0.0,0.0,0.0,0.0,0.0,0.0
feltnry01,2021,1,COL,NL,2,1,0,0,0,0,0,0.0,0.0,0.0,0,1.0,0.0,0.0,0.0,0.0,0.0,0.0
fermifr01,2022,1,KCA,AL,3,7,1,0,0,0,0,0.0,0.0,1.0,0,3.0,0.0,0.0,0.0,0.0,0.0,-0.2
fermifr01,2023,1,KCA,AL,70,217,26,61,10,1,9,32.0,0.0,0.0,13,50.0,0.0,1.0,1.0,3.0,11.0,1.6
fermifr01,2024,1,KCA,AL,111,339,40,92,14,0,6,36.0,2.0,0.0,23,66.0,1.0,2.0,1.0,3.0,10.0,3.1
fermifr01,2025,1,KCA,AL,67,192,17,49,7,0,3,12.0,1.0,2.0,13,37.0,1.0,2.0,1.0,0.0,2.0,1.1
fermifr01,2025,2,SDN,NL,42,127,15,31,6,0,2,14.0,0.0,0.0,6,28.0,0.0,0.0,6.0,0.0,3.0,0.9
fermijo01,2023,1,SLN,NL,21,51,2,12,1,0,0,4.0,0.0,1.0,6,8.0,0.0,2.0,2.0,0.0,1.0,0.1
fermijo01,2024,1,SLN,NL,45,71,7,11,1,1,0,4.0,2.0,1.0,7,11.0,0.0,1.0,0.0,0.0,3.0,-0.6
fermijo01,2025,1,SLN,NL,30,60,5,17,5,0,1,9.0,2.0,2.0,8,10.0,0.0,1.0,1.0,0.0,0.0,0.8
fernaju01,2021,1,SLN,NL,18,1,0,0,0,0,0,0.0,0.0,0.0,0,1.0,0.0,0.0,0.0,0.0,0.0,0.0
fernaya01,2025,1,COL,NL,52,138,13,31,5,0,4,11.0,0.0,0.0,8,44.0,0.0,0.0,0.0,1.0,4.0,-0.8
fishede01,2020,1,TOR,AL,16,31,5,7,2,1,1,7.0,0.0,1.0,7,11.0,0.0,0.0,0.0,1.0,0.0,-0.4
fishede01,2021,1,MIL,NL,4,8,1,2,0,1,0,1.0,0.0,0.0,0,1.0,0.0,0.0,0.0,0.0,0.0,0.0
fitzgry01,2025,1,MIN,AL,24,46,10,9,0,0,4,9.0,1.0,0.0,7,8.0,0.0,0.0,0.0,0.0,0.0,0.2
fitzgty01,2023,1,SFN,NL,10,32,3,7,2,0,2,5.0,2.0,0.0,2,10.0,0.0,0.0,0.0,0.0,0.0,0.2
fitzgty01,2024,1,SFN,NL,96,314,53,88,19,2,15,34.0,17.0,4.0,22,108.0,0.0,4.0,0.0,1.0,2.0,2.7
fitzgty01,2025,1,SFN,NL,72,217,19,47,10,1,4,14.0,9.0,4.0,17,70.0,0.0,2.0,6.0,1.0,3.0,0.9
flaheja01,2021,1,SLN,NL,17,17,2,2,0,0,1,3.0,0.0,0.0,5,7.0,0.0,0.0,3.0,1.0,0.0,0.3
flemijo01,2021,1,TBA,AL,26,1,0,0,0,0,0,0.0,0.0,0.0,0,1.0,0.0,0.0,0.0,0.0,0.0,0.0
fletcda02,2020,1,LAA,AL,49,207,31,66,13,0,3,18.0,2.0,1.0,20,25.0,0.0,0.0,1.0,2.0,4.0,1.9
fletcda02,2021,1,LAA,AL,157,626,74,164,27,3,2,47.0,15.0,3.0,31,60.0,1.0,1.0,6.0,1.0,10.0,1.6
fletcda02,2022,1,LAA,AL,61,216,20,55,9,1,2,17.0,1.0,0.0,7,16.0,0.0,3.0,2.0,0.0,6.0,1.1
fletcda02,2023,1,LAA,AL,33,89,7,22,1,0,2,12.0,0.0,0.0,7,9.0,1.0,0.0,1.0,0.0,2.0,0.1
fletcda02,2024,1,ATL,NL,5,8,0,2,0,0,0,2.0,0.0,0.0,0,1.0,0.0,0.0,0.0,1.0,0.0,0.0
fletcdo01,2023,1,ARI,NL,28,93,10,28,5,1,2,14.0,0.0,2.0,7,22.0,1.0,0.0,2.0,0.0,0.0,0.7
fletcdo01,2024,1,CHA,AL,72,223,14,46,8,0,1,17.0,0.0,0.0,11,58.0,1.0,3.0,2.0,1.0,5.0,-0.4
fletcdo01,2025,1,CHA,AL,12,32,5,7,5,0,1,2.0,1.0,0.0,2,2.0,0.0,0.0,0.0,0.0,1.0,0.3
flexech01,2021,1,SEA,AL,31,3,0,0,0,0,0,0.0,0.0,0.0,0,0.0,0.0,0.0,0.0,0.0,0.0,0.0
florera03,2025,1,PIT,NL,7,15,0,3,2,0,0,0.0,0.0,0.0,2,7.0,0.0,0.0,0.0,0.0,0.0,-0.1
florewi01,2020,1,SFN,NL,55,198,30,53,11,1,12,32.0,1.0,0.0,13,36.0,1.0,1.0,0.0,1.0,5.0,1.2
florewi01,2021,1,SFN,NL,139,389,57,102,16,1,18,53.0,1.0,0.0,41,56.0,0.0,3.0,0.0,3.0,11.0,1.8
florewi01,2022,1,SFN,NL,151,525,72,120,28,1,19,71.0,0.0,0.0,59,103.0,1.0,11.0,0.0,7.0,7.0,0.9
florewi01,2023,1,SFN,NL,126,405,51,115,22,0,23,60.0,0.0,0.0,41,63.0,1.0,5.0,0.0,3.0,13.0,2.7
florewi01,2024,1,SFN,NL,71,214,19,44,12,0,4,26.0,0.0,0.0,20,33.0,1.0,3.0,0.0,5.0,5.0,-0.6
florewi01,2025,1,SFN,NL,125,419,44,101,10,0,16,71.0,1.0,0.0,34,88.0,0.0,7.0,0.0,3.0,14.0,0.3
flories01,2020,1,NYA,AL,1,3,0,1,0,0,0,0.0,0.0,0.0,0,2.0,0.0,0.0,0.0,0.0,0.0,0.0
flories01,2021,1,NYA,AL,11,20,3,6,2,0,1,2.0,1.0,0.0,5,6.0,0.0,0.0,0.0,0.0,0.0,0.3
flories01,2022,1,NYA,AL,17,31,4,3,0,0,0,1.0,2.0,0.0,3,13.0,0.0,1.0,0.0,0.0,0.0,-0.5
flories01,2023,1,NYA,AL,19,61,5,14,3,1,0,8.0,3.0,0.0,7,20.0,0.0,2.0,0.0,1.0,0.0,0.0
flories01,2024,1,CLE,AL,36,98,11,17,6,2,3,11.0,2.0,1.0,11,41.0,0.0,1.0,1.0,0.0,2.0,0.1
flowety01,2020,1,ATL,NL,22,69,5,15,6,0,1,5.0,0.0,0.0,8,34.0,0.0,3.0,0.0,0.0,1.0,0.4
foltymi01,2021,1,TEX,AL,28,2,0,0,0,0,0,0.0,0.0,0.0,0,2.0,0.0,0.0,0.0,0.0,0.0,0.0
fordha01,2025,1,SEA,AL,8,6,1,1,0,0,0,1.0,0.0,0.0,0,3.0,0.0,1.0,0.0,1.0,0.0,0.0
fordmi01,2020,1,NYA,AL,29,74,5,10,4,0,2,11.0,0.0,0.0,7,16.0,0.0,2.0,0.0,1.0,4.0,-0.5
fordmi01,2021,1,NYA,AL,22,60,6,8,0,0,3,5.0,0.0,0.0,11,23.0,1.0,1.0,0.0,0.0,1.0,-0.2
fordmi01,2022,1,SFN,NL,1,4,0,1,0,0,0,2.0,0.0,0.0,0,0.0,0.0,0.0,0.0,0.0,0.0,0.0
fordmi01,2022,2,SEA,AL,16,29,1,5,1,0,0,3.0,0.0,0.0,8,12.0,0.0,1.0,0.0,0.0,0.0,-0.1
fordmi01,2022,3,ATL,NL,5,7,0,0,0,0,0,0.0,0.0,0.0,1,2.0,0.0,0.0,0.0,0.0,0.0,-0.2
fordmi01,2022,4,LAA,AL,28,91,8,21,4,0,3,5.0,0.0,0.0,8,26.0,0.0,0.0,0.0,0.0,1.0,-0.1
fordmi01,2023,1,SEA,AL,84,219,32,50,6,0,16,34.0,0.0,0.0,24,81.0,0.0,7.0,0.0,1.0,4.0,0.8
fordmi01,2024,1,CIN,NL,17,60,2,9,0,1,1,4.0,0.0,0.0,2,15.0,0.0,0.0,0.0,0.0,1.0,-0.7
forsylo01,2020,1,MIA,NL,13,34,2,4,1,0,1,2.0,0.0,0.0,4,12.0,0.0,0.0,0.0,0.0,0.0,-0.3
forteni01,2021,1,MIA,NL,14,31,6,9,0,0,4,7.0,1.0,0.0,3,8.0,0.0,0.0,0.0,0.0,1.0,0.2
forteni01,2022,1,MIA,NL,72,217,41,50,6,1,9,24.0,5.0,3.0,18,45.0,0.0,5.0,0.0,0.0,5.0,1.2
forteni01,2023,1,MIA,NL,108,294,33,60,10,0,6,26.0,4.0,2.0,17,59.0,0.0,7.0,3.0,2.0,12.0,-0.3
forteni01,2024,1,MIA,NL,110,308,28,70,16,0,4,29.0,0.0,1.0,11,41.0,0.0,4.0,7.0,5.0,6.0,0.2
forteni01,2025,1,MIA,NL,59,129,11,31,6,1,2,10.0,0.0,0.0,7,22.0,0.0,2.0,2.0,1.0,4.0,0.4
forteni01,2025,2,TBA,AL,38,89,8,19,3,0,3,11.0,1.0,0.0,7,25.0,0.0,5.0,0.0,0.0,3.0,0.3
foscuju01,2024,1,TEX,AL,15,42,3,2,1,0,0,1.0,0.0,0.0,2,18.0,0.0,0.0,0.0,0.0,0.0,-0.7
foscuju01,2025,1,TEX,AL,4,9,0,1,1,0,0,2.0,0.0,0.0,0,3.0,0.0,0.0,0.0,0.0,0.0,-0.1
fowlede01,2020,1,SLN,NL,31,90,14,21,2,0,4,15.0,1.0,1.0,10,28.0,0.0,1.0,0.0,0.0,2.0,0.0
fowlede01,2021,1,LAA,AL,7,20,3,5,0,0,0,1.0,1.0,0.0,1,6.0,0.0,0.0,0.0,0.0,0.0,-0.2
fowledu01,2021,1,PIT,NL,18,41,3,7,1,0,0,2.0,1.0,0.0,3,20.0,0.0,1.0,0.0,1.0,0.0,-0.5
foxlu01,2022,1,WAS,NL,10,25,2,2,0,0,0,2.0,1.0,0.0,1,9.0,0.0,0.0,2.0,0.0,1.0,-0.6
fraleja01,2020,1,SEA,AL,7,26,3,4,1,1,0,0.0,2.0,1.0,2,11.0,0.0,1.0,0.0,0.0,0.0,0.0
fraleja01,2021,1,SEA,AL,78,214,27,45,7,0,9,36.0,10.0,2.0,46,71.0,1.0,2.0,1.0,2.0,3.0,1.4
fraleja01,2022,1,CIN,NL,68,216,33,56,9,0,12,28.0,4.0,1.0,26,54.0,1.0,3.0,0.0,2.0,1.0,0.5
fraleja01,2023,1,CIN,NL,111,336,41,86,18,0,15,65.0,21.0,5.0,37,71.0,2.0,6.0,0.0,1.0,5.0,0.8
fraleja01,2024,1,CIN,NL,116,350,44,97,19,2,5,26.0,20.0,5.0,26,70.0,0.0,3.0,0.0,3.0,6.0,0.3
fraleja01,2025,1,CIN,NL,67,168,29,39,8,0,6,23.0,4.0,2.0,24,41.0,1.0,1.0,0.0,0.0,1.0,0.4
fraleja01,2025,2,ATL,NL,9,23,2,7,1,0,0,0.0,0.0,1.0,1,8.0,0.0,0.0,0.0,0.0,0.0,0.0
francma02,2020,1,KCA,AL,60,223,23,62,16,0,8,38.0,1.0,0.0,16,38.0,1.0,0.0,0.0,4.0,4.0,1.1
francma02,2021,1,BAL,AL,104,377,31,79,22,0,11,47.0,0.0,0.0,20,67.0,0.0,3.0,0.0,3.0,12.0,-1.4
francma02,2022,1,WAS,NL,103,371,31,85,15,0,9,39.0,1.0,0.0,12,75.0,0.0,2.0,0.0,3.0,18.0,-1.2
francty01,2020,1,SDN,NL,20,55,9,17,4,0,2,10.0,0.0,0.0,5,15.0,0.0,1.0,0.0,0.0,1.0,0.5
francty01,2020,2,SEA,AL,23,86,10,26,5,1,2,13.0,0.0,0.0,6,22.0,0.0,2.0,0.0,0.0,2.0,0.5
francty01,2021,1,SEA,AL,152,571,85,166,32,1,18,73.0,0.0,0.0,46,106.0,1.0,27.0,0.0,6.0,13.0,4.2
francty01,2022,1,SEA,AL,140,551,65,151,27,1,20,83.0,0.0,0.0,35,94.0,3.0,21.0,0.0,5.0,18.0,3.0
francty01,2023,1,SEA,AL,158,587,79,147,32,0,12,58.0,1.0,0.0,43,117.0,0.0,34.0,0.0,1.0,25.0,0.9
francty01,2024,1,SEA,AL,88,300,28,67,14,0,8,31.0,0.0,1.0,28,83.0,0.0,11.0,0.0,1.0,11.0,-0.2
francty01,2024,2,CIN,NL,52,179,18,45,10,0,5,20.0,1.0,0.0,10,31.0,0.0,2.0,0.0,4.0,5.0,-0.4
francty01,2025,1,MIN,AL,101,350,41,88,19,0,6,44.0,1.0,0.0,19,63.0,0.0,17.0,0.0,1.0,8.0,0.8
francty01,2025,2,TOR,AL,37,94,9,26,6,0,1,8.0,0.0,0.0,3,20.0,1.0,4.0,0.0,2.0,3.0,0.2
francwa01,2021,1,TBA,AL,70,281,53,81,18,5,7,39.0,2.0,1.0,24,37.0,0.0,2.0,0.0,1.0,2.0,3.5
francwa01,2022,1,TBA,AL,83,314,46,87,20,3,6,33.0,8.0,0.0,26,33.0,1.0,0.0,0.0,4.0,5.0,2.4
francwa01,2023,1,TBA,AL,112,442,65,124,23,6,17,58.0,30.0,10.0,42,69.0,3.0,3.0,0.0,4.0,18.0,5.4
frankse01,2021,1,ARI,NL,4,3,0,0,0,0,0,0.0,0.0,0.0,1,2.0,0.0,0.0,0.0,0.0,0.0,0.0
fraziad01,2020,1,PIT,NL,58,209,22,48,7,0,7,23.0,1.0,3.0,17,35.0,0.0,3.0,1.0,0.0,3.0,0.8
fraziad01,2021,1,PIT,NL,98,386,58,125,28,4,4,32.0,5.0,4.0,35,46.0,1.0,6.0,0.0,1.0,6.0,3.0
fraziad01,2021,2,SDN,NL,57,191,25,51,8,1,1,11.0,5.0,1.0,13,23.0,1.0,4.0,3.0,0.0,4.0,1.0
fraziad01,2022,1,SEA,AL,156,541,61,129,22,4,3,42.0,11.0,6.0,46,73.0,1.0,5.0,4.0,6.0,15.0,0.9
fraziad01,2023,1,BAL,AL,141,412,59,99,21,2,13,60.0,11.0,4.0,32,68.0,0.0,4.0,4.0,2.0,4.0,1.7
fraziad01,2024,1,KCA,AL,104,262,35,53,10,1,4,22.0,3.0,0.0,22,59.0,0.0,7.0,3.0,0.0,0.0,0.4
fraziad01,2025,1,PIT,NL,78,235,22,60,10,0,3,21.0,7.0,5.0,17,45.0,2.0,6.0,1.0,3.0,8.0,0.3
fraziad01,2025,2,KCA,AL,56,184,21,52,10,0,4,23.0,1.0,1.0,9,36.0,0.0,2.0,0.0,2.0,0.0,1.1
frazicl01,2020,1,NYA,AL,39,131,24,35,6,1,8,26.0,3.0,0.0,25,44.0,0.0,3.0,0.0,1.0,5.0,1.8
frazicl01,2021,1,NYA,AL,66,183,20,34,9,0,5,15.0,2.0,0.0,32,65.0,0.0,3.0,0.0,0.0,8.0,-1.5
frazicl01,2022,1,CHN,NL,19,37,4,8,3,0,0,1.0,1.0,0.0,7,11.0,0.0,1.0,0.0,0.0,1.0,0.0
frazicl01,2023,1,CHA,AL,33,66,10,13,1,1,0,3.0,4.0,2.0,10,23.0,0.0,0.0,0.0,0.0,0.0,-0.3
frazito01,2020,1,TEX,AL,31,108,11,26,7,1,2,7.0,1.0,1.0,10,26.0,0.0,3.0,0.0,0.0,0.0,0.1
frazito01,2020,2,NYN,NL,14,49,5,11,2,0,2,5.0,0.0,0.0,1,16.0,0.0,1.0,0.0,0.0,1.0,0.1
frazito01,2021,1,PIT,NL,13,35,3,3,1,0,0,4.0,0.0,0.0,3,6.0,0.0,2.0,0.0,0.0,1.0,-0.4
freelal01,2025,1,LAN,NL,29,84,10,16,2,1,2,6.0,1.0,0.0,11,35.0,0.0,1.0,1.0,0.0,3.0,0.2
freelky01,2021,1,COL,NL,25,33,3,6,1,0,0,4.0,0.0,0.0,2,17.0,0.0,0.0,4.0,1.0,0.0,0.2
freemco01,2025,1,TEX,AL,36,114,13,26,4,0,3,15.0,1.0,1.0,5,19.0,0.0,0.0,1.0,1.0,3.0,-0.3
freemfr01,2020,1,ATL,NL,60,214,51,73,23,1,13,53.0,2.0,0.0,45,37.0,7.0,3.0,0.0,0.0,6.0,3.3
freemfr01,2021,1,ATL,NL,159,600,120,180,25,2,31,83.0,8.0,3.0,85,107.0,15.0,8.0,0.0,2.0,11.0,4.8
freemfr01,2022,1,LAN,NL,159,612,117,199,47,2,21,100.0,13.0,3.0,84,102.0,12.0,5.0,0.0,7.0,6.0,6.2
freemfr01,2023,1,LAN,NL,161,637,131,211,59,2,29,102.0,23.0,1.0,72,121.0,12.0,16.0,0.0,5.0,14.0,6.8
freemfr01,2024,1,LAN,NL,147,542,81,153,35,2,22,89.0,9.0,2.0,78,100.0,9.0,10.0,0.0,8.0,13.0,4.5
freemfr01,2025,1,LAN,NL,147,556,81,164,39,2,24,90.0,6.0,2.0,60,128.0,7.0,6.0,0.0,5.0,13.0,3.5
freemmi01,2020,1,CLE,AL,24,38,5,9,3,0,0,3.0,0.0,0.0,3,11.0,0.0,1.0,0.0,1.0,0.0,-0.1
freemmi01,2021,1,CIN,NL,37,59,6,11,0,0,0,3.0,1.0,1.0,5,20.0,1.0,1.0,0.0,0.0,1.0,-0.5
freemty01,2022,1,CLE,AL,24,77,9,19,3,0,0,3.0,1.0,0.0,4,11.0,0.0,4.0,0.0,1.0,2.0,-0.3
freemty01,2023,1,CLE,AL,64,153,20,37,7,0,4,18.0,5.0,0.0,10,30.0,0.0,2.0,2.0,1.0,3.0,-0.3
freemty01,2024,1,CLE,AL,118,330,48,69,14,1,7,32.0,11.0,6.0,28,53.0,1.0,19.0,3.0,3.0,15.0,0.9
freemty01,2025,1,COL,NL,110,377,50,106,20,2,2,31.0,18.0,9.0,34,51.0,0.0,11.0,2.0,4.0,10.0,-1.3
frelisa01,2023,1,MIL,NL,57,191,29,47,9,1,3,24.0,7.0,0.0,28,37.0,0.0,1.0,0.0,3.0,2.0,1.1
frelisa01,2024,1,MIL,NL,145,475,66,123,22,4,2,32.0,18.0,3.0,39,78.0,0.0,4.0,2.0,1.0,8.0,2.2
frelisa01,2025,1,MIL,NL,142,528,76,152,20,3,12,63.0,19.0,6.0,47,80.0,0.0,7.0,3.0,5.0,4.0,3.0
friedma01,2021,1,ATL,NL,32,55,7,15,3,0,0,5.0,0.0,0.0,4,18.0,0.0,0.0,8.0,0.0,0.0,0.7
friedtj01,2021,1,CIN,NL,14,31,9,9,1,0,1,2.0,0.0,0.0,4,2.0,0.0,0.0,0.0,1.0,0.0,-0.1
friedtj01,2022,1,CIN,NL,72,225,33,54,10,5,8,25.0,7.0,2.0,20,40.0,0.0,7.0,0.0,6.0,3.0,0.5
friedtj01,2023,1,CIN,NL,138,488,73,136,22,8,18,66.0,27.0,6.0,47,90.0,1.0,10.0,8.0,3.0,0.0,3.6
friedtj01,2024,1,CIN,NL,85,297,35,67,5,1,13,55.0,9.0,1.0,26,52.0,0.0,12.0,2.0,4.0,1.0,0.5
friedtj01,2025,1,CIN,NL,152,579,82,151,22,2,14,53.0,12.0,3.0,81,115.0,0.0,16.0,4.0,5.0,7.0,2.3
fryda01,2023,1,CLE,AL,58,101,12,24,6,0,4,15.0,2.0,0.0,8,30.0,0.0,4.0,0.0,0.0,3.0,0.4
fryda01,2024,1,CLE,AL,122,335,44,88,18,1,14,51.0,4.0,1.0,42,84.0,4.0,9.0,0.0,4.0,13.0,1.4
fryda01,2025,1,CLE,AL,66,146,16,25,4,0,8,23.0,1.0,0.0,9,58.0,0.0,2.0,0.0,0.0,3.0,-0.8
fuentjo01,2020,1,COL,NL,30,98,14,30,7,0,2,17.0,1.0,0.0,2,29.0,0.0,1.0,0.0,2.0,1.0,1.1
fuentjo01,2021,1,COL,NL,95,271,30,61,11,1,7,33.0,0.0,0.0,12,65.0,1.0,0.0,0.0,1.0,5.0,0.3
fulfobr01,2025,1,COL,NL,38,108,11,23,5,2,1,16.0,1.0,0.0,7,36.0,0.0,2.0,0.0,3.0,1.0,-0.2
fulmeca01,2021,1,CIN,NL,20,2,0,0,0,0,0,0.0,0.0,0.0,0,0.0,0.0,0.0,0.0,0.0,0.0,0.0
fulmemi01,2023,1,CHN,NL,58,1,0,0,0,0,0,0.0,0.0,0.0,0,1.0,0.0,0.0,0.0,0.0,0.0,0.0
gallaca01,2020,1,KCA,AL,25,53,10,15,5,0,1,3.0,0.0,0.0,6,11.0,0.0,0.0,1.0,0.0,0.0,0.5
gallaca01,2021,1,KCA,AL,48,112,9,28,6,0,1,7.0,0.0,0.0,8,20.0,0.0,0.0,2.0,1.0,2.0,0.5
gallaca01,2022,1,KCA,AL,18,42,1,9,5,0,0,5.0,0.0,0.0,3,13.0,0.0,0.0,2.0,0.0,0.0,-0.2
gallaca01,2023,1,CLE,AL,56,143,6,18,6,0,0,7.0,0.0,0.0,4,46.0,0.0,1.0,0.0,1.0,3.0,-1.1
galleza01,2021,1,ARI,NL,23,32,2,6,2,0,0,3.0,0.0,0.0,1,18.0,0.0,0.0,9.0,0.0,1.0,0.2
gallojo01,2020,1,TEX,AL,57,193,23,35,8,0,10,26.0,2.0,0.0,29,79.0,2.0,4.0,0.0,0.0,0.0,1.6
gallojo01,2021,1,TEX,AL,95,310,57,69,6,1,25,55.0,6.0,0.0,74,125.0,4.0,4.0,0.0,0.0,3.0,4.1
gallojo01,2021,2,NYA,AL,58,188,33,30,7,0,13,22.0,0.0,0.0,37,88.0,1.0,2.0,0.0,1.0,3.0,0.5
gallojo01,2022,1,NYA,AL,82,233,32,37,4,1,12,24.0,2.0,0.0,40,106.0,0.0,0.0,0.0,0.0,0.0,0.0
gallojo01,2022,2,LAN,NL,44,117,16,19,4,1,7,23.0,1.0,0.0,16,57.0,0.0,3.0,0.0,1.0,0.0,0.4
gallojo01,2023,1,MIN,AL,111,282,39,50,9,1,21,40.0,1.0,1.0,48,142.0,1.0,2.0,0.0,0.0,3.0,0.5
gallojo01,2024,1,WAS,NL,76,223,24,36,9,0,10,27.0,3.0,1.0,32,102.0,0.0,4.0,0.0,1.0,1.0,0.2
galvifr01,2020,1,CIN,NL,47,141,18,31,5,0,7,16.0,1.0,1.0,13,30.0,0.0,5.0,0.0,0.0,5.0,0.2
galvifr01,2021,1,BAL,AL,72,249,36,62,12,1,9,26.0,1.0,0.0,18,58.0,1.0,3.0,2.0,1.0,5.0,1.1
galvifr01,2021,2,PHI,NL,32,107,17,24,3,0,5,14.0,0.0,0.0,9,19.0,0.0,2.0,0.0,2.0,1.0,0.2
gamelbe01,2020,1,MIL,NL,40,114,13,27,8,1,3,10.0,0.0,2.0,13,39.0,0.0,0.0,0.0,0.0,4.0,-0.4
gamelbe01,2021,1,CLE,AL,11,14,1,1,1,0,0,0.0,0.0,0.0,3,6.0,0.0,0.0,0.0,0.0,1.0,-0.3
gamelbe01,2021,2,PIT,NL,111,326,42,83,17,3,8,26.0,3.0,6.0,48,99.0,2.0,3.0,2.0,4.0,6.0,0.2
gamelbe01,2022,1,PIT,NL,115,371,42,86,20,2,9,46.0,5.0,1.0,48,98.0,2.0,3.0,0.0,1.0,5.0,0.0
gamelbe01,2023,1,SDN,NL,6,15,2,3,1,0,0,2.0,0.0,0.0,0,2.0,0.0,0.0,0.0,0.0,0.0,-0.2
gamelbe01,2024,1,NYN,NL,18,23,9,5,1,0,0,0.0,1.0,0.0,7,7.0,0.0,0.0,0.0,0.0,0.0,0.0
gamelbe01,2024,2,HOU,AL,20,58,13,15,3,0,1,4.0,0.0,0.0,11,17.0,1.0,0.0,0.0,0.0,0.0,0.2
gantjo01,2021,1,SLN,NL,25,13,0,0,0,0,0,0.0,0.0,0.0,0,8.0,0.0,0.0,5.0,0.0,0.0,-0.2
garciad02,2020,1,TEX,AL,3,6,0,0,0,0,0,0.0,0.0,0.0,1,4.0,0.0,0.0,0.0,0.0,0.0,0.0
garciad02,2021,1,TEX,AL,149,581,77,141,26,2,31,90.0,16.0,5.0,32,194.0,0.0,5.0,0.0,4.0,15.0,3.9
garciad02,2022,1,TEX,AL,156,605,88,151,34,5,27,101.0,25.0,6.0,40,183.0,2.0,6.0,0.0,6.0,9.0,3.7
garciad02,2023,1,TEX,AL,148,555,108,136,29,0,39,107.0,9.0,1.0,65,175.0,0.0,6.0,0.0,6.0,12.0,4.5
garciad02,2024,1,TEX,AL,154,580,68,130,27,0,25,85.0,11.0,5.0,45,177.0,2.0,6.0,0.0,6.0,12.0,0.7
garciad02,2025,1,TEX,AL,135,507,58,115,28,0,19,75.0,13.0,4.0,28,135.0,1.0,5.0,0.0,7.0,9.0,2.7
garciar01,2021,1,OAK,AL,32,88,8,18,1,0,3,7.0,0.0,0.0,1,28.0,0.0,3.0,2.0,0.0,4.0,-0.4
garciar01,2022,1,CIN,NL,47,108,6,23,2,0,1,4.0,0.0,1.0,3,34.0,0.0,2.0,2.0,0.0,4.0,-0.8
garciar01,2024,1,PHI,NL,3,7,0,0,0,0,0,0.0,0.0,0.0,0,3.0,0.0,0.0,0.0,0.0,1.0,-0.1
garciar01,2025,1,ARI,NL,2,4,0,0,0,0,0,0.0,0.0,0.0,0,3.0,0.0,0.0,0.0,0.0,0.0,-0.1
garciav01,2020,1,MIL,NL,53,181,20,43,10,0,2,15.0,1.0,3.0,20,49.0,2.0,6.0,0.0,0.0,2.0,-0.3
garciav01,2021,1,MIL,NL,135,461,68,121,18,0,29,86.0,8.0,4.0,38,121.0,5.0,11.0,0.0,5.0,12.0,3.1
garciav01,2022,1,MIA,NL,98,357,31,80,9,0,8,35.0,4.0,0.0,17,109.0,0.0,4.0,0.0,2.0,12.0,-1.1
garciav01,2023,1,MIA,NL,37,108,8,20,3,1,3,12.0,2.0,0.0,6,39.0,1.0,2.0,0.0,0.0,1.0,-0.6
garciav01,2024,1,MIA,NL,18,50,4,12,1,0,2,2.0,0.0,0.0,1,13.0,0.0,0.0,0.0,0.0,4.0,-0.2
garcide02,2022,1,OAK,AL,39,116,13,24,6,0,5,20.0,0.0,0.0,8,55.0,0.0,1.0,0.0,0.0,1.0,0.5
garcigr01,2020,1,SDN,NL,35,60,6,12,3,0,0,11.0,1.0,0.0,7,18.0,0.0,0.0,3.0,1.0,0.0,-0.2
garcija04,2021,1,SFN,NL,58,2,0,0,0,0,0,0.0,0.0,0.0,0,2.0,0.0,0.0,0.0,0.0,0.0,0.0
garcijh01,2025,1,BOS,AL,5,7,0,1,1,0,0,0.0,0.0,0.0,2,5.0,0.0,0.0,0.0,0.0,0.0,0.0
garcijo02,2020,1,CIN,NL,24,67,4,13,0,0,0,2.0,1.0,1.0,1,26.0,0.0,0.0,0.0,0.0,1.0,-0.7
garcijo02,2021,1,CIN,NL,21,50,4,10,4,1,0,3.0,1.0,0.0,3,17.0,0.0,3.0,0.0,0.0,2.0,0.1
garcijo02,2022,1,CIN,NL,48,165,13,25,3,0,2,10.0,4.0,1.0,9,76.0,0.0,0.0,0.0,0.0,4.0,-1.6
garcijo02,2023,1,CIN,NL,46,133,15,29,8,0,2,17.0,3.0,2.0,15,44.0,0.0,0.0,0.0,1.0,1.0,-0.5
garcijo02,2025,1,SLN,NL,22,29,4,4,1,0,1,3.0,0.0,0.0,1,9.0,0.0,1.0,0.0,0.0,0.0,-0.1
garcile02,2020,1,CHA,AL,16,59,6,16,1,0,3,8.0,0.0,0.0,4,9.0,0.0,0.0,0.0,0.0,0.0,0.6
garcile02,2021,1,CHA,AL,126,415,60,111,22,4,5,54.0,6.0,2.0,41,97.0,0.0,4.0,9.0,5.0,12.0,2.1
garcile02,2022,1,CHA,AL,97,300,38,63,8,0,3,20.0,2.0,0.0,7,65.0,0.0,3.0,2.0,3.0,6.0,-0.9
garcilu04,2020,1,WAS,NL,40,134,18,37,6,0,2,16.0,1.0,1.0,5,29.0,0.0,0.0,0.0,0.0,3.0,-0.1
garcilu04,2021,1,WAS,NL,70,236,29,57,18,2,6,22.0,0.0,2.0,11,43.0,1.0,0.0,0.0,0.0,8.0,0.2
garcilu04,2022,1,WAS,NL,93,360,29,99,23,2,7,45.0,3.0,4.0,11,84.0,1.0,1.0,1.0,4.0,6.0,0.0
garcilu04,2023,1,WAS,NL,122,447,61,119,18,4,9,50.0,9.0,4.0,27,60.0,1.0,0.0,1.0,7.0,10.0,0.7
garcilu04,2024,1,WAS,NL,140,500,58,141,25,1,18,70.0,22.0,5.0,27,86.0,2.0,0.0,0.0,1.0,12.0,2.2
garcilu04,2025,1,WAS,NL,139,488,67,123,28,1,16,66.0,14.0,5.0,27,84.0,1.0,2.0,0.0,9.0,7.0,0.4
garcilu05,2021,1,HOU,AL,30,6,0,0,0,0,0,0.0,0.0,0.0,0,1.0,0.0,0.0,0.0,0.0,0.0,-0.1
garcima01,2022,1,KCA,AL,9,22,1,7,1,0,0,2.0,0.0,0.0,1,5.0,0.0,0.0,0.0,0.0,1.0,-0.1
garcima01,2023,1,KCA,AL,123,464,59,126,20,4,4,50.0,23.0,7.0,38,115.0,0.0,2.0,1.0,10.0,9.0,1.1
garcima01,2024,1,KCA,AL,157,575,84,133,27,5,7,58.0,37.0,2.0,42,103.0,0.0,0.0,4.0,5.0,7.0,1.4
garcima01,2025,1,KCA,AL,160,595,81,170,39,5,16,74.0,23.0,9.0,62,84.0,0.0,1.0,3.0,5.0,14.0,5.8
garciro02,2021,1,HOU,AL,47,106,8,16,3,0,1,8.0,0.0,0.0,8,42.0,0.0,1.0,1.0,1.0,2.0,-0.9
garciro03,2021,1,DET,AL,2,1,0,0,0,0,0,0.0,0.0,0.0,0,1.0,0.0,0.0,0.0,0.0,0.0,0.0
gardnbr01,2020,1,NYA,AL,49,130,20,29,5,1,5,15.0,3.0,3.0,26,35.0,0.0,1.0,0.0,1.0,0.0,0.7
gardnbr01,2021,1,NYA,AL,140,387,47,86,16,4,10,39.0,4.0,0.0,60,100.0,0.0,3.0,5.0,6.0,3.0,0.9
garliky01,2020,1,PHI,NL,12,22,0,3,1,0,0,3.0,0.0,0.0,0,7.0,0.0,1.0,0.0,0.0,0.0,-0.4
garliky01,2021,1,MIN,AL,36,99,17,23,8,0,5,10.0,1.0,0.0,6,32.0,0.0,1.0,0.0,1.0,2.0,0.1
garliky01,2022,1,MIN,AL,66,150,23,35,3,0,9,18.0,0.0,0.0,8,48.0,0.0,3.0,0.0,1.0,2.0,0.3
garliky01,2023,1,MIN,AL,14,28,2,5,1,0,2,4.0,0.0,0.0,2,11.0,0.0,0.0,0.0,0.0,0.0,-0.1
garnedu01,2020,1,HOU,AL,17,38,4,6,0,1,1,4.0,0.0,0.0,6,15.0,0.0,0.0,2.0,0.0,1.0,-0.4
garnedu01,2021,1,DET,AL,20,62,9,13,5,0,6,11.0,0.0,0.0,3,18.0,0.0,1.0,0.0,2.0,2.0,0.5
garnedu01,2022,1,DET,AL,8,10,1,3,1,0,0,1.0,0.0,0.0,1,4.0,0.0,0.0,0.0,0.0,0.0,0.1
garrebr01,2021,1,MIA,NL,8,11,1,2,0,0,0,0.0,0.0,0.0,0,4.0,0.0,0.0,0.0,0.0,0.0,0.0
garrest01,2022,1,ARI,NL,27,76,13,21,8,0,4,10.0,3.0,1.0,3,27.0,0.0,1.0,0.0,1.0,1.0,0.5
garrest01,2023,1,WAS,NL,89,234,40,63,17,0,9,40.0,3.0,1.0,26,82.0,0.0,3.0,0.0,5.0,6.0,1.9
garrest01,2024,1,WAS,NL,2,5,2,3,1,0,1,3.0,0.0,0.0,1,0.0,0.0,0.0,0.0,0.0,0.0,0.3
garvemi01,2020,1,MIN,AL,23,72,8,12,1,0,2,5.0,0.0,0.0,7,37.0,0.0,1.0,0.0,1.0,1.0,0.0
garvemi01,2021,1,MIN,AL,68,207,29,53,15,0,13,34.0,1.0,1.0,31,71.0,0.0,3.0,0.0,2.0,4.0,2.1
garvemi01,2022,1,TEX,AL,54,188,23,39,7,0,10,24.0,1.0,1.0,23,53.0,0.0,2.0,0.0,2.0,3.0,0.4
garvemi01,2023,1,TEX,AL,87,296,45,80,11,0,19,50.0,0.0,0.0,44,82.0,1.0,3.0,0.0,0.0,6.0,2.3
garvemi01,2024,1,SEA,AL,114,367,37,63,17,0,15,51.0,0.0,0.0,53,133.0,0.0,7.0,0.0,3.0,9.0,-0.2
garvemi01,2025,1,SEA,AL,87,254,29,53,5,1,9,30.0,3.0,0.0,30,80.0,1.0,3.0,0.0,3.0,6.0,-0.1
gaspemi01,2024,1,BOS,AL,13,18,1,0,0,0,0,0.0,0.0,0.0,4,8.0,0.0,1.0,0.0,0.0,1.0,-0.2
gaspemi01,2025,1,MIN,AL,45,95,15,15,1,0,2,11.0,2.0,0.0,10,20.0,0.0,3.0,1.0,1.0,1.0,-0.3
gausmke01,2021,1,SFN,NL,34,54,6,10,0,0,0,4.0,0.0,0.0,2,31.0,0.0,0.0,5.0,1.0,0.0,0.2
gelofza01,2023,1,OAK,AL,69,270,40,72,20,1,14,32.0,14.0,2.0,26,82.0,1.0,3.0,0.0,1.0,5.0,2.5
gelofza01,2024,1,OAK,AL,138,497,60,105,20,2,17,49.0,25.0,3.0,38,188.0,0.0,4.0,3.0,5.0,7.0,1.4
gelofza01,2025,1,ATH,AL,30,92,12,16,3,0,2,7.0,1.0,2.0,7,46.0,0.0,0.0,1.0,1.0,0.0,-0.1
gentrty01,2024,1,KCA,AL,3,5,0,0,0,0,0,0.0,0.0,0.0,0,2.0,0.0,0.0,0.0,0.0,0.0,-0.1
germado01,2021,1,NYA,AL,22,2,0,0,0,0,0,0.0,0.0,0.0,0,2.0,0.0,0.0,1.0,0.0,0.0,0.0
giambtr01,2021,1,CHN,NL,5,13,0,2,0,0,0,0.0,0.0,0.0,0,4.0,0.0,0.0,0.0,0.0,0.0,-0.1
gibsoky01,2021,1,TEX,AL,19,2,0,0,0,0,0,0.0,0.0,0.0,0,1.0,0.0,0.0,0.0,0.0,0.0,0.0
gibsoky01,2021,2,PHI,NL,12,27,3,4,0,0,1,2.0,0.0,0.0,0,9.0,0.0,0.0,1.0,0.0,0.0,0.1
gilbedr01,2025,1,SFN,NL,39,100,12,19,5,1,3,13.0,1.0,1.0,7,20.0,0.0,1.0,0.0,1.0,2.0,-0.3
gilbety01,2021,1,ARI,NL,9,9,0,0,0,0,0,0.0,0.0,0.0,0,6.0,0.0,0.0,2.0,0.0,0.0,-0.1
gimenan01,2020,1,NYN,NL,49,118,22,31,3,2,3,12.0,8.0,1.0,7,28.0,0.0,6.0,0.0,1.0,0.0,1.0
gimenan01,2021,1,CLE,AL,68,188,23,41,10,0,5,16.0,11.0,0.0,11,54.0,0.0,7.0,1.0,3.0,1.0,0.9
gimenan01,2022,1,CLE,AL,146,491,66,146,26,3,17,69.0,20.0,3.0,34,112.0,4.0,25.0,4.0,3.0,9.0,7.4
gimenan01,2023,1,CLE,AL,153,557,76,140,27,5,15,62.0,30.0,6.0,32,112.0,3.0,20.0,4.0,3.0,10.0,5.0
gimenan01,2024,1,CLE,AL,152,583,64,147,22,1,9,63.0,30.0,5.0,26,97.0,1.0,15.0,3.0,6.0,11.0,4.0
gimenan01,2025,1,TOR,AL,101,329,39,69,11,1,7,35.0,12.0,2.0,25,66.0,0.0,11.0,1.0,3.0,8.0,1.1
giolilu01,2021,1,CHA,AL,31,4,0,1,0,0,0,0.0,0.0,0.0,0,3.0,0.0,0.0,0.0,0.0,0.0,0.0
gittech01,2021,1,NYA,AL,16,36,1,4,0,0,1,5.0,0.0,0.0,7,13.0,0.0,0.0,0.0,1.0,0.0,-0.2
glasnty01,2021,1,TBA,AL,14,2,0,0,0,0,0,0.0,0.0,0.0,0,2.0,0.0,0.0,0.0,0.0,0.0,0.0
godoyjo01,2021,1,SEA,AL,16,37,2,6,1,0,0,3.0,0.0,0.0,3,14.0,0.0,0.0,0.0,0.0,2.0,-0.1
godoyjo01,2022,1,MIN,AL,2,3,2,0,0,0,0,0.0,0.0,0.0,2,2.0,0.0,0.0,0.0,0.0,0.0,0.0
godoyjo01,2022,2,PIT,NL,8,17,1,1,0,0,0,1.0,0.0,0.0,0,7.0,0.0,0.0,0.0,0.0,0.0,-0.3
goinsry01,2020,1,CHA,AL,14,9,4,0,0,0,0,0.0,0.0,0.0,1,1.0,0.0,0.0,0.0,0.0,0.0,-0.2
goldspa01,2020,1,SLN,NL,58,191,31,58,13,0,6,21.0,1.0,0.0,37,43.0,0.0,1.0,0.0,1.0,4.0,2.0
goldspa01,2021,1,SLN,NL,158,603,102,177,36,2,31,99.0,12.0,0.0,67,136.0,2.0,4.0,0.0,5.0,13.0,5.9
goldspa01,2022,1,SLN,NL,151,561,106,178,41,0,35,115.0,7.0,0.0,79,141.0,1.0,5.0,0.0,4.0,7.0,7.7
goldspa01,2023,1,SLN,NL,154,593,89,159,31,0,25,80.0,11.0,2.0,87,161.0,6.0,3.0,0.0,3.0,12.0,3.3
goldspa01,2024,1,SLN,NL,154,599,70,147,33,1,22,65.0,11.0,0.0,47,173.0,2.0,2.0,0.0,2.0,20.0,1.4
goldspa01,2025,1,NYA,AL,146,489,76,134,31,1,10,45.0,5.0,1.0,36,100.0,5.0,4.0,0.0,2.0,8.0,1.2
gombeau01,2021,1,COL,NL,24,32,0,3,0,0,0,1.0,0.0,0.0,1,13.0,0.0,0.0,9.0,0.0,1.0,-0.1
gomesya01,2020,1,WAS,NL,30,109,14,31,6,1,4,13.0,1.0,0.0,6,22.0,0.0,1.0,0.0,3.0,1.0,0.7
gomesya01,2021,1,WAS,NL,63,218,30,59,11,1,9,35.0,0.0,0.0,13,47.0,3.0,4.0,0.0,0.0,12.0,2.0
gomesya01,2021,2,OAK,AL,40,131,19,29,4,0,5,17.0,0.0,0.0,6,31.0,0.0,2.0,0.0,1.0,3.0,0.3
gomesya01,2022,1,CHN,NL,86,277,23,65,12,0,8,31.0,2.0,0.0,8,47.0,0.0,3.0,1.0,4.0,15.0,0.7
gomesya01,2023,1,CHN,NL,116,382,44,102,20,2,10,63.0,1.0,0.0,21,81.0,1.0,9.0,0.0,7.0,9.0,2.0
gomesya01,2024,1,CHN,NL,34,91,7,14,2,0,2,7.0,0.0,0.0,2,36.0,0.0,1.0,1.0,1.0,2.0,-0.7
gonsoto01,2021,1,LAN,NL,17,17,2,3,1,0,0,0.0,0.0,0.0,1,8.0,0.0,0.0,1.0,0.0,0.0,0.1
gonzach01,2021,1,COL,NL,24,31,3,5,1,0,0,1.0,0.0,0.0,1,16.0,0.0,0.0,2.0,0.0,0.0,0.1
gonzaer01,2020,1,PIT,NL,50,181,14,41,13,1,3,20.0,2.0,3.0,8,51.0,0.0,0.0,1.0,3.0,5.0,0.3
gonzaer01,2021,1,PIT,NL,71,220,17,51,7,1,2,21.0,2.0,2.0,8,40.0,0.0,0.0,0.0,1.0,4.0,-0.4
gonzaer01,2022,1,MIA,NL,16,37,4,7,1,0,0,3.0,1.0,0.0,4,12.0,0.0,0.0,0.0,0.0,1.0,0.2
gonzalu03,2020,1,CHA,AL,3,1,1,0,0,0,0,0.0,0.0,0.0,0,1.0,0.0,1.0,0.0,0.0,0.0,0.0
gonzalu03,2021,1,CHA,AL,6,8,2,2,2,0,0,0.0,0.0,0.0,3,2.0,0.0,0.0,0.0,0.0,1.0,0.1
gonzalu03,2022,1,SFN,NL,98,311,31,79,17,2,4,36.0,10.0,2.0,30,75.0,1.0,4.0,0.0,5.0,5.0,0.3
gonzama01,2020,1,MIN,AL,53,175,15,37,4,0,5,22.0,0.0,0.0,17,41.0,0.0,3.0,0.0,4.0,1.0,0.2
gonzama01,2021,1,BOS,AL,77,242,25,49,14,0,2,20.0,3.0,2.0,19,70.0,0.0,8.0,1.0,1.0,5.0,-0.3
gonzama01,2021,2,HOU,AL,14,34,5,6,0,0,3,8.0,0.0,0.0,1,8.0,0.0,1.0,0.0,0.0,3.0,-0.5
gonzama01,2022,1,NYA,AL,86,184,20,34,7,0,6,18.0,3.0,0.0,14,54.0,0.0,4.0,3.0,2.0,8.0,0.6
gonzama02,2021,1,SEA,AL,25,4,0,0,0,0,0,0.0,0.0,0.0,0,2.0,0.0,0.0,0.0,0.0,0.0,0.0
gonzani01,2023,1,PIT,NL,35,115,12,24,8,1,2,13.0,0.0,1.0,6,36.0,0.0,4.0,1.0,2.0,0.0,-0.2
gonzani01,2024,1,PIT,NL,94,359,42,97,19,3,7,49.0,5.0,3.0,18,74.0,1.0,5.0,1.0,4.0,8.0,1.0
gonzani01,2025,1,PIT,NL,96,381,39,99,18,3,5,30.0,0.0,2.0,21,73.0,0.0,2.0,0.0,4.0,12.0,-0.6
gonzaos01,2022,1,CLE,AL,91,362,39,107,27,0,11,43.0,1.0,2.0,15,75.0,2.0,3.0,0.0,2.0,6.0,2.2
gonzaos01,2023,1,CLE,AL,54,173,15,37,7,2,2,12.0,0.0,0.0,5,46.0,0.0,1.0,0.0,1.0,2.0,-1.4
gonzaos01,2025,1,SDN,NL,21,59,2,13,1,0,0,4.0,0.0,1.0,2,13.0,0.0,0.0,0.0,0.0,1.0,-0.5
gonzaro01,2021,1,CHA,AL,10,32,4,8,3,0,0,2.0,0.0,0.0,1,11.0,0.0,0.0,0.0,0.0,1.0,-0.1
gonzaro01,2022,1,CHA,AL,32,105,15,25,4,1,2,11.0,0.0,1.0,2,39.0,0.0,1.0,0.0,1.0,3.0,-0.3
gonzaro01,2023,1,CHA,AL,44,93,11,18,4,2,3,14.0,7.0,0.0,2,36.0,0.0,0.0,1.0,1.0,0.0,-0.4
gonzaro01,2024,1,BOS,AL,89,199,25,53,10,1,6,29.0,11.0,3.0,12,58.0,0.0,1.0,0.0,4.0,5.0,1.0
gonzaro01,2025,1,BOS,AL,96,315,47,96,23,3,9,53.0,6.0,5.0,18,81.0,1.0,3.0,0.0,5.0,8.0,2.0
goodmhu01,2023,1,COL,NL,23,70,6,14,4,3,1,17.0,1.0,0.0,5,24.0,0.0,0.0,0.0,2.0,2.0,-0.5
goodmhu01,2024,1,COL,NL,70,211,24,40,9,0,13,36.0,1.0,1.0,8,64.0,0.0,3.0,0.0,2.0,5.0,-0.9
goodmhu01,2025,1,COL,NL,144,540,73,150,28,5,31,91.0,1.0,2.0,33,152.0,0.0,4.0,0.0,2.0,16.0,3.7
goodrni01,2020,1,DET,AL,43,158,15,29,7,1,5,20.0,7.0,1.0,18,69.0,0.0,0.0,0.0,3.0,4.0,0.1
goodrni01,2021,1,DET,AL,90,290,39,62,11,2,9,33.0,14.0,5.0,29,107.0,0.0,4.0,0.0,2.0,6.0,-0.2
goodrni01,2022,1,HOU,AL,15,43,2,5,2,0,0,1.0,1.0,0.0,2,23.0,0.0,0.0,0.0,0.0,0.0,-0.2
goodrni01,2024,1,TBA,AL,9,16,1,3,0,0,0,0.0,0.0,1.0,1,6.0,0.0,0.0,1.0,0.0,0.0,-0.4
goodrni01,2024,2,LAA,AL,4,13,1,0,0,0,0,0.0,1.0,0.0,2,4.0,0.0,0.0,0.0,0.0,0.0,-0.5
goodwbr01,2020,1,LAA,AL,30,95,12,23,7,1,4,17.0,1.0,0.0,12,35.0,1.0,1.0,0.0,1.0,0.0,0.2
goodwbr01,2020,2,CIN,NL,20,49,5,8,2,0,2,5.0,4.0,0.0,5,19.0,0.0,0.0,0.0,1.0,1.0,-0.5
goodwbr01,2021,1,CHA,AL,72,235,33,52,10,1,8,29.0,1.0,0.0,33,58.0,0.0,1.0,1.0,1.0,2.0,-0.6
gordoal01,2020,1,KCA,AL,50,163,15,34,4,0,4,11.0,0.0,0.0,18,37.0,0.0,3.0,0.0,0.0,0.0,0.3
gordode01,2020,1,SEA,AL,33,75,12,15,1,0,0,3.0,3.0,2.0,5,13.0,0.0,2.0,0.0,0.0,1.0,-0.5
gordode01,2022,1,WAS,NL,23,59,6,18,1,1,0,2.0,3.0,2.0,0,8.0,0.0,0.0,0.0,0.0,1.0,-0.3
gordoni01,2021,1,MIN,AL,73,200,19,48,9,1,4,23.0,10.0,1.0,12,55.0,0.0,3.0,0.0,1.0,7.0,0.1
gordoni01,2022,1,MIN,AL,138,405,45,110,28,4,9,50.0,6.0,4.0,19,105.0,1.0,10.0,3.0,6.0,8.0,1.6
gordoni01,2023,1,MIN,AL,34,91,13,16,5,1,2,7.0,0.0,0.0,1,11.0,0.0,0.0,1.0,0.0,1.0,-0.3
gordoni01,2024,1,MIA,NL,95,260,29,59,11,1,8,32.0,5.0,5.0,11,67.0,0.0,1.0,0.0,3.0,5.0,-1.6
gorete01,2022,1,NYN,NL,10,7,1,1,0,0,0,0.0,3.0,0.0,0,3.0,0.0,0.0,1.0,0.0,0.0,-0.1
gormano01,2022,1,SLN,NL,89,283,44,64,13,0,14,35.0,1.0,0.0,28,103.0,0.0,2.0,0.0,0.0,2.0,0.7
gormano01,2023,1,SLN,NL,119,406,59,96,17,0,27,76.0,7.0,2.0,53,148.0,1.0,3.0,0.0,2.0,5.0,2.4
gormano01,2024,1,SLN,NL,107,365,42,74,15,0,19,50.0,6.0,1.0,34,151.0,1.0,1.0,0.0,2.0,2.0,0.5
gormano01,2025,1,SLN,NL,111,351,48,72,14,1,14,46.0,1.0,1.0,47,136.0,2.0,0.0,0.0,4.0,1.0,0.1
gorskma01,2025,1,PIT,NL,15,41,2,8,0,1,2,4.0,0.0,1.0,1,16.0,0.0,0.0,0.0,0.0,1.0,-0.3
gosseph01,2020,1,PHI,NL,39,92,14,23,5,0,3,12.0,0.0,0.0,10,27.0,1.0,0.0,0.0,0.0,3.0,-0.1
gosseph01,2021,1,LAA,AL,104,345,40,90,14,0,7,47.0,4.0,2.0,24,81.0,0.0,3.0,0.0,1.0,3.0,-0.4
gosseph01,2022,1,ATL,NL,12,23,4,6,0,0,0,0.0,0.0,0.0,1,6.0,0.0,0.0,0.0,0.0,0.0,-0.1
gosseph01,2022,2,LAA,AL,22,51,2,5,0,1,0,2.0,0.0,0.0,1,18.0,0.0,1.0,0.0,0.0,1.0,-0.9
goudeas01,2021,2,COL,NL,11,6,0,1,0,0,0,0.0,0.0,0.0,0,4.0,0.0,0.0,0.0,0.0,0.0,0.0
gourryu01,2020,1,HOU,AL,57,211,27,49,12,1,6,22.0,0.0,1.0,12,27.0,0.0,2.0,0.0,5.0,6.0,-0.1
gourryu01,2021,1,HOU,AL,143,530,83,169,31,0,15,81.0,1.0,1.0,59,68.0,2.0,4.0,0.0,12.0,16.0,3.8
gourryu01,2022,1,HOU,AL,146,545,53,132,40,0,8,53.0,8.0,0.0,30,73.0,0.0,6.0,0.0,3.0,13.0,-0.2
gourryu01,2023,1,MIA,NL,108,298,32,73,16,3,4,27.0,4.0,0.0,26,44.0,3.0,1.0,0.0,4.0,13.0,-0.7
gourryu01,2024,1,KCA,AL,18,54,7,13,3,0,0,6.0,1.0,0.0,9,15.0,0.0,0.0,0.0,2.0,1.0,0.2
gourryu01,2025,1,SDN,NL,16,36,2,4,1,0,0,3.0,0.0,0.0,4,8.0,0.0,0.0,0.0,0.0,0.0,-0.5
grandya01,2020,1,CHA,AL,46,161,27,37,7,0,8,27.0,0.0,0.0,30,58.0,0.0,1.0,0.0,2.0,4.0,0.9
grandya01,2021,1,CHA,AL,93,279,60,67,9,0,23,62.0,0.0,0.0,87,82.0,0.0,3.0,1.0,5.0,15.0,3.7
grandya01,2022,1,CHA,AL,99,327,15,66,7,0,5,27.0,1.0,0.0,45,79.0,1.0,2.0,0.0,2.0,8.0,-1.4
grandya01,2023,1,CHA,AL,118,363,33,85,14,0,8,33.0,0.0,0.0,36,86.0,1.0,4.0,0.0,2.0,11.0,-0.6
grandya01,2024,1,PIT,NL,72,215,26,49,10,0,9,27.0,1.0,0.0,24,46.0,0.0,0.0,3.0,1.0,7.0,0.7
gratebr01,2021,1,LAN,NL,34,2,0,0,0,0,0,0.0,0.0,0.0,0,0.0,0.0,0.0,0.0,0.0,0.0,0.0
grayjo02,2021,1,COL,NL,31,47,2,5,0,0,0,3.0,0.0,0.0,0,32.0,0.0,0.0,3.0,0.0,0.0,-0.3
grayjo03,2021,1,LAN,NL,2,3,0,0,0,0,0,0.0,0.0,0.0,0,3.0,0.0,0.0,0.0,0.0,0.0,0.0
grayjo03,2021,2,WAS,NL,12,19,0,1,0,0,0,0.0,0.0,0.0,1,9.0,0.0,0.0,1.0,0.0,0.0,-0.1
grayso01,2021,1,CIN,NL,26,41,4,6,0,0,0,0.0,0.0,0.0,1,10.0,0.0,0.0,1.0,0.0,1.0,-0.1
graytr01,2023,1,TBA,AL,2,5,1,2,0,0,1,1.0,0.0,0.0,0,0.0,0.0,0.0,0.0,0.0,0.0,0.1
graytr01,2024,1,MIA,NL,7,7,0,0,0,0,0,0.0,0.0,0.0,0,3.0,0.0,0.0,0.0,0.0,0.0,-0.1
graytr01,2024,2,OAK,AL,8,21,0,3,1,0,0,0.0,0.0,0.0,3,13.0,0.0,0.0,0.0,0.0,0.0,0.0
graytr01,2025,1,TBA,AL,30,78,9,18,5,0,3,9.0,0.0,0.0,6,19.0,0.0,0.0,1.0,1.0,0.0,0.2
greenri02,2022,1,DET,AL,93,376,46,95,18,4,5,42.0,1.0,4.0,36,120.0,0.0,3.0,0.0,3.0,8.0,1.3
greenri02,2023,1,DET,AL,99,378,51,109,19,4,11,37.0,7.0,0.0,35,114.0,0.0,1.0,0.0,2.0,7.0,1.9
greenri02,2024,1,DET,AL,137,512,82,134,27,6,24,74.0,4.0,2.0,64,156.0,3.0,5.0,0.0,2.0,2.0,5.3
greenri02,2025,1,DET,AL,157,600,84,155,31,1,36,111.0,2.0,1.0,46,201.0,1.0,4.0,0.0,5.0,14.0,2.2
gregodi01,2020,1,PHI,NL,60,215,34,61,10,2,10,40.0,3.0,2.0,15,28.0,3.0,4.0,1.0,2.0,4.0,1.1
gregodi01,2021,1,PHI,NL,103,368,35,77,16,2,13,54.0,3.0,0.0,25,67.0,1.0,8.0,0.0,7.0,8.0,-1.0
gregodi01,2022,1,PHI,NL,63,214,17,45,9,4,1,19.0,1.0,0.0,13,36.0,0.0,3.0,0.0,2.0,0.0,-0.4
greingr01,2020,1,DET,AL,18,51,8,6,2,0,3,8.0,0.0,0.0,3,20.0,0.0,1.0,0.0,0.0,2.0,-0.3
greingr01,2021,1,DET,AL,31,72,7,17,4,0,1,7.0,0.0,0.0,9,31.0,0.0,0.0,1.0,0.0,0.0,0.0
greingr01,2022,1,ARI,NL,2,6,0,1,0,0,0,0.0,0.0,0.0,2,3.0,0.0,0.0,0.0,0.0,0.0,0.0
greinza01,2021,1,HOU,AL,30,2,0,0,0,0,0,0.0,0.0,0.0,0,1.0,0.0,0.0,0.0,0.0,0.0,0.0
grichra01,2020,1,TOR,AL,55,216,38,59,9,0,12,35.0,1.0,1.0,13,49.0,1.0,0.0,0.0,2.0,5.0,0.4
grichra01,2021,1,TOR,AL,149,511,59,123,25,1,22,81.0,0.0,3.0,27,114.0,0.0,3.0,0.0,4.0,17.0,0.8
grichra01,2022,1,COL,NL,141,506,60,131,21,3,19,73.0,4.0,0.0,24,127.0,0.0,6.0,0.0,2.0,12.0,0.3
grichra01,2023,1,COL,NL,64,240,40,74,19,1,8,27.0,2.0,2.0,18,51.0,2.0,4.0,0.0,1.0,6.0,1.0
grichra01,2023,2,LAA,AL,54,194,25,42,12,1,8,17.0,0.0,0.0,11,45.0,0.0,2.0,0.0,1.0,5.0,0.3
grichra01,2024,1,ARI,NL,106,254,40,74,20,2,12,46.0,0.0,0.0,20,46.0,0.0,3.0,0.0,2.0,5.0,2.2
grichra01,2025,1,ARI,NL,70,175,25,42,15,1,7,22.0,0.0,1.0,10,39.0,1.0,0.0,0.0,3.0,5.0,-0.4
grichra01,2025,2,KCA,AL,43,97,10,20,3,0,2,5.0,0.0,0.0,7,22.0,0.0,1.0,0.0,0.0,1.0,-0.4
grishtr01,2020,1,SDN,NL,59,215,42,54,8,3,10,26.0,10.0,1.0,31,64.0,0.0,3.0,1.0,1.0,1.0,2.5
grishtr01,2021,1,SDN,NL,132,462,61,112,28,3,15,62.0,13.0,5.0,54,119.0,2.0,6.0,1.0,4.0,10.0,3.1
grishtr01,2022,1,SDN,NL,152,451,58,83,16,2,17,53.0,7.0,1.0,57,150.0,1.0,7.0,7.0,2.0,3.0,2.7
grishtr01,2023,1,SDN,NL,153,469,67,93,31,1,13,50.0,15.0,3.0,75,154.0,0.0,5.0,4.0,1.0,7.0,1.8
grishtr01,2024,1,NYA,AL,76,179,21,34,8,0,9,31.0,1.0,1.0,22,57.0,1.0,4.0,1.0,2.0,5.0,0.4
grishtr01,2025,1,NYA,AL,143,494,87,116,9,1,34,74.0,3.0,2.0,82,137.0,0.0,4.0,0.0,1.0,7.0,3.5
grissva01,2022,1,ATL,NL,41,141,24,41,6,0,5,18.0,5.0,2.0,11,34.0,1.0,3.0,0.0,1.0,0.0,0.8
grissva01,2023,1,ATL,NL,23,75,5,21,3,1,0,9.0,0.0,1.0,2,15.0,0.0,2.0,0.0,1.0,2.0,-0.7
grissva01,2024,1,BOS,AL,31,105,10,20,3,0,0,6.0,2.0,0.0,7,24.0,0.0,1.0,0.0,1.0,3.0,-0.1
groshjo01,2022,1,MIA,NL,17,61,9,16,0,0,1,2.0,0.0,0.0,4,13.0,0.0,0.0,0.0,0.0,2.0,-0.1
grossro01,2020,1,OAK,AL,51,166,23,40,12,2,8,23.0,8.0,1.0,21,38.0,2.0,5.0,0.0,0.0,1.0,1.2
grossro01,2021,1,DET,AL,156,557,88,133,23,3,23,67.0,20.0,5.0,98,155.0,3.0,8.0,2.0,6.0,8.0,2.9
grossro01,2022,1,DET,AL,83,273,24,56,13,1,2,23.0,3.0,1.0,38,90.0,0.0,6.0,0.0,3.0,2.0,0.1
grossro01,2022,2,ATL,NL,46,138,16,30,6,0,5,22.0,3.0,1.0,18,39.0,0.0,0.0,0.0,1.0,1.0,0.5
grossro01,2023,1,TEX,AL,115,353,56,84,23,1,10,49.0,1.0,0.0,57,98.0,0.0,2.0,0.0,8.0,8.0,0.1
grossro01,2024,1,CHA,AL,25,71,6,15,4,0,0,4.0,2.0,0.0,13,20.0,0.0,0.0,0.0,1.0,2.0,-0.1
grossro01,2024,2,TEX,AL,46,105,13,25,4,0,3,10.0,1.0,0.0,16,25.0,0.0,0.0,0.0,1.0,5.0,0.3
grossro01,2024,3,KCA,AL,16,32,2,4,0,0,0,2.0,0.0,0.0,5,13.0,0.0,1.0,0.0,0.0,1.0,-0.4
grullde01,2020,1,BOS,AL,1,3,0,1,0,0,0,1.0,0.0,0.0,1,1.0,0.0,0.0,0.0,0.0,0.0,-0.1
gsellro01,2021,1,NYN,NL,18,5,0,0,0,0,0,0.0,0.0,0.0,1,4.0,0.0,0.0,0.0,0.0,0.0,0.0
guerrja01,2021,1,WAS,NL,6,1,0,0,0,0,0,0.0,0.0,0.0,0,1.0,0.0,0.0,0.0,0.0,0.0,0.0
guerrju02,2021,1,LAA,AL,41,2,0,0,0,0,0,0.0,0.0,0.0,0,1.0,0.0,0.0,0.0,0.0,0.0,0.0
guerrvl02,2020,1,TOR,AL,60,221,34,58,13,2,9,33.0,1.0,0.0,20,38.0,1.0,2.0,0.0,0.0,6.0,0.7
guerrvl02,2021,1,TOR,AL,161,604,123,188,29,1,48,111.0,4.0,1.0,86,110.0,7.0,6.0,0.0,2.0,20.0,6.5
guerrvl02,2022,1,TOR,AL,160,638,90,175,35,0,32,97.0,8.0,3.0,58,116.0,6.0,6.0,0.0,4.0,26.0,4.0
guerrvl02,2023,1,TOR,AL,156,602,78,159,30,0,26,94.0,5.0,3.0,67,100.0,5.0,9.0,0.0,4.0,23.0,1.8
guerrvl02,2024,1,TOR,AL,159,616,98,199,44,1,30,103.0,2.0,2.0,72,96.0,12.0,5.0,0.0,4.0,16.0,6.0
guerrvl02,2025,1,TOR,AL,156,589,96,172,34,0,23,84.0,6.0,3.0,81,94.0,8.0,6.0,0.0,4.0,17.0,4.6
guilllu01,2020,1,NYN,NL,30,57,6,19,6,0,0,9.0,2.0,0.0,10,17.0,0.0,0.0,0.0,1.0,3.0,0.7
guilllu01,2021,1,NYN,NL,69,132,13,35,3,0,1,5.0,0.0,2.0,23,23.0,2.0,0.0,1.0,0.0,2.0,0.5
guilllu01,2022,1,NYN,NL,102,297,33,81,12,1,2,17.0,1.0,0.0,34,46.0,1.0,2.0,2.0,0.0,15.0,1.5
guilllu01,2023,1,NYN,NL,54,107,12,24,6,1,1,9.0,0.0,0.0,10,28.0,1.0,0.0,2.0,1.0,4.0,-0.1
guilllu01,2024,1,ATL,NL,10,20,2,3,2,0,0,3.0,0.0,0.0,1,5.0,0.0,0.0,0.0,0.0,1.0,-0.2
guilllu01,2024,2,LAA,AL,51,104,6,24,5,1,0,3.0,1.0,2.0,11,23.0,0.0,0.0,1.0,1.0,4.0,0.1
guilllu01,2024,3,ARI,NL,18,37,6,6,2,0,0,4.0,3.0,0.0,11,8.0,0.0,0.0,0.0,1.0,2.0,0.3
guilllu01,2025,1,HOU,AL,12,20,2,3,0,0,0,0.0,0.0,0.0,1,8.0,0.0,0.0,0.0,0.0,2.0,-0.2
gurrilo01,2020,1,TOR,AL,57,208,28,64,14,0,11,33.0,3.0,1.0,14,48.0,0.0,0.0,0.0,2.0,7.0,1.1
gurrilo01,2021,1,TOR,AL,141,500,62,138,28,2,21,84.0,1.0,3.0,32,102.0,1.0,2.0,1.0,6.0,8.0,2.5
gurrilo01,2022,1,TOR,AL,121,453,52,132,32,1,5,52.0,3.0,4.0,31,83.0,1.0,6.0,0.0,2.0,11.0,2.0
gurrilo01,2023,1,ARI,NL,145,551,65,144,35,2,24,82.0,5.0,0.0,33,103.0,1.0,6.0,0.0,2.0,20.0,2.9
gurrilo01,2024,1,ARI,NL,133,513,72,143,22,2,18,75.0,7.0,1.0,29,101.0,1.0,6.0,0.0,5.0,16.0,1.9
gurrilo01,2025,1,ARI,NL,129,500,52,124,24,2,19,80.0,10.0,4.0,31,76.0,0.0,6.0,0.0,9.0,11.0,0.5
gushuta01,2021,1,CHN,NL,2,4,0,0,0,0,0,0.0,0.0,0.0,0,3.0,0.0,0.0,0.0,0.0,0.0,-0.1
gustaja01,2021,1,MIL,NL,14,2,0,0,0,0,0,0.0,0.0,0.0,0,2.0,0.0,0.0,0.0,0.0,0.0,0.0
guthrda01,2022,1,PHI,NL,14,21,3,7,0,0,1,5.0,1.0,0.0,6,7.0,0.0,1.0,0.0,0.0,0.0,0.4
guthrda01,2023,1,PHI,NL,23,24,4,4,1,0,0,0.0,0.0,0.0,3,7.0,0.0,1.0,0.0,0.0,0.0,0.2
gutieke01,2020,1,KCA,AL,4,9,0,1,0,0,0,0.0,0.0,0.0,3,6.0,0.0,0.0,0.0,0.0,0.0,-0.1
gutieke01,2021,1,KCA,AL,38,135,9,29,4,2,1,8.0,0.0,1.0,6,31.0,0.0,1.0,0.0,0.0,3.0,-0.7
gutieke01,2021,2,BAL,AL,47,137,14,34,4,1,2,12.0,0.0,0.0,13,45.0,0.0,3.0,0.0,0.0,1.0,0.8
gutieke01,2022,1,BAL,AL,12,28,2,4,1,0,0,3.0,1.0,0.0,4,8.0,0.0,0.0,0.0,0.0,1.0,-0.3
gutievl01,2021,1,CIN,NL,22,33,3,3,0,0,0,1.0,0.0,0.0,2,14.0,0.0,0.0,7.0,0.0,0.0,-0.1
guzmade01,2025,1,LAA,AL,13,42,4,8,1,0,2,3.0,0.0,0.0,1,22.0,0.0,0.0,0.0,0.0,0.0,-0.4
guzmaro01,2020,1,TEX,AL,26,78,10,19,1,1,4,9.0,1.0,0.0,7,24.0,0.0,1.0,0.0,0.0,0.0,0.5
guzmaro01,2021,1,TEX,AL,7,16,1,1,0,0,1,1.0,0.0,0.0,1,6.0,0.0,0.0,0.0,0.0,0.0,-0.2
guzmaro01,2022,1,NYA,AL,3,6,0,0,0,0,0,0.0,0.0,0.0,0,5.0,0.0,0.0,0.0,0.0,1.0,-0.2
gyorkje01,2020,1,MIL,NL,43,117,19,29,3,0,9,17.0,0.0,0.0,15,38.0,1.0,1.0,0.0,2.0,4.0,0.7
haaseer01,2020,1,DET,AL,7,17,1,3,0,0,0,2.0,0.0,0.0,1,6.0,0.0,0.0,0.0,1.0,0.0,-0.1
haaseer01,2021,1,DET,AL,98,351,48,81,12,1,22,61.0,2.0,0.0,26,119.0,0.0,2.0,0.0,2.0,11.0,1.9
haaseer01,2022,1,DET,AL,110,323,41,82,17,1,14,44.0,0.0,0.0,24,97.0,1.0,1.0,0.0,3.0,9.0,1.9
haaseer01,2023,1,DET,AL,86,264,22,53,8,1,4,26.0,3.0,1.0,16,78.0,1.0,0.0,1.0,1.0,10.0,-0.8
haaseer01,2023,2,CLE,AL,3,10,0,2,0,0,0,0.0,1.0,0.0,1,3.0,0.0,0.0,0.0,0.0,1.0,0.0
haaseer01,2024,1,MIL,NL,30,66,10,18,1,0,5,14.0,0.0,0.0,3,28.0,0.0,0.0,0.0,0.0,0.0,0.5
haaseer01,2025,1,MIL,NL,30,70,11,16,3,0,2,9.0,0.0,0.0,4,31.0,0.0,2.0,1.0,0.0,1.0,0.2
hagerja01,2021,1,NYN,NL,5,8,1,1,0,0,0,0.0,0.0,0.0,0,3.0,0.0,0.0,0.0,0.0,0.0,-0.1
hagerja01,2021,2,ARI,NL,9,18,1,2,0,0,0,2.0,0.0,0.0,4,11.0,0.0,0.0,0.0,0.0,0.0,0.1
hagerja01,2022,1,ARI,NL,28,50,4,12,2,0,0,3.0,0.0,0.0,8,17.0,0.0,0.0,1.0,0.0,0.0,-0.1
haggesa01,2020,1,SEA,AL,13,50,7,13,4,0,1,6.0,4.0,0.0,4,16.0,0.0,0.0,0.0,0.0,0.0,0.2
haggesa01,2021,1,SEA,AL,35,86,15,16,3,0,2,5.0,5.0,1.0,6,28.0,0.0,1.0,1.0,0.0,1.0,-0.2
haggesa01,2022,1,SEA,AL,83,176,29,45,9,1,5,23.0,13.0,1.0,18,53.0,3.0,4.0,1.0,2.0,4.0,2.2
haggesa01,2023,1,SEA,AL,52,91,13,23,3,1,1,5.0,10.0,1.0,15,17.0,0.0,1.0,1.0,0.0,0.0,0.3
haggesa01,2024,1,SEA,AL,8,15,1,1,0,0,0,1.0,1.0,0.0,1,4.0,0.0,0.0,0.0,0.0,0.0,-0.3
haggesa01,2025,1,TEX,AL,64,162,31,41,7,3,2,13.0,12.0,4.0,16,37.0,1.0,2.0,1.0,0.0,1.0,0.9
hallda02,2022,1,PHI,NL,42,136,19,34,8,1,9,16.0,0.0,0.0,5,44.0,0.0,1.0,0.0,0.0,3.0,0.4
hallda02,2023,1,PHI,NL,18,54,2,9,1,0,1,3.0,0.0,0.0,2,18.0,0.0,0.0,0.0,0.0,2.0,-0.7
halpipe01,2025,1,CLE,AL,6,6,5,2,0,0,0,0.0,0.0,0.0,2,2.0,0.0,0.0,0.0,0.0,0.0,0.1
hamilbi02,2020,1,NYN,NL,17,22,4,1,0,0,0,1.0,3.0,1.0,1,3.0,0.0,0.0,1.0,1.0,0.0,-0.1
hamilbi02,2020,2,CHN,NL,14,10,6,3,0,0,1,1.0,3.0,1.0,1,4.0,0.0,0.0,0.0,0.0,0.0,0.2
hamilbi02,2021,1,CHA,AL,71,127,23,28,8,3,2,11.0,9.0,0.0,4,47.0,0.0,0.0,3.0,1.0,1.0,0.3
hamilbi02,2022,1,MIA,NL,20,13,9,1,0,0,0,0.0,7.0,0.0,1,8.0,0.0,0.0,1.0,0.0,0.0,0.0
hamilbi02,2022,2,MIN,AL,17,7,4,0,0,0,0,0.0,3.0,1.0,1,4.0,0.0,0.0,0.0,0.0,0.0,-0.1
hamilbi02,2023,1,CHA,AL,3,2,2,0,0,0,0,0.0,2.0,0.0,0,1.0,0.0,0.0,0.0,0.0,0.0,0.0
hamilca01,2022,1,MIN,AL,22,18,5,1,0,0,1,1.0,0.0,0.0,4,14.0,0.0,0.0,1.0,0.0,0.0,-0.3
hamilca01,2023,1,BOS,AL,4,5,0,0,0,0,0,0.0,0.0,0.0,1,5.0,0.0,0.0,0.0,0.0,0.0,-0.1
hamilda03,2023,1,BOS,AL,15,33,2,4,2,0,0,0.0,2.0,1.0,6,10.0,0.0,0.0,0.0,0.0,1.0,-0.1
hamilda03,2024,1,BOS,AL,98,294,47,73,17,1,8,28.0,33.0,4.0,22,80.0,0.0,1.0,0.0,0.0,1.0,2.8
hamilda03,2025,1,BOS,AL,91,177,27,35,4,1,6,19.0,22.0,6.0,13,47.0,0.0,1.0,3.0,0.0,3.0,1.0
hammejd01,2021,1,PHI,NL,20,1,0,0,0,0,0,0.0,0.0,0.0,0,1.0,0.0,0.0,0.0,0.0,0.0,0.0
hampsga01,2020,1,COL,NL,53,167,25,39,4,3,5,11.0,6.0,1.0,13,60.0,0.0,0.0,3.0,1.0,1.0,0.0
hampsga01,2021,1,COL,NL,147,453,69,106,21,6,11,33.0,17.0,7.0,33,118.0,2.0,3.0,3.0,2.0,6.0,0.7
hampsga01,2022,1,COL,NL,90,199,29,42,7,3,2,15.0,12.0,2.0,21,63.0,0.0,1.0,3.0,2.0,3.0,-0.9
hampsga01,2023,1,MIA,NL,98,221,30,61,12,1,3,23.0,5.0,0.0,23,67.0,0.0,3.0,3.0,2.0,3.0,1.1
hampsga01,2024,1,KCA,AL,113,213,16,49,13,1,0,16.0,7.0,2.0,14,59.0,0.0,0.0,2.0,2.0,3.0,0.5
hampsga01,2025,1,ARI,NL,18,30,10,5,0,0,0,0.0,2.0,1.0,9,10.0,0.0,0.0,2.0,0.0,0.0,0.1
hampsga01,2025,2,CIN,NL,9,18,0,3,1,0,0,0.0,0.0,0.0,1,6.0,0.0,0.0,0.0,0.0,1.0,-0.2
hampsga01,2025,3,SLN,NL,35,29,9,3,1,0,0,1.0,1.0,0.0,1,13.0,0.0,0.0,1.0,0.0,1.0,-0.3
handlma01,2025,1,BAL,AL,16,41,2,3,0,0,0,3.0,0.0,0.0,2,18.0,0.0,1.0,2.0,1.0,0.0,-0.9
hanigmi01,2021,1,SEA,AL,157,620,110,157,23,2,39,100.0,1.0,0.0,54,169.0,2.0,9.0,0.0,8.0,12.0,2.8
hanigmi01,2022,1,SEA,AL,57,224,31,55,8,0,11,34.0,0.0,0.0,20,65.0,1.0,1.0,0.0,2.0,7.0,1.2
hanigmi01,2023,1,SFN,NL,61,211,27,44,13,1,6,28.0,1.0,0.0,15,65.0,0.0,2.0,0.0,1.0,7.0,-0.2
hanigmi01,2024,1,SEA,AL,121,380,42,79,12,0,12,44.0,0.0,0.0,40,126.0,0.0,2.0,0.0,1.0,10.0,-0.2
happia01,2020,1,CHN,NL,57,198,27,51,11,1,12,28.0,1.0,3.0,30,63.0,1.0,2.0,1.0,0.0,1.0,1.3
happia01,2021,1,CHN,NL,148,465,63,105,20,1,25,66.0,9.0,2.0,62,156.0,0.0,5.0,2.0,1.0,12.0,1.6
happia01,2022,1,CHN,NL,158,573,72,155,42,2,17,72.0,9.0,4.0,58,149.0,4.0,6.0,0.0,4.0,11.0,4.3
happia01,2023,1,CHN,NL,158,580,86,144,35,4,21,84.0,14.0,3.0,99,153.0,2.0,6.0,0.0,6.0,12.0,3.5
happia01,2024,1,CHN,NL,153,569,89,138,34,2,25,86.0,13.0,2.0,80,168.0,1.0,6.0,0.0,2.0,7.0,3.9
happia01,2025,1,CHN,NL,150,569,87,138,32,0,23,79.0,6.0,3.0,87,151.0,2.0,2.0,0.0,5.0,8.0,4.0
happja01,2021,2,SLN,NL,11,14,0,0,0,0,0,0.0,0.0,0.0,1,5.0,0.0,0.0,0.0,0.0,0.0,-0.1
harpebr03,2020,1,PHI,NL,58,190,41,51,9,2,13,33.0,8.0,2.0,49,43.0,8.0,2.0,1.0,2.0,5.0,1.9
harpebr03,2021,1,PHI,NL,141,488,101,151,42,1,35,84.0,13.0,3.0,100,134.0,14.0,5.0,2.0,4.0,12.0,5.9
harpebr03,2022,1,PHI,NL,99,370,63,106,28,1,18,65.0,11.0,4.0,46,87.0,9.0,3.0,0.0,7.0,13.0,2.5
harpebr03,2023,1,PHI,NL,126,457,84,134,29,1,21,72.0,11.0,3.0,80,119.0,8.0,5.0,0.0,4.0,10.0,3.6
harpebr03,2024,1,PHI,NL,145,550,85,157,42,0,30,87.0,7.0,4.0,76,138.0,11.0,2.0,1.0,2.0,18.0,4.6
harpebr03,2025,1,PHI,NL,132,501,72,131,32,0,27,75.0,12.0,2.0,70,121.0,6.0,6.0,0.0,3.0,5.0,3.1
harpery01,2021,1,WAS,NL,34,1,0,0,0,0,0,0.0,0.0,0.0,0,1.0,0.0,0.0,1.0,0.0,0.0,0.0
harribr02,2024,1,OAK,AL,36,103,15,15,3,0,3,12.0,0.0,3.0,17,25.0,0.0,2.0,0.0,1.0,3.0,-0.5
harribr02,2025,1,ATH,AL,32,73,11,20,5,0,0,5.0,1.0,0.0,7,21.0,0.0,2.0,1.0,1.0,1.0,0.8
harridu01,2024,1,TEX,AL,2,6,1,2,1,0,1,3.0,0.0,0.0,1,2.0,0.0,0.0,0.0,0.0,0.0,0.2
harridu01,2025,1,TEX,AL,19,40,5,8,3,0,1,2.0,1.0,1.0,3,13.0,0.0,0.0,0.0,0.0,1.0,0.2
harrijo05,2020,1,WAS,NL,33,79,11,22,2,0,3,14.0,1.0,2.0,6,12.0,0.0,4.0,0.0,2.0,2.0,0.3
harrijo05,2021,1,WAS,NL,90,320,39,94,23,2,6,38.0,5.0,2.0,25,50.0,0.0,12.0,0.0,1.0,4.0,2.6
harrijo05,2021,2,OAK,AL,48,185,19,47,10,0,2,22.0,4.0,3.0,6,25.0,0.0,6.0,0.0,2.0,5.0,-0.6
harrijo05,2022,1,CHA,AL,119,386,50,99,19,2,7,27.0,2.0,1.0,21,71.0,0.0,14.0,2.0,2.0,9.0,1.8
harrijo05,2023,1,PHI,NL,41,103,8,21,3,0,2,10.0,0.0,0.0,3,20.0,0.0,6.0,0.0,2.0,2.0,-0.6
harrimi04,2022,1,ATL,NL,114,414,75,123,27,3,19,64.0,20.0,2.0,21,107.0,0.0,5.0,1.0,0.0,7.0,5.1
harrimi04,2023,1,ATL,NL,138,505,76,148,33,3,18,57.0,20.0,4.0,25,101.0,1.0,5.0,1.0,3.0,8.0,3.5
harrimi04,2024,1,ATL,NL,110,440,58,116,14,3,16,48.0,10.0,6.0,23,94.0,1.0,4.0,0.0,3.0,6.0,3.2
harrimi04,2025,1,ATL,NL,160,611,55,152,26,6,20,86.0,20.0,6.0,16,128.0,1.0,3.0,4.0,7.0,7.0,2.2
harrimo01,2020,1,MIA,NL,32,47,8,8,1,0,1,3.0,6.0,0.0,4,26.0,0.0,0.0,0.0,0.0,0.0,-0.2
harrimo01,2021,1,MIA,NL,9,10,0,2,1,0,0,0.0,0.0,1.0,0,3.0,0.0,0.0,1.0,0.0,0.0,0.1
harrimo01,2022,1,LAA,AL,9,11,5,2,0,0,1,3.0,1.0,0.0,2,8.0,0.0,1.0,0.0,0.0,1.0,0.2
harvema01,2021,1,BAL,AL,28,5,0,0,0,0,0,0.0,0.0,0.0,0,3.0,0.0,0.0,1.0,0.0,0.0,-0.1
haselad01,2020,1,PHI,NL,40,79,7,22,5,0,0,13.0,0.0,0.0,7,17.0,1.0,2.0,3.0,1.0,3.0,0.0
haselad01,2021,1,PHI,NL,9,21,2,4,1,0,0,0.0,0.0,0.0,0,4.0,0.0,0.0,0.0,0.0,0.0,-0.3
haselad01,2022,1,CHA,AL,14,21,4,5,0,0,0,2.0,0.0,0.0,3,7.0,0.0,0.0,1.0,0.0,0.0,0.3
haselad01,2023,1,CHA,AL,28,36,6,8,2,0,0,2.0,1.0,0.0,3,8.0,0.0,0.0,0.0,0.0,1.0,-0.1
hassero02,2025,1,WAS,NL,70,197,22,44,9,0,3,18.0,4.0,0.0,8,62.0,0.0,1.0,0.0,0.0,4.0,-0.1
hayeske01,2020,1,PIT,NL,24,85,17,32,7,2,5,11.0,1.0,0.0,9,20.0,2.0,1.0,0.0,0.0,2.0,1.9
hayeske01,2021,1,PIT,NL,96,362,49,93,20,2,6,38.0,9.0,1.0,31,87.0,0.0,1.0,0.0,2.0,11.0,2.3
hayeske01,2022,1,PIT,NL,136,505,55,123,24,3,7,41.0,20.0,5.0,48,122.0,0.0,5.0,0.0,2.0,12.0,4.5
hayeske01,2023,1,PIT,NL,124,494,65,134,31,7,15,61.0,10.0,6.0,28,104.0,1.0,0.0,0.0,3.0,11.0,3.9
hayeske01,2024,1,PIT,NL,96,365,38,85,9,0,4,25.0,11.0,2.0,23,75.0,1.0,4.0,0.0,4.0,12.0,0.9
hayeske01,2025,1,PIT,NL,100,369,34,87,10,2,2,36.0,10.0,2.0,18,81.0,1.0,4.0,1.0,0.0,8.0,1.2
hayeske01,2025,2,CIN,NL,52,158,16,37,6,1,3,13.0,2.0,1.0,18,30.0,0.0,1.0,0.0,1.0,4.0,0.3
haysau01,2020,1,BAL,AL,33,122,20,34,2,0,4,9.0,2.0,3.0,8,25.0,0.0,2.0,0.0,2.0,1.0,0.8
haysau01,2021,1,BAL,AL,131,488,73,125,26,4,22,71.0,4.0,3.0,28,107.0,0.0,9.0,3.0,1.0,9.0,3.4
haysau01,2022,1,BAL,AL,145,535,66,134,35,2,16,60.0,2.0,4.0,34,114.0,0.0,10.0,0.0,3.0,11.0,2.9
haysau01,2023,1,BAL,AL,144,520,76,143,36,2,16,67.0,5.0,1.0,38,141.0,1.0,3.0,0.0,5.0,11.0,2.5
haysau01,2024,1,BAL,AL,63,157,18,40,13,0,3,14.0,0.0,1.0,9,40.0,1.0,6.0,1.0,2.0,1.0,0.2
haysau01,2024,2,PHI,NL,22,78,8,20,5,0,2,6.0,2.0,1.0,0,19.0,0.0,2.0,0.0,0.0,1.0,-0.4
haysau01,2025,1,CIN,NL,103,380,60,101,16,5,15,64.0,7.0,0.0,29,107.0,2.0,1.0,0.0,6.0,9.0,0.8
healyry01,2020,1,MIL,NL,4,7,0,1,0,0,0,0.0,0.0,0.0,0,2.0,0.0,0.0,0.0,0.0,0.0,-0.1
heanean01,2021,1,LAA,AL,18,2,1,1,0,0,0,0.0,0.0,0.0,1,1.0,0.0,0.0,0.0,0.0,0.0,0.1
heanean01,2021,2,NYA,AL,12,1,0,0,0,0,0,0.0,0.0,0.0,0,1.0,0.0,0.0,0.0,0.0,0.0,0.0
heathni01,2020,1,KCA,AL,15,13,2,2,1,0,0,3.0,2.0,2.0,2,6.0,0.0,1.0,1.0,0.0,0.0,0.1
heathni01,2021,1,ARI,NL,20,35,3,5,1,0,0,1.0,0.0,2.0,4,15.0,1.0,0.0,0.0,0.0,0.0,-0.3
hechaad01,2020,1,ATL,NL,27,59,7,15,3,0,0,2.0,0.0,0.0,4,12.0,0.0,0.0,0.0,0.0,1.0,-0.2
hedgeau01,2020,1,SDN,NL,29,57,7,9,1,0,3,6.0,1.0,1.0,6,18.0,0.0,2.0,5.0,1.0,3.0,0.0
hedgeau01,2020,2,CLE,AL,6,12,0,1,0,0,0,0.0,0.0,0.0,0,5.0,0.0,0.0,0.0,0.0,0.0,-0.1
hedgeau01,2021,1,CLE,AL,88,286,32,51,7,0,10,31.0,1.0,0.0,15,87.0,1.0,1.0,7.0,3.0,7.0,0.1
hedgeau01,2022,1,CLE,AL,105,294,26,48,4,0,7,30.0,2.0,0.0,25,78.0,0.0,6.0,10.0,3.0,12.0,-0.4
hedgeau01,2023,1,PIT,NL,65,161,13,29,5,0,1,14.0,1.0,0.0,11,39.0,0.0,2.0,9.0,3.0,7.0,-1.0
hedgeau01,2023,2,TEX,AL,17,24,1,5,0,0,0,2.0,0.0,0.0,0,8.0,0.0,0.0,1.0,0.0,0.0,-0.1
hedgeau01,2024,1,CLE,AL,66,132,12,20,3,0,2,15.0,2.0,0.0,6,50.0,0.0,3.0,3.0,2.0,2.0,-0.6
hedgeau01,2025,1,CLE,AL,70,155,13,25,3,0,5,10.0,1.0,2.0,18,43.0,0.0,1.0,4.0,2.0,2.0,-0.4
heimjo01,2020,1,OAK,AL,13,38,5,8,0,0,0,5.0,0.0,0.0,3,3.0,0.0,0.0,0.0,0.0,1.0,0.1
heimjo01,2021,1,TEX,AL,82,265,22,52,13,0,10,32.0,3.0,1.0,15,58.0,0.0,1.0,1.0,3.0,8.0,-0.1
heimjo01,2022,1,TEX,AL,127,406,51,92,20,1,16,48.0,2.0,0.0,41,87.0,0.0,1.0,0.0,2.0,10.0,2.4
heimjo01,2023,1,TEX,AL,131,457,61,118,28,0,18,95.0,2.0,0.0,40,96.0,2.0,1.0,0.0,3.0,10.0,3.1
heimjo01,2024,1,TEX,AL,131,459,45,101,12,1,13,59.0,1.0,1.0,26,90.0,0.0,4.0,0.0,2.0,13.0,1.4
heimjo01,2025,1,TEX,AL,124,395,38,84,14,0,11,43.0,3.0,0.0,32,88.0,0.0,1.0,1.0,4.0,10.0,0.4
heinesc01,2020,1,TEX,AL,24,52,6,8,3,0,1,7.0,3.0,0.0,2,11.0,0.0,0.0,0.0,0.0,1.0,-0.3
heinesc01,2021,1,CIN,NL,19,30,5,3,0,0,2,3.0,0.0,0.0,3,15.0,0.0,1.0,0.0,0.0,1.0,-0.2
heinety01,2020,1,SFN,NL,15,42,3,8,1,0,0,1.0,1.0,0.0,4,6.0,0.0,2.0,2.0,0.0,0.0,0.1
heinety01,2022,1,TOR,AL,10,15,2,4,2,0,0,1.0,0.0,0.0,0,4.0,0.0,0.0,1.0,0.0,1.0,0.1
heinety01,2022,2,PIT,NL,52,142,14,30,6,0,0,8.0,1.0,0.0,8,13.0,0.0,5.0,3.0,0.0,2.0,0.1
heinety01,2023,1,PIT,NL,3,9,1,1,0,0,0,0.0,1.0,0.0,1,1.0,0.0,0.0,0.0,0.0,0.0,-0.1
heinety01,2023,2,TOR,AL,19,29,4,8,1,1,0,3.0,0.0,0.0,7,7.0,0.0,1.0,0.0,0.0,0.0,0.3
heinety01,2024,1,BOS,AL,2,2,0,0,0,0,0,0.0,0.0,0.0,0,1.0,0.0,1.0,0.0,0.0,0.0,0.1
heinety01,2024,2,TOR,AL,6,10,2,1,0,0,0,0.0,0.0,0.0,3,5.0,0.0,0.0,0.0,0.0,0.0,0.1
heinety01,2025,1,TOR,AL,64,149,25,43,8,1,3,20.0,2.0,0.0,12,31.0,0.0,6.0,5.0,2.0,1.0,1.9
helmami01,2024,1,MIN,AL,9,10,2,3,2,0,0,0.0,0.0,0.0,0,3.0,0.0,0.0,0.0,0.0,0.0,0.1
helmami01,2025,1,TEX,AL,38,99,18,23,5,1,5,20.0,4.0,0.0,7,21.0,0.0,1.0,3.0,0.0,0.0,1.0
hembrhe01,2021,2,CIN,NL,45,1,0,0,0,0,0,0.0,0.0,0.0,0,1.0,0.0,0.0,0.0,0.0,0.0,0.0
hendegu01,2022,1,BAL,AL,34,116,12,30,7,1,4,18.0,1.0,1.0,16,34.0,1.0,0.0,0.0,0.0,1.0,1.0
hendegu01,2023,1,BAL,AL,150,560,100,143,29,9,28,82.0,10.0,3.0,56,159.0,1.0,3.0,0.0,3.0,10.0,6.1
hendegu01,2024,1,BAL,AL,159,630,118,177,31,7,37,92.0,21.0,4.0,78,159.0,1.0,7.0,0.0,4.0,2.0,8.8
hendegu01,2025,1,BAL,AL,154,577,85,158,34,5,17,68.0,30.0,5.0,62,137.0,6.0,7.0,0.0,5.0,7.0,5.3
hendrky01,2021,1,CHN,NL,32,52,3,6,1,0,0,1.0,0.0,0.0,2,26.0,0.0,0.0,7.0,0.0,0.0,-0.1
hendrry01,2021,1,CIN,NL,36,1,0,0,0,0,0,0.0,0.0,0.0,0,0.0,0.0,0.0,0.0,0.0,0.0,0.0
henrypa01,2021,1,MIA,NL,5,15,0,4,1,0,0,0.0,0.0,0.0,1,5.0,0.0,0.0,0.0,0.0,1.0,0.0
henrypa01,2022,1,MIA,NL,15,28,2,4,0,0,0,4.0,0.0,0.0,5,8.0,0.0,2.0,0.0,0.0,0.0,-0.1
henslda01,2022,1,HOU,AL,16,29,7,10,2,1,1,5.0,0.0,0.0,5,6.0,0.0,0.0,0.0,0.0,3.0,0.3
henslda01,2023,1,HOU,AL,30,84,12,10,1,0,1,3.0,1.0,0.0,10,35.0,0.0,0.0,0.0,0.0,0.0,-0.7
henslda01,2024,1,MIA,NL,23,52,9,11,1,0,1,4.0,1.0,0.0,6,17.0,0.0,0.0,0.0,0.0,0.0,-0.4
hentgsa01,2021,1,CLE,AL,30,1,0,0,0,0,0,0.0,0.0,0.0,0,1.0,0.0,0.0,0.0,0.0,0.0,0.0
heredgu01,2020,1,PIT,NL,8,16,2,3,0,0,0,2.0,1.0,0.0,2,4.0,0.0,0.0,0.0,0.0,0.0,0.0
heredgu01,2020,2,NYN,NL,7,17,4,4,0,0,2,3.0,0.0,0.0,1,5.0,0.0,0.0,0.0,0.0,0.0,0.1
heredgu01,2021,1,ATL,NL,120,305,46,67,26,0,5,26.0,0.0,0.0,32,81.0,3.0,9.0,0.0,1.0,5.0,0.3
heredgu01,2022,1,ATL,NL,74,76,12,12,3,1,3,8.0,0.0,0.0,6,32.0,0.0,0.0,0.0,0.0,1.0,-0.4
hermomi01,2020,1,LAA,AL,7,8,0,2,0,0,0,2.0,1.0,0.0,1,1.0,0.0,0.0,0.0,1.0,0.0,0.0
hermomi01,2021,1,CHN,NL,16,36,5,7,2,0,3,7.0,0.0,0.0,1,12.0,0.0,1.0,0.0,0.0,3.0,0.0
hermomi01,2022,1,CHN,NL,31,61,7,7,2,0,0,4.0,1.0,0.0,7,27.0,0.0,4.0,1.0,0.0,0.0,-0.4
hernaca04,2021,1,KCA,AL,24,4,0,0,0,0,0,0.0,0.0,0.0,0,4.0,0.0,0.0,0.0,0.0,0.0,-0.1
hernace02,2020,1,CLE,AL,58,233,35,66,20,0,3,20.0,0.0,0.0,24,57.0,0.0,2.0,1.0,0.0,3.0,1.7
hernace02,2021,1,CLE,AL,96,376,60,87,17,2,18,47.0,0.0,0.0,38,90.0,0.0,4.0,0.0,2.0,6.0,1.3
hernace02,2021,2,CHA,AL,53,194,24,45,4,0,3,15.0,1.0,1.0,21,45.0,2.0,1.0,0.0,1.0,5.0,-0.8
hernace02,2022,1,WAS,NL,147,560,64,139,28,4,1,34.0,10.0,4.0,45,114.0,0.0,7.0,3.0,2.0,9.0,0.5
hernada04,2024,1,OAK,AL,48,120,8,23,3,0,1,12.0,1.0,1.0,11,27.0,0.0,1.0,1.0,2.0,4.0,-0.8
hernada04,2025,1,ATH,AL,51,173,17,40,5,1,2,16.0,3.0,4.0,17,24.0,0.0,0.0,2.0,5.0,2.0,-0.2
hernael01,2021,1,MIA,NL,11,14,1,1,0,0,0,0.0,0.0,0.0,0,7.0,0.0,0.0,4.0,0.0,0.0,-0.1
hernael02,2022,1,TEX,AL,14,33,4,6,2,0,0,3.0,0.0,0.0,1,15.0,0.0,0.0,0.0,1.0,1.0,-0.4
hernaen02,2020,1,LAN,NL,48,139,20,32,8,1,5,20.0,0.0,1.0,6,31.0,0.0,2.0,0.0,1.0,5.0,1.0
hernaen02,2021,1,BOS,AL,134,508,84,127,35,3,20,60.0,1.0,0.0,61,110.0,0.0,9.0,0.0,7.0,4.0,4.9
hernaen02,2022,1,BOS,AL,93,361,48,80,24,0,6,45.0,0.0,2.0,34,71.0,0.0,3.0,0.0,4.0,11.0,0.9
hernaen02,2023,1,BOS,AL,86,297,38,66,11,0,6,31.0,3.0,1.0,22,68.0,0.0,2.0,0.0,2.0,11.0,-0.6
hernaen02,2023,2,LAN,NL,54,168,19,44,12,0,5,30.0,1.0,0.0,12,29.0,1.0,1.0,0.0,4.0,6.0,0.5
hernaen02,2024,1,LAN,NL,126,362,44,83,16,0,12,42.0,0.0,0.0,27,77.0,0.0,0.0,1.0,3.0,13.0,1.2
hernaen02,2025,1,LAN,NL,93,232,30,47,8,0,10,35.0,0.0,0.0,18,68.0,0.0,0.0,1.0,5.0,7.0,0.2
hernahe01,2025,1,MIA,NL,87,256,40,68,12,1,10,45.0,1.0,1.0,31,77.0,0.0,3.0,0.0,4.0,6.0,0.9
hernaos01,2020,1,KCA,AL,4,4,1,2,0,0,0,0.0,0.0,0.0,0,1.0,0.0,0.0,0.0,0.0,1.0,0.0
hernate01,2020,1,TOR,AL,50,190,33,55,7,0,16,34.0,6.0,1.0,14,63.0,0.0,1.0,0.0,1.0,4.0,1.5
hernate01,2021,1,TOR,AL,143,550,92,163,29,0,32,116.0,12.0,4.0,36,148.0,1.0,7.0,0.0,2.0,5.0,3.5
hernate01,2022,1,TOR,AL,131,499,71,133,35,1,25,77.0,6.0,3.0,34,152.0,0.0,2.0,0.0,0.0,18.0,3.0
hernate01,2023,1,SEA,AL,160,625,70,161,29,2,26,93.0,7.0,2.0,38,211.0,2.0,8.0,0.0,7.0,6.0,2.3
hernate01,2024,1,LAN,NL,154,589,84,160,32,2,33,99.0,12.0,3.0,53,188.0,3.0,8.0,0.0,1.0,7.0,4.1
hernate01,2025,1,LAN,NL,134,511,65,126,29,1,25,89.0,5.0,2.0,26,134.0,0.0,3.0,0.0,5.0,13.0,1.5
hernaya01,2020,1,WAS,NL,12,26,3,5,3,0,1,6.0,0.0,0.0,1,12.0,0.0,0.0,0.0,1.0,0.0,-0.1
hernaya01,2021,1,WAS,NL,112,264,33,72,8,1,9,32.0,3.0,0.0,22,59.0,1.0,1.0,0.0,2.0,11.0,0.1
hernaya01,2022,1,WAS,NL,94,305,30,82,16,0,9,41.0,2.0,1.0,19,74.0,0.0,1.0,0.0,2.0,9.0,0.6
hernayo02,2021,1,TEX,AL,43,143,15,31,5,0,0,6.0,11.0,2.0,17,32.0,0.0,4.0,1.0,1.0,2.0,0.9
hernayo02,2022,1,ARI,NL,12,24,2,2,0,0,0,0.0,2.0,0.0,2,4.0,0.0,0.0,2.0,0.0,0.0,0.0
hernayo02,2023,1,LAN,NL,14,22,5,3,1,0,0,4.0,0.0,0.0,2,8.0,0.0,1.0,1.0,1.0,0.0,-0.1
herredi01,2020,1,BAL,AL,3,5,0,0,0,0,0,0.0,0.0,0.0,0,4.0,0.0,1.0,0.0,0.0,0.0,0.0
herreiv01,2022,1,SLN,NL,11,18,0,2,0,0,0,1.0,0.0,0.0,2,8.0,0.0,0.0,1.0,1.0,0.0,-0.3
herreiv01,2023,1,SLN,NL,13,37,6,11,2,0,0,4.0,0.0,0.0,5,11.0,0.0,2.0,0.0,0.0,1.0,0.3
herreiv01,2024,1,SLN,NL,72,229,37,69,12,1,5,27.0,5.0,0.0,25,53.0,0.0,2.0,0.0,2.0,3.0,1.8
herreiv01,2025,1,SLN,NL,107,388,54,110,13,0,19,66.0,8.0,2.0,43,84.0,1.0,15.0,0.0,4.0,20.0,2.2
herrejo04,2022,1,ARI,NL,47,111,9,21,2,0,0,5.0,0.0,0.0,9,34.0,0.0,0.0,4.0,0.0,1.0,-0.3
herrejo04,2023,1,ARI,NL,43,101,15,21,5,0,0,7.0,1.0,0.0,13,30.0,0.0,0.0,5.0,1.0,2.0,-0.2
herrejo04,2024,1,ARI,NL,42,97,11,22,4,1,1,13.0,0.0,0.0,9,27.0,0.0,0.0,7.0,1.0,1.0,-0.2
herrejo04,2025,1,ARI,NL,58,166,21,31,6,0,2,17.0,0.0,0.0,23,47.0,0.0,1.0,11.0,3.0,2.0,0.0
herreod01,2021,1,PHI,NL,124,450,59,117,27,2,13,51.0,6.0,1.0,29,77.0,0.0,6.0,1.0,5.0,6.0,1.8
herreod01,2022,1,PHI,NL,62,185,23,44,9,1,5,21.0,6.0,0.0,11,42.0,0.0,0.0,0.0,1.0,3.0,0.2
hessda01,2021,1,MIA,NL,14,4,0,0,0,0,0,0.0,0.0,0.0,0,3.0,0.0,0.0,0.0,0.0,0.0,-0.1
heywaja01,2020,1,CHN,NL,50,147,20,39,6,2,6,22.0,2.0,0.0,30,37.0,1.0,2.0,0.0,2.0,1.0,1.6
heywaja01,2021,1,CHN,NL,104,323,35,69,15,2,8,30.0,5.0,1.0,27,68.0,1.0,3.0,0.0,0.0,4.0,0.3
heywaja01,2022,1,CHN,NL,48,137,15,28,5,1,1,10.0,1.0,0.0,11,32.0,0.0,3.0,0.0,0.0,3.0,-0.6
heywaja01,2023,1,LAN,NL,124,334,56,90,23,0,15,40.0,2.0,2.0,34,64.0,1.0,3.0,0.0,3.0,7.0,1.9
heywaja01,2024,1,LAN,NL,63,173,25,36,10,2,6,28.0,4.0,0.0,17,36.0,0.0,4.0,0.0,3.0,3.0,0.8
heywaja01,2024,2,HOU,AL,24,55,8,12,2,0,4,9.0,1.0,0.0,5,17.0,2.0,0.0,0.0,0.0,0.0,0.3
heywaja01,2025,1,SDN,NL,34,85,9,15,2,0,2,12.0,0.0,1.0,6,20.0,0.0,0.0,0.0,3.0,1.0,-0.6
hicklbr01,2022,1,KCA,AL,6,4,1,0,0,0,0,0.0,0.0,0.0,0,4.0,0.0,0.0,0.0,0.0,0.0,-0.1
hicklbr01,2024,1,MIL,NL,3,5,0,0,0,0,0,0.0,1.0,0.0,0,4.0,0.0,0.0,0.0,0.0,0.0,-0.2
hicklbr01,2025,1,DET,AL,1,3,2,2,0,0,0,0.0,1.0,0.0,1,1.0,0.0,0.0,0.0,0.0,0.0,0.1
hicksaa01,2020,1,NYA,AL,54,169,28,38,10,2,6,21.0,4.0,1.0,41,38.0,1.0,1.0,0.0,0.0,4.0,0.7
hicksaa01,2021,1,NYA,AL,32,108,13,21,3,0,4,14.0,0.0,0.0,14,30.0,0.0,2.0,0.0,2.0,3.0,-0.3
hicksaa01,2022,1,NYA,AL,130,384,54,83,9,2,8,40.0,10.0,3.0,62,109.0,3.0,4.0,1.0,2.0,10.0,1.3
hicksaa01,2023,1,NYA,AL,28,69,9,13,2,0,1,5.0,0.0,0.0,7,20.0,0.0,0.0,0.0,0.0,0.0,-0.5
hicksaa01,2023,2,BAL,AL,65,200,35,55,7,1,7,31.0,6.0,0.0,35,49.0,1.0,0.0,0.0,1.0,3.0,1.1
hicksaa01,2024,1,LAA,AL,18,57,6,8,0,0,1,5.0,0.0,0.0,6,23.0,0.0,0.0,0.0,0.0,1.0,-0.7
hicksjo02,2021,1,TEX,AL,10,31,6,8,1,0,4,7.0,0.0,0.0,0,8.0,0.0,0.0,0.0,0.0,1.0,0.3
hicksli01,2025,1,MIA,NL,119,332,37,82,13,1,6,45.0,2.0,0.0,43,56.0,0.0,9.0,3.0,3.0,5.0,1.3
higasky01,2020,1,NYA,AL,16,48,7,12,1,0,4,10.0,0.0,0.0,0,11.0,0.0,0.0,0.0,0.0,0.0,0.4
higasky01,2021,1,NYA,AL,67,193,20,35,10,0,10,29.0,0.0,0.0,17,59.0,0.0,0.0,0.0,1.0,4.0,0.5
higasky01,2022,1,NYA,AL,83,229,27,52,7,0,10,31.0,0.0,1.0,12,52.0,0.0,1.0,2.0,4.0,5.0,0.6
higasky01,2023,1,NYA,AL,92,242,24,57,13,0,10,34.0,0.0,0.0,14,74.0,0.0,0.0,1.0,3.0,5.0,-0.3
higasky01,2024,1,SDN,NL,84,246,29,54,10,1,17,45.0,2.0,0.0,15,74.0,0.0,0.0,1.0,1.0,3.0,1.4
higasky01,2025,1,TEX,AL,94,303,33,73,14,1,11,47.0,3.0,1.0,20,72.0,0.0,2.0,0.0,2.0,5.0,1.6
higgipj01,2021,1,CHN,NL,9,23,1,1,0,0,0,0.0,0.0,0.0,2,8.0,0.0,0.0,0.0,0.0,2.0,-0.4
higgipj01,2022,1,CHN,NL,74,201,23,46,11,1,6,30.0,0.0,0.0,22,58.0,0.0,2.0,3.0,1.0,2.0,-0.2
hillde01,2020,1,DET,AL,15,11,3,1,0,0,0,0.0,0.0,0.0,1,6.0,0.0,0.0,0.0,0.0,0.0,-0.2
hillde01,2021,1,DET,AL,49,139,19,36,3,3,3,14.0,6.0,3.0,10,42.0,0.0,1.0,0.0,0.0,2.0,-0.1
hillde01,2022,1,DET,AL,31,83,8,19,2,0,1,3.0,3.0,0.0,5,28.0,0.0,0.0,3.0,1.0,0.0,0.4
hillde01,2023,1,WAS,NL,13,47,3,8,1,0,0,1.0,1.0,0.0,3,11.0,0.0,0.0,0.0,0.0,0.0,-0.3
hillde01,2024,1,TEX,AL,16,43,5,11,0,0,3,5.0,2.0,1.0,2,14.0,0.0,0.0,0.0,0.0,1.0,0.0
hillde01,2024,2,SFN,NL,5,12,3,3,0,1,0,2.0,0.0,0.0,1,3.0,0.0,0.0,0.0,0.0,0.0,-0.1
hillde01,2024,3,MIA,NL,32,107,11,25,4,1,4,18.0,4.0,1.0,2,39.0,0.0,2.0,2.0,1.0,1.0,0.1
hillde01,2025,1,MIA,NL,53,127,19,27,6,0,3,10.0,7.0,0.0,9,46.0,0.0,2.0,3.0,0.0,3.0,0.8
hillde01,2025,2,CHA,AL,4,7,0,2,0,0,0,1.0,0.0,0.0,0,2.0,0.0,1.0,0.0,0.0,0.0,0.2
hillisa01,2020,1,COL,NL,36,105,13,22,2,2,6,10.0,3.0,0.0,9,42.0,0.0,0.0,0.0,0.0,0.0,0.2
hillisa01,2021,1,COL,NL,81,214,32,46,7,2,14,34.0,5.0,0.0,23,87.0,3.0,1.0,0.0,0.0,0.0,0.8
hillisa01,2022,1,COL,NL,70,174,26,32,6,1,2,14.0,5.0,1.0,23,57.0,0.0,1.0,0.0,2.0,2.0,0.7
hillisa01,2023,1,ATL,NL,40,72,15,17,5,0,3,6.0,4.0,0.0,6,33.0,0.0,0.0,0.0,0.0,1.0,0.2
hillisa01,2024,1,COL,NL,58,138,26,33,5,1,10,27.0,5.0,2.0,14,56.0,1.0,0.0,4.0,2.0,3.0,0.4
hillisa01,2025,1,COL,NL,20,51,8,10,3,1,2,3.0,2.0,1.0,10,23.0,0.0,0.0,0.0,0.0,1.0,-0.2
hillri01,2021,1,TBA,AL,19,4,0,1,0,0,0,0.0,0.0,0.0,0,2.0,0.0,0.0,0.0,0.0,0.0,0.0
hillri01,2021,2,NYN,NL,13,20,0,2,0,0,0,0.0,0.0,0.0,0,8.0,0.0,0.0,2.0,0.0,2.0,-0.2
hillti01,2020,1,SDN,NL,23,1,0,0,0,0,0,0.0,0.0,0.0,0,1.0,0.0,0.0,0.0,0.0,0.0,0.0
hindsre01,2024,1,CIN,NL,24,46,9,12,4,1,5,11.0,2.0,0.0,4,16.0,0.0,1.0,0.0,0.0,0.0,0.7
hindsre01,2025,1,CIN,NL,15,43,6,5,1,0,2,3.0,0.0,0.0,1,21.0,0.0,0.0,0.0,0.0,1.0,-0.4
hiurake01,2020,1,MIL,NL,59,217,30,46,4,0,13,32.0,3.0,2.0,16,85.0,2.0,11.0,0.0,2.0,7.0,-0.3
hiurake01,2021,1,MIL,NL,61,173,16,29,9,1,4,19.0,3.0,0.0,14,77.0,0.0,7.0,2.0,1.0,6.0,-0.9
hiurake01,2022,1,MIL,NL,80,234,34,53,8,1,14,32.0,5.0,2.0,23,111.0,0.0,8.0,0.0,1.0,3.0,0.8
hiurake01,2024,1,LAA,AL,10,27,1,4,0,0,0,1.0,0.0,1.0,0,10.0,0.0,0.0,0.0,0.0,0.0,-0.6
hiurake01,2025,1,COL,NL,8,18,3,4,1,0,0,1.0,0.0,0.0,0,7.0,0.0,3.0,0.0,0.0,0.0,0.0
hoernni01,2020,1,CHN,NL,48,108,19,24,4,0,0,13.0,3.0,2.0,12,24.0,0.0,3.0,0.0,2.0,3.0,0.8
hoernni01,2021,1,CHN,NL,44,149,13,45,10,0,0,16.0,5.0,3.0,17,25.0,3.0,3.0,0.0,1.0,3.0,1.2
hoernni01,2022,1,CHN,NL,135,481,60,135,22,5,10,55.0,20.0,2.0,28,57.0,4.0,6.0,0.0,2.0,11.0,4.2
hoernni01,2023,1,CHN,NL,150,619,98,175,27,4,9,68.0,43.0,7.0,49,83.0,0.0,14.0,1.0,5.0,12.0,5.5
hoernni01,2024,1,CHN,NL,151,582,86,159,35,1,7,48.0,31.0,6.0,44,66.0,1.0,12.0,0.0,3.0,8.0,3.7
hoernni01,2025,1,CHN,NL,156,599,89,178,29,4,7,61.0,29.0,6.0,39,49.0,1.0,7.0,0.0,4.0,4.0,6.2
hoffmje02,2021,1,CIN,NL,32,15,1,2,0,0,0,1.0,0.0,0.0,0,3.0,0.0,0.0,1.0,0.0,0.0,0.0
holadbr01,2020,1,BAL,AL,21,31,5,5,1,0,0,4.0,0.0,0.0,2,9.0,0.0,0.0,0.0,0.0,1.0,-0.3
holadbr01,2021,1,ARI,NL,13,31,2,6,2,0,0,1.0,0.0,0.0,1,15.0,0.0,2.0,0.0,0.0,0.0,-0.1
hollija01,2024,1,BAL,AL,60,190,28,36,4,2,5,23.0,4.0,0.0,15,69.0,0.0,2.0,0.0,1.0,1.0,0.0
hollija01,2025,1,BAL,AL,149,586,70,142,21,3,17,55.0,17.0,11.0,56,140.0,1.0,6.0,0.0,1.0,4.0,1.0
hollojo01,2021,1,MIA,NL,13,10,0,1,0,0,0,0.0,0.0,0.0,0,6.0,0.0,0.0,0.0,0.0,0.0,0.0
holmecl01,2021,1,PIT,NL,44,1,0,0,0,0,0,0.0,0.0,0.0,0,1.0,0.0,0.0,0.0,0.0,0.0,0.0
holtbr01,2020,1,MIL,NL,16,30,1,3,0,0,0,1.0,0.0,0.0,4,9.0,0.0,1.0,0.0,1.0,2.0,-0.6
holtbr01,2020,2,WAS,NL,21,65,11,17,6,0,0,4.0,1.0,0.0,5,15.0,0.0,0.0,0.0,0.0,1.0,0.0
holtbr01,2021,1,TEX,AL,77,235,21,49,13,1,2,23.0,5.0,1.0,23,49.0,0.0,1.0,0.0,1.0,5.0,0.0
hopkitj01,2023,1,CIN,NL,25,41,7,7,0,0,0,1.0,1.0,0.0,2,17.0,0.0,1.0,0.0,0.0,1.0,-0.3
horwisp01,2023,1,TOR,AL,15,39,5,10,2,0,1,7.0,0.0,0.0,4,12.0,0.0,1.0,0.0,0.0,1.0,0.3
horwisp01,2024,1,TOR,AL,97,328,46,87,19,0,12,40.0,0.0,0.0,42,70.0,2.0,7.0,0.0,4.0,8.0,1.1
horwisp01,2025,1,PIT,NL,108,364,55,99,26,0,11,51.0,0.0,1.0,44,73.0,1.0,2.0,0.0,1.0,7.0,1.6
hoskirh01,2020,1,PHI,NL,41,151,35,37,9,0,10,26.0,1.0,0.0,29,43.0,0.0,5.0,0.0,0.0,4.0,1.0
hoskirh01,2021,1,PHI,NL,107,389,64,96,29,0,27,71.0,3.0,2.0,47,108.0,0.0,5.0,0.0,2.0,7.0,2.1
hoskirh01,2022,1,PHI,NL,156,589,81,145,33,2,30,79.0,2.0,1.0,72,169.0,0.0,6.0,0.0,4.0,12.0,3.0
hoskirh01,2024,1,MIL,NL,131,449,59,96,14,0,26,82.0,3.0,0.0,53,149.0,1.0,7.0,0.0,6.0,11.0,-0.1
hoskirh01,2025,1,MIL,NL,90,279,30,66,12,1,12,43.0,2.0,1.0,38,91.0,2.0,5.0,0.0,6.0,6.0,0.9
hosmeer01,2020,1,SDN,NL,38,143,23,41,6,0,9,36.0,4.0,0.0,9,28.0,0.0,2.0,0.0,2.0,3.0,1.1
hosmeer01,2021,1,SDN,NL,151,509,53,137,28,0,12,65.0,5.0,4.0,48,99.0,2.0,5.0,1.0,2.0,13.0,1.2
hosmeer01,2022,1,SDN,NL,90,335,32,91,16,0,8,40.0,0.0,0.0,33,55.0,5.0,0.0,0.0,1.0,10.0,1.0
hosmeer01,2022,2,BOS,AL,14,45,6,11,3,0,0,4.0,0.0,0.0,4,9.0,0.0,1.0,0.0,0.0,2.0,0.1
hosmeer01,2023,1,CHN,NL,31,94,7,22,3,0,2,14.0,0.0,0.0,6,25.0,0.0,0.0,0.0,0.0,5.0,-0.4
houckta01,2021,1,BOS,AL,18,1,0,0,0,0,0,0.0,0.0,0.0,0,1.0,0.0,0.0,0.0,0.0,0.0,0.0
housead01,2021,1,MIL,NL,28,42,2,3,0,0,2,2.0,0.0,0.0,2,30.0,0.0,0.0,2.0,0.0,0.0,0.0
housebr01,2025,1,WAS,NL,73,261,26,61,11,0,4,29.0,5.0,3.0,8,78.0,0.0,0.0,0.0,5.0,11.0,-0.6
howarsp01,2021,1,PHI,NL,11,6,0,2,1,0,0,0.0,0.0,0.0,0,3.0,0.0,0.0,1.0,0.0,0.0,0.2
hoyinja01,2021,1,TOR,AL,2,3,0,0,0,0,0,0.0,0.0,0.0,0,1.0,0.0,0.0,0.0,0.0,0.0,-0.1
hudsoda02,2021,1,SLN,NL,2,3,1,1,0,0,0,0.0,0.0,0.0,1,2.0,0.0,0.0,0.0,0.0,0.0,0.1
hudsojo03,2020,1,SEA,AL,9,17,0,3,0,0,0,0.0,0.0,0.0,2,5.0,0.0,0.0,1.0,0.0,0.0,-0.2
huffsa01,2020,1,TEX,AL,10,31,5,11,3,0,3,4.0,0.0,0.0,2,11.0,0.0,0.0,0.0,0.0,0.0,0.5
huffsa01,2022,1,TEX,AL,44,121,9,29,4,0,4,10.0,1.0,0.0,11,42.0,1.0,0.0,0.0,0.0,1.0,0.3
huffsa01,2023,1,TEX,AL,21,43,5,11,2,0,3,6.0,0.0,0.0,2,17.0,0.0,0.0,0.0,0.0,1.0,0.3
huffsa01,2024,1,TEX,AL,3,3,0,0,0,0,0,0.0,0.0,0.0,1,2.0,0.0,0.0,0.0,0.0,0.0,0.0
huffsa01,2025,1,SFN,NL,20,53,5,11,1,0,2,4.0,0.0,0.0,4,25.0,0.0,0.0,0.0,1.0,2.0,-0.2
hummeco01,2022,1,ARI,NL,66,176,20,31,8,3,3,17.0,4.0,1.0,23,64.0,0.0,1.0,0.0,1.0,4.0,-0.5
hummeco01,2023,1,SEA,AL,10,23,2,2,1,0,0,0.0,1.0,0.0,2,9.0,0.0,1.0,0.0,0.0,1.0,-0.4
hummeco01,2024,1,HOU,AL,6,8,0,0,0,0,0,0.0,1.0,0.0,0,2.0,0.0,0.0,0.0,0.0,1.0,-0.1
hummeco01,2025,1,BAL,AL,1,1,0,0,0,0,0,0.0,0.0,0.0,0,1.0,0.0,0.0,0.0,0.0,0.0,0.0
hummeco01,2025,2,HOU,AL,36,87,10,15,0,0,3,7.0,1.0,0.0,14,30.0,0.0,2.0,1.0,0.0,1.0,-0.7
hunteto02,2021,1,NYN,NL,4,1,1,1,0,0,0,0.0,0.0,0.0,0,0.0,0.0,0.0,0.0,0.0,0.0,0.1
hurstsc01,2021,1,SLN,NL,7,5,0,0,0,0,0,0.0,0.0,0.0,0,1.0,0.0,0.0,0.0,0.0,0.0,0.0
hurtuja01,2024,1,CIN,NL,29,54,7,10,1,1,0,4.0,2.0,0.0,6,18.0,0.0,3.0,4.0,1.0,0.0,-0.1
hurtuja01,2025,1,CIN,NL,12,12,3,1,0,0,0,0.0,0.0,0.0,1,6.0,0.0,2.0,0.0,0.0,0.0,-0.1
hutchdr01,2021,1,DET,AL,9,1,0,0,0,0,0,0.0,0.0,0.0,0,0.0,0.0,0.0,0.0,0.0,0.0,0.0
ibanean01,2021,1,TEX,AL,76,253,31,70,15,2,7,25.0,0.0,0.0,15,35.0,0.0,2.0,1.0,1.0,6.0,1.7
ibanean01,2022,1,TEX,AL,40,119,13,26,4,0,1,9.0,3.0,0.0,9,21.0,0.0,0.0,0.0,0.0,0.0,-0.1
ibanean01,2023,1,DET,AL,114,356,42,94,23,2,11,41.0,1.0,0.0,24,69.0,0.0,1.0,1.0,1.0,7.0,1.9
ibanean01,2024,1,DET,AL,99,224,30,54,9,1,5,32.0,2.0,3.0,15,63.0,0.0,3.0,0.0,2.0,2.0,1.3
ibanean01,2025,1,DET,AL,91,176,24,42,8,0,4,21.0,4.0,1.0,12,26.0,0.0,4.0,0.0,1.0,6.0,0.6
iglesjo01,2020,1,BAL,AL,39,142,16,53,17,0,3,24.0,0.0,0.0,3,17.0,0.0,4.0,0.0,1.0,1.0,1.3
iglesjo01,2021,1,LAA,AL,114,424,57,110,23,1,8,41.0,5.0,2.0,18,66.0,0.0,4.0,0.0,1.0,10.0,-1.2
iglesjo01,2021,2,BOS,AL,23,59,8,21,4,1,1,7.0,0.0,0.0,3,9.0,0.0,2.0,0.0,0.0,0.0,0.4
iglesjo01,2022,1,COL,NL,118,439,48,128,30,0,3,47.0,2.0,3.0,17,56.0,0.0,8.0,0.0,3.0,11.0,1.2
iglesjo01,2024,1,NYN,NL,85,270,39,91,16,1,4,26.0,6.0,2.0,12,39.0,1.0,8.0,0.0,1.0,4.0,3.0
iglesjo01,2025,1,SDN,NL,112,306,29,70,11,0,3,36.0,5.0,1.0,24,56.0,0.0,7.0,4.0,2.0,7.0,-0.7
inciaen01,2020,1,ATL,NL,46,116,17,22,2,1,1,10.0,4.0,1.0,12,25.0,0.0,0.0,1.0,2.0,0.0,-0.6
inciaen01,2021,1,ATL,NL,52,79,11,17,2,0,2,10.0,1.0,0.0,7,22.0,0.0,0.0,2.0,1.0,1.0,-0.1
inciaen01,2022,1,NYN,NL,11,8,1,1,0,0,0,0.0,0.0,0.0,0,0.0,0.0,0.0,0.0,0.0,0.0,0.0
indiajo01,2021,1,CIN,NL,150,532,98,143,34,2,21,69.0,12.0,3.0,71,141.0,1.0,23.0,1.0,4.0,13.0,4.1
indiajo01,2022,1,CIN,NL,103,386,48,96,16,2,10,41.0,3.0,4.0,31,94.0,1.0,14.0,0.0,0.0,5.0,-0.3
indiajo01,2023,1,CIN,NL,119,454,78,111,23,0,17,61.0,14.0,2.0,52,109.0,0.0,16.0,0.0,7.0,13.0,1.3
indiajo01,2024,1,CIN,NL,151,533,84,132,28,2,15,58.0,13.0,2.0,80,125.0,0.0,15.0,2.0,7.0,16.0,1.7
indiajo01,2025,1,KCA,AL,136,497,63,116,29,0,9,45.0,0.0,4.0,54,106.0,0.0,13.0,1.0,2.0,10.0,0.3
irvinco01,2021,1,OAK,AL,32,5,0,1,0,0,0,1.0,0.0,0.0,0,2.0,0.0,0.0,2.0,0.0,0.0,0.1
isbelky01,2021,1,KCA,AL,28,76,16,21,5,2,1,7.0,2.0,0.0,7,23.0,0.0,0.0,0.0,0.0,0.0,0.6
isbelky01,2022,1,KCA,AL,106,256,32,54,10,4,5,28.0,9.0,6.0,16,75.0,0.0,3.0,1.0,2.0,5.0,0.5
isbelky01,2023,1,KCA,AL,91,292,45,70,22,2,5,34.0,7.0,1.0,17,59.0,0.0,1.0,1.0,2.0,5.0,2.0
isbelky01,2024,1,KCA,AL,136,384,62,88,13,8,8,42.0,11.0,2.0,27,88.0,0.0,5.0,8.0,2.0,4.0,2.0
isbelky01,2025,1,KCA,AL,135,368,42,94,16,4,4,33.0,4.0,5.0,23,74.0,0.0,2.0,13.0,3.0,7.0,1.6
jacksal02,2020,1,ATL,NL,5,7,0,2,1,0,0,0.0,0.0,0.0,0,4.0,0.0,0.0,0.0,0.0,1.0,0.0
jacksal02,2021,1,ATL,NL,10,23,2,1,0,0,0,0.0,0.0,0.0,2,13.0,1.0,3.0,0.0,0.0,0.0,-0.3
jacksal02,2021,2,MIA,NL,42,108,11,17,4,0,3,12.0,0.0,0.0,11,60.0,0.0,4.0,0.0,0.0,0.0,-0.3
jacksal02,2022,1,MIL,NL,5,12,0,3,0,0,0,0.0,0.0,0.0,0,7.0,0.0,0.0,0.0,0.0,0.0,-0.1
jacksal02,2024,1,TBA,AL,58,139,17,17,7,0,3,12.0,1.0,0.0,12,53.0,0.0,2.0,1.0,1.0,2.0,-0.4
jacksal02,2025,1,BAL,AL,37,91,17,20,8,0,5,8.0,0.0,0.0,5,37.0,0.0,4.0,0.0,0.0,2.0,0.7
jacksan01,2021,1,LAN,NL,3,4,0,0,0,0,0,0.0,0.0,0.0,0,3.0,0.0,0.0,0.0,0.0,0.0,-0.1
jacksdr01,2022,1,OAK,AL,3,3,0,0,0,0,0,0.0,0.0,0.0,0,1.0,0.0,0.0,0.0,0.0,0.0,-0.1
jacksja01,2021,1,SFN,NL,23,1,0,0,0,0,0,0.0,0.0,0.0,0,0.0,0.0,0.0,0.0,0.0,0.0,0.0
jacksje02,2025,1,BAL,AL,48,170,20,47,10,2,5,21.0,0.0,2.0,11,50.0,0.0,2.0,0.0,0.0,6.0,0.4
jankotr01,2020,1,CIN,NL,16,15,3,1,0,0,0,0.0,2.0,1.0,2,7.0,0.0,0.0,0.0,0.0,1.0,-0.3
jankotr01,2021,1,PHI,NL,76,131,24,33,6,2,1,10.0,5.0,0.0,22,29.0,4.0,1.0,2.0,0.0,1.0,0.5
jankotr01,2022,1,NYN,NL,43,54,11,9,0,0,0,2.0,3.0,0.0,8,9.0,0.0,1.0,0.0,0.0,0.0,-0.1
jankotr01,2022,2,SEA,AL,1,1,0,0,0,0,0,0.0,0.0,0.0,0,1.0,0.0,0.0,0.0,0.0,0.0,0.0
jankotr01,2023,1,TEX,AL,107,247,34,65,12,1,1,30.0,19.0,1.0,35,42.0,0.0,2.0,1.0,2.0,6.0,1.6
jankotr01,2024,1,TEX,AL,104,190,19,38,5,0,1,12.0,11.0,1.0,12,44.0,0.0,5.0,0.0,0.0,3.0,0.4
jankotr01,2025,1,CHA,AL,7,14,1,3,0,0,0,0.0,0.0,0.0,1,3.0,0.0,0.0,0.0,0.0,0.0,-0.2
jankotr01,2025,2,TBA,AL,14,31,6,8,2,0,0,2.0,2.0,0.0,2,9.0,0.0,0.0,0.0,1.0,0.0,0.0
janseda01,2020,1,TOR,AL,43,120,18,22,3,0,6,20.0,0.0,0.0,21,31.0,0.0,2.0,3.0,1.0,1.0,0.6
janseda01,2021,1,TOR,AL,70,184,32,41,13,0,11,28.0,0.0,0.0,17,44.0,0.0,3.0,1.0,0.0,4.0,1.3
janseda01,2022,1,TOR,AL,72,215,34,56,10,0,15,44.0,1.0,0.0,25,44.0,1.0,3.0,0.0,5.0,1.0,2.9
janseda01,2023,1,TOR,AL,86,268,38,61,15,0,17,53.0,0.0,0.0,23,62.0,1.0,10.0,0.0,0.0,3.0,1.6
janseda01,2024,1,TOR,AL,62,198,27,42,13,0,6,18.0,0.0,0.0,25,42.0,0.0,2.0,0.0,3.0,1.0,0.6
janseda01,2024,2,BOS,AL,30,80,8,15,0,0,3,6.0,0.0,0.0,15,19.0,0.0,1.0,0.0,0.0,3.0,0.1
janseda01,2025,1,TBA,AL,73,221,28,45,8,0,11,29.0,0.0,0.0,33,68.0,0.0,3.0,1.0,1.0,4.0,2.1
janseda01,2025,2,MIL,NL,25,67,10,17,3,0,3,7.0,0.0,0.0,9,18.0,0.0,1.0,0.0,1.0,1.0,0.7
janseke01,2021,1,LAN,NL,69,1,0,0,0,0,0,0.0,0.0,0.0,0,1.0,0.0,0.0,0.0,0.0,0.0,0.0
jaxgr01,2021,1,MIN,AL,18,3,0,0,0,0,0,0.0,0.0,0.0,0,2.0,0.0,0.0,0.0,0.0,0.0,0.0
jayjo02,2020,1,ARI,NL,18,50,5,8,1,0,1,4.0,0.0,0.0,3,12.0,0.0,1.0,0.0,3.0,0.0,-0.5
jayjo02,2021,1,LAA,AL,5,14,2,5,0,0,0,1.0,0.0,0.0,0,2.0,0.0,0.0,0.0,0.0,0.0,0.1
jeffery01,2020,1,MIN,AL,26,55,5,15,0,0,3,7.0,0.0,0.0,5,19.0,0.0,2.0,0.0,0.0,0.0,0.3
jeffery01,2021,1,MIN,AL,85,267,28,53,10,1,14,35.0,0.0,1.0,22,108.0,0.0,4.0,0.0,0.0,6.0,0.7
jeffery01,2022,1,MIN,AL,67,212,25,44,10,1,7,27.0,0.0,0.0,23,62.0,0.0,0.0,1.0,0.0,6.0,0.9
jeffery01,2023,1,MIN,AL,96,286,46,79,15,2,14,43.0,3.0,2.0,33,93.0,1.0,10.0,4.0,2.0,6.0,3.2
jeffery01,2024,1,MIN,AL,122,412,56,93,22,0,21,64.0,3.0,0.0,32,94.0,0.0,14.0,1.0,6.0,9.0,2.1
jeffery01,2025,1,MIN,AL,119,406,47,108,26,0,9,47.0,1.0,1.0,50,91.0,1.0,7.0,0.0,1.0,9.0,1.2
jenseca01,2025,1,KCA,AL,20,60,12,18,6,0,3,13.0,0.0,0.0,9,12.0,0.0,0.0,0.0,0.0,1.0,0.8
jewelja01,2021,1,CHN,NL,10,1,0,0,0,0,0,0.0,0.0,0.0,0,1.0,0.0,0.0,0.0,0.0,0.0,0.0
jimenel02,2020,1,CHA,AL,55,213,26,63,14,0,14,41.0,0.0,0.0,12,56.0,0.0,0.0,0.0,1.0,4.0,1.4
jimenel02,2021,1,CHA,AL,55,213,23,53,10,0,10,37.0,0.0,0.0,16,57.0,0.0,1.0,0.0,1.0,8.0,0.7
jimenel02,2022,1,CHA,AL,84,292,40,86,12,0,16,54.0,0.0,0.0,28,72.0,0.0,3.0,0.0,4.0,8.0,1.9
jimenel02,2023,1,CHA,AL,120,456,50,124,23,0,18,64.0,0.0,0.0,30,93.0,2.0,1.0,0.0,2.0,13.0,0.5
jimenel02,2024,1,CHA,AL,65,229,18,55,9,0,5,16.0,3.0,0.0,18,47.0,1.0,1.0,0.0,1.0,11.0,-0.6
jimenel02,2024,2,BAL,AL,33,95,7,22,5,0,1,7.0,0.0,0.0,4,23.0,0.0,1.0,0.0,0.0,2.0,-0.3
jimenle01,2024,1,TOR,AL,63,179,18,41,11,0,4,19.0,0.0,0.0,12,59.0,0.0,16.0,0.0,3.0,6.0,0.9
jimenle01,2025,1,TOR,AL,18,29,2,2,0,0,1,1.0,0.0,0.0,2,8.0,0.0,0.0,1.0,0.0,1.0,-0.3
joeco01,2021,1,COL,NL,63,179,23,51,9,0,8,35.0,0.0,0.0,26,41.0,0.0,3.0,0.0,3.0,1.0,1.7
joeco01,2022,1,COL,NL,111,404,56,96,20,4,7,28.0,6.0,2.0,55,97.0,0.0,7.0,0.0,1.0,8.0,0.9
joeco01,2023,1,PIT,NL,133,413,63,102,31,4,11,42.0,3.0,5.0,50,110.0,0.0,8.0,0.0,1.0,4.0,0.7
joeco01,2024,1,PIT,NL,123,364,49,83,22,1,9,36.0,2.0,2.0,44,91.0,1.0,6.0,0.0,2.0,7.0,0.7
joeco01,2025,1,SDN,NL,7,9,0,0,0,0,0,0.0,0.0,0.0,1,6.0,0.0,0.0,0.0,0.0,0.0,-0.2
joeco01,2025,2,CIN,NL,35,61,2,13,4,0,0,4.0,2.0,2.0,6,14.0,0.0,1.0,0.0,2.0,2.0,-0.5
johnsbr03,2022,1,SFN,NL,11,18,1,2,0,0,0,2.0,0.0,0.0,1,7.0,0.0,0.0,0.0,0.0,0.0,-0.3
johnsbr03,2023,1,SFN,NL,30,43,7,7,1,0,1,3.0,3.0,0.0,4,15.0,0.0,0.0,0.0,1.0,0.0,-0.2
johnsbr03,2024,1,SDN,NL,47,63,9,13,2,0,0,4.0,1.0,1.0,7,12.0,0.0,0.0,3.0,0.0,1.0,-0.3
johnsbr03,2025,1,SDN,NL,55,76,9,26,4,0,1,8.0,4.0,1.0,3,19.0,0.0,2.0,3.0,0.0,1.0,0.6
johnsda07,2020,1,CLE,AL,5,12,0,1,0,0,0,0.0,0.0,0.0,1,5.0,1.0,0.0,0.0,0.0,0.0,-0.3
johnsda07,2021,1,CLE,AL,30,77,9,17,0,0,4,5.0,1.0,0.0,4,27.0,0.0,0.0,0.0,0.0,0.0,-0.2
johnsda07,2024,1,BAL,AL,1,1,1,0,0,0,0,0.0,0.0,0.0,0,0.0,0.0,0.0,0.0,0.0,0.0,0.0
johnsda07,2025,1,SFN,NL,14,29,5,5,2,0,1,1.0,1.0,0.0,2,8.0,0.0,0.0,0.0,0.0,0.0,0.2
johnsda07,2025,2,BAL,AL,17,24,8,5,1,0,0,0.0,1.0,1.0,2,5.0,0.0,0.0,0.0,0.0,0.0,0.1
johnstr02,2025,1,MIA,NL,44,112,12,31,2,1,4,13.0,2.0,2.0,8,26.0,0.0,1.0,0.0,0.0,1.0,0.3
jonesgr02,2024,1,COL,NL,6,5,1,1,0,0,1,1.0,0.0,0.0,1,4.0,0.0,0.0,0.0,0.0,0.0,0.1
jonesgr02,2025,1,CHA,AL,3,2,0,0,0,0,0,0.0,1.0,0.0,0,2.0,0.0,0.0,0.0,0.0,0.0,0.0
jonesja07,2020,1,DET,AL,30,97,19,26,9,0,5,14.0,1.0,1.0,7,34.0,0.0,3.0,0.0,1.0,1.0,0.5
jonesja07,2021,1,DET,AL,36,100,9,17,2,0,2,9.0,2.0,2.0,5,42.0,0.0,0.0,0.0,0.0,2.0,-0.6
jonesja08,2020,1,LAA,AL,3,7,2,3,0,0,0,1.0,0.0,0.0,0,2.0,0.0,0.0,0.0,0.0,0.0,0.1
jonesja08,2021,1,BAL,AL,26,67,5,10,3,0,0,3.0,1.0,0.0,4,26.0,0.0,1.0,0.0,0.0,1.0,-0.6
jonesja08,2023,1,MIL,NL,7,10,2,2,1,0,0,3.0,1.0,0.0,1,5.0,0.0,0.0,0.0,0.0,0.0,0.0
jonesja08,2024,1,NYA,AL,33,42,8,10,1,1,1,4.0,1.0,1.0,2,16.0,0.0,2.0,1.0,0.0,0.0,0.0
jonesja08,2025,1,DET,AL,72,129,21,37,11,1,7,23.0,2.0,0.0,18,32.0,1.0,3.0,0.0,0.0,3.0,0.9
jonesna01,2021,2,LAN,NL,8,1,0,0,0,0,0,0.0,0.0,0.0,0,0.0,0.0,0.0,0.0,0.0,0.0,0.0
jonesno01,2022,1,CLE,AL,28,86,10,21,5,0,2,13.0,0.0,0.0,8,31.0,1.0,0.0,0.0,0.0,2.0,0.1
jonesno01,2023,1,COL,NL,106,367,60,109,22,4,20,62.0,20.0,4.0,53,126.0,3.0,3.0,0.0,1.0,1.0,4.3
jonesno01,2024,1,COL,NL,79,256,28,58,13,1,3,28.0,5.0,4.0,36,91.0,2.0,1.0,1.0,3.0,7.0,-0.8
jonesno01,2025,1,CLE,AL,136,355,34,75,14,2,5,34.0,8.0,3.0,39,113.0,1.0,5.0,1.0,3.0,6.0,-1.1
jonesta01,2020,1,HOU,AL,7,21,3,4,1,0,1,3.0,0.0,0.0,1,7.0,0.0,0.0,0.0,0.0,2.0,-0.3
jonesta01,2021,1,HOU,AL,35,102,11,25,8,1,2,16.0,0.0,0.0,4,29.0,0.0,0.0,0.0,2.0,5.0,0.1
jonesta01,2022,1,HOU,AL,1,1,0,0,0,0,0,0.0,0.0,0.0,0,0.0,0.0,0.0,0.0,0.0,0.0,0.0
jordale01,2024,1,CIN,NL,7,10,1,1,1,0,0,1.0,0.0,0.0,0,3.0,0.0,0.0,0.0,1.0,0.0,-0.2
josepca01,2020,1,TOR,AL,3,8,2,1,0,0,1,2.0,0.0,0.0,1,1.0,0.0,0.0,0.0,0.0,0.0,0.0
joycema01,2020,1,MIA,NL,46,127,16,32,4,0,2,14.0,1.0,0.0,20,41.0,0.0,0.0,0.0,1.0,3.0,-0.4
joycema01,2021,1,PHI,NL,43,55,6,5,1,0,2,7.0,0.0,0.0,12,16.0,2.0,1.0,0.0,1.0,2.0,-0.6
judgeaa01,2020,1,NYA,AL,28,101,23,26,3,0,9,22.0,0.0,1.0,10,32.0,0.0,2.0,0.0,0.0,5.0,1.1
judgeaa01,2021,1,NYA,AL,148,550,89,158,24,0,39,98.0,6.0,1.0,75,158.0,2.0,3.0,0.0,5.0,16.0,5.9
judgeaa01,2022,1,NYA,AL,157,570,133,177,28,0,62,131.0,16.0,3.0,111,175.0,19.0,6.0,0.0,5.0,14.0,10.8
judgeaa01,2023,1,NYA,AL,106,367,79,98,16,0,37,75.0,3.0,1.0,88,130.0,9.0,0.0,0.0,3.0,5.0,4.6
judgeaa01,2024,1,NYA,AL,158,559,122,180,36,1,58,144.0,10.0,0.0,133,171.0,20.0,9.0,0.0,2.0,22.0,10.9
judgeaa01,2025,1,NYA,AL,152,541,137,179,30,2,53,114.0,12.0,5.0,124,160.0,36.0,7.0,0.0,7.0,16.0,9.7
julieed01,2023,1,MIN,AL,109,338,60,89,16,1,16,37.0,3.0,0.0,64,128.0,0.0,2.0,1.0,3.0,8.0,2.6
julieed01,2024,1,MIN,AL,94,266,36,53,9,0,8,21.0,6.0,0.0,33,102.0,0.0,2.0,0.0,0.0,2.0,-0.2
julieed01,2025,1,MIN,AL,64,182,13,40,10,0,3,12.0,0.0,3.0,22,61.0,0.0,2.0,1.0,1.0,3.0,-0.8
julksco01,2023,1,HOU,AL,93,298,35,73,14,0,6,33.0,15.0,3.0,22,75.0,0.0,1.0,0.0,2.0,6.0,0.3
julksco01,2024,1,CHA,AL,66,173,17,37,7,0,3,14.0,5.0,2.0,15,50.0,0.0,0.0,0.0,1.0,6.0,-1.1
julksco01,2025,1,CHA,AL,6,12,2,3,2,0,0,1.0,0.0,0.0,0,3.0,0.0,0.0,0.0,1.0,0.0,0.1
jungja01,2024,1,DET,AL,34,79,14,19,5,0,0,3.0,0.0,1.0,15,29.0,0.0,0.0,0.0,0.0,3.0,-0.5
jungja01,2025,1,DET,AL,21,47,8,5,0,0,0,3.0,0.0,0.0,7,16.0,0.0,1.0,0.0,0.0,2.0,-0.5
jungjo01,2022,1,TEX,AL,26,98,9,20,4,1,5,14.0,2.0,0.0,4,39.0,0.0,0.0,0.0,0.0,2.0,0.0
jungjo01,2023,1,TEX,AL,122,478,75,127,25,1,23,70.0,1.0,3.0,30,151.0,0.0,5.0,0.0,2.0,7.0,2.6
jungjo01,2024,1,TEX,AL,46,178,19,47,5,1,7,16.0,4.0,0.0,8,48.0,0.0,1.0,0.0,1.0,1.0,0.7
jungjo01,2025,1,TEX,AL,131,482,53,121,23,1,14,61.0,4.0,1.0,27,129.0,0.0,2.0,0.0,0.0,10.0,1.4
junisja01,2021,1,KCA,AL,16,1,0,0,0,0,0,0.0,0.0,0.0,0,1.0,0.0,0.0,1.0,0.0,0.0,0.0
kaiseco01,2023,1,COL,NL,3,4,0,0,0,0,0,0.0,0.0,0.0,0,2.0,0.0,0.0,0.0,0.0,0.0,-0.1
kaiseco01,2025,1,ARI,NL,11,18,1,2,1,0,0,2.0,0.0,0.0,1,5.0,0.0,0.0,0.0,0.0,1.0,-0.3
kaprija01,2021,1,OAK,AL,24,3,1,1,0,0,0,0.0,0.0,0.0,0,2.0,0.0,0.0,1.0,0.0,0.0,0.1
karroky01,2025,1,COL,NL,43,137,20,31,4,0,1,9.0,0.0,0.0,15,41.0,0.0,2.0,0.0,2.0,5.0,0.0
katohgo01,2022,1,TOR,AL,8,7,2,1,1,0,0,0.0,0.0,0.0,3,1.0,0.0,0.0,1.0,0.0,0.0,0.1
kavadni01,2024,1,LAA,AL,30,93,11,17,2,0,4,8.0,1.0,0.0,11,41.0,0.0,2.0,0.0,0.0,0.0,-0.2
kavadni01,2025,1,LAA,AL,10,20,0,2,0,0,0,0.0,0.0,0.0,3,10.0,0.0,0.0,0.0,0.0,0.0,-0.4
kayfucj01,2025,1,CLE,AL,44,123,16,27,10,1,4,19.0,4.0,0.0,11,38.0,0.0,2.0,1.0,1.0,0.0,0.1
kazmase01,2021,1,ATL,NL,3,2,0,0,0,0,0,0.0,0.0,0.0,0,0.0,0.0,0.0,0.0,0.0,1.0,-0.1
kazmisc01,2021,1,SFN,NL,5,3,0,0,0,0,0,0.0,0.0,0.0,0,2.0,0.0,0.0,1.0,0.0,0.0,0.0
keasclu01,2025,1,MIN,AL,49,182,25,55,14,0,4,28.0,14.0,3.0,19,29.0,0.0,5.0,0.0,1.0,4.0,2.0
keirsda01,2024,1,MIN,AL,6,13,1,2,0,0,1,1.0,0.0,0.0,0,1.0,0.0,1.0,0.0,0.0,0.0,0.0
keirsda01,2025,1,MIN,AL,74,84,11,9,0,0,2,6.0,10.0,3.0,2,33.0,0.0,1.0,1.0,0.0,1.0,-1.2
keithco01,2024,1,DET,AL,148,516,54,134,15,4,13,61.0,7.0,1.0,36,110.0,2.0,2.0,0.0,2.0,4.0,1.0
keithco01,2025,1,DET,AL,137,414,65,106,22,2,13,45.0,1.0,1.0,48,102.0,1.0,2.0,0.0,4.0,7.0,1.5
kelenja01,2021,1,SEA,AL,93,337,41,61,13,1,14,43.0,6.0,4.0,36,106.0,0.0,3.0,0.0,1.0,5.0,-1.6
kelenja01,2022,1,SEA,AL,54,163,20,23,5,1,7,17.0,5.0,2.0,16,61.0,0.0,1.0,0.0,1.0,3.0,-0.3
kelenja01,2023,1,SEA,AL,105,372,44,94,25,2,11,49.0,13.0,5.0,41,132.0,4.0,1.0,0.0,2.0,6.0,2.1
kelenja01,2024,1,ATL,NL,131,412,49,95,18,2,15,45.0,7.0,2.0,32,133.0,1.0,1.0,1.0,3.0,5.0,0.4
kelenja01,2025,1,ATL,NL,24,60,7,10,2,0,2,2.0,0.0,1.0,5,23.0,0.0,0.0,0.0,0.0,1.0,-0.5
kellebr01,2021,1,KCA,AL,26,5,0,0,0,0,0,0.0,0.0,0.0,0,3.0,0.0,0.0,2.0,0.0,0.0,-0.1
kellemi03,2021,1,PIT,NL,24,28,2,3,0,0,0,0.0,0.0,0.0,2,14.0,0.0,0.0,2.0,0.0,0.0,0.0
kellyca02,2020,1,ARI,NL,39,122,11,27,5,0,5,19.0,0.0,0.0,6,29.0,0.0,1.0,0.0,0.0,4.0,-0.1
kellyca02,2021,1,ARI,NL,98,304,41,73,11,1,13,46.0,0.0,0.0,44,74.0,1.0,6.0,0.0,5.0,10.0,2.1
kellyca02,2022,1,ARI,NL,104,317,40,67,18,0,7,35.0,2.0,0.0,29,71.0,0.0,4.0,0.0,4.0,10.0,0.9
kellyca02,2023,1,ARI,NL,33,84,6,19,3,0,1,6.0,1.0,0.0,7,23.0,0.0,0.0,0.0,1.0,2.0,-0.1
kellyca02,2023,2,DET,AL,19,52,7,9,2,0,1,7.0,0.0,0.0,7,17.0,0.0,0.0,0.0,0.0,0.0,0.2
kellyca02,2024,1,DET,AL,60,179,21,43,4,1,7,29.0,0.0,0.0,17,40.0,0.0,6.0,0.0,1.0,3.0,0.7
kellyca02,2024,2,TEX,AL,31,102,11,24,5,0,2,8.0,0.0,0.0,8,15.0,0.0,0.0,0.0,0.0,3.0,-0.2
kellyca02,2025,1,CHN,NL,111,369,48,92,13,1,17,50.0,2.0,0.0,45,80.0,0.0,3.0,0.0,4.0,11.0,3.6
kellyjo05,2021,1,LAN,NL,48,3,0,0,0,0,0,0.0,0.0,0.0,0,0.0,0.0,0.0,0.0,0.0,0.0,0.0
kellyme01,2021,1,ARI,NL,27,47,1,3,1,0,0,1.0,0.0,0.0,4,27.0,0.0,0.0,7.0,0.0,1.0,-0.2
kempma01,2020,1,COL,NL,43,117,18,28,3,0,6,21.0,1.0,0.0,15,41.0,1.0,0.0,0.0,0.0,5.0,0.1
kempot01,2025,1,PHI,NL,62,197,26,46,11,0,8,28.0,2.0,2.0,12,67.0,0.0,7.0,0.0,2.0,4.0,-0.2
kempto01,2020,1,OAK,AL,49,93,15,23,5,0,0,4.0,3.0,1.0,15,14.0,0.0,3.0,1.0,2.0,0.0,0.0
kempto01,2021,1,OAK,AL,131,330,54,92,16,3,8,37.0,8.0,2.0,52,51.0,0.0,6.0,4.0,5.0,2.0,3.3
kempto01,2022,1,OAK,AL,147,497,61,117,24,2,7,46.0,11.0,1.0,45,69.0,0.0,8.0,5.0,3.0,5.0,1.3
kempto01,2023,1,OAK,AL,124,359,42,75,13,3,5,27.0,15.0,4.0,44,40.0,0.0,6.0,7.0,3.0,9.0,-1.2
kempto01,2024,1,BAL,AL,5,9,1,0,0,0,0,0.0,0.0,0.0,1,1.0,0.0,0.0,0.0,0.0,0.0,-0.2
kendrho01,2020,1,WAS,NL,25,91,11,25,4,0,2,14.0,0.0,0.0,7,17.0,2.0,0.0,0.0,2.0,4.0,-0.2
kennebu01,2022,1,ARI,NL,30,83,10,18,2,2,1,12.0,0.0,0.0,8,23.0,0.0,1.0,0.0,2.0,1.0,0.0
kennebu01,2023,1,ARI,NL,10,24,1,4,1,0,0,1.0,0.0,0.0,4,6.0,0.0,1.0,0.0,0.0,0.0,0.0
kennebu01,2024,1,DET,AL,6,10,2,2,0,0,1,4.0,1.0,0.0,2,4.0,0.0,0.0,0.0,1.0,0.0,0.2
kennebu01,2024,2,PHI,NL,8,11,1,2,1,0,0,2.0,0.0,0.0,2,3.0,0.0,0.0,0.0,0.0,0.0,0.0
kennebu01,2025,1,PHI,NL,4,7,0,0,0,0,0,0.0,0.0,0.0,1,2.0,0.0,0.0,0.0,0.0,0.0,-0.1
kennebu01,2025,2,TOR,AL,2,5,1,1,1,0,0,0.0,0.0,0.0,1,1.0,0.0,0.0,0.0,0.0,0.0,-0.1
kennebu01,2025,3,LAN,NL,7,17,1,1,0,0,0,1.0,0.0,0.0,0,5.0,0.0,1.0,0.0,0.0,0.0,-0.3
keplema01,2020,1,MIN,AL,48,171,27,39,9,0,9,23.0,3.0,0.0,22,36.0,0.0,2.0,0.0,1.0,1.0,1.1
keplema01,2021,1,MIN,AL,121,426,61,90,21,4,19,54.0,10.0,0.0,54,96.0,3.0,6.0,0.0,4.0,2.0,1.9
keplema01,2022,1,MIN,AL,115,388,54,88,18,1,9,43.0,3.0,2.0,49,66.0,1.0,5.0,0.0,4.0,7.0,1.8
keplema01,2023,1,MIN,AL,130,438,72,114,22,2,24,66.0,1.0,1.0,45,106.0,0.0,4.0,0.0,4.0,9.0,2.8
keplema01,2024,1,MIN,AL,105,368,43,93,21,1,8,42.0,1.0,0.0,22,80.0,0.0,5.0,0.0,3.0,3.0,1.0
keplema01,2025,1,PHI,NL,127,417,58,90,19,0,18,52.0,3.0,0.0,48,93.0,3.0,4.0,1.0,4.0,10.0,0.1
kershcl01,2021,1,LAN,NL,24,36,2,8,0,0,0,3.0,0.0,0.0,1,11.0,0.0,0.0,2.0,0.0,0.0,0.2
kessigr01,2023,1,HOU,AL,26,40,3,8,2,0,1,1.0,0.0,1.0,5,12.0,0.0,0.0,0.0,0.0,0.0,0.0
kessigr01,2024,1,HOU,AL,23,21,4,0,0,0,0,0.0,0.0,0.0,3,7.0,0.0,1.0,0.0,0.0,1.0,-0.4
keuchda01,2021,1,CHA,AL,32,2,0,0,0,0,0,0.0,0.0,0.0,0,1.0,0.0,0.0,0.0,0.0,0.0,0.0
kieboca01,2020,1,WAS,NL,33,99,15,20,1,0,0,9.0,0.0,1.0,17,33.0,0.0,5.0,0.0,1.0,6.0,0.2
kieboca01,2021,1,WAS,NL,62,217,26,45,6,0,6,20.0,0.0,0.0,25,62.0,2.0,5.0,0.0,2.0,9.0,-1.0
kieboca01,2023,1,WAS,NL,27,87,12,18,2,0,4,11.0,0.0,0.0,6,27.0,0.0,1.0,0.0,0.0,2.0,-0.1
kieboca01,2025,1,LAA,AL,3,8,0,2,0,0,0,1.0,0.0,0.0,0,1.0,0.0,0.0,0.0,0.0,0.0,-0.3
kiermke01,2020,1,TBA,AL,49,138,16,30,5,3,3,22.0,8.0,1.0,20,42.0,1.0,1.0,0.0,0.0,2.0,1.9
kiermke01,2021,1,TBA,AL,122,348,54,90,19,7,4,37.0,9.0,5.0,33,99.0,2.0,5.0,0.0,4.0,4.0,3.4
kiermke01,2022,1,TBA,AL,63,206,28,47,8,0,7,22.0,6.0,1.0,14,61.0,0.0,1.0,0.0,0.0,2.0,1.1
kiermke01,2023,1,TOR,AL,129,370,58,98,21,6,8,36.0,14.0,1.0,29,86.0,0.0,4.0,1.0,4.0,9.0,3.8
kiermke01,2024,1,TOR,AL,82,200,24,39,7,2,4,18.0,5.0,0.0,10,66.0,0.0,1.0,5.0,1.0,3.0,0.8
kiermke01,2024,2,LAN,NL,34,59,7,12,2,1,1,8.0,1.0,2.0,2,20.0,0.0,1.0,2.0,0.0,1.0,0.1
kikucyu01,2021,1,SEA,AL,29,2,0,0,0,0,0,0.0,0.0,0.0,0,2.0,0.0,0.0,0.0,0.0,0.0,0.0
kimbrcr01,2021,1,CHN,NL,39,1,0,0,0,0,0,0.0,0.0,0.0,0,1.0,0.0,0.0,0.0,0.0,0.0,0.0
kimha01,2021,1,SDN,NL,117,267,27,54,12,2,8,34.0,6.0,1.0,22,71.0,1.0,4.0,2.0,3.0,6.0,2.1
kimha01,2022,1,SDN,NL,150,517,58,130,29,3,11,59.0,12.0,2.0,51,100.0,0.0,7.0,3.0,4.0,9.0,5.0
kimha01,2023,1,SDN,NL,152,538,84,140,23,0,17,60.0,38.0,9.0,75,124.0,1.0,3.0,5.0,5.0,7.0,5.4
kimha01,2024,1,SDN,NL,121,403,60,94,16,3,11,47.0,22.0,5.0,58,77.0,4.0,2.0,4.0,3.0,8.0,2.6
kimha01,2025,1,TBA,AL,24,84,5,18,3,0,2,5.0,6.0,1.0,8,23.0,0.0,1.0,0.0,0.0,0.0,0.1
kimha01,2025,2,ATL,NL,24,87,14,22,1,0,3,12.0,0.0,1.0,8,16.0,0.0,1.0,0.0,2.0,2.0,0.1
kimhy02,2025,1,LAN,NL,71,161,19,45,6,1,3,17.0,13.0,1.0,7,52.0,0.0,1.0,1.0,0.0,0.0,1.7
kimkw01,2021,1,SLN,NL,27,26,0,3,1,0,0,2.0,0.0,0.0,0,9.0,0.0,1.0,2.0,0.0,0.0,0.2
kineris01,2020,1,TEX,AL,58,211,28,59,4,3,3,10.0,8.0,5.0,14,32.0,0.0,2.0,0.0,1.0,6.0,2.1
kineris01,2021,1,TEX,AL,158,635,74,172,25,3,8,53.0,20.0,5.0,28,90.0,2.0,11.0,1.0,2.0,11.0,3.9
kineris01,2022,1,NYA,AL,142,483,66,126,20,0,4,48.0,22.0,4.0,35,72.0,2.0,5.0,3.0,5.0,13.0,2.9
kineris01,2023,1,NYA,AL,115,326,39,79,12,1,6,37.0,14.0,5.0,28,70.0,0.0,3.0,1.0,3.0,12.0,0.0
kineris01,2024,1,TOR,AL,83,257,32,75,8,2,7,33.0,3.0,1.0,13,37.0,0.0,6.0,3.0,2.0,9.0,3.1
kineris01,2024,2,PIT,NL,50,208,21,50,10,2,1,10.0,8.0,1.0,3,41.0,0.0,4.0,0.0,0.0,3.0,0.5
kineris01,2025,1,PIT,NL,119,401,40,106,20,2,1,35.0,15.0,4.0,17,69.0,0.0,4.0,5.0,1.0,9.0,1.6
kineris01,2025,2,TOR,AL,19,30,5,7,1,0,1,5.0,0.0,0.0,0,8.0,0.0,1.0,0.0,0.0,0.0,0.0
kingesc01,2020,1,PHI,NL,36,113,12,18,5,0,3,6.0,0.0,0.0,9,35.0,0.0,1.0,1.0,0.0,1.0,-0.9
kingesc01,2021,1,PHI,NL,15,19,1,1,0,0,0,0.0,0.0,0.0,0,12.0,0.0,0.0,0.0,0.0,0.0,-0.5
kingesc01,2025,1,LAA,AL,19,27,3,4,1,0,0,0.0,1.0,1.0,2,11.0,0.0,0.0,0.0,0.0,1.0,-0.5
kingjo01,2021,1,TEX,AL,27,1,0,0,0,0,0,0.0,0.0,0.0,0,0.0,0.0,0.0,0.0,0.0,0.0,0.0
kipnija01,2020,1,CHN,NL,44,114,13,27,8,1,3,16.0,1.0,0.0,18,41.0,0.0,1.0,0.0,2.0,1.0,0.8
kirilal01,2021,1,MIN,AL,59,215,23,54,11,1,8,34.0,1.0,1.0,14,52.0,2.0,1.0,0.0,1.0,3.0,0.4
kirilal01,2022,1,MIN,AL,45,144,14,36,7,0,3,21.0,0.0,0.0,5,36.0,0.0,4.0,0.0,2.0,5.0,-0.4
kirilal01,2023,1,MIN,AL,88,281,35,76,14,1,11,41.0,1.0,0.0,28,80.0,1.0,7.0,0.0,3.0,2.0,0.5
kirilal01,2024,1,MIN,AL,57,159,20,32,8,3,5,20.0,0.0,0.0,15,47.0,0.0,1.0,0.0,3.0,5.0,-0.6
kirkal01,2020,1,TOR,AL,9,24,4,9,2,0,1,3.0,0.0,0.0,1,4.0,0.0,0.0,0.0,0.0,0.0,0.2
kirkal01,2021,1,TOR,AL,60,165,19,40,8,0,8,24.0,0.0,0.0,19,22.0,0.0,3.0,0.0,2.0,7.0,0.9
kirkal01,2022,1,TOR,AL,139,470,59,134,19,0,14,63.0,0.0,0.0,63,58.0,2.0,4.0,0.0,4.0,11.0,4.0
kirkal01,2023,1,TOR,AL,123,372,34,93,16,0,8,43.0,0.0,0.0,42,45.0,1.0,6.0,0.0,2.0,21.0,1.9
kirkal01,2024,1,TOR,AL,103,340,23,86,19,1,5,54.0,0.0,0.0,35,51.0,1.0,2.0,0.0,9.0,11.0,1.9
kirkal01,2025,1,TOR,AL,130,451,45,127,18,0,15,76.0,1.0,0.0,48,59.0,2.0,1.0,0.0,6.0,16.0,2.3
kivlepa01,2021,1,SDN,NL,5,4,3,1,0,0,0,2.0,0.0,0.0,2,3.0,0.0,1.0,0.0,1.0,0.0,0.1
kjershe01,2023,1,BAL,AL,13,30,3,7,1,0,2,3.0,0.0,0.0,2,10.0,0.0,0.0,0.0,0.0,0.0,0.0
kjershe01,2024,1,BAL,AL,39,99,8,25,2,0,4,14.0,1.0,0.0,10,33.0,2.0,5.0,0.0,0.0,0.0,0.4
kjershe01,2025,1,BAL,AL,54,156,16,30,5,2,4,19.0,1.0,0.0,6,45.0,0.0,4.0,0.0,1.0,9.0,-1.6
klubeco01,2021,1,NYA,AL,16,2,0,0,0,0,0,0.0,0.0,0.0,0,1.0,0.0,0.0,0.0,0.0,0.0,0.0
knappan01,2020,1,PHI,NL,33,72,9,20,4,1,2,15.0,0.0,0.0,15,19.0,0.0,1.0,0.0,1.0,1.0,0.8
knappan01,2021,1,PHI,NL,62,145,13,22,3,0,2,11.0,0.0,0.0,10,61.0,0.0,2.0,1.0,1.0,1.0,-1.5
knappan01,2022,1,PIT,NL,11,31,2,4,1,0,0,2.0,0.0,0.0,3,9.0,0.0,1.0,0.0,0.0,0.0,-0.1
knappan01,2022,2,SEA,AL,2,4,0,0,0,0,0,0.0,0.0,0.0,0,3.0,0.0,0.0,0.0,0.0,0.0,-0.1
knappan01,2022,3,SFN,NL,3,4,2,1,0,0,0,2.0,0.0,0.0,2,0.0,0.0,0.0,0.0,1.0,0.0,0.0
knappan01,2024,1,SFN,NL,3,6,0,1,0,0,0,0.0,0.0,0.0,0,2.0,0.0,0.0,0.0,0.0,0.0,-0.1
knebeco01,2021,1,LAN,NL,27,2,0,0,0,0,0,0.0,0.0,0.0,0,0.0,0.0,0.0,0.0,0.0,0.0,0.0
knehrre01,2021,1,SDN,NL,12,8,0,0,0,0,0,0.0,0.0,0.0,0,5.0,0.0,0.0,0.0,0.0,1.0,-0.1
kniznan01,2020,1,SLN,NL,8,16,1,4,1,0,0,4.0,0.0,0.0,0,5.0,0.0,0.0,0.0,1.0,2.0,-0.1
kniznan01,2021,1,SLN,NL,63,161,18,28,7,0,1,9.0,0.0,0.0,20,39.0,2.0,4.0,0.0,0.0,7.0,-0.3
kniznan01,2022,1,SLN,NL,97,260,28,56,10,0,4,25.0,0.0,1.0,26,62.0,0.0,6.0,1.0,0.0,9.0,0.7
kniznan01,2023,1,SLN,NL,70,224,30,54,11,0,10,31.0,2.0,0.0,12,62.0,0.0,3.0,1.0,1.0,8.0,1.0
kniznan01,2024,1,TEX,AL,37,90,5,15,1,0,1,9.0,0.0,0.0,1,22.0,0.0,1.0,0.0,1.0,2.0,-0.8
kniznan01,2025,1,SFN,NL,33,77,12,17,1,1,1,5.0,0.0,0.0,7,10.0,0.0,2.0,1.0,1.0,0.0,0.3
kochgr01,2024,1,PIT,NL,3,7,1,0,0,0,0,0.0,0.0,0.0,1,6.0,0.0,0.0,0.0,0.0,0.0,-0.1
kohlwta01,2023,1,SDN,NL,5,13,0,2,0,0,0,0.0,0.0,0.0,0,5.0,0.0,0.0,0.0,0.0,0.0,-0.2
kolozma01,2022,1,CIN,NL,10,20,3,4,2,0,1,3.0,0.0,0.0,1,9.0,0.0,0.0,0.0,0.0,1.0,0.1
kopecmi01,2021,1,CHA,AL,44,1,0,0,0,0,0,0.0,0.0,0.0,0,0.0,0.0,0.0,0.0,0.0,0.0,0.0
kossch01,2025,1,SFN,NL,76,174,25,46,9,0,3,23.0,4.0,1.0,9,45.0,0.0,3.0,3.0,2.0,4.0,1.8
kozmape01,2021,1,OAK,AL,3,11,0,1,0,0,0,0.0,0.0,0.0,1,4.0,0.0,0.0,0.0,0.0,0.0,0.2
kranima01,2021,1,PIT,NL,9,12,0,0,0,0,0,0.0,0.0,0.0,0,5.0,0.0,0.0,2.0,0.0,0.0,-0.2
kratzer01,2020,1,NYA,AL,18,28,2,9,2,0,0,4.0,0.0,0.0,2,6.0,0.0,0.0,0.0,0.0,0.0,0.4
kreidry01,2022,1,DET,AL,26,73,8,13,1,0,1,6.0,0.0,1.0,6,22.0,0.0,1.0,2.0,2.0,0.0,0.4
kreidry01,2023,1,DET,AL,11,18,2,2,0,0,0,0.0,0.0,0.0,0,7.0,0.0,0.0,0.0,0.0,0.0,-0.4
kreidry01,2024,1,DET,AL,35,59,9,7,0,0,1,2.0,5.0,3.0,6,19.0,0.0,0.0,0.0,0.0,2.0,-0.5
kreidry01,2025,1,DET,AL,17,38,5,4,0,0,0,0.0,2.0,0.0,4,19.0,0.0,0.0,2.0,0.0,0.0,-0.2
krizaja01,2022,1,SFN,NL,3,8,0,1,0,0,0,0.0,0.0,0.0,2,3.0,0.0,0.0,0.0,0.0,0.0,0.0
kuhlch01,2021,1,PIT,NL,28,21,1,1,0,0,0,0.0,0.0,0.0,1,11.0,0.0,0.0,2.0,0.0,0.0,-0.1
kurtzni01,2025,1,ATH,AL,117,420,90,122,26,2,36,86.0,2.0,1.0,63,151.0,3.0,2.0,0.0,3.0,4.0,5.4
kwanst01,2022,1,CLE,AL,147,563,89,168,25,7,6,52.0,19.0,5.0,62,60.0,2.0,7.0,2.0,4.0,9.0,5.7
kwanst01,2023,1,CLE,AL,158,638,93,171,36,7,5,54.0,21.0,3.0,70,75.0,2.0,3.0,1.0,6.0,9.0,3.2
kwanst01,2024,1,CLE,AL,122,480,83,140,16,3,14,44.0,12.0,5.0,53,51.0,0.0,5.0,2.0,0.0,5.0,4.0
kwanst01,2025,1,CLE,AL,156,625,81,170,29,1,11,56.0,21.0,5.0,55,60.0,2.0,3.0,3.0,7.0,3.0,3.7
ladenty01,2021,1,CHN,NL,1,1,0,0,0,0,0,0.0,0.0,0.0,0,0.0,0.0,0.0,0.0,0.0,0.0,0.0
lagarju01,2021,1,LAA,AL,112,309,39,73,20,2,6,38.0,1.0,2.0,12,76.0,0.0,1.0,4.0,1.0,8.0,-0.4
lagarju01,2022,1,LAA,AL,20,60,4,11,2,1,0,0.0,0.0,0.0,2,15.0,0.0,0.0,0.0,0.0,0.0,-0.9
lamarry01,2021,1,NYA,AL,9,21,3,4,0,0,2,4.0,1.0,0.0,2,6.0,0.0,1.0,0.0,0.0,1.0,0.0
lambepe01,2021,1,COL,NL,2,2,0,0,0,0,0,0.0,0.0,0.0,0,1.0,0.0,0.0,0.0,0.0,0.0,0.0
lambja01,2020,1,ARI,NL,18,43,2,5,1,0,0,1.0,0.0,1.0,6,17.0,0.0,1.0,0.0,0.0,0.0,-0.4
lambja01,2020,2,OAK,AL,13,45,5,12,4,0,3,9.0,0.0,0.0,2,8.0,0.0,2.0,0.0,0.0,1.0,0.1
lambja01,2021,1,CHA,AL,43,113,20,24,2,0,6,13.0,0.0,0.0,17,38.0,0.0,1.0,0.0,0.0,4.0,0.1
lambja01,2021,2,TOR,AL,12,31,5,4,2,0,1,6.0,0.0,0.0,5,13.0,0.0,1.0,0.0,2.0,0.0,-0.3
lambja01,2022,1,LAN,NL,25,67,10,16,5,1,2,4.0,0.0,1.0,8,24.0,0.0,2.0,0.0,0.0,4.0,0.2
lambja01,2022,2,SEA,AL,16,30,3,5,1,0,1,2.0,0.0,0.0,3,14.0,0.0,1.0,0.0,0.0,0.0,-0.3
lambja01,2023,1,LAA,AL,19,51,7,11,1,0,2,5.0,0.0,0.0,3,15.0,0.0,0.0,0.0,0.0,1.0,0.1
lametdi01,2021,1,SDN,NL,22,6,0,0,0,0,0,0.0,0.0,0.0,1,6.0,0.0,0.0,0.0,0.0,0.0,0.0
langesh01,2022,1,OAK,AL,40,142,14,31,10,1,6,22.0,0.0,0.0,9,53.0,0.0,0.0,0.0,2.0,4.0,0.2
langesh01,2023,1,OAK,AL,135,448,52,92,19,4,22,63.0,3.0,2.0,34,143.0,2.0,5.0,1.0,2.0,10.0,0.9
langesh01,2024,1,OAK,AL,137,482,58,108,18,2,29,80.0,4.0,2.0,41,145.0,2.0,5.0,0.0,6.0,15.0,2.9
langesh01,2025,1,ATH,AL,123,481,73,133,32,0,31,72.0,7.0,1.0,36,103.0,1.0,1.0,0.0,5.0,10.0,3.9
langfwy01,2024,1,TEX,AL,134,499,74,126,25,4,16,74.0,19.0,3.0,51,115.0,3.0,4.0,0.0,3.0,6.0,4.2
langfwy01,2025,1,TEX,AL,134,489,73,118,25,1,22,62.0,22.0,6.0,74,151.0,3.0,5.0,0.0,5.0,9.0,5.6
larnatr01,2021,1,MIN,AL,79,260,29,58,12,0,7,28.0,1.0,0.0,31,104.0,0.0,8.0,0.0,2.0,3.0,0.4
larnatr01,2022,1,MIN,AL,51,160,22,37,13,0,5,18.0,0.0,0.0,18,57.0,1.0,0.0,0.0,2.0,1.0,1.4
larnatr01,2023,1,MIN,AL,58,183,26,39,7,3,8,40.0,1.0,1.0,27,72.0,1.0,0.0,0.0,2.0,2.0,0.0
larnatr01,2024,1,MIN,AL,112,355,59,92,17,0,15,52.0,4.0,1.0,40,89.0,1.0,3.0,0.0,2.0,12.0,1.3
larnatr01,2025,1,MIN,AL,142,503,62,126,24,1,17,60.0,4.0,4.0,53,122.0,2.0,4.0,0.0,6.0,19.0,0.1
larseja01,2022,1,SEA,AL,1,1,0,0,0,0,0,0.0,0.0,0.0,0,1.0,0.0,0.0,0.0,0.0,0.0,0.0
lasteto01,2020,1,LAA,AL,28,99,15,27,8,0,4,14.0,1.0,0.0,15,7.0,0.0,1.0,1.0,1.0,3.0,0.4
lasteto01,2020,2,OAK,AL,27,97,16,28,6,2,1,11.0,0.0,0.0,12,5.0,0.0,1.0,0.0,1.0,3.0,0.6
lasteto01,2021,1,SFN,NL,76,220,26,55,11,1,7,27.0,0.0,0.0,18,26.0,1.0,1.0,0.0,1.0,4.0,0.3
lasteto01,2022,1,SFN,NL,60,180,17,43,14,0,2,14.0,0.0,0.0,11,30.0,0.0,1.0,0.0,3.0,4.0,-0.7
lasteto01,2023,1,SEA,AL,12,21,2,4,1,0,0,2.0,0.0,0.0,3,5.0,0.0,0.0,0.0,0.0,0.0,-0.1
lauerer01,2021,1,MIL,NL,26,26,3,4,0,0,1,4.0,0.0,0.0,3,15.0,0.0,1.0,6.0,1.0,1.0,0.2
laurera01,2020,1,OAK,AL,54,183,27,39,8,1,6,25.0,2.0,1.0,24,58.0,0.0,12.0,0.0,3.0,7.0,1.4
laurera01,2021,1,OAK,AL,88,341,43,84,21,2,14,39.0,12.0,5.0,27,98.0,0.0,9.0,0.0,1.0,4.0,2.7
laurera01,2022,1,OAK,AL,94,346,49,73,18,0,13,34.0,11.0,6.0,25,104.0,0.0,12.0,0.0,0.0,6.0,0.9
laurera01,2023,1,OAK,AL,64,225,24,48,10,3,6,21.0,8.0,0.0,17,73.0,0.0,4.0,0.0,0.0,5.0,1.1
laurera01,2023,2,CLE,AL,41,136,22,33,8,1,3,14.0,4.0,1.0,16,41.0,0.0,5.0,0.0,1.0,4.0,0.6
laurera01,2024,1,CLE,AL,31,70,7,10,3,0,1,4.0,3.0,1.0,7,32.0,0.0,5.0,0.0,1.0,1.0,0.0
laurera01,2024,2,ATL,NL,67,216,28,64,13,1,10,29.0,5.0,2.0,8,64.0,0.0,2.0,0.0,0.0,4.0,1.3
laurera01,2025,1,BAL,AL,82,259,45,75,17,0,15,46.0,4.0,3.0,22,72.0,1.0,6.0,0.0,3.0,6.0,3.0
laurera01,2025,2,SDN,NL,50,182,27,49,9,2,9,30.0,3.0,1.0,13,47.0,0.0,2.0,0.0,1.0,4.0,0.8
lavarry01,2020,1,MIA,NL,5,11,0,4,0,0,0,0.0,0.0,0.0,0,2.0,0.0,0.0,0.0,0.0,0.0,0.0
lavarry01,2021,1,CLE,AL,9,28,2,7,3,0,0,0.0,0.0,0.0,1,10.0,0.0,0.0,1.0,0.0,0.0,0.0
lavasbr01,2022,1,CLE,AL,6,12,0,1,0,0,0,0.0,0.0,0.0,3,4.0,0.0,0.0,0.0,0.0,0.0,-0.1
lawlajo01,2023,1,ARI,NL,14,31,2,4,0,0,0,0.0,1.0,1.0,2,11.0,0.0,1.0,0.0,0.0,0.0,-0.2
lawlajo01,2025,1,ARI,NL,28,66,9,12,7,0,0,5.0,2.0,0.0,6,26.0,0.0,1.0,0.0,1.0,0.0,-0.4
leblach01,2022,1,MIA,NL,48,156,18,41,10,0,4,11.0,4.0,2.0,12,53.0,0.0,1.0,0.0,0.0,0.0,0.7
leblach01,2024,1,LAA,AL,11,21,6,4,0,0,2,6.0,0.0,0.0,7,9.0,0.0,0.0,0.0,0.0,0.0,0.1
leblawa01,2021,2,SLN,NL,12,11,0,0,0,0,0,0.0,0.0,0.0,0,3.0,0.0,0.0,2.0,0.0,0.0,-0.1
leebr02,2024,1,MIN,AL,50,172,9,38,6,1,3,27.0,3.0,0.0,11,27.0,2.0,0.0,0.0,2.0,6.0,-0.2
leebr02,2025,1,MIN,AL,139,487,50,115,15,1,16,64.0,3.0,1.0,31,92.0,0.0,4.0,0.0,5.0,11.0,-0.8
leeju01,2024,1,SFN,NL,37,145,15,38,4,0,2,8.0,2.0,3.0,10,13.0,0.0,1.0,0.0,2.0,2.0,0.1
leeju01,2025,1,SFN,NL,150,560,73,149,31,12,8,55.0,10.0,3.0,47,71.0,0.0,6.0,0.0,4.0,2.0,1.7
leekh01,2021,1,NYN,NL,11,18,2,1,1,0,0,1.0,0.0,0.0,0,13.0,0.0,0.0,0.0,0.0,0.0,-0.4
leekh01,2022,1,NYN,NL,2,2,1,1,0,0,1,3.0,0.0,0.0,0,0.0,0.0,0.0,0.0,0.0,0.0,0.0
leeko01,2022,1,HOU,AL,12,25,1,4,2,0,0,4.0,0.0,0.0,1,9.0,0.0,0.0,0.0,0.0,1.0,-0.5
leeko01,2023,1,CHA,AL,24,65,4,5,1,0,1,3.0,0.0,0.0,5,20.0,0.0,0.0,0.0,0.0,0.0,-0.6
leeko01,2024,1,CHA,AL,125,377,36,79,14,1,12,37.0,6.0,3.0,17,122.0,0.0,0.0,0.0,0.0,12.0,0.0
leeko01,2025,1,CHA,AL,26,35,10,9,3,0,1,3.0,0.0,0.0,4,7.0,0.0,0.0,1.0,0.0,1.0,0.3
leiteja01,2025,1,TEX,AL,30,1,0,0,0,0,0,0.0,0.0,0.0,0,1.0,0.0,0.0,0.0,0.0,0.0,0.0
lemahdj01,2020,1,NYA,AL,50,195,41,71,10,2,10,27.0,3.0,0.0,18,21.0,0.0,2.0,0.0,1.0,3.0,3.0
lemahdj01,2021,1,NYA,AL,150,597,84,160,24,1,10,57.0,4.0,2.0,73,94.0,2.0,4.0,0.0,5.0,16.0,1.6
lemahdj01,2022,1,NYA,AL,125,467,74,122,18,0,12,46.0,4.0,3.0,67,71.0,0.0,4.0,1.0,2.0,12.0,3.6
lemahdj01,2023,1,NYA,AL,136,497,55,121,22,3,15,44.0,2.0,2.0,60,125.0,2.0,3.0,0.0,2.0,14.0,1.3
lemahdj01,2024,1,NYA,AL,67,201,19,41,5,0,2,26.0,0.0,1.0,19,35.0,0.0,1.0,1.0,6.0,13.0,-1.5
lemahdj01,2025,1,NYA,AL,45,128,13,34,3,0,2,12.0,0.0,0.0,14,35.0,0.0,0.0,0.0,0.0,4.0,0.6
leonpe01,2024,1,HOU,AL,7,20,2,2,0,0,0,0.0,2.0,0.0,1,10.0,0.0,0.0,0.0,0.0,2.0,-0.3
leonsa01,2020,1,CLE,AL,25,66,4,9,1,0,2,4.0,0.0,0.0,14,21.0,0.0,1.0,0.0,0.0,2.0,-0.1
leonsa01,2021,1,MIA,NL,84,202,15,37,5,0,4,14.0,0.0,0.0,12,65.0,0.0,3.0,1.0,2.0,2.0,-0.8
leonsa01,2022,1,CLE,AL,9,15,0,2,0,0,0,0.0,0.0,0.0,6,4.0,0.0,0.0,0.0,0.0,1.0,-0.2
leonsa01,2022,2,MIN,AL,25,56,6,10,3,0,0,4.0,0.0,0.0,7,23.0,0.0,0.0,2.0,0.0,1.0,-0.4
leonsa01,2023,1,TEX,AL,22,41,4,6,2,0,0,4.0,0.0,0.0,1,20.0,0.0,1.0,1.0,0.0,2.0,-0.5
leonsa01,2025,1,ATL,NL,5,12,1,1,0,0,1,3.0,0.0,0.0,0,4.0,0.0,0.0,0.0,0.0,0.0,-0.1
lestejo01,2021,1,WAS,NL,18,28,3,5,0,0,1,3.0,0.0,0.0,0,13.0,0.0,0.0,1.0,0.0,0.0,0.1
lestejo01,2021,2,SLN,NL,12,20,0,3,2,0,0,0.0,0.0,0.0,2,11.0,0.0,0.0,0.0,0.0,0.0,0.1
lestejo02,2022,1,DET,AL,2,5,0,0,0,0,0,0.0,0.0,0.0,0,3.0,0.0,0.0,0.0,0.0,0.0,-0.1
lestejo02,2023,1,BAL,AL,11,22,0,4,0,0,0,4.0,0.0,0.0,1,7.0,0.0,0.0,0.0,0.0,1.0,-0.2
lewisky01,2020,1,SEA,AL,58,206,37,54,3,0,11,28.0,5.0,1.0,34,71.0,0.0,0.0,0.0,2.0,5.0,1.6
lewisky01,2021,1,SEA,AL,36,130,15,32,4,0,5,11.0,2.0,0.0,16,37.0,0.0,1.0,0.0,0.0,1.0,0.4
lewisky01,2022,1,SEA,AL,18,56,6,8,0,0,3,5.0,0.0,0.0,5,19.0,0.0,1.0,0.0,0.0,2.0,-0.1
lewisky01,2023,1,ARI,NL,16,51,2,8,2,0,1,2.0,0.0,0.0,3,21.0,0.0,0.0,0.0,0.0,0.0,-0.6
lewisro02,2022,1,MIN,AL,12,40,5,12,4,0,2,5.0,0.0,0.0,1,5.0,0.0,0.0,0.0,0.0,2.0,0.3
lewisro02,2023,1,MIN,AL,58,217,36,67,7,0,15,52.0,6.0,1.0,20,55.0,0.0,2.0,0.0,0.0,5.0,2.4
lewisro02,2024,1,MIN,AL,82,292,40,68,16,0,16,47.0,0.0,0.0,28,74.0,2.0,0.0,0.0,5.0,5.0,0.7
lewisro02,2025,1,MIN,AL,106,376,36,89,18,0,13,52.0,12.0,2.0,25,80.0,0.0,0.0,0.0,2.0,7.0,0.6
leybado01,2021,1,ARI,NL,13,22,0,0,0,0,0,0.0,0.0,0.0,2,7.0,0.0,0.0,0.0,0.0,1.0,-0.5
leybado01,2021,2,BAL,AL,21,65,6,10,1,0,1,4.0,0.0,0.0,6,16.0,0.0,1.0,0.0,0.0,3.0,-0.7
liberlu01,2022,1,SDN,NL,7,5,0,0,0,0,0,0.0,0.0,0.0,0,3.0,0.0,0.0,0.0,0.0,0.0,-0.2
lileda01,2025,1,WAS,NL,91,321,51,96,15,11,9,41.0,8.0,6.0,21,56.0,0.0,4.0,1.0,3.0,5.0,0.8
lindbjo01,2021,1,MIL,NL,8,1,0,0,0,0,0,0.0,0.0,0.0,0,1.0,0.0,0.0,0.0,0.0,0.0,0.0
lindofr01,2020,1,CLE,AL,60,236,30,61,13,0,8,27.0,6.0,2.0,24,41.0,2.0,4.0,0.0,2.0,8.0,1.3
lindofr01,2021,1,NYN,NL,125,452,73,104,16,3,20,63.0,10.0,4.0,58,96.0,4.0,5.0,6.0,3.0,7.0,3.0
lindofr01,2022,1,NYN,NL,161,630,98,170,25,5,26,107.0,16.0,6.0,59,133.0,2.0,10.0,0.0,7.0,11.0,5.4
lindofr01,2023,1,NYN,NL,160,602,108,153,33,2,31,98.0,31.0,4.0,66,137.0,1.0,12.0,0.0,7.0,8.0,6.1
lindofr01,2024,1,NYN,NL,152,618,107,169,39,1,33,91.0,29.0,4.0,56,127.0,0.0,12.0,0.0,3.0,7.0,6.8
lindofr01,2025,1,NYN,NL,160,644,117,172,35,0,31,86.0,31.0,6.0,65,131.0,2.0,16.0,0.0,7.0,9.0,5.9
lintz01,2020,1,BOS,AL,26,52,2,8,1,0,0,3.0,0.0,0.0,2,17.0,0.0,0.0,2.0,1.0,1.0,-0.5
lipcian01,2023,1,DET,AL,13,35,3,10,1,0,1,4.0,0.0,0.0,3,8.0,0.0,0.0,0.0,0.0,1.0,-0.1
lipsctr01,2024,1,WAS,NL,61,190,20,38,3,0,1,10.0,11.0,2.0,16,40.0,0.0,2.0,1.0,1.0,7.0,-0.2
lipsctr01,2025,1,WAS,NL,3,4,1,2,0,0,0,0.0,0.0,0.0,0,1.0,0.0,0.0,0.0,0.0,0.0,0.1
litteza01,2021,1,SFN,NL,63,4,0,1,0,0,0,0.0,0.0,0.0,0,3.0,0.0,0.0,0.0,0.0,0.0,0.0
lobatjo01,2021,1,CHN,NL,6,11,1,0,0,0,0,0.0,0.0,0.0,2,5.0,0.0,0.0,0.0,0.0,0.0,-0.3
locasti01,2020,1,ARI,NL,33,69,15,20,4,1,2,7.0,4.0,0.0,8,14.0,0.0,4.0,1.0,0.0,0.0,0.7
locasti01,2021,1,ARI,NL,55,118,11,21,2,0,1,5.0,5.0,3.0,6,26.0,0.0,9.0,0.0,0.0,2.0,-0.7
locasti01,2021,2,NYA,AL,9,21,4,4,2,0,1,2.0,0.0,0.0,1,7.0,0.0,0.0,0.0,1.0,0.0,0.0
locasti01,2022,1,NYA,AL,38,43,13,8,1,0,2,4.0,8.0,2.0,2,7.0,0.0,1.0,0.0,0.0,0.0,-0.3
locasti01,2023,1,NYN,NL,43,56,13,13,3,0,2,3.0,6.0,0.0,3,22.0,0.0,6.0,2.0,0.0,0.0,0.4
locklty01,2024,1,SEA,AL,16,45,3,7,1,0,2,3.0,1.0,0.0,3,20.0,0.0,1.0,0.0,0.0,3.0,-0.3
locklty01,2025,1,ARI,NL,31,103,11,18,0,0,3,6.0,3.0,1.0,10,43.0,0.0,3.0,0.0,0.0,3.0,-1.1
lockrbr01,2024,1,SDN,NL,12,12,4,2,0,0,1,1.0,2.0,0.0,0,4.0,0.0,0.0,0.0,0.0,0.0,0.0
lockrbr01,2025,1,SDN,NL,47,88,9,19,4,0,0,5.0,8.0,1.0,4,24.0,0.0,1.0,2.0,0.0,2.0,-0.2
lockrbr01,2025,2,MIL,NL,20,46,8,12,3,1,0,6.0,2.0,0.0,4,12.0,0.0,0.0,1.0,2.0,0.0,0.4
loftini01,2023,1,KCA,AL,19,62,10,20,5,1,0,10.0,2.0,0.0,4,12.0,0.0,1.0,0.0,1.0,0.0,0.6
loftini01,2024,1,KCA,AL,57,148,15,28,4,0,1,14.0,1.0,0.0,19,24.0,0.0,1.0,1.0,2.0,4.0,0.2
loftini01,2025,1,KCA,AL,67,168,17,35,9,2,4,20.0,1.0,1.0,14,27.0,0.0,3.0,1.0,2.0,7.0,-0.4
longoev01,2020,1,SFN,NL,53,193,26,49,10,1,7,28.0,0.0,1.0,11,39.0,0.0,2.0,0.0,3.0,10.0,0.6
longoev01,2021,1,SFN,NL,81,253,45,66,17,0,13,46.0,1.0,1.0,35,68.0,4.0,1.0,0.0,2.0,9.0,1.7
longoev01,2022,1,SFN,NL,89,266,31,65,13,0,14,42.0,0.0,0.0,27,83.0,2.0,2.0,0.0,3.0,6.0,0.7
longoev01,2023,1,ARI,NL,74,211,25,47,9,0,11,28.0,0.0,0.0,23,73.0,0.0,0.0,0.0,3.0,8.0,0.4
longsa01,2021,1,SFN,NL,12,10,0,1,0,0,0,0.0,0.0,0.0,0,4.0,0.0,0.0,1.0,0.0,0.0,0.0
longsh01,2020,1,SEA,AL,34,117,10,20,5,0,3,9.0,4.0,0.0,11,37.0,0.0,0.0,0.0,0.0,1.0,-0.1
longsh01,2021,1,SEA,AL,34,111,13,22,4,1,4,17.0,1.0,0.0,9,39.0,0.0,0.0,1.0,0.0,3.0,-0.3
loperjo01,2024,1,HOU,AL,38,106,11,25,5,1,2,16.0,2.0,1.0,7,43.0,0.0,3.0,1.0,1.0,1.0,0.3
loperjo01,2024,2,TOR,AL,43,137,13,27,8,3,2,9.0,2.0,1.0,6,52.0,0.0,1.0,0.0,0.0,2.0,0.2
loperjo01,2025,1,TOR,AL,41,96,12,32,4,0,4,14.0,1.0,2.0,4,27.0,0.0,3.0,1.0,0.0,2.0,0.6
lopesch01,2022,1,OAK,AL,4,9,0,0,0,0,0,0.0,0.0,0.0,1,5.0,0.0,0.0,0.0,0.0,0.0,-0.2
lopesti01,2020,1,SEA,AL,46,143,16,34,12,0,2,15.0,5.0,0.0,6,34.0,0.0,2.0,0.0,0.0,2.0,-0.2
lopesti01,2021,1,MIL,NL,7,10,1,1,0,0,0,0.0,0.0,1.0,1,4.0,0.0,0.0,0.0,0.0,0.0,-0.2
lopezal03,2021,1,CIN,NL,14,23,3,6,0,0,0,0.0,0.0,0.0,0,5.0,0.0,0.0,0.0,0.0,1.0,-0.3
lopezal03,2022,1,CIN,NL,61,145,15,38,5,1,1,10.0,3.0,1.0,9,21.0,1.0,2.0,0.0,0.0,1.0,-0.3
lopezal03,2023,1,CIN,NL,1,2,1,1,1,0,0,1.0,0.0,0.0,0,1.0,0.0,0.0,0.0,0.0,0.0,0.2
lopezir01,2023,1,SLN,NL,5,11,0,0,0,0,0,1.0,0.0,0.0,0,5.0,0.0,0.0,0.0,1.0,0.0,-0.4
lopezja03,2021,1,BOS,AL,7,13,2,2,2,0,0,0.0,0.0,0.0,1,6.0,0.0,0.0,2.0,0.0,0.0,0.1
lopezja03,2024,1,LAA,AL,27,67,4,17,3,0,1,6.0,0.0,1.0,2,25.0,0.0,1.0,1.0,0.0,2.0,0.0
lopezjo02,2021,1,BAL,AL,33,2,0,0,0,0,0,0.0,0.0,0.0,0,1.0,0.0,0.0,0.0,0.0,0.0,0.0
lopezni01,2020,1,KCA,AL,56,169,15,34,8,0,1,13.0,0.0,5.0,18,41.0,0.0,2.0,3.0,0.0,1.0,0.2
lopezni01,2021,1,KCA,AL,151,497,78,149,21,6,2,43.0,22.0,1.0,49,74.0,0.0,4.0,12.0,3.0,9.0,4.4
lopezni01,2022,1,KCA,AL,142,436,51,99,12,4,0,20.0,13.0,3.0,29,63.0,0.0,4.0,10.0,1.0,8.0,-0.3
lopezni01,2023,1,KCA,AL,68,160,19,34,5,3,0,13.0,4.0,2.0,21,30.0,0.0,5.0,4.0,0.0,3.0,1.0
lopezni01,2023,2,ATL,NL,26,65,13,18,3,0,1,12.0,2.0,0.0,5,10.0,0.0,1.0,0.0,1.0,0.0,0.8
lopezni01,2024,1,CHA,AL,124,398,40,96,12,3,1,21.0,5.0,7.0,37,67.0,0.0,4.0,6.0,0.0,3.0,0.1
lopezni01,2025,1,LAA,AL,5,6,0,0,0,0,0,0.0,0.0,0.0,0,1.0,0.0,0.0,0.0,0.0,0.0,-0.2
lopezni01,2025,2,CHN,NL,14,18,2,1,0,0,0,1.0,0.0,0.0,4,3.0,0.0,0.0,0.0,0.0,1.0,-0.3
lopezot01,2021,1,TOR,AL,1,1,0,0,0,0,0,0.0,0.0,0.0,0,1.0,0.0,0.0,0.0,0.0,0.0,0.0
lopezot01,2022,1,TOR,AL,8,9,0,6,0,0,0,3.0,0.0,1.0,1,1.0,0.0,0.0,0.0,0.0,0.0,0.3
lopezot01,2024,1,MIA,NL,117,403,49,109,23,1,6,39.0,20.0,4.0,25,75.0,0.0,1.0,2.0,2.0,13.0,2.8
lopezot01,2025,1,MIA,NL,143,544,66,134,21,0,15,77.0,15.0,6.0,44,82.0,2.0,3.0,0.0,3.0,9.0,3.5
lopezpa01,2021,1,MIA,NL,21,33,2,2,2,0,0,0.0,0.0,0.0,0,17.0,0.0,0.0,2.0,0.0,1.0,-0.1
lorenmi01,2021,1,CIN,NL,27,1,1,0,0,0,0,0.0,0.0,0.0,0,1.0,0.0,0.0,0.0,0.0,0.0,0.0
lowebr01,2020,1,TBA,AL,56,193,36,52,9,2,14,37.0,3.0,0.0,25,58.0,0.0,4.0,0.0,2.0,2.0,2.4
lowebr01,2021,1,TBA,AL,149,535,97,132,31,0,39,99.0,7.0,1.0,68,167.0,4.0,9.0,0.0,3.0,2.0,4.6
lowebr01,2022,1,TBA,AL,65,235,31,52,10,2,8,25.0,1.0,0.0,27,61.0,0.0,3.0,0.0,1.0,1.0,0.9
lowebr01,2023,1,TBA,AL,109,377,58,87,15,1,21,68.0,7.0,0.0,50,119.0,0.0,6.0,0.0,3.0,8.0,2.1
lowebr01,2024,1,TBA,AL,107,385,56,94,19,3,21,58.0,5.0,1.0,33,112.0,2.0,5.0,0.0,2.0,7.0,2.4
lowebr01,2025,1,TBA,AL,134,507,79,130,19,0,31,83.0,3.0,2.0,38,149.0,1.0,2.0,0.0,6.0,6.0,1.9
lowejo01,2021,1,TBA,AL,2,1,0,1,0,0,0,0.0,1.0,0.0,1,0.0,0.0,0.0,0.0,0.0,0.0,0.1
lowejo01,2022,1,TBA,AL,52,181,24,40,12,2,2,13.0,3.0,0.0,15,66.0,1.0,1.0,1.0,0.0,1.0,0.3
lowejo01,2023,1,TBA,AL,135,466,71,136,33,2,20,83.0,32.0,3.0,31,124.0,2.0,1.0,0.0,3.0,6.0,3.7
lowejo01,2024,1,TBA,AL,106,353,37,85,19,2,10,34.0,25.0,1.0,32,123.0,4.0,0.0,0.0,2.0,2.0,0.7
lowejo01,2025,1,TBA,AL,108,396,56,87,21,2,11,40.0,18.0,4.0,33,109.0,1.0,3.0,1.0,2.0,7.0,0.1
lowena01,2020,1,TBA,AL,21,67,10,15,2,0,4,11.0,1.0,0.0,9,28.0,2.0,0.0,0.0,0.0,2.0,0.3
lowena01,2021,1,TEX,AL,157,557,75,147,24,3,18,72.0,8.0,0.0,80,162.0,2.0,2.0,0.0,3.0,13.0,2.3
lowena01,2022,1,TEX,AL,157,593,74,179,26,3,27,76.0,2.0,2.0,48,147.0,2.0,4.0,0.0,0.0,10.0,3.2
lowena01,2023,1,TEX,AL,161,623,89,163,38,3,17,82.0,1.0,0.0,93,165.0,2.0,5.0,0.0,3.0,22.0,2.9
lowena01,2024,1,TEX,AL,140,486,62,129,16,1,16,69.0,2.0,0.0,71,125.0,1.0,4.0,0.0,4.0,9.0,3.0
lowena01,2025,1,WAS,NL,119,440,50,95,17,2,16,68.0,1.0,0.0,47,130.0,0.0,1.0,0.0,2.0,5.0,-0.3
lowena01,2025,2,BOS,AL,34,100,14,28,6,1,2,16.0,0.0,0.0,15,29.0,2.0,1.0,0.0,3.0,1.0,0.4
lowrije01,2021,1,OAK,AL,139,457,55,112,28,0,14,69.0,0.0,0.0,49,108.0,1.0,2.0,0.0,4.0,8.0,0.2
lowrije01,2022,1,OAK,AL,50,167,14,30,5,0,3,16.0,1.0,0.0,15,39.0,0.0,0.0,0.0,2.0,5.0,-1.2
lucchjo01,2021,1,NYN,NL,11,10,1,0,0,0,0,0.0,0.0,0.0,1,7.0,0.0,0.0,0.0,0.0,0.0,-0.1
luciama01,2023,1,SFN,NL,14,39,4,9,3,0,0,0.0,1.0,0.0,6,17.0,0.0,0.0,0.0,0.0,0.0,0.1
luciama01,2024,1,SFN,NL,27,76,10,16,5,1,0,3.0,0.0,1.0,5,28.0,0.0,0.0,0.0,0.0,1.0,-0.4
lucrojo01,2021,1,WAS,NL,5,14,0,5,1,0,0,2.0,0.0,0.0,0,2.0,0.0,0.0,0.0,0.0,0.0,0.0
lucrojo01,2021,2,ATL,NL,2,5,2,1,0,0,0,1.0,0.0,0.0,3,2.0,0.0,0.0,1.0,0.0,0.0,0.1
lugoda01,2020,1,DET,AL,9,10,3,2,0,0,0,1.0,0.0,0.0,1,1.0,0.0,0.0,0.0,0.0,1.0,-0.1
lugoma01,2025,1,LAA,AL,31,69,9,16,2,1,4,9.0,0.0,0.0,0,24.0,0.0,1.0,0.0,0.0,3.0,-0.5
lugose01,2021,1,NYN,NL,46,1,0,0,0,0,0,0.0,0.0,0.0,0,0.0,0.0,0.0,0.0,0.0,0.0,0.1
lukesna01,2023,1,TOR,AL,29,26,4,5,1,1,0,2.0,0.0,0.0,4,9.0,0.0,0.0,0.0,1.0,1.0,0.0
lukesna01,2024,1,TOR,AL,22,76,13,23,4,2,1,10.0,1.0,0.0,10,9.0,0.0,0.0,2.0,3.0,1.0,1.2
lukesna01,2025,1,TOR,AL,135,388,55,99,19,2,12,65.0,2.0,4.0,38,60.0,2.0,2.0,7.0,3.0,12.0,2.0
luplojo01,2020,1,CLE,AL,29,78,8,15,5,1,2,8.0,0.0,1.0,12,19.0,0.0,1.0,0.0,1.0,3.0,-0.1
luplojo01,2021,1,CLE,AL,36,98,12,17,5,0,7,20.0,0.0,2.0,21,31.0,0.0,2.0,0.0,0.0,1.0,0.4
luplojo01,2021,2,TBA,AL,26,65,11,16,3,0,4,8.0,1.0,0.0,7,26.0,0.0,0.0,0.0,0.0,1.0,0.2
luplojo01,2022,1,ARI,NL,83,205,26,36,5,0,11,28.0,5.0,1.0,25,60.0,1.0,3.0,0.0,1.0,5.0,0.0
luplojo01,2023,1,TOR,AL,7,14,1,3,0,0,0,1.0,0.0,0.0,3,8.0,1.0,0.0,0.0,0.0,0.0,-0.1
luplojo01,2023,2,MIN,AL,32,63,10,13,3,0,2,4.0,2.0,0.0,9,19.0,0.0,1.0,0.0,0.0,1.0,0.1
luxga01,2020,1,LAN,NL,19,63,8,11,2,0,3,8.0,1.0,0.0,6,19.0,0.0,0.0,0.0,0.0,0.0,0.6
luxga01,2021,1,LAN,NL,102,335,49,81,12,4,7,46.0,4.0,1.0,41,83.0,3.0,3.0,0.0,2.0,3.0,1.5
luxga01,2022,1,LAN,NL,129,421,66,116,20,7,6,42.0,7.0,2.0,47,95.0,0.0,0.0,0.0,3.0,3.0,2.8
luxga01,2024,1,LAN,NL,139,439,59,110,24,2,10,50.0,5.0,2.0,44,110.0,0.0,2.0,0.0,2.0,8.0,2.0
luxga01,2025,1,CIN,NL,140,446,49,120,28,2,5,53.0,1.0,0.0,56,114.0,0.0,0.0,0.0,1.0,3.0,-0.2
luzarje01,2021,1,OAK,AL,13,1,0,0,0,0,0,0.0,0.0,0.0,0,0.0,0.0,0.0,0.0,0.0,0.0,0.0
luzarje01,2021,2,MIA,NL,12,14,1,0,0,0,0,0.0,0.0,0.0,4,6.0,0.0,0.0,1.0,0.0,0.0,0.1
lylesjo01,2021,1,TEX,AL,32,6,0,0,0,0,0,0.0,0.0,0.0,0,5.0,0.0,0.0,0.0,0.0,0.0,-0.1
lynnla01,2021,1,CHA,AL,28,5,0,1,0,0,0,2.0,0.0,0.0,0,3.0,0.0,0.0,0.0,0.0,0.0,0.0
machadi01,2022,1,SFN,NL,5,15,1,3,0,0,0,0.0,0.0,0.0,1,5.0,0.0,1.0,0.0,0.0,0.0,0.1
machama01,2020,1,SDN,NL,60,224,44,68,12,1,16,47.0,6.0,3.0,26,37.0,4.0,0.0,0.0,4.0,9.0,3.0
machama01,2021,1,SDN,NL,153,564,92,157,31,2,28,106.0,12.0,3.0,63,102.0,10.0,2.0,0.0,11.0,10.0,5.0
machama01,2022,1,SDN,NL,150,578,100,172,37,1,32,102.0,9.0,1.0,63,133.0,10.0,1.0,0.0,2.0,12.0,6.8
machama01,2023,1,SDN,NL,138,543,75,140,21,0,30,91.0,3.0,2.0,50,109.0,1.0,2.0,0.0,6.0,20.0,2.7
machama01,2024,1,SDN,NL,152,593,77,163,30,0,29,105.0,11.0,2.0,45,124.0,6.0,1.0,0.0,4.0,25.0,3.1
machama01,2025,1,SDN,NL,159,615,91,169,33,0,27,95.0,14.0,3.0,55,131.0,4.0,3.0,0.0,5.0,16.0,4.1
machivi01,2020,1,OAK,AL,24,63,11,13,2,0,0,0.0,0.0,0.0,8,10.0,0.0,0.0,0.0,0.0,4.0,-0.4
machivi01,2021,1,OAK,AL,15,32,1,4,0,0,0,1.0,0.0,0.0,3,10.0,0.0,0.0,2.0,0.0,2.0,-0.3
machivi01,2022,1,OAK,AL,73,223,26,49,12,0,1,13.0,1.0,1.0,25,47.0,0.0,2.0,0.0,3.0,6.0,-0.5
machivi01,2025,1,BAL,AL,4,11,1,1,0,0,1,1.0,0.0,0.0,1,2.0,0.0,0.0,0.0,0.0,0.0,0.1
macivwi01,2025,1,ATH,AL,33,102,7,19,5,0,3,9.0,3.0,0.0,7,27.0,0.0,2.0,0.0,0.0,1.0,-0.2
mackida01,2022,1,LAA,AL,16,37,0,7,0,0,0,6.0,0.0,0.0,5,12.0,0.0,0.0,0.0,1.0,2.0,-0.3
mackida01,2022,2,OAK,AL,6,13,2,0,0,0,0,0.0,0.0,0.0,1,5.0,0.0,0.0,0.0,0.0,0.0,-0.2
maderlu01,2021,1,MIA,NL,6,1,0,0,0,0,0,0.0,0.0,0.0,0,0.0,0.0,0.0,0.0,0.0,0.0,0.0
madribl01,2022,1,PIT,NL,39,113,10,20,7,0,1,7.0,2.0,1.0,10,31.0,0.0,0.0,0.0,0.0,0.0,-1.0
madribl01,2023,1,HOU,AL,12,26,4,4,1,0,0,0.0,0.0,0.0,4,7.0,0.0,0.0,0.0,0.0,0.0,-0.3
madribl01,2024,1,DET,AL,21,67,8,18,3,0,1,5.0,0.0,0.0,6,20.0,0.0,0.0,0.0,1.0,0.0,0.2
madrini01,2020,1,CHA,AL,29,103,8,35,3,0,0,11.0,2.0,1.0,4,7.0,0.0,2.0,0.0,0.0,5.0,0.5
madrini01,2021,1,CHA,AL,54,200,30,61,10,4,2,21.0,1.0,2.0,11,17.0,0.0,3.0,0.0,1.0,3.0,1.2
madrini01,2022,1,CHN,NL,59,209,19,52,7,0,0,7.0,3.0,1.0,14,27.0,0.0,3.0,2.0,0.0,6.0,0.6
madrini01,2023,1,CHN,NL,92,270,34,71,16,1,2,28.0,10.0,2.0,10,24.0,0.0,9.0,5.0,0.0,3.0,1.3
madrini01,2024,1,CHN,NL,51,86,5,19,3,0,0,10.0,1.0,0.0,4,10.0,0.0,3.0,1.0,0.0,2.0,-0.4
maedake01,2021,1,MIN,AL,23,3,2,1,0,0,0,0.0,0.0,0.0,0,1.0,0.0,0.0,1.0,0.0,0.0,0.0
maggidr01,2023,1,PIT,NL,3,6,1,2,1,0,0,1.0,0.0,0.0,0,1.0,0.0,0.0,0.0,0.0,0.0,0.0
mahlety01,2021,1,CIN,NL,33,55,1,3,0,0,0,1.0,0.0,0.0,4,19.0,0.0,0.0,7.0,0.0,2.0,-0.3
mailelu01,2021,1,MIL,NL,15,30,6,9,4,0,0,3.0,0.0,0.0,3,7.0,0.0,1.0,0.0,0.0,1.0,0.3
mailelu01,2022,1,CLE,AL,76,181,19,40,10,0,3,17.0,0.0,0.0,19,54.0,0.0,3.0,0.0,3.0,6.0,0.7
mailelu01,2023,1,CIN,NL,78,179,17,42,10,0,6,25.0,2.0,1.0,14,49.0,0.0,5.0,1.0,0.0,8.0,0.8
mailelu01,2024,1,CIN,NL,55,135,8,24,4,0,2,8.0,2.0,0.0,13,52.0,0.0,4.0,1.0,1.0,4.0,-0.4
mailelu01,2025,1,KCA,AL,25,45,6,11,2,0,1,6.0,1.0,0.0,7,16.0,0.0,0.0,2.0,0.0,1.0,0.0
maldoma01,2020,1,HOU,AL,47,135,19,29,4,0,6,24.0,1.0,0.0,27,51.0,0.0,1.0,2.0,0.0,2.0,0.8
maldoma01,2021,1,HOU,AL,125,373,40,64,10,1,12,36.0,0.0,0.0,47,127.0,1.0,5.0,0.0,1.0,9.0,0.0
maldoma01,2022,1,HOU,AL,113,344,40,64,12,0,15,45.0,0.0,0.0,22,116.0,0.0,7.0,4.0,2.0,6.0,0.4
maldoma01,2023,1,HOU,AL,117,362,33,69,12,0,15,36.0,0.0,0.0,30,139.0,0.0,3.0,12.0,0.0,10.0,0.3
maldoma01,2024,1,CHA,AL,48,135,9,16,3,0,4,11.0,0.0,0.0,8,51.0,0.0,1.0,3.0,0.0,5.0,-1.3
maldoma01,2025,1,SDN,NL,64,147,11,30,6,0,4,12.0,0.0,0.0,8,57.0,0.0,0.0,6.0,0.0,3.0,-0.2
malloju02,2024,1,DET,AL,71,202,18,41,7,1,8,21.0,1.0,1.0,23,85.0,0.0,3.0,0.0,2.0,2.0,-0.5
malloju02,2025,1,DET,AL,52,104,15,23,6,0,1,17.0,0.0,0.0,20,32.0,0.0,1.0,0.0,2.0,1.0,-0.2
manaese01,2021,1,OAK,AL,32,4,0,2,1,0,0,0.0,0.0,0.0,0,1.0,0.0,0.0,1.0,0.0,0.0,0.2
mancitr01,2021,1,BAL,AL,147,556,77,142,33,1,21,71.0,0.0,0.0,51,143.0,4.0,8.0,0.0,1.0,19.0,1.0
mancitr01,2022,1,BAL,AL,92,354,39,95,16,1,10,41.0,0.0,0.0,35,86.0,2.0,9.0,0.0,3.0,4.0,1.9
mancitr01,2022,2,HOU,AL,51,165,17,29,7,0,8,22.0,0.0,0.0,18,49.0,0.0,1.0,0.0,2.0,8.0,-0.5
mancitr01,2023,1,CHN,NL,79,235,31,55,12,0,4,28.0,0.0,0.0,21,78.0,1.0,2.0,0.0,3.0,5.0,-1.1
manguja01,2025,1,TBA,AL,118,405,37,120,18,1,3,40.0,27.0,6.0,19,64.0,0.0,2.0,1.0,1.0,4.0,1.6
mannima01,2021,1,DET,AL,18,1,0,0,0,0,0,0.0,0.0,0.0,0,1.0,0.0,0.0,0.0,0.0,0.0,0.0
manoaal01,2021,1,TOR,AL,20,1,0,0,0,0,0,0.0,0.0,0.0,0,1.0,0.0,0.0,0.0,0.0,0.0,0.0
manzaky01,2024,1,CLE,AL,53,145,11,34,12,0,5,15.0,0.0,0.0,9,41.0,0.0,1.0,0.0,1.0,3.0,0.0
manzaky01,2025,1,CLE,AL,142,470,47,110,19,2,27,70.0,2.0,0.0,48,135.0,2.0,8.0,0.0,5.0,7.0,0.4
marcatu01,2021,1,SDN,NL,25,44,7,8,1,0,0,3.0,0.0,1.0,6,9.0,0.0,0.0,0.0,0.0,2.0,-0.1
marcatu01,2022,1,PIT,NL,49,160,18,33,6,2,2,13.0,2.0,1.0,10,44.0,0.0,1.0,5.0,1.0,1.0,-0.7
marcatu01,2023,1,PIT,NL,75,202,16,47,12,2,3,18.0,5.0,2.0,10,35.0,0.0,3.0,3.0,2.0,2.0,-0.3
marchra01,2020,1,PHI,NL,3,8,3,4,0,0,1,3.0,0.0,0.0,1,2.0,0.0,0.0,0.0,0.0,0.0,0.2
marchra01,2021,1,PHI,NL,20,52,7,12,1,1,1,4.0,0.0,0.0,4,10.0,0.0,0.0,0.0,0.0,1.0,0.2
marchra01,2024,1,PHI,NL,17,51,8,15,4,0,3,6.0,0.0,0.0,3,8.0,0.0,1.0,1.0,0.0,1.0,0.7
marchra01,2025,1,PHI,NL,42,105,9,22,4,0,2,13.0,0.0,0.0,10,17.0,0.0,1.0,1.0,1.0,1.0,0.2
margoma01,2020,1,TBA,AL,47,145,19,39,9,0,1,11.0,12.0,4.0,13,25.0,0.0,0.0,0.0,1.0,0.0,1.1
margoma01,2021,1,TBA,AL,125,421,55,107,18,3,10,57.0,13.0,8.0,37,70.0,2.0,1.0,1.0,4.0,4.0,3.0
margoma01,2022,1,TBA,AL,89,336,36,92,18,2,4,47.0,7.0,3.0,24,68.0,1.0,2.0,0.0,1.0,7.0,1.5
margoma01,2023,1,TBA,AL,99,311,39,82,21,1,4,38.0,9.0,3.0,18,55.0,0.0,4.0,0.0,3.0,6.0,0.6
margoma01,2024,1,MIN,AL,129,315,37,75,17,1,4,31.0,5.0,0.0,21,54.0,0.0,3.0,1.0,3.0,10.0,-0.9
margoma01,2025,1,DET,AL,6,19,1,6,0,0,0,3.0,0.0,0.0,0,6.0,0.0,0.0,0.0,1.0,0.0,-0.1
marisja01,2020,1,NYN,NL,16,33,4,11,3,0,2,5.0,0.0,0.0,1,10.0,0.0,0.0,0.0,0.0,0.0,0.2
marisja01,2021,1,CHN,NL,65,128,17,29,6,3,5,22.0,3.0,1.0,9,43.0,0.0,4.0,1.0,2.0,2.0,0.2
marisja01,2021,2,SDN,NL,34,48,4,9,1,0,0,2.0,1.0,0.0,2,22.0,0.0,3.0,1.0,0.0,2.0,-0.2
marisja01,2022,1,PIT,NL,31,77,9,18,6,0,2,6.0,2.0,1.0,4,24.0,1.0,0.0,1.0,0.0,2.0,0.3
marisja01,2023,1,CHA,AL,9,2,1,0,0,0,0,0.0,0.0,0.0,0,1.0,0.0,0.0,0.0,0.0,0.0,0.0
marisja01,2023,2,DET,AL,33,69,9,16,3,2,2,10.0,2.0,2.0,3,20.0,0.0,1.0,1.0,1.0,4.0,0.4
marisja01,2023,3,LAN,NL,4,5,0,2,0,0,0,0.0,0.0,1.0,0,0.0,0.0,1.0,0.0,0.0,0.0,0.0
markani01,2020,1,ATL,NL,37,130,15,33,15,0,1,15.0,0.0,1.0,10,23.0,0.0,1.0,0.0,0.0,5.0,-0.2
marloca01,2023,1,SEA,AL,34,88,14,21,3,2,3,11.0,4.0,2.0,12,33.0,0.0,0.0,0.0,0.0,1.0,1.1
marloca01,2024,1,SEA,AL,8,8,1,2,0,0,0,0.0,0.0,0.0,1,1.0,0.0,0.0,0.0,0.0,1.0,0.0
marmojo01,2020,1,SEA,AL,35,107,12,22,4,0,6,18.0,0.0,1.0,7,32.0,0.0,1.0,0.0,0.0,2.0,-0.2
marmojo01,2021,1,SEA,AL,41,106,11,17,4,0,4,12.0,0.0,0.0,15,39.0,0.0,0.0,0.0,1.0,0.0,-0.6
marquge01,2021,1,COL,NL,32,53,5,14,5,0,1,9.0,0.0,0.0,0,13.0,0.0,0.0,7.0,0.0,0.0,0.7
marrede01,2021,1,MIA,NL,10,16,4,3,0,0,1,1.0,1.0,0.0,3,6.0,0.0,0.0,0.0,0.0,2.0,0.0
marrede01,2022,1,NYN,NL,5,6,0,0,0,0,0,0.0,1.0,0.0,0,3.0,0.0,0.0,0.0,0.0,0.0,-0.1
marseja01,2025,1,MIA,NL,55,209,28,61,18,3,5,33.0,14.0,6.0,22,48.0,0.0,2.0,0.0,1.0,2.0,1.9
marshbr02,2021,1,LAA,AL,70,236,27,60,12,3,2,19.0,6.0,1.0,20,91.0,0.0,2.0,1.0,1.0,3.0,0.2
marshbr02,2022,1,LAA,AL,93,292,34,66,9,2,8,37.0,8.0,2.0,22,117.0,1.0,3.0,3.0,3.0,2.0,1.0
marshbr02,2022,2,PHI,NL,41,132,15,38,9,2,3,15.0,2.0,2.0,6,41.0,0.0,0.0,0.0,0.0,2.0,0.8
marshbr02,2023,1,PHI,NL,133,404,58,112,25,6,12,60.0,10.0,2.0,59,144.0,2.0,4.0,1.0,4.0,4.0,3.4
marshbr02,2024,1,PHI,NL,135,418,55,104,17,3,16,60.0,19.0,3.0,50,154.0,0.0,2.0,1.0,5.0,2.0,3.0
marshbr02,2025,1,PHI,NL,133,379,59,106,25,2,11,43.0,7.0,1.0,38,110.0,1.0,0.0,3.0,4.0,2.0,1.7
marteke01,2020,1,ARI,NL,45,181,19,52,14,1,2,17.0,1.0,0.0,7,21.0,0.0,4.0,0.0,3.0,2.0,1.6
marteke01,2021,1,ARI,NL,90,340,52,108,29,1,14,50.0,2.0,0.0,31,60.0,3.0,2.0,0.0,1.0,8.0,1.9
marteke01,2022,1,ARI,NL,137,492,68,118,42,2,12,52.0,5.0,1.0,55,101.0,3.0,6.0,0.0,5.0,12.0,1.4
marteke01,2023,1,ARI,NL,150,569,94,157,26,9,25,82.0,8.0,2.0,71,109.0,2.0,5.0,0.0,5.0,16.0,4.9
marteke01,2024,1,ARI,NL,136,504,93,147,23,2,36,95.0,7.0,1.0,65,106.0,7.0,5.0,0.0,9.0,9.0,6.8
marteke01,2025,1,ARI,NL,126,480,87,136,28,0,28,72.0,4.0,2.0,64,83.0,6.0,9.0,0.0,3.0,12.0,4.4
martelu02,2021,1,MIA,NL,4,6,2,1,0,0,0,0.0,0.0,0.0,1,2.0,0.0,0.0,0.0,0.0,0.0,-0.1
marteno01,2023,1,CIN,NL,34,114,15,36,7,0,3,15.0,6.0,2.0,8,25.0,0.0,1.0,0.0,0.0,1.0,0.8
marteno01,2024,1,CIN,NL,66,229,24,48,9,0,4,18.0,9.0,3.0,9,75.0,0.0,3.0,0.0,1.0,1.0,-1.8
marteno01,2025,1,CIN,NL,90,339,45,89,17,2,14,51.0,10.0,3.0,16,85.0,0.0,3.0,0.0,2.0,7.0,1.4
martest01,2020,1,ARI,NL,33,122,23,38,8,1,2,14.0,5.0,2.0,10,19.0,1.0,5.0,0.0,1.0,3.0,1.1
martest01,2020,2,MIA,NL,28,106,13,26,6,0,4,13.0,5.0,0.0,2,22.0,0.0,4.0,0.0,0.0,2.0,0.5
martest01,2021,1,MIA,NL,64,233,52,71,11,1,7,25.0,22.0,3.0,32,57.0,2.0,8.0,1.0,1.0,2.0,2.9
martest01,2021,2,OAK,AL,56,234,37,74,16,2,5,30.0,25.0,2.0,11,42.0,0.0,5.0,0.0,1.0,4.0,2.0
martest01,2022,1,NYN,NL,118,466,76,136,24,5,16,63.0,18.0,9.0,26,97.0,0.0,13.0,0.0,0.0,18.0,3.8
martest01,2023,1,NYN,NL,86,315,38,78,7,1,5,28.0,24.0,4.0,16,69.0,1.0,8.0,2.0,0.0,8.0,-0.7
martest01,2024,1,NYN,NL,94,335,46,90,13,3,7,40.0,16.0,1.0,27,81.0,1.0,3.0,3.0,2.0,8.0,0.6
martest01,2025,1,NYN,NL,98,293,37,79,14,0,9,34.0,7.0,2.0,22,68.0,0.0,9.0,1.0,4.0,7.0,1.0
martian02,2024,1,CLE,AL,43,151,16,35,7,0,3,11.0,3.0,1.0,15,33.0,0.0,0.0,1.0,2.0,2.0,0.1
martian02,2025,1,CLE,AL,139,446,56,100,23,2,11,45.0,8.0,2.0,23,110.0,0.0,6.0,5.0,4.0,8.0,-0.7
martiau01,2024,1,MIN,AL,93,233,41,59,18,1,1,16.0,7.0,3.0,20,47.0,0.0,2.0,2.0,0.0,4.0,-1.0
martiau01,2025,1,MIN,AL,50,156,22,44,8,1,1,7.0,11.0,4.0,22,31.0,0.0,1.0,2.0,0.0,6.0,0.7
martica04,2021,1,SLN,NL,16,24,1,2,1,0,0,0.0,0.0,0.0,0,15.0,0.0,0.0,1.0,0.0,0.0,-0.1
martico02,2021,1,ARI,NL,5,4,0,1,0,0,0,0.0,0.0,0.0,0,3.0,0.0,0.0,0.0,0.0,0.0,0.0
martija03,2020,1,PIT,NL,7,9,2,0,0,0,0,0.0,0.0,0.0,2,4.0,0.0,0.0,0.0,0.0,0.0,-0.2
martija03,2021,1,TEX,AL,58,144,14,30,3,0,6,17.0,3.0,1.0,8,41.0,0.0,0.0,1.0,1.0,1.0,-0.3
martijd02,2020,1,BOS,AL,54,211,22,45,16,0,7,27.0,1.0,0.0,22,59.0,3.0,2.0,0.0,2.0,6.0,-0.7
martijd02,2021,1,BOS,AL,148,570,92,163,42,3,28,99.0,0.0,0.0,55,150.0,6.0,3.0,0.0,5.0,18.0,3.2
martijd02,2022,1,BOS,AL,139,533,76,146,43,1,16,62.0,0.0,0.0,52,145.0,1.0,5.0,0.0,5.0,20.0,1.1
martijd02,2023,1,LAN,NL,113,432,61,117,27,2,33,103.0,1.0,0.0,34,149.0,1.0,2.0,0.0,9.0,11.0,2.0
martijd02,2024,1,NYN,NL,120,434,46,102,24,1,16,69.0,0.0,0.0,49,141.0,0.0,6.0,0.0,2.0,17.0,0.5
martijo08,2020,1,TBA,AL,24,67,10,16,4,0,2,10.0,0.0,0.0,9,20.0,1.0,0.0,0.0,0.0,5.0,0.2
martijo08,2020,2,CHN,NL,10,21,0,0,0,0,0,0.0,0.0,0.0,1,7.0,0.0,0.0,0.0,0.0,1.0,-0.6
martijp01,2023,1,TEX,AL,17,40,7,9,1,0,1,4.0,0.0,0.0,2,16.0,0.0,0.0,0.0,2.0,0.0,-0.2
martijp01,2024,1,ATL,NL,7,10,2,2,1,0,0,0.0,1.0,0.0,0,4.0,0.0,0.0,0.0,0.0,0.0,0.0
martini02,2021,1,CHN,NL,25,37,4,10,1,0,0,4.0,0.0,1.0,6,10.0,1.0,0.0,0.0,2.0,0.0,-0.3
martini02,2023,1,CIN,NL,29,72,10,19,3,1,6,16.0,0.0,0.0,5,15.0,0.0,2.0,0.0,0.0,1.0,0.2
martini02,2024,1,CIN,NL,52,146,23,31,4,2,5,24.0,1.0,3.0,9,38.0,0.0,4.0,0.0,3.0,1.0,-0.4
martini02,2025,1,COL,NL,43,102,9,23,4,0,1,4.0,0.0,0.0,9,18.0,1.0,0.0,0.0,0.0,1.0,-0.2
martior01,2024,1,TOR,AL,1,3,0,1,0,0,0,0.0,0.0,0.0,0,1.0,0.0,0.0,0.0,0.0,0.0,0.0
martiri01,2021,1,BAL,AL,37,98,9,23,2,0,1,8.0,0.0,2.0,4,28.0,0.0,1.0,1.0,1.0,1.0,-0.9
martiri01,2022,1,BAL,AL,13,30,4,5,0,2,0,3.0,3.0,1.0,3,10.0,0.0,0.0,0.0,0.0,0.0,0.0
massemi02,2022,1,KCA,AL,52,173,16,42,9,1,4,17.0,3.0,0.0,9,46.0,0.0,8.0,2.0,2.0,1.0,0.8
massemi02,2023,1,KCA,AL,129,428,42,98,18,1,15,55.0,6.0,2.0,24,99.0,0.0,4.0,1.0,4.0,3.0,-0.1
massemi02,2024,1,KCA,AL,100,332,45,86,17,2,14,45.0,1.0,0.0,15,56.0,1.0,3.0,2.0,4.0,9.0,1.7
massemi02,2025,1,KCA,AL,77,262,20,64,9,0,3,20.0,2.0,1.0,9,43.0,0.0,1.0,1.0,4.0,3.0,-0.1
mastrmi01,2022,1,TBA,AL,8,16,1,3,0,0,0,0.0,1.0,0.0,1,6.0,0.0,0.0,0.0,0.0,0.0,-0.2
mastrmi01,2023,1,CHN,NL,61,133,24,32,5,0,1,5.0,13.0,1.0,13,32.0,0.0,0.0,3.0,0.0,1.0,0.6
mastrmi01,2024,1,CHN,NL,50,98,9,19,3,0,0,4.0,2.0,0.0,7,17.0,0.0,0.0,0.0,1.0,1.0,-0.2
mastrmi01,2025,1,SEA,AL,76,152,20,38,4,0,1,12.0,6.0,3.0,17,29.0,0.0,0.0,5.0,1.0,2.0,0.2
mateojo01,2020,1,SDN,NL,22,26,4,4,3,0,0,2.0,1.0,0.0,1,11.0,0.0,0.0,1.0,0.0,1.0,-0.4
mateojo01,2021,1,SDN,NL,57,87,10,18,4,0,2,6.0,5.0,0.0,2,27.0,0.0,3.0,1.0,0.0,1.0,0.3
mateojo01,2021,2,BAL,AL,32,107,9,30,7,1,2,8.0,5.0,3.0,7,28.0,0.0,1.0,0.0,1.0,0.0,0.2
mateojo01,2022,1,BAL,AL,150,494,63,109,25,7,13,50.0,35.0,9.0,27,147.0,0.0,5.0,3.0,2.0,8.0,3.7
mateojo01,2023,1,BAL,AL,116,318,58,69,14,2,7,34.0,32.0,5.0,22,82.0,0.0,1.0,5.0,3.0,8.0,0.8
mateojo01,2024,1,BAL,AL,68,192,30,44,14,2,5,18.0,13.0,2.0,10,48.0,0.0,1.0,2.0,3.0,3.0,0.8
mateojo01,2025,1,BAL,AL,43,79,9,14,4,0,1,3.0,15.0,2.0,4,30.0,0.0,0.0,0.0,0.0,1.0,-0.6
mathije01,2020,1,TEX,AL,24,62,6,10,1,1,3,9.0,1.0,0.0,5,24.0,0.0,0.0,0.0,1.0,0.0,0.5
mathije01,2021,1,ATL,NL,3,9,0,0,0,0,0,0.0,0.0,0.0,0,5.0,0.0,0.0,0.0,0.0,0.0,-0.2
mathima01,2020,1,MIL,NL,16,36,2,10,3,0,0,4.0,1.0,0.0,0,7.0,0.0,0.0,0.0,0.0,0.0,0.1
mathima01,2022,1,MIL,NL,6,16,2,2,0,0,1,4.0,1.0,0.0,0,4.0,0.0,0.0,0.0,1.0,0.0,0.1
mathima01,2022,2,TEX,AL,24,65,11,18,3,0,5,16.0,2.0,0.0,9,26.0,0.0,0.0,0.0,0.0,0.0,0.8
mathima01,2023,1,PIT,NL,22,52,5,12,2,0,0,4.0,3.0,0.0,10,11.0,0.0,0.0,0.0,0.0,3.0,-0.2
mathima01,2023,2,SFN,NL,5,10,1,2,0,0,0,2.0,0.0,0.0,0,4.0,0.0,0.0,0.0,0.0,1.0,-0.1
mathiwy01,2020,1,ARI,NL,9,27,5,6,0,0,2,5.0,0.0,0.0,5,12.0,0.0,1.0,0.0,0.0,0.0,0.2
mathiwy01,2021,1,ARI,NL,23,42,3,5,0,0,1,8.0,0.0,0.0,5,21.0,0.0,3.0,0.0,1.0,0.0,-0.2
matijjj01,2022,1,HOU,AL,32,67,7,14,2,0,2,5.0,1.0,0.0,2,25.0,0.0,2.0,0.0,0.0,1.0,-0.1
matonni01,2021,1,PHI,NL,52,117,16,30,7,1,2,14.0,2.0,0.0,10,39.0,0.0,2.0,1.0,1.0,0.0,0.2
matonni01,2022,1,PHI,NL,35,72,13,18,2,1,5,17.0,0.0,0.0,10,29.0,0.0,1.0,0.0,2.0,0.0,0.7
matonni01,2023,1,DET,AL,93,249,29,43,9,0,8,32.0,1.0,2.0,38,73.0,1.0,3.0,1.0,2.0,4.0,-1.3
matonni01,2024,1,BAL,AL,5,5,0,0,0,0,0,0.0,0.0,0.0,0,2.0,0.0,0.0,0.0,0.0,0.0,-0.1
matonni01,2025,1,CHA,AL,25,54,5,9,2,0,2,4.0,0.0,1.0,9,19.0,0.0,0.0,0.0,0.0,0.0,-0.1
matonph01,2021,1,CLE,AL,38,1,0,0,0,0,0,0.0,0.0,0.0,0,0.0,0.0,0.0,0.0,0.0,0.0,0.0
matoslu02,2023,1,SFN,NL,76,228,24,57,13,1,2,14.0,3.0,0.0,20,33.0,0.0,3.0,2.0,0.0,3.0,-0.4
matoslu02,2024,1,SFN,NL,45,150,14,32,5,0,5,25.0,0.0,0.0,5,24.0,1.0,0.0,0.0,1.0,5.0,-0.2
matoslu02,2025,1,SFN,NL,57,172,26,38,9,1,8,22.0,4.0,0.0,11,27.0,0.0,0.0,0.0,1.0,5.0,-0.2
matthbr01,2025,1,HOU,AL,13,42,6,7,0,0,4,9.0,1.0,0.0,2,20.0,0.0,1.0,2.0,0.0,0.0,0.3
matzst01,2021,1,TOR,AL,29,2,0,0,0,0,0,0.0,0.0,0.0,0,1.0,0.0,0.0,0.0,0.0,0.0,0.0
mauriro01,2023,1,NYN,NL,26,101,11,25,4,0,2,9.0,7.0,0.0,7,31.0,0.0,0.0,0.0,0.0,2.0,0.2
mauriro01,2025,1,NYN,NL,61,168,19,38,6,0,6,10.0,4.0,0.0,15,54.0,1.0,1.0,0.0,0.0,5.0,0.7
maybica01,2020,1,DET,AL,14,41,5,10,4,0,1,2.0,0.0,0.0,4,13.0,0.0,0.0,0.0,0.0,3.0,-0.1
maybica01,2020,2,CHN,NL,18,52,3,13,4,1,0,5.0,3.0,0.0,3,12.0,0.0,1.0,0.0,0.0,1.0,0.1
maybica01,2021,1,NYN,NL,9,28,2,1,0,0,0,0.0,1.0,0.0,3,12.0,0.0,2.0,0.0,0.0,0.0,-0.3
maydu01,2021,1,LAN,NL,5,3,0,0,0,0,0,0.0,0.0,0.0,0,3.0,0.0,0.0,1.0,0.0,0.0,-0.1
mayerma01,2025,1,BOS,AL,44,127,20,29,8,1,4,10.0,0.0,2.0,8,41.0,0.0,0.0,0.0,1.0,2.0,0.2
mayfija01,2020,1,HOU,AL,21,42,5,8,1,0,0,3.0,0.0,0.0,2,14.0,0.0,1.0,1.0,1.0,1.0,-0.2
mayfija01,2021,1,LAA,AL,2,3,0,0,0,0,0,0.0,0.0,0.0,0,2.0,0.0,0.0,0.0,0.0,0.0,0.3
mayfija01,2021,2,SEA,AL,12,34,2,6,1,0,0,3.0,0.0,0.0,1,10.0,0.0,0.0,0.0,0.0,2.0,-0.2
mayfija01,2021,3,LAA,AL,73,229,28,52,14,0,10,36.0,5.0,0.0,16,56.0,0.0,3.0,3.0,1.0,4.0,0.3
mayfija01,2022,1,LAA,AL,23,70,8,13,1,1,1,6.0,1.0,0.0,3,17.0,0.0,1.0,0.0,0.0,1.0,-0.2
mayoco01,2024,1,BAL,AL,17,41,4,4,0,0,0,0.0,0.0,0.0,4,22.0,0.0,1.0,0.0,0.0,1.0,-0.7
mayoco01,2025,1,BAL,AL,85,263,30,57,12,0,11,28.0,3.0,0.0,27,84.0,0.0,4.0,0.0,0.0,2.0,0.2
mazarno01,2020,1,CHA,AL,42,136,13,31,6,0,1,15.0,0.0,1.0,10,44.0,0.0,3.0,0.0,0.0,0.0,-0.2
mazarno01,2021,1,DET,AL,50,165,12,35,5,2,3,19.0,0.0,0.0,15,45.0,0.0,0.0,0.0,1.0,4.0,-0.3
mazarno01,2022,1,SDN,NL,55,159,16,42,8,0,2,18.0,0.0,0.0,10,40.0,0.0,2.0,0.0,0.0,3.0,0.0
mazeipa01,2021,1,NYN,NL,37,79,6,15,3,0,1,6.0,0.0,0.0,4,18.0,1.0,3.0,0.0,1.0,2.0,-0.2
mazeipa01,2022,1,NYN,NL,24,68,4,13,4,0,1,6.0,0.0,0.0,2,9.0,0.0,0.0,2.0,0.0,0.0,-0.3
mcbrory01,2020,1,KCA,AL,36,81,8,20,3,0,6,10.0,0.0,0.0,4,30.0,0.0,0.0,0.0,0.0,2.0,0.0
mcbrory01,2021,1,KCA,AL,7,8,1,2,0,0,0,0.0,0.0,0.0,1,6.0,0.0,0.0,0.0,0.0,0.0,0.0
mccanja02,2020,1,CHA,AL,31,97,20,28,3,0,7,15.0,1.0,1.0,8,30.0,0.0,4.0,0.0,2.0,2.0,1.3
mccanja02,2021,1,NYN,NL,121,375,29,87,12,1,10,46.0,1.0,2.0,32,115.0,1.0,2.0,0.0,3.0,12.0,-0.3
mccanja02,2022,1,NYN,NL,61,174,19,34,6,0,3,18.0,3.0,0.0,11,46.0,0.0,4.0,0.0,2.0,5.0,-0.1
mccanja02,2023,1,BAL,AL,70,207,25,46,14,0,6,26.0,3.0,1.0,9,57.0,0.0,5.0,3.0,2.0,5.0,0.5
mccanja02,2024,1,BAL,AL,66,214,27,50,9,0,8,31.0,1.0,0.0,13,56.0,0.0,2.0,0.0,4.0,3.0,0.7
mccanja02,2025,1,ARI,NL,42,123,18,32,6,0,5,17.0,0.0,0.0,8,33.0,0.0,4.0,1.0,1.0,3.0,1.0
mccanky01,2024,1,OAK,AL,54,140,13,33,4,0,5,15.0,0.0,0.0,16,59.0,1.0,1.0,0.0,0.0,2.0,0.2
mccarja02,2021,1,ARI,NL,24,59,11,13,3,0,2,4.0,3.0,2.0,8,23.0,0.0,2.0,1.0,0.0,0.0,0.4
mccarja02,2022,1,ARI,NL,99,321,53,91,16,3,8,43.0,23.0,3.0,23,76.0,0.0,6.0,3.0,1.0,3.0,2.4
mccarja02,2023,1,ARI,NL,99,276,37,67,7,5,2,16.0,26.0,4.0,26,62.0,0.0,5.0,4.0,1.0,4.0,0.4
mccarja02,2024,1,ARI,NL,142,442,66,126,13,7,8,56.0,25.0,6.0,31,78.0,1.0,14.0,5.0,3.0,4.0,1.6
mccarja02,2025,1,ARI,NL,67,206,18,42,7,5,4,20.0,6.0,0.0,10,40.0,0.0,2.0,3.0,1.0,2.0,-0.7
mccarjo04,2020,1,SFN,NL,4,10,0,0,0,0,0,0.0,0.0,0.0,0,5.0,0.0,0.0,0.0,0.0,0.0,-0.4
mccauda01,2021,1,SEA,AL,2,2,0,0,0,0,0,0.0,0.0,0.0,0,0.0,0.0,0.0,0.0,0.0,0.0,0.0
mccorch01,2021,1,HOU,AL,108,284,47,73,12,0,14,50.0,4.0,2.0,25,104.0,0.0,4.0,0.0,7.0,5.0,2.4
mccorch01,2022,1,HOU,AL,119,359,47,88,12,2,14,44.0,4.0,3.0,46,106.0,0.0,1.0,0.0,1.0,5.0,1.7
mccorch01,2023,1,HOU,AL,115,403,59,110,17,2,22,70.0,19.0,6.0,40,117.0,0.0,11.0,1.0,2.0,3.0,3.4
mccorch01,2024,1,HOU,AL,94,242,32,51,6,1,5,27.0,8.0,2.0,17,72.0,0.0,4.0,1.0,3.0,3.0,-0.7
mccorch01,2025,1,HOU,AL,66,100,13,21,5,0,1,5.0,2.0,3.0,9,31.0,0.0,1.0,5.0,1.0,1.0,-1.0
mccoyma01,2023,1,TOR,AL,6,1,2,0,0,0,0,0.0,0.0,0.0,0,1.0,0.0,0.0,0.0,0.0,0.0,0.0
mccoyma01,2024,1,SDN,NL,19,49,7,10,2,0,0,3.0,1.0,0.0,5,19.0,0.0,0.0,3.0,0.0,2.0,-0.1
mccoyma01,2025,1,SDN,NL,18,22,5,3,1,0,0,1.0,2.0,0.0,3,7.0,0.0,1.0,0.0,0.0,0.0,-0.1
mccragr01,2024,1,SFN,NL,37,124,13,25,3,2,5,10.0,5.0,0.0,6,56.0,0.0,0.0,0.0,0.0,3.0,0.0
mccragr01,2025,1,SFN,NL,22,22,3,2,0,1,0,2.0,0.0,0.0,2,11.0,0.0,0.0,1.0,1.0,1.0,-0.4
mcculla02,2021,1,HOU,AL,30,4,0,0,0,0,0,0.0,0.0,0.0,0,3.0,0.0,0.0,0.0,0.0,0.0,-0.1
mccusca01,2025,1,MIN,AL,16,29,0,5,0,0,0,1.0,0.0,1.0,1,16.0,0.0,0.0,0.0,0.0,0.0,-0.6
mccutan01,2020,1,PHI,NL,57,217,32,55,9,0,10,34.0,4.0,0.0,22,48.0,0.0,1.0,0.0,1.0,4.0,-0.1
mccutan01,2021,1,PHI,NL,144,482,78,107,24,1,27,80.0,6.0,1.0,81,132.0,2.0,4.0,0.0,7.0,10.0,1.2
mccutan01,2022,1,MIL,NL,134,515,66,122,25,0,17,69.0,8.0,6.0,57,124.0,1.0,4.0,0.0,4.0,10.0,1.0
mccutan01,2023,1,PIT,NL,112,390,55,100,19,0,12,43.0,11.0,3.0,75,100.0,1.0,4.0,0.0,4.0,8.0,1.4
mccutan01,2024,1,PIT,NL,120,448,66,104,18,1,20,50.0,3.0,2.0,58,133.0,1.0,7.0,0.0,2.0,9.0,0.9
mccutan01,2025,1,PIT,NL,135,477,51,114,22,0,13,57.0,1.0,1.0,67,118.0,5.0,2.0,0.0,3.0,12.0,0.1
mcdonmi01,2022,1,OAK,AL,4,4,0,0,0,0,0,0.0,0.0,0.0,2,3.0,0.0,0.0,0.0,0.0,0.0,0.0
mcgousc01,2024,1,ARI,NL,26,1,0,0,0,0,0,0.0,0.0,0.0,0,1.0,0.0,0.0,0.0,0.0,0.0,0.0
mcgowky01,2021,1,WAS,NL,27,1,0,0,0,0,0,0.0,0.0,0.0,0,1.0,0.0,0.0,0.0,0.0,0.0,0.0
mcguire01,2020,1,TOR,AL,19,41,2,3,0,0,1,1.0,0.0,0.0,0,11.0,0.0,0.0,4.0,0.0,1.0,-0.4
mcguire01,2021,1,TOR,AL,78,198,22,50,15,0,1,10.0,0.0,0.0,15,44.0,0.0,2.0,1.0,1.0,4.0,0.3
mcguire01,2022,1,CHA,AL,53,151,12,34,9,0,0,10.0,0.0,0.0,6,33.0,0.0,2.0,5.0,2.0,2.0,0.0
mcguire01,2022,2,BOS,AL,36,98,13,33,5,1,3,12.0,1.0,0.0,6,23.0,0.0,1.0,1.0,1.0,4.0,0.9
mcguire01,2023,1,BOS,AL,72,187,15,50,12,1,1,16.0,2.0,1.0,11,53.0,0.0,1.0,2.0,1.0,2.0,-0.3
mcguire01,2024,1,BOS,AL,53,139,10,29,3,0,3,18.0,3.0,0.0,13,39.0,0.0,2.0,1.0,3.0,4.0,0.2
mcguire01,2025,1,CHN,NL,45,133,17,30,2,0,9,24.0,0.0,0.0,4,27.0,0.0,0.0,1.0,2.0,3.0,0.3
mckenry01,2021,1,BAL,AL,90,169,20,31,6,1,2,14.0,1.0,0.0,24,74.0,0.0,2.0,2.0,0.0,1.0,-0.2
mckenry01,2022,1,BAL,AL,105,156,23,37,10,0,2,11.0,2.0,1.0,11,55.0,1.0,2.0,2.0,1.0,3.0,0.4
mckenry01,2023,1,BAL,AL,89,122,23,31,7,0,2,18.0,5.0,0.0,9,40.0,0.0,3.0,3.0,2.0,4.0,0.5
mckenry01,2024,1,BAL,AL,9,8,3,3,0,0,2,2.0,0.0,1.0,1,1.0,0.0,0.0,0.0,0.0,0.0,0.1
mckenry01,2024,2,SFN,NL,4,6,1,0,0,0,0,0.0,1.0,0.0,0,4.0,0.0,0.0,0.0,0.0,0.0,0.0
mckentr01,2021,1,CLE,AL,25,2,0,1,0,0,0,0.0,0.0,0.0,0,0.0,0.0,0.0,0.0,0.0,0.0,0.1
mckinbi01,2020,1,TOR,AL,2,3,1,2,0,0,0,0.0,0.0,0.0,0,0.0,0.0,0.0,0.0,0.0,0.0,0.1
mckinbi01,2021,1,MIL,NL,40,92,9,19,3,1,3,6.0,1.0,0.0,7,24.0,1.0,0.0,0.0,1.0,1.0,-0.1
mckinbi01,2021,2,NYN,NL,39,91,15,20,6,1,5,14.0,1.0,0.0,11,31.0,0.0,0.0,0.0,0.0,1.0,0.3
mckinbi01,2021,3,LAN,NL,37,82,8,12,2,1,1,7.0,0.0,0.0,14,24.0,1.0,1.0,0.0,1.0,1.0,-0.4
mckinbi01,2022,1,OAK,AL,23,52,3,5,1,0,1,4.0,0.0,0.0,4,16.0,1.0,0.0,0.0,1.0,0.0,-0.8
mckinbi01,2023,1,NYA,AL,48,128,19,29,3,1,6,14.0,1.0,0.0,17,39.0,1.0,1.0,0.0,1.0,1.0,0.2
mckinbi01,2024,1,PIT,NL,10,25,4,5,1,0,0,2.0,0.0,0.0,2,13.0,0.0,1.0,0.0,0.0,1.0,0.0
mckinbi01,2025,1,TEX,AL,6,20,4,4,1,0,0,1.0,0.0,0.0,1,1.0,0.0,0.0,0.0,0.0,0.0,-0.1
mckinza01,2020,1,LAN,NL,4,7,1,2,1,0,0,0.0,0.0,0.0,0,3.0,0.0,0.0,0.0,0.0,1.0,0.0
mckinza01,2021,1,LAN,NL,60,158,19,34,9,0,7,29.0,1.0,1.0,10,50.0,1.0,1.0,1.0,2.0,3.0,-0.7
mckinza01,2022,1,LAN,NL,10,11,4,1,0,0,1,2.0,0.0,0.0,3,4.0,0.0,0.0,0.0,0.0,0.0,0.0
mckinza01,2022,2,CHN,NL,47,155,17,32,6,3,4,12.0,7.0,0.0,13,48.0,0.0,1.0,2.0,0.0,0.0,0.4
mckinza01,2023,1,DET,AL,148,464,60,107,21,4,9,35.0,16.0,6.0,44,113.0,0.0,5.0,2.0,3.0,3.0,1.3
mckinza01,2024,1,DET,AL,118,297,32,64,14,5,4,23.0,16.0,0.0,24,69.0,0.0,2.0,0.0,2.0,3.0,0.8
mckinza01,2025,1,DET,AL,144,452,68,117,23,11,12,49.0,19.0,5.0,46,111.0,1.0,7.0,1.0,5.0,6.0,2.8
mclaima01,2023,1,CIN,NL,89,365,65,106,23,4,16,50.0,14.0,5.0,31,115.0,0.0,7.0,0.0,0.0,5.0,3.6
mclaima01,2025,1,CIN,NL,147,510,73,112,18,0,15,50.0,18.0,2.0,55,167.0,0.0,5.0,3.0,4.0,8.0,0.0
mcmahry01,2020,1,COL,NL,52,172,23,37,6,1,9,26.0,0.0,1.0,18,66.0,0.0,2.0,0.0,1.0,4.0,0.5
mcmahry01,2021,1,COL,NL,151,528,80,134,32,1,23,86.0,6.0,2.0,59,147.0,2.0,4.0,0.0,5.0,14.0,4.0
mcmahry01,2022,1,COL,NL,153,529,67,130,23,3,20,67.0,7.0,3.0,60,158.0,0.0,5.0,0.0,3.0,7.0,3.2
mcmahry01,2023,1,COL,NL,152,555,80,133,31,3,23,70.0,5.0,5.0,68,198.0,2.0,1.0,0.0,3.0,19.0,2.9
mcmahry01,2024,1,COL,NL,153,567,68,137,28,0,20,65.0,4.0,6.0,69,185.0,4.0,3.0,0.0,4.0,9.0,2.3
mcmahry01,2025,1,COL,NL,100,350,42,76,15,1,16,35.0,2.0,1.0,49,127.0,1.0,1.0,0.0,1.0,4.0,1.2
mcmahry01,2025,2,NYA,AL,54,159,20,33,8,0,4,18.0,1.0,0.0,21,62.0,0.0,3.0,0.0,2.0,3.0,1.1
mcneije01,2020,1,NYN,NL,52,183,19,57,14,0,4,23.0,0.0,2.0,20,24.0,2.0,3.0,0.0,3.0,3.0,1.5
mcneije01,2021,1,NYN,NL,120,386,48,97,19,1,7,35.0,3.0,0.0,29,58.0,0.0,10.0,0.0,1.0,10.0,1.4
mcneije01,2022,1,NYN,NL,148,533,73,174,39,1,9,62.0,4.0,0.0,40,61.0,1.0,11.0,0.0,5.0,6.0,5.9
mcneije01,2023,1,NYN,NL,156,585,75,158,25,4,10,55.0,10.0,0.0,39,65.0,0.0,18.0,3.0,3.0,5.0,2.4
mcneije01,2024,1,NYN,NL,129,424,57,101,26,0,12,44.0,5.0,1.0,35,68.0,1.0,9.0,1.0,3.0,6.0,1.5
mcneije01,2025,1,NYN,NL,122,399,42,97,21,5,12,54.0,3.0,0.0,49,55.0,4.0,8.0,2.0,4.0,5.0,2.0
meadcu01,2023,1,TBA,AL,24,83,12,21,3,1,1,5.0,0.0,0.0,7,21.0,0.0,2.0,0.0,0.0,3.0,0.5
meadcu01,2024,1,TBA,AL,38,122,10,29,3,0,1,7.0,2.0,0.0,6,30.0,0.0,2.0,0.0,1.0,2.0,-0.5
meadcu01,2025,1,TBA,AL,49,115,14,26,2,1,3,8.0,4.0,1.0,12,33.0,0.0,4.0,0.0,1.0,4.0,0.4
meadcu01,2025,2,CHA,AL,41,125,12,30,8,0,0,11.0,1.0,0.0,3,30.0,0.0,4.0,0.0,0.0,5.0,-0.6
meadoau01,2020,1,TBA,AL,36,132,19,27,8,1,4,13.0,2.0,1.0,17,50.0,0.0,1.0,0.0,2.0,0.0,0.3
meadoau01,2021,1,TBA,AL,142,518,79,121,29,3,27,106.0,4.0,3.0,59,122.0,3.0,6.0,0.0,8.0,4.0,2.0
meadoau01,2022,1,DET,AL,36,128,9,32,6,2,0,11.0,0.0,1.0,16,17.0,0.0,3.0,0.0,0.0,2.0,0.6
meadoau01,2023,1,DET,AL,6,21,0,5,1,0,0,2.0,0.0,0.0,0,3.0,0.0,0.0,0.0,0.0,0.0,-0.2
meadopa01,2023,1,DET,AL,37,125,19,29,4,2,3,13.0,8.0,1.0,17,37.0,1.0,2.0,0.0,1.0,0.0,1.0
meadopa01,2024,1,DET,AL,82,270,39,66,12,6,9,28.0,9.0,4.0,25,76.0,0.0,1.0,1.0,1.0,0.0,2.1
meadopa01,2025,1,DET,AL,58,191,22,41,6,2,4,16.0,4.0,0.0,21,56.0,0.0,0.0,0.0,1.0,0.0,0.3
meansjo01,2021,1,BAL,AL,26,5,0,1,1,0,0,0.0,0.0,0.0,0,2.0,0.0,0.0,0.0,0.0,0.0,0.1
mearsni01,2021,1,PIT,NL,30,1,0,0,0,0,0,0.0,0.0,0.0,0,1.0,0.0,0.0,0.0,0.0,0.0,0.0
mecklwa01,2023,1,SFN,NL,20,56,6,13,1,0,0,4.0,0.0,0.0,6,25.0,0.0,2.0,0.0,0.0,0.0,0.0
medinad01,2021,1,PHI,NL,4,1,0,0,0,0,0,0.0,0.0,0.0,0,1.0,0.0,0.0,0.0,0.0,0.0,0.0
megilty01,2021,1,NYN,NL,18,28,1,6,3,0,0,0.0,0.0,0.0,1,17.0,0.0,0.0,2.0,0.0,0.0,0.3
meidrch01,2025,1,CHA,AL,122,450,54,114,15,0,5,23.0,14.0,4.0,45,72.0,0.0,6.0,3.0,1.0,14.0,1.3
mejiaer01,2020,1,KCA,AL,8,14,1,1,1,0,0,0.0,1.0,0.0,0,7.0,0.0,0.0,1.0,0.0,0.0,-0.4
mejiafr01,2020,1,SDN,NL,17,39,5,3,1,0,1,2.0,0.0,0.0,1,9.0,0.0,2.0,0.0,0.0,1.0,-0.3
mejiafr01,2021,1,TBA,AL,84,250,31,65,15,3,6,35.0,0.0,0.0,17,49.0,0.0,7.0,1.0,2.0,4.0,1.5
mejiafr01,2022,1,TBA,AL,93,289,32,70,22,0,6,31.0,0.0,0.0,7,65.0,0.0,2.0,0.0,1.0,6.0,0.7
mejiafr01,2023,1,TBA,AL,50,150,22,34,11,0,5,19.0,0.0,1.0,6,38.0,0.0,1.0,1.0,2.0,2.0,0.1
mejiahu01,2021,1,ARI,NL,5,7,1,1,1,0,0,0.0,0.0,0.0,0,2.0,0.0,0.0,1.0,0.0,0.0,0.0
mejiaje02,2021,1,CLE,AL,17,1,0,0,0,0,0,0.0,0.0,0.0,0,1.0,0.0,0.0,0.0,0.0,0.0,0.0
melenmj01,2022,1,KCA,AL,129,460,57,100,21,3,18,62.0,2.0,3.0,66,131.0,1.0,1.0,0.0,7.0,2.0,0.5
melenmj01,2023,1,KCA,AL,148,533,65,125,29,5,16,56.0,6.0,4.0,62,170.0,2.0,3.0,0.0,4.0,4.0,-0.4
melenmj01,2024,1,KCA,AL,135,412,44,85,23,3,17,44.0,4.0,4.0,35,113.0,1.0,3.0,0.0,0.0,3.0,-0.7
melenmj01,2025,1,KCA,AL,23,60,5,5,2,0,1,1.0,0.0,0.0,3,23.0,0.0,2.0,0.0,0.0,0.0,-0.6
meltoja01,2025,1,HOU,AL,32,70,7,11,0,1,0,7.0,7.0,2.0,6,29.0,0.0,1.0,0.0,0.0,2.0,-0.3
mendida01,2020,1,CHA,AL,33,107,11,26,4,1,3,6.0,0.0,1.0,6,25.0,0.0,0.0,0.0,1.0,3.0,0.7
mendida01,2021,1,CHA,AL,71,164,14,36,5,0,2,20.0,0.0,1.0,18,42.0,0.0,2.0,1.0,1.0,1.0,-0.4
mendida01,2022,1,CHA,AL,31,97,22,28,4,1,3,15.0,1.0,0.0,7,23.0,0.0,1.0,1.0,0.0,2.0,0.5
mendida01,2023,1,NYN,NL,35,65,4,12,3,0,1,4.0,1.0,0.0,4,15.0,0.0,0.0,0.0,0.0,1.0,-0.9
mendida01,2024,1,CHA,AL,47,132,13,26,7,0,3,8.0,6.0,0.0,6,35.0,0.0,2.0,1.0,0.0,3.0,-0.3
menesjo01,2022,1,WAS,NL,56,222,33,72,14,0,13,34.0,1.0,0.0,15,52.0,2.0,1.0,0.0,2.0,13.0,1.1
menesjo01,2023,1,WAS,NL,154,611,71,168,36,1,13,89.0,0.0,0.0,38,130.0,0.0,5.0,0.0,3.0,15.0,0.6
menesjo01,2024,1,WAS,NL,76,281,19,65,11,0,3,42.0,2.0,0.0,21,63.0,1.0,5.0,0.0,6.0,9.0,-0.6
mercaos01,2020,1,CLE,AL,36,86,6,11,1,0,1,6.0,3.0,0.0,5,27.0,0.0,0.0,1.0,1.0,0.0,-0.5
mercaos01,2021,1,CLE,AL,72,214,27,48,11,1,6,19.0,7.0,1.0,21,42.0,0.0,2.0,1.0,0.0,1.0,1.0
mercaos01,2022,1,CLE,AL,49,114,17,23,6,1,4,16.0,2.0,2.0,3,27.0,0.0,1.0,0.0,1.0,4.0,-0.2
mercaos01,2022,2,PHI,NL,1,1,0,0,0,0,0,0.0,0.0,0.0,0,1.0,0.0,0.0,0.0,0.0,0.0,0.0
mercaos01,2022,3,CLE,AL,5,6,0,2,0,0,0,0.0,0.0,0.0,2,1.0,0.0,0.0,0.0,0.0,4.0,-0.2
mercaos01,2023,1,SLN,NL,20,31,3,9,3,0,0,5.0,2.0,1.0,1,4.0,0.0,0.0,0.0,0.0,0.0,-0.2
mercejo03,2020,1,DET,AL,3,9,1,2,0,0,0,0.0,0.0,0.0,0,1.0,0.0,0.0,0.0,0.0,1.0,-0.1
mercejo03,2020,2,NYA,AL,6,11,1,2,0,0,0,0.0,0.0,0.0,2,1.0,0.0,0.0,0.0,0.0,0.0,-0.1
mercejo03,2021,1,WAS,NL,46,118,13,30,7,0,2,9.0,0.0,0.0,9,34.0,0.0,0.0,0.0,0.0,1.0,0.1
merceye01,2020,1,CHA,AL,1,1,0,0,0,0,0,0.0,0.0,0.0,0,0.0,0.0,0.0,0.0,0.0,0.0,0.0
merceye01,2021,1,CHA,AL,68,240,26,65,9,1,7,37.0,0.0,1.0,20,46.0,1.0,1.0,0.0,1.0,7.0,0.5
merceye01,2022,1,SFN,NL,31,73,9,17,5,0,1,8.0,0.0,0.0,9,17.0,0.0,1.0,0.0,0.0,1.0,-0.1
merrija01,2024,1,SDN,NL,156,554,77,162,31,6,24,90.0,16.0,3.0,29,101.0,1.0,1.0,4.0,5.0,2.0,4.5
merrija01,2025,1,SDN,NL,115,440,59,116,25,6,16,67.0,1.0,2.0,33,108.0,1.0,4.0,1.0,5.0,4.0,2.7
merriwh01,2020,1,KCA,AL,60,248,38,70,12,0,9,30.0,12.0,3.0,12,33.0,0.0,4.0,0.0,1.0,3.0,0.7
merriwh01,2021,1,KCA,AL,162,664,97,184,42,3,10,74.0,40.0,4.0,40,103.0,1.0,4.0,0.0,12.0,12.0,3.8
merriwh01,2022,1,KCA,AL,95,383,51,92,23,1,6,42.0,15.0,3.0,30,61.0,0.0,0.0,0.0,7.0,8.0,-0.3
merriwh01,2022,2,TOR,AL,44,121,19,34,5,0,5,16.0,1.0,2.0,8,24.0,0.0,0.0,0.0,1.0,3.0,0.1
merriwh01,2023,1,TOR,AL,145,547,66,149,27,0,11,67.0,26.0,10.0,36,101.0,2.0,3.0,0.0,6.0,15.0,0.7
merriwh01,2024,1,PHI,NL,53,156,21,31,4,1,3,11.0,11.0,1.0,15,19.0,0.0,2.0,1.0,0.0,2.0,0.0
merriwh01,2024,2,ATL,NL,42,137,23,34,5,2,1,4.0,6.0,2.0,20,33.0,0.0,1.0,3.0,0.0,5.0,0.2
mervima01,2023,1,CHN,NL,27,90,8,15,2,0,3,11.0,0.0,0.0,8,32.0,0.0,1.0,0.0,0.0,1.0,-0.4
mervima01,2024,1,CHN,NL,9,26,1,3,1,0,0,3.0,0.0,0.0,1,8.0,0.0,0.0,0.0,0.0,0.0,-0.4
mervima01,2025,1,MIA,NL,42,120,15,21,4,0,7,14.0,0.0,0.0,11,50.0,1.0,2.0,0.0,1.0,1.0,-0.7
mesavi01,2025,1,MIA,NL,16,32,7,6,2,0,1,6.0,0.0,0.0,5,5.0,0.0,0.0,1.0,0.0,0.0,0.1
meyerja02,2021,1,HOU,AL,49,146,22,38,8,0,6,28.0,3.0,0.0,10,50.0,0.0,4.0,2.0,1.0,0.0,1.1
meyerja02,2022,1,HOU,AL,52,150,13,34,6,2,1,15.0,2.0,1.0,7,54.0,0.0,2.0,0.0,1.0,1.0,0.6
meyerja02,2023,1,HOU,AL,112,309,42,70,16,1,10,33.0,5.0,2.0,26,88.0,0.0,5.0,0.0,1.0,2.0,1.5
meyerja02,2024,1,HOU,AL,148,461,51,101,20,3,13,61.0,11.0,3.0,35,117.0,0.0,10.0,3.0,4.0,17.0,1.5
meyerja02,2025,1,HOU,AL,104,343,53,100,15,2,3,24.0,16.0,5.0,31,67.0,0.0,3.0,2.0,2.0,9.0,2.4
mikolmi01,2021,1,SLN,NL,9,8,0,0,0,0,0,0.0,0.0,0.0,1,5.0,0.0,0.0,6.0,0.0,0.0,-0.1
mileywa01,2021,1,CIN,NL,30,54,9,10,3,0,0,3.0,0.0,0.0,3,13.0,0.0,0.0,2.0,0.0,0.0,0.3
milladr01,2023,1,WAS,NL,11,28,1,8,2,0,1,6.0,0.0,0.0,4,5.0,0.0,0.0,1.0,0.0,2.0,0.3
milladr01,2024,1,WAS,NL,20,57,7,14,1,0,1,1.0,4.0,0.0,5,16.0,0.0,0.0,0.0,0.0,1.0,0.4
milladr01,2025,1,WAS,NL,18,49,6,15,5,1,0,7.0,2.0,0.0,4,7.0,0.0,0.0,1.0,0.0,0.0,0.2
millebr02,2020,1,SLN,NL,48,142,21,33,8,1,7,25.0,1.0,0.0,25,46.0,1.0,3.0,0.0,1.0,2.0,0.9
millebr02,2021,1,PHI,NL,140,331,53,75,9,3,20,49.0,3.0,0.0,45,112.0,2.0,1.0,0.0,0.0,7.0,0.5
millebr02,2022,1,TEX,AL,81,222,20,47,3,0,7,32.0,4.0,2.0,18,70.0,0.0,0.0,0.0,1.0,3.0,-1.7
millebr02,2023,1,TEX,AL,27,56,8,12,4,0,1,6.0,0.0,0.0,10,11.0,0.0,0.0,0.0,1.0,1.0,0.0
millebr03,2021,1,MIA,NL,5,11,1,3,0,0,0,0.0,0.0,0.0,0,3.0,0.0,0.0,0.0,0.0,0.0,-0.1
milleow01,2021,1,CLE,AL,60,191,17,39,8,0,4,18.0,2.0,0.0,9,54.0,0.0,1.0,0.0,1.0,7.0,-1.0
milleow01,2022,1,CLE,AL,130,424,53,103,26,1,6,51.0,2.0,0.0,32,93.0,1.0,7.0,0.0,9.0,8.0,0.3
milleow01,2023,1,MIL,NL,90,291,29,76,17,0,5,27.0,13.0,2.0,17,61.0,1.0,2.0,0.0,4.0,6.0,0.3
milleow01,2024,1,MIL,NL,14,27,2,5,1,0,0,3.0,0.0,0.0,0,8.0,0.0,0.0,0.0,0.0,1.0,-0.5
milleow01,2025,1,COL,NL,9,14,0,2,0,0,0,1.0,1.0,0.0,2,4.0,0.0,1.0,0.0,0.0,0.0,0.0
millesh01,2021,2,PIT,NL,10,1,0,0,0,0,0,0.0,0.0,0.0,0,0.0,0.0,0.0,0.0,0.0,0.0,0.0
millesh01,2023,1,LAN,NL,36,1,0,0,0,0,0,0.0,0.0,0.0,0,0.0,0.0,0.0,0.0,0.0,0.0,0.0
millsal02,2020,1,CHN,NL,12,1,0,0,0,0,0,0.0,0.0,0.0,0,1.0,0.0,0.0,0.0,0.0,0.0,0.0
millsal02,2021,1,CHN,NL,33,32,1,1,1,0,0,0.0,0.0,0.0,0,26.0,0.0,0.0,4.0,0.0,0.0,-0.3
milneho01,2021,1,MIL,NL,19,1,0,0,0,0,0,0.0,0.0,0.0,1,1.0,0.0,0.0,0.0,0.0,0.0,0.0
minormi01,2021,1,KCA,AL,28,7,0,0,0,0,0,0.0,0.0,0.0,0,4.0,0.0,0.0,0.0,0.0,0.0,-0.1
minteaj01,2021,1,ATL,NL,61,1,0,0,0,0,0,0.0,0.0,0.0,0,1.0,0.0,0.0,0.0,0.0,0.0,0.0
miranjo01,2022,1,MIN,AL,125,444,45,119,25,0,15,66.0,1.0,1.0,28,91.0,0.0,10.0,0.0,1.0,19.0,0.9
miranjo01,2023,1,MIN,AL,40,142,12,30,4,0,3,13.0,0.0,0.0,9,24.0,0.0,1.0,0.0,0.0,8.0,-0.2
miranjo01,2024,1,MIN,AL,121,401,44,114,28,4,9,49.0,2.0,2.0,18,66.0,1.0,6.0,0.0,4.0,13.0,1.7
miranjo01,2025,1,MIN,AL,12,36,2,6,0,0,1,5.0,0.0,0.0,0,13.0,0.0,0.0,0.0,0.0,0.0,-0.3
misneka01,2024,1,TBA,AL,8,15,0,1,0,0,0,0.0,0.0,0.0,0,10.0,0.0,0.0,0.0,0.0,0.0,-0.3
misneka01,2025,1,TBA,AL,71,197,27,42,9,1,5,22.0,8.0,1.0,16,69.0,0.0,1.0,1.0,2.0,1.0,0.7
mitchca01,2022,1,PIT,NL,69,212,21,48,11,0,5,17.0,3.0,1.0,18,52.0,0.0,0.0,1.0,1.0,3.0,-0.4
mitchca01,2023,1,PIT,NL,2,4,0,0,0,0,0,0.0,0.0,0.0,1,1.0,0.0,0.0,0.0,0.0,0.0,-0.1
mitchga01,2022,1,MIL,NL,28,61,9,19,3,0,2,9.0,8.0,0.0,6,28.0,0.0,0.0,1.0,0.0,0.0,1.0
mitchga01,2023,1,MIL,NL,19,65,10,16,2,1,3,7.0,1.0,1.0,7,26.0,0.0,0.0,0.0,1.0,0.0,0.6
mitchga01,2024,1,MIL,NL,69,196,33,50,12,3,8,21.0,11.0,4.0,25,71.0,0.0,1.0,2.0,0.0,1.0,2.1
mitchga01,2025,1,MIL,NL,25,68,9,14,4,1,0,3.0,3.0,0.0,7,25.0,0.0,1.0,1.0,1.0,0.0,0.0
mizeca01,2021,1,DET,AL,30,2,0,0,0,0,0,1.0,0.0,0.0,1,1.0,0.0,0.0,0.0,0.0,0.0,0.0
molinya01,2020,1,SLN,NL,42,145,12,38,2,0,4,16.0,0.0,0.0,6,21.0,0.0,3.0,1.0,1.0,7.0,0.4
molinya01,2021,1,SLN,NL,121,440,45,111,19,0,11,66.0,3.0,0.0,24,79.0,1.0,5.0,0.0,3.0,16.0,1.7
molinya01,2022,1,SLN,NL,80,262,19,56,8,0,5,24.0,2.0,0.0,5,40.0,0.0,2.0,0.0,1.0,10.0,0.1
monasan01,2023,1,MIL,NL,92,282,38,73,14,1,3,27.0,7.0,2.0,28,66.0,0.0,3.0,0.0,2.0,9.0,1.3
monasan01,2024,1,MIL,NL,59,125,14,26,5,0,1,16.0,6.0,2.0,16,40.0,0.0,1.0,0.0,0.0,3.0,-0.1
monasan01,2025,1,MIL,NL,68,126,19,34,9,0,4,16.0,2.0,1.0,7,32.0,0.0,2.0,0.0,0.0,1.0,0.8
moncayo01,2020,1,CHA,AL,52,200,28,45,8,3,6,24.0,0.0,0.0,28,72.0,0.0,1.0,0.0,2.0,1.0,0.6
moncayo01,2021,1,CHA,AL,144,520,74,137,33,1,14,61.0,3.0,2.0,84,157.0,1.0,10.0,0.0,2.0,6.0,4.1
moncayo01,2022,1,CHA,AL,104,397,41,84,18,1,12,51.0,2.0,0.0,32,114.0,2.0,2.0,1.0,1.0,5.0,0.9
moncayo01,2023,1,CHA,AL,92,334,39,87,20,1,11,40.0,1.0,0.0,20,107.0,0.0,2.0,0.0,1.0,6.0,0.6
moncayo01,2024,1,CHA,AL,12,40,4,11,3,1,0,0.0,1.0,0.0,5,11.0,0.0,0.0,0.0,0.0,2.0,0.3
moncayo01,2025,1,LAA,AL,84,248,39,58,13,2,12,35.0,0.0,0.0,32,75.0,1.0,7.0,0.0,2.0,4.0,0.7
mondera02,2020,1,KCA,AL,59,219,33,56,11,3,6,22.0,24.0,8.0,11,70.0,0.0,1.0,2.0,0.0,4.0,1.3
mondera02,2021,1,KCA,AL,35,126,19,29,8,1,6,17.0,15.0,1.0,6,43.0,0.0,1.0,3.0,0.0,2.0,0.3
mondera02,2022,1,KCA,AL,15,50,3,7,0,0,0,3.0,5.0,0.0,4,20.0,0.0,0.0,0.0,0.0,2.0,-0.2
mondona01,2022,1,OAK,AL,1,2,0,0,0,0,0,0.0,0.0,0.0,1,1.0,0.0,0.0,0.0,0.0,0.0,0.0
moniami01,2020,1,PHI,NL,8,14,3,3,0,0,0,0.0,0.0,0.0,4,6.0,0.0,0.0,0.0,0.0,0.0,0.1
moniami01,2021,1,PHI,NL,21,33,3,3,0,0,1,3.0,0.0,0.0,3,16.0,1.0,0.0,1.0,0.0,0.0,-0.3
moniami01,2022,1,PHI,NL,18,46,4,6,1,0,0,2.0,0.0,0.0,3,19.0,0.0,0.0,1.0,0.0,0.0,-0.5
moniami01,2022,2,LAA,AL,19,60,9,12,2,1,3,6.0,1.0,0.0,1,25.0,0.0,1.0,0.0,0.0,0.0,-0.4
moniami01,2023,1,LAA,AL,85,311,35,87,21,2,14,45.0,6.0,3.0,9,113.0,1.0,3.0,0.0,0.0,4.0,2.2
moniami01,2024,1,LAA,AL,124,392,48,86,17,2,14,49.0,8.0,4.0,21,114.0,0.0,4.0,0.0,1.0,3.0,-0.1
moniami01,2025,1,COL,NL,135,434,62,117,20,8,24,68.0,9.0,3.0,22,110.0,1.0,2.0,0.0,3.0,4.0,-0.6
montafr01,2021,1,OAK,AL,32,4,0,0,0,0,0,0.0,0.0,0.0,0,3.0,0.0,0.0,0.0,0.0,0.0,0.0
monteco01,2023,1,COL,NL,18,38,3,7,2,0,1,3.0,0.0,0.0,2,12.0,0.0,1.0,0.0,0.0,0.0,-0.3
monteco01,2025,1,TBA,AL,5,10,0,2,0,0,0,1.0,0.0,0.0,0,3.0,0.0,0.0,0.0,0.0,0.0,0.1
monteel01,2022,1,COL,NL,53,176,21,41,15,1,6,20.0,0.0,0.0,8,60.0,0.0,1.0,0.0,0.0,4.0,0.1
monteel01,2023,1,COL,NL,85,284,40,69,15,2,11,39.0,0.0,0.0,15,111.0,0.0,5.0,0.0,3.0,5.0,-0.1
monteel01,2024,1,COL,NL,67,224,23,46,10,0,4,28.0,0.0,0.0,20,56.0,0.0,0.0,0.0,3.0,7.0,-1.7
montgco01,2025,1,CHA,AL,71,255,43,61,9,1,21,55.0,0.0,0.0,25,83.0,1.0,2.0,0.0,1.0,3.0,3.3
montgjo01,2021,1,NYA,AL,30,4,0,0,0,0,0,0.0,0.0,0.0,0,4.0,0.0,0.0,0.0,0.0,0.0,0.0
moorech03,2025,1,LAA,AL,53,162,20,32,5,1,7,16.0,3.0,0.0,19,62.0,0.0,1.0,1.0,1.0,3.0,0.1
mooredy01,2020,1,SEA,AL,38,137,26,35,9,0,8,17.0,12.0,5.0,14,43.0,0.0,8.0,0.0,0.0,4.0,1.7
mooredy01,2021,1,SEA,AL,126,332,42,60,11,2,12,43.0,21.0,5.0,40,111.0,0.0,4.0,0.0,1.0,6.0,0.9
mooredy01,2022,1,SEA,AL,104,205,41,46,11,2,6,24.0,21.0,8.0,34,75.0,2.0,13.0,1.0,1.0,5.0,1.4
mooredy01,2023,1,SEA,AL,67,145,18,30,9,1,7,19.0,7.0,3.0,16,56.0,0.0,4.0,0.0,0.0,1.0,0.5
mooredy01,2024,1,SEA,AL,135,368,53,74,23,4,10,42.0,32.0,6.0,53,123.0,1.0,14.0,1.0,5.0,8.0,2.1
mooredy01,2025,1,SEA,AL,88,192,29,37,5,0,9,19.0,12.0,4.0,19,76.0,0.0,0.0,0.0,2.0,1.0,0.2
mooredy01,2025,2,TEX,AL,18,27,6,7,0,0,2,6.0,2.0,1.0,1,6.0,0.0,1.0,0.0,1.0,0.0,0.2
moorema02,2021,1,PHI,NL,24,19,0,0,0,0,0,0.0,0.0,0.0,0,13.0,0.0,0.0,1.0,0.0,0.0,-0.2
moranco01,2020,1,PIT,NL,52,178,28,44,10,0,10,23.0,0.0,0.0,19,52.0,0.0,2.0,0.0,1.0,9.0,0.5
moranco01,2021,1,PIT,NL,99,318,29,82,12,0,10,50.0,1.0,0.0,36,87.0,0.0,2.0,0.0,3.0,6.0,-0.3
moranco01,2022,1,CIN,NL,42,109,11,23,3,0,5,23.0,0.0,0.0,16,30.0,0.0,0.0,0.0,3.0,4.0,-0.3
morejad01,2021,1,SDN,NL,2,1,0,0,0,0,0,0.0,0.0,0.0,0,0.0,0.0,0.0,0.0,0.0,0.0,0.0
morelch01,2022,1,CHN,NL,113,379,55,89,19,4,16,47.0,10.0,7.0,38,137.0,0.0,3.0,3.0,2.0,6.0,1.0
morelch01,2023,1,CHN,NL,107,388,62,96,17,3,26,70.0,6.0,2.0,36,133.0,0.0,2.0,1.0,2.0,7.0,1.5
morelch01,2024,1,CHN,NL,103,362,43,72,7,1,18,51.0,7.0,5.0,47,103.0,2.0,8.0,0.0,4.0,11.0,0.3
morelch01,2024,2,TBA,AL,49,173,13,33,4,2,3,9.0,1.0,2.0,14,56.0,1.0,2.0,0.0,1.0,4.0,-0.8
morelch01,2025,1,TBA,AL,105,278,37,61,16,0,11,33.0,7.0,2.0,25,109.0,0.0,2.0,0.0,0.0,8.0,-0.3
morelmi01,2020,1,BOS,AL,22,67,14,22,4,0,8,21.0,0.0,0.0,11,18.0,1.0,1.0,0.0,0.0,0.0,1.1
morelmi01,2020,2,SDN,NL,20,69,8,14,5,0,2,8.0,0.0,0.0,4,14.0,1.0,0.0,0.0,0.0,0.0,0.0
morelmi01,2021,1,OAK,AL,81,229,28,52,11,1,10,30.0,0.0,0.0,18,58.0,0.0,2.0,0.0,3.0,5.0,0.0
morenga01,2022,1,TOR,AL,25,69,10,22,1,0,1,7.0,0.0,0.0,4,8.0,0.0,0.0,0.0,0.0,2.0,0.7
morenga01,2023,1,ARI,NL,111,341,33,97,19,1,7,50.0,6.0,2.0,29,75.0,0.0,3.0,0.0,7.0,17.0,4.3
morenga01,2024,1,ARI,NL,97,305,39,81,18,1,5,45.0,3.0,1.0,41,52.0,1.0,2.0,0.0,3.0,10.0,2.6
morenga01,2025,1,ARI,NL,83,277,44,79,12,1,9,40.0,2.0,2.0,29,53.0,3.0,1.0,0.0,2.0,6.0,1.6
morgael01,2021,1,CLE,AL,18,2,0,0,0,0,0,0.0,0.0,0.0,0,2.0,0.0,0.0,0.0,0.0,0.0,0.0
morimsh01,2021,1,MIA,NL,4,2,0,0,0,0,0,0.0,0.0,0.0,0,1.0,0.0,0.0,1.0,0.0,0.0,0.0
morofma01,2021,1,SLN,NL,6,16,0,1,0,0,0,1.0,0.0,0.0,0,10.0,0.0,0.0,0.0,0.0,0.0,-0.3
morrilo01,2020,1,MIL,NL,9,25,3,3,1,0,1,2.0,0.0,0.0,3,8.0,0.0,0.0,0.0,0.0,0.0,-0.2
mortoch02,2021,1,ATL,NL,34,55,5,7,1,0,0,1.0,0.0,0.0,0,31.0,0.0,0.0,7.0,0.0,0.0,-0.2
motteta01,2021,1,COL,NL,13,20,2,3,0,0,0,0.0,0.0,0.0,2,6.0,0.0,0.0,0.0,0.0,1.0,0.0
motteta01,2021,2,BOS,AL,3,6,3,2,1,1,0,1.0,0.0,0.0,1,2.0,0.0,0.0,0.0,0.0,0.0,0.1
motteta01,2022,1,CIN,NL,2,6,0,1,0,0,0,0.0,0.0,0.0,0,3.0,0.0,0.0,0.0,0.0,0.0,-0.2
motteta01,2023,1,SLN,NL,29,76,3,13,3,0,0,2.0,0.0,0.0,5,31.0,0.0,1.0,0.0,0.0,0.0,-0.6
mountry01,2020,1,BAL,AL,35,126,12,42,5,0,5,23.0,0.0,1.0,11,30.0,0.0,1.0,0.0,2.0,2.0,0.7
mountry01,2021,1,BAL,AL,144,534,77,136,23,1,33,89.0,4.0,3.0,41,161.0,2.0,4.0,0.0,7.0,12.0,1.1
mountry01,2022,1,BAL,AL,145,555,62,139,28,1,22,85.0,4.0,1.0,43,154.0,1.0,4.0,0.0,7.0,12.0,1.6
mountry01,2023,1,BAL,AL,115,423,64,114,21,1,18,68.0,3.0,1.0,37,107.0,1.0,3.0,0.0,7.0,13.0,2.1
mountry01,2024,1,BAL,AL,124,473,54,128,30,2,13,63.0,3.0,0.0,27,114.0,0.0,1.0,0.0,6.0,13.0,2.4
mountry01,2025,1,BAL,AL,89,332,34,83,18,0,7,35.0,3.0,0.0,15,98.0,0.0,4.0,0.0,6.0,10.0,0.1
moustmi01,2020,1,CIN,NL,44,139,13,32,9,0,8,27.0,1.0,0.0,18,36.0,1.0,4.0,0.0,2.0,5.0,0.1
moustmi01,2021,1,CIN,NL,62,183,21,38,12,0,6,22.0,0.0,0.0,18,46.0,0.0,2.0,0.0,3.0,6.0,-1.1
moustmi01,2022,1,CIN,NL,78,252,30,54,12,0,7,25.0,2.0,0.0,24,75.0,0.0,6.0,0.0,3.0,8.0,-0.9
moustmi01,2023,1,COL,NL,47,115,21,31,7,0,4,17.0,0.0,0.0,17,34.0,1.0,1.0,0.0,3.0,1.0,0.4
moustmi01,2023,2,LAA,AL,65,237,22,56,8,0,8,31.0,0.0,0.0,6,61.0,0.0,2.0,0.0,5.0,6.0,-0.5
mulleky01,2021,1,ATL,NL,9,11,0,1,0,0,0,0.0,0.0,0.0,1,7.0,0.0,0.0,1.0,0.0,0.0,0.0
mullice01,2020,1,BAL,AL,48,140,16,38,4,3,3,12.0,7.0,2.0,8,37.0,0.0,1.0,4.0,0.0,0.0,0.5
mullice01,2021,1,BAL,AL,159,602,91,175,37,5,30,59.0,30.0,8.0,59,125.0,3.0,8.0,1.0,4.0,2.0,6.2
mullice01,2022,1,BAL,AL,156,608,89,157,32,4,16,64.0,34.0,10.0,47,126.0,2.0,9.0,1.0,5.0,4.0,4.0
mullice01,2023,1,BAL,AL,116,404,51,94,23,3,15,74.0,19.0,3.0,43,101.0,1.0,1.0,3.0,4.0,6.0,2.8
mullice01,2024,1,BAL,AL,147,444,69,104,16,3,18,54.0,32.0,6.0,41,98.0,0.0,5.0,2.0,2.0,1.0,2.4
mullice01,2025,1,BAL,AL,91,314,42,72,19,0,15,49.0,14.0,4.0,34,85.0,0.0,2.0,1.0,4.0,2.0,0.0
mullice01,2025,2,NYN,NL,42,121,16,22,4,1,2,10.0,8.0,0.0,16,35.0,0.0,2.0,2.0,2.0,0.0,0.5
muncyma01,2020,1,LAN,NL,58,203,36,39,4,0,12,27.0,1.0,0.0,39,60.0,2.0,4.0,0.0,2.0,3.0,0.5
muncyma01,2021,1,LAN,NL,144,497,95,124,26,2,36,94.0,2.0,1.0,83,120.0,5.0,11.0,0.0,1.0,7.0,4.6
muncyma01,2022,1,LAN,NL,136,464,69,91,22,1,21,69.0,2.0,0.0,90,141.0,1.0,5.0,0.0,6.0,2.0,3.1
muncyma01,2023,1,LAN,NL,135,482,95,102,17,1,36,105.0,1.0,2.0,85,153.0,4.0,6.0,0.0,6.0,8.0,2.9
muncyma01,2024,1,LAN,NL,73,237,47,55,17,0,15,48.0,1.0,0.0,45,77.0,3.0,5.0,0.0,6.0,1.0,3.0
muncyma01,2025,1,LAN,NL,100,313,48,76,10,2,19,67.0,4.0,0.0,64,83.0,2.0,6.0,0.0,5.0,4.0,3.6
muncyma02,2025,1,ATH,AL,63,206,17,44,7,0,9,23.0,1.0,1.0,10,68.0,0.0,3.0,0.0,1.0,1.0,0.0
munozya01,2020,1,BOS,AL,12,45,6,15,5,0,1,4.0,2.0,0.0,0,11.0,0.0,0.0,0.0,0.0,1.0,0.6
munozya01,2021,1,BOS,AL,5,11,0,1,0,0,0,0.0,0.0,0.0,0,2.0,0.0,0.0,0.0,0.0,0.0,-0.2
munozya01,2022,1,PHI,NL,29,57,7,12,2,0,3,7.0,1.0,0.0,3,10.0,0.0,0.0,0.0,0.0,0.0,-0.1
murphda08,2020,1,COL,NL,40,123,10,29,3,0,3,16.0,0.0,0.0,7,21.0,2.0,0.0,0.0,1.0,3.0,-0.9
murphjr01,2020,1,PIT,NL,25,58,6,10,2,0,0,2.0,0.0,0.0,4,28.0,0.0,0.0,1.0,0.0,1.0,-0.3
murphpa02,2021,2,WAS,NL,17,1,0,0,0,0,0,0.0,0.0,0.0,0,1.0,0.0,0.0,0.0,0.0,0.0,0.0
murphse01,2020,1,OAK,AL,43,116,21,27,5,0,7,14.0,0.0,0.0,24,37.0,0.0,0.0,0.0,0.0,6.0,1.1
murphse01,2021,1,OAK,AL,119,393,47,85,23,0,17,59.0,0.0,0.0,40,114.0,0.0,12.0,0.0,3.0,7.0,2.8
murphse01,2022,1,OAK,AL,148,537,67,134,37,2,18,66.0,1.0,0.0,56,124.0,2.0,13.0,0.0,5.0,14.0,3.7
murphse01,2023,1,ATL,NL,108,370,65,93,21,0,21,68.0,0.0,0.0,49,98.0,0.0,18.0,0.0,1.0,18.0,4.0
murphse01,2024,1,ATL,NL,72,233,19,45,5,1,10,25.0,0.0,0.0,27,67.0,1.0,3.0,0.0,1.0,7.0,1.3
murphse01,2025,1,ATL,NL,94,291,34,58,13,0,16,45.0,0.0,0.0,35,105.0,1.0,8.0,0.0,3.0,9.0,2.4
murphto04,2021,1,SEA,AL,97,277,35,56,8,0,11,34.0,0.0,0.0,40,99.0,0.0,2.0,0.0,3.0,8.0,1.0
murphto04,2022,1,SEA,AL,14,33,9,10,2,0,1,1.0,0.0,0.0,8,13.0,0.0,0.0,0.0,0.0,1.0,0.5
murphto04,2023,1,SEA,AL,47,145,19,42,12,0,8,17.0,0.0,0.0,10,44.0,0.0,1.0,0.0,2.0,4.0,1.2
murphto04,2024,1,SFN,NL,13,34,3,4,1,0,1,2.0,0.0,0.0,4,14.0,0.0,0.0,0.0,0.0,0.0,-0.4
musgrjo01,2021,1,SDN,NL,40,51,2,7,2,0,0,1.0,0.0,0.0,1,23.0,0.0,0.0,4.0,1.0,0.0,-0.2
muzzisi01,2022,1,PHI,NL,9,7,0,1,0,0,0,0.0,0.0,0.0,0,2.0,0.0,1.0,1.0,0.0,0.0,-0.1
myersda01,2023,1,MIA,NL,22,67,9,18,3,0,1,9.0,1.0,1.0,2,19.0,0.0,0.0,0.0,1.0,1.0,-0.4
myersda01,2024,1,MIA,NL,44,95,17,25,6,1,3,19.0,4.0,1.0,8,36.0,0.0,3.0,0.0,2.0,0.0,0.6
myersda01,2025,1,MIA,NL,106,307,29,72,10,0,6,31.0,18.0,5.0,23,77.0,0.0,2.0,0.0,1.0,12.0,-0.1
myerswi01,2020,1,SDN,NL,55,198,34,57,14,2,15,40.0,2.0,1.0,18,56.0,0.0,2.0,0.0,0.0,0.0,1.9
myerswi01,2021,1,SDN,NL,146,442,56,113,24,2,17,63.0,8.0,5.0,54,141.0,2.0,0.0,0.0,4.0,9.0,1.1
myerswi01,2022,1,SDN,NL,77,261,29,68,15,0,7,41.0,2.0,1.0,21,86.0,1.0,1.0,0.0,3.0,7.0,1.0
myerswi01,2023,1,CIN,NL,37,127,11,24,3,0,3,12.0,2.0,1.0,12,48.0,0.0,0.0,1.0,1.0,3.0,-0.6
nanceto01,2021,1,CHN,NL,27,2,0,0,0,0,0,0.0,0.0,0.0,0,1.0,0.0,0.0,0.0,0.0,0.0,0.0
naquity01,2020,1,CLE,AL,40,133,15,29,8,1,4,20.0,0.0,1.0,5,40.0,0.0,1.0,0.0,2.0,3.0,-0.4
naquity01,2021,1,CIN,NL,127,411,52,111,24,2,19,70.0,5.0,3.0,35,106.0,1.0,5.0,0.0,3.0,9.0,0.6
naquity01,2022,1,CIN,NL,56,187,29,46,12,2,7,33.0,3.0,2.0,13,53.0,2.0,3.0,1.0,0.0,1.0,0.4
naquity01,2022,2,NYN,NL,49,123,18,25,7,2,4,13.0,1.0,0.0,6,40.0,0.0,1.0,0.0,0.0,2.0,-0.4
naquity01,2023,1,CHA,AL,5,8,0,0,0,0,0,0.0,0.0,0.0,0,7.0,0.0,0.0,0.0,0.0,0.0,-0.3
narvaca01,2024,1,NYA,AL,6,13,0,3,0,0,0,0.0,0.0,0.0,2,6.0,0.0,0.0,0.0,0.0,0.0,0.1
narvaca01,2025,1,BOS,AL,118,403,51,97,27,0,15,50.0,1.0,1.0,38,111.0,0.0,1.0,2.0,2.0,12.0,2.6
narvaom01,2020,1,MIL,NL,40,108,8,19,4,0,2,10.0,0.0,0.0,16,39.0,0.0,2.0,0.0,0.0,1.0,-0.1
narvaom01,2021,1,MIL,NL,123,391,54,104,20,0,11,49.0,0.0,0.0,41,84.0,3.0,7.0,0.0,6.0,13.0,1.5
narvaom01,2022,1,MIL,NL,84,262,21,54,12,1,4,23.0,0.0,0.0,29,57.0,1.0,3.0,1.0,1.0,4.0,0.3
narvaom01,2023,1,NYN,NL,49,128,12,27,5,0,2,7.0,0.0,0.0,14,27.0,0.0,0.0,1.0,3.0,1.0,-0.1
narvaom01,2024,1,NYN,NL,28,65,4,10,2,0,0,5.0,0.0,0.0,3,12.0,0.0,0.0,1.0,0.0,2.0,-0.9
narvaom01,2025,1,CHA,AL,4,7,1,2,0,0,0,3.0,0.0,0.0,2,1.0,0.0,0.0,0.0,1.0,0.0,0.0
naughpa01,2021,1,LAA,AL,7,1,0,0,0,0,0,0.0,0.0,0.0,0,1.0,0.0,0.0,0.0,0.0,0.0,0.0
navarbr01,2020,1,MIA,NL,2,5,0,2,0,0,0,0.0,0.0,0.0,0,1.0,0.0,0.0,0.0,0.0,0.0,0.0
navarbr01,2025,1,MIA,NL,8,14,3,4,2,0,1,5.0,0.0,0.0,0,3.0,0.0,0.0,0.0,1.0,0.0,0.2
naylobo01,2022,1,CLE,AL,5,8,0,0,0,0,0,0.0,0.0,0.0,0,5.0,0.0,0.0,0.0,0.0,0.0,-0.2
naylobo01,2023,1,CLE,AL,67,198,33,47,13,0,11,32.0,5.0,0.0,30,53.0,1.0,1.0,0.0,1.0,2.0,1.4
naylobo01,2024,1,CLE,AL,123,354,39,71,10,2,13,39.0,6.0,3.0,29,122.0,1.0,2.0,2.0,2.0,3.0,0.7
naylobo01,2025,1,CLE,AL,123,359,46,70,22,1,14,47.0,1.0,2.0,45,99.0,0.0,1.0,3.0,6.0,4.0,1.5
naylojo01,2020,1,SDN,NL,18,36,4,10,0,1,1,4.0,1.0,0.0,1,4.0,0.0,1.0,0.0,0.0,2.0,0.0
naylojo01,2020,2,CLE,AL,22,61,9,14,3,0,0,2.0,0.0,0.0,4,8.0,0.0,0.0,0.0,0.0,0.0,0.0
naylojo01,2021,1,CLE,AL,69,233,28,59,13,0,7,21.0,1.0,0.0,14,45.0,1.0,2.0,0.0,0.0,7.0,-0.1
naylojo01,2022,1,CLE,AL,122,449,47,115,28,0,20,79.0,6.0,1.0,38,80.0,4.0,6.0,0.0,5.0,13.0,1.7
naylojo01,2023,1,CLE,AL,121,452,52,139,31,0,17,97.0,10.0,3.0,33,68.0,9.0,3.0,0.0,7.0,11.0,2.3
naylojo01,2024,1,CLE,AL,152,563,84,137,27,0,31,108.0,6.0,2.0,58,105.0,7.0,7.0,0.0,4.0,17.0,1.5
naylojo01,2025,1,ARI,NL,93,349,49,102,19,1,11,59.0,11.0,2.0,37,49.0,4.0,2.0,0.0,4.0,14.0,0.8
naylojo01,2025,2,SEA,AL,54,194,32,58,10,0,9,33.0,19.0,0.0,11,34.0,0.0,2.0,0.0,1.0,3.0,2.2
neideni01,2021,1,MIA,NL,8,11,0,0,0,0,0,0.0,0.0,0.0,1,5.0,0.0,0.0,0.0,0.0,0.0,-0.1
nelsoji02,2021,1,LAN,NL,28,3,0,0,0,0,0,0.0,0.0,0.0,0,3.0,0.0,0.0,0.0,0.0,0.0,0.0
nelsory01,2025,1,ARI,NL,34,1,1,1,0,0,0,1.0,0.0,0.0,0,0.0,0.0,0.0,0.0,0.0,0.0,0.1
nerishe01,2021,1,PHI,NL,74,1,0,0,0,0,0,0.0,0.0,0.0,0,1.0,0.0,0.0,0.0,0.0,0.0,0.0
netoza01,2023,1,LAA,AL,84,289,38,65,17,0,9,34.0,5.0,1.0,20,77.0,0.0,16.0,1.0,3.0,5.0,1.6
netoza01,2024,1,LAA,AL,155,542,70,135,34,1,23,77.0,30.0,10.0,39,140.0,1.0,16.0,4.0,1.0,14.0,5.1
netoza01,2025,1,LAA,AL,128,502,82,129,29,1,26,62.0,26.0,9.0,33,149.0,6.0,14.0,2.0,3.0,5.0,5.1
neusesh01,2021,1,LAN,NL,33,65,6,11,1,0,3,4.0,1.0,1.0,1,26.0,0.0,0.0,0.0,0.0,2.0,-0.5
neusesh01,2022,1,OAK,AL,89,271,25,58,4,2,4,26.0,6.0,1.0,20,80.0,0.0,2.0,0.0,0.0,5.0,-0.8
nevinty01,2021,1,BAL,AL,6,14,3,4,2,0,1,3.0,0.0,0.0,4,5.0,0.0,0.0,0.0,0.0,0.0,0.1
nevinty01,2022,1,BAL,AL,58,157,17,31,4,0,2,16.0,0.0,0.0,20,46.0,0.0,4.0,0.0,3.0,4.0,-0.5
nevinty01,2023,1,DET,AL,41,95,11,19,3,1,2,10.0,0.0,1.0,12,25.0,0.0,3.0,0.0,1.0,1.0,-0.5
nevinty01,2024,1,OAK,AL,87,245,22,50,10,0,7,20.0,1.0,0.0,25,64.0,0.0,5.0,0.0,3.0,5.0,-0.2
newcose01,2021,1,ATL,NL,32,1,0,0,0,0,0,0.0,0.0,0.0,0,1.0,0.0,0.0,1.0,0.0,0.0,0.0
newmake01,2020,1,PIT,NL,44,156,12,35,5,0,1,10.0,0.0,1.0,12,21.0,0.0,1.0,1.0,2.0,1.0,-0.4
newmake01,2021,1,PIT,NL,148,517,50,117,22,3,5,39.0,6.0,1.0,27,41.0,3.0,1.0,6.0,3.0,7.0,0.6
newmake01,2022,1,PIT,NL,78,288,31,79,18,2,2,24.0,8.0,2.0,16,48.0,0.0,2.0,2.0,1.0,6.0,1.1
newmake01,2023,1,CIN,NL,74,225,28,57,16,0,3,28.0,8.0,1.0,17,34.0,0.0,4.0,2.0,5.0,7.0,-0.4
newmake01,2024,1,ARI,NL,111,288,41,80,17,1,3,28.0,8.0,1.0,15,48.0,1.0,0.0,6.0,2.0,7.0,2.2
newmake01,2025,1,LAA,AL,57,114,13,23,2,0,2,11.0,1.0,0.0,1,23.0,0.0,0.0,1.0,0.0,5.0,-0.9
nidoto01,2020,1,NYN,NL,7,24,4,7,1,0,2,6.0,0.0,0.0,2,6.0,0.0,0.0,0.0,0.0,2.0,0.2
nidoto01,2021,1,NYN,NL,58,153,16,34,5,1,3,13.0,1.0,0.0,5,44.0,1.0,3.0,0.0,0.0,4.0,0.4
nidoto01,2022,1,NYN,NL,98,284,31,68,15,0,3,28.0,0.0,0.0,14,76.0,0.0,1.0,12.0,2.0,14.0,0.3
nidoto01,2023,1,NYN,NL,22,56,5,7,0,0,0,1.0,0.0,0.0,2,18.0,0.0,0.0,2.0,1.0,2.0,-0.7
nidoto01,2024,1,NYN,NL,32,83,9,19,2,0,3,8.0,0.0,0.0,4,20.0,0.0,0.0,2.0,1.0,0.0,0.1
nidoto01,2024,2,CHN,NL,17,47,5,6,2,0,1,4.0,0.0,0.0,1,15.0,0.0,0.0,1.0,1.0,1.0,-0.5
nidoto01,2025,1,DET,AL,11,35,4,12,0,0,0,2.0,0.0,0.0,0,10.0,0.0,1.0,1.0,0.0,1.0,-0.1
nimmobr01,2020,1,NYN,NL,55,186,33,52,8,3,8,18.0,1.0,2.0,33,43.0,0.0,6.0,0.0,0.0,1.0,1.7
nimmobr01,2021,1,NYN,NL,92,325,51,95,17,3,8,28.0,5.0,4.0,54,79.0,0.0,5.0,2.0,0.0,3.0,3.5
nimmobr01,2022,1,NYN,NL,151,580,102,159,30,7,16,64.0,3.0,2.0,71,116.0,0.0,16.0,3.0,3.0,9.0,5.0
nimmobr01,2023,1,NYN,NL,152,592,89,162,30,6,24,68.0,3.0,3.0,74,146.0,0.0,11.0,1.0,4.0,6.0,4.0
nimmobr01,2024,1,NYN,NL,151,571,88,128,25,3,23,90.0,15.0,0.0,77,158.0,1.0,12.0,0.0,3.0,7.0,2.2
nimmobr01,2025,1,NYN,NL,155,587,81,154,27,0,25,92.0,13.0,1.0,50,141.0,1.0,7.0,1.0,7.0,8.0,2.9
nodary01,2023,1,OAK,AL,128,406,63,93,22,1,16,54.0,3.0,1.0,77,170.0,1.0,10.0,0.0,2.0,4.0,2.2
nodary01,2024,1,OAK,AL,36,95,8,13,4,0,1,4.0,0.0,0.0,14,37.0,0.0,1.0,1.0,0.0,0.0,-0.6
nodary01,2025,1,CHA,AL,16,34,3,3,0,0,1,1.0,0.0,0.0,10,19.0,1.0,0.0,1.0,0.0,0.0,-0.3
nodary01,2025,2,BAL,AL,7,13,0,2,0,0,0,1.0,1.0,0.0,1,6.0,1.0,0.0,0.0,0.0,0.0,0.0
noeljh01,2024,1,CLE,AL,67,179,25,39,7,1,13,28.0,0.0,0.0,13,63.0,0.0,5.0,0.0,1.0,1.0,1.0
noeljh01,2025,1,CLE,AL,69,148,19,24,2,0,6,13.0,0.0,0.0,4,52.0,0.0,0.0,0.0,1.0,4.0,-1.4
nogosst01,2021,1,NYN,NL,1,1,0,0,0,0,0,0.0,0.0,0.0,0,1.0,0.0,0.0,0.0,0.0,0.0,0.0
nogowjo01,2020,1,SLN,NL,1,4,0,1,0,0,0,0.0,0.0,0.0,0,1.0,0.0,0.0,0.0,0.0,0.0,-0.1
nogowjo01,2021,1,SLN,NL,19,18,2,1,0,0,0,0.0,0.0,0.0,1,2.0,0.0,1.0,0.0,0.0,1.0,-0.3
nogowjo01,2021,2,PIT,NL,33,111,12,29,7,0,1,14.0,0.0,1.0,11,20.0,0.0,0.0,0.0,1.0,1.0,0.0
nolaaa01,2021,1,PHI,NL,33,49,5,7,2,0,0,4.0,0.0,0.0,6,29.0,0.0,0.0,7.0,1.0,0.0,0.3
nolaau01,2020,1,SEA,AL,29,98,15,30,5,1,5,19.0,0.0,0.0,9,17.0,1.0,2.0,0.0,1.0,1.0,0.9
nolaau01,2020,2,SDN,NL,19,63,9,14,4,0,2,9.0,0.0,0.0,9,17.0,0.0,1.0,0.0,1.0,2.0,0.3
nolaau01,2021,1,SDN,NL,56,173,15,47,12,0,2,29.0,0.0,1.0,14,19.0,0.0,5.0,0.0,2.0,2.0,0.9
nolaau01,2022,1,SDN,NL,110,347,40,87,15,0,4,40.0,2.0,1.0,34,60.0,1.0,6.0,1.0,9.0,5.0,1.9
nolaau01,2023,1,SDN,NL,52,130,9,19,3,0,1,8.0,0.0,0.0,18,31.0,0.0,2.0,4.0,0.0,5.0,-0.6
nolaau01,2025,1,COL,NL,15,38,2,7,1,0,0,1.0,0.0,0.0,2,5.0,0.0,0.0,1.0,0.0,2.0,-0.2
nolinse01,2021,1,WAS,NL,10,5,0,0,0,0,0,0.0,0.0,0.0,0,3.0,0.0,0.0,1.0,0.0,0.0,-0.1
nollja01,2020,1,WAS,NL,7,17,2,6,1,0,0,0.0,0.0,0.0,0,4.0,0.0,0.0,0.0,0.0,1.0,-0.1
nootbla01,2021,1,SLN,NL,58,109,15,26,3,1,5,15.0,2.0,1.0,13,28.0,1.0,0.0,1.0,1.0,0.0,1.0
nootbla01,2022,1,SLN,NL,108,290,53,66,16,3,14,40.0,4.0,1.0,51,71.0,1.0,1.0,0.0,5.0,3.0,2.3
nootbla01,2023,1,SLN,NL,117,426,74,111,23,1,14,46.0,11.0,1.0,72,99.0,2.0,1.0,1.0,3.0,7.0,3.3
nootbla01,2024,1,SLN,NL,109,348,39,85,18,3,12,45.0,7.0,3.0,52,79.0,2.0,1.0,1.0,3.0,10.0,1.6
nootbla01,2025,1,SLN,NL,135,509,68,119,24,1,13,48.0,4.0,5.0,64,119.0,3.0,6.0,1.0,3.0,4.0,1.3
norbyco01,2024,1,BAL,AL,9,32,3,6,1,0,2,3.0,0.0,0.0,0,12.0,0.0,0.0,0.0,0.0,1.0,0.1
norbyco01,2024,2,MIA,NL,36,146,29,36,8,0,7,17.0,3.0,3.0,15,52.0,0.0,0.0,0.0,1.0,1.0,0.3
norbyco01,2025,1,MIA,NL,88,311,42,78,17,1,8,34.0,8.0,2.0,18,90.0,0.0,5.0,0.0,3.0,3.0,0.7
norrida01,2021,2,MIL,NL,18,2,0,0,0,0,0,0.0,0.0,0.0,0,0.0,0.0,0.0,0.0,0.0,0.0,0.0
nottija01,2020,1,MIL,NL,20,48,8,9,1,0,4,13.0,0.0,0.0,5,20.0,0.0,1.0,0.0,0.0,1.0,0.5
nottija01,2021,1,MIL,NL,5,14,2,3,1,0,2,4.0,0.0,0.0,0,8.0,0.0,0.0,0.0,0.0,0.0,0.0
nottija01,2021,2,SEA,AL,10,26,3,3,0,0,1,2.0,0.0,0.0,2,12.0,0.0,2.0,0.0,1.0,0.0,-0.2
nunezdo01,2021,1,COL,NL,81,228,31,43,12,3,10,33.0,0.0,0.0,34,91.0,4.0,0.0,0.0,1.0,0.0,-0.5
nunezdo01,2022,1,COL,NL,14,33,3,4,1,0,0,2.0,0.0,0.0,6,10.0,0.0,0.0,0.0,2.0,0.0,-0.4
nunezdo01,2025,1,CLE,AL,2,7,2,2,0,0,0,0.0,0.0,0.0,0,4.0,0.0,0.0,0.0,0.0,0.0,0.0
nunezed02,2020,1,NYN,NL,2,2,0,1,0,0,0,0.0,1.0,0.0,0,0.0,0.0,0.0,0.0,0.0,0.0,0.0
nunezna01,2024,1,WAS,NL,51,61,14,15,1,0,0,1.0,8.0,2.0,12,15.0,0.0,0.0,5.0,0.0,1.0,0.7
nunezna01,2025,1,WAS,NL,39,82,13,19,2,0,4,13.0,9.0,1.0,8,20.0,0.0,0.0,1.0,1.0,1.0,0.7
nunezre01,2020,1,BAL,AL,52,195,29,50,10,0,12,31.0,0.0,0.0,17,64.0,0.0,3.0,0.0,1.0,4.0,0.6
nunezre01,2021,1,DET,AL,14,53,7,10,3,0,4,7.0,0.0,0.0,1,16.0,0.0,1.0,0.0,0.0,2.0,-0.1
oberba01,2021,1,MIN,AL,20,2,0,1,0,0,0,0.0,0.0,0.0,0,0.0,0.0,0.0,0.0,0.0,0.0,0.1
odomjo01,2020,1,SEA,AL,18,39,2,5,0,0,0,2.0,0.0,0.0,4,20.0,0.0,0.0,1.0,0.0,1.0,-0.2
odomjo01,2021,1,TBA,AL,2,2,0,0,0,0,0,0.0,0.0,0.0,0,1.0,0.0,0.0,0.0,0.0,0.0,0.0
odorija01,2021,1,HOU,AL,24,1,0,0,0,0,0,0.0,0.0,0.0,0,0.0,0.0,0.0,0.0,0.0,0.0,0.0
odorro01,2020,1,TEX,AL,38,138,15,23,4,0,10,30.0,0.0,1.0,7,47.0,0.0,1.0,0.0,2.0,2.0,-0.5
odorro01,2021,1,NYA,AL,102,322,42,65,12,0,15,39.0,0.0,1.0,27,100.0,2.0,11.0,1.0,0.0,3.0,0.4
odorro01,2022,1,BAL,AL,135,426,49,88,19,3,13,53.0,6.0,1.0,32,109.0,1.0,10.0,0.0,4.0,9.0,-0.3
odorro01,2023,1,SDN,NL,59,138,21,28,9,0,4,18.0,2.0,1.0,17,37.0,0.0,2.0,0.0,0.0,2.0,-0.3
ogasash01,2025,1,WAS,NL,23,1,0,0,0,0,0,0.0,0.0,0.0,0,1.0,0.0,0.0,0.0,0.0,0.0,0.0
ogradbr01,2020,1,TBA,AL,2,5,2,2,1,0,0,0.0,1.0,0.0,0,1.0,0.0,0.0,0.0,0.0,0.0,0.1
ogradbr01,2021,1,SDN,NL,32,51,8,8,3,0,2,9.0,0.0,0.0,8,17.0,0.0,0.0,1.0,1.0,1.0,0.1
ohearry01,2020,1,KCA,AL,42,113,7,22,6,0,2,18.0,0.0,0.0,18,37.0,2.0,0.0,0.0,1.0,5.0,-0.6
ohearry01,2021,1,KCA,AL,84,236,23,53,5,1,9,29.0,0.0,0.0,13,71.0,0.0,2.0,0.0,3.0,7.0,-0.8
ohearry01,2022,1,KCA,AL,67,134,14,32,6,1,1,16.0,0.0,0.0,8,35.0,0.0,2.0,0.0,1.0,2.0,-0.5
ohearry01,2023,1,BAL,AL,112,346,48,100,22,1,14,60.0,5.0,1.0,15,82.0,2.0,3.0,1.0,3.0,2.0,1.2
ohearry01,2024,1,BAL,AL,142,443,60,117,21,3,15,59.0,3.0,1.0,46,69.0,2.0,2.0,0.0,3.0,7.0,1.8
ohearry01,2025,1,BAL,AL,94,311,45,88,15,1,13,43.0,3.0,1.0,42,63.0,3.0,5.0,0.0,3.0,10.0,2.0
ohearry01,2025,2,SDN,NL,50,163,22,45,6,0,4,20.0,0.0,0.0,16,46.0,1.0,3.0,0.0,1.0,1.0,0.4
ohopplo01,2022,1,LAA,AL,5,14,1,4,0,0,0,2.0,0.0,0.0,2,3.0,0.0,0.0,0.0,0.0,0.0,-0.1
ohopplo01,2023,1,LAA,AL,51,182,23,43,6,0,14,29.0,0.0,1.0,14,48.0,0.0,2.0,0.0,1.0,4.0,0.6
ohopplo01,2024,1,LAA,AL,136,479,64,117,17,1,20,56.0,2.0,3.0,33,155.0,0.0,8.0,1.0,1.0,7.0,2.7
ohopplo01,2025,1,LAA,AL,119,423,35,90,8,1,19,43.0,2.0,1.0,24,139.0,0.0,2.0,1.0,1.0,12.0,-0.2
ohtansh01,2020,1,LAA,AL,46,153,23,29,6,0,7,24.0,7.0,1.0,22,50.0,0.0,0.0,0.0,0.0,3.0,0.0
ohtansh01,2021,1,LAA,AL,158,537,103,138,26,8,46,100.0,26.0,10.0,96,189.0,20.0,4.0,0.0,2.0,7.0,4.9
ohtansh01,2022,1,LAA,AL,157,586,90,160,30,6,34,95.0,11.0,9.0,72,161.0,14.0,5.0,0.0,3.0,6.0,3.4
ohtansh01,2023,1,LAA,AL,135,497,102,151,26,8,44,95.0,20.0,6.0,91,143.0,21.0,3.0,0.0,3.0,9.0,6.1
ohtansh01,2024,1,LAN,NL,159,636,134,197,38,7,54,130.0,59.0,4.0,81,162.0,10.0,6.0,0.0,5.0,7.0,9.0
ohtansh01,2025,1,LAN,NL,158,611,146,172,25,9,55,102.0,20.0,6.0,109,187.0,20.0,3.0,0.0,2.0,9.0,6.6
okeefbr01,2022,1,SEA,AL,2,3,0,1,0,0,0,0.0,0.0,0.0,1,2.0,0.0,0.0,0.0,0.0,0.0,0.0
okeefbr01,2023,1,SEA,AL,8,19,0,2,2,0,0,2.0,0.0,0.0,2,7.0,0.0,0.0,0.0,0.0,2.0,-0.2
okertst01,2021,1,MIA,NL,34,2,0,0,0,0,0,0.0,0.0,0.0,0,1.0,0.0,0.0,0.0,0.0,1.0,0.0
okeych01,2022,1,CIN,NL,7,12,3,2,0,0,0,0.0,0.0,0.0,0,5.0,0.0,1.0,0.0,0.0,0.0,-0.2
okeych01,2023,1,LAA,AL,2,2,0,0,0,0,0,0.0,0.0,0.0,0,2.0,0.0,0.0,0.0,0.0,0.0,0.0
olivaed02,2020,1,SDN,NL,13,34,4,6,1,0,1,3.0,0.0,1.0,2,14.0,0.0,0.0,0.0,0.0,0.0,-0.5
olivaed02,2020,2,KCA,AL,18,62,5,17,1,1,2,7.0,0.0,1.0,2,11.0,0.0,0.0,0.0,1.0,1.0,-0.3
olivaed02,2021,1,KCA,AL,39,101,14,24,2,0,5,12.0,2.0,2.0,5,19.0,0.0,3.0,1.0,1.0,2.0,0.0
olivaed02,2022,1,KCA,AL,53,161,24,46,8,0,4,15.0,2.0,3.0,10,36.0,0.0,2.0,0.0,1.0,1.0,0.1
olivaed02,2023,1,KCA,AL,107,354,47,93,23,4,12,36.0,11.0,5.0,22,64.0,1.0,7.0,0.0,2.0,7.0,0.2
olivaed02,2024,1,PIT,NL,55,174,22,39,4,0,5,23.0,1.0,0.0,16,37.0,0.0,2.0,0.0,4.0,3.0,-0.7
olivaja01,2020,1,PIT,NL,6,16,0,3,0,0,0,0.0,1.0,0.0,0,6.0,0.0,0.0,0.0,0.0,0.0,-0.2
olivaja01,2021,1,PIT,NL,20,40,4,7,2,0,0,2.0,2.0,0.0,3,10.0,1.0,0.0,0.0,0.0,0.0,-0.4
olsonma02,2020,1,OAK,AL,60,210,28,41,4,1,14,42.0,1.0,0.0,34,77.0,2.0,1.0,0.0,0.0,2.0,1.3
olsonma02,2021,1,OAK,AL,156,565,101,153,35,0,39,111.0,4.0,1.0,88,113.0,12.0,9.0,0.0,11.0,17.0,5.9
olsonma02,2022,1,ATL,NL,162,616,86,148,44,0,34,103.0,0.0,0.0,75,170.0,6.0,4.0,0.0,4.0,13.0,3.3
olsonma02,2023,1,ATL,NL,162,608,127,172,27,3,54,139.0,1.0,0.0,104,167.0,8.0,4.0,0.0,4.0,13.0,7.5
olsonma02,2024,1,ATL,NL,162,600,78,148,37,1,29,98.0,0.0,0.0,71,170.0,5.0,9.0,0.0,5.0,15.0,3.9
olsonma02,2025,1,ATL,NL,162,624,98,170,41,2,29,95.0,1.0,0.0,91,176.0,2.0,4.0,0.0,5.0,14.0,6.0
onajo01,2020,1,SDN,NL,5,12,3,3,1,0,1,2.0,0.0,0.0,2,7.0,0.0,1.0,0.0,0.0,0.0,0.2
oneilty01,2020,1,SLN,NL,50,139,20,24,5,0,7,19.0,3.0,1.0,15,43.0,0.0,2.0,0.0,1.0,3.0,0.9
oneilty01,2021,1,SLN,NL,138,482,89,138,26,2,34,80.0,15.0,4.0,38,168.0,0.0,13.0,0.0,4.0,8.0,6.4
oneilty01,2022,1,SLN,NL,96,334,56,76,11,1,14,58.0,14.0,4.0,38,103.0,0.0,4.0,0.0,7.0,9.0,1.1
oneilty01,2023,1,SLN,NL,72,238,27,55,14,0,9,21.0,5.0,0.0,28,67.0,0.0,0.0,0.0,0.0,5.0,0.3
oneilty01,2024,1,BOS,AL,113,411,74,99,18,0,31,61.0,4.0,0.0,53,159.0,5.0,7.0,0.0,2.0,13.0,2.9
oneilty01,2025,1,BAL,AL,54,181,22,36,6,1,9,26.0,4.0,0.0,22,51.0,1.0,3.0,0.0,3.0,2.0,-0.6
orfna01,2020,1,OAK,AL,6,7,1,0,0,0,0,0.0,0.0,0.0,0,1.0,0.0,0.0,0.0,0.0,0.0,-0.3
orneljo01,2023,1,TEX,AL,8,7,2,1,0,0,0,0.0,0.0,0.0,0,4.0,0.0,1.0,0.0,0.0,0.0,0.0
orneljo01,2024,1,TEX,AL,18,37,1,8,2,0,0,3.0,0.0,0.0,2,13.0,0.0,0.0,1.0,0.0,0.0,0.0
orneljo01,2025,1,TEX,AL,4,5,0,0,0,0,0,0.0,0.0,0.0,1,3.0,0.0,0.0,0.0,0.0,0.0,0.0
orneljo01,2025,2,ATL,NL,2,4,1,2,0,0,0,0.0,0.0,0.0,0,0.0,0.0,0.0,0.0,0.0,0.0,0.1
ornelti01,2025,1,SDN,NL,7,14,0,1,0,0,0,1.0,0.0,0.0,2,2.0,0.0,0.0,0.0,0.0,1.0,-0.3
ortegra01,2021,1,CHN,NL,103,296,44,86,14,2,11,33.0,12.0,6.0,30,70.0,1.0,2.0,2.0,0.0,3.0,2.0
ortegra01,2022,1,CHN,NL,118,316,35,76,14,1,7,35.0,12.0,7.0,44,74.0,2.0,2.0,1.0,7.0,10.0,0.1
ortegra01,2023,1,NYN,NL,47,114,16,25,3,0,1,8.0,6.0,1.0,20,33.0,0.0,1.0,1.0,0.0,0.0,0.2
ortegra01,2024,1,CHA,AL,14,14,4,1,0,0,0,1.0,2.0,0.0,2,4.0,0.0,0.0,0.0,1.0,1.0,-0.2
ortizjo06,2023,1,BAL,AL,15,33,4,7,1,0,0,4.0,0.0,0.0,0,9.0,0.0,0.0,0.0,1.0,2.0,0.0
ortizjo06,2024,1,MIL,NL,142,440,58,105,25,6,11,60.0,11.0,6.0,56,103.0,0.0,6.0,3.0,6.0,10.0,2.8
ortizjo06,2025,1,MIL,NL,149,470,62,108,18,1,7,45.0,14.0,3.0,27,74.0,0.0,3.0,6.0,0.0,10.0,0.3
osunaal02,2025,1,TEX,AL,63,151,12,32,4,0,2,15.0,5.0,4.0,21,34.0,1.0,2.0,0.0,2.0,1.0,0.2
osunajo01,2020,1,PIT,NL,26,78,6,16,3,0,4,11.0,0.0,1.0,4,16.0,0.0,0.0,0.0,0.0,1.0,-0.1
outmaja01,2022,1,LAN,NL,4,13,6,6,2,0,1,3.0,0.0,0.0,2,7.0,0.0,1.0,0.0,0.0,0.0,0.4
outmaja01,2023,1,LAN,NL,151,483,86,120,16,3,23,70.0,16.0,3.0,68,181.0,1.0,12.0,0.0,4.0,4.0,3.4
outmaja01,2024,1,LAN,NL,53,136,12,20,4,0,4,11.0,2.0,1.0,16,55.0,0.0,4.0,0.0,0.0,0.0,-0.5
outmaja01,2025,1,LAN,NL,22,39,8,4,1,0,2,4.0,0.0,0.0,4,18.0,0.0,1.0,0.0,0.0,0.0,-0.2
outmaja01,2025,2,MIN,AL,37,95,11,14,4,1,4,7.0,1.0,0.0,8,45.0,0.0,1.0,0.0,0.0,0.0,-0.8
overtco01,2021,2,PIT,NL,5,1,1,1,0,0,0,2.0,0.0,0.0,0,0.0,0.0,0.0,0.0,0.0,0.0,0.1
oviedjo01,2021,1,SLN,NL,14,20,3,3,0,0,0,2.0,0.0,0.0,2,9.0,0.0,0.0,0.0,0.0,0.0,0.1
owenhu01,2021,1,PIT,NL,3,4,0,0,0,0,0,0.0,0.0,0.0,0,3.0,0.0,1.0,0.0,0.0,0.0,-0.1
owingch01,2020,1,COL,NL,17,41,9,11,1,0,2,5.0,1.0,0.0,3,11.0,0.0,0.0,0.0,0.0,0.0,0.2
owingch01,2021,1,COL,NL,21,43,9,14,4,3,1,5.0,2.0,1.0,7,15.0,1.0,0.0,0.0,0.0,0.0,0.6
owingch01,2022,1,BAL,AL,27,56,6,6,2,0,0,0.0,1.0,0.0,10,24.0,0.0,1.0,1.0,0.0,3.0,-0.5
owingch01,2023,1,PIT,NL,11,25,0,4,0,0,0,0.0,0.0,0.0,0,12.0,0.0,0.0,0.0,0.0,1.0,-0.3
ozunama01,2020,1,ATL,NL,60,228,38,77,14,0,18,56.0,0.0,0.0,38,60.0,3.0,0.0,0.0,1.0,3.0,2.8
ozunama01,2021,1,ATL,NL,48,188,21,40,6,0,7,26.0,0.0,0.0,19,46.0,0.0,1.0,0.0,0.0,6.0,-0.1
ozunama01,2022,1,ATL,NL,124,470,56,106,19,0,23,56.0,2.0,1.0,31,122.0,0.0,2.0,0.0,4.0,12.0,-0.9
ozunama01,2023,1,ATL,NL,144,530,84,145,29,1,40,100.0,0.0,0.0,57,134.0,1.0,3.0,0.0,2.0,9.0,3.4
ozunama01,2024,1,ATL,NL,162,606,96,183,31,0,39,104.0,1.0,0.0,74,170.0,2.0,3.0,0.0,4.0,23.0,4.3
ozunama01,2025,1,ATL,NL,145,487,61,113,19,0,21,68.0,0.0,0.0,94,144.0,2.0,3.0,0.0,7.0,11.0,1.6
pachecr01,2020,1,ATL,NL,2,4,0,1,0,0,0,0.0,0.0,0.0,0,2.0,0.0,0.0,0.0,0.0,0.0,-0.1
pachecr01,2021,1,ATL,NL,22,63,6,7,3,0,1,4.0,0.0,0.0,2,25.0,0.0,1.0,2.0,0.0,1.0,-0.7
pachecr01,2022,1,OAK,AL,91,241,18,40,5,2,3,18.0,2.0,2.0,15,70.0,0.0,1.0,3.0,0.0,5.0,-1.0
pachecr01,2023,1,PHI,NL,48,84,12,20,7,1,2,11.0,2.0,3.0,10,27.0,0.0,0.0,1.0,0.0,1.0,0.7
pachecr01,2024,1,PHI,NL,50,104,9,21,5,1,0,9.0,0.0,0.0,13,43.0,0.0,0.0,0.0,1.0,1.0,0.1
pachecr01,2024,2,BAL,AL,3,1,0,1,0,0,0,0.0,0.0,0.0,0,0.0,0.0,0.0,0.0,0.0,0.0,0.1
pachecr01,2024,3,MIA,NL,35,60,4,11,3,0,1,7.0,1.0,0.0,4,21.0,0.0,0.0,0.0,0.0,1.0,-0.3
paddach01,2021,1,SDN,NL,24,35,0,1,0,0,0,0.0,0.0,0.0,1,26.0,0.0,1.0,5.0,0.0,0.0,-0.2
padloke01,2021,1,TBA,AL,9,12,1,1,1,0,0,0.0,0.0,0.0,2,8.0,0.0,0.0,0.0,0.0,0.0,-0.1
padloke01,2021,2,SEA,AL,1,1,0,0,0,0,0,0.0,0.0,0.0,0,1.0,0.0,0.0,0.0,0.0,0.0,0.0
padloke01,2022,1,SFN,NL,4,12,0,2,0,0,0,0.0,0.0,0.0,0,4.0,0.0,0.0,0.0,0.0,1.0,-0.3
padloke01,2022,2,SEA,AL,6,10,0,2,1,0,0,3.0,0.0,0.0,1,5.0,0.0,0.0,0.0,0.0,0.0,0.0
padloke01,2022,3,PIT,NL,3,11,0,0,0,0,0,0.0,0.0,0.0,0,1.0,0.0,0.0,0.0,0.0,1.0,-0.3
padloke01,2023,1,LAA,AL,3,8,1,1,1,0,0,0.0,0.0,0.0,0,0.0,0.0,0.0,0.0,0.0,1.0,-0.2
paganem01,2021,1,SDN,NL,67,2,0,0,0,0,0,0.0,0.0,0.0,0,1.0,0.0,0.0,0.0,0.0,0.0,0.0
pagesan01,2024,1,LAN,NL,116,403,65,100,23,1,13,46.0,1.0,2.0,29,108.0,0.0,6.0,0.0,4.0,8.0,1.2
pagesan01,2025,1,LAN,NL,156,581,74,158,27,1,27,86.0,14.0,7.0,29,135.0,0.0,8.0,0.0,6.0,9.0,3.8
pagespe01,2024,1,SLN,NL,68,202,19,48,3,2,7,27.0,2.0,0.0,13,58.0,0.0,0.0,1.0,2.0,7.0,0.8
pagespe01,2025,1,SLN,NL,112,361,38,83,15,0,11,45.0,0.0,0.0,19,107.0,1.0,3.0,3.0,3.0,9.0,1.4
palacje01,2022,1,MIN,AL,30,70,8,10,0,0,2,6.0,0.0,0.0,4,27.0,0.0,0.0,1.0,2.0,2.0,-0.6
palacjo01,2021,1,TOR,AL,13,35,7,7,0,0,0,4.0,0.0,0.0,3,11.0,0.0,2.0,1.0,1.0,0.0,-0.1
palacjo01,2022,1,WAS,NL,29,47,8,10,2,0,0,2.0,1.0,0.0,1,15.0,0.0,1.0,0.0,0.0,0.0,-0.2
palacjo01,2023,1,PIT,NL,91,247,26,59,9,2,10,40.0,5.0,0.0,12,56.0,0.0,2.0,2.0,1.0,7.0,-0.2
palacjo01,2024,1,PIT,NL,23,67,10,15,2,0,2,9.0,1.0,0.0,10,12.0,0.0,1.0,0.0,0.0,1.0,-0.1
palacjo01,2025,1,CHA,AL,51,128,11,26,4,0,3,9.0,0.0,0.0,12,36.0,0.0,4.0,1.0,0.0,0.0,-1.2
palacri01,2022,1,CLE,AL,54,112,7,26,6,0,0,10.0,2.0,0.0,9,20.0,1.0,1.0,0.0,1.0,2.0,-0.2
palacri01,2023,1,SLN,NL,32,93,9,24,6,0,6,16.0,2.0,0.0,6,11.0,0.0,1.0,1.0,1.0,1.0,0.6
palacri01,2024,1,TBA,AL,92,264,46,59,8,1,5,21.0,19.0,1.0,45,67.0,2.0,5.0,0.0,1.0,5.0,1.8
palacri01,2025,1,TBA,AL,17,42,10,14,2,0,1,3.0,4.0,0.0,5,9.0,0.0,0.0,0.0,1.0,3.0,0.0
panikjo01,2020,1,TOR,AL,41,120,18,27,6,0,1,7.0,0.0,0.0,20,27.0,0.0,1.0,0.0,0.0,4.0,-0.3
panikjo01,2021,1,TOR,AL,42,114,9,28,6,0,2,11.0,0.0,0.0,8,14.0,0.0,0.0,0.0,1.0,4.0,-0.5
panikjo01,2021,2,MIA,NL,53,122,8,21,3,0,1,7.0,2.0,0.0,9,20.0,1.0,2.0,1.0,0.0,5.0,-1.1
papiemi01,2022,1,SFN,NL,5,9,1,0,0,0,0,0.0,0.0,0.0,1,4.0,0.0,0.0,0.0,0.0,0.0,-0.2
papiemi01,2022,2,CIN,NL,34,82,6,13,1,0,1,4.0,0.0,0.0,9,22.0,0.0,0.0,2.0,0.0,4.0,-0.4
paredis01,2020,1,DET,AL,34,100,7,22,4,0,1,6.0,0.0,0.0,8,24.0,0.0,0.0,0.0,0.0,1.0,-0.3
paredis01,2021,1,DET,AL,23,72,7,15,3,1,1,5.0,0.0,0.0,10,11.0,1.0,1.0,0.0,2.0,4.0,-0.3
paredis01,2022,1,TBA,AL,111,331,48,68,16,0,20,45.0,0.0,1.0,44,67.0,0.0,4.0,0.0,2.0,12.0,2.5
paredis01,2023,1,TBA,AL,143,492,71,123,24,0,31,98.0,1.0,0.0,58,104.0,0.0,20.0,0.0,1.0,11.0,4.2
paredis01,2024,1,TBA,AL,101,363,41,89,19,1,16,55.0,0.0,1.0,52,68.0,2.0,12.0,0.0,2.0,13.0,2.4
paredis01,2024,2,CHN,NL,52,179,23,40,6,0,3,25.0,1.0,0.0,24,37.0,0.0,5.0,0.0,4.0,4.0,0.4
paredis01,2025,1,HOU,AL,102,378,53,96,15,1,20,53.0,0.0,1.0,50,76.0,0.0,8.0,0.0,2.0,10.0,2.3
parisky01,2023,1,LAA,AL,15,40,4,4,0,0,0,1.0,3.0,0.0,4,17.0,0.0,1.0,1.0,0.0,0.0,0.0
parisky01,2024,1,LAA,AL,21,51,4,6,2,0,1,5.0,1.0,0.0,7,17.0,0.0,0.0,0.0,0.0,1.0,-0.3
parisky01,2025,1,LAA,AL,44,126,20,24,4,1,6,11.0,7.0,1.0,10,59.0,0.0,3.0,0.0,0.0,1.0,0.7
parkho01,2021,1,NYA,AL,1,1,0,0,0,0,0,0.0,0.0,0.0,0,0.0,0.0,0.0,0.0,0.0,0.0,0.0
parkho01,2021,2,PIT,NL,44,127,16,25,5,2,3,14.0,1.0,1.0,18,38.0,1.0,1.0,1.0,1.0,4.0,-0.3
parkho01,2022,1,PIT,NL,23,51,7,11,2,0,2,6.0,1.0,0.0,4,15.0,0.0,1.0,2.0,2.0,0.0,-0.3
parrage01,2021,1,WAS,NL,53,97,13,23,5,0,2,10.0,1.0,1.0,6,30.0,0.0,2.0,1.0,1.0,3.0,-0.5
pasquvi01,2022,1,KCA,AL,72,258,25,76,10,0,10,26.0,1.0,0.0,35,34.0,1.0,3.0,0.0,2.0,5.0,1.4
pasquvi01,2023,1,KCA,AL,61,231,24,57,17,0,9,26.0,0.0,0.0,25,31.0,2.0,2.0,0.0,1.0,7.0,0.0
pasquvi01,2024,1,KCA,AL,131,496,64,130,30,2,19,97.0,1.0,0.0,40,71.0,1.0,4.0,1.0,13.0,12.0,1.3
pasquvi01,2025,1,KCA,AL,160,621,72,164,33,1,32,113.0,1.0,0.0,49,107.0,5.0,7.0,0.0,5.0,14.0,2.4
paulegr01,2024,1,SDN,NL,13,32,4,4,0,0,2,5.0,0.0,0.0,0,15.0,0.0,0.0,0.0,0.0,1.0,-0.4
paulegr01,2025,1,MIA,NL,62,161,18,36,9,1,4,11.0,2.0,0.0,21,36.0,0.0,0.0,1.0,1.0,1.0,0.7
paynety01,2021,1,CHN,NL,1,2,0,0,0,0,0,0.0,0.0,0.0,0,2.0,0.0,0.0,0.0,0.0,0.0,-0.1
paytoma01,2020,1,CIN,NL,8,18,0,3,1,0,0,0.0,1.0,0.0,2,5.0,0.0,0.0,0.0,0.0,1.0,-0.2
paytoma01,2021,1,CIN,NL,24,22,2,4,0,0,0,0.0,0.0,0.0,2,7.0,0.0,0.0,0.0,0.0,0.0,-0.3
paytoma01,2022,1,CHA,AL,8,21,3,3,0,0,0,1.0,0.0,0.0,4,4.0,0.0,0.0,0.0,0.0,0.0,0.0
peacoma01,2021,1,ARI,NL,35,16,3,4,0,0,0,2.0,1.0,0.0,1,4.0,0.0,0.0,0.0,0.0,1.0,0.2
pederjo01,2020,1,LAN,NL,43,121,21,23,4,0,7,16.0,1.0,0.0,11,34.0,0.0,5.0,0.0,0.0,5.0,-0.3
pederjo01,2021,1,CHN,NL,73,256,35,59,11,2,11,39.0,2.0,3.0,22,74.0,0.0,5.0,0.0,4.0,5.0,-0.1
pederjo01,2021,2,ATL,NL,64,173,20,43,8,1,7,22.0,0.0,0.0,17,43.0,0.0,3.0,0.0,1.0,4.0,0.1
pederjo01,2022,1,SFN,NL,134,380,57,104,19,3,23,70.0,3.0,2.0,42,100.0,3.0,7.0,0.0,4.0,5.0,1.3
pederjo01,2023,1,SFN,NL,121,358,59,84,14,3,15,51.0,0.0,0.0,57,89.0,6.0,7.0,0.0,3.0,12.0,0.7
pederjo01,2024,1,ARI,NL,132,367,62,101,17,1,23,64.0,7.0,4.0,55,105.0,2.0,18.0,1.0,3.0,5.0,2.8
pederjo01,2025,1,TEX,AL,96,265,28,48,10,1,9,26.0,2.0,0.0,34,65.0,0.0,5.0,0.0,1.0,5.0,-0.3
pegueli01,2022,1,PIT,NL,1,3,0,1,0,0,0,0.0,0.0,0.0,1,2.0,0.0,0.0,0.0,0.0,0.0,0.2
pegueli01,2023,1,PIT,NL,59,198,21,47,4,1,7,26.0,6.0,2.0,11,67.0,0.0,1.0,2.0,1.0,6.0,-0.6
pegueli01,2024,1,PIT,NL,3,10,0,2,1,0,0,2.0,0.0,0.0,0,3.0,0.0,0.0,0.0,0.0,0.0,-0.1
pegueli01,2025,1,PIT,NL,33,80,9,16,1,0,4,8.0,4.0,0.0,6,25.0,0.0,2.0,0.0,0.0,3.0,0.2
penaje02,2022,1,HOU,AL,136,521,72,132,20,2,22,63.0,11.0,2.0,22,135.0,0.0,6.0,1.0,5.0,5.0,5.0
penaje02,2023,1,HOU,AL,150,577,81,152,32,3,10,52.0,13.0,9.0,43,129.0,1.0,9.0,1.0,1.0,11.0,3.9
penaje02,2024,1,HOU,AL,157,602,78,160,28,2,15,70.0,20.0,6.0,25,111.0,1.0,14.0,3.0,6.0,15.0,3.9
penaje02,2025,1,HOU,AL,125,493,68,150,30,2,17,62.0,20.0,2.0,35,93.0,2.0,12.0,1.0,2.0,9.0,5.6
pencehu01,2020,1,SFN,NL,17,52,4,5,0,1,2,6.0,0.0,0.0,3,15.0,0.0,1.0,0.0,0.0,3.0,-0.5
peralda01,2020,1,ARI,NL,54,203,19,61,10,1,5,34.0,1.0,0.0,13,45.0,0.0,0.0,0.0,2.0,4.0,0.7
peralda01,2021,1,ARI,NL,150,487,57,126,30,8,8,63.0,2.0,1.0,46,92.0,3.0,3.0,0.0,2.0,9.0,1.2
peralda01,2022,1,ARI,NL,87,278,29,69,19,2,12,41.0,1.0,2.0,27,74.0,4.0,2.0,0.0,3.0,6.0,0.9
peralda01,2022,2,TBA,AL,47,161,10,41,11,1,0,18.0,0.0,1.0,14,40.0,1.0,2.0,0.0,3.0,2.0,-0.3
peralda01,2023,1,LAN,NL,133,394,47,102,25,1,7,55.0,4.0,1.0,20,72.0,1.0,2.0,0.0,6.0,8.0,0.7
peralda01,2024,1,SDN,NL,91,236,35,63,11,0,8,28.0,2.0,0.0,22,54.0,0.0,2.0,0.0,0.0,3.0,0.8
peralfr01,2021,1,MIL,NL,29,43,1,4,0,0,0,0.0,0.0,0.0,1,22.0,0.0,0.0,1.0,0.0,1.0,-0.2
peralwi01,2021,1,DET,AL,19,1,0,0,0,0,0,0.0,0.0,0.0,1,0.0,0.0,0.0,0.0,0.0,0.0,0.0
perazjo01,2020,1,BOS,AL,34,111,13,25,8,1,1,8.0,1.0,1.0,5,18.0,0.0,3.0,0.0,1.0,3.0,-0.1
perazjo01,2021,1,NYN,NL,64,142,21,29,7,0,6,20.0,1.0,0.0,9,26.0,0.0,3.0,0.0,0.0,5.0,0.0
perazos02,2022,1,NYA,AL,18,49,8,15,3,0,1,2.0,2.0,0.0,6,9.0,0.0,2.0,0.0,0.0,3.0,0.5
perazos02,2023,1,NYA,AL,52,173,15,33,8,0,2,14.0,4.0,3.0,13,50.0,0.0,5.0,0.0,0.0,1.0,-0.5
perazos02,2024,1,NYA,AL,4,10,2,2,0,0,1,1.0,0.0,0.0,1,3.0,0.0,0.0,0.0,0.0,0.0,0.1
perazos02,2025,1,NYA,AL,71,158,18,24,5,0,3,13.0,3.0,0.0,11,47.0,0.0,1.0,0.0,0.0,3.0,-0.2
perazos02,2025,2,LAA,AL,35,86,6,16,1,0,2,7.0,6.0,0.0,6,33.0,0.0,1.0,0.0,1.0,3.0,-0.5
perdoge01,2021,1,ARI,NL,11,31,5,8,3,1,0,1.0,0.0,0.0,6,6.0,2.0,0.0,0.0,0.0,0.0,0.3
perdoge01,2022,1,ARI,NL,148,431,58,84,10,2,5,40.0,9.0,2.0,50,103.0,0.0,5.0,12.0,2.0,3.0,0.6
perdoge01,2023,1,ARI,NL,144,407,71,100,20,4,6,47.0,16.0,4.0,64,86.0,1.0,6.0,14.0,4.0,2.0,2.0
perdoge01,2024,1,ARI,NL,98,337,61,92,21,2,3,37.0,9.0,1.0,36,58.0,0.0,3.0,7.0,5.0,5.0,3.5
perdoge01,2025,1,ARI,NL,161,597,98,173,33,5,20,100.0,27.0,6.0,94,83.0,1.0,10.0,8.0,11.0,11.0,7.0
peredjh01,2024,1,MIA,NL,20,39,2,9,0,0,0,4.0,0.0,0.0,0,10.0,0.0,1.0,0.0,0.0,2.0,0.0
peredjh01,2025,1,ATH,AL,19,40,3,7,2,0,0,3.0,0.0,0.0,6,13.0,0.0,0.0,0.0,0.0,0.0,-0.1
peredjh01,2025,2,MIN,AL,11,29,1,10,4,0,0,1.0,0.0,0.0,2,8.0,0.0,0.0,1.0,0.0,1.0,0.4
pereiev01,2023,1,NYA,AL,27,93,6,14,4,0,0,10.0,4.0,0.0,8,40.0,0.0,2.0,0.0,0.0,1.0,-0.6
pereiev01,2025,1,TBA,AL,23,65,7,9,1,0,2,8.0,2.0,0.0,7,28.0,0.0,0.0,0.0,1.0,2.0,-0.3
perezca02,2023,1,OAK,AL,68,168,17,38,4,0,6,20.0,0.0,0.0,13,40.0,0.0,4.0,1.0,3.0,4.0,0.5
perezca03,2022,1,CHA,AL,7,18,0,4,2,0,0,2.0,0.0,0.0,0,2.0,0.0,0.0,0.0,0.0,1.0,-0.2
perezca03,2023,1,CHA,AL,27,49,5,10,4,0,1,3.0,0.0,0.0,4,11.0,0.0,0.0,0.0,0.0,2.0,0.0
perezci01,2021,1,CIN,NL,25,2,0,0,0,0,0,0.0,0.0,0.0,0,0.0,0.0,0.0,0.0,0.0,0.0,0.0
perezhe01,2020,1,CHN,NL,3,6,0,1,0,0,0,0.0,0.0,0.0,0,2.0,0.0,0.0,0.0,0.0,0.0,-0.1
perezhe01,2021,1,WAS,NL,10,19,1,1,0,0,0,0.0,0.0,0.0,2,10.0,0.0,0.0,0.0,0.0,0.0,-0.4
perezjo01,2022,1,HOU,AL,1,1,0,0,0,0,0,0.0,0.0,0.0,0,1.0,0.0,0.0,0.0,0.0,0.0,0.0
perezma02,2021,1,BOS,AL,36,3,0,0,0,0,0,0.0,0.0,0.0,0,3.0,0.0,0.0,0.0,0.0,0.0,0.0
perezmi03,2020,1,TBA,AL,38,84,7,14,3,0,1,13.0,0.0,0.0,7,27.0,0.0,1.0,0.0,1.0,3.0,-0.2
perezmi03,2021,1,PIT,NL,70,210,19,30,8,1,7,21.0,0.0,1.0,19,68.0,1.0,2.0,0.0,0.0,4.0,-0.9
perezmi03,2022,1,PIT,NL,39,107,8,16,0,0,6,11.0,1.0,0.0,8,26.0,0.0,0.0,1.0,0.0,2.0,-0.2
perezmi03,2022,2,NYN,NL,6,14,2,2,0,0,0,3.0,0.0,0.0,2,6.0,0.0,0.0,0.0,0.0,0.0,0.2
perezmi03,2023,1,NYN,NL,3,8,1,4,1,0,0,0.0,0.0,0.0,0,1.0,0.0,0.0,0.0,0.0,0.0,0.3
perezro02,2020,1,CLE,AL,32,97,6,16,2,0,1,5.0,0.0,0.0,11,38.0,0.0,2.0,0.0,0.0,2.0,0.2
perezro02,2021,1,CLE,AL,44,141,13,21,3,0,7,17.0,1.0,0.0,17,56.0,0.0,1.0,2.0,0.0,1.0,-0.1
perezro02,2022,1,PIT,NL,21,60,8,14,2,0,2,8.0,0.0,0.0,9,25.0,0.0,0.0,0.0,0.0,1.0,0.6
perezro02,2023,1,SFN,NL,5,15,0,2,0,0,0,1.0,0.0,0.0,2,6.0,0.0,0.0,0.0,0.0,0.0,-0.1
perezsa02,2020,1,KCA,AL,37,150,22,50,12,0,11,32.0,1.0,0.0,3,36.0,0.0,2.0,0.0,1.0,0.0,2.1
perezsa02,2021,1,KCA,AL,161,620,88,169,24,0,48,121.0,1.0,0.0,28,170.0,4.0,13.0,0.0,4.0,14.0,5.3
perezsa02,2022,1,KCA,AL,114,445,48,113,23,1,23,76.0,0.0,0.0,18,109.0,2.0,7.0,0.0,3.0,9.0,2.7
perezsa02,2023,1,KCA,AL,140,538,59,137,21,0,23,80.0,0.0,0.0,19,135.0,6.0,13.0,0.0,8.0,11.0,0.4
perezsa02,2024,1,KCA,AL,158,590,58,160,28,0,27,104.0,0.0,0.0,44,129.0,9.0,11.0,0.0,6.0,17.0,2.8
perezsa02,2025,1,KCA,AL,155,597,54,141,35,0,30,100.0,0.0,0.0,28,125.0,5.0,12.0,0.0,1.0,14.0,0.4
perezwe01,2024,1,DET,AL,112,389,51,94,16,6,9,37.0,9.0,5.0,32,92.0,0.0,1.0,2.0,1.0,5.0,0.6
perezwe01,2025,1,DET,AL,100,344,47,84,17,4,13,43.0,8.0,3.0,31,87.0,0.0,3.0,0.0,5.0,5.0,0.8
perkibl01,2023,1,MIL,NL,67,143,28,31,7,0,4,20.0,5.0,2.0,23,46.0,0.0,0.0,2.0,0.0,3.0,1.1
perkibl01,2024,1,MIL,NL,121,383,54,92,13,2,6,43.0,23.0,5.0,42,108.0,1.0,3.0,0.0,6.0,3.0,1.9
perkibl01,2025,1,MIL,NL,54,155,25,35,6,2,3,19.0,7.0,2.0,15,47.0,0.0,1.0,0.0,0.0,4.0,0.3
peterda01,2021,1,NYN,NL,16,16,2,1,1,0,0,0.0,0.0,0.0,0,10.0,0.0,1.0,3.0,0.0,0.0,0.0
peterdi01,2021,1,PIT,NL,6,5,1,0,0,0,0,0.0,0.0,0.0,1,4.0,0.0,0.0,2.0,0.0,0.0,0.0
peterdj01,2021,1,LAN,NL,18,26,5,5,2,0,1,4.0,0.0,0.0,8,14.0,4.0,0.0,0.0,0.0,0.0,0.1
peterdj01,2021,2,TEX,AL,52,197,24,39,7,1,12,34.0,2.0,0.0,4,68.0,0.0,2.0,0.0,3.0,4.0,-0.1
peterja01,2020,1,MIL,NL,26,45,6,9,1,0,2,5.0,1.0,0.0,15,20.0,0.0,0.0,0.0,1.0,0.0,0.1
peterja01,2021,1,MIL,NL,94,259,36,64,11,1,6,31.0,10.0,1.0,38,68.0,0.0,3.0,0.0,2.0,1.0,0.5
peterja01,2022,1,MIL,NL,113,288,44,68,14,2,8,34.0,12.0,1.0,33,85.0,2.0,2.0,2.0,3.0,8.0,2.2
peterja01,2023,1,OAK,AL,93,281,30,62,7,2,6,28.0,11.0,1.0,36,77.0,1.0,3.0,1.0,3.0,6.0,0.3
peterja01,2023,2,ARI,NL,41,93,5,17,3,2,0,9.0,4.0,1.0,11,24.0,1.0,1.0,1.0,0.0,1.0,-0.8
peterja01,2024,1,ARI,NL,14,22,2,1,0,0,0,1.0,0.0,0.0,3,6.0,0.0,0.0,0.0,1.0,1.0,-0.6
petertr01,2025,1,TBA,AL,4,12,0,0,0,0,0,0.0,0.0,0.0,0,7.0,0.0,0.0,0.0,0.0,0.0,-0.4
phamth01,2020,1,SDN,NL,31,109,13,23,2,0,3,12.0,6.0,0.0,15,27.0,0.0,1.0,0.0,0.0,2.0,-0.1
phamth01,2021,1,SDN,NL,155,475,74,109,24,2,15,49.0,14.0,6.0,78,128.0,3.0,4.0,0.0,4.0,10.0,1.5
phamth01,2022,1,CIN,NL,91,340,57,81,11,1,11,39.0,7.0,2.0,42,100.0,0.0,1.0,0.0,4.0,13.0,0.7
phamth01,2022,2,BOS,AL,53,214,32,50,12,0,6,24.0,1.0,1.0,14,67.0,0.0,6.0,0.0,1.0,7.0,-0.3
phamth01,2023,1,NYN,NL,78,231,29,62,15,1,10,36.0,11.0,1.0,29,56.0,1.0,1.0,0.0,3.0,2.0,1.2
phamth01,2023,2,ARI,NL,50,195,26,47,12,2,6,32.0,11.0,2.0,18,50.0,0.0,1.0,0.0,3.0,9.0,0.3
phamth01,2024,1,CHA,AL,70,271,33,72,14,1,5,19.0,6.0,3.0,25,63.0,0.0,1.0,0.0,0.0,2.0,0.0
phamth01,2024,2,SLN,NL,23,68,7,14,3,1,2,12.0,0.0,0.0,7,16.0,0.0,1.0,0.0,1.0,2.0,-0.4
phamth01,2024,3,KCA,AL,23,101,9,23,3,1,2,8.0,1.0,0.0,3,27.0,0.0,0.0,0.0,0.0,1.0,0.2
phamth01,2025,1,PIT,NL,120,392,44,96,17,1,10,52.0,5.0,3.0,50,94.0,3.0,2.0,0.0,5.0,12.0,1.0
phegljo01,2020,1,CHN,NL,11,16,4,1,0,0,1,2.0,0.0,0.0,1,3.0,0.0,1.0,0.0,0.0,0.0,-0.1
phillbr02,2020,1,KCA,AL,18,31,8,7,0,1,1,2.0,3.0,1.0,3,8.0,0.0,0.0,0.0,0.0,0.0,0.0
phillbr02,2020,2,TBA,AL,17,20,2,3,0,1,1,3.0,3.0,0.0,5,7.0,0.0,0.0,0.0,0.0,0.0,0.3
phillbr02,2021,1,TBA,AL,119,253,50,52,9,4,13,44.0,14.0,3.0,33,113.0,0.0,2.0,2.0,2.0,3.0,2.1
phillbr02,2022,1,TBA,AL,75,184,21,27,4,0,5,14.0,7.0,0.0,16,85.0,0.0,3.0,4.0,1.0,0.0,0.3
phillbr02,2022,2,BAL,AL,8,17,1,2,2,0,0,1.0,0.0,0.0,0,9.0,0.0,0.0,0.0,0.0,0.0,-0.1
phillbr02,2023,1,LAA,AL,40,63,9,11,1,0,3,6.0,3.0,1.0,8,36.0,0.0,0.0,0.0,0.0,0.0,-0.1
phillev01,2021,2,LAN,NL,7,3,0,0,0,0,0,0.0,0.0,0.0,0,3.0,0.0,0.0,0.0,0.0,0.0,0.0
pillake01,2020,1,BOS,AL,30,117,20,32,7,2,4,13.0,1.0,1.0,8,23.0,0.0,1.0,0.0,0.0,4.0,0.7
pillake01,2020,2,COL,NL,24,91,14,28,5,1,2,13.0,4.0,1.0,5,18.0,1.0,1.0,0.0,0.0,0.0,0.2
pillake01,2021,1,NYN,NL,124,325,40,75,11,2,15,47.0,4.0,3.0,11,81.0,0.0,10.0,0.0,1.0,5.0,0.4
pillake01,2022,1,LAN,NL,4,12,1,1,1,0,0,0.0,0.0,0.0,1,4.0,0.0,0.0,0.0,0.0,1.0,-0.2
pillake01,2023,1,ATL,NL,81,197,29,45,10,0,9,32.0,4.0,1.0,6,50.0,0.0,0.0,0.0,3.0,2.0,0.0
pillake01,2024,1,CHA,AL,17,25,1,4,2,0,1,4.0,2.0,0.0,4,8.0,0.0,1.0,1.0,1.0,0.0,0.0
pillake01,2024,2,LAA,AL,83,259,37,61,14,1,7,41.0,10.0,3.0,12,61.0,0.0,9.0,0.0,2.0,10.0,0.3
pillake01,2025,1,TEX,AL,20,43,6,9,2,0,0,1.0,3.0,0.0,0,8.0,0.0,0.0,0.0,0.0,0.0,-0.1
pinama01,2020,1,MIL,NL,15,39,4,9,1,0,2,5.0,0.0,0.0,3,11.0,0.0,3.0,0.0,0.0,0.0,0.6
pinama01,2021,1,MIL,NL,75,180,27,34,6,0,13,33.0,0.0,0.0,22,38.0,0.0,5.0,0.0,1.0,4.0,1.5
pinama01,2022,1,ATL,NL,5,14,1,2,0,0,0,2.0,0.0,0.0,1,1.0,0.0,1.0,0.0,1.0,0.0,-0.1
pinama01,2023,1,OAK,AL,4,12,1,3,0,0,1,1.0,0.0,0.0,0,3.0,0.0,0.0,0.0,0.0,1.0,0.0
pindech01,2020,1,OAK,AL,24,56,8,13,3,0,2,8.0,0.0,0.0,5,13.0,0.0,0.0,0.0,0.0,3.0,0.0
pindech01,2021,1,OAK,AL,75,214,30,52,16,1,6,27.0,1.0,0.0,16,62.0,0.0,2.0,0.0,1.0,6.0,0.2
pindech01,2022,1,OAK,AL,111,361,38,85,18,0,12,42.0,2.0,0.0,14,118.0,0.0,0.0,1.0,2.0,10.0,-0.6
pinedis01,2022,1,WAS,NL,4,13,1,1,0,0,0,0.0,0.0,0.0,1,7.0,0.0,0.0,0.0,0.0,0.0,-0.2
pinedmi01,2021,1,MIN,AL,22,3,0,0,0,0,0,0.0,0.0,0.0,0,1.0,0.0,0.0,0.0,0.0,2.0,-0.1
pintore02,2022,1,TBA,AL,25,80,5,17,3,0,2,10.0,0.0,0.0,2,35.0,0.0,1.0,0.0,0.0,3.0,-0.2
pintore02,2023,1,TBA,AL,39,103,10,26,3,0,6,16.0,0.0,0.0,2,34.0,0.0,0.0,0.0,0.0,2.0,0.3
pintore02,2024,1,TBA,AL,19,42,5,9,3,0,2,6.0,0.0,0.0,4,18.0,0.0,1.0,1.0,1.0,0.0,-0.1
piscost01,2020,1,OAK,AL,45,159,17,36,6,0,5,29.0,4.0,0.0,9,53.0,0.0,1.0,1.0,1.0,4.0,0.1
piscost01,2021,1,OAK,AL,72,173,14,38,8,0,5,16.0,1.0,0.0,13,48.0,0.0,2.0,0.0,0.0,2.0,-0.6
piscost01,2022,1,OAK,AL,42,126,12,24,4,0,5,14.0,2.0,0.0,9,48.0,1.0,2.0,0.0,2.0,2.0,-0.7
pivetni01,2021,1,BOS,AL,31,2,0,0,0,0,0,0.0,0.0,0.0,0,2.0,0.0,0.0,0.0,0.0,0.0,0.0
plaweke01,2020,1,BOS,AL,24,82,8,28,5,1,1,17.0,1.0,0.0,5,14.0,0.0,2.0,0.0,0.0,4.0,0.6
plaweke01,2021,1,BOS,AL,64,157,15,45,7,0,3,15.0,0.0,0.0,12,26.0,0.0,3.0,1.0,0.0,4.0,0.2
plaweke01,2022,1,BOS,AL,61,157,15,34,8,0,1,12.0,0.0,0.0,14,28.0,0.0,2.0,1.0,1.0,5.0,-1.1
plaweke01,2022,2,TEX,AL,3,11,0,3,0,0,0,1.0,0.0,0.0,0,4.0,0.0,0.0,0.0,0.0,1.0,-0.1
plummni01,2022,1,NYN,NL,14,29,4,4,1,0,2,6.0,0.0,0.0,1,12.0,0.0,1.0,0.0,0.0,1.0,-0.1
polangr01,2020,1,PIT,NL,50,157,12,24,6,0,7,22.0,3.0,1.0,13,65.0,0.0,0.0,0.0,3.0,1.0,-0.9
polangr01,2021,1,PIT,NL,107,336,38,70,12,2,11,36.0,14.0,1.0,36,104.0,2.0,2.0,0.0,8.0,8.0,-1.6
polanjo01,2020,1,MIN,AL,55,209,22,54,8,0,4,19.0,4.0,2.0,13,35.0,0.0,1.0,2.0,1.0,7.0,0.0
polanjo01,2021,1,MIN,AL,152,588,97,158,35,2,33,98.0,11.0,6.0,45,118.0,0.0,5.0,0.0,6.0,4.0,5.0
polanjo01,2022,1,MIN,AL,104,375,54,88,16,0,16,56.0,3.0,3.0,64,95.0,1.0,2.0,0.0,4.0,4.0,2.7
polanjo01,2023,1,MIN,AL,79,302,38,77,18,0,14,48.0,4.0,0.0,36,88.0,0.0,2.0,0.0,3.0,2.0,1.9
polanjo01,2024,1,SEA,AL,118,417,43,89,11,0,16,45.0,4.0,2.0,46,137.0,3.0,4.0,0.0,2.0,16.0,1.3
polanjo01,2025,1,SEA,AL,138,471,64,125,30,0,26,78.0,6.0,3.0,42,82.0,1.0,3.0,3.0,5.0,7.0,2.6
polloaj01,2020,1,LAN,NL,55,196,30,54,9,0,16,34.0,2.0,2.0,12,45.0,1.0,0.0,0.0,2.0,6.0,0.8
polloaj01,2021,1,LAN,NL,117,384,53,114,27,1,21,69.0,9.0,1.0,30,80.0,4.0,6.0,0.0,2.0,4.0,3.0
polloaj01,2022,1,CHA,AL,138,489,61,120,26,1,14,56.0,3.0,1.0,32,98.0,0.0,2.0,0.0,4.0,13.0,0.4
polloaj01,2023,1,SEA,AL,49,127,15,22,4,0,5,15.0,0.0,1.0,9,30.0,0.0,0.0,0.0,2.0,1.0,-0.5
polloaj01,2023,2,SFN,NL,5,6,0,0,0,0,0,0.0,0.0,0.0,0,2.0,0.0,0.0,0.0,0.0,0.0,-0.3
ponceco01,2021,1,PIT,NL,15,6,0,0,0,0,0,0.0,0.0,0.0,0,4.0,0.0,0.0,1.0,0.0,0.0,-0.1
ponceda01,2021,1,SLN,NL,24,5,0,0,0,0,0,0.0,0.0,0.0,0,5.0,0.0,0.0,0.0,0.0,0.0,-0.1
poppese01,2021,1,PIT,NL,3,1,0,0,0,0,0,0.0,0.0,0.0,0,1.0,0.0,0.0,0.0,0.0,0.0,0.0
popza01,2021,1,MIA,NL,50,1,0,0,0,0,0,0.0,0.0,0.0,0,1.0,0.0,0.0,1.0,0.0,0.0,0.0
portelo01,2023,1,KCA,AL,11,31,4,6,1,0,1,3.0,0.0,0.0,5,11.0,0.0,1.0,1.0,0.0,2.0,0.0
portelo01,2025,1,SFN,NL,5,7,2,1,0,0,0,1.0,0.0,0.0,1,2.0,0.0,1.0,0.0,0.0,0.0,0.0
poseybu01,2021,1,SFN,NL,113,395,68,120,23,0,18,56.0,0.0,0.0,56,87.0,5.0,1.0,0.0,2.0,15.0,3.6
poteeco01,2021,1,MIA,NL,8,10,1,1,0,0,0,1.0,0.0,0.0,0,3.0,0.0,0.0,1.0,0.0,0.0,-0.1
pozoyo01,2021,1,TEX,AL,21,74,8,21,4,0,1,9.0,0.0,0.0,3,10.0,0.0,0.0,0.0,0.0,1.0,-0.1
pozoyo01,2025,1,SLN,NL,67,160,16,37,8,0,5,19.0,0.0,0.0,7,22.0,0.0,0.0,0.0,1.0,4.0,0.2
prattni01,2022,1,KCA,AL,49,158,18,29,9,1,7,20.0,0.0,0.0,19,66.0,0.0,1.0,1.0,3.0,6.0,-0.3
prattni01,2023,1,KCA,AL,95,306,33,71,16,0,7,35.0,1.0,1.0,29,138.0,0.0,6.0,0.0,4.0,3.0,-1.3
priceda01,2021,1,LAN,NL,39,15,1,4,1,0,0,2.0,0.0,0.0,0,3.0,0.0,0.0,2.0,1.0,0.0,0.2
prietce01,2025,1,SLN,NL,3,6,0,1,0,0,0,0.0,0.0,0.0,0,5.0,0.0,0.0,0.0,0.0,0.0,-0.2
proctfo01,2022,1,SFN,NL,7,18,3,2,0,0,1,6.0,0.0,0.0,2,3.0,0.0,0.0,0.0,2.0,0.0,-0.2
profaju01,2020,1,SDN,NL,56,180,28,50,6,0,7,25.0,7.0,1.0,15,28.0,0.0,4.0,1.0,2.0,1.0,1.4
profaju01,2021,1,SDN,NL,137,353,47,80,17,2,4,33.0,10.0,5.0,49,65.0,1.0,6.0,1.0,2.0,12.0,0.0
profaju01,2022,1,SDN,NL,152,575,82,140,36,2,15,58.0,5.0,1.0,73,103.0,0.0,4.0,3.0,3.0,12.0,2.9
profaju01,2023,1,COL,NL,111,415,51,98,25,2,8,39.0,1.0,0.0,45,86.0,0.0,6.0,0.0,5.0,9.0,-1.6
profaju01,2023,2,SDN,NL,14,44,4,13,2,0,1,7.0,0.0,0.0,5,4.0,0.0,0.0,0.0,0.0,2.0,0.4
profaju01,2024,1,SDN,NL,158,564,94,158,29,0,24,85.0,10.0,3.0,76,101.0,4.0,18.0,5.0,5.0,14.0,3.6
profaju01,2025,1,ATL,NL,80,318,56,78,16,1,14,43.0,9.0,2.0,48,59.0,0.0,5.0,0.0,0.0,4.0,1.1
puellce01,2020,1,BOS,AL,5,8,1,3,0,0,0,0.0,0.0,0.0,2,2.0,0.0,0.0,1.0,0.0,0.0,0.2
pujolal01,2020,1,LAA,AL,39,152,15,34,8,0,6,25.0,0.0,0.0,9,25.0,1.0,1.0,0.0,1.0,4.0,-0.1
pujolal01,2021,1,LAA,AL,24,86,9,17,0,0,5,12.0,1.0,0.0,3,13.0,1.0,3.0,0.0,0.0,4.0,-0.7
pujolal01,2021,2,LAN,NL,85,189,20,48,3,0,12,38.0,1.0,0.0,11,32.0,2.0,2.0,0.0,2.0,10.0,0.1
pujolal01,2022,1,SLN,NL,109,307,42,83,14,0,24,68.0,1.0,2.0,28,55.0,1.0,10.0,0.0,6.0,13.0,2.1
quantca01,2021,1,CLE,AL,40,2,0,1,0,0,0,0.0,0.0,0.0,0,0.0,0.0,0.0,0.0,0.0,0.0,0.0
quereju01,2023,1,SLN,NL,9,20,2,2,1,0,0,0.0,0.0,0.0,1,6.0,0.0,0.0,0.0,0.0,0.0,-0.3
queroed01,2025,1,CHA,AL,111,365,31,98,17,0,5,36.0,0.0,1.0,32,71.0,0.0,4.0,0.0,2.0,8.0,1.2
quinnro01,2020,1,PHI,NL,41,108,14,23,3,1,2,7.0,12.0,0.0,5,39.0,0.0,2.0,1.0,0.0,0.0,0.0
quinnro01,2021,1,PHI,NL,28,52,8,9,2,2,0,2.0,4.0,3.0,6,19.0,0.0,4.0,0.0,0.0,0.0,0.2
quinnro01,2022,1,PHI,NL,23,37,8,6,1,0,0,3.0,4.0,1.0,3,15.0,0.0,0.0,0.0,0.0,0.0,0.0
quinnro01,2022,2,TBA,AL,21,42,7,11,2,2,0,4.0,0.0,2.0,4,21.0,0.0,1.0,0.0,0.0,0.0,-0.1
quintjo01,2021,2,SFN,NL,5,1,0,1,0,0,0,0.0,0.0,0.0,1,0.0,0.0,0.0,0.0,0.0,0.0,0.1
quiroes01,2022,1,CHN,NL,14,40,3,11,0,0,0,3.0,1.0,1.0,4,9.0,0.0,2.0,1.0,0.0,0.0,0.5
rafaece01,2023,1,BOS,AL,28,83,11,20,6,0,2,5.0,3.0,1.0,4,28.0,0.0,1.0,0.0,1.0,2.0,0.0
rafaece01,2024,1,BOS,AL,152,544,70,134,23,5,15,75.0,19.0,10.0,15,151.0,1.0,7.0,2.0,3.0,8.0,3.0
rafaece01,2025,1,BOS,AL,156,546,84,136,34,4,16,63.0,20.0,5.0,28,117.0,0.0,8.0,3.0,2.0,9.0,4.7
raleica01,2021,1,SEA,AL,47,139,6,25,12,0,2,13.0,0.0,0.0,7,52.0,0.0,1.0,0.0,1.0,3.0,-0.5
raleica01,2022,1,SEA,AL,119,370,46,78,20,1,27,63.0,1.0,0.0,38,122.0,0.0,2.0,0.0,5.0,5.0,3.9
raleica01,2023,1,SEA,AL,145,513,78,119,23,1,30,75.0,0.0,0.0,54,158.0,1.0,1.0,0.0,1.0,6.0,3.4
raleica01,2024,1,SEA,AL,153,546,73,120,16,0,34,100.0,6.0,1.0,70,176.0,4.0,6.0,0.0,6.0,7.0,4.6
raleica01,2025,1,SEA,AL,159,596,110,147,24,0,60,125.0,14.0,4.0,97,188.0,17.0,9.0,0.0,3.0,6.0,7.4
raleylu01,2021,1,LAN,NL,33,66,5,12,1,0,2,4.0,0.0,0.0,2,25.0,1.0,4.0,0.0,0.0,1.0,-0.5
raleylu01,2022,1,TBA,AL,22,61,7,12,2,0,1,4.0,0.0,0.0,7,24.0,0.0,3.0,0.0,1.0,1.0,0.3
raleylu01,2023,1,TBA,AL,118,357,56,89,23,3,19,49.0,14.0,3.0,28,128.0,0.0,18.0,1.0,2.0,2.0,2.7
raleylu01,2024,1,SEA,AL,137,404,58,98,19,2,22,58.0,11.0,2.0,27,135.0,0.0,20.0,2.0,2.0,2.0,3.2
raleylu01,2025,1,SEA,AL,73,183,23,37,8,0,4,19.0,2.0,1.0,19,64.0,0.0,13.0,3.0,1.0,2.0,-0.3
ramirag01,2025,1,MIA,NL,136,537,72,124,33,1,21,67.0,16.0,3.0,36,113.0,2.0,8.0,0.0,4.0,13.0,-0.4
ramirha02,2020,1,MIA,NL,3,10,2,2,0,0,0,1.0,0.0,1.0,1,2.0,0.0,0.0,0.0,0.0,0.0,-0.1
ramirha02,2021,1,CLE,AL,99,339,33,91,21,1,7,41.0,3.0,1.0,14,56.0,1.0,5.0,0.0,3.0,10.0,0.3
ramirha02,2022,1,TBA,AL,120,403,46,121,24,0,6,58.0,3.0,5.0,19,72.0,1.0,9.0,0.0,4.0,5.0,1.3
ramirha02,2023,1,TBA,AL,122,400,58,125,19,2,12,68.0,5.0,3.0,22,79.0,0.0,6.0,0.0,6.0,7.0,2.0
ramirha02,2024,1,TBA,AL,48,164,21,44,3,0,1,13.0,5.0,2.0,3,33.0,0.0,1.0,0.0,1.0,2.0,0.1
ramirha02,2024,2,WAS,NL,25,74,7,18,4,1,1,16.0,1.0,0.0,2,17.0,0.0,1.0,0.0,0.0,0.0,-0.2
ramirjo01,2020,1,CLE,AL,58,219,45,64,16,1,17,46.0,10.0,3.0,31,43.0,0.0,3.0,0.0,1.0,2.0,2.5
ramirjo01,2021,1,CLE,AL,152,552,111,147,32,5,36,103.0,27.0,4.0,72,87.0,10.0,7.0,0.0,5.0,13.0,6.7
ramirjo01,2022,1,CLE,AL,157,601,90,168,44,5,29,126.0,20.0,7.0,69,82.0,20.0,6.0,0.0,9.0,5.0,5.9
ramirjo01,2023,1,CLE,AL,156,611,87,172,36,5,24,80.0,28.0,6.0,73,73.0,22.0,1.0,0.0,6.0,8.0,4.9
ramirjo01,2024,1,CLE,AL,158,620,114,173,39,2,39,118.0,41.0,7.0,54,82.0,12.0,1.0,0.0,6.0,9.0,6.8
ramirjo01,2025,1,CLE,AL,158,593,103,168,34,3,30,85.0,44.0,7.0,66,74.0,22.0,8.0,0.0,5.0,9.0,5.8
ramirni01,2021,1,SDN,NL,13,3,0,0,0,0,0,0.0,0.0,0.0,0,1.0,0.0,0.0,0.0,0.0,0.0,0.0
ramirye01,2021,1,LAN,NL,1,1,0,0,0,0,0,0.0,0.0,0.0,0,0.0,0.0,0.0,0.0,0.0,1.0,0.0
ramosbr01,2024,1,CHA,AL,32,99,13,20,4,0,3,11.0,0.0,2.0,7,22.0,0.0,0.0,0.0,1.0,3.0,-0.2
ramosbr01,2025,1,CHA,AL,4,12,1,2,2,0,0,2.0,0.0,0.0,0,4.0,0.0,0.0,0.0,0.0,0.0,0.1
ramoshe01,2021,1,ARI,NL,18,50,5,10,2,0,1,8.0,0.0,0.0,4,12.0,0.0,0.0,0.0,1.0,1.0,-0.5
ramoshe01,2023,1,CIN,NL,23,74,9,18,3,1,0,5.0,2.0,1.0,11,21.0,0.0,1.0,0.0,0.0,2.0,0.1
ramoshe02,2022,1,SFN,NL,9,20,4,2,0,0,0,0.0,0.0,0.0,2,6.0,0.0,0.0,0.0,0.0,1.0,-0.5
ramoshe02,2023,1,SFN,NL,25,56,5,10,4,0,1,2.0,0.0,0.0,4,20.0,0.0,0.0,0.0,0.0,1.0,-0.3
ramoshe02,2024,1,SFN,NL,121,475,54,128,23,3,22,72.0,6.0,1.0,37,135.0,2.0,2.0,0.0,4.0,12.0,2.3
ramoshe02,2025,1,SFN,NL,157,620,85,159,24,1,21,69.0,6.0,4.0,52,158.0,2.0,17.0,0.0,6.0,16.0,1.2
ramoswi01,2020,1,NYN,NL,45,142,13,34,6,0,5,15.0,0.0,0.0,10,31.0,0.0,2.0,0.0,1.0,5.0,0.3
ramoswi01,2021,1,DET,AL,35,120,12,24,5,0,6,13.0,0.0,0.0,6,29.0,0.0,0.0,0.0,0.0,1.0,-0.4
ramoswi01,2021,2,CLE,AL,9,31,3,7,0,0,2,7.0,0.0,0.0,3,7.0,0.0,0.0,0.0,1.0,1.0,0.0
rasmudr01,2021,1,MIL,NL,15,1,0,0,0,0,0,0.0,0.0,0.0,0,1.0,0.0,0.0,0.0,0.0,0.0,0.0
rasmudr01,2021,2,TBA,AL,20,3,0,1,0,0,0,0.0,0.0,0.0,0,0.0,0.0,0.0,0.0,0.0,0.0,0.0
ravejo01,2025,1,KCA,AL,72,153,18,30,5,0,4,14.0,7.0,2.0,18,46.0,0.0,1.0,2.0,1.0,1.0,0.1
ravelra01,2020,1,SLN,NL,13,35,5,6,1,0,1,6.0,0.0,0.0,4,6.0,0.0,0.0,0.0,2.0,0.0,-0.2
rayco01,2021,1,MIL,NL,1,2,1,0,0,0,0,0.0,0.0,0.0,1,1.0,0.0,0.0,0.0,0.0,0.0,0.0
rayro02,2021,1,TOR,AL,32,4,0,0,0,0,0,0.0,0.0,0.0,0,1.0,0.0,0.0,1.0,0.0,0.0,-0.1
reaco01,2021,1,MIL,NL,1,2,0,0,0,0,0,0.0,0.0,0.0,0,2.0,0.0,0.0,0.0,0.0,0.0,0.0
reaco01,2025,1,CHN,NL,32,1,0,0,0,0,0,0.0,0.0,0.0,0,1.0,0.0,0.0,0.0,0.0,0.0,0.0
realmjt01,2020,1,PHI,NL,47,173,33,46,6,0,11,32.0,4.0,1.0,16,48.0,0.0,6.0,0.0,0.0,3.0,1.4
realmjt01,2021,1,PHI,NL,134,476,64,125,25,4,17,73.0,13.0,3.0,48,129.0,5.0,11.0,0.0,2.0,8.0,3.5
realmjt01,2022,1,PHI,NL,139,504,75,139,26,5,22,84.0,21.0,1.0,41,119.0,1.0,12.0,0.0,5.0,7.0,6.5
realmjt01,2023,1,PHI,NL,135,489,70,123,28,5,20,63.0,16.0,5.0,35,138.0,3.0,9.0,0.0,5.0,10.0,3.5
realmjt01,2024,1,PHI,NL,99,380,50,101,18,1,14,47.0,2.0,2.0,27,102.0,1.0,5.0,0.0,1.0,7.0,2.9
realmjt01,2025,1,PHI,NL,134,502,57,129,26,1,12,52.0,8.0,2.0,35,129.0,1.0,9.0,0.0,3.0,13.0,2.5
reddijo01,2020,1,HOU,AL,56,188,22,46,11,1,4,23.0,1.0,0.0,20,42.0,0.0,0.0,0.0,1.0,5.0,-0.4
reddijo01,2021,1,ARI,NL,54,151,15,39,11,0,2,21.0,0.0,0.0,6,31.0,0.0,0.0,0.0,1.0,4.0,-0.4
reedja02,2021,2,NYN,NL,4,1,0,0,0,0,0,0.0,0.0,0.0,0,0.0,0.0,0.0,0.0,0.0,0.0,0.0
reetzja01,2021,1,WAS,NL,2,2,1,1,1,0,0,0.0,0.0,0.0,0,0.0,0.0,0.0,0.0,0.0,0.0,0.1
reetzja01,2024,1,SFN,NL,6,14,1,2,1,0,1,1.0,0.0,0.0,1,5.0,0.0,0.0,0.0,0.0,1.0,-0.2
refsnro01,2020,1,TEX,AL,15,30,4,6,1,0,0,1.0,0.0,0.0,2,11.0,0.0,1.0,0.0,1.0,0.0,0.0
refsnro01,2021,1,MIN,AL,51,139,21,34,7,0,2,12.0,1.0,0.0,17,40.0,0.0,0.0,0.0,1.0,4.0,-0.1
refsnro01,2022,1,BOS,AL,57,153,25,47,11,0,6,21.0,1.0,1.0,15,46.0,0.0,6.0,0.0,3.0,1.0,1.2
refsnro01,2023,1,BOS,AL,89,202,31,50,9,1,1,28.0,7.0,2.0,33,47.0,0.0,5.0,1.0,1.0,8.0,0.4
refsnro01,2024,1,BOS,AL,93,272,32,77,16,1,11,40.0,2.0,2.0,28,78.0,2.0,5.0,0.0,1.0,6.0,0.9
refsnro01,2025,1,BOS,AL,70,182,29,49,12,0,9,30.0,3.0,0.0,24,54.0,1.0,1.0,0.0,2.0,6.0,1.2
reksza01,2021,1,LAN,NL,6,10,2,0,0,0,0,0.0,0.0,0.0,0,7.0,0.0,0.0,0.0,0.0,0.0,-0.1
reksza01,2022,1,TEX,AL,16,34,3,9,1,0,0,3.0,0.0,1.0,0,10.0,0.0,0.0,0.0,0.0,0.0,-0.5
remilza01,2023,1,CHA,AL,54,147,16,37,7,0,1,18.0,4.0,3.0,8,48.0,1.0,1.0,4.0,0.0,3.0,0.1
remilza01,2024,1,CHA,AL,15,33,3,8,1,1,0,1.0,1.0,0.0,5,10.0,0.0,0.0,1.0,0.0,1.0,0.2
rendoan01,2020,1,LAA,AL,52,189,29,54,11,1,9,31.0,0.0,0.0,38,31.0,2.0,5.0,0.0,0.0,10.0,2.2
rendoan01,2021,1,LAA,AL,58,217,24,52,13,0,6,34.0,0.0,0.0,29,41.0,2.0,1.0,0.0,2.0,11.0,0.0
rendoan01,2022,1,LAA,AL,47,166,15,38,10,0,5,24.0,2.0,0.0,23,35.0,0.0,2.0,0.0,2.0,7.0,1.0
rendoan01,2023,1,LAA,AL,43,148,23,35,6,0,2,22.0,2.0,0.0,25,27.0,0.0,6.0,0.0,4.0,6.0,0.1
rendoan01,2024,1,LAA,AL,57,206,21,45,10,0,0,14.0,6.0,1.0,23,35.0,0.0,5.0,0.0,4.0,4.0,0.6
renfrhu01,2020,1,TBA,AL,42,122,18,19,5,0,8,22.0,2.0,0.0,14,37.0,0.0,2.0,0.0,1.0,3.0,-0.1
renfrhu01,2021,1,BOS,AL,144,521,89,135,33,0,31,96.0,1.0,2.0,44,130.0,0.0,1.0,0.0,6.0,6.0,2.4
renfrhu01,2022,1,MIL,NL,125,474,62,121,23,1,29,72.0,1.0,1.0,39,121.0,1.0,4.0,2.0,3.0,11.0,2.4
renfrhu01,2023,1,LAA,AL,126,459,56,111,31,0,19,56.0,0.0,0.0,39,113.0,0.0,3.0,0.0,3.0,15.0,0.1
renfrhu01,2023,2,CIN,NL,14,39,4,5,0,0,1,4.0,0.0,0.0,5,12.0,0.0,0.0,0.0,0.0,0.0,-0.6
renfrhu01,2024,1,KCA,AL,120,385,44,88,18,0,15,52.0,1.0,1.0,36,84.0,0.0,2.0,0.0,1.0,10.0,0.1
renfrhu01,2025,1,KCA,AL,35,99,5,18,6,0,0,4.0,0.0,0.0,8,21.0,0.0,0.0,0.0,1.0,4.0,-1.5
rengilu01,2020,1,LAA,AL,33,90,12,14,1,0,1,3.0,3.0,1.0,14,26.0,0.0,0.0,2.0,0.0,2.0,-0.3
rengilu01,2021,1,LAA,AL,54,174,22,35,1,0,6,18.0,1.0,0.0,9,38.0,0.0,2.0,3.0,2.0,3.0,-0.7
rengilu01,2022,1,LAA,AL,127,489,45,129,22,4,17,52.0,6.0,2.0,17,79.0,0.0,4.0,1.0,0.0,11.0,2.5
rengilu01,2023,1,LAA,AL,126,394,55,104,15,4,16,51.0,6.0,4.0,41,82.0,0.0,6.0,0.0,4.0,3.0,1.9
rengilu01,2024,1,LAA,AL,78,283,41,85,13,1,6,30.0,24.0,7.0,16,44.0,0.0,4.0,1.0,0.0,6.0,1.8
rengilu01,2025,1,LAA,AL,147,501,55,119,16,3,9,43.0,10.0,7.0,33,104.0,0.0,3.0,1.0,3.0,7.0,0.4
reyesal02,2021,1,SLN,NL,70,1,0,0,0,0,0,0.0,0.0,0.0,0,0.0,0.0,0.0,0.0,0.0,0.0,0.0
reyesfr01,2020,1,CLE,AL,59,211,27,58,10,0,9,34.0,0.0,0.0,24,69.0,0.0,1.0,0.0,5.0,6.0,0.4
reyesfr01,2021,1,CLE,AL,115,418,57,106,18,2,30,85.0,4.0,1.0,43,149.0,3.0,2.0,0.0,3.0,13.0,1.7
reyesfr01,2022,1,CLE,AL,70,263,24,56,9,0,9,28.0,2.0,0.0,14,104.0,0.0,1.0,0.0,2.0,8.0,-0.8
reyesfr01,2022,2,CHN,NL,48,175,19,41,8,2,5,19.0,0.0,1.0,16,53.0,0.0,1.0,0.0,1.0,4.0,-0.1
reyesfr01,2023,1,KCA,AL,19,59,5,11,0,0,2,7.0,0.0,0.0,4,24.0,0.0,0.0,0.0,2.0,3.0,-0.5
reyespa01,2021,1,MIL,NL,53,78,12,20,5,0,1,3.0,4.0,0.0,9,15.0,1.0,0.0,0.0,0.0,2.0,0.7
reyespa01,2022,1,MIL,NL,6,15,1,4,0,0,0,0.0,0.0,0.0,1,2.0,0.0,0.0,0.0,0.0,0.0,-0.2
reyespa01,2023,1,BOS,AL,64,167,27,48,9,0,2,20.0,7.0,2.0,14,21.0,0.0,0.0,2.0,2.0,3.0,0.4
reyespa01,2024,1,BOS,AL,21,60,4,11,2,0,0,5.0,1.0,2.0,3,19.0,0.0,1.0,0.0,0.0,1.0,-0.7
reyespa01,2025,1,NYA,AL,25,31,4,6,1,0,0,2.0,1.0,0.0,2,10.0,0.0,0.0,1.0,0.0,0.0,-0.5
reyesvi01,2020,1,DET,AL,57,202,30,56,7,2,4,14.0,8.0,2.0,9,45.0,0.0,2.0,0.0,0.0,4.0,0.8
reyesvi01,2021,1,DET,AL,76,209,26,54,10,4,5,22.0,5.0,1.0,8,55.0,0.0,0.0,2.0,1.0,2.0,0.0
reyesvi01,2022,1,DET,AL,92,315,27,80,19,3,3,34.0,2.0,2.0,13,77.0,0.0,4.0,0.0,4.0,7.0,-0.1
reynobr01,2020,1,PIT,NL,55,185,24,35,6,2,7,19.0,1.0,1.0,21,57.0,0.0,1.0,0.0,0.0,2.0,0.5
reynobr01,2021,1,PIT,NL,159,559,93,169,35,8,24,90.0,5.0,2.0,75,119.0,9.0,8.0,0.0,4.0,10.0,6.0
reynobr01,2022,1,PIT,NL,145,542,74,142,19,4,27,62.0,7.0,3.0,56,141.0,6.0,14.0,0.0,2.0,13.0,3.0
reynobr01,2023,1,PIT,NL,145,574,85,151,31,5,24,84.0,12.0,1.0,53,138.0,2.0,7.0,0.0,6.0,13.0,2.4
reynobr01,2024,1,PIT,NL,156,622,73,171,29,3,24,88.0,10.0,2.0,57,156.0,3.0,10.0,0.0,3.0,7.0,3.6
reynobr01,2025,1,PIT,NL,154,587,68,144,38,3,16,73.0,3.0,2.0,57,173.0,1.0,7.0,0.0,3.0,15.0,1.4
reynoma03,2020,1,KCA,AL,3,11,1,0,0,0,0,0.0,0.0,0.0,0,7.0,0.0,0.0,0.0,0.0,0.0,-0.2
reynoma03,2022,2,CIN,NL,92,244,31,60,10,1,3,23.0,5.0,0.0,26,78.0,0.0,1.0,0.0,1.0,7.0,0.7
reynoma03,2023,1,CIN,NL,2,5,1,1,0,0,0,0.0,0.0,0.0,0,3.0,0.0,0.0,0.0,0.0,0.0,-0.1
ricebe01,2024,1,NYA,AL,50,152,20,26,6,0,7,23.0,0.0,1.0,20,48.0,0.0,1.0,0.0,5.0,2.0,-0.4
ricebe01,2025,1,NYA,AL,138,467,74,119,28,4,26,65.0,3.0,2.0,50,100.0,0.0,9.0,0.0,2.0,18.0,2.3
richaga01,2021,1,BOS,AL,40,5,0,1,1,0,0,1.0,0.0,0.0,0,2.0,0.0,0.0,0.0,0.0,0.0,0.1
rickajo01,2020,1,SFN,NL,4,5,1,0,0,0,0,0.0,0.0,0.0,1,1.0,0.0,0.0,0.0,0.0,0.0,-0.1
riddljt01,2020,1,PIT,NL,23,67,8,10,2,0,1,1.0,1.0,0.0,2,13.0,0.0,0.0,0.0,0.0,0.0,-0.8
riddljt01,2021,1,MIN,AL,4,6,1,2,0,0,0,0.0,0.0,0.0,0,0.0,0.0,0.0,0.0,0.0,0.0,0.2
riddljt01,2022,1,CIN,NL,2,4,0,1,0,0,0,0.0,0.0,0.0,0,1.0,0.0,0.0,0.0,0.0,0.0,0.0
rileyau01,2020,1,ATL,NL,51,188,24,45,7,1,8,27.0,0.0,0.0,16,49.0,1.0,1.0,0.0,1.0,5.0,-0.4
rileyau01,2021,1,ATL,NL,160,590,91,179,33,1,33,107.0,0.0,1.0,52,168.0,2.0,12.0,0.0,8.0,11.0,6.3
rileyau01,2022,1,ATL,NL,159,615,90,168,39,2,38,93.0,2.0,0.0,57,168.0,1.0,17.0,0.0,4.0,13.0,6.4
rileyau01,2023,1,ATL,NL,159,636,117,179,32,3,37,97.0,3.0,1.0,59,172.0,4.0,9.0,0.0,11.0,18.0,6.0
rileyau01,2024,1,ATL,NL,110,425,63,109,26,2,19,56.0,0.0,0.0,37,118.0,0.0,5.0,0.0,2.0,6.0,2.9
rileyau01,2025,1,ATL,NL,102,416,54,108,20,1,16,54.0,2.0,1.0,27,128.0,1.0,3.0,0.0,1.0,9.0,1.3
riosed01,2020,1,LAN,NL,32,76,13,19,6,0,8,17.0,0.0,0.0,4,18.0,0.0,2.0,0.0,1.0,2.0,0.6
riosed01,2021,1,LAN,NL,25,51,4,4,0,0,1,1.0,0.0,0.0,7,18.0,0.0,2.0,0.0,0.0,3.0,-0.8
riosed01,2022,1,LAN,NL,27,86,12,21,1,0,7,17.0,0.0,1.0,5,36.0,1.0,1.0,0.0,0.0,2.0,0.1
riosed01,2023,1,CHN,NL,18,28,3,2,1,0,1,2.0,0.0,0.0,5,16.0,0.0,1.0,0.0,0.0,0.0,-0.3
riosed01,2024,1,CIN,NL,5,9,1,1,0,0,0,0.0,0.0,0.0,1,4.0,0.0,0.0,0.0,0.0,0.0,-0.1
rittery01,2025,1,COL,NL,60,187,22,45,9,3,1,18.0,3.0,1.0,10,61.0,0.0,5.0,4.0,1.0,7.0,0.3
rivasal01,2021,1,CHN,NL,18,44,7,14,1,0,1,3.0,0.0,0.0,4,16.0,0.0,1.0,0.0,0.0,1.0,0.1
rivasal01,2022,1,CHN,NL,101,251,27,59,5,2,3,25.0,6.0,1.0,29,87.0,1.0,4.0,1.0,2.0,1.0,0.4
rivasal01,2023,1,SDN,NL,8,15,2,3,2,0,0,1.0,0.0,0.0,2,7.0,0.0,0.0,0.0,0.0,0.0,0.0
rivasal01,2023,2,PIT,NL,40,94,6,22,8,1,3,14.0,1.0,0.0,7,29.0,0.0,3.0,1.0,1.0,1.0,0.3
rivasle01,2024,1,SEA,AL,43,73,10,17,1,1,0,8.0,3.0,0.0,10,24.0,0.0,1.0,2.0,0.0,1.0,0.3
rivasle01,2025,1,SEA,AL,48,90,19,22,2,0,2,9.0,6.0,0.0,20,24.0,0.0,1.0,0.0,0.0,1.0,0.8
rivaswe01,2021,1,SDN,NL,24,68,8,15,2,0,2,4.0,0.0,0.0,8,16.0,0.0,0.0,1.0,0.0,6.0,0.2
riverem01,2021,1,KCA,AL,29,90,13,23,4,0,1,5.0,2.0,0.0,8,21.0,0.0,0.0,0.0,0.0,2.0,0.2
riverem01,2022,1,KCA,AL,63,198,24,47,8,3,6,22.0,0.0,0.0,11,46.0,0.0,2.0,0.0,0.0,7.0,0.7
riverem01,2022,2,ARI,NL,39,132,22,30,8,0,6,18.0,1.0,2.0,12,37.0,0.0,3.0,0.0,1.0,1.0,0.8
riverem01,2023,1,ARI,NL,86,257,32,67,13,0,4,29.0,1.0,0.0,22,56.0,0.0,0.0,0.0,4.0,9.0,0.2
riverem01,2024,1,MIA,NL,97,201,15,43,6,1,1,15.0,2.0,0.0,20,51.0,0.0,4.0,1.0,3.0,5.0,-0.6
riverem01,2024,2,BAL,AL,27,64,9,20,3,1,4,14.0,0.0,0.0,6,18.0,0.0,1.0,0.0,2.0,2.0,0.2
riverem01,2025,1,BAL,AL,43,120,5,30,4,0,0,13.0,1.0,0.0,6,24.0,0.0,1.0,0.0,0.0,3.0,0.1
riverre01,2020,1,NYN,NL,2,4,0,1,0,0,0,0.0,0.0,0.0,0,3.0,0.0,0.0,0.0,0.0,0.0,0.1
riverre01,2021,1,CLE,AL,21,55,6,13,3,0,2,9.0,0.0,0.0,4,24.0,0.0,1.0,3.0,0.0,2.0,-0.1
riverre01,2021,2,WAS,NL,4,14,2,3,0,0,0,0.0,0.0,0.0,0,5.0,0.0,1.0,0.0,0.0,2.0,0.0
riverse01,2021,1,KCA,AL,17,40,1,7,2,0,0,3.0,0.0,0.0,3,15.0,0.0,1.0,0.0,0.0,1.0,-0.2
riverse01,2022,1,KCA,AL,17,26,2,4,0,0,0,1.0,0.0,0.0,2,10.0,0.0,0.0,1.0,0.0,0.0,-0.2
riverse01,2025,1,LAA,AL,11,33,4,6,2,0,0,2.0,1.0,0.0,1,9.0,0.0,0.0,0.0,0.0,0.0,0.0
riverya01,2020,1,TEX,AL,4,5,0,0,0,0,0,0.0,1.0,0.0,0,1.0,0.0,0.0,0.0,0.0,0.0,0.0
rizzoan01,2020,1,CHN,NL,58,203,26,45,6,0,11,24.0,3.0,1.0,28,38.0,4.0,10.0,0.0,2.0,6.0,1.0
rizzoan01,2021,1,CHN,NL,92,323,41,80,16,3,14,40.0,4.0,2.0,36,59.0,2.0,14.0,0.0,3.0,10.0,1.3
rizzoan01,2021,2,NYA,AL,49,173,32,43,7,0,8,21.0,2.0,0.0,16,28.0,0.0,9.0,0.0,2.0,5.0,0.7
rizzoan01,2022,1,NYA,AL,130,465,77,104,21,1,32,75.0,6.0,5.0,58,101.0,6.0,23.0,0.0,2.0,13.0,2.3
rizzoan01,2023,1,NYA,AL,99,373,45,91,14,0,12,41.0,0.0,3.0,35,97.0,1.0,12.0,0.0,1.0,10.0,0.5
rizzoan01,2024,1,NYA,AL,92,337,38,77,12,0,8,35.0,0.0,0.0,27,65.0,0.0,9.0,0.0,2.0,7.0,0.2
roberda08,2022,1,CHN,NL,36,1,0,0,0,0,0,0.0,0.0,0.0,0,1.0,0.0,0.0,0.0,0.0,0.0,0.0
roberda10,2020,1,SFN,NL,13,21,4,7,0,0,0,2.0,0.0,0.0,3,6.0,0.0,0.0,0.0,0.0,0.0,0.1
roberda10,2021,1,MIL,NL,50,73,10,12,2,0,2,4.0,0.0,0.0,12,28.0,1.0,3.0,1.0,1.0,1.0,-0.3
roberkr01,2022,1,SLN,NL,2,1,0,0,0,0,0,1.0,0.0,0.0,0,0.0,0.0,0.0,0.0,0.0,0.0,-0.1
roberlu01,2020,1,CHA,AL,56,202,33,47,8,0,11,31.0,9.0,2.0,20,73.0,0.0,1.0,0.0,2.0,4.0,1.9
roberlu01,2021,1,CHA,AL,68,275,42,93,22,1,13,43.0,6.0,1.0,14,61.0,1.0,5.0,0.0,2.0,4.0,3.7
roberlu01,2022,1,CHA,AL,98,380,54,108,18,0,12,56.0,11.0,3.0,17,77.0,1.0,3.0,0.0,1.0,6.0,2.2
roberlu01,2023,1,CHA,AL,145,546,90,144,36,1,38,80.0,20.0,4.0,30,172.0,5.0,12.0,0.0,2.0,10.0,5.3
roberlu01,2024,1,CHA,AL,100,393,47,88,19,0,14,35.0,23.0,6.0,28,141.0,2.0,2.0,0.0,1.0,8.0,1.3
roberlu01,2025,1,CHA,AL,110,382,52,85,12,0,14,53.0,33.0,8.0,40,112.0,3.0,2.0,1.0,3.0,8.0,1.4
roberwi02,2025,1,TOR,AL,3,10,0,1,0,0,0,1.0,0.0,0.0,1,7.0,0.0,1.0,0.0,0.0,1.0,-0.2
roberwi02,2025,2,CHA,AL,24,60,2,8,1,0,0,8.0,0.0,0.0,1,20.0,0.0,1.0,0.0,1.0,0.0,-0.8
robinch03,2022,1,CIN,NL,25,59,3,8,2,0,2,5.0,0.0,0.0,0,17.0,0.0,0.0,1.0,0.0,5.0,-0.5
robinch03,2024,1,CHA,AL,26,70,2,9,0,0,0,0.0,0.0,0.0,5,20.0,0.0,1.0,0.0,0.0,1.0,-0.5
robinch03,2025,1,LAN,NL,1,1,1,0,0,0,0,0.0,0.0,0.0,0,0.0,0.0,0.0,1.0,0.0,0.0,0.0
roblevi01,2020,1,WAS,NL,52,168,20,37,5,1,3,15.0,4.0,1.0,9,53.0,0.0,9.0,1.0,2.0,0.0,-0.2
roblevi01,2021,1,WAS,NL,107,315,37,64,21,1,2,19.0,8.0,6.0,33,85.0,3.0,16.0,4.0,1.0,7.0,-0.1
roblevi01,2022,1,WAS,NL,132,366,42,82,10,2,6,33.0,15.0,4.0,17,104.0,0.0,9.0,11.0,4.0,3.0,1.8
roblevi01,2023,1,WAS,NL,36,107,15,32,5,1,0,8.0,8.0,1.0,11,18.0,0.0,4.0,4.0,0.0,3.0,0.0
roblevi01,2024,1,WAS,NL,14,25,3,3,0,0,0,2.0,4.0,1.0,5,9.0,0.0,1.0,1.0,1.0,0.0,0.1
roblevi01,2024,2,SEA,AL,77,229,41,75,20,0,4,26.0,30.0,1.0,16,44.0,0.0,10.0,5.0,2.0,2.0,3.0
roblevi01,2025,1,SEA,AL,32,106,12,26,4,1,1,9.0,6.0,2.0,3,26.0,0.0,3.0,0.0,2.0,3.0,-0.2
robsoja01,2021,1,DET,AL,4,7,1,0,0,0,0,0.0,0.0,0.0,0,4.0,0.0,0.0,0.0,0.0,0.0,-0.2
rocchbr01,2023,1,CLE,AL,23,81,9,20,6,0,0,8.0,0.0,0.0,4,27.0,0.0,0.0,0.0,1.0,4.0,0.0
rocchbr01,2024,1,CLE,AL,143,383,50,79,18,0,8,36.0,10.0,6.0,44,90.0,1.0,8.0,2.0,5.0,11.0,1.9
rocchbr01,2025,1,CLE,AL,115,344,34,80,18,2,5,44.0,8.0,4.0,22,77.0,0.0,8.0,4.0,5.0,4.0,-0.3
rodenal01,2025,1,TOR,AL,43,98,12,20,5,1,1,8.0,0.0,1.0,8,24.0,0.0,4.0,0.0,3.0,0.0,-0.1
rodenal01,2025,2,MIN,AL,12,38,5,6,1,0,1,1.0,1.0,0.0,0,13.0,0.0,2.0,0.0,0.0,0.0,-0.5
rodgebr02,2020,1,COL,NL,7,21,1,2,1,0,0,2.0,0.0,0.0,0,6.0,0.0,0.0,0.0,0.0,0.0,-0.5
rodgebr02,2021,1,COL,NL,102,387,49,110,21,3,15,51.0,0.0,0.0,19,84.0,0.0,7.0,0.0,2.0,8.0,1.4
rodgebr02,2022,1,COL,NL,137,527,72,140,30,3,13,63.0,0.0,0.0,46,101.0,0.0,3.0,0.0,5.0,25.0,4.3
rodgebr02,2023,1,COL,NL,46,178,21,46,9,1,4,20.0,0.0,0.0,11,41.0,0.0,3.0,0.0,0.0,6.0,0.1
rodgebr02,2024,1,COL,NL,135,501,67,134,29,1,13,54.0,1.0,0.0,31,132.0,1.0,4.0,1.0,2.0,12.0,1.0
rodgebr02,2025,1,HOU,AL,43,115,12,22,4,0,2,11.0,0.0,1.0,11,46.0,0.0,1.0,0.0,1.0,2.0,0.0
rodonca01,2021,1,CHA,AL,24,3,0,0,0,0,0,0.0,0.0,0.0,0,1.0,0.0,0.0,0.0,0.0,0.0,0.0
rodried05,2021,1,BOS,AL,32,6,0,0,0,0,0,0.0,0.0,0.0,0,3.0,0.0,0.0,0.0,0.0,1.0,-0.1
rodrien01,2023,1,PIT,NL,57,186,27,41,7,2,3,13.0,0.0,0.0,17,49.0,0.0,0.0,0.0,1.0,3.0,0.2
rodrien01,2025,1,PIT,NL,18,52,5,9,4,0,0,2.0,0.0,1.0,5,14.0,0.0,0.0,0.0,0.0,0.0,-0.5
rodrije01,2021,1,WAS,NL,14,2,0,0,0,0,0,0.0,0.0,0.0,0,1.0,0.0,0.0,0.0,0.0,0.0,0.0
rodrijo08,2024,1,CLE,AL,13,31,6,4,1,0,0,5.0,0.0,0.0,9,14.0,0.0,0.0,0.0,0.0,1.0,-0.4
rodrijo08,2025,1,CLE,AL,31,71,6,14,4,1,2,10.0,1.0,0.0,6,22.0,0.0,0.0,0.0,0.0,2.0,-0.6
rodriju01,2022,1,SEA,AL,132,511,84,145,25,3,28,75.0,25.0,7.0,40,145.0,4.0,8.0,0.0,1.0,7.0,6.2
rodriju01,2023,1,SEA,AL,155,654,102,180,37,2,32,103.0,37.0,10.0,47,175.0,6.0,11.0,0.0,2.0,14.0,5.5
rodriju01,2024,1,SEA,AL,143,567,76,155,17,0,20,68.0,24.0,5.0,38,156.0,1.0,6.0,0.0,2.0,10.0,4.2
rodriju01,2025,1,SEA,AL,160,652,106,174,31,4,32,95.0,30.0,6.0,44,152.0,5.0,12.0,0.0,2.0,15.0,6.8
rodrima01,2021,1,CHN,NL,20,1,0,0,0,0,0,0.0,0.0,0.0,0,1.0,0.0,0.0,0.0,0.0,0.0,0.0
rodrise01,2020,1,MIA,NL,4,13,0,2,0,0,0,0.0,0.0,0.0,0,6.0,0.0,0.0,0.0,0.0,0.0,-0.3
rogerja03,2021,1,DET,AL,38,113,17,27,5,3,6,17.0,1.0,0.0,11,46.0,0.0,0.0,3.0,0.0,0.0,1.2
rogerja03,2023,1,DET,AL,107,331,47,73,11,0,21,49.0,1.0,1.0,28,118.0,0.0,3.0,1.0,2.0,6.0,0.8
rogerja03,2024,1,DET,AL,102,310,43,61,16,1,10,36.0,1.0,0.0,22,99.0,1.0,3.0,0.0,2.0,6.0,0.9
rogerja03,2025,1,DET,AL,49,123,14,23,5,2,3,19.0,0.0,0.0,15,39.0,0.0,1.0,1.0,2.0,3.0,0.2
rogerjo01,2021,1,WAS,NL,6,12,0,0,0,0,0,0.0,0.0,0.0,1,4.0,0.0,0.0,1.0,0.0,0.0,-0.1
rogertr01,2021,1,MIA,NL,26,43,0,3,0,0,0,0.0,0.0,0.0,1,27.0,0.0,0.0,2.0,0.0,0.0,-0.2
rogertr01,2025,1,BAL,AL,18,2,0,0,0,0,0,0.0,0.0,0.0,0,2.0,0.0,0.0,0.0,0.0,0.0,0.0
rojasjo01,2020,1,ARI,NL,17,61,9,11,0,0,0,2.0,1.0,1.0,7,16.0,0.0,0.0,0.0,2.0,1.0,-0.3
rojasjo01,2021,1,ARI,NL,139,484,69,128,32,3,11,44.0,9.0,4.0,58,137.0,1.0,0.0,1.0,3.0,7.0,0.8
rojasjo01,2022,1,ARI,NL,125,443,66,119,25,1,9,56.0,23.0,3.0,55,98.0,2.0,2.0,5.0,5.0,7.0,3.1
rojasjo01,2023,1,ARI,NL,59,189,23,43,13,0,0,26.0,6.0,0.0,18,51.0,0.0,1.0,2.0,4.0,2.0,-0.3
rojasjo01,2023,2,SEA,AL,46,125,24,34,4,0,4,14.0,6.0,0.0,9,30.0,0.0,0.0,0.0,0.0,1.0,0.8
rojasjo01,2024,1,SEA,AL,143,422,48,95,19,2,8,31.0,10.0,4.0,46,108.0,1.0,3.0,1.0,2.0,6.0,2.1
rojasjo01,2025,1,CHA,AL,69,189,14,34,9,0,2,11.0,4.0,1.0,19,48.0,0.0,0.0,1.0,2.0,6.0,-1.5
rojasjo02,2021,1,LAA,AL,61,168,26,35,14,0,6,15.0,2.0,1.0,15,50.0,0.0,1.0,0.0,0.0,2.0,-0.7
rojasjo02,2022,1,LAA,AL,22,56,1,7,2,0,0,1.0,0.0,0.0,0,19.0,0.0,1.0,0.0,0.0,1.0,-1.1
rojasjo03,2023,1,PHI,NL,59,149,24,45,9,2,2,23.0,14.0,1.0,5,42.0,0.0,4.0,6.0,0.0,1.0,2.4
rojasjo03,2024,1,PHI,NL,120,338,47,82,12,3,3,32.0,25.0,4.0,13,69.0,0.0,4.0,8.0,0.0,7.0,0.6
rojasjo03,2025,1,PHI,NL,71,152,23,34,3,2,1,18.0,12.0,2.0,13,40.0,0.0,0.0,4.0,3.0,2.0,0.5
rojasmi02,2020,1,MIA,NL,40,125,20,38,10,1,4,20.0,5.0,1.0,16,18.0,2.0,2.0,0.0,0.0,1.0,1.6
rojasmi02,2021,1,MIA,NL,132,495,66,131,30,3,9,48.0,13.0,3.0,37,74.0,0.0,5.0,1.0,1.0,10.0,2.6
rojasmi02,2022,1,MIA,NL,140,471,34,111,19,2,6,36.0,9.0,3.0,26,61.0,1.0,6.0,1.0,3.0,12.0,2.5
rojasmi02,2023,1,LAN,NL,125,385,49,91,16,1,5,31.0,8.0,3.0,26,48.0,0.0,5.0,2.0,5.0,12.0,1.4
rojasmi02,2024,1,LAN,NL,103,307,41,87,21,0,6,36.0,8.0,2.0,23,34.0,0.0,3.0,2.0,2.0,8.0,3.4
rojasmi02,2025,1,LAN,NL,114,290,35,76,18,0,7,27.0,5.0,0.0,24,46.0,1.0,0.0,3.0,0.0,7.0,2.1
rollech01,2024,1,MIL,NL,1,1,0,0,0,0,0,0.0,0.0,0.0,0,1.0,0.0,0.0,0.0,0.0,0.0,0.0
romansa01,2021,1,CIN,NL,14,2,0,0,0,0,0,0.0,0.0,0.0,0,1.0,0.0,0.0,0.0,0.0,0.0,0.0
rominan01,2020,1,TEX,AL,2,4,1,1,1,0,0,0.0,0.0,0.0,0,1.0,0.0,0.0,0.0,0.0,0.0,0.0
rominan01,2021,1,CHN,NL,26,60,7,11,2,0,1,5.0,0.0,1.0,4,24.0,0.0,0.0,0.0,0.0,1.0,-0.2
rominau01,2020,1,DET,AL,37,130,12,31,5,0,2,17.0,0.0,0.0,4,47.0,0.0,0.0,0.0,1.0,3.0,-0.2
rominau01,2021,1,CHN,NL,28,60,5,13,2,0,1,5.0,0.0,0.0,2,22.0,0.0,0.0,0.0,0.0,4.0,-0.3
rominau01,2022,1,LAA,AL,3,8,0,2,0,0,0,0.0,0.0,0.0,0,3.0,0.0,0.0,1.0,0.0,0.0,0.0
rominau01,2022,2,SLN,NL,11,26,2,4,1,0,0,0.0,0.0,0.0,2,7.0,0.0,0.0,0.0,0.0,0.0,-0.2
rominau01,2022,3,CIN,NL,37,95,8,14,2,0,3,9.0,0.0,0.0,2,36.0,0.0,1.0,1.0,0.0,2.0,-0.5
romodr01,2024,1,COL,NL,16,51,4,9,3,0,0,6.0,0.0,1.0,2,18.0,0.0,0.0,0.0,0.0,2.0,-0.2
romodr01,2025,1,COL,NL,3,3,0,0,0,0,0,0.0,0.0,0.0,0,3.0,0.0,0.0,0.0,0.0,0.0,-0.1
rondojo02,2021,1,SLN,NL,63,80,13,21,3,0,3,9.0,2.0,0.0,8,17.0,0.0,0.0,0.0,2.0,1.0,0.2
rookebr01,2020,1,MIN,AL,7,19,4,6,2,0,1,5.0,0.0,0.0,0,5.0,0.0,2.0,0.0,0.0,0.0,0.0
rookebr01,2021,1,MIN,AL,58,189,25,38,10,0,9,16.0,0.0,0.0,15,70.0,0.0,9.0,0.0,0.0,1.0,-0.7
rookebr01,2022,1,SDN,NL,2,7,0,0,0,0,0,0.0,0.0,0.0,0,4.0,0.0,0.0,0.0,0.0,0.0,-0.2
rookebr01,2022,2,KCA,AL,14,25,1,4,1,0,0,2.0,0.0,0.0,3,7.0,0.0,1.0,0.0,0.0,2.0,-0.2
rookebr01,2023,1,OAK,AL,137,463,61,114,20,1,30,69.0,4.0,0.0,49,172.0,1.0,10.0,0.0,4.0,11.0,2.0
rookebr01,2024,1,OAK,AL,145,546,82,160,26,2,39,112.0,11.0,3.0,59,177.0,4.0,5.0,0.0,4.0,5.0,5.6
rookebr01,2025,1,ATH,AL,162,626,92,164,40,3,30,89.0,6.0,1.0,65,155.0,4.0,5.0,0.0,2.0,13.0,2.3
rortvbe01,2021,1,MIN,AL,39,89,8,15,1,0,3,7.0,0.0,0.0,6,29.0,0.0,1.0,2.0,0.0,2.0,-0.1
rortvbe01,2023,1,NYA,AL,32,68,6,8,1,0,2,4.0,0.0,0.0,11,19.0,0.0,0.0,0.0,0.0,1.0,-0.2
rortvbe01,2024,1,TBA,AL,112,290,27,66,13,0,3,31.0,1.0,0.0,34,88.0,0.0,4.0,0.0,0.0,6.0,0.9
rortvbe01,2025,1,TBA,AL,26,63,2,6,1,0,0,6.0,0.0,0.0,7,14.0,0.0,0.0,0.0,0.0,0.0,-0.5
rortvbe01,2025,2,LAN,NL,18,49,7,11,2,0,1,4.0,0.0,0.0,4,9.0,0.0,2.0,3.0,0.0,1.0,0.1
rosaram01,2020,1,NYN,NL,46,143,20,36,3,1,4,15.0,0.0,1.0,4,34.0,0.0,0.0,0.0,0.0,5.0,0.0
rosaram01,2021,1,CLE,AL,141,550,77,155,25,6,11,57.0,13.0,0.0,31,120.0,0.0,3.0,0.0,4.0,12.0,1.9
rosaram01,2022,1,CLE,AL,153,637,86,180,26,9,11,71.0,18.0,4.0,25,111.0,0.0,4.0,0.0,4.0,19.0,4.2
rosaram01,2023,1,CLE,AL,94,385,51,102,19,6,3,40.0,9.0,0.0,22,77.0,0.0,2.0,0.0,3.0,11.0,-0.3
rosaram01,2023,2,LAN,NL,48,125,19,32,6,2,3,18.0,6.0,2.0,7,22.0,0.0,1.0,0.0,0.0,4.0,0.8
rosaram01,2024,1,TBA,AL,76,264,22,81,17,3,2,26.0,9.0,4.0,7,48.0,0.0,3.0,0.0,1.0,9.0,0.5
rosaram01,2024,2,LAN,NL,5,11,1,3,1,0,0,2.0,1.0,1.0,1,2.0,0.0,0.0,0.0,0.0,0.0,0.0
rosaram01,2024,3,CIN,NL,22,57,6,9,0,0,1,4.0,3.0,0.0,1,23.0,0.0,1.0,0.0,0.0,1.0,-0.6
rosaram01,2025,1,WAS,NL,47,148,19,40,8,0,5,18.0,1.0,0.0,7,22.0,0.0,2.0,0.0,1.0,5.0,0.3
rosaram01,2025,2,NYA,AL,16,33,1,10,3,0,1,5.0,0.0,0.0,0,9.0,0.0,0.0,0.0,0.0,1.0,0.0
rosared01,2020,1,MIN,AL,57,210,31,54,7,0,13,42.0,3.0,1.0,19,34.0,2.0,0.0,0.0,2.0,3.0,1.2
rosared01,2021,1,CLE,AL,78,283,29,72,15,1,7,46.0,9.0,2.0,17,47.0,0.0,1.0,2.0,3.0,3.0,0.4
rosared01,2021,2,ATL,NL,33,96,13,26,4,2,7,16.0,2.0,1.0,9,14.0,0.0,0.0,0.0,1.0,1.0,0.7
rosared01,2022,1,ATL,NL,80,250,27,53,12,1,5,24.0,3.0,0.0,17,68.0,0.0,0.0,0.0,3.0,3.0,-1.9
rosared01,2023,1,ATL,NL,142,478,64,122,24,3,21,74.0,3.0,4.0,34,122.0,1.0,1.0,1.0,2.0,13.0,1.2
rosared01,2024,1,WAS,NL,67,219,26,40,11,0,7,26.0,8.0,1.0,13,54.0,0.0,0.0,1.0,2.0,4.0,-1.2
rosared01,2024,2,ATL,NL,24,78,7,12,1,0,3,9.0,1.0,0.0,3,23.0,0.0,0.0,1.0,2.0,0.0,-0.4
rosared01,2025,1,LAN,NL,2,4,0,1,0,0,0,0.0,0.0,0.0,0,0.0,0.0,0.0,0.0,0.0,0.0,0.0
rosared01,2025,2,ATL,NL,3,4,1,0,0,0,0,0.0,0.0,0.0,0,2.0,0.0,0.0,0.0,0.0,0.0,0.0
rosareg01,2022,1,SDN,NL,7,5,0,1,0,0,0,0.0,0.0,0.0,1,2.0,0.0,0.0,0.0,0.0,0.0,0.1
rosareg01,2023,1,SDN,NL,11,36,6,9,1,1,2,6.0,0.0,0.0,1,12.0,0.0,0.0,0.0,0.0,1.0,0.4
rosareg01,2024,1,SDN,NL,30,53,5,13,6,0,3,6.0,0.0,0.0,2,20.0,0.0,1.0,1.0,0.0,1.0,0.3
rossjo01,2021,1,WAS,NL,22,32,1,8,0,0,0,3.0,0.0,0.0,1,14.0,0.0,1.0,5.0,0.0,0.0,0.5
ruckemi01,2021,1,CHN,NL,20,1,0,0,0,0,0,0.0,0.0,0.0,0,1.0,0.0,0.0,0.0,0.0,0.0,0.0
rufda01,2020,1,SFN,NL,40,87,11,24,6,0,5,18.0,1.0,0.0,13,23.0,0.0,0.0,0.0,0.0,1.0,0.8
rufda01,2021,1,SFN,NL,117,262,41,71,13,2,16,43.0,2.0,0.0,46,87.0,2.0,3.0,0.0,1.0,8.0,2.9
rufda01,2022,1,SFN,NL,90,268,46,58,9,0,11,38.0,2.0,0.0,40,85.0,0.0,5.0,0.0,1.0,8.0,-0.6
rufda01,2022,2,NYN,NL,29,66,6,10,3,0,0,7.0,0.0,0.0,5,20.0,0.0,1.0,0.0,2.0,3.0,-1.0
rufda01,2023,1,SFN,NL,9,23,1,6,2,0,0,3.0,0.0,0.0,4,9.0,0.0,0.0,0.0,0.0,0.0,0.0
rufda01,2023,2,MIL,NL,11,26,2,5,1,0,0,0.0,0.0,0.0,4,7.0,0.0,0.0,0.0,0.0,0.0,-0.2
ruizes01,2022,1,SDN,NL,14,27,1,6,1,1,0,2.0,1.0,2.0,0,5.0,0.0,0.0,0.0,0.0,0.0,-0.4
ruizes01,2022,2,MIL,NL,3,8,2,0,0,0,0,0.0,0.0,0.0,1,2.0,0.0,0.0,0.0,0.0,0.0,-0.2
ruizes01,2023,1,OAK,AL,132,449,47,114,24,1,5,47.0,67.0,13.0,20,99.0,1.0,16.0,4.0,1.0,7.0,-0.3
ruizes01,2024,1,OAK,AL,29,55,10,11,2,1,2,8.0,5.0,4.0,4,20.0,0.0,2.0,2.0,2.0,1.0,-0.1
ruizes01,2025,1,LAN,NL,19,21,2,4,0,0,1,2.0,4.0,0.0,2,8.0,0.0,0.0,0.0,0.0,0.0,-0.2
ruizjo01,2021,1,CHA,AL,59,1,0,0,0,0,0,0.0,0.0,0.0,0,0.0,0.0,0.0,0.0,0.0,0.0,0.0
ruizke01,2020,1,LAN,NL,2,8,1,2,0,0,1,1.0,0.0,0.0,0,3.0,0.0,0.0,0.0,0.0,0.0,0.1
ruizke01,2021,1,LAN,NL,6,7,1,1,0,0,1,1.0,0.0,0.0,0,5.0,0.0,0.0,0.0,0.0,0.0,0.0
ruizke01,2021,2,WAS,NL,23,81,9,23,3,0,2,14.0,0.0,0.0,6,4.0,0.0,2.0,0.0,0.0,3.0,0.5
ruizke01,2022,1,WAS,NL,112,394,33,99,22,0,7,36.0,6.0,1.0,30,50.0,0.0,6.0,1.0,2.0,9.0,1.5
ruizke01,2023,1,WAS,NL,136,523,55,136,24,0,18,67.0,1.0,1.0,31,58.0,1.0,6.0,0.0,2.0,13.0,1.4
ruizke01,2024,1,WAS,NL,127,459,46,105,21,0,13,57.0,3.0,1.0,16,54.0,0.0,5.0,0.0,5.0,13.0,0.6
ruizke01,2025,1,WAS,NL,68,255,19,63,12,0,2,25.0,0.0,2.0,8,26.0,0.0,3.0,0.0,1.0,4.0,0.8
ruizri01,2020,1,BAL,AL,54,185,25,41,11,0,9,32.0,1.0,2.0,17,46.0,1.0,0.0,1.0,1.0,4.0,0.6
ruizri01,2021,1,BAL,AL,32,90,10,15,3,0,3,6.0,2.0,0.0,9,29.0,0.0,1.0,1.0,0.0,3.0,-0.4
ruizri01,2021,2,COL,NL,30,35,1,6,1,0,0,4.0,0.0,0.0,3,9.0,0.0,0.0,0.0,2.0,0.0,-0.2
rushida01,2025,1,LAN,NL,53,142,15,29,5,0,4,24.0,0.0,0.0,10,58.0,0.0,1.0,0.0,2.0,1.0,0.2
ruthebl01,2023,1,WAS,NL,16,35,4,6,0,0,0,2.0,0.0,0.0,1,10.0,0.0,0.0,0.0,0.0,1.0,-0.2
rutscad01,2022,1,BAL,AL,113,398,70,101,35,1,13,42.0,4.0,0.0,65,86.0,0.0,4.0,0.0,3.0,4.0,5.4
rutscad01,2023,1,BAL,AL,154,588,84,163,31,1,20,80.0,1.0,2.0,92,101.0,6.0,2.0,0.0,5.0,14.0,4.3
rutscad01,2024,1,BAL,AL,148,571,68,143,21,1,19,79.0,1.0,0.0,58,103.0,3.0,2.0,0.0,7.0,9.0,3.1
rutscad01,2025,1,BAL,AL,90,322,37,71,16,2,9,29.0,0.0,0.0,40,57.0,0.0,1.0,0.0,2.0,8.0,1.9
ryanjo04,2021,1,MIN,AL,5,2,0,0,0,0,0,0.0,0.0,0.0,0,2.0,0.0,0.0,0.0,0.0,0.0,0.0
ryanky01,2021,1,CHN,NL,13,2,0,0,0,0,0,0.0,0.0,0.0,0,0.0,0.0,0.0,0.0,0.0,0.0,0.0
ryuhy01,2021,1,TOR,AL,31,4,0,0,0,0,0,0.0,0.0,0.0,0,2.0,0.0,0.0,0.0,0.0,0.0,-0.1
sabolbl01,2023,1,SFN,NL,110,310,36,73,10,0,13,44.0,4.0,2.0,24,117.0,0.0,6.0,2.0,2.0,4.0,0.2
sabolbl01,2024,1,SFN,NL,11,32,3,10,2,0,0,1.0,0.0,0.0,5,9.0,1.0,1.0,0.0,0.0,0.0,0.3
sabolbl01,2025,1,BOS,AL,8,16,2,2,1,0,0,1.0,0.0,0.0,1,7.0,0.0,0.0,0.0,1.0,1.0,-0.2
saggeth01,2024,1,SLN,NL,18,49,5,10,2,0,1,4.0,0.0,0.0,2,14.0,0.0,1.0,0.0,0.0,0.0,-0.2
saggeth01,2025,1,SLN,NL,82,275,25,71,17,0,2,25.0,3.0,0.0,16,83.0,0.0,1.0,1.0,2.0,5.0,0.4
salazce01,2023,1,HOU,AL,13,18,1,2,0,0,0,0.0,0.0,0.0,1,6.0,0.0,0.0,0.0,0.0,1.0,-0.2
salazce01,2024,1,HOU,AL,12,25,5,8,2,0,0,8.0,0.0,0.0,2,6.0,0.0,2.0,1.0,2.0,0.0,0.2
salazce01,2025,1,HOU,AL,11,13,0,3,0,0,0,1.0,0.0,0.0,2,2.0,0.0,1.0,0.0,0.0,1.0,-0.1
salech01,2021,1,BOS,AL,9,1,0,0,0,0,0,0.0,0.0,0.0,0,1.0,0.0,0.0,0.0,0.0,0.0,0.0
sampsad01,2021,1,CHN,NL,11,7,0,0,0,0,0,0.0,0.0,0.0,0,7.0,0.0,0.0,4.0,0.0,0.0,-0.1
sanchaa01,2021,1,SFN,NL,9,10,0,0,0,0,0,0.0,0.0,0.0,0,7.0,0.0,0.0,0.0,0.0,0.0,-0.1
sanchad01,2021,1,WAS,NL,16,35,5,9,2,0,0,1.0,0.0,0.0,3,4.0,1.0,0.0,0.0,0.0,2.0,0.3
sanchal04,2020,1,NYN,NL,5,9,0,1,0,0,0,0.0,0.0,0.0,1,3.0,0.0,0.0,0.0,0.0,2.0,-0.1
sanchal04,2021,1,SLN,NL,2,4,0,2,2,0,0,0.0,0.0,0.0,0,0.0,0.0,0.0,0.0,0.0,0.0,0.1
sanchal04,2024,1,MIA,NL,31,84,5,14,2,0,0,4.0,2.0,1.0,4,24.0,0.0,1.0,6.0,1.0,2.0,-0.6
sanchal04,2025,1,TOR,AL,8,21,2,5,2,0,0,0.0,0.0,0.0,0,5.0,0.0,0.0,0.0,0.0,1.0,-0.2
sanchal04,2025,2,BOS,AL,4,2,0,0,0,0,0,0.0,0.0,0.0,0,1.0,0.0,0.0,0.0,0.0,0.0,0.0
sanchca01,2020,1,CHA,AL,12,16,7,5,3,0,1,1.0,0.0,0.0,5,5.0,0.0,0.0,0.0,0.0,1.0,0.3
sanchca01,2022,1,BOS,AL,14,37,1,4,0,0,0,2.0,0.0,2.0,5,13.0,0.0,0.0,2.0,0.0,0.0,-0.5
sanchga02,2020,1,NYA,AL,49,156,19,23,4,0,10,24.0,0.0,0.0,18,64.0,0.0,4.0,0.0,0.0,6.0,-0.3
sanchga02,2021,1,NYA,AL,117,383,54,78,13,1,23,54.0,0.0,0.0,52,121.0,3.0,5.0,0.0,0.0,14.0,0.7
sanchga02,2022,1,MIN,AL,128,419,42,86,24,0,16,61.0,2.0,0.0,40,136.0,0.0,7.0,0.0,5.0,12.0,0.7
sanchga02,2023,1,NYN,NL,3,6,0,1,0,0,0,1.0,0.0,0.0,0,3.0,0.0,0.0,0.0,1.0,0.0,-0.1
sanchga02,2023,2,SDN,NL,72,234,33,51,9,0,19,46.0,0.0,0.0,21,64.0,0.0,4.0,0.0,1.0,3.0,2.3
sanchga02,2024,1,MIL,NL,89,245,30,54,7,1,11,37.0,0.0,0.0,27,76.0,0.0,5.0,0.0,3.0,9.0,0.2
sanchga02,2025,1,BAL,AL,30,91,13,21,2,0,5,24.0,0.0,0.0,4,27.0,0.0,5.0,0.0,1.0,2.0,-0.4
sanchje02,2020,1,MIA,NL,10,25,1,1,1,0,0,2.0,0.0,0.0,4,11.0,0.0,0.0,0.0,0.0,1.0,-0.5
sanchje02,2021,1,MIA,NL,64,227,27,57,8,2,14,36.0,0.0,1.0,20,78.0,3.0,3.0,0.0,1.0,2.0,1.0
sanchje02,2022,1,MIA,NL,98,313,38,67,14,3,13,36.0,1.0,0.0,26,92.0,0.0,3.0,0.0,1.0,7.0,0.9
sanchje02,2023,1,MIA,NL,125,360,43,91,23,3,14,52.0,3.0,1.0,38,107.0,1.0,2.0,1.0,1.0,12.0,1.5
sanchje02,2024,1,MIA,NL,149,489,60,123,25,1,18,64.0,16.0,2.0,41,140.0,2.0,4.0,1.0,2.0,12.0,1.0
sanchje02,2025,1,MIA,NL,86,305,40,78,12,4,10,36.0,9.0,2.0,29,70.0,1.0,1.0,0.0,2.0,8.0,1.1
sanchje02,2025,2,HOU,AL,48,146,21,29,9,0,4,12.0,4.0,1.0,13,40.0,0.0,1.0,0.0,0.0,2.0,0.3
sanchmi01,2021,1,MIL,NL,28,1,1,0,0,0,0,0.0,0.0,0.0,0,0.0,0.0,0.0,0.0,0.0,0.0,0.0
sandopa01,2020,1,SFN,NL,33,82,5,18,1,0,1,6.0,0.0,0.0,6,18.0,0.0,1.0,0.0,1.0,3.0,-0.5
sandopa01,2020,2,ATL,NL,1,2,0,0,0,0,0,0.0,0.0,0.0,2,1.0,0.0,0.0,0.0,0.0,0.0,0.0
sandopa01,2021,1,ATL,NL,69,73,11,13,0,0,4,11.0,0.0,0.0,11,25.0,0.0,2.0,0.0,0.0,2.0,-0.2
sandopa02,2021,1,LAA,AL,17,4,1,1,0,0,0,0.0,0.0,0.0,0,2.0,0.0,0.0,0.0,0.0,0.0,0.0
sandsdo01,2022,1,PHI,NL,3,3,0,0,0,0,0,0.0,0.0,0.0,1,1.0,0.0,0.0,0.0,0.0,1.0,-0.1
sanmare01,2021,1,CIN,NL,2,6,0,0,0,0,0,0.0,0.0,0.0,0,5.0,0.0,0.0,0.0,0.0,0.0,-0.1
sanmare01,2022,1,CIN,NL,45,2,0,0,0,0,0,0.0,0.0,0.0,0,1.0,0.0,0.0,0.0,0.0,0.0,0.0
sanojja01,2024,1,MIA,NL,15,35,3,8,2,0,0,2.0,0.0,0.0,1,4.0,0.0,0.0,0.0,0.0,2.0,0.0
sanojja01,2025,1,MIA,NL,120,313,40,76,22,4,6,38.0,6.0,5.0,19,41.0,0.0,2.0,4.0,4.0,2.0,1.5
sanomi01,2020,1,MIN,AL,53,186,31,38,12,0,13,25.0,0.0,0.0,18,90.0,1.0,1.0,0.0,0.0,3.0,0.1
sanomi01,2021,1,MIN,AL,135,470,68,105,24,0,30,75.0,2.0,1.0,59,183.0,2.0,2.0,0.0,1.0,13.0,0.9
sanomi01,2022,1,MIN,AL,20,60,1,5,0,0,1,3.0,1.0,0.0,9,25.0,0.0,1.0,0.0,1.0,0.0,-0.8
sanomi01,2024,1,LAA,AL,28,83,9,17,3,0,2,6.0,0.0,0.0,9,36.0,0.0,2.0,0.0,1.0,2.0,-0.1
santaan02,2020,1,BAL,AL,37,153,24,40,13,1,11,32.0,0.0,1.0,10,25.0,3.0,2.0,0.0,0.0,2.0,1.6
santaan02,2021,1,BAL,AL,110,406,54,98,24,0,18,50.0,1.0,1.0,23,101.0,0.0,4.0,1.0,4.0,11.0,0.4
santaan02,2022,1,BAL,AL,152,574,78,138,24,0,33,89.0,0.0,2.0,55,122.0,1.0,13.0,0.0,5.0,14.0,2.1
santaan02,2023,1,BAL,AL,153,591,81,152,41,1,28,95.0,5.0,1.0,55,152.0,1.0,6.0,0.0,4.0,11.0,3.0
santaan02,2024,1,BAL,AL,155,595,91,140,25,2,44,102.0,2.0,0.0,58,129.0,3.0,7.0,0.0,5.0,9.0,2.7
santaan02,2025,1,TOR,AL,54,194,16,34,5,0,6,18.0,0.0,0.0,25,61.0,1.0,1.0,0.0,1.0,6.0,-1.0
santaca01,2020,1,CLE,AL,60,206,34,41,7,0,8,30.0,0.0,0.0,47,43.0,1.0,1.0,0.0,1.0,5.0,1.0
santaca01,2021,1,KCA,AL,158,565,66,121,15,0,19,69.0,2.0,0.0,86,102.0,3.0,3.0,0.0,5.0,12.0,-0.1
santaca01,2022,1,KCA,AL,52,176,17,38,10,0,4,21.0,0.0,0.0,36,28.0,1.0,0.0,0.0,0.0,1.0,0.6
santaca01,2022,2,SEA,AL,79,255,35,49,8,0,15,39.0,0.0,0.0,35,60.0,1.0,2.0,0.0,2.0,8.0,0.5
santaca01,2023,1,PIT,NL,94,345,45,81,25,0,12,53.0,6.0,0.0,45,69.0,0.0,0.0,0.0,3.0,3.0,1.5
santaca01,2023,2,MIL,NL,52,205,33,51,8,1,11,33.0,0.0,0.0,20,35.0,0.0,0.0,0.0,1.0,8.0,1.1
santaca01,2024,1,MIN,AL,150,521,63,124,26,0,23,71.0,4.0,0.0,65,99.0,3.0,6.0,0.0,2.0,11.0,2.5
santaca01,2025,1,CLE,AL,116,396,49,89,10,0,11,52.0,7.0,0.0,52,86.0,1.0,3.0,0.0,4.0,7.0,1.3
santaca01,2025,2,CHN,NL,8,19,0,2,1,0,0,2.0,0.0,0.0,0,5.0,0.0,0.0,0.0,0.0,0.0,-0.2
santada01,2020,1,TEX,AL,15,55,6,8,4,0,1,7.0,2.0,0.0,7,24.0,0.0,0.0,0.0,1.0,1.0,-0.1
santada01,2021,1,BOS,AL,38,116,15,21,2,1,5,14.0,4.0,2.0,10,30.0,0.0,1.0,0.0,0.0,0.0,-0.2
santade01,2021,1,LAN,NL,16,2,0,0,0,0,0,0.0,0.0,0.0,0,2.0,0.0,0.0,0.0,0.0,0.0,0.0
santado01,2020,1,CLE,AL,24,70,6,11,3,0,2,12.0,0.0,0.0,13,25.0,0.0,1.0,0.0,0.0,2.0,-0.3
santaed01,2021,1,ATL,NL,41,1,0,0,0,0,0,0.0,0.0,0.0,0,1.0,0.0,0.0,0.0,0.0,0.0,0.0
santito01,2021,1,CIN,NL,27,7,1,1,1,0,0,0.0,0.0,0.0,0,2.0,0.0,0.0,1.0,0.0,0.0,0.0
sborzjo01,2021,1,TEX,AL,63,1,0,0,0,0,0,0.0,0.0,0.0,0,1.0,0.0,0.0,0.0,0.0,0.0,0.0
sborzjo01,2023,1,TEX,AL,44,1,0,0,0,0,0,0.0,0.0,0.0,0,1.0,0.0,0.0,0.0,0.0,0.0,0.0
schanno01,2023,1,LAA,AL,29,109,19,30,3,0,1,6.0,0.0,0.0,20,19.0,1.0,3.0,0.0,0.0,1.0,0.1
schanno01,2024,1,LAA,AL,147,519,62,130,19,0,13,54.0,10.0,1.0,68,103.0,0.0,9.0,3.0,7.0,14.0,1.2
schanno01,2025,1,LAA,AL,132,488,64,129,23,1,12,53.0,5.0,1.0,59,71.0,4.0,10.0,3.0,4.0,10.0,1.3
schebsc01,2020,1,ATL,NL,1,1,0,0,0,0,0,0.0,0.0,0.0,0,0.0,0.0,0.0,0.0,0.0,0.0,0.0
schebsc01,2021,1,LAA,AL,14,34,3,5,3,0,0,0.0,0.0,0.0,0,17.0,0.0,0.0,0.0,0.0,0.0,-0.4
scherma01,2021,1,WAS,NL,19,35,0,0,0,0,0,0.0,0.0,0.0,0,13.0,0.0,0.0,2.0,0.0,1.0,-0.4
scherma01,2021,2,LAN,NL,11,24,0,0,0,0,0,1.0,0.0,0.0,0,15.0,0.0,0.0,1.0,1.0,0.0,-0.3
schmica01,2023,1,SFN,NL,90,253,28,52,15,0,5,30.0,2.0,1.0,13,65.0,0.0,5.0,3.0,3.0,7.0,-0.4
schmica01,2024,1,SFN,NL,40,107,11,27,4,1,6,16.0,0.0,0.0,4,25.0,0.0,1.0,0.0,1.0,2.0,0.2
schmica01,2025,1,SFN,NL,95,312,34,74,15,0,12,40.0,0.0,0.0,27,83.0,1.0,5.0,1.0,3.0,6.0,0.6
schmicl01,2021,1,NYA,AL,2,1,0,0,0,0,0,0.0,0.0,0.0,1,1.0,0.0,0.0,0.0,0.0,0.0,0.0
schneda03,2023,1,TOR,AL,35,116,23,32,12,1,8,20.0,1.0,0.0,21,43.0,0.0,4.0,0.0,0.0,2.0,1.8
schneda03,2024,1,TOR,AL,135,397,48,76,19,1,13,46.0,6.0,0.0,47,144.0,0.0,5.0,0.0,5.0,2.0,-0.1
schneda03,2025,1,TOR,AL,82,188,33,44,5,0,11,31.0,3.0,1.0,36,60.0,0.0,2.0,0.0,1.0,4.0,1.3
schneda04,2024,1,CLE,AL,73,193,17,42,10,2,5,22.0,3.0,2.0,25,70.0,0.0,0.0,0.0,3.0,1.0,0.7
schneda04,2025,1,CLE,AL,131,379,48,78,18,1,12,41.0,9.0,3.0,38,117.0,1.0,3.0,1.0,1.0,4.0,1.9
schoojo01,2020,1,DET,AL,44,162,26,45,4,2,8,23.0,0.0,0.0,8,39.0,0.0,4.0,0.0,2.0,8.0,1.3
schoojo01,2021,1,DET,AL,156,623,85,173,30,1,22,84.0,2.0,0.0,37,133.0,0.0,6.0,0.0,8.0,15.0,1.9
schoojo01,2022,1,DET,AL,131,481,48,97,23,1,11,38.0,5.0,0.0,19,107.0,1.0,6.0,0.0,4.0,15.0,0.1
schoojo01,2023,1,DET,AL,55,136,15,29,8,0,0,7.0,0.0,0.0,13,37.0,0.0,0.0,0.0,2.0,6.0,-0.4
schroma01,2020,1,SLN,NL,11,17,1,3,0,0,1,1.0,0.0,0.0,0,6.0,0.0,0.0,0.0,0.0,0.0,0.0
schroma01,2021,1,CIN,NL,53,125,19,36,7,2,3,14.0,1.0,1.0,8,24.0,1.0,0.0,0.0,1.0,0.0,0.1
schroma01,2022,1,CIN,NL,13,26,1,4,0,0,0,1.0,0.0,0.0,1,6.0,0.0,0.0,0.0,0.0,0.0,-0.2
schuema01,2024,1,OAK,AL,133,396,55,87,14,0,7,34.0,14.0,1.0,47,119.0,0.0,7.0,5.0,4.0,8.0,0.8
schuema01,2025,1,ATH,AL,101,183,20,36,4,2,2,13.0,7.0,1.0,22,35.0,0.0,4.0,3.0,1.0,6.0,0.2
schunaa01,2024,1,COL,NL,39,94,14,22,3,0,2,7.0,0.0,1.0,4,31.0,1.0,0.0,0.0,0.0,0.0,0.2
schunaa01,2025,1,COL,NL,16,32,1,6,1,0,0,0.0,0.0,0.0,0,10.0,0.0,0.0,1.0,0.0,1.0,-0.3
schwaky01,2020,1,CHN,NL,59,191,30,36,6,0,11,24.0,1.0,0.0,30,66.0,1.0,3.0,0.0,0.0,3.0,0.1
schwaky01,2021,1,WAS,NL,72,265,42,67,9,0,25,53.0,1.0,1.0,31,88.0,1.0,5.0,0.0,2.0,4.0,2.1
schwaky01,2021,2,BOS,AL,41,134,34,39,10,0,7,18.0,0.0,0.0,33,39.0,0.0,1.0,0.0,0.0,0.0,1.4
schwaky01,2022,1,PHI,NL,155,577,100,126,21,3,46,94.0,10.0,1.0,86,200.0,3.0,4.0,0.0,2.0,10.0,2.3
schwaky01,2023,1,PHI,NL,160,585,108,115,19,1,47,104.0,0.0,2.0,126,215.0,5.0,6.0,0.0,3.0,4.0,0.7
schwaky01,2024,1,PHI,NL,150,573,110,142,22,0,38,104.0,5.0,3.0,106,197.0,4.0,5.0,0.0,8.0,6.0,3.3
schwaky01,2025,1,PHI,NL,162,604,111,145,23,2,56,132.0,10.0,2.0,108,197.0,6.0,11.0,0.0,1.0,4.0,4.6
schwifr01,2021,1,OAK,AL,8,20,2,3,1,0,1,3.0,0.0,0.0,0,5.0,0.0,0.0,0.0,0.0,0.0,0.0
schwifr01,2021,2,CHN,NL,56,222,42,76,19,1,13,40.0,2.0,1.0,16,36.0,2.0,1.0,0.0,0.0,4.0,1.8
schwifr01,2022,1,CHN,NL,75,271,23,62,11,0,8,36.0,0.0,0.0,19,58.0,1.0,0.0,0.0,2.0,12.0,-1.1
scottvi01,2024,1,SLN,NL,53,145,14,26,9,0,2,10.0,5.0,1.0,6,42.0,0.0,2.0,0.0,2.0,0.0,-0.5
scottvi01,2025,1,SLN,NL,138,398,54,86,15,1,5,37.0,34.0,4.0,42,111.0,0.0,10.0,10.0,3.0,3.0,2.2
seageco01,2020,1,LAN,NL,52,212,38,65,12,1,15,41.0,1.0,0.0,17,37.0,0.0,1.0,0.0,2.0,8.0,2.0
seageco01,2021,1,LAN,NL,95,353,54,108,22,3,16,57.0,1.0,1.0,48,66.0,2.0,5.0,0.0,3.0,8.0,3.4
seageco01,2022,1,TEX,AL,151,593,91,145,24,1,33,83.0,3.0,0.0,58,103.0,7.0,7.0,0.0,5.0,14.0,3.8
seageco01,2023,1,TEX,AL,119,477,88,156,42,0,33,96.0,2.0,1.0,49,88.0,9.0,4.0,0.0,6.0,9.0,7.2
seageco01,2024,1,TEX,AL,123,475,68,132,21,0,30,74.0,1.0,1.0,53,96.0,11.0,3.0,0.0,2.0,8.0,5.2
seageco01,2025,1,TEX,AL,102,380,61,103,19,0,21,50.0,3.0,0.0,58,87.0,10.0,5.0,0.0,2.0,13.0,6.2
seageky01,2020,1,SEA,AL,60,203,35,49,12,0,9,40.0,5.0,0.0,32,33.0,3.0,7.0,0.0,6.0,4.0,1.2
seageky01,2021,1,SEA,AL,159,603,73,128,29,1,35,101.0,3.0,1.0,59,161.0,2.0,4.0,0.0,4.0,7.0,1.9
seaglch01,2023,1,SDN,NL,1,1,0,0,0,0,0,0.0,0.0,0.0,0,0.0,0.0,0.0,0.0,0.0,0.0,0.0
segurje01,2020,1,PHI,NL,54,192,28,51,5,2,7,25.0,2.0,2.0,23,45.0,2.0,1.0,1.0,0.0,6.0,1.4
segurje01,2021,1,PHI,NL,131,514,76,149,27,3,14,58.0,9.0,3.0,39,78.0,3.0,9.0,1.0,4.0,16.0,3.8
segurje01,2022,1,PHI,NL,98,354,45,98,9,0,10,33.0,13.0,6.0,25,58.0,1.0,7.0,0.0,1.0,16.0,1.8
segurje01,2023,1,MIA,NL,85,301,25,66,5,2,3,21.0,6.0,2.0,22,47.0,1.0,2.0,1.0,0.0,12.0,-2.1
seiglan01,2025,1,MIL,NL,34,62,6,12,1,0,0,5.0,2.0,0.0,8,16.0,0.0,1.0,1.0,1.0,2.0,-0.1
selmasa01,2021,1,SFN,NL,7,1,0,0,0,0,0,0.0,0.0,0.0,0,1.0,0.0,0.0,0.0,0.0,0.0,0.0
semiema01,2020,1,OAK,AL,53,211,28,47,9,1,7,23.0,4.0,0.0,25,50.0,0.0,0.0,0.0,0.0,3.0,0.4
semiema01,2021,1,TOR,AL,162,652,115,173,39,2,45,102.0,15.0,1.0,66,146.0,0.0,3.0,0.0,3.0,9.0,7.1
semiema01,2022,1,TEX,AL,161,657,101,163,31,5,26,83.0,25.0,8.0,53,120.0,0.0,4.0,0.0,10.0,7.0,5.7
semiema01,2023,1,TEX,AL,162,670,122,185,40,4,29,100.0,14.0,3.0,72,110.0,1.0,5.0,0.0,5.0,5.0,7.7
semiema01,2024,1,TEX,AL,159,650,101,154,27,2,23,74.0,8.0,3.0,64,105.0,2.0,3.0,0.0,1.0,9.0,4.5
semiema01,2025,1,TEX,AL,127,470,62,108,16,1,15,62.0,11.0,1.0,50,93.0,0.0,5.0,0.0,9.0,8.0,3.3
sengeha01,2025,1,NYN,NL,33,72,8,13,1,0,0,4.0,0.0,0.0,3,22.0,0.0,1.0,1.0,1.0,3.0,-0.2
senzaan01,2021,1,COL,NL,28,39,1,2,0,0,0,1.0,0.0,0.0,0,19.0,0.0,0.0,12.0,0.0,0.0,-0.5
senzeni01,2020,1,CIN,NL,23,70,8,13,6,0,2,8.0,2.0,1.0,6,15.0,0.0,0.0,0.0,1.0,2.0,-0.2
senzeni01,2021,1,CIN,NL,36,111,18,28,4,0,1,8.0,2.0,5.0,12,16.0,0.0,0.0,0.0,1.0,3.0,-0.5
senzeni01,2022,1,CIN,NL,110,373,45,86,13,0,5,25.0,8.0,5.0,30,76.0,0.0,5.0,2.0,1.0,7.0,-1.1
senzeni01,2023,1,CIN,NL,104,301,49,71,10,0,13,42.0,6.0,2.0,26,74.0,0.0,1.0,0.0,2.0,9.0,0.0
senzeni01,2024,1,WAS,NL,64,206,25,43,10,0,7,18.0,1.0,3.0,27,53.0,1.0,1.0,0.0,0.0,6.0,-0.7
senzeni01,2024,2,CHA,AL,10,30,0,3,1,0,0,0.0,0.0,0.0,1,8.0,0.0,0.0,1.0,0.0,0.0,-0.7
servebr01,2022,1,COL,NL,62,187,19,38,4,1,6,16.0,0.0,0.0,13,44.0,0.0,2.0,2.0,1.0,7.0,0.0
servebr01,2023,1,COL,NL,11,23,0,3,1,0,0,1.0,0.0,0.0,0,10.0,0.0,0.0,0.0,0.0,0.0,-0.4
servebr01,2024,1,TOR,AL,28,63,6,10,4,0,0,3.0,0.0,0.0,5,22.0,0.0,2.0,1.0,0.0,0.0,0.1
severpe01,2020,1,BAL,AL,48,160,17,40,5,1,5,21.0,1.0,0.0,16,40.0,0.0,1.0,1.0,0.0,3.0,0.8
severpe01,2021,1,BAL,AL,113,379,32,94,18,0,11,46.0,0.0,0.0,34,109.0,1.0,1.0,0.0,5.0,9.0,1.1
severpe01,2022,1,MIL,NL,8,18,0,4,2,0,0,1.0,0.0,0.0,3,7.0,0.0,0.0,0.0,0.0,0.0,0.0
seymobo01,2025,1,TBA,AL,26,78,9,16,1,1,1,5.0,1.0,0.0,4,32.0,0.0,1.0,0.0,0.0,0.0,-0.1
shawma01,2025,1,CHN,NL,126,393,57,89,21,3,13,44.0,17.0,5.0,38,94.0,0.0,2.0,0.0,4.0,2.0,3.1
shawtr01,2020,1,TOR,AL,50,163,17,39,10,0,6,17.0,0.0,0.0,16,50.0,0.0,0.0,0.0,1.0,4.0,0.2
shawtr01,2021,1,MIL,NL,56,178,14,34,8,0,6,28.0,0.0,0.0,19,51.0,0.0,3.0,1.0,1.0,2.0,-0.5
shawtr01,2021,2,BOS,AL,28,42,6,10,3,0,3,11.0,0.0,0.0,5,17.0,0.0,0.0,1.0,0.0,0.0,-0.1
shawtr01,2022,1,BOS,AL,7,19,0,0,0,0,0,0.0,0.0,0.0,0,7.0,0.0,0.0,0.0,0.0,0.0,-0.7
sheetga01,2021,1,CHA,AL,54,160,23,40,8,0,11,34.0,0.0,0.0,16,40.0,0.0,2.0,0.0,1.0,4.0,0.1
sheetga01,2022,1,CHA,AL,124,377,34,91,19,0,15,53.0,0.0,0.0,27,86.0,0.0,3.0,0.0,3.0,9.0,-0.5
sheetga01,2023,1,CHA,AL,118,311,24,63,10,0,10,43.0,1.0,0.0,28,66.0,2.0,1.0,0.0,4.0,6.0,-1.5
sheetga01,2024,1,CHA,AL,139,451,35,105,24,1,10,45.0,2.0,2.0,43,106.0,2.0,4.0,0.0,3.0,6.0,-1.0
sheetga01,2025,1,SDN,NL,145,492,57,124,28,1,19,71.0,2.0,1.0,44,107.0,1.0,5.0,0.0,4.0,9.0,0.7
sheffju01,2021,1,SEA,AL,21,2,0,1,0,0,0,0.0,0.0,0.0,0,1.0,0.0,0.0,0.0,0.0,0.0,0.1
shentau01,2024,1,TBA,AL,19,42,3,9,5,0,1,3.0,0.0,0.0,8,14.0,0.0,0.0,0.0,0.0,1.0,0.1
sherfji01,2021,2,LAN,NL,4,1,0,0,0,0,0,0.0,0.0,0.0,0,0.0,0.0,0.0,0.0,0.0,0.0,0.0
shewmbr01,2023,1,ATL,NL,2,4,0,0,0,0,0,0.0,0.0,0.0,0,1.0,0.0,0.0,0.0,0.0,0.0,-0.1
shewmbr01,2024,1,CHA,AL,29,64,4,8,2,0,1,4.0,5.0,1.0,1,10.0,0.0,0.0,0.0,2.0,0.0,-0.6
shortza01,2021,1,DET,AL,61,156,21,22,4,0,6,20.0,2.0,0.0,22,59.0,1.0,0.0,0.0,6.0,4.0,-0.7
shortza01,2022,1,DET,AL,6,9,2,0,0,0,0,2.0,1.0,0.0,2,5.0,0.0,0.0,0.0,2.0,0.0,-0.1
shortza01,2023,1,DET,AL,112,221,17,45,9,0,7,33.0,5.0,0.0,28,66.0,0.0,0.0,3.0,1.0,3.0,0.5
shortza01,2024,1,NYN,NL,10,9,2,1,0,0,0,0.0,0.0,1.0,2,4.0,0.0,0.0,1.0,0.0,0.0,-0.1
shortza01,2024,2,BOS,AL,2,7,0,0,0,0,0,0.0,0.0,0.0,0,4.0,0.0,0.0,0.0,0.0,0.0,-0.2
shortza01,2024,3,ATL,NL,30,54,9,8,3,0,0,5.0,2.0,0.0,12,16.0,0.0,1.0,2.0,0.0,0.0,0.2
shortza01,2025,1,HOU,AL,22,50,9,11,2,0,2,7.0,0.0,1.0,4,18.0,0.0,1.0,1.0,0.0,0.0,0.0
sianimi01,2022,1,CIN,NL,9,24,1,4,0,0,0,0.0,0.0,1.0,0,7.0,0.0,0.0,0.0,0.0,1.0,-0.3
sianimi01,2023,2,SLN,NL,5,5,0,0,0,0,0,0.0,1.0,0.0,0,1.0,0.0,0.0,0.0,0.0,0.0,-0.2
sianimi01,2024,1,SLN,NL,124,298,42,68,7,2,2,20.0,20.0,3.0,21,92.0,0.0,3.0,11.0,1.0,2.0,0.8
sianimi01,2025,1,SLN,NL,19,17,4,4,0,0,0,0.0,0.0,0.0,2,7.0,0.0,0.0,0.0,0.0,0.0,-0.1
sierrma01,2020,1,MIA,NL,19,44,8,11,3,1,0,7.0,4.0,1.0,5,9.0,0.0,1.0,2.0,1.0,0.0,0.4
sierrma01,2021,1,MIA,NL,123,209,27,48,6,1,0,5.0,11.0,0.0,15,50.0,4.0,0.0,1.0,0.0,1.0,0.0
sierrma01,2022,1,LAA,AL,45,91,7,15,1,3,0,5.0,6.0,1.0,4,25.0,0.0,0.0,1.0,0.0,0.0,-0.4
simmoan01,2020,1,LAA,AL,30,118,19,35,7,0,0,10.0,2.0,0.0,8,16.0,0.0,1.0,0.0,0.0,5.0,0.6
simmoan01,2021,1,MIN,AL,131,412,37,92,12,0,3,31.0,1.0,0.0,32,62.0,0.0,3.0,3.0,1.0,14.0,1.3
simmoan01,2022,1,CHN,NL,35,75,8,13,1,0,0,7.0,4.0,0.0,7,13.0,0.0,0.0,3.0,0.0,5.0,-0.1
simonro01,2025,1,MIA,NL,19,47,6,11,2,0,0,5.0,0.0,0.0,7,7.0,0.0,0.0,1.0,1.0,1.0,-0.7
simonro01,2025,2,PIT,NL,8,30,4,7,1,0,0,2.0,1.0,0.0,1,8.0,0.0,0.0,0.0,1.0,0.0,-0.5
simpsch01,2025,1,TBA,AL,109,414,53,122,15,3,0,26.0,44.0,12.0,20,43.0,0.0,0.0,3.0,2.0,10.0,0.4
simslu01,2021,1,CIN,NL,47,2,0,0,0,0,0,0.0,0.0,0.0,0,1.0,0.0,0.0,0.0,0.0,0.0,0.0
singljo02,2023,1,MIL,NL,11,29,3,3,1,0,0,2.0,0.0,0.0,3,11.0,0.0,0.0,0.0,0.0,0.0,-0.4
singljo02,2023,2,HOU,AL,25,62,8,12,2,0,2,10.0,0.0,0.0,10,12.0,0.0,0.0,0.0,1.0,2.0,-0.1
singljo02,2024,1,HOU,AL,119,355,46,83,13,1,13,42.0,0.0,0.0,47,111.0,0.0,0.0,0.0,3.0,2.0,0.2
singljo02,2025,1,HOU,AL,3,9,0,1,0,0,0,0.0,0.0,0.0,0,1.0,0.0,0.0,0.0,0.0,0.0,-0.1
sirijo01,2021,1,HOU,AL,21,46,10,14,0,1,4,9.0,3.0,1.0,1,17.0,0.0,2.0,0.0,0.0,0.0,0.4
sirijo01,2022,1,HOU,AL,48,135,18,24,4,2,3,10.0,6.0,1.0,9,48.0,0.0,2.0,0.0,1.0,2.0,0.8
sirijo01,2022,2,TBA,AL,56,166,35,40,9,0,4,14.0,8.0,1.0,11,60.0,0.0,1.0,0.0,0.0,1.0,0.6
sirijo01,2023,1,TBA,AL,101,338,58,75,13,2,25,56.0,12.0,3.0,20,130.0,0.0,2.0,1.0,3.0,5.0,1.6
sirijo01,2024,1,TBA,AL,130,402,50,75,16,1,18,47.0,14.0,7.0,31,170.0,0.0,7.0,2.0,4.0,5.0,1.8
sirijo01,2025,1,NYN,NL,16,32,7,2,2,0,0,1.0,2.0,0.0,4,17.0,0.0,0.0,0.0,0.0,0.0,-0.5
siscoch01,2020,1,BAL,AL,36,98,11,21,4,0,4,10.0,0.0,0.0,17,41.0,0.0,6.0,0.0,0.0,1.0,0.2
siscoch01,2021,1,BAL,AL,23,65,4,10,2,0,0,3.0,0.0,0.0,6,18.0,0.0,2.0,0.0,0.0,0.0,-0.2
siscoch01,2021,2,NYN,NL,5,9,1,1,1,0,0,1.0,0.0,0.0,1,3.0,0.0,0.0,0.0,0.0,1.0,-0.1
skubata01,2021,1,DET,AL,31,2,0,0,0,0,0,0.0,0.0,0.0,0,2.0,0.0,0.0,1.0,0.0,0.0,0.0
slateau01,2020,1,SFN,NL,31,85,18,24,2,1,5,7.0,8.0,1.0,16,22.0,0.0,2.0,1.0,0.0,2.0,0.9
slateau01,2021,1,SFN,NL,129,274,39,66,12,1,12,32.0,15.0,2.0,28,84.0,2.0,4.0,0.0,0.0,7.0,1.4
slateau01,2022,1,SFN,NL,125,277,49,73,15,2,7,34.0,12.0,1.0,40,89.0,0.0,6.0,0.0,2.0,9.0,1.6
slateau01,2023,1,SFN,NL,89,185,24,50,9,0,5,20.0,2.0,2.0,20,58.0,0.0,2.0,0.0,0.0,2.0,0.8
slateau01,2024,1,SFN,NL,43,90,12,18,1,0,1,9.0,2.0,1.0,16,31.0,0.0,3.0,0.0,3.0,3.0,-0.3
slateau01,2024,2,CIN,NL,8,18,2,2,0,0,0,3.0,0.0,0.0,2,6.0,0.0,0.0,0.0,1.0,0.0,-0.4
slateau01,2024,3,BAL,AL,33,69,10,17,3,0,1,6.0,1.0,1.0,8,23.0,0.0,2.0,0.0,0.0,2.0,0.4
slateau01,2025,1,CHA,AL,51,123,20,29,6,1,5,11.0,1.0,0.0,11,35.0,0.0,0.0,1.0,0.0,5.0,0.3
slateau01,2025,2,NYA,AL,14,25,2,3,0,0,0,2.0,0.0,0.0,0,16.0,0.0,0.0,0.0,0.0,1.0,-0.4
smithca03,2021,1,ARI,NL,45,22,2,2,1,0,0,0.0,1.0,0.0,1,14.0,0.0,1.0,1.0,0.0,0.0,0.1
smithca04,2022,1,PIT,NL,3,5,1,1,1,0,0,0.0,0.0,0.0,1,0.0,0.0,1.0,0.0,0.0,0.0,-0.1
smithca04,2023,1,PIT,NL,15,32,3,4,1,1,0,5.0,1.0,0.0,4,16.0,0.0,0.0,0.0,1.0,1.0,-0.2
smithca07,2025,1,HOU,AL,134,441,55,104,21,3,9,51.0,8.0,1.0,43,137.0,0.0,7.0,0.0,2.0,11.0,1.9
smithdo02,2020,1,NYN,NL,50,177,27,56,21,1,10,42.0,0.0,0.0,14,45.0,0.0,5.0,0.0,3.0,2.0,1.9
smithdo02,2021,1,NYN,NL,145,446,43,109,20,0,11,58.0,2.0,1.0,32,112.0,2.0,9.0,0.0,6.0,13.0,-0.7
smithdo02,2022,1,NYN,NL,58,134,11,26,10,1,0,17.0,0.0,0.0,12,37.0,0.0,4.0,0.0,2.0,0.0,-0.4
smithdo02,2023,1,WAS,NL,153,527,57,134,21,1,12,46.0,1.0,1.0,47,91.0,1.0,10.0,0.0,2.0,12.0,0.9
smithdo02,2024,1,BOS,AL,84,249,29,59,20,0,6,34.0,1.0,1.0,25,65.0,0.0,4.0,0.0,0.0,7.0,0.2
smithdo02,2024,2,CIN,NL,9,26,4,5,2,0,0,0.0,0.0,0.0,3,11.0,0.0,0.0,0.0,0.0,0.0,-0.1
smithdo02,2025,1,SFN,NL,63,204,26,58,12,0,5,33.0,2.0,0.0,15,42.0,0.0,2.0,0.0,4.0,5.0,0.4
smithdr01,2021,1,NYN,NL,31,1,0,0,0,0,0,0.0,0.0,0.0,0,0.0,0.0,0.0,0.0,0.0,0.0,0.0
smithdw02,2020,1,BAL,AL,21,63,9,14,3,0,2,6.0,1.0,0.0,7,19.0,1.0,1.0,0.0,1.0,1.0,-0.5
smithjo09,2022,1,TEX,AL,73,213,23,42,5,0,2,16.0,4.0,3.0,28,50.0,0.0,7.0,2.0,3.0,1.0,0.2
smithjo09,2023,1,TEX,AL,90,195,29,36,8,1,6,15.0,1.0,0.0,25,55.0,0.0,9.0,2.0,1.0,3.0,1.0
smithjo09,2024,1,TEX,AL,149,523,67,135,30,1,13,62.0,11.0,2.0,46,121.0,1.0,18.0,2.0,3.0,6.0,3.5
smithjo09,2025,1,TEX,AL,144,495,70,124,23,2,10,35.0,12.0,3.0,55,100.0,2.0,8.0,3.0,1.0,3.0,3.0
smithke04,2020,1,TBA,AL,17,31,3,8,3,0,1,8.0,0.0,0.0,5,11.0,0.0,1.0,0.0,0.0,1.0,0.3
smithke04,2021,1,TBA,AL,3,4,2,1,0,0,0,0.0,0.0,0.0,0,2.0,0.0,0.0,0.0,0.0,0.0,0.0
smithke04,2021,2,ATL,NL,30,91,6,15,3,0,0,3.0,0.0,0.0,10,29.0,3.0,0.0,0.0,0.0,3.0,-0.8
smithke05,2021,1,TOR,AL,18,32,2,3,0,0,1,1.0,0.0,0.0,3,11.0,0.0,1.0,0.0,0.0,0.0,-0.3
smithke05,2022,1,OAK,AL,47,139,9,25,9,1,2,13.0,4.0,0.0,7,42.0,0.0,0.0,3.0,2.0,5.0,0.4
smithke05,2023,1,OAK,AL,49,135,15,25,4,0,5,11.0,1.0,0.0,5,51.0,0.0,1.0,5.0,0.0,3.0,-0.3
smithma05,2020,1,SEA,AL,14,45,2,6,2,0,0,3.0,2.0,0.0,2,13.0,0.0,0.0,0.0,0.0,1.0,-0.5
smithpa04,2020,1,ARI,NL,12,37,7,10,0,1,1,4.0,1.0,0.0,5,8.0,0.0,0.0,0.0,2.0,0.0,0.2
smithpa04,2021,1,ARI,NL,145,498,68,133,27,4,11,49.0,1.0,0.0,42,106.0,1.0,4.0,0.0,1.0,11.0,-0.1
smithpa04,2022,1,ARI,NL,75,245,24,54,9,0,9,33.0,1.0,0.0,28,67.0,1.0,1.0,0.0,3.0,2.0,0.4
smithpa04,2023,1,ARI,NL,69,191,26,36,5,0,7,30.0,1.0,1.0,35,45.0,0.0,1.0,0.0,0.0,3.0,-0.8
smithpa04,2024,1,ARI,NL,60,137,26,37,11,0,9,36.0,1.0,0.0,18,31.0,0.0,0.0,0.0,3.0,4.0,0.6
smithpa04,2025,1,ARI,NL,87,244,36,63,17,1,8,28.0,2.0,2.0,41,92.0,1.0,0.0,0.0,2.0,7.0,0.4
smithri01,2021,1,ARI,NL,24,16,0,0,0,0,0,0.0,0.0,0.0,0,11.0,0.0,0.0,1.0,0.0,0.0,-0.1
smithwi05,2020,1,LAN,NL,37,114,23,33,9,0,8,25.0,0.0,0.0,20,22.0,1.0,2.0,0.0,1.0,2.0,1.4
smithwi05,2021,1,LAN,NL,130,414,71,107,19,2,25,76.0,3.0,0.0,58,101.0,4.0,18.0,0.0,11.0,11.0,3.3
smithwi05,2022,1,LAN,NL,137,508,68,132,26,3,24,87.0,1.0,0.0,56,96.0,4.0,10.0,0.0,4.0,11.0,4.5
smithwi05,2023,1,LAN,NL,126,464,80,121,21,2,19,76.0,3.0,0.0,63,89.0,2.0,15.0,0.0,12.0,8.0,4.1
smithwi05,2024,1,LAN,NL,128,476,77,118,24,2,20,75.0,1.0,1.0,51,105.0,6.0,9.0,0.0,8.0,8.0,3.4
smithwi05,2025,1,LAN,NL,110,362,64,107,20,1,17,61.0,2.0,3.0,64,89.0,1.0,5.0,0.0,5.0,7.0,4.5
smoakju01,2020,1,MIL,NL,33,113,14,21,7,0,5,15.0,0.0,0.0,10,40.0,0.0,2.0,0.0,1.0,3.0,-0.5
smoakju01,2020,2,SFN,NL,3,6,0,0,0,0,0,0.0,0.0,0.0,0,2.0,0.0,0.0,0.0,0.0,1.0,-0.2
smylydr01,2021,1,ATL,NL,32,41,0,3,0,0,0,0.0,0.0,0.0,0,19.0,0.0,0.0,2.0,0.0,0.0,-0.4
snellbl01,2021,1,SDN,NL,27,34,1,4,0,0,0,0.0,0.0,0.0,0,17.0,0.0,0.0,3.0,0.0,1.0,-0.1
soderty01,2023,1,OAK,AL,45,125,9,20,1,0,3,7.0,0.0,0.0,11,43.0,0.0,1.0,0.0,1.0,6.0,-1.1
soderty01,2024,1,OAK,AL,61,189,18,44,10,0,9,26.0,0.0,0.0,20,53.0,1.0,3.0,0.0,1.0,7.0,0.5
soderty01,2025,1,ATH,AL,158,561,75,155,34,1,25,93.0,8.0,3.0,55,141.0,2.0,6.0,0.0,2.0,18.0,4.3
sogarer01,2020,1,MIL,NL,43,115,10,24,5,0,1,10.0,0.0,0.0,11,20.0,0.0,1.0,0.0,1.0,1.0,-0.2
sogarer01,2021,1,CHN,NL,78,169,16,42,6,1,1,12.0,3.0,1.0,9,30.0,1.0,0.0,0.0,2.0,5.0,-0.6
sogarni01,2024,1,BOS,AL,31,77,13,21,4,0,0,8.0,3.0,0.0,7,25.0,0.0,0.0,0.0,2.0,4.0,0.4
sogarni01,2025,1,BOS,AL,30,96,13,25,8,0,0,9.0,2.0,1.0,5,24.0,0.0,3.0,0.0,0.0,3.0,0.1
solakni01,2020,1,TEX,AL,58,209,27,56,10,0,2,23.0,7.0,1.0,18,42.0,0.0,2.0,0.0,4.0,6.0,-1.1
solakni01,2021,1,TEX,AL,127,458,57,111,18,2,11,49.0,7.0,5.0,34,107.0,0.0,15.0,2.0,2.0,11.0,1.0
solakni01,2022,1,TEX,AL,35,82,14,17,1,0,3,4.0,3.0,2.0,7,19.0,0.0,5.0,1.0,0.0,1.0,-0.2
solakni01,2025,1,PIT,NL,4,11,0,1,0,0,0,0.0,0.0,0.0,0,2.0,0.0,0.0,0.0,0.0,0.0,-0.5
solando01,2020,1,SFN,NL,54,190,22,62,15,1,3,29.0,0.0,0.0,10,39.0,0.0,2.0,0.0,1.0,2.0,1.5
solando01,2021,1,SFN,NL,101,307,35,86,17,0,7,31.0,2.0,0.0,25,58.0,2.0,7.0,1.0,4.0,8.0,1.1
solando01,2022,1,CIN,NL,80,278,22,79,16,0,4,24.0,0.0,0.0,19,61.0,1.0,5.0,0.0,2.0,5.0,0.9
solando01,2023,1,MIN,AL,134,394,43,111,26,1,5,38.0,0.0,0.0,40,100.0,1.0,15.0,0.0,1.0,8.0,1.6
solando01,2024,1,SDN,NL,96,283,31,81,13,0,8,35.0,2.0,1.0,22,65.0,0.0,3.0,0.0,1.0,6.0,1.0
solando01,2025,1,SEA,AL,69,163,10,41,4,1,3,21.0,0.0,0.0,8,38.0,0.0,3.0,0.0,2.0,9.0,0.0
solando01,2025,2,TEX,AL,2,3,0,0,0,0,0,0.0,0.0,0.0,0,2.0,0.0,0.0,0.0,0.0,0.0,-0.1
solerjo01,2020,1,KCA,AL,43,149,17,34,8,0,8,24.0,0.0,0.0,19,60.0,0.0,3.0,0.0,1.0,3.0,0.2
solerjo01,2021,1,KCA,AL,94,308,38,59,16,0,13,37.0,0.0,0.0,38,97.0,0.0,5.0,0.0,3.0,9.0,-1.0
solerjo01,2021,2,ATL,NL,55,208,36,56,11,0,14,33.0,0.0,0.0,29,45.0,0.0,1.0,0.0,2.0,3.0,1.1
solerjo01,2022,1,MIA,NL,72,270,32,56,13,0,13,34.0,0.0,2.0,31,90.0,1.0,3.0,0.0,1.0,9.0,0.4
solerjo01,2023,1,MIA,NL,137,504,77,126,24,0,36,75.0,1.0,0.0,66,141.0,4.0,6.0,0.0,4.0,20.0,1.5
solerjo01,2024,1,SFN,NL,93,341,57,82,23,1,12,40.0,1.0,0.0,44,97.0,0.0,3.0,0.0,3.0,9.0,1.0
solerjo01,2024,2,ATL,NL,49,152,27,37,11,0,9,24.0,0.0,0.0,24,44.0,0.0,3.0,0.0,1.0,0.0,0.1
solerjo01,2025,1,LAA,AL,82,279,31,60,12,0,12,34.0,0.0,0.0,28,94.0,0.0,4.0,0.0,3.0,5.0,-0.5
sosaed01,2021,1,SLN,NL,113,288,39,78,8,4,6,27.0,4.0,4.0,17,63.0,2.0,17.0,1.0,2.0,8.0,3.2
sosaed01,2022,1,SLN,NL,53,122,17,23,4,3,0,8.0,3.0,1.0,4,38.0,0.0,5.0,0.0,0.0,3.0,0.6
sosaed01,2022,2,PHI,NL,25,54,9,17,7,1,2,13.0,3.0,0.0,1,12.0,0.0,2.0,1.0,1.0,3.0,0.8
sosaed01,2023,1,PHI,NL,104,279,34,70,15,2,10,30.0,4.0,2.0,8,74.0,0.0,9.0,2.0,1.0,10.0,0.6
sosaed01,2024,1,PHI,NL,90,249,39,64,12,4,7,31.0,7.0,1.0,13,66.0,0.0,8.0,1.0,2.0,5.0,2.2
sosaed01,2025,1,PHI,NL,89,243,30,67,12,1,11,39.0,1.0,1.0,10,56.0,0.0,2.0,3.0,2.0,7.0,2.3
sosale01,2022,1,CHA,AL,11,35,3,4,1,0,1,1.0,0.0,0.0,1,12.0,0.0,0.0,0.0,0.0,2.0,-0.5
sosale01,2023,1,CHA,AL,52,164,12,33,6,0,6,14.0,0.0,1.0,5,40.0,1.0,0.0,3.0,1.0,3.0,-0.7
sosale01,2024,1,CHA,AL,100,351,28,89,13,0,8,35.0,3.0,1.0,12,77.0,1.0,3.0,2.0,1.0,5.0,-0.5
sosale01,2025,1,CHA,AL,140,518,57,137,20,1,22,75.0,2.0,1.0,18,127.0,0.0,4.0,1.0,3.0,11.0,0.8
sotoel01,2020,1,LAA,AL,3,6,2,2,1,0,0,0.0,0.0,0.0,1,1.0,0.0,0.0,0.0,0.0,0.0,0.1
sotoju01,2020,1,WAS,NL,47,154,39,54,14,0,13,37.0,6.0,2.0,41,28.0,12.0,1.0,0.0,0.0,1.0,2.3
sotoju01,2021,1,WAS,NL,151,502,111,157,20,2,29,95.0,9.0,7.0,145,93.0,23.0,2.0,0.0,5.0,23.0,7.3
sotoju01,2022,1,WAS,NL,101,342,62,84,17,1,21,46.0,6.0,2.0,91,62.0,4.0,3.0,0.0,0.0,11.0,3.7
sotoju01,2022,2,SDN,NL,52,182,31,43,8,1,6,16.0,0.0,0.0,44,34.0,2.0,1.0,0.0,0.0,1.0,1.7
sotoju01,2023,1,SDN,NL,162,568,97,156,32,1,35,109.0,12.0,5.0,132,129.0,11.0,2.0,1.0,5.0,18.0,5.3
sotoju01,2024,1,NYA,AL,157,576,128,166,31,4,41,109.0,7.0,4.0,129,119.0,2.0,4.0,0.0,4.0,10.0,8.0
sotoju01,2025,1,NYN,NL,160,577,120,152,20,1,43,105.0,38.0,4.0,127,137.0,13.0,3.0,1.0,6.0,17.0,6.2
sotoli01,2022,1,LAA,AL,18,55,9,22,5,1,1,9.0,1.0,1.0,2,13.0,0.0,0.0,1.0,1.0,1.0,0.7
sotoli01,2023,1,LAA,AL,4,9,2,2,0,0,0,0.0,0.0,0.0,3,2.0,0.0,0.0,0.0,0.0,0.0,0.1
sotoli01,2024,1,CIN,NL,1,3,0,0,0,0,0,0.0,0.0,0.0,0,1.0,0.0,0.0,0.0,0.0,0.0,-0.1
sotoli01,2024,2,BAL,AL,12,10,1,3,1,0,0,0.0,0.0,0.0,3,2.0,0.0,0.0,0.0,0.0,0.0,0.2
souzast01,2020,1,CHN,NL,11,27,3,4,2,0,1,5.0,1.0,0.0,4,15.0,0.0,0.0,0.0,0.0,0.0,0.0
souzast01,2021,1,LAN,NL,17,33,2,5,1,1,1,3.0,0.0,0.0,2,14.0,0.0,1.0,0.0,0.0,2.0,-0.2
souzast01,2022,1,SEA,AL,6,19,0,3,0,0,0,1.0,0.0,0.0,0,8.0,0.0,0.0,0.0,0.0,2.0,-0.4
springe01,2020,1,HOU,AL,51,189,37,50,6,2,14,32.0,1.0,2.0,24,38.0,0.0,5.0,0.0,2.0,3.0,2.2
springe01,2021,1,TOR,AL,78,299,59,79,19,1,22,50.0,4.0,1.0,37,79.0,1.0,4.0,0.0,1.0,6.0,2.3
springe01,2022,1,TOR,AL,133,513,89,137,22,4,25,76.0,14.0,2.0,54,100.0,1.0,7.0,0.0,5.0,7.0,4.2
springe01,2023,1,TOR,AL,154,613,87,158,25,1,21,72.0,20.0,5.0,60,125.0,1.0,5.0,0.0,3.0,20.0,2.0
springe01,2024,1,TOR,AL,145,545,74,120,19,3,19,56.0,16.0,1.0,60,115.0,0.0,6.0,0.0,2.0,16.0,0.9
springe01,2025,1,TOR,AL,140,498,106,154,27,1,32,84.0,18.0,1.0,69,111.0,3.0,8.0,0.0,4.0,14.0,4.8
stallja01,2020,1,PIT,NL,42,125,13,31,7,0,3,18.0,0.0,0.0,15,40.0,0.0,0.0,2.0,1.0,2.0,1.0
stallja01,2021,1,PIT,NL,112,374,38,92,20,1,8,53.0,0.0,0.0,49,85.0,0.0,2.0,0.0,2.0,10.0,3.0
stallja01,2022,1,MIA,NL,114,346,25,77,12,0,4,34.0,0.0,1.0,29,83.0,0.0,6.0,1.0,2.0,15.0,-0.8
stallja01,2023,1,MIA,NL,89,241,22,46,14,0,3,20.0,0.0,0.0,27,67.0,0.0,3.0,3.0,2.0,9.0,-0.8
stallja01,2024,1,COL,NL,82,243,31,64,17,1,9,36.0,0.0,0.0,27,65.0,1.0,9.0,1.0,1.0,10.0,1.7
stallja01,2025,1,COL,NL,29,84,4,12,3,0,0,6.0,0.0,0.0,5,31.0,0.0,3.0,1.0,0.0,1.0,-0.9
stallja01,2025,2,BAL,AL,14,35,1,4,1,0,0,3.0,0.0,0.0,1,9.0,0.0,0.0,0.0,0.0,4.0,-0.4
stammcr01,2021,1,SDN,NL,67,5,0,1,0,0,0,0.0,0.0,0.0,0,3.0,0.0,0.0,2.0,0.0,0.0,0.0
stantmi03,2020,1,NYA,AL,23,76,12,19,7,0,4,11.0,1.0,1.0,15,27.0,1.0,2.0,0.0,0.0,4.0,0.6
stantmi03,2021,1,NYA,AL,139,510,64,139,19,0,35,97.0,0.0,0.0,63,157.0,1.0,3.0,0.0,3.0,22.0,3.1
stantmi03,2022,1,NYA,AL,110,398,53,84,7,0,31,78.0,0.0,0.0,50,137.0,2.0,0.0,0.0,3.0,8.0,0.7
stantmi03,2023,1,NYA,AL,101,371,43,71,13,0,24,60.0,0.0,0.0,41,124.0,3.0,2.0,0.0,1.0,11.0,-0.8
stantmi03,2024,1,NYA,AL,114,417,49,97,20,0,27,72.0,0.0,0.0,38,143.0,2.0,2.0,0.0,2.0,17.0,0.8
stantmi03,2025,1,NYA,AL,77,249,36,68,8,0,24,66.0,0.0,0.0,29,96.0,3.0,1.0,0.0,1.0,5.0,1.9
starlbu01,2020,1,KCA,AL,35,59,5,10,1,0,1,5.0,0.0,0.0,4,27.0,0.0,0.0,0.0,1.0,0.0,-0.7
stassma01,2020,1,LAA,AL,31,90,12,25,2,0,7,20.0,0.0,0.0,11,21.0,0.0,1.0,0.0,3.0,5.0,1.0
stassma01,2021,1,LAA,AL,87,282,45,68,11,1,13,35.0,0.0,0.0,28,101.0,0.0,8.0,0.0,1.0,8.0,1.8
stassma01,2022,1,LAA,AL,102,333,32,60,12,1,9,30.0,0.0,0.0,38,112.0,0.0,2.0,1.0,1.0,12.0,-0.5
steelju01,2021,1,CHN,NL,20,13,3,2,0,0,0,0.0,0.0,0.0,0,4.0,0.0,0.0,0.0,0.0,1.0,0.0
steersp01,2022,1,CIN,NL,28,95,12,20,5,0,2,8.0,0.0,1.0,11,26.0,0.0,2.0,0.0,0.0,2.0,0.1
steersp01,2023,1,CIN,NL,156,582,74,158,37,3,23,86.0,15.0,3.0,68,139.0,0.0,11.0,0.0,4.0,9.0,2.9
steersp01,2024,1,CIN,NL,158,574,74,129,34,4,20,92.0,25.0,3.0,72,137.0,1.0,8.0,0.0,2.0,5.0,1.5
steersp01,2025,1,CIN,NL,146,509,66,121,21,2,21,75.0,7.0,1.0,51,129.0,0.0,5.0,1.0,2.0,12.0,0.7
stefami01,2022,1,LAA,AL,25,61,5,12,2,0,0,0.0,0.0,0.0,5,12.0,0.0,2.0,1.0,0.0,1.0,0.0
stefami01,2023,1,LAA,AL,25,62,5,18,2,1,0,6.0,0.0,1.0,8,8.0,0.0,1.0,0.0,0.0,0.0,0.1
stefami01,2024,1,LAA,AL,40,110,8,24,4,0,0,8.0,0.0,0.0,10,20.0,0.0,3.0,1.0,0.0,5.0,-0.2
stefami01,2025,1,TOR,AL,9,22,1,4,0,0,0,0.0,0.0,0.0,3,3.0,0.0,0.0,0.0,0.0,0.0,0.0
stephty01,2020,1,CIN,NL,8,17,4,5,0,0,2,6.0,0.0,0.0,2,9.0,0.0,1.0,0.0,0.0,0.0,0.3
stephty01,2021,1,CIN,NL,132,350,56,100,21,0,10,45.0,0.0,0.0,41,75.0,1.0,6.0,0.0,5.0,11.0,2.0
stephty01,2022,1,CIN,NL,50,166,24,53,9,0,6,35.0,1.0,0.0,12,47.0,0.0,3.0,0.0,2.0,4.0,1.6
stephty01,2023,1,CIN,NL,142,465,59,113,20,2,13,56.0,0.0,1.0,47,135.0,2.0,4.0,0.0,1.0,16.0,0.6
stephty01,2024,1,CIN,NL,138,457,69,118,26,1,19,66.0,1.0,0.0,48,117.0,2.0,8.0,0.0,2.0,9.0,2.4
stephty01,2025,1,CIN,NL,88,299,40,69,18,0,13,50.0,0.0,1.0,37,116.0,1.0,2.0,0.0,4.0,4.0,1.3
stevean01,2020,1,WAS,NL,15,41,11,15,7,1,2,12.0,2.0,0.0,5,11.0,0.0,1.0,0.0,0.0,0.0,0.8
stevean01,2021,1,WAS,NL,109,192,22,44,6,0,5,23.0,1.0,1.0,13,61.0,2.0,5.0,2.0,1.0,3.0,0.1
stevean01,2023,1,MIN,AL,25,37,4,7,1,0,0,1.0,4.0,1.0,2,8.0,0.0,1.0,0.0,0.0,0.0,0.1
steveca01,2022,1,OAK,AL,23,60,5,10,3,0,0,1.0,1.0,1.0,8,23.0,0.0,0.0,2.0,1.0,1.0,-0.2
steveca01,2023,1,SFN,NL,6,9,1,0,0,0,0,0.0,0.0,0.0,3,2.0,0.0,0.0,0.0,0.0,0.0,0.0
steveca01,2024,1,PHI,NL,18,24,2,6,3,0,0,6.0,0.0,0.0,3,4.0,0.0,0.0,0.0,0.0,1.0,-0.1
steveca01,2025,1,PHI,NL,5,8,0,2,0,0,0,1.0,0.0,0.0,0,2.0,0.0,0.0,0.0,0.0,0.0,-0.2
stevech02,2025,1,LAA,AL,5,13,1,2,0,0,0,0.0,0.0,1.0,0,7.0,0.0,0.0,1.0,0.0,0.0,-0.2
stewach02,2020,1,DET,AL,36,90,6,15,3,0,3,9.0,0.0,0.0,5,30.0,0.0,2.0,0.0,1.0,2.0,-0.6
stewadj01,2020,1,BAL,AL,31,88,13,17,2,0,7,15.0,0.0,0.0,20,38.0,0.0,2.0,2.0,0.0,0.0,0.5
stewadj01,2021,1,BAL,AL,100,270,39,55,10,0,12,33.0,0.0,0.0,44,89.0,1.0,4.0,0.0,0.0,3.0,-0.3
stewadj01,2022,1,BAL,AL,3,3,0,0,0,0,0,0.0,0.0,0.0,0,2.0,0.0,0.0,0.0,0.0,0.0,-0.1
stewadj01,2023,1,NYN,NL,58,160,21,39,9,0,11,26.0,1.0,1.0,15,56.0,0.0,7.0,1.0,1.0,3.0,0.4
stewadj01,2024,1,NYN,NL,74,158,16,28,4,0,5,19.0,1.0,0.0,31,48.0,0.0,4.0,0.0,1.0,5.0,-0.8
stewako01,2021,1,CHN,NL,4,3,0,1,0,0,0,0.0,0.0,0.0,0,1.0,0.0,0.0,0.0,0.0,0.0,0.0
stewasa02,2025,1,CIN,NL,18,55,11,14,1,0,5,8.0,0.0,0.0,3,15.0,0.0,0.0,0.0,0.0,1.0,0.5
stockro01,2021,1,CHN,NL,1,2,0,0,0,0,0,0.0,0.0,0.0,0,1.0,0.0,0.0,0.0,0.0,0.0,0.0
stockro01,2021,2,NYN,NL,2,2,0,0,0,0,0,0.0,0.0,0.0,0,1.0,0.0,0.0,0.0,0.0,0.0,0.0
stoketr01,2021,1,PIT,NL,8,18,2,2,1,0,0,2.0,1.0,0.0,1,5.0,0.0,1.0,0.0,0.0,0.0,0.0
storytr01,2020,1,COL,NL,59,235,41,68,13,4,11,28.0,15.0,3.0,24,63.0,1.0,0.0,0.0,0.0,5.0,2.5
storytr01,2021,1,COL,NL,142,526,88,132,34,5,24,75.0,20.0,6.0,53,139.0,2.0,11.0,0.0,5.0,7.0,4.3
storytr01,2022,1,BOS,AL,94,357,53,85,22,0,16,66.0,13.0,0.0,32,122.0,4.0,3.0,0.0,4.0,9.0,2.5
storytr01,2023,1,BOS,AL,43,158,12,32,9,0,3,14.0,10.0,3.0,9,55.0,0.0,1.0,0.0,0.0,2.0,0.8
storytr01,2024,1,BOS,AL,26,94,8,24,7,0,2,10.0,6.0,3.0,11,33.0,2.0,1.0,0.0,0.0,2.0,0.8
storytr01,2025,1,BOS,AL,157,612,91,161,29,0,25,96.0,31.0,1.0,33,176.0,1.0,7.0,1.0,1.0,3.0,3.8
stottbr01,2022,1,PHI,NL,127,427,58,100,19,2,10,49.0,12.0,4.0,36,89.0,0.0,1.0,1.0,1.0,3.0,1.2
stottbr01,2023,1,PHI,NL,151,585,78,164,32,2,15,62.0,31.0,3.0,39,100.0,1.0,7.0,1.0,8.0,10.0,4.3
stottbr01,2024,1,PHI,NL,148,506,65,124,19,2,11,57.0,32.0,3.0,53,93.0,1.0,3.0,0.0,9.0,9.0,2.3
stottbr01,2025,1,PHI,NL,147,499,66,128,22,3,13,66.0,24.0,5.0,54,91.0,1.0,1.0,2.0,4.0,4.0,2.2
stoweky01,2022,1,BAL,AL,34,91,11,23,4,1,3,11.0,0.0,0.0,5,29.0,0.0,2.0,0.0,0.0,3.0,-0.1
stoweky01,2023,1,BAL,AL,14,30,1,2,0,0,0,0.0,0.0,0.0,3,12.0,0.0,0.0,0.0,0.0,1.0,-0.3
stoweky01,2024,1,BAL,AL,19,36,3,11,4,0,1,9.0,0.0,1.0,0,13.0,0.0,0.0,0.0,1.0,0.0,0.2
stoweky01,2024,2,MIA,NL,50,156,12,29,7,2,2,15.0,0.0,0.0,13,61.0,0.0,3.0,0.0,0.0,2.0,-0.6
stoweky01,2025,1,MIA,NL,117,399,61,115,21,3,25,73.0,5.0,1.0,48,125.0,3.0,5.0,1.0,4.0,6.0,3.6
strasst01,2021,1,WAS,NL,5,5,0,1,1,0,0,0.0,0.0,0.0,1,2.0,0.0,0.0,1.0,0.0,0.0,0.1
stratch01,2021,1,PIT,NL,68,2,0,0,0,0,0,0.0,0.0,0.0,0,2.0,0.0,0.0,0.0,0.0,0.0,0.0
strawmy01,2020,1,HOU,AL,33,82,8,17,4,0,0,8.0,6.0,2.0,4,22.0,0.0,0.0,0.0,0.0,0.0,-0.5
strawmy01,2021,1,HOU,AL,98,325,44,85,13,1,2,34.0,17.0,5.0,38,71.0,0.0,2.0,1.0,4.0,7.0,1.5
strawmy01,2021,2,CLE,AL,60,239,42,68,16,0,2,14.0,13.0,1.0,29,50.0,0.0,0.0,0.0,0.0,6.0,1.8
strawmy01,2022,1,CLE,AL,152,535,72,118,22,3,0,32.0,21.0,1.0,54,87.0,0.0,1.0,2.0,4.0,4.0,2.7
strawmy01,2023,1,CLE,AL,147,462,52,110,18,3,1,29.0,20.0,6.0,42,97.0,0.0,2.0,6.0,6.0,10.0,0.9
strawmy01,2024,1,CLE,AL,7,4,2,1,0,0,0,0.0,2.0,0.0,0,0.0,0.0,0.0,0.0,0.0,0.0,-0.1
strawmy01,2025,1,TOR,AL,137,267,51,70,14,1,4,32.0,12.0,1.0,19,50.0,0.0,1.0,11.0,1.0,5.0,2.9
strichu01,2021,3,MIL,NL,35,2,0,0,0,0,0,0.0,0.0,0.0,0,1.0,0.0,0.0,0.0,0.0,0.0,0.0
stridsp01,2021,1,ATL,NL,2,1,0,0,0,0,0,0.0,0.0,0.0,0,1.0,0.0,0.0,1.0,0.0,0.0,0.0
stripro01,2021,1,TOR,AL,24,5,0,0,0,0,0,0.0,0.0,0.0,0,2.0,0.0,0.0,1.0,0.0,0.0,-0.1
stromma01,2021,1,NYN,NL,33,51,2,5,2,0,0,1.0,1.0,0.0,4,24.0,0.0,0.0,3.0,0.0,0.0,0.3
stubbcj01,2025,1,WAS,NL,1,3,0,0,0,0,0,0.0,0.0,0.0,0,0.0,0.0,0.0,0.0,0.0,0.0,0.1
stubbga01,2020,1,HOU,AL,14,8,1,1,0,0,0,1.0,0.0,1.0,0,0.0,0.0,0.0,1.0,1.0,0.0,-0.2
stubbga01,2021,1,HOU,AL,18,34,2,6,2,0,0,3.0,0.0,0.0,2,7.0,0.0,0.0,2.0,0.0,0.0,-0.2
stubbga01,2022,1,PHI,NL,50,106,19,28,4,1,5,16.0,2.0,0.0,14,30.0,0.0,0.0,1.0,0.0,2.0,1.1
stubbga01,2023,1,PHI,NL,41,113,15,23,4,1,1,12.0,2.0,0.0,9,29.0,0.0,2.0,1.0,0.0,0.0,0.1
stubbga01,2024,1,PHI,NL,56,164,18,34,4,1,1,11.0,5.0,0.0,17,50.0,0.0,4.0,0.0,1.0,0.0,0.3
stubbga01,2025,1,PHI,NL,5,1,2,0,0,0,0,0.0,0.0,0.0,0,0.0,0.0,0.0,0.0,0.0,0.0,0.0
suareeu01,2020,1,CIN,NL,57,198,29,40,8,0,15,38.0,2.0,0.0,30,67.0,1.0,2.0,0.0,1.0,5.0,0.5
suareeu01,2021,1,CIN,NL,145,505,71,100,23,0,31,79.0,0.0,1.0,56,171.0,0.0,8.0,0.0,5.0,14.0,-0.5
suareeu01,2022,1,SEA,AL,150,543,76,128,24,2,31,87.0,0.0,0.0,73,196.0,0.0,8.0,0.0,5.0,12.0,4.1
suareeu01,2023,1,SEA,AL,162,598,68,139,29,0,22,96.0,2.0,1.0,70,214.0,0.0,15.0,0.0,11.0,10.0,2.4
suareeu01,2024,1,ARI,NL,158,571,90,146,28,2,30,101.0,2.0,1.0,49,176.0,0.0,9.0,0.0,11.0,10.0,3.0
suareeu01,2025,1,ARI,NL,106,387,64,96,19,0,36,87.0,1.0,0.0,29,117.0,1.0,15.0,0.0,6.0,7.0,3.3
suareeu01,2025,2,SEA,AL,53,201,27,38,9,0,13,31.0,3.0,1.0,17,79.0,1.0,1.0,0.0,1.0,4.0,0.3
suarejo01,2021,1,LAA,AL,23,1,0,0,0,0,0,0.0,0.0,0.0,0,1.0,0.0,0.0,0.0,0.0,0.0,0.0
suarera01,2021,1,PHI,NL,39,16,2,3,2,0,0,1.0,0.0,0.0,1,5.0,0.0,1.0,5.0,0.0,0.0,0.2
suerowa01,2021,1,WAS,NL,45,1,0,0,0,0,0,0.0,0.0,0.0,0,0.0,0.0,0.0,0.0,0.0,0.0,0.0
sullibr01,2023,1,SDN,NL,33,81,7,17,3,0,1,6.0,0.0,0.0,4,19.0,0.0,0.0,0.0,1.0,1.0,0.0
sullibr01,2024,1,SDN,NL,7,16,1,3,0,0,1,2.0,0.0,0.0,1,4.0,0.0,0.0,0.0,0.0,0.0,0.0
sullibr01,2025,1,PIT,NL,3,6,1,1,0,0,0,2.0,0.0,0.0,1,3.0,0.0,1.0,0.0,1.0,0.0,0.0
susacan01,2020,1,PIT,NL,1,2,0,0,0,0,0,0.0,0.0,0.0,2,0.0,0.0,0.0,0.0,0.0,0.0,0.0
suterbr01,2021,1,MIL,NL,61,4,0,0,0,0,0,0.0,0.0,0.0,0,3.0,0.0,0.0,0.0,0.0,0.0,-0.1
suwinja01,2022,1,PIT,NL,106,326,45,66,11,0,19,38.0,4.0,2.0,41,114.0,1.0,4.0,0.0,1.0,5.0,1.3
suwinja01,2023,1,PIT,NL,144,447,63,100,21,2,26,74.0,13.0,2.0,75,172.0,2.0,6.0,0.0,6.0,2.0,2.1
suwinja01,2024,1,PIT,NL,88,247,29,45,8,0,9,26.0,9.0,1.0,27,79.0,2.0,1.0,1.0,1.0,3.0,-1.7
suwinja01,2025,1,PIT,NL,59,150,15,22,7,0,3,10.0,7.0,1.0,24,57.0,1.0,4.0,0.0,0.0,1.0,-0.3
suzukku01,2020,1,WAS,NL,33,111,15,30,8,0,2,17.0,1.0,0.0,11,19.0,0.0,4.0,0.0,3.0,4.0,0.2
suzukku01,2021,1,LAA,AL,72,219,17,49,8,0,6,16.0,0.0,0.0,12,44.0,0.0,11.0,2.0,3.0,7.0,-0.4
suzukku01,2022,1,LAA,AL,51,139,10,25,4,0,4,15.0,0.0,0.0,15,29.0,0.0,2.0,1.0,2.0,3.0,-0.4
suzukse01,2022,1,CHN,NL,111,397,54,104,22,2,14,46.0,9.0,5.0,42,110.0,3.0,4.0,0.0,3.0,8.0,1.8
suzukse01,2023,1,CHN,NL,138,515,75,147,31,6,20,74.0,6.0,7.0,59,130.0,3.0,2.0,0.0,7.0,8.0,3.2
suzukse01,2024,1,CHN,NL,132,512,74,145,27,6,21,73.0,16.0,6.0,63,160.0,3.0,6.0,0.0,4.0,6.0,3.5
suzukse01,2025,1,CHN,NL,151,571,75,140,31,3,32,103.0,5.0,2.0,71,164.0,1.0,1.0,0.0,8.0,13.0,2.6
swaggtr01,2022,1,PIT,NL,5,9,0,1,0,0,0,0.0,0.0,0.0,0,4.0,0.0,0.0,0.0,0.0,0.0,-0.2
swansda01,2020,1,ATL,NL,60,237,49,65,15,0,10,35.0,5.0,0.0,22,71.0,0.0,4.0,0.0,1.0,0.0,2.8
swansda01,2021,1,ATL,NL,160,588,78,146,33,2,27,88.0,9.0,3.0,52,167.0,4.0,5.0,1.0,7.0,7.0,2.3
swansda01,2022,1,ATL,NL,162,640,99,177,32,1,25,96.0,18.0,7.0,49,182.0,0.0,3.0,0.0,4.0,12.0,5.5
swansda01,2023,1,CHN,NL,147,565,81,138,25,3,22,80.0,9.0,1.0,66,154.0,0.0,5.0,0.0,2.0,9.0,5.2
swansda01,2024,1,CHN,NL,149,534,82,129,27,2,16,66.0,19.0,3.0,54,144.0,2.0,2.0,0.0,3.0,7.0,4.0
swansda01,2025,1,CHN,NL,159,590,84,144,24,3,24,77.0,20.0,3.0,47,168.0,1.0,2.0,1.0,5.0,9.0,4.5
sweentr01,2024,1,DET,AL,36,110,11,24,5,0,4,17.0,2.0,0.0,7,32.0,0.0,1.0,0.0,1.0,3.0,0.7
sweentr01,2025,1,DET,AL,118,296,36,58,6,2,6,32.0,3.0,1.0,26,92.0,0.0,0.0,0.0,4.0,2.0,-0.8
szaputh01,2021,1,NYN,NL,1,1,0,0,0,0,0,0.0,0.0,0.0,0,1.0,0.0,0.0,0.0,0.0,0.0,0.0
taillja01,2021,1,NYA,AL,29,1,0,0,0,0,0,0.0,0.0,0.0,1,0.0,0.0,0.0,0.0,0.0,0.0,0.0
tapiara01,2020,1,COL,NL,51,184,26,59,8,2,1,17.0,8.0,2.0,14,38.0,0.0,2.0,1.0,3.0,3.0,0.8
tapiara01,2021,1,COL,NL,133,487,69,133,26,2,6,50.0,20.0,6.0,40,70.0,2.0,1.0,1.0,4.0,8.0,0.9
tapiara01,2022,1,TOR,AL,128,411,47,109,20,3,7,52.0,8.0,2.0,16,81.0,0.0,0.0,3.0,1.0,12.0,0.5
tapiara01,2023,1,BOS,AL,39,87,14,23,4,1,1,10.0,6.0,1.0,9,19.0,0.0,0.0,0.0,0.0,1.0,0.4
tapiara01,2023,2,MIL,NL,20,52,10,9,0,0,2,3.0,2.0,1.0,6,20.0,0.0,1.0,1.0,1.0,1.0,-0.7
tapiara01,2023,3,TBA,AL,5,9,4,3,0,0,0,0.0,2.0,0.0,2,1.0,0.0,0.0,0.0,0.0,0.0,0.1
tatisfe02,2020,1,SDN,NL,59,224,50,62,11,2,17,45.0,11.0,3.0,27,61.0,1.0,5.0,0.0,1.0,6.0,2.8
tatisfe02,2021,1,SDN,NL,130,478,99,135,31,0,42,97.0,25.0,4.0,62,153.0,6.0,2.0,0.0,4.0,5.0,6.6
tatisfe02,2023,1,SDN,NL,141,575,91,148,33,1,25,78.0,29.0,4.0,53,141.0,0.0,3.0,1.0,3.0,17.0,5.2
tatisfe02,2024,1,SDN,NL,102,398,64,110,21,1,21,49.0,11.0,3.0,32,96.0,0.0,7.0,0.0,1.0,8.0,2.7
tatisfe02,2025,1,SDN,NL,155,594,111,159,27,2,25,71.0,32.0,7.0,89,129.0,7.0,6.0,0.0,2.0,6.0,5.9
tauchmi01,2020,1,NYA,AL,43,95,18,23,6,0,0,14.0,6.0,0.0,14,26.0,3.0,1.0,0.0,1.0,3.0,0.1
tauchmi01,2021,1,NYA,AL,11,14,1,3,1,0,0,0.0,2.0,0.0,1,6.0,0.0,0.0,1.0,0.0,0.0,-0.1
tauchmi01,2021,2,SFN,NL,64,152,21,27,4,0,4,15.0,1.0,3.0,22,52.0,0.0,1.0,0.0,0.0,0.0,0.1
tauchmi01,2023,1,CHN,NL,108,337,64,85,18,0,8,48.0,7.0,1.0,56,86.0,1.0,4.0,1.0,3.0,3.0,2.7
tauchmi01,2024,1,CHN,NL,109,298,50,74,12,1,7,29.0,6.0,2.0,47,70.0,0.0,4.0,0.0,1.0,7.0,0.6
tauchmi01,2025,1,CHA,AL,93,335,44,88,17,1,9,40.0,0.0,0.0,45,86.0,0.0,4.0,0.0,1.0,5.0,1.9
taverle01,2020,1,TEX,AL,33,119,20,27,6,1,4,6.0,8.0,0.0,14,43.0,0.0,0.0,1.0,0.0,0.0,1.3
taverle01,2021,1,TEX,AL,49,174,14,28,6,2,3,9.0,10.0,1.0,9,60.0,0.0,1.0,1.0,0.0,3.0,-0.2
taverle01,2022,1,TEX,AL,99,314,39,82,14,2,5,34.0,11.0,5.0,21,88.0,0.0,2.0,1.0,3.0,2.0,0.5
taverle01,2023,1,TEX,AL,143,511,67,136,31,3,14,67.0,14.0,4.0,35,117.0,0.0,1.0,3.0,4.0,3.0,2.9
taverle01,2024,1,TEX,AL,151,480,59,110,17,3,12,44.0,23.0,6.0,42,112.0,0.0,0.0,3.0,4.0,8.0,0.7
taverle01,2025,1,TEX,AL,30,79,7,19,3,1,1,8.0,6.0,1.0,2,23.0,0.0,0.0,1.0,0.0,0.0,0.1
taverle01,2025,2,SEA,AL,28,92,6,16,3,0,2,9.0,3.0,2.0,3,27.0,0.0,0.0,2.0,1.0,0.0,-0.6
tawati01,2025,1,ARI,NL,74,199,29,40,8,0,7,18.0,8.0,2.0,20,64.0,0.0,1.0,2.0,3.0,6.0,0.5
taylobe04,2020,1,CLE,AL,7,21,1,1,0,0,0,2.0,0.0,0.0,2,9.0,0.0,0.0,1.0,0.0,0.0,-0.2
tayloch03,2020,1,LAN,NL,56,185,30,50,10,2,8,32.0,3.0,2.0,26,55.0,0.0,2.0,1.0,0.0,3.0,1.8
tayloch03,2021,1,LAN,NL,148,507,92,129,25,4,20,73.0,13.0,1.0,63,167.0,2.0,8.0,1.0,3.0,5.0,2.5
tayloch03,2022,1,LAN,NL,118,402,45,89,25,3,10,43.0,10.0,1.0,44,160.0,2.0,5.0,0.0,3.0,4.0,0.7
tayloch03,2023,1,LAN,NL,117,338,51,80,15,1,15,56.0,16.0,3.0,41,125.0,2.0,4.0,0.0,1.0,2.0,1.5
tayloch03,2024,1,LAN,NL,87,213,28,43,7,1,4,23.0,5.0,1.0,28,76.0,0.0,2.0,1.0,2.0,5.0,-0.2
tayloch03,2025,1,LAN,NL,28,35,4,7,2,0,0,2.0,0.0,1.0,0,13.0,0.0,0.0,0.0,0.0,1.0,-0.6
tayloch03,2025,2,LAA,AL,30,78,11,14,5,0,2,10.0,2.0,1.0,5,29.0,0.0,6.0,0.0,1.0,0.0,0.0
taylomi02,2020,1,WAS,NL,38,92,11,18,6,0,5,16.0,0.0,0.0,6,27.0,0.0,1.0,0.0,0.0,2.0,-0.4
taylomi02,2021,1,KCA,AL,142,483,58,118,16,1,12,54.0,14.0,7.0,33,144.0,0.0,5.0,2.0,5.0,9.0,3.0
taylomi02,2022,1,KCA,AL,124,414,49,105,10,3,9,43.0,4.0,2.0,35,109.0,0.0,2.0,2.0,3.0,6.0,3.4
taylomi02,2023,1,MIN,AL,129,355,48,78,14,1,21,51.0,13.0,1.0,26,130.0,0.0,3.0,3.0,1.0,7.0,1.9
taylomi02,2024,1,PIT,NL,113,269,35,52,9,1,5,21.0,12.0,1.0,23,105.0,0.0,0.0,4.0,4.0,3.0,0.9
taylomi02,2025,1,CHA,AL,134,295,33,59,20,1,9,35.0,8.0,3.0,23,110.0,1.0,1.0,4.0,2.0,7.0,0.1
taylosa03,2023,1,KCA,AL,31,60,11,12,2,1,0,4.0,8.0,0.0,7,22.0,0.0,0.0,1.0,1.0,1.0,-0.2
taylosa03,2024,1,SEA,AL,3,5,2,2,0,0,0,0.0,0.0,0.0,0,1.0,0.0,0.0,0.0,0.0,0.0,0.1
taylosa03,2025,1,SEA,AL,4,8,1,1,0,0,0,0.0,0.0,0.0,0,1.0,0.0,0.0,1.0,0.0,0.0,-0.1
tayloty01,2020,1,MIL,NL,22,38,6,9,4,0,2,6.0,0.0,0.0,2,8.0,0.0,1.0,0.0,0.0,1.0,0.2
tayloty01,2021,1,MIL,NL,93,243,33,60,9,3,12,43.0,6.0,1.0,20,59.0,1.0,7.0,0.0,1.0,6.0,1.7
tayloty01,2022,1,MIL,NL,120,373,49,87,21,3,17,51.0,3.0,2.0,22,102.0,0.0,7.0,0.0,3.0,11.0,2.2
tayloty01,2023,1,MIL,NL,81,231,36,54,17,1,10,35.0,9.0,0.0,8,55.0,0.0,3.0,0.0,1.0,10.0,0.4
tayloty01,2024,1,NYN,NL,130,319,47,79,22,3,7,35.0,11.0,2.0,19,80.0,1.0,5.0,1.0,1.0,4.0,2.0
tayloty01,2025,1,NYN,NL,113,310,34,69,18,3,2,27.0,12.0,2.0,16,76.0,1.0,9.0,3.0,2.0,4.0,1.0
teelky01,2025,1,CHA,AL,78,253,38,69,11,0,8,35.0,3.0,1.0,37,77.0,0.0,5.0,1.0,1.0,1.0,1.9
tejedan01,2020,1,TEX,AL,23,75,7,19,4,1,3,8.0,4.0,1.0,2,30.0,0.0,0.0,0.0,0.0,2.0,0.4
tejedan01,2021,1,TEX,AL,5,16,1,1,0,0,0,0.0,1.0,0.0,1,10.0,0.0,0.0,0.0,0.0,0.0,-0.2
tellero01,2020,1,TOR,AL,35,113,20,32,5,0,8,23.0,0.0,1.0,11,20.0,1.0,1.0,0.0,2.0,1.0,0.6
tellero01,2021,1,TOR,AL,50,139,12,29,4,1,4,8.0,0.0,0.0,9,33.0,1.0,3.0,0.0,0.0,3.0,-0.7
tellero01,2021,2,MIL,NL,56,158,22,43,10,1,7,28.0,0.0,0.0,14,32.0,3.0,1.0,0.0,1.0,3.0,0.4
tellero01,2022,1,MIL,NL,153,529,67,116,23,0,35,89.0,2.0,1.0,62,121.0,9.0,5.0,0.0,3.0,20.0,0.8
tellero01,2023,1,MIL,NL,106,311,26,67,9,1,13,47.0,0.0,0.0,35,86.0,2.0,0.0,0.0,5.0,11.0,-0.7
tellero01,2024,1,PIT,NL,132,383,38,93,18,0,13,56.0,1.0,0.0,31,89.0,0.0,2.0,0.0,5.0,12.0,-0.3
tellero01,2025,1,SEA,AL,62,173,20,36,6,0,11,27.0,1.0,0.0,8,49.0,0.0,2.0,0.0,2.0,6.0,-0.8
tellero01,2025,2,TEX,AL,50,116,14,30,5,0,6,22.0,0.0,0.0,9,34.0,0.0,1.0,0.0,1.0,3.0,0.4
tenajo01,2023,1,CLE,AL,18,31,2,7,2,0,0,3.0,0.0,0.0,3,13.0,0.0,0.0,0.0,0.0,0.0,-0.3
tenajo01,2024,1,CLE,AL,3,4,0,0,0,0,0,0.0,0.0,0.0,0,2.0,0.0,0.0,0.0,0.0,0.0,-0.1
tenajo01,2024,2,WAS,NL,41,157,14,43,5,0,3,15.0,6.0,1.0,7,39.0,0.0,0.0,0.0,0.0,1.0,0.3
tenajo01,2025,1,WAS,NL,50,152,19,37,13,2,0,16.0,3.0,1.0,15,37.0,0.0,1.0,0.0,1.0,4.0,0.3
teodobr01,2024,1,LAA,AL,5,12,1,1,0,0,0,0.0,0.0,0.0,0,5.0,0.0,0.0,0.0,0.0,0.0,-0.2
teodobr01,2025,1,LAA,AL,50,138,12,28,7,2,1,7.0,7.0,1.0,5,47.0,0.0,4.0,1.0,2.0,2.0,0.5
terrycu01,2021,1,TEX,AL,13,45,3,4,2,0,0,1.0,0.0,0.0,2,15.0,0.0,1.0,0.0,0.0,0.0,-0.7
thaisma01,2020,1,LAA,AL,8,21,3,3,0,0,1,1.0,0.0,0.0,4,8.0,0.0,0.0,0.0,0.0,1.0,-0.3
thaisma01,2021,1,LAA,AL,3,7,1,1,0,0,0,0.0,0.0,0.0,1,1.0,0.0,0.0,0.0,0.0,0.0,-0.1
thaisma01,2022,1,LAA,AL,29,69,9,15,1,0,2,8.0,1.0,0.0,11,24.0,1.0,0.0,0.0,1.0,2.0,-0.1
thaisma01,2023,1,LAA,AL,95,262,32,56,6,0,9,31.0,2.0,0.0,36,83.0,1.0,6.0,0.0,3.0,4.0,0.4
thaisma01,2024,1,LAA,AL,57,157,14,32,9,0,2,16.0,3.0,0.0,28,58.0,0.0,0.0,0.0,1.0,2.0,0.6
thaisma01,2025,1,CHA,AL,35,85,11,18,4,0,1,8.0,1.0,1.0,23,21.0,0.0,1.0,0.0,1.0,2.0,1.1
thaisma01,2025,2,TBA,AL,25,71,5,16,2,1,0,8.0,0.0,0.0,6,25.0,0.0,2.0,1.0,0.0,0.0,0.1
thameer01,2020,1,WAS,NL,41,123,10,25,5,0,3,12.0,1.0,0.0,14,42.0,1.0,3.0,0.0,0.0,2.0,-0.4
thomaal01,2022,1,ARI,NL,113,381,45,88,17,1,8,39.0,4.0,3.0,22,74.0,0.0,3.0,0.0,5.0,6.0,1.4
thomaal01,2023,1,ARI,NL,125,374,51,86,17,5,9,39.0,9.0,1.0,19,86.0,1.0,4.0,2.0,3.0,5.0,1.0
thomaal01,2024,1,ARI,NL,39,95,13,18,5,1,3,17.0,4.0,1.0,7,17.0,0.0,0.0,1.0,0.0,7.0,0.0
thomaal01,2025,1,ARI,NL,143,433,51,108,19,3,9,38.0,7.0,4.0,21,122.0,0.0,5.0,6.0,4.0,2.0,0.1
thomaco01,2022,1,OAK,AL,10,30,1,8,0,0,0,0.0,0.0,0.0,2,12.0,0.0,0.0,0.0,0.0,0.0,-0.2
thomaco01,2023,1,OAK,AL,19,42,1,10,3,0,1,2.0,0.0,0.0,4,17.0,0.0,0.0,0.0,0.0,1.0,-0.1
thomaco03,2025,1,ATH,AL,49,120,20,27,5,0,6,19.0,2.0,1.0,7,49.0,0.0,1.0,1.0,3.0,3.0,0.0
thomadi01,2021,1,SEA,AL,4,9,2,1,0,0,0,2.0,0.0,0.0,0,7.0,0.0,0.0,0.0,0.0,0.0,0.0
thomadi01,2022,1,LAA,AL,8,11,1,1,0,0,0,0.0,0.0,0.0,2,6.0,0.0,1.0,0.0,0.0,0.0,0.1
thomala02,2020,1,SLN,NL,18,36,5,4,2,0,1,2.0,0.0,0.0,4,13.0,0.0,0.0,0.0,0.0,1.0,-0.2
thomala02,2021,1,SLN,NL,32,48,2,5,1,0,0,1.0,2.0,1.0,10,17.0,1.0,0.0,0.0,0.0,1.0,-0.4
thomala02,2021,2,WAS,NL,45,178,33,48,14,2,7,27.0,4.0,2.0,27,46.0,0.0,0.0,0.0,1.0,5.0,1.1
thomala02,2022,1,WAS,NL,146,498,62,120,26,2,17,52.0,8.0,4.0,41,132.0,0.0,4.0,0.0,5.0,8.0,1.6
thomala02,2023,1,WAS,NL,157,628,101,168,36,3,28,86.0,20.0,5.0,36,176.0,0.0,11.0,0.0,7.0,5.0,3.3
thomala02,2024,1,WAS,NL,77,300,42,76,16,3,8,40.0,28.0,12.0,32,72.0,0.0,5.0,0.0,4.0,4.0,0.4
thomala02,2024,2,CLE,AL,53,172,23,36,10,0,7,23.0,4.0,2.0,12,65.0,1.0,2.0,0.0,1.0,1.0,-0.2
thomala02,2025,1,CLE,AL,39,125,10,20,2,0,4,11.0,4.0,1.0,14,44.0,0.0,1.0,0.0,2.0,4.0,-0.6
thomarh01,2025,1,SEA,AL,3,8,2,1,1,0,0,2.0,0.0,0.0,1,0.0,0.0,0.0,0.0,1.0,0.0,0.0
thompbu01,2022,1,TEX,AL,55,170,18,45,5,0,1,9.0,18.0,3.0,7,56.0,0.0,2.0,2.0,0.0,2.0,0.0
thompbu01,2023,1,TEX,AL,37,53,10,9,4,1,0,4.0,4.0,2.0,4,16.0,0.0,1.0,1.0,1.0,0.0,-0.4
thompbu01,2024,1,CIN,NL,17,18,5,2,1,0,0,0.0,5.0,0.0,0,11.0,0.0,0.0,0.0,0.0,1.0,-0.3
thompke02,2021,1,CHN,NL,32,6,0,1,0,0,0,0.0,0.0,0.0,0,3.0,0.0,0.0,2.0,0.0,1.0,0.0
thomptr01,2021,1,CHN,NL,15,28,6,7,1,0,4,9.0,2.0,0.0,7,11.0,0.0,0.0,0.0,0.0,2.0,0.6
thomptr01,2022,1,SDN,NL,6,14,1,1,0,0,0,2.0,0.0,1.0,2,7.0,0.0,0.0,0.0,0.0,0.0,-0.2
thomptr01,2022,2,LAN,NL,74,205,35,55,14,1,13,39.0,4.0,0.0,30,86.0,0.0,2.0,0.0,2.0,2.0,2.2
thomptr01,2023,1,LAN,NL,36,71,12,11,0,0,5,14.0,0.0,0.0,15,37.0,0.0,1.0,0.0,0.0,0.0,-0.3
thomptr01,2023,2,CHA,AL,36,82,5,14,2,0,1,3.0,2.0,0.0,9,40.0,0.0,1.0,0.0,0.0,1.0,-0.4
thompza01,2021,1,MIA,NL,27,15,0,2,1,0,0,0.0,0.0,0.0,0,9.0,0.0,0.0,3.0,0.0,0.0,0.0
toglimi01,2022,1,COL,NL,31,111,10,24,8,2,2,12.0,1.0,1.0,9,44.0,0.0,0.0,0.0,0.0,2.0,-0.1
toglimi01,2023,1,COL,NL,45,141,18,23,5,0,4,9.0,1.0,1.0,10,50.0,0.0,1.0,0.0,0.0,3.0,-1.5
toglimi01,2024,1,COL,NL,116,399,62,87,14,3,25,55.0,10.0,1.0,54,147.0,2.0,1.0,0.0,3.0,7.0,2.1
toglimi01,2025,1,COL,NL,88,306,22,58,15,1,11,32.0,3.0,0.0,28,132.0,2.0,1.0,0.0,2.0,7.0,-1.7
tolbety01,2025,1,KCA,AL,64,50,19,14,2,0,1,6.0,21.0,2.0,1,11.0,0.0,3.0,1.0,2.0,1.0,0.2
tomka01,2021,1,OAK,AL,9,16,1,1,0,0,0,1.0,0.0,0.0,0,6.0,0.0,0.0,0.0,0.0,0.0,-0.3
tomka01,2021,2,PIT,NL,39,92,9,14,2,1,2,11.0,1.0,0.0,17,30.0,1.0,5.0,0.0,3.0,1.0,-0.1
tomka01,2022,1,SFN,NL,1,1,0,0,0,0,0,0.0,0.0,0.0,0,0.0,0.0,0.0,0.0,0.0,0.0,0.0
tomlijo01,2021,1,ATL,NL,36,3,0,1,0,0,0,0.0,0.0,0.0,1,1.0,0.0,0.0,1.0,0.0,0.0,0.1
topaju01,2021,1,MIL,NL,4,1,0,0,0,0,0,0.0,0.0,0.0,0,1.0,0.0,0.0,0.0,0.0,0.0,0.0
torkesp01,2022,1,DET,AL,110,360,38,73,16,1,8,28.0,0.0,1.0,37,99.0,0.0,5.0,0.0,2.0,12.0,-1.4
torkesp01,2023,1,DET,AL,159,606,88,141,34,1,31,94.0,3.0,0.0,67,171.0,1.0,6.0,0.0,5.0,15.0,1.0
torkesp01,2024,1,DET,AL,92,342,45,75,21,1,10,37.0,0.0,0.0,33,105.0,0.0,4.0,0.0,1.0,6.0,0.2
torkesp01,2025,1,DET,AL,155,563,82,135,27,1,31,78.0,2.0,1.0,72,169.0,6.0,9.0,0.0,5.0,12.0,2.3
toroab01,2020,1,HOU,AL,33,87,13,13,2,0,3,9.0,1.0,1.0,3,23.0,0.0,7.0,0.0,0.0,1.0,-0.7
toroab01,2021,1,HOU,AL,35,109,17,23,1,0,6,20.0,3.0,1.0,9,21.0,0.0,3.0,0.0,1.0,1.0,0.8
toroab01,2021,2,SEA,AL,60,226,28,57,11,0,5,26.0,3.0,2.0,22,33.0,0.0,4.0,0.0,1.0,4.0,0.7
toroab01,2022,1,SEA,AL,109,324,36,60,13,1,10,35.0,2.0,0.0,22,65.0,1.0,2.0,0.0,4.0,4.0,-0.7
toroab01,2023,1,MIL,NL,9,18,4,8,0,0,2,9.0,0.0,0.0,2,5.0,0.0,1.0,0.0,0.0,0.0,0.3
toroab01,2024,1,OAK,AL,94,337,34,81,17,1,6,26.0,4.0,2.0,20,62.0,1.0,5.0,2.0,0.0,4.0,0.6
toroab01,2025,1,BOS,AL,77,259,33,62,13,0,7,27.0,2.0,1.0,14,42.0,1.0,6.0,0.0,5.0,1.0,-0.2
torregl01,2020,1,NYA,AL,42,136,17,33,8,0,3,16.0,1.0,0.0,22,28.0,0.0,2.0,0.0,0.0,5.0,0.0
torregl01,2021,1,NYA,AL,127,459,50,119,22,0,9,51.0,14.0,6.0,50,104.0,1.0,1.0,2.0,4.0,12.0,0.7
torregl01,2022,1,NYA,AL,140,526,73,135,28,1,24,76.0,10.0,5.0,39,129.0,2.0,3.0,1.0,3.0,12.0,4.1
torregl01,2023,1,NYA,AL,158,596,90,163,28,2,25,68.0,13.0,6.0,67,98.0,0.0,3.0,0.0,6.0,19.0,2.9
torregl01,2024,1,NYA,AL,154,587,80,151,26,0,15,63.0,4.0,3.0,65,136.0,0.0,3.0,2.0,8.0,6.0,1.9
torregl01,2025,1,DET,AL,145,532,79,136,22,0,16,74.0,4.0,1.0,85,101.0,0.0,4.0,0.0,7.0,11.0,2.9
torrelu01,2020,1,SDN,NL,7,11,0,3,1,0,0,0.0,0.0,0.0,1,2.0,0.0,0.0,1.0,0.0,0.0,-0.1
torrelu01,2020,2,SEA,AL,18,59,5,15,4,0,1,6.0,0.0,0.0,6,13.0,0.0,0.0,0.0,0.0,1.0,0.0
torrelu01,2021,1,SEA,AL,108,346,39,84,16,2,15,47.0,0.0,0.0,28,99.0,1.0,1.0,0.0,3.0,8.0,1.0
torrelu01,2022,1,SEA,AL,57,151,13,34,2,0,3,15.0,0.0,0.0,12,50.0,0.0,1.0,0.0,2.0,5.0,0.1
torrelu01,2023,1,CHN,NL,13,20,1,5,1,0,0,3.0,0.0,0.0,1,8.0,0.0,1.0,0.0,0.0,0.0,-0.1
torrelu01,2023,2,SEA,AL,5,8,0,2,2,0,0,1.0,0.0,0.0,0,1.0,0.0,0.0,0.0,0.0,0.0,0.0
torrelu01,2024,1,NYN,NL,48,118,14,27,8,0,3,15.0,0.0,1.0,9,28.0,0.0,2.0,0.0,1.0,5.0,0.7
torrelu01,2025,1,NYN,NL,93,261,20,59,14,1,5,29.0,1.0,0.0,19,56.0,0.0,2.0,1.0,0.0,7.0,1.4
torrero01,2020,1,PHI,NL,4,7,1,1,1,0,0,0.0,0.0,0.0,0,0.0,0.0,0.0,0.0,0.0,1.0,-0.1
torrero01,2021,1,PHI,NL,112,318,30,77,10,1,7,41.0,2.0,1.0,19,41.0,2.0,1.0,5.0,1.0,7.0,0.2
toussto01,2021,1,ATL,NL,11,15,1,0,0,0,0,0.0,0.0,0.0,2,9.0,0.0,0.0,1.0,0.0,0.0,-0.1
tovarez01,2022,1,COL,NL,9,33,2,7,1,0,1,2.0,0.0,0.0,2,9.0,0.0,0.0,0.0,0.0,0.0,-0.3
tovarez01,2023,1,COL,NL,153,581,79,147,37,4,15,73.0,11.0,5.0,25,166.0,0.0,4.0,2.0,3.0,10.0,2.5
tovarez01,2024,1,COL,NL,157,655,83,176,45,4,26,78.0,6.0,5.0,23,200.0,1.0,4.0,5.0,7.0,16.0,3.6
tovarez01,2025,1,COL,NL,95,360,44,91,18,4,9,33.0,5.0,3.0,21,98.0,0.0,1.0,6.0,2.0,2.0,0.6
tovarwi01,2021,1,NYN,NL,6,11,0,2,0,0,0,1.0,0.0,0.0,1,4.0,0.0,0.0,0.0,0.0,0.0,-0.1
trammta01,2021,1,SEA,AL,51,156,23,25,7,0,8,18.0,2.0,3.0,17,75.0,0.0,3.0,2.0,0.0,1.0,-0.2
trammta01,2022,1,SEA,AL,43,102,15,20,9,0,4,10.0,2.0,1.0,13,33.0,0.0,0.0,1.0,1.0,2.0,0.3
trammta01,2023,1,SEA,AL,22,46,7,6,0,0,3,11.0,0.0,1.0,9,22.0,0.0,1.0,0.0,0.0,2.0,-0.3
trammta01,2024,1,LAN,NL,5,6,0,0,0,0,0,0.0,0.0,0.0,0,3.0,0.0,0.0,0.0,0.0,0.0,-0.2
trammta01,2024,2,NYA,AL,5,1,2,1,0,0,0,0.0,0.0,0.0,1,0.0,0.0,0.0,0.0,0.0,0.0,-0.1
trammta01,2025,1,HOU,AL,52,117,15,23,7,0,3,12.0,3.0,2.0,17,41.0,0.0,0.0,0.0,1.0,0.0,-0.2
trejoal01,2021,1,COL,NL,28,46,7,10,2,0,1,3.0,0.0,0.0,3,15.0,1.0,0.0,0.0,1.0,2.0,0.0
trejoal01,2022,1,COL,NL,35,118,15,32,6,0,4,17.0,1.0,2.0,5,31.0,0.0,2.0,0.0,0.0,3.0,0.2
trejoal01,2023,1,COL,NL,83,207,24,48,11,0,4,26.0,5.0,1.0,16,51.0,0.0,1.0,1.0,2.0,3.0,0.1
trejoal01,2024,1,COL,NL,28,63,4,9,0,0,0,1.0,0.0,0.0,2,15.0,0.0,1.0,1.0,0.0,2.0,-0.8
trejoal01,2025,1,COL,NL,14,40,3,7,2,0,0,1.0,0.0,0.0,1,7.0,0.0,0.0,1.0,1.0,3.0,-0.4
trevijo01,2020,1,TEX,AL,24,76,10,19,8,0,2,9.0,0.0,0.0,3,15.0,0.0,1.0,1.0,2.0,1.0,0.4
trevijo01,2021,1,TEX,AL,89,285,23,68,14,0,5,30.0,1.0,1.0,12,57.0,1.0,0.0,2.0,3.0,13.0,0.1
trevijo01,2022,1,NYA,AL,115,335,39,83,12,1,11,43.0,2.0,1.0,15,62.0,0.0,2.0,0.0,1.0,5.0,2.3
trevijo01,2023,1,NYA,AL,55,157,15,33,4,0,4,15.0,0.0,0.0,8,22.0,0.0,2.0,1.0,0.0,6.0,0.5
trevijo01,2024,1,NYA,AL,74,209,26,45,5,0,8,28.0,1.0,0.0,20,41.0,0.0,2.0,1.0,2.0,12.0,0.6
trevijo01,2025,1,CIN,NL,94,282,30,67,20,0,4,22.0,0.0,0.0,15,39.0,0.0,0.0,1.0,4.0,9.0,-0.2
triolja01,2023,1,PIT,NL,54,181,30,54,9,0,3,21.0,6.0,1.0,24,63.0,0.0,3.0,0.0,1.0,0.0,2.0
triolja01,2024,1,PIT,NL,125,394,41,85,10,1,9,46.0,8.0,1.0,42,118.0,0.0,5.0,0.0,5.0,5.0,1.4
triolja01,2025,1,PIT,NL,107,331,41,75,18,2,7,24.0,13.0,2.0,39,76.0,1.0,2.0,3.0,1.0,4.0,2.3
trompch01,2020,1,SFN,NL,24,61,11,13,1,0,4,10.0,0.0,0.0,1,20.0,0.0,0.0,0.0,2.0,3.0,-0.2
trompch01,2021,1,SFN,NL,9,18,1,4,0,0,1,2.0,0.0,0.0,0,4.0,0.0,0.0,0.0,0.0,1.0,-0.2
trompch01,2022,1,ATL,NL,1,4,0,3,2,0,0,3.0,0.0,0.0,0,0.0,0.0,0.0,0.0,0.0,0.0,0.2
trompch01,2023,1,ATL,NL,6,16,1,2,1,0,0,1.0,0.0,0.0,0,7.0,0.0,0.0,0.0,0.0,0.0,-0.2
trompch01,2024,1,ATL,NL,19,52,3,13,6,0,0,6.0,0.0,0.0,1,17.0,0.0,0.0,0.0,1.0,2.0,0.2
trompch01,2025,1,ATL,NL,2,5,0,0,0,0,0,0.0,0.0,0.0,1,2.0,0.0,0.0,0.0,0.0,1.0,0.0
trompch01,2025,2,BAL,AL,6,16,2,3,1,0,1,1.0,0.0,0.0,0,4.0,0.0,0.0,0.0,0.0,0.0,0.1
tropeni01,2021,2,NYN,NL,1,1,0,0,0,0,0,0.0,0.0,0.0,0,1.0,0.0,0.0,0.0,0.0,0.0,0.0
troutmi01,2020,1,LAA,AL,53,199,41,56,9,2,17,46.0,1.0,1.0,35,56.0,4.0,3.0,0.0,4.0,1.0,1.8
troutmi01,2021,1,LAA,AL,36,117,23,39,8,1,8,18.0,2.0,0.0,27,41.0,5.0,2.0,0.0,0.0,0.0,1.9
troutmi01,2022,1,LAA,AL,119,438,85,124,28,2,40,80.0,1.0,0.0,54,139.0,8.0,6.0,0.0,1.0,6.0,6.1
troutmi01,2023,1,LAA,AL,82,308,54,81,14,1,18,44.0,2.0,0.0,45,104.0,2.0,7.0,0.0,2.0,4.0,2.9
troutmi01,2024,1,LAA,AL,29,109,17,24,1,2,10,14.0,6.0,1.0,16,27.0,1.0,1.0,0.0,0.0,0.0,1.0
troutmi01,2025,1,LAA,AL,130,456,73,106,14,1,26,64.0,2.0,0.0,87,178.0,10.0,6.0,0.0,6.0,7.0,1.5
tsutsyo01,2020,1,TBA,AL,51,157,27,31,5,1,8,24.0,0.0,0.0,26,50.0,1.0,1.0,0.0,1.0,5.0,0.2
tsutsyo01,2021,1,TBA,AL,26,78,5,13,4,0,0,5.0,0.0,0.0,8,27.0,0.0,0.0,1.0,0.0,1.0,-0.6
tsutsyo01,2021,2,LAN,NL,12,25,2,3,0,0,0,2.0,0.0,0.0,6,12.0,0.0,0.0,0.0,0.0,0.0,-0.1
tsutsyo01,2021,3,PIT,NL,43,127,20,34,8,1,8,25.0,0.0,1.0,15,33.0,0.0,1.0,0.0,1.0,2.0,-0.1
tsutsyo01,2022,1,PIT,NL,50,170,11,29,4,0,2,19.0,0.0,0.0,19,50.0,0.0,0.0,0.0,4.0,3.0,-1.6
tuckeco01,2020,1,PIT,NL,37,109,17,24,3,0,1,8.0,1.0,0.0,5,31.0,0.0,0.0,1.0,1.0,3.0,-0.9
tuckeco01,2021,1,PIT,NL,43,117,15,26,4,2,2,12.0,2.0,2.0,13,33.0,0.0,0.0,0.0,1.0,2.0,-0.7
tuckeco01,2022,1,PIT,NL,18,63,3,11,1,1,0,2.0,1.0,0.0,0,25.0,0.0,0.0,0.0,0.0,1.0,-1.0
tuckeco01,2023,1,COL,NL,5,8,2,4,0,0,0,2.0,0.0,0.0,1,2.0,0.0,1.0,0.0,0.0,0.0,0.0
tuckeco01,2024,1,LAA,AL,25,50,3,9,4,1,0,3.0,3.0,1.0,6,17.0,0.0,0.0,0.0,1.0,0.0,-0.5
tuckeky01,2020,1,HOU,AL,58,209,33,56,12,6,9,42.0,8.0,1.0,18,46.0,2.0,0.0,0.0,1.0,2.0,1.9
tuckeky01,2021,1,HOU,AL,140,506,83,149,37,3,30,92.0,14.0,2.0,53,90.0,5.0,1.0,0.0,5.0,10.0,5.3
tuckeky01,2022,1,HOU,AL,150,544,71,140,28,1,30,107.0,25.0,4.0,59,95.0,4.0,1.0,0.0,2.0,11.0,5.5
tuckeky01,2023,1,HOU,AL,157,574,97,163,37,5,29,112.0,30.0,5.0,80,92.0,9.0,3.0,0.0,10.0,11.0,5.5
tuckeky01,2024,1,HOU,AL,78,277,56,80,13,0,23,49.0,11.0,0.0,56,54.0,3.0,1.0,0.0,2.0,5.0,4.6
tuckeky01,2025,1,CHN,NL,136,500,91,133,25,4,22,73.0,25.0,3.0,87,88.0,7.0,4.0,1.0,3.0,8.0,4.6
turanbr02,2023,1,MIL,NL,137,404,46,88,9,3,6,34.0,26.0,4.0,38,94.0,1.0,1.0,3.0,2.0,9.0,1.5
turanbr02,2024,1,MIL,NL,155,559,72,142,24,4,7,57.0,50.0,6.0,50,105.0,1.0,2.0,5.0,3.0,8.0,4.8
turanbr02,2025,1,MIL,NL,156,584,97,168,28,2,18,81.0,24.0,8.0,66,150.0,1.0,2.0,2.0,5.0,3.0,5.6
turneju01,2020,1,LAN,NL,42,150,26,46,9,1,4,23.0,1.0,0.0,18,26.0,0.0,6.0,0.0,1.0,2.0,1.4
turneju01,2021,1,LAN,NL,151,533,87,148,22,0,27,87.0,3.0,0.0,61,98.0,0.0,12.0,0.0,6.0,12.0,3.5
turneju01,2022,1,LAN,NL,128,468,61,130,36,0,13,81.0,3.0,0.0,50,89.0,1.0,6.0,0.0,8.0,13.0,2.3
turneju01,2023,1,BOS,AL,146,558,86,154,31,0,23,96.0,4.0,1.0,51,110.0,0.0,11.0,0.0,6.0,10.0,2.1
turneju01,2024,1,TOR,AL,91,301,37,77,17,0,6,31.0,0.0,2.0,39,60.0,0.0,6.0,0.0,3.0,15.0,0.3
turneju01,2024,2,SEA,AL,48,159,22,42,7,0,5,24.0,0.0,0.0,20,35.0,2.0,7.0,0.0,4.0,1.0,1.1
turneju01,2025,1,CHN,NL,80,169,14,37,7,0,3,18.0,2.0,0.0,17,37.0,0.0,1.0,0.0,4.0,3.0,-0.1
turnetr01,2020,1,WAS,NL,59,233,46,78,15,4,12,41.0,12.0,4.0,22,36.0,0.0,2.0,0.0,2.0,5.0,2.8
turnetr01,2021,1,WAS,NL,96,388,66,125,17,3,18,49.0,21.0,3.0,26,77.0,0.0,4.0,0.0,2.0,13.0,4.1
turnetr01,2021,2,LAN,NL,52,207,41,70,17,0,10,28.0,11.0,2.0,15,33.0,2.0,2.0,0.0,2.0,5.0,2.4
turnetr01,2022,1,LAN,NL,160,652,101,194,39,4,21,100.0,27.0,3.0,45,131.0,1.0,3.0,0.0,6.0,9.0,5.2
turnetr01,2023,1,PHI,NL,155,639,102,170,35,5,26,76.0,30.0,0.0,45,150.0,2.0,6.0,0.0,1.0,12.0,3.5
turnetr01,2024,1,PHI,NL,121,505,88,149,25,0,21,62.0,19.0,4.0,27,98.0,0.0,6.0,0.0,1.0,10.0,2.8
turnetr01,2025,1,PHI,NL,141,589,94,179,31,7,15,69.0,36.0,7.0,43,107.0,1.0,5.0,0.0,2.0,11.0,5.4
ucetaed01,2021,1,LAN,NL,14,5,1,1,0,0,0,0.0,0.0,0.0,0,2.0,0.0,0.0,0.0,0.0,0.0,0.0
underdu01,2021,1,PIT,NL,43,4,0,0,0,0,0,0.0,0.0,0.0,0,4.0,0.0,0.0,0.0,0.0,0.0,-0.1
uptonju01,2020,1,LAA,AL,42,147,20,30,5,0,9,22.0,0.0,2.0,11,43.0,0.0,7.0,0.0,1.0,6.0,-0.6
uptonju01,2021,1,LAA,AL,89,318,47,67,12,0,17,41.0,4.0,1.0,39,107.0,0.0,1.0,0.0,3.0,11.0,-0.7
uptonju01,2022,1,SEA,AL,17,48,2,6,1,0,1,3.0,0.0,0.0,6,23.0,0.0,3.0,0.0,0.0,1.0,-0.3
urenajo01,2021,1,DET,AL,26,1,0,0,0,0,0,0.0,0.0,0.0,0,1.0,0.0,0.0,0.0,0.0,0.0,0.0
uriasju01,2021,1,LAN,NL,32,59,5,12,2,0,0,9.0,0.0,0.0,0,22.0,0.0,1.0,10.0,0.0,1.0,0.3
uriaslu01,2020,1,MIL,NL,41,109,11,26,4,1,0,11.0,2.0,2.0,10,32.0,0.0,1.0,0.0,0.0,4.0,0.2
uriaslu01,2021,1,MIL,NL,150,490,77,122,25,1,23,75.0,5.0,1.0,63,116.0,3.0,10.0,1.0,3.0,9.0,3.3
uriaslu01,2022,1,MIL,NL,119,406,54,97,17,1,16,47.0,1.0,2.0,50,99.0,0.0,11.0,0.0,5.0,9.0,3.0
uriaslu01,2023,1,MIL,NL,20,55,5,8,2,0,1,5.0,0.0,0.0,7,15.0,0.0,5.0,0.0,0.0,1.0,-0.2
uriaslu01,2023,2,BOS,AL,32,89,13,20,4,0,2,13.0,0.0,0.0,14,26.0,0.0,5.0,0.0,0.0,3.0,0.0
uriaslu01,2024,1,SEA,AL,41,94,11,18,7,0,4,16.0,0.0,0.0,9,34.0,0.0,6.0,0.0,0.0,2.0,0.4
uriaslu01,2025,1,ATH,AL,96,287,27,66,7,0,8,25.0,2.0,1.0,31,45.0,0.0,6.0,0.0,3.0,9.0,0.5
uriasra01,2020,1,BAL,AL,10,25,3,9,2,0,1,3.0,0.0,0.0,2,6.0,0.0,0.0,0.0,0.0,1.0,0.1
uriasra01,2021,1,BAL,AL,85,262,33,73,14,0,7,38.0,1.0,2.0,28,76.0,0.0,6.0,0.0,0.0,3.0,2.0
uriasra01,2022,1,BAL,AL,118,403,50,100,17,1,16,51.0,1.0,0.0,30,98.0,1.0,5.0,3.0,4.0,7.0,3.8
uriasra01,2023,1,BAL,AL,116,360,45,95,22,3,4,42.0,3.0,1.0,27,101.0,0.0,8.0,0.0,1.0,10.0,1.8
uriasra01,2024,1,BAL,AL,100,272,39,69,9,2,11,37.0,1.0,1.0,23,55.0,0.0,5.0,0.0,1.0,0.0,1.4
uriasra01,2025,1,BAL,AL,77,258,27,64,12,0,8,34.0,2.0,0.0,21,60.0,0.0,2.0,0.0,9.0,5.0,1.5
uriasra01,2025,2,HOU,AL,35,94,6,21,5,0,3,10.0,1.0,0.0,6,28.0,0.0,0.0,0.0,1.0,1.0,0.7
urquijo01,2021,1,HOU,AL,20,4,0,1,0,0,0,0.0,0.0,0.0,0,3.0,0.0,0.0,0.0,0.0,0.0,0.0
urshegi01,2020,1,NYA,AL,43,151,24,45,11,0,6,30.0,1.0,0.0,18,25.0,0.0,1.0,0.0,4.0,6.0,2.1
urshegi01,2021,1,NYA,AL,116,420,42,112,18,2,14,49.0,1.0,0.0,20,109.0,0.0,1.0,0.0,1.0,16.0,0.6
urshegi01,2022,1,MIN,AL,144,501,61,143,27,3,13,64.0,1.0,0.0,41,96.0,2.0,2.0,0.0,7.0,21.0,2.9
urshegi01,2023,1,LAA,AL,62,214,22,64,8,1,2,24.0,3.0,2.0,10,36.0,0.0,1.0,0.0,3.0,9.0,0.7
urshegi01,2024,1,DET,AL,92,300,25,73,10,1,5,37.0,0.0,0.0,19,49.0,1.0,1.0,0.0,5.0,12.0,-0.4
urshegi01,2024,2,ATL,NL,36,132,9,35,9,0,4,15.0,0.0,0.0,4,23.0,0.0,0.0,0.0,0.0,1.0,1.0
urshegi01,2025,1,ATH,AL,59,181,10,43,14,1,0,20.0,0.0,1.0,13,40.0,0.0,0.0,2.0,1.0,6.0,-1.0
valaipa01,2020,1,BAL,AL,52,141,24,39,4,0,8,16.0,0.0,2.0,8,34.0,0.0,0.0,1.0,0.0,3.0,0.5
valaipa01,2021,1,BAL,AL,91,259,17,52,8,0,5,25.0,1.0,1.0,16,76.0,0.0,2.0,1.0,3.0,4.0,-1.7
valdeen01,2023,1,BOS,AL,49,139,17,37,8,0,6,19.0,5.0,1.0,8,37.0,0.0,1.0,0.0,0.0,4.0,0.0
valdeen01,2024,1,BOS,AL,76,201,23,43,12,0,6,28.0,1.0,1.0,17,53.0,0.0,0.0,1.0,4.0,4.0,-0.5
valdeen01,2025,1,PIT,NL,31,91,7,19,4,2,2,12.0,0.0,0.0,11,16.0,0.0,0.0,0.0,0.0,2.0,0.1
valdefr01,2021,1,HOU,AL,22,4,0,0,0,0,0,0.0,0.0,0.0,0,2.0,0.0,0.0,0.0,0.0,0.0,-0.1
valerbr01,2021,1,TOR,AL,39,87,10,22,6,0,1,15.0,1.0,0.0,8,12.0,0.0,0.0,1.0,1.0,1.0,0.0
valerge01,2025,1,CLE,AL,16,41,7,9,2,0,2,5.0,0.0,0.0,7,13.0,0.0,0.0,0.0,0.0,1.0,-0.1
vanmejo01,2020,1,CIN,NL,14,34,3,2,1,0,1,1.0,1.0,0.0,3,16.0,0.0,1.0,0.0,0.0,0.0,-0.3
vanmejo01,2020,2,ARI,NL,12,36,6,7,2,0,1,5.0,0.0,0.0,4,8.0,0.0,1.0,0.0,0.0,0.0,0.3
vanmejo01,2021,1,ARI,NL,112,274,26,58,17,2,6,36.0,3.0,2.0,33,83.0,0.0,1.0,0.0,2.0,5.0,-0.2
vanmejo01,2022,1,PIT,NL,67,171,15,32,5,2,3,14.0,4.0,0.0,19,45.0,0.0,0.0,0.0,2.0,3.0,-0.6
vargail01,2020,1,ARI,NL,8,20,2,3,0,0,0,0.0,0.0,0.0,1,5.0,0.0,0.0,0.0,0.0,1.0,-0.4
vargail01,2020,2,MIN,AL,10,22,3,5,1,1,0,2.0,0.0,0.0,1,2.0,0.0,0.0,0.0,1.0,1.0,-0.2
vargail01,2020,3,CHN,NL,6,9,1,2,0,0,1,1.0,0.0,0.0,0,3.0,0.0,0.0,0.0,0.0,0.0,0.0
vargail01,2021,1,CHN,NL,9,21,3,3,2,0,0,2.0,1.0,0.0,3,7.0,0.0,0.0,0.0,0.0,1.0,0.1
vargail01,2021,2,PIT,NL,7,13,0,1,0,0,0,1.0,0.0,0.0,0,3.0,0.0,0.0,0.0,0.0,0.0,-0.4
vargail01,2021,3,ARI,NL,18,43,4,8,1,1,0,4.0,0.0,0.0,3,7.0,1.0,0.0,0.0,0.0,1.0,-0.1
vargail01,2022,1,CHN,NL,10,23,4,3,0,1,1,4.0,0.0,0.0,3,2.0,0.0,0.0,0.0,0.0,1.0,-0.1
vargail01,2022,2,WAS,NL,53,186,15,52,13,0,3,19.0,3.0,1.0,5,21.0,0.0,3.0,1.0,1.0,5.0,1.6
vargail01,2023,1,WAS,NL,86,262,32,66,13,2,4,31.0,1.0,1.0,19,20.0,0.0,1.0,3.0,1.0,10.0,0.8
vargail01,2024,1,WAS,NL,97,272,21,67,16,0,1,30.0,9.0,4.0,19,31.0,0.0,2.0,5.0,5.0,9.0,-0.5
vargail01,2025,1,ARI,NL,38,115,12,31,2,1,3,19.0,0.0,0.0,2,15.0,0.0,2.0,1.0,1.0,3.0,0.2
vargami01,2022,1,LAN,NL,18,47,4,8,1,0,1,8.0,1.0,0.0,2,13.0,0.0,0.0,0.0,1.0,0.0,-0.4
vargami01,2023,1,LAN,NL,81,256,36,50,15,4,7,32.0,3.0,2.0,38,61.0,1.0,4.0,1.0,4.0,1.0,0.1
vargami01,2024,1,LAN,NL,30,71,11,17,4,0,3,9.0,1.0,0.0,8,16.0,0.0,0.0,0.0,1.0,1.0,0.2
vargami01,2024,2,CHA,AL,42,135,11,14,3,0,2,7.0,2.0,1.0,17,41.0,0.0,3.0,0.0,2.0,3.0,-1.0
vargami01,2025,1,CHA,AL,138,504,80,118,32,2,16,60.0,6.0,0.0,56,100.0,0.0,6.0,0.0,3.0,9.0,1.9
varshda01,2020,1,ARI,NL,37,101,16,19,5,2,3,9.0,3.0,1.0,12,33.0,0.0,2.0,0.0,0.0,1.0,0.1
varshda01,2021,1,ARI,NL,95,284,41,70,17,2,11,38.0,6.0,0.0,30,67.0,3.0,0.0,1.0,0.0,4.0,1.6
varshda01,2022,1,ARI,NL,151,531,79,125,23,3,27,74.0,16.0,6.0,46,145.0,0.0,7.0,2.0,5.0,8.0,4.9
varshda01,2023,1,TOR,AL,158,527,65,116,23,3,20,61.0,16.0,7.0,45,135.0,0.0,4.0,1.0,3.0,5.0,3.6
varshda01,2024,1,TOR,AL,136,459,73,98,21,7,18,58.0,10.0,2.0,48,137.0,1.0,4.0,1.0,1.0,2.0,4.8
varshda01,2025,1,TOR,AL,71,248,43,59,13,2,20,55.0,2.0,0.0,17,77.0,1.0,1.0,0.0,5.0,1.0,2.8
vaughan01,2021,1,CHA,AL,127,417,56,98,22,0,15,48.0,1.0,1.0,41,101.0,0.0,6.0,0.0,5.0,14.0,0.3
vaughan01,2022,1,CHA,AL,134,510,60,138,28,1,17,76.0,0.0,0.0,31,96.0,0.0,9.0,0.0,5.0,13.0,-0.3
vaughan01,2023,1,CHA,AL,152,566,67,146,30,2,21,80.0,0.0,0.0,36,129.0,0.0,11.0,0.0,2.0,15.0,1.1
vaughan01,2024,1,CHA,AL,149,570,55,140,30,1,19,70.0,2.0,0.0,38,132.0,0.0,6.0,0.0,5.0,13.0,0.1
vaughan01,2025,1,CHA,AL,48,185,9,35,8,0,5,19.0,0.0,0.0,7,43.0,0.0,0.0,0.0,1.0,4.0,-1.8
vaughan01,2025,2,MIL,NL,64,221,26,68,14,0,9,46.0,0.0,0.0,24,37.0,0.0,3.0,1.0,5.0,8.0,1.3
vavrate01,2022,1,BAL,AL,40,89,14,23,2,1,1,12.0,0.0,1.0,12,19.0,0.0,0.0,0.0,2.0,2.0,0.0
vavrate01,2023,1,BAL,AL,27,49,9,12,0,0,0,5.0,1.0,0.0,5,12.0,0.0,0.0,2.0,0.0,5.0,-0.5
vavrate01,2025,1,BAL,AL,1,1,0,0,0,0,0,0.0,0.0,0.0,0,0.0,0.0,0.0,0.0,0.0,0.0,0.0
vazquch01,2020,1,BOS,AL,47,173,22,49,9,0,7,23.0,4.0,3.0,16,43.0,0.0,0.0,0.0,0.0,6.0,0.9
vazquch01,2021,1,BOS,AL,138,458,51,118,23,1,6,49.0,8.0,4.0,33,84.0,0.0,2.0,1.0,4.0,15.0,1.2
vazquch01,2022,1,BOS,AL,84,294,33,83,20,0,8,42.0,1.0,2.0,18,51.0,0.0,3.0,0.0,3.0,7.0,2.2
vazquch01,2022,2,HOU,AL,35,104,8,26,3,0,1,10.0,0.0,2.0,4,18.0,0.0,0.0,0.0,0.0,3.0,-0.1
vazquch01,2023,1,MIN,AL,102,327,34,73,13,0,6,32.0,1.0,0.0,25,82.0,1.0,1.0,1.0,1.0,11.0,-0.4
vazquch01,2024,1,MIN,AL,93,294,29,65,10,0,7,27.0,3.0,1.0,11,65.0,0.0,1.0,5.0,4.0,11.0,-0.2
vazquch01,2025,1,MIN,AL,65,190,14,36,7,0,3,14.0,1.0,1.0,18,35.0,0.0,4.0,0.0,2.0,3.0,0.6
vazqulu01,2024,1,CHN,NL,11,12,2,1,0,0,0,1.0,0.0,0.0,0,6.0,0.0,1.0,0.0,1.0,1.0,-0.2
vazqulu01,2025,1,BAL,AL,36,50,6,8,1,0,1,3.0,2.0,0.0,3,14.0,0.0,0.0,0.0,0.0,0.0,-0.5
veenza01,2025,1,COL,NL,12,34,1,4,1,0,1,2.0,1.0,1.0,2,14.0,0.0,1.0,0.0,0.0,0.0,-0.3
velasvi01,2021,1,PHI,NL,22,22,0,2,0,0,0,2.0,0.0,0.0,1,9.0,0.0,0.0,3.0,0.0,0.0,-0.1
velasvi01,2021,2,SDN,NL,4,1,0,0,0,0,0,1.0,0.0,0.0,1,0.0,0.0,0.0,2.0,0.0,0.0,0.1
velazan01,2020,1,BAL,AL,40,63,11,10,1,1,0,3.0,4.0,2.0,10,23.0,0.0,0.0,4.0,0.0,2.0,0.2
velazan01,2021,1,NYA,AL,28,67,11,15,4,1,1,6.0,4.0,1.0,1,23.0,0.0,0.0,0.0,0.0,1.0,0.0
velazan01,2022,1,LAA,AL,125,322,37,63,8,0,9,28.0,17.0,1.0,15,119.0,0.0,3.0,6.0,3.0,3.0,1.4
velazan01,2023,1,LAA,AL,54,81,12,14,3,0,2,3.0,13.0,3.0,10,30.0,0.0,0.0,3.0,0.0,1.0,-0.5
velazne01,2022,1,CHN,NL,77,185,20,38,7,3,6,26.0,5.0,2.0,19,65.0,0.0,2.0,0.0,0.0,5.0,-0.6
velazne01,2023,1,CHN,NL,13,29,8,7,2,0,3,6.0,0.0,0.0,3,8.0,0.0,0.0,0.0,0.0,1.0,0.0
velazne01,2023,2,KCA,AL,40,133,27,31,4,0,14,28.0,0.0,0.0,11,43.0,0.0,2.0,0.0,1.0,2.0,1.1
velazne01,2024,1,KCA,AL,64,205,31,41,8,1,8,27.0,2.0,0.0,19,61.0,0.0,3.0,0.0,3.0,6.0,-0.5
verdual01,2020,1,BOS,AL,53,201,36,62,16,0,6,15.0,4.0,0.0,17,45.0,1.0,2.0,0.0,1.0,4.0,2.2
verdual01,2021,1,BOS,AL,146,544,88,157,32,2,13,63.0,6.0,2.0,51,96.0,6.0,4.0,0.0,5.0,11.0,2.2
verdual01,2022,1,BOS,AL,152,593,75,166,39,1,11,74.0,1.0,3.0,42,86.0,2.0,3.0,0.0,6.0,14.0,0.9
verdual01,2023,1,BOS,AL,142,546,81,144,37,5,13,54.0,5.0,3.0,45,93.0,1.0,6.0,0.0,5.0,11.0,2.7
verdual01,2024,1,NYA,AL,149,559,74,130,28,1,13,61.0,2.0,1.0,49,93.0,0.0,1.0,2.0,10.0,14.0,0.9
verdual01,2025,1,ATL,NL,56,197,21,47,10,0,0,12.0,1.0,0.0,14,31.0,0.0,2.0,0.0,0.0,1.0,-0.3
vesiaal01,2021,1,LAN,NL,41,3,0,0,0,0,0,0.0,0.0,0.0,1,3.0,0.0,0.0,0.0,0.0,0.0,0.0
vientma01,2022,1,NYN,NL,16,36,3,6,1,0,1,3.0,0.0,0.0,5,12.0,0.0,0.0,0.0,0.0,1.0,-0.2
vientma01,2023,1,NYN,NL,65,218,19,46,5,1,9,22.0,1.0,0.0,10,71.0,0.0,3.0,0.0,2.0,5.0,-1.0
vientma01,2024,1,NYN,NL,111,413,58,110,22,0,27,71.0,0.0,0.0,33,135.0,0.0,3.0,0.0,5.0,6.0,3.1
vientma01,2025,1,NYN,NL,121,424,44,99,21,2,17,61.0,1.0,0.0,30,115.0,0.0,5.0,0.0,4.0,11.0,-0.2
vierlma01,2021,1,PHI,NL,34,71,11,23,3,1,2,6.0,2.0,0.0,4,20.0,1.0,1.0,0.0,1.0,1.0,0.2
vierlma01,2022,1,PHI,NL,117,325,41,80,12,2,6,32.0,7.0,4.0,23,70.0,0.0,3.0,0.0,6.0,7.0,-0.4
vierlma01,2023,1,DET,AL,134,479,63,125,21,5,10,44.0,6.0,6.0,44,112.0,1.0,5.0,1.0,1.0,8.0,1.5
vierlma01,2024,1,DET,AL,144,518,80,133,28,5,16,57.0,6.0,1.0,41,121.0,1.0,3.0,0.0,5.0,9.0,2.8
vierlma01,2025,1,DET,AL,31,88,6,21,3,0,1,11.0,2.0,0.0,7,24.0,0.0,3.0,0.0,2.0,1.0,-0.3
viladry01,2021,1,COL,NL,3,6,0,0,0,0,0,0.0,0.0,0.0,1,1.0,0.0,0.0,0.0,0.0,0.0,-0.1
viladry01,2024,1,DET,AL,17,45,5,8,0,0,1,5.0,0.0,0.0,2,12.0,0.0,0.0,1.0,1.0,2.0,-0.7
viladry01,2025,1,SLN,NL,7,13,1,1,0,0,0,0.0,0.0,0.0,2,5.0,0.0,0.0,0.0,0.0,1.0,-0.1
villada01,2022,1,SFN,NL,52,156,21,36,6,1,9,24.0,0.0,1.0,18,58.0,0.0,6.0,0.0,1.0,4.0,1.3
villada01,2023,1,SFN,NL,46,124,15,18,6,0,5,12.0,1.0,1.0,11,45.0,0.0,4.0,0.0,1.0,1.0,-0.4
villada01,2024,1,SFN,NL,11,35,3,9,4,0,1,4.0,0.0,0.0,1,13.0,0.0,0.0,0.0,1.0,0.0,0.0
villada01,2025,1,SFN,NL,9,20,4,4,1,0,0,1.0,0.0,0.0,4,5.0,0.0,1.0,0.0,0.0,1.0,0.0
villajo01,2020,1,MIA,NL,30,116,10,30,4,0,2,9.0,9.0,5.0,10,32.0,1.0,0.0,1.0,1.0,2.0,-0.1
villajo01,2020,2,TOR,AL,22,69,3,13,1,0,0,6.0,7.0,0.0,9,22.0,0.0,0.0,0.0,1.0,0.0,-0.2
villajo01,2021,1,NYN,NL,142,454,63,113,18,2,18,42.0,14.0,7.0,46,132.0,2.0,3.0,2.0,0.0,6.0,1.8
villajo01,2022,1,CHN,NL,46,153,19,34,6,2,2,15.0,6.0,0.0,11,42.0,0.0,0.0,0.0,2.0,3.0,-0.8
villajo01,2022,2,LAA,AL,13,49,6,8,0,0,1,3.0,1.0,0.0,4,17.0,0.0,0.0,1.0,0.0,1.0,-0.5
vilorme01,2020,1,KCA,AL,15,21,1,4,1,0,0,0.0,0.0,0.0,2,9.0,0.0,1.0,0.0,0.0,0.0,-0.2
vilorme01,2022,1,TEX,AL,26,63,10,10,1,0,2,5.0,0.0,0.0,11,29.0,0.0,0.0,0.0,1.0,0.0,0.2
vilorme01,2023,1,CLE,AL,10,3,0,0,0,0,0,0.0,0.0,0.0,1,0.0,0.0,0.0,0.0,0.0,1.0,-0.2
vivasjo01,2025,1,NYA,AL,29,56,6,9,2,0,1,5.0,0.0,0.0,5,13.0,0.0,3.0,0.0,0.0,0.0,-0.3
vogelda01,2020,1,SEA,AL,18,53,3,5,1,0,2,4.0,0.0,0.0,11,13.0,1.0,0.0,0.0,0.0,1.0,-0.5
vogelda01,2020,2,TOR,AL,2,4,0,0,0,0,0,0.0,0.0,0.0,1,2.0,0.0,0.0,0.0,0.0,0.0,-0.1
vogelda01,2020,3,MIL,NL,19,58,13,19,2,0,4,12.0,0.0,0.0,8,18.0,0.0,1.0,0.0,0.0,2.0,0.5
vogelda01,2021,1,MIL,NL,93,215,30,47,8,0,9,24.0,0.0,0.0,43,57.0,1.0,0.0,0.0,0.0,6.0,-0.1
vogelda01,2022,1,PIT,NL,75,237,29,54,10,1,12,34.0,0.0,0.0,40,67.0,1.0,0.0,0.0,1.0,8.0,0.6
vogelda01,2022,2,NYN,NL,55,149,18,38,9,0,6,25.0,0.0,0.0,33,47.0,1.0,1.0,0.0,0.0,3.0,0.9
vogelda01,2023,1,NYN,NL,104,275,33,64,8,0,13,48.0,0.0,0.0,42,81.0,1.0,2.0,0.0,0.0,6.0,0.2
vogelda01,2024,1,TOR,AL,31,70,5,13,5,0,1,8.0,0.0,0.0,9,17.0,0.0,0.0,0.0,0.0,4.0,-0.5
vogtst01,2020,1,ARI,NL,26,72,6,12,5,0,1,7.0,0.0,0.0,8,18.0,0.0,0.0,0.0,1.0,1.0,0.0
vogtst01,2021,1,ARI,NL,52,132,17,28,6,1,5,17.0,0.0,0.0,18,36.0,1.0,0.0,1.0,0.0,2.0,0.2
vogtst01,2021,2,ATL,NL,26,78,7,13,0,0,2,8.0,0.0,0.0,8,20.0,1.0,0.0,0.0,1.0,0.0,-0.3
vogtst01,2022,1,OAK,AL,70,168,18,27,4,1,7,23.0,1.0,0.0,17,46.0,0.0,2.0,0.0,4.0,4.0,-0.6
voitlu01,2020,1,NYA,AL,56,213,41,59,5,0,22,52.0,0.0,0.0,17,54.0,0.0,3.0,0.0,1.0,4.0,1.7
voitlu01,2021,1,NYA,AL,68,213,26,51,7,1,11,35.0,0.0,0.0,21,74.0,0.0,7.0,0.0,0.0,12.0,0.3
voitlu01,2022,1,SDN,NL,82,298,38,67,18,0,13,48.0,1.0,1.0,39,110.0,1.0,3.0,0.0,4.0,5.0,0.6
voitlu01,2022,2,WAS,NL,53,202,17,46,4,0,9,21.0,0.0,0.0,16,69.0,0.0,4.0,0.0,2.0,4.0,0.1
voitlu01,2023,1,MIL,NL,22,68,5,15,3,0,0,4.0,2.0,0.0,4,27.0,0.0,2.0,0.0,0.0,3.0,-0.3
volpean01,2023,1,NYA,AL,159,541,62,113,23,4,21,60.0,24.0,5.0,52,167.0,0.0,5.0,1.0,2.0,10.0,3.3
volpean01,2024,1,NYA,AL,160,637,90,155,27,7,12,60.0,28.0,7.0,42,156.0,1.0,4.0,2.0,3.0,9.0,3.5
volpean01,2025,1,NYA,AL,153,539,65,114,32,4,19,72.0,18.0,8.0,43,150.0,0.0,4.0,3.0,7.0,10.0,1.6
vosleja01,2021,1,SFN,NL,41,73,12,13,4,0,3,9.0,2.0,0.0,7,21.0,1.0,1.0,0.0,1.0,5.0,-0.9
vosleja01,2022,1,SFN,NL,36,98,14,26,6,1,4,12.0,1.0,1.0,10,29.0,1.0,2.0,0.0,1.0,3.0,0.1
vosleja01,2023,1,CIN,NL,20,62,6,10,2,1,3,10.0,0.0,0.0,3,25.0,0.0,0.0,0.0,0.0,0.0,-0.4
vosleja01,2024,1,SEA,AL,10,28,2,5,1,1,0,3.0,0.0,0.0,2,9.0,0.0,0.0,0.0,0.0,0.0,-0.1
vothau01,2021,1,WAS,NL,49,2,1,1,0,0,0,0.0,0.0,0.0,0,1.0,0.0,1.0,0.0,0.0,0.0,0.1
vottojo01,2020,1,CIN,NL,54,186,32,42,8,0,11,22.0,0.0,0.0,37,43.0,1.0,0.0,0.0,0.0,5.0,0.1
vottojo01,2021,1,CIN,NL,129,448,73,119,23,1,36,99.0,1.0,0.0,77,127.0,6.0,4.0,0.0,4.0,7.0,3.3
vottojo01,2022,1,CIN,NL,91,322,31,66,18,1,11,41.0,0.0,0.0,44,97.0,0.0,10.0,0.0,0.0,8.0,-0.2
vottojo01,2023,1,CIN,NL,65,208,26,42,6,0,14,38.0,0.0,0.0,27,62.0,0.0,7.0,0.0,0.0,2.0,-0.1
wachami01,2021,1,TBA,AL,30,3,0,0,0,0,0,0.0,0.0,0.0,0,3.0,0.0,0.0,0.0,0.0,0.0,0.0
waddebr01,2021,3,SLN,NL,4,1,0,0,0,0,0,0.0,0.0,0.0,0,1.0,0.0,0.0,0.0,0.0,0.0,0.0
wadela01,2020,1,MIN,AL,16,39,3,9,3,0,0,1.0,1.0,1.0,4,9.0,0.0,1.0,0.0,0.0,0.0,0.0
wadela01,2021,1,SFN,NL,109,336,52,85,17,3,18,56.0,6.0,1.0,33,89.0,1.0,5.0,4.0,3.0,3.0,1.4
wadela01,2022,1,SFN,NL,77,217,29,45,7,1,8,26.0,1.0,0.0,26,51.0,0.0,5.0,2.0,1.0,0.0,0.1
wadela01,2023,1,SFN,NL,135,429,64,110,14,2,17,45.0,2.0,0.0,76,95.0,3.0,6.0,4.0,4.0,4.0,2.8
wadela01,2024,1,SFN,NL,117,331,45,86,16,0,8,34.0,2.0,1.0,62,90.0,5.0,4.0,1.0,3.0,2.0,2.0
wadela01,2025,1,SFN,NL,50,144,12,24,8,2,1,15.0,0.0,0.0,21,35.0,1.0,1.0,2.0,1.0,2.0,-1.2
wadela01,2025,2,LAA,AL,30,65,7,11,0,0,1,3.0,1.0,0.0,6,23.0,0.0,2.0,0.0,0.0,0.0,-0.5
wadety01,2020,1,NYA,AL,52,88,19,15,3,0,3,10.0,4.0,1.0,12,22.0,0.0,3.0,1.0,1.0,1.0,0.7
wadety01,2021,1,NYA,AL,103,127,31,34,5,1,0,5.0,17.0,6.0,16,37.0,1.0,1.0,0.0,0.0,3.0,0.6
wadety01,2022,1,LAA,AL,67,147,22,32,5,0,1,8.0,8.0,5.0,10,33.0,0.0,1.0,5.0,0.0,3.0,-0.7
wadety01,2023,1,OAK,AL,26,51,8,13,1,1,0,2.0,4.0,0.0,4,13.0,0.0,0.0,0.0,0.0,0.0,-0.3
wadety01,2024,1,SDN,NL,90,138,28,30,3,0,0,8.0,8.0,1.0,11,29.0,0.0,2.0,4.0,0.0,0.0,-0.7
wadety01,2025,1,SDN,NL,60,107,13,22,1,2,0,9.0,1.0,2.0,15,31.0,0.0,1.0,4.0,0.0,0.0,-0.6
wagamer01,2024,1,LAA,AL,18,72,6,18,5,0,2,10.0,0.0,0.0,2,17.0,0.0,0.0,0.0,0.0,1.0,0.4
wagamer01,2025,1,MIA,NL,140,476,56,119,28,3,9,53.0,4.0,1.0,32,100.0,0.0,1.0,0.0,5.0,11.0,-0.4
wagnewi01,2024,1,TOR,AL,24,82,8,25,6,0,2,11.0,0.0,0.0,4,16.0,0.0,0.0,0.0,0.0,3.0,0.7
wagnewi01,2025,1,TOR,AL,40,114,13,27,7,0,0,7.0,1.0,0.0,15,26.0,0.0,2.0,1.0,0.0,2.0,-0.5
wagnewi01,2025,2,SDN,NL,15,15,2,2,0,0,0,0.0,0.0,0.0,2,2.0,0.0,0.0,0.0,0.0,1.0,-0.1
wainwad01,2021,1,SLN,NL,34,57,1,7,2,0,0,4.0,0.0,0.0,3,25.0,0.0,0.0,14.0,0.0,2.0,0.2
wainwad01,2023,1,SLN,NL,23,2,0,0,0,0,0,0.0,0.0,0.0,0,1.0,0.0,0.0,0.0,0.0,0.0,0.0
walkech02,2020,1,ARI,NL,57,218,35,59,18,1,7,34.0,1.0,1.0,19,50.0,0.0,3.0,0.0,3.0,6.0,0.9
walkech02,2021,1,ARI,NL,115,401,55,98,23,1,10,46.0,0.0,0.0,38,106.0,1.0,4.0,0.0,2.0,8.0,0.6
walkech02,2022,1,ARI,NL,160,583,84,141,25,2,36,94.0,2.0,2.0,69,131.0,2.0,8.0,0.0,7.0,15.0,5.0
walkech02,2023,1,ARI,NL,157,582,86,150,36,2,33,103.0,11.0,0.0,62,127.0,3.0,8.0,0.0,8.0,13.0,3.7
walkech02,2024,1,ARI,NL,130,479,72,120,26,0,26,84.0,2.0,2.0,55,133.0,4.0,10.0,0.0,8.0,12.0,2.5
walkech02,2025,1,HOU,AL,154,585,72,139,24,1,27,88.0,2.0,1.0,40,177.0,1.0,11.0,0.0,4.0,10.0,0.2
walkejo02,2023,1,SLN,NL,117,420,51,116,19,2,16,51.0,7.0,4.0,37,104.0,0.0,6.0,0.0,2.0,9.0,-0.1
walkejo02,2024,1,SLN,NL,51,164,16,33,10,1,5,20.0,1.0,0.0,10,50.0,0.0,2.0,0.0,2.0,4.0,-0.8
walkejo02,2025,1,SLN,NL,111,363,40,78,13,1,6,41.0,10.0,3.0,29,126.0,1.0,3.0,0.0,1.0,9.0,-1.7
walkene01,2020,1,PHI,NL,18,39,5,9,3,0,0,3.0,0.0,0.0,1,13.0,0.0,0.0,0.0,1.0,0.0,-0.1
walkest01,2022,1,TEX,AL,5,14,1,1,0,0,1,1.0,0.0,0.0,2,4.0,0.0,0.0,0.0,0.0,0.0,-0.2
walketa01,2021,1,NYN,NL,31,47,0,5,0,0,0,1.0,0.0,0.0,1,29.0,0.0,1.0,2.0,0.0,1.0,-0.1
wallach01,2020,1,MIA,NL,15,44,4,10,3,0,1,6.0,0.0,0.0,3,12.0,0.0,0.0,1.0,0.0,1.0,0.2
wallach01,2021,1,MIA,NL,23,60,2,12,2,1,0,6.0,0.0,0.0,3,32.0,0.0,1.0,0.0,2.0,1.0,-0.8
wallach01,2022,1,LAA,AL,12,35,3,5,1,0,1,4.0,0.0,0.0,4,9.0,0.0,0.0,1.0,0.0,1.0,-0.1
wallach01,2023,1,LAA,AL,65,157,18,31,5,1,7,15.0,0.0,1.0,13,57.0,0.0,0.0,2.0,0.0,5.0,0.1
wallfo01,2023,1,ATL,NL,15,13,6,6,2,0,1,2.0,5.0,1.0,2,4.0,0.0,0.0,0.0,0.0,0.0,0.3
wallfo01,2024,1,ATL,NL,13,29,3,7,0,0,0,1.0,3.0,3.0,3,6.0,0.0,0.0,0.0,0.0,0.0,0.0
wallfo01,2024,2,MIA,NL,3,3,1,1,0,0,0,0.0,1.0,0.0,0,2.0,0.0,0.0,0.0,0.0,0.0,0.0
wallnma01,2022,1,MIN,AL,18,57,4,13,3,0,2,10.0,1.0,0.0,6,25.0,1.0,2.0,0.0,0.0,0.0,-0.3
wallnma01,2023,1,MIN,AL,76,213,42,53,11,1,14,41.0,2.0,1.0,28,80.0,1.0,13.0,0.0,0.0,1.0,2.2
wallnma01,2024,1,MIN,AL,75,220,26,57,17,1,13,37.0,3.0,0.0,24,95.0,0.0,16.0,0.0,1.0,2.0,2.2
wallnma01,2025,1,MIN,AL,104,336,47,68,16,3,22,40.0,4.0,3.0,46,114.0,0.0,8.0,0.0,2.0,3.0,0.6
wallsta01,2021,1,TBA,AL,54,152,15,32,10,0,1,15.0,4.0,2.0,23,49.0,0.0,0.0,1.0,0.0,3.0,1.4
wallsta01,2022,1,TBA,AL,142,407,53,70,18,2,8,33.0,10.0,3.0,52,120.0,0.0,2.0,2.0,2.0,6.0,2.5
wallsta01,2023,1,TBA,AL,99,303,50,61,12,2,8,36.0,22.0,1.0,44,92.0,0.0,1.0,1.0,0.0,1.0,2.0
wallsta01,2024,1,TBA,AL,84,218,27,40,5,3,1,14.0,16.0,4.0,31,67.0,0.0,0.0,0.0,3.0,3.0,1.4
wallsta01,2025,1,TBA,AL,101,282,36,62,14,1,4,38.0,14.0,6.0,26,70.0,0.0,0.0,3.0,6.0,1.0,2.6
walshja01,2020,1,LAA,AL,32,99,19,29,4,2,9,26.0,0.0,0.0,5,15.0,0.0,1.0,0.0,3.0,0.0,0.7
walshja01,2021,1,LAA,AL,144,530,70,147,34,1,29,98.0,2.0,1.0,48,152.0,6.0,4.0,0.0,3.0,7.0,2.7
walshja01,2022,1,LAA,AL,118,423,41,91,18,2,15,44.0,2.0,1.0,27,138.0,4.0,4.0,0.0,0.0,6.0,-0.7
walshja01,2023,1,LAA,AL,39,104,10,13,4,0,4,11.0,0.0,0.0,11,45.0,0.0,1.0,0.0,0.0,1.0,-0.9
walshja01,2024,1,TEX,AL,17,53,9,12,2,0,1,7.0,0.0,0.0,7,21.0,0.0,0.0,0.0,0.0,2.0,-0.1
waltodo01,2020,1,SEA,AL,5,13,0,2,1,0,0,3.0,0.0,1.0,1,5.0,0.0,0.0,0.0,0.0,1.0,-0.1
waltodo01,2021,1,SEA,AL,24,63,6,13,2,1,2,7.0,1.0,0.0,4,15.0,0.0,0.0,2.0,0.0,1.0,0.0
waltodo01,2022,2,SFN,NL,24,76,8,12,8,0,1,8.0,0.0,0.0,1,16.0,0.0,1.0,0.0,0.0,1.0,-0.1
waltodo01,2024,1,SFN,NL,9,22,3,3,0,0,1,2.0,0.0,0.0,2,7.0,0.0,1.0,0.0,0.0,2.0,0.0
waltodo01,2025,1,PHI,NL,2,8,1,1,0,0,0,1.0,0.0,0.0,0,1.0,0.0,0.0,1.0,0.0,0.0,-0.1
wardta01,2020,1,LAA,AL,34,94,16,26,6,2,0,5.0,2.0,0.0,8,28.0,0.0,0.0,0.0,0.0,1.0,0.1
wardta01,2021,1,LAA,AL,65,208,33,52,15,0,8,33.0,1.0,1.0,20,55.0,0.0,6.0,2.0,1.0,4.0,0.6
wardta01,2022,1,LAA,AL,135,495,73,139,22,2,23,65.0,5.0,3.0,60,120.0,0.0,4.0,0.0,5.0,5.0,3.5
wardta01,2023,1,LAA,AL,97,356,60,90,18,0,14,47.0,4.0,2.0,39,80.0,0.0,8.0,0.0,6.0,9.0,1.7
wardta01,2024,1,LAA,AL,156,585,73,144,26,2,25,75.0,6.0,4.0,63,163.0,0.0,7.0,0.0,8.0,11.0,2.3
wardta01,2025,1,LAA,AL,157,579,86,132,31,2,36,103.0,4.0,1.0,75,175.0,1.0,3.0,0.0,6.0,13.0,2.7
waterdr01,2022,1,KCA,AL,32,96,14,23,6,1,5,18.0,0.0,0.0,12,40.0,0.0,0.0,0.0,0.0,1.0,0.4
waterdr01,2023,1,KCA,AL,98,302,40,69,11,5,8,32.0,16.0,5.0,27,107.0,0.0,5.0,0.0,3.0,4.0,0.6
waterdr01,2024,1,KCA,AL,7,16,2,3,1,0,0,1.0,0.0,0.0,2,6.0,0.0,1.0,0.0,0.0,0.0,0.0
waterdr01,2025,1,KCA,AL,71,206,21,50,6,3,1,14.0,5.0,3.0,11,60.0,0.0,2.0,0.0,0.0,2.0,-0.4
watsoto01,2021,1,LAA,AL,36,1,0,0,0,0,0,0.0,0.0,0.0,0,1.0,0.0,0.0,0.0,0.0,0.0,0.0
weathry01,2021,1,SDN,NL,32,27,3,4,0,0,1,1.0,0.0,0.0,1,7.0,0.0,0.0,0.0,0.0,0.0,0.1
weavelu01,2021,1,ARI,NL,13,19,1,2,0,0,0,1.0,0.0,0.0,1,12.0,0.0,0.0,2.0,0.0,0.0,0.1
webbja01,2021,1,ATL,NL,34,2,0,0,0,0,0,0.0,0.0,0.0,0,2.0,0.0,0.0,0.0,0.0,0.0,0.0
webblo01,2021,1,SFN,NL,28,46,7,6,2,1,1,7.0,0.0,0.0,2,21.0,0.0,0.0,5.0,0.0,1.0,0.2
webbty01,2021,1,SLN,NL,22,1,0,0,0,0,0,0.0,0.0,0.0,0,1.0,0.0,0.0,0.0,0.0,0.0,0.0
welkeco01,2021,1,COL,NL,19,37,7,7,1,0,0,2.0,0.0,0.0,3,11.0,0.0,0.0,0.0,0.0,1.0,-0.4
wellsau01,2023,1,NYA,AL,19,70,8,16,6,0,4,13.0,0.0,0.0,3,14.0,0.0,0.0,0.0,1.0,3.0,0.1
wellsau01,2024,1,NYA,AL,115,354,42,81,18,1,13,55.0,1.0,2.0,47,87.0,0.0,5.0,1.0,7.0,9.0,2.6
wellsau01,2025,1,NYA,AL,126,401,51,88,22,1,21,71.0,5.0,1.0,30,118.0,0.0,5.0,0.0,11.0,10.0,0.1
wendljo01,2020,1,TBA,AL,50,168,24,48,9,2,4,17.0,8.0,2.0,10,35.0,1.0,5.0,0.0,1.0,1.0,1.4
wendljo01,2021,1,TBA,AL,136,460,73,122,31,4,11,54.0,8.0,6.0,28,113.0,4.0,10.0,0.0,3.0,9.0,3.8
wendljo01,2022,1,MIA,NL,101,347,27,90,24,1,3,32.0,12.0,3.0,15,50.0,0.0,5.0,1.0,3.0,7.0,2.4
wendljo01,2023,1,MIA,NL,112,297,33,63,16,3,2,20.0,7.0,1.0,13,67.0,0.0,2.0,3.0,3.0,8.0,-0.4
wendljo01,2024,1,NYN,NL,18,36,3,8,1,0,0,1.0,1.0,0.0,1,9.0,0.0,0.0,0.0,0.0,0.0,-0.1
wendzda01,2024,1,TEX,AL,27,47,2,6,2,0,1,2.0,0.0,0.0,1,12.0,0.0,1.0,0.0,0.0,1.0,-0.1
westbja02,2024,1,BOS,AL,21,40,4,6,2,0,2,7.0,0.0,0.0,4,14.0,0.0,1.0,0.0,2.0,0.0,-0.1
westbjo01,2023,1,BAL,AL,68,208,26,54,17,2,3,23.0,4.0,1.0,16,56.0,0.0,1.0,0.0,3.0,3.0,1.2
westbjo01,2024,1,BAL,AL,107,416,57,110,26,5,18,63.0,6.0,3.0,22,97.0,0.0,7.0,1.0,1.0,5.0,2.3
westbjo01,2025,1,BAL,AL,85,328,59,87,10,1,17,41.0,1.0,2.0,17,80.0,0.0,6.0,0.0,1.0,5.0,1.6
wheelza01,2021,1,PHI,NL,33,68,1,11,2,0,0,3.0,0.0,0.0,0,39.0,0.0,0.0,5.0,0.0,1.0,0.1
whitcsh01,2024,1,HOU,AL,20,41,1,9,3,0,0,5.0,0.0,0.0,5,8.0,0.0,0.0,0.0,0.0,1.0,-0.4
whitcsh01,2025,1,HOU,AL,20,32,4,4,0,0,1,1.0,0.0,0.0,0,10.0,0.0,0.0,0.0,0.0,0.0,-0.3
whiteaa01,2020,1,MIN,AL,3,1,1,0,0,0,0,0.0,0.0,0.0,0,0.0,0.0,0.0,0.0,0.0,0.0,0.1
whiteaa01,2022,1,LAA,AL,5,11,0,0,0,0,0,0.0,0.0,0.0,0,5.0,0.0,0.0,0.0,0.0,0.0,-0.3
whiteel04,2020,1,TEX,AL,19,48,5,9,2,0,0,3.0,1.0,1.0,3,16.0,0.0,0.0,0.0,1.0,0.0,-0.3
whiteel04,2021,1,TEX,AL,64,198,26,35,6,1,6,15.0,4.0,3.0,18,66.0,0.0,4.0,0.0,0.0,2.0,-0.1
whiteel04,2022,1,TEX,AL,47,105,16,21,2,0,3,10.0,12.0,1.0,11,41.0,0.0,0.0,0.0,1.0,0.0,0.9
whiteel04,2023,1,ATL,NL,6,14,1,1,0,0,0,0.0,0.0,0.0,2,7.0,0.0,1.0,0.0,0.0,0.0,0.0
whiteel04,2024,1,ATL,NL,35,39,9,11,1,1,1,4.0,3.0,1.0,1,12.0,0.0,2.0,0.0,0.0,1.0,0.3
whiteel04,2025,1,ATL,NL,105,256,43,60,8,3,10,35.0,10.0,1.0,11,70.0,1.0,2.0,1.0,1.0,2.0,0.7
whiteev01,2020,1,SEA,AL,54,182,19,32,7,0,8,26.0,1.0,2.0,18,84.0,0.0,1.0,0.0,1.0,3.0,-0.1
whiteev01,2021,1,SEA,AL,30,97,8,14,3,0,2,9.0,0.0,0.0,6,31.0,0.0,1.0,0.0,0.0,1.0,-0.6
whitemi03,2021,1,LAN,NL,21,15,1,0,0,0,0,0.0,0.0,0.0,1,11.0,0.0,0.0,0.0,0.0,0.0,-0.1
whitlga01,2021,1,BOS,AL,46,2,0,1,0,0,0,0.0,0.0,0.0,0,1.0,0.0,0.0,0.0,0.0,0.0,0.1
widenta01,2021,1,ARI,NL,23,16,1,1,0,0,0,0.0,0.0,0.0,1,11.0,0.0,0.0,1.0,0.0,0.0,-0.1
wiemejo01,2023,1,MIL,NL,132,367,48,75,19,0,13,42.0,11.0,4.0,36,116.0,0.0,5.0,0.0,2.0,4.0,0.9
wiemejo01,2024,1,MIL,NL,19,26,2,4,0,0,0,0.0,1.0,1.0,1,9.0,0.0,0.0,0.0,0.0,0.0,-0.2
wiemejo01,2025,1,MIA,NL,27,55,7,13,2,0,3,12.0,0.0,0.0,2,23.0,1.0,2.0,0.0,2.0,0.0,0.4
wietema01,2020,1,SLN,NL,19,35,3,7,1,0,0,4.0,0.0,0.0,3,10.0,0.0,2.0,1.0,0.0,1.0,0.0
wilkest01,2021,1,BAL,AL,31,72,5,12,3,0,0,2.0,2.0,0.0,3,30.0,0.0,1.0,0.0,0.0,0.0,-0.5
willial04,2023,1,PIT,NL,46,101,7,20,5,0,0,6.0,0.0,0.0,9,35.0,0.0,1.0,1.0,0.0,2.0,-0.3
willial04,2024,1,PIT,NL,37,87,13,18,4,2,0,5.0,1.0,0.0,3,22.0,0.0,1.0,5.0,0.0,0.0,-0.1
willibe03,2025,1,SEA,AL,85,277,36,70,13,0,1,21.0,5.0,1.0,15,64.0,0.0,1.0,2.0,0.0,5.0,1.3
willica02,2025,1,TBA,AL,32,99,11,17,3,0,5,12.0,2.0,1.0,6,44.0,0.0,0.0,1.0,0.0,3.0,-0.2
williju02,2020,1,SLN,NL,3,5,0,1,0,0,0,0.0,0.0,0.0,1,2.0,0.0,0.0,0.0,0.0,0.0,0.0
williju02,2021,1,SLN,NL,51,119,10,19,0,0,4,11.0,0.0,1.0,17,46.0,5.0,1.0,0.0,0.0,2.0,-0.5
willilu01,2021,1,PHI,NL,58,98,8,24,4,0,1,6.0,2.0,2.0,10,23.0,0.0,0.0,0.0,0.0,2.0,0.1
willilu01,2022,1,SFN,NL,8,12,1,3,1,0,0,3.0,0.0,0.0,0,4.0,0.0,0.0,0.0,0.0,0.0,0.0
willilu01,2022,2,MIA,NL,71,115,20,27,4,1,1,3.0,11.0,4.0,9,40.0,1.0,0.0,0.0,0.0,1.0,-0.2
willilu01,2023,1,LAN,NL,4,10,0,1,0,0,0,0.0,1.0,0.0,0,3.0,0.0,0.0,0.0,0.0,0.0,-0.2
willilu01,2023,2,ATL,NL,7,9,1,0,0,0,0,0.0,3.0,0.0,0,4.0,0.0,0.0,0.0,0.0,0.0,-0.2
willilu01,2024,1,ATL,NL,37,46,8,9,3,0,0,4.0,3.0,0.0,4,13.0,0.0,1.0,1.0,0.0,1.0,0.2
willilu01,2025,1,ATL,NL,45,31,5,4,2,0,0,5.0,5.0,0.0,1,9.0,0.0,1.0,0.0,1.0,2.0,-0.4
willima07,2020,1,BAL,AL,10,18,0,2,0,1,0,0.0,0.0,1.0,0,9.0,0.0,0.0,0.0,0.0,0.0,-0.3
willima07,2021,1,NYN,NL,17,33,3,7,1,0,1,1.0,0.0,1.0,4,9.0,1.0,0.0,0.0,0.0,1.0,0.0
willini01,2021,1,CHA,AL,4,10,2,0,0,0,0,0.0,0.0,0.0,1,4.0,0.0,2.0,0.0,0.0,1.0,-0.3
willitr01,2021,1,CHN,NL,13,18,1,4,0,0,0,1.0,0.0,0.0,1,6.0,0.0,0.0,1.0,0.0,0.0,0.1
willitr01,2021,2,NYN,NL,10,7,0,1,0,0,0,0.0,0.0,0.0,0,3.0,0.0,0.0,1.0,0.0,0.0,0.0
wilsobr02,2021,1,ATL,NL,8,12,0,1,0,0,0,0.0,0.0,0.0,0,5.0,0.0,1.0,0.0,0.0,0.0,0.0
wilsobr02,2021,2,PIT,NL,8,9,1,0,0,0,0,1.0,0.0,0.0,0,4.0,0.0,0.0,3.0,0.0,0.0,-0.2
wilsoco01,2021,1,WAS,NL,1,1,0,0,0,0,0,0.0,0.0,0.0,0,0.0,0.0,0.0,0.0,0.0,0.0,0.0
wilsoja03,2021,1,OAK,AL,6,7,1,1,0,0,0,0.0,0.0,0.0,0,1.0,0.0,0.0,0.0,0.0,0.0,-0.1
wilsoja03,2021,2,HOU,AL,6,13,2,2,1,1,0,1.0,0.0,0.0,1,2.0,0.0,0.0,0.0,0.0,1.0,0.0
wilsoja04,2024,1,OAK,AL,28,92,11,23,2,2,0,3.0,0.0,0.0,8,10.0,0.0,1.0,1.0,1.0,4.0,-0.2
wilsoja04,2025,1,ATH,AL,125,486,62,151,26,0,13,63.0,5.0,2.0,27,39.0,1.0,7.0,2.0,1.0,16.0,3.0
wilsoma02,2022,1,SEA,AL,3,5,1,1,0,0,0,0.0,0.0,0.0,1,4.0,0.0,0.0,0.0,0.0,0.0,0.0
wilsowe01,2023,1,PHI,NL,8,16,5,5,0,0,1,2.0,3.0,1.0,6,5.0,0.0,0.0,0.0,0.0,0.0,0.2
wilsowe01,2024,1,PHI,NL,41,88,13,25,7,1,3,10.0,3.0,0.0,8,29.0,0.0,1.0,0.0,1.0,2.0,0.7
wilsowe01,2025,1,PHI,NL,54,111,15,22,4,0,5,17.0,2.0,3.0,12,34.0,0.0,1.0,1.0,0.0,1.0,-0.5
wilsowi03,2025,1,CLE,AL,34,78,7,15,4,0,0,2.0,2.0,0.0,7,34.0,0.0,1.0,5.0,0.0,1.0,-0.5
winkeje01,2020,1,CIN,NL,54,149,27,38,7,0,12,23.0,1.0,0.0,28,46.0,0.0,5.0,0.0,1.0,3.0,1.3
winkeje01,2021,1,CIN,NL,110,423,77,129,32,1,24,71.0,1.0,0.0,53,75.0,1.0,9.0,0.0,0.0,14.0,2.7
winkeje01,2022,1,SEA,AL,136,456,51,100,15,0,14,53.0,0.0,0.0,84,103.0,1.0,4.0,0.0,3.0,8.0,-0.1
winkeje01,2023,1,MIL,NL,61,166,16,33,5,0,1,23.0,0.0,0.0,26,51.0,0.0,4.0,0.0,1.0,0.0,-0.7
winkeje01,2024,1,WAS,NL,101,315,51,81,18,0,11,45.0,14.0,4.0,53,84.0,2.0,7.0,2.0,2.0,9.0,1.8
winkeje01,2024,2,NYN,NL,44,115,12,28,5,0,3,13.0,0.0,0.0,10,22.0,0.0,3.0,0.0,1.0,3.0,0.1
winkeje01,2025,1,NYN,NL,26,70,8,16,5,2,1,10.0,1.0,0.0,9,21.0,1.0,0.0,0.0,2.0,1.0,0.0
winklda01,2021,1,CHN,NL,47,1,0,0,0,0,0,0.0,0.0,0.0,0,0.0,0.0,0.0,0.0,0.0,0.0,0.0
winklja01,2025,1,MIA,NL,14,16,2,4,2,0,0,0.0,1.0,0.0,0,4.0,0.0,0.0,0.0,0.0,0.0,-0.2
winnma01,2023,1,SLN,NL,37,122,8,21,2,0,2,12.0,2.0,1.0,10,26.0,0.0,0.0,2.0,3.0,1.0,-0.6
winnma01,2024,1,SLN,NL,150,587,85,157,32,5,15,57.0,11.0,5.0,41,109.0,1.0,1.0,3.0,5.0,1.0,5.1
winnma01,2025,1,SLN,NL,129,491,72,124,27,0,9,51.0,9.0,5.0,34,102.0,0.0,8.0,2.0,2.0,11.0,2.2
wisdopa01,2020,1,CHN,NL,2,2,0,0,0,0,0,0.0,0.0,0.0,0,0.0,0.0,0.0,0.0,0.0,0.0,-0.1
wisdopa01,2021,1,CHN,NL,106,338,54,78,13,0,28,61.0,4.0,1.0,32,153.0,1.0,4.0,0.0,0.0,7.0,2.1
wisdopa01,2022,1,CHN,NL,134,469,67,97,28,0,25,66.0,8.0,4.0,53,183.0,1.0,9.0,1.0,2.0,8.0,0.6
wisdopa01,2023,1,CHN,NL,97,268,43,55,8,1,23,46.0,4.0,2.0,30,111.0,0.0,2.0,1.0,1.0,4.0,0.5
wisdopa01,2024,1,CHN,NL,75,158,16,27,7,2,8,23.0,5.0,0.0,10,59.0,0.0,4.0,1.0,1.0,1.0,-0.4
wiselbr01,2023,1,SFN,NL,51,120,10,21,5,0,2,8.0,2.0,1.0,9,40.0,0.0,0.0,1.0,1.0,2.0,-0.2
wiselbr01,2024,1,SFN,NL,91,252,25,60,13,1,4,31.0,2.0,3.0,13,65.0,0.0,2.0,2.0,3.0,3.0,0.4
wiselbr01,2025,1,SFN,NL,22,48,5,10,4,0,1,10.0,1.0,1.0,4,10.0,0.0,0.0,2.0,0.0,0.0,0.3
wiselbr01,2025,2,ATL,NL,4,6,0,0,0,0,0,0.0,0.0,0.0,3,4.0,0.0,0.0,0.0,0.0,0.0,0.0
wislema01,2021,1,SFN,NL,21,1,0,0,0,0,0,0.0,0.0,0.0,0,1.0,0.0,0.0,0.0,0.0,0.0,0.0
wittbo02,2022,1,KCA,AL,150,591,82,150,31,6,20,80.0,30.0,7.0,30,135.0,2.0,6.0,0.0,5.0,12.0,0.9
wittbo02,2023,1,KCA,AL,158,641,97,177,28,11,30,96.0,49.0,15.0,40,121.0,1.0,4.0,1.0,8.0,11.0,4.3
wittbo02,2024,1,KCA,AL,161,636,125,211,45,11,32,109.0,31.0,12.0,57,106.0,9.0,8.0,0.0,8.0,4.0,9.6
wittbo02,2025,1,KCA,AL,157,623,99,184,47,6,23,88.0,38.0,9.0,49,125.0,8.0,8.0,0.0,7.0,7.0,7.1
wolteto01,2020,1,COL,NL,42,100,10,23,4,0,0,8.0,0.0,0.0,6,30.0,0.0,1.0,2.0,0.0,1.0,-0.3
wolteto01,2021,1,CHN,NL,14,24,3,3,0,0,0,0.0,0.0,1.0,5,12.0,0.0,0.0,1.0,0.0,1.0,-0.3
wolteto01,2022,1,LAN,NL,2,4,0,0,0,0,0,0.0,0.0,0.0,0,3.0,0.0,0.0,0.0,0.0,0.0,-0.1
wongco01,2021,1,BOS,AL,6,13,3,4,1,1,0,1.0,0.0,0.0,1,7.0,0.0,0.0,0.0,0.0,0.0,0.3
wongco01,2022,1,BOS,AL,27,48,8,9,3,0,1,7.0,0.0,0.0,5,16.0,0.0,1.0,1.0,1.0,0.0,-0.1
wongco01,2023,1,BOS,AL,126,371,55,87,25,2,9,36.0,8.0,2.0,22,134.0,0.0,6.0,3.0,1.0,4.0,2.2
wongco01,2024,1,BOS,AL,126,447,54,125,24,1,13,52.0,8.0,7.0,28,114.0,1.0,9.0,1.0,2.0,7.0,1.8
wongco01,2025,1,BOS,AL,63,168,16,32,8,0,0,7.0,2.0,1.0,16,42.0,0.0,1.0,1.0,2.0,7.0,-0.6
wongke01,2021,1,LAA,AL,32,60,3,10,2,1,0,6.0,0.0,1.0,2,17.0,0.0,0.0,4.0,0.0,0.0,-0.6
wongko01,2020,1,SLN,NL,53,181,26,48,4,2,1,16.0,5.0,2.0,20,30.0,1.0,4.0,2.0,1.0,1.0,1.3
wongko01,2021,1,MIL,NL,116,445,70,121,32,2,14,50.0,12.0,5.0,31,83.0,1.0,13.0,0.0,3.0,2.0,3.3
wongko01,2022,1,MIL,NL,134,430,65,108,24,4,15,47.0,17.0,6.0,46,88.0,2.0,14.0,2.0,5.0,5.0,3.0
wongko01,2023,1,SEA,AL,67,194,21,32,6,0,2,19.0,1.0,1.0,16,46.0,0.0,4.0,0.0,2.0,0.0,-1.1
wongko01,2023,2,LAN,NL,20,30,4,9,0,0,2,8.0,2.0,1.0,2,7.0,0.0,1.0,0.0,1.0,1.0,0.4
woodal02,2021,1,SFN,NL,26,38,0,0,0,0,0,0.0,0.0,1.0,5,26.0,0.0,0.0,4.0,0.0,0.0,-0.3
woodfja01,2021,1,SLN,NL,26,18,0,2,0,0,0,0.0,0.0,0.0,0,9.0,0.0,0.0,2.0,0.0,0.0,-0.1
woodja03,2024,1,WAS,NL,79,295,43,78,13,4,9,41.0,14.0,8.0,39,97.0,1.0,2.0,0.0,0.0,1.0,1.1
woodja03,2025,1,WAS,NL,157,598,87,153,38,0,31,94.0,15.0,7.0,85,221.0,8.0,3.0,0.0,3.0,12.0,3.7
woodrbr01,2021,1,MIL,NL,30,52,0,6,0,0,0,2.0,0.0,0.0,3,28.0,0.0,0.0,3.0,0.0,0.0,0.0
workmga01,2025,1,CHN,NL,9,14,0,3,1,0,0,2.0,1.0,0.0,1,6.0,0.0,0.0,0.0,0.0,0.0,-0.2
workmga01,2025,2,CHA,AL,3,2,0,0,0,0,0,0.0,0.0,0.0,0,1.0,0.0,0.0,0.0,0.0,0.0,-0.1
wrighky01,2021,1,ATL,NL,2,3,1,1,1,0,0,0.0,0.0,0.0,0,1.0,0.0,0.0,0.0,0.0,0.0,0.1
wynnsau01,2021,1,BAL,AL,45,130,14,24,4,0,4,14.0,1.0,0.0,8,31.0,0.0,0.0,1.0,0.0,6.0,-0.6
wynnsau01,2022,1,SFN,NL,66,162,14,42,7,0,3,21.0,0.0,0.0,10,38.0,0.0,3.0,1.0,1.0,9.0,0.4
wynnsau01,2023,1,SFN,NL,1,2,0,0,0,0,0,0.0,0.0,0.0,0,2.0,0.0,0.0,0.0,0.0,0.0,0.0
wynnsau01,2023,2,LAN,NL,5,11,0,2,1,0,0,2.0,0.0,0.0,1,5.0,0.0,0.0,0.0,0.0,0.0,0.1
wynnsau01,2023,3,COL,NL,45,117,11,25,5,0,1,8.0,1.0,0.0,8,32.0,0.0,2.0,3.0,1.0,4.0,-0.2
wynnsau01,2024,1,CIN,NL,7,19,3,7,4,0,0,2.0,0.0,0.0,0,5.0,0.0,1.0,0.0,0.0,0.0,0.4
wynnsau01,2025,1,CIN,NL,18,40,6,16,3,0,3,11.0,0.0,0.0,3,12.0,0.0,0.0,0.0,0.0,1.0,0.7
wynnsau01,2025,2,ATH,AL,22,63,7,14,5,0,3,10.0,0.0,0.0,2,20.0,0.0,0.0,1.0,1.0,2.0,0.4
yajurmi01,2021,1,PIT,NL,4,3,0,0,0,0,0,0.0,0.0,0.0,0,3.0,0.0,0.0,0.0,0.0,0.0,0.0
yamamjo01,2021,1,NYN,NL,2,2,0,1,0,0,0,0.0,0.0,0.0,0,1.0,0.0,0.0,0.0,0.0,0.0,0.1
yanger01,2024,1,CIN,NL,1,1,0,0,0,0,0,0.0,0.0,0.0,0,1.0,0.0,0.0,0.0,0.0,0.0,0.0
yarbrry01,2021,1,TBA,AL,30,4,0,0,0,0,0,0.0,0.0,0.0,0,2.0,0.0,0.0,0.0,0.0,0.0,0.0
yastrmi01,2020,1,SFN,NL,54,192,39,57,14,4,10,35.0,2.0,1.0,30,55.0,2.0,3.0,0.0,0.0,2.0,2.7
yastrmi01,2021,1,SFN,NL,139,468,75,105,28,3,25,71.0,4.0,0.0,51,131.0,4.0,9.0,1.0,3.0,3.0,2.5
yastrmi01,2022,1,SFN,NL,148,485,73,104,31,2,17,57.0,5.0,1.0,61,141.0,0.0,5.0,1.0,6.0,3.0,2.0
yastrmi01,2023,1,SFN,NL,106,330,54,77,23,1,15,43.0,2.0,2.0,45,99.0,3.0,3.0,2.0,1.0,5.0,2.4
yastrmi01,2024,1,SFN,NL,140,428,60,99,16,9,18,57.0,3.0,2.0,38,124.0,1.0,6.0,1.0,1.0,5.0,2.1
yastrmi01,2025,1,SFN,NL,97,321,38,74,14,1,8,28.0,6.0,2.0,47,86.0,4.0,1.0,2.0,1.0,4.0,1.8
yastrmi01,2025,2,KCA,AL,50,156,30,37,14,0,9,18.0,1.0,0.0,25,22.0,0.0,1.0,0.0,4.0,3.0,1.0
yelicch01,2020,1,MIL,NL,58,200,39,41,7,1,12,22.0,4.0,2.0,46,76.0,2.0,1.0,0.0,0.0,4.0,0.5
yelicch01,2021,1,MIL,NL,117,399,70,99,19,2,9,51.0,9.0,3.0,70,113.0,5.0,3.0,0.0,3.0,5.0,1.3
yelicch01,2022,1,MIL,NL,154,575,99,145,25,4,14,57.0,19.0,3.0,88,162.0,5.0,5.0,1.0,2.0,9.0,2.5
yelicch01,2023,1,MIL,NL,144,550,106,153,34,1,19,76.0,28.0,3.0,78,140.0,7.0,3.0,0.0,1.0,15.0,3.5
yelicch01,2024,1,MIL,NL,73,270,44,85,12,3,11,42.0,21.0,1.0,40,58.0,3.0,2.0,1.0,1.0,3.0,2.3
yelicch01,2025,1,MIL,NL,150,573,88,151,21,0,29,103.0,16.0,6.0,64,167.0,6.0,6.0,0.0,1.0,6.0,3.1
yepezju01,2022,1,SLN,NL,76,253,27,64,13,0,12,30.0,0.0,0.0,16,61.0,0.0,1.0,0.0,4.0,6.0,0.4
yepezju01,2023,1,SLN,NL,28,60,5,11,1,0,2,2.0,0.0,1.0,4,20.0,0.0,1.0,0.0,0.0,0.0,-0.8
yepezju01,2024,1,WAS,NL,62,226,32,64,15,0,6,26.0,2.0,1.0,18,42.0,0.0,1.0,1.0,3.0,9.0,0.6
ynoahu01,2021,1,ATL,NL,18,32,3,7,1,0,2,6.0,0.0,0.0,0,15.0,0.0,0.0,0.0,0.0,0.0,0.3
yorkeni01,2024,1,PIT,NL,11,37,4,8,0,0,2,5.0,2.0,0.0,4,12.0,0.0,0.0,0.0,1.0,0.0,-0.2
yorkeni01,2025,1,PIT,NL,22,69,7,16,3,0,1,8.0,1.0,0.0,3,15.0,0.0,0.0,0.0,0.0,1.0,0.3
yoshima02,2023,1,BOS,AL,140,537,71,155,33,3,15,72.0,8.0,0.0,34,81.0,0.0,7.0,0.0,2.0,20.0,1.4
yoshima02,2024,1,BOS,AL,108,378,45,106,21,0,10,56.0,2.0,0.0,27,52.0,0.0,14.0,0.0,2.0,6.0,1.6
yoshima02,2025,1,BOS,AL,55,188,16,50,11,0,4,26.0,3.0,0.0,10,24.0,0.0,3.0,0.0,4.0,3.0,0.2
youngal01,2021,1,ARI,NL,30,4,0,0,0,0,0,0.0,0.0,0.0,0,4.0,0.0,0.0,0.0,0.0,0.0,-0.1
youngan02,2020,1,ARI,NL,12,26,3,5,2,0,1,4.0,0.0,0.0,5,10.0,0.0,3.0,0.0,0.0,0.0,-0.1
youngan02,2021,1,ARI,NL,58,91,13,19,7,0,6,15.0,0.0,0.0,6,45.0,0.0,6.0,0.0,1.0,3.0,-0.7
youngco01,2025,1,SEA,AL,77,223,24,47,7,1,4,24.0,1.0,0.0,28,47.0,1.0,2.0,2.0,2.0,4.0,0.5
youngja02,2022,1,CHN,NL,6,19,2,5,2,0,0,0.0,1.0,0.0,3,7.0,0.0,0.0,0.0,0.0,0.0,0.1
youngja02,2023,1,CHN,NL,16,43,8,8,0,3,2,8.0,2.0,0.0,3,13.0,0.0,1.0,0.0,0.0,1.0,-0.1
youngja02,2025,1,NYN,NL,23,43,5,8,1,0,4,6.0,0.0,0.0,2,16.0,0.0,1.0,0.0,1.0,1.0,0.1
youngja03,2023,1,WAS,NL,33,107,9,27,7,1,0,12.0,13.0,0.0,10,22.0,0.0,1.0,3.0,0.0,2.0,0.6
youngja03,2024,1,WAS,NL,150,468,75,120,24,1,3,36.0,33.0,10.0,30,102.0,0.0,12.0,9.0,2.0,11.0,2.7
youngja03,2025,1,WAS,NL,120,324,34,75,10,1,2,31.0,15.0,11.0,27,65.0,0.0,3.0,9.0,1.0,7.0,1.4
zavalse01,2021,1,CHA,AL,37,93,15,17,3,0,5,15.0,0.0,0.0,6,41.0,0.0,1.0,4.0,0.0,1.0,-0.2
zavalse01,2022,1,CHA,AL,61,178,22,48,14,0,2,21.0,0.0,0.0,19,64.0,0.0,3.0,3.0,2.0,1.0,1.0
zavalse01,2023,1,CHA,AL,66,161,15,25,3,0,7,16.0,1.0,0.0,10,68.0,0.0,1.0,2.0,2.0,4.0,-0.3
zavalse01,2023,2,ARI,NL,7,14,2,5,1,0,0,2.0,0.0,0.0,2,2.0,0.0,1.0,0.0,0.0,0.0,0.1
zavalse01,2024,1,SEA,AL,18,39,4,6,2,0,1,2.0,0.0,0.0,3,16.0,0.0,0.0,1.0,0.0,2.0,-0.3
zimmebr01,2020,1,CLE,AL,20,37,3,6,0,0,1,3.0,2.0,1.0,7,14.0,0.0,5.0,0.0,1.0,2.0,0.1
zimmebr01,2021,1,CLE,AL,99,299,44,68,9,1,8,35.0,15.0,3.0,30,122.0,0.0,15.0,0.0,4.0,3.0,1.3
zimmebr01,2022,1,TOR,AL,77,76,11,8,4,0,2,3.0,2.0,1.0,5,33.0,0.0,5.0,1.0,0.0,0.0,-0.2
zimmebr01,2022,2,PHI,NL,9,16,4,4,1,0,0,0.0,0.0,0.0,0,4.0,0.0,0.0,0.0,0.0,0.0,0.3
zimmebr01,2022,3,TOR,AL,23,13,3,1,0,0,0,2.0,1.0,1.0,0,8.0,0.0,1.0,0.0,0.0,0.0,-0.2
zimmebr02,2021,1,BAL,AL,14,4,0,0,0,0,0,0.0,0.0,0.0,0,3.0,0.0,0.0,0.0,0.0,0.0,-0.1
zimmejo02,2021,1,MIL,NL,2,1,0,0,0,0,0,0.0,0.0,0.0,0,1.0,0.0,0.0,0.0,0.0,0.0,0.0
zimmery01,2021,1,WAS,NL,110,255,27,62,16,0,14,46.0,0.0,0.0,16,77.0,0.0,0.0,0.0,2.0,9.0,1.1
zuberty01,2021,1,KCA,AL,31,1,0,0,0,0,0,0.0,0.0,0.0,0,1.0,0.0,0.0,0.0,0.0,0.0,0.0
zuninmi01,2020,1,TBA,AL,28,75,8,11,4,0,4,10.0,0.0,0.0,6,37.0,0.0,3.0,0.0,0.0,0.0,-0.1
zuninmi01,2021,1,TBA,AL,109,333,64,72,11,2,33,62.0,0.0,0.0,34,132.0,0.0,7.0,0.0,1.0,7.0,3.7
zuninmi01,2022,1,TBA,AL,36,115,7,17,3,0,5,16.0,0.0,0.0,6,46.0,0.0,1.0,0.0,1.0,2.0,-0.8
zuninmi01,2023,1,CLE,AL,42,124,11,22,7,0,3,11.0,0.0,0.0,15,61.0,0.0,1.0,0.0,0.0,3.0,-0.6
