yearID,bbrefID,Player,Team,WAR
2020,lynnla01,Lance Lynn,TEX,2.2
2020,marquge01,Germán Márquez,COL,1.5
2020,hendrky01,Kyle Hendricks,CHC,2.0
2020,biebesh01,Shane Bieber,CLE,3.2
2020,darviyu01,Yu Darvish,CHC,2.8
2020,civalaa01,Aaron Civale,CLE,0.2
2020,woodrbr01,Brandon Woodruff,MIL,2.1
2020,senzaan01,Antonio Senzatela,COL,2.5
2020,bauertr01,Trevor Bauer,CIN,3.0
2020,colege01,Gerrit Cole,NYY,2.2
2020,giolilu01,Lucas Giolito,CHW,0.8
2020,galleza01,Zac Gallen,ARI,2.5
2020,nolaaa01,Aaron Nola,PHI,2.2
2020,wheelza01,Zack Wheeler,PHI,2.8
2020,freelky01,Kyle Freeland,COL,1.9
2020,valdefr01,Framber Valdez,HOU,1.2
2020,castilu02,Luis Castillo,CIN,1.1
2020,gonzama02,Marco Gonzales,SEA,1.6
2020,davieza02,Zach Davies,SDP,1.7
2020,lametdi01,Dinelson Lamet,SDP,2.3
2020,carraca01,Carlos Carrasco,CLE,1.4
2020,degroja01,Jacob deGrom,NYM,2.6
2020,gibsoky01,Kyle Gibson,TEX,-0.1
2020,scherma01,Max Scherzer,WSN,2.2
2020,greinza01,Zack Greinke,HOU,1.1
2020,ryuhy01,Hyun Jin Ryu,TOR,2.9
2020,heanean01,Andrew Heaney,LAA,1.2
2020,maedake01,Kenta Maeda,MIN,1.6
2020,bundydy01,Dylan Bundy,LAA,1.7
2020,corbipa01,Patrick Corbin,WSN,1.7
2020,wainwad01,Adam Wainwright,STL,0.5
2020,singebr01,Brady Singer,KCR,1.1
2020,cuetojo01,Johnny Cueto,SFG,0.1
2020,keuchda01,Dallas Keuchel,CHW,2.1
2020,bassich01,Chris Bassitt,OAK,2.2
2020,berrijo01,José Berríos,MIN,0.7
2020,millsal02,Alec Mills,CHC,0.2
2020,perezma02,Martín Pérez,BOS,1.2
2020,lestejo01,Jon Lester,CHC,-0.2
2020,boydma01,Matthew Boyd,DET,-0.6
2020,anderty01,Tyler Anderson,SFG,0.4
2020,burneco01,Corbin Burnes,MIL,2.1
2020,gausmke01,Kevin Gausman,SFG,1.3
2020,eflinza01,Zach Eflin,PHI,1.7
2020,fiersmi01,Mike Fiers,OAK,0.7
2020,luzarje01,Jesús Luzardo,OAK,0.7
2020,paddach01,Chris Paddack,SDP,0.2
2020,porceri01,Rick Porcello,NYM,0.2
2020,ceasedy01,Dylan Cease,CHW,0.2
2020,kershcl01,Clayton Kershaw,LAD,1.8
2020,lylesjo01,Jordan Lyles,TEX,-1.2
2020,glasnty01,Tyler Glasnow,TBR,0.8
2020,lopezpa01,Pablo López,MIA,1.4
2020,turnbsp01,Spencer Turnbull,DET,1.1
2020,minormi01,Mike Minor,2TM,-0.1
2020,minormi01,Mike Minor,TEX,0.0
2020,minormi01,Mike Minor,OAK,0.0
2020,cannigr01,Griffin Canning,LAA,1.1
2020,duffyda01,Danny Duffy,KCR,0.3
2020,friedma01,Max Fried,ATL,2.9
2020,grayso01,Sonny Gray,CIN,0.8
2020,housead01,Adrian Houser,MIL,-0.5
2020,maydu01,Dustin May,LAD,1.5
2020,yarbrry01,Ryan Yarbrough,TBR,1.2
2020,plesaza01,Zach Plesac,CLE,2.1
2020,sheffju01,Justus Sheffield,SEA,0.9
2020,willitr01,Trevor Williams,PIT,-0.9
2020,mcculla02,Lance McCullers Jr.,HOU,0.4
2020,uriasju01,Julio Urías,LAD,1.2
2020,kellebr01,Brad Keller,KCR,1.7
2020,javiecr01,Cristian Javier,HOU,1.3
2020,webblo01,Logan Webb,SFG,-0.4
2020,manaese01,Sean Manaea,OAK,0.3
2020,walketa01,Taijuan Walker,2TM,1.3
2020,walketa01,Taijuan Walker,SEA,0.4
2020,walketa01,Taijuan Walker,TOR,1.0
2020,montafr02,Frankie Montas,OAK,-0.3
2020,sanchan01,Aníbal Sánchez,WSN,0.1
2020,cobbal01,Alex Cobb,BAL,1.1
2020,weavelu01,Luke Weaver,ARI,-0.3
2020,rayro02,Robbie Ray,2TM,-0.3
2020,rayro02,Robbie Ray,ARI,-0.5
2020,rayro02,Robbie Ray,TOR,0.2
2020,richaga01,Garrett Richards,SDP,0.9
2020,feddeer01,Erick Fedde,WSN,1.5
2020,bubickr01,Kris Bubic,KCR,0.4
2020,snellbl01,Blake Snell,TBR,1.1
2020,peterda01,David Peterson,NYM,1.6
2020,vothau01,Austin Voth,WSN,0.3
2020,happja01,J.A. Happ,NYY,1.2
2020,stripro01,Ross Stripling,2TM,-0.5
2020,stripro01,Ross Stripling,LAD,-0.6
2020,stripro01,Ross Stripling,TOR,0.1
2020,eovalna01,Nathan Eovaldi,BOS,1.3
2020,tanakma01,Masahiro Tanaka,NYY,0.7
2020,mahlety01,Tyler Mahle,CIN,1.0
2020,roarkta01,Tanner Roark,TOR,-0.3
2020,brubajt01,JT Brubaker,PIT,-0.1
2020,anderbr04,Brett Anderson,MIL,0.6
2020,kikucyu01,Yusei Kikuchi,SEA,0.1
2020,dobnara01,Randy Dobnak,MIN,0.4
2020,gonsoto01,Tony Gonsolin,LAD,1.5
2020,kuhlch01,Chad Kuhl,PIT,-0.1
2020,youngal01,Alex Young,ARI,-0.1
2020,dunnju01,Justin Dunn,SEA,0.4
2020,lindbjo01,Josh Lindblom,MIL,0.2
2020,arrieja01,Jake Arrieta,PHI,0.8
2020,montgjo01,Jordan Montgomery,NYY,0.2
2020,meansjo01,John Means,BAL,0.9
2020,castery01,Ryan Castellani,COL,0.1
2020,clarkta01,Taylor Clarke,ARI,0.5
2020,weberry01,Ryan Weber,BOS,1.2
2020,braulst01,Steven Brault,PIT,0.7
2020,alcansa01,Sandy Alcantara,MIA,0.8
2020,bumgama01,Madison Bumgarner,ARI,-0.4
2020,clevimi01,Mike Clevinger,2TM,1.0
2020,clevimi01,Mike Clevinger,CLE,0.5
2020,clevimi01,Mike Clevinger,SDP,0.6
2020,margeni01,Nick Margevicius,SEA,0.3
2020,hollade01,Derek Holland,PIT,-1.0
2020,flaheja01,Jack Flaherty,STL,-0.3
2020,musgrjo01,Joe Musgrove,PIT,0.6
2020,tomlijo01,Josh Tomlin,ATL,0.5
2020,grayjo02,Jon Gray,COL,-0.3
2020,hudsoda02,Dakota Hudson,STL,0.6
2020,kimkw01,Kwang Hyun Kim,STL,0.9
2020,sanchsi01,Sixto Sánchez,MIA,1.6
2020,lopezjo02,Jorge López,2TM,-0.3
2020,lopezjo02,Jorge López,KCR,-0.1
2020,lopezjo02,Jorge López,BAL,-0.2
2020,milonto01,Tommy Milone,2TM,-0.3
2020,milonto01,Tommy Milone,BAL,0.3
2020,milonto01,Tommy Milone,ATL,-0.7
2020,hillri01,Rich Hill,MIN,0.8
2020,mortoch02,Charlie Morton,TBR,0.2
2020,wrighky01,Kyle Wright,ATL,0.2
2020,wojcias01,Asher Wojciechowski,BAL,-0.3
2020,buehlwa01,Walker Buehler,LAD,0.4
2020,lugose01,Seth Lugo,NYM,0.4
2020,sandopa02,Patrick Sandoval,LAA,-0.1
2020,alexaty01,Tyler Alexander,DET,0.5
2020,antonte01,Tejay Antone,CIN,1.0
2020,eshelto01,Thomas Eshelman,BAL,0.7
2020,garcide01,Deivi García,NYY,0.3
2020,dunnida01,Dane Dunning,CHW,0.1
2020,velasvi01,Vince Velasquez,PHI,0.4
2020,wachami01,Michael Wacha,NYM,-0.2
2020,allarko01,Kolby Allard,TEX,-0.7
2020,anderch01,Chase Anderson,TOR,-0.5
2020,desclan01,Anthony DeSclafani,CIN,-0.6
2020,lorenmi01,Michael Lorenzen,CIN,0.3
2020,mckentr01,Triston McKenzie,CLE,0.6
2020,ponceda01,Daniel Ponce de Leon,STL,-0.2
2020,anderia01,Ian Anderson,ATL,1.2
2020,barrija01,Jaime Barria,LAA,0.9
2020,flemijo01,Josh Fleming,TBR,0.8
2020,andrima01,Matt Andriese,LAA,0.6
2020,bielabr01,Brandon Bielak,HOU,-0.6
2020,richatr01,Trevor Richards,TBR,-0.5
2020,skubata01,Tarik Skubal,DET,-0.1
2020,quantca01,Cal Quantrill,2TM,0.7
2020,quantca01,Cal Quantrill,SDP,0.5
2020,quantca01,Cal Quantrill,CLE,0.2
2020,gonzagi01,Gio González,CHW,-0.3
2020,suterbr01,Brent Suter,MIL,0.5
2020,kellyme01,Merrill Kelly,ARI,1.3
2020,teherju01,Julio Teheran,LAA,-1.1
2020,hernajo02,Jonathan Hernández,TEX,0.7
2020,matzst01,Steven Matz,NYM,-1.0
2020,valdeph01,Phillips Valdéz,BOS,0.5
2020,barlosc01,Scott Barlow,KCR,0.2
2020,mayermi01,Mike Mayers,LAA,0.9
2020,mazzach01,Chris Mazza,BOS,0.5
2020,stratch01,Chris Stratton,PIT,-0.5
2020,castada01,Daniel Castano,MIA,0.9
2020,cisnejo01,José Cisnero,DET,0.7
2020,urquijo01,José Urquidy,HOU,0.8
2020,peralfr01,Freddy Peralta,MIL,0.3
2020,gombeau01,Austin Gomber,STL,0.7
2020,matzety01,Tyler Matzek,ATL,0.8
2020,fostema01,Matt Foster,CHW,0.7
2020,godleza01,Zack Godley,BOS,-0.3
2020,shoemma01,Matt Shoemaker,TOR,0.6
2020,hollagr01,Greg Holland,KCR,0.9
2020,mizeca01,Casey Mize,DET,-0.5
2020,rogertr01,Trevor Rogers,MIA,-0.1
2020,rogerty01,Tyler Rogers,SFG,0.2
2020,almonye01,Yency Almonte,COL,0.6
2020,fulmemi01,Michael Fulmer,DET,-0.8
2020,greensh02,Shane Greene,ATL,1.0
2020,norrida01,Daniel Norris,DET,0.6
2020,plutkad01,Adam Plutko,CLE,0.0
2020,daytogr01,Grant Dayton,ATL,0.7
2020,peralwa01,Wandy Peralta,SFG,0.3
2020,karinja01,James Karinchak,CLE,0.6
2020,willide03,Devin Williams,MIL,1.3
2020,cordeji01,Jimmy Cordero,CHW,-0.8
2020,fairbpe01,Pete Fairbanks,TBR,0.5
2020,familje01,Jeurys Familia,NYM,0.6
2020,kingmi01,Michael King,NYY,-0.6
2020,penafe01,Félix Peña,LAA,0.5
2020,pinedmi01,Michael Pineda,MIN,0.4
2020,erlinro01,Robbie Erlin,2TM,-0.5
2020,erlinro01,Robbie Erlin,PIT,0.0
2020,erlinro01,Robbie Erlin,ATL,-0.5
2020,buttrty01,Ty Buttrey,LAA,-0.1
2020,hatchto01,Thomas Hatch,TOR,0.7
2020,jackslu01,Luke Jackson,ATL,-0.5
2020,lopezre01,Reynaldo López,CHW,-0.6
2020,smithjo07,Josh A. Smith,MIA,-0.3
2020,smylydr01,Drew Smyly,SFG,0.5
2020,thompry02,Ryan Thompson,TBR,-0.2
2020,clippty01,Tyler Clippard,MIN,0.4
2020,crichst01,Stefan Crichton,ARI,1.0
2020,slegeaa01,Aaron Slegers,TBR,0.5
2020,akinke01,Keegan Akin,BAL,0.3
2020,bassan01,Anthony Bass,TOR,0.6
2020,breweco01,Colten Brewer,BOS,0.1
2020,diazed04,Edwin Díaz,NYM,1.4
2020,greench03,Chad Green,NYY,0.4
2020,hernael01,Elieser Hernández,MIA,0.8
2020,lakintr01,Travis Lakins Sr.,BAL,0.9
2020,simslu01,Lucas Sims,CIN,0.5
2020,staumjo01,Josh Staumont,KCR,0.7
2020,treinbl01,Blake Treinen,LAD,-0.2
2020,yamagsh01,Shun Yamaguchi,TOR,-0.7
2020,hendrli01,Liam Hendriks,OAK,1.4
2020,junisja01,Jakob Junis,KCR,-0.2
2020,wislema01,Matt Wisler,MIN,1.0
2020,brasiry01,Ryan Brasier,BOS,0.5
2020,cahiltr01,Trevor Cahill,SFG,0.6
2020,curtijo02,John Curtiss,TBR,0.8
2020,loupaa01,Aaron Loup,TBR,0.5
2020,shrevch01,Chasen Shreve,NYM,0.3
2020,wendejb01,J.B. Wendelken,OAK,0.7
2020,bardda01,Daniel Bard,COL,0.8
2020,finneky01,Kyle Finnegan,WSN,0.9
2020,hunteto02,Tommy Hunter,PHI,0.6
2020,oviedjo01,Johan Oviedo,STL,-0.5
2020,castrmi01,Miguel Castro,2TM,0.5
2020,castrmi01,Miguel Castro,BAL,0.4
2020,castrmi01,Miguel Castro,NYM,0.1
2020,florody01,Dylan Floro,LAD,0.5
2020,howarsp01,Spencer Howard,PHI,0.1
2020,janseke01,Kenley Jansen,LAD,0.4
2020,kintzbr01,Brandon Kintzler,MIA,1.3
2020,toussto01,Touki Toussaint,ATL,-0.8
2020,alcaljo01,Jorge Alcala,MIN,0.4
2020,dolisra01,Rafael Dolis,TOR,1.1
2020,duffety01,Tyler Duffey,MIN,0.7
2020,estevca01,Carlos Estévez,COL,-0.8
2020,stammcr01,Craig Stammen,SDP,-0.3
2020,guerrju02,Junior Guerra,ARI,0.5
2020,harpery01,Ryne Harper,WSN,-0.3
2020,heuerco01,Codi Heuer,CHW,0.8
2020,kinlety01,Tyler Kinley,COL,0.2
2020,scruban01,Andre Scrubb,HOU,1.0
2020,suerowa01,Wander Suero,WSN,0.6
2020,wittgni01,Nick Wittgren,CLE,0.4
2020,rosentr01,Trevor Rosenthal,2TM,1.0
2020,rosentr01,Trevor Rosenthal,KCR,0.3
2020,rosentr01,Trevor Rosenthal,SDP,0.7
2020,coleaj01,A.J. Cole,TOR,1.0
2020,gratebr01,Brusdar Graterol,LAD,0.3
2020,jeffrje01,Jeremy Jeffress,CHC,1.2
2020,maytr01,Trevor May,MIN,0.1
2020,rodriri05,Richard Rodríguez,PIT,0.4
2020,trivilo01,Lou Trivino,OAK,0.2
2020,urenajo01,José Ureña,MIA,0.3
2020,yardler01,Eric Yardley,MIL,0.6
2020,barnema01,Matt Barnes,BOS,0.3
2020,iglesra01,Raisel Iglesias,CIN,0.2
2020,loaisjo01,Jonathan Loáisiga,NYY,0.5
2020,sotogr01,Gregory Soto,DET,0.2
2020,zimmeky01,Kyle Zimmer,KCR,0.7
2020,codyky01,Kyle Cody,TEX,0.9
2020,jimenjo02,Joe Jiménez,DET,-0.7
2020,marshev01,Evan Marshall,CHW,0.6
2020,melanma01,Mark Melancon,ATL,1.0
2020,sulseco01,Cole Sulser,BAL,-0.2
2020,baragca01,Caleb Baragar,SFG,0.3
2020,benjawe01,Wes Benjamin,TEX,0.1
2020,cabrege01,Génesis Cabrera,STL,0.1
2020,colomal01,Alex Colomé,CHW,1.0
2020,hartlge01,Geoff Hartlieb,PIT,-0.1
2020,hugheja02,Jared Hughes,NYM,-0.2
2020,leblawa01,Wade LeBlanc,BAL,-0.3
2020,soriajo01,Joakim Soria,OAK,0.4
2020,vinceni01,Nick Vincent,MIA,0.4
2020,givenmy01,Mychal Givens,2TM,0.4
2020,givenmy01,Mychal Givens,BAL,0.7
2020,givenmy01,Mychal Givens,COL,-0.3
2020,frypa01,Paul Fry,BAL,0.8
2020,handbr01,Brad Hand,CLE,0.6
2020,newbeja01,Jake Newberry,KCR,0.1
2020,paganem01,Emilio Pagán,SDP,0.1
2020,zuberty01,Tyler Zuber,KCR,0.2
2020,castidi01,Diego Castillo,TBR,0.9
2020,cessalu01,Luis Cessa,NYY,0.3
2020,garcibr01,Bryan Garcia,DET,0.8
2020,holdejo02,Jonathan Holder,NYY,0.1
2020,kellemi03,Mitch Keller,PIT,0.6
2020,matonph01,Phil Maton,CLE,-0.3
2020,minteaj01,A.J. Minter,ATL,1.2
2020,nerishe01,Hector Neris,PHI,-0.1
2020,petityu01,Yusmeiro Petit,OAK,0.8
2020,turleni01,Nik Turley,PIT,-0.3
2020,webbty01,Tyler Webb,STL,0.4
2020,ynoahu01,Huascar Ynoa,ATL,0.1
2020,alzolad01,Adbert Alzolay,CHC,0.5
2020,diekmja01,Jake Diekman,OAK,1.4
2020,farmebu01,Buck Farmer,DET,0.3
2020,hoffmje02,Jeff Hoffman,COL,-1.0
2020,garciro03,Rony García,DET,-0.5
2020,howarsa01,Sam Howard,PIT,0.1
2020,kayan01,Anthony Kay,TOR,0.1
2020,pressry01,Ryan Pressly,HOU,0.2
2020,ramirno01,Noé Ramirez,LAA,0.7
2020,woodfja01,Jake Woodford,STL,-0.3
2020,hudsoda01,Daniel Hudson,WSN,-0.1
2020,mcfartj01,T.J. McFarland,OAK,0.1
2020,nelsoni01,Nick Nelson,NYY,-0.1
2020,pareden01,Enoli Paredes,HOU,0.5
2020,ramiryo01,Yohan Ramírez,SEA,0.5
2020,scottta01,Tanner Scott,BAL,1.3
2020,strahma01,Matt Strahm,SDP,0.5
2020,taylobl01,Blake Taylor,HOU,0.7
2020,teperry01,Ryan Tepera,CHC,0.2
2020,underdu01,Duane Underwood Jr.,CHC,-0.1
2020,phelpda01,David Phelps,2TM,0.0
2020,phelpda01,David Phelps,MIL,0.6
2020,phelpda01,David Phelps,PHI,-0.6
2020,gonzavi02,Victor González,LAD,0.7
2020,mcgeeja01,Jake McGee,LAD,0.5
2020,paxtoja01,James Paxton,NYY,-0.4
2020,raineta01,Tanner Rainey,WSN,1.0
2020,sprinje01,Jeffrey Springs,BOS,-0.3
2020,altavda01,Dan Altavilla,2TM,-0.3
2020,altavda01,Dan Altavilla,SEA,-0.4
2020,altavda01,Dan Altavilla,SDP,0.2
2020,cishest01,Steve Cishek,CHW,-0.2
2020,diazja01,Jairo Díaz,COL,-0.7
2020,johnspi01,Pierce Johnson,SDP,0.4
2020,martica04,Carlos Martínez,STL,-1.2
2020,misiean01,Anthony Misiewicz,SEA,0.2
2020,rogerta01,Taylor Rogers,MIN,-0.6
2020,romose01,Sergio Romo,MIN,0.0
2020,rondohe01,Héctor Rondón,ARI,-0.6
2020,thielca01,Caleb Thielbar,MIN,0.4
2020,widenta01,Taylor Widener,ARI,0.1
2020,raleybr01,Brooks Raley,2TM,0.2
2020,raleybr01,Brooks Raley,CIN,-0.1
2020,raleybr01,Brooks Raley,HOU,0.3
2020,briceau01,Austin Brice,BOS,0.1
2020,detwiro01,Ross Detwiler,CHW,0.1
2020,fryja01,Jace Fry,CHW,0.1
2020,gonzach01,Chi Chi González,COL,0.0
2020,hergeji01,Jimmy Herget,TEX,0.4
2020,lopezyo01,Yoan López,ARI,-0.3
2020,reyesal02,Alex Reyes,STL,-0.1
2020,wilsoju10,Justin Wilson,NYM,0.2
2020,workmbr01,Brandon Workman,2TM,-0.2
2020,workmbr01,Brandon Workman,BOS,0.1
2020,workmbr01,Brandon Workman,PHI,-0.3
2020,beeksja02,Jalen Beeks,TBR,0.2
2020,morejad01,Adrián Morejón,SDP,0.0
2020,selmasa01,Sam Selman,SFG,0.2
2020,sadleca02,Casey Sadler,2TM,-0.3
2020,sadleca02,Casey Sadler,CHC,-0.2
2020,sadleca02,Casey Sadler,SEA,-0.1
2020,brittza01,Zack Britton,NYY,0.5
2020,claudal01,Álex Claudio,MIL,0.1
2020,haderjo01,Josh Hader,MIL,0.4
2020,kolarad01,Adam Kolarek,LAD,0.8
2020,neverdo01,Dovydas Neverauskas,PIT,-0.6
2020,novaiv01,Iván Nova,DET,-0.5
2020,hembrhe01,Heath Hembree,2TM,-0.6
2020,hembrhe01,Heath Hembree,BOS,0.1
2020,hembrhe01,Heath Hembree,PHI,-0.6
2020,chatwty01,Tyler Chatwood,CHC,-0.1
2020,ferguca01,Caleb Ferguson,LAD,0.3
2020,graveke01,Kendall Graveman,SEA,-0.3
2020,jonesna01,Nate Jones,CIN,-0.2
2020,kremede01,Dean Kremer,BAL,0.5
2020,pomerdr01,Drew Pomeranz,SDP,1.0
2020,garcija04,Jarlín García,SFG,0.5
2020,garream01,Amir Garrett,CIN,0.5
2020,hillca02,Cam Hill,CLE,-0.2
2020,ottavad01,Adam Ottavino,NYY,-0.1
2020,smithri01,Riley Smith,ARI,0.6
2020,winklda01,Dan Winkler,CHC,0.2
2020,bradlar01,Archie Bradley,2TM,0.5
2020,bradlar01,Archie Bradley,ARI,0.2
2020,bradlar01,Archie Bradley,CIN,0.3
2020,osichjo01,Josh Osich,2TM,-0.4
2020,osichjo01,Josh Osich,BOS,0.0
2020,osichjo01,Josh Osich,CHC,-0.5
2020,barneja01,Jacob Barnes,LAA,0.0
2020,boxbebr01,Brad Boxberger,MIA,0.5
2020,hillti01,Tim Hill,SDP,0.0
2020,martich02,Chris Martin,ATL,1.2
2020,pearsna01,Nate Pearson,TOR,-0.2
2020,perezol01,Óliver Pérez,CLE,0.5
2020,watsoto01,Tony Watson,SFG,0.2
2020,harriwi10,Will Harris,WSN,0.4
2020,montera01,Rafael Montero,TEX,0.0
2020,wagueja01,Jacob Waguespack,TOR,-0.6
2020,funkhky01,Kyle Funkhouser,DET,-0.3
2020,hahnje01,Jesse Hahn,KCR,0.9
2020,hearnta01,Taylor Hearn,TEX,0.1
2020,jamesjo02,Josh James,HOU,-0.5
2020,patinlu01,Luis Patiño,SDP,-0.1
2020,perdolu02,Luis Perdomo,SDP,-0.2
2020,sneedcy01,Cy Sneed,HOU,-0.3
2020,wickro01,Rowan Wick,CHC,0.3
2020,baezpe01,Pedro Báez,LAD,0.1
2020,chaveje01,Jesse Chavez,TEX,-0.4
2020,houckta01,Tanner Houck,BOS,1.3
2020,ponceco01,Cody Ponce,PIT,0.3
2020,santade01,Dennis Santana,LAD,-0.1
2020,haleda02,David Hale,2TM,0.4
2020,haleda02,David Hale,NYY,0.1
2020,haleda02,David Hale,PHI,0.3
2020,borucry01,Ryan Borucki,TOR,0.6
2020,robleha01,Hansel Robles,LAA,-0.8
2020,samarje01,Jeff Samardzija,SFG,-0.7
2020,tatedi01,Dillon Tate,BAL,0.5
2020,bleieri01,Richard Bleier,2TM,0.4
2020,bleieri01,Richard Bleier,BAL,0.2
2020,bleieri01,Richard Bleier,MIA,0.2
2020,anderni01,Nick Anderson,TBR,1.1
2020,fontwi01,Wilmer Font,TOR,-0.7
2020,odayda01,Darren O'Day,ATL,0.7
2020,thorple01,Lewis Thorpe,MIN,-0.3
2020,lailbr01,Brady Lail,2TM,0.1
2020,lailbr01,Brady Lail,CHW,0.0
2020,lailbr01,Brady Lail,SEA,0.0
2020,lockewa01,Walker Lockett,2TM,0.1
2020,lockewa01,Walker Lockett,NYM,0.1
2020,lockewa01,Walker Lockett,SEA,0.0
2020,ginkeke01,Kevin Ginkel,ARI,-0.4
2020,parkebl01,Blake Parker,PHI,0.6
2020,smeltde01,Devin Smeltzer,MIN,-0.3
2020,smithwi04,Will Smith,ATL,0.2
2020,gerbejo01,Joey Gerber,SEA,0.0
2020,guerrja01,Javy Guerra,WSN,0.3
2020,newsolj01,Ljay Newsome,SEA,0.1
2020,ryanky01,Kyle Ryan,CHC,-0.2
2020,schrejo01,John Schreiber,DET,-0.2
2020,tropeni01,Nick Tropeano,PIT,0.5
2020,wilsobr02,Bryse Wilson,ATL,0.3
2020,pivetni01,Nick Pivetta,2TM,0.3
2020,pivetni01,Nick Pivetta,PHI,-0.3
2020,pivetni01,Nick Pivetta,BOS,0.6
2020,andersh01,Shaun Anderson,SFG,0.2
2020,kimbrcr01,Craig Kimbrel,CHC,-0.1
2020,rasmudr01,Drew Rasmussen,MIL,-0.1
2020,armstsh01,Shawn Armstrong,BAL,0.3
2020,gallegi01,Giovanny Gallegos,STL,0.1
2020,gantjo01,John Gant,STL,0.2
2020,garciyi01,Yimi García,MIA,0.9
2020,stashco01,Cody Stashak,MIN,0.2
2020,bedroca01,Cam Bedrosian,LAA,0.4
2020,coonrsa01,Sam Coonrod,SFG,-0.7
2020,hernaca04,Carlos Hernández,KCR,0.0
2020,hoytja01,James Hoyt,MIA,0.8
2020,martibr01,Brett Martin,TEX,0.4
2020,romanjo03,Jordan Romano,TOR,1.0
2020,willita01,Taylor Williams,2TM,-0.3
2020,willita01,Taylor Williams,SEA,-0.2
2020,willita01,Taylor Williams,SDP,0.0
2020,mileywa01,Wade Miley,CIN,-0.1
2020,phillev01,Evan Phillips,BAL,0.2
2020,ramirer02,Erasmo Ramírez,NYM,0.8
2020,valdece01,César Valdez,BAL,1.0
2020,coveydy01,Dylan Covey,BOS,-0.1
2020,gsellro01,Robert Gsellman,NYM,-0.5
2020,kenneia01,Ian Kennedy,KCR,-0.9
2020,kickhmi01,Mike Kickham,BOS,-0.2
2020,reaco01,Colin Rea,CHC,-0.2
2020,weemsjo01,Jordan Weems,OAK,0.2
2020,smithca03,Caleb Smith,2TM,0.4
2020,smithca03,Caleb Smith,MIA,0.1
2020,smithca03,Caleb Smith,ARI,0.3
2020,adamja01,Jason Adam,CHC,0.1
2020,newcose01,Sean Newcomb,ATL,-0.6
2020,odorija01,Jake Odorizzi,MIN,-0.2
2020,sorokmi01,Michael Soroka,ATL,0.3
2020,guerrja02,Javy Guerra,SDP,-0.6
2020,knebeco01,Corey Knebel,MIL,-0.1
2020,milneho01,Hoby Milner,LAA,-0.4
2020,stockro01,Robert Stock,BOS,0.0
2020,waldema01,Marcus Walden,BOS,-0.9
2020,merryju01,Julian Merryweather,TOR,0.3
2020,millean01,Andrew Miller,STL,0.1
2020,morgaad01,Adam Morgan,PHI,0.0
2020,oswalco01,Corey Oswalt,NYM,0.1
2020,rodrijo06,Joely Rodríguez,TEX,0.4
2020,woodal02,Alex Wood,LAD,-0.4
2020,alexasc02,Scott Alexander,LAD,0.2
2020,brachbr01,Brad Brach,NYM,0.0
2020,garcilu05,Luis Garcia,HOU,0.3
2020,gibauia01,Ian Gibaut,TEX,-0.3
2020,hiranyo01,Yoshihisa Hirano,SEA,-0.3
2020,mengdda01,Daniel Mengden,OAK,0.2
2020,helslry01,Ryan Helsley,STL,-0.3
2020,middlke01,Keynan Middleton,LAA,0.0
2020,smithbu03,Burch Smith,OAK,0.4
2020,reedco01,Cody Reed,2TM,0.1
2020,reedco01,Cody Reed,CIN,0.0
2020,reedco01,Cody Reed,TBR,0.1
2020,betande01,Dellin Betances,NYM,-0.2
2020,chapmar01,Aroldis Chapman,NYY,0.4
2020,elledse01,Seth Elledge,STL,0.0
2020,gotttr01,Trevor Gott,SFG,-0.8
2020,harvema01,Matt Harvey,KCR,-0.6
2020,bacusda01,Dakota Bacus,WSN,-0.1
2020,brogdco01,Connor Brogdon,PHI,0.2
2020,chiriyo01,Yonny Chirinos,TBR,0.3
2020,cimbead01,Adam Cimber,CLE,0.0
2020,kilomfr01,Franklyn Kilome,NYM,-0.3
2020,menezco01,Conner Menez,SFG,0.2
2020,yamamjo01,Jordan Yamamoto,MIA,-1.1
2020,zeuchtj01,T.J. Zeuch,TOR,0.5
2020,drakeol01,Oliver Drake,TBR,-0.1
2020,goodyni01,Nick Goody,TEX,-0.6
2020,hartky01,Kyle Hart,BOS,-0.9
2020,lauerer01,Eric Lauer,MIL,-0.6
2020,mcgowky01,Kyle McGowin,WSN,0.3
2020,tarplst01,Stephen Tarpley,MIA,-0.5
2020,allenlo01,Logan Allen,CLE,0.1
2020,castehu01,Humberto Castellanos,HOU,-0.1
2020,duggero01,Robert Dugger,MIA,-0.5
2020,ramirni01,Nick Ramirez,DET,0.0
2020,romerjo01,JoJo Romero,PHI,-0.3
2020,kingjo01,John King,TEX,-0.2
2020,magilma01,Matt Magill,SEA,-0.2
2020,fulmeca01,Carson Fulmer,2TM,0.2
2020,fulmeca01,Carson Fulmer,DET,0.0
2020,fulmeca01,Carson Fulmer,BAL,0.3
2020,garciri01,Rico Garcia,SFG,0.0
2020,kellyjo05,Joe Kelly,LAD,0.2
2020,mejiahu01,Humberto Mejía,MIA,-0.1
2020,mellake01,Keury Mella,ARI,0.2
2020,quintjo01,Jose Quintana,CHC,0.0
2020,stanery01,Ryne Stanek,MIA,-0.1
2020,stephro01,Robert Stephenson,CIN,-0.4
2020,webbja01,Jacob Webb,ATL,0.2
2020,leonedo01,Dominic Leone,CLE,-0.3
2020,rossora01,Ramón Rosso,PHI,0.0
2020,sherrry01,Ryan Sherriff,TBR,0.5
2020,suarean01,Andrew Suárez,SFG,0.2
2020,chafian01,Andrew Chafin,2TM,-0.1
2020,chafian01,Andrew Chafin,ARI,-0.2
2020,chafian01,Andrew Chafin,CHC,0.1
2020,bummeaa01,Aaron Bummer,CHW,0.4
2020,feyerjo01,J.P. Feyereisen,MIL,0.0
2020,roech01,Chaz Roe,TBR,0.3
2020,alvarjo03,José Alvarado,TBR,-0.1
2020,leibrbr01,Brandon Leibrandt,MIA,0.2
2020,adamsch01,Chance Adams,KCR,-0.2
2020,hallma02,Matt Hall,BOS,-0.9
2020,harvehu01,Hunter Harvey,BAL,0.0
2020,rodrini01,Nivaldo Rodríguez,HOU,-0.2
2020,tinocje01,Jesús Tinoco,2TM,0.3
2020,tinocje01,Jesús Tinoco,MIA,0.2
2020,tinocje01,Jesús Tinoco,COL,0.1
2020,avilalu01,Luis Avilán,NYY,0.1
2020,bashlty01,Tyler Bashlor,PIT,-0.3
2020,crismna01,Nabil Crismatt,STL,0.0
2020,crowewi01,Wil Crowe,WSN,-0.5
2020,garcilu03,Luis García,TEX,-0.3
2020,goudeas01,Ashton Goudeau,COL,-0.1
2020,hernada02,Darwinzon Hernández,BOS,0.4
2020,neideni01,Nick Neidert,MIA,0.0
2020,triggan01,Andrew Triggs,2TM,0.0
2020,triggan01,Andrew Triggs,SFG,-0.2
2020,triggan01,Andrew Triggs,BOS,0.2
2020,bergetr01,Travis Bergen,2TM,0.1
2020,bergetr01,Travis Bergen,TOR,0.1
2020,bergetr01,Travis Bergen,ARI,0.1
2020,baileho02,Homer Bailey,MIN,0.2
2020,kittran01,Andrew Kittredge,TBR,0.3
2020,cortene01,Nestor Cortes,SEA,-0.6
2020,doolise01,Sean Doolittle,WSN,0.0
2020,garrebr01,Braxton Garrett,MIA,0.0
2020,guilbta01,Taylor Guilbeau,SEA,0.3
2020,poppese01,Sean Poppen,MIN,0.0
2020,rodonca01,Carlos Rodón,CHW,-0.4
2020,swanser01,Erik Swanson,SEA,-0.8
2020,topaju01,Justin Topa,MIL,0.2
2020,bailebr01,Brandon Bailey,HOU,0.1
2020,braymbe01,Ben Braymer,WSN,0.4
2020,brennbr01,Brandon Brennan,SEA,0.1
2020,burdiza01,Zack Burdi,CHW,-0.6
2020,dejonch01,Chase De Jong,HOU,-0.6
2020,grotzza01,Zac Grotz,SEA,-0.6
2020,guerrde01,Deolis Guerra,PHI,-0.3
2020,taylojo02,Josh Taylor,BOS,-0.3
2020,bandaan01,Anthony Banda,TBR,-0.4
2020,hessda01,David Hess,BAL,0.0
2020,smithdr01,Drew Smith,NYM,-0.1
2020,thornty01,Tyler Thornburg,CIN,0.1
2020,yajurmi01,Miguel Yajure,NYY,0.2
2020,zimmebr02,Bruce Zimmermann,BAL,-0.1
2020,burrobe01,Beau Burrows,DET,0.0
2020,reidfse01,Sean Reid-Foley,TOR,0.1
2020,davisau01,Austin Davis,2TM,-0.2
2020,davisau01,Austin Davis,PHI,-0.2
2020,davisau01,Austin Davis,PIT,0.1
2020,alvarjo02,José Álvarez,PHI,0.3
2020,bednada01,David Bednar,SDP,-0.1
2020,litteza01,Zack Littell,MIN,-0.3
2020,perezci01,Cionel Pérez,HOU,0.1
2020,schmicl01,Clarke Schmidt,NYY,-0.2
2020,stievjo01,Jonathan Stiever,CHW,-0.3
2020,buchtry01,Ryan Buchter,LAA,0.0
2020,crochga01,Garrett Crochet,CHW,0.3
2020,deleojo03,José De León,CIN,-0.5
2020,diehlph01,Phillip Diehl,COL,-0.2
2020,espinpa01,Paolo Espino,WSN,0.1
2020,hellebe01,Ben Heller,NYY,0.1
2020,mccarke01,Kevin McCarthy,KCR,0.0
2020,murphpa02,Patrick Murphy,TOR,0.2
2020,santoan02,Antonio Santos,COL,-0.3
2020,sewalpa01,Paul Sewald,NYM,-0.3
2020,shawbr01,Bryan Shaw,SEA,-0.7
2020,verlaju01,Justin Verlander,HOU,0.2
2020,crickky01,Kyle Crick,PIT,-0.3
2020,lucchjo01,Joey Lucchesi,SDP,-0.2
2020,shafeju01,Justin Shafer,MIA,-0.4
2020,speiega01,Gabe Speier,KCR,-0.1
2020,thorntr01,Trent Thornton,TOR,-0.2
2020,volqued01,Edinson Vólquez,TEX,-0.1
2020,zimmejo02,Jordan Zimmermann,DET,-0.2
2020,bardlu01,Luke Bard,LAA,-0.1
2020,farrelu01,Luke Farrell,TEX,-0.1
2020,mcclare01,Reggie McClain,PHI,-0.2
2020,montgmi01,Mike Montgomery,KCR,-0.1
2020,pazosja01,James Pazos,COL,-0.3
2020,sanchri01,Ricardo Sánchez,STL,-0.1
2020,sharpst01,Sterling Sharp,MIA,-0.3
2020,chacijh01,Jhoulys Chacín,ATL,-0.1
2020,freemsa01,Sam Freeman,WSN,0.2
2020,klinebr01,Branden Kline,BAL,0.2
2020,mearsni01,Nick Mears,PIT,0.0
2020,millety01,Tyson Miller,CHC,0.0
2020,sparkgl01,Glenn Sparkman,KCR,-0.2
2020,strasst01,Stephen Strasburg,WSN,-0.2
2020,baezmi01,Michel Báez,SDP,-0.1
2020,edwarca01,Carl Edwards Jr.,SEA,0.2
2020,grimmju01,Justin Grimm,MIL,-0.3
2020,kaminro01,Rob Kaminsky,STL,-0.1
2020,leyerro01,Robinson Leyer,BOS,-0.7
2020,whitlko01,Kodi Whitley,STL,0.1
2020,moranbr01,Brian Moran,2TM,-0.1
2020,moranbr01,Brian Moran,TOR,0.2
2020,moranbr01,Brian Moran,MIA,-0.3
2020,biagijo01,Joe Biagini,HOU,-0.4
2020,daviswa01,Wade Davis,COL,-0.7
2020,fletcaa01,Aaron Fletcher,SEA,-0.2
2020,gilmase01,Sean Gilmartin,TBR,-0.1
2020,mujicjo01,José Mujica,COL,-0.5
2020,osunaro01,Roberto Osuna,HOU,0.3
2020,sborzjo01,Josh Sborz,LAD,0.1
2020,tapiado01,Domingo Tapia,BOS,0.1
2020,vendipa01,Pat Venditte,MIA,0.2
2020,vesiaal01,Alex Vesia,MIA,-0.6
2020,yateski01,Kirby Yates,SDP,-0.3
2020,adamsau02,Austin Adams,SDP,0.0
2020,bourqja01,James Bourque,WSN,0.1
2020,cederbl01,Blake Cederlind,PIT,0.0
2020,evansde01,Demarcus Evans,TEX,0.1
2020,hamilia01,Ian Hamilton,CHW,0.0
2020,juradar01,Ariel Jurado,NYM,-0.2
2020,medinad01,Adonis Medina,PHI,0.1
2020,morinmi01,Mike Morin,MIA,0.3
2020,riosya01,Yacksel Ríos,PIT,-0.1
2020,rodride01,Dereck Rodríguez,SFG,-0.3
2020,ruizjo01,José Ruiz,CHW,0.1
2020,suarera01,Ranger Suárez,PHI,-0.4
2020,bolanro01,Ronald Bolaños,KCR,-0.4
2020,delpomi01,Miguel Del Pozo,PIT,-0.6
2020,devench02,Chris Devenski,HOU,-0.4
2020,gileske01,Ken Giles,TOR,-0.2
2020,irvinco01,Cole Irvin,PHI,-0.3
2020,kaprija01,James Kaprielian,OAK,-0.1
2020,kriskbr01,Brooks Kriske,NYY,-0.4
2020,quijajo01,José Quijada,LAA,-0.2
2020,sobotch01,Chad Sobotka,ATL,-0.1
2020,abreubr01,Bryan Abreu,HOU,0.0
2020,brothre01,Rex Brothers,CHC,-0.1
2020,davidma02,Matt Davidson,CIN,0.0
2020,eibnebr01,Brett Eibner,MIA,-0.2
2020,foltymi01,Mike Foltynewicz,ATL,-0.3
2020,garcied01,Edgar García,TBR,-0.3
2020,hamelco01,Cole Hamels,ATL,-0.1
2020,harvejo01,Joe Harvey,COL,0.1
2020,kelletr01,Trevor Kelley,PHI,-0.1
2020,lewicar01,Artie Lewicki,ARI,0.0
2020,rosarra01,Randy Rosario,KCR,-0.1
2020,rusinch01,Chris Rusin,ATL,-0.1
2020,strichu01,Hunter Strickland,NYM,-0.1
2020,waddebr01,Brandon Waddell,PIT,0.1
2020,blackra01,Ray Black,MIL,0.1
2020,blewesc01,Scott Blewett,KCR,0.0
2020,fernaju01,Junior Fernández,STL,-0.2
2020,gavigsa01,Sam Gaviglio,TOR,-0.1
2020,kuhnejo01,Joel Kuhnel,CIN,0.0
2020,mcraeal01,Alex McRae,CHW,0.1
2020,payamjo01,Joel Payamps,ARI,0.0
2020,quezajo01,Johan Quezada,MIA,-0.1
2020,whitemi03,Mitch White,LAD,0.1
2020,couloda01,Danny Coulombe,MIN,0.1
2020,frankse01,Seth Frankoff,SEA,-0.4
2020,meisiry01,Ryan Meisinger,STL,0.1
2020,perdoan01,Angel Perdomo,MIL,-0.3
2020,ramosaj01,AJ Ramos,COL,0.1
2020,romerse01,Seth Romero,WSN,-0.2
2020,blackpa01,Paul Blackburn,OAK,-0.3
2020,burdini01,Nick Burdi,PIT,0.0
2020,doyleto01,Tommy Doyle,COL,-0.2
2020,herreke01,Kelvin Herrera,CHW,-0.1
2020,kelleky01,Kyle Keller,LAA,0.0
2020,mantijo01,Joe Mantiply,ARI,-0.2
2020,palumjo01,Joe Palumbo,TEX,-0.2
2020,peacobr01,Brad Peacock,HOU,-0.1
2020,stroppe01,Pedro Strop,CIN,-0.2
2020,suarejo01,José Suarez,LAA,-0.6
2020,wahlbo01,Bobby Wahl,MIL,-0.2
2020,yacabji01,Jimmy Yacabonis,SEA,0.0
2020,arciaor01,Orlando Arcia,MIL,-0.1
2020,carroco01,Cody Carroll,BAL,-0.5
2020,espinsa01,Santiago Espinal,TOR,0.0
2020,florebe01,Bernardo Flores Jr.,CHW,-0.1
2020,gearrco01,Cory Gearrin,MIN,0.1
2020,jeffeda01,Daulton Jefferies,OAK,-0.3
2020,kelake01,Keone Kela,PIT,0.0
2020,kratzer01,Erik Kratz,NYY,0.0
2020,lambeji01,Jimmy Lambert,CHW,0.1
2020,leclejo01,José Leclerc,TEX,0.0
2020,sanabca01,Carlos Sanabria,HOU,0.0
2020,barreaa01,Aaron Barrett,WSN,0.0
2020,buterdr01,Drew Butera,COL,0.0
2020,davidtu01,Tucker Davidson,ATL,-0.3
2020,felizmi01,Michael Feliz,PIT,-0.3
2020,grifffo01,Foster Griffin,KCR,0.1
2020,lyonsty01,Tyler Lyons,NYY,-0.1
2020,norwoja01,James Norwood,CHC,-0.1
2020,ohtansh01,Shohei Ohtani,LAA,-0.4
2020,perezhe02,Hector Perez,TOR,0.0
2020,peterdi01,Dillon Peters,LAA,-0.2
2020,rodrijo07,José Rodríguez,LAA,0.2
2020,smithjo08,Josh D. Smith,MIA,-0.1
2020,abreual01,Albert Abreu,NYY,-0.3
2020,anderdr02,Drew Anderson,CHW,-0.3
2020,holmecl01,Clay Holmes,PIT,0.1
2020,holtbr01,Brock Holt,WSN,0.0
2020,jimenda01,Dany Jiménez,SFG,0.0
2020,nicasju01,Juan Nicasio,TEX,-0.3
2020,romansa01,Sal Romano,CIN,0.1
2020,adriaeh01,Ehire Adrianza,MIN,0.0
2020,bemboan01,Anthony Bemboom,LAA,0.0
2020,bickfph01,Phil Bickford,MIL,-0.1
2020,brachsi01,Silvino Bracho,ARI,-0.1
2020,brighje01,Jeff Brigham,MIA,-0.1
2020,castran02,Anthony Castro,DET,-0.1
2020,cruzje01,Jesús Cruz,STL,-0.1
2020,demertr01,Travis Demeritte,DET,-0.1
2020,dermoma01,Matt Dermody,CHC,0.0
2020,forsylo01,Logan Forsythe,MIA,0.0
2020,frazito01,Todd Frazier,NYM,0.0
2020,gracema02,Matt Grace,ARI,-0.4
2020,guilllu01,Luis Guillorme,NYM,0.0
2020,guzmajo04,Jorge Guzmán,MIA,-0.1
2020,gyorkje01,Jedd Gyorko,MIL,0.0
2020,heinety01,Tyler Heineman,SFG,0.0
2020,kahnlto01,Tommy Kahnle,NYY,0.1
2020,kellyca02,Carson Kelly,ARI,0.0
2020,klubeco01,Corey Kluber,TEX,0.1
2020,lintz02,Tzu-Wei Lin,BOS,-0.1
2020,llovema01,Mauricio Llovera,PHI,-0.1
2020,lopesti01,Tim Lopes,SEA,-0.1
2020,lovelri01,Richard Lovelady,KCR,0.0
2020,mapledi01,Dillon Maples,CHC,-0.1
2020,murphjr01,John Ryan Murphy,PIT,0.0
2020,sanchca01,Yolmer Sánchez,CHW,0.0
2020,schroma01,Max Schrock,STL,0.0
2020,wieckbr01,Brad Wieck,CHC,-0.1
2020,biddlje01,Jesse Biddle,CIN,0.0
2020,cleavga01,Garrett Cleavinger,PHI,0.0
2020,marqubr01,Brailyn Márquez,CHC,-0.2
2020,nelsoky01,Kyle Nelson,CLE,-0.1
2020,plaweke01,Kevin Plawecki,BOS,0.0
2020,ramirro02,Roel Ramírez,STL,-0.3
2020,walkene01,Neil Walker,PHI,0.0
2020,weigepa01,Patrick Weigel,ATL,-0.1
2020,beaslje01,Jeremy Beasley,ARI,0.0
2020,brossmi01,Mike Brosseau,TBR,0.0
2020,colined01,Edwar Colina,MIN,-0.2
2020,culbech01,Charlie Culberson,ATL,0.0
2020,holadbr01,Bryan Holaday,BAL,0.0
2020,hollojo01,Jordan Holloway,MIA,0.0
2020,mckayda02,David McKay,DET,-0.1
2020,perazjo01,José Peraza,BOS,0.0
2021,wheelza01,Zack Wheeler,PHI,7.5
2021,buehlwa01,Walker Buehler,LAD,7.1
2021,wainwad01,Adam Wainwright,STL,3.7
2021,alcansa01,Sandy Alcantara,MIA,4.2
2021,rayro02,Robbie Ray,TOR,6.9
2021,gausmke01,Kevin Gausman,SFG,5.2
2021,berrijo01,José Berríos,2TM,3.4
2021,berrijo01,José Berríos,MIN,1.9
2021,berrijo01,José Berríos,TOR,1.5
2021,castilu02,Luis Castillo,CIN,4.2
2021,montafr02,Frankie Montas,OAK,3.7
2021,mortoch02,Charlie Morton,ATL,3.9
2021,uriasju01,Julio Urías,LAD,4.8
2021,eovalna01,Nathan Eovaldi,BOS,4.3
2021,gibsoky01,Kyle Gibson,2TM,3.5
2021,gibsoky01,Kyle Gibson,TEX,3.2
2021,gibsoky01,Kyle Gibson,PHI,0.3
2021,colege01,Gerrit Cole,NYY,5.7
2021,musgrjo01,Joe Musgrove,SDP,3.7
2021,hendrky01,Kyle Hendricks,CHC,0.8
2021,nolaaa01,Aaron Nola,PHI,2.5
2021,lylesjo01,Jordan Lyles,TEX,0.0
2021,mahlety01,Tyler Mahle,CIN,4.9
2021,marquge01,Germán Márquez,COL,2.4
2021,flexech01,Chris Flexen,SEA,3.4
2021,manaese01,Sean Manaea,OAK,3.2
2021,woodrbr01,Brandon Woodruff,MIL,5.3
2021,scherma01,Max Scherzer,2TM,6.1
2021,scherma01,Max Scherzer,WSN,3.3
2021,scherma01,Max Scherzer,LAD,2.8
2021,stromma01,Marcus Stroman,NYM,3.4
2021,giolilu01,Lucas Giolito,CHW,4.3
2021,irvinco01,Cole Irvin,OAK,1.4
2021,corbipa01,Patrick Corbin,WSN,-1.2
2021,greinza01,Zack Greinke,HOU,1.1
2021,ryuhy01,Hyun Jin Ryu,TOR,2.0
2021,desclan01,Anthony DeSclafani,SFG,4.2
2021,burneco01,Corbin Burnes,MIL,5.3
2021,anderty01,Tyler Anderson,2TM,1.7
2021,anderty01,Tyler Anderson,PIT,1.4
2021,anderty01,Tyler Anderson,SEA,0.3
2021,darviyu01,Yu Darvish,SDP,1.4
2021,ceasedy01,Dylan Cease,CHW,3.0
2021,friedma01,Max Fried,ATL,4.2
2021,mileywa01,Wade Miley,CIN,5.3
2021,mcculla02,Lance McCullers Jr.,HOU,3.3
2021,keuchda01,Dallas Keuchel,CHW,0.1
2021,walketa01,Taijuan Walker,NYM,0.5
2021,minormi01,Mike Minor,KCR,1.0
2021,hillri01,Rich Hill,2TM,1.6
2021,hillri01,Rich Hill,TBR,0.9
2021,hillri01,Rich Hill,NYM,0.7
2021,kellyme01,Merrill Kelly,ARI,2.5
2021,rodried05,Eduardo Rodríguez,BOS,1.7
2021,bassich01,Chris Bassitt,OAK,4.0
2021,montgjo01,Jordan Montgomery,NYY,3.3
2021,kikucyu01,Yusei Kikuchi,SEA,1.7
2021,lynnla01,Lance Lynn,CHW,5.4
2021,senzaan01,Antonio Senzatela,COL,1.9
2021,garcilu05,Luis Garcia,HOU,2.6
2021,pivetni01,Nick Pivetta,BOS,2.5
2021,yarbrry01,Ryan Yarbrough,TBR,-1.0
2021,happja01,J.A. Happ,2TM,-1.3
2021,happja01,J.A. Happ,MIN,-1.8
2021,happja01,J.A. Happ,STL,0.5
2021,matzst01,Steven Matz,TOR,2.2
2021,mizeca01,Casey Mize,DET,3.4
2021,quantca01,Cal Quantrill,CLE,3.7
2021,skubata01,Tarik Skubal,DET,1.8
2021,grayjo02,Jon Gray,COL,1.6
2021,webblo01,Logan Webb,SFG,3.9
2021,davieza02,Zach Davies,CHC,-1.0
2021,meansjo01,John Means,BAL,3.6
2021,bumgama01,Madison Bumgarner,ARI,1.4
2021,peralfr01,Freddy Peralta,MIL,3.7
2021,taillja01,Jameson Taillon,NYY,2.3
2021,gonzama02,Marco Gonzales,SEA,2.1
2021,plesaza01,Zach Plesac,CLE,1.1
2021,housead01,Adrian Houser,MIL,1.8
2021,lestejo01,Jon Lester,2TM,-0.5
2021,lestejo01,Jon Lester,WSN,-0.6
2021,lestejo01,Jon Lester,STL,0.1
2021,foltymi01,Mike Foltynewicz,TEX,-0.6
2021,woodal02,Alex Wood,SFG,1.7
2021,richaga01,Garrett Richards,BOS,0.2
2021,grayso01,Sonny Gray,CIN,3.1
2021,valdefr01,Framber Valdez,HOU,2.5
2021,kellebr01,Brad Keller,KCR,-0.4
2021,feddeer01,Erick Fedde,WSN,-1.1
2021,rogertr01,Trevor Rogers,MIA,3.5
2021,rodonca01,Carlos Rodón,CHW,5.1
2021,ohtansh01,Shohei Ohtani,LAA,4.1
2021,bubickr01,Kris Bubic,KCR,1.3
2021,heanean01,Andrew Heaney,2TM,0.3
2021,heanean01,Andrew Heaney,LAA,0.8
2021,heanean01,Andrew Heaney,NYY,-0.5
2021,snellbl01,Blake Snell,SDP,1.4
2021,anderia01,Ian Anderson,ATL,2.8
2021,singebr01,Brady Singer,KCR,0.0
2021,harvema01,Matt Harvey,BAL,-0.7
2021,smylydr01,Drew Smyly,ATL,0.7
2021,alzolad01,Adbert Alzolay,CHC,0.9
2021,allarko01,Kolby Allard,TEX,-0.8
2021,wachami01,Michael Wacha,TBR,-0.5
2021,brubajt01,JT Brubaker,PIT,0.5
2021,civalaa01,Aaron Civale,CLE,2.1
2021,mcclash01,Shane McClanahan,TBR,1.8
2021,kershcl01,Clayton Kershaw,LAD,2.3
2021,lopezjo02,Jorge López,BAL,0.0
2021,galleza01,Zac Gallen,ARI,2.1
2021,freelky01,Kyle Freeland,COL,2.0
2021,mckentr01,Triston McKenzie,CLE,1.0
2021,gilbelo01,Logan Gilbert,SEA,0.9
2021,kaprija01,James Kaprielian,OAK,1.4
2021,millsal02,Alec Mills,CHC,-0.4
2021,lauerer01,Eric Lauer,MIL,2.1
2021,dunnida01,Dane Dunning,TEX,0.7
2021,crowewi01,Wil Crowe,PIT,0.1
2021,gombeau01,Austin Gomber,COL,0.7
2021,cuetojo01,Johnny Cueto,SFG,0.9
2021,gutievl01,Vladimir Gutierrez,CIN,1.8
2021,perezma02,Martín Pérez,BOS,0.4
2021,smithca03,Caleb Smith,ARI,0.7
2021,manoaal01,Alek Manoah,TOR,2.9
2021,gantjo01,John Gant,2TM,0.6
2021,gantjo01,John Gant,STL,1.0
2021,gantjo01,John Gant,MIN,-0.3
2021,espinpa01,Paolo Espino,WSN,1.0
2021,pinedmi01,Michael Pineda,MIN,1.6
2021,paddach01,Chris Paddack,SDP,-0.6
2021,rossjo01,Joe Ross,WSN,0.8
2021,bauertr01,Trevor Bauer,LAD,3.1
2021,urquijo01,José Urquidy,HOU,2.0
2021,kimkw01,Kwang Hyun Kim,STL,1.0
2021,alexaty01,Tyler Alexander,DET,2.0
2021,maedake01,Kenta Maeda,MIN,0.3
2021,suarera01,Ranger Suárez,PHI,5.6
2021,eflinza01,Zach Eflin,PHI,2.0
2021,odorija01,Jake Odorizzi,HOU,0.6
2021,flemijo01,Josh Fleming,TBR,-0.6
2021,hearnta01,Taylor Hearn,TEX,0.0
2021,lopezpa01,Pablo López,MIA,2.8
2021,gonzach01,Chi Chi González,COL,-0.8
2021,javiecr01,Cristian Javier,HOU,1.3
2021,stripro01,Ross Stripling,TOR,1.0
2021,kellemi03,Mitch Keller,PIT,-0.3
2021,urenajo01,José Ureña,DET,-0.5
2021,arrieja01,Jake Arrieta,2TM,-2.8
2021,arrieja01,Jake Arrieta,CHC,-2.1
2021,arrieja01,Jake Arrieta,SDP,-0.7
2021,germado01,Domingo Germán,NYY,1.3
2021,suarejo01,José Suarez,LAA,1.8
2021,biebesh01,Shane Bieber,CLE,2.6
2021,anderbr04,Brett Anderson,MIL,0.1
2021,luzarje01,Jesús Luzardo,2TM,-1.4
2021,luzarje01,Jesús Luzardo,OAK,-0.9
2021,luzarje01,Jesús Luzardo,MIA,-0.6
2021,akinke01,Keegan Akin,BAL,-0.4
2021,weathry01,Ryan Weathers,SDP,-0.3
2021,velasvi01,Vince Velasquez,2TM,-0.4
2021,velasvi01,Vince Velasquez,PHI,0.1
2021,velasvi01,Vince Velasquez,SDP,-0.5
2021,peralwi01,Wily Peralta,DET,2.1
2021,cobbal01,Alex Cobb,LAA,1.6
2021,cortene01,Nestor Cortes,NYY,2.8
2021,oberba01,Bailey Ober,MIN,1.2
2021,degroja01,Jacob deGrom,NYM,4.5
2021,ynoahu01,Huascar Ynoa,ATL,1.3
2021,willitr01,Trevor Williams,2TM,0.3
2021,willitr01,Trevor Williams,CHC,-0.2
2021,willitr01,Trevor Williams,NYM,0.5
2021,bundydy01,Dylan Bundy,LAA,-0.3
2021,megilty01,Tylor Megill,NYM,0.6
2021,morgael01,Eli Morgan,CLE,0.3
2021,stammcr01,Craig Stammen,SDP,1.5
2021,glasnty01,Tyler Glasnow,TBR,2.4
2021,sandopa02,Patrick Sandoval,LAA,2.0
2021,peacoma01,Matt Peacock,ARI,0.2
2021,hernaca04,Carlos Hernández,KCR,1.7
2021,mannima02,Matt Manning,DET,-0.4
2021,greench03,Chad Green,NYY,2.4
2021,martica04,Carlos Martínez,STL,-1.3
2021,jaxgr01,Griffin Jax,MIN,-1.1
2021,crismna01,Nabil Crismatt,SDP,0.4
2021,rogerty01,Tyler Rogers,SFG,2.5
2021,gallegi01,Giovanny Gallegos,STL,1.3
2021,kuhlch01,Chad Kuhl,PIT,0.2
2021,sheffju01,Justus Sheffield,SEA,-1.9
2021,klubeco01,Corey Kluber,NYY,1.5
2021,stratch01,Chris Stratton,PIT,1.1
2021,boydma01,Matthew Boyd,DET,1.4
2021,flaheja01,Jack Flaherty,STL,0.8
2021,petityu01,Yusmeiro Petit,OAK,0.9
2021,patinlu01,Luis Patiño,TBR,0.2
2021,shawbr01,Bryan Shaw,CLE,1.2
2021,rasmudr01,Drew Rasmussen,2TM,1.7
2021,rasmudr01,Drew Rasmussen,MIL,-0.1
2021,rasmudr01,Drew Rasmussen,TBR,1.8
2021,mayermi01,Mike Mayers,LAA,1.5
2021,thompza01,Zach Thompson,MIA,1.0
2021,barlosc01,Scott Barlow,KCR,2.8
2021,nerishe01,Hector Neris,PHI,1.2
2021,wilsobr02,Bryse Wilson,2TM,0.2
2021,wilsobr02,Bryse Wilson,ATL,-0.3
2021,wilsobr02,Bryse Wilson,PIT,0.4
2021,priceda01,David Price,LAD,0.7
2021,trivilo01,Lou Trivino,OAK,1.2
2021,suterbr01,Brent Suter,MIL,0.5
2021,whitlga01,Garrett Whitlock,BOS,2.8
2021,hoffmje02,Jeff Hoffman,CIN,0.9
2021,moorema02,Matt Moore,PHI,-0.6
2021,underdu01,Duane Underwood Jr.,PIT,0.2
2021,luetglu01,Lucas Luetge,NYY,1.4
2021,reyesal02,Alex Reyes,STL,0.7
2021,treinbl01,Blake Treinen,LAD,2.5
2021,kittran01,Andrew Kittredge,TBR,2.4
2021,cimbead01,Adam Cimber,2TM,1.8
2021,cimbead01,Adam Cimber,MIA,0.6
2021,cimbead01,Adam Cimber,TOR,1.2
2021,hendrli01,Liam Hendriks,CHW,2.6
2021,loaisjo01,Jonathan Loáisiga,NYY,3.3
2021,grayjo03,Josiah Gray,2TM,-0.2
2021,grayjo03,Josiah Gray,LAD,-0.1
2021,grayjo03,Josiah Gray,WSN,-0.1
2021,castrmi01,Miguel Castro,NYM,0.6
2021,kinlety01,Tyler Kinley,COL,0.4
2021,widenta01,Taylor Widener,ARI,0.8
2021,cabrege01,Génesis Cabrera,STL,0.2
2021,iglesra01,Raisel Iglesias,LAA,2.8
2021,holmecl01,Clay Holmes,2TM,1.3
2021,holmecl01,Clay Holmes,PIT,0.0
2021,holmecl01,Clay Holmes,NYY,1.3
2021,claseem01,Emmanuel Clase,CLE,2.8
2021,fulmemi01,Michael Fulmer,DET,1.9
2021,kopecmi01,Michael Kopech,CHW,1.4
2021,houckta01,Tanner Houck,BOS,1.5
2021,janseke01,Kenley Jansen,LAD,2.5
2021,robleha01,Hansel Robles,2TM,-0.2
2021,robleha01,Hansel Robles,MIN,-0.6
2021,robleha01,Hansel Robles,BOS,0.5
2021,garcija04,Jarlín García,SFG,1.7
2021,hentgsa01,Sam Hentges,CLE,-1.0
2021,chafian01,Andrew Chafin,2TM,2.9
2021,chafian01,Andrew Chafin,CHC,1.5
2021,chafian01,Andrew Chafin,OAK,1.4
2021,cishest01,Steve Cishek,LAA,1.2
2021,funkhky01,Kyle Funkhouser,DET,1.0
2021,stanery01,Ryne Stanek,HOU,0.5
2021,lynchda02,Daniel Lynch IV,KCR,-0.2
2021,smithwi04,Will Smith,ATL,1.5
2021,steckdr01,Drew Steckenrider,SEA,2.5
2021,tatedi01,Dillon Tate,BAL,0.9
2021,woodfja01,Jake Woodford,STL,0.4
2021,smithri01,Riley Smith,ARI,-0.4
2021,heuerco01,Codi Heuer,2TM,0.6
2021,heuerco01,Codi Heuer,CHW,0.0
2021,heuerco01,Codi Heuer,CHC,0.6
2021,peterda01,David Peterson,NYM,-0.5
2021,matonph01,Phil Maton,2TM,0.0
2021,matonph01,Phil Maton,CLE,0.2
2021,matonph01,Phil Maton,HOU,-0.3
2021,finneky01,Kyle Finnegan,WSN,-0.6
2021,bardda01,Daniel Bard,COL,-0.3
2021,guerrde01,Deolis Guerra,OAK,0.2
2021,staumjo01,Josh Staumont,KCR,1.5
2021,weavelu01,Luke Weaver,ARI,1.0
2021,guerrju02,Junior Guerra,LAA,-0.4
2021,santaer01,Ervin Santana,KCR,0.5
2021,colomal01,Alex Colomé,MIN,-0.7
2021,ruizjo01,José Ruiz,CHW,1.1
2021,alvarjo02,José Álvarez,SFG,1.2
2021,boxbebr01,Brad Boxberger,MIL,1.0
2021,melanma01,Mark Melancon,SDP,2.1
2021,sewalpa01,Paul Sewald,SEA,1.6
2021,handbr01,Brad Hand,3TM,-0.3
2021,handbr01,Brad Hand,2TM,0.3
2021,handbr01,Brad Hand,WSN,0.3
2021,handbr01,Brad Hand,NYM,0.0
2021,handbr01,Brad Hand,TOR,-0.6
2021,cessalu01,Luis Cessa,2TM,2.0
2021,cessalu01,Luis Cessa,NYY,0.7
2021,cessalu01,Luis Cessa,CIN,1.3
2021,chacijh01,Jhoulys Chacín,COL,0.7
2021,zimmebr02,Bruce Zimmermann,BAL,0.7
2021,rodriri05,Richard Rodríguez,2TM,2.1
2021,rodriri05,Richard Rodríguez,PIT,1.5
2021,rodriri05,Richard Rodríguez,ATL,0.6
2021,richatr01,Trevor Richards,3TM,0.9
2021,richatr01,Trevor Richards,2TM,0.6
2021,richatr01,Trevor Richards,TBR,0.0
2021,richatr01,Trevor Richards,MIL,0.3
2021,richatr01,Trevor Richards,TOR,0.6
2021,brentja01,Jake Brentz,KCR,0.4
2021,florody01,Dylan Floro,MIA,1.5
2021,mchugco01,Collin McHugh,TBR,2.0
2021,pressry01,Ryan Pressly,HOU,1.9
2021,thielca01,Caleb Thielbar,MIN,1.2
2021,jackslu01,Luke Jackson,ATL,2.3
2021,sotogr01,Gregory Soto,DET,1.4
2021,kingmi01,Michael King,NYY,1.0
2021,paganem01,Emilio Pagán,SDP,-0.3
2021,stephtr01,Trevor Stephan,CLE,0.4
2021,sulseco01,Cole Sulser,BAL,2.3
2021,matzety01,Tyler Matzek,ATL,1.9
2021,romanjo03,Jordan Romano,TOR,2.4
2021,quintjo01,Jose Quintana,2TM,-0.9
2021,quintjo01,Jose Quintana,LAA,-0.9
2021,quintjo01,Jose Quintana,SFG,0.0
2021,cannigr01,Griffin Canning,LAA,0.1
2021,diazed04,Edwin Díaz,NYM,1.1
2021,maytr01,Trevor May,NYM,0.5
2021,duffety01,Tyler Duffey,MIN,1.2
2021,martibr01,Brett Martin,TEX,0.4
2021,oviedjo01,Johan Oviedo,STL,-0.5
2021,wittgni01,Nick Wittgren,CLE,-0.1
2021,ottavad01,Adam Ottavino,BOS,0.8
2021,cisnejo01,José Cisnero,DET,0.4
2021,estevca01,Carlos Estévez,COL,0.4
2021,litteza01,Zack Littell,SFG,1.0
2021,romose01,Sergio Romo,OAK,0.1
2021,bassan01,Anthony Bass,MIA,0.1
2021,bendean01,Anthony Bender,MIA,1.3
2021,teperry01,Ryan Tepera,2TM,1.7
2021,teperry01,Ryan Tepera,CHC,1.1
2021,teperry01,Ryan Tepera,CHW,0.7
2021,duffyda01,Danny Duffy,KCR,2.0
2021,bednada01,David Bednar,PIT,2.1
2021,diekmja01,Jake Diekman,OAK,0.4
2021,shoemma01,Matt Shoemaker,MIN,-1.8
2021,alcaljo01,Jorge Alcala,MIN,0.3
2021,hillti01,Tim Hill,SDP,-0.1
2021,mcgeeja01,Jake McGee,SFG,1.0
2021,kimbrcr01,Craig Kimbrel,2TM,2.4
2021,kimbrcr01,Craig Kimbrel,CHC,2.4
2021,kimbrcr01,Craig Kimbrel,CHW,0.0
2021,familje01,Jeurys Familia,NYM,0.0
2021,sborzjo01,Josh Sborz,TEX,0.3
2021,haderjo01,Josh Hader,MIL,3.2
2021,johnspi01,Pierce Johnson,SDP,1.1
2021,strichu01,Hunter Strickland,3TM,0.9
2021,strichu01,Hunter Strickland,2TM,-0.1
2021,strichu01,Hunter Strickland,TBR,0.3
2021,strichu01,Hunter Strickland,LAA,-0.4
2021,strichu01,Hunter Strickland,MIL,1.0
2021,castidi01,Diego Castillo,2TM,1.2
2021,castidi01,Diego Castillo,TBR,0.8
2021,castidi01,Diego Castillo,SEA,0.4
2021,bleieri01,Richard Bleier,MIA,1.2
2021,hembrhe01,Heath Hembree,2TM,-0.3
2021,hembrhe01,Heath Hembree,NYM,0.3
2021,hembrhe01,Heath Hembree,CIN,-0.6
2021,brogdco01,Connor Brogdon,PHI,1.0
2021,lopezre01,Reynaldo López,CHW,0.9
2021,garciyi01,Yimi García,2TM,0.5
2021,garciyi01,Yimi García,MIA,0.8
2021,garciyi01,Yimi García,HOU,-0.3
2021,vothau01,Austin Voth,WSN,-0.4
2021,watsoto01,Tony Watson,2TM,0.8
2021,watsoto01,Tony Watson,LAA,0.1
2021,watsoto01,Tony Watson,SFG,0.7
2021,steelju01,Justin Steele,CHC,0.6
2021,wellsty01,Tyler Wells,BAL,0.9
2021,norrida01,Daniel Norris,2TM,-0.7
2021,norrida01,Daniel Norris,DET,-0.3
2021,norrida01,Daniel Norris,MIL,-0.4
2021,barrija01,Jaime Barria,LAA,0.9
2021,loupaa01,Aaron Loup,NYM,2.8
2021,bummeaa01,Aaron Bummer,CHW,0.5
2021,chapmar01,Aroldis Chapman,NYY,1.5
2021,plutkad01,Adam Plutko,BAL,-1.1
2021,shrevch01,Chasen Shreve,PIT,1.3
2021,kenneia01,Ian Kennedy,2TM,1.4
2021,kenneia01,Ian Kennedy,TEX,1.2
2021,kenneia01,Ian Kennedy,PHI,0.3
2021,graveke01,Kendall Graveman,2TM,2.1
2021,graveke01,Kendall Graveman,SEA,1.6
2021,graveke01,Kendall Graveman,HOU,0.5
2021,feyerjo01,J.P. Feyereisen,2TM,0.9
2021,feyerjo01,J.P. Feyereisen,MIL,0.3
2021,feyerjo01,J.P. Feyereisen,TBR,0.6
2021,alvarjo03,José Alvarado,PHI,0.3
2021,gonsoto01,Tony Gonsolin,LAD,1.2
2021,hollagr01,Greg Holland,KCR,0.0
2021,karinja01,James Karinchak,CLE,0.9
2021,barnema01,Matt Barnes,BOS,1.1
2021,misiean01,Anthony Misiewicz,SEA,0.2
2021,popza01,Zach Pop,MIA,0.1
2021,watkisp01,Spenser Watkins,BAL,-0.9
2021,santade01,Dennis Santana,2TM,-0.1
2021,santade01,Dennis Santana,LAD,-0.3
2021,santade01,Dennis Santana,TEX,0.1
2021,crochga01,Garrett Crochet,CHW,1.3
2021,scottta01,Tanner Scott,BAL,-0.1
2021,willide03,Devin Williams,MIL,1.5
2021,zimmeky01,Kyle Zimmer,KCR,-0.1
2021,carraca01,Carlos Carrasco,NYM,-0.8
2021,kremede01,Dean Kremer,BAL,-0.9
2021,leonedo01,Dominic Leone,SFG,1.8
2021,chargjt01,JT Chargois,2TM,1.5
2021,chargjt01,JT Chargois,SEA,0.6
2021,chargjt01,JT Chargois,TBR,0.9
2021,thompke02,Keegan Thompson,CHC,0.8
2021,brothre01,Rex Brothers,CHC,-0.3
2021,mayzati01,Tim Mayza,TOR,1.0
2021,sawamhi01,Hirokazu Sawamura,BOS,0.8
2021,adamsau02,Austin Adams,SDP,0.2
2021,mejiaje02,J.C. Mejía,CLE,-1.2
2021,minteaj01,A.J. Minter,ATL,0.2
2021,detwiro01,Ross Detwiler,2TM,0.2
2021,detwiro01,Ross Detwiler,MIA,-0.1
2021,detwiro01,Ross Detwiler,SDP,0.3
2021,youngal01,Alex Young,2TM,-1.1
2021,youngal01,Alex Young,ARI,-0.9
2021,youngal01,Alex Young,CLE,-0.3
2021,hernael01,Elieser Hernández,MIA,0.4
2021,hudsoda01,Daniel Hudson,2TM,0.8
2021,hudsoda01,Daniel Hudson,WSN,1.0
2021,hudsoda01,Daniel Hudson,SDP,-0.2
2021,bickfph01,Phil Bickford,2TM,1.2
2021,bickfph01,Phil Bickford,MIL,-0.1
2021,bickfph01,Phil Bickford,LAD,1.2
2021,bradlar01,Archie Bradley,PHI,0.7
2021,givenmy01,Mychal Givens,2TM,1.4
2021,givenmy01,Mychal Givens,COL,1.2
2021,givenmy01,Mychal Givens,CIN,0.3
2021,peralwa01,Wandy Peralta,2TM,0.9
2021,peralwa01,Wandy Peralta,SFG,-0.1
2021,peralwa01,Wandy Peralta,NYY,0.9
2021,dobnara01,Randy Dobnak,MIN,-1.3
2021,allenlo01,Logan Allen,CLE,-0.7
2021,dunnju01,Justin Dunn,SEA,1.0
2021,payamjo01,Joel Payamps,2TM,0.9
2021,payamjo01,Joel Payamps,TOR,0.9
2021,payamjo01,Joel Payamps,KCR,0.0
2021,bielabr01,Brandon Bielak,HOU,-0.3
2021,toussto01,Touki Toussaint,ATL,0.2
2021,turnbsp01,Spencer Turnbull,DET,1.3
2021,degeubr01,Brett de Geus,2TM,-1.6
2021,degeubr01,Brett de Geus,TEX,-0.8
2021,degeubr01,Brett de Geus,ARI,-0.8
2021,hollade01,Derek Holland,DET,0.1
2021,doolise01,Sean Doolittle,2TM,0.6
2021,doolise01,Sean Doolittle,CIN,0.6
2021,doolise01,Sean Doolittle,SEA,0.0
2021,howarsp01,Spencer Howard,2TM,-1.2
2021,howarsp01,Spencer Howard,PHI,0.0
2021,howarsp01,Spencer Howard,TEX,-1.2
2021,tomlijo01,Josh Tomlin,ATL,-0.8
2021,montera01,Rafael Montero,2TM,-1.5
2021,montera01,Rafael Montero,SEA,-1.8
2021,montera01,Rafael Montero,HOU,0.3
2021,raleybr01,Brooks Raley,HOU,-0.4
2021,thorntr01,Trent Thornton,TOR,-0.3
2021,leblawa01,Wade LeBlanc,2TM,0.3
2021,leblawa01,Wade LeBlanc,BAL,-0.3
2021,leblawa01,Wade LeBlanc,STL,0.6
2021,wislema01,Matt Wisler,2TM,0.1
2021,wislema01,Matt Wisler,SFG,-0.3
2021,wislema01,Matt Wisler,TBR,0.4
2021,andrima01,Matt Andriese,2TM,-0.6
2021,andrima01,Matt Andriese,BOS,-0.6
2021,andrima01,Matt Andriese,SEA,0.1
2021,anderch01,Chase Anderson,PHI,-0.3
2021,almonye01,Yency Almonte,COL,-1.1
2021,garream01,Amir Garrett,CIN,-0.3
2021,taylojo02,Josh Taylor,BOS,1.2
2021,frypa01,Paul Fry,BAL,-0.6
2021,helslry01,Ryan Helsley,STL,-0.2
2021,lametdi01,Dinelson Lamet,SDP,0.2
2021,simslu01,Lucas Sims,CIN,0.7
2021,whitemi03,Mitch White,LAD,-0.2
2021,lugose01,Seth Lugo,NYM,0.7
2021,rodrijo06,Joely Rodríguez,2TM,-0.3
2021,rodrijo06,Joely Rodríguez,TEX,-0.6
2021,rodrijo06,Joely Rodríguez,NYY,0.3
2021,kingjo01,John King,TEX,0.0
2021,stephro01,Robert Stephenson,COL,0.9
2021,valdece01,César Valdez,BAL,-0.4
2021,castehu01,Humberto Castellanos,ARI,0.3
2021,jimenjo02,Joe Jiménez,DET,-0.5
2021,claysa01,Sam Clay,WSN,-0.7
2021,howarsa01,Sam Howard,PIT,-0.4
2021,mikolmi01,Miles Mikolas,STL,0.0
2021,sprinje01,Jeffrey Springs,TBR,0.2
2021,curtijo02,John Curtiss,2TM,0.1
2021,curtijo02,John Curtiss,MIA,0.9
2021,curtijo02,John Curtiss,MIL,-0.8
2021,kellyjo05,Joe Kelly,LAD,0.8
2021,dejonch01,Chase De Jong,PIT,0.0
2021,parkebl01,Blake Parker,CLE,0.9
2021,wendejb01,J.B. Wendelken,2TM,0.2
2021,wendejb01,J.B. Wendelken,OAK,0.0
2021,wendejb01,J.B. Wendelken,ARI,0.2
2021,clarkta01,Taylor Clarke,ARI,0.0
2021,martich02,Chris Martin,ATL,0.4
2021,santito01,Tony Santillan,CIN,1.4
2021,smithbu03,Burch Smith,OAK,-0.2
2021,daviswa01,Wade Davis,KCR,-0.6
2021,fairbpe01,Pete Fairbanks,TBR,0.1
2021,gilbrlu01,Lucas Gilbreath,COL,0.9
2021,salech01,Chris Sale,BOS,0.9
2021,santaed01,Edgar Santana,ATL,0.3
2021,suerowa01,Wander Suero,WSN,-1.2
2021,taylobl01,Blake Taylor,HOU,0.3
2021,wellsal01,Alex Wells,BAL,-0.3
2021,coonrsa01,Sam Coonrod,PHI,0.4
2021,pattosp01,Spencer Patton,TEX,0.4
2021,diazmi02,Miguel Díaz,SDP,0.3
2021,smithdr01,Drew Smith,NYM,0.8
2021,arihako01,Kohei Arihara,TEX,-0.7
2021,longsa01,Sam Long,SFG,-0.4
2021,rogerta01,Taylor Rogers,MIN,0.4
2021,sadleca02,Casey Sadler,SEA,2.1
2021,gilbety01,Tyler Gilbert,ARI,1.1
2021,hernada02,Darwinzon Hernández,BOS,0.9
2021,minayju01,Juan Minaya,MIN,1.2
2021,valdeph01,Phillips Valdéz,BOS,-0.2
2021,vesiaal01,Alex Vesia,LAD,0.7
2021,mantijo01,Joe Mantiply,ARI,0.0
2021,winklda01,Dan Winkler,CHC,-0.2
2021,smithjo05,Joe Smith,2TM,0.2
2021,smithjo05,Joe Smith,HOU,-0.5
2021,smithjo05,Joe Smith,SEA,0.7
2021,garcibr01,Bryan Garcia,DET,-1.2
2021,junisja01,Jakob Junis,KCR,0.1
2021,fostema01,Matt Foster,CHW,-0.4
2021,kranima01,Max Kranick,PIT,-0.4
2021,mcfartj01,T.J. McFarland,STL,0.8
2021,blackpa01,Paul Blackburn,OAK,-0.2
2021,lucchjo01,Joey Lucchesi,NYM,0.2
2021,ponceco01,Cody Ponce,PIT,-0.9
2021,barnech01,Charlie Barnes,MIN,-0.3
2021,soriajo01,Joakim Soria,2TM,0.0
2021,soriajo01,Joakim Soria,ARI,0.3
2021,soriajo01,Joakim Soria,TOR,-0.3
2021,cahiltr01,Trevor Cahill,PIT,-0.5
2021,abreual01,Albert Abreu,NYY,0.1
2021,burrry01,Ryan Burr,CHW,1.1
2021,mulleky01,Kyle Muller,ATL,0.5
2021,abreubr01,Bryan Abreu,HOU,-0.9
2021,hollojo01,Jordan Holloway,MIA,0.2
2021,millean01,Andrew Miller,STL,-0.1
2021,okertst01,Steven Okert,MIA,0.8
2021,armstsh01,Shawn Armstrong,2TM,-0.6
2021,armstsh01,Shawn Armstrong,BAL,-0.6
2021,armstsh01,Shawn Armstrong,TBR,0.0
2021,ramirno01,Noé Ramirez,2TM,0.8
2021,ramirno01,Noé Ramirez,LAA,0.0
2021,ramirno01,Noé Ramirez,ARI,0.8
2021,bowdebe01,Ben Bowden,COL,-0.6
2021,harpery01,Ryne Harper,WSN,0.3
2021,langeal01,Alex Lange,DET,0.3
2021,machaan02,Andrés Machado,WSN,0.2
2021,neideni01,Nick Neidert,MIA,0.3
2021,rogerjo01,Josh Rogers,WSN,0.8
2021,farmebu01,Buck Farmer,DET,-0.3
2021,gonzavi02,Victor González,LAD,0.5
2021,sampsad01,Adrian Sampson,CHC,0.8
2021,sanchaa01,Aaron Sanchez,SFG,0.8
2021,swanser01,Erik Swanson,SEA,0.3
2021,yanghy01,Hyeon-jong Yang,TEX,-0.4
2021,delosen01,Enyel De Los Santos,2TM,-0.7
2021,delosen01,Enyel De Los Santos,PHI,-0.7
2021,delosen01,Enyel De Los Santos,PIT,0.0
2021,headlo01,Louis Head,TBR,0.6
2021,vestwi01,Will Vest,SEA,-0.7
2021,couloda01,Danny Coulombe,MIN,0.3
2021,webbja01,Jacob Webb,ATL,-0.1
2021,goudeas01,Ashton Goudeau,2TM,0.4
2021,goudeas01,Ashton Goudeau,CIN,0.1
2021,goudeas01,Ashton Goudeau,COL,0.3
2021,garrebr01,Braxton Garrett,MIA,0.0
2021,thompry02,Ryan Thompson,TBR,0.8
2021,wilsoju10,Justin Wilson,2TM,-0.1
2021,wilsoju10,Justin Wilson,NYY,-0.5
2021,wilsoju10,Justin Wilson,CIN,0.5
2021,antonte01,Tejay Antone,CIN,2.0
2021,chaveje01,Jesse Chavez,ATL,1.1
2021,falteba01,Bailey Falter,PHI,0.0
2021,kayan01,Anthony Kay,TOR,-0.1
2021,sandlni01,Nick Sandlin,CLE,0.4
2021,tapiado01,Domingo Tapia,2TM,1.1
2021,tapiado01,Domingo Tapia,SEA,0.1
2021,tapiado01,Domingo Tapia,KCR,1.0
2021,bandaan01,Anthony Banda,2TM,0.2
2021,bandaan01,Anthony Banda,NYM,-0.3
2021,bandaan01,Anthony Banda,PIT,0.5
2021,garcilu03,Luis García,STL,0.4
2021,gratebr01,Brusdar Graterol,LAD,0.1
2021,kelleky01,Kyle Keller,PIT,-0.5
2021,ponceda01,Daniel Ponce de Leon,STL,-0.7
2021,claudal01,Álex Claudio,LAA,-0.1
2021,fariaja01,Jake Faria,ARI,0.0
2021,newcose01,Sean Newcomb,ATL,0.1
2021,dolisra01,Rafael Dolis,TOR,-0.2
2021,chatwty01,Tyler Chatwood,2TM,-0.4
2021,chatwty01,Tyler Chatwood,TOR,-0.1
2021,chatwty01,Tyler Chatwood,SFG,-0.3
2021,ashbyaa01,Aaron Ashby,MIL,-0.3
2021,hendrry01,Ryan Hendrix,CIN,-0.3
2021,raineta01,Tanner Rainey,WSN,-1.1
2021,mapledi01,Dillon Maples,CHC,0.6
2021,middlke01,Keynan Middleton,SEA,0.0
2021,slegeaa01,Aaron Slegers,LAA,-0.5
2021,cottojh01,Jharel Cotton,TEX,0.3
2021,poteeco01,Cody Poteet,MIA,0.1
2021,kowarja01,Jackson Kowar,KCR,-1.5
2021,garzara01,Ralph Garza,2TM,0.3
2021,garzara01,Ralph Garza,HOU,0.0
2021,garzara01,Ralph Garza,MIN,0.3
2021,brachbr01,Brad Brach,CIN,-0.7
2021,cousija01,Jake Cousins,MIL,0.7
2021,diplama01,Marcos Diplán,BAL,0.3
2021,mcgowky01,Kyle McGowin,WSN,0.2
2021,kintzbr01,Brandon Kintzler,PHI,-0.3
2021,lowthza01,Zac Lowther,BAL,-0.3
2021,oviedlu01,Luis Oviedo,PIT,-0.9
2021,rodrich01,Chris Rodriguez,LAA,0.5
2021,gillu01,Luis Gil,NYY,0.8
2021,sheffjo01,Jordan Sheffield,COL,0.6
2021,ellisch01,Chris Ellis,2TM,1.2
2021,ellisch01,Chris Ellis,TBR,0.1
2021,ellisch01,Chris Ellis,BAL,1.1
2021,barlojo01,Joe Barlow,TEX,0.8
2021,knehrre01,Reiss Knehr,SDP,0.0
2021,lorenmi01,Michael Lorenzen,CIN,-0.1
2021,nelsoji02,Jimmy Nelson,LAD,1.0
2021,garzaju01,Justin Garza,CLE,0.2
2021,gsellro01,Robert Gsellman,NYM,0.1
2021,nanceto01,Tommy Nance,CHC,-0.7
2021,barneja01,Jacob Barnes,2TM,-0.4
2021,barneja01,Jacob Barnes,NYM,-0.4
2021,barneja01,Jacob Barnes,TOR,-0.1
2021,ginkeke01,Kevin Ginkel,ARI,-0.6
2021,ruckemi01,Michael Rucker,CHC,-0.9
2021,lakintr01,Travis Lakins Sr.,BAL,-0.2
2021,workmbr01,Brandon Workman,2TM,-0.2
2021,workmbr01,Brandon Workman,CHC,-0.4
2021,workmbr01,Brandon Workman,BOS,0.3
2021,murphpa02,Patrick Murphy,2TM,-0.3
2021,murphpa02,Patrick Murphy,TOR,0.0
2021,murphpa02,Patrick Murphy,WSN,-0.2
2021,braulst01,Steven Brault,PIT,0.0
2021,eshelto01,Thomas Eshelman,BAL,-0.2
2021,ramiryo01,Yohan Ramírez,SEA,0.3
2021,marshev01,Evan Marshall,CHW,-0.2
2021,mazzach01,Chris Mazza,TBR,0.0
2021,wantzan01,Andrew Wantz,LAA,0.0
2021,zuberty01,Tyler Zuber,KCR,-0.3
2021,riosya01,Yacksel Ríos,2TM,0.3
2021,riosya01,Yacksel Ríos,SEA,-0.1
2021,riosya01,Yacksel Ríos,BOS,0.4
2021,dovalca01,Camilo Doval,SFG,0.6
2021,campbpa02,Paul Campbell,MIA,-0.9
2021,haleda02,David Hale,PHI,-0.2
2021,nolinse01,Sean Nolin,WSN,0.2
2021,peterdi01,Dillon Peters,PIT,0.6
2021,ramirer02,Erasmo Ramírez,DET,-0.1
2021,ryanjo04,Joe Ryan,MIN,0.4
2021,cabreed02,Edward Cabrera,MIA,-0.4
2021,evansde01,Demarcus Evans,TEX,-0.1
2021,santihe01,Héctor Santiago,SEA,0.4
2021,davisau01,Austin Davis,2TM,-0.2
2021,davisau01,Austin Davis,PIT,-0.2
2021,davisau01,Austin Davis,BOS,-0.1
2021,sanchmi01,Miguel Sánchez,MIL,0.0
2021,duggero01,Robert Dugger,SEA,-0.6
2021,fulmeca01,Carson Fulmer,CIN,-0.2
2021,knebeco01,Corey Knebel,LAD,0.8
2021,pomerdr01,Drew Pomeranz,SDP,0.8
2021,quijajo01,José Quijada,LAA,0.1
2021,sauceta01,Tayler Saucedo,TOR,0.1
2021,clippty01,Tyler Clippard,ARI,0.6
2021,morgaad01,Adam Morgan,CHC,-0.2
2021,whitlko01,Kodi Whitley,STL,0.4
2021,greenco01,Conner Greene,2TM,-0.4
2021,greenco01,Conner Greene,BAL,-0.5
2021,greenco01,Conner Greene,LAD,0.1
2021,diazye01,Yennsy Díaz,NYM,-0.2
2021,romansa01,Sal Romano,3TM,-0.6
2021,romansa01,Sal Romano,2TM,-0.6
2021,romansa01,Sal Romano,CIN,0.0
2021,romansa01,Sal Romano,MIL,-0.6
2021,romansa01,Sal Romano,NYY,0.0
2021,selmasa01,Sam Selman,2TM,-0.1
2021,selmasa01,Sam Selman,SFG,0.0
2021,selmasa01,Sam Selman,LAA,-0.2
2021,bedroca01,Cam Bedrosian,3TM,0.1
2021,bedroca01,Cam Bedrosian,2TM,-0.1
2021,bedroca01,Cam Bedrosian,CIN,-0.2
2021,bedroca01,Cam Bedrosian,OAK,0.2
2021,bedroca01,Cam Bedrosian,PHI,0.1
2021,castran02,Anthony Castro,TOR,0.0
2021,farrelu01,Luke Farrell,MIN,0.0
2021,thompma02,Mason Thompson,2TM,-0.1
2021,thompma02,Mason Thompson,SDP,0.1
2021,thompma02,Mason Thompson,WSN,-0.2
2021,crickky01,Kyle Crick,PIT,0.1
2021,rodrije01,Jefry Rodríguez,WSN,-0.1
2021,perezci01,Cionel Pérez,CIN,-0.5
2021,borucry01,Ryan Borucki,TOR,0.0
2021,megiltr01,Trevor Megill,CHC,-1.0
2021,greensh02,Shane Greene,2TM,-0.5
2021,greensh02,Shane Greene,ATL,-0.6
2021,greensh02,Shane Greene,LAD,0.1
2021,crichst01,Stefan Crichton,ARI,-0.7
2021,mearsni01,Nick Mears,PIT,-0.1
2021,ottogl01,Glenn Otto,TEX,-0.9
2021,andersh01,Shaun Anderson,3TM,-0.9
2021,andersh01,Shaun Anderson,2TM,-0.9
2021,andersh01,Shaun Anderson,MIN,-0.5
2021,andersh01,Shaun Anderson,BAL,-0.4
2021,andersh01,Shaun Anderson,SDP,0.0
2021,alexyaj01,A.J. Alexy,TEX,0.1
2021,baragca01,Caleb Baragar,SFG,0.6
2021,maydu01,Dustin May,LAD,0.6
2021,wickro01,Rowan Wick,CHC,0.0
2021,benjawe01,Wes Benjamin,TEX,-0.8
2021,naughpa01,Packy Naughton,LAA,-0.2
2021,poppese01,Sean Poppen,3TM,-0.3
2021,poppese01,Sean Poppen,2TM,-0.4
2021,poppese01,Sean Poppen,PIT,-0.3
2021,poppese01,Sean Poppen,TBR,0.0
2021,poppese01,Sean Poppen,ARI,0.0
2021,ennsdi01,Dietrich Enns,TBR,0.3
2021,mejiahu01,Humberto Mejía,ARI,-0.4
2021,anderdr02,Drew Anderson,TEX,0.3
2021,jacksja01,Jay Jackson,SFG,0.2
2021,milneho01,Hoby Milner,MIL,-0.2
2021,strasst01,Stephen Strasburg,WSN,0.0
2021,hutchdr01,Drew Hutchison,DET,0.2
2021,warrear01,Art Warren,CIN,1.0
2021,detmere01,Reid Detmers,LAA,-0.2
2021,fernaju01,Junior Fernández,STL,-0.1
2021,lovelri01,Richard Lovelady,KCR,0.5
2021,reidfse01,Sean Reid-Foley,NYM,-0.4
2021,castada01,Daniel Castano,MIA,0.0
2021,guentse01,Sean Guenther,MIA,-0.7
2021,ramirni01,Nick Ramirez,SDP,-0.3
2021,ucetaed01,Edwin Uceta,LAD,-0.5
2021,warreau01,Austin Warren,LAA,0.9
2021,davidtu01,Tucker Davidson,ATL,0.5
2021,hammejd01,J.D. Hammer,PHI,0.1
2021,hessda01,David Hess,2TM,-1.0
2021,hessda01,David Hess,MIA,-0.9
2021,hessda01,David Hess,TBR,-0.2
2021,felizmi01,Michael Feliz,4TM,-0.3
2021,felizmi01,Michael Feliz,2TM,-0.5
2021,felizmi01,Michael Feliz,2TM,0.1
2021,felizmi01,Michael Feliz,PIT,0.1
2021,felizmi01,Michael Feliz,CIN,-0.6
2021,felizmi01,Michael Feliz,BOS,0.1
2021,felizmi01,Michael Feliz,OAK,0.0
2021,conlead01,Adam Conley,TBR,0.4
2021,eickhje01,Jerad Eickhoff,NYM,-0.9
2021,scruban01,Andre Scrubb,HOU,-0.1
2021,archech01,Chris Archer,TBR,-0.1
2021,alberan01,Andrew Albers,MIN,-0.4
2021,milleju02,Justin Miller,2TM,-0.4
2021,milleju02,Justin Miller,WSN,-0.4
2021,milleju02,Justin Miller,STL,0.0
2021,jonesna01,Nate Jones,2TM,-0.3
2021,jonesna01,Nate Jones,ATL,0.1
2021,jonesna01,Nate Jones,LAD,-0.4
2021,bruihju01,Justin Bruihl,LAD,0.3
2021,krolia01,Ian Krol,DET,0.1
2021,yardler01,Eric Yardley,MIL,-0.5
2021,hergeji01,Jimmy Herget,2TM,-0.2
2021,hergeji01,Jimmy Herget,TEX,-0.3
2021,hergeji01,Jimmy Herget,LAA,0.2
2021,brebbjo01,John Brebbia,SFG,-0.2
2021,brittza01,Zack Britton,NYY,-0.4
2021,deleojo03,José De León,CIN,-0.5
2021,gustaja01,Jandel Gustave,MIL,0.1
2021,cleavga01,Garrett Cleavinger,LAD,0.1
2021,wrighmi01,Mike Wright Jr.,CHW,0.0
2021,abadfe01,Fernando Abad,BAL,-0.1
2021,emanuke01,Kent Emanuel,HOU,0.4
2021,rodrima01,Manuel Rodríguez,CHC,-0.9
2021,abbotco01,Cory Abbott,CHC,-0.4
2021,bukaujb01,JB Bukauskas,ARI,-0.9
2021,perdoan01,Angel Perdomo,MIL,-0.2
2021,wieckbr01,Brad Wieck,CHC,0.7
2021,lawreju01,Justin Lawrence,COL,-0.7
2021,lindbjo01,Josh Lindblom,MIL,-0.6
2021,buchtry01,Ryan Buchter,ARI,-0.2
2021,junkja01,Janson Junk,LAA,0.0
2021,webbty01,Tyler Webb,STL,-1.4
2021,martico02,Corbin Martin,ARI,-0.6
2021,stashco01,Cody Stashak,MIN,-0.4
2021,alexasc02,Scott Alexander,LAD,0.2
2021,thorple01,Lewis Thorpe,MIN,-0.2
2021,overtco01,Connor Overton,2TM,0.0
2021,overtco01,Connor Overton,TOR,0.3
2021,overtco01,Connor Overton,PIT,-0.2
2021,jeffeda01,Daulton Jefferies,OAK,0.2
2021,lawde01,Derek Law,MIN,0.1
2021,pearsna01,Nate Pearson,TOR,0.1
2021,yajurmi01,Miguel Yajure,PIT,-0.4
2021,zeuchtj01,T.J. Zeuch,TOR,-0.6
2021,sherfji01,James Sherfy,2TM,0.1
2021,sherfji01,James Sherfy,SFG,0.1
2021,sherfji01,James Sherfy,LAD,0.0
2021,effrosc01,Scott Effross,CHC,0.2
2021,frankse01,Seth Frankoff,ARI,-0.4
2021,heasljo01,Jonathan Heasley,KCR,0.1
2021,newsolj01,Ljay Newsome,SEA,-0.4
2021,sherrry01,Ryan Sherriff,TBR,-0.4
2021,garcied01,Edgar García,2TM,-1.1
2021,garcied01,Edgar García,CIN,-0.6
2021,garcied01,Edgar García,MIN,-0.5
2021,guduare01,Reymin Guduan,OAK,-0.2
2021,nelsoni01,Nick Nelson,NYY,-0.9
2021,osichjo01,Josh Osich,CIN,0.1
2021,menezco01,Conner Menez,SFG,-0.3
2021,milonto01,Tommy Milone,TOR,-0.1
2021,solompe01,Peter Solomon,HOU,0.4
2021,briceau01,Austin Brice,BOS,-0.1
2021,stewako01,Kohl Stewart,CHC,-0.3
2021,bazsh01,Shane Baz,TBR,0.4
2021,castrke01,Kervin Castro,SFG,0.8
2021,pukaj01,A.J. Puk,OAK,-0.1
2021,ryanky01,Kyle Ryan,CHC,-0.2
2021,phillev01,Evan Phillips,2TM,0.1
2021,phillev01,Evan Phillips,TBR,0.0
2021,phillev01,Evan Phillips,LAD,0.1
2021,barraky01,Kyle Barraclough,MIN,-0.1
2021,daytogr01,Grant Dayton,ATL,-0.4
2021,diazjh01,Jhonathan Díaz,LAA,0.3
2021,duplajo01,Jon Duplantier,ARI,-0.8
2021,lambeji01,Jimmy Lambert,CHW,-0.1
2021,merryju01,Julian Merryweather,TOR,0.1
2021,millswy01,Wyatt Mills,SEA,-0.5
2021,sanchcr01,Cristopher Sánchez,PHI,0.0
2021,vinceni01,Nick Vincent,MIN,0.5
2021,millesh01,Shelby Miller,2TM,-0.2
2021,millesh01,Shelby Miller,CHC,-0.3
2021,millesh01,Shelby Miller,PIT,0.0
2021,lopezyo01,Yoan López,ARI,-0.2
2021,tylerky01,Kyle Tyler,LAA,0.3
2021,wadeko01,Konner Wade,BAL,-0.4
2021,swarzan01,Anthony Swarzak,2TM,-0.3
2021,swarzan01,Anthony Swarzak,ARI,-0.2
2021,swarzan01,Anthony Swarzak,KCR,-0.2
2021,brasiry01,Ryan Brasier,BOS,0.2
2021,maderlu01,Luís Madero,MIA,-0.3
2021,margeni01,Nick Margevicius,SEA,-0.7
2021,roberda08,David Robertson,TBR,-0.1
2021,elledse01,Seth Elledge,STL,0.0
2021,jacksan01,Andre Jackson,LAD,0.3
2021,sanmare01,Reiver Sanmartín,CIN,0.6
2021,willita01,Taylor Williams,2TM,0.0
2021,willita01,Taylor Williams,SDP,0.2
2021,willita01,Taylor Williams,MIA,-0.2
2021,codyky01,Kyle Cody,TEX,-0.4
2021,kazmisc01,Scott Kazmir,SFG,-0.2
2021,kloboga01,Gabe Klobosits,WSN,-0.2
2021,rowenbe01,Ben Rowen,LAA,0.0
2021,santoan02,Antonio Santos,COL,0.0
2021,kriskbr01,Brooks Kriske,2TM,-1.0
2021,kriskbr01,Brooks Kriske,NYY,-0.8
2021,kriskbr01,Brooks Kriske,BAL,-0.3
2021,acevedo01,Domingo Acevedo,OAK,0.1
2021,burrobe01,Beau Burrows,2TM,-0.7
2021,burrobe01,Beau Burrows,DET,-0.1
2021,burrobe01,Beau Burrows,MIN,-0.5
2021,adamja01,Jason Adam,CHC,-0.1
2021,baldoal01,Alberto Baldonado,WSN,-0.5
2021,bergetr01,Travis Bergen,TOR,0.6
2021,biddlje01,Jesse Biddle,ATL,-0.2
2021,kelake01,Keone Kela,SDP,-0.3
2021,odayda01,Darren O'Day,NYY,0.3
2021,foleyja01,Jason Foley,DET,0.3
2021,hanhoer01,Eric Hanhold,BAL,-0.2
2021,mollsa01,Sam Moll,OAK,0.1
2021,morimsh01,Shawn Morimando,MIA,-0.4
2021,oswalco01,Corey Oswalt,NYM,0.1
2021,phelpda01,David Phelps,TOR,0.4
2021,baumami01,Mike Baumann,BAL,-0.4
2021,bettial01,Alec Bettinger,MIL,-0.6
2021,hicksjo03,Jordan Hicks,STL,-0.1
2021,jewelja01,Jake Jewell,CHC,-0.5
2021,burdiza01,Zack Burdi,2TM,0.0
2021,burdiza01,Zack Burdi,CHW,0.0
2021,burdiza01,Zack Burdi,BAL,0.1
2021,reedja02,Jake Reed,2TM,0.0
2021,reedja02,Jake Reed,LAD,0.0
2021,reedja02,Jake Reed,NYM,0.1
2021,nelsoky01,Kyle Nelson,CLE,-0.3
2021,reedco01,Cody Reed,TBR,0.0
2021,weberry01,Ryan Weber,3TM,-0.3
2021,weberry01,Ryan Weber,2TM,-0.3
2021,weberry01,Ryan Weber,BOS,-0.3
2021,weberry01,Ryan Weber,MIL,0.0
2021,weberry01,Ryan Weber,SEA,0.0
2021,beaslje01,Jeremy Beasley,TOR,-0.2
2021,camarda01,Daniel Camarena,SDP,-0.7
2021,fiersmi01,Mike Fiers,OAK,-0.2
2021,hatchto01,Thomas Hatch,TOR,-0.1
2021,ortegol01,Oliver Ortega,LAA,0.1
2021,waddebr01,Brandon Waddell,3TM,-0.3
2021,waddebr01,Brandon Waddell,2TM,-0.3
2021,waddebr01,Brandon Waddell,MIN,-0.4
2021,waddebr01,Brandon Waddell,BAL,0.0
2021,waddebr01,Brandon Waddell,STL,0.0
2021,kolarad01,Adam Kolarek,OAK,-0.4
2021,mccauda01,Darren McCaughan,SEA,-0.2
2021,romerjo01,JoJo Romero,PHI,-0.3
2021,stockro01,Robert Stock,2TM,-0.2
2021,stockro01,Robert Stock,CHC,-0.2
2021,stockro01,Robert Stock,NYM,0.0
2021,hartlge01,Geoff Hartlieb,2TM,-0.3
2021,hartlge01,Geoff Hartlieb,PIT,-0.1
2021,hartlge01,Geoff Hartlieb,NYM,-0.3
2021,harvehu01,Hunter Harvey,BAL,0.2
2021,hudsoda02,Dakota Hudson,STL,0.3
2021,knighdu01,Dusten Knight,BAL,-0.2
2021,pareden01,Enoli Paredes,HOU,-0.5
2021,garcide01,Deivi García,NYY,-0.2
2021,krehbjo01,Joey Krehbiel,2TM,0.1
2021,krehbjo01,Joey Krehbiel,TBR,0.0
2021,krehbjo01,Joey Krehbiel,BAL,0.1
2021,coleaj01,A.J. Cole,TOR,0.4
2021,hoytja01,James Hoyt,LAA,-0.4
2021,hunteto02,Tommy Hunter,NYM,0.4
2021,moranjo01,Jovani Morán,MIN,-0.2
2021,northaa01,Aaron Northcraft,SDP,0.2
2021,rossora01,Ramón Rosso,PHI,-0.1
2021,tropeni01,Nick Tropeano,2TM,0.1
2021,tropeni01,Nick Tropeano,SFG,0.1
2021,tropeni01,Nick Tropeano,NYM,0.0
2021,ticety01,Ty Tice,2TM,0.1
2021,ticety01,Ty Tice,TOR,0.0
2021,ticety01,Ty Tice,ATL,0.0
2021,medinad01,Adonis Medina,PHI,0.1
2021,nunezda01,Darién Núñez,LAD,-0.4
2021,sceroma01,Mac Sceroler,BAL,-0.5
2021,sneadki01,Kirby Snead,TOR,0.2
2021,speiega01,Gabe Speier,KCR,0.1
2021,devench02,Chris Devenski,ARI,-0.3
2021,meisiry01,Ryan Meisinger,CHC,-0.4
2021,rodrini01,Nivaldo Rodríguez,HOU,0.1
2021,pruitau01,Austin Pruitt,2TM,0.1
2021,pruitau01,Austin Pruitt,HOU,-0.1
2021,pruitau01,Austin Pruitt,MIA,0.1
2021,aguilmi01,Miguel Aguilar,ARI,-0.2
2021,crousha01,Hans Crouse,PHI,0.0
2021,roarkta01,Tanner Roark,TOR,-0.3
2021,fernaju02,Julian Fernández,COL,-0.2
2021,fryja01,Jace Fry,CHW,-0.3
2021,gibauia01,Ian Gibaut,MIN,0.1
2021,gosean01,Anthony Gose,CLE,0.2
2021,llovema01,Mauricio Llovera,PHI,-0.1
2021,perezfr01,Francisco Pérez,CLE,0.1
2021,strahma01,Matt Strahm,SDP,-0.2
2021,yamamjo01,Jordan Yamamoto,NYM,-0.2
2021,bolanro01,Ronald Bolaños,KCR,0.2
2021,colemdy01,Dylan Coleman,KCR,0.2
2021,feltnry01,Ryan Feltner,COL,-0.3
2021,schmicl01,Clarke Schmidt,NYY,-0.3
2021,wrighky01,Kyle Wright,ATL,-0.3
2021,anderni01,Nick Anderson,TBR,0.0
2021,guerrja01,Javy Guerra,WSN,-0.6
2021,harriwi10,Will Harris,WSN,-0.2
2021,leonsa01,Sandy León,MIA,-0.1
2021,petrija01,Jake Petricka,LAA,-0.8
2021,reaco01,Colin Rea,MIL,-0.1
2021,severlu01,Luis Severino,NYY,0.3
2021,lambepe01,Peter Lambert,COL,-0.2
2021,zimmejo02,Jordan Zimmermann,MIL,-0.1
2021,edwarca01,Carl Edwards Jr.,2TM,-0.2
2021,edwarca01,Carl Edwards Jr.,ATL,-0.1
2021,edwarca01,Carl Edwards Jr.,TOR,-0.1
2021,weemsjo01,Jordan Weems,2TM,-0.5
2021,weemsjo01,Jordan Weems,OAK,0.0
2021,weemsjo01,Jordan Weems,ARI,-0.4
2021,adonjo01,Joan Adon,WSN,0.1
2021,delpomi01,Miguel Del Pozo,DET,0.1
2021,peacobr01,Brad Peacock,BOS,-0.3
2021,anderta01,Tanner Anderson,PIT,0.1
2021,avilalu01,Luis Avilán,WSN,-0.3
2021,blewesc01,Scott Blewett,KCR,0.1
2021,jamesjo02,Josh James,HOU,0.0
2021,norwoja01,James Norwood,SDP,0.2
2021,ridinst01,Stephen Ridings,NYY,0.1
2021,spitzsh01,Shea Spitzbarth,PIT,0.1
2021,teherju01,Julio Teheran,DET,0.2
2021,woodhu01,Hunter Wood,TEX,0.1
2021,zerpaan01,Angel Zerpa,KCR,0.1
2021,iveyty01,Tyler Ivey,HOU,-0.1
2021,latzja01,Jacob Latz,TEX,0.0
2021,morejad01,Adrián Morejón,SDP,0.1
2021,ramosaj01,AJ Ramos,LAA,0.2
2021,sittibr01,Brandyn Sittinger,ARI,-0.1
2021,smeltde01,Devin Smeltzer,MIN,0.1
2021,baezpe01,Pedro Báez,HOU,0.1
2021,gonsast01,Stephen Gonsalves,BOS,0.1
2021,honeybr01,Brent Honeywell Jr.,TBR,-0.2
2021,mattsis01,Isaac Mattson,BAL,0.0
2021,newbeja01,Jake Newberry,KCR,-0.4
2021,sogarer01,Eric Sogard,CHC,0.0
2021,zamorda01,Daniel Zamora,SEA,-0.3
2021,johnsdj01,DJ Johnson,2TM,0.1
2021,johnsdj01,DJ Johnson,CLE,0.0
2021,johnsdj01,DJ Johnson,TBR,0.1
2021,astudwi01,Willians Astudillo,MIN,0.1
2021,avilape01,Pedro Avila,SDP,0.1
2021,bushma01,Matt Bush,TEX,-0.1
2021,martejo01,José Marte,LAA,-0.2
2021,mitchbr01,Bryan Mitchell,MIA,0.0
2021,moronre01,Reyes Moronta,SFG,0.1
2021,romerjh01,Jhon Romero,WSN,0.1
2021,weigepa01,Patrick Weigel,MIL,0.0
2021,wojcias01,Asher Wojciechowski,NYY,0.1
2021,felizne01,Neftalí Feliz,2TM,-0.4
2021,felizne01,Neftalí Feliz,PHI,-0.5
2021,felizne01,Neftalí Feliz,LAD,0.1
2021,blandal01,Alex Blandino,CIN,-0.1
2021,carltdr01,Drew Carlton,DET,0.0
2021,fletcaa01,Aaron Fletcher,SEA,-0.2
2021,garciro03,Rony García,DET,0.1
2021,guerrja02,Javy Guerra,SDP,0.0
2021,moretda01,Dauri Moreta,CIN,0.1
2021,perezol01,Óliver Pérez,CLE,0.2
2021,snydeni01,Nicklaus Snyder,TEX,0.0
2021,szaputh01,Thomas Szapucki,NYM,-0.1
2021,bellaan01,Andrew Bellatti,MIA,-0.2
2021,castery01,Ryan Castellani,COL,0.1
2021,friaslu01,Luis Frías,ARI,0.1
2021,godleza01,Zack Godley,MIL,-0.4
2021,hahnje01,Jesse Hahn,KCR,-0.4
2021,jannimi01,Mickey Jannis,BAL,-0.2
2021,topaju01,Justin Topa,MIL,-0.6
2021,bazared01,Eduard Bazardo,BOS,0.1
2021,biagijo01,Joe Biagini,CHC,0.2
2021,brennbr01,Brandon Brennan,BOS,0.1
2021,contrro01,Roansy Contreras,PIT,0.2
2021,koernbr01,Brody Koerner,NYY,0.0
2021,martise01,Seth Martinez,HOU,-0.2
2021,nogosst01,Stephen Nogosek,NYM,0.0
2021,nogowjo01,John Nogowski,PIT,-0.1
2021,rosscza01,Zac Rosscup,COL,0.0
2021,schrejo01,John Schreiber,BOS,0.1
2021,seaboco01,Connor Seabold,BOS,0.0
2021,alanirj01,R.J. Alaniz,CIN,0.1
2021,barrema03,Manny Barreda,BAL,-0.1
2021,castrha01,Harold Castro,DET,0.1
2021,torrero01,Ronald Torreyes,PHI,-0.1
2021,flaaja01,Jay Flaa,2TM,-0.1
2021,flaaja01,Jay Flaa,BAL,0.1
2021,flaaja01,Jay Flaa,ATL,-0.1
2021,hartmry01,Ryan Hartman,HOU,0.0
2021,hildetr01,Trevor Hildenberger,NYM,-0.1
2021,pegueel01,Elvis Peguero,LAA,-0.4
2021,stridsp01,Spencer Strider,ATL,0.0
2021,crawfku01,Kutter Crawford,BOS,-0.3
2021,culbech01,Charlie Culberson,TEX,0.1
2021,dicksbr01,Brandon Dickson,STL,-0.1
2021,difowi01,Wilmer Difo,PIT,-0.3
2021,espinra01,Raynel Espinal,BOS,0.0
2021,guilmpr01,Preston Guilmet,MIA,0.0
2021,kickhmi01,Mike Kickham,LAD,-0.1
2021,lailbr01,Brady Lail,SEA,-0.1
2021,leedy01,Dylan Lee,ATL,-0.1
2021,mcraeal01,Alex McRae,CHW,0.0
2021,mejiafr01,Francisco Mejia,TBR,-0.2
2021,paulida01,David Paulino,PHI,0.0
2021,perezhe01,Hernán Pérez,WSN,0.1
2021,peterja01,Jace Peterson,MIL,-0.1
2021,ramirye01,Yefry Ramírez,LAD,0.1
2021,rondoan01,Angel Rondón,STL,0.1
2021,santogr01,Gregory Santos,SFG,-0.7
2021,stroppe01,Pedro Strop,CHC,0.1
2021,syndeno01,Noah Syndergaard,NYM,-0.1
2021,guzmajo04,Jorge Guzmán,MIA,-0.2
2021,mellake01,Keury Mella,ARI,-0.3
2021,penafe01,Félix Peña,LAA,-0.3
2021,schroma01,Max Schrock,CIN,0.1
2021,vasquan02,Andrew Vasquez,LAD,0.1
2021,altavda01,Dan Altavilla,SDP,0.0
2021,cabreas01,Asdrúbal Cabrera,ARI,0.1
2021,carpema01,Matt Carpenter,STL,0.0
2021,criswco01,Cooper Criswell,LAA,-0.2
2021,lobstky01,Kyle Lobstein,WSN,-0.2
2021,obrieri01,Riley O'Brien,CIN,-0.1
2021,paxtoja01,James Paxton,SEA,0.0
2021,tinocje01,Jesús Tinoco,COL,-0.3
2021,valaipa01,Pat Valaika,BAL,0.1
2021,allgeni01,Nick Allgeyer,TOR,0.0
2021,almoral01,Albert Almora,NYM,-0.1
2021,arauzjo01,Jonathan Araúz,BOS,0.0
2021,arroych01,Christian Arroyo,BOS,-0.1
2021,bakerbr01,Bryan Baker,TOR,0.0
2021,beedety01,Tyler Beede,SFG,-0.1
2021,bemboan01,Anthony Bemboom,LAA,-0.1
2021,betande01,Dellin Betances,NYM,0.0
2021,bostiak01,Akeem Bostick,NYM,0.0
2021,breweco01,Colten Brewer,BOS,-0.2
2021,burnsan01,Andy Burns,LAD,-0.1
2021,dohyky01,Kyle Dohy,PHI,0.0
2021,dominse01,Seranthony Domínguez,PHI,0.0
2021,eatonad02,Adam Eaton,LAA,0.0
2021,evansph01,Phillip Evans,PIT,0.0
2021,fuentjo01,Joshua Fuentes,COL,0.0
2021,garciro02,Robel García,HOU,-0.1
2021,gonzama01,Marwin González,BOS,0.0
2021,guilllu01,Luis Guillorme,NYM,-0.1
2021,hardybl01,Blaine Hardy,MIL,-0.4
2021,holadbr01,Bryan Holaday,ARI,0.0
2021,holtbr01,Brock Holt,TEX,0.0
2021,luplojo01,Jordan Luplow,TBR,0.0
2021,mailelu01,Luke Maile,MIL,0.0
2021,mathiwy01,Wyatt Mathisen,ARI,0.0
2021,mendida01,Danny Mendick,CHW,0.0
2021,merceye01,Yermín Mercedes,CHW,0.0
2021,morelmi01,Mitch Moreland,OAK,0.0
2021,nittovi01,Vinny Nittoli,SEA,-0.1
2021,peralda01,David Peralta,ARI,-0.1
2021,phillbr02,Brett Phillips,TBR,0.0
2021,plaweke01,Kevin Plawecki,BOS,0.0
2021,roberda10,Daniel Robertson,MIL,0.0
2021,rogerja03,Jake Rogers,DET,-0.1
2021,rominan01,Andrew Romine,CHC,0.0
2021,rufda01,Darin Ruf,SFG,-0.1
2021,tauchmi01,Mike Tauchman,SFG,0.0
2021,tomka01,Ka'ai Tom,OAK,0.0
2021,turneju01,Justin Turner,LAD,0.0
2021,wilkest01,Stevie Wilkerson,BAL,0.0
2021,wynnsau01,Austin Wynns,BAL,0.0
2021,croneja01,Jake Cronenworth,SDP,0.0
2021,drurybr01,Brandon Drury,NYM,-0.1
2021,munozan01,Andrés Muñoz,SEA,0.0
2021,reddijo01,Josh Reddick,ARI,0.0
2021,rizzoan01,Anthony Rizzo,CHC,0.0
2021,roech01,Chaz Roe,TBR,-0.2
2021,alberha01,Hanser Alberto,KCR,0.0
2021,alcanse01,Sergio Alcántara,CHC,0.0
2021,axforjo01,John Axford,MIL,-0.1
2021,duffyma01,Matt Duffy,CHC,0.0
2021,freemmi01,Mike Freeman,CIN,0.0
2021,gonzaro01,Romy González,CHW,0.0
2021,jonesda07,Damon Jones,PHI,0.0
2021,knappan01,Andrew Knapp,PHI,0.0
2021,matonni01,Nick Maton,PHI,0.0
2021,mayfija01,Jack Mayfield,SEA,0.0
2021,ortka01,Kaleb Ort,BOS,0.0
2021,pillake01,Kevin Pillar,NYM,0.0
2021,quackke01,Kevin Quackenbush,LAD,0.0
2021,ramirro02,Roel Ramírez,STL,-0.1
2021,slateau01,Austin Slater,SFG,0.0
2021,florebe01,Bernardo Flores Jr.,STL,0.0
2021,stievjo01,Jonathan Stiever,CHW,0.0
2021,tarplst01,Stephen Tarpley,NYM,0.0
2022,alcansa01,Sandy Alcantara,MIA,8.0
2022,nolaaa01,Aaron Nola,PHI,5.7
2022,mikolmi01,Miles Mikolas,STL,2.6
2022,burneco01,Corbin Burnes,MIL,4.3
2022,valdefr01,Framber Valdez,HOU,3.4
2022,colege01,Gerrit Cole,NYY,2.6
2022,kellyme01,Merrill Kelly,ARI,3.8
2022,biebesh01,Shane Bieber,CLE,3.5
2022,manoaal01,Alek Manoah,TOR,6.0
2022,perezma02,Martín Pérez,TEX,5.1
2022,darviyu01,Yu Darvish,SDP,4.5
2022,webblo01,Logan Webb,SFG,4.6
2022,wainwad01,Adam Wainwright,STL,2.1
2022,mckentr01,Triston McKenzie,CLE,3.9
2022,rayro02,Robbie Ray,SEA,2.1
2022,quantca01,Cal Quantrill,CLE,1.8
2022,gilbelo01,Logan Gilbert,SEA,3.2
2022,friedma01,Max Fried,ATL,6.0
2022,ceasedy01,Dylan Cease,CHW,6.4
2022,galleza01,Zac Gallen,ARI,5.3
2022,gonzama02,Marco Gonzales,SEA,-0.1
2022,bassich01,Chris Bassitt,NYM,3.2
2022,marquge01,Germán Márquez,COL,1.4
2022,irvinco01,Cole Irvin,OAK,2.0
2022,musgrjo01,Joe Musgrove,SDP,3.5
2022,wrighky01,Kyle Wright,ATL,3.7
2022,lopezpa01,Pablo López,MIA,3.0
2022,pivetni01,Nick Pivetta,BOS,2.5
2022,lylesjo01,Jordan Lyles,BAL,0.8
2022,anderty01,Tyler Anderson,LAD,3.9
2022,montgjo01,Jordan Montgomery,2TM,1.9
2022,montgjo01,Jordan Montgomery,NYY,1.0
2022,montgjo01,Jordan Montgomery,STL,0.9
2022,rodonca01,Carlos Rodón,SFG,5.2
2022,taillja01,Jameson Taillon,NYY,1.4
2022,uriasju01,Julio Urías,LAD,4.6
2022,verlaju01,Justin Verlander,HOU,5.6
2022,freelky01,Kyle Freeland,COL,2.3
2022,gausmke01,Kevin Gausman,TOR,3.0
2022,berrijo01,José Berríos,TOR,-0.7
2022,mortoch02,Charlie Morton,ATL,1.7
2022,gibsoky01,Kyle Gibson,PHI,0.4
2022,mcclash01,Shane McClanahan,TBR,4.1
2022,ohtansh01,Shohei Ohtani,LAA,6.3
2022,quintjo01,Jose Quintana,2TM,3.5
2022,quintjo01,Jose Quintana,PIT,1.9
2022,quintjo01,Jose Quintana,STL,1.7
2022,urquijo01,José Urquidy,HOU,1.2
2022,klubeco01,Corey Kluber,TBR,0.8
2022,giolilu01,Lucas Giolito,CHW,0.5
2022,kellemi03,Mitch Keller,PIT,1.8
2022,bumgama01,Madison Bumgarner,ARI,-0.7
2022,lauerer01,Eric Lauer,MIL,1.7
2022,cortene01,Nestor Cortes,NYY,4.4
2022,cuetojo01,Johnny Cueto,CHW,3.5
2022,manaese01,Sean Manaea,SDP,-0.7
2022,garcilu05,Luis Garcia,HOU,1.2
2022,walketa01,Taijuan Walker,NYM,2.7
2022,suarera01,Ranger Suárez,PHI,2.3
2022,dunnida01,Dane Dunning,TEX,1.1
2022,singebr01,Brady Singer,KCR,4.5
2022,woodrbr01,Brandon Woodruff,MIL,3.0
2022,wheelza01,Zack Wheeler,PHI,4.8
2022,corbipa01,Patrick Corbin,WSN,-2.3
2022,carraca01,Carlos Carrasco,NYM,1.3
2022,castilu02,Luis Castillo,2TM,3.9
2022,castilu02,Luis Castillo,CIN,2.9
2022,castilu02,Luis Castillo,SEA,1.0
2022,cobbal01,Alex Cobb,SFG,2.5
2022,grayjo03,Josiah Gray,WSN,0.6
2022,javiecr01,Cristian Javier,HOU,3.6
2022,sandopa02,Patrick Sandoval,LAA,3.3
2022,ryanjo04,Joe Ryan,MIN,2.3
2022,rasmudr01,Drew Rasmussen,TBR,3.1
2022,scherma01,Max Scherzer,NYM,5.3
2022,montafr02,Frankie Montas,2TM,1.0
2022,montafr02,Frankie Montas,OAK,1.6
2022,montafr02,Frankie Montas,NYY,-0.6
2022,brubajt01,JT Brubaker,PIT,0.0
2022,bundydy01,Dylan Bundy,MIN,-0.2
2022,hudsoda02,Dakota Hudson,STL,0.4
2022,kellebr01,Brad Keller,KCR,0.2
2022,stromma01,Marcus Stroman,CHC,2.7
2022,flexech01,Chris Flexen,SEA,1.2
2022,greinza01,Zack Greinke,KCR,2.5
2022,kuhlch01,Chad Kuhl,COL,-0.1
2022,ottogl01,Glenn Otto,TEX,0.6
2022,sprinje01,Jeffrey Springs,TBR,3.8
2022,syndeno01,Noah Syndergaard,2TM,1.9
2022,syndeno01,Noah Syndergaard,LAA,1.3
2022,syndeno01,Noah Syndergaard,PHI,0.6
2022,davieza02,Zach Davies,ARI,0.9
2022,stripro01,Ross Stripling,TOR,2.7
2022,kaprija01,James Kaprielian,OAK,1.1
2022,lynchda02,Daniel Lynch IV,KCR,0.6
2022,plesaza01,Zach Plesac,CLE,-0.8
2022,stridsp01,Spencer Strider,ATL,3.8
2022,woodal02,Alex Wood,SFG,0.1
2022,gonsoto01,Tony Gonsolin,LAD,4.3
2022,kirbyge01,George Kirby,SEA,1.4
2022,bubickr01,Kris Bubic,KCR,-0.3
2022,detmere01,Reid Detmers,LAA,2.4
2022,snellbl01,Blake Snell,SDP,2.2
2022,grayjo02,Jon Gray,TEX,1.3
2022,wachami01,Michael Wacha,BOS,3.2
2022,feddeer01,Erick Fedde,WSN,-0.6
2022,kershcl01,Clayton Kershaw,LAD,3.5
2022,greenhu01,Hunter Greene,CIN,2.0
2022,kremede01,Dean Kremer,BAL,2.7
2022,gombeau01,Austin Gomber,COL,0.2
2022,hillri01,Rich Hill,BOS,0.8
2022,lynnla01,Lance Lynn,CHW,0.7
2022,thompza01,Zach Thompson,PIT,-0.4
2022,mahlety01,Tyler Mahle,2TM,1.9
2022,mahlety01,Tyler Mahle,CIN,1.8
2022,mahlety01,Tyler Mahle,MIN,0.1
2022,grayso01,Sonny Gray,MIN,2.4
2022,kopecmi01,Michael Kopech,CHW,2.3
2022,steelju01,Justin Steele,CHC,2.1
2022,bradiky01,Kyle Bradish,BAL,0.2
2022,skubata01,Tarik Skubal,DET,1.4
2022,wilsobr02,Bryse Wilson,PIT,-1.1
2022,thompke02,Keegan Thompson,CHC,1.4
2022,clevimi01,Mike Clevinger,SDP,0.8
2022,espinpa01,Paolo Espino,WSN,0.6
2022,junisja01,Jakob Junis,SFG,1.5
2022,anderia01,Ian Anderson,ATL,-0.1
2022,blackpa01,Paul Blackburn,OAK,1.3
2022,eovalna01,Nathan Eovaldi,BOS,1.6
2022,suarejo01,José Suarez,LAA,1.6
2022,pallaan01,Andre Pallante,STL,1.7
2022,ashbyaa01,Aaron Ashby,MIL,-0.5
2022,rogertr01,Trevor Rogers,MIA,-0.5
2022,martini01,Nick Martinez,SDP,1.2
2022,smylydr01,Drew Smyly,CHC,2.0
2022,odorija01,Jake Odorizzi,2TM,-0.2
2022,odorija01,Jake Odorizzi,HOU,0.1
2022,odorija01,Jake Odorizzi,ATL,-0.3
2022,peterda01,David Peterson,NYM,0.9
2022,hutchdr01,Drew Hutchison,DET,0.2
2022,watkisp01,Spenser Watkins,BAL,-0.1
2022,ashcrgr01,Graham Ashcraft,CIN,0.8
2022,sampsad01,Adrian Sampson,CHC,2.3
2022,heasljo01,Jonathan Heasley,KCR,-0.1
2022,wellsty01,Tyler Wells,BAL,1.0
2022,lodolni01,Nick Lodolo,CIN,2.6
2022,archech01,Chris Archer,MIN,0.1
2022,housead01,Adrian Houser,MIL,-0.7
2022,severlu01,Luis Severino,NYY,1.7
2022,vothau01,Austin Voth,2TM,0.9
2022,vothau01,Austin Voth,WSN,-0.8
2022,vothau01,Austin Voth,BAL,1.7
2022,alexaty01,Tyler Alexander,DET,-0.2
2022,kikucyu01,Yusei Kikuchi,TOR,-1.1
2022,luzarje01,Jesús Luzardo,MIA,2.0
2022,hearnta01,Taylor Hearn,TEX,-0.5
2022,whitemi03,Mitch White,2TM,-0.8
2022,whitemi03,Mitch White,LAD,0.4
2022,whitemi03,Mitch White,TOR,-1.2
2022,minormi01,Mike Minor,CIN,-0.8
2022,lorenmi01,Michael Lorenzen,LAA,0.9
2022,feltnry01,Ryan Feltner,COL,-0.1
2022,civalaa01,Aaron Civale,CLE,-0.9
2022,urenajo01,José Ureña,2TM,0.2
2022,urenajo01,José Ureña,MIL,-0.1
2022,urenajo01,José Ureña,COL,0.3
2022,contrro01,Roansy Contreras,PIT,1.2
2022,senzaan01,Antonio Senzatela,COL,0.4
2022,rodried05,Eduardo Rodríguez,DET,0.3
2022,willitr01,Trevor Williams,NYM,1.4
2022,garrebr01,Braxton Garrett,MIA,1.3
2022,ramirer02,Erasmo Ramírez,WSN,1.6
2022,hendrky01,Kyle Hendricks,CHC,0.6
2022,falteba01,Bailey Falter,PHI,1.1
2022,burkebr01,Brock Burke,TEX,2.1
2022,akinke01,Keegan Akin,BAL,0.7
2022,briesbe01,Beau Brieske,DET,0.9
2022,cessalu01,Luis Cessa,CIN,0.6
2022,yarbrry01,Ryan Yarbrough,TBR,0.1
2022,barrija01,Jaime Barria,LAA,1.9
2022,whitlga01,Garrett Whitlock,BOS,1.8
2022,peralfr01,Freddy Peralta,MIL,1.2
2022,crawfku01,Kutter Crawford,BOS,0.1
2022,crowewi01,Wil Crowe,PIT,0.0
2022,eflinza01,Zach Eflin,PHI,0.9
2022,rogerty01,Tyler Rogers,SFG,0.9
2022,velasvi01,Vince Velasquez,CHW,0.4
2022,barlosc01,Scott Barlow,KCR,2.8
2022,ollerad01,Adam Oller,OAK,-1.0
2022,moorema02,Matt Moore,TEX,2.4
2022,tatedi01,Dillon Tate,BAL,1.2
2022,zimmebr02,Bruce Zimmermann,BAL,-0.9
2022,claseem01,Emmanuel Clase,CLE,2.8
2022,heanean01,Andrew Heaney,LAD,0.5
2022,germado01,Domingo Germán,NYY,0.7
2022,jaxgr01,Griffin Jax,MIN,1.0
2022,alexaja01,Jason Alexander,MIL,-0.8
2022,cabreed02,Edward Cabrera,MIA,2.1
2022,dejonch01,Chase De Jong,PIT,1.5
2022,lopezjo02,Jorge López,2TM,1.7
2022,lopezjo02,Jorge López,BAL,1.7
2022,lopezjo02,Jorge López,MIN,0.0
2022,cimbead01,Adam Cimber,TOR,0.9
2022,smeltde01,Devin Smeltzer,MIN,0.9
2022,winckjo01,Josh Winckowski,BOS,-0.4
2022,bassan01,Anthony Bass,2TM,2.7
2022,bassan01,Anthony Bass,MIA,1.7
2022,bassan01,Anthony Bass,TOR,1.0
2022,gorema01,MacKenzie Gore,SDP,0.3
2022,minteaj01,A.J. Minter,ATL,1.9
2022,smithca03,Caleb Smith,ARI,0.1
2022,searsjp01,JP Sears,2TM,0.8
2022,searsjp01,JP Sears,NYY,0.6
2022,searsjp01,JP Sears,OAK,0.2
2022,bakerbr01,Bryan Baker,BAL,1.0
2022,mchugco01,Collin McHugh,ATL,2.0
2022,murfepe01,Penn Murfee,SEA,1.1
2022,sanchan01,Aníbal Sánchez,WSN,0.8
2022,chaveje01,Jesse Chavez,3TM,0.4
2022,chaveje01,Jesse Chavez,2TM,1.0
2022,chaveje01,Jesse Chavez,CHC,-0.1
2022,chaveje01,Jesse Chavez,LAA,-0.5
2022,chaveje01,Jesse Chavez,ATL,1.0
2022,hergeji01,Jimmy Herget,LAA,2.3
2022,nelsoni01,Nick Nelson,PHI,0.1
2022,montera01,Rafael Montero,HOU,1.2
2022,brebbjo01,John Brebbia,SFG,1.5
2022,colemdy01,Dylan Coleman,KCR,1.6
2022,acevedo01,Domingo Acevedo,OAK,1.1
2022,dovalca01,Camilo Doval,SFG,1.8
2022,duranjh01,Jhoan Duran,MIN,2.9
2022,leitema02,Mark Leiter Jr.,CHC,0.9
2022,crismna01,Nabil Crismatt,SDP,0.6
2022,windejo01,Josh Winder,MIN,0.0
2022,finneky01,Kyle Finnegan,WSN,1.0
2022,morgael01,Eli Morgan,CLE,0.2
2022,suterbr01,Brent Suter,MIL,0.4
2022,cishest01,Steve Cishek,WSN,0.4
2022,pukaj01,A.J. Puk,OAK,1.1
2022,bautife01,Félix Bautista,BAL,2.4
2022,matonph01,Phil Maton,HOU,-0.3
2022,ottavad01,Adam Ottavino,NYM,2.3
2022,lopezre01,Reynaldo López,CHW,1.5
2022,nerishe01,Hector Neris,HOU,0.5
2022,buehlwa01,Walker Buehler,LAD,0.3
2022,garcija04,Jarlín García,SFG,0.3
2022,graveke01,Kendall Graveman,CHW,1.0
2022,lugose01,Seth Lugo,NYM,0.8
2022,munozan01,Andrés Muñoz,SEA,1.4
2022,schrejo01,John Schreiber,BOS,2.6
2022,adonjo01,Joan Adon,WSN,-1.2
2022,helslry01,Ryan Helsley,STL,2.8
2022,milneho01,Hoby Milner,MIL,0.5
2022,degroja01,Jacob deGrom,NYM,1.5
2022,rogerta01,Taylor Rogers,2TM,-0.6
2022,rogerta01,Taylor Rogers,SDP,-0.1
2022,rogerta01,Taylor Rogers,MIL,-0.4
2022,boxbebr01,Brad Boxberger,MIL,1.2
2022,janseke01,Kenley Jansen,ATL,1.0
2022,richatr01,Trevor Richards,TOR,-0.8
2022,romanjo03,Jordan Romano,TOR,2.9
2022,sewalpa01,Paul Sewald,SEA,1.6
2022,wickro01,Rowan Wick,CHC,0.1
2022,diazal03,Alexis Díaz,CIN,2.9
2022,holmecl01,Clay Holmes,NYY,1.4
2022,phelpda01,David Phelps,TOR,1.1
2022,stephtr01,Trevor Stephan,CLE,1.0
2022,roberda08,David Robertson,2TM,2.7
2022,roberda08,David Robertson,CHC,2.0
2022,roberda08,David Robertson,PHI,0.7
2022,fulmemi01,Michael Fulmer,2TM,0.9
2022,fulmemi01,Michael Fulmer,DET,0.4
2022,fulmemi01,Michael Fulmer,MIN,0.5
2022,adamja01,Jason Adam,TBR,2.7
2022,langeal01,Alex Lange,DET,0.5
2022,martida03,Davis Martin,CHW,0.0
2022,stratch01,Chris Stratton,2TM,-0.2
2022,stratch01,Chris Stratton,PIT,-0.4
2022,stratch01,Chris Stratton,STL,0.3
2022,mannima02,Matt Manning,DET,0.9
2022,paganem01,Emilio Pagán,MIN,-0.4
2022,phillev01,Evan Phillips,LAD,2.6
2022,vestwi01,Will Vest,DET,0.2
2022,scottta01,Tanner Scott,MIA,0.1
2022,brasiry01,Ryan Brasier,BOS,-0.8
2022,hernael01,Elieser Hernández,MIA,-1.1
2022,strichu01,Hunter Strickland,CIN,0.0
2022,diazed04,Edwin Díaz,NYM,3.2
2022,edwarca01,Carl Edwards Jr.,WSN,1.4
2022,hentgsa01,Sam Hentges,CLE,1.3
2022,iglesra01,Raisel Iglesias,2TM,1.6
2022,iglesra01,Raisel Iglesias,LAA,0.2
2022,iglesra01,Raisel Iglesias,ATL,1.4
2022,armstsh01,Shawn Armstrong,2TM,0.2
2022,armstsh01,Shawn Armstrong,MIA,-0.4
2022,armstsh01,Shawn Armstrong,TBR,0.6
2022,hicksjo03,Jordan Hicks,STL,-0.3
2022,beedety01,Tyler Beede,2TM,-0.2
2022,beedety01,Tyler Beede,SFG,0.1
2022,beedety01,Tyler Beede,PIT,-0.3
2022,givenmy01,Mychal Givens,2TM,0.9
2022,givenmy01,Mychal Givens,CHC,1.1
2022,givenmy01,Mychal Givens,NYM,-0.1
2022,beeksja02,Jalen Beeks,TBR,1.2
2022,bickfph01,Phil Bickford,LAD,-0.3
2022,garcilu03,Luis García,SDP,0.3
2022,garciyi01,Yimi García,TOR,0.6
2022,ruizjo01,José Ruiz,CHW,0.3
2022,willide03,Devin Williams,MIL,2.3
2022,keuchda01,Dallas Keuchel,3TM,-2.5
2022,keuchda01,Dallas Keuchel,2TM,-1.6
2022,keuchda01,Dallas Keuchel,CHW,-1.1
2022,keuchda01,Dallas Keuchel,ARI,-0.9
2022,keuchda01,Dallas Keuchel,TEX,-0.6
2022,abreubr01,Bryan Abreu,HOU,1.3
2022,bardda01,Daniel Bard,COL,3.7
2022,foleyja01,Jason Foley,DET,0.4
2022,hillga02,Garrett Hill,DET,0.4
2022,sotogr01,Gregory Soto,DET,0.1
2022,houckta01,Tanner Houck,BOS,1.6
2022,kimbrcr01,Craig Kimbrel,LAD,0.1
2022,mantijo01,Joe Mantiply,ARI,0.9
2022,sanchaa01,Aaron Sanchez,2TM,-0.9
2022,sanchaa01,Aaron Sanchez,WSN,-0.9
2022,sanchaa01,Aaron Sanchez,MIN,0.0
2022,bushma01,Matt Bush,2TM,0.0
2022,bushma01,Matt Bush,TEX,0.3
2022,bushma01,Matt Bush,MIL,-0.4
2022,machaan02,Andrés Machado,WSN,0.1
2022,thielca01,Caleb Thielbar,MIN,0.6
2022,gallegi01,Giovanny Gallegos,STL,0.8
2022,smithwi04,Will Smith,2TM,-0.6
2022,smithwi04,Will Smith,ATL,-0.7
2022,smithwi04,Will Smith,HOU,0.1
2022,loupaa01,Aaron Loup,LAA,-0.9
2022,pocheco01,Colin Poche,TBR,-0.1
2022,santade01,Dennis Santana,TEX,-0.7
2022,norrida01,Daniel Norris,2TM,-0.5
2022,norrida01,Daniel Norris,CHC,-0.9
2022,norrida01,Daniel Norris,DET,0.4
2022,shawbr01,Bryan Shaw,CLE,-1.0
2022,kuhnejo01,Joel Kuhnel,CIN,-0.5
2022,pilkiko01,Konnor Pilkington,CLE,-0.1
2022,stephro01,Robert Stephenson,2TM,-0.3
2022,stephro01,Robert Stephenson,COL,-0.5
2022,stephro01,Robert Stephenson,PIT,0.3
2022,hendrli01,Liam Hendriks,CHW,1.7
2022,hughebr01,Brandon Hughes,CHC,1.4
2022,krehbjo01,Joey Krehbiel,BAL,0.2
2022,martiad01,Adrián Martínez,OAK,-0.8
2022,perezci01,Cionel Pérez,BAL,2.6
2022,schmicl01,Clarke Schmidt,NYY,0.8
2022,diekmja01,Jake Diekman,2TM,-0.3
2022,diekmja01,Jake Diekman,BOS,0.3
2022,diekmja01,Jake Diekman,CHW,-0.6
2022,bellobr01,Brayan Bello,BOS,0.4
2022,chafian01,Andrew Chafin,DET,0.4
2022,luetglu01,Lucas Luetge,NYY,0.7
2022,teperry01,Ryan Tepera,LAA,0.6
2022,underdu01,Duane Underwood Jr.,PIT,-0.5
2022,estevca01,Carlos Estévez,COL,1.1
2022,logueza01,Zach Logue,OAK,-1.1
2022,sanmare01,Reiver Sanmartín,CIN,-0.7
2022,jimenjo02,Joe Jiménez,DET,0.5
2022,effrosc01,Scott Effross,2TM,1.3
2022,effrosc01,Scott Effross,CHC,0.8
2022,effrosc01,Scott Effross,NYY,0.5
2022,peralwa01,Wandy Peralta,NYY,1.1
2022,hernaca04,Carlos Hernández,KCR,-1.3
2022,melanma01,Mark Melancon,ARI,-0.8
2022,oberba01,Bailey Ober,MIN,1.0
2022,davisau01,Austin Davis,2TM,-0.5
2022,davisau01,Austin Davis,BOS,-0.4
2022,davisau01,Austin Davis,MIN,-0.1
2022,martich02,Chris Martin,2TM,1.0
2022,martich02,Chris Martin,CHC,0.1
2022,martich02,Chris Martin,LAD,0.9
2022,oviedjo01,Johan Oviedo,2TM,1.0
2022,oviedjo01,Johan Oviedo,STL,0.3
2022,oviedjo01,Johan Oviedo,PIT,0.7
2022,payamjo01,Joel Payamps,2TM,1.0
2022,payamjo01,Joel Payamps,KCR,0.8
2022,payamjo01,Joel Payamps,OAK,0.3
2022,pruitau01,Austin Pruitt,OAK,0.2
2022,ruckemi01,Michael Rucker,CHC,0.6
2022,stanery01,Ryne Stanek,HOU,2.1
2022,bellaan01,Andrew Bellatti,PHI,0.8
2022,castidi01,Diego Castillo,SEA,0.0
2022,vesiaal01,Alex Vesia,LAD,1.4
2022,elderbr01,Bryce Elder,ATL,0.9
2022,festama01,Matt Festa,SEA,0.1
2022,faedoal01,Alex Faedo,DET,-0.4
2022,florody01,Dylan Floro,MIA,0.8
2022,raleybr01,Brooks Raley,TBR,1.0
2022,stephja01,Jackson Stephens,ATL,0.0
2022,swanser01,Erik Swanson,SEA,1.7
2022,trivilo01,Lou Trivino,2TM,-0.2
2022,trivilo01,Lou Trivino,OAK,-0.9
2022,trivilo01,Lou Trivino,NYY,0.7
2022,delosen01,Enyel De Los Santos,CLE,0.7
2022,banksta01,Tanner Banks,CHW,0.4
2022,wilsost02,Steven Wilson,SDP,0.9
2022,davidtu01,Tucker Davidson,2TM,-0.8
2022,davidtu01,Tucker Davidson,ATL,-0.2
2022,davidtu01,Tucker Davidson,LAA,-0.6
2022,bednada01,David Bednar,PIT,1.3
2022,kingjo01,John King,TEX,0.1
2022,okertst01,Steven Okert,MIA,1.0
2022,alvarjo03,José Alvarado,PHI,0.9
2022,dominse01,Seranthony Domínguez,PHI,1.4
2022,garciro03,Rony García,DET,0.2
2022,kingmi01,Michael King,NYY,1.9
2022,bleieri01,Richard Bleier,MIA,0.6
2022,brashma01,Matt Brash,SEA,0.1
2022,leedy01,Dylan Lee,ATL,1.3
2022,mayermi01,Mike Mayers,LAA,-0.8
2022,sawamhi01,Hirokazu Sawamura,BOS,0.7
2022,kenneia01,Ian Kennedy,ARI,-1.1
2022,rodrijo06,Joely Rodríguez,NYM,-0.2
2022,wantzan01,Andrew Wantz,LAA,0.8
2022,martibr01,Brett Martin,TEX,-0.1
2022,ramirno01,Noé Ramirez,ARI,-0.8
2022,haderjo01,Josh Hader,2TM,-1.0
2022,haderjo01,Josh Hader,MIL,0.0
2022,haderjo01,Josh Hader,SDP,-0.9
2022,gratebr01,Brusdar Graterol,LAD,0.5
2022,leonedo01,Dominic Leone,SFG,0.5
2022,clarkta01,Taylor Clarke,KCR,0.6
2022,mayzati01,Tim Mayza,TOR,0.6
2022,pressry01,Ryan Pressly,HOU,0.8
2022,woodfja01,Jake Woodford,STL,0.8
2022,abbotco01,Cory Abbott,WSN,0.0
2022,hillti01,Tim Hill,SDP,0.4
2022,jacksza02,Zach Jackson,OAK,0.9
2022,loaisjo01,Jonathan Loáisiga,NYY,-0.5
2022,marteyu01,Yunior Marté,SFG,-0.4
2022,matzst01,Steven Matz,STL,-0.3
2022,birdja01,Jake Bird,COL,0.3
2022,leclejo01,José Leclerc,TEX,0.9
2022,mcculla02,Lance McCullers Jr.,HOU,1.4
2022,suarero01,Robert Suarez,SDP,1.5
2022,chacijh01,Jhoulys Chacín,COL,-1.4
2022,megilty01,Tylor Megill,NYM,0.0
2022,colomal01,Alex Colomé,COL,-0.9
2022,farmebu01,Buck Farmer,CIN,0.7
2022,henryto01,Tommy Henry,ARI,-0.1
2022,lambeji01,Jimmy Lambert,CHW,0.8
2022,pinedmi01,Michael Pineda,DET,-0.5
2022,smithdr01,Drew Smith,NYM,0.7
2022,thorntr01,Trent Thornton,TOR,0.2
2022,gotttr01,Trevor Gott,MIL,-0.3
2022,garream01,Amir Garrett,KCR,0.0
2022,fostema01,Matt Foster,CHW,0.2
2022,handbr01,Brad Hand,PHI,0.8
2022,megiltr01,Trevor Megill,MIN,-0.6
2022,cabrege01,Génesis Cabrera,STL,-0.2
2022,hoffmje02,Jeff Hoffman,CIN,0.6
2022,knebeco01,Corey Knebel,PHI,0.5
2022,sneadki01,Kirby Snead,OAK,-0.7
2022,strahma01,Matt Strahm,BOS,0.3
2022,blachty01,Ty Blach,COL,-0.1
2022,castehu01,Humberto Castellanos,ARI,-0.4
2022,litteza01,Zack Littell,SFG,0.1
2022,familje01,Jeurys Familia,2TM,-0.7
2022,familje01,Jeurys Familia,PHI,-0.6
2022,familje01,Jeurys Familia,BOS,-0.1
2022,brogdco01,Connor Brogdon,PHI,0.9
2022,duffety01,Tyler Duffey,MIN,-0.3
2022,marinro01,Ron Marinaccio,NYY,1.2
2022,sandlni01,Nick Sandlin,CLE,1.0
2022,wislema01,Matt Wisler,TBR,0.7
2022,matzety01,Tyler Matzek,ATL,0.3
2022,nanceto01,Tommy Nance,MIA,0.3
2022,mollsa01,Sam Moll,OAK,0.8
2022,gilbrlu01,Lucas Gilbreath,COL,0.5
2022,cottojh01,Jharel Cotton,2TM,0.3
2022,cottojh01,Jharel Cotton,MIN,0.6
2022,cottojh01,Jharel Cotton,SFG,-0.3
2022,lawreju01,Justin Lawrence,COL,-0.2
2022,richaga01,Garrett Richards,TEX,-0.4
2022,thompry02,Ryan Thompson,TBR,-0.2
2022,longsa01,Sam Long,SFG,0.1
2022,aranovi01,Víctor Arano,WSN,-0.7
2022,banuema01,Manny Bañuelos,2TM,-0.3
2022,banuema01,Manny Bañuelos,NYY,0.1
2022,banuema01,Manny Bañuelos,PIT,-0.4
2022,moranjo01,Jovani Morán,MIN,0.9
2022,quijajo01,José Quijada,LAA,0.7
2022,stammcr01,Craig Stammen,SDP,-0.1
2022,danisty01,Tyler Danish,BOS,-0.1
2022,priceda01,David Price,LAD,0.7
2022,raganco01,Cole Ragans,TEX,-0.1
2022,sanchcr01,Cristopher Sánchez,PHI,-0.2
2022,barnema01,Matt Barnes,BOS,0.2
2022,weemsjo01,Jordan Weems,WSN,0.0
2022,harvehu01,Hunter Harvey,WSN,1.0
2022,jeffeda01,Daulton Jefferies,OAK,-0.3
2022,koenija01,Jared Koenig,OAK,-0.1
2022,peterdi01,Dillon Peters,PIT,0.1
2022,castima03,Max Castillo,2TM,-0.5
2022,castima03,Max Castillo,TOR,0.2
2022,castima03,Max Castillo,KCR,-0.7
2022,karinja01,James Karinchak,CLE,1.2
2022,popza01,Zach Pop,2TM,0.7
2022,popza01,Zach Pop,MIA,0.2
2022,popza01,Zach Pop,TOR,0.5
2022,martise01,Seth Martinez,HOU,0.8
2022,abreual01,Albert Abreu,3TM,0.4
2022,abreual01,Albert Abreu,TEX,0.1
2022,abreual01,Albert Abreu,KCR,0.1
2022,abreual01,Albert Abreu,NYY,0.2
2022,moretda01,Dauri Moreta,CIN,0.1
2022,peralwi01,Wily Peralta,DET,0.7
2022,assadja01,Javier Assad,CHC,1.0
2022,cuasjo01,José Cuas,KCR,0.4
2022,howarsp01,Spencer Howard,TEX,-1.1
2022,mccarki01,Kirk McCarty,CLE,-0.3
2022,staumjo01,Josh Staumont,KCR,-0.7
2022,moronre01,Reyes Moronta,2TM,0.0
2022,moronre01,Reyes Moronta,LAD,0.1
2022,moronre01,Reyes Moronta,ARI,-0.1
2022,ramiryo01,Yohan Ramírez,3TM,0.2
2022,ramiryo01,Yohan Ramírez,2TM,-0.3
2022,ramiryo01,Yohan Ramírez,SEA,-0.3
2022,ramiryo01,Yohan Ramírez,CLE,0.0
2022,ramiryo01,Yohan Ramírez,PIT,0.4
2022,kellyjo05,Joe Kelly,CHW,-0.6
2022,mileywa01,Wade Miley,CHC,0.1
2022,nelsoky01,Kyle Nelson,ARI,1.0
2022,mcgeeja01,Jake McGee,3TM,-1.1
2022,mcgeeja01,Jake McGee,SFG,-0.9
2022,mcgeeja01,Jake McGee,MIL,-0.1
2022,mcgeeja01,Jake McGee,WSN,-0.2
2022,gutievl01,Vladimir Gutierrez,CIN,-0.6
2022,chapmar01,Aroldis Chapman,NYY,-0.2
2022,pepiory01,Ryan Pepiot,LAD,0.3
2022,flaheja01,Jack Flaherty,STL,-0.1
2022,warrear01,Art Warren,CIN,-0.8
2022,gibauia01,Ian Gibaut,2TM,0.2
2022,gibauia01,Ian Gibaut,CLE,0.0
2022,gibauia01,Ian Gibaut,CIN,0.2
2022,castada01,Daniel Castano,MIA,0.1
2022,weavelu01,Luke Weaver,2TM,-0.6
2022,weavelu01,Luke Weaver,ARI,-0.4
2022,weavelu01,Luke Weaver,KCR,-0.2
2022,almonye01,Yency Almonte,LAD,1.4
2022,barlojo01,Joe Barlow,TEX,0.2
2022,flemijo01,Josh Fleming,TBR,-1.4
2022,garzara01,Ralph Garza,TBR,0.3
2022,strzepe01,Peter Strzelecki,MIL,0.6
2022,ferguca01,Caleb Ferguson,LAD,0.7
2022,liberma01,Matthew Liberatore,STL,-0.5
2022,thompza02,Zack Thompson,STL,0.7
2022,waldike01,Ken Waldichuk,OAK,0.1
2022,baumami01,Mike Baumann,BAL,0.0
2022,gilbety01,Tyler Gilbert,ARI,-0.2
2022,jimenda01,Dany Jiménez,OAK,0.3
2022,snideco01,Collin Snider,KCR,-0.6
2022,morejad01,Adrián Morejón,SDP,0.0
2022,ortegol01,Oliver Ortega,LAA,0.1
2022,sulseco01,Cole Sulser,MIA,-0.5
2022,swarmma01,Matt Swarmer,CHC,-0.5
2022,overtco01,Connor Overton,CIN,1.0
2022,wesneha01,Hayden Wesneski,CHC,1.1
2022,mcfartj01,T.J. McFarland,STL,-0.7
2022,wentzjo01,Joey Wentz,DET,0.6
2022,lametdi01,Dinelson Lamet,2TM,-0.2
2022,lametdi01,Dinelson Lamet,SDP,-0.6
2022,lametdi01,Dinelson Lamet,COL,0.4
2022,brazohu01,Huascar Brazobán,MIA,0.7
2022,naughpa01,Packy Naughton,STL,-0.1
2022,dunnju01,Justin Dunn,CIN,-0.1
2022,sandsco01,Cole Sands,MIN,-0.3
2022,hernajo02,Jonathan Hernández,TEX,0.4
2022,maydu01,Dustin May,LAD,-0.2
2022,raineta01,Tanner Rainey,WSN,0.3
2022,rodriel02,Elvin Rodríguez,DET,-1.5
2022,ginkeke01,Kevin Ginkel,ARI,0.1
2022,grovemi01,Michael Grove,LAD,-0.5
2022,millswy01,Wyatt Mills,2TM,0.2
2022,millswy01,Wyatt Mills,SEA,0.1
2022,millswy01,Wyatt Mills,KCR,0.1
2022,castrmi01,Miguel Castro,NYY,-0.3
2022,wendejb01,J.B. Wendelken,ARI,-0.3
2022,wittgni01,Nick Wittgren,STL,-0.5
2022,misiean01,Anthony Misiewicz,2TM,0.1
2022,misiean01,Anthony Misiewicz,SEA,0.0
2022,misiean01,Anthony Misiewicz,KCR,0.2
2022,poppese01,Sean Poppen,ARI,-0.1
2022,silsech01,Chase Silseth,LAA,-0.5
2022,headlo01,Louis Head,2TM,-0.4
2022,headlo01,Louis Head,MIA,-0.5
2022,headlo01,Louis Head,BAL,0.1
2022,ortka01,Kaleb Ort,BOS,-0.4
2022,holdeco01,Colin Holderman,2TM,0.3
2022,holdeco01,Colin Holderman,NYM,0.5
2022,holdeco01,Colin Holderman,PIT,-0.2
2022,gustaja01,Jandel Gustave,MIL,0.1
2022,poteeco01,Cody Poteet,MIA,0.3
2022,newcose01,Sean Newcomb,2TM,-1.3
2022,newcose01,Sean Newcomb,ATL,-0.1
2022,newcose01,Sean Newcomb,CHC,-1.2
2022,smithjo05,Joe Smith,MIN,-0.6
2022,bazsh01,Shane Baz,TBR,0.1
2022,ryuhy01,Hyun Jin Ryu,TOR,-0.3
2022,uelmeer01,Erich Uelmen,CHC,0.0
2022,bummeaa01,Aaron Bummer,CHW,0.6
2022,merryju01,Julian Merryweather,TOR,-0.6
2022,youngal01,Alex Young,2TM,0.6
2022,youngal01,Alex Young,CLE,0.0
2022,youngal01,Alex Young,SFG,0.6
2022,bandaan01,Anthony Banda,3TM,-0.5
2022,bandaan01,Anthony Banda,2TM,-0.1
2022,bandaan01,Anthony Banda,PIT,-0.4
2022,bandaan01,Anthony Banda,TOR,0.0
2022,bandaan01,Anthony Banda,NYY,-0.1
2022,detwiro01,Ross Detwiler,CIN,0.4
2022,rogerjo01,Josh Rogers,WSN,0.1
2022,shrevch01,Chasen Shreve,NYM,-0.5
2022,vespini01,Nick Vespi,BAL,0.2
2022,varlalo01,Louis Varland,MIN,0.4
2022,delosye01,Yerry de los Santos,PIT,-0.5
2022,toussto01,Touki Toussaint,LAA,0.1
2022,borucry01,Ryan Borucki,2TM,-0.3
2022,borucry01,Ryan Borucki,TOR,-0.4
2022,borucry01,Ryan Borucki,SEA,0.1
2022,cisnejo01,José Cisnero,DET,0.9
2022,hjellse01,Sean Hjelle,SFG,-0.4
2022,maytr01,Trevor May,NYM,-0.1
2022,robleha01,Hansel Robles,BOS,-0.8
2022,thompma02,Mason Thompson,WSN,0.5
2022,feyerjo01,J.P. Feyereisen,TBR,1.4
2022,hudsoda01,Daniel Hudson,LAD,0.6
2022,jamesdr01,Drey Jameson,ARI,1.2
2022,yajurmi01,Miguel Yajure,PIT,-1.0
2022,anderch01,Chase Anderson,CIN,-0.2
2022,brighje01,Jeff Brigham,MIA,0.4
2022,fairbpe01,Pete Fairbanks,TBR,1.3
2022,kinlety01,Tyler Kinley,COL,1.1
2022,bruihju01,Justin Bruihl,LAD,0.0
2022,kelletr01,Trevor Kelley,MIL,-0.4
2022,medinad01,Adonis Medina,NYM,-0.4
2022,morrico01,Cody Morris,CLE,0.4
2022,perdolu02,Luis Perdomo,MIL,0.2
2022,cleavga01,Garrett Cleavinger,2TM,0.1
2022,cleavga01,Garrett Cleavinger,LAD,-0.4
2022,cleavga01,Garrett Cleavinger,TBR,0.5
2022,gonzach01,Chi Chi González,3TM,-0.2
2022,gonzach01,Chi Chi González,2TM,0.0
2022,gonzach01,Chi Chi González,MIN,-0.2
2022,gonzach01,Chi Chi González,MIL,-0.2
2022,gonzach01,Chi Chi González,NYY,0.2
2022,chargjt01,JT Chargois,TBR,0.6
2022,hunteto02,Tommy Hunter,NYM,0.3
2022,martico02,Corbin Martin,ARI,-0.2
2022,paddach01,Chris Paddack,MIN,0.2
2022,sborzjo01,Josh Sborz,TEX,-0.3
2022,barneja01,Jacob Barnes,2TM,-0.2
2022,barneja01,Jacob Barnes,DET,-0.3
2022,barneja01,Jacob Barnes,NYY,0.1
2022,stouter01,Eric Stout,2TM,-0.2
2022,stouter01,Eric Stout,CHC,0.0
2022,stouter01,Eric Stout,PIT,-0.3
2022,sulsebe01,Beau Sulser,2TM,0.0
2022,sulsebe01,Beau Sulser,PIT,-0.2
2022,sulsebe01,Beau Sulser,BAL,0.1
2022,nogosst01,Stephen Nogosek,NYM,0.1
2022,hembrhe01,Heath Hembree,2TM,-0.7
2022,hembrhe01,Heath Hembree,PIT,-0.5
2022,hembrhe01,Heath Hembree,LAD,-0.3
2022,odayda01,Darren O'Day,ATL,0.1
2022,verhadr01,Drew VerHagen,STL,-0.8
2022,fauchca01,Calvin Faucher,TBR,-0.4
2022,allarko01,Kolby Allard,TEX,-0.5
2022,gosean01,Anthony Gose,CLE,-0.2
2022,tetreja01,Jackson Tetreault,WSN,-0.2
2022,tinocje01,Jesús Tinoco,TEX,0.7
2022,brownhu01,Hunter Brown,HOU,0.8
2022,garcibr01,Bryan Garcia,DET,0.4
2022,goudeas01,Ashton Goudeau,COL,-0.5
2022,sousabe01,Bennett Sousa,CHW,-1.0
2022,arihako01,Kohei Arihara,TEX,-0.8
2022,kittran01,Andrew Kittredge,TBR,0.3
2022,patinlu01,Luis Patiño,TBR,-0.7
2022,santito01,Tony Santillan,CIN,-0.4
2022,lawde01,Derek Law,2TM,0.0
2022,lawde01,Derek Law,DET,-0.3
2022,lawde01,Derek Law,CIN,0.4
2022,bendean01,Anthony Bender,MIA,0.4
2022,speiega01,Gabe Speier,KCR,0.7
2022,desclan01,Anthony DeSclafani,SFG,-0.8
2022,ruizno01,Norge Ruíz,OAK,-0.4
2022,thornty01,Tyler Thornburg,2TM,0.0
2022,thornty01,Tyler Thornburg,ATL,-0.1
2022,thornty01,Tyler Thornburg,MIN,0.1
2022,bradlar01,Archie Bradley,LAA,-0.4
2022,fernaju01,Junior Fernández,2TM,0.3
2022,fernaju01,Junior Fernández,STL,0.1
2022,fernaju01,Junior Fernández,PIT,0.2
2022,bolanro01,Ronald Bolaños,KCR,0.2
2022,espinan01,Anderson Espinoza,CHC,0.0
2022,nelsory01,Ryne Nelson,ARI,0.8
2022,seaboco01,Connor Seabold,BOS,-1.0
2022,selmasa01,Sam Selman,OAK,0.0
2022,lawreca01,Casey Lawrence,TOR,-0.5
2022,smithch12,Chad Smith,COL,-0.4
2022,romose01,Sergio Romo,2TM,-0.7
2022,romose01,Sergio Romo,SEA,-0.7
2022,romose01,Sergio Romo,TOR,0.0
2022,canoye01,Yennier Cano,2TM,-0.9
2022,canoye01,Yennier Cano,MIN,-0.5
2022,canoye01,Yennier Cano,BAL,-0.4
2022,guerrja02,Javy Guerra,2TM,0.1
2022,guerrja02,Javy Guerra,SDP,-0.1
2022,guerrja02,Javy Guerra,TBR,0.2
2022,kolarad01,Adam Kolarek,OAK,0.0
2022,millsal02,Alec Mills,CHC,-0.7
2022,alexasc02,Scott Alexander,SFG,1.1
2022,gillalo01,Logan Gillaspie,BAL,0.1
2022,norwoja01,James Norwood,PHI,-0.5
2022,pegueel01,Elvis Peguero,LAA,-0.5
2022,widenta01,Taylor Widener,ARI,0.2
2022,friaslu01,Luis Frías,ARI,-1.0
2022,middlke01,Keynan Middleton,ARI,-0.6
2022,tapiado01,Domingo Tapia,OAK,-0.4
2022,ucetaed01,Edwin Uceta,ARI,-0.2
2022,milonto01,Tommy Milone,SEA,-0.2
2022,reedja02,Jake Reed,3TM,-0.6
2022,reedja02,Jake Reed,2TM,-0.2
2022,reedja02,Jake Reed,NYM,-0.3
2022,reedja02,Jake Reed,LAD,0.1
2022,reedja02,Jake Reed,BAL,-0.4
2022,bazared01,Eduard Bazardo,BOS,0.3
2022,lemoija01,Jacob Lemoine,OAK,-0.5
2022,llovema01,Mauricio Llovera,SFG,0.1
2022,stashco01,Cody Stashak,MIN,0.1
2022,valdeph01,Phillips Valdéz,BOS,-0.1
2022,romerjo01,JoJo Romero,2TM,0.0
2022,romerjo01,JoJo Romero,PHI,-0.1
2022,romerjo01,JoJo Romero,STL,0.1
2022,ortizlu03,Luis Ortiz,PIT,0.1
2022,taylobl01,Blake Taylor,HOU,0.0
2022,warreau01,Austin Warren,LAA,-0.1
2022,duggero01,Robert Dugger,2TM,-0.2
2022,duggero01,Robert Dugger,TBR,0.0
2022,duggero01,Robert Dugger,CIN,-0.2
2022,crickky01,Kyle Crick,CHW,0.2
2022,kowarja01,Jackson Kowar,KCR,-0.6
2022,alvarjo02,José Álvarez,SFG,-0.1
2022,diazjh01,Jhonathan Díaz,LAA,0.4
2022,grimmju01,Justin Grimm,OAK,0.0
2022,gsellro01,Robert Gsellman,CHC,0.0
2022,beaslje01,Jeremy Beasley,TOR,0.0
2022,greench03,Chad Green,NYY,0.1
2022,bardlu01,Luke Bard,2TM,0.5
2022,bardlu01,Luke Bard,TBR,0.5
2022,bardlu01,Luke Bard,NYY,0.0
2022,szaputh01,Thomas Szapucki,2TM,0.1
2022,szaputh01,Thomas Szapucki,NYM,-0.4
2022,szaputh01,Thomas Szapucki,SFG,0.5
2022,farrelu01,Luke Farrell,2TM,0.0
2022,farrelu01,Luke Farrell,CHC,0.2
2022,farrelu01,Luke Farrell,CIN,-0.1
2022,cruzfe01,Fernando Cruz,CIN,0.8
2022,nardian01,Andrew Nardi,MIA,-0.7
2022,sandeph01,Phoenix Sanders,TBR,0.2
2022,devench02,Chris Devenski,2TM,-0.5
2022,devench02,Chris Devenski,ARI,-0.3
2022,devench02,Chris Devenski,PHI,-0.2
2022,johnspi01,Pierce Johnson,SDP,-0.1
2022,steckdr01,Drew Steckenrider,SEA,-0.3
2022,yacabji01,Jimmy Yacabonis,2TM,-0.6
2022,yacabji01,Jimmy Yacabonis,MIA,-0.3
2022,yacabji01,Jimmy Yacabonis,TBR,-0.3
2022,halldl01,DL Hall,BAL,-0.2
2022,kellyza01,Zack Kelly,BOS,0.2
2022,knehrre01,Reiss Knehr,SDP,0.1
2022,rodrima01,Manuel Rodríguez,CHC,0.3
2022,alzolad01,Adbert Alzolay,CHC,0.2
2022,boydma01,Matthew Boyd,SEA,0.4
2022,castran02,Anthony Castro,CLE,-0.6
2022,cousija01,Jake Cousins,MIL,0.3
2022,sanchmi01,Miguel Sánchez,MIL,0.0
2022,weissza01,Zack Weiss,LAA,0.1
2022,cyrty01,Tyler Cyr,2TM,0.3
2022,cyrty01,Tyler Cyr,PHI,-0.1
2022,cyrty01,Tyler Cyr,OAK,0.4
2022,gagema01,Matt Gage,TOR,0.4
2022,frypa01,Paul Fry,2TM,-0.3
2022,frypa01,Paul Fry,BAL,-0.3
2022,frypa01,Paul Fry,ARI,0.0
2022,coonrsa01,Sam Coonrod,PHI,-0.4
2022,dejesan01,Ángel De Jesús,DET,0.3
2022,hoeinbr01,Bryan Hoeing,MIA,-0.8
2022,kahnlto01,Tommy Kahnle,LAD,0.3
2022,whitlko01,Kodi Whitley,STL,-0.2
2022,bielabr01,Brandon Bielak,HOU,0.1
2022,couloda01,Danny Coulombe,MIN,0.3
2022,mulleky01,Kyle Muller,ATL,-0.4
2022,castrke01,Kervin Castro,2TM,-0.4
2022,castrke01,Kervin Castro,SFG,-0.2
2022,castrke01,Kervin Castro,CHC,-0.2
2022,scottta02,Tayler Scott,SDP,-0.3
2022,fletcaa01,Aaron Fletcher,PIT,-0.2
2022,henriro01,Ronny Henriquez,MIN,0.2
2022,sheffju01,Justus Sheffield,SEA,0.0
2022,kiliaca01,Caleb Kilian,CHC,-0.6
2022,weissgr01,Greg Weissert,NYY,-0.3
2022,alberha01,Hanser Alberto,LAD,0.0
2022,fishmja01,Jake Fishman,MIA,0.1
2022,knighdu01,Dusten Knight,TBR,-0.1
2022,lopezyo01,Yoan López,NYM,-0.1
2022,martejo01,José Marte,LAA,-0.2
2022,zerpaan01,Angel Zerpa,KCR,0.5
2022,millety01,Tyson Miller,TEX,-0.7
2022,rosenke01,Kenny Rosenberg,LAA,0.1
2022,weberry01,Ryan Weber,NYY,0.3
2022,zeuchtj01,T.J. Zeuch,CIN,-0.8
2022,appelma01,Mark Appel,PHI,0.3
2022,lakintr01,Travis Lakins Sr.,BAL,-0.4
2022,mizeca01,Casey Mize,DET,0.0
2022,reidfse01,Sean Reid-Foley,NYM,-0.1
2022,peacoma01,Matt Peacock,2TM,0.0
2022,peacoma01,Matt Peacock,ARI,0.0
2022,peacoma01,Matt Peacock,KCR,0.0
2022,jacksan01,Andre Jackson,LAD,0.2
2022,minayju01,Juan Minaya,MIN,-0.1
2022,wilesco01,Collin Wiles,OAK,0.0
2022,brookaa01,Aaron Brooks,STL,-0.2
2022,curryxz01,Xzavion Curry,CLE,-0.3
2022,garrere01,Reed Garrett,WSN,-0.1
2022,barraky01,Kyle Barraclough,LAA,0.2
2022,braulst01,Steven Brault,CHC,0.2
2022,burrry01,Ryan Burr,CHW,-0.2
2022,holtoty01,Tyler Holton,ARI,0.1
2022,naileja01,James Naile,STL,0.0
2022,carltdr01,Drew Carlton,DET,0.1
2022,cruzje01,Jesús Cruz,ATL,-0.1
2022,leeev01,Evan Lee,WSN,0.0
2022,ortizlu02,Luis Ortiz,SFG,0.3
2022,perezfr01,Francisco Pérez,WSN,-0.1
2022,vieauca01,Cam Vieaux,PIT,-0.6
2022,vasquan02,Andrew Vasquez,2TM,-0.1
2022,vasquan02,Andrew Vasquez,TOR,-0.2
2022,vasquan02,Andrew Vasquez,SFG,0.1
2022,hendrry01,Ryan Hendrix,CIN,0.0
2022,junkja01,Janson Junk,LAA,-0.1
2022,solomja01,Jared Solomon,CIN,-0.3
2022,romerto01,Tommy Romero,2TM,-0.5
2022,romerto01,Tommy Romero,TBR,-0.1
2022,romerto01,Tommy Romero,WSN,-0.3
2022,garciri01,Rico Garcia,BAL,0.0
2022,meansjo01,John Means,BAL,0.2
2022,eliasro01,Roenis Elías,SEA,0.1
2022,reyesde02,Denyi Reyes,BAL,0.2
2022,roberet01,Ethan Roberts,CHC,-0.3
2022,rodride01,Dereck Rodríguez,MIN,0.2
2022,allenlo01,Logan Allen,2TM,-0.1
2022,allenlo01,Logan Allen,CLE,-0.1
2022,allenlo01,Logan Allen,BAL,-0.1
2022,gaddihu01,Hunter Gaddis,CLE,-0.7
2022,mushipa01,Parker Mushinski,HOU,0.0
2022,plassmi01,Michael Plassmeyer,PHI,0.2
2022,severan01,Anderson Severino,CHW,0.0
2022,topaju01,Justin Topa,MIL,-0.3
2022,alexyaj01,A.J. Alexy,TEX,-0.4
2022,chiriyo01,Yonny Chirinos,TBR,0.5
2022,clemeko01,Kody Clemens,DET,0.1
2022,hergeke01,Kevin Herget,TBR,-0.1
2022,holloga01,Gavin Hollowell,COL,-0.2
2022,mengdda01,Daniel Mengden,KCR,0.0
2022,millesh01,Shelby Miller,SFG,-0.2
2022,pattosp01,Spencer Patton,TEX,0.1
2022,yateski01,Kirby Yates,ATL,-0.1
2022,briceau01,Austin Brice,PIT,0.0
2022,glasnty01,Tyler Glasnow,TBR,0.4
2022,hernada02,Darwinzon Hernández,BOS,-0.9
2022,simslu01,Lucas Sims,CIN,-0.3
2022,ynoahu01,Huascar Ynoa,ATL,-0.5
2022,mckayda02,David McKay,3TM,-0.1
2022,mckayda02,David McKay,NYY,0.1
2022,mckayda02,David McKay,TBR,-0.1
2022,mckayda02,David McKay,OAK,0.0
2022,blancro01,Ronel Blanco,HOU,-0.2
2022,dowdyky01,Kyle Dowdy,CIN,0.3
2022,gonzalu03,Luis González,SFG,0.0
2022,smallet01,Ethan Small,MIL,-0.1
2022,grifffo01,Foster Griffin,2TM,-0.2
2022,grifffo01,Foster Griffin,KCR,-0.2
2022,grifffo01,Foster Griffin,TOR,0.1
2022,youngda02,Danny Young,2TM,0.1
2022,youngda02,Danny Young,SEA,-0.1
2022,youngda02,Danny Young,ATL,0.1
2022,meyerma01,Max Meyer,MIA,-0.1
2022,tullyta01,Tanner Tully,CLE,-0.1
2022,diehlph01,Phillip Diehl,CIN,-0.2
2022,diplama01,Marcos Diplán,BAL,0.1
2022,estraje01,Jeremiah Estrada,CHC,0.1
2022,murphpa02,Patrick Murphy,WSN,-0.1
2022,salech01,Chris Sale,BOS,0.0
2022,vizcaar01,Arodys Vizcaíno,KCR,-0.1
2022,waiteco01,Cole Waites,SFG,0.1
2022,brentja01,Jake Brentz,KCR,-1.3
2022,doolise01,Sean Doolittle,WSN,0.4
2022,lowthza01,Zac Lowther,BAL,-0.2
2022,mazzach01,Chris Mazza,TBR,-0.5
2022,claysa01,Sam Clay,2TM,-0.2
2022,claysa01,Sam Clay,WSN,-0.2
2022,claysa01,Sam Clay,NYM,0.0
2022,clippty01,Tyler Clippard,WSN,-0.1
2022,kerrra01,Ray Kerr,SDP,-0.1
2022,kranima01,Max Kranick,PIT,0.4
2022,moralfr02,Francisco Morales,PHI,-0.1
2022,neideni01,Nick Neidert,MIA,0.2
2022,romerjh01,Jhon Romero,MIN,0.1
2022,rondoan01,Angel Rondón,STL,0.3
2022,treinbl01,Blake Treinen,LAD,0.2
2022,woodssi01,Simeon Woods Richardson,MIN,-0.1
2022,espinra01,Raynel Espinal,CIN,-0.1
2022,hatchto01,Thomas Hatch,TOR,-0.4
2022,hollagr01,Greg Holland,TEX,-0.3
2022,jonesda07,Damon Jones,PHI,-0.2
2022,kellyca02,Carson Kelly,ARI,-0.1
2022,strasst01,Stephen Strasburg,WSN,-0.3
2022,brachsi01,Silvino Bracho,ATL,-0.1
2022,cavalca01,Cade Cavalli,WSN,-0.3
2022,eickhje01,Jerad Eickhoff,PIT,-0.4
2022,ellisch01,Chris Ellis,BAL,-0.3
2022,gileske01,Ken Giles,SEA,0.2
2022,kochma01,Matt Koch,SEA,-0.2
2022,ogandcr01,Cristofer Ogando,TBR,0.0
2022,avilape01,Pedro Avila,SDP,0.0
2022,barkelu01,Luke Barker,MIL,-0.1
2022,buttojo01,José Buttó,NYM,-0.3
2022,castrha01,Harold Castro,DET,0.0
2022,germafr02,Franklin German,BOS,-0.3
2022,gillu01,Luis Gil,NYY,-0.2
2022,kellymi03,Michael Kelly,PHI,0.1
2022,perezol01,Óliver Pérez,ARI,-0.7
2022,phillbr02,Brett Phillips,TBR,-0.3
2022,tylerky01,Kyle Tyler,SDP,0.1
2022,bethach01,Christian Bethancourt,2TM,0.1
2022,bethach01,Christian Bethancourt,OAK,0.0
2022,bethach01,Christian Bethancourt,TBR,0.0
2022,zastrro01,Rob Zastryzny,2TM,-0.2
2022,zastrro01,Rob Zastryzny,NYM,0.0
2022,zastrro01,Rob Zastryzny,LAA,-0.1
2022,castilu03,Luis Castillo,DET,0.1
2022,diazmi02,Miguel Díaz,DET,0.1
2022,gordoni01,Nick Gordon,MIN,-0.3
2022,myerswi01,Wil Myers,SDP,0.0
2022,neusesh01,Sheldon Neuse,OAK,0.1
2022,santogr01,Gregory Santos,SFG,0.0
2022,stubbga01,Garrett Stubbs,PHI,-0.2
2022,weathry01,Ryan Weathers,SDP,-0.2
2022,wellsal01,Alex Wells,BAL,0.0
2022,wilsoju10,Justin Wilson,CIN,0.1
2022,claudal01,Álex Claudio,NYM,0.1
2022,criswco01,Cooper Criswell,TBR,0.1
2022,felizmi01,Michael Feliz,BOS,0.0
2022,ladwiaj01,A.J. Ladwig,MIA,-0.2
2022,montebr01,Bryce Montes de Oca,NYM,-0.1
2022,brossmi01,Mike Brosseau,MIL,0.1
2022,fishena01,Nate Fisher,NYM,0.1
2022,harrijo05,Josh Harrison,CHW,-0.2
2022,markepa01,Parker Markel,OAK,0.1
2022,mcgeeea01,Easton McGee,TBR,0.1
2022,pareden01,Enoli Paredes,HOU,0.0
2022,sadzeco01,Connor Sadzeck,MIL,-0.1
2022,schwifr01,Frank Schwindel,CHC,-0.2
2022,sedloco01,Cody Sedlock,BAL,-0.1
2022,vanmejo01,Josh VanMeter,PIT,-0.4
2022,greensh02,Shane Greene,2TM,0.0
2022,greensh02,Shane Greene,LAD,0.1
2022,greensh02,Shane Greene,NYY,-0.1
2022,castery01,Ryan Castellani,OAK,0.1
2022,duartda01,Daniel Duarte,CIN,-0.1
2022,hamilia01,Ian Hamilton,MIN,0.0
2022,hollojo01,Jordan Holloway,MIA,0.0
2022,lopezal03,Alejo Lopez,CIN,0.0
2022,sauceta01,Tayler Saucedo,TOR,-0.3
2022,walshja02,Jake Walsh,STL,-0.2
2022,zabalan01,Aneurys Zabala,MIA,0.1
2022,adamsau02,Austin Adams,SDP,0.1
2022,alcaljo01,Jorge Alcala,MIN,0.1
2022,alvarrj01,R.J. Alvarez,NYM,-0.2
2022,baezpe01,Pedro Báez,HOU,-0.2
2022,bernabr01,Brennan Bernardino,SEA,-0.2
2022,hagerja01,Jake Hager,ARI,0.0
2022,mejiaje02,J.C. Mejía,MIL,-0.2
2022,astudwi01,Willians Astudillo,MIA,0.1
2022,baezmi01,Michel Báez,SDP,0.1
2022,battema01,Matthew Batten,SDP,0.0
2022,castidi02,Diego Castillo,PIT,-0.3
2022,changyu01,Yu Chang,TBR,-0.1
2022,clemeer01,Ernie Clement,CLE,-0.1
2022,culbech01,Charlie Culberson,TEX,0.1
2022,erlinro01,Robbie Erlin,LAD,-0.1
2022,howarsa01,Sam Howard,PIT,-0.1
2022,kayan01,Anthony Kay,TOR,0.0
2022,leonsa01,Sandy León,CLE,0.1
2022,mearsni01,Nick Mears,PIT,0.1
2022,molinya01,Yadier Molina,STL,-0.1
2022,nittovi01,Vinny Nittoli,PHI,0.1
2022,reyesge01,Gerardo Reyes,LAA,0.0
2022,rufda01,Darin Ruf,NYM,0.1
2022,sheffjo01,Jordan Sheffield,COL,0.1
2022,stjohlo01,Locke St. John,CHC,-0.1
2022,taylomi02,Michael A. Taylor,KCR,0.0
2022,torrelu01,Luis Torrens,SEA,-0.1
2022,woodswi02,William Woods,ATL,0.1
2022,wynnsau01,Austin Wynns,SFG,-0.1
2022,escobal02,Alcides Escobar,WSN,0.0
2022,padilni01,Nicholas Padilla,CHC,0.0
2022,jacksja01,Jay Jackson,ATL,0.1
2022,matonni01,Nick Maton,PHI,-0.1
2022,mckenry01,Ryan McKenna,BAL,-0.1
2022,reynoma03,Matt Reynolds,CIN,0.0
2022,adriaeh01,Ehire Adrianza,WSN,0.0
2022,alldrca01,Cam Alldred,PIT,0.0
2022,andersh01,Shaun Anderson,TOR,-0.1
2022,arciaor01,Orlando Arcia,ATL,0.0
2022,barnhtu01,Tucker Barnhart,DET,0.0
2022,bradlja02,Jackie Bradley Jr.,BOS,0.0
2022,caratvi01,Victor Caratini,MIL,-0.1
2022,castijo03,José Castillo,SDP,0.0
2022,davisno01,Noah Davis,COL,-0.1
2022,dermoma01,Matt Dermody,CHC,-0.1
2022,dickeco01,Corey Dickerson,STL,0.0
2022,doziehu01,Hunter Dozier,KCR,-0.1
2022,duronni01,Nick Duron,PHI,0.0
2022,fordmi01,Mike Ford,ATL,-0.1
2022,gosseph01,Phil Gosselin,LAA,0.0
2022,grichra01,Randal Grichuk,COL,0.0
2022,lopezni01,Nicky Lopez,KCR,-0.1
2022,mayfija01,Jack Mayfield,LAA,0.0
2022,mcguire01,Reese McGuire,BOS,0.0
2022,menezco01,Conner Menez,CHC,0.1
2022,merriwh01,Whit Merrifield,TOR,-0.1
2022,obrieri01,Riley O'Brien,SEA,0.0
2022,owingch01,Chris Owings,BAL,0.0
2022,peterja01,Jace Peterson,MIL,0.0
2022,pindech01,Chad Pinder,OAK,-0.1
2022,plaweke01,Kevin Plawecki,BOS,0.0
2022,pujolal01,Albert Pujols,STL,-0.1
2022,reyesfr01,Franmil Reyes,CHC,0.0
2022,reyespa01,Pablo Reyes,MIL,0.0
2022,rodriye01,Yerry Rodríguez,TEX,0.1
2022,rossmbu01,Bubby Rossman,PHI,-0.1
2022,sanchca01,Yolmer Sánchez,BOS,0.0
2022,schroma01,Max Schrock,CIN,-0.2
2022,servebr01,Brian Serven,COL,0.1
2022,simmoan01,Andrelton Simmons,CHC,-0.2
2022,snydeni01,Nicklaus Snyder,TEX,-0.1
2022,gordode01,Dee Strange-Gordon,WSN,-0.1
2022,valdece01,César Valdez,LAA,-0.1
2022,vargail01,Ildemaro Vargas,WSN,0.0
2022,waltodo01,Donovan Walton,SFG,-0.1
2022,brittza01,Zack Britton,NYY,-0.1
2022,francbo01,Bowden Francis,TOR,0.0
2022,kniznan01,Andrew Knizner,STL,0.0
2022,littlbr02,Brendon Little,CHC,-0.3
2022,palacje01,Jermaine Palacios,MIN,0.0
2022,tarnofr01,Freddy Tarnok,ATL,0.0
2022,gonzama01,Marwin González,NYY,0.0
2022,hallda02,Darick Hall,PHI,0.0
2022,moranbr01,Brian Moran,LAA,-0.1
2022,waltena01,Nash Walters,LAA,0.0
2023,webblo01,Logan Webb,SFG,5.6
2023,galleza01,Zac Gallen,ARI,4.4
2023,colege01,Gerrit Cole,NYY,7.4
2023,mikolmi01,Miles Mikolas,STL,1.9
2023,bassich01,Chris Bassitt,TOR,2.6
2023,valdefr01,Framber Valdez,HOU,3.2
2023,castilu02,Luis Castillo,SEA,3.2
2023,kellemi03,Mitch Keller,PIT,3.0
2023,lopezpa01,Pablo López,MIN,3.4
2023,burneco01,Corbin Burnes,MIL,3.5
2023,nolaaa01,Aaron Nola,PHI,2.3
2023,gibsoky01,Kyle Gibson,BAL,0.7
2023,wheelza01,Zack Wheeler,PHI,4.2
2023,gilbelo01,Logan Gilbert,SEA,2.8
2023,kirbyge01,George Kirby,SEA,3.8
2023,berrijo01,José Berríos,TOR,2.5
2023,montgjo01,Jordan Montgomery,2TM,4.0
2023,montgjo01,Jordan Montgomery,STL,2.1
2023,montgjo01,Jordan Montgomery,TEX,1.8
2023,stridsp01,Spencer Strider,ATL,3.0
2023,gausmke01,Kevin Gausman,TOR,3.5
2023,alcansa01,Sandy Alcantara,MIA,3.9
2023,giolilu01,Lucas Giolito,3TM,1.6
2023,giolilu01,Lucas Giolito,CHW,2.7
2023,giolilu01,Lucas Giolito,LAA,-0.5
2023,giolilu01,Lucas Giolito,CLE,-0.7
2023,grayso01,Sonny Gray,MIN,5.6
2023,lynnla01,Lance Lynn,2TM,-0.9
2023,lynnla01,Lance Lynn,CHW,-1.1
2023,lynnla01,Lance Lynn,LAD,0.2
2023,corbipa01,Patrick Corbin,WSN,0.3
2023,snellbl01,Blake Snell,SDP,6.5
2023,luzarje01,Jesús Luzardo,MIA,4.7
2023,eflinza01,Zach Eflin,TBR,3.6
2023,kellyme01,Merrill Kelly,ARI,4.0
2023,lylesjo01,Jordan Lyles,KCR,-1.1
2023,oviedjo01,Johan Oviedo,PIT,2.2
2023,ceasedy01,Dylan Cease,CHW,2.2
2023,elderbr01,Bryce Elder,ATL,2.7
2023,steelju01,Justin Steele,CHC,3.2
2023,dunnida01,Dane Dunning,TEX,2.7
2023,kremede01,Dean Kremer,BAL,1.4
2023,walketa01,Taijuan Walker,PHI,2.6
2023,searsjp01,JP Sears,OAK,2.9
2023,bradiky01,Kyle Bradish,BAL,4.8
2023,kikucyu01,Yusei Kikuchi,TOR,1.8
2023,sengako01,Kodai Senga,NYM,4.5
2023,peralfr01,Freddy Peralta,MIL,2.0
2023,mortoch02,Charlie Morton,ATL,3.0
2023,verlaju01,Justin Verlander,2TM,3.5
2023,verlaju01,Justin Verlander,NYM,2.2
2023,verlaju01,Justin Verlander,HOU,1.4
2023,javiecr01,Cristian Javier,HOU,1.2
2023,ryanjo04,Joe Ryan,MIN,1.6
2023,garrebr01,Braxton Garrett,MIA,4.3
2023,singebr01,Brady Singer,KCR,0.3
2023,grayjo03,Josiah Gray,WSN,3.0
2023,schmicl01,Clarke Schmidt,NYY,0.7
2023,grayjo02,Jon Gray,TEX,1.7
2023,bellobr01,Brayan Bello,BOS,3.1
2023,brownhu01,Hunter Brown,HOU,0.1
2023,freelky01,Kyle Freeland,COL,1.4
2023,taillja01,Jameson Taillon,CHC,-0.4
2023,lorenmi01,Michael Lorenzen,2TM,1.8
2023,lorenmi01,Michael Lorenzen,DET,1.9
2023,lorenmi01,Michael Lorenzen,PHI,-0.1
2023,rodried05,Eduardo Rodríguez,DET,3.2
2023,scherma01,Max Scherzer,2TM,3.1
2023,scherma01,Max Scherzer,NYM,2.1
2023,scherma01,Max Scherzer,TEX,1.0
2023,cobbal01,Alex Cobb,SFG,2.5
2023,detmere01,Reid Detmers,LAA,2.2
2023,heanean01,Andrew Heaney,TEX,1.0
2023,lugose01,Seth Lugo,SDP,2.1
2023,hillri01,Rich Hill,2TM,-0.5
2023,hillri01,Rich Hill,PIT,0.6
2023,hillri01,Rich Hill,SDP,-1.0
2023,ashcrgr01,Graham Ashcraft,CIN,2.6
2023,sandopa02,Patrick Sandoval,LAA,0.4
2023,oberba01,Bailey Ober,MIN,3.0
2023,willitr01,Trevor Williams,WSN,-0.2
2023,flaheja01,Jack Flaherty,2TM,0.8
2023,flaheja01,Jack Flaherty,STL,1.4
2023,flaheja01,Jack Flaherty,BAL,-0.6
2023,eovalna01,Nathan Eovaldi,TEX,2.8
2023,nelsory01,Ryne Nelson,ARI,0.0
2023,pivetni01,Nick Pivetta,BOS,2.3
2023,greinza01,Zack Greinke,KCR,1.1
2023,smylydr01,Drew Smyly,CHC,-0.3
2023,bibeeta01,Tanner Bibee,CLE,3.9
2023,perezma02,Martín Pérez,TEX,0.5
2023,anderty01,Tyler Anderson,LAA,0.2
2023,waldike01,Ken Waldichuk,OAK,0.2
2023,gombeau01,Austin Gomber,COL,0.8
2023,hendrky01,Kyle Hendricks,CHC,1.0
2023,stromma01,Marcus Stroman,CHC,1.3
2023,darviyu01,Yu Darvish,SDP,0.9
2023,francjp01,J.P. France,HOU,1.6
2023,gorema01,MacKenzie Gore,WSN,1.9
2023,wachami01,Michael Wacha,SDP,2.7
2023,ohtansh01,Shohei Ohtani,LAA,3.8
2023,kershcl01,Clayton Kershaw,LAD,3.7
2023,clevimi01,Mike Clevinger,CHW,3.2
2023,millebr04,Bryce Miller,SEA,1.0
2023,crawfku01,Kutter Crawford,BOS,2.5
2023,kopecmi01,Michael Kopech,CHW,0.6
2023,biebesh01,Shane Bieber,CLE,1.9
2023,cannigr01,Griffin Canning,LAA,2.0
2023,megilty01,Tylor Megill,NYM,0.6
2023,allenlo02,Logan Allen,CLE,1.7
2023,suarera01,Ranger Suárez,PHI,2.4
2023,reaco01,Colin Rea,MIL,0.6
2023,millebo06,Bobby Miller,LAD,2.0
2023,weavelu01,Luke Weaver,3TM,-0.6
2023,weavelu01,Luke Weaver,2TM,0.2
2023,weavelu01,Luke Weaver,CIN,-0.7
2023,weavelu01,Luke Weaver,SEA,-0.2
2023,weavelu01,Luke Weaver,NYY,0.3
2023,civalaa01,Aaron Civale,2TM,2.6
2023,civalaa01,Aaron Civale,CLE,2.7
2023,civalaa01,Aaron Civale,TBR,-0.1
2023,rodrigr01,Grayson Rodriguez,BAL,0.9
2023,irvinja01,Jake Irvin,WSN,1.0
2023,mileywa01,Wade Miley,MIL,2.6
2023,glasnty01,Tyler Glasnow,TBR,2.1
2023,wellsty01,Tyler Wells,BAL,1.7
2023,manaese01,Sean Manaea,SFG,0.2
2023,uriasju01,Julio Urías,LAD,0.6
2023,willibr02,Brandon Williamson,CIN,1.6
2023,mcclash01,Shane McClanahan,TBR,2.8
2023,greenhu01,Hunter Greene,CIN,1.0
2023,housead01,Adrian Houser,MIL,0.9
2023,peterda01,David Peterson,NYM,0.5
2023,martini01,Nick Martinez,SDP,1.7
2023,medinlu02,Luis Medina,OAK,0.2
2023,abbotan01,Andrew Abbott,CIN,2.7
2023,assadja01,Javier Assad,CHC,2.1
2023,germado01,Domingo Germán,NYY,0.7
2023,houckta01,Tanner Houck,BOS,1.3
2023,wentzjo01,Joey Wentz,DET,-2.0
2023,matzst01,Steven Matz,STL,2.0
2023,bradlta01,Taj Bradley,TBR,-0.4
2023,kingmi01,Michael King,NYY,3.3
2023,maedake01,Kenta Maeda,MIN,1.2
2023,blackpa01,Paul Blackburn,OAK,1.6
2023,olsonre01,Reese Olson,DET,1.4
2023,gonsoto01,Tony Gonsolin,LAD,-0.2
2023,salech01,Chris Sale,BOS,1.6
2023,flexech01,Chris Flexen,2TM,-1.1
2023,flexech01,Chris Flexen,SEA,-0.9
2023,flexech01,Chris Flexen,COL,-0.2
2023,wainwad01,Adam Wainwright,STL,-1.9
2023,cabreed02,Edward Cabrera,MIA,2.0
2023,desclan01,Anthony DeSclafani,SFG,0.1
2023,quantca01,Cal Quantrill,CLE,0.0
2023,sanchcr01,Cristopher Sánchez,PHI,2.1
2023,woodal02,Alex Wood,SFG,0.6
2023,musgrjo01,Joe Musgrove,SDP,2.2
2023,paxtoja01,James Paxton,BOS,1.0
2023,pfaadbr01,Brandon Pfaadt,ARI,-0.4
2023,raganco01,Cole Ragans,2TM,2.3
2023,raganco01,Cole Ragans,TEX,-0.3
2023,raganco01,Cole Ragans,KCR,2.6
2023,curryxz01,Xzavion Curry,CLE,0.7
2023,perezeu02,Eury Pérez,MIA,2.7
2023,britojh01,Jhony Brito,NYY,0.7
2023,carraca01,Carlos Carrasco,NYM,-1.4
2023,litteza01,Zack Littell,2TM,1.0
2023,litteza01,Zack Littell,BOS,0.0
2023,litteza01,Zack Littell,TBR,1.0
2023,yarbrry01,Ryan Yarbrough,2TM,0.7
2023,yarbrry01,Ryan Yarbrough,KCR,0.8
2023,yarbrry01,Ryan Yarbrough,LAD,-0.1
2023,birdja01,Jake Bird,COL,0.8
2023,severlu01,Luis Severino,NYY,-1.5
2023,wesneha01,Hayden Wesneski,CHC,0.1
2023,henryto01,Tommy Henry,ARI,1.1
2023,stripro01,Ross Stripling,SFG,0.1
2023,livelbe01,Ben Lively,CIN,0.4
2023,syndeno01,Noah Syndergaard,2TM,-1.1
2023,syndeno01,Noah Syndergaard,LAD,-1.0
2023,syndeno01,Noah Syndergaard,CLE,-0.1
2023,strahma01,Matt Strahm,PHI,2.2
2023,woobr01,Bryan Woo,SEA,0.5
2023,lambepe01,Peter Lambert,COL,0.4
2023,manoaal01,Alek Manoah,TOR,-1.1
2023,seaboco01,Connor Seabold,COL,-1.3
2023,toussto01,Touki Toussaint,2TM,1.0
2023,toussto01,Touki Toussaint,CLE,0.0
2023,toussto01,Touki Toussaint,CHW,1.0
2023,ortizlu03,Luis Ortiz,PIT,0.6
2023,anderch01,Chase Anderson,2TM,0.6
2023,anderch01,Chase Anderson,TBR,0.2
2023,anderch01,Chase Anderson,COL,0.4
2023,junisja01,Jakob Junis,SFG,0.7
2023,holtoty01,Tyler Holton,DET,2.9
2023,becktr01,Tristan Beck,SFG,1.1
2023,scholje01,Jesse Scholtens,CHW,0.2
2023,chiriyo01,Yonny Chirinos,2TM,-0.4
2023,chiriyo01,Yonny Chirinos,TBR,0.4
2023,chiriyo01,Yonny Chirinos,ATL,-0.8
2023,winckjo01,Josh Winckowski,BOS,1.8
2023,stratch01,Chris Stratton,2TM,0.5
2023,stratch01,Chris Stratton,STL,0.2
2023,stratch01,Chris Stratton,TEX,0.4
2023,barrija01,Jaime Barria,LAA,-0.9
2023,davieza02,Zach Davies,ARI,-1.4
2023,williga01,Gavin Williams,CLE,2.0
2023,hudsoda02,Dakota Hudson,STL,0.5
2023,falteba01,Bailey Falter,2TM,-0.2
2023,falteba01,Bailey Falter,PHI,-0.3
2023,falteba01,Bailey Falter,PIT,0.1
2023,skubata01,Tarik Skubal,DET,2.0
2023,bielabr01,Brandon Bielak,HOU,0.4
2023,tonkimi01,Michael Tonkin,ATL,0.3
2023,fujinsh01,Shintaro Fujinami,2TM,-2.0
2023,fujinsh01,Shintaro Fujinami,OAK,-1.9
2023,fujinsh01,Shintaro Fujinami,BAL,-0.1
2023,blachty01,Ty Blach,COL,0.2
2023,mannima02,Matt Manning,DET,1.2
2023,scottta01,Tanner Scott,MIA,3.9
2023,friedma01,Max Fried,ATL,2.5
2023,irvinco01,Cole Irvin,BAL,0.1
2023,mulleky01,Kyle Muller,OAK,-1.3
2023,wilsobr02,Bryse Wilson,MIL,1.5
2023,gibauia01,Ian Gibaut,CIN,2.0
2023,quintjo01,Jose Quintana,NYM,1.6
2023,farmebu01,Buck Farmer,CIN,1.1
2023,lawreju01,Justin Lawrence,COL,1.3
2023,marshal01,Alec Marsh,KCR,-0.2
2023,rogerty01,Tyler Rogers,SFG,1.6
2023,canoye01,Yennier Cano,BAL,2.4
2023,claseem01,Emmanuel Clase,CLE,0.7
2023,richatr01,Trevor Richards,TOR,-0.2
2023,abreubr01,Bryan Abreu,HOU,2.5
2023,merryju01,Julian Merryweather,CHC,0.9
2023,teherju01,Julio Teheran,MIL,0.5
2023,whitlga01,Garrett Whitlock,BOS,0.3
2023,boydma01,Matthew Boyd,DET,-0.2
2023,brashma01,Matt Brash,SEA,1.2
2023,hoeinbr01,Bryan Hoeing,MIA,0.3
2023,payamjo01,Joel Payamps,MIL,1.6
2023,mcgousc01,Scott McGough,ARI,0.1
2023,hernaca04,Carlos Hernández,KCR,-0.2
2023,finneky01,Kyle Finnegan,WSN,0.9
2023,paganem01,Emilio Pagán,MIN,1.4
2023,suterbr01,Brent Suter,COL,0.7
2023,foleyja01,Jason Foley,DET,2.0
2023,grovemi01,Michael Grove,LAD,-0.8
2023,kimbrcr01,Craig Kimbrel,PHI,1.8
2023,topaju01,Justin Topa,SEA,1.6
2023,stephtr01,Trevor Stephan,CLE,0.4
2023,contrro01,Roansy Contreras,PIT,-0.5
2023,nerishe01,Hector Neris,HOU,2.6
2023,pallaan01,Andre Pallante,STL,0.1
2023,varlalo01,Louis Varland,MIN,0.6
2023,barlosc01,Scott Barlow,2TM,-0.1
2023,barlosc01,Scott Barlow,KCR,-0.3
2023,barlosc01,Scott Barlow,SDP,0.3
2023,dovalca01,Camilo Doval,SFG,1.4
2023,bednada01,David Bednar,PIT,2.6
2023,diazal03,Alexis Díaz,CIN,1.9
2023,gratebr01,Brusdar Graterol,LAD,2.5
2023,montera01,Rafael Montero,HOU,-0.3
2023,morgael01,Eli Morgan,CLE,-0.1
2023,bickfph01,Phil Bickford,2TM,-0.2
2023,bickfph01,Phil Bickford,LAD,-0.3
2023,bickfph01,Phil Bickford,NYM,0.0
2023,kellyke02,Kevin Kelly,TBR,0.7
2023,woodrbr01,Brandon Woodruff,MIL,2.3
2023,swanser01,Erik Swanson,TOR,1.5
2023,santogr01,Gregory Santos,CHW,1.2
2023,thompza02,Zack Thompson,STL,0.6
2023,graveke01,Kendall Graveman,2TM,1.4
2023,graveke01,Kendall Graveman,CHW,0.9
2023,graveke01,Kendall Graveman,HOU,0.6
2023,cruzfe01,Fernando Cruz,CIN,0.3
2023,garciyi01,Yimi García,TOR,0.0
2023,langeal01,Alex Lange,DET,1.0
2023,matonph01,Phil Maton,HOU,1.1
2023,lopezre01,Reynaldo López,3TM,2.0
2023,lopezre01,Reynaldo López,CHW,0.7
2023,lopezre01,Reynaldo López,LAA,0.6
2023,lopezre01,Reynaldo López,CLE,0.8
2023,delosen01,Enyel De Los Santos,CLE,1.2
2023,hicksjo03,Jordan Hicks,2TM,0.9
2023,hicksjo03,Jordan Hicks,STL,0.4
2023,hicksjo03,Jordan Hicks,TOR,0.5
2023,ginkeke01,Kevin Ginkel,ARI,1.3
2023,jaxgr01,Griffin Jax,MIN,0.7
2023,pressry01,Ryan Pressly,HOU,0.2
2023,roberda08,David Robertson,2TM,1.7
2023,roberda08,David Robertson,NYM,1.8
2023,roberda08,David Robertson,MIA,-0.2
2023,cuasjo01,José Cuas,2TM,0.9
2023,cuasjo01,José Cuas,KCR,0.4
2023,cuasjo01,José Cuas,CHC,0.5
2023,baumami01,Mike Baumann,BAL,0.6
2023,castrmi01,Miguel Castro,ARI,0.4
2023,faedoal01,Alex Faedo,DET,0.5
2023,minteaj01,A.J. Minter,ATL,0.8
2023,leitema02,Mark Leiter Jr.,CHC,0.8
2023,milneho01,Hoby Milner,MIL,1.7
2023,rodonca01,Carlos Rodón,NYY,-0.8
2023,alzolad01,Adbert Alzolay,CHC,1.6
2023,cortene01,Nestor Cortes,NYY,0.5
2023,harriho03,Hogan Harris,OAK,-0.8
2023,holmecl01,Clay Holmes,NYY,1.8
2023,urquijo01,José Urquidy,HOU,0.0
2023,johnspi01,Pierce Johnson,2TM,0.4
2023,johnspi01,Pierce Johnson,COL,-0.3
2023,johnspi01,Pierce Johnson,ATL,0.7
2023,duranjh01,Jhoan Duran,MIN,2.0
2023,estevca01,Carlos Estévez,LAA,0.6
2023,mollsa01,Sam Moll,2TM,1.8
2023,mollsa01,Sam Moll,OAK,0.3
2023,mollsa01,Sam Moll,CIN,1.4
2023,liberma01,Matthew Liberatore,STL,-0.3
2023,ottavad01,Adam Ottavino,NYM,1.2
2023,pegueel01,Elvis Peguero,MIL,1.0
2023,phillev01,Evan Phillips,LAD,1.6
2023,walkery01,Ryan Walker,SFG,0.9
2023,jacksan01,Andre Jackson,2TM,0.5
2023,jacksan01,Andre Jackson,LAD,-0.2
2023,jacksan01,Andre Jackson,PIT,0.7
2023,banksta01,Tanner Banks,CHW,0.7
2023,bautife01,Félix Bautista,BAL,3.0
2023,kaprija01,James Kaprielian,OAK,-0.1
2023,simslu01,Lucas Sims,CIN,1.8
2023,verhadr01,Drew VerHagen,STL,0.5
2023,harvehu01,Hunter Harvey,WSN,1.9
2023,pocheco01,Colin Poche,TBR,1.8
2023,sewalpa01,Paul Sewald,2TM,1.2
2023,sewalpa01,Paul Sewald,SEA,0.8
2023,sewalpa01,Paul Sewald,ARI,0.4
2023,ferguca01,Caleb Ferguson,LAD,0.1
2023,sheehem01,Emmet Sheehan,LAD,0.3
2023,sotogr01,Gregory Soto,PHI,0.0
2023,yateski01,Kirby Yates,ATL,1.1
2023,ramirer02,Erasmo Ramírez,2TM,-1.1
2023,ramirer02,Erasmo Ramírez,WSN,-0.4
2023,ramirer02,Erasmo Ramírez,TBR,-0.7
2023,sandlni01,Nick Sandlin,CLE,0.4
2023,burkebr01,Brock Burke,TEX,-0.1
2023,garcilu03,Luis García,SDP,0.2
2023,brasiry01,Ryan Brasier,2TM,1.3
2023,brasiry01,Ryan Brasier,BOS,-0.4
2023,brasiry01,Ryan Brasier,LAD,1.6
2023,cisnejo01,José Cisnero,DET,-0.4
2023,abreual01,Albert Abreu,NYY,-0.2
2023,clarkta01,Taylor Clarke,KCR,-0.9
2023,romanjo03,Jordan Romano,TOR,2.2
2023,lopezjo02,Jorge López,3TM,-0.7
2023,lopezjo02,Jorge López,2TM,-0.2
2023,lopezjo02,Jorge López,MIN,-0.1
2023,lopezjo02,Jorge López,MIA,-0.5
2023,lopezjo02,Jorge López,BAL,-0.1
2023,brazohu01,Huascar Brazobán,MIA,1.1
2023,mchugco01,Collin McHugh,ATL,-0.4
2023,okertst01,Steven Okert,MIA,0.6
2023,willide03,Devin Williams,MIL,2.6
2023,bummeaa01,Aaron Bummer,CHW,-1.0
2023,chapmar01,Aroldis Chapman,2TM,1.3
2023,chapmar01,Aroldis Chapman,KCR,1.0
2023,chapmar01,Aroldis Chapman,TEX,0.3
2023,hamilia01,Ian Hamilton,NYY,1.6
2023,moretda01,Dauri Moreta,PIT,0.7
2023,gotttr01,Trevor Gott,2TM,-0.2
2023,gotttr01,Trevor Gott,SEA,-0.3
2023,gotttr01,Trevor Gott,NYM,0.1
2023,weathry01,Ryan Weathers,2TM,-0.8
2023,weathry01,Ryan Weathers,SDP,-0.6
2023,weathry01,Ryan Weathers,MIA,-0.3
2023,nardian01,Andrew Nardi,MIA,2.3
2023,smithwi04,Will Smith,TEX,0.0
2023,fulmemi01,Michael Fulmer,CHC,0.0
2023,leclejo01,José Leclerc,TEX,1.2
2023,pukaj01,A.J. Puk,MIA,0.8
2023,diekmja01,Jake Diekman,2TM,0.2
2023,diekmja01,Jake Diekman,CHW,-0.7
2023,diekmja01,Jake Diekman,TBR,0.9
2023,florody01,Dylan Floro,2TM,0.0
2023,florody01,Dylan Floro,MIA,0.0
2023,florody01,Dylan Floro,MIN,0.0
2023,haderjo01,Josh Hader,SDP,2.5
2023,jimenjo02,Joe Jiménez,ATL,0.9
2023,smithdr01,Drew Smith,NYM,0.0
2023,bradfco01,Cody Bradford,TEX,-0.1
2023,englema01,Mason Englert,DET,-0.6
2023,holdeco01,Colin Holderman,PIT,0.7
2023,nelsoky01,Kyle Nelson,ARI,0.0
2023,iglesra01,Raisel Iglesias,ATL,1.1
2023,cabrege01,Génesis Cabrera,2TM,0.2
2023,cabrege01,Génesis Cabrera,STL,0.0
2023,cabrege01,Génesis Cabrera,TOR,0.2
2023,erceglu01,Lucas Erceg,OAK,0.0
2023,gallegi01,Giovanny Gallegos,STL,0.4
2023,klubeco01,Corey Kluber,BOS,-0.9
2023,lawde01,Derek Law,CIN,1.0
2023,martiad01,Adrián Martínez,OAK,0.4
2023,raleybr01,Brooks Raley,NYM,1.3
2023,speiega01,Gabe Speier,SEA,0.5
2023,weemsjo01,Jordan Weems,WSN,0.7
2023,adamja01,Jason Adam,TBR,0.7
2023,peralwa01,Wandy Peralta,NYY,1.4
2023,thompma02,Mason Thompson,WSN,-0.4
2023,leonedo01,Dominic Leone,3TM,0.3
2023,leonedo01,Dominic Leone,2TM,0.1
2023,leonedo01,Dominic Leone,NYM,0.2
2023,leonedo01,Dominic Leone,LAA,0.0
2023,leonedo01,Dominic Leone,SEA,0.1
2023,youngal01,Alex Young,CIN,0.8
2023,handbr01,Brad Hand,2TM,-0.1
2023,handbr01,Brad Hand,COL,0.4
2023,handbr01,Brad Hand,ATL,-0.4
2023,webbja01,Jacob Webb,2TM,0.9
2023,webbja01,Jacob Webb,LAA,0.5
2023,webbja01,Jacob Webb,BAL,0.4
2023,mayzati01,Tim Mayza,TOR,2.2
2023,perezci01,Cionel Pérez,BAL,-0.3
2023,wilsost02,Steven Wilson,SDP,0.5
2023,shustja01,Jared Shuster,ATL,-0.2
2023,moorema02,Matt Moore,3TM,1.8
2023,moorema02,Matt Moore,2TM,1.5
2023,moorema02,Matt Moore,LAA,1.5
2023,moorema02,Matt Moore,CLE,0.1
2023,moorema02,Matt Moore,MIA,0.3
2023,cuetojo01,Johnny Cueto,MIA,0.0
2023,hentgsa01,Sam Hentges,CLE,0.8
2023,hoffmje02,Jeff Hoffman,PHI,1.9
2023,lynchda02,Daniel Lynch IV,KCR,0.6
2023,sborzjo01,Josh Sborz,TEX,-0.7
2023,silsech01,Chase Silseth,LAA,0.8
2023,honeybr01,Brent Honeywell Jr.,2TM,0.1
2023,honeybr01,Brent Honeywell Jr.,SDP,0.3
2023,honeybr01,Brent Honeywell Jr.,CHW,-0.2
2023,stephro01,Robert Stephenson,2TM,1.2
2023,stephro01,Robert Stephenson,PIT,-0.1
2023,stephro01,Robert Stephenson,TBR,1.2
2023,armstsh01,Shawn Armstrong,TBR,1.7
2023,blancro01,Ronel Blanco,HOU,0.2
2023,ryuhy01,Hyun Jin Ryu,TOR,0.5
2023,soriage01,George Soriano,MIA,0.6
2023,adonjo01,Joan Adon,WSN,-0.3
2023,flemijo01,Josh Fleming,TBR,0.0
2023,rogerta01,Taylor Rogers,SFG,0.4
2023,cosgrto01,Tom Cosgrove,SDP,1.5
2023,couloda01,Danny Coulombe,BAL,1.1
2023,martich02,Chris Martin,BOS,3.2
2023,chafian01,Andrew Chafin,2TM,-0.2
2023,chafian01,Andrew Chafin,ARI,0.1
2023,chafian01,Andrew Chafin,MIL,-0.3
2023,davidtu01,Tucker Davidson,2TM,-0.4
2023,davidtu01,Tucker Davidson,LAA,-0.5
2023,davidtu01,Tucker Davidson,KCR,0.0
2023,bernabr01,Brennan Bernardino,BOS,1.3
2023,bidoos01,Osvaldo Bido,PIT,-0.2
2023,hernajo03,Jose Hernandez,PIT,0.0
2023,stanery01,Ryne Stanek,HOU,0.4
2023,middlke01,Keynan Middleton,2TM,0.9
2023,middlke01,Keynan Middleton,CHW,0.5
2023,middlke01,Keynan Middleton,NYY,0.4
2023,avilape01,Pedro Avila,SDP,0.4
2023,dominse01,Seranthony Domínguez,PHI,0.4
2023,gonzama02,Marco Gonzales,SEA,-0.5
2023,machaan02,Andrés Machado,WSN,0.0
2023,priesqu01,Quinn Priester,PIT,-0.9
2023,vesiaal01,Alex Vesia,LAD,-0.1
2023,bardda01,Daniel Bard,COL,0.0
2023,munozan01,Andrés Muñoz,SEA,0.6
2023,loupaa01,Aaron Loup,LAA,-0.6
2023,alexasc02,Scott Alexander,SFG,-0.2
2023,pruitau01,Austin Pruitt,OAK,1.5
2023,vestwi01,Will Vest,DET,1.0
2023,vasquan02,Andrew Vasquez,2TM,0.7
2023,vasquan02,Andrew Vasquez,PHI,1.0
2023,vasquan02,Andrew Vasquez,DET,-0.4
2023,almonye01,Yency Almonte,LAD,-0.5
2023,maydu01,Dustin May,LAD,1.4
2023,murphch01,Chris Murphy,BOS,0.1
2023,sauceta01,Tayler Saucedo,SEA,0.6
2023,woodfja01,Jake Woodford,STL,-0.4
2023,marinro01,Ron Marinaccio,NYY,0.4
2023,lauerer01,Eric Lauer,MIL,-1.0
2023,lucchjo01,Joey Lucchesi,NYM,1.0
2023,maytr01,Trevor May,OAK,1.1
2023,schrejo01,John Schreiber,BOS,0.8
2023,shawbr01,Bryan Shaw,CHW,0.6
2023,fairbpe01,Pete Fairbanks,TBR,1.5
2023,kellebr01,Brad Keller,KCR,0.4
2023,bakerbr01,Bryan Baker,BAL,0.5
2023,longsa01,Sam Long,OAK,-0.1
2023,janseke01,Kenley Jansen,BOS,0.7
2023,rasmudr01,Drew Rasmussen,TBR,1.3
2023,shrevch01,Chasen Shreve,2TM,0.1
2023,shrevch01,Chasen Shreve,DET,0.0
2023,shrevch01,Chasen Shreve,CIN,0.1
2023,urenajo01,José Ureña,2TM,-0.5
2023,urenajo01,José Ureña,COL,-0.7
2023,urenajo01,José Ureña,CHW,0.3
2023,hillti01,Tim Hill,SDP,-1.2
2023,ruizjo01,José Ruiz,2TM,-0.5
2023,ruizjo01,José Ruiz,CHW,-0.6
2023,ruizjo01,José Ruiz,ARI,0.0
2023,alexaty01,Tyler Alexander,DET,0.1
2023,feltnry01,Ryan Feltner,COL,0.0
2023,martise01,Seth Martinez,HOU,-0.2
2023,coveydy01,Dylan Covey,2TM,0.5
2023,coveydy01,Dylan Covey,LAD,0.0
2023,coveydy01,Dylan Covey,PHI,0.4
2023,pearsna01,Nate Pearson,TOR,-0.3
2023,zerpaan01,Angel Zerpa,KCR,0.2
2023,beeksja02,Jalen Beeks,TBR,-0.7
2023,chargjt01,JT Chargois,MIA,0.9
2023,moranjo01,Jovani Morán,MIN,-0.3
2023,winnke01,Keaton Winn,SFG,0.3
2023,devench02,Chris Devenski,2TM,0.3
2023,devench02,Chris Devenski,LAA,-0.1
2023,devench02,Chris Devenski,TBR,0.4
2023,buttojo01,José Buttó,NYM,0.8
2023,gaddihu01,Hunter Gaddis,CLE,0.2
2023,millesh01,Shelby Miller,LAD,1.5
2023,pepiory01,Ryan Pepiot,LAD,1.3
2023,soriajo02,José Soriano,LAA,0.4
2023,alvarjo03,José Alvarado,PHI,1.1
2023,waldrma01,Matt Waldron,SDP,0.2
2023,jamesdr01,Drey Jameson,ARI,0.8
2023,kahnlto01,Tommy Kahnle,NYY,1.1
2023,ramirni01,Nick Ramirez,NYY,0.9
2023,whitebr01,Brendan White,DET,-0.1
2023,borucry01,Ryan Borucki,PIT,1.4
2023,ruckemi01,Michael Rucker,CHC,0.0
2023,abbotco01,Cory Abbott,WSN,-0.5
2023,marteyu01,Yunior Marté,PHI,-0.3
2023,wantzan01,Andrew Wantz,LAA,0.4
2023,kellyjo05,Joe Kelly,2TM,-0.1
2023,kellyjo05,Joe Kelly,CHW,-0.3
2023,kellyjo05,Joe Kelly,LAD,0.3
2023,karinja01,James Karinchak,CLE,0.2
2023,mantijo01,Joe Mantiply,ARI,0.1
2023,kochma01,Matt Koch,COL,0.5
2023,brebbjo01,John Brebbia,SFG,0.1
2023,kuhlch01,Chad Kuhl,WSN,-1.3
2023,ramiryo01,Yohan Ramírez,2TM,0.0
2023,ramiryo01,Yohan Ramírez,PIT,0.2
2023,ramiryo01,Yohan Ramírez,CHW,-0.2
2023,brighje01,Jeff Brigham,NYM,-0.1
2023,keuchda01,Dallas Keuchel,MIN,-0.1
2023,lambeji01,Jimmy Lambert,CHW,0.0
2023,vasqura02,Randy Vásquez,NYY,1.0
2023,velasvi01,Vince Velasquez,PIT,0.8
2023,kingjo01,John King,2TM,0.7
2023,kingjo01,John King,TEX,-0.2
2023,kingjo01,John King,STL,0.9
2023,strzepe01,Peter Strzelecki,2TM,0.0
2023,strzepe01,Peter Strzelecki,MIL,0.0
2023,strzepe01,Peter Strzelecki,ARI,0.0
2023,helslry01,Ryan Helsley,STL,1.4
2023,romerjo01,JoJo Romero,STL,0.7
2023,francbo01,Bowden Francis,TOR,0.9
2023,mlodzca01,Carmen Mlodzinski,PIT,0.8
2023,andergr01,Grant Anderson,TEX,-0.3
2023,coxau01,Austin Cox,KCR,0.2
2023,anderni01,Nick Anderson,ATL,0.6
2023,hartwgr01,Grant Hartwig,NYM,-0.4
2023,wardth01,Thaddeus Ward,WSN,-0.3
2023,briesbe01,Beau Brieske,DET,0.6
2023,kauffka01,Karl Kauffmann,COL,-0.8
2023,llovema01,Mauricio Llovera,2TM,-0.2
2023,llovema01,Mauricio Llovera,SFG,0.2
2023,llovema01,Mauricio Llovera,BOS,-0.4
2023,battepe01,Peyton Battenfield,CLE,-0.3
2023,chaveje01,Jesse Chavez,ATL,1.3
2023,harriky01,Kyle Harrison,SFG,0.2
2023,megiltr01,Trevor Megill,MIL,0.4
2023,vothau01,Austin Voth,BAL,-0.4
2023,wicksjo01,Jordan Wicks,CHC,0.3
2023,windejo01,Josh Winder,MIN,0.3
2023,dodddy01,Dylan Dodd,ATL,-0.7
2023,lodolni01,Nick Lodolo,CIN,0.1
2023,ferrejo01,Jose A. Ferrer,WSN,0.0
2023,gonzavi02,Victor González,LAD,0.2
2023,holloga01,Gavin Hollowell,COL,0.0
2023,romdr01,Drew Rom,STL,-1.0
2023,suarejo01,José Suarez,LAA,-1.0
2023,jackslu01,Luke Jackson,SFG,0.6
2023,millema03,Mason Miller,OAK,0.7
2023,criswco01,Cooper Criswell,TBR,-0.4
2023,rosenke01,Kenny Rosenberg,LAA,0.7
2023,cordeji01,Jimmy Cordero,NYY,0.5
2023,lasorjo01,Joe La Sorsa,2TM,0.3
2023,lasorjo01,Joe La Sorsa,TBR,0.1
2023,lasorjo01,Joe La Sorsa,WSN,0.1
2023,sorokmi01,Michael Soroka,ATL,-0.5
2023,winanal01,Allan Winans,ATL,0.0
2023,garciro04,Robert Garcia,2TM,0.4
2023,garciro04,Robert Garcia,MIA,0.0
2023,garciro04,Robert Garcia,WSN,0.4
2023,duartda01,Daniel Duarte,CIN,0.6
2023,edwarca01,Carl Edwards Jr.,WSN,0.6
2023,hernajo02,Jonathan Hernández,TEX,-0.4
2023,thorntr01,Trent Thornton,2TM,0.4
2023,thorntr01,Trent Thornton,TOR,0.1
2023,thorntr01,Trent Thornton,SEA,0.3
2023,friaslu01,Luis Frías,ARI,0.3
2023,stonega01,Gavin Stone,LAD,-1.1
2023,turnbsp01,Spencer Turnbull,DET,-0.6
2023,wrighky01,Kyle Wright,ATL,-0.6
2023,bleieri01,Richard Bleier,BOS,-0.2
2023,thielca01,Caleb Thielbar,MIN,0.8
2023,uribeab01,Abner Uribe,MIL,1.0
2023,thompry02,Ryan Thompson,2TM,0.3
2023,thompry02,Ryan Thompson,TBR,-0.5
2023,thompry02,Ryan Thompson,ARI,0.7
2023,degroja01,Jacob deGrom,TEX,0.7
2023,davisno01,Noah Davis,COL,-0.7
2023,jacksja01,Jay Jackson,TOR,0.8
2023,brogdco01,Connor Brogdon,PHI,0.3
2023,hergeji01,Jimmy Herget,LAA,0.2
2023,hjellse01,Sean Hjelle,SFG,-0.7
2023,perdoan01,Angel Perdomo,PIT,0.5
2023,wittgni01,Nick Wittgren,KCR,0.0
2023,campbis01,Isaiah Campbell,SEA,0.5
2023,thompke02,Keegan Thompson,CHC,0.1
2023,hatchto01,Thomas Hatch,2TM,0.1
2023,hatchto01,Thomas Hatch,TOR,0.0
2023,hatchto01,Thomas Hatch,PIT,0.1
2023,palenda01,Daniel Palencia,CHC,0.1
2023,kowarja01,Jackson Kowar,KCR,-0.6
2023,bruihju01,Justin Bruihl,2TM,-0.2
2023,bruihju01,Justin Bruihl,LAD,0.2
2023,bruihju01,Justin Bruihl,COL,-0.4
2023,herriti01,Tim Herrin,CLE,-0.1
2023,stewabr01,Brock Stewart,MIN,1.6
2023,suarean01,Andrew Suárez,STL,-0.5
2023,suarero01,Robert Suarez,SDP,0.0
2023,lametdi01,Dinelson Lamet,2TM,-1.6
2023,lametdi01,Dinelson Lamet,COL,-1.5
2023,lametdi01,Dinelson Lamet,BOS,-0.1
2023,lawreca01,Casey Lawrence,STL,-0.4
2023,ceccosl01,Slade Cecconi,ARI,0.3
2023,garcilu05,Luis Garcia,HOU,0.5
2023,kerrra01,Ray Kerr,SDP,0.0
2023,nealza01,Zach Neal,OAK,-0.3
2023,jacqujo01,Joe Jacques,BOS,-0.1
2023,mayermi01,Mike Mayers,KCR,-0.2
2023,cessalu01,Luis Cessa,CIN,-0.7
2023,fauchca01,Calvin Faucher,TBR,-0.5
2023,headrbr01,Brent Headrick,MIN,-0.3
2023,mahlety01,Tyler Mahle,MIN,0.5
2023,nogosst01,Stephen Nogosek,NYM,-0.1
2023,smithaj01,AJ Smith-Shawver,ATL,0.1
2023,bellaan01,Andrew Bellatti,PHI,-0.1
2023,balazjo02,Jordan Balazovic,MIN,0.0
2023,carasma01,Matt Carasiti,COL,-0.2
2023,delosye01,Yerry de los Santos,PIT,0.5
2023,garream01,Amir Garrett,KCR,0.3
2023,hergeke01,Kevin Herget,CIN,0.2
2023,underdu01,Duane Underwood Jr.,PIT,0.0
2023,william01,Amos Willingham,WSN,-0.3
2023,selbyco01,Colin Selby,PIT,-1.0
2023,akinke01,Keegan Akin,BAL,-0.8
2023,doyleto01,Tommy Doyle,COL,-0.3
2023,hunteto02,Tommy Hunter,NYM,-0.5
2023,jarvibr01,Bryce Jarvis,ARI,0.4
2023,leedy01,Dylan Lee,ATL,-0.1
2023,meansjo01,John Means,BAL,0.7
2023,jimenda01,Dany Jiménez,OAK,0.5
2023,lovelri01,Richard Lovelady,OAK,0.1
2023,mcartja01,James McArthur,KCR,0.1
2023,ortka01,Kaleb Ort,BOS,-0.3
2023,waltebr01,Brandon Walter,BOS,-0.2
2023,smeltde01,Devin Smeltzer,MIA,-0.2
2023,roberni01,Nick Robertson,2TM,-0.5
2023,roberni01,Nick Robertson,LAD,-0.4
2023,roberni01,Nick Robertson,BOS,-0.1
2023,sandsco01,Cole Sands,MIN,0.2
2023,patinlu01,Luis Patiño,2TM,0.1
2023,patinlu01,Luis Patiño,TBR,-0.1
2023,patinlu01,Luis Patiño,CHW,0.2
2023,barnema01,Matt Barnes,MIA,0.0
2023,boltoco01,Cody Bolton,PIT,-0.2
2023,plesaza01,Zach Plesac,CLE,-0.6
2023,carltdr01,Drew Carlton,SDP,-0.2
2023,cimbead01,Adam Cimber,TOR,-0.7
2023,phillco01,Connor Phillips,CIN,-0.1
2023,zastrro01,Rob Zastryzny,PIT,-0.3
2023,castima03,Max Castillo,KCR,0.2
2023,snideco01,Collin Snider,KCR,0.0
2023,vinesda01,Darius Vines,ATL,0.2
2023,varlagu01,Gus Varland,2TM,-0.4
2023,varlagu01,Gus Varland,MIL,-0.4
2023,varlagu01,Gus Varland,LAD,0.1
2023,bassan01,Anthony Bass,TOR,-0.1
2023,boxbebr01,Brad Boxberger,CHC,0.0
2023,gipsosa01,Sawyer Gipson-Long,DET,0.4
2023,marquge01,Germán Márquez,COL,0.2
2023,peralsa01,Sammy Peralta,CHW,0.2
2023,ramsela02,Lane Ramsey,CHW,-0.1
2023,rutleja01,Jackson Rutledge,WSN,-0.1
2023,staumjo01,Josh Staumont,KCR,0.0
2023,weissgr01,Greg Weissert,NYY,0.2
2023,curtijo02,John Curtiss,NYM,0.0
2023,ollerad01,Adam Oller,OAK,-0.9
2023,reyesde02,Denyi Reyes,NYM,-0.4
2023,garrere01,Reed Garrett,2TM,-0.2
2023,garrere01,Reed Garrett,BAL,-0.1
2023,garrere01,Reed Garrett,NYM,-0.1
2023,halldl01,DL Hall,BAL,0.2
2023,harriho02,Hobie Harris,WSN,-0.1
2023,mearsni01,Nick Mears,COL,0.3
2023,guerrja02,Javy Guerra,2TM,-0.1
2023,guerrja02,Javy Guerra,MIL,-0.2
2023,guerrja02,Javy Guerra,TBR,0.1
2023,ortizlu02,Luis Ortiz,PHI,0.3
2023,hellebe01,Ben Heller,ATL,0.1
2023,colemdy01,Dylan Coleman,KCR,-0.8
2023,garzaju01,Justin Garza,BOS,-0.4
2023,jacksza02,Zach Jackson,OAK,0.7
2023,kennebr02,Brett Kennedy,CIN,-0.1
2023,rogertr01,Trevor Rogers,MIA,0.3
2023,rucindr01,Drew Rucinski,OAK,-0.8
2023,loaisjo01,Jonathan Loáisiga,NYY,0.4
2023,tapiado01,Domingo Tapia,SDP,0.2
2023,taylojo02,Josh Taylor,KCR,-0.5
2023,scottta02,Tayler Scott,3TM,-0.1
2023,scottta02,Tayler Scott,2TM,0.2
2023,scottta02,Tayler Scott,LAD,-0.3
2023,scottta02,Tayler Scott,BOS,0.0
2023,scottta02,Tayler Scott,OAK,0.2
2023,adamsau02,Austin Adams,ARI,-0.2
2023,alcaljo01,Jorge Alcala,MIN,-0.3
2023,deleojo03,José De León,MIN,0.0
2023,gilbety01,Tyler Gilbert,ARI,0.0
2023,bachmsa01,Sam Bachman,LAA,0.4
2023,wingetr01,Trey Wingenter,DET,-0.1
2023,bumgama01,Madison Bumgarner,ARI,-0.7
2023,kellymi03,Michael Kelly,CLE,0.1
2023,perezfr01,Francisco Pérez,OAK,-0.1
2023,richaly01,Lyon Richardson,CIN,-0.3
2023,kenneia01,Ian Kennedy,TEX,-0.5
2023,kinlety01,Tyler Kinley,COL,-0.2
2023,boylejo01,Joe Boyle,OAK,0.7
2023,bubickr01,Kris Bubic,KCR,0.4
2023,mckentr01,Triston McKenzie,CLE,0.1
2023,sprinje01,Jeffrey Springs,TBR,0.8
2023,bazared01,Eduard Bazardo,2TM,0.1
2023,bazared01,Eduard Bazardo,BAL,-0.1
2023,bazared01,Eduard Bazardo,SEA,0.3
2023,adcocty01,Ty Adcock,SEA,0.0
2023,hillga02,Garrett Hill,DET,-0.9
2023,kelletr01,Trevor Kelley,TBR,-0.2
2023,naileja01,James Naile,STL,-0.6
2023,millety01,Tyson Miller,3TM,0.0
2023,millety01,Tyson Miller,MIL,-0.1
2023,millety01,Tyson Miller,LAD,0.0
2023,millety01,Tyson Miller,NYM,0.1
2023,felipan01,Ángel Felipe,OAK,0.2
2023,heasljo01,Jonathan Heasley,KCR,-0.3
2023,newcose01,Sean Newcomb,OAK,0.4
2023,garcide01,Deivi García,2TM,-0.1
2023,garcide01,Deivi García,NYY,0.1
2023,garcide01,Deivi García,CHW,-0.2
2023,hearnta01,Taylor Hearn,3TM,-0.6
2023,hearnta01,Taylor Hearn,2TM,-0.4
2023,hearnta01,Taylor Hearn,TEX,-0.2
2023,hearnta01,Taylor Hearn,ATL,-0.1
2023,hearnta01,Taylor Hearn,KCR,-0.2
2023,mushipa01,Parker Mushinski,HOU,-0.1
2023,ortegol01,Oliver Ortega,MIN,0.1
2023,tarnofr01,Freddy Tarnok,OAK,0.2
2023,vespini01,Nick Vespi,BAL,0.1
2023,kayan01,Anthony Kay,2TM,-0.2
2023,kayan01,Anthony Kay,CHC,-0.2
2023,kayan01,Anthony Kay,NYM,0.0
2023,weberry01,Ryan Weber,NYY,0.4
2023,diazmi02,Miguel Díaz,DET,0.6
2023,murfepe01,Penn Murfee,SEA,0.3
2023,sanmare01,Reiver Sanmartín,CIN,-0.3
2023,weissza01,Zack Weiss,2TM,0.4
2023,weissza01,Zack Weiss,LAA,0.0
2023,weissza01,Zack Weiss,BOS,0.4
2023,barneja01,Jacob Barnes,STL,-0.2
2023,hughebr01,Brandon Hughes,CHC,-0.4
2023,luetglu01,Lucas Luetge,ATL,-0.3
2023,popza01,Zach Pop,TOR,-0.4
2023,rodriye01,Yerry Rodríguez,TEX,-0.4
2023,smithch12,Chad Smith,OAK,-0.1
2023,yacabji01,Jimmy Yacabonis,NYM,-0.2
2023,solompe01,Peter Solomon,ARI,-0.5
2023,zimmebr02,Bruce Zimmermann,BAL,-0.1
2023,spierca01,Carson Spiers,CIN,-0.3
2023,crismna01,Nabil Crismatt,2TM,-0.5
2023,crismna01,Nabil Crismatt,SDP,-0.6
2023,crismna01,Nabil Crismatt,ARI,0.1
2023,kuhnejo01,Joel Kuhnel,2TM,0.0
2023,kuhnejo01,Joel Kuhnel,CIN,0.0
2023,kuhnejo01,Joel Kuhnel,HOU,0.0
2023,crochga01,Garrett Crochet,CHW,0.2
2023,cruzst01,Steven Cruz,KCR,0.0
2023,familje01,Jeurys Familia,OAK,-0.4
2023,legumca01,Casey Legumina,CIN,-0.2
2023,norrida01,Daniel Norris,CLE,-0.3
2023,whitemi03,Mitch White,TOR,-0.3
2023,allarko01,Kolby Allard,ATL,-0.2
2023,danieda01,Davis Daniel,LAA,0.5
2023,lopezja04,Jacob Lopez,TBR,0.0
2023,pattosp01,Spencer Patton,OAK,0.0
2023,salazed01,Eduardo Salazar,CIN,-0.1
2023,cleavga01,Garrett Cleavinger,TBR,0.3
2023,fundeko01,Kody Funderburk,MIN,0.8
2023,greench03,Chad Green,TOR,-0.3
2023,hancoem01,Emerson Hancock,SEA,0.1
2023,stephja01,Jackson Stephens,ATL,0.2
2023,strathu01,Hunter Stratton,PIT,0.4
2023,kittran01,Andrew Kittredge,TBR,0.3
2023,sneadki01,Kirby Snead,OAK,0.0
2023,garciri01,Rico Garcia,2TM,-0.3
2023,garciri01,Rico Garcia,OAK,-0.2
2023,garciri01,Rico Garcia,WSN,-0.1
2023,dejonch01,Chase De Jong,PIT,-0.6
2023,mejiaje02,J.C. Mejía,MIL,0.0
2023,cronide01,Declan Cronin,CHW,-0.4
2023,logueza01,Zach Logue,DET,-0.2
2023,overtco01,Connor Overton,CIN,-0.5
2023,rodrijo06,Joely Rodríguez,BOS,-0.2
2023,thenju01,Juan Then,SEA,0.0
2023,misiean01,Anthony Misiewicz,3TM,-0.4
2023,misiean01,Anthony Misiewicz,2TM,-0.4
2023,misiean01,Anthony Misiewicz,ARI,0.0
2023,misiean01,Anthony Misiewicz,DET,-0.2
2023,misiean01,Anthony Misiewicz,NYY,-0.2
2023,estraje01,Jeremiah Estrada,CHC,-0.2
2023,ottogl01,Glenn Otto,TEX,-0.5
2023,santade01,Dennis Santana,NYM,-0.1
2023,teperry01,Ryan Tepera,2TM,-0.7
2023,teperry01,Ryan Tepera,LAA,-0.6
2023,teperry01,Ryan Tepera,STL,-0.1
2023,bushma01,Matt Bush,MIL,-0.8
2023,saalfan01,Andrew Saalfrank,ARI,0.5
2023,stoudle01,Levi Stoudt,CIN,-0.3
2023,estesjo01,Joey Estes,OAK,-0.2
2023,fulmeca01,Carson Fulmer,LAA,0.3
2023,joycebe01,Ben Joyce,LAA,0.0
2023,martiju01,Justin Martínez,ARI,-0.5
2023,walkejo03,Josh Walker,NYM,-0.5
2023,barlojo01,Joe Barlow,TEX,0.0
2023,crowewi01,Wil Crowe,PIT,0.0
2023,reyesge01,Gerardo Reyes,LAA,-0.2
2023,acevedo01,Domingo Acevedo,OAK,-0.7
2023,cousija01,Jake Cousins,MIL,0.0
2023,kellyza01,Zack Kelly,BOS,0.2
2023,martejo01,José Marte,LAA,-0.4
2023,dubinsh01,Shawn Dubin,HOU,-0.1
2023,festama01,Matt Festa,SEA,0.1
2023,gillalo01,Logan Gillaspie,BAL,-0.2
2023,milonto01,Tommy Milone,SEA,0.2
2023,morejad01,Adrián Morejón,SDP,-0.2
2023,quijajo01,José Quijada,LAA,-0.3
2023,sousabe01,Bennett Sousa,2TM,0.1
2023,sousabe01,Bennett Sousa,MIL,-0.1
2023,sousabe01,Bennett Sousa,HOU,0.2
2023,castidi01,Diego Castillo,SEA,-0.2
2023,hudsobr01,Bryan Hudson,LAD,-0.1
2023,navared01,Edgar Navarro,CHW,-0.1
2023,vodnivi01,Victor Vodnik,COL,-0.2
2023,sweetde01,Devin Sweet,2TM,-0.3
2023,sweetde01,Devin Sweet,SEA,-0.1
2023,sweetde01,Devin Sweet,OAK,-0.2
2023,breweco01,Colten Brewer,NYY,0.0
2023,youngda02,Danny Young,ATL,0.3
2023,morrico01,Cody Morris,CLE,-0.1
2023,stallja01,Jacob Stallings,MIA,0.1
2023,suerowa01,Wander Suero,LAD,-0.2
2023,barraky01,Kyle Barraclough,BOS,-0.5
2023,reidfse01,Sean Reid-Foley,NYM,0.1
2023,senzaan01,Antonio Senzatela,COL,0.1
2023,brachsi01,Silvino Bracho,CIN,0.2
2023,bradlar01,Archie Bradley,MIA,-0.2
2023,junkja01,Janson Junk,MIL,-0.1
2023,justiev01,Evan Justice,COL,-0.2
2023,bandaan01,Anthony Banda,WSN,0.0
2023,busenal01,Alan Busenitz,CIN,0.2
2023,diazjh01,Jhonathan Díaz,LAA,-0.4
2023,lindgje01,Jeff Lindgren,MIA,0.1
2023,bristbr01,Braden Bristo,2TM,0.1
2023,bristbr01,Braden Bristo,TBR,0.1
2023,bristbr01,Braden Bristo,DET,0.0
2023,bukaujb01,JB Bukauskas,2TM,0.0
2023,bukaujb01,JB Bukauskas,SEA,-0.2
2023,bukaujb01,JB Bukauskas,MIL,0.2
2023,coonrsa01,Sam Coonrod,NYM,-0.3
2023,gagema01,Matt Gage,HOU,0.1
2023,kriskbr01,Brooks Kriske,KCR,0.1
2023,littllu01,Luke Little,CHC,0.3
2023,lucasea01,Easton Lucas,OAK,-0.1
2023,mcgeeea01,Easton McGee,SEA,0.5
2023,sherrry01,Ryan Sherriff,BOS,0.2
2023,abadfe01,Fernando Abad,COL,0.1
2023,dejesen01,Enmanuel De Jesus,MIA,-0.2
2023,latzja01,Jacob Latz,TEX,0.2
2023,muckeza01,Zach Muckenhirn,NYM,0.0
2023,shortza01,Zack Short,DET,0.0
2023,kolarad01,Adam Kolarek,2TM,0.4
2023,kolarad01,Adam Kolarek,LAD,0.1
2023,kolarad01,Adam Kolarek,NYM,0.2
2023,actonga01,Garrett Acton,OAK,-0.4
2023,antonte01,Tejay Antone,CIN,0.3
2023,knehrre01,Reiss Knehr,SDP,-0.4
2023,ingrako01,Kolton Ingram,LAA,-0.2
2023,kiliaca01,Caleb Kilian,CHC,-0.5
2023,mcallza01,Zach McAllister,NYY,-0.4
2023,nelsoni01,Nick Nelson,PHI,0.3
2023,nicolky01,Kyle Nicolas,PIT,-0.3
2023,sulseco01,Cole Sulser,ARI,-0.1
2023,rodride01,Dereck Rodríguez,2TM,-0.3
2023,rodride01,Dereck Rodríguez,MIN,0.0
2023,rodride01,Dereck Rodríguez,ATL,-0.3
2023,fryda01,David Fry,CLE,-0.2
2023,hanifbr01,Brenan Hanifee,DET,0.0
2023,hendrli01,Liam Hendriks,CHW,-0.1
2023,krehbjo01,Joey Krehbiel,BAL,0.2
2023,mccauda01,Darren McCaughan,SEA,-0.1
2023,naughpa01,Packy Naughton,STL,0.2
2023,paddach01,Chris Paddack,MIN,0.0
2023,wolfja01,Jackson Wolf,SDP,0.0
2023,padilni01,Nicholas Padilla,CHW,0.0
2023,vargaca01,Carlos Vargas,ARI,0.0
2023,woodssi01,Simeon Woods Richardson,MIN,-0.1
2023,mailelu01,Luke Maile,CIN,-0.2
2023,watkisp01,Spenser Watkins,OAK,-0.2
2023,barnhtu01,Tucker Barnhart,CHC,0.1
2023,bowmama01,Matt Bowman,NYY,-0.2
2023,burdiza01,Zack Burdi,TBR,-0.2
2023,dermoma01,Matt Dermody,BOS,-0.1
2023,espinpa01,Paolo Espino,WSN,-0.4
2023,givenmy01,Mychal Givens,BAL,-0.4
2023,hartlge01,Geoff Hartlieb,MIA,0.1
2023,kineris01,Isiah Kiner-Falefa,NYY,0.1
2023,krookma01,Matt Krook,NYY,-0.4
2023,mcmiljo01,John McMillon,KCR,0.1
2023,parsowe01,Wes Parsons,TOR,-0.4
2023,smallet01,Ethan Small,MIL,-0.2
2023,whiteow01,Owen White,TEX,-0.2
2023,escobed01,Eduardo Escobar,LAA,0.0
2023,gonzach01,Chi Chi González,MIA,0.0
2023,hedgeau01,Austin Hedges,TEX,0.0
2023,hernada03,Daysbel Hernández,ATL,-0.1
2023,nittovi01,Vinny Nittoli,NYM,0.1
2023,plassmi01,Michael Plassmeyer,PHI,-0.4
2023,andrecl02,Clayton Andrews,MIL,-0.8
2023,howarsp01,Spencer Howard,TEX,-0.1
2023,mooremc01,McKinley Moore,PHI,-0.3
2023,rayro02,Robbie Ray,SEA,-0.3
2023,rodriel02,Elvin Rodríguez,TBR,0.2
2023,santito01,Tony Santillan,CIN,0.1
2023,bowlajo01,Jonathan Bowlan,KCR,0.1
2023,burdini01,Nick Burdi,CHC,-0.1
2023,castada01,Daniel Castano,MIA,-0.3
2023,colomal01,Alex Colomé,CHW,-0.2
2023,greensh02,Shane Greene,CHC,0.1
2023,hernani01,Nick Hernandez,SDP,-0.1
2023,hudsoda01,Daniel Hudson,LAD,0.1
2023,jacobal01,Alek Jacob,SDP,0.1
2023,kerkeor01,Orion Kerkering,PHI,0.1
2023,medervi01,Víctor Mederos,LAA,-0.1
2023,nolinse01,Sean Nolin,MIA,-0.1
2023,rodrijo07,José Rodríguez,SEA,-0.1
2023,rojasmi02,Miguel Rojas,LAD,0.0
2023,ucetaed01,Edwin Uceta,NYM,0.1
2023,vieirth01,Thyago Vieira,MIL,0.3
2023,wongja01,Jake Wong,CIN,-0.1
2023,clemeko01,Kody Clemens,PHI,0.1
2023,mariomi01,Michael Mariot,CIN,0.1
2023,pannoth01,Thomas Pannone,MIL,-0.1
2023,raleylu01,Luke Raley,TBR,-0.3
2023,kellyca02,Carson Kelly,2TM,-0.1
2023,kellyca02,Carson Kelly,ARI,0.0
2023,kellyca02,Carson Kelly,DET,0.0
2023,boushca01,Caleb Boushley,MIL,0.1
2023,brossmi01,Mike Brosseau,MIL,0.0
2023,castrwi01,Willi Castro,MIN,-0.1
2023,lopezni01,Nicky Lopez,ATL,0.0
2023,venezan01,Anthony Veneziano,KCR,-0.1
2023,waiteco01,Cole Waites,SFG,-0.2
2023,wynnera01,Randy Wynne,CIN,0.1
2023,castrha01,Harold Castro,COL,0.0
2023,duffety01,Tyler Duffey,CHC,0.0
2023,duffyma01,Matt Duffy,KCR,0.0
2023,fariaja01,Jake Faria,BOS,-0.1
2023,fordmi01,Mike Ford,SEA,-0.1
2023,gomezyo01,Yoendrys Gómez,NYY,0.1
2023,herrejo04,José Herrera,ARI,0.0
2023,hurtky01,Kyle Hurt,LAD,0.1
2023,lopezjo04,José López,TBR,0.0
2023,mendida01,Danny Mendick,NYM,-0.2
2023,millebr02,Brad Miller,TEX,-0.1
2023,peterja01,Jace Peterson,OAK,0.0
2023,pilkiko01,Konnor Pilkington,CLE,0.1
2023,reyespa01,Pablo Reyes,BOS,0.0
2023,rojasjo01,Josh Rojas,ARI,-0.1
2023,speasal01,Alex Speas,TEX,-0.3
2023,trejoal01,Alan Trejo,COL,-0.1
2023,vargail01,Ildemaro Vargas,WSN,0.0
2023,vosleja01,Jason Vosler,CIN,0.0
2023,zuniggu01,Guillo Zuñiga,STL,0.0
2023,alberha01,Hanser Alberto,CHW,-0.1
2023,berropr01,Prelander Berroa,SEA,0.1
2023,burleal01,Alec Burleson,STL,-0.1
2023,cyrty01,Tyler Cyr,LAD,0.1
2023,harrijo05,Josh Harrison,PHI,-0.2
2023,leahyky01,Kyle Leahy,STL,-0.3
2023,mcfartj01,T.J. McFarland,NYM,-0.1
2023,perezca02,Carlos Pérez,OAK,0.0
2023,riosya01,Yacksel Ríos,OAK,-0.3
2023,warreau01,Austin Warren,LAA,0.0
2023,cacerke01,Kelvin Cáceres,LAA,0.0
2023,hembrhe01,Heath Hembree,TBR,0.1
2023,luplojo01,Jordan Luplow,MIN,-0.2
2023,montafr02,Frankie Montas,NYY,0.1
2023,moronre01,Reyes Moronta,LAA,0.0
2023,schoojo01,Jonathan Schoop,DET,0.1
2023,beatyma01,Matt Beaty,SFG,-0.1
2023,calvobl01,Blair Calvo,COL,0.0
2023,clemeer01,Ernie Clement,TOR,0.0
2023,crawfbr01,Brandon Crawford,SFG,0.0
2023,dixonbr01,Brandon Dixon,SDP,0.0
2023,donaljo02,Josh Donaldson,NYY,0.0
2023,eatonna01,Nate Eaton,KCR,0.0
2023,espadjo01,Jose Espada,SDP,0.0
2023,guilllu01,Luis Guillorme,NYM,0.0
2023,hernayo02,Yonny Hernández,LAD,0.0
2023,karchri01,Ricky Karcher,CIN,0.4
2023,lambja01,Jake Lamb,LAA,0.0
2023,leonsa01,Sandy León,TEX,-0.1
2023,lestejo02,Josh Lester,BAL,0.0
2023,madribl01,Bligh Madris,HOU,0.0
2023,maldoma01,Martín Maldonado,HOU,-0.1
2023,mccanja02,James McCann,BAL,0.0
2023,mckenry01,Ryan McKenna,BAL,-0.1
2023,mckinza01,Zach McKinstry,DET,-0.1
2023,millsal02,Alec Mills,CIN,-0.2
2023,owingch01,Chris Owings,PIT,0.0
2023,pintore02,René Pinto,TBR,-0.2
2023,raineta01,Tanner Rainey,WSN,0.1
2023,ryanry01,Ryder Ryan,SEA,0.0
2023,tellero01,Rowdy Tellez,MIL,0.0
2023,thomala02,Lane Thomas,WSN,-0.1
2023,uelmeer01,Erich Uelmen,PHI,-0.2
2023,villada01,David Villar,SFG,0.0
2023,willilu01,Luke Williams,LAD,0.0
2023,wiselbr01,Brett Wisely,SFG,0.0
2023,quezajo01,Johan Quezada,MIA,-0.1
2023,reedja02,Jake Reed,LAD,-0.2
2023,vallich01,Chris Vallimont,BAL,0.0
2023,zavalse01,Seby Zavala,ARI,0.0
2023,bethach01,Christian Bethancourt,TBR,-0.1
2023,castijo03,José Castillo,SDP,-0.1
2023,claudal01,Álex Claudio,MIL,0.0
2023,danneha01,Hagen Danner,TOR,0.0
2023,mastrmi01,Miles Mastrobuoni,CHC,-0.1
2023,perezhe02,Hector Perez,TBR,-0.1
2023,phillbr02,Brett Phillips,LAA,0.0
2023,pintri01,Riley Pint,COL,0.0
2024,gilbelo01,Logan Gilbert,SEA,3.0
2024,lugose01,Seth Lugo,KCR,5.0
2024,webblo01,Logan Webb,SFG,3.8
2024,wheelza01,Zack Wheeler,PHI,6.5
2024,nolaaa01,Aaron Nola,PHI,4.0
2024,burneco01,Corbin Burnes,BAL,3.9
2024,berrijo01,José Berríos,TOR,2.5
2024,skubata01,Tarik Skubal,DET,6.7
2024,kirbyge01,George Kirby,SEA,2.1
2024,ceasedy01,Dylan Cease,SDP,4.0
2024,irvinja01,Jake Irvin,WSN,1.9
2024,raganco01,Cole Ragans,KCR,4.7
2024,lopezpa01,Pablo López,MIN,2.6
2024,crawfku01,Kutter Crawford,BOS,1.5
2024,severlu01,Luis Severino,NYM,1.7
2024,manaese01,Sean Manaea,NYM,2.9
2024,pfaadbr01,Brandon Pfaadt,ARI,0.4
2024,sanchcr01,Cristopher Sánchez,PHI,3.8
2024,gausmke01,Kevin Gausman,TOR,1.1
2024,searsjp01,JP Sears,OAK,2.3
2024,millebr04,Bryce Miller,SEA,3.5
2024,singebr01,Brady Singer,KCR,2.9
2024,anderty01,Tyler Anderson,LAA,2.9
2024,houckta01,Tanner Houck,BOS,3.2
2024,oberba01,Bailey Ober,MIN,3.0
2024,kellemi03,Mitch Keller,PIT,2.0
2024,salech01,Chris Sale,ATL,6.2
2024,feddeer01,Erick Fedde,2TM,5.6
2024,feddeer01,Erick Fedde,CHW,4.6
2024,feddeer01,Erick Fedde,STL,1.0
2024,valdefr01,Framber Valdez,HOU,4.6
2024,kikucyu01,Yusei Kikuchi,2TM,1.6
2024,kikucyu01,Yusei Kikuchi,TOR,0.2
2024,kikucyu01,Yusei Kikuchi,HOU,1.4
2024,castilu02,Luis Castillo,SEA,1.9
2024,rodonca01,Carlos Rodón,NYY,1.9
2024,corbipa01,Patrick Corbin,WSN,-0.8
2024,cortene01,Nestor Cortes,NYY,2.4
2024,friedma01,Max Fried,ATL,3.5
2024,bibeeta01,Tanner Bibee,CLE,2.6
2024,kingmi01,Michael King,SDP,4.1
2024,peralfr01,Freddy Peralta,MIL,2.4
2024,imanash01,Shota Imanaga,CHC,3.0
2024,cannigr01,Griffin Canning,LAA,0.2
2024,mikolmi01,Miles Mikolas,STL,-0.5
2024,bassich01,Chris Bassitt,TOR,0.1
2024,eovalna01,Nathan Eovaldi,TEX,1.8
2024,quintjo01,Jose Quintana,NYM,2.5
2024,brownhu01,Hunter Brown,HOU,2.8
2024,gibsoky01,Kyle Gibson,STL,0.9
2024,reaco01,Colin Rea,MIL,1.1
2024,blancro01,Ronel Blanco,HOU,4.7
2024,wachami01,Michael Wacha,KCR,3.1
2024,gorema01,MacKenzie Gore,WSN,0.9
2024,grayso01,Sonny Gray,STL,1.6
2024,mortoch02,Charlie Morton,ATL,1.1
2024,taillja01,Jameson Taillon,CHC,2.3
2024,eflinza01,Zach Eflin,2TM,2.8
2024,eflinza01,Zach Eflin,TBR,0.9
2024,eflinza01,Zach Eflin,BAL,1.9
2024,gombeau01,Austin Gomber,COL,2.4
2024,bellobr01,Brayan Bello,BOS,1.2
2024,feltnry01,Ryan Feltner,COL,1.3
2024,flaheja01,Jack Flaherty,2TM,3.3
2024,flaheja01,Jack Flaherty,DET,2.5
2024,flaheja01,Jack Flaherty,LAD,0.8
2024,civalaa01,Aaron Civale,2TM,1.1
2024,civalaa01,Aaron Civale,TBR,0.1
2024,civalaa01,Aaron Civale,MIL,1.0
2024,flexech01,Chris Flexen,CHW,1.6
2024,heanean01,Andrew Heaney,TEX,0.4
2024,litteza01,Zack Littell,TBR,2.8
2024,stromma01,Marcus Stroman,NYY,0.6
2024,gillu01,Luis Gil,NYY,2.9
2024,spencmi01,Mitch Spence,OAK,1.6
2024,livelbe01,Ben Lively,CLE,1.4
2024,parkemi01,Mitchell Parker,WSN,0.9
2024,nelsory01,Ryne Nelson,ARI,1.6
2024,suarera01,Ranger Suárez,PHI,2.9
2024,montafr02,Frankie Montas,2TM,0.6
2024,montafr02,Frankie Montas,CIN,0.6
2024,montafr02,Frankie Montas,MIL,-0.1
2024,greenhu01,Hunter Greene,CIN,6.0
2024,quantca01,Cal Quantrill,COL,1.8
2024,galleza01,Zac Gallen,ARI,2.7
2024,assadja01,Javier Assad,CHC,1.7
2024,waldrma01,Matt Waldron,SDP,0.9
2024,crochga01,Garrett Crochet,CHW,4.1
2024,pivetni01,Nick Pivetta,BOS,1.5
2024,arrigsp01,Spencer Arrighetti,HOU,0.4
2024,falteba01,Bailey Falter,PIT,1.6
2024,martini01,Nick Martinez,CIN,4.0
2024,stonega01,Gavin Stone,LAD,2.1
2024,abbotan01,Andrew Abbott,CIN,3.3
2024,bradlta01,Taj Bradley,TBR,1.7
2024,myersto01,Tobias Myers,MIL,2.6
2024,lopezre01,Reynaldo López,ATL,5.1
2024,ortizlu03,Luis Ortiz,PIT,3.0
2024,ryanjo04,Joe Ryan,MIN,2.5
2024,perezma02,Martín Pérez,2TM,0.9
2024,perezma02,Martín Pérez,PIT,-0.1
2024,perezma02,Martín Pérez,SDP,1.0
2024,steelju01,Justin Steele,CHC,1.9
2024,glasnty01,Tyler Glasnow,LAD,2.2
2024,suareal01,Albert Suárez,BAL,2.4
2024,woodssi01,Simeon Woods Richardson,MIN,2.0
2024,skenepa01,Paul Skenes,PIT,5.8
2024,hendrky01,Kyle Hendricks,CHC,-1.5
2024,lorenmi01,Michael Lorenzen,2TM,2.5
2024,lorenmi01,Michael Lorenzen,TEX,1.3
2024,lorenmi01,Michael Lorenzen,KCR,1.2
2024,pepiory01,Ryan Pepiot,TBR,2.2
2024,kremede01,Dean Kremer,BAL,0.7
2024,marshal01,Alec Marsh,KCR,0.6
2024,estesjo01,Joey Estes,OAK,0.6
2024,cannojo02,Jonathan Cannon,CHW,1.9
2024,harriky01,Kyle Harrison,SFG,0.7
2024,rogertr01,Trevor Rogers,2TM,0.6
2024,rogertr01,Trevor Rogers,MIA,1.0
2024,rogertr01,Trevor Rogers,BAL,-0.4
2024,schwesp01,Spencer Schwellenbach,ATL,2.7
2024,jonesja09,Jared Jones,PIT,1.6
2024,pallaan01,Andre Pallante,STL,1.6
2024,woobr01,Bryan Woo,SEA,2.4
2024,peterda01,David Peterson,NYM,2.9
2024,lynnla01,Lance Lynn,STL,0.2
2024,montgjo01,Jordan Montgomery,ARI,-1.4
2024,rodrigr01,Grayson Rodriguez,BAL,1.6
2024,lodolni01,Nick Lodolo,CIN,1.2
2024,freelky01,Kyle Freeland,COL,0.1
2024,soriajo02,José Soriano,LAA,1.9
2024,maedake01,Kenta Maeda,DET,-1.7
2024,olsonre01,Reese Olson,DET,1.4
2024,irvinco01,Cole Irvin,2TM,-0.6
2024,irvinco01,Cole Irvin,BAL,-0.3
2024,irvinco01,Cole Irvin,MIN,-0.3
2024,hicksjo03,Jordan Hicks,SFG,1.0
2024,urenajo01,José Ureña,TEX,0.4
2024,alexaty01,Tyler Alexander,TBR,0.4
2024,wilsobr02,Bryse Wilson,MIL,0.9
2024,snellbl01,Blake Snell,SFG,2.2
2024,carraca01,Carlos Carrasco,CLE,-1.2
2024,francbo01,Bowden Francis,TOR,1.6
2024,grayjo02,Jon Gray,TEX,0.2
2024,mizeca01,Casey Mize,DET,0.3
2024,paxtoja01,James Paxton,2TM,0.2
2024,paxtoja01,James Paxton,LAD,0.4
2024,paxtoja01,James Paxton,BOS,-0.1
2024,musgrjo01,Joe Musgrove,SDP,1.7
2024,criswco01,Cooper Criswell,BOS,0.6
2024,yarbrry01,Ryan Yarbrough,2TM,1.3
2024,yarbrry01,Ryan Yarbrough,LAD,0.5
2024,yarbrry01,Ryan Yarbrough,TOR,0.9
2024,monteke01,Keider Montero,DET,0.2
2024,vasqura02,Randy Vásquez,SDP,0.5
2024,allenlo02,Logan Allen,CLE,-1.1
2024,cabreed02,Edward Cabrera,MIA,0.3
2024,colege01,Gerrit Cole,NYY,1.9
2024,dunnida01,Dane Dunning,TEX,-0.8
2024,holtoty01,Tyler Holton,DET,3.2
2024,spierca01,Carson Spiers,CIN,-0.1
2024,verlaju01,Justin Verlander,HOU,-0.3
2024,lawde01,Derek Law,WSN,2.0
2024,yamamyo01,Yoshinobu Yamamoto,LAD,1.9
2024,hudsoda02,Dakota Hudson,COL,-0.8
2024,herzdj01,DJ Herz,WSN,0.8
2024,paddach01,Chris Paddack,MIN,0.5
2024,detmere01,Reid Detmers,LAA,-1.1
2024,fulmeca01,Carson Fulmer,LAA,0.8
2024,rodriya01,Yariel Rodríguez,TOR,0.0
2024,weathry01,Ryan Weathers,MIA,1.9
2024,liberma01,Matthew Liberatore,STL,0.3
2024,schmicl01,Clarke Schmidt,NYY,1.9
2024,stripro01,Ross Stripling,OAK,-1.1
2024,weavelu01,Luke Weaver,NYY,1.8
2024,walketa01,Taijuan Walker,PHI,-1.5
2024,munozro01,Roddery Muñoz,MIA,-1.2
2024,avilape01,Pedro Avila,2TM,0.4
2024,avilape01,Pedro Avila,SDP,-0.2
2024,avilape01,Pedro Avila,CLE,0.6
2024,darviyu01,Yu Darvish,SDP,2.0
2024,hjellse01,Sean Hjelle,SFG,0.6
2024,walkery01,Ryan Walker,SFG,2.8
2024,povicca01,Cade Povich,BAL,-0.2
2024,sandopa02,Patrick Sandoval,LAA,0.0
2024,sorokmi01,Michael Soroka,CHW,0.6
2024,bazsh01,Shane Baz,TBR,2.2
2024,tonkimi01,Michael Tonkin,3TM,-0.2
2024,tonkimi01,Michael Tonkin,2TM,0.7
2024,tonkimi01,Michael Tonkin,NYM,-0.8
2024,tonkimi01,Michael Tonkin,MIN,0.2
2024,tonkimi01,Michael Tonkin,NYY,0.5
2024,akinke01,Keegan Akin,BAL,1.2
2024,abreubr01,Bryan Abreu,HOU,1.8
2024,megilty01,Tylor Megill,NYM,0.5
2024,ashcrgr01,Graham Ashcraft,CIN,0.3
2024,ceccosl01,Slade Cecconi,ARI,-1.1
2024,bradfco01,Cody Bradford,TEX,0.9
2024,williga01,Gavin Williams,CLE,-0.1
2024,winckjo01,Josh Winckowski,BOS,0.2
2024,mckentr01,Triston McKenzie,CLE,-0.5
2024,buehlwa01,Walker Buehler,LAD,-1.1
2024,smithca06,Cade Smith,CLE,2.4
2024,blackpa01,Paul Blackburn,2TM,0.5
2024,blackpa01,Paul Blackburn,OAK,0.7
2024,blackpa01,Paul Blackburn,NYM,-0.2
2024,gaddihu01,Hunter Gaddis,CLE,2.6
2024,claseem01,Emmanuel Clase,CLE,4.4
2024,buttojo01,José Buttó,NYM,2.2
2024,rossjo01,Joe Ross,MIL,0.5
2024,kellyme01,Merrill Kelly,ARI,1.1
2024,vodnivi01,Victor Vodnik,COL,0.9
2024,adamja01,Jason Adam,2TM,2.6
2024,adamja01,Jason Adam,TBR,1.2
2024,adamja01,Jason Adam,SDP,1.4
2024,shustja01,Jared Shuster,CHW,1.0
2024,strichu01,Hunter Strickland,LAA,1.0
2024,martiju01,Justin Martínez,ARI,1.9
2024,harriho03,Hogan Harris,OAK,1.9
2024,thorntr01,Trent Thornton,SEA,0.3
2024,banksta01,Tanner Banks,2TM,0.1
2024,banksta01,Tanner Banks,CHW,-0.1
2024,banksta01,Tanner Banks,PHI,0.2
2024,birdsha01,Hayden Birdsong,SFG,0.3
2024,roberda08,David Robertson,TEX,1.5
2024,scottta01,Tanner Scott,2TM,3.7
2024,scottta01,Tanner Scott,MIA,3.0
2024,scottta01,Tanner Scott,SDP,0.7
2024,santade01,Dennis Santana,2TM,0.9
2024,santade01,Dennis Santana,NYY,-0.4
2024,santade01,Dennis Santana,PIT,1.3
2024,blachty01,Ty Blach,COL,-0.6
2024,sandsco01,Cole Sands,MIN,1.3
2024,pukaj01,A.J. Puk,2TM,1.2
2024,pukaj01,A.J. Puk,MIA,-0.1
2024,pukaj01,A.J. Puk,ARI,1.3
2024,farmebu01,Buck Farmer,CIN,1.7
2024,haderjo01,Josh Hader,HOU,0.7
2024,jaxgr01,Griffin Jax,MIN,2.8
2024,kellyke02,Kevin Kelly,TBR,1.7
2024,kittran01,Andrew Kittredge,STL,1.5
2024,cronide01,Declan Cronin,MIA,0.2
2024,rogerty01,Tyler Rogers,SFG,1.5
2024,vestwi01,Will Vest,DET,1.6
2024,ginkeke01,Kevin Ginkel,ARI,0.8
2024,beeksja02,Jalen Beeks,2TM,0.1
2024,beeksja02,Jalen Beeks,COL,0.2
2024,beeksja02,Jalen Beeks,PIT,-0.1
2024,housead01,Adrian Houser,NYM,-0.9
2024,iglesra01,Raisel Iglesias,ATL,2.9
2024,knackla01,Landon Knack,LAD,1.0
2024,bellova01,Valente Bellozo,MIA,1.4
2024,jimenjo02,Joe Jiménez,ATL,1.8
2024,scottta02,Tayler Scott,HOU,1.7
2024,florody01,Dylan Floro,2TM,0.8
2024,florody01,Dylan Floro,WSN,1.6
2024,florody01,Dylan Floro,ARI,-0.8
2024,holmegr01,Grant Holmes,ATL,1.1
2024,contrro01,Roansy Contreras,2TM,0.4
2024,contrro01,Roansy Contreras,PIT,0.1
2024,contrro01,Roansy Contreras,LAA,0.3
2024,briesbe01,Beau Brieske,DET,0.7
2024,wesneha01,Hayden Wesneski,CHC,-0.3
2024,kopecmi01,Michael Kopech,2TM,1.4
2024,kopecmi01,Michael Kopech,CHW,0.3
2024,kopecmi01,Michael Kopech,LAD,1.1
2024,milleer01,Erik Miller,SFG,0.4
2024,wentzjo01,Joey Wentz,2TM,0.1
2024,wentzjo01,Joey Wentz,DET,-0.4
2024,wentzjo01,Joey Wentz,PIT,0.5
2024,hillti01,Tim Hill,2TM,0.4
2024,hillti01,Tim Hill,CHW,-0.4
2024,hillti01,Tim Hill,NYY,0.8
2024,junisja01,Jakob Junis,2TM,1.8
2024,junisja01,Jakob Junis,MIL,0.6
2024,junisja01,Jakob Junis,CIN,1.2
2024,cruzfe01,Fernando Cruz,CIN,0.3
2024,fernary01,Ryan Fernandez,STL,0.9
2024,leclejo01,José Leclerc,TEX,-0.2
2024,luzarje01,Jesús Luzardo,MIA,0.6
2024,willitr01,Trevor Williams,WSN,2.5
2024,armstsh01,Shawn Armstrong,3TM,-0.3
2024,armstsh01,Shawn Armstrong,2TM,0.2
2024,armstsh01,Shawn Armstrong,TBR,-0.5
2024,armstsh01,Shawn Armstrong,STL,0.2
2024,armstsh01,Shawn Armstrong,CHC,0.0
2024,helslry01,Ryan Helsley,STL,2.8
2024,hoffmje02,Jeff Hoffman,PHI,2.2
2024,thompry02,Ryan Thompson,ARI,1.0
2024,vesiaal01,Alex Vesia,LAD,1.8
2024,pearsna01,Nate Pearson,2TM,-0.1
2024,pearsna01,Nate Pearson,TOR,-0.6
2024,pearsna01,Nate Pearson,CHC,0.5
2024,barneja01,Jacob Barnes,WSN,0.1
2024,herriti01,Tim Herrin,CLE,1.7
2024,suterbr01,Brent Suter,CIN,1.4
2024,kochaja01,Jack Kochanowicz,LAA,0.8
2024,richatr01,Trevor Richards,2TM,-0.3
2024,richatr01,Trevor Richards,TOR,-0.4
2024,richatr01,Trevor Richards,MIN,0.1
2024,millema03,Mason Miller,OAK,2.5
2024,suarero01,Robert Suarez,SDP,2.1
2024,milneho01,Hoby Milner,MIL,-0.6
2024,festada01,David Festa,MIN,0.5
2024,kinlety01,Tyler Kinley,COL,-0.2
2024,delosen01,Enyel De Los Santos,3TM,0.1
2024,delosen01,Enyel De Los Santos,2TM,-0.2
2024,delosen01,Enyel De Los Santos,SDP,0.3
2024,delosen01,Enyel De Los Santos,NYY,-0.6
2024,delosen01,Enyel De Los Santos,CHW,0.4
2024,matonph01,Phil Maton,2TM,0.9
2024,matonph01,Phil Maton,TBR,0.2
2024,matonph01,Phil Maton,NYM,0.7
2024,finneky01,Kyle Finnegan,WSN,1.0
2024,morejad01,Adrián Morejón,SDP,1.3
2024,bidoos01,Osvaldo Bido,OAK,1.6
2024,chaveje01,Jesse Chavez,ATL,0.6
2024,weissgr01,Greg Weissert,BOS,0.5
2024,holmecl01,Clay Holmes,NYY,0.6
2024,hudsoda01,Daniel Hudson,LAD,0.6
2024,kerkeor01,Orion Kerkering,PHI,1.7
2024,cabrege01,Génesis Cabrera,TOR,-0.1
2024,matsuyu01,Yuki Matsui,SDP,0.8
2024,strahma01,Matt Strahm,PHI,2.6
2024,hudsobr01,Bryan Hudson,MIL,2.4
2024,koenija01,Jared Koenig,MIL,1.5
2024,millety01,Tyson Miller,2TM,1.4
2024,millety01,Tyson Miller,SEA,0.1
2024,millety01,Tyson Miller,CHC,1.3
2024,alvarjo03,José Alvarado,PHI,0.4
2024,chapmar01,Aroldis Chapman,PIT,0.4
2024,yateski01,Kirby Yates,TEX,3.1
2024,erceglu01,Lucas Erceg,2TM,1.2
2024,erceglu01,Lucas Erceg,OAK,0.5
2024,erceglu01,Lucas Erceg,KCR,0.7
2024,lambepe01,Peter Lambert,COL,-0.4
2024,estraje01,Jeremiah Estrada,SDP,1.2
2024,vothau01,Austin Voth,SEA,-0.2
2024,hancoem01,Emerson Hancock,SEA,-0.6
2024,canoye01,Yennier Cano,BAL,1.0
2024,cleavga01,Garrett Cleavinger,TBR,0.8
2024,foleyja01,Jason Foley,DET,0.9
2024,kingjo01,John King,STL,0.8
2024,rogerta01,Taylor Rogers,SFG,1.1
2024,garciro04,Robert Garcia,WSN,-0.1
2024,lawreju01,Justin Lawrence,COL,-1.6
2024,leedy01,Dylan Lee,ATL,1.3
2024,mantijo01,Joe Mantiply,ARI,0.6
2024,molinan01,Anthony Molina,COL,-0.5
2024,jarvibr01,Bryce Jarvis,ARI,0.8
2024,munozan01,Andrés Muñoz,SEA,2.1
2024,nerishe01,Hector Neris,2TM,-0.2
2024,nerishe01,Hector Neris,CHC,0.0
2024,nerishe01,Hector Neris,HOU,-0.2
2024,dovalca01,Camilo Doval,SFG,-0.5
2024,payamjo01,Joel Payamps,MIL,1.1
2024,romerjo01,JoJo Romero,STL,0.8
2024,garcilu03,Luis García,2TM,-0.4
2024,garcilu03,Luis García,LAA,0.3
2024,garcilu03,Luis García,BOS,-0.6
2024,smylydr01,Drew Smyly,CHC,0.1
2024,dominse01,Seranthony Domínguez,2TM,0.2
2024,dominse01,Seranthony Domínguez,PHI,-0.1
2024,dominse01,Seranthony Domínguez,BAL,0.3
2024,alcaljo01,Jorge Alcala,MIN,1.4
2024,stratch01,Chris Stratton,KCR,-0.8
2024,anderch01,Chase Anderson,2TM,-0.7
2024,anderch01,Chase Anderson,BOS,-0.5
2024,anderch01,Chase Anderson,TEX,-0.2
2024,baumami01,Mike Baumann,5TM,-0.6
2024,baumami01,Mike Baumann,3TM,-0.4
2024,baumami01,Mike Baumann,2TM,-0.3
2024,baumami01,Mike Baumann,BAL,0.2
2024,baumami01,Mike Baumann,SEA,-0.4
2024,baumami01,Mike Baumann,SFG,-0.1
2024,baumami01,Mike Baumann,LAA,-0.2
2024,baumami01,Mike Baumann,MIA,-0.2
2024,leitema02,Mark Leiter Jr.,2TM,-0.5
2024,leitema02,Mark Leiter Jr.,CHC,-0.4
2024,leitema02,Mark Leiter Jr.,NYY,-0.1
2024,bednada01,David Bednar,PIT,-0.9
2024,sandlni01,Nick Sandlin,CLE,-0.1
2024,mearsni01,Nick Mears,2TM,-0.4
2024,mearsni01,Nick Mears,COL,0.0
2024,mearsni01,Nick Mears,MIL,-0.4
2024,faedoal01,Alex Faedo,DET,0.7
2024,garrere01,Reed Garrett,NYM,0.2
2024,meyerma01,Max Meyer,MIA,-0.2
2024,kellyza01,Zack Kelly,BOS,0.4
2024,mcartja01,James McArthur,KCR,-0.6
2024,mcfartj01,T.J. McFarland,OAK,0.6
2024,pressry01,Ryan Pressly,HOU,0.4
2024,webbja01,Jacob Webb,BAL,1.0
2024,diazal03,Alexis Díaz,CIN,0.5
2024,johnspi01,Pierce Johnson,ATL,0.7
2024,chafian01,Andrew Chafin,2TM,0.5
2024,chafian01,Andrew Chafin,DET,0.5
2024,chafian01,Andrew Chafin,TEX,-0.1
2024,smithbu03,Burch Smith,2TM,-0.2
2024,smithbu03,Burch Smith,MIA,0.3
2024,smithbu03,Burch Smith,BAL,-0.4
2024,millebo06,Bobby Miller,LAD,-1.9
2024,ottavad01,Adam Ottavino,NYM,0.0
2024,millesh01,Shelby Miller,DET,0.1
2024,brownbe02,Ben Brown,CHC,0.9
2024,bummeaa01,Aaron Bummer,ATL,0.6
2024,slateju01,Justin Slaten,BOS,0.8
2024,winnke01,Keaton Winn,SFG,-1.1
2024,brebbjo01,John Brebbia,2TM,-0.5
2024,brebbjo01,John Brebbia,CHW,-0.6
2024,brebbjo01,John Brebbia,ATL,0.1
2024,stanery01,Ryne Stanek,2TM,-0.6
2024,stanery01,Ryne Stanek,SEA,-0.4
2024,stanery01,Ryne Stanek,NYM,-0.2
2024,barlosc01,Scott Barlow,CLE,0.2
2024,estevca01,Carlos Estévez,2TM,2.2
2024,estevca01,Carlos Estévez,LAA,1.5
2024,estevca01,Carlos Estévez,PHI,0.6
2024,janseke01,Kenley Jansen,BOS,1.2
2024,nicolky01,Kyle Nicolas,PIT,0.2
2024,phillev01,Evan Phillips,LAD,-0.5
2024,duranjh01,Jhoan Duran,MIN,0.2
2024,turnbsp01,Spencer Turnbull,PHI,1.3
2024,ferguca01,Caleb Ferguson,2TM,-0.5
2024,ferguca01,Caleb Ferguson,NYY,-0.7
2024,ferguca01,Caleb Ferguson,HOU,0.2
2024,diazed04,Edwin Díaz,NYM,0.5
2024,fauchca01,Calvin Faucher,MIA,0.9
2024,perezci01,Cionel Pérez,BAL,-0.1
2024,zerpaan01,Angel Zerpa,KCR,0.5
2024,hoeinbr01,Bryan Hoeing,2TM,1.6
2024,hoeinbr01,Bryan Hoeing,MIA,0.7
2024,hoeinbr01,Bryan Hoeing,SDP,0.8
2024,anderju01,Justin Anderson,CHW,0.5
2024,greench03,Chad Green,TOR,0.8
2024,kuhlch01,Chad Kuhl,CHW,0.2
2024,bendean01,Anthony Bender,MIA,0.7
2024,jackslu01,Luke Jackson,2TM,-0.3
2024,jackslu01,Luke Jackson,SFG,-0.2
2024,jackslu01,Luke Jackson,ATL,-0.1
2024,lopezjo02,Jorge López,2TM,0.9
2024,lopezjo02,Jorge López,NYM,0.3
2024,lopezjo02,Jorge López,CHC,0.6
2024,sotogr01,Gregory Soto,2TM,0.3
2024,sotogr01,Gregory Soto,PHI,0.4
2024,sotogr01,Gregory Soto,BAL,-0.1
2024,martise01,Seth Martinez,HOU,0.5
2024,kimbrcr01,Craig Kimbrel,BAL,-1.0
2024,rodrira02,Randy Rodríguez,SFG,-0.2
2024,suarejo01,José Suarez,LAA,-0.6
2024,schrejo01,John Schreiber,KCR,0.4
2024,brazohu01,Huascar Brazobán,2TM,0.2
2024,brazohu01,Huascar Brazobán,MIA,0.3
2024,brazohu01,Huascar Brazobán,NYM,-0.1
2024,ferguty01,Tyler Ferguson,OAK,0.7
2024,holdeco01,Colin Holderman,PIT,0.7
2024,pegueel01,Elvis Peguero,MIL,0.4
2024,bernabr01,Brennan Bernardino,BOS,0.3
2024,grovemi01,Michael Grove,LAD,-0.6
2024,raineta01,Tanner Rainey,WSN,0.1
2024,ruizjo01,José Ruiz,PHI,0.6
2024,mlodzca01,Carmen Mlodzinski,PIT,0.8
2024,harvehu01,Hunter Harvey,2TM,0.0
2024,harvehu01,Hunter Harvey,WSN,0.1
2024,harvehu01,Hunter Harvey,KCR,-0.2
2024,rouppla01,Landen Roupp,SFG,0.6
2024,martida03,Davis Martin,CHW,0.9
2024,rodried05,Eduardo Rodríguez,ARI,0.2
2024,bandaan01,Anthony Banda,LAD,0.7
2024,elderbr01,Bryce Elder,ATL,-0.7
2024,nardian01,Andrew Nardi,MIA,0.0
2024,varlalo01,Louis Varland,MIN,-1.3
2024,priesqu01,Quinn Priester,2TM,-0.1
2024,priesqu01,Quinn Priester,PIT,-0.3
2024,priesqu01,Quinn Priester,BOS,0.2
2024,mulleky01,Kyle Muller,OAK,0.4
2024,simslu01,Lucas Sims,2TM,0.5
2024,simslu01,Lucas Sims,CIN,0.8
2024,simslu01,Lucas Sims,BOS,-0.3
2024,bivensp01,Spencer Bivens,SFG,0.6
2024,leahyky01,Kyle Leahy,STL,0.2
2024,moorema02,Matt Moore,LAA,-0.5
2024,popza01,Zach Pop,TOR,-1.3
2024,boylejo01,Joe Boyle,OAK,-0.5
2024,scottch01,Christian Scott,NYM,0.2
2024,thielca01,Caleb Thielbar,MIN,-0.6
2024,kolekst01,Stephen Kolek,SDP,-0.2
2024,treinbl01,Blake Treinen,LAD,1.6
2024,wilsoju10,Justin Wilson,CIN,-0.2
2024,megiltr01,Trevor Megill,MIL,1.2
2024,wicksjo01,Jordan Wicks,CHC,-0.5
2024,littlbr02,Brendon Little,TOR,0.2
2024,dubinsh01,Shawn Dubin,HOU,0.0
2024,fairbpe01,Pete Fairbanks,TBR,0.8
2024,hurtebr01,Brant Hurter,DET,1.3
2024,ramiryo01,Yohan Ramírez,4TM,-1.0
2024,ramiryo01,Yohan Ramírez,2TM,-0.8
2024,ramiryo01,Yohan Ramírez,2TM,-0.2
2024,ramiryo01,Yohan Ramírez,NYM,-0.2
2024,ramiryo01,Yohan Ramírez,BAL,0.0
2024,ramiryo01,Yohan Ramírez,LAD,-0.6
2024,ramiryo01,Yohan Ramírez,BOS,-0.2
2024,martich02,Chris Martin,BOS,0.1
2024,matzst01,Steven Matz,STL,-0.2
2024,thorpdr01,Drew Thorpe,CHW,0.1
2024,britojh01,Jhony Brito,SDP,0.2
2024,latzja01,Jacob Latz,TEX,0.2
2024,lynchda02,Daniel Lynch IV,KCR,0.8
2024,scherma01,Max Scherzer,TEX,0.3
2024,hernajo02,Jonathan Hernández,2TM,-0.5
2024,hernajo02,Jonathan Hernández,TEX,-0.4
2024,hernajo02,Jonathan Hernández,SEA,-0.1
2024,halldl01,DL Hall,MIL,-0.2
2024,hodgepo01,Porter Hodge,CHC,1.3
2024,booseca01,Cam Booser,BOS,0.7
2024,kahnlto01,Tommy Kahnle,NYY,0.8
2024,longsa01,Sam Long,KCR,0.6
2024,mayzati01,Tim Mayza,2TM,-1.2
2024,mayzati01,Tim Mayza,TOR,-1.2
2024,mayzati01,Tim Mayza,NYY,0.0
2024,curryxz01,Xzavion Curry,2TM,0.1
2024,curryxz01,Xzavion Curry,CLE,-0.3
2024,curryxz01,Xzavion Curry,MIA,0.5
2024,ollerad01,Adam Oller,MIA,0.2
2024,morgael01,Eli Morgan,CLE,1.1
2024,mccauda01,Darren McCaughan,2TM,-0.5
2024,mccauda01,Darren McCaughan,MIA,-0.3
2024,mccauda01,Darren McCaughan,CLE,-0.2
2024,snideco01,Collin Snider,SEA,1.0
2024,ucetaed01,Edwin Uceta,TBR,1.9
2024,weemsjo01,Jordan Weems,WSN,-1.0
2024,adamsau02,Austin Adams,OAK,0.5
2024,smithwi04,Will Smith,KCR,-0.9
2024,kellebr01,Brad Keller,2TM,-0.3
2024,kellebr01,Brad Keller,CHW,0.1
2024,kellebr01,Brad Keller,BOS,-0.4
2024,tinocje01,Jesús Tinoco,3TM,1.0
2024,tinocje01,Jesús Tinoco,2TM,1.3
2024,tinocje01,Jesús Tinoco,TEX,-0.3
2024,tinocje01,Jesús Tinoco,CHC,0.1
2024,tinocje01,Jesús Tinoco,MIA,1.1
2024,birdja01,Jake Bird,COL,0.4
2024,medinlu02,Luis Medina,OAK,0.3
2024,boydma01,Matthew Boyd,CLE,0.7
2024,sewalpa01,Paul Sewald,ARI,0.2
2024,bradiky01,Kyle Bradish,BAL,1.1
2024,swanser01,Erik Swanson,TOR,-0.3
2024,woodal02,Alex Wood,OAK,-0.2
2024,garciyi01,Yimi García,2TM,0.5
2024,garciyi01,Yimi García,TOR,0.7
2024,garciyi01,Yimi García,SEA,-0.2
2024,alexasc02,Scott Alexander,OAK,1.2
2024,cantijo01,Joey Cantillo,CLE,-0.1
2024,sauceta01,Tayler Saucedo,SEA,0.4
2024,henryto01,Tommy Henry,ARI,-0.8
2024,montera01,Rafael Montero,HOU,-0.1
2024,peralwa01,Wandy Peralta,SDP,0.4
2024,cousija01,Jake Cousins,NYY,0.7
2024,paganem01,Emilio Pagán,CIN,0.3
2024,vieirth01,Thyago Vieira,3TM,0.1
2024,vieirth01,Thyago Vieira,2TM,0.1
2024,vieirth01,Thyago Vieira,MIL,-0.2
2024,vieirth01,Thyago Vieira,BAL,0.0
2024,vieirth01,Thyago Vieira,ARI,0.2
2024,hamilia01,Ian Hamilton,NYY,0.5
2024,matthze01,Zebby Matthews,MIN,-0.6
2024,mollsa01,Sam Moll,CIN,0.8
2024,rodrima01,Manuel Rodríguez,TBR,1.1
2024,strathu01,Hunter Stratton,PIT,0.6
2024,youngda02,Danny Young,NYM,-0.2
2024,honeybr01,Brent Honeywell Jr.,2TM,0.6
2024,honeybr01,Brent Honeywell Jr.,PIT,0.1
2024,honeybr01,Brent Honeywell Jr.,LAD,0.5
2024,pocheco01,Colin Poche,TBR,0.5
2024,garrebr01,Braxton Garrett,MIA,0.1
2024,phillty01,Tyler Phillips,PHI,-0.6
2024,tatedi01,Dillon Tate,2TM,-0.1
2024,tatedi01,Dillon Tate,BAL,-0.1
2024,tatedi01,Dillon Tate,TOR,0.0
2024,blackma01,Mason Black,SFG,-0.5
2024,wroblju01,Justin Wrobleski,LAD,-0.3
2024,chargjt01,JT Chargois,2TM,0.8
2024,chargjt01,JT Chargois,MIA,0.5
2024,chargjt01,JT Chargois,SEA,0.3
2024,anderni01,Nick Anderson,KCR,0.3
2024,leiteja01,Jack Leiter,TEX,-1.7
2024,nastrni01,Nick Nastrini,CHW,-0.8
2024,sanchsi01,Sixto Sánchez,MIA,-0.6
2024,okertst01,Steven Okert,MIN,-0.2
2024,nunezde01,Dedniel Núñez,NYM,0.8
2024,woodfja01,Jake Woodford,2TM,-1.3
2024,woodfja01,Jake Woodford,CHW,-0.3
2024,woodfja01,Jake Woodford,PIT,-1.0
2024,fundeko01,Kody Funderburk,MIN,-0.6
2024,javiecr01,Cristian Javier,HOU,0.5
2024,joycebe01,Ben Joyce,LAA,1.6
2024,wilsost02,Steven Wilson,CHW,-0.6
2024,gordota01,Tanner Gordon,COL,-1.1
2024,minteaj01,A.J. Minter,ATL,1.1
2024,roycrch01,Chris Roycroft,STL,-0.1
2024,lovelri01,Richard Lovelady,2TM,0.2
2024,lovelri01,Richard Lovelady,CHC,-0.3
2024,lovelri01,Richard Lovelady,TBR,0.4
2024,ginnjt01,J.T. Ginn,OAK,0.5
2024,otanemi01,Michel Otañez,OAK,0.4
2024,burkebr01,Brock Burke,2TM,-0.2
2024,burkebr01,Brock Burke,TEX,-0.5
2024,burkebr01,Brock Burke,LAA,0.3
2024,gonzama02,Marco Gonzales,PIT,0.4
2024,mazurad01,Adam Mazur,SDP,-0.7
2024,sprinje01,Jeffrey Springs,TBR,0.8
2024,burrry01,Ryan Burr,TOR,0.0
2024,mcgousc01,Scott McGough,ARI,-1.1
2024,diekmja01,Jake Diekman,NYM,-0.8
2024,ferrejo01,Jose A. Ferrer,WSN,0.5
2024,kellyjo05,Joe Kelly,LAD,-0.4
2024,aguiaju01,Julian Aguiar,CIN,-0.1
2024,chivian01,Angel Chivilli,COL,0.3
2024,tylerky01,Kyle Tyler,MIA,0.2
2024,flemijo01,Josh Fleming,PIT,0.0
2024,kellymi03,Michael Kelly,OAK,0.8
2024,leasujo01,Jordan Leasure,CHW,-0.4
2024,lowderh01,Rhett Lowder,CIN,1.9
2024,rayro02,Robbie Ray,SFG,0.0
2024,blalobr01,Bradley Blalock,2TM,-0.2
2024,blalobr01,Bradley Blalock,MIL,0.0
2024,blalobr01,Bradley Blalock,COL,-0.2
2024,bowmama01,Matt Bowman,4TM,0.3
2024,bowmama01,Matt Bowman,3TM,0.4
2024,bowmama01,Matt Bowman,MIN,0.2
2024,bowmama01,Matt Bowman,ARI,-0.1
2024,bowmama01,Matt Bowman,SEA,-0.1
2024,bowmama01,Matt Bowman,BAL,0.2
2024,bubickr01,Kris Bubic,KCR,0.7
2024,danieda01,Davis Daniel,LAA,-0.4
2024,thompke02,Keegan Thompson,CHC,0.6
2024,chiriyo01,Yonny Chirinos,MIA,-0.2
2024,hernaca04,Carlos Hernández,KCR,0.2
2024,kershcl01,Clayton Kershaw,LAD,-0.3
2024,santito01,Tony Santillan,CIN,0.7
2024,couloda01,Danny Coulombe,BAL,1.0
2024,bielabr01,Brandon Bielak,2TM,0.1
2024,bielabr01,Brandon Bielak,HOU,0.0
2024,bielabr01,Brandon Bielak,OAK,0.1
2024,hanifbr01,Brenan Hanifee,DET,0.9
2024,soriage01,George Soriano,MIA,-0.6
2024,salazed01,Eduardo Salazar,2TM,0.5
2024,salazed01,Eduardo Salazar,LAD,0.0
2024,salazed01,Eduardo Salazar,WSN,0.5
2024,howarsp01,Spencer Howard,2TM,-0.6
2024,howarsp01,Spencer Howard,SFG,-0.2
2024,howarsp01,Spencer Howard,CLE,-0.4
2024,rasmudr01,Drew Rasmussen,TBR,0.6
2024,ashbyaa01,Aaron Ashby,MIL,0.2
2024,diazyi01,Yilber Díaz,ARI,0.3
2024,allenlo01,Logan Allen,ARI,-0.1
2024,brasiry01,Ryan Brasier,LAD,0.2
2024,gassero01,Robert Gasser,MIL,0.6
2024,bazared01,Eduard Bazardo,SEA,0.0
2024,mannima02,Matt Manning,DET,0.2
2024,sammobr01,Bryan Sammons,DET,0.4
2024,allarko01,Kolby Allard,PHI,0.2
2024,andergr01,Grant Anderson,TEX,-1.1
2024,brookaa01,Aaron Brooks,OAK,-0.2
2024,devench02,Chris Devenski,TBR,-0.8
2024,roberet01,Ethan Roberts,CHC,0.2
2024,garabge01,Gerson Garabito,TEX,-0.1
2024,jacksja01,Jay Jackson,MIN,-0.6
2024,kingbr02,Bryan King,HOU,0.6
2024,varlagu01,Gus Varland,2TM,0.3
2024,varlagu01,Gus Varland,LAD,0.0
2024,varlagu01,Gus Varland,CHW,0.3
2024,littllu01,Luke Little,CHC,0.3
2024,marteyu01,Yunior Marté,PHI,-0.7
2024,jimenda01,Dany Jiménez,OAK,-0.3
2024,crousha01,Hans Crouse,LAA,0.5
2024,francjp01,J.P. France,HOU,-0.5
2024,ortka01,Kaleb Ort,HOU,0.6
2024,cimbead01,Adam Cimber,LAA,-0.7
2024,manoaal01,Alek Manoah,TOR,-0.3
2024,poteeco01,Cody Poteet,NYY,0.8
2024,staumjo01,Josh Staumont,MIN,0.2
2024,ellarfr01,Fraser Ellard,CHW,0.3
2024,rosenke01,Kenny Rosenberg,LAA,-0.3
2024,hentgsa01,Sam Hentges,CLE,0.3
2024,speiega01,Gabe Speier,SEA,-0.5
2024,festama01,Matt Festa,2TM,-0.9
2024,festama01,Matt Festa,NYM,-0.7
2024,festama01,Matt Festa,TEX,-0.2
2024,whitemi03,Mitch White,3TM,-0.6
2024,whitemi03,Mitch White,2TM,-0.5
2024,whitemi03,Mitch White,TOR,-0.1
2024,whitemi03,Mitch White,SFG,-0.2
2024,whitemi03,Mitch White,MIL,-0.3
2024,bakerbr01,Bryan Baker,BAL,-0.1
2024,gonzavi02,Victor González,NYY,0.1
2024,marinro01,Ron Marinaccio,NYY,0.2
2024,maddety01,Ty Madden,DET,-0.1
2024,mcgremi01,Michael McGreevy,STL,0.9
2024,toussto01,Touki Toussaint,CHW,-0.3
2024,warrewi01,Will Warren,NYY,-1.2
2024,bassobr01,Brady Basso,OAK,0.3
2024,kerrra01,Ray Kerr,ATL,-0.1
2024,nanceto01,Tommy Nance,TOR,-0.1
2024,englema01,Mason Englert,DET,-0.3
2024,reidfse01,Sean Reid-Foley,NYM,0.2
2024,willide03,Devin Williams,MIL,1.4
2024,pareden01,Enoli Paredes,2TM,0.7
2024,pareden01,Enoli Paredes,MIL,0.6
2024,pareden01,Enoli Paredes,CHC,0.0
2024,rodriye01,Yerry Rodríguez,2TM,-0.8
2024,rodriye01,Yerry Rodríguez,TEX,-0.4
2024,rodriye01,Yerry Rodríguez,TOR,-0.4
2024,guentse01,Sean Guenther,DET,1.0
2024,breweco01,Colten Brewer,CHC,-0.6
2024,fittsri01,Richard Fitts,BOS,0.6
2024,gallegi01,Giovanny Gallegos,STL,-0.3
2024,germado01,Domingo Germán,PIT,-0.5
2024,meansjo01,John Means,BAL,0.8
2024,ramirem01,Emmanuel Ramírez,MIA,-0.3
2024,ramirer02,Erasmo Ramírez,TBR,-0.2
2024,ryanry01,Ryder Ryan,PIT,-0.2
2024,blewesc01,Scott Blewett,MIN,0.8
2024,davisno01,Noah Davis,COL,-0.2
2024,ryanri01,River Ryan,LAD,0.8
2024,criswje01,Jeff Criswell,COL,0.6
2024,petermi01,Michael Petersen,2TM,-0.3
2024,petermi01,Michael Petersen,LAD,-0.3
2024,petermi01,Michael Petersen,MIA,0.0
2024,henriro01,Ronny Henriquez,MIN,0.3
2024,martejo01,José Marte,LAA,0.5
2024,quijajo01,José Quijada,LAA,0.3
2024,taylotr01,Troy Taylor,SEA,0.1
2024,berropr01,Prelander Berroa,CHW,0.5
2024,burkese01,Sean Burke,CHW,0.9
2024,leonedo01,Dominic Leone,CHW,-0.7
2024,maldoan01,Anthony Maldonado,MIA,0.1
2024,boltoco01,Cody Bolton,SEA,-0.1
2024,langeal01,Alex Lange,DET,-0.6
2024,walstbl01,Blake Walston,ARI,-0.1
2024,whitlga01,Garrett Whitlock,BOS,0.8
2024,hernada03,Daysbel Hernández,ATL,0.4
2024,hornba01,Bailey Horn,BOS,-0.3
2024,penniwa01,Walter Pennington,2TM,0.2
2024,penniwa01,Walter Pennington,KCR,0.0
2024,penniwa01,Walter Pennington,TEX,0.2
2024,bushky01,Ky Bush,CHW,0.1
2024,emanuke01,Kent Emanuel,MIA,-0.3
2024,hughebr01,Brandon Hughes,ARI,-0.4
2024,lasorjo01,Joe La Sorsa,WSN,0.1
2024,smithdr01,Drew Smith,NYM,0.2
2024,zuniggu01,Guillo Zuñiga,LAA,-0.1
2024,alzolad01,Adbert Alzolay,CHC,-0.6
2024,winnco01,Cole Winn,TEX,-0.5
2024,biggehu01,Hunter Bigge,2TM,0.4
2024,biggehu01,Hunter Bigge,CHC,0.1
2024,biggehu01,Hunter Bigge,TBR,0.4
2024,thompza02,Zack Thompson,STL,-0.7
2024,zeferry01,Ryan Zeferjahn,LAA,0.5
2024,keuchda01,Dallas Keuchel,MIL,0.0
2024,cobbal01,Alex Cobb,CLE,0.2
2024,sauerma01,Matt Sauer,KCR,-0.2
2024,sborzjo01,Josh Sborz,TEX,0.0
2024,zulueyo01,Yosver Zulueta,CIN,0.1
2024,cuasjo01,José Cuas,2TM,-0.5
2024,cuasjo01,José Cuas,CHC,-0.4
2024,cuasjo01,José Cuas,TOR,-0.1
2024,andersh01,Shaun Anderson,2TM,-0.6
2024,andersh01,Shaun Anderson,TEX,0.0
2024,andersh01,Shaun Anderson,MIA,-0.6
2024,sulseco01,Cole Sulser,2TM,0.4
2024,sulseco01,Cole Sulser,NYM,-0.2
2024,sulseco01,Cole Sulser,TBR,0.7
2024,becktr01,Tristan Beck,SFG,0.5
2024,clevimi01,Mike Clevinger,CHW,-0.1
2024,almonye01,Yency Almonte,CHC,0.1
2024,cisnejo01,José Cisnero,LAA,-0.4
2024,holmagr01,Grant Holman,OAK,0.3
2024,stewabr01,Brock Stewart,MIN,-0.1
2024,youngal01,Alex Young,2TM,0.3
2024,youngal01,Alex Young,CIN,0.1
2024,youngal01,Alex Young,NYM,0.2
2024,hernael01,Elieser Hernández,2TM,-0.3
2024,hernael01,Elieser Hernández,LAD,-0.3
2024,hernael01,Elieser Hernández,MIL,0.1
2024,wellsty01,Tyler Wells,BAL,-0.2
2024,merryju01,Julian Merryweather,CHC,-0.4
2024,peralsa01,Sammy Peralta,CHW,0.1
2024,cosgrto01,Tom Cosgrove,SDP,-0.9
2024,jacobal01,Alek Jacob,SDP,0.3
2024,palenda01,Daniel Palencia,CHC,-0.2
2024,jeffeda01,Daulton Jefferies,2TM,-0.7
2024,jeffeda01,Daulton Jefferies,SFG,-0.6
2024,jeffeda01,Daulton Jefferies,PIT,-0.1
2024,uribeab01,Abner Uribe,MIL,-0.4
2024,willibr02,Brandon Williamson,CIN,0.3
2024,beedety01,Tyler Beede,CLE,-0.7
2024,garcide01,Deivi García,CHW,-0.7
2024,castrmi01,Miguel Castro,ARI,-0.1
2024,lazarma01,Max Lazar,PHI,0.1
2024,rodrijo06,Joely Rodríguez,BOS,-0.5
2024,romanjo03,Jordan Romano,TOR,-0.3
2024,vinesda01,Darius Vines,ATL,-0.5
2024,barnema01,Matt Barnes,WSN,-0.2
2024,ramirni01,Nick Ramirez,LAD,-0.2
2024,roberni01,Nick Robertson,2TM,0.1
2024,roberni01,Nick Robertson,STL,0.0
2024,roberni01,Nick Robertson,TOR,0.0
2024,venezan01,Anthony Veneziano,2TM,0.1
2024,venezan01,Anthony Veneziano,KCR,0.0
2024,venezan01,Anthony Veneziano,MIA,0.2
2024,aldegsa01,Sam Aldegheri,LAA,-0.3
2024,mercami01,Michael Mercado,PHI,-0.7
2024,millery01,Ryan Miller,LAA,0.0
2024,mahlety01,Tyler Mahle,TEX,0.0
2024,sabroer01,Erik Sabrowski,CLE,0.6
2024,halvose01,Seth Halvorsen,COL,0.7
2024,hergeji01,Jimmy Herget,ATL,0.1
2024,perallu01,Luis Peralta,COL,0.8
2024,rodrica02,Carlos Rodriguez,MIL,-0.4
2024,senzaan01,Antonio Senzatela,COL,0.0
2024,vespini01,Nick Vespi,BAL,0.2
2024,walkejo03,Josh Walker,NYM,0.0
2024,biebesh01,Shane Bieber,CLE,0.7
2024,hellebe01,Ben Heller,PIT,-0.7
2024,mcmiljo01,John McMillon,MIA,0.6
2024,plesaza01,Zach Plesac,LAA,-0.3
2024,nittovi01,Vinny Nittoli,2TM,0.4
2024,nittovi01,Vinny Nittoli,OAK,0.2
2024,nittovi01,Vinny Nittoli,BAL,0.2
2024,avilani01,Nick Avila,SFG,-0.3
2024,blossja01,Jake Bloss,HOU,-0.2
2024,rockeku01,Kumar Rocker,TEX,0.0
2024,strzepe01,Peter Strzelecki,CLE,0.2
2024,lucasea01,Easton Lucas,3TM,-0.6
2024,lucasea01,Easton Lucas,OAK,-0.2
2024,lucasea01,Easton Lucas,DET,0.0
2024,lucasea01,Easton Lucas,TOR,-0.3
2024,cuetojo01,Johnny Cueto,LAA,-0.2
2024,gillalo01,Logan Gillaspie,SDP,-0.2
2024,gomezyo01,Yoendrys Gómez,NYY,0.1
2024,hergeke01,Kevin Herget,MIL,0.3
2024,degeubr01,Brett de Geus,3TM,-0.2
2024,degeubr01,Brett de Geus,2TM,-0.2
2024,degeubr01,Brett de Geus,SEA,0.1
2024,degeubr01,Brett de Geus,MIA,-0.1
2024,degeubr01,Brett de Geus,TOR,-0.2
2024,borucry01,Ryan Borucki,PIT,-0.4
2024,feyerjo01,J.P. Feyereisen,LAD,-0.3
2024,mushipa01,Parker Mushinski,HOU,-0.3
2024,reynose01,Sean Reynolds,SDP,0.3
2024,rogerjo01,Josh Rogers,COL,-0.1
2024,tengka01,Kai-Wei Teng,SFG,-0.3
2024,adonjo01,Joan Adon,WSN,-0.1
2024,degroja01,Jacob deGrom,TEX,0.4
2024,hillja01,Jaden Hill,COL,0.0
2024,kiliaca01,Caleb Kilian,CHC,0.0
2024,nelsoky01,Kyle Nelson,ARI,0.1
2024,pintori01,Ricardo Pinto,PHI,-0.5
2024,warreau01,Austin Warren,SFG,0.3
2024,castehu01,Humberto Castellanos,ARI,-0.1
2024,danaca01,Caden Dana,LAA,-0.5
2024,lopezja04,Jacob Lopez,TBR,0.0
2024,lucchjo01,Joey Lucchesi,NYM,0.0
2024,sneadki01,Kirby Snead,SEA,0.0
2024,castidi01,Diego Castillo,MIN,0.2
2024,guerrlu01,Luis Guerrero,BOS,0.5
2024,matzety01,Tyler Matzek,ATL,-0.5
2024,newcose01,Sean Newcomb,OAK,-0.1
2024,wagueja01,Jacob Waguespack,TBR,-0.1
2024,kuhnejo01,Joel Kuhnel,2TM,0.1
2024,kuhnejo01,Joel Kuhnel,HOU,-0.1
2024,kuhnejo01,Joel Kuhnel,TBR,0.3
2024,burdini01,Nick Burdi,NYY,0.3
2024,diazjh01,Jhonathan Díaz,SEA,-0.1
2024,dobnara01,Randy Dobnak,MIN,0.0
2024,montgma01,Mason Montgomery,TBR,0.4
2024,olougja01,Jack O'Loughlin,OAK,0.1
2024,friaslu01,Luis Frías,2TM,-0.8
2024,friaslu01,Luis Frías,ARI,-0.4
2024,friaslu01,Luis Frías,TOR,-0.4
2024,bachala01,Lake Bachar,MIA,0.0
2024,legumca01,Casey Legumina,CIN,-0.3
2024,duffety01,Tyler Duffey,KCR,0.0
2024,hartlge01,Geoff Hartlieb,COL,-0.4
2024,stridsp01,Spencer Strider,ATL,-0.1
2024,windejo01,Josh Winder,MIN,0.1
2024,parsowe01,Wes Parsons,2TM,0.0
2024,parsowe01,Wes Parsons,TOR,-0.2
2024,parsowe01,Wes Parsons,CLE,0.2
2024,carasma01,Matt Carasiti,COL,-0.5
2024,espinpa01,Paolo Espino,TOR,-0.3
2024,shugach01,Chase Shugart,BOS,0.0
2024,waltean01,Andrew Walters,CLE,0.3
2024,bickfph01,Phil Bickford,NYY,-0.3
2024,caspabe01,Ben Casparius,LAD,0.2
2024,gilbety01,Tyler Gilbert,PHI,0.1
2024,grayjo03,Josiah Gray,WSN,-0.5
2024,rutleja01,Jackson Rutledge,WSN,0.2
2024,wingetr01,Trey Wingenter,2TM,-0.2
2024,wingetr01,Trey Wingenter,BOS,-0.2
2024,wingetr01,Trey Wingenter,CHC,0.1
2024,gillico01,Connor Gillispie,CLE,0.2
2024,hernani01,Nick Hernandez,HOU,-0.1
2024,junkja01,Janson Junk,2TM,-0.1
2024,junkja01,Janson Junk,MIL,-0.1
2024,junkja01,Janson Junk,OAK,0.0
2024,obrieri01,Riley O'Brien,STL,-0.4
2024,silsech01,Chase Silseth,LAA,-0.2
2024,gracego01,Gordon Graceffo,STL,0.0
2024,winanal01,Allan Winans,ATL,-0.6
2024,zastrro01,Rob Zastryzny,MIL,0.3
2024,jayty01,Tyler Jay,2TM,0.0
2024,jayty01,Tyler Jay,NYM,-0.1
2024,jayty01,Tyler Jay,MIL,0.1
2024,gratebr01,Brusdar Graterol,LAD,0.1
2024,santogr01,Gregory Santos,SEA,-0.1
2024,kleinwi01,Will Klein,2TM,-0.4
2024,kleinwi01,Will Klein,KCR,-0.1
2024,kleinwi01,Will Klein,OAK,-0.3
2024,crismna01,Nabil Crismatt,LAD,0.1
2024,davisau01,Austin Davis,SDP,-0.3
2024,kitchau01,Austin Kitchen,MIA,-0.5
2024,maciejo01,Josh Maciejewski,NYY,0.1
2024,mileywa01,Wade Miley,MIL,-0.1
2024,raleybr01,Brooks Raley,NYM,0.5
2024,waldrhu01,Hurston Waldrep,ATL,-0.6
2024,selbyco01,Colin Selby,2TM,0.2
2024,selbyco01,Colin Selby,KCR,-0.1
2024,selbyco01,Colin Selby,BAL,0.3
2024,bermujo01,Jonathan Bermúdez,MIA,-0.1
2024,campbis01,Isaiah Campbell,BOS,-1.3
2024,eiserbr01,Brandon Eisert,TOR,0.0
2024,fostema01,Matt Foster,CHW,0.3
2024,hartwgr01,Grant Hartwig,NYM,-0.1
2024,hurtky01,Kyle Hurt,LAD,0.1
2024,leibrbr01,Brandon Leibrandt,CIN,-0.2
2024,andrima01,Matt Andriese,MIA,-0.1
2024,bukaujb01,JB Bukauskas,MIL,0.2
2024,contrlu01,Luis Contreras,HOU,-0.1
2024,iriarja01,Jairo Iriarte,CHW,0.1
2024,neelyja01,Jack Neely,CHC,-0.2
2024,bruihju01,Justin Bruihl,PIT,-0.3
2024,brzykza01,Zach Brzykcy,WSN,-0.3
2024,cruzst01,Steven Cruz,KCR,0.2
2024,roberda11,Daniel Robert,TEX,0.1
2024,garream01,Amir Garrett,LAA,0.0
2024,heasljo01,Jonathan Heasley,BAL,-0.6
2024,hernajo03,Jose Hernandez,PIT,0.2
2024,kellyca01,Casey Kelly,CIN,0.0
2024,mattsis01,Isaac Mattson,PIT,0.0
2024,medervi01,Víctor Mederos,LAA,-0.3
2024,nelsoni01,Nick Nelson,PHI,0.0
2024,sengako01,Kodai Senga,NYM,0.1
2024,lylesjo01,Jordan Lyles,KCR,0.2
2024,davidtu01,Tucker Davidson,BAL,0.4
2024,adcocty01,Ty Adcock,NYM,-0.4
2024,gosean01,Anthony Gose,CLE,-0.2
2024,hernaen02,Kiké Hernández,LAD,0.0
2024,lametdi01,Dinelson Lamet,LAD,0.0
2024,pruitau01,Austin Pruitt,TEX,-0.3
2024,smithaj01,AJ Smith-Shawver,ATL,0.3
2024,villael02,Eli Villalobos,MIA,0.1
2024,bauerja01,Jake Bauers,MIL,0.0
2024,boushca01,Caleb Boushley,MIN,0.0
2024,busenal01,Alan Busenitz,CIN,-0.3
2024,duartda01,Daniel Duarte,MIN,0.1
2024,farmeky01,Kyle Farmer,MIN,0.0
2024,gutievl01,Vladimir Gutierrez,MIA,-0.1
2024,jobeja01,Jackson Jobe,DET,0.1
2024,loaisjo01,Jonathan Loáisiga,NYY,0.3
2024,marquge01,Germán Márquez,COL,-0.1
2024,mcderch01,Chayce McDermott,BAL,-0.1
2024,penroza01,Zach Penrod,BOS,0.1
2024,reyesge01,Gerardo Reyes,OAK,-0.1
2024,riverem01,Emmanuel Rivera,MIA,-0.1
2024,shawbr01,Bryan Shaw,CHW,-0.2
2024,sternju01,Justin Sterner,TBR,0.0
2024,stubbga01,Garrett Stubbs,PHI,-0.2
2024,uwasana01,Naoyuki Uwasawa,BOS,0.1
2024,willilu01,Luke Williams,ATL,0.0
2024,vanasri01,Ricky Vanasco,2TM,0.0
2024,vanasri01,Ricky Vanasco,LAD,-0.1
2024,vanasri01,Ricky Vanasco,DET,0.1
2024,altavda01,Dan Altavilla,KCR,-0.3
2024,beetecl01,Clayton Beeter,NYY,0.0
2024,hillri01,Rich Hill,BOS,0.0
2024,mailelu01,Luke Maile,CIN,-0.2
2024,buchada01,David Buchanan,CIN,0.1
2024,burromi01,Mike Burrows,PIT,0.0
2024,effrosc01,Scott Effross,NYY,0.0
2024,henried01,Edgardo Henriquez,LAD,0.1
2024,pintri01,Riley Pint,COL,-0.4
2024,ribalor01,Orlando Ribalta,WSN,-0.1
2024,stephja01,Jackson Stephens,ATL,0.1
2024,whitlfo01,Forrest Whitley,HOU,0.0
2024,zuberty01,Tyler Zuber,TBR,0.1
2024,fitzgty01,Tyler Fitzgerald,SFG,-0.1
2024,headrbr01,Brent Headrick,MIN,0.1
2024,kniznan01,Andrew Knizner,TEX,0.1
2024,mcdontr01,Trevor McDonald,SFG,0.1
2024,menacr01,Cristian Mena,ARI,-0.2
2024,smithdo02,Dominic Smith,BOS,0.1
2024,whiteow01,Owen White,TEX,-0.3
2024,brogdco01,Connor Brogdon,2TM,-0.7
2024,brogdco01,Connor Brogdon,PHI,-0.7
2024,brogdco01,Connor Brogdon,LAD,-0.1
2024,guilllu01,Luis Guillorme,2TM,-0.1
2024,guilllu01,Luis Guillorme,ATL,-0.1
2024,guilllu01,Luis Guillorme,LAA,0.1
2024,jacqujo01,Joe Jacques,2TM,-0.1
2024,jacqujo01,Joe Jacques,BOS,0.0
2024,jacqujo01,Joe Jacques,ARI,-0.1
2024,bowlajo01,Jonathan Bowlan,KCR,-0.2
2024,teherju01,Julio Teheran,NYM,-0.2
2024,tellero01,Rowdy Tellez,PIT,0.0
2024,curtijo02,John Curtiss,COL,-0.2
2024,dunshpa01,Parker Dunshee,ATL,-0.1
2024,johnsse01,Seth Johnson,PHI,-0.4
2024,loutory01,Ryan Loutos,STL,0.1
2024,topaju01,Justin Topa,MIN,0.2
2024,antonte01,Tejay Antone,CIN,0.0
2024,dodddy01,Dylan Dodd,ATL,-0.1
2024,ederja01,Jake Eder,CHW,0.0
2024,gibauia01,Ian Gibaut,CIN,0.0
2024,hedgeau01,Austin Hedges,CLE,0.1
2024,henslda01,David Hensley,MIA,0.0
2024,kineris01,Isiah Kiner-Falefa,TOR,0.0
2024,kristza01,Zac Kristofak,LAA,0.0
2024,logueza01,Zach Logue,LAD,-0.2
2024,mckinza01,Zach McKinstry,DET,-0.1
2024,milleow01,Owen Miller,MIL,-0.1
2024,rivasle01,Leo Rivas,SEA,0.0
2024,rojasjo01,Josh Rojas,SEA,0.0
2024,rortvbe01,Ben Rortvedt,TBR,0.0
2024,speasal01,Alex Speas,HOU,0.0
2024,trevijo01,Jose Trevino,NYY,-0.1
2024,vargail01,Ildemaro Vargas,WSN,0.0
2024,brujavi01,Vidal Bruján,MIA,-0.3
2024,feiglbr01,Brady Feigl,PIT,-0.2
2024,orzeer01,Eric Orze,NYM,-0.2
2024,castrwi01,Willi Castro,MIN,0.1
2024,crawfbr01,Brandon Crawford,STL,-0.1
2024,holloga01,Gavin Hollowell,CHC,0.1
2024,wallnma01,Matt Wallner,MIN,0.1
2024,wantzan01,Andrew Wantz,LAA,0.0
2024,alvared01,Eddy Alvarez,NYM,0.0
2024,barnhtu01,Tucker Barnhart,ARI,-0.1
2024,boteda01,David Bote,CHC,0.0
2024,burgora01,Raymond Burgos,SFG,-0.1
2024,churcma01,Marc Church,TEX,0.0
2024,clemeko01,Kody Clemens,PHI,0.0
2024,clemeer01,Ernie Clement,TOR,0.0
2024,colemdy01,Dylan Coleman,HOU,0.0
2024,diazmi02,Miguel Díaz,HOU,0.0
2024,gilbrlu01,Lucas Gilbreath,COL,-0.4
2024,hampsga01,Garrett Hampson,KCR,0.0
2024,heinety01,Tyler Heineman,TOR,0.0
2024,hicksaa01,Aaron Hicks,LAA,-0.1
2024,kessigr01,Grae Kessinger,HOU,0.0
2024,kloffad01,Adam Kloffenstein,STL,0.1
2024,krookma01,Matt Krook,BAL,-0.1
2024,loftini01,Nick Loftin,KCR,0.0
2024,mccanja02,James McCann,BAL,-0.1
2024,meekeja01,James Meeker,MIL,0.0
2024,mendida01,Danny Mendick,CHW,0.0
2024,misiean01,Anthony Misiewicz,NYY,0.1
2024,prattni01,Nick Pratto,KCR,0.0
2024,reyespa01,Pablo Reyes,BOS,0.0
2024,rojasmi02,Miguel Rojas,LAD,0.0
2024,saalfan01,Andrew Saalfrank,ARI,-0.3
2024,shrevch01,Chasen Shreve,COL,0.1
2024,smithpa04,Pavin Smith,ARI,0.0
2024,stefami01,Michael Stefanic,LAA,0.0
2024,tuckeco01,Cole Tucker,LAA,0.0
2024,waltodo01,Donovan Walton,SFG,0.0
2024,william01,Amos Willingham,WSN,-0.1
2024,wilsowe01,Weston Wilson,PHI,0.0
2024,yastrmi01,Mike Yastrzemski,SFG,-0.1
2024,kraveev01,Evan Kravetz,CIN,0.0
2024,mervima01,Matt Mervis,CHC,-0.2
2024,ortizlu02,Luis Ortiz,PHI,-0.1
2024,richaly01,Lyon Richardson,CIN,-0.1
2024,andrecl02,Clayton Andrews,NYY,-0.1
2024,cabreos01,Oswaldo Cabrera,NYY,0.0
2024,henlebl01,Blair Henley,HOU,-0.3
2024,justiev01,Evan Justice,COL,0.0
2024,kochma01,Matt Koch,COL,-0.5
2024,peredjh01,Jhonny Pereda,MIA,0.0
2024,sanomi01,Miguel Sanó,LAA,0.0
2024,torrelu01,Luis Torrens,NYM,0.0
2024,wisdopa01,Patrick Wisdom,CHC,0.0
2024,edwarca01,Carl Edwards Jr.,SDP,0.0
2024,suerowa01,Wander Suero,HOU,0.0
2025,webblo01,Logan Webb,SFG,4.0
2025,crochga01,Garrett Crochet,BOS,6.3
2025,sanchcr01,Cristopher Sánchez,PHI,8.0
2025,friedma01,Max Fried,NYY,4.5
2025,rodonca01,Carlos Rodón,NYY,4.6
2025,skubata01,Tarik Skubal,DET,6.5
2025,gausmke01,Kevin Gausman,TOR,3.8
2025,galleza01,Zac Gallen,ARI,1.1
2025,valdefr01,Framber Valdez,HOU,3.6
2025,skenepa01,Paul Skenes,PIT,7.7
2025,woobr01,Bryan Woo,SEA,4.2
2025,litteza01,Zack Littell,2TM,3.2
2025,litteza01,Zack Littell,TBR,2.5
2025,litteza01,Zack Littell,CIN,0.8
2025,brownhu01,Hunter Brown,HOU,6.1
2025,kellyme01,Merrill Kelly,2TM,2.8
2025,kellyme01,Merrill Kelly,ARI,2.9
2025,kellyme01,Merrill Kelly,TEX,0.0
2025,luzarje01,Jesús Luzardo,PHI,3.7
2025,bibeeta01,Tanner Bibee,CLE,1.2
2025,rayro02,Robbie Ray,SFG,2.8
2025,pivetni01,Nick Pivetta,SDP,5.2
2025,castilu02,Luis Castillo,SEA,2.2
2025,grayso01,Sonny Gray,STL,1.4
2025,irvinja01,Jake Irvin,WSN,-0.4
2025,boydma01,Matthew Boyd,CHC,2.6
2025,kikucyu01,Yusei Kikuchi,LAA,3.2
2025,peralfr01,Freddy Peralta,MIL,5.4
2025,pfaadbr01,Brandon Pfaadt,ARI,0.6
2025,kellemi03,Mitch Keller,PIT,1.4
2025,alcansa01,Sandy Alcantara,MIA,0.2
2025,yamamyo01,Yoshinobu Yamamoto,LAD,4.9
2025,degroja01,Jacob deGrom,TEX,3.0
2025,wachami01,Michael Wacha,KCR,2.8
2025,kremede01,Dean Kremer,BAL,2.3
2025,ryanjo04,Joe Ryan,MIN,4.6
2025,sprinje01,Jeffrey Springs,ATH,1.8
2025,bassich01,Chris Bassitt,TOR,2.1
2025,singebr01,Brady Singer,CIN,3.1
2025,soriajo02,José Soriano,LAA,2.3
2025,peterda01,David Peterson,NYM,1.4
2025,ceasedy01,Dylan Cease,SDP,1.1
2025,pepiory01,Ryan Pepiot,TBR,2.0
2025,williga01,Gavin Williams,CLE,3.8
2025,bellobr01,Brayan Bello,BOS,2.3
2025,abbotan01,Andrew Abbott,CIN,5.5
2025,bazsh01,Shane Baz,TBR,0.5
2025,berrijo01,José Berríos,TOR,1.3
2025,holmecl01,Clay Holmes,NYM,2.0
2025,martini01,Nick Martinez,CIN,2.2
2025,hendrky01,Kyle Hendricks,LAA,1.7
2025,parkemi01,Mitchell Parker,WSN,-1.2
2025,freelky01,Kyle Freeland,COL,1.4
2025,pallaan01,Andre Pallante,STL,-1.1
2025,severlu01,Luis Severino,ATH,0.9
2025,warrewi01,Will Warren,NYY,0.5
2025,flaheja01,Jack Flaherty,DET,0.9
2025,gorema01,MacKenzie Gore,WSN,3.0
2025,reaco01,Colin Rea,CHC,0.6
2025,paddach01,Chris Paddack,2TM,0.3
2025,paddach01,Chris Paddack,MIN,0.9
2025,paddach01,Chris Paddack,DET,-0.6
2025,priesqu01,Quinn Priester,MIL,2.9
2025,suarera01,Ranger Suárez,PHI,4.8
2025,suganto01,Tomoyuki Sugano,BAL,1.2
2025,allenlo02,Logan Allen,CLE,0.4
2025,lodolni01,Nick Lodolo,CIN,4.7
2025,elderbr01,Bryce Elder,ATL,-0.4
2025,mikolmi01,Miles Mikolas,STL,0.4
2025,corbipa01,Patrick Corbin,TEX,-0.3
2025,rodried05,Eduardo Rodríguez,ARI,0.4
2025,nelsory01,Ryne Nelson,ARI,3.4
2025,verlaju01,Justin Verlander,SFG,1.2
2025,leiteja01,Jack Leiter,TEX,0.4
2025,liberma01,Matthew Liberatore,STL,1.0
2025,rasmudr01,Drew Rasmussen,TBR,4.4
2025,wheelza01,Zack Wheeler,PHI,5.0
2025,mizeca01,Casey Mize,DET,1.7
2025,oberba01,Bailey Ober,MIN,1.0
2025,smithsh02,Shane Smith,CHW,2.3
2025,lugose01,Seth Lugo,KCR,1.6
2025,giolilu01,Lucas Giolito,BOS,2.1
2025,imanash01,Shota Imanaga,CHC,1.5
2025,martida03,Davis Martin,CHW,1.5
2025,bradlta01,Taj Bradley,2TM,-0.6
2025,bradlta01,Taj Bradley,TBR,-0.3
2025,bradlta01,Taj Bradley,MIN,-0.3
2025,mortoch02,Charlie Morton,3TM,-0.8
2025,mortoch02,Charlie Morton,2TM,-0.8
2025,mortoch02,Charlie Morton,BAL,-0.1
2025,mortoch02,Charlie Morton,DET,-0.7
2025,mortoch02,Charlie Morton,ATL,0.1
2025,lorenmi01,Michael Lorenzen,KCR,0.5
2025,feddeer01,Erick Fedde,3TM,-0.6
2025,feddeer01,Erick Fedde,STL,-0.1
2025,feddeer01,Erick Fedde,ATL,-0.6
2025,feddeer01,Erick Fedde,MIL,0.1
2025,camerno01,Noah Cameron,KCR,3.8
2025,cabreed02,Edward Cabrera,MIA,2.8
2025,anderty01,Tyler Anderson,LAA,1.9
2025,searsjp01,JP Sears,2TM,0.7
2025,searsjp01,JP Sears,ATH,0.8
2025,searsjp01,JP Sears,SDP,-0.1
2025,burkese01,Sean Burke,CHW,0.9
2025,vasqura02,Randy Vásquez,SDP,2.3
2025,maydu01,Dustin May,2TM,-0.7
2025,maydu01,Dustin May,LAD,-0.4
2025,maydu01,Dustin May,BOS,-0.3
2025,ceccosl01,Slade Cecconi,CLE,0.9
2025,quintjo01,Jose Quintana,MIL,1.3
2025,gilbelo01,Logan Gilbert,SEA,2.0
2025,lordbr02,Brad Lord,WSN,1.5
2025,eovalna01,Nathan Eovaldi,TEX,4.4
2025,senzaan01,Antonio Senzatela,COL,-0.5
2025,taillja01,Jameson Taillon,CHC,1.3
2025,marquge01,Germán Márquez,COL,-1.1
2025,kirbyge01,George Kirby,SEA,0.7
2025,buehlwa01,Walker Buehler,2TM,0.0
2025,buehlwa01,Walker Buehler,BOS,-0.8
2025,buehlwa01,Walker Buehler,PHI,0.9
2025,salech01,Chris Sale,ATL,4.0
2025,stridsp01,Spencer Strider,ATL,1.0
2025,falteba01,Bailey Falter,2TM,0.8
2025,falteba01,Bailey Falter,PIT,1.5
2025,falteba01,Bailey Falter,KCR,-0.7
2025,housead01,Adrian Houser,2TM,3.1
2025,housead01,Adrian Houser,CHW,2.9
2025,housead01,Adrian Houser,TBR,0.2
2025,walketa01,Taijuan Walker,PHI,1.5
2025,heanean01,Andrew Heaney,2TM,-0.3
2025,heanean01,Andrew Heaney,PIT,-0.1
2025,heanean01,Andrew Heaney,LAD,-0.2
2025,patrich01,Chad Patrick,MIL,1.9
2025,hortoca01,Cade Horton,CHC,2.1
2025,quantca01,Cal Quantrill,2TM,-0.6
2025,quantca01,Cal Quantrill,MIA,-0.1
2025,quantca01,Cal Quantrill,ATL,-0.5
2025,bubickr01,Kris Bubic,KCR,3.2
2025,holmegr01,Grant Holmes,ATL,1.5
2025,sengako01,Kodai Senga,NYM,2.1
2025,kershcl01,Clayton Kershaw,LAD,1.6
2025,kolekst01,Stephen Kolek,2TM,2.0
2025,kolekst01,Stephen Kolek,SDP,0.9
2025,kolekst01,Stephen Kolek,KCR,1.2
2025,povicca01,Cade Povich,BAL,-0.5
2025,woodssi01,Simeon Woods Richardson,MIN,2.2
2025,kochaja01,Jack Kochanowicz,LAA,-1.5
2025,schwesp01,Spencer Schwellenbach,ATL,2.2
2025,junkja01,Janson Junk,MIA,1.1
2025,rogertr01,Trevor Rogers,BAL,5.4
2025,greenhu01,Hunter Greene,CIN,4.3
2025,rouppla01,Landen Roupp,SFG,0.8
2025,brownbe02,Ben Brown,CHC,-1.6
2025,lauerer01,Eric Lauer,TOR,2.2
2025,cannojo02,Jonathan Cannon,CHW,-0.5
2025,civalaa01,Aaron Civale,3TM,0.1
2025,civalaa01,Aaron Civale,2TM,0.4
2025,civalaa01,Aaron Civale,MIL,0.1
2025,civalaa01,Aaron Civale,CHW,-0.2
2025,civalaa01,Aaron Civale,CHC,0.3
2025,gustory01,Ryan Gusto,2TM,-0.4
2025,gustory01,Ryan Gusto,HOU,0.2
2025,gustory01,Ryan Gusto,MIA,-0.6
2025,vasilmi01,Mike Vasil,CHW,2.9
2025,mlodzca01,Carmen Mlodzinski,PIT,1.3
2025,dollach01,Chase Dollander,COL,-0.3
2025,wentzjo01,Joey Wentz,3TM,-0.4
2025,wentzjo01,Joey Wentz,2TM,0.1
2025,wentzjo01,Joey Wentz,PIT,0.3
2025,wentzjo01,Joey Wentz,MIN,-0.4
2025,wentzjo01,Joey Wentz,ATL,-0.2
2025,alexaty01,Tyler Alexander,2TM,-0.4
2025,alexaty01,Tyler Alexander,MIL,-1.1
2025,alexaty01,Tyler Alexander,CHW,0.7
2025,burromi01,Mike Burrows,PIT,1.4
2025,mcgremi01,Michael McGreevy,STL,0.7
2025,cantijo01,Joey Cantillo,CLE,1.4
2025,perezeu02,Eury Pérez,MIA,1.2
2025,nolaaa01,Aaron Nola,PHI,-0.4
2025,lopezja04,Jacob Lopez,ATH,1.1
2025,newcose01,Sean Newcomb,2TM,1.6
2025,newcose01,Sean Newcomb,BOS,-0.1
2025,newcose01,Sean Newcomb,ATH,1.7
2025,monteke01,Keider Montero,DET,0.6
2025,ginnjt01,J.T. Ginn,ATH,0.5
2025,glasnty01,Tyler Glasnow,LAD,1.9
2025,millebr04,Bryce Miller,SEA,-0.8
2025,hancoem01,Emerson Hancock,SEA,-0.2
2025,sorokmi01,Michael Soroka,2TM,0.6
2025,sorokmi01,Michael Soroka,WSN,0.7
2025,sorokmi01,Michael Soroka,CHC,-0.1
2025,ortizlu03,Luis Ortiz,CLE,0.7
2025,leahyky01,Kyle Leahy,STL,1.6
2025,mahlety01,Tyler Mahle,TEX,2.2
2025,gordoco01,Colton Gordon,HOU,-0.3
2025,latzja01,Jacob Latz,TEX,1.4
2025,scherma01,Max Scherzer,TOR,0.3
2025,spencmi01,Mitch Spence,ATH,-0.6
2025,hergeji01,Jimmy Herget,COL,3.0
2025,willitr01,Trevor Williams,WSN,-0.6
2025,bellova01,Valente Bellozo,MIA,0.3
2025,evanslo01,Logan Evans,SEA,-0.1
2025,bivensp01,Spencer Bivens,SFG,0.2
2025,bidoos01,Osvaldo Bido,ATH,-0.7
2025,matthze01,Zebby Matthews,MIN,0.2
2025,bazared01,Eduard Bazardo,SEA,1.8
2025,holtoty01,Tyler Holton,DET,0.7
2025,schmicl01,Clarke Schmidt,NYY,1.7
2025,caspabe01,Ben Casparius,LAD,-0.3
2025,phillty01,Tyler Phillips,MIA,1.8
2025,alexaja01,Jason Alexander,2TM,0.6
2025,alexaja01,Jason Alexander,ATH,-0.6
2025,alexaja01,Jason Alexander,HOU,1.2
2025,rogerty01,Tyler Rogers,2TM,2.4
2025,rogerty01,Tyler Rogers,SFG,1.7
2025,rogerty01,Tyler Rogers,NYM,0.6
2025,vargaca01,Carlos Vargas,SEA,-0.1
2025,matzst01,Steven Matz,2TM,1.0
2025,matzst01,Steven Matz,STL,0.5
2025,matzst01,Steven Matz,BOS,0.5
2025,cannigr01,Griffin Canning,NYM,1.1
2025,dreyeja01,Jack Dreyer,LAD,1.3
2025,ferrejo01,Jose A. Ferrer,WSN,0.1
2025,bergery01,Ryan Bergert,2TM,1.4
2025,bergery01,Ryan Bergert,SDP,1.2
2025,bergery01,Ryan Bergert,KCR,0.2
2025,ucetaed01,Edwin Uceta,TBR,0.7
2025,lopezpa01,Pablo López,MIN,2.1
2025,gordota01,Tanner Gordon,COL,-0.1
2025,uribeab01,Abner Uribe,MIL,2.7
2025,armstsh01,Shawn Armstrong,TEX,1.5
2025,morejad01,Adrián Morejón,SDP,2.4
2025,santito01,Tony Santillan,CIN,3.0
2025,smithca06,Cade Smith,CLE,0.9
2025,kingmi01,Michael King,SDP,1.2
2025,rutleja01,Jackson Rutledge,WSN,-0.5
2025,sheehem01,Emmet Sheehan,LAD,1.1
2025,estraje01,Jeremiah Estrada,SDP,1.2
2025,henriro01,Ronny Henriquez,MIA,2.3
2025,rodriya01,Yariel Rodríguez,TOR,1.4
2025,schlica01,Cam Schlittler,NYY,2.0
2025,varlalo01,Louis Varland,2TM,1.7
2025,varlalo01,Louis Varland,MIN,1.8
2025,varlalo01,Louis Varland,TOR,0.0
2025,kinlety01,Tyler Kinley,2TM,1.4
2025,kinlety01,Tyler Kinley,COL,0.1
2025,kinlety01,Tyler Kinley,ATL,1.3
2025,darviyu01,Yu Darvish,SDP,-0.1
2025,sandsco01,Cole Sands,MIN,0.4
2025,whitlga01,Garrett Whitlock,BOS,2.3
2025,okertst01,Steven Okert,HOU,1.5
2025,peralwa01,Wandy Peralta,SDP,1.0
2025,eflinza01,Zach Eflin,BAL,-0.3
2025,abreubr01,Bryan Abreu,HOU,2.6
2025,bachala01,Lake Bachar,MIA,0.7
2025,milneho01,Hoby Milner,TEX,-0.6
2025,santade01,Dennis Santana,PIT,2.6
2025,duranjh01,Jhoan Duran,2TM,3.2
2025,duranjh01,Jhoan Duran,MIN,2.3
2025,duranjh01,Jhoan Duran,PHI,0.9
2025,andergr01,Grant Anderson,MIL,0.2
2025,ashcrbr01,Braxton Ashcraft,PIT,1.9
2025,eiserbr01,Brandon Eisert,CHW,0.4
2025,kellebr01,Brad Keller,CHC,1.5
2025,suarero01,Robert Suarez,SDP,2.2
2025,olsonre01,Reese Olson,DET,1.7
2025,paganem01,Emilio Pagán,CIN,2.0
2025,vestwi01,Will Vest,DET,1.7
2025,bakerbr01,Bryan Baker,2TM,0.4
2025,bakerbr01,Bryan Baker,BAL,0.5
2025,bakerbr01,Bryan Baker,TBR,-0.1
2025,barlosc01,Scott Barlow,CIN,0.7
2025,leedy01,Dylan Lee,ATL,1.0
2025,littlbr02,Brendon Little,TOR,1.1
2025,megilty01,Tylor Megill,NYM,0.3
2025,hoffmje02,Jeff Hoffman,TOR,0.5
2025,kingbr02,Bryan King,HOU,1.7
2025,lynchda02,Daniel Lynch IV,KCR,1.3
2025,suterbr01,Brent Suter,CIN,0.3
2025,banksta01,Tanner Banks,PHI,1.6
2025,iglesra01,Raisel Iglesias,ATL,1.3
2025,hicksjo03,Jordan Hicks,2TM,-1.7
2025,hicksjo03,Jordan Hicks,SFG,-0.7
2025,hicksjo03,Jordan Hicks,BOS,-1.1
2025,hillti01,Tim Hill,NYY,1.1
2025,weissgr01,Greg Weissert,BOS,1.1
2025,buttojo01,José Buttó,2TM,0.5
2025,buttojo01,José Buttó,NYM,0.4
2025,buttojo01,José Buttó,SFG,0.0
2025,ashbyaa01,Aaron Ashby,MIL,1.9
2025,gaddihu01,Hunter Gaddis,CLE,1.2
2025,junisja01,Jakob Junis,CLE,0.9
2025,wroblju01,Justin Wrobleski,LAD,-0.1
2025,diazed04,Edwin Díaz,NYM,3.0
2025,estevca01,Carlos Estévez,KCR,2.1
2025,koenija01,Jared Koenig,MIL,1.6
2025,misioja01,Jacob Misiorowski,MIL,0.5
2025,webbja01,Jacob Webb,TEX,0.3
2025,jaxgr01,Griffin Jax,2TM,0.5
2025,jaxgr01,Griffin Jax,MIN,0.2
2025,jaxgr01,Griffin Jax,TBR,0.3
2025,delosen01,Enyel De Los Santos,2TM,0.1
2025,delosen01,Enyel De Los Santos,ATL,-0.2
2025,delosen01,Enyel De Los Santos,HOU,0.4
2025,birdsha01,Hayden Birdsong,SFG,-0.5
2025,adamja01,Jason Adam,SDP,2.3
2025,ashcrgr01,Graham Ashcraft,CIN,0.2
2025,dovalca01,Camilo Doval,2TM,0.3
2025,dovalca01,Camilo Doval,SFG,0.7
2025,dovalca01,Camilo Doval,NYY,-0.3
2025,ferguca01,Caleb Ferguson,2TM,0.9
2025,ferguca01,Caleb Ferguson,PIT,0.7
2025,ferguca01,Caleb Ferguson,SEA,0.2
2025,allarko01,Kolby Allard,CLE,1.3
2025,bandaan01,Anthony Banda,LAD,0.9
2025,sternju01,Justin Sterner,ATH,1.5
2025,harriho03,Hogan Harris,ATH,1.2
2025,meyerma01,Max Meyer,MIA,0.0
2025,weavelu01,Luke Weaver,NYY,0.7
2025,woodrbr01,Brandon Woodruff,MIL,1.2
2025,zerpaan01,Angel Zerpa,KCR,0.3
2025,burneco01,Corbin Burnes,ARI,1.9
2025,leasujo01,Jordan Leasure,CHW,0.7
2025,rockeku01,Kumar Rocker,TEX,-1.0
2025,francbo01,Bowden Francis,TOR,-0.8
2025,garciro04,Robert Garcia,TEX,0.5
2025,schrejo01,John Schreiber,KCR,0.4
2025,yarbrry01,Ryan Yarbrough,NYY,0.6
2025,detmere01,Reid Detmers,LAA,1.3
2025,akinke01,Keegan Akin,BAL,1.0
2025,matsuyu01,Yuki Matsui,SDP,0.6
2025,brazohu01,Huascar Brazobán,NYM,0.6
2025,hurtebr01,Brant Hurter,DET,0.7
2025,kahnlto01,Tommy Kahnle,DET,-0.2
2025,dominse01,Seranthony Domínguez,2TM,0.5
2025,dominse01,Seranthony Domínguez,BAL,0.5
2025,dominse01,Seranthony Domínguez,TOR,0.0
2025,gomezyo01,Yoendrys Gómez,3TM,0.0
2025,gomezyo01,Yoendrys Gómez,2TM,0.3
2025,gomezyo01,Yoendrys Gómez,NYY,0.2
2025,gomezyo01,Yoendrys Gómez,LAD,-0.2
2025,gomezyo01,Yoendrys Gómez,CHW,0.1
2025,bednada01,David Bednar,2TM,2.2
2025,bednada01,David Bednar,PIT,1.3
2025,bednada01,David Bednar,NYY,0.9
2025,munozan01,Andrés Muñoz,SEA,2.4
2025,strahma01,Matt Strahm,PHI,1.9
2025,speiega01,Gabe Speier,SEA,1.4
2025,willide03,Devin Williams,NYY,-0.3
2025,burkebr01,Brock Burke,LAA,1.5
2025,raganco01,Cole Ragans,KCR,0.2
2025,millema03,Mason Miller,2TM,2.2
2025,millema03,Mason Miller,ATH,0.8
2025,millema03,Mason Miller,SDP,1.4
2025,chapmar01,Aroldis Chapman,BOS,3.6
2025,cleavga01,Garrett Cleavinger,TBR,1.9
2025,erceglu01,Lucas Erceg,KCR,1.5
2025,mejiaju01,Juan Mejia,COL,0.6
2025,snellbl01,Blake Snell,LAD,1.4
2025,walkery01,Ryan Walker,SFG,0.1
2025,matonph01,Phil Maton,2TM,1.4
2025,matonph01,Phil Maton,STL,1.1
2025,matonph01,Phil Maton,TEX,0.2
2025,dobbihu01,Hunter Dobbins,BOS,0.5
2025,romerjo01,JoJo Romero,STL,1.7
2025,manaese01,Sean Manaea,NYM,-0.3
2025,fairbpe01,Pete Fairbanks,TBR,1.2
2025,fauchca01,Calvin Faucher,MIA,0.8
2025,svansma01,Matt Svanson,STL,1.7
2025,sotogr01,Gregory Soto,2TM,-0.1
2025,sotogr01,Gregory Soto,BAL,0.3
2025,sotogr01,Gregory Soto,NYM,-0.4
2025,montera01,Rafael Montero,3TM,-0.1
2025,montera01,Rafael Montero,2TM,0.3
2025,montera01,Rafael Montero,HOU,0.0
2025,montera01,Rafael Montero,ATL,-0.4
2025,montera01,Rafael Montero,DET,0.2
2025,hanifbr01,Brenan Hanifee,DET,0.0
2025,kerkeor01,Orion Kerkering,PHI,0.9
2025,topaju01,Justin Topa,MIN,0.4
2025,vesiaal01,Alex Vesia,LAD,1.1
2025,janseke01,Kenley Jansen,LAA,2.4
2025,johnspi01,Pierce Johnson,ATL,1.1
2025,blalobr01,Bradley Blalock,COL,-1.6
2025,chivian01,Angel Chivilli,COL,-0.7
2025,canoye01,Yennier Cano,BAL,-0.4
2025,ferguty01,Tyler Ferguson,ATH,0.2
2025,thielca01,Caleb Thielbar,CHC,1.1
2025,gombeau01,Austin Gomber,COL,-0.7
2025,youngbr01,Brandon Young,BAL,-0.6
2025,beeksja02,Jalen Beeks,ARI,0.9
2025,gillu01,Luis Gil,NYY,1.0
2025,scottta01,Tanner Scott,LAD,-0.6
2025,seymoia01,Ian Seymour,TBR,-0.1
2025,zeferry01,Ryan Zeferjahn,LAA,0.6
2025,finneky01,Kyle Finnegan,2TM,1.1
2025,finneky01,Kyle Finnegan,WSN,0.3
2025,finneky01,Kyle Finnegan,DET,0.8
2025,becktr01,Tristan Beck,SFG,0.1
2025,mearsni01,Nick Mears,MIL,0.5
2025,waldrhu01,Hurston Waldrep,ATL,1.4
2025,perezma02,Martín Pérez,CHW,1.3
2025,stanery01,Ryne Stanek,NYM,-1.0
2025,helslry01,Ryan Helsley,2TM,0.1
2025,helslry01,Ryan Helsley,STL,1.1
2025,helslry01,Ryan Helsley,NYM,-0.9
2025,clarkta01,Taylor Clarke,KCR,1.0
2025,garrere01,Reed Garrett,NYM,0.4
2025,mcculla02,Lance McCullers Jr.,HOU,-1.1
2025,wilsost02,Steven Wilson,CHW,1.2
2025,birdja01,Jake Bird,2TM,0.0
2025,birdja01,Jake Bird,COL,0.5
2025,birdja01,Jake Bird,NYY,-0.5
2025,garcilu03,Luis García,3TM,0.8
2025,garcilu03,Luis García,2TM,0.2
2025,garcilu03,Luis García,LAD,-0.2
2025,garcilu03,Luis García,WSN,0.4
2025,garcilu03,Luis García,LAA,0.6
2025,urenajo01,José Ureña,5TM,0.5
2025,urenajo01,José Ureña,3TM,0.5
2025,urenajo01,José Ureña,2TM,-0.1
2025,urenajo01,José Ureña,NYM,-0.1
2025,urenajo01,José Ureña,TOR,0.1
2025,urenajo01,José Ureña,LAD,0.1
2025,urenajo01,José Ureña,MIN,0.2
2025,urenajo01,José Ureña,LAA,0.2
2025,alcaljo01,Jorge Alcala,3TM,-1.1
2025,alcaljo01,Jorge Alcala,2TM,-1.0
2025,alcaljo01,Jorge Alcala,MIN,-0.8
2025,alcaljo01,Jorge Alcala,BOS,-0.2
2025,alcaljo01,Jorge Alcala,STL,0.0
2025,festama01,Matt Festa,CLE,-0.2
2025,gibsoca01,Cade Gibson,MIA,1.4
2025,bummeaa01,Aaron Bummer,ATL,0.1
2025,waltebr01,Brandon Walter,HOU,1.3
2025,festada01,David Festa,MIN,0.2
2025,kittran01,Andrew Kittredge,2TM,0.6
2025,kittran01,Andrew Kittredge,BAL,0.5
2025,kittran01,Andrew Kittredge,CHC,0.1
2025,fluhama01,Mason Fluharty,TOR,0.1
2025,haderjo01,Josh Hader,HOU,2.3
2025,henryco01,Cole Henry,WSN,0.3
2025,palenda01,Daniel Palencia,CHC,0.6
2025,boylejo01,Joe Boyle,TBR,-0.2
2025,bernabr01,Brennan Bernardino,BOS,0.3
2025,gilbety01,Tyler Gilbert,CHW,0.5
2025,rossjo01,Joe Ross,PHI,0.0
2025,jackslu01,Luke Jackson,3TM,-0.5
2025,jackslu01,Luke Jackson,TEX,-0.6
2025,jackslu01,Luke Jackson,DET,-0.1
2025,jackslu01,Luke Jackson,SEA,0.1
2025,myersto01,Tobias Myers,MIL,0.6
2025,rodrira02,Randy Rodríguez,SFG,1.9
2025,sousabe01,Bennett Sousa,HOU,1.4
2025,vodnivi01,Victor Vodnik,COL,1.8
2025,rogerta01,Taylor Rogers,2TM,0.3
2025,rogerta01,Taylor Rogers,CIN,0.5
2025,rogerta01,Taylor Rogers,CHC,-0.2
2025,bendean01,Anthony Bender,MIA,1.9
2025,fishebr02,Braydon Fisher,TOR,1.4
2025,legumca01,Casey Legumina,SEA,-0.9
2025,pomerdr01,Drew Pomeranz,CHC,0.9
2025,jobeja01,Jackson Jobe,DET,0.4
2025,cavalca01,Cade Cavalli,WSN,0.3
2025,morallu01,Luis Morales,ATH,1.2
2025,blancro01,Ronel Blanco,HOU,0.7
2025,kingjo01,John King,STL,-0.3
2025,leitema02,Mark Leiter Jr.,NYY,-0.6
2025,wilsoju10,Justin Wilson,BOS,0.3
2025,cruzfe01,Fernando Cruz,NYY,0.3
2025,mcleano01,Nolan McLean,NYM,1.8
2025,obrieri01,Riley O'Brien,STL,1.6
2025,mattsis01,Isaac Mattson,PIT,1.5
2025,trivilo01,Lou Trivino,3TM,0.2
2025,trivilo01,Lou Trivino,SFG,-0.1
2025,trivilo01,Lou Trivino,LAD,0.0
2025,trivilo01,Lou Trivino,PHI,0.3
2025,brashma01,Matt Brash,SEA,1.0
2025,claseem01,Emmanuel Clase,CLE,0.7
2025,morgada01,David Morgan,SDP,1.2
2025,wilsobr02,Bryse Wilson,CHW,-0.7
2025,brogdco01,Connor Brogdon,LAA,-0.2
2025,megiltr01,Trevor Megill,MIL,1.5
2025,ohtansh01,Shohei Ohtani,LAD,1.1
2025,ennsdi01,Dietrich Enns,2TM,0.5
2025,ennsdi01,Dietrich Enns,DET,-0.2
2025,ennsdi01,Dietrich Enns,BAL,0.6
2025,montgma01,Mason Montgomery,TBR,-0.9
2025,ortka01,Kaleb Ort,HOU,-0.1
2025,millesh01,Shelby Miller,2TM,1.4
2025,millesh01,Shelby Miller,ARI,1.5
2025,millesh01,Shelby Miller,MIL,-0.1
2025,cruzst01,Steven Cruz,KCR,0.4
2025,meltotr01,Troy Melton,DET,1.0
2025,carraca01,Carlos Carrasco,2TM,-0.8
2025,carraca01,Carlos Carrasco,NYY,-0.2
2025,carraca01,Carlos Carrasco,ATL,-0.6
2025,fittsri01,Richard Fitts,BOS,-0.3
2025,shugach01,Chase Shugart,PIT,0.7
2025,englema01,Mason Englert,TBR,0.2
2025,livelbe01,Ben Lively,CLE,0.9
2025,bowlajo01,Jonathan Bowlan,KCR,0.2
2025,smithaj01,AJ Smith-Shawver,ATL,0.4
2025,blewesc01,Scott Blewett,3TM,-0.2
2025,blewesc01,Scott Blewett,2TM,-0.2
2025,blewesc01,Scott Blewett,MIN,0.1
2025,blewesc01,Scott Blewett,BAL,-0.3
2025,blewesc01,Scott Blewett,ATL,0.0
2025,flexech01,Chris Flexen,CHC,0.4
2025,greench03,Chad Green,TOR,-0.5
2025,houckta01,Tanner Houck,BOS,-1.4
2025,boushca01,Caleb Boushley,TEX,-1.0
2025,burnsch01,Chase Burns,CIN,0.2
2025,hernaca04,Carlos Hernández,3TM,-0.4
2025,hernaca04,Carlos Hernández,2TM,-0.4
2025,hernaca04,Carlos Hernández,PHI,0.0
2025,hernaca04,Carlos Hernández,DET,-0.4
2025,hernaca04,Carlos Hernández,CLE,0.0
2025,gracego01,Gordon Graceffo,STL,-0.8
2025,hartky01,Kyle Hart,SDP,-0.4
2025,couloda01,Danny Coulombe,2TM,1.4
2025,couloda01,Danny Coulombe,MIN,1.6
2025,couloda01,Danny Coulombe,TEX,-0.2
2025,herriti01,Tim Herrin,CLE,-0.2
2025,romanjo03,Jordan Romano,PHI,-1.7
2025,cabrege01,Génesis Cabrera,4TM,-0.8
2025,cabrege01,Génesis Cabrera,3TM,-0.3
2025,cabrege01,Génesis Cabrera,NYM,0.1
2025,cabrege01,Génesis Cabrera,CHC,-0.4
2025,cabrege01,Génesis Cabrera,PIT,0.0
2025,cabrege01,Génesis Cabrera,MIN,-0.5
2025,alvarel01,Elvis Alvarado,ATH,0.7
2025,knackla01,Landon Knack,LAD,-0.1
2025,martich02,Chris Martin,TEX,-0.1
2025,rolisry01,Ryan Rolison,COL,-0.3
2025,thorntr01,Trent Thornton,SEA,-0.1
2025,orzeer01,Eric Orze,TBR,0.6
2025,winnco01,Cole Winn,TEX,1.1
2025,lazarma01,Max Lazar,PHI,0.3
2025,pressry01,Ryan Pressly,CHC,-0.6
2025,thompry02,Ryan Thompson,ARI,0.3
2025,yateski01,Kirby Yates,LAD,-0.5
2025,fundeko01,Kody Funderburk,MIN,0.8
2025,biebesh01,Shane Bieber,TOR,0.8
2025,longsa01,Sam Long,KCR,-0.7
2025,oviedjo01,Johan Oviedo,PIT,0.8
2025,hamilia01,Ian Hamilton,NYY,0.2
2025,halvose01,Seth Halvorsen,COL,0.2
2025,kellyke02,Kevin Kelly,TBR,-0.9
2025,kellymi03,Michael Kelly,ATH,0.7
2025,messipa01,Parker Messick,CLE,1.2
2025,stromma01,Marcus Stroman,NYY,-0.4
2025,abelmi01,Mick Abel,2TM,-0.2
2025,abelmi01,Mick Abel,PHI,0.3
2025,abelmi01,Mick Abel,MIN,-0.4
2025,blackpa01,Paul Blackburn,2TM,-0.5
2025,blackpa01,Paul Blackburn,NYM,-0.4
2025,blackpa01,Paul Blackburn,NYY,-0.1
2025,desclan01,Anthony DeSclafani,ARI,-0.1
2025,halldl01,DL Hall,MIL,0.6
2025,montafr02,Frankie Montas,NYM,-0.6
2025,ogasash01,Shinnosuke Ogasawara,WSN,-0.5
2025,perkija01,Jack Perkins,ATH,0.5
2025,lucchjo01,Joey Lucchesi,SFG,0.4
2025,weathry01,Ryan Weathers,MIA,0.5
2025,nicolky01,Kyle Nicolas,PIT,0.0
2025,richaly01,Lyon Richardson,CIN,-0.2
2025,stewabr01,Brock Stewart,2TM,1.3
2025,stewabr01,Brock Stewart,MIN,1.4
2025,stewabr01,Brock Stewart,LAD,0.0
2025,leech02,Chase Lee,DET,0.2
2025,assadja01,Javier Assad,CHC,0.4
2025,hernada03,Daysbel Hernández,ATL,0.4
2025,javiecr01,Cristian Javier,HOU,0.1
2025,kranima01,Max Kranick,NYM,0.5
2025,curtijo02,John Curtiss,ARI,0.4
2025,soriage01,George Soriano,MIA,-1.1
2025,taylogr02,Grant Taylor,CHW,0.0
2025,sasakro01,Roki Sasaki,LAD,0.2
2025,woodfja01,Jake Woodford,ARI,-0.8
2025,gonsoto01,Tony Gonsolin,LAD,0.0
2025,seymoca01,Carson Seymour,SFG,-0.2
2025,delosye01,Yerry de los Santos,NYY,0.3
2025,harriky01,Kyle Harrison,2TM,0.5
2025,harriky01,Kyle Harrison,SFG,0.2
2025,harriky01,Kyle Harrison,BOS,0.3
2025,arrigsp01,Spencer Arrighetti,HOU,0.1
2025,kellyza01,Zack Kelly,BOS,-0.2
2025,dodddy01,Dylan Dodd,ATL,0.3
2025,borucry01,Ryan Borucki,2TM,0.0
2025,borucry01,Ryan Borucki,PIT,-0.3
2025,borucry01,Ryan Borucki,TOR,0.2
2025,bautife01,Félix Bautista,BAL,1.1
2025,molinan01,Anthony Molina,COL,-0.3
2025,murphch01,Chris Murphy,BOS,0.5
2025,fermijo02,José Fermin,LAA,-0.1
2025,morilju02,Juan Morillo,ARI,0.2
2025,palmqca01,Carson Palmquist,COL,-0.8
2025,cortene01,Nestor Cortes,2TM,-0.2
2025,cortene01,Nestor Cortes,MIL,-0.3
2025,cortene01,Nestor Cortes,SDP,0.1
2025,garciri01,Rico Garcia,3TM,0.8
2025,garciri01,Rico Garcia,2TM,0.5
2025,garciri01,Rico Garcia,NYM,0.3
2025,garciri01,Rico Garcia,NYY,-0.1
2025,garciri01,Rico Garcia,BAL,0.6
2025,crismna01,Nabil Crismatt,ARI,0.2
2025,slateju01,Justin Slaten,BOS,-0.2
2025,hatchto01,Thomas Hatch,2TM,-0.2
2025,hatchto01,Thomas Hatch,KCR,-0.1
2025,hatchto01,Thomas Hatch,MIN,-0.1
2025,adamstr01,Travis Adams,MIN,-0.8
2025,dubinsh01,Shawn Dubin,2TM,-0.2
2025,dubinsh01,Shawn Dubin,HOU,-0.3
2025,dubinsh01,Shawn Dubin,BAL,0.2
2025,chafian01,Andrew Chafin,2TM,0.8
2025,chafian01,Andrew Chafin,WSN,0.3
2025,chafian01,Andrew Chafin,LAA,0.5
2025,jacobal01,Alek Jacob,SDP,-0.2
2025,ramiryo01,Yohan Ramírez,PIT,-0.6
2025,hodgepo01,Porter Hodge,CHC,-0.9
2025,danaca01,Caden Dana,LAA,-0.4
2025,hoglugu01,Gunnar Hoglund,ATH,-0.1
2025,blubaaj01,AJ Blubaugh,HOU,0.7
2025,bradiky01,Kyle Bradish,BAL,1.2
2025,wesneha01,Hayden Wesneski,HOU,0.3
2025,castijo03,José Castillo,4TM,0.2
2025,castijo03,José Castillo,2TM,-0.1
2025,castijo03,José Castillo,2TM,0.2
2025,castijo03,José Castillo,ARI,-0.3
2025,castijo03,José Castillo,NYM,0.3
2025,castijo03,José Castillo,SEA,0.1
2025,castijo03,José Castillo,BAL,0.1
2025,nanceto01,Tommy Nance,TOR,0.6
2025,agnosza01,Zach Agnos,COL,-0.4
2025,chandbu01,Bubba Chandler,PIT,0.4
2025,gipsosa01,Sawyer Gipson-Long,DET,-0.9
2025,waddebr01,Brandon Waddell,NYM,0.4
2025,booseca01,Cam Booser,CHW,-0.5
2025,enrigni01,Nic Enright,CLE,1.0
2025,gagema01,Matt Gage,2TM,0.4
2025,gagema01,Matt Gage,DET,0.2
2025,gagema01,Matt Gage,SFG,0.2
2025,simpsjo02,Josh Simpson,MIA,-1.2
2025,feltnry01,Ryan Feltner,COL,0.6
2025,fernary01,Ryan Fernandez,STL,-1.1
2025,rodrima01,Manuel Rodríguez,TBR,0.8
2025,mazurad01,Adam Mazur,MIA,-0.3
2025,milleer01,Erik Miller,SFG,1.6
2025,ohlpi01,Pierson Ohl,MIN,-0.3
2025,loaisjo01,Jonathan Loáisiga,NYY,0.2
2025,sauerma01,Matt Sauer,LAD,-0.7
2025,tengka01,Kai-Wei Teng,SFG,-0.5
2025,fulmeca01,Carson Fulmer,LAA,0.0
2025,hillja01,Jaden Hill,COL,0.5
2025,sabroer01,Erik Sabrowski,CLE,0.8
2025,altavda01,Dan Altavilla,CHW,0.8
2025,saalfan01,Andrew Saalfrank,ARI,1.6
2025,salazed01,Eduardo Salazar,WSN,-0.8
2025,brubajt01,JT Brubaker,2TM,0.3
2025,brubajt01,JT Brubaker,NYY,0.2
2025,brubajt01,JT Brubaker,SFG,0.1
2025,pilkiko01,Konnor Pilkington,WSN,0.0
2025,scottta02,Tayler Scott,2TM,-1.0
2025,scottta02,Tayler Scott,HOU,-0.6
2025,scottta02,Tayler Scott,ARI,-0.4
2025,reynose01,Sean Reynolds,SDP,-0.1
2025,treinbl01,Blake Treinen,LAD,-0.6
2025,wolfrgr01,Grant Wolfram,BAL,-0.4
2025,nerishe01,Hector Neris,3TM,-0.8
2025,nerishe01,Hector Neris,2TM,-0.4
2025,nerishe01,Hector Neris,ATL,-0.4
2025,nerishe01,Hector Neris,LAA,-0.1
2025,nerishe01,Hector Neris,HOU,-0.3
2025,snideco01,Collin Snider,SEA,-0.7
2025,strowka01,Kade Strowd,BAL,0.9
2025,payamjo01,Joel Payamps,2TM,-0.6
2025,payamjo01,Joel Payamps,MIL,-0.6
2025,payamjo01,Joel Payamps,ATL,0.0
2025,alvarjo03,José Alvarado,PHI,0.4
2025,brasiry01,Ryan Brasier,CHC,-0.2
2025,gillico01,Connor Gillispie,MIA,-0.8
2025,brownmc01,McCade Brown,COL,-0.2
2025,ginkeke01,Kevin Ginkel,ARI,-0.8
2025,holdeco01,Colin Holderman,PIT,-0.8
2025,raleybr01,Brooks Raley,NYM,0.7
2025,backhky01,Kyle Backhus,ARI,-0.1
2025,gibauia01,Ian Gibaut,CIN,0.2
2025,hendelo01,Logan Henderson,MIL,1.0
2025,beetecl01,Clayton Beeter,2TM,0.3
2025,beetecl01,Clayton Beeter,NYY,-0.3
2025,beetecl01,Clayton Beeter,WSN,0.6
2025,phillco01,Connor Phillips,CIN,0.7
2025,venezan01,Anthony Veneziano,2TM,0.1
2025,venezan01,Anthony Veneziano,MIA,0.1
2025,venezan01,Anthony Veneziano,STL,0.0
2025,bowmama01,Matt Bowman,BAL,-0.3
2025,lopezjo02,Jorge López,WSN,-0.5
2025,poulipj01,PJ Poulin,WSN,0.4
2025,schulpa01,Paxton Schultz,TOR,-0.1
2025,farrimi01,Mitch Farris,LAA,-0.4
2025,lucasea01,Easton Lucas,TOR,-0.3
2025,ribalor01,Orlando Ribalta,WSN,-0.3
2025,tonkimi01,Michael Tonkin,MIN,0.2
2025,hagenju01,Justin Hagenman,NYM,0.0
2025,alvaran01,Andrew Alvarez,WSN,0.6
2025,whiseca01,Carson Whisenhunt,SFG,0.0
2025,brebbjo01,John Brebbia,2TM,-0.8
2025,brebbjo01,John Brebbia,DET,-0.6
2025,brebbjo01,John Brebbia,ATL,-0.2
2025,brzykza01,Zach Brzykcy,WSN,-0.6
2025,headrbr01,Brent Headrick,NYY,0.3
2025,holmagr01,Grant Holman,ATH,0.0
2025,steelju01,Justin Steele,CHC,0.1
2025,sulseco01,Cole Sulser,TBR,0.6
2025,barnema02,Mason Barnett,ATH,-0.3
2025,peguejo01,Joel Peguero,SFG,0.8
2025,briesbe01,Beau Brieske,DET,-0.9
2025,jarvibr01,Bryce Jarvis,ARI,0.0
2025,strichu01,Hunter Strickland,LAA,0.6
2025,zastrro01,Rob Zastryzny,MIL,0.5
2025,perezci01,Cionel Pérez,BAL,-0.6
2025,wellsty01,Tyler Wells,BAL,0.6
2025,coxau01,Austin Cox,ATL,-0.7
2025,garciyi01,Yimi García,TOR,0.1
2025,granian01,Andre Granillo,STL,0.1
2025,meylu01,Luis Mey,CIN,0.5
2025,stratch01,Chris Stratton,2TM,-0.5
2025,stratch01,Chris Stratton,KCR,-0.4
2025,stratch01,Chris Stratton,LAD,0.0
2025,roycrch01,Chris Roycroft,STL,-0.9
2025,sproabr01,Brandon Sproat,NYM,0.1
2025,dunnida01,Dane Dunning,2TM,-0.4
2025,dunnida01,Dane Dunning,TEX,0.1
2025,dunnida01,Dane Dunning,ATL,-0.4
2025,bachmsa01,Sam Bachman,LAA,-0.2
2025,gonzawi02,Wikelman González,CHW,0.2
2025,hiralya01,Yaramil Hiraldo,BAL,-0.2
2025,sewalpa01,Paul Sewald,2TM,-0.1
2025,sewalpa01,Paul Sewald,CLE,-0.1
2025,sewalpa01,Paul Sewald,DET,0.0
2025,rodriel02,Elvin Rodríguez,2TM,-0.6
2025,rodriel02,Elvin Rodríguez,MIL,-0.6
2025,rodriel02,Elvin Rodríguez,BAL,-0.1
2025,earlyco01,Connelly Early,BOS,0.6
2025,suarejo01,José Suarez,ATL,0.6
2025,tinocje01,Jesús Tinoco,MIA,-0.1
2025,curvelu01,Luis Curvelo,TEX,-0.4
2025,henried01,Edgardo Henriquez,LAD,0.5
2025,perallu01,Luis Peralta,COL,-0.8
2025,strathu01,Hunter Stratton,2TM,0.0
2025,strathu01,Hunter Stratton,PIT,-0.4
2025,strathu01,Hunter Stratton,ATL,0.4
2025,merryju01,Julian Merryweather,CHC,-0.5
2025,tongjo01,Jonah Tong,NYM,-0.8
2025,ederja01,Jake Eder,LAA,0.1
2025,mollsa01,Sam Moll,CIN,-0.5
2025,martico02,Corbin Martin,BAL,-0.5
2025,petermi01,Michael Petersen,2TM,0.1
2025,petermi01,Michael Petersen,ATL,0.1
2025,petermi01,Michael Petersen,MIA,0.1
2025,kriskbr01,Brooks Kriske,2TM,-0.6
2025,kriskbr01,Brooks Kriske,CHC,0.2
2025,kriskbr01,Brooks Kriske,MIN,-0.8
2025,criswco01,Cooper Criswell,BOS,-0.1
2025,graveke01,Kendall Graveman,ARI,-0.3
2025,kentza01,Zak Kent,CLE,0.1
2025,lawreju01,Justin Lawrence,PIT,1.1
2025,roberda08,David Robertson,PHI,0.2
2025,alexasc02,Scott Alexander,2TM,0.0
2025,alexasc02,Scott Alexander,COL,0.0
2025,alexasc02,Scott Alexander,SFG,0.0
2025,lawreca01,Casey Lawrence,2TM,-0.4
2025,lawreca01,Casey Lawrence,SEA,-0.4
2025,lawreca01,Casey Lawrence,TOR,-0.1
2025,diazal03,Alexis Díaz,3TM,-0.7
2025,diazal03,Alexis Díaz,CIN,-0.4
2025,diazal03,Alexis Díaz,LAD,-0.1
2025,diazal03,Alexis Díaz,ATL,-0.2
2025,siskev01,Evan Sisk,2TM,0.2
2025,siskev01,Evan Sisk,KCR,0.2
2025,siskev01,Evan Sisk,PIT,0.1
2025,guerrlu01,Luis Guerrero,BOS,0.1
2025,ellarfr01,Fraser Ellard,CHW,0.0
2025,kowarja01,Jackson Kowar,SEA,0.1
2025,medervi01,Víctor Mederos,LAA,-0.2
2025,murdono01,Noah Murdock,ATH,-1.5
2025,devench02,Chris Devenski,NYM,0.4
2025,moretda01,Dauri Moreta,PIT,0.3
2025,mayzati01,Tim Mayza,2TM,0.2
2025,mayzati01,Tim Mayza,PIT,0.2
2025,mayzati01,Tim Mayza,PHI,0.0
2025,rashita01,Taylor Rashi,ARI,0.2
2025,sandlni01,Nick Sandlin,TOR,0.3
2025,tollepa01,Payton Tolle,BOS,-0.3
2025,ruizjo01,José Ruiz,2TM,-0.7
2025,ruizjo01,José Ruiz,PHI,-0.6
2025,ruizjo01,José Ruiz,ATL,-0.1
2025,mcgousc01,Scott McGough,2TM,-0.1
2025,mcgousc01,Scott McGough,ARI,0.0
2025,mcgousc01,Scott McGough,ATH,-0.1
2025,mcfartj01,T.J. McFarland,ATH,-0.3
2025,shustja01,Jared Shuster,CHW,-0.4
2025,kleinwi01,Will Klein,LAD,0.2
2025,martiju01,Justin Martínez,ARI,0.1
2025,biggehu01,Hunter Bigge,TBR,0.3
2025,hjellse01,Sean Hjelle,SFG,-0.4
2025,mcdontr01,Trevor McDonald,SFG,0.3
2025,tidwebl01,Blade Tidwell,NYM,-0.5
2025,hudsobr01,Bryan Hudson,2TM,-0.2
2025,hudsobr01,Bryan Hudson,MIL,-0.2
2025,hudsobr01,Bryan Hudson,CHW,-0.1
2025,anderni01,Nick Anderson,COL,0.0
2025,johnsry01,Ryan Johnson,LAA,-0.8
2025,mcgeeea01,Easton McGee,MIL,-0.1
2025,pearsna01,Nate Pearson,CHC,-0.5
2025,laraan01,Andry Lara,WSN,-0.4
2025,wicksjo01,Jordan Wicks,CHC,-0.4
2025,garcibr02,Brandyn Garcia,2TM,-0.2
2025,garcibr02,Brandyn Garcia,SEA,-0.1
2025,garcibr02,Brandyn Garcia,ARI,-0.1
2025,avilalu02,Luinder Avila,KCR,0.4
2025,grayjo02,Jon Gray,TEX,-0.6
2025,selbyco01,Colin Selby,BAL,0.2
2025,yesavtr01,Trey Yesavage,TOR,0.3
2025,aldegsa01,Sam Aldegheri,LAA,-0.5
2025,bruihju01,Justin Bruihl,TOR,-0.2
2025,hendrli01,Liam Hendriks,BOS,-0.3
2025,sauceta01,Tayler Saucedo,SEA,-0.3
2025,spierca01,Carson Spiers,CIN,0.0
2025,burgoju01,Juan Burgos,2TM,-0.5
2025,burgoju01,Juan Burgos,SEA,0.0
2025,burgoju01,Juan Burgos,ARI,-0.5
2025,fuentdi01,Didier Fuentes,ATL,-0.9
2025,roberda11,Daniel Robert,PHI,0.0
2025,smithdy01,Dylan Smith,DET,0.3
2025,hergeke01,Kevin Herget,2TM,0.1
2025,hergeke01,Kevin Herget,NYM,0.1
2025,hergeke01,Kevin Herget,ATL,0.0
2025,johnsse01,Seth Johnson,PHI,0.0
2025,murfepe01,Penn Murfee,CHW,-0.3
2025,contrro01,Roansy Contreras,2TM,0.1
2025,contrro01,Roansy Contreras,BAL,0.2
2025,contrro01,Roansy Contreras,COL,-0.2
2025,nunezed03,Eduarniel Núñez,2TM,-0.2
2025,nunezed03,Eduarniel Núñez,SDP,0.1
2025,nunezed03,Eduarniel Núñez,ATH,-0.3
2025,gibsoky01,Kyle Gibson,BAL,-1.1
2025,simslu01,Lucas Sims,WSN,-0.9
2025,contrlu01,Luis Contreras,HOU,-0.2
2025,mileywa01,Wade Miley,CIN,-0.1
2025,zuberty01,Tyler Zuber,2TM,-0.7
2025,zuberty01,Tyler Zuber,NYM,0.0
2025,zuberty01,Tyler Zuber,MIA,-0.6
2025,loutory01,Ryan Loutos,2TM,-1.0
2025,loutory01,Ryan Loutos,LAD,-0.2
2025,loutory01,Ryan Loutos,WSN,-0.8
2025,whitlfo01,Forrest Whitley,2TM,-0.8
2025,whitlfo01,Forrest Whitley,HOU,-0.3
2025,whitlfo01,Forrest Whitley,TBR,-0.5
2025,kimbrcr01,Craig Kimbrel,2TM,0.4
2025,kimbrcr01,Craig Kimbrel,ATL,0.1
2025,kimbrcr01,Craig Kimbrel,HOU,0.3
2025,hoffman01,Andrew Hoffmann,2TM,-0.5
2025,hoffman01,Andrew Hoffmann,KCR,-0.2
2025,hoffman01,Andrew Hoffmann,ARI,-0.3
2025,bassobr01,Brady Basso,ATH,0.3
2025,darnedu01,Dugan Darnell,COL,0.3
2025,murraja01,Jayden Murray,HOU,0.5
2025,suareal01,Albert Suárez,BAL,0.5
2025,winckjo01,Josh Winckowski,BOS,-0.1
2025,lovelri01,Richard Lovelady,2TM,-0.5
2025,lovelri01,Richard Lovelady,TOR,-0.2
2025,lovelri01,Richard Lovelady,NYM,-0.2
2025,andersh01,Shaun Anderson,LAA,-0.5
2025,hornba01,Bailey Horn,DET,0.4
2025,estesjo01,Joey Estes,ATH,-0.3
2025,kopecmi01,Michael Kopech,LAD,0.2
2025,minteaj01,A.J. Minter,NYM,0.4
2025,munozro01,Roddery Muñoz,STL,-0.2
2025,ramirer02,Erasmo Ramírez,MIN,0.4
2025,rangeal01,Alan Rangel,PHI,0.2
2025,silsech01,Chase Silseth,LAA,0.4
2025,laosa01,Sauryn Lao,2TM,0.1
2025,laosa01,Sauryn Lao,SEA,-0.1
2025,laosa01,Sauryn Lao,WSN,0.2
2025,davisno01,Noah Davis,2TM,-1.3
2025,davisno01,Noah Davis,LAD,-0.8
2025,davisno01,Noah Davis,MIN,-0.5
2025,bowdebe01,Ben Bowden,ATH,0.0
2025,effrosc01,Scott Effross,NYY,-0.2
2025,harvehu01,Hunter Harvey,KCR,0.7
2025,hernani01,Nick Hernandez,HOU,0.0
2025,marinro01,Ron Marinaccio,SDP,0.3
2025,mcdanga01,Garrett McDaniels,LAA,-0.2
2025,peralsa01,Sammy Peralta,LAA,-0.5
2025,thompma02,Mason Thompson,WSN,-0.8
2025,vanwelo01,Logan VanWey,HOU,-0.1
2025,ariaslu01,Luarbert Árias,MIA,-0.4
2025,guentse01,Sean Guenther,DET,-0.1
2025,seaboco01,Connor Seabold,2TM,0.0
2025,seaboco01,Connor Seabold,TBR,0.2
2025,seaboco01,Connor Seabold,ATL,-0.2
2025,danieda01,Davis Daniel,ATL,0.0
2025,maxweza01,Zach Maxwell,CIN,0.1
2025,stephro01,Robert Stephenson,LAA,0.3
2025,winnke01,Keaton Winn,SFG,0.0
2025,mantijo01,Joe Mantiply,ARI,-0.8
2025,nunezde01,Dedniel Núñez,NYM,0.0
2025,rodrica02,Carlos Rodriguez,MIL,-0.2
2025,darremi01,Michael Darrell-Hicks,2TM,-0.1
2025,darremi01,Michael Darrell-Hicks,LAA,-0.2
2025,darremi01,Michael Darrell-Hicks,PIT,0.1
2025,raineta01,Tanner Rainey,2TM,-0.6
2025,raineta01,Tanner Rainey,PIT,-0.5
2025,raineta01,Tanner Rainey,DET,-0.1
2025,anderia01,Ian Anderson,LAA,-0.6
2025,holloga01,Gavin Hollowell,CHC,0.0
2025,sanojja01,Javier Sanoja,MIA,-0.5
2025,warreau01,Austin Warren,NYM,0.4
2025,winanal01,Allan Winans,NYY,-0.4
2025,pocheco01,Colin Poche,2TM,-0.7
2025,pocheco01,Colin Poche,WSN,-0.6
2025,pocheco01,Colin Poche,NYM,-0.1
2025,pegueel01,Elvis Peguero,2TM,-0.3
2025,pegueel01,Elvis Peguero,MIL,-0.2
2025,pegueel01,Elvis Peguero,CHW,-0.2
2025,hillri01,Rich Hill,KCR,-0.2
2025,leclejo01,José Leclerc,ATH,-0.1
2025,roberet01,Ethan Roberts,CHC,-0.2
2025,harrito03,Tom Harrington,PIT,-0.7
2025,mcderch01,Chayce McDermott,BAL,-0.8
2025,yohocr01,Craig Yoho,MIL,-0.2
2025,scholje01,Jesse Scholtens,TBR,-0.2
2025,vanbebr01,Brian Van Belle,TBR,-0.1
2025,youngda02,Danny Young,NYM,0.0
2025,gervapa01,Paul Gervase,2TM,0.0
2025,gervapa01,Paul Gervase,TBR,0.0
2025,gervapa01,Paul Gervase,LAD,0.0
2025,barneja01,Jacob Barnes,TOR,-0.4
2025,chaveje01,Jesse Chavez,ATL,-0.3
2025,garabge01,Gerson Garabito,TEX,-0.5
2025,hoeinbr01,Bryan Hoeing,SDP,0.1
2025,maedake01,Kenta Maeda,DET,-0.2
2025,pukaj01,A.J. Puk,ARI,0.2
2025,campbis01,Isaiah Campbell,BOS,-0.1
2025,garcilu05,Luis Garcia,HOU,0.2
2025,lawerco01,Cody Laweryson,MIN,0.3
2025,rockjo01,Joe Rock,TBR,0.1
2025,rodribr01,Bradgley Rodriguez,SDP,0.4
2025,estrala01,Lázaro Estrada,TOR,-0.3
2025,morgael01,Eli Morgan,CHC,-0.4
2025,tarnofr01,Freddy Tarnok,MIA,0.2
2025,zulueyo01,Yosver Zulueta,CIN,-0.1
2025,castilu03,Luis Castillo,SEA,-0.3
2025,gillalo01,Logan Gillaspie,SDP,0.2
2025,santogr01,Gregory Santos,SEA,-0.3
2025,whiteow01,Owen White,CHW,-0.2
2025,deleojo03,José De León,BOS,0.1
2025,garzaju01,Justin Garza,NYM,0.0
2025,henryto01,Tommy Henry,ARI,0.1
2025,lasorjo01,Joe La Sorsa,CIN,-0.4
2025,martise01,Seth Martinez,MIA,0.0
2025,menacr01,Cristian Mena,ARI,0.4
2025,sandeca01,Cam Sanders,PIT,-0.2
2025,taylotr01,Troy Taylor,SEA,-0.3
2025,popza01,Zach Pop,2TM,-0.6
2025,popza01,Zach Pop,SEA,-0.4
2025,popza01,Zach Pop,NYM,-0.2
2025,matzety01,Tyler Matzek,NYY,0.0
2025,suerowa01,Wander Suero,ATL,-0.3
2025,tatedi01,Dillon Tate,TOR,0.0
2025,turnbsp01,Spencer Turnbull,TOR,-0.1
2025,bridejo01,Jonah Bride,MIN,-0.3
2025,castrmi01,Miguel Castro,CHW,-0.1
2025,maldoan01,Anthony Maldonado,ATH,-0.3
2025,pettych02,Chase Petty,CIN,-0.8
2025,willilu01,Luke Williams,ATL,0.1
2025,zimmebr02,Bruce Zimmermann,MIL,-0.2
2025,edwarca01,Carl Edwards Jr.,2TM,0.0
2025,edwarca01,Carl Edwards Jr.,LAA,-0.1
2025,edwarca01,Carl Edwards Jr.,TEX,0.1
2025,clevimi01,Mike Clevinger,CHW,-0.2
2025,gassero01,Robert Gasser,MIL,-0.3
2025,mckentr01,Triston McKenzie,CLE,-0.2
2025,phillev01,Evan Phillips,LAD,0.4
2025,fulmemi01,Michael Fulmer,2TM,0.0
2025,fulmemi01,Michael Fulmer,BOS,-0.1
2025,fulmemi01,Michael Fulmer,CHC,0.1
2025,richatr01,Trevor Richards,2TM,-0.1
2025,richatr01,Trevor Richards,KCR,-0.1
2025,richatr01,Trevor Richards,ARI,0.0
2025,burdini01,Nick Burdi,BOS,0.2
2025,dobnara01,Randy Dobnak,MIN,0.1
2025,hernaen02,Kiké Hernández,LAD,-0.4
2025,mccauda01,Darren McCaughan,MIN,0.2
2025,otanemi01,Michel Otañez,ATH,-0.5
2025,swanser01,Erik Swanson,TOR,-0.4
2025,thomaco02,Connor Thomas,MIL,-0.5
2025,bauerja01,Jake Bauers,MIL,-0.1
2025,hahnje01,Jesse Hahn,SEA,-0.1
2025,lopezre01,Reynaldo López,ATL,0.0
2025,millebo06,Bobby Miller,LAD,-0.3
2025,ragsdca01,Carson Ragsdale,BAL,-0.3
2025,rojasmi02,Miguel Rojas,LAD,-0.2
2025,walkejo03,Josh Walker,TOR,-0.1
2025,fernaju02,Julian Fernández,2TM,0.0
2025,fernaju02,Julian Fernández,LAD,0.0
2025,fernaju02,Julian Fernández,WSN,0.1
2025,carrial01,Alex Carrillo,NYM,-0.5
2025,churcma01,Marc Church,TEX,0.0
2025,misiean01,Anthony Misiewicz,MIN,-0.2
2025,waldrma01,Matt Waldron,SDP,-0.1
2025,heuerco01,Codi Heuer,2TM,-0.1
2025,heuerco01,Codi Heuer,TEX,0.0
2025,heuerco01,Codi Heuer,DET,0.0
2025,gerbejo01,Joey Gerber,TBR,0.1
2025,joycebe01,Ben Joyce,LAA,-0.3
2025,vazqulu01,Luis Vázquez,BAL,0.2
2025,weemsjo01,Jordan Weems,HOU,-0.2
2025,blackma01,Mason Black,SFG,-0.1
2025,cosgrto01,Tom Cosgrove,CHC,0.1
2025,francjp01,J.P. France,HOU,0.1
2025,kossch01,Christian Koss,SFG,0.1
2025,moranjo01,Jovani Morán,BOS,-0.1
2025,newmake01,Kevin Newman,LAA,0.0
2025,nikhado01,Doug Nikhazy,CLE,-0.3
2025,feyerjo01,J.P. Feyereisen,2TM,-0.5
2025,feyerjo01,J.P. Feyereisen,ARI,-0.2
2025,feyerjo01,J.P. Feyereisen,LAD,-0.3
2025,abnerph01,Philip Abner,ARI,0.0
2025,bertijo01,Jon Berti,CHC,-0.1
2025,cruzom01,Omar Cruz,SDP,0.0
2025,montepa01,Patrick Monteverde,MIA,-0.1
2025,munozro02,Rolddy Muñoz,ATL,-0.3
2025,rogerja03,Jake Rogers,DET,0.1
2025,thompza01,Zach Thompson,ATL,0.1
2025,brighje01,Jeff Brigham,ARI,-0.1
2025,duranez01,Ezequiel Durán,TEX,0.1
2025,freemca01,Caleb Freeman,CHW,0.0
2025,heinety01,Tyler Heineman,TOR,-0.4
2025,krookma01,Matt Krook,ATH,0.0
2025,perdoan01,Angel Perdomo,ATH,0.0
2025,hartlge01,Geoff Hartlieb,2TM,-0.3
2025,hartlge01,Geoff Hartlieb,NYY,-0.2
2025,hartlge01,Geoff Hartlieb,DET,0.0
2025,adcocty01,Ty Adcock,NYM,0.0
2025,barcohu01,Hunter Barco,PIT,0.2
2025,capravi01,Vinny Capra,CHW,-0.1
2025,castabl01,Blas Castaño,SEA,-0.1
2025,curryxz01,Xzavion Curry,MIA,-0.3
2025,diazyi01,Yilber Díaz,ARI,-0.1
2025,espadjo01,Jose Espada,BAL,0.1
2025,hedgeau01,Austin Hedges,CLE,0.0
2025,jamesdr01,Drey Jameson,ARI,0.2
2025,leeko01,Korey Lee,CHW,0.0
2025,littlja02,Jack Little,LAD,0.0
2025,mccorch01,Chas McCormick,HOU,0.0
2025,mercami01,Michael Mercado,PHI,-0.2
2025,owensty01,Tyler Owens,DET,0.0
2025,peredjh01,Jhonny Pereda,ATH,-0.2
2025,roach02,Christian Roa,MIA,0.2
2025,sommedr01,Drew Sommers,DET,-0.3
2025,wilsowe01,Weston Wilson,PHI,0.1
2025,wynnera01,Randy Wynne,CIN,0.0
2025,harriha01,Hayden Harris,ATL,0.0
2025,littllu01,Luke Little,CHC,-0.1
2025,montech01,Christian Montes De Oca,ARI,0.1
2025,poteeco01,Cody Poteet,BAL,-0.2
2025,stockro01,Robert Stock,BOS,-0.1
2025,perazos02,Oswald Peraza,LAA,-0.2
2025,trevijo01,Jose Trevino,CIN,0.0
2025,urquijo01,José Urquidy,DET,-0.1
2025,pinaro01,Robinson Piña,2TM,-0.1
2025,pinaro01,Robinson Piña,MIA,0.0
2025,pinaro01,Robinson Piña,TOR,-0.1
2025,barnhtu01,Tucker Barnhart,TEX,-0.1
2025,boltoco01,Cody Bolton,CLE,-0.1
2025,brujavi01,Vidal Bruján,ATL,-0.1
2025,burrry01,Ryan Burr,TOR,0.1
2025,degeubr01,Brett de Geus,PHI,0.0
2025,fitzgry01,Ryan Fitzgerald,MIN,0.1
2025,herrejo04,José Herrera,ARI,0.0
2025,kingesc01,Scott Kingery,LAA,-0.2
2025,macivwi01,Willie MacIver,ATH,0.1
2025,nelsoky01,Kyle Nelson,ARI,-0.1
2025,popeau01,Austin Pope,ARI,0.1
2025,raqueni01,Nick Raquet,STL,0.1
2025,stallja01,Jacob Stallings,COL,0.0
2025,tellero01,Rowdy Tellez,TEX,-0.1
2025,toussto01,Touki Toussaint,LAA,0.0
2025,wilsowi03,Will Wilson,CLE,-0.1
2025,cornijo01,José Corniell,TEX,-0.4
2025,kavadni01,Niko Kavadas,LAA,0.1
2025,kellyca01,Casey Kelly,ARI,0.1
2025,nidoto01,Tomás Nido,DET,0.1
2025,ottavad01,Adam Ottavino,NYY,0.1
2025,sanmare01,Reiver Sanmartín,CIN,0.0
2025,diazjh01,Jhonathan Díaz,SEA,0.0
2025,quijajo01,José Quijada,LAA,0.1
2025,roonejo01,John Rooney,HOU,0.0
2025,waltean01,Andrew Walters,CLE,-0.1
2025,actonga01,Garrett Acton,TBR,0.0
2025,amayaja01,Jacob Amaya,CHW,0.0
2025,burleal01,Alec Burleson,STL,0.0
2025,cabaljo01,José Caballero,TBR,-0.2
2025,castrwi01,Willi Castro,MIN,0.0
2025,clemeko01,Kody Clemens,MIN,-0.1
2025,davidlo01,Logan Davidson,LAA,0.0
2025,eatonna01,Nate Eaton,BOS,0.0
2025,farmeky01,Kyle Farmer,COL,0.0
2025,gilbrlu01,Lucas Gilbreath,COL,0.0
2025,hameldo01,Dom Hamel,NYM,0.0
2025,hampsga01,Garrett Hampson,STL,0.0
2025,hoffmno01,Nolan Hoffman,PHI,-0.1
2025,hummeco01,Cooper Hummel,HOU,-0.1
2025,jacksal02,Alex Jackson,BAL,-0.1
2025,jankotr01,Travis Jankowski,NYM,-0.1
2025,langeal01,Alex Lange,DET,0.0
2025,mailelu01,Luke Maile,KCR,0.0
2025,mastrmi01,Miles Mastrobuoni,SEA,0.0
2025,mateojo01,Jorge Mateo,BAL,-0.2
2025,mcguire01,Reese McGuire,CHC,0.0
2025,nolaau01,Austin Nola,COL,-0.2
2025,palisja01,Jake Palisch,CHW,-0.1
2025,portelo01,Logan Porter,SFG,0.0
2025,reyespa01,Pablo Reyes,NYY,-0.1
2025,rivasle01,Leo Rivas,SEA,0.0
2025,riverem01,Emmanuel Rivera,BAL,-0.2
2025,rosaram01,Amed Rosario,WSN,-0.1
2025,salazce01,César Salazar,HOU,0.0
2025,sanchal04,Ali Sánchez,TOR,-0.1
2025,sanchga02,Gary Sánchez,BAL,-0.1
2025,seiglan01,Anthony Seigler,MIL,0.0
2025,stefami01,Michael Stefanic,TOR,0.0
2025,toroab01,Abraham Toro,BOS,-0.1
2025,trejoal01,Alan Trejo,COL,0.0
2025,triolja01,Jared Triolo,PIT,-0.1
2025,wadety01,Tyler Wade,SDP,0.0
2025,wilcoco01,Cole Wilcox,TBR,-0.3
2025,wilesna01,Nathan Wiles,ATL,-0.1
2025,yastrmi01,Mike Yastrzemski,SFG,-0.1
2025,kineris01,Isiah Kiner-Falefa,TOR,0.0
2025,pintajo01,Jonathan Pintaro,NYM,-0.1
2025,sandrja01,Jayvien Sandridge,NYY,-0.1
2025,slateau01,Austin Slater,NYY,0.0
2025,torrelu01,Luis Torrens,NYM,-0.2
2025,duranca01,Carlos Durán,ATH,-0.2
2025,lopezni01,Nicky Lopez,LAA,0.0
2025,mckinza01,Zach McKinstry,DET,0.0
2025,youngja02,Jared Young,NYM,0.0
