yearID,bbrefID,Player,Team,WAR
2020,ozunama01,Marcell Ozuna,ATL,2.8
2020,lindofr01,Francisco Lindor,CLE,1.3
2020,biggica01,Cavan Biggio,TOR,2.2
2020,merriwh01,Whit Merrifield,KCR,0.7
2020,swansda01,Dansby Swanson,ATL,2.8
2020,abreujo02,José Abreu,CHW,2.7
2020,freemfr01,Freddie Freeman,ATL,3.3
2020,hernace02,César Hernández,CLE,1.7
2020,storytr01,Trevor Story,COL,2.5
2020,turnetr01,Trea Turner,WSN,2.8
2020,tatisfe02,Fernando Tatis Jr.,SDP,2.8
2020,santaca01,Carlos Santana,CLE,1.0
2020,machama01,Manny Machado,SDP,3.0
2020,ramirjo01,José Ramírez,CLE,2.5
2020,grishtr01,Trent Grisham,SDP,2.5
2020,martest01,Starling Marte,2TM,1.6
2020,martest01,Starling Marte,ARI,1.1
2020,martest01,Starling Marte,MIA,0.5
2020,deverra01,Rafael Devers,BOS,0.8
2020,muncyma01,Max Muncy,LAD,0.5
2020,seageky01,Kyle Seager,SEA,1.2
2020,blackch02,Charlie Blackmon,COL,1.0
2020,yelicch01,Christian Yelich,MIL,0.5
2020,bettsmo01,Mookie Betts,LAD,3.7
2020,hiurake01,Keston Hiura,MIL,-0.3
2020,olsonma02,Matt Olson,OAK,1.3
2020,harpebr03,Bryce Harper,PHI,1.9
2020,bellico01,Cody Bellinger,LAD,1.5
2020,canhama01,Mark Canha,OAK,1.5
2020,francma02,Maikel Franco,KCR,1.1
2020,guerrvl02,Vladimir Guerrero Jr.,TOR,0.7
2020,rizzoan01,Anthony Rizzo,CHC,1.0
2020,walkech02,Christian Walker,ARI,0.9
2020,casteni01,Nick Castellanos,CIN,0.0
2020,lewisky01,Kyle Lewis,SEA,1.6
2020,mccutan01,Andrew McCutchen,PHI,-0.1
2020,reyesfr01,Franmil Reyes,CLE,0.4
2020,troutmi01,Mike Trout,LAA,1.8
2020,alonspe01,Pete Alonso,NYM,0.1
2020,gregodi01,Didi Gregorius,PHI,1.1
2020,martijd02,J.D. Martinez,BOS,-0.7
2020,semiema01,Marcus Semien,OAK,0.4
2020,baezja01,Javier Báez,CHC,0.7
2020,voitlu01,Luke Voit,NYY,1.7
2020,confomi01,Michael Conforto,NYM,2.1
2020,mondera02,Adalberto Mondesí,KCR,1.3
2020,solakni01,Nick Solak,TEX,-1.1
2020,crawfjp01,J.P. Crawford,SEA,1.6
2020,rendoan01,Anthony Rendon,LAA,2.2
2020,seageco01,Corey Seager,LAD,2.0
2020,alberha01,Hanser Alberto,BAL,0.7
2020,cabremi01,Miguel Cabrera,DET,0.1
2020,goldspa01,Paul Goldschmidt,STL,2.0
2020,grichra01,Randal Grichuk,TOR,0.4
2020,happia01,Ian Happ,CHC,1.3
2020,moncayo01,Yoán Moncada,CHW,0.6
2020,rosared01,Eddie Rosario,MIN,1.2
2020,suareeu01,Eugenio Suárez,CIN,0.5
2020,fletcda02,David Fletcher,LAA,1.9
2020,fraziad01,Adam Frazier,PIT,0.8
2020,gourryu01,Yuli Gurriel,HOU,-0.1
2020,anderbr06,Brian Anderson,MIA,1.8
2020,davisjd01,J.D. Davis,NYM,0.0
2020,calhoko01,Kole Calhoun,ARI,1.4
2020,kineris01,Isiah Kiner-Falefa,TEX,2.1
2020,tuckeky01,Kyle Tucker,HOU,1.9
2020,lasteto01,Tommy La Stella,2TM,0.9
2020,lasteto01,Tommy La Stella,LAA,0.4
2020,lasteto01,Tommy La Stella,OAK,0.6
2020,edmanto01,Tommy Edman,STL,1.1
2020,roberlu01,Luis Robert Jr.,CHW,1.9
2020,gallojo01,Joey Gallo,TEX,1.6
2020,jimenel02,Eloy Jiménez,CHW,1.4
2020,polanjo01,Jorge Polanco,MIN,0.0
2020,bogaexa01,Xander Bogaerts,BOS,1.2
2020,contrwi01,Willson Contreras,CHC,1.0
2020,nimmobr01,Brandon Nimmo,NYM,1.7
2020,yastrmi01,Mike Yastrzemski,SFG,2.7
2020,gurrilo01,Lourdes Gurriel Jr.,TOR,1.1
2020,lowebr01,Brandon Lowe,TBR,2.4
2020,schwaky01,Kyle Schwarber,CHC,0.1
2020,belljo02,Josh Bell,PIT,-0.5
2020,vottojo01,Joey Votto,CIN,0.1
2020,pillake01,Kevin Pillar,2TM,0.9
2020,pillake01,Kevin Pillar,BOS,0.7
2020,pillake01,Kevin Pillar,COL,0.2
2020,escobed01,Eduardo Escobar,ARI,-0.4
2020,laurera01,Ramón Laureano,OAK,1.4
2020,springe01,George Springer,HOU,2.2
2020,anderti01,Tim Anderson,CHW,2.5
2020,correca01,Carlos Correa,HOU,1.6
2020,verdual01,Alex Verdugo,BOS,2.2
2020,myerswi01,Wil Myers,SDP,1.9
2020,peralda01,David Peralta,ARI,0.7
2020,ahmedni01,Nick Ahmed,ARI,1.6
2020,bradlja02,Jackie Bradley Jr.,BOS,2.0
2020,segurje01,Jean Segura,PHI,1.4
2020,aguilje01,Jesús Aguilar,MIA,0.5
2020,lemahdj01,DJ LeMahieu,NYY,3.0
2020,nunezre01,Renato Núñez,BAL,0.6
2020,cruzne02,Nelson Cruz,MIN,1.8
2020,tayloch03,Chris Taylor,LAD,1.8
2020,cabreas01,Asdrúbal Cabrera,WSN,0.1
2020,florewi01,Wilmer Flores,SFG,1.2
2020,reyesvi01,Víctor Reyes,DET,0.8
2020,hicksaa01,Aaron Hicks,NYY,0.7
2020,altuvjo01,Jose Altuve,HOU,-0.3
2020,dickeco01,Corey Dickerson,MIA,0.2
2020,polloaj01,AJ Pollock,LAD,0.8
2020,reddijo01,Josh Reddick,HOU,-0.4
2020,duvalad01,Adam Duvall,ATL,0.8
2020,longoev01,Evan Longoria,SFG,0.6
2020,mcneije01,Jeff McNeil,NYM,1.5
2020,reynobr01,Bryan Reynolds,PIT,0.5
2020,wongko01,Kolten Wong,STL,1.3
2020,garciav01,Avisaíl García,MIL,-0.3
2020,hernate01,Teoscar Hernández,TOR,1.5
2020,villajo01,Jonathan Villar,2TM,-0.3
2020,villajo01,Jonathan Villar,MIA,-0.1
2020,villajo01,Jonathan Villar,TOR,-0.2
2020,candeje01,Jeimer Candelario,DET,2.1
2020,rileyau01,Austin Riley,ATL,-0.4
2020,tapiara01,Raimel Tapia,COL,0.8
2020,adamewi01,Willy Adames,TBR,1.8
2020,sanomi01,Miguel Sanó,MIN,0.1
2020,ruizri01,Rio Ruiz,BAL,0.6
2020,solando01,Donovan Solano,SFG,1.5
2020,acunaro01,Ronald Acuña Jr.,ATL,2.4
2020,profaju01,Jurickson Profar,SDP,1.4
2020,whiteev01,Evan White,SEA,-0.1
2020,arenano01,Nolan Arenado,COL,1.5
2020,moranco01,Colin Moran,PIT,0.5
2020,gonzama01,Marwin González,MIN,0.2
2020,smithdo02,Dominic Smith,NYM,1.9
2020,keplema01,Max Kepler,MIN,1.1
2020,sotoju01,Juan Soto,WSN,2.3
2020,marteke01,Ketel Marte,ARI,1.6
2020,realmjt01,J.T. Realmuto,PHI,1.4
2020,grandya01,Yasmani Grandal,CHW,0.9
2020,crawfbr01,Brandon Crawford,SFG,1.3
2020,gonzaer01,Erik González,PIT,0.3
2020,mcmahry01,Ryan McMahon,COL,0.5
2020,croneja01,Jake Cronenworth,SDP,1.6
2020,grossro01,Robbie Grossman,OAK,1.2
2020,lopezni01,Nicky Lopez,KCR,0.2
2020,arciaor01,Orlando Arcia,MIL,0.3
2020,roblevi01,Víctor Robles,WSN,-0.2
2020,vazquch01,Christian Vázquez,BOS,0.9
2020,brantmi02,Michael Brantley,HOU,1.6
2020,doziehu01,Hunter Dozier,KCR,0.4
2020,hoskirh01,Rhys Hoskins,PHI,1.0
2020,tsutsyo01,Yoshi Tsutsugo,TBR,0.2
2020,darnatr01,Travis d'Arnaud,ATL,0.8
2020,gordoal01,Alex Gordon,KCR,0.3
2020,hampsga01,Garrett Hampson,COL,0.0
2020,wendljo01,Joey Wendle,TBR,1.4
2020,nolaau01,Austin Nola,2TM,1.2
2020,nolaau01,Austin Nola,SEA,0.9
2020,nolaau01,Austin Nola,SDP,0.3
2020,akiyash01,Shogo Akiyama,CIN,0.7
2020,winkeje01,Jesse Winker,CIN,1.3
2020,canoro01,Robinson Canó,NYM,1.3
2020,encared01,Edwin Encarnación,CHW,-0.4
2020,heywaja01,Jason Heyward,CHC,1.6
2020,bohmal01,Alec Bohm,PHI,0.7
2020,bregmal01,Alex Bregman,HOU,1.0
2020,shawtr01,Travis Shaw,TOR,0.2
2020,beltbr01,Brandon Belt,SFG,2.1
2020,goodrni01,Niko Goodrum,DET,0.1
2020,sanchga02,Gary Sánchez,NYY,-0.3
2020,severpe01,Pedro Severino,BAL,0.8
2020,dubonma01,Mauricio Dubón,SFG,1.0
2020,schoojo01,Jonathan Schoop,DET,1.3
2020,eatonad02,Adam Eaton,WSN,-0.6
2020,ohtansh01,Shohei Ohtani,LAA,0.0
2020,turneju01,Justin Turner,LAD,1.4
2020,dejonpa01,Paul DeJong,STL,0.3
2020,polangr01,Gregory Polanco,PIT,-0.9
2020,solerjo01,Jorge Soler,KCR,0.2
2020,urshegi01,Gio Urshela,NYY,2.1
2020,newmake01,Kevin Newman,PIT,-0.4
2020,frazito01,Todd Frazier,2TM,0.2
2020,frazito01,Todd Frazier,TEX,0.1
2020,frazito01,Todd Frazier,NYM,0.1
2020,millebr02,Brad Miller,STL,0.9
2020,piscost01,Stephen Piscotty,OAK,0.1
2020,dickeal01,Alex Dickerson,SFG,0.8
2020,carpema01,Matt Carpenter,STL,0.3
2020,uptonju01,Justin Upton,LAA,-0.6
2020,maldoma01,Martín Maldonado,HOU,0.8
2020,santaan02,Anthony Santander,BAL,1.6
2020,goodwbr01,Brian Goodwin,2TM,-0.3
2020,goodwbr01,Brian Goodwin,LAA,0.2
2020,goodwbr01,Brian Goodwin,CIN,-0.5
2020,moustmi01,Mike Moustakas,CIN,0.1
2020,pujolal01,Albert Pujols,LAA,-0.1
2020,frazicl01,Clint Frazier,NYY,1.8
2020,torregl01,Gleyber Torres,NYY,0.0
2020,galvifr01,Freddy Galvis,CIN,0.2
2020,kiermke01,Kevin Kiermaier,TBR,1.9
2020,margoma01,Manuel Margot,TBR,1.1
2020,mooredy01,Dylan Moore,SEA,1.7
2020,chavimi01,Michael Chavis,BOS,-0.8
2020,gardnbr01,Brett Gardner,NYY,0.7
2020,oneilty01,Tyler O'Neill,STL,0.9
2020,hosmeer01,Eric Hosmer,SDP,1.1
2020,molinya01,Yadier Molina,STL,0.4
2020,perezsa02,Salvador Perez,KCR,2.1
2020,ramoswi01,Wilson Ramos,NYM,0.3
2020,francty01,Ty France,2TM,1.0
2020,francty01,Ty France,SDP,0.5
2020,francty01,Ty France,SEA,0.5
2020,mullice01,Cedric Mullins,BAL,0.5
2020,chapmma01,Matt Chapman,OAK,1.2
2020,meadoau01,Austin Meadows,TBR,0.3
2020,morelmi01,Mitch Moreland,2TM,1.1
2020,morelmi01,Mitch Moreland,BOS,1.1
2020,morelmi01,Mitch Moreland,SDP,0.0
2020,lopesti01,Tim Lopes,SEA,-0.2
2020,iglesjo01,Jose Iglesias,BAL,1.3
2020,valaipa01,Pat Valaika,BAL,0.5
2020,bertijo01,Jon Berti,MIA,0.9
2020,mazarno01,Nomar Mazara,CHW,-0.2
2020,hernaen02,Kiké Hernández,LAD,1.0
2020,joycema01,Matt Joyce,MIA,-0.4
2020,odorro01,Rougned Odor,TEX,-0.5
2020,bryankr01,Kris Bryant,CHC,0.4
2020,janseda01,Danny Jansen,TOR,0.6
2020,rosaram01,Amed Rosario,NYM,0.0
2020,boteda01,David Bote,CHC,0.0
2020,choiji01,Jiman Choi,TBR,0.4
2020,rojasmi02,Miguel Rojas,MIA,1.6
2020,stallja01,Jacob Stallings,PIT,1.0
2020,braunry02,Ryan Braun,MIL,0.1
2020,markani01,Nick Markakis,ATL,-0.2
2020,naquity01,Tyler Naquin,CLE,-0.4
2020,panikjo01,Joe Panik,TOR,-0.3
2020,castrwi01,Willi Castro,DET,0.5
2020,mountry01,Ryan Mountcastle,BAL,0.7
2020,murphse01,Sean Murphy,OAK,1.1
2020,thameer01,Eric Thames,WSN,-0.4
2020,garcilu04,Luis García Jr.,WSN,-0.1
2020,renfrhu01,Hunter Renfroe,TBR,-0.1
2020,diazya01,Yandy Díaz,TBR,1.1
2020,pederjo01,Joc Pederson,LAD,-0.3
2020,smithwi05,Will Smith,LAD,1.4
2020,vogelda01,Daniel Vogelbach,3TM,-0.1
2020,vogelda01,Daniel Vogelbach,2TM,-0.6
2020,vogelda01,Daniel Vogelbach,SEA,-0.5
2020,vogelda01,Daniel Vogelbach,TOR,-0.1
2020,vogelda01,Daniel Vogelbach,MIL,0.5
2020,buxtoby01,Byron Buxton,MIN,2.1
2020,gyorkje01,Jedd Gyorko,MIL,0.7
2020,kipnija01,Jason Kipnis,CHC,0.8
2020,rominau01,Austin Romine,DET,-0.2
2020,haysau01,Austin Hays,BAL,0.8
2020,taverle01,Leody Taveras,TEX,1.3
2020,coopega03,Garrett Cooper,MIA,0.6
2020,adelljo01,Jo Adell,LAA,-1.4
2020,caratvi01,Victor Caratini,CHC,-0.2
2020,gimenan01,Andrés Giménez,NYM,1.0
2020,kempma01,Matt Kemp,COL,0.1
2020,murphda08,Daniel Murphy,COL,-0.9
2020,ohearry01,Ryan O'Hearn,KCR,-0.6
2020,smoakju01,Justin Smoak,2TM,-0.7
2020,smoakju01,Justin Smoak,MIL,-0.5
2020,smoakju01,Justin Smoak,SFG,-0.2
2020,inciaen01,Ender Inciarte,ATL,-0.6
2020,kellyca02,Carson Kelly,ARI,-0.1
2020,suzukku01,Kurt Suzuki,WSN,0.2
2020,bichebo01,Bo Bichette,TOR,1.1
2020,longsh01,Shed Long Jr.,SEA,-0.1
2020,sogarer01,Eric Sogard,MIL,-0.2
2020,camarjo01,Johan Camargo,ATL,0.1
2020,choosh01,Shin-Soo Choo,TEX,0.1
2020,gamelbe01,Ben Gamel,MIL,-0.4
2020,simmoan01,Andrelton Simmons,LAA,0.6
2020,tellero01,Rowdy Tellez,TOR,0.6
2020,hoernni01,Nico Hoerner,CHC,0.8
2020,narvaom01,Omar Narváez,MIL,-0.1
2020,baderha01,Harrison Bader,STL,1.0
2020,phamth01,Tommy Pham,SDP,-0.1
2020,albieoz01,Ozzie Albies,ATL,0.8
2020,kingesc01,Scott Kingery,PHI,-0.9
2020,caveja01,Jake Cave,MIN,0.4
2020,kieboca01,Carter Kieboom,WSN,0.2
2020,arraelu01,Luis Arraez,MIN,0.8
2020,siscoch01,Chance Sisco,BAL,0.2
2020,deshide02,Delino DeShields,CLE,0.0
2020,perazjo01,José Peraza,BOS,-0.1
2020,uriaslu01,Luis Urías,MIL,0.2
2020,carlsdy01,Dylan Carlson,STL,0.1
2020,gomesya01,Yan Gomes,WSN,0.7
2020,quinnro01,Roman Quinn,PHI,0.0
2020,tuckeco01,Cole Tucker,PIT,-0.9
2020,marmojo01,José Marmolejos,SEA,-0.2
2020,varshda01,Daulton Varsho,ARI,0.1
2020,hillisa01,Sam Hilliard,COL,0.2
2020,judgeaa01,Aaron Judge,NYY,1.1
2020,kempto01,Tony Kemp,OAK,0.0
2020,mendida01,Danny Mendick,CHW,0.7
2020,brinsle01,Lewis Brinson,MIA,0.1
2020,stewadj01,DJ Stewart,BAL,0.5
2020,andruel01,Elvis Andrus,TEX,-0.3
2020,bartjo01,Joey Bart,SFG,0.3
2020,mccanja02,James McCann,CHW,1.3
2020,tauchmi01,Mike Tauchman,NYY,0.1
2020,barnhtu01,Tucker Barnhart,CIN,0.8
2020,perezro02,Roberto Pérez,CLE,0.2
2020,madrini01,Nick Madrigal,CHW,0.5
2020,wolteto01,Tony Wolters,COL,-0.3
2020,calhowi01,Willie Calhoun,TEX,-1.0
2020,jonesja07,JaCoby Jones,DET,0.5
2020,paredis01,Isaac Paredes,DET,-0.3
2020,walshja01,Jared Walsh,LAA,0.7
2020,rengilu01,Luis Rengifo,LAA,-0.3
2020,holtbr01,Brock Holt,2TM,-0.7
2020,holtbr01,Brock Holt,MIL,-0.6
2020,holtbr01,Brock Holt,WSN,0.0
2020,stassma01,Max Stassi,LAA,1.0
2020,wadety01,Tyler Wade,NYY,0.7
2020,barneau01,Austin Barnes,LAD,0.7
2020,slateau01,Austin Slater,SFG,0.9
2020,naylojo01,Josh Naylor,2TM,0.0
2020,naylojo01,Josh Naylor,SDP,0.0
2020,naylojo01,Josh Naylor,CLE,0.0
2020,bruceja01,Jay Bruce,PHI,0.2
2020,fuentjo01,Joshua Fuentes,COL,1.1
2020,donaljo02,Josh Donaldson,MIN,0.5
2020,gosseph01,Phil Gosselin,PHI,-0.1
2020,wardta01,Taylor Ward,LAA,0.1
2020,adriaeh01,Ehire Adrianza,MIN,0.2
2020,fowlede01,Dexter Fowler,STL,0.0
2020,olivaed02,Edward Olivares,2TM,-0.8
2020,olivaed02,Edward Olivares,SDP,-0.5
2020,olivaed02,Edward Olivares,KCR,-0.3
2020,maybica01,Cameron Maybin,2TM,0.0
2020,maybica01,Cameron Maybin,DET,-0.1
2020,maybica01,Cameron Maybin,CHC,0.1
2020,alfarjo01,Jorge Alfaro,MIA,-0.4
2020,kendrho01,Howie Kendrick,WSN,-0.2
2020,rufda01,Darin Ruf,SFG,0.8
2020,dahlda01,David Dahl,COL,-1.0
2020,daviskh01,Khris Davis,OAK,-0.3
2020,stewach02,Christin Stewart,DET,-0.6
2020,taylomi02,Michael A. Taylor,WSN,-0.4
2020,lambja01,Jake Lamb,2TM,-0.3
2020,lambja01,Jake Lamb,ARI,-0.4
2020,lambja01,Jake Lamb,OAK,0.1
2020,brossmi01,Mike Brosseau,TBR,1.2
2020,martijo08,José Martínez,2TM,-0.5
2020,martijo08,José Martínez,TBR,0.2
2020,martijo08,José Martínez,CHC,-0.6
2020,toroab01,Abraham Toro,HOU,-0.7
2020,hayeske01,Ke'Bryan Hayes,PIT,1.9
2020,bonifjo01,Jorge Bonifacio,DET,-0.3
2020,stantmi03,Giancarlo Stanton,NYY,0.6
2020,sandopa01,Pablo Sandoval,2TM,-0.5
2020,sandopa01,Pablo Sandoval,SFG,-0.5
2020,sandopa01,Pablo Sandoval,ATL,0.0
2020,casalcu01,Curt Casali,CIN,0.5
2020,engelad01,Adam Engel,CHW,0.7
2020,mercaos01,Óscar Mercado,CLE,-0.5
2020,perezmi03,Michael Pérez,TBR,-0.2
2020,dalbebo01,Bobby Dalbec,BOS,0.6
2020,haselad01,Adam Haseley,PHI,0.0
2020,luplojo01,Jordan Luplow,CLE,-0.1
2020,castrja01,Jason Castro,2TM,-0.2
2020,castrja01,Jason Castro,LAA,0.0
2020,castrja01,Jason Castro,SDP,-0.2
2020,harrijo05,Josh Harrison,WSN,0.3
2020,knappan01,Andrew Knapp,PHI,0.8
2020,plaweke01,Kevin Plawecki,BOS,0.6
2020,ervinph01,Phil Ervin,2TM,0.0
2020,ervinph01,Phil Ervin,CIN,-0.3
2020,ervinph01,Phil Ervin,SEA,0.3
2020,guzmaro01,Ronald Guzmán,TEX,0.5
2020,strawmy01,Myles Straw,HOU,-0.5
2020,mcbrory01,Ryan McBroom,KCR,0.0
2020,fordmi01,Mike Ford,NYY,-0.5
2020,santado01,Domingo Santana,CLE,-0.3
2020,zuninmi01,Mike Zunino,TBR,-0.1
2020,riosed01,Edwin Ríos,LAD,0.6
2020,trevijo01,Jose Trevino,TEX,0.4
2020,hedgeau01,Austin Hedges,2TM,-0.1
2020,hedgeau01,Austin Hedges,SDP,0.0
2020,hedgeau01,Austin Hedges,CLE,-0.1
2020,locasti01,Tim Locastro,ARI,0.7
2020,osunajo01,José Osuna,PIT,-0.1
2020,gordode01,Dee Strange-Gordon,SEA,-0.5
2020,chiriro01,Robinson Chirinos,2TM,-0.7
2020,chiriro01,Robinson Chirinos,TEX,-0.7
2020,chiriro01,Robinson Chirinos,NYM,-0.1
2020,garvemi01,Mitch Garver,MIN,0.0
2020,leonsa01,Sandy León,CLE,-0.1
2020,vogtst01,Stephen Vogt,ARI,0.0
2020,arauzjo01,Jonathan Araúz,BOS,-0.1
2020,flowety01,Tyler Flowers,ATL,0.4
2020,vanmejo01,Josh VanMeter,2TM,-0.1
2020,vanmejo01,Josh VanMeter,CIN,-0.3
2020,vanmejo01,Josh VanMeter,ARI,0.3
2020,senzeni01,Nick Senzel,CIN,-0.2
2020,torrelu01,Luis Torrens,2TM,-0.1
2020,torrelu01,Luis Torrens,SDP,-0.1
2020,torrelu01,Luis Torrens,SEA,0.0
2020,tejedan01,Anderson Tejeda,TEX,0.4
2020,velazan01,Andrew Velazquez,BAL,0.2
2020,arozara01,Randy Arozarena,TBR,0.9
2020,lowena01,Nathaniel Lowe,TBR,0.3
2020,dietrde01,Derek Dietrich,TEX,0.2
2020,diazel01,Elias Díaz,COL,0.0
2020,smithdw02,Dwight Smith Jr.,BAL,-0.5
2020,garcigr01,Greg Garcia,SDP,-0.2
2020,machivi01,Vimael Machín,OAK,-0.4
2020,farmeky01,Kyle Farmer,CIN,0.4
2020,rojasjo01,Josh Rojas,ARI,-0.3
2020,luxga01,Gavin Lux,LAD,0.6
2020,riddljt01,JT Riddle,PIT,-0.8
2020,garcijo02,José Barrero,CIN,-0.7
2020,guilllu01,Luis Guillorme,NYM,0.7
2020,mathije01,Jeff Mathis,TEX,0.5
2020,espinsa01,Santiago Espinal,TOR,0.4
2020,dysonja01,Jarrod Dyson,2TM,-0.8
2020,dysonja01,Jarrod Dyson,PIT,-0.6
2020,dysonja01,Jarrod Dyson,CHW,-0.2
2020,andujmi01,Miguel Andujar,NYY,-0.4
2020,starlbu01,Bubba Starling,KCR,-0.7
2020,trompch01,Chadwick Tromp,SFG,-0.2
2020,castrst01,Starlin Castro,WSN,0.3
2020,garcile02,Leury García,CHW,0.6
2020,hechaad01,Adeiny Hechavarría,ATL,-0.2
2020,murphjr01,John Ryan Murphy,PIT,-0.3
2020,santada01,Danny Santana,TEX,-0.1
2020,avilaal01,Alex Avila,MIN,0.4
2020,cervefr01,Francisco Cervelli,MIA,0.8
2020,chishja01,Jazz Chisholm Jr.,MIA,-0.1
2020,jeffery01,Ryan Jeffers,MIN,0.3
2020,peterja01,Jace Peterson,MIL,0.1
2020,pindech01,Chad Pinder,OAK,0.0
2020,bemboan01,Anthony Bemboom,LAA,0.4
2020,gallaca01,Cam Gallagher,KCR,0.5
2020,camerda01,Daz Cameron,DET,-0.5
2020,diazal02,Aledmys Díaz,HOU,0.1
2020,phillbr02,Brett Phillips,2TM,0.3
2020,phillbr02,Brett Phillips,KCR,0.0
2020,phillbr02,Brett Phillips,TBR,0.3
2020,jayjo02,Jon Jay,ARI,-0.5
2020,lintz02,Tzu-Wei Lin,BOS,-0.5
2020,aquinar01,Aristides Aquino,CIN,-0.1
2020,pencehu01,Hunter Pence,SFG,-0.5
2020,davisch02,Chris Davis,BAL,-1.0
2020,greingr01,Grayson Greiner,DET,-0.3
2020,arroych01,Christian Arroyo,2TM,0.2
2020,arroych01,Christian Arroyo,CLE,0.0
2020,arroych01,Christian Arroyo,BOS,0.2
2020,beatyma01,Matt Beaty,LAD,-0.4
2020,castrha01,Harold Castro,DET,0.4
2020,haggesa01,Sam Haggerty,SEA,0.2
2020,heinesc01,Scott Heineman,TEX,-0.3
2020,nottija01,Jacob Nottingham,MIL,0.5
2020,vargail01,Ildemaro Vargas,3TM,-0.5
2020,vargail01,Ildemaro Vargas,2TM,-0.3
2020,vargail01,Ildemaro Vargas,ARI,-0.4
2020,vargail01,Ildemaro Vargas,MIN,-0.2
2020,vargail01,Ildemaro Vargas,CHC,0.0
2020,sierrma01,Magneuris Sierra,MIA,0.4
2020,beninan01,Andrew Benintendi,BOS,-0.1
2020,croncj01,C.J. Cron,DET,0.3
2020,estrath01,Thairo Estrada,NYY,-0.1
2020,whiteel04,Eli White,TEX,-0.3
2020,adamsma01,Matt Adams,ATL,-0.4
2020,harrimo01,Monte Harrison,MIA,-0.2
2020,heinety01,Tyler Heineman,SFG,0.1
2020,zimmebr01,Bradley Zimmer,CLE,0.1
2020,drurybr01,Brandon Drury,TOR,-0.9
2020,higasky01,Kyle Higashioka,NYY,0.4
2020,wallach01,Chad Wallach,MIA,0.2
2020,davidma02,Matt Davidson,CIN,-0.3
2020,mayfija01,Jack Mayfield,HOU,-0.2
2020,smithma05,Mallex Smith,SEA,-0.5
2020,stevean01,Andrew Stevenson,WSN,0.8
2020,garnedu01,Dustin Garneau,HOU,-0.4
2020,evansph01,Phillip Evans,PIT,0.0
2020,mcguire01,Reese McGuire,TOR,-0.4
2020,munozya01,Yairo Muñoz,BOS,0.6
2020,pinama01,Manny Piña,MIL,0.6
2020,odomjo01,Joseph Odom,SEA,-0.2
2020,owingch01,Chris Owings,COL,0.2
2020,smithpa04,Pavin Smith,ARI,0.2
2020,wadela01,LaMonte Wade Jr.,MIN,0.0
2020,buterdr01,Drew Butera,COL,-0.2
2020,freemmi01,Mike Freeman,CLE,-0.1
2020,cordefr02,Franchy Cordero,KCR,0.0
2020,mejiafr01,Francisco Mejia,SDP,-0.3
2020,alvared01,Eddy Alvarez,MIA,0.0
2020,diazle01,Lewin Díaz,MIA,-0.3
2020,heimjo01,Jonah Heim,OAK,0.1
2020,ravelra01,Rangel Ravelo,STL,-0.2
2020,tayloty01,Tyrone Taylor,MIL,0.2
2020,walkene01,Neil Walker,PHI,-0.1
2020,wietema01,Matt Wieters,STL,0.0
2020,thomala02,Lane Thomas,STL,-0.2
2020,fishede01,Derek Fisher,TOR,-0.4
2020,forsylo01,Logan Forsythe,MIA,-0.3
2020,smithke04,Kevan Smith,TBR,0.3
2020,duggast01,Steven Duggar,SFG,-0.4
2020,mathima01,Mark Mathias,MIL,0.1
2020,hamilbi02,Billy Hamilton,2TM,0.0
2020,hamilbi02,Billy Hamilton,NYM,-0.1
2020,hamilbi02,Billy Hamilton,CHC,0.2
2020,heredgu01,Guillermo Heredia,2TM,0.1
2020,heredgu01,Guillermo Heredia,PIT,0.0
2020,heredgu01,Guillermo Heredia,NYM,0.1
2020,almoral01,Albert Almora,CHC,-0.1
2020,bishobr01,Braden Bishop,SEA,0.1
2020,cespeyo01,Yoenis Céspedes,NYM,-0.1
2020,davisjo05,Jonathan Davis,TOR,0.4
2020,marisja01,Jake Marisnick,NYM,0.2
2020,refsnro01,Rob Refsnyder,TEX,0.0
2020,youngan02,Andrew Young,ARI,-0.1
2020,demertr01,Travis Demeritte,DET,0.0
2020,holadbr01,Bryan Holaday,BAL,-0.3
2020,huffsa01,Sam Huff,TEX,0.5
2020,mathiwy01,Wyatt Mathisen,ARI,0.2
2020,allenau01,Austin Allen,OAK,-0.2
2020,allengr01,Greg Allen,2TM,0.1
2020,allengr01,Greg Allen,CLE,0.0
2020,allengr01,Greg Allen,SDP,0.1
2020,souzast01,Steven Souza Jr.,CHC,0.0
2020,kratzer01,Erik Kratz,NYY,0.4
2020,fraleja01,Jake Fraley,SEA,0.0
2020,sanchje02,Jesús Sánchez,MIA,-0.5
2020,alforan01,Anthony Alford,2TM,-0.2
2020,alforan01,Anthony Alford,TOR,-0.2
2020,alforan01,Anthony Alford,PIT,-0.1
2020,hernaya01,Yadiel Hernández,WSN,-0.1
2020,mateojo01,Jorge Mateo,SDP,-0.4
2020,morrilo01,Logan Morrison,MIL,-0.2
2020,barrefr02,Franklin Barreto,2TM,-0.5
2020,barrefr02,Franklin Barreto,OAK,-0.2
2020,barrefr02,Franklin Barreto,LAA,-0.2
2020,uriasra01,Ramón Urías,BAL,0.1
2020,nidoto01,Tomás Nido,NYM,0.2
2020,kirkal01,Alejandro Kirk,TOR,0.2
2020,thaisma01,Matt Thaiss,LAA,-0.3
2020,colonch01,Christian Colón,CIN,-0.4
2020,roberda10,Daniel Robertson,SFG,0.1
2020,taylobe11,Beau Taylor,CLE,-0.2
2020,vilorme01,Meibrys Viloria,KCR,-0.2
2020,alcanse01,Sergio Alcántara,DET,-0.3
2020,garliky01,Kyle Garlick,PHI,-0.4
2020,delmoni01,Nicky Delmonico,CHW,-0.4
2020,diazis01,Isan Díaz,MIA,-0.3
2020,jonesta01,Taylor Jones,HOU,-0.3
2020,mercejo03,Jordy Mercer,2TM,-0.2
2020,mercejo03,Jordy Mercer,DET,-0.1
2020,mercejo03,Jordy Mercer,NYY,-0.1
2020,apostsh01,Sherten Apostel,TEX,-0.5
2020,cainlo01,Lorenzo Cain,MIL,0.2
2020,rodgebr02,Brendan Rodgers,COL,-0.5
2020,rookebr01,Brent Rooker,MIN,0.0
2020,sanchca01,Yolmer Sánchez,CHW,0.3
2020,cronke01,Kevin Cron,ARI,-0.4
2020,hudsojo03,Joe Hudson,SEA,-0.2
2020,paytoma01,Mark Payton,CIN,-0.2
2020,stephty01,Tyler Stephenson,CIN,0.3
2020,haaseer01,Eric Haase,DET,-0.1
2020,basablu01,Luis Alexander Basabe,SFG,0.1
2020,colliza01,Zack Collins,CHW,-0.2
2020,difowi01,Wilmer Difo,WSN,-0.1
2020,heathni01,Nick Heath,KCR,0.1
2020,moniami01,Mickey Moniak,PHI,0.1
2020,phegljo01,Josh Phegley,CHC,-0.1
2020,willima10,Mason Williams,BAL,-0.3
2020,jankotr01,Travis Jankowski,CIN,-0.3
2020,kniznan01,Andrew Knizner,STL,-0.1
2020,nollja01,Jake Noll,WSN,-0.1
2020,schroma01,Max Schrock,STL,0.0
2020,astudwi01,Willians Astudillo,MIN,0.0
2020,doziebr01,Brian Dozier,NYM,-0.4
2020,mejiaer01,Erick Mejia,KCR,-0.4
2020,olivaja01,Jared Oliva,PIT,-0.2
2020,onajo01,Jorge Oña,SDP,0.2
2020,dixonbr01,Brandon Dixon,DET,-0.1
2020,waltodo01,Donovan Walton,SEA,-0.1
2020,almonab01,Abraham Almonte,SDP,-0.2
2020,changyu01,Yu Chang,CLE,0.1
2020,johnsda07,Daniel Johnson,CLE,-0.3
2020,rodrise01,Sean Rodríguez,MIA,-0.3
2020,davisja03,Jaylin Davis,SFG,-0.2
2020,gutieke01,Kelvin Gutiérrez,KCR,-0.1
2020,hillde01,Derek Hill,DET,-0.2
2020,lavarry01,Ryan Lavarnway,MIA,0.0
2020,lugoda01,Dawel Lugo,DET,-0.1
2020,martija03,Jason Martin,PIT,-0.2
2020,puellce01,César Puello,BOS,0.2
2020,ramirha02,Harold Ramírez,MIA,-0.1
2020,reynoma03,Matt Reynolds,KCR,-0.2
2020,contrwi02,William Contreras,ATL,0.1
2020,goinsry01,Ryan Goins,CHW,-0.2
2020,hermomi01,Michael Hermosillo,LAA,0.0
2020,mccarjo04,Joe McCarthy,SFG,-0.4
2020,sanchal04,Ali Sánchez,NYM,-0.1
2020,stubbga01,Garrett Stubbs,HOU,-0.2
2020,alvaryo01,Yordan Alvarez,HOU,0.1
2020,josepca01,Caleb Joseph,TOR,0.0
2020,marchra01,Rafael Marchán,PHI,0.2
2020,cordery01,Ryan Cordell,NYM,-0.1
2020,ruizke01,Keibert Ruiz,LAD,0.1
2020,culbech01,Charlie Culberson,ATL,-0.1
2020,deanau01,Austin Dean,STL,0.0
2020,garciad02,Adolis García,TEX,0.0
2020,healyry01,Ryon Healy,MIL,-0.1
2020,jacksal02,Alex Jackson,ATL,0.0
2020,jonesja08,Jahmai Jones,LAA,0.1
2020,mckinza01,Zach McKinstry,LAD,0.0
2020,orfna01,Nate Orf,OAK,-0.3
2020,sotoel01,Elliot Soto,LAA,0.1
2020,torrero01,Ronald Torreyes,PHI,-0.1
2020,bricejo01,José Briceño,LAA,0.0
2020,herredi01,Dilson Herrera,BAL,0.0
2020,perezhe01,Hernán Pérez,CHC,-0.1
2020,rickajo01,Joey Rickard,SFG,-0.1
2020,williju02,Justin Williams,STL,0.0
2020,brownse01,Seth Brown,OAK,-0.1
2020,navarbr01,Brian Navarreto,MIA,0.0
2020,ogradbr01,Brian O'Grady,TBR,0.1
2020,riverya01,Yadiel Rivera,TEX,0.0
2020,blanktr01,Travis Blankenhorn,MIN,-0.1
2020,campulu01,Luis Campusano,SDP,0.1
2020,craigwi01,Will Craig,PIT,-0.1
2020,grullde01,Deivy Grullón,BOS,-0.1
2020,hernaos01,Óscar Hernández,KCR,0.0
2020,nogowjo01,John Nogowski,STL,-0.1
2020,pachecr01,Cristian Pache,ATL,-0.1
2020,riverre01,René Rivera,NYM,0.1
2020,rominan01,Andrew Romine,TEX,0.0
2020,susacan01,Andrew Susac,PIT,0.0
2020,bonifem01,Emilio Bonifácio,WSN,-0.1
2020,brantro01,Rob Brantly,SFG,-0.1
2020,flories01,Estevan Florial,NYY,0.0
2020,mckinbi01,Billy McKinney,TOR,0.1
2020,gonzalu03,Luis González,CHW,0.0
2020,nunezed02,Eduardo Núñez,NYM,0.0
2020,wisdopa01,Patrick Wisdom,CHC,-0.1
2020,adamsau02,Austin Adams,SDP,0.0
2020,cuthbch01,Cheslor Cuthbert,CHW,0.0
2020,hillti01,Tim Hill,SDP,0.0
2020,lorenmi01,Michael Lorenzen,CIN,0.0
2020,merceye01,Yermín Mercedes,CHW,0.0
2020,millsal02,Alec Mills,CHC,0.0
2020,schebsc01,Scott Schebler,ATL,0.0
2020,whiteaa01,Aaron Whitefield,MIN,0.1
2020,altavda01,Dan Altavilla,SEA,0.0
2020,bedroca01,Cam Bedrosian,LAA,0.0
2020,brasiry01,Ryan Brasier,BOS,0.0
2020,davisau01,Austin Davis,PHI,0.0
2020,elledse01,Seth Elledge,STL,0.0
2020,fostema01,Matt Foster,CHW,0.0
2020,gonsoto01,Tony Gonsolin,LAD,0.0
2020,gorete01,Terrance Gore,LAD,0.0
2020,greench03,Chad Green,NYY,0.0
2020,haderjo01,Josh Hader,MIL,0.0
2020,hendrky01,Kyle Hendricks,CHC,0.0
2020,holdejo02,Jonathan Holder,NYY,0.0
2020,iglesra01,Raisel Iglesias,CIN,0.0
2020,jeffrje01,Jeremy Jeffress,CHC,0.0
2020,kelletr01,Trevor Kelley,PHI,0.0
2020,kimbrcr01,Craig Kimbrel,CHC,0.0
2020,kolarad01,Adam Kolarek,LAD,0.0
2020,lagarju01,Juan Lagares,NYM,0.1
2020,lakintr01,Travis Lakins Sr.,BAL,0.0
2020,lucrojo01,Jonathan Lucroy,BOS,0.0
2020,melanma01,Mark Melancon,ATL,0.0
2020,milleia01,Ian Miller,CHC,0.0
2020,nerishe01,Hector Neris,PHI,0.0
2020,nolaaa01,Aaron Nola,PHI,0.0
2020,paganem01,Emilio Pagán,SDP,0.0
2020,parkebl01,Blake Parker,PHI,0.0
2020,phelpda01,David Phelps,MIL,0.0
2020,plutkad01,Adam Plutko,CLE,0.0
2020,rosentr01,Trevor Rosenthal,2TM,0.0
2020,rosentr01,Trevor Rosenthal,KCR,0.0
2020,rosentr01,Trevor Rosenthal,SDP,0.0
2020,ruizjo01,José Ruiz,CHW,0.0
2020,strahma01,Matt Strahm,SDP,0.0
2020,valdece01,César Valdez,BAL,0.0
2020,waldema01,Marcus Walden,BOS,0.0
2020,wickro01,Rowan Wick,CHC,0.0
2020,willita01,Taylor Williams,SEA,0.0
2020,winklda01,Dan Winkler,CHC,0.0
2020,woodfja01,Jake Woodford,STL,0.0
2021,semiema01,Marcus Semien,TOR,7.1
2021,merriwh01,Whit Merrifield,KCR,3.8
2021,guerrvl02,Vladimir Guerrero Jr.,TOR,6.5
2021,freemfr01,Freddie Freeman,ATL,4.8
2021,edmanto01,Tommy Edman,STL,3.8
2021,hanigmi01,Mitch Haniger,SEA,2.8
2021,bichebo01,Bo Bichette,TOR,5.9
2021,crawfjp01,J.P. Crawford,SEA,3.7
2021,albieoz01,Ozzie Albies,ATL,3.8
2021,goldspa01,Paul Goldschmidt,STL,5.9
2021,lemahdj01,DJ LeMahieu,NYY,1.6
2021,altuvjo01,Jose Altuve,HOU,4.5
2021,kineris01,Isiah Kiner-Falefa,TEX,3.9
2021,mullice01,Cedric Mullins,BAL,6.2
2021,schoojo01,Jonathan Schoop,DET,1.9
2021,olsonma02,Matt Olson,OAK,5.9
2021,grossro01,Robbie Grossman,DET,2.9
2021,seageky01,Kyle Seager,SEA,1.9
2021,fletcda02,David Fletcher,LAA,1.6
2021,perezsa02,Salvador Perez,KCR,5.3
2021,deverra01,Rafael Devers,BOS,3.6
2021,rileyau01,Austin Riley,ATL,6.3
2021,abreujo02,José Abreu,CHW,3.0
2021,santaca01,Carlos Santana,KCR,-0.1
2021,sotoju01,Juan Soto,WSN,7.3
2021,arenano01,Nolan Arenado,STL,4.3
2021,swansda01,Dansby Swanson,ATL,2.3
2021,francty01,Ty France,SEA,4.2
2021,reynobr01,Bryan Reynolds,PIT,6.0
2021,turnetr01,Trea Turner,2TM,6.5
2021,turnetr01,Trea Turner,WSN,4.1
2021,turnetr01,Trea Turner,LAD,2.4
2021,polanjo01,Jorge Polanco,MIN,5.0
2021,croneja01,Jake Cronenworth,SDP,4.8
2021,lowena01,Nathaniel Lowe,TEX,2.3
2021,correca01,Carlos Correa,HOU,7.3
2021,machama01,Manny Machado,SDP,5.0
2021,ohtansh01,Shohei Ohtani,LAA,4.9
2021,fraziad01,Adam Frazier,2TM,4.0
2021,fraziad01,Adam Frazier,PIT,3.0
2021,fraziad01,Adam Frazier,SDP,1.0
2021,strawmy01,Myles Straw,2TM,3.3
2021,strawmy01,Myles Straw,HOU,1.5
2021,strawmy01,Myles Straw,CLE,1.8
2021,alonspe01,Pete Alonso,NYM,4.1
2021,hernace02,César Hernández,2TM,0.5
2021,hernace02,César Hernández,CLE,1.3
2021,hernace02,César Hernández,CHW,-0.8
2021,ramirjo01,José Ramírez,CLE,6.7
2021,martijd02,J.D. Martinez,BOS,3.2
2021,judgeaa01,Aaron Judge,NYY,5.9
2021,indiajo01,Jonathan India,CIN,4.1
2021,candeje01,Jeimer Candelario,DET,3.6
2021,canhama01,Mark Canha,OAK,2.7
2021,chapmma01,Matt Chapman,OAK,3.4
2021,garciad02,Adolis García,TEX,3.9
2021,carlsdy01,Dylan Carlson,STL,3.2
2021,mancitr01,Trey Mancini,BAL,1.0
2021,moncayo01,Yoán Moncada,CHW,4.1
2021,gallojo01,Joey Gallo,2TM,4.5
2021,gallojo01,Joey Gallo,TEX,4.1
2021,gallojo01,Joey Gallo,NYY,0.5
2021,lowebr01,Brandon Lowe,TBR,4.6
2021,turneju01,Justin Turner,LAD,3.5
2021,gourryu01,Yuli Gurriel,HOU,3.8
2021,arozara01,Randy Arozarena,TBR,4.2
2021,verdual01,Alex Verdugo,BOS,2.2
2021,bogaexa01,Xander Bogaerts,BOS,5.2
2021,solerjo01,Jorge Soler,2TM,0.1
2021,solerjo01,Jorge Soler,KCR,-1.0
2021,solerjo01,Jorge Soler,ATL,1.1
2021,harpebr03,Bryce Harper,PHI,5.9
2021,escobed01,Eduardo Escobar,2TM,2.5
2021,escobed01,Eduardo Escobar,ARI,2.2
2021,escobed01,Eduardo Escobar,MIL,0.2
2021,alvaryo01,Yordan Alvarez,HOU,3.1
2021,mcmahry01,Ryan McMahon,COL,4.0
2021,hernate01,Teoscar Hernández,TOR,3.5
2021,storytr01,Trevor Story,COL,4.3
2021,muncyma01,Max Muncy,LAD,4.6
2021,meadoau01,Austin Meadows,TBR,2.0
2021,rosaram01,Amed Rosario,CLE,1.9
2021,mountry01,Ryan Mountcastle,BAL,1.1
2021,bryankr01,Kris Bryant,2TM,3.3
2021,bryankr01,Kris Bryant,CHC,2.3
2021,bryankr01,Kris Bryant,SFG,1.0
2021,casteni01,Nick Castellanos,CIN,3.1
2021,hernaen02,Kiké Hernández,BOS,4.9
2021,walshja01,Jared Walsh,LAA,2.7
2021,cruzne02,Nelson Cruz,2TM,2.5
2021,cruzne02,Nelson Cruz,MIN,2.1
2021,cruzne02,Nelson Cruz,TBR,0.4
2021,blackch02,Charlie Blackmon,COL,1.0
2021,tayloch03,Chris Taylor,LAD,2.5
2021,stantmi03,Giancarlo Stanton,NYY,3.1
2021,rizzoan01,Anthony Rizzo,2TM,2.0
2021,rizzoan01,Anthony Rizzo,CHC,1.3
2021,rizzoan01,Anthony Rizzo,NYY,0.7
2021,mccutan01,Andrew McCutchen,PHI,1.2
2021,suareeu01,Eugenio Suárez,CIN,-0.5
2021,renfrhu01,Hunter Renfroe,BOS,2.4
2021,uriaslu01,Luis Urías,MIL,3.3
2021,belljo02,Josh Bell,WSN,3.1
2021,segurje01,Jean Segura,PHI,3.8
2021,tuckeky01,Kyle Tucker,HOU,5.3
2021,hosmeer01,Eric Hosmer,SDP,1.2
2021,lopezni01,Nicky Lopez,KCR,4.4
2021,phamth01,Tommy Pham,SDP,1.5
2021,harrijo05,Josh Harrison,2TM,2.0
2021,harrijo05,Josh Harrison,WSN,2.6
2021,harrijo05,Josh Harrison,OAK,-0.6
2021,duvalad01,Adam Duvall,2TM,2.9
2021,duvalad01,Adam Duvall,MIA,1.7
2021,duvalad01,Adam Duvall,ATL,1.3
2021,adamewi01,Willy Adames,2TM,4.2
2021,adamewi01,Willy Adames,TBR,0.7
2021,adamewi01,Willy Adames,MIL,3.6
2021,newmake01,Kevin Newman,PIT,0.6
2021,anderti01,Tim Anderson,CHW,4.5
2021,bettsmo01,Mookie Betts,LAD,4.1
2021,rojasjo01,Josh Rojas,ARI,0.8
2021,crawfbr01,Brandon Crawford,SFG,6.1
2021,croncj01,C.J. Cron,COL,3.4
2021,baezja01,Javier Báez,2TM,4.3
2021,baezja01,Javier Báez,CHC,2.6
2021,baezja01,Javier Báez,NYM,1.7
2021,tatisfe02,Fernando Tatis Jr.,SDP,6.6
2021,grichra01,Randal Grichuk,TOR,0.8
2021,smithpa04,Pavin Smith,ARI,-0.1
2021,donaljo02,Josh Donaldson,MIN,3.0
2021,doziehu01,Hunter Dozier,KCR,-2.4
2021,andruel01,Elvis Andrus,OAK,0.6
2021,diazya01,Yandy Díaz,TBR,1.6
2021,gurrilo01,Lourdes Gurriel Jr.,TOR,2.5
2021,rojasmi02,Miguel Rojas,MIA,2.6
2021,beninan01,Andrew Benintendi,KCR,2.9
2021,peralda01,David Peralta,ARI,1.2
2021,oneilty01,Tyler O'Neill,STL,6.4
2021,realmjt01,J.T. Realmuto,PHI,3.5
2021,happia01,Ian Happ,CHC,1.6
2021,tapiara01,Raimel Tapia,COL,0.9
2021,vottojo01,Joey Votto,CIN,3.3
2021,sanomi01,Miguel Sanó,MIN,0.9
2021,yastrmi01,Mike Yastrzemski,SFG,2.5
2021,farmeky01,Kyle Farmer,CIN,1.2
2021,haysau01,Austin Hays,BAL,3.4
2021,taylomi02,Michael A. Taylor,KCR,3.0
2021,grishtr01,Trent Grisham,SDP,3.1
2021,cabremi01,Miguel Cabrera,DET,-0.5
2021,martest01,Starling Marte,2TM,4.8
2021,martest01,Starling Marte,MIA,2.9
2021,martest01,Starling Marte,OAK,2.0
2021,lindofr01,Francisco Lindor,NYM,3.0
2021,torregl01,Gleyber Torres,NYY,0.7
2021,garciav01,Avisaíl García,MIL,3.1
2021,lowrije01,Jed Lowrie,OAK,0.2
2021,solakni01,Nick Solak,TEX,1.0
2021,iglesjo01,Jose Iglesias,2TM,-0.8
2021,iglesjo01,Jose Iglesias,LAA,-1.2
2021,iglesjo01,Jose Iglesias,BOS,0.4
2021,aguilje01,Jesús Aguilar,MIA,1.3
2021,brantmi02,Michael Brantley,HOU,2.2
2021,chishja01,Jazz Chisholm Jr.,MIA,2.2
2021,villajo01,Jonathan Villar,NYM,1.8
2021,smithwi05,Will Smith,LAD,3.3
2021,wendljo01,Joey Wendle,TBR,3.8
2021,myerswi01,Wil Myers,SDP,1.1
2021,vazquch01,Christian Vázquez,BOS,1.2
2021,hampsga01,Garrett Hampson,COL,0.7
2021,smithdo02,Dominic Smith,NYM,-0.7
2021,herreod01,Odúbel Herrera,PHI,1.8
2021,wongko01,Kolten Wong,MIL,3.3
2021,keplema01,Max Kepler,MIN,1.9
2021,winkeje01,Jesse Winker,CIN,2.7
2021,contrwi01,Willson Contreras,CHC,4.2
2021,pederjo01,Joc Pederson,2TM,-0.1
2021,pederjo01,Joc Pederson,CHC,-0.1
2021,pederjo01,Joc Pederson,ATL,0.1
2021,arraelu01,Luis Arraez,MIN,3.2
2021,confomi01,Michael Conforto,NYM,0.5
2021,yelicch01,Christian Yelich,MIL,1.3
2021,garcile02,Leury García,CHW,2.1
2021,ahmedni01,Nick Ahmed,ARI,0.8
2021,molinya01,Yadier Molina,STL,1.7
2021,schwaky01,Kyle Schwarber,2TM,3.5
2021,schwaky01,Kyle Schwarber,WSN,2.1
2021,schwaky01,Kyle Schwarber,BOS,1.4
2021,vaughan01,Andrew Vaughn,CHW,0.3
2021,reyesfr01,Franmil Reyes,CLE,1.7
2021,margoma01,Manuel Margot,TBR,3.0
2021,baddoak01,Akil Baddoo,DET,2.1
2021,gardnbr01,Brett Gardner,NYY,0.9
2021,naquity01,Tyler Naquin,CIN,0.6
2021,poseybu01,Buster Posey,SFG,3.6
2021,dalbebo01,Bobby Dalbec,BOS,0.3
2021,simmoan01,Andrelton Simmons,MIN,1.3
2021,castrwi01,Willi Castro,DET,-0.7
2021,murphse01,Sean Murphy,OAK,2.8
2021,narvaom01,Omar Narváez,MIL,1.5
2021,walkech02,Christian Walker,ARI,0.6
2021,hoskirh01,Rhys Hoskins,PHI,2.1
2021,urshegi01,Gio Urshela,NYY,0.6
2021,sanchga02,Gary Sánchez,NYY,0.7
2021,santaan02,Anthony Santander,BAL,0.4
2021,florewi01,Wilmer Flores,SFG,1.8
2021,bradlja02,Jackie Bradley Jr.,MIL,-0.7
2021,stallja01,Jacob Stallings,PIT,3.0
2021,maldoma01,Martín Maldonado,HOU,0.0
2021,mcneije01,Jeff McNeil,NYM,1.4
2021,polloaj01,AJ Pollock,LAD,3.0
2021,severpe01,Pedro Severino,BAL,1.1
2021,bohmal01,Alec Bohm,PHI,-1.2
2021,rodgebr02,Brendan Rodgers,COL,1.4
2021,mccanja02,James McCann,NYM,-0.3
2021,profaju01,Jurickson Profar,SDP,0.0
2021,rosared01,Eddie Rosario,2TM,1.1
2021,rosared01,Eddie Rosario,CLE,0.4
2021,rosared01,Eddie Rosario,ATL,0.7
2021,seageco01,Corey Seager,LAD,3.4
2021,gregodi01,Didi Gregorius,PHI,-1.0
2021,francma02,Maikel Franco,BAL,-1.4
2021,dejonpa01,Paul DeJong,STL,1.5
2021,stephty01,Tyler Stephenson,CIN,2.0
2021,baderha01,Harrison Bader,STL,4.1
2021,bregmal01,Alex Bregman,HOU,2.3
2021,gamelbe01,Ben Gamel,2TM,-0.1
2021,gamelbe01,Ben Gamel,CLE,-0.3
2021,gamelbe01,Ben Gamel,PIT,0.2
2021,kempto01,Tony Kemp,OAK,3.3
2021,hayeske01,Ke'Bryan Hayes,PIT,2.3
2021,galvifr01,Freddy Galvis,2TM,1.3
2021,galvifr01,Freddy Galvis,BAL,1.1
2021,galvifr01,Freddy Galvis,PHI,0.2
2021,kiermke01,Kevin Kiermaier,TBR,3.4
2021,barnhtu01,Tucker Barnhart,CIN,0.3
2021,nimmobr01,Brandon Nimmo,NYM,3.5
2021,polangr01,Gregory Polanco,PIT,-1.6
2021,beltbr01,Brandon Belt,SFG,2.6
2021,haaseer01,Eric Haase,DET,1.9
2021,luxga01,Gavin Lux,LAD,1.5
2021,wadela01,LaMonte Wade Jr.,SFG,1.4
2021,laurera01,Ramón Laureano,OAK,2.7
2021,torrelu01,Luis Torrens,SEA,1.0
2021,kelenja01,Jarred Kelenic,SEA,-1.6
2021,millebr02,Brad Miller,PHI,0.5
2021,mooredy01,Dylan Moore,SEA,0.9
2021,grandya01,Yasmani Grandal,CHW,3.7
2021,wisdopa01,Patrick Wisdom,CHC,2.1
2021,zuninmi01,Mike Zunino,TBR,3.7
2021,toroab01,Abraham Toro,2TM,1.5
2021,toroab01,Abraham Toro,HOU,0.8
2021,toroab01,Abraham Toro,SEA,0.7
2021,gomesya01,Yan Gomes,2TM,2.4
2021,gomesya01,Yan Gomes,WSN,2.0
2021,gomesya01,Yan Gomes,OAK,0.3
2021,marteke01,Ketel Marte,ARI,1.9
2021,gosseph01,Phil Gosselin,LAA,-0.4
2021,diazel01,Elias Díaz,COL,2.2
2021,roblevi01,Víctor Robles,WSN,-0.1
2021,dickeco01,Corey Dickerson,2TM,0.3
2021,dickeco01,Corey Dickerson,MIA,0.0
2021,dickeco01,Corey Dickerson,TOR,0.4
2021,uptonju01,Justin Upton,LAA,-0.7
2021,odorro01,Rougned Odor,NYY,0.4
2021,ramirha02,Harold Ramírez,CLE,0.3
2021,acunaro01,Ronald Acuña Jr.,ATL,3.5
2021,kellyca02,Carson Kelly,ARI,2.1
2021,moranco01,Colin Moran,PIT,-0.3
2021,caratvi01,Victor Caratini,SDP,0.0
2021,heywaja01,Jason Heyward,CHC,0.3
2021,cabreas01,Asdrúbal Cabrera,2TM,0.4
2021,cabreas01,Asdrúbal Cabrera,ARI,0.9
2021,cabreas01,Asdrúbal Cabrera,CIN,-0.5
2021,bellico01,Cody Bellinger,LAD,-1.6
2021,escobal02,Alcides Escobar,WSN,1.6
2021,zimmebr01,Bradley Zimmer,CLE,1.3
2021,heredgu01,Guillermo Heredia,ATL,0.3
2021,pillake01,Kevin Pillar,NYM,0.4
2021,castrst01,Starlin Castro,WSN,1.1
2021,solando01,Donovan Solano,SFG,1.1
2021,torrero01,Ronald Torreyes,PHI,0.2
2021,springe01,George Springer,TOR,2.3
2021,castrha01,Harold Castro,DET,-0.2
2021,dazayo01,Yonathan Daza,COL,0.5
2021,ortegra01,Rafael Ortega,CHC,2.0
2021,boteda01,David Bote,CHC,-0.5
2021,lagarju01,Juan Lagares,LAA,-0.4
2021,sosaed01,Edmundo Sosa,STL,3.2
2021,goodrni01,Niko Goodrum,DET,-0.2
2021,murphto04,Tom Murphy,SEA,1.0
2021,tellero01,Rowdy Tellez,2TM,-0.4
2021,tellero01,Rowdy Tellez,TOR,-0.7
2021,tellero01,Rowdy Tellez,MIL,0.4
2021,duffyma01,Matt Duffy,CHC,1.7
2021,mccorch01,Chas McCormick,HOU,2.4
2021,diazal02,Aledmys Díaz,HOU,1.6
2021,stassma01,Max Stassi,LAA,1.8
2021,stewadj01,DJ Stewart,BAL,-0.3
2021,varshda01,Daulton Varsho,ARI,1.6
2021,bauerja01,Jake Bauers,2TM,-0.3
2021,bauerja01,Jake Bauers,CLE,-0.1
2021,bauerja01,Jake Bauers,SEA,-0.2
2021,dickeal01,Alex Dickerson,SFG,-0.1
2021,hedgeau01,Austin Hedges,CLE,0.1
2021,rufda01,Darin Ruf,SFG,2.9
2021,alfarjo01,Jorge Alfaro,MIA,-0.5
2021,vanmejo01,Josh VanMeter,ARI,-0.2
2021,francwa01,Wander Franco,TBR,3.5
2021,brownse01,Seth Brown,OAK,1.5
2021,gonzama01,Marwin González,2TM,-0.8
2021,gonzama01,Marwin González,BOS,-0.3
2021,gonzama01,Marwin González,HOU,-0.5
2021,slateau01,Austin Slater,SFG,1.4
2021,choiji01,Jiman Choi,TBR,1.0
2021,peterja01,Jace Peterson,MIL,0.5
2021,trevijo01,Jose Trevino,TEX,0.1
2021,larnatr01,Trevor Larnach,MIN,0.4
2021,mckinbi01,Billy McKinney,3TM,-0.2
2021,mckinbi01,Billy McKinney,MIL,-0.1
2021,mckinbi01,Billy McKinney,NYM,0.3
2021,mckinbi01,Billy McKinney,LAD,-0.4
2021,kimha01,Ha-Seong Kim,SDP,2.1
2021,duggast01,Steven Duggar,SFG,2.2
2021,roberlu01,Luis Robert Jr.,CHW,3.7
2021,uriasra01,Ramón Urías,BAL,2.0
2021,pujolal01,Albert Pujols,2TM,-0.6
2021,pujolal01,Albert Pujols,LAA,-0.7
2021,pujolal01,Albert Pujols,LAD,0.1
2021,gutieke01,Kelvin Gutiérrez,2TM,0.1
2021,gutieke01,Kelvin Gutiérrez,KCR,-0.7
2021,gutieke01,Kelvin Gutiérrez,BAL,0.8
2021,biggica01,Cavan Biggio,TOR,0.2
2021,jeffery01,Ryan Jeffers,MIN,0.7
2021,phillbr02,Brett Phillips,TBR,2.1
2021,longoev01,Evan Longoria,SFG,1.7
2021,brinsle01,Lewis Brinson,MIA,-0.1
2021,mayfija01,Jack Mayfield,2TM,0.2
2021,mayfija01,Jack Mayfield,LAA,0.3
2021,mayfija01,Jack Mayfield,SEA,-0.2
2021,hernaya01,Yadiel Hernández,WSN,0.1
2021,eatonad02,Adam Eaton,2TM,-0.4
2021,eatonad02,Adam Eaton,CHW,0.2
2021,eatonad02,Adam Eaton,LAA,-0.6
2021,cainlo01,Lorenzo Cain,MIL,2.3
2021,heimjo01,Jonah Heim,TEX,-0.1
2021,calhowi01,Willie Calhoun,TEX,-0.4
2021,fuentjo01,Joshua Fuentes,COL,0.3
2021,valaipa01,Pat Valaika,BAL,-1.7
2021,bradlbo01,Bobby Bradley,CLE,0.4
2021,diazis01,Isan Díaz,MIA,-1.5
2021,mejiafr01,Francisco Mejia,TBR,1.5
2021,zimmery01,Ryan Zimmerman,WSN,1.1
2021,ibanean01,Andy Ibáñez,TEX,1.7
2021,bertijo01,Jon Berti,MIA,0.6
2021,culbech01,Charlie Culberson,TEX,1.0
2021,goodwbr01,Brian Goodwin,CHW,-0.6
2021,tayloty01,Tyrone Taylor,MIL,1.7
2021,fraleja01,Jake Fraley,SEA,1.4
2021,anderbr06,Brian Anderson,MIA,1.2
2021,thomala02,Lane Thomas,2TM,0.7
2021,thomala02,Lane Thomas,STL,-0.4
2021,thomala02,Lane Thomas,WSN,1.1
2021,nunezdo01,Dom Nuñez,COL,-0.5
2021,merceye01,Yermín Mercedes,CHW,0.5
2021,tsutsyo01,Yoshi Tsutsugo,3TM,-0.9
2021,tsutsyo01,Yoshi Tsutsugo,2TM,-0.2
2021,tsutsyo01,Yoshi Tsutsugo,TBR,-0.6
2021,tsutsyo01,Yoshi Tsutsugo,LAD,-0.1
2021,tsutsyo01,Yoshi Tsutsugo,PIT,-0.1
2021,holtbr01,Brock Holt,TEX,0.0
2021,marshbr02,Brandon Marsh,LAA,0.2
2021,schwifr01,Frank Schwindel,2TM,1.7
2021,schwifr01,Frank Schwindel,OAK,0.0
2021,schwifr01,Frank Schwindel,CHC,1.8
2021,vogelda01,Daniel Vogelbach,MIL,-0.1
2021,panikjo01,Joe Panik,2TM,-1.6
2021,panikjo01,Joe Panik,TOR,-0.5
2021,panikjo01,Joe Panik,MIA,-1.1
2021,alberha01,Hanser Alberto,KCR,0.6
2021,alcanse01,Sergio Alcántara,CHC,0.4
2021,buxtoby01,Byron Buxton,MIN,4.9
2021,ohearry01,Ryan O'Hearn,KCR,-0.8
2021,morelmi01,Mitch Moreland,OAK,0.0
2021,changyu01,Yu Chang,CLE,0.2
2021,sanchje02,Jesús Sánchez,MIA,1.0
2021,coopega03,Garrett Cooper,MIA,1.0
2021,naylojo01,Josh Naylor,CLE,-0.1
2021,shawtr01,Travis Shaw,2TM,-0.6
2021,shawtr01,Travis Shaw,MIL,-0.5
2021,shawtr01,Travis Shaw,BOS,-0.1
2021,carpema01,Matt Carpenter,STL,-1.1
2021,kieboca01,Carter Kieboom,WSN,-1.0
2021,rendoan01,Anthony Rendon,LAA,0.0
2021,evansph01,Phillip Evans,PIT,-0.4
2021,garcilu04,Luis García Jr.,WSN,0.2
2021,suzukku01,Kurt Suzuki,LAA,-0.4
2021,espinsa01,Santiago Espinal,TOR,2.4
2021,garvemi01,Mitch Garver,MIN,2.1
2021,lasteto01,Tommy La Stella,SFG,0.3
2021,voitlu01,Luke Voit,NYY,0.3
2021,difowi01,Wilmer Difo,PIT,-0.1
2021,peterdj01,DJ Peters,2TM,0.0
2021,peterdj01,DJ Peters,LAD,0.1
2021,peterdj01,DJ Peters,TEX,-0.1
2021,hillisa01,Sam Hilliard,COL,0.8
2021,mercaos01,Óscar Mercado,CLE,1.0
2021,vogtst01,Stephen Vogt,2TM,-0.1
2021,vogtst01,Stephen Vogt,ARI,0.2
2021,vogtst01,Stephen Vogt,ATL,-0.3
2021,wardta01,Taylor Ward,LAA,0.6
2021,beatyma01,Matt Beaty,LAD,0.0
2021,pindech01,Chad Pinder,OAK,0.2
2021,casalcu01,Curt Casali,SFG,0.6
2021,colliza01,Zack Collins,CHW,-0.5
2021,jimenel02,Eloy Jiménez,CHW,0.7
2021,kirilal01,Alex Kirilloff,MIN,0.4
2021,perezmi03,Michael Pérez,PIT,-0.9
2021,darnatr01,Travis d'Arnaud,ATL,0.2
2021,gonzaer01,Erik González,PIT,-0.4
2021,barneau01,Austin Barnes,LAD,0.3
2021,sierrma01,Magneuris Sierra,MIA,0.0
2021,dahlda01,David Dahl,TEX,-0.8
2021,leonsa01,Sandy León,MIA,-0.8
2021,reyesvi01,Víctor Reyes,DET,0.0
2021,whiteel04,Eli White,TEX,-0.1
2021,delacbr01,Bryan De La Cruz,MIA,0.9
2021,frazicl01,Clint Frazier,NYY,-1.5
2021,mcguire01,Reese McGuire,TOR,0.3
2021,astudwi01,Willians Astudillo,MIN,-0.6
2021,gordoni01,Nick Gordon,MIN,0.1
2021,madrini01,Nick Madrigal,CHW,1.2
2021,rookebr01,Brent Rooker,MIN,-0.7
2021,stevean01,Andrew Stevenson,WSN,0.1
2021,davisjd01,J.D. Davis,NYM,0.8
2021,higasky01,Kyle Higashioka,NYY,0.5
2021,joeco01,Connor Joe,COL,1.7
2021,gimenan01,Andrés Giménez,CLE,0.9
2021,adriaeh01,Ehire Adrianza,ATL,0.5
2021,mateojo01,Jorge Mateo,2TM,0.5
2021,mateojo01,Jorge Mateo,SDP,0.3
2021,mateojo01,Jorge Mateo,BAL,0.2
2021,ozunama01,Marcell Ozuna,ATL,-0.1
2021,pinama01,Manny Piña,MIL,1.5
2021,moustmi01,Mike Moustakas,CIN,-1.1
2021,janseda01,Danny Jansen,TOR,1.3
2021,aquinar01,Aristides Aquino,CIN,-0.3
2021,milleow01,Owen Miller,CLE,-1.0
2021,marisja01,Jake Marisnick,2TM,0.0
2021,marisja01,Jake Marisnick,CHC,0.2
2021,marisja01,Jake Marisnick,SDP,-0.2
2021,hiurake01,Keston Hiura,MIL,-0.9
2021,mckenry01,Ryan McKenna,BAL,-0.2
2021,nolaau01,Austin Nola,SDP,0.9
2021,luplojo01,Jordan Luplow,2TM,0.6
2021,luplojo01,Jordan Luplow,CLE,0.4
2021,luplojo01,Jordan Luplow,TBR,0.2
2021,tauchmi01,Mike Tauchman,2TM,0.1
2021,tauchmi01,Mike Tauchman,NYY,-0.1
2021,tauchmi01,Mike Tauchman,SFG,0.1
2021,rengilu01,Luis Rengifo,LAA,-0.7
2021,kirkal01,Alejandro Kirk,TOR,0.9
2021,piscost01,Stephen Piscotty,OAK,-0.6
2021,dubonma01,Mauricio Dubón,SFG,0.3
2021,mendida01,Danny Mendick,CHW,-0.4
2021,contrwi02,William Contreras,ATL,0.1
2021,kniznan01,Andrew Knizner,STL,-0.3
2021,taverle01,Leody Taveras,TEX,-0.2
2021,rojasjo02,Jose Rojas,LAA,-0.7
2021,shortza01,Zack Short,DET,-0.7
2021,akiyash01,Shogo Akiyama,CIN,-0.9
2021,calhoko01,Kole Calhoun,ARI,0.0
2021,arroych01,Christian Arroyo,BOS,1.5
2021,mazarno01,Nomar Mazara,DET,-0.3
2021,sogarer01,Eric Sogard,CHC,-0.6
2021,castrja01,Jason Castro,HOU,1.0
2021,sheetga01,Gavin Sheets,CHW,0.1
2021,caveja01,Jake Cave,MIN,-0.8
2021,trammta01,Taylor Trammell,SEA,-0.2
2021,wallsta01,Taylor Walls,TBR,1.4
2021,almonab01,Abraham Almonte,ATL,-0.7
2021,plaweke01,Kevin Plawecki,BOS,0.2
2021,mckinza01,Zach McKinstry,LAD,-0.7
2021,hoernni01,Nico Hoerner,CHC,1.2
2021,lambja01,Jake Lamb,2TM,-0.2
2021,lambja01,Jake Lamb,CHW,0.1
2021,lambja01,Jake Lamb,TOR,-0.3
2021,brossmi01,Mike Brosseau,TBR,1.0
2021,hernayo02,Yonny Hernández,TEX,0.9
2021,meyerja02,Jake Meyers,HOU,1.1
2021,ramoswi01,Wilson Ramos,2TM,-0.4
2021,ramoswi01,Wilson Ramos,DET,-0.4
2021,ramoswi01,Wilson Ramos,CLE,0.0
2021,andujmi01,Miguel Andujar,NYY,-0.5
2021,nidoto01,Tomás Nido,NYM,0.4
2021,perezro02,Roberto Pérez,CLE,-0.1
2021,knappan01,Andrew Knapp,PHI,-1.5
2021,reddijo01,Josh Reddick,ARI,-0.4
2021,jankotr01,Travis Jankowski,PHI,0.5
2021,refsnro01,Rob Refsnyder,MIN,-0.1
2021,guilllu01,Luis Guillorme,NYM,0.5
2021,locasti01,Tim Locastro,2TM,-0.8
2021,locasti01,Tim Locastro,ARI,-0.7
2021,locasti01,Tim Locastro,NYY,0.0
2021,martija03,Jason Martin,TEX,-0.3
2021,perazjo01,José Peraza,NYM,0.0
2021,jacksal02,Alex Jackson,2TM,-0.5
2021,jacksal02,Alex Jackson,ATL,-0.3
2021,jacksal02,Alex Jackson,MIA,-0.3
2021,hillde01,Derek Hill,DET,-0.1
2021,parkho01,Hoy Park,2TM,-0.4
2021,parkho01,Hoy Park,NYY,0.0
2021,parkho01,Hoy Park,PIT,-0.3
2021,dysonja01,Jarrod Dyson,2TM,0.0
2021,dysonja01,Jarrod Dyson,KCR,0.0
2021,dysonja01,Jarrod Dyson,TOR,0.0
2021,alforan01,Anthony Alford,PIT,0.2
2021,raleica01,Cal Raleigh,SEA,-0.5
2021,lewisky01,Kyle Lewis,SEA,0.4
2021,troutmi01,Mike Trout,LAA,1.9
2021,wadety01,Tyler Wade,NYY,0.6
2021,nogowjo01,John Nogowski,2TM,-0.3
2021,nogowjo01,John Nogowski,STL,-0.3
2021,nogowjo01,John Nogowski,PIT,0.0
2021,ruizri01,Rio Ruiz,2TM,-0.6
2021,ruizri01,Rio Ruiz,BAL,-0.4
2021,ruizri01,Rio Ruiz,COL,-0.2
2021,adelljo01,Jo Adell,LAA,0.2
2021,engelad01,Adam Engel,CHW,1.5
2021,wynnsau01,Austin Wynns,BAL,-0.6
2021,williju02,Justin Williams,STL,-0.5
2021,cordefr02,Franchy Cordero,BOS,-0.7
2021,mondera02,Adalberto Mondesí,KCR,0.3
2021,hamilbi02,Billy Hamilton,CHW,0.3
2021,schroma01,Max Schrock,CIN,0.1
2021,clemeer01,Ernie Clement,CLE,-0.1
2021,tomka01,Ka'ai Tom,2TM,-0.5
2021,tomka01,Ka'ai Tom,OAK,-0.3
2021,tomka01,Ka'ai Tom,PIT,-0.1
2021,estrath01,Thairo Estrada,SFG,0.8
2021,matonni01,Nick Maton,PHI,0.2
2021,tuckeco01,Cole Tucker,PIT,-0.7
2021,diazle01,Lewin Díaz,MIA,0.9
2021,mercejo03,Jordy Mercer,WSN,0.1
2021,rogerja03,Jake Rogers,DET,1.2
2021,santada01,Danny Santana,BOS,-0.2
2021,hicksaa01,Aaron Hicks,NYY,-0.3
2021,gallaca01,Cam Gallagher,KCR,0.5
2021,nootbla01,Lars Nootbaar,STL,1.0
2021,senzeni01,Nick Senzel,CIN,-0.5
2021,chavimi01,Michael Chavis,2TM,-0.4
2021,chavimi01,Michael Chavis,BOS,-0.5
2021,chavimi01,Michael Chavis,PIT,0.1
2021,marmojo01,José Marmolejos,SEA,-0.6
2021,longsh01,Shed Long Jr.,SEA,-0.3
2021,adamsri03,Riley Adams,2TM,0.5
2021,adamsri03,Riley Adams,TOR,-0.4
2021,adamsri03,Riley Adams,WSN,0.9
2021,garciro02,Robel García,HOU,-0.9
2021,camerda01,Daz Cameron,DET,-0.3
2021,daviskh01,Khris Davis,2TM,-0.4
2021,daviskh01,Khris Davis,TEX,-0.2
2021,daviskh01,Khris Davis,OAK,-0.1
2021,chiriro01,Robinson Chirinos,CHC,0.2
2021,duranja01,Jarren Duran,BOS,-0.6
2021,avilaal01,Alex Avila,WSN,0.7
2021,olivaed02,Edward Olivares,KCR,0.0
2021,jonesta01,Taylor Jones,HOU,0.1
2021,willilu01,Luke Williams,PHI,0.1
2021,barretr01,Tres Barrera,WSN,0.5
2021,garliky01,Kyle Garlick,MIN,0.1
2021,parrage01,Gerardo Parra,WSN,-0.5
2021,smithke04,Kevan Smith,2TM,-0.8
2021,smithke04,Kevan Smith,TBR,0.0
2021,smithke04,Kevan Smith,ATL,-0.8
2021,jonesja07,JaCoby Jones,DET,-0.6
2021,martiri01,Richie Martin,BAL,-0.9
2021,whiteev01,Evan White,SEA,-0.6
2021,youngan02,Andrew Young,ARI,-0.7
2021,zavalse01,Seby Zavala,CHW,-0.2
2021,davisjo05,Jonathan Davis,2TM,-0.2
2021,davisjo05,Jonathan Davis,TOR,-0.1
2021,davisjo05,Jonathan Davis,NYY,-0.1
2021,riverem01,Emmanuel Rivera,KCR,0.2
2021,rortvbe01,Ben Rortvedt,MIN,-0.1
2021,valerbr01,Breyvic Valera,TOR,0.0
2021,ruizke01,Keibert Ruiz,2TM,0.5
2021,ruizke01,Keibert Ruiz,LAD,0.0
2021,ruizke01,Keibert Ruiz,WSN,0.5
2021,leybado01,Domingo Leyba,2TM,-1.2
2021,leybado01,Domingo Leyba,ARI,-0.5
2021,leybado01,Domingo Leyba,BAL,-0.7
2021,garciar01,Aramis Garcia,OAK,-0.4
2021,haggesa01,Sam Haggerty,SEA,-0.2
2021,castrro01,Rodolfo Castro,PIT,-0.4
2021,roberda10,Daniel Robertson,MIL,-0.3
2021,rondojo02,José Rondón,STL,0.2
2021,inciaen01,Ender Inciarte,ATL,-0.1
2021,arciaor01,Orlando Arcia,2TM,-0.1
2021,arciaor01,Orlando Arcia,MIL,-0.1
2021,arciaor01,Orlando Arcia,ATL,-0.1
2021,drurybr01,Brandon Drury,NYM,0.2
2021,mazeipa01,Patrick Mazeika,NYM,-0.2
2021,reyespa01,Pablo Reyes,MIL,0.7
2021,sandopa01,Pablo Sandoval,ATL,-0.2
2021,paredis01,Isaac Paredes,DET,-0.3
2021,ellisdr01,Drew Ellis,ARI,-0.7
2021,isbelky01,Kyle Isbel,KCR,0.6
2021,vargail01,Ildemaro Vargas,3TM,-0.4
2021,vargail01,Ildemaro Vargas,CHC,0.1
2021,vargail01,Ildemaro Vargas,PIT,-0.4
2021,vargail01,Ildemaro Vargas,ARI,-0.1
2021,siscoch01,Chance Sisco,2TM,-0.3
2021,siscoch01,Chance Sisco,BAL,-0.2
2021,siscoch01,Chance Sisco,NYM,-0.1
2021,blandal01,Alex Blandino,CIN,-0.2
2021,buehlwa01,Walker Buehler,LAD,0.0
2021,greingr01,Grayson Greiner,DET,0.0
2021,vosleja01,Jason Vosler,SFG,-0.9
2021,johnsda07,Daniel Johnson,CLE,-0.2
2021,riverre01,René Rivera,2TM,-0.1
2021,riverre01,René Rivera,CLE,-0.1
2021,riverre01,René Rivera,WSN,0.0
2021,pozoyo01,Yohel Pozo,TEX,-0.1
2021,rivaswe01,Webster Rivas,SDP,0.2
2021,vierlma01,Matt Vierling,PHI,0.2
2021,wilkest01,Stevie Wilkerson,BAL,-0.5
2021,arauzjo01,Jonathan Araúz,BOS,0.1
2021,alvared01,Eddy Alvarez,MIA,0.1
2021,wainwad01,Adam Wainwright,STL,0.2
2021,wheelza01,Zack Wheeler,PHI,0.1
2021,fordmi01,Mike Ford,NYY,-0.2
2021,jonesja08,Jahmai Jones,BAL,-0.6
2021,raleylu01,Luke Raley,LAD,-0.5
2021,mccarja02,Jake McCarthy,ARI,0.4
2021,uriasju01,Julio Urías,LAD,0.3
2021,joycema01,Matt Joyce,PHI,-0.6
2021,waltodo01,Donovan Walton,SEA,0.0
2021,garnedu01,Dustin Garneau,DET,0.5
2021,pachecr01,Cristian Pache,ATL,-0.7
2021,velazan01,Andrew Velazquez,NYY,0.0
2021,friedma01,Max Fried,ATL,0.7
2021,mahlety01,Tyler Mahle,CIN,-0.3
2021,neusesh01,Sheldon Neuse,LAD,-0.5
2021,wallach01,Chad Wallach,MIA,-0.8
2021,wongke01,Kean Wong,LAA,-0.6
2021,craigwi01,Will Craig,PIT,-0.6
2021,freemmi01,Mike Freeman,CIN,-0.5
2021,alcansa01,Sandy Alcantara,MIA,-0.3
2021,rominan01,Andrew Romine,CHC,-0.2
2021,corbipa01,Patrick Corbin,WSN,0.1
2021,nolaaa01,Aaron Nola,PHI,0.3
2021,scherma01,Max Scherzer,2TM,-0.7
2021,scherma01,Max Scherzer,WSN,-0.4
2021,scherma01,Max Scherzer,LAD,-0.3
2021,celesgi01,Gilberto Celestino,MIN,-0.3
2021,desclan01,Anthony DeSclafani,SFG,-0.2
2021,gausmke01,Kevin Gausman,SFG,0.2
2021,mortoch02,Charlie Morton,ATL,-0.2
2021,quinnro01,Roman Quinn,PHI,0.2
2021,rominau01,Austin Romine,CHC,-0.3
2021,hendrky01,Kyle Hendricks,CHC,-0.1
2021,ogradbr01,Brian O'Grady,SDP,0.1
2021,marquge01,Germán Márquez,COL,0.7
2021,riosed01,Edwin Ríos,LAD,-0.8
2021,boltsk01,Skye Bolt,2TM,-0.6
2021,boltsk01,Skye Bolt,SFG,-0.1
2021,boltsk01,Skye Bolt,OAK,-0.5
2021,burneco01,Corbin Burnes,MIL,0.1
2021,castilu02,Luis Castillo,CIN,0.1
2021,mileywa01,Wade Miley,CIN,0.3
2021,deshide02,Delino DeShields,CIN,0.3
2021,kellyme01,Merrill Kelly,ARI,-0.2
2021,stromma01,Marcus Stroman,NYM,0.3
2021,woodrbr01,Brandon Woodruff,MIL,0.0
2021,musgrjo01,Joe Musgrove,SDP,-0.2
2021,garcijo02,José Barrero,CIN,0.1
2021,marchra01,Rafael Marchán,PHI,0.2
2021,darviyu01,Yu Darvish,SDP,-0.1
2021,nunezre01,Renato Núñez,DET,-0.1
2021,ramoshe01,Henry Ramos,ARI,-0.5
2021,almoral01,Albert Almora,NYM,-0.7
2021,fargajo01,Johneshwy Fargas,2TM,0.1
2021,fargajo01,Johneshwy Fargas,NYM,0.3
2021,fargajo01,Johneshwy Fargas,CHC,-0.3
2021,webblo01,Logan Webb,SFG,0.2
2021,bumgama01,Madison Bumgarner,ARI,0.3
2021,mathiwy01,Wyatt Mathisen,ARI,-0.2
2021,senzaan01,Antonio Senzatela,COL,-0.5
2021,walketa01,Taijuan Walker,NYM,-0.1
2021,lestejo01,Jon Lester,2TM,0.3
2021,lestejo01,Jon Lester,WSN,0.1
2021,lestejo01,Jon Lester,STL,0.1
2021,grayjo02,Jon Gray,COL,-0.3
2021,marcatu01,Tucupita Marcano,SDP,-0.1
2021,owingch01,Chris Owings,COL,0.6
2021,trejoal01,Alan Trejo,COL,0.0
2021,rivasal01,Alfonso Rivas III,CHC,0.1
2021,sirijo01,Jose Siri,HOU,0.4
2021,allengr01,Greg Allen,NYY,0.5
2021,terrycu01,Curtis Terry,TEX,-0.7
2021,woodal02,Alex Wood,SFG,-0.3
2021,deverjo01,José Devers,MIA,-0.2
2021,fowledu01,Dustin Fowler,PIT,-0.5
2021,housead01,Adrian Houser,MIL,0.0
2021,rogertr01,Trevor Rogers,MIA,-0.2
2021,martini02,Nick Martini,CHC,-0.3
2021,peralfr01,Freddy Peralta,MIL,-0.2
2021,nottija01,Jacob Nottingham,2TM,-0.2
2021,nottija01,Jacob Nottingham,MIL,0.0
2021,nottija01,Jacob Nottingham,SEA,-0.2
2021,davieza02,Zach Davies,CHC,0.0
2021,gittech01,Chris Gittens,NYY,-0.2
2021,riverse01,Sebastián Rivero,KCR,-0.2
2021,brubajt01,JT Brubaker,PIT,-0.1
2021,feddeer01,Erick Fedde,WSN,-0.4
2021,grayso01,Sonny Gray,CIN,-0.1
2021,olivaja01,Jared Oliva,PIT,-0.4
2021,smylydr01,Drew Smyly,ATL,-0.4
2021,burgeja01,Jake Burger,CHW,0.4
2021,galleza01,Zac Gallen,ARI,0.2
2021,gombeau01,Austin Gomber,COL,-0.1
2021,gutievl01,Vladimir Gutierrez,CIN,-0.1
2021,paddach01,Chris Paddack,SDP,-0.2
2021,palacjo01,Joshua Palacios,TOR,-0.1
2021,anderia01,Ian Anderson,ATL,-0.2
2021,crowewi01,Wil Crowe,PIT,-0.2
2021,adamsma01,Matt Adams,COL,-0.3
2021,frazito01,Todd Frazier,PIT,-0.4
2021,freelky01,Kyle Freeland,COL,0.2
2021,godoyjo01,José Godoy,SEA,-0.1
2021,welkeco01,Colton Welker,COL,-0.4
2021,anderty01,Tyler Anderson,2TM,0.0
2021,anderty01,Tyler Anderson,PIT,0.0
2021,anderty01,Tyler Anderson,SEA,0.0
2021,bruceja01,Jay Bruce,NYY,-0.4
2021,heathni01,Nick Heath,ARI,-0.3
2021,kershcl01,Clayton Kershaw,LAD,0.2
2021,rossjo01,Joe Ross,WSN,0.5
2021,campulu01,Luis Campusano,SDP,-0.5
2021,deanau01,Austin Dean,STL,0.0
2021,hermomi01,Michael Hermosillo,CHC,0.0
2021,sanchad01,Adrián Sanchez,WSN,0.3
2021,stubbga01,Garrett Stubbs,HOU,-0.2
2021,cuetojo01,Johnny Cueto,SFG,0.0
2021,eflinza01,Zach Eflin,PHI,-0.3
2021,lauerer01,Eric Lauer,MIL,0.2
2021,machivi01,Vimael Machín,OAK,-0.3
2021,moniami01,Mickey Moniak,PHI,-0.3
2021,perdoge01,Geraldo Perdomo,ARI,0.3
2021,snellbl01,Blake Snell,SDP,-0.1
2021,willima10,Mason Williams,NYM,0.0
2021,buterdr01,Drew Butera,LAA,-0.5
2021,friedtj01,TJ Friedl,CIN,-0.1
2021,millsal02,Alec Mills,CHC,-0.3
2021,smithke05,Kevin Smith,TOR,-0.3
2021,souzast01,Steven Souza Jr.,LAD,-0.2
2021,lopezpa01,Pablo López,MIA,-0.1
2021,thomptr01,Trayce Thompson,CHC,0.6
2021,anderbr04,Brett Anderson,MIL,-0.2
2021,bauertr01,Trevor Bauer,LAD,-0.3
2021,forteni01,Nick Fortes,MIA,0.2
2021,gonzach01,Chi Chi González,COL,0.1
2021,heinesc01,Scott Heineman,CIN,-0.2
2021,holadbr01,Bryan Holaday,ARI,-0.1
2021,mailelu01,Luke Maile,MIL,0.3
2021,schebsc01,Scott Schebler,LAA,-0.4
2021,alzolad01,Adbert Alzolay,CHC,-0.2
2021,degroja01,Jacob deGrom,NYM,0.6
2021,espinpa01,Paolo Espino,WSN,0.1
2021,gonzaro01,Romy González,CHW,-0.1
2021,maybica01,Cameron Maybin,NYM,-0.3
2021,kellemi03,Mitch Keller,PIT,0.0
2021,ynoahu01,Huascar Ynoa,ATL,0.3
2021,deichgr01,Greg Deichmann,CHC,-0.4
2021,hicksjo02,John Hicks,TEX,0.3
2021,megilty01,Tylor Megill,NYM,0.3
2021,lavarry01,Ryan Lavarnway,CLE,0.0
2021,wolteto01,Tony Wolters,CHC,-0.3
2021,arrieja01,Jake Arrieta,2TM,0.2
2021,arrieja01,Jake Arrieta,CHC,0.0
2021,arrieja01,Jake Arrieta,SDP,0.1
2021,velasvi01,Vince Velasquez,2TM,0.0
2021,velasvi01,Vince Velasquez,PHI,-0.1
2021,velasvi01,Vince Velasquez,SDP,0.1
2021,hagerja01,Jake Hager,2TM,-0.1
2021,hagerja01,Jake Hager,NYM,-0.1
2021,hagerja01,Jake Hager,ARI,0.1
2021,gibsoky01,Kyle Gibson,2TM,0.1
2021,gibsoky01,Kyle Gibson,TEX,0.0
2021,gibsoky01,Kyle Gibson,PHI,0.1
2021,kimkw01,Kwang Hyun Kim,STL,0.2
2021,motteta01,Taylor Motter,2TM,0.0
2021,motteta01,Taylor Motter,COL,0.0
2021,motteta01,Taylor Motter,BOS,0.1
2021,bemboan01,Anthony Bemboom,LAA,-0.2
2021,weathry01,Ryan Weathers,SDP,0.1
2021,willitr01,Trevor Williams,2TM,0.1
2021,willitr01,Trevor Williams,CHC,0.1
2021,willitr01,Trevor Williams,NYM,0.0
2021,brujavi01,Vidal Bruján,TBR,-0.7
2021,flaheja01,Jack Flaherty,STL,0.3
2021,hillri01,Rich Hill,2TM,-0.1
2021,hillri01,Rich Hill,TBR,0.0
2021,hillri01,Rich Hill,NYM,-0.2
2021,flories01,Estevan Florial,NYY,0.3
2021,higgipj01,P.J. Higgins,CHC,-0.4
2021,martica04,Carlos Martínez,STL,-0.1
2021,smithca03,Caleb Smith,ARI,0.1
2021,wilsobr02,Bryse Wilson,2TM,-0.2
2021,wilsobr02,Bryse Wilson,ATL,0.0
2021,wilsobr02,Bryse Wilson,PIT,-0.2
2021,blanktr01,Travis Blankenhorn,2TM,-0.2
2021,blanktr01,Travis Blankenhorn,MIN,-0.1
2021,blanktr01,Travis Blankenhorn,NYM,-0.1
2021,kuhlch01,Chad Kuhl,PIT,-0.1
2021,lamarry01,Ryan LaMarre,NYY,0.0
2021,paytoma01,Mark Payton,CIN,-0.3
2021,grayjo03,Josiah Gray,2TM,-0.1
2021,grayjo03,Josiah Gray,LAD,0.0
2021,grayjo03,Josiah Gray,WSN,-0.1
2021,lopezal03,Alejo Lopez,CIN,-0.3
2021,suarera01,Ranger Suárez,PHI,0.2
2021,lucrojo01,Jonathan Lucroy,2TM,0.1
2021,lucrojo01,Jonathan Lucroy,WSN,0.0
2021,lucrojo01,Jonathan Lucroy,ATL,0.1
2021,oviedjo01,Johan Oviedo,STL,0.1
2021,weavelu01,Luke Weaver,ARI,0.1
2021,brantro01,Rob Brantly,NYY,-0.2
2021,fowlede01,Dexter Fowler,LAA,-0.2
2021,haselad01,Adam Haseley,PHI,-0.3
2021,perezhe01,Hernán Pérez,WSN,-0.4
2021,wilsoja04,Jacob Wilson,2TM,-0.1
2021,wilsoja04,Jacob Wilson,OAK,-0.1
2021,wilsoja04,Jacob Wilson,HOU,0.0
2021,moorema02,Matt Moore,PHI,-0.2
2021,peterda01,David Peterson,NYM,0.0
2021,stoketr01,Troy Stokes Jr.,PIT,0.0
2021,woodfja01,Jake Woodford,STL,-0.1
2021,luzarje01,Jesús Luzardo,2TM,0.1
2021,luzarje01,Jesús Luzardo,OAK,0.0
2021,luzarje01,Jesús Luzardo,MIA,0.1
2021,carraca01,Carlos Carrasco,NYM,-0.1
2021,gonsoto01,Tony Gonsolin,LAD,0.1
2021,kingesc01,Scott Kingery,PHI,-0.5
2021,marrede01,Deven Marrero,MIA,0.0
2021,camarjo01,Johan Camargo,ATL,-0.4
2021,gantjo01,John Gant,2TM,-0.2
2021,gantjo01,John Gant,STL,-0.2
2021,gantjo01,John Gant,MIN,0.0
2021,hernael01,Elieser Hernández,MIA,-0.1
2021,leekh01,Khalil Lee,NYM,-0.4
2021,nevinty01,Tyler Nevin,BAL,0.1
2021,priceda01,David Price,LAD,0.2
2021,thompza01,Zach Thompson,MIA,0.0
2021,toussto01,Touki Toussaint,ATL,-0.1
2021,trompch01,Chadwick Tromp,SFG,-0.2
2021,widenta01,Taylor Widener,ARI,-0.1
2021,faircst01,Stuart Fairchild,ARI,0.0
2021,guzmaro01,Ronald Guzmán,TEX,-0.2
2021,peacoma01,Matt Peacock,ARI,0.2
2021,smithri01,Riley Smith,ARI,-0.1
2021,tejedan01,Anderson Tejeda,TEX,-0.2
2021,henrypa01,Payton Henry,MIA,0.0
2021,hoffmje02,Jeff Hoffman,CIN,0.0
2021,lopezja03,Jack López,BOS,0.1
2021,morofma01,Max Moroff,STL,-0.3
2021,whitemi03,Mitch White,LAD,-0.1
2021,burnsan01,Andy Burns,LAD,0.0
2021,dejonch01,Chase De Jong,PIT,0.0
2021,happja01,J.A. Happ,STL,-0.1
2021,mikolmi01,Miles Mikolas,STL,-0.1
2021,padloke01,Kevin Padlo,2TM,-0.1
2021,padloke01,Kevin Padlo,TBR,-0.1
2021,padloke01,Kevin Padlo,SEA,0.0
2021,anderch01,Chase Anderson,PHI,-0.2
2021,jayjo02,Jon Jay,LAA,0.1
2021,kranima01,Max Kranick,PIT,-0.2
2021,rogerjo01,Josh Rogers,WSN,-0.1
2021,wongco01,Connor Wong,BOS,0.3
2021,giambtr01,Trent Giambrone,CHC,-0.1
2021,leblawa01,Wade LeBlanc,STL,-0.1
2021,lobatjo01,Jose Lobaton,CHC,-0.3
2021,mulleky01,Kyle Muller,ATL,0.0
2021,steelju01,Justin Steele,CHC,0.0
2021,willini01,Nick Williams,CHW,-0.3
2021,bonifjo01,Jorge Bonifacio,PHI,-0.3
2021,campber01,Eric Campbell,SEA,0.0
2021,kozmape01,Pete Kozma,OAK,0.2
2021,neideni01,Nick Neidert,MIA,-0.1
2021,tovarwi01,Wilfredo Tovar,NYM,-0.1
2021,crismna01,Nabil Crismatt,SDP,-0.1
2021,garrebr01,Braxton Garrett,MIA,0.0
2021,gilbety01,Tyler Gilbert,ARI,-0.1
2021,gonzalu03,Luis González,CHW,0.1
2021,harrimo01,Monte Harrison,MIA,0.1
2021,longsa01,Sam Long,SFG,0.0
2021,lopesti01,Tim Lopes,MIL,-0.2
2021,lucchjo01,Joey Lucchesi,NYM,-0.1
2021,millebr03,Brian Miller,MIA,-0.1
2021,munozya01,Yairo Muñoz,BOS,-0.2
2021,poteeco01,Cody Poteet,MIA,-0.1
2021,sampsad01,Adrian Sampson,CHC,-0.1
2021,beerse01,Seth Beer,ARI,0.1
2021,hollojo01,Jordan Holloway,MIA,0.0
2021,reksza01,Zach Reks,LAD,-0.1
2021,sanchaa01,Aaron Sanchez,SFG,-0.1
2021,cahiltr01,Trevor Cahill,PIT,0.0
2021,castier01,Erick Castillo,CHC,0.1
2021,cruzon01,Oneil Cruz,PIT,0.1
2021,davisja03,Jaylin Davis,SFG,-0.1
2021,mathije01,Jeff Mathis,ATL,-0.2
2021,mcbrory01,Ryan McBroom,KCR,0.0
2021,thomadi01,Dillon Thomas,SEA,0.0
2021,allenau01,Austin Allen,OAK,0.2
2021,barrelu01,Luis Barrera,OAK,0.1
2021,braulst01,Steven Brault,PIT,0.0
2021,ceasedy01,Dylan Cease,CHW,0.1
2021,eickhje01,Jerad Eickhoff,NYM,0.1
2021,fishede01,Derek Fisher,MIL,0.0
2021,kivlepa01,Patrick Kivlehan,SDP,0.1
2021,knehrre01,Reiss Knehr,SDP,-0.1
2021,mejiahu01,Humberto Mejía,ARI,0.0
2021,peterdi01,Dillon Peters,PIT,0.0
2021,santito01,Tony Santillan,CIN,0.0
2021,thaisma01,Matt Thaiss,LAA,-0.1
2021,thompke02,Keegan Thompson,CHC,0.0
2021,andrejo03,John Andreoli,SDP,0.0
2021,cabreed02,Edward Cabrera,MIA,0.0
2021,castehu01,Humberto Castellanos,ARI,0.2
2021,chacijh01,Jhoulys Chacín,COL,-0.1
2021,degotal01,Alex De Goti,HOU,0.1
2021,dorowry01,Ryan Dorow,TEX,-0.1
2021,howarsp01,Spencer Howard,2TM,0.2
2021,howarsp01,Spencer Howard,PHI,0.2
2021,howarsp01,Spencer Howard,TEX,0.0
2021,irvinco01,Cole Irvin,OAK,0.1
2021,kellebr01,Brad Keller,KCR,-0.1
2021,lametdi01,Dinelson Lamet,SDP,0.0
2021,martelu02,Luis Marté,MIA,-0.1
2021,minormi01,Mike Minor,KCR,-0.1
2021,ponceco01,Cody Ponce,PIT,-0.1
2021,robsoja01,Jacob Robson,DET,-0.2
2021,stammcr01,Craig Stammen,SDP,0.0
2021,strasst01,Stephen Strasburg,WSN,0.1
2021,viladry01,Ryan Vilade,COL,-0.1
2021,bartjo01,Joey Bart,SFG,0.0
2021,biebesh01,Shane Bieber,CLE,-0.1
2021,ciuffni01,Nick Ciuffo,BAL,0.1
2021,davidtu01,Tucker Davidson,ATL,-0.1
2021,davista01,Taylor Davis,PIT,0.1
2021,dawsoro01,Ronnie Dawson,HOU,-0.1
2021,garcilu05,Luis Garcia,HOU,-0.1
2021,goudeas01,Ashton Goudeau,2TM,0.0
2021,goudeas01,Ashton Goudeau,CIN,0.0
2021,goudeas01,Ashton Goudeau,COL,0.0
2021,gsellro01,Robert Gsellman,NYM,0.0
2021,harvema01,Matt Harvey,BAL,-0.1
2021,lylesjo01,Jordan Lyles,TEX,-0.1
2021,nolinse01,Sean Nolin,WSN,-0.1
2021,riddljt01,JT Riddle,MIN,0.2
2021,rodried05,Eduardo Rodríguez,BOS,-0.1
2021,sanmare01,Reiver Sanmartín,CIN,-0.1
2021,stripro01,Ross Stripling,TOR,-0.1
2021,alvarjo02,José Álvarez,SFG,0.1
2021,antonte01,Tejay Antone,CIN,0.0
2021,bishobr01,Braden Bishop,SEA,0.0
2021,boydma01,Matthew Boyd,DET,0.1
2021,bubickr01,Kris Bubic,KCR,-0.1
2021,campbpa02,Paul Campbell,MIA,-0.1
2021,castada01,Daniel Castano,MIA,0.0
2021,curtijo02,John Curtiss,2TM,-0.1
2021,curtijo02,John Curtiss,MIA,-0.1
2021,curtijo02,John Curtiss,MIL,0.0
2021,deleojo03,José De León,CIN,0.0
2021,falteba01,Bailey Falter,PHI,-0.1
2021,hurstsc01,Scott Hurst,STL,0.0
2021,lynnla01,Lance Lynn,CHW,0.0
2021,manaese01,Sean Manaea,OAK,0.2
2021,meansjo01,John Means,BAL,0.1
2021,owenhu01,Hunter Owen,PIT,-0.1
2021,ponceda01,Daniel Ponce de Leon,STL,-0.1
2021,rayro02,Robbie Ray,TOR,-0.1
2021,richaga01,Garrett Richards,BOS,0.1
2021,tomlijo01,Josh Tomlin,ATL,0.1
2021,ucetaed01,Edwin Uceta,LAD,0.0
2021,amburtr01,Trey Amburgey,NYY,-0.1
2021,arteahu01,Humberto Arteaga,WSN,-0.1
2021,ashbyaa01,Aaron Ashby,MIL,0.0
2021,bundydy01,Dylan Bundy,LAA,0.0
2021,castiiv01,Iván Castillo,SDP,0.0
2021,dunnida01,Dane Dunning,TEX,0.1
2021,frankse01,Seth Frankoff,ARI,0.0
2021,giolilu01,Lucas Giolito,CHW,0.0
2021,gonzama02,Marco Gonzales,SEA,0.0
2021,gushuta01,Taylor Gushue,CHC,-0.1
2021,hernaca04,Carlos Hernández,KCR,-0.1
2021,hessda01,David Hess,MIA,-0.1
2021,hudsoda02,Dakota Hudson,STL,0.1
2021,jacksan01,Andre Jackson,LAD,-0.1
2021,kaprija01,James Kaprielian,OAK,0.1
2021,kazmisc01,Scott Kazmir,SFG,0.0
2021,litteza01,Zack Littell,SFG,0.0
2021,maedake01,Kenta Maeda,MIN,0.0
2021,martico02,Corbin Martin,ARI,0.0
2021,maydu01,Dustin May,LAD,-0.1
2021,mcculla02,Lance McCullers Jr.,HOU,-0.1
2021,montafr02,Frankie Montas,OAK,0.0
2021,montgjo01,Jordan Montgomery,NYY,0.0
2021,ryuhy01,Hyun Jin Ryu,TOR,-0.1
2021,sanchal04,Ali Sánchez,STL,0.1
2021,sandopa02,Patrick Sandoval,LAA,0.0
2021,suterbr01,Brent Suter,MIL,-0.1
2021,underdu01,Duane Underwood Jr.,PIT,-0.1
2021,urquijo01,José Urquidy,HOU,0.0
2021,valdefr01,Framber Valdez,HOU,-0.1
2021,vesiaal01,Alex Vesia,LAD,0.0
2021,yarbrry01,Ryan Yarbrough,TBR,0.0
2021,youngal01,Alex Young,ARI,-0.1
2021,zimmebr02,Bruce Zimmermann,BAL,-0.1
2021,heanean01,Andrew Heaney,2TM,0.1
2021,heanean01,Andrew Heaney,LAA,0.1
2021,heanean01,Andrew Heaney,NYY,0.0
2021,berrijo01,José Berríos,2TM,-0.1
2021,berrijo01,José Berríos,MIN,0.0
2021,berrijo01,José Berríos,TOR,-0.1
2021,stockro01,Robert Stock,2TM,0.0
2021,stockro01,Robert Stock,CHC,0.0
2021,stockro01,Robert Stock,NYM,0.0
2021,rasmudr01,Drew Rasmussen,2TM,0.0
2021,rasmudr01,Drew Rasmussen,MIL,0.0
2021,rasmudr01,Drew Rasmussen,TBR,0.0
2021,abbotco01,Cory Abbott,CHC,0.0
2021,almonye01,Yency Almonte,COL,0.0
2021,barrija01,Jaime Barria,LAA,0.0
2021,bickfph01,Phil Bickford,2TM,0.1
2021,bickfph01,Phil Bickford,MIL,0.0
2021,bickfph01,Phil Bickford,LAD,0.1
2021,camarda01,Daniel Camarena,SDP,0.1
2021,chaveje01,Jesse Chavez,ATL,0.0
2021,clarkta01,Taylor Clarke,ARI,0.1
2021,cleavga01,Garrett Cleavinger,LAD,0.1
2021,detwiro01,Ross Detwiler,2TM,0.0
2021,detwiro01,Ross Detwiler,MIA,0.0
2021,detwiro01,Ross Detwiler,SDP,0.0
2021,diazmi02,Miguel Díaz,SDP,-0.1
2021,dunnju01,Justin Dunn,SEA,0.1
2021,duplajo01,Jon Duplantier,ARI,0.0
2021,eovalna01,Nathan Eovaldi,BOS,0.0
2021,fariaja01,Jake Faria,ARI,0.1
2021,flexech01,Chris Flexen,SEA,0.0
2021,germado01,Domingo Germán,NYY,0.0
2021,hoyinja01,Jared Hoying,TOR,-0.1
2021,jaxgr01,Griffin Jax,MIN,0.0
2021,kellyjo05,Joe Kelly,LAD,0.0
2021,mizeca01,Casey Mize,DET,0.0
2021,morimsh01,Shawn Morimando,MIA,0.0
2021,nelsoji02,Jimmy Nelson,LAD,0.0
2021,perezma02,Martín Pérez,BOS,0.0
2021,phillev01,Evan Phillips,LAD,0.0
2021,pinedmi01,Michael Pineda,MIN,-0.1
2021,ramirni01,Nick Ramirez,SDP,0.0
2021,rayco01,Corey Ray,MIL,0.0
2021,rodonca01,Carlos Rodón,CHW,0.0
2021,skubata01,Tarik Skubal,DET,0.0
2021,stewako01,Kohl Stewart,CHC,0.0
2021,vothau01,Austin Voth,WSN,0.1
2021,wachami01,Michael Wacha,TBR,0.0
2021,wrighky01,Kyle Wright,ATL,0.1
2021,yajurmi01,Miguel Yajure,PIT,0.0
2021,adonjo01,Joan Adon,WSN,0.0
2021,akinke01,Keegan Akin,BAL,0.0
2021,alexaty01,Tyler Alexander,DET,0.0
2021,allarko01,Kolby Allard,TEX,0.0
2021,anderta01,Tanner Anderson,PIT,-0.1
2021,arihako01,Kohei Arihara,TEX,0.0
2021,baragca01,Caleb Baragar,SFG,0.0
2021,bassich01,Chris Bassitt,OAK,0.0
2021,bendean01,Anthony Bender,MIA,0.0
2021,brothre01,Rex Brothers,CHC,0.0
2021,cimbead01,Adam Cimber,2TM,0.0
2021,cimbead01,Adam Cimber,MIA,0.0
2021,cimbead01,Adam Cimber,TOR,0.0
2021,civalaa01,Aaron Civale,CLE,0.0
2021,claysa01,Sam Clay,WSN,0.0
2021,detmere01,Reid Detmers,LAA,0.0
2021,elledse01,Seth Elledge,STL,0.0
2021,foltymi01,Mike Foltynewicz,TEX,0.0
2021,fulmeca01,Carson Fulmer,CIN,0.0
2021,garcija04,Jarlín García,SFG,0.0
2021,glasnty01,Tyler Glasnow,TBR,0.0
2021,gratebr01,Brusdar Graterol,LAD,0.0
2021,greinza01,Zack Greinke,HOU,0.0
2021,guerrju02,Junior Guerra,LAA,0.0
2021,gustaja01,Jandel Gustave,MIL,0.0
2021,harpery01,Ryne Harper,WSN,0.0
2021,junisja01,Jakob Junis,KCR,0.0
2021,kazmase01,Sean Kazmar Jr.,ATL,-0.1
2021,keuchda01,Dallas Keuchel,CHW,0.0
2021,kikucyu01,Yusei Kikuchi,SEA,0.0
2021,klubeco01,Corey Kluber,NYY,0.0
2021,knebeco01,Corey Knebel,LAD,0.0
2021,lambepe01,Peter Lambert,COL,0.0
2021,lopezjo02,Jorge López,BAL,0.0
2021,lowejo01,Josh Lowe,TBR,0.1
2021,matzst01,Steven Matz,TOR,0.0
2021,mccauda01,Darren McCaughan,SEA,0.0
2021,mckentr01,Triston McKenzie,CLE,0.1
2021,milneho01,Hoby Milner,MIL,0.0
2021,morgael01,Eli Morgan,CLE,0.0
2021,nanceto01,Tommy Nance,CHC,0.0
2021,newcose01,Sean Newcomb,ATL,0.0
2021,norrida01,Daniel Norris,2TM,0.0
2021,norrida01,Daniel Norris,DET,0.0
2021,norrida01,Daniel Norris,MIL,0.0
2021,oberba01,Bailey Ober,MIN,0.1
2021,odomjo01,Joseph Odom,TBR,0.0
2021,okertst01,Steven Okert,MIA,0.0
2021,oswalco01,Corey Oswalt,NYM,0.0
2021,paganem01,Emilio Pagán,SDP,0.0
2021,paynety01,Tyler Payne,CHC,-0.1
2021,peralwi01,Wily Peralta,DET,0.0
2021,perezci01,Cionel Pérez,CIN,0.0
2021,pivetni01,Nick Pivetta,BOS,0.0
2021,popza01,Zach Pop,MIA,0.0
2021,quantca01,Cal Quantrill,CLE,0.0
2021,quintjo01,Jose Quintana,2TM,0.1
2021,quintjo01,Jose Quintana,LAA,0.0
2021,quintjo01,Jose Quintana,SFG,0.1
2021,reaco01,Colin Rea,MIL,0.0
2021,reetzja01,Jakson Reetz,WSN,0.1
2021,reidfse01,Sean Reid-Foley,NYM,0.1
2021,rodrije01,Jefry Rodríguez,WSN,0.0
2021,romansa01,Sal Romano,2TM,0.0
2021,romansa01,Sal Romano,CIN,0.0
2021,romansa01,Sal Romano,MIL,0.0
2021,ryanjo04,Joe Ryan,MIN,0.0
2021,ryanky01,Kyle Ryan,CHC,0.0
2021,santade01,Dennis Santana,2TM,0.0
2021,santade01,Dennis Santana,LAD,0.0
2021,santade01,Dennis Santana,TEX,0.0
2021,schmicl01,Clarke Schmidt,NYY,0.0
2021,sheffju01,Justus Sheffield,SEA,0.1
2021,simslu01,Lucas Sims,CIN,0.0
2021,stratch01,Chris Stratton,PIT,0.0
2021,strichu01,Hunter Strickland,2TM,0.0
2021,strichu01,Hunter Strickland,LAA,0.0
2021,strichu01,Hunter Strickland,MIL,0.0
2021,stridsp01,Spencer Strider,ATL,0.0
2021,taillja01,Jameson Taillon,NYY,0.0
2021,webbja01,Jacob Webb,ATL,0.0
2021,whitlga01,Garrett Whitlock,BOS,0.1
2021,yamamjo01,Jordan Yamamoto,NYM,0.1
2021,alanirj01,R.J. Alaniz,CIN,0.0
2021,allenlo01,Logan Allen,CLE,0.0
2021,avilape01,Pedro Avila,SDP,0.0
2021,bandaan01,Anthony Banda,2TM,0.0
2021,bandaan01,Anthony Banda,NYM,0.0
2021,bandaan01,Anthony Banda,PIT,0.0
2021,bardda01,Daniel Bard,COL,0.1
2021,barnech01,Charlie Barnes,MIN,0.0
2021,bednada01,David Bednar,PIT,0.0
2021,bettial01,Alec Bettinger,MIL,0.0
2021,bleieri01,Richard Bleier,MIA,0.0
2021,bradlar01,Archie Bradley,PHI,0.0
2021,brebbjo01,John Brebbia,SFG,0.0
2021,brentja01,Jake Brentz,KCR,0.1
2021,bruihju01,Justin Bruihl,LAD,0.0
2021,cannigr01,Griffin Canning,LAA,0.0
2021,castery01,Ryan Castellani,COL,0.0
2021,chatwty01,Tyler Chatwood,2TM,0.0
2021,chatwty01,Tyler Chatwood,TOR,0.0
2021,chatwty01,Tyler Chatwood,SFG,0.0
2021,cobbal01,Alex Cobb,LAA,0.0
2021,coonrsa01,Sam Coonrod,PHI,0.0
2021,cortene01,Nestor Cortes,NYY,0.0
2021,couloda01,Danny Coulombe,MIN,0.0
2021,crousha01,Hans Crouse,PHI,0.0
2021,davisau01,Austin Davis,2TM,0.0
2021,davisau01,Austin Davis,PIT,0.0
2021,davisau01,Austin Davis,BOS,0.0
2021,diazye01,Yennsy Díaz,NYM,0.0
2021,diekmja01,Jake Diekman,OAK,0.0
2021,effrosc01,Scott Effross,CHC,0.0
2021,eshelto01,Thomas Eshelman,BAL,0.0
2021,felicma01,Mario Feliciano,MIL,0.0
2021,feltnry01,Ryan Feltner,COL,0.0
2021,fernaju01,Junior Fernández,STL,0.0
2021,flemijo01,Josh Fleming,TBR,0.0
2021,garciro03,Rony García,DET,0.0
2021,godleza01,Zack Godley,MIL,0.0
2021,guerrja01,Javy Guerra,WSN,0.0
2021,hammejd01,J.D. Hammer,PHI,0.0
2021,hembrhe01,Heath Hembree,2TM,0.0
2021,hembrhe01,Heath Hembree,NYM,0.0
2021,hembrhe01,Heath Hembree,CIN,0.0
2021,hendrry01,Ryan Hendrix,CIN,0.0
2021,hentgsa01,Sam Hentges,CLE,0.0
2021,holmecl01,Clay Holmes,2TM,0.0
2021,holmecl01,Clay Holmes,PIT,0.0
2021,holmecl01,Clay Holmes,NYY,0.0
2021,houckta01,Tanner Houck,BOS,0.0
2021,hunteto02,Tommy Hunter,NYM,0.1
2021,hutchdr01,Drew Hutchison,DET,0.0
2021,jacksja01,Jay Jackson,SFG,0.0
2021,janseke01,Kenley Jansen,LAD,0.0
2021,jewelja01,Jake Jewell,CHC,0.0
2021,jonesna01,Nate Jones,2TM,0.0
2021,jonesna01,Nate Jones,ATL,0.0
2021,jonesna01,Nate Jones,LAD,0.0
2021,kimbrcr01,Craig Kimbrel,2TM,0.0
2021,kimbrcr01,Craig Kimbrel,CHC,0.0
2021,kimbrcr01,Craig Kimbrel,CHW,0.0
2021,kingjo01,John King,TEX,0.0
2021,kopecmi01,Michael Kopech,CHW,0.0
2021,ladenty01,Tyler Ladendorf,CHC,0.0
2021,lindbjo01,Josh Lindblom,MIL,0.0
2021,lopezot01,Otto Lopez,TOR,0.0
2021,lorenmi01,Michael Lorenzen,CIN,0.0
2021,lugose01,Seth Lugo,NYM,0.1
2021,maderlu01,Luís Madero,MIA,0.0
2021,mannima02,Matt Manning,DET,0.0
2021,manoaal01,Alek Manoah,TOR,0.0
2021,matonph01,Phil Maton,2TM,0.0
2021,matonph01,Phil Maton,CLE,0.0
2021,matonph01,Phil Maton,HOU,0.0
2021,mcgowky01,Kyle McGowin,WSN,0.0
2021,mearsni01,Nick Mears,PIT,0.0
2021,medinad01,Adonis Medina,PHI,0.0
2021,mejiaje02,J.C. Mejía,CLE,0.0
2021,melanma01,Mark Melancon,SDP,0.0
2021,millesh01,Shelby Miller,2TM,0.0
2021,millesh01,Shelby Miller,CHC,0.0
2021,millesh01,Shelby Miller,PIT,0.0
2021,minteaj01,A.J. Minter,ATL,0.0
2021,morejad01,Adrián Morejón,SDP,0.0
2021,murphpa02,Patrick Murphy,WSN,0.0
2021,naughpa01,Packy Naughton,LAA,0.0
2021,nerishe01,Hector Neris,PHI,0.0
2021,nogosst01,Stephen Nogosek,NYM,0.0
2021,odorija01,Jake Odorizzi,HOU,0.0
2021,overtco01,Connor Overton,2TM,0.1
2021,overtco01,Connor Overton,TOR,0.0
2021,overtco01,Connor Overton,PIT,0.1
2021,poppese01,Sean Poppen,2TM,0.0
2021,poppese01,Sean Poppen,PIT,0.0
2021,poppese01,Sean Poppen,ARI,0.0
2021,ramirye01,Yefry Ramírez,LAD,0.0
2021,reedja02,Jake Reed,2TM,0.0
2021,reedja02,Jake Reed,LAD,0.0
2021,reedja02,Jake Reed,NYM,0.0
2021,reyesal02,Alex Reyes,STL,0.0
2021,richatr01,Trevor Richards,2TM,0.1
2021,richatr01,Trevor Richards,MIL,0.1
2021,richatr01,Trevor Richards,TOR,0.0
2021,rodrima01,Manuel Rodríguez,CHC,0.0
2021,rossora01,Ramón Rosso,PHI,0.0
2021,ruckemi01,Michael Rucker,CHC,0.0
2021,ruizjo01,José Ruiz,CHW,0.0
2021,salech01,Chris Sale,BOS,0.0
2021,sanchmi01,Miguel Sánchez,MIL,0.0
2021,santaed01,Edgar Santana,ATL,0.0
2021,sborzjo01,Josh Sborz,TEX,0.0
2021,selmasa01,Sam Selman,2TM,0.0
2021,selmasa01,Sam Selman,SFG,0.0
2021,selmasa01,Sam Selman,LAA,0.0
2021,sherfji01,James Sherfy,2TM,0.0
2021,sherfji01,James Sherfy,SFG,0.0
2021,sherfji01,James Sherfy,LAD,0.0
2021,smithdr01,Drew Smith,NYM,0.0
2021,suarejo01,José Suarez,LAA,0.0
2021,suerowa01,Wander Suero,WSN,0.0
2021,szaputh01,Thomas Szapucki,NYM,0.0
2021,topaju01,Justin Topa,MIL,0.0
2021,tropeni01,Nick Tropeano,2TM,0.0
2021,tropeni01,Nick Tropeano,SFG,0.0
2021,tropeni01,Nick Tropeano,NYM,0.0
2021,urenajo01,José Ureña,DET,0.0
2021,waddebr01,Brandon Waddell,STL,0.0
2021,watsoto01,Tony Watson,2TM,0.0
2021,watsoto01,Tony Watson,LAA,0.0
2021,watsoto01,Tony Watson,SFG,0.0
2021,webbty01,Tyler Webb,STL,0.0
2021,wilsoco01,Cody Wilson,WSN,0.0
2021,winklda01,Dan Winkler,CHC,0.0
2021,wislema01,Matt Wisler,2TM,0.0
2021,wislema01,Matt Wisler,SFG,0.0
2021,wislema01,Matt Wisler,TBR,0.0
2021,zimmejo02,Jordan Zimmermann,MIL,0.0
2021,zuberty01,Tyler Zuber,KCR,0.0
2021,abadfe01,Fernando Abad,BAL,0.0
2021,abreual01,Albert Abreu,NYY,0.0
2021,abreubr01,Bryan Abreu,HOU,0.0
2021,adamja01,Jason Adam,CHC,0.0
2021,adamsau02,Austin Adams,SDP,0.0
2021,aguilmi01,Miguel Aguilar,ARI,0.0
2021,alcaljo01,Jorge Alcala,MIN,0.0
2021,alexasc02,Scott Alexander,LAD,0.0
2021,altavda01,Dan Altavilla,SDP,0.0
2021,alvarjo03,José Alvarado,PHI,0.0
2021,andersh01,Shaun Anderson,SDP,0.0
2021,andrima01,Matt Andriese,2TM,0.0
2021,andrima01,Matt Andriese,BOS,0.0
2021,andrima01,Matt Andriese,SEA,0.0
2021,archech01,Chris Archer,TBR,0.0
2021,armstsh01,Shawn Armstrong,2TM,0.0
2021,armstsh01,Shawn Armstrong,BAL,0.0
2021,armstsh01,Shawn Armstrong,TBR,0.0
2021,avilalu01,Luis Avilán,WSN,0.0
2021,axforjo01,John Axford,MIL,0.0
2021,baldoal01,Alberto Baldonado,WSN,0.0
2021,barlojo01,Joe Barlow,TEX,0.0
2021,barlosc01,Scott Barlow,KCR,0.0
2021,barneja01,Jacob Barnes,2TM,0.0
2021,barneja01,Jacob Barnes,NYM,0.0
2021,barneja01,Jacob Barnes,TOR,0.0
2021,barnema01,Matt Barnes,BOS,0.0
2021,barraky01,Kyle Barraclough,MIN,0.0
2021,bassan01,Anthony Bass,MIA,0.0
2021,bedroca01,Cam Bedrosian,3TM,0.0
2021,bedroca01,Cam Bedrosian,2TM,0.0
2021,bedroca01,Cam Bedrosian,CIN,0.0
2021,bedroca01,Cam Bedrosian,OAK,0.0
2021,bedroca01,Cam Bedrosian,PHI,0.0
2021,beedety01,Tyler Beede,SFG,0.0
2021,bellaan01,Andrew Bellatti,MIA,0.0
2021,benjawe01,Wes Benjamin,TEX,0.0
2021,bergetr01,Travis Bergen,TOR,0.0
2021,betande01,Dellin Betances,NYM,0.0
2021,biagijo01,Joe Biagini,CHC,0.0
2021,biddlje01,Jesse Biddle,ATL,0.0
2021,bielabr01,Brandon Bielak,HOU,0.0
2021,borucry01,Ryan Borucki,TOR,0.0
2021,bostiak01,Akeem Bostick,NYM,0.0
2021,bowdebe01,Ben Bowden,COL,0.0
2021,boxbebr01,Brad Boxberger,MIL,0.0
2021,brachbr01,Brad Brach,CIN,0.0
2021,brasiry01,Ryan Brasier,BOS,0.0
2021,brittza01,Zack Britton,NYY,0.0
2021,brogdco01,Connor Brogdon,PHI,0.0
2021,buchtry01,Ryan Buchter,ARI,0.0
2021,bukaujb01,JB Bukauskas,ARI,0.0
2021,bummeaa01,Aaron Bummer,CHW,0.0
2021,burrry01,Ryan Burr,CHW,0.0
2021,burrobe01,Beau Burrows,MIN,0.0
2021,cabrege01,Génesis Cabrera,STL,0.0
2021,carltdr01,Drew Carlton,DET,0.0
2021,castidi01,Diego Castillo,2TM,0.0
2021,castidi01,Diego Castillo,TBR,0.0
2021,castidi01,Diego Castillo,SEA,0.0
2021,castrke01,Kervin Castro,SFG,0.0
2021,castrmi01,Miguel Castro,NYM,0.0
2021,cessalu01,Luis Cessa,2TM,0.0
2021,cessalu01,Luis Cessa,NYY,0.0
2021,cessalu01,Luis Cessa,CIN,0.0
2021,chafian01,Andrew Chafin,2TM,0.0
2021,chafian01,Andrew Chafin,CHC,0.0
2021,chafian01,Andrew Chafin,OAK,0.0
2021,chapmar01,Aroldis Chapman,NYY,0.0
2021,chargjt01,JT Chargois,2TM,0.0
2021,chargjt01,JT Chargois,SEA,0.0
2021,chargjt01,JT Chargois,TBR,0.0
2021,cishest01,Steve Cishek,LAA,0.0
2021,cisnejo01,José Cisnero,DET,0.0
2021,claseem01,Emmanuel Clase,CLE,0.0
2021,claudal01,Álex Claudio,LAA,0.0
2021,clippty01,Tyler Clippard,ARI,0.0
2021,coleaj01,A.J. Cole,TOR,0.0
2021,colomal01,Alex Colomé,MIN,0.0
2021,conlead01,Adam Conley,TBR,0.0
2021,contrro01,Roansy Contreras,PIT,0.0
2021,cottojh01,Jharel Cotton,TEX,0.0
2021,cousija01,Jake Cousins,MIL,0.0
2021,crichst01,Stefan Crichton,ARI,0.0
2021,crickky01,Kyle Crick,PIT,0.0
2021,crochga01,Garrett Crochet,CHW,0.0
2021,daviswa01,Wade Davis,KCR,0.0
2021,daytogr01,Grant Dayton,ATL,0.0
2021,degeubr01,Brett de Geus,2TM,0.0
2021,degeubr01,Brett de Geus,TEX,0.0
2021,degeubr01,Brett de Geus,ARI,0.0
2021,delosen01,Enyel De Los Santos,2TM,0.0
2021,delosen01,Enyel De Los Santos,PHI,0.0
2021,delosen01,Enyel De Los Santos,PIT,0.0
2021,delpomi01,Miguel Del Pozo,DET,0.0
2021,devench02,Chris Devenski,ARI,0.0
2021,diazed04,Edwin Díaz,NYM,0.0
2021,dicksbr01,Brandon Dickson,STL,0.0
2021,diplama01,Marcos Diplán,BAL,0.0
2021,dobnara01,Randy Dobnak,MIN,0.0
2021,dohyky01,Kyle Dohy,PHI,0.0
2021,dolisra01,Rafael Dolis,TOR,0.0
2021,dominse01,Seranthony Domínguez,PHI,0.0
2021,doolise01,Sean Doolittle,2TM,0.0
2021,doolise01,Sean Doolittle,CIN,0.0
2021,doolise01,Sean Doolittle,SEA,0.0
2021,dovalca01,Camilo Doval,SFG,0.0
2021,duffety01,Tyler Duffey,MIN,0.0
2021,duggero01,Robert Dugger,SEA,0.0
2021,edwarca01,Carl Edwards Jr.,ATL,0.0
2021,ellisch01,Chris Ellis,BAL,0.0
2021,estevca01,Carlos Estévez,COL,0.0
2021,evansde01,Demarcus Evans,TEX,0.0
2021,fairbpe01,Pete Fairbanks,TBR,0.0
2021,familje01,Jeurys Familia,NYM,0.0
2021,felizmi01,Michael Feliz,2TM,0.0
2021,felizmi01,Michael Feliz,PIT,0.0
2021,felizmi01,Michael Feliz,CIN,0.0
2021,felizne01,Neftalí Feliz,2TM,0.0
2021,felizne01,Neftalí Feliz,PHI,0.0
2021,felizne01,Neftalí Feliz,LAD,0.0
2021,fernaju02,Julian Fernández,COL,0.0
2021,feyerjo01,J.P. Feyereisen,2TM,0.0
2021,feyerjo01,J.P. Feyereisen,MIL,0.0
2021,feyerjo01,J.P. Feyereisen,TBR,0.0
2021,finneky01,Kyle Finnegan,WSN,0.0
2021,flaaja01,Jay Flaa,ATL,0.0
2021,fletcaa01,Aaron Fletcher,SEA,0.0
2021,florebe01,Bernardo Flores Jr.,STL,0.0
2021,florody01,Dylan Floro,MIA,0.0
2021,fostema01,Matt Foster,CHW,0.0
2021,friaslu01,Luis Frías,ARI,0.0
2021,frypa01,Paul Fry,BAL,0.0
2021,fulmemi01,Michael Fulmer,DET,0.0
2021,funkhky01,Kyle Funkhouser,DET,0.0
2021,gallegi01,Giovanny Gallegos,STL,0.0
2021,garcied01,Edgar García,CIN,0.0
2021,garcilu03,Luis García,STL,0.0
2021,garciyi01,Yimi García,2TM,0.0
2021,garciyi01,Yimi García,MIA,0.0
2021,garciyi01,Yimi García,HOU,0.0
2021,garream01,Amir Garrett,CIN,0.0
2021,gilbrlu01,Lucas Gilbreath,COL,0.0
2021,ginkeke01,Kevin Ginkel,ARI,0.0
2021,givenmy01,Mychal Givens,2TM,0.0
2021,givenmy01,Mychal Givens,COL,0.0
2021,givenmy01,Mychal Givens,CIN,0.0
2021,gonzavi02,Victor González,LAD,0.0
2021,graveke01,Kendall Graveman,2TM,0.0
2021,graveke01,Kendall Graveman,SEA,0.0
2021,graveke01,Kendall Graveman,HOU,0.0
2021,greench03,Chad Green,NYY,0.0
2021,greenco01,Conner Greene,2TM,0.0
2021,greenco01,Conner Greene,BAL,0.0
2021,greenco01,Conner Greene,LAD,0.0
2021,greensh02,Shane Greene,2TM,0.0
2021,greensh02,Shane Greene,ATL,0.0
2021,greensh02,Shane Greene,LAD,0.0
2021,guentse01,Sean Guenther,MIA,0.0
2021,guerrde01,Deolis Guerra,OAK,0.0
2021,guerrja02,Javy Guerra,SDP,0.0
2021,guilmpr01,Preston Guilmet,MIA,0.0
2021,guzmajo04,Jorge Guzmán,MIA,0.0
2021,haderjo01,Josh Hader,MIL,0.0
2021,haleda02,David Hale,PHI,0.0
2021,handbr01,Brad Hand,3TM,0.0
2021,handbr01,Brad Hand,2TM,0.0
2021,handbr01,Brad Hand,WSN,0.0
2021,handbr01,Brad Hand,NYM,0.0
2021,handbr01,Brad Hand,TOR,0.0
2021,hanhoer01,Eric Hanhold,BAL,0.0
2021,hardybl01,Blaine Hardy,MIL,0.0
2021,harriwi10,Will Harris,WSN,0.0
2021,hartlge01,Geoff Hartlieb,2TM,0.0
2021,hartlge01,Geoff Hartlieb,PIT,0.0
2021,hartlge01,Geoff Hartlieb,NYM,0.0
2021,hearnta01,Taylor Hearn,TEX,0.0
2021,helslry01,Ryan Helsley,STL,0.0
2021,hendrli01,Liam Hendriks,CHW,0.0
2021,hergeji01,Jimmy Herget,LAA,0.0
2021,hernada02,Darwinzon Hernández,BOS,0.0
2021,heuerco01,Codi Heuer,2TM,0.0
2021,heuerco01,Codi Heuer,CHW,0.0
2021,heuerco01,Codi Heuer,CHC,0.0
2021,hicksjo03,Jordan Hicks,STL,0.0
2021,hildetr01,Trevor Hildenberger,NYM,0.0
2021,hillti01,Tim Hill,SDP,0.0
2021,hollade01,Derek Holland,DET,0.0
2021,hollagr01,Greg Holland,KCR,0.0
2021,howarsa01,Sam Howard,PIT,0.0
2021,hoytja01,James Hoyt,LAA,0.0
2021,hudsoda01,Daniel Hudson,2TM,0.0
2021,hudsoda01,Daniel Hudson,WSN,0.0
2021,hudsoda01,Daniel Hudson,SDP,0.0
2021,iglesra01,Raisel Iglesias,LAA,0.0
2021,jackslu01,Luke Jackson,ATL,0.0
2021,jamesjo02,Josh James,HOU,0.0
2021,javiecr01,Cristian Javier,HOU,0.0
2021,jimenjo02,Joe Jiménez,DET,0.0
2021,johnspi01,Pierce Johnson,SDP,0.0
2021,jonesda07,Damon Jones,PHI,0.0
2021,karinja01,James Karinchak,CLE,0.0
2021,kelake01,Keone Kela,SDP,0.0
2021,kelleky01,Kyle Keller,PIT,0.0
2021,kenneia01,Ian Kennedy,2TM,0.0
2021,kenneia01,Ian Kennedy,TEX,0.0
2021,kenneia01,Ian Kennedy,PHI,0.0
2021,kickhmi01,Mike Kickham,LAD,0.0
2021,kingmi01,Michael King,NYY,0.0
2021,kinlety01,Tyler Kinley,COL,0.0
2021,kintzbr01,Brandon Kintzler,PHI,0.0
2021,kittran01,Andrew Kittredge,TBR,0.0
2021,kloboga01,Gabe Klobosits,WSN,0.0
2021,kolarad01,Adam Kolarek,OAK,0.0
2021,kriskbr01,Brooks Kriske,BAL,0.0
2021,krugeja01,Jack Kruger,LAA,0.0
2021,lakintr01,Travis Lakins Sr.,BAL,0.0
2021,langeal01,Alex Lange,DET,0.0
2021,lawreju01,Justin Lawrence,COL,0.0
2021,leedy01,Dylan Lee,ATL,0.0
2021,leonedo01,Dominic Leone,SFG,0.0
2021,lintz02,Tzu-Wei Lin,MIN,0.0
2021,llovema01,Mauricio Llovera,PHI,0.0
2021,loaisjo01,Jonathan Loáisiga,NYY,0.0
2021,lobstky01,Kyle Lobstein,WSN,0.0
2021,lopezre01,Reynaldo López,CHW,0.0
2021,lopezyo01,Yoan López,ARI,0.0
2021,loupaa01,Aaron Loup,NYM,0.0
2021,lovelri01,Richard Lovelady,KCR,0.0
2021,luetglu01,Lucas Luetge,NYY,0.0
2021,machaan02,Andrés Machado,WSN,0.0
2021,mantijo01,Joe Mantiply,ARI,0.0
2021,mapledi01,Dillon Maples,CHC,0.0
2021,martibr01,Brett Martin,TEX,0.0
2021,martich02,Chris Martin,ATL,0.0
2021,matzety01,Tyler Matzek,ATL,0.0
2021,maytr01,Trevor May,NYM,0.0
2021,mayermi01,Mike Mayers,LAA,0.0
2021,mayzati01,Tim Mayza,TOR,0.0
2021,mcfartj01,T.J. McFarland,STL,0.0
2021,mcgeeja01,Jake McGee,SFG,0.0
2021,mchugco01,Collin McHugh,TBR,0.0
2021,mcraeal01,Alex McRae,CHW,0.0
2021,megiltr01,Trevor Megill,CHC,0.0
2021,meisiry01,Ryan Meisinger,CHC,0.0
2021,mellake01,Keury Mella,ARI,0.0
2021,menezco01,Conner Menez,SFG,0.0
2021,middlke01,Keynan Middleton,SEA,0.0
2021,millean01,Andrew Miller,STL,0.0
2021,milleju02,Justin Miller,2TM,0.0
2021,milleju02,Justin Miller,WSN,0.0
2021,milleju02,Justin Miller,STL,0.0
2021,millswy01,Wyatt Mills,SEA,0.0
2021,minayju01,Juan Minaya,MIN,0.0
2021,misiean01,Anthony Misiewicz,SEA,0.0
2021,mitchbr01,Bryan Mitchell,MIA,0.0
2021,montera01,Rafael Montero,2TM,0.0
2021,montera01,Rafael Montero,SEA,0.0
2021,montera01,Rafael Montero,HOU,0.0
2021,moretda01,Dauri Moreta,CIN,0.0
2021,morgaad01,Adam Morgan,CHC,0.0
2021,moronre01,Reyes Moronta,SFG,0.0
2021,nelsoky01,Kyle Nelson,CLE,0.0
2021,northaa01,Aaron Northcraft,SDP,0.0
2021,norwoja01,James Norwood,SDP,0.0
2021,nunezda01,Darién Núñez,LAD,0.0
2021,ortegol01,Oliver Ortega,LAA,0.0
2021,osichjo01,Josh Osich,CIN,0.0
2021,ottavad01,Adam Ottavino,BOS,0.0
2021,oviedlu01,Luis Oviedo,PIT,0.0
2021,parkebl01,Blake Parker,CLE,0.0
2021,pattosp01,Spencer Patton,TEX,0.0
2021,paulida01,David Paulino,PHI,0.0
2021,payamjo01,Joel Payamps,2TM,0.0
2021,payamjo01,Joel Payamps,TOR,0.0
2021,payamjo01,Joel Payamps,KCR,0.0
2021,peralwa01,Wandy Peralta,2TM,0.0
2021,peralwa01,Wandy Peralta,SFG,0.0
2021,peralwa01,Wandy Peralta,NYY,0.0
2021,perdoan01,Angel Perdomo,MIL,0.0
2021,perezol01,Óliver Pérez,CLE,0.0
2021,petityu01,Yusmeiro Petit,OAK,0.0
2021,petrija01,Jake Petricka,LAA,0.0
2021,plutkad01,Adam Plutko,BAL,0.0
2021,pomerdr01,Drew Pomeranz,SDP,0.0
2021,pressry01,Ryan Pressly,HOU,0.0
2021,pruitau01,Austin Pruitt,MIA,0.0
2021,quackke01,Kevin Quackenbush,LAD,0.0
2021,quijajo01,José Quijada,LAA,0.0
2021,raineta01,Tanner Rainey,WSN,0.0
2021,raleybr01,Brooks Raley,HOU,0.0
2021,ramirer02,Erasmo Ramírez,DET,0.0
2021,ramirno01,Noé Ramirez,2TM,0.0
2021,ramirno01,Noé Ramirez,LAA,0.0
2021,ramirno01,Noé Ramirez,ARI,0.0
2021,ramirro02,Roel Ramírez,STL,0.0
2021,ramiryo01,Yohan Ramírez,SEA,0.0
2021,ramosaj01,AJ Ramos,LAA,0.0
2021,riosya01,Yacksel Ríos,BOS,0.0
2021,robleha01,Hansel Robles,2TM,0.0
2021,robleha01,Hansel Robles,MIN,0.0
2021,robleha01,Hansel Robles,BOS,0.0
2021,rodrich01,Chris Rodriguez,LAA,0.0
2021,rodrijo06,Joely Rodríguez,2TM,0.0
2021,rodrijo06,Joely Rodríguez,TEX,0.0
2021,rodrijo06,Joely Rodríguez,NYY,0.0
2021,rodriri05,Richard Rodríguez,2TM,0.0
2021,rodriri05,Richard Rodríguez,PIT,0.0
2021,rodriri05,Richard Rodríguez,ATL,0.0
2021,roech01,Chaz Roe,TBR,0.0
2021,rogerta01,Taylor Rogers,MIN,0.0
2021,rogerty01,Tyler Rogers,SFG,0.0
2021,romanjo03,Jordan Romano,TOR,0.0
2021,romerjh01,Jhon Romero,WSN,0.0
2021,romerjo01,JoJo Romero,PHI,0.0
2021,romose01,Sergio Romo,OAK,0.0
2021,rondoan01,Angel Rondón,STL,0.0
2021,rosscza01,Zac Rosscup,COL,0.0
2021,sadleca02,Casey Sadler,SEA,0.0
2021,sanchcr01,Cristopher Sánchez,PHI,0.0
2021,sandlni01,Nick Sandlin,CLE,0.0
2021,santaer01,Ervin Santana,KCR,0.0
2021,santoan02,Antonio Santos,COL,0.0
2021,santogr01,Gregory Santos,SFG,0.0
2021,sauceta01,Tayler Saucedo,TOR,0.0
2021,sawamhi01,Hirokazu Sawamura,BOS,0.0
2021,scottta01,Tanner Scott,BAL,0.0
2021,sewalpa01,Paul Sewald,SEA,0.0
2021,shawbr01,Bryan Shaw,CLE,0.0
2021,sheffjo01,Jordan Sheffield,COL,0.0
2021,sherrry01,Ryan Sherriff,TBR,0.0
2021,shrevch01,Chasen Shreve,PIT,0.0
2021,sittibr01,Brandyn Sittinger,ARI,0.0
2021,slegeaa01,Aaron Slegers,LAA,0.0
2021,smithbu03,Burch Smith,OAK,0.0
2021,smithjo05,Joe Smith,HOU,0.0
2021,smithwi04,Will Smith,ATL,0.0
2021,sneadki01,Kirby Snead,TOR,0.0
2021,solompe01,Peter Solomon,HOU,0.0
2021,soriajo01,Joakim Soria,ARI,0.0
2021,sotogr01,Gregory Soto,DET,0.0
2021,spitzsh01,Shea Spitzbarth,PIT,0.0
2021,sprinje01,Jeffrey Springs,TBR,0.0
2021,stanery01,Ryne Stanek,HOU,0.0
2021,stashco01,Cody Stashak,MIN,0.0
2021,staumjo01,Josh Staumont,KCR,0.0
2021,steckdr01,Drew Steckenrider,SEA,0.0
2021,stephtr01,Trevor Stephan,CLE,0.0
2021,stephro01,Robert Stephenson,COL,0.0
2021,strahma01,Matt Strahm,SDP,0.0
2021,stroppe01,Pedro Strop,CHC,0.0
2021,sulseco01,Cole Sulser,BAL,0.0
2021,swanser01,Erik Swanson,SEA,0.0
2021,swarzan01,Anthony Swarzak,2TM,0.0
2021,swarzan01,Anthony Swarzak,ARI,0.0
2021,swarzan01,Anthony Swarzak,KCR,0.0
2021,syndeno01,Noah Syndergaard,NYM,0.0
2021,tapiado01,Domingo Tapia,KCR,0.0
2021,tarplst01,Stephen Tarpley,NYM,0.0
2021,tatedi01,Dillon Tate,BAL,0.0
2021,taylobl01,Blake Taylor,HOU,0.0
2021,taylojo02,Josh Taylor,BOS,0.0
2021,teperry01,Ryan Tepera,2TM,0.0
2021,teperry01,Ryan Tepera,CHC,0.0
2021,teperry01,Ryan Tepera,CHW,0.0
2021,thielca01,Caleb Thielbar,MIN,0.0
2021,thompma02,Mason Thompson,2TM,0.0
2021,thompma02,Mason Thompson,SDP,0.0
2021,thompma02,Mason Thompson,WSN,0.0
2021,thompry02,Ryan Thompson,TBR,0.0
2021,thorntr01,Trent Thornton,TOR,0.0
2021,ticety01,Ty Tice,ATL,0.0
2021,treinbl01,Blake Treinen,LAD,0.0
2021,trivilo01,Lou Trivino,OAK,0.0
2021,tylerky01,Kyle Tyler,LAA,0.0
2021,valdece01,César Valdez,BAL,0.0
2021,valdeph01,Phillips Valdéz,BOS,0.0
2021,vasquan02,Andrew Vasquez,LAD,0.0
2021,vestwi01,Will Vest,SEA,0.0
2021,wantzan01,Andrew Wantz,LAA,0.0
2021,warrear01,Art Warren,CIN,0.0
2021,warreau01,Austin Warren,LAA,0.0
2021,weberry01,Ryan Weber,MIL,0.0
2021,weemsjo01,Jordan Weems,2TM,0.0
2021,weemsjo01,Jordan Weems,OAK,0.0
2021,weemsjo01,Jordan Weems,ARI,0.0
2021,weigepa01,Patrick Weigel,MIL,0.0
2021,wellsty01,Tyler Wells,BAL,0.0
2021,wendejb01,J.B. Wendelken,2TM,0.0
2021,wendejb01,J.B. Wendelken,OAK,0.0
2021,wendejb01,J.B. Wendelken,ARI,0.0
2021,whitlko01,Kodi Whitley,STL,0.0
2021,wickro01,Rowan Wick,CHC,0.0
2021,wieckbr01,Brad Wieck,CHC,0.0
2021,willide03,Devin Williams,MIL,0.0
2021,willita01,Taylor Williams,2TM,0.0
2021,willita01,Taylor Williams,SDP,0.0
2021,willita01,Taylor Williams,MIA,0.0
2021,wilsoju10,Justin Wilson,CIN,0.0
2021,wittgni01,Nick Wittgren,CLE,0.0
2021,workmbr01,Brandon Workman,2TM,0.0
2021,workmbr01,Brandon Workman,CHC,0.0
2021,workmbr01,Brandon Workman,BOS,0.0
2021,yanghy01,Hyeon-jong Yang,TEX,0.0
2021,yardler01,Eric Yardley,MIL,0.0
2021,zimmeky01,Kyle Zimmer,KCR,0.0
2022,semiema01,Marcus Semien,TEX,5.7
2022,freemfr01,Freddie Freeman,LAD,6.2
2022,turnetr01,Trea Turner,LAD,5.2
2022,guerrvl02,Vladimir Guerrero Jr.,TOR,4.0
2022,lindofr01,Francisco Lindor,NYM,5.4
2022,olsonma02,Matt Olson,ATL,3.3
2022,bichebo01,Bo Bichette,TOR,3.7
2022,judgeaa01,Aaron Judge,NYY,10.8
2022,swansda01,Dansby Swanson,ATL,5.5
2022,rileyau01,Austin Riley,ATL,6.4
2022,alonspe01,Pete Alonso,NYM,4.4
2022,ramirjo01,José Ramírez,CLE,5.9
2022,croneja01,Jake Cronenworth,SDP,3.9
2022,abreujo02,José Abreu,CHW,4.3
2022,nimmobr01,Brandon Nimmo,NYM,5.0
2022,hoskirh01,Rhys Hoskins,PHI,3.0
2022,mullice01,Cedric Mullins,BAL,4.0
2022,yelicch01,Christian Yelich,MIL,2.5
2022,rosaram01,Amed Rosario,CLE,4.2
2022,schwaky01,Kyle Schwarber,PHI,2.3
2022,walkech02,Christian Walker,ARI,5.0
2022,ohtansh01,Shohei Ohtani,LAA,3.4
2022,sotoju01,Juan Soto,2TM,5.5
2022,sotoju01,Juan Soto,WSN,3.7
2022,sotoju01,Juan Soto,SDP,1.7
2022,seageco01,Corey Seager,TEX,3.8
2022,profaju01,Jurickson Profar,SDP,2.9
2022,garciad02,Adolis García,TEX,3.7
2022,bregmal01,Alex Bregman,HOU,4.5
2022,goldspa01,Paul Goldschmidt,STL,7.7
2022,santaan02,Anthony Santander,BAL,2.1
2022,belljo02,Josh Bell,2TM,2.9
2022,belljo02,Josh Bell,WSN,3.3
2022,belljo02,Josh Bell,SDP,-0.5
2022,arozara01,Randy Arozarena,TBR,2.5
2022,lowena01,Nathaniel Lowe,TEX,3.2
2022,machama01,Manny Machado,SDP,6.8
2022,verdual01,Alex Verdugo,BOS,0.9
2022,happia01,Ian Happ,CHC,4.3
2022,bettsmo01,Mookie Betts,LAD,6.7
2022,kwanst01,Steven Kwan,CLE,5.7
2022,croncj01,C.J. Cron,COL,2.3
2022,wittbo02,Bobby Witt Jr.,KCR,0.9
2022,bogaexa01,Xander Bogaerts,BOS,5.7
2022,bohmal01,Alec Bohm,PHI,0.9
2022,edmanto01,Tommy Edman,STL,6.2
2022,suareeu01,Eugenio Suárez,SEA,4.1
2022,phamth01,Tommy Pham,2TM,0.4
2022,phamth01,Tommy Pham,CIN,0.7
2022,phamth01,Tommy Pham,BOS,-0.3
2022,chapmma01,Matt Chapman,TOR,3.7
2022,arenano01,Nolan Arenado,STL,7.9
2022,adamewi01,Willy Adames,MIL,4.3
2022,hernace02,César Hernández,WSN,0.5
2022,deverra01,Rafael Devers,BOS,4.5
2022,reynobr01,Bryan Reynolds,PIT,3.0
2022,francty01,Ty France,SEA,3.0
2022,murphse01,Sean Murphy,OAK,3.7
2022,mountry01,Ryan Mountcastle,BAL,1.6
2022,tuckeky01,Kyle Tucker,HOU,5.5
2022,altuvjo01,Jose Altuve,HOU,5.2
2022,arraelu01,Luis Arraez,MIN,4.1
2022,crawfjp01,J.P. Crawford,SEA,2.7
2022,florewi01,Wilmer Flores,SFG,0.9
2022,fraziad01,Adam Frazier,SEA,0.9
2022,tellero01,Rowdy Tellez,MIL,0.8
2022,mcmahry01,Ryan McMahon,COL,3.2
2022,martijd02,J.D. Martinez,BOS,1.1
2022,strawmy01,Myles Straw,CLE,2.7
2022,varshda01,Daulton Varsho,ARI,4.9
2022,baezja01,Javier Báez,DET,2.4
2022,correca01,Carlos Correa,MIN,5.3
2022,mcneije01,Jeff McNeil,NYM,5.9
2022,mancitr01,Trey Mancini,2TM,1.5
2022,mancitr01,Trey Mancini,BAL,1.9
2022,mancitr01,Trey Mancini,HOU,-0.5
2022,gourryu01,Yuli Gurriel,HOU,-0.2
2022,farmeky01,Kyle Farmer,CIN,1.2
2022,springe01,George Springer,TOR,4.2
2022,haysau01,Austin Hays,BAL,2.9
2022,kimha01,Ha-Seong Kim,SDP,5.0
2022,rodgebr02,Brendan Rodgers,COL,4.3
2022,mccutan01,Andrew McCutchen,MIL,1.0
2022,smithwi05,Will Smith,LAD,4.5
2022,blackch02,Charlie Blackmon,COL,0.2
2022,andruel01,Elvis Andrus,2TM,3.1
2022,andruel01,Elvis Andrus,OAK,1.4
2022,andruel01,Elvis Andrus,CHW,1.7
2022,torregl01,Gleyber Torres,NYY,4.1
2022,drurybr01,Brandon Drury,2TM,2.7
2022,drurybr01,Brandon Drury,CIN,2.3
2022,drurybr01,Brandon Drury,SDP,0.5
2022,voitlu01,Luke Voit,2TM,0.7
2022,voitlu01,Luke Voit,SDP,0.6
2022,voitlu01,Luke Voit,WSN,0.1
2022,muncyma01,Max Muncy,LAD,3.1
2022,wardta01,Taylor Ward,LAA,3.5
2022,realmjt01,J.T. Realmuto,PHI,6.5
2022,alvaryo01,Yordan Alvarez,HOU,6.8
2022,hayeske01,Ke'Bryan Hayes,PIT,4.5
2022,rodriju01,Julio Rodríguez,SEA,6.2
2022,casteni01,Nick Castellanos,PHI,-0.1
2022,diazya01,Yandy Díaz,TBR,3.4
2022,kempto01,Tony Kemp,OAK,1.3
2022,marteke01,Ketel Marte,ARI,1.4
2022,penaje02,Jeremy Peña,HOU,5.0
2022,yastrmi01,Mike Yastrzemski,SFG,2.0
2022,gimenan01,Andrés Giménez,CLE,7.4
2022,brownse01,Seth Brown,OAK,1.9
2022,vaughan01,Andrew Vaughn,CHW,-0.3
2022,urshegi01,Gio Urshela,MIN,2.9
2022,bellico01,Cody Bellinger,LAD,1.3
2022,merriwh01,Whit Merrifield,2TM,-0.2
2022,merriwh01,Whit Merrifield,KCR,-0.3
2022,merriwh01,Whit Merrifield,TOR,0.1
2022,rizzoan01,Anthony Rizzo,NYY,2.3
2022,thomala02,Lane Thomas,WSN,1.6
2022,winkeje01,Jesse Winker,SEA,-0.1
2022,donaljo02,Josh Donaldson,NYY,2.2
2022,canhama01,Mark Canha,NYM,2.5
2022,escobed01,Eduardo Escobar,NYM,1.2
2022,estrath01,Thairo Estrada,SFG,1.8
2022,kirkal01,Alejandro Kirk,TOR,4.0
2022,lemahdj01,DJ LeMahieu,NYY,3.6
2022,grichra01,Randal Grichuk,COL,0.3
2022,hernate01,Teoscar Hernández,TOR,3.0
2022,melenmj01,MJ Melendez,KCR,0.5
2022,wisdopa01,Patrick Wisdom,CHC,0.6
2022,acunaro01,Ronald Acuña Jr.,ATL,2.3
2022,mateojo01,Jorge Mateo,BAL,3.7
2022,turneju01,Justin Turner,LAD,2.3
2022,kineris01,Isiah Kiner-Falefa,NYY,2.9
2022,polloaj01,AJ Pollock,CHW,0.4
2022,grishtr01,Trent Grisham,SDP,2.7
2022,renfrhu01,Hunter Renfroe,MIL,2.4
2022,beninan01,Andrew Benintendi,2TM,2.9
2022,beninan01,Andrew Benintendi,KCR,2.3
2022,beninan01,Andrew Benintendi,NYY,0.6
2022,hoernni01,Nico Hoerner,CHC,4.2
2022,rengilu01,Luis Rengifo,LAA,2.5
2022,rojasjo01,Josh Rojas,ARI,3.1
2022,schoojo01,Jonathan Schoop,DET,0.1
2022,cruzne02,Nelson Cruz,WSN,0.1
2022,ozunama01,Marcell Ozuna,ATL,-0.9
2022,rojasmi02,Miguel Rojas,MIA,2.5
2022,aguilje01,Jesús Aguilar,2TM,-1.0
2022,aguilje01,Jesús Aguilar,MIA,-0.7
2022,aguilje01,Jesús Aguilar,BAL,-0.3
2022,santaca01,Carlos Santana,2TM,1.1
2022,santaca01,Carlos Santana,KCR,0.6
2022,santaca01,Carlos Santana,SEA,0.5
2022,martest01,Starling Marte,NYM,3.8
2022,doziehu01,Hunter Dozier,KCR,-1.1
2022,perdoge01,Geraldo Perdomo,ARI,0.6
2022,troutmi01,Mike Trout,LAA,6.1
2022,naylojo01,Josh Naylor,CLE,1.7
2022,wongko01,Kolten Wong,MIL,3.0
2022,gurrilo01,Lourdes Gurriel Jr.,TOR,2.0
2022,espinsa01,Santiago Espinal,TOR,2.4
2022,peralda01,David Peralta,2TM,0.6
2022,peralda01,David Peralta,ARI,0.9
2022,peralda01,David Peralta,TBR,-0.3
2022,carlsdy01,Dylan Carlson,STL,1.8
2022,contrwi01,Willson Contreras,CHC,3.8
2022,miranjo01,José Miranda,MIN,0.9
2022,lopezni01,Nicky Lopez,KCR,-0.3
2022,grossro01,Robbie Grossman,2TM,0.6
2022,grossro01,Robbie Grossman,DET,0.1
2022,grossro01,Robbie Grossman,ATL,0.5
2022,perezsa02,Salvador Perez,KCR,2.7
2022,reyesfr01,Franmil Reyes,2TM,-0.9
2022,reyesfr01,Franmil Reyes,CLE,-0.8
2022,reyesfr01,Franmil Reyes,CHC,-0.1
2022,milleow01,Owen Miller,CLE,0.3
2022,odorro01,Rougned Odor,BAL,-0.3
2022,uriaslu01,Luis Urías,MIL,3.0
2022,luxga01,Gavin Lux,LAD,2.8
2022,sanchga02,Gary Sánchez,MIN,0.7
2022,rutscad01,Adley Rutschman,BAL,5.4
2022,coopega03,Garrett Cooper,MIA,1.0
2022,donovbr01,Brendan Donovan,STL,4.0
2022,candeje01,Jeimer Candelario,DET,0.5
2022,iglesjo01,Jose Iglesias,COL,1.2
2022,joeco01,Connor Joe,COL,0.9
2022,stottbr01,Bryson Stott,PHI,1.2
2022,wallsta01,Taylor Walls,TBR,2.5
2022,vogelda01,Daniel Vogelbach,2TM,1.4
2022,vogelda01,Daniel Vogelbach,PIT,0.6
2022,vogelda01,Daniel Vogelbach,NYM,0.9
2022,marshbr02,Brandon Marsh,2TM,1.8
2022,marshbr02,Brandon Marsh,LAA,1.0
2022,marshbr02,Brandon Marsh,PHI,0.8
2022,crawfbr01,Brandon Crawford,SFG,0.7
2022,taylomi02,Michael A. Taylor,KCR,3.4
2022,tayloch03,Chris Taylor,LAD,0.7
2022,walshja01,Jared Walsh,LAA,-0.7
2022,hicksaa01,Aaron Hicks,NYY,1.3
2022,stantmi03,Giancarlo Stanton,NYY,0.7
2022,heimjo01,Jonah Heim,TEX,2.4
2022,keplema01,Max Kepler,MIN,1.8
2022,suzukse01,Seiya Suzuki,CHC,1.8
2022,polanjo01,Jorge Polanco,MIN,2.7
2022,uriasra01,Ramón Urías,BAL,3.8
2022,castrha01,Harold Castro,DET,-0.3
2022,gordoni01,Nick Gordon,MIN,1.6
2022,harrimi04,Michael Harris II,ATL,5.1
2022,ramirha02,Harold Ramírez,TBR,1.3
2022,cabremi01,Miguel Cabrera,DET,-1.1
2022,moncayo01,Yoán Moncada,CHW,0.9
2022,pederjo01,Joc Pederson,SFG,1.3
2022,ruizke01,Keibert Ruiz,WSN,1.5
2022,tapiara01,Raimel Tapia,TOR,0.5
2022,indiajo01,Jonathan India,CIN,-0.3
2022,chavimi01,Michael Chavis,PIT,-0.2
2022,darnatr01,Travis d'Arnaud,ATL,2.8
2022,harpebr03,Bryce Harper,PHI,2.5
2022,vazquch01,Christian Vázquez,2TM,2.1
2022,vazquch01,Christian Vázquez,BOS,2.2
2022,vazquch01,Christian Vázquez,HOU,-0.1
2022,harrijo05,Josh Harrison,CHW,1.8
2022,morelch01,Christopher Morel,CHC,1.0
2022,calhoko01,Kole Calhoun,TEX,-1.7
2022,gamelbe01,Ben Gamel,PIT,0.0
2022,senzeni01,Nick Senzel,CIN,-1.1
2022,choiji01,Jiman Choi,TBR,1.2
2022,hosmeer01,Eric Hosmer,2TM,1.0
2022,hosmeer01,Eric Hosmer,SDP,1.0
2022,hosmeer01,Eric Hosmer,BOS,0.1
2022,greenri03,Riley Greene,DET,1.3
2022,raleica01,Cal Raleigh,SEA,3.9
2022,thomaal01,Alek Thomas,ARI,1.4
2022,sheetga01,Gavin Sheets,CHW,-0.5
2022,gallojo01,Joey Gallo,2TM,0.4
2022,gallojo01,Joey Gallo,NYY,0.0
2022,gallojo01,Joey Gallo,LAD,0.4
2022,dazayo01,Yonathan Daza,COL,1.4
2022,mccorch01,Chas McCormick,HOU,1.7
2022,roblevi01,Víctor Robles,WSN,1.8
2022,tayloty01,Tyrone Taylor,MIL,2.2
2022,bertijo01,Jon Berti,MIA,2.4
2022,torkesp01,Spencer Torkelson,DET,-1.4
2022,hernaen02,Kiké Hernández,BOS,0.9
2022,roberlu01,Luis Robert Jr.,CHW,2.2
2022,nolaau01,Austin Nola,SDP,1.9
2022,storytr01,Trevor Story,BOS,2.5
2022,castrwi01,Willi Castro,DET,0.8
2022,francma02,Maikel Franco,WSN,-1.2
2022,rufda01,Darin Ruf,2TM,-1.7
2022,rufda01,Darin Ruf,SFG,-0.6
2022,rufda01,Darin Ruf,NYM,-1.0
2022,segurje01,Jean Segura,PHI,1.8
2022,stallja01,Jacob Stallings,MIA,-0.8
2022,anderbr06,Brian Anderson,MIA,0.4
2022,laurera01,Ramón Laureano,OAK,0.9
2022,oneilty01,Tyler O'Neill,STL,1.1
2022,buxtoby01,Byron Buxton,MIN,3.9
2022,gonzaos01,Oscar González,CLE,2.2
2022,diazel01,Elias Díaz,COL,0.4
2022,paredis01,Isaac Paredes,TBR,2.5
2022,garciav01,Avisaíl García,MIA,-1.1
2022,maldoma01,Martín Maldonado,HOU,0.4
2022,pindech01,Chad Pinder,OAK,-0.6
2022,garcilu04,Luis García Jr.,WSN,0.0
2022,contrwi02,William Contreras,ATL,2.6
2022,grandya01,Yasmani Grandal,CHW,-1.4
2022,vottojo01,Joey Votto,CIN,-0.2
2022,stassma01,Max Stassi,LAA,-0.5
2022,suwinja01,Jack Suwinski,PIT,1.3
2022,ortegra01,Rafael Ortega,CHC,0.1
2022,wendljo01,Joey Wendle,MIA,2.4
2022,bradlja02,Jackie Bradley Jr.,2TM,-0.8
2022,bradlja02,Jackie Bradley Jr.,BOS,-0.4
2022,bradlja02,Jackie Bradley Jr.,TOR,-0.3
2022,davisjd01,J.D. Davis,2TM,0.7
2022,davisjd01,J.D. Davis,NYM,-0.2
2022,davisjd01,J.D. Davis,SFG,1.0
2022,margoma01,Manuel Margot,TBR,1.5
2022,cruzon01,Oneil Cruz,PIT,2.3
2022,riverem01,Emmanuel Rivera,2TM,1.5
2022,riverem01,Emmanuel Rivera,KCR,0.7
2022,riverem01,Emmanuel Rivera,ARI,0.8
2022,vierlma01,Matt Vierling,PHI,-0.4
2022,delacbr01,Bryan De La Cruz,MIA,0.7
2022,kellyca02,Carson Kelly,ARI,0.9
2022,mccarja02,Jake McCarthy,ARI,2.4
2022,dalbebo01,Bobby Dalbec,BOS,-0.7
2022,trevijo01,Jose Trevino,NYY,2.3
2022,toroab01,Abraham Toro,SEA,-0.7
2022,anderti01,Tim Anderson,CHW,1.3
2022,haaseer01,Eric Haase,DET,1.9
2022,pujolal01,Albert Pujols,STL,2.1
2022,gonzalu03,Luis González,SFG,0.3
2022,velazan01,Andrew Velazquez,LAA,1.4
2022,celesgi01,Gilberto Celestino,MIN,0.5
2022,nootbla01,Lars Nootbaar,STL,2.3
2022,francwa01,Wander Franco,TBR,2.4
2022,sanchje02,Jesús Sánchez,MIA,0.9
2022,taverle01,Leody Taveras,TEX,0.5
2022,hedgeau01,Austin Hedges,CLE,-0.4
2022,reyesvi01,Víctor Reyes,DET,-0.1
2022,guilllu01,Luis Guillorme,NYM,1.5
2022,naquity01,Tyler Naquin,2TM,0.0
2022,naquity01,Tyler Naquin,CIN,0.4
2022,naquity01,Tyler Naquin,NYM,-0.4
2022,bethach01,Christian Bethancourt,2TM,1.1
2022,bethach01,Christian Bethancourt,OAK,0.3
2022,bethach01,Christian Bethancourt,TBR,0.8
2022,peterja01,Jace Peterson,MIL,2.2
2022,diazal02,Aledmys Díaz,HOU,1.1
2022,hernaya01,Yadiel Hernández,WSN,0.6
2022,jimenel02,Eloy Jiménez,CHW,1.9
2022,allenni02,Nick Allen,OAK,1.1
2022,slateau01,Austin Slater,SFG,1.6
2022,sirijo01,Jose Siri,2TM,1.5
2022,sirijo01,Jose Siri,HOU,0.8
2022,sirijo01,Jose Siri,TBR,0.6
2022,duvalad01,Adam Duvall,ATL,-0.1
2022,garcile02,Leury García,CHW,-0.9
2022,caratvi01,Victor Caratini,MIL,0.5
2022,gormano01,Nolan Gorman,STL,0.7
2022,nidoto01,Tomás Nido,NYM,0.3
2022,baderha01,Harrison Bader,2TM,1.3
2022,baderha01,Harrison Bader,STL,1.2
2022,baderha01,Harrison Bader,NYY,0.0
2022,newmake01,Kevin Newman,PIT,1.1
2022,barnhtu01,Tucker Barnhart,DET,-0.1
2022,solerjo01,Jorge Soler,MIA,0.4
2022,solando01,Donovan Solano,CIN,0.9
2022,biggica01,Cavan Biggio,TOR,0.8
2022,abramcj01,CJ Abrams,2TM,0.1
2022,abramcj01,CJ Abrams,SDP,0.1
2022,abramcj01,CJ Abrams,WSN,0.0
2022,arroych01,Christian Arroyo,BOS,0.7
2022,mejiafr01,Francisco Mejia,TBR,0.7
2022,beltbr01,Brandon Belt,SFG,0.4
2022,longoev01,Evan Longoria,SFG,0.7
2022,pasquvi01,Vinnie Pasquantino,KCR,1.4
2022,dickeco01,Corey Dickerson,STL,-0.2
2022,narvaom01,Omar Narváez,MIL,0.3
2022,gomesya01,Yan Gomes,CHC,0.7
2022,kniznan01,Andrew Knizner,STL,0.7
2022,neusesh01,Sheldon Neuse,OAK,-0.8
2022,schwifr01,Frank Schwindel,CHC,-1.1
2022,bartjo01,Joey Bart,SFG,0.8
2022,rivasal01,Alfonso Rivas III,CHC,0.4
2022,myerswi01,Wil Myers,SDP,1.0
2022,adelljo01,Jo Adell,LAA,-0.7
2022,moustmi01,Mike Moustakas,CIN,-0.9
2022,castidi02,Diego Castillo,PIT,-0.7
2022,castrro01,Rodolfo Castro,PIT,1.4
2022,isbelky01,Kyle Isbel,KCR,0.5
2022,brantmi02,Michael Brantley,HOU,1.2
2022,smithpa04,Pavin Smith,ARI,0.4
2022,aquinar01,Aristides Aquino,CIN,1.3
2022,cordefr02,Franchy Cordero,BOS,-0.2
2022,alfarjo01,Jorge Alfaro,SDP,0.8
2022,yepezju01,Juan Yepez,STL,0.4
2022,mcguire01,Reese McGuire,2TM,0.9
2022,mcguire01,Reese McGuire,CHW,0.0
2022,mcguire01,Reese McGuire,BOS,0.9
2022,reynoma03,Matt Reynolds,2TM,0.7
2022,reynoma03,Matt Reynolds,NYM,0.0
2022,reynoma03,Matt Reynolds,CIN,0.7
2022,molinya01,Yadier Molina,STL,0.1
2022,rosared01,Eddie Rosario,ATL,-1.9
2022,albieoz01,Ozzie Albies,ATL,0.8
2022,hiurake01,Keston Hiura,MIL,0.8
2022,lowebr01,Brandon Lowe,TBR,0.9
2022,dubonma01,Mauricio Dubón,2TM,0.0
2022,dubonma01,Mauricio Dubón,SFG,0.2
2022,dubonma01,Mauricio Dubón,HOU,-0.2
2022,engelad01,Adam Engel,CHW,0.3
2022,pachecr01,Cristian Pache,OAK,-1.0
2022,friedtj01,TJ Friedl,CIN,0.5
2022,mooredy01,Dylan Moore,SEA,1.4
2022,thomptr01,Trayce Thompson,2TM,2.1
2022,thomptr01,Trayce Thompson,SDP,-0.2
2022,thomptr01,Trayce Thompson,LAD,2.2
2022,machivi01,Vimael Machín,OAK,-0.5
2022,smithjo11,Josh Smith,TEX,0.2
2022,wadela01,LaMonte Wade Jr.,SFG,0.1
2022,higasky01,Kyle Higashioka,NYY,0.6
2022,janseda01,Danny Jansen,TOR,2.9
2022,duffyma01,Matt Duffy,LAA,-0.4
2022,fraleja01,Jake Fraley,CIN,0.5
2022,hanigmi01,Mitch Haniger,SEA,1.2
2022,chishja01,Jazz Chisholm Jr.,MIA,2.4
2022,millebr02,Brad Miller,TEX,-1.7
2022,forteni01,Nick Fortes,MIA,1.2
2022,menesjo01,Joey Meneses,WSN,1.1
2022,bledajj01,JJ Bleday,MIA,-0.7
2022,dejonpa01,Paul DeJong,STL,0.3
2022,jeffery01,Ryan Jeffers,MIN,0.9
2022,almoral01,Albert Almora,CIN,0.6
2022,arciaor01,Orlando Arcia,ATL,0.8
2022,luplojo01,Jordan Luplow,ARI,0.0
2022,gregodi01,Didi Gregorius,PHI,-0.4
2022,mitchca01,Calvin Mitchell,PIT,-0.4
2022,higgipj01,P.J. Higgins,CHC,-0.2
2022,fletcda02,David Fletcher,LAA,1.1
2022,madrini01,Nick Madrigal,CHC,0.6
2022,hampsga01,Garrett Hampson,COL,-0.9
2022,baddoak01,Akil Baddoo,DET,0.2
2022,phillbr02,Brett Phillips,2TM,0.2
2022,phillbr02,Brett Phillips,TBR,0.3
2022,phillbr02,Brett Phillips,BAL,-0.1
2022,alcanse01,Sergio Alcántara,2TM,-0.1
2022,alcanse01,Sergio Alcántara,ARI,0.1
2022,alcanse01,Sergio Alcántara,SDP,-0.2
2022,duranja01,Jarren Duran,BOS,-0.2
2022,vargail01,Ildemaro Vargas,2TM,1.5
2022,vargail01,Ildemaro Vargas,CHC,-0.1
2022,vargail01,Ildemaro Vargas,WSN,1.6
2022,kiermke01,Kevin Kiermaier,TBR,1.1
2022,chiriro01,Robinson Chirinos,BAL,0.1
2022,duranez01,Ezequiel Durán,TEX,0.2
2022,villajo01,Jonathan Villar,2TM,-1.3
2022,villajo01,Jonathan Villar,CHC,-0.8
2022,villajo01,Jonathan Villar,LAA,-0.5
2022,azocajo01,José Azócar,SDP,-0.1
2022,garvemi01,Mitch Garver,TEX,0.4
2022,barneau01,Austin Barnes,LAD,0.7
2022,gonzama01,Marwin González,NYY,0.6
2022,mailelu01,Luke Maile,CLE,0.7
2022,velazne01,Nelson Velázquez,CHC,-0.6
2022,servebr01,Brian Serven,COL,0.0
2022,zavalse01,Seby Zavala,CHW,1.0
2022,haggesa01,Sam Haggerty,SEA,2.2
2022,hummeco01,Cooper Hummel,ARI,-0.5
2022,hillisa01,Sam Hilliard,COL,0.7
2022,lowejo01,Josh Lowe,TBR,0.3
2022,herreod01,Odúbel Herrera,PHI,0.2
2022,lasteto01,Tommy La Stella,SFG,-0.7
2022,massemi02,Michael Massey,KCR,0.8
2022,rendoan01,Anthony Rendon,LAA,1.0
2022,tsutsyo01,Yoshi Tsutsugo,PIT,-1.6
2022,vanmejo01,Josh VanMeter,PIT,-0.6
2022,mccanja02,James McCann,NYM,-0.1
2022,vogtst01,Stephen Vogt,OAK,-0.6
2022,sosaed01,Edmundo Sosa,2TM,1.4
2022,sosaed01,Edmundo Sosa,STL,0.6
2022,sosaed01,Edmundo Sosa,PHI,0.8
2022,changyu01,Yu Chang,4TM,0.3
2022,changyu01,Yu Chang,3TM,0.4
2022,changyu01,Yu Chang,CLE,-0.3
2022,changyu01,Yu Chang,PIT,-0.2
2022,changyu01,Yu Chang,TBR,0.6
2022,changyu01,Yu Chang,BOS,0.0
2022,bridejo01,Jonah Bride,OAK,0.1
2022,plaweke01,Kevin Plawecki,2TM,-1.2
2022,plaweke01,Kevin Plawecki,BOS,-1.1
2022,plaweke01,Kevin Plawecki,TEX,-0.1
2022,monteel01,Elehuris Montero,COL,0.1
2022,mckinza01,Zach McKinstry,2TM,0.4
2022,mckinza01,Zach McKinstry,LAD,0.0
2022,mckinza01,Zach McKinstry,CHC,0.4
2022,lowrije01,Jed Lowrie,OAK,-1.2
2022,nevinty01,Tyler Nevin,BAL,-0.5
2022,burgeja01,Jake Burger,CHW,0.0
2022,stephty01,Tyler Stephenson,CIN,1.6
2022,prattni01,Nick Pratto,KCR,-0.3
2022,bryankr01,Kris Bryant,COL,0.7
2022,kelenja01,Jarred Kelenic,SEA,-0.3
2022,thompbu01,Bubba Thompson,TEX,0.0
2022,villada01,David Villar,SFG,1.3
2022,larnatr01,Trevor Larnach,MIN,1.4
2022,clemeer01,Ernie Clement,2TM,-0.7
2022,clemeer01,Ernie Clement,CLE,-0.4
2022,clemeer01,Ernie Clement,OAK,-0.3
2022,caveja01,Jake Cave,MIN,0.3
2022,marcatu01,Tucupita Marcano,PIT,-0.7
2022,refsnro01,Rob Refsnyder,BOS,1.2
2022,wynnsau01,Austin Wynns,SFG,0.4
2022,casalcu01,Curt Casali,2TM,1.4
2022,casalcu01,Curt Casali,SFG,1.2
2022,casalcu01,Curt Casali,SEA,0.2
2022,garcijo02,José Barrero,CIN,-1.6
2022,diazle01,Lewin Díaz,MIA,-0.5
2022,olivaed02,Edward Olivares,KCR,0.1
2022,heinety01,Tyler Heineman,2TM,0.2
2022,heinety01,Tyler Heineman,TOR,0.1
2022,heinety01,Tyler Heineman,PIT,0.1
2022,mckenry01,Ryan McKenna,BAL,0.4
2022,cabreos01,Oswaldo Cabrera,NYY,1.7
2022,mazarno01,Nomar Mazara,SDP,0.0
2022,leblach01,Charles Leblanc,MIA,0.7
2022,delayja01,Jason Delay,PIT,-0.4
2022,camarjo01,Johan Camargo,PHI,0.1
2022,torrelu01,Luis Torrens,SEA,0.1
2022,wadety01,Tyler Wade,LAA,-0.7
2022,brujavi01,Vidal Bruján,TBR,-0.6
2022,garliky01,Kyle Garlick,MIN,0.3
2022,brossmi01,Mike Brosseau,MIL,0.4
2022,meyerja02,Jake Meyers,HOU,0.6
2022,alberha01,Hanser Alberto,LAD,0.0
2022,suzukku01,Kurt Suzuki,LAA,-0.4
2022,cainlo01,Lorenzo Cain,MIL,-0.4
2022,grissva01,Vaughn Grissom,ATL,0.8
2022,kirilal01,Alex Kirilloff,MIN,-0.4
2022,lopezal03,Alejo Lopez,CIN,-0.3
2022,adamsri03,Riley Adams,WSN,0.0
2022,carpema01,Matt Carpenter,NYY,2.4
2022,langesh01,Shea Langeliers,OAK,0.2
2022,smithdo02,Dominic Smith,NYM,-0.4
2022,heywaja01,Jason Heyward,CHC,-0.6
2022,smithke05,Kevin Smith,OAK,0.4
2022,fordmi01,Mike Ford,4TM,-0.3
2022,fordmi01,Mike Ford,2TM,-0.1
2022,fordmi01,Mike Ford,2TM,-0.2
2022,fordmi01,Mike Ford,SFG,0.0
2022,fordmi01,Mike Ford,SEA,-0.1
2022,fordmi01,Mike Ford,ATL,-0.2
2022,fordmi01,Mike Ford,LAA,-0.1
2022,meadoau01,Austin Meadows,DET,0.6
2022,ohearry01,Ryan O'Hearn,KCR,-0.5
2022,hallda02,Darick Hall,PHI,0.4
2022,andujmi01,Miguel Andujar,2TM,0.1
2022,andujmi01,Miguel Andujar,NYY,0.2
2022,andujmi01,Miguel Andujar,PIT,-0.1
2022,piscost01,Stephen Piscotty,OAK,-0.7
2022,willilu01,Luke Williams,2TM,-0.2
2022,willilu01,Luke Williams,SFG,0.0
2022,willilu01,Luke Williams,MIA,-0.2
2022,rominau01,Austin Romine,3TM,-0.7
2022,rominau01,Austin Romine,2TM,-0.7
2022,rominau01,Austin Romine,LAA,0.0
2022,rominau01,Austin Romine,STL,-0.2
2022,rominau01,Austin Romine,CIN,-0.5
2022,allengr01,Greg Allen,PIT,0.1
2022,hendegu01,Gunnar Henderson,BAL,1.0
2022,huffsa01,Sam Huff,TEX,0.3
2022,perezmi03,Michael Pérez,2TM,0.0
2022,perezmi03,Michael Pérez,PIT,-0.2
2022,perezmi03,Michael Pérez,NYM,0.2
2022,escobal02,Alcides Escobar,WSN,-0.5
2022,callal02,Alex Call,2TM,0.4
2022,callal02,Alex Call,CLE,0.1
2022,callal02,Alex Call,WSN,0.3
2022,ibanean01,Andy Ibáñez,TEX,-0.1
2022,moranco01,Colin Moran,CIN,-0.3
2022,mercaos01,Óscar Mercado,2TM,-0.2
2022,mercaos01,Óscar Mercado,CLE,-0.2
2022,mercaos01,Óscar Mercado,PHI,0.0
2022,boteda01,David Bote,CHC,0.8
2022,clemeko01,Kody Clemens,DET,-0.2
2022,beerse01,Seth Beer,ARI,-1.0
2022,garcide02,Dérmis Garcia,OAK,0.5
2022,trejoal01,Alan Trejo,COL,0.2
2022,culbech01,Charlie Culberson,TEX,0.0
2022,herrejo04,José Herrera,ARI,-0.3
2022,madribl01,Bligh Madris,PIT,-1.0
2022,palacri01,Richie Palacios,CLE,-0.2
2022,zuninmi01,Mike Zunino,TBR,-0.8
2022,eatonna01,Nate Eaton,KCR,0.9
2022,stubbga01,Garrett Stubbs,PHI,1.1
2022,toglimi01,Michael Toglia,COL,-0.1
2022,trammta01,Taylor Trammell,SEA,0.3
2022,whiteel04,Eli White,TEX,0.9
2022,zimmebr01,Bradley Zimmer,2TM,0.1
2022,zimmebr01,Bradley Zimmer,TOR,-0.2
2022,zimmebr01,Bradley Zimmer,PHI,0.3
2022,boltsk01,Skye Bolt,OAK,-0.2
2022,carroco02,Corbin Carroll,ARI,1.3
2022,garciar01,Aramis Garcia,CIN,-0.8
2022,carpeke01,Kerry Carpenter,DET,0.3
2022,moniami01,Mickey Moniak,2TM,-0.9
2022,moniami01,Mickey Moniak,PHI,-0.5
2022,moniami01,Mickey Moniak,LAA,-0.4
2022,vosleja01,Jason Vosler,SFG,0.1
2022,lambja01,Jake Lamb,2TM,-0.2
2022,lambja01,Jake Lamb,LAD,0.2
2022,lambja01,Jake Lamb,SEA,-0.3
2022,adriaeh01,Ehire Adrianza,2TM,-0.5
2022,adriaeh01,Ehire Adrianza,WSN,-0.5
2022,adriaeh01,Ehire Adrianza,ATL,0.1
2022,faircst01,Stuart Fairchild,3TM,0.7
2022,faircst01,Stuart Fairchild,2TM,0.8
2022,faircst01,Stuart Fairchild,SEA,-0.1
2022,faircst01,Stuart Fairchild,SFG,-0.1
2022,faircst01,Stuart Fairchild,CIN,0.9
2022,gonzaro01,Romy González,CHW,-0.3
2022,waterdr01,Drew Waters,KCR,0.4
2022,steersp01,Spencer Steer,CIN,0.1
2022,colliza01,Zack Collins,2TM,-0.3
2022,colliza01,Zack Collins,TOR,0.2
2022,colliza01,Zack Collins,PIT,-0.4
2022,mendida01,Danny Mendick,CHW,0.5
2022,canoro01,Robinson Canó,3TM,-1.5
2022,canoro01,Robinson Canó,NYM,-0.5
2022,canoro01,Robinson Canó,SDP,-0.5
2022,canoro01,Robinson Canó,ATL,-0.4
2022,vavrate01,Terrin Vavra,BAL,0.0
2022,papiemi01,Michael Papierski,2TM,-0.6
2022,papiemi01,Michael Papierski,SFG,-0.2
2022,papiemi01,Michael Papierski,CIN,-0.4
2022,burdipe01,Peyton Burdick,MIA,-0.4
2022,jungjo01,Josh Jung,TEX,0.0
2022,stoweky01,Kyle Stowers,BAL,-0.1
2022,bouchse01,Sean Bouchard,COL,0.9
2022,demertr01,Travis Demeritte,ATL,-0.5
2022,sierrma01,Magneuris Sierra,LAA,-0.4
2022,casastr01,Triston Casas,BOS,0.1
2022,solakni01,Nick Solak,TEX,-0.2
2022,jonesno01,Nolan Jones,CLE,0.1
2022,kennebu01,Buddy Kennedy,ARI,0.0
2022,hillde01,Derek Hill,DET,0.4
2022,riosed01,Edwin Ríos,LAD,0.1
2022,davisjo05,Jonathan Davis,MIL,0.0
2022,mathima01,Mark Mathias,2TM,0.9
2022,mathima01,Mark Mathias,MIL,0.1
2022,mathima01,Mark Mathias,TEX,0.8
2022,castrja01,Jason Castro,HOU,-0.6
2022,arandjo01,Jonathan Aranda,TBR,-0.2
2022,quinnro01,Roman Quinn,2TM,-0.1
2022,quinnro01,Roman Quinn,PHI,0.0
2022,quinnro01,Roman Quinn,TBR,-0.1
2022,freemty01,Tyler Freeman,CLE,-0.3
2022,leonsa01,Sandy León,2TM,-0.5
2022,leonsa01,Sandy León,CLE,-0.2
2022,leonsa01,Sandy León,MIN,-0.4
2022,barrelu01,Luis Barrera,OAK,0.4
2022,matonni01,Nick Maton,PHI,0.7
2022,simmoan01,Andrelton Simmons,CHC,-0.1
2022,garrest01,Stone Garrett,ARI,0.5
2022,kreidry01,Ryan Kreidler,DET,0.4
2022,merceye01,Yermín Mercedes,SFG,-0.1
2022,pintore02,René Pinto,TBR,-0.2
2022,heredgu01,Guillermo Heredia,ATL,-0.4
2022,marisja01,Jake Marisnick,PIT,0.3
2022,encarje01,Jerar Encarnacion,MIA,-0.2
2022,thaisma01,Matt Thaiss,LAA,-0.1
2022,duggast01,Steven Duggar,3TM,-0.4
2022,duggast01,Steven Duggar,2TM,-0.3
2022,duggast01,Steven Duggar,SFG,-0.1
2022,duggast01,Steven Duggar,TEX,0.0
2022,duggast01,Steven Duggar,LAA,-0.3
2022,waltodo01,Donovan Walton,2TM,-0.1
2022,waltodo01,Donovan Walton,SEA,0.0
2022,waltodo01,Donovan Walton,SFG,-0.1
2022,palacje01,Jermaine Palacios,MIN,-0.6
2022,gosseph01,Phil Gosselin,2TM,-1.0
2022,gosseph01,Phil Gosselin,ATL,-0.1
2022,gosseph01,Phil Gosselin,LAA,-0.9
2022,vilorme01,Meibrys Viloria,TEX,0.2
2022,mayfija01,Jack Mayfield,LAA,-0.2
2022,hermomi01,Michael Hermosillo,CHC,-0.4
2022,morenga01,Gabriel Moreno,TOR,0.7
2022,mazeipa01,Patrick Mazeika,NYM,-0.3
2022,raleylu01,Luke Raley,TBR,0.3
2022,matijjj01,J.J. Matijevic,HOU,-0.1
2022,sanomi01,Miguel Sanó,MIN,-0.8
2022,steveca01,Cal Stevenson,OAK,-0.2
2022,camerda01,Daz Cameron,DET,0.0
2022,perezro02,Roberto Pérez,PIT,0.6
2022,stefami01,Michael Stefanic,LAA,0.0
2022,mitchga01,Garrett Mitchell,MIL,1.0
2022,owingch01,Chris Owings,BAL,-0.5
2022,groshjo01,Jordan Groshans,MIA,-0.1
2022,wallnma01,Matt Wallner,MIN,-0.3
2022,jankotr01,Travis Jankowski,2TM,-0.1
2022,jankotr01,Travis Jankowski,NYM,-0.1
2022,jankotr01,Travis Jankowski,SEA,0.0
2022,tuckeco01,Cole Tucker,PIT,-1.0
2022,lagarju01,Juan Lagares,LAA,-0.9
2022,lewisky01,Kyle Lewis,SEA,-0.1
2022,calhowi01,Willie Calhoun,2TM,-0.4
2022,calhowi01,Willie Calhoun,TEX,-0.2
2022,calhowi01,Willie Calhoun,SFG,-0.1
2022,bensowi01,Will Benson,CLE,-0.2
2022,contrma01,Mark Contreras,MIN,-0.1
2022,munozya01,Yairo Muñoz,PHI,-0.1
2022,parkho01,Hoy Park,PIT,-0.3
2022,robinch04,Chuckie Robinson,CIN,-0.5
2022,bemboan01,Anthony Bemboom,BAL,-0.3
2022,hagerja01,Jake Hager,ARI,-0.1
2022,sotoli01,Liván Soto,LAA,0.7
2022,gordode01,Dee Strange-Gordon,WSN,-0.3
2022,capelco01,Conner Capel,2TM,0.1
2022,capelco01,Conner Capel,STL,-0.1
2022,capelco01,Conner Capel,OAK,0.2
2022,ariasga01,Gabriel Arias,CLE,0.1
2022,mckinbi01,Billy McKinney,OAK,-0.8
2022,perazos02,Oswald Peraza,NYY,0.5
2022,rojasjo02,Jose Rojas,LAA,-1.1
2022,uptonju01,Justin Upton,SEA,-0.3
2022,mackida01,David MacKinnon,2TM,-0.4
2022,mackida01,David MacKinnon,LAA,-0.3
2022,mackida01,David MacKinnon,OAK,-0.2
2022,wongco01,Connor Wong,BOS,-0.1
2022,astudwi01,Willians Astudillo,MIA,-0.7
2022,ahmedni01,Nick Ahmed,ARI,-0.1
2022,mondera02,Adalberto Mondesí,KCR,-0.2
2022,barretr01,Tres Barrera,WSN,-0.4
2022,burleal01,Alec Burleson,STL,0.0
2022,diazjo03,Jordan Diaz,OAK,0.2
2022,campulu01,Luis Campusano,SDP,-0.2
2022,vargami01,Miguel Vargas,LAD,-0.4
2022,palacjo01,Joshua Palacios,WSN,-0.2
2022,beatyma01,Matt Beaty,SDP,-0.8
2022,gallaca01,Cam Gallagher,KCR,-0.2
2022,quiroes01,Esteban Quiroz,CHC,0.5
2022,locasti01,Tim Locastro,NYY,-0.3
2022,knappan01,Andrew Knapp,3TM,-0.2
2022,knappan01,Andrew Knapp,2TM,-0.1
2022,knappan01,Andrew Knapp,PIT,-0.1
2022,knappan01,Andrew Knapp,SEA,-0.1
2022,knappan01,Andrew Knapp,SFG,0.0
2022,brennwi02,Will Brennan,CLE,0.6
2022,frazicl01,Clint Frazier,CHC,0.0
2022,goodrni01,Niko Goodrum,HOU,-0.2
2022,sanchca01,Yolmer Sánchez,2TM,-0.6
2022,sanchca01,Yolmer Sánchez,BOS,-0.5
2022,sanchca01,Yolmer Sánchez,NYM,-0.1
2022,batybr01,Brett Baty,NYM,-0.3
2022,bernawy01,Wynton Bernard,COL,0.1
2022,murphto04,Tom Murphy,SEA,0.5
2022,downsje01,Jeter Downs,BOS,-0.6
2022,gonzaer01,Erik González,MIA,0.2
2022,lewisro02,Royce Lewis,MIN,0.3
2022,nunezdo01,Dom Nuñez,COL,-0.4
2022,vientma01,Mark Vientos,NYM,-0.2
2022,arauzjo01,Jonathan Araúz,2TM,-0.5
2022,arauzjo01,Jonathan Araúz,BOS,-0.4
2022,arauzjo01,Jonathan Araúz,BAL,-0.1
2022,wallach01,Chad Wallach,LAA,-0.1
2022,brinsle01,Lewis Brinson,SFG,-0.3
2022,almonab01,Abraham Almonte,BOS,0.0
2022,baeji01,Jihwan Bae,PIT,0.5
2022,davidma02,Matt Davidson,2TM,-0.6
2022,davidma02,Matt Davidson,ARI,-0.1
2022,davidma02,Matt Davidson,OAK,-0.5
2022,dickeal01,Alex Dickerson,ATL,-0.4
2022,sosale01,Lenyn Sosa,CHW,-0.5
2022,ruizes01,Esteury Ruiz,2TM,-0.5
2022,ruizes01,Esteury Ruiz,SDP,-0.4
2022,ruizes01,Esteury Ruiz,MIL,-0.2
2022,rookebr01,Brent Rooker,2TM,-0.4
2022,rookebr01,Brent Rooker,SDP,-0.2
2022,rookebr01,Brent Rooker,KCR,-0.2
2022,flories01,Estevan Florial,NYY,-0.5
2022,henrypa01,Payton Henry,MIA,-0.1
2022,hernael02,Elier Hernández,TEX,-0.4
2022,tovarez01,Ezequiel Tovar,COL,-0.3
2022,henslda01,David Hensley,HOU,0.3
2022,reksza01,Zach Reks,TEX,-0.5
2022,padloke01,Kevin Padlo,3TM,-0.6
2022,padloke01,Kevin Padlo,2TM,-0.6
2022,padloke01,Kevin Padlo,SFG,-0.3
2022,padloke01,Kevin Padlo,SEA,0.0
2022,padloke01,Kevin Padlo,PIT,-0.3
2022,gutieke01,Kelvin Gutiérrez,BAL,-0.3
2022,martiri01,Richie Martin,BAL,0.0
2022,thomaco01,Cody Thomas,OAK,-0.2
2022,plummni01,Nick Plummer,NYM,-0.1
2022,riverse01,Sebastián Rivero,KCR,-0.2
2022,foxlu01,Lucius Fox,WSN,-0.6
2022,guthrda01,Dalton Guthrie,PHI,0.4
2022,hernayo02,Yonny Hernández,ARI,0.0
2022,alvared01,Eddy Alvarez,LAD,-0.5
2022,davisja03,Jaylin Davis,BOS,0.0
2022,schroma01,Max Schrock,CIN,-0.2
2022,aguilry01,Ryan Aguilar,LAA,-0.3
2022,leeko01,Korey Lee,HOU,-0.5
2022,beckhti01,Tim Beckham,MIN,-0.6
2022,deluzbe01,Ben DeLuzio,STL,0.2
2022,haselad01,Adam Haseley,CHW,0.3
2022,paytoma01,Mark Payton,CHW,0.0
2022,sianimi01,Michael Siani,CIN,-0.3
2022,garcima01,Maikel Garcia,KCR,-0.1
2022,hamilca01,Caleb Hamilton,MIN,-0.3
2022,hamilbi02,Billy Hamilton,2TM,-0.1
2022,hamilbi02,Billy Hamilton,MIA,0.0
2022,hamilbi02,Billy Hamilton,MIN,-0.1
2022,battema01,Matthew Batten,SDP,-0.1
2022,herreiv01,Iván Herrera,STL,-0.3
2022,proctfo01,Ford Proctor,SFG,-0.2
2022,ramoshe02,Heliot Ramos,SFG,-0.5
2022,youngja02,Jared Young,CHC,0.1
2022,godoyjo01,José Godoy,2TM,-0.3
2022,godoyjo01,José Godoy,MIN,0.0
2022,godoyjo01,José Godoy,PIT,-0.3
2022,kolozma01,Mark Kolozsvary,CIN,0.1
2022,severpe01,Pedro Severino,MIL,0.0
2022,johnsbr03,Bryce Johnson,SFG,-0.3
2022,shawtr01,Travis Shaw,BOS,-0.7
2022,souzast01,Steven Souza Jr.,SEA,-0.4
2022,perezca03,Carlos Pérez,CHW,-0.2
2022,bradlbo01,Bobby Bradley,CLE,-0.4
2022,machadi01,Dixon Machado,SFG,0.1
2022,mastrmi01,Miles Mastrobuoni,TBR,-0.2
2022,pinama01,Manny Piña,ATL,-0.1
2022,ellisdr01,Drew Ellis,2TM,-0.3
2022,ellisdr01,Drew Ellis,ARI,-0.2
2022,ellisdr01,Drew Ellis,SEA,-0.1
2022,allenau01,Austin Allen,OAK,0.0
2022,ohopplo01,Logan O'Hoppe,LAA,-0.1
2022,outmaja01,James Outman,LAD,0.4
2022,reyespa01,Pablo Reyes,MIL,-0.2
2022,walkest01,Steele Walker,TEX,-0.2
2022,bannory01,Rylan Bannon,2TM,-0.2
2022,bannory01,Rylan Bannon,BAL,-0.2
2022,bannory01,Rylan Bannon,ATL,0.0
2022,lavasbr01,Bryan Lavastida,CLE,-0.1
2022,alvarfr01,Francisco Alvarez,NYM,0.0
2022,dixonbr01,Brandon Dixon,SDP,0.0
2022,harrimo01,Monte Harrison,LAA,0.2
2022,pinedis01,Israel Pineda,WSN,-0.2
2022,thomadi01,Dillon Thomas,LAA,0.1
2022,okeych01,Chris Okey,CIN,-0.2
2022,pillake01,Kevin Pillar,LAD,-0.2
2022,shortza01,Zack Short,DET,-0.1
2022,jacksal02,Alex Jackson,MIL,-0.1
2022,davisbr04,Brendon Davis,DET,-0.1
2022,dunanjo01,Joe Dunand,MIA,0.2
2022,garnedu01,Dustin Garneau,DET,0.1
2022,katohgo01,Gosuke Katoh,TOR,0.1
2022,whiteaa01,Aaron Whitefield,LAA,-0.3
2022,krizaja01,Jason Krizan,SFG,0.0
2022,lopesch01,Christian Lopes,OAK,-0.2
2022,lopezot01,Otto Lopez,TOR,0.3
2022,crookna01,Narciso Crook,CHC,-0.2
2022,deanau01,Austin Dean,SFG,0.2
2022,diazya02,Yainer Diaz,HOU,-0.1
2022,muzzisi01,Simón Muzziotti,PHI,-0.1
2022,swaggtr01,Travis Swaggerty,PIT,-0.2
2022,gorete01,Terrance Gore,NYM,-0.1
2022,greingr01,Grayson Greiner,ARI,0.0
2022,inciaen01,Ender Inciarte,NYM,0.0
2022,naylobo01,Bo Naylor,CLE,-0.2
2022,blancda02,Dairon Blanco,KCR,0.0
2022,capravi01,Vinny Capra,TOR,0.1
2022,fermifr01,Freddy Fermin,KCR,-0.2
2022,smithca05,Canaan Smith-Njigba,PIT,-0.1
2022,difowi01,Wilmer Difo,ARI,-0.1
2022,guzmaro01,Ronald Guzmán,NYY,-0.2
2022,marrede01,Deven Marrero,NYM,-0.1
2022,mcdonmi01,Mickey McDonald,OAK,0.0
2022,motteta01,Taylor Motter,CIN,-0.2
2022,rosareg01,Eguy Rosario,SDP,0.1
2022,wilsoma02,Marcus Wilson,SEA,0.0
2022,felicma01,Mario Feliciano,MIL,0.0
2022,lestejo02,Josh Lester,DET,-0.1
2022,liberlu01,Luis Liberato,SDP,-0.2
2022,alforan01,Anthony Alford,PIT,0.0
2022,hicklbr01,Brewer Hicklen,KCR,-0.1
2022,okeefbr01,Brian O'Keefe,SEA,0.0
2022,pegueli01,Liover Peguero,PIT,0.2
2022,riddljt01,JT Riddle,CIN,0.0
2022,sandsdo01,Donny Sands,PHI,-0.1
2022,trompch01,Chadwick Tromp,ATL,0.2
2022,wolteto01,Tony Wolters,LAD,-0.1
2022,blanktr01,Travis Blankenhorn,NYM,-0.1
2022,brantro01,Rob Brantly,NYY,0.0
2022,dawsoro01,Ronnie Dawson,CIN,-0.1
2022,jacksdr01,Drew Jackson,OAK,-0.1
2022,mondona01,Nate Mondou,OAK,0.0
2022,stewadj01,DJ Stewart,BAL,-0.1
2022,leekh01,Khalil Lee,NYM,0.0
2022,sanmare01,Reiver Sanmartín,CIN,0.0
2022,alvarjo03,José Alvarado,PHI,0.0
2022,anderty01,Tyler Anderson,LAD,0.0
2022,diazyu01,Yusniel Díaz,BAL,0.0
2022,jonesta01,Taylor Jones,HOU,0.0
2022,larseja01,Jack Larsen,SEA,0.0
2022,perezjo02,Joe Perez,HOU,0.0
2022,phillev01,Evan Phillips,LAD,0.1
2022,roberda08,David Robertson,CHC,0.0
2022,roberkr01,Kramer Robertson,STL,-0.1
2022,tomka01,Ka'ai Tom,SFG,0.0
2022,abreual01,Albert Abreu,KCR,0.0
2022,alexasc02,Scott Alexander,SFG,0.0
2022,appelma01,Mark Appel,PHI,0.0
2022,bardda01,Daniel Bard,COL,0.0
2022,barlojo01,Joe Barlow,TEX,0.0
2022,barlosc01,Scott Barlow,KCR,0.0
2022,bassan01,Anthony Bass,MIA,0.0
2022,bautife01,Félix Bautista,BAL,0.0
2022,bednada01,David Bednar,PIT,0.0
2022,bellaan01,Andrew Bellatti,PHI,0.0
2022,bickfph01,Phil Bickford,LAD,0.0
2022,bleieri01,Richard Bleier,MIA,0.0
2022,bolanro01,Ronald Bolaños,KCR,0.0
2022,brashma01,Matt Brash,SEA,0.0
2022,bruihju01,Justin Bruihl,LAD,0.0
2022,bummeaa01,Aaron Bummer,CHW,0.0
2022,castidi01,Diego Castillo,SEA,0.0
2022,clarkta01,Taylor Clarke,KCR,0.0
2022,colemdy01,Dylan Coleman,KCR,0.0
2022,colomal01,Alex Colomé,COL,0.0
2022,delosen01,Enyel De Los Santos,CLE,0.0
2022,diazed04,Edwin Díaz,NYM,0.0
2022,duffety01,Tyler Duffey,MIN,0.0
2022,duranjh01,Jhoan Duran,MIN,0.0
2022,estevca01,Carlos Estévez,COL,0.0
2022,familje01,Jeurys Familia,PHI,0.0
2022,florody01,Dylan Floro,MIA,0.0
2022,fostema01,Matt Foster,CHW,0.0
2022,fulmemi01,Michael Fulmer,MIN,0.0
2022,garciri01,Rico Garcia,BAL,0.0
2022,gilbrlu01,Lucas Gilbreath,COL,0.0
2022,ginkeke01,Kevin Ginkel,ARI,0.0
2022,givenmy01,Mychal Givens,NYM,0.0
2022,graveke01,Kendall Graveman,CHW,0.0
2022,grimmju01,Justin Grimm,OAK,0.0
2022,hendrli01,Liam Hendriks,CHW,0.0
2022,hendrry01,Ryan Hendrix,CIN,0.0
2022,hernaca04,Carlos Hernández,KCR,0.0
2022,hoffmje02,Jeff Hoffman,CIN,0.0
2022,hughebr01,Brandon Hughes,CHC,0.0
2022,hunteto02,Tommy Hunter,NYM,0.0
2022,kaprija01,James Kaprielian,OAK,0.0
2022,kenneia01,Ian Kennedy,ARI,0.0
2022,kimbrcr01,Craig Kimbrel,LAD,0.0
2022,kingesc01,Scott Kingery,PHI,0.0
2022,krehbjo01,Joey Krehbiel,BAL,0.0
2022,kuhnejo01,Joel Kuhnel,CIN,0.0
2022,lambeji01,Jimmy Lambert,CHW,0.0
2022,liberma01,Matthew Liberatore,STL,0.0
2022,loaisjo01,Jonathan Loáisiga,NYY,0.0
2022,lopezjo02,Jorge López,2TM,0.0
2022,lopezjo02,Jorge López,BAL,0.0
2022,lopezjo02,Jorge López,MIN,0.0
2022,lopezre01,Reynaldo López,CHW,0.0
2022,lugose01,Seth Lugo,NYM,0.0
2022,lynchda02,Daniel Lynch IV,KCR,0.0
2022,mantijo01,Joe Mantiply,ARI,0.0
2022,martibr01,Brett Martin,TEX,0.0
2022,martich02,Chris Martin,LAD,0.0
2022,medinad01,Adonis Medina,NYM,0.0
2022,melanma01,Mark Melancon,ARI,0.0
2022,middlke01,Keynan Middleton,ARI,0.0
2022,millsal02,Alec Mills,CHC,0.0
2022,millswy01,Wyatt Mills,SEA,0.0
2022,moretda01,Dauri Moreta,CIN,0.0
2022,moronre01,Reyes Moronta,ARI,0.0
2022,murfepe01,Penn Murfee,SEA,0.0
2022,nardian01,Andrew Nardi,MIA,0.0
2022,nelsoky01,Kyle Nelson,ARI,0.0
2022,norrida01,Daniel Norris,CHC,0.0
2022,okertst01,Steven Okert,MIA,0.0
2022,payamjo01,Joel Payamps,2TM,0.0
2022,payamjo01,Joel Payamps,KCR,0.0
2022,payamjo01,Joel Payamps,OAK,0.0
2022,perezci01,Cionel Pérez,BAL,0.0
2022,popza01,Zach Pop,MIA,0.0
2022,poppese01,Sean Poppen,ARI,0.0
2022,priceda01,David Price,LAD,0.0
2022,ramirno01,Noé Ramirez,ARI,0.0
2022,reedja02,Jake Reed,2TM,0.0
2022,reedja02,Jake Reed,LAD,0.0
2022,reedja02,Jake Reed,BAL,0.0
2022,rodrijo06,Joely Rodríguez,NYM,0.0
2022,rogerta01,Taylor Rogers,SDP,0.0
2022,romerjo01,JoJo Romero,PHI,0.0
2022,schmicl01,Clarke Schmidt,NYY,0.0
2022,scottta01,Tanner Scott,MIA,0.0
2022,severan01,Anderson Severino,CHW,0.0
2022,sewalpa01,Paul Sewald,SEA,0.0
2022,shawbr01,Bryan Shaw,CLE,0.0
2022,shrevch01,Chasen Shreve,NYM,0.0
2022,snideco01,Collin Snider,KCR,0.0
2022,spangco01,Cory Spangenberg,STL,0.0
2022,staumjo01,Josh Staumont,KCR,0.0
2022,steckdr01,Drew Steckenrider,SEA,0.0
2022,stephja01,Jackson Stephens,ATL,0.0
2022,strichu01,Hunter Strickland,CIN,0.0
2022,sulseco01,Cole Sulser,MIA,0.0
2022,tatedi01,Dillon Tate,BAL,0.0
2022,thielca01,Caleb Thielbar,MIN,0.0
2022,weavelu01,Luke Weaver,ARI,0.0
2022,wendejb01,J.B. Wendelken,ARI,0.0
2022,willitr01,Trevor Williams,NYM,0.0
2023,semiema01,Marcus Semien,TEX,7.7
2023,acunaro01,Ronald Acuña Jr.,ATL,8.4
2023,freemfr01,Freddie Freeman,LAD,6.8
2023,bregmal01,Alex Bregman,HOU,4.9
2023,lowena01,Nathaniel Lowe,TEX,2.9
2023,olsonma02,Matt Olson,ATL,7.5
2023,schwaky01,Kyle Schwarber,PHI,0.7
2023,kwanst01,Steven Kwan,CLE,3.2
2023,rileyau01,Austin Riley,ATL,6.0
2023,rodriju01,Julio Rodríguez,SEA,5.5
2023,sotoju01,Juan Soto,SDP,5.3
2023,suareeu01,Eugenio Suárez,SEA,2.4
2023,wittbo02,Bobby Witt Jr.,KCR,4.3
2023,bettsmo01,Mookie Betts,LAD,8.6
2023,happia01,Ian Happ,CHC,3.5
2023,ramirjo01,José Ramírez,CLE,4.9
2023,turnetr01,Trea Turner,PHI,3.5
2023,hoernni01,Nico Hoerner,CHC,5.5
2023,goldspa01,Paul Goldschmidt,STL,3.3
2023,lindofr01,Francisco Lindor,NYM,6.1
2023,rutscad01,Adley Rutschman,BAL,4.3
2023,torkesp01,Spencer Torkelson,DET,1.0
2023,springe01,George Springer,TOR,2.0
2023,guerrvl02,Vladimir Guerrero Jr.,TOR,1.8
2023,nimmobr01,Brandon Nimmo,NYM,4.0
2023,thomala02,Lane Thomas,WSN,3.3
2023,hernate01,Teoscar Hernández,SEA,2.3
2023,tuckeky01,Kyle Tucker,HOU,5.5
2023,torregl01,Gleyber Torres,NYY,2.9
2023,casteni01,Nick Castellanos,PHI,1.5
2023,bogaexa01,Xander Bogaerts,SDP,4.2
2023,francty01,Ty France,SEA,0.9
2023,steersp01,Spencer Steer,CIN,2.9
2023,walkech02,Christian Walker,ARI,3.7
2023,albieoz01,Ozzie Albies,ATL,5.0
2023,alonspe01,Pete Alonso,NYM,3.3
2023,menesjo01,Joey Meneses,WSN,0.6
2023,deverra01,Rafael Devers,BOS,3.5
2023,santaan02,Anthony Santander,BAL,3.0
2023,arozara01,Randy Arozarena,TBR,3.4
2023,marteke01,Ketel Marte,ARI,4.9
2023,mcneije01,Jeff McNeil,NYM,2.4
2023,carroco02,Corbin Carroll,ARI,5.3
2023,reynobr01,Bryan Reynolds,PIT,2.4
2023,stottbr01,Bryson Stott,PHI,4.3
2023,adamewi01,Willy Adames,MIL,2.9
2023,crawfjp01,J.P. Crawford,SEA,5.2
2023,swansda01,Dansby Swanson,CHC,5.2
2023,tatisfe02,Fernando Tatis Jr.,SDP,5.2
2023,penaje02,Jeremy Peña,HOU,3.9
2023,garciad02,Adolis García,TEX,4.5
2023,yelicch01,Christian Yelich,MIL,3.5
2023,mcmahry01,Ryan McMahon,COL,2.9
2023,delacbr01,Bryan De La Cruz,MIA,-0.7
2023,kimha01,Ha-Seong Kim,SDP,5.4
2023,turneju01,Justin Turner,BOS,2.1
2023,hendegu01,Gunnar Henderson,BAL,6.1
2023,beninan01,Andrew Benintendi,CHW,0.4
2023,santaca01,Carlos Santana,2TM,2.7
2023,santaca01,Carlos Santana,PIT,1.5
2023,santaca01,Carlos Santana,MIL,1.1
2023,arraelu01,Luis Arraez,MIA,4.6
2023,belljo02,Josh Bell,2TM,-0.1
2023,belljo02,Josh Bell,CLE,-0.3
2023,belljo02,Josh Bell,MIA,0.2
2023,gimenan01,Andrés Giménez,CLE,5.0
2023,tovarez01,Ezequiel Tovar,COL,2.5
2023,vaughan01,Andrew Vaughn,CHW,1.1
2023,abramcj01,CJ Abrams,WSN,3.5
2023,arenano01,Nolan Arenado,STL,2.2
2023,bohmal01,Alec Bohm,PHI,0.5
2023,contrwi02,William Contreras,MIL,3.7
2023,melenmj01,MJ Melendez,KCR,-0.4
2023,verdual01,Alex Verdugo,BOS,2.7
2023,bichebo01,Bo Bichette,TOR,4.8
2023,machama01,Manny Machado,SDP,2.7
2023,volpean01,Anthony Volpe,NYY,3.3
2023,diazya01,Yandy Díaz,TBR,5.1
2023,ohtansh01,Shohei Ohtani,LAA,6.1
2023,roberlu01,Luis Robert Jr.,CHW,5.3
2023,abreujo02,José Abreu,HOU,-0.1
2023,gurrilo01,Lourdes Gurriel Jr.,ARI,2.9
2023,merriwh01,Whit Merrifield,TOR,0.7
2023,ozunama01,Marcell Ozuna,ATL,3.4
2023,smithdo02,Dominic Smith,WSN,0.9
2023,suzukse01,Seiya Suzuki,CHC,3.2
2023,chapmma01,Matt Chapman,TOR,4.3
2023,varshda01,Daulton Varsho,TOR,3.6
2023,correca01,Carlos Correa,MIN,1.3
2023,perezsa02,Salvador Perez,KCR,0.4
2023,solerjo01,Jorge Soler,MIA,1.5
2023,yoshima02,Masataka Yoshida,BOS,1.4
2023,muncyma01,Max Muncy,LAD,2.9
2023,candeje01,Jeimer Candelario,2TM,3.3
2023,candeje01,Jeimer Candelario,WSN,3.1
2023,candeje01,Jeimer Candelario,CHC,0.2
2023,paredis01,Isaac Paredes,TBR,4.2
2023,raleica01,Cal Raleigh,SEA,3.4
2023,outmaja01,James Outman,LAD,3.4
2023,haysau01,Austin Hays,BAL,2.5
2023,lemahdj01,DJ LeMahieu,NYY,1.3
2023,ruizke01,Keibert Ruiz,WSN,1.4
2023,bellico01,Cody Bellinger,CHC,4.8
2023,friedtj01,TJ Friedl,CIN,3.6
2023,grishtr01,Trent Grisham,SDP,1.8
2023,smithwi05,Will Smith,LAD,4.1
2023,taverle01,Leody Taveras,TEX,2.9
2023,renfrhu01,Hunter Renfroe,2TM,-0.5
2023,renfrhu01,Hunter Renfroe,LAA,0.1
2023,renfrhu01,Hunter Renfroe,CIN,-0.6
2023,baezja01,Javier Báez,DET,0.8
2023,davisjd01,J.D. Davis,SFG,0.9
2023,harpebr03,Bryce Harper,PHI,3.6
2023,rosaram01,Amed Rosario,2TM,0.4
2023,rosaram01,Amed Rosario,CLE,-0.3
2023,rosaram01,Amed Rosario,LAD,0.8
2023,realmjt01,J.T. Realmuto,PHI,3.5
2023,burgeja01,Jake Burger,2TM,2.5
2023,burgeja01,Jake Burger,CHW,1.4
2023,burgeja01,Jake Burger,MIA,1.0
2023,harrimi04,Michael Harris II,ATL,3.5
2023,seageco01,Corey Seager,TEX,7.2
2023,suwinja01,Jack Suwinski,PIT,2.1
2023,arciaor01,Orlando Arcia,ATL,1.7
2023,estrath01,Thairo Estrada,SFG,2.5
2023,vierlma01,Matt Vierling,DET,1.5
2023,indiajo01,Jonathan India,CIN,1.3
2023,edmanto01,Tommy Edman,STL,2.1
2023,diazel01,Elias Díaz,COL,1.5
2023,rookebr01,Brent Rooker,OAK,2.0
2023,hayeske01,Ke'Bryan Hayes,PIT,3.9
2023,anderti01,Tim Anderson,CHW,-1.8
2023,drurybr01,Brandon Drury,LAA,2.0
2023,croneja01,Jake Cronenworth,SDP,0.8
2023,profaju01,Jurickson Profar,2TM,-1.2
2023,profaju01,Jurickson Profar,COL,-1.6
2023,profaju01,Jurickson Profar,SDP,0.4
2023,wadela01,LaMonte Wade Jr.,SFG,2.8
2023,mckinza01,Zach McKinstry,DET,1.3
2023,strawmy01,Myles Straw,CLE,0.9
2023,stephty01,Tyler Stephenson,CIN,0.6
2023,rosared01,Eddie Rosario,ATL,1.2
2023,garcima01,Maikel Garcia,KCR,1.1
2023,jungjo01,Josh Jung,TEX,2.6
2023,hernaen02,Kiké Hernández,2TM,-0.1
2023,hernaen02,Kiké Hernández,BOS,-0.6
2023,hernaen02,Kiké Hernández,LAD,0.5
2023,canhama01,Mark Canha,2TM,2.2
2023,canhama01,Mark Canha,NYM,1.2
2023,canhama01,Mark Canha,MIL,1.0
2023,nootbla01,Lars Nootbaar,STL,3.3
2023,casastr01,Triston Casas,BOS,2.2
2023,heimjo01,Jonah Heim,TEX,3.1
2023,lowejo01,Josh Lowe,TBR,3.7
2023,ruizes01,Esteury Ruiz,OAK,-0.3
2023,alvaryo01,Yordan Alvarez,HOU,4.5
2023,contrwi01,Willson Contreras,STL,3.3
2023,naylojo01,Josh Naylor,CLE,2.3
2023,nodary01,Ryan Noda,OAK,2.2
2023,perdoge01,Geraldo Perdomo,ARI,2.0
2023,dubonma01,Mauricio Dubón,HOU,2.7
2023,francwa01,Wander Franco,TBR,5.4
2023,keplema01,Max Kepler,MIN,2.8
2023,langesh01,Shea Langeliers,OAK,0.9
2023,jimenel02,Eloy Jiménez,CHW,0.5
2023,garcilu04,Luis García Jr.,WSN,0.7
2023,phamth01,Tommy Pham,2TM,1.5
2023,phamth01,Tommy Pham,NYM,1.2
2023,phamth01,Tommy Pham,ARI,0.3
2023,martijd02,J.D. Martinez,LAD,2.0
2023,mccutan01,Andrew McCutchen,PIT,1.4
2023,joeco01,Connor Joe,PIT,0.7
2023,marshbr02,Brandon Marsh,PHI,3.4
2023,grichra01,Randal Grichuk,2TM,1.4
2023,grichra01,Randal Grichuk,COL,1.0
2023,grichra01,Randal Grichuk,LAA,0.3
2023,confomi01,Michael Conforto,SFG,0.8
2023,mountry01,Ryan Mountcastle,BAL,2.1
2023,walkejo02,Jordan Walker,STL,-0.1
2023,gormano01,Nolan Gorman,STL,2.4
2023,massemi02,Michael Massey,KCR,-0.1
2023,carpeke01,Kerry Carpenter,DET,2.1
2023,judgeaa01,Aaron Judge,NYY,4.6
2023,mccorch01,Chas McCormick,HOU,3.4
2023,coopega03,Garrett Cooper,2TM,-0.3
2023,coopega03,Garrett Cooper,MIA,-0.1
2023,coopega03,Garrett Cooper,SDP,-0.2
2023,brennwi02,Will Brennan,CLE,0.3
2023,fraziad01,Adam Frazier,BAL,1.7
2023,mullice01,Cedric Mullins,BAL,2.8
2023,florewi01,Wilmer Flores,SFG,2.7
2023,solando01,Donovan Solano,MIN,1.6
2023,turanbr02,Brice Turang,MIL,1.5
2023,rengilu01,Luis Rengifo,LAA,1.9
2023,callal02,Alex Call,WSN,1.0
2023,duranez01,Ezequiel Durán,TEX,1.1
2023,murphse01,Sean Murphy,ATL,4.0
2023,lowebr01,Brandon Lowe,TBR,2.1
2023,ramirha02,Harold Ramírez,TBR,2.0
2023,doylebr02,Brenton Doyle,COL,0.8
2023,peterja01,Jace Peterson,2TM,-0.5
2023,peterja01,Jace Peterson,OAK,0.3
2023,peterja01,Jace Peterson,ARI,-0.8
2023,morelch01,Christopher Morel,CHC,1.5
2023,delacel01,Elly De La Cruz,CIN,0.7
2023,pederjo01,Joc Pederson,SFG,0.7
2023,bertijo01,Jon Berti,MIA,2.2
2023,jonesno01,Nolan Jones,COL,4.3
2023,alvarfr01,Francisco Alvarez,NYM,1.0
2023,rojasmi02,Miguel Rojas,LAD,1.4
2023,kirkal01,Alejandro Kirk,TOR,1.9
2023,peralda01,David Peralta,LAD,0.7
2023,rizzoan01,Anthony Rizzo,NYY,0.5
2023,grossro01,Robbie Grossman,TEX,0.1
2023,gomesya01,Yan Gomes,CHC,2.0
2023,kempto01,Tony Kemp,OAK,-1.2
2023,greenri03,Riley Greene,DET,1.9
2023,kelenja01,Jarred Kelenic,SEA,2.1
2023,stantmi03,Giancarlo Stanton,NYY,-0.8
2023,blackch02,Charlie Blackmon,COL,1.4
2023,altuvjo01,Jose Altuve,HOU,2.8
2023,wiemejo01,Joey Wiemer,MIL,0.9
2023,castrwi01,Willi Castro,MIN,2.6
2023,wardta01,Taylor Ward,LAA,1.7
2023,julieed01,Edouard Julien,MIN,2.6
2023,kiermke01,Kevin Kiermaier,TOR,3.8
2023,maldoma01,Martín Maldonado,HOU,0.3
2023,andruel01,Elvis Andrus,CHW,0.7
2023,raleylu01,Luke Raley,TBR,2.7
2023,grandya01,Yasmani Grandal,CHW,-0.6
2023,beltbr01,Brandon Belt,TOR,2.0
2023,laurera01,Ramón Laureano,2TM,1.7
2023,laurera01,Ramón Laureano,OAK,1.1
2023,laurera01,Ramón Laureano,CLE,0.6
2023,mclaima01,Matt McLain,CIN,3.6
2023,wongco01,Connor Wong,BOS,2.2
2023,sanchje02,Jesús Sánchez,MIA,1.5
2023,thomaal01,Alek Thomas,ARI,1.0
2023,tauchmi01,Mike Tauchman,CHC,2.7
2023,dejonpa01,Paul DeJong,3TM,-0.5
2023,dejonpa01,Paul DeJong,2TM,0.3
2023,dejonpa01,Paul DeJong,STL,0.7
2023,dejonpa01,Paul DeJong,TOR,-0.8
2023,dejonpa01,Paul DeJong,SFG,-0.4
2023,uriasra01,Ramón Urías,BAL,1.8
2023,batybr01,Brett Baty,NYM,-0.7
2023,taylomi02,Michael A. Taylor,MIN,1.9
2023,moustmi01,Mike Moustakas,2TM,-0.1
2023,moustmi01,Mike Moustakas,COL,0.4
2023,moustmi01,Mike Moustakas,LAA,-0.5
2023,olivaed02,Edward Olivares,KCR,0.2
2023,tayloch03,Chris Taylor,LAD,1.5
2023,chishja01,Jazz Chisholm Jr.,MIA,1.0
2023,ibanean01,Andy Ibáñez,DET,1.9
2023,yastrmi01,Mike Yastrzemski,SFG,2.4
2023,fraleja01,Jake Fraley,CIN,0.8
2023,morenga01,Gabriel Moreno,ARI,4.3
2023,brownse01,Seth Brown,OAK,0.3
2023,diazya02,Yainer Diaz,HOU,3.2
2023,heywaja01,Jason Heyward,LAD,1.9
2023,baeji01,Jihwan Bae,PIT,-0.5
2023,donovbr01,Brendan Donovan,STL,1.9
2023,cabremi01,Miguel Cabrera,DET,-0.3
2023,farmeky01,Kyle Farmer,MIN,1.7
2023,ohearry01,Ryan O'Hearn,BAL,1.2
2023,rogerja03,Jake Rogers,DET,0.8
2023,sirijo01,Jose Siri,TBR,1.6
2023,duranja01,Jarren Duran,BOS,2.2
2023,troutmi01,Mike Trout,LAA,2.9
2023,anderbr06,Brian Anderson,MIL,0.5
2023,kineris01,Isiah Kiner-Falefa,NYY,0.0
2023,baddoak01,Akil Baddoo,DET,0.7
2023,moncayo01,Yoán Moncada,CHW,0.6
2023,vazquch01,Christian Vázquez,MIN,-0.4
2023,bailepa01,Patrick Bailey,SFG,0.8
2023,duvalad01,Adam Duvall,BOS,1.6
2023,tellero01,Rowdy Tellez,MIL,-0.7
2023,mateojo01,Jorge Mateo,BAL,0.8
2023,rojasjo01,Josh Rojas,2TM,0.5
2023,rojasjo01,Josh Rojas,ARI,-0.3
2023,rojasjo01,Josh Rojas,SEA,0.8
2023,wallsta01,Taylor Walls,TBR,2.0
2023,burleal01,Alec Burleson,STL,-0.7
2023,buxtoby01,Byron Buxton,MIN,0.7
2023,ariasga01,Gabriel Arias,CLE,-0.2
2023,prattni01,Nick Pratto,KCR,-1.3
2023,diazal02,Aledmys Díaz,OAK,-1.0
2023,garvemi01,Mitch Garver,TEX,2.3
2023,sabolbl01,Blake Sabol,SFG,0.2
2023,sheetga01,Gavin Sheets,CHW,-1.5
2023,baderha01,Harrison Bader,2TM,0.6
2023,baderha01,Harrison Bader,NYY,0.9
2023,baderha01,Harrison Bader,CIN,-0.3
2023,polanjo01,Jorge Polanco,MIN,1.9
2023,martest01,Starling Marte,NYM,-0.7
2023,meyerja02,Jake Meyers,HOU,1.5
2023,biggica01,Cavan Biggio,TOR,0.6
2023,waterdr01,Drew Waters,KCR,0.6
2023,margoma01,Manuel Margot,TBR,0.6
2023,bryankr01,Kris Bryant,COL,-1.0
2023,jeffery01,Ryan Jeffers,MIN,3.2
2023,bethach01,Christian Bethancourt,TBR,0.7
2023,gallojo01,Joey Gallo,MIN,0.5
2023,cabreos01,Oswaldo Cabrera,NYY,-1.5
2023,senzeni01,Nick Senzel,CIN,0.0
2023,allenni02,Nick Allen,OAK,0.2
2023,bensowi01,Will Benson,CIN,1.6
2023,gourryu01,Yuli Gurriel,MIA,-0.7
2023,netoza01,Zach Neto,LAA,1.6
2023,segurje01,Jean Segura,MIA,-2.1
2023,forteni01,Nick Fortes,MIA,-0.3
2023,julksco01,Corey Julks,HOU,0.3
2023,moniami01,Mickey Moniak,LAA,2.2
2023,crawfbr01,Brandon Crawford,SFG,-1.3
2023,kirilal01,Alex Kirilloff,MIN,0.5
2023,vogelda01,Daniel Vogelbach,NYM,0.2
2023,wendljo01,Joey Wendle,MIA,-0.4
2023,monasan01,Andruw Monasterio,MIL,1.3
2023,milleow01,Owen Miller,MIL,0.3
2023,isbelky01,Kyle Isbel,KCR,2.0
2023,mccarja02,Jake McCarthy,ARI,0.4
2023,hicksaa01,Aaron Hicks,2TM,0.5
2023,hicksaa01,Aaron Hicks,NYY,-0.5
2023,hicksaa01,Aaron Hicks,BAL,1.1
2023,escobed01,Eduardo Escobar,2TM,-1.0
2023,escobed01,Eduardo Escobar,NYM,0.1
2023,escobed01,Eduardo Escobar,LAA,-1.2
2023,monteel01,Elehuris Montero,COL,-0.1
2023,thaisma01,Matt Thaiss,LAA,0.4
2023,vargami01,Miguel Vargas,LAD,0.1
2023,bledajj01,JJ Bleday,OAK,-0.1
2023,wisdopa01,Patrick Wisdom,CHC,0.5
2023,janseda01,Danny Jansen,TOR,1.6
2023,gelofza01,Zack Gelof,OAK,2.5
2023,sosaed01,Edmundo Sosa,PHI,0.6
2023,madrini01,Nick Madrigal,CHC,1.3
2023,diazjo03,Jordan Diaz,OAK,-1.2
2023,matonni01,Nick Maton,DET,-1.3
2023,haaseer01,Eric Haase,2TM,-0.8
2023,haaseer01,Eric Haase,DET,-0.8
2023,haaseer01,Eric Haase,CLE,0.0
2023,darnatr01,Travis d'Arnaud,ATL,0.2
2023,jankotr01,Travis Jankowski,TEX,1.6
2023,vargail01,Ildemaro Vargas,WSN,0.8
2023,riverem01,Emmanuel Rivera,ARI,0.2
2023,cabaljo01,José Caballero,SEA,2.5
2023,croncj01,C.J. Cron,2TM,-0.5
2023,croncj01,C.J. Cron,COL,0.0
2023,croncj01,C.J. Cron,LAA,-0.5
2023,schmica01,Casey Schmitt,SFG,-0.4
2023,stallja01,Jacob Stallings,MIA,-0.8
2023,bauerja01,Jake Bauers,NYY,-0.9
2023,garrest01,Stone Garrett,WSN,1.9
2023,castrha01,Harold Castro,COL,-1.4
2023,sanchga02,Gary Sánchez,2TM,2.1
2023,sanchga02,Gary Sánchez,NYM,-0.1
2023,sanchga02,Gary Sánchez,SDP,2.3
2023,oneilty01,Tyler O'Neill,STL,0.3
2023,palacjo01,Joshua Palacios,PIT,-0.2
2023,colasos01,Oscar Colás,CHW,-1.5
2023,mancitr01,Trey Mancini,CHC,-1.1
2023,lopezni01,Nicky Lopez,2TM,1.8
2023,lopezni01,Nicky Lopez,KCR,1.0
2023,lopezni01,Nicky Lopez,ATL,0.8
2023,higasky01,Kyle Higashioka,NYY,-0.3
2023,pasquvi01,Vinnie Pasquantino,KCR,0.0
2023,castrro01,Rodolfo Castro,2TM,-0.4
2023,castrro01,Rodolfo Castro,PIT,0.0
2023,castrro01,Rodolfo Castro,PHI,-0.4
2023,carlsdy01,Dylan Carlson,STL,0.5
2023,davishe01,Henry Davis,PIT,-1.5
2023,faircst01,Stuart Fairchild,CIN,0.4
2023,espinsa01,Santiago Espinal,TOR,0.3
2023,wallnma01,Matt Wallner,MIN,2.2
2023,matoslu02,Luis Matos,SFG,-0.4
2023,newmake01,Kevin Newman,CIN,-0.4
2023,shortza01,Zack Short,DET,0.5
2023,hampsga01,Garrett Hampson,MIA,1.1
2023,fordmi01,Mike Ford,SEA,0.8
2023,wongko01,Kolten Wong,2TM,-0.7
2023,wongko01,Kolten Wong,SEA,-1.1
2023,wongko01,Kolten Wong,LAD,0.4
2023,refsnro01,Rob Refsnyder,BOS,0.4
2023,tayloty01,Tyrone Taylor,MIL,0.4
2023,vottojo01,Joey Votto,CIN,-0.1
2023,encarch01,Christian Encarnacion-Strand,CIN,0.5
2023,kniznan01,Andrew Knizner,STL,1.0
2023,lewisro02,Royce Lewis,MIN,2.4
2023,carpema01,Matt Carpenter,SDP,-0.3
2023,longoev01,Evan Longoria,ARI,0.4
2023,fermifr01,Freddy Fermin,KCR,1.6
2023,vientma01,Mark Vientos,NYM,-1.0
2023,smithjo11,Josh Smith,TEX,1.0
2023,naylobo01,Bo Naylor,CLE,1.4
2023,hanigmi01,Mitch Haniger,SFG,-0.2
2023,smithpa04,Pavin Smith,ARI,-0.8
2023,urshegi01,Gio Urshela,LAA,0.7
2023,westbjo01,Jordan Westburg,BAL,1.2
2023,trejoal01,Alan Trejo,COL,0.1
2023,caratvi01,Victor Caratini,MIL,0.7
2023,mccanja02,James McCann,BAL,0.5
2023,frelisa01,Sal Frelick,MIL,1.1
2023,marcatu01,Tucupita Marcano,PIT,-0.3
2023,pegueli01,Liover Peguero,PIT,-0.6
2023,larnatr01,Trevor Larnach,MIN,0.0
2023,hedgeau01,Austin Hedges,2TM,-1.1
2023,hedgeau01,Austin Hedges,PIT,-1.0
2023,hedgeau01,Austin Hedges,TEX,-0.1
2023,ahmedni01,Nick Ahmed,ARI,-0.3
2023,duffyma01,Matt Duffy,KCR,0.2
2023,triolja01,Jared Triolo,PIT,2.0
2023,slateau01,Austin Slater,SFG,0.8
2023,arroych01,Christian Arroyo,BOS,-0.2
2023,mcguire01,Reese McGuire,BOS,-0.3
2023,pillake01,Kevin Pillar,ATL,0.0
2023,rodrien01,Endy Rodríguez,PIT,0.2
2023,caveja01,Jake Cave,PHI,-0.3
2023,barneau01,Austin Barnes,LAD,-1.0
2023,mailelu01,Luke Maile,CIN,0.8
2023,ohopplo01,Logan O'Hoppe,LAA,0.6
2023,winkeje01,Jesse Winker,MIL,-0.7
2023,zavalse01,Seby Zavala,2TM,-0.2
2023,zavalse01,Seby Zavala,CHW,-0.3
2023,zavalse01,Seby Zavala,ARI,0.1
2023,rodgebr02,Brendan Rodgers,COL,0.1
2023,perazos02,Oswald Peraza,NYY,-0.5
2023,perezca02,Carlos Pérez,OAK,0.5
2023,donaljo02,Josh Donaldson,2TM,0.1
2023,donaljo02,Josh Donaldson,NYY,0.0
2023,donaljo02,Josh Donaldson,MIL,0.1
2023,delayja01,Jason Delay,PIT,-0.1
2023,reyespa01,Pablo Reyes,BOS,0.4
2023,stewadj01,DJ Stewart,NYM,0.4
2023,rendoan01,Anthony Rendon,LAA,0.1
2023,canzodo01,Dominic Canzone,2TM,-0.1
2023,canzodo01,Dominic Canzone,ARI,-0.2
2023,canzodo01,Dominic Canzone,SEA,0.1
2023,gonzaos01,Oscar González,CLE,-1.4
2023,velazne01,Nelson Velázquez,2TM,1.2
2023,velazne01,Nelson Velázquez,CHC,0.0
2023,velazne01,Nelson Velázquez,KCR,1.1
2023,thomptr01,Trayce Thompson,2TM,-0.7
2023,thomptr01,Trayce Thompson,LAD,-0.3
2023,thomptr01,Trayce Thompson,CHW,-0.4
2023,uriaslu01,Luis Urías,2TM,-0.2
2023,uriaslu01,Luis Urías,MIL,-0.2
2023,uriaslu01,Luis Urías,BOS,0.0
2023,aluja01,Jake Alu,WSN,-0.1
2023,calhoko01,Kole Calhoun,CLE,0.0
2023,campulu01,Luis Campusano,SDP,1.1
2023,sosale01,Lenyn Sosa,CHW,-0.7
2023,wallach01,Chad Wallach,LAA,0.1
2023,tapiara01,Raimel Tapia,3TM,-0.1
2023,tapiara01,Raimel Tapia,2TM,0.6
2023,tapiara01,Raimel Tapia,BOS,0.4
2023,tapiara01,Raimel Tapia,MIL,-0.7
2023,tapiara01,Raimel Tapia,TBR,0.1
2023,freemty01,Tyler Freeman,CLE,-0.3
2023,perkibl01,Blake Perkins,MIL,1.1
2023,storytr01,Trevor Story,BOS,0.8
2023,trevijo01,Jose Trevino,NYY,0.5
2023,mooredy01,Dylan Moore,SEA,0.5
2023,rojasjo03,Johan Rojas,PHI,2.4
2023,mejiafr01,Francisco Mejia,TBR,0.1
2023,remilza01,Zach Remillard,CHW,0.1
2023,murphto04,Tom Murphy,SEA,1.2
2023,adamsri03,Riley Adams,WSN,1.1
2023,odorro01,Rougned Odor,SDP,-0.3
2023,amayami01,Miguel Amaya,CHC,0.3
2023,nolaau01,Austin Nola,SDP,-0.6
2023,cruzne02,Nelson Cruz,SDP,-0.4
2023,dickeco01,Corey Dickerson,WSN,-0.6
2023,miranjo01,José Miranda,MIN,-0.2
2023,toglimi01,Michael Toglia,COL,-1.5
2023,schoojo01,Jonathan Schoop,DET,-0.4
2023,kellyca02,Carson Kelly,2TM,0.1
2023,kellyca02,Carson Kelly,ARI,-0.1
2023,kellyca02,Carson Kelly,DET,0.2
2023,garcijo02,José Barrero,CIN,-0.5
2023,calhowi01,Willie Calhoun,NYY,-0.2
2023,gallaca01,Cam Gallagher,CLE,-1.1
2023,mastrmi01,Miles Mastrobuoni,CHC,0.6
2023,valdeen01,Enmanuel Valdéz,BOS,0.0
2023,clemeko01,Kody Clemens,PHI,0.0
2023,mckinbi01,Billy McKinney,NYY,0.2
2023,narvaom01,Omar Narváez,NYM,-0.1
2023,smithke05,Kevin Smith,OAK,-0.3
2023,meadopa01,Parker Meadows,DET,1.0
2023,wynnsau01,Austin Wynns,3TM,-0.1
2023,wynnsau01,Austin Wynns,SFG,0.0
2023,wynnsau01,Austin Wynns,LAD,0.1
2023,wynnsau01,Austin Wynns,COL,-0.2
2023,polloaj01,AJ Pollock,2TM,-0.7
2023,polloaj01,AJ Pollock,SEA,-0.5
2023,polloaj01,AJ Pollock,SFG,-0.3
2023,myerswi01,Wil Myers,CIN,-0.6
2023,schneda03,Davis Schneider,TOR,1.8
2023,villada01,David Villar,SFG,-0.4
2023,zuninmi01,Mike Zunino,CLE,-0.6
2023,battema01,Matthew Batten,SDP,0.3
2023,mckenry01,Ryan McKenna,BAL,0.5
2023,blancda02,Dairon Blanco,KCR,1.2
2023,soderty01,Tyler Soderstrom,OAK,-1.1
2023,winnma01,Masyn Winn,STL,-0.6
2023,ortegra01,Rafael Ortega,NYM,0.2
2023,schanno01,Nolan Schanuel,LAA,0.1
2023,wiselbr01,Brett Wisely,SFG,-0.2
2023,butlela01,Lawrence Butler,OAK,-0.5
2023,gonzani01,Nick Gonzales,PIT,-0.2
2023,roblevi01,Víctor Robles,WSN,0.0
2023,stubbga01,Garrett Stubbs,PHI,0.1
2023,barnhtu01,Tucker Barnhart,CHC,-0.5
2023,marteno01,Noelvi Marté,CIN,0.8
2023,rivasal01,Alfonso Rivas III,2TM,0.3
2023,rivasal01,Alfonso Rivas III,SDP,0.0
2023,rivasal01,Alfonso Rivas III,PIT,0.3
2023,youngja03,Jacob Young,WSN,0.6
2023,guilllu01,Luis Guillorme,NYM,-0.1
2023,herrejo04,José Herrera,ARI,-0.2
2023,garciav01,Avisaíl García,MIA,-0.6
2023,choiji01,Jiman Choi,2TM,-0.4
2023,choiji01,Jiman Choi,PIT,0.0
2023,choiji01,Jiman Choi,SDP,-0.4
2023,walshja01,Jared Walsh,LAA,-0.9
2023,aguilje01,Jesús Aguilar,OAK,-0.6
2023,harrijo05,Josh Harrison,PHI,-0.6
2023,bradlja02,Jackie Bradley Jr.,KCR,-0.4
2023,fryda01,David Fry,CLE,0.4
2023,changyu01,Yu Chang,BOS,0.1
2023,willial04,Alika Williams,PIT,-0.3
2023,nevinty01,Tyler Nevin,DET,-0.5
2023,haggesa01,Sam Haggerty,SEA,0.3
2023,mauriro01,Ronny Mauricio,NYM,0.2
2023,bridejo01,Jonah Bride,OAK,-0.5
2023,pintore02,René Pinto,TBR,0.3
2023,singljo02,Jon Singleton,2TM,-0.5
2023,singljo02,Jon Singleton,MIL,-0.4
2023,singljo02,Jon Singleton,HOU,-0.1
2023,davisjo05,Jonathan Davis,MIA,0.0
2023,arandjo01,Jonathan Aranda,TBR,0.2
2023,pereiev01,Everson Pereira,NYY,-0.6
2023,azocajo01,José Azócar,SDP,0.1
2023,fletcdo01,Dominic Fletcher,ARI,0.7
2023,palacri01,Richie Palacios,STL,0.6
2023,hosmeer01,Eric Hosmer,CHC,-0.4
2023,marloca01,Cade Marlowe,SEA,1.1
2023,bakerlu01,Luken Baker,STL,-0.4
2023,mervima01,Matt Mervis,CHC,-0.4
2023,fletcda02,David Fletcher,LAA,0.1
2023,gonzaro01,Romy González,CHW,-0.4
2023,casalcu01,Curt Casali,CIN,0.1
2023,chavimi01,Michael Chavis,WSN,0.5
2023,bartjo01,Joey Bart,SFG,-0.4
2023,pachecr01,Cristian Pache,PHI,0.7
2023,basabos01,Osleivis Basabe,TBR,0.4
2023,henslda01,David Hensley,HOU,-0.7
2023,kieboca01,Carter Kieboom,WSN,-0.1
2023,velazan01,Andrew Velazquez,LAA,-0.5
2023,gordoni01,Nick Gordon,MIN,-0.3
2023,meadcu01,Curtis Mead,TBR,0.5
2023,doziehu01,Hunter Dozier,KCR,-0.3
2023,alberha01,Hanser Alberto,CHW,0.3
2023,andujmi01,Miguel Andujar,PIT,0.1
2023,luplojo01,Jordan Luplow,2TM,0.0
2023,luplojo01,Jordan Luplow,TOR,-0.1
2023,luplojo01,Jordan Luplow,MIN,0.1
2023,rafaece01,Ceddanne Rafaela,BOS,0.0
2023,capelco01,Conner Capel,OAK,0.3
2023,dixonbr01,Brandon Dixon,SDP,-0.3
2023,ramoshe01,Henry Ramos,CIN,0.1
2023,rocchbr01,Brayan Rocchio,CLE,0.0
2023,sullibr01,Brett Sullivan,SDP,0.0
2023,abreuwi02,Wilyer Abreu,BOS,0.7
2023,brujavi01,Vidal Bruján,TBR,-0.3
2023,edwarxa01,Xavier Edwards,MIA,0.1
2023,marisja01,Jake Marisnick,3TM,0.4
2023,marisja01,Jake Marisnick,2TM,0.4
2023,marisja01,Jake Marisnick,CHW,0.0
2023,marisja01,Jake Marisnick,DET,0.4
2023,marisja01,Jake Marisnick,LAD,0.0
2023,motteta01,Taylor Motter,STL,-0.6
2023,buschmi02,Michael Busch,LAD,-0.4
2023,dazayo01,Yonathan Daza,COL,-0.4
2023,grissva01,Vaughn Grissom,ATL,-0.7
2023,martini02,Nick Martini,CIN,0.2
2023,rortvbe01,Ben Rortvedt,NYY,-0.2
2023,brossmi01,Mike Brosseau,MIL,-0.3
2023,hillisa01,Sam Hilliard,ATL,0.2
2023,cowseco01,Colton Cowser,BAL,-0.7
2023,goodmhu01,Hunter Goodman,COL,-0.5
2023,frazicl01,Clint Frazier,CHW,-0.3
2023,carteev01,Evan Carter,TEX,1.6
2023,wellsau01,Austin Wells,NYY,0.1
2023,voitlu01,Luke Voit,MIL,-0.3
2023,mitchga01,Garrett Mitchell,MIL,0.6
2023,mathima01,Mark Mathias,2TM,-0.3
2023,mathima01,Mark Mathias,PIT,-0.2
2023,mathima01,Mark Mathias,SFG,-0.1
2023,beatyma01,Matt Beaty,2TM,-0.2
2023,beatyma01,Matt Beaty,SFG,-0.1
2023,beatyma01,Matt Beaty,KCR,-0.1
2023,cordefr02,Franchy Cordero,NYY,-0.1
2023,flories01,Estevan Florial,NYY,0.0
2023,phillbr02,Brett Phillips,LAA,-0.1
2023,stefami01,Michael Stefanic,LAA,0.1
2023,leeko01,Korey Lee,CHW,-0.6
2023,myersda01,Dane Myers,MIA,-0.4
2023,mendida01,Danny Mendick,NYM,-0.9
2023,taylosa04,Samad Taylor,KCR,-0.2
2023,loftini01,Nick Loftin,KCR,0.6
2023,locasti01,Tim Locastro,NYM,0.4
2023,millebr02,Brad Miller,TEX,0.0
2023,arauzjo01,Jonathan Araúz,NYM,-0.3
2023,reyesfr01,Franmil Reyes,KCR,-0.5
2023,vosleja01,Jason Vosler,CIN,-0.4
2023,yepezju01,Juan Yepez,STL,-0.8
2023,mecklwa01,Wade Meckler,SFG,0.0
2023,adelljo01,Jo Adell,LAA,0.3
2023,fermijo01,José Fermín,STL,0.1
2023,nidoto01,Tomás Nido,NYM,-0.7
2023,ramoshe02,Heliot Ramos,SFG,-0.3
2023,thompbu01,Bubba Thompson,TEX,-0.4
2023,brantmi02,Michael Brantley,HOU,0.1
2023,rufda01,Darin Ruf,2TM,-0.2
2023,rufda01,Darin Ruf,SFG,0.0
2023,rufda01,Darin Ruf,MIL,-0.2
2023,cabbatr01,Trey Cabbage,LAA,-0.3
2023,eatonna01,Nate Eaton,KCR,-0.6
2023,hallda02,Darick Hall,PHI,-0.7
2023,trammta01,Taylor Trammell,SEA,-0.3
2023,vavrate01,Terrin Vavra,BAL,-0.5
2023,wadety01,Tyler Wade,OAK,-0.3
2023,lambja01,Jake Lamb,LAA,0.1
2023,lewisky01,Kyle Lewis,ARI,-0.6
2023,dalbebo01,Bobby Dalbec,BOS,-0.2
2023,perezca03,Carlos Pérez,CHW,0.0
2023,clemeer01,Ernie Clement,TOR,0.9
2023,alfarjo01,Jorge Alfaro,2TM,-0.4
2023,alfarjo01,Jorge Alfaro,COL,-0.4
2023,alfarjo01,Jorge Alfaro,BOS,-0.1
2023,hillde01,Derek Hill,WSN,-0.3
2023,johnsbr03,Bryce Johnson,SFG,-0.2
2023,youngja02,Jared Young,CHC,-0.1
2023,heinety01,Tyler Heineman,2TM,0.2
2023,heinety01,Tyler Heineman,PIT,-0.1
2023,heinety01,Tyler Heineman,TOR,0.3
2023,parisky01,Kyren Paris,LAA,0.0
2023,thomaco01,Cody Thomas,OAK,-0.1
2023,delucjo01,Jonny DeLuca,LAD,0.3
2023,huffsa01,Sam Huff,TEX,0.3
2023,kessigr01,Grae Kessinger,HOU,0.0
2023,luciama01,Marco Luciano,SFG,0.1
2023,herreiv01,Iván Herrera,STL,0.3
2023,hopkitj01,TJ Hopkins,CIN,-0.3
2023,horwisp01,Spencer Horwitz,TOR,0.3
2023,leonsa01,Sandy León,TEX,-0.5
2023,martijp01,J.P. Martínez,TEX,-0.2
2023,bouchse01,Sean Bouchard,COL,0.7
2023,monteco01,Coco Montes,COL,-0.3
2023,adamsjo03,Jordyn Adams,LAA,-0.7
2023,cruzon01,Oneil Cruz,PIT,0.1
2023,stevean01,Andrew Stevenson,MIN,0.1
2023,hamilda03,David Hamilton,BOS,-0.1
2023,haselad01,Adam Haseley,CHW,-0.1
2023,lipcian01,Andre Lipcius,DET,-0.1
2023,portelo01,Logan Porter,KCR,0.0
2023,blanktr01,Travis Blankenhorn,WSN,-0.1
2023,burdipe01,Peyton Burdick,MIA,0.0
2023,rosareg01,Eguy Rosario,SDP,0.4
2023,smithca05,Canaan Smith-Njigba,PIT,-0.2
2023,caminju01,Junior Caminero,TBR,0.0
2023,ruthebl01,Blake Rutherford,WSN,-0.2
2023,fitzgty01,Tyler Fitzgerald,SFG,0.2
2023,lawlajo01,Jordan Lawlar,ARI,-0.2
2023,ortizjo06,Joey Ortiz,BAL,0.0
2023,riosed01,Edwin Ríos,CHC,-0.3
2023,tenajo01,José Tena,CLE,-0.3
2023,dominja01,Jasson Domínguez,NYY,0.2
2023,kjershe01,Heston Kjerstad,BAL,0.0
2023,milladr01,Drew Millas,WSN,0.3
2023,stoweky01,Kyle Stowers,BAL,-0.3
2023,mercaos01,Óscar Mercado,STL,-0.2
2023,lukesna01,Nathan Lukes,TOR,0.0
2023,garliky01,Kyle Garlick,MIN,-0.1
2023,madribl01,Bligh Madris,HOU,-0.3
2023,torrelu01,Luis Torrens,2TM,-0.1
2023,torrelu01,Luis Torrens,CHC,-0.1
2023,torrelu01,Luis Torrens,SEA,0.0
2023,ellisdr01,Drew Ellis,PHI,0.2
2023,kennebu01,Buddy Kennedy,ARI,0.0
2023,allengr01,Greg Allen,NYY,0.0
2023,guthrda01,Dalton Guthrie,PHI,0.2
2023,hernayo02,Yonny Hernández,LAD,-0.1
2023,hummeco01,Cooper Hummel,SEA,-0.4
2023,diazis01,Isan Díaz,2TM,-0.2
2023,diazis01,Isan Díaz,SFG,-0.1
2023,diazis01,Isan Díaz,DET,-0.1
2023,owingch01,Chris Owings,PIT,-0.3
2023,lasteto01,Tommy La Stella,SEA,-0.1
2023,lestejo02,Josh Lester,BAL,-0.2
2023,servebr01,Brian Serven,COL,-0.4
2023,wilsowe01,Weston Wilson,PHI,0.2
2023,capravi01,Vinny Capra,PIT,-0.1
2023,meadoau01,Austin Meadows,DET,-0.2
2023,okeefbr01,Brian O'Keefe,SEA,-0.2
2023,quereju01,Juniel Querecuto,STL,-0.3
2023,toroab01,Abraham Toro,MIL,0.3
2023,camarjo01,Johan Camargo,SFG,-0.2
2023,crowape01,Pete Crow-Armstrong,CHC,-0.1
2023,salazce01,César Salazar,HOU,-0.2
2023,willilu01,Luke Williams,2TM,-0.3
2023,willilu01,Luke Williams,LAD,-0.2
2023,willilu01,Luke Williams,ATL,-0.2
2023,kreidry01,Ryan Kreidler,DET,-0.4
2023,canaral01,Alexander Canario,CHC,0.0
2023,perezro02,Roberto Pérez,SFG,-0.1
2023,whiteel04,Eli White,ATL,0.0
2023,almonab01,Abraham Almonte,NYM,-0.3
2023,trompch01,Chadwick Tromp,ATL,-0.2
2023,gamelbe01,Ben Gamel,SDP,-0.2
2023,wallfo01,Forrest Wall,ATL,0.3
2023,bemboan01,Anthony Bemboom,BAL,0.0
2023,kohlwta01,Taylor Kohlwey,SDP,-0.2
2023,lopezir01,Irving López,STL,-0.4
2023,pinama01,Manny Piña,OAK,0.0
2023,sotoli01,Liván Soto,LAA,0.1
2023,steveca01,Cal Stevenson,SFG,0.0
2023,adriaeh01,Ehire Adrianza,ATL,-0.3
2023,jonesja08,Jahmai Jones,MIL,0.0
2023,tuckeco01,Cole Tucker,COL,0.0
2023,amayaja01,Jacob Amaya,MIA,0.0
2023,dahlda01,David Dahl,SDP,0.0
2023,downsje01,Jeter Downs,WSN,0.1
2023,naquity01,Tyler Naquin,CHW,-0.3
2023,orneljo01,Jonathan Ornelas,TEX,0.0
2023,padloke01,Kevin Padlo,LAA,-0.2
2023,perezmi03,Michael Pérez,NYM,0.3
2023,croplty01,Tyler Cropley,KCR,-0.1
2023,bannory01,Rylan Bannon,HOU,-0.2
2023,colliza01,Zack Collins,CLE,0.1
2023,edenca01,Cam Eden,TOR,-0.1
2023,engelad01,Adam Engel,SDP,-0.3
2023,hamilca01,Caleb Hamilton,BOS,-0.1
2023,maggidr01,Drew Maggi,PIT,0.0
2023,sianimi01,Michael Siani,2TM,-0.3
2023,sianimi01,Michael Siani,CIN,-0.1
2023,sianimi01,Michael Siani,STL,-0.2
2023,graytr01,Tristan Gray,TBR,0.1
2023,mitchca01,Calvin Mitchell,PIT,-0.1
2023,reynoma03,Matt Reynolds,CIN,-0.1
2023,kaiseco01,Connor Kaiser,COL,-0.1
2023,shewmbr01,Braden Shewmake,ATL,-0.1
2023,vilorme01,Meibrys Viloria,CLE,-0.2
2023,barretr01,Tres Barrera,STL,0.0
2023,hamilbi02,Billy Hamilton,CHW,0.0
2023,lopezal03,Alejo Lopez,CIN,0.2
2023,okeych01,Chris Okey,LAA,0.0
2023,wainwad01,Adam Wainwright,STL,0.0
2023,castidi02,Diego Castillo,ARI,0.0
2023,culbech01,Charlie Culberson,ATL,0.0
2023,fulmemi01,Michael Fulmer,CHC,0.0
2023,mccoyma01,Mason McCoy,TOR,0.0
2023,millesh01,Shelby Miller,LAD,0.0
2023,sborzjo01,Josh Sborz,TEX,0.0
2023,seaglch01,Chandler Seagle,SDP,0.0
2023,adcocty01,Ty Adcock,SEA,0.0
2023,alexasc02,Scott Alexander,SFG,0.0
2023,bakerbr01,Bryan Baker,BAL,0.0
2023,barlosc01,Scott Barlow,KCR,0.0
2023,baumami01,Mike Baumann,BAL,0.0
2023,berrijo01,José Berríos,TOR,0.0
2023,brashma01,Matt Brash,SEA,0.0
2023,brasiry01,Ryan Brasier,LAD,0.0
2023,bukaujb01,JB Bukauskas,SEA,0.0
2023,bummeaa01,Aaron Bummer,CHW,0.0
2023,cabrege01,Génesis Cabrera,STL,0.0
2023,canoye01,Yennier Cano,BAL,0.0
2023,castrmi01,Miguel Castro,ARI,0.0
2023,chafian01,Andrew Chafin,ARI,0.0
2023,chapmar01,Aroldis Chapman,KCR,0.0
2023,clarkta01,Taylor Clarke,KCR,0.0
2023,colemdy01,Dylan Coleman,KCR,0.0
2023,couloda01,Danny Coulombe,BAL,0.0
2023,coxau01,Austin Cox,KCR,0.0
2023,crawfku01,Kutter Crawford,BOS,0.0
2023,diazal03,Alexis Díaz,CIN,0.0
2023,dovalca01,Camilo Doval,SFG,0.0
2023,duartda01,Daniel Duarte,CIN,0.0
2023,farmebu01,Buck Farmer,CIN,0.0
2023,ferguca01,Caleb Ferguson,LAD,0.0
2023,friaslu01,Luis Frías,ARI,0.0
2023,fujinsh01,Shintaro Fujinami,BAL,0.0
2023,gibauia01,Ian Gibaut,CIN,0.0
2023,gibsoky01,Kyle Gibson,BAL,0.0
2023,gillalo01,Logan Gillaspie,BAL,0.0
2023,ginkeke01,Kevin Ginkel,ARI,0.0
2023,gonzavi02,Victor González,LAD,0.0
2023,gratebr01,Brusdar Graterol,LAD,0.0
2023,graveke01,Kendall Graveman,HOU,0.0
2023,grayjo02,Jon Gray,TEX,0.0
2023,greinza01,Zack Greinke,KCR,0.0
2023,haderjo01,Josh Hader,SDP,0.0
2023,halldl01,DL Hall,BAL,0.0
2023,hearnta01,Taylor Hearn,TEX,0.0
2023,heasljo01,Jonathan Heasley,KCR,0.0
2023,helslry01,Ryan Helsley,STL,0.0
2023,hernaca04,Carlos Hernández,KCR,0.0
2023,hoeinbr01,Bryan Hoeing,MIA,0.0
2023,hunteto02,Tommy Hunter,NYM,0.0
2023,jamesdr01,Drey Jameson,ARI,0.0
2023,janseke01,Kenley Jansen,BOS,0.0
2023,jarvibr01,Bryce Jarvis,ARI,0.0
2023,jimenjo02,Joe Jiménez,ATL,0.0
2023,johnspi01,Pierce Johnson,COL,0.0
2023,junisja01,Jakob Junis,SFG,0.0
2023,kauffka01,Karl Kauffmann,COL,0.0
2023,kayan01,Anthony Kay,CHC,0.0
2023,kingjo01,John King,TEX,0.0
2023,kolozma01,Mark Kolozsvary,BAL,0.0
2023,langeal01,Alex Lange,DET,0.0
2023,lawde01,Derek Law,CIN,0.0
2023,lawreju01,Justin Lawrence,COL,0.0
2023,leitema02,Mark Leiter Jr.,CHC,0.0
2023,littllu01,Luke Little,CHC,0.0
2023,martich02,Chris Martin,BOS,0.0
2023,martise01,Seth Martinez,HOU,0.0
2023,matonph01,Phil Maton,HOU,0.0
2023,mayzati01,Tim Mayza,TOR,0.0
2023,mcartja01,James McArthur,KCR,0.0
2023,mcgousc01,Scott McGough,ARI,0.0
2023,merryju01,Julian Merryweather,CHC,0.0
2023,montera01,Rafael Montero,HOU,0.0
2023,moranjo01,Jovani Morán,MIN,0.0
2023,munozan01,Andrés Muñoz,SEA,0.0
2023,murfepe01,Penn Murfee,SEA,0.0
2023,naileja01,James Naile,STL,0.0
2023,nardian01,Andrew Nardi,MIA,0.0
2023,nelsoky01,Kyle Nelson,ARI,0.0
2023,nerishe01,Hector Neris,HOU,0.0
2023,paganem01,Emilio Pagán,MIN,0.0
2023,perezci01,Cionel Pérez,BAL,0.0
2023,pivetni01,Nick Pivetta,BOS,0.0
2023,pressry01,Ryan Pressly,HOU,0.0
2023,raganco01,Cole Ragans,TEX,0.0
2023,raleybr01,Brooks Raley,NYM,0.0
2023,rodrijo09,José Rodríguez,CHW,0.0
2023,rogerta01,Taylor Rogers,SFG,0.0
2023,rogerty01,Tyler Rogers,SFG,0.0
2023,romanjo03,Jordan Romano,TOR,0.0
2023,romerjo01,JoJo Romero,STL,0.0
2023,ruckemi01,Michael Rucker,CHC,0.0
2023,ruizjo01,José Ruiz,ARI,0.0
2023,sandsco01,Cole Sands,MIN,0.0
2023,santito01,Tony Santillan,CIN,0.0
2023,sauceta01,Tayler Saucedo,SEA,0.0
2023,schrejo01,John Schreiber,BOS,0.0
2023,scottta02,Tayler Scott,2TM,0.0
2023,scottta02,Tayler Scott,LAD,0.0
2023,scottta02,Tayler Scott,BOS,0.0
2023,sewalpa01,Paul Sewald,2TM,0.0
2023,sewalpa01,Paul Sewald,SEA,0.0
2023,sewalpa01,Paul Sewald,ARI,0.0
2023,simslu01,Lucas Sims,CIN,0.0
2023,smithwi04,Will Smith,TEX,0.0
2023,smylydr01,Drew Smyly,CHC,0.0
2023,solakni01,Nick Solak,2TM,0.0
2023,solakni01,Nick Solak,ATL,0.0
2023,solakni01,Nick Solak,DET,0.0
2023,spierca01,Carson Spiers,CIN,0.0
2023,stanery01,Ryne Stanek,HOU,0.0
2023,suterbr01,Brent Suter,COL,0.0
2023,tapiado01,Domingo Tapia,SDP,0.0
2023,topaju01,Justin Topa,SEA,0.0
2023,vesiaal01,Alex Vesia,LAD,0.0
2023,vestwi01,Will Vest,DET,0.0
2023,wesneha01,Hayden Wesneski,CHC,0.0
2023,whitlga01,Garrett Whitlock,BOS,0.0
2023,wittgni01,Nick Wittgren,KCR,0.0
2023,yarbrry01,Ryan Yarbrough,LAD,0.0
2023,youngal01,Alex Young,CIN,0.0
2024,duranja01,Jarren Duran,BOS,9.0
2024,ohtansh01,Shohei Ohtani,LAD,9.0
2024,hendegu01,Gunnar Henderson,BAL,8.8
2024,semiema01,Marcus Semien,TEX,4.5
2024,sotoju01,Juan Soto,NYY,8.0
2024,wittbo02,Bobby Witt Jr.,KCR,9.6
2024,judgeaa01,Aaron Judge,NYY,10.9
2024,guerrvl02,Vladimir Guerrero Jr.,TOR,6.0
2024,delacel01,Elly De La Cruz,CIN,5.2
2024,alonspe01,Pete Alonso,NYM,2.5
2024,tovarez01,Ezequiel Tovar,COL,3.6
2024,reynobr01,Bryan Reynolds,PIT,3.6
2024,schwaky01,Kyle Schwarber,PHI,3.3
2024,lindofr01,Francisco Lindor,NYM,6.8
2024,volpean01,Anthony Volpe,NYY,3.5
2024,adamewi01,Willy Adames,MIL,3.2
2024,ozunama01,Marcell Ozuna,ATL,4.3
2024,olsonma02,Matt Olson,ATL,3.9
2024,carroco02,Corbin Carroll,ARI,3.3
2024,altuvjo01,Jose Altuve,HOU,3.2
2024,ramirjo01,José Ramírez,CLE,6.8
2024,contrwi02,William Contreras,MIL,5.0
2024,arraelu01,Luis Arraez,2TM,1.1
2024,arraelu01,Luis Arraez,MIA,0.2
2024,arraelu01,Luis Arraez,SDP,0.9
2024,profaju01,Jurickson Profar,SDP,3.6
2024,santaan02,Anthony Santander,BAL,2.7
2024,torregl01,Gleyber Torres,NYY,1.9
2024,nimmobr01,Brandon Nimmo,NYM,2.2
2024,wardta01,Taylor Ward,LAA,2.3
2024,casteni01,Nick Castellanos,PHI,0.6
2024,happia01,Ian Happ,CHC,3.9
2024,croneja01,Jake Cronenworth,SDP,1.9
2024,steersp01,Spencer Steer,CIN,1.5
2024,goldspa01,Paul Goldschmidt,STL,1.4
2024,donovbr01,Brendan Donovan,STL,2.8
2024,hernate01,Teoscar Hernández,LAD,4.1
2024,perezsa02,Salvador Perez,KCR,2.8
2024,penaje02,Jeremy Peña,HOU,3.9
2024,arozara01,Randy Arozarena,2TM,1.7
2024,arozara01,Randy Arozarena,TBR,0.7
2024,arozara01,Randy Arozarena,SEA,1.0
2024,chapmma01,Matt Chapman,SFG,7.1
2024,mcmahry01,Ryan McMahon,COL,2.3
2024,machama01,Manny Machado,SDP,3.1
2024,bledajj01,JJ Bleday,OAK,2.1
2024,hoernni01,Nico Hoerner,CHC,3.7
2024,paredis01,Isaac Paredes,2TM,2.7
2024,paredis01,Isaac Paredes,TBR,2.4
2024,paredis01,Isaac Paredes,CHC,0.4
2024,suareeu01,Eugenio Suárez,ARI,3.0
2024,freemfr01,Freddie Freeman,LAD,4.5
2024,rutscad01,Adley Rutschman,BAL,3.1
2024,garciad02,Adolis García,TEX,0.7
2024,indiajo01,Jonathan India,CIN,1.7
2024,winnma01,Masyn Winn,STL,5.1
2024,alvaryo01,Yordan Alvarez,HOU,5.2
2024,arenano01,Nolan Arenado,STL,2.7
2024,castrwi01,Willi Castro,MIN,1.6
2024,bregmal01,Alex Bregman,HOU,4.0
2024,gimenan01,Andrés Giménez,CLE,4.0
2024,naylojo01,Josh Naylor,CLE,1.5
2024,harpebr03,Bryce Harper,PHI,4.6
2024,raleica01,Cal Raleigh,SEA,4.6
2024,garcima01,Maikel Garcia,KCR,1.4
2024,delacbr01,Bryan De La Cruz,2TM,-1.1
2024,delacbr01,Bryan De La Cruz,MIA,0.1
2024,delacbr01,Bryan De La Cruz,PIT,-1.2
2024,diazya01,Yandy Díaz,TBR,1.6
2024,verdual01,Alex Verdugo,NYY,0.9
2024,chishja01,Jazz Chisholm Jr.,2TM,2.9
2024,chishja01,Jazz Chisholm Jr.,MIA,1.4
2024,chishja01,Jazz Chisholm Jr.,NYY,1.5
2024,diazya02,Yainer Diaz,HOU,3.1
2024,turanbr02,Brice Turang,MIL,4.8
2024,vaughan01,Andrew Vaughn,CHW,0.1
2024,rookebr01,Brent Rooker,OAK,5.6
2024,springe01,George Springer,TOR,0.9
2024,rodriju01,Julio Rodríguez,SEA,4.2
2024,morelch01,Christopher Morel,2TM,-0.6
2024,morelch01,Christopher Morel,CHC,0.3
2024,morelch01,Christopher Morel,TBR,-0.8
2024,schanno01,Nolan Schanuel,LAA,1.2
2024,bohmal01,Alec Bohm,PHI,2.8
2024,doylebr02,Brenton Doyle,COL,3.9
2024,belljo02,Josh Bell,2TM,-0.3
2024,belljo02,Josh Bell,MIA,-0.6
2024,belljo02,Josh Bell,ARI,0.3
2024,abramcj01,CJ Abrams,WSN,3.3
2024,arciaor01,Orlando Arcia,ATL,0.5
2024,netoza01,Zach Neto,LAA,5.1
2024,deverra01,Rafael Devers,BOS,3.9
2024,cruzon01,Oneil Cruz,PIT,2.6
2024,burleal01,Alec Burleson,STL,1.4
2024,santaca01,Carlos Santana,MIN,2.5
2024,merrija01,Jackson Merrill,SDP,4.5
2024,swansda01,Dansby Swanson,CHC,4.0
2024,smithjo11,Josh Smith,TEX,3.5
2024,suzukse01,Seiya Suzuki,CHC,3.5
2024,greenri03,Riley Greene,DET,5.3
2024,marteke01,Ketel Marte,ARI,6.8
2024,burgeja01,Jake Burger,MIA,0.8
2024,solerjo01,Jorge Soler,2TM,1.1
2024,solerjo01,Jorge Soler,SFG,1.0
2024,solerjo01,Jorge Soler,ATL,0.1
2024,chourja01,Jackson Chourio,MIL,3.9
2024,rafaece01,Ceddanne Rafaela,BOS,3.0
2024,stottbr01,Bryson Stott,PHI,2.3
2024,bellico01,Cody Bellinger,CHC,2.2
2024,buschmi02,Michael Busch,CHC,2.8
2024,vierlma01,Matt Vierling,DET,2.8
2024,lowena01,Nathaniel Lowe,TEX,3.0
2024,cowseco01,Colton Cowser,BAL,2.8
2024,langfwy01,Wyatt Langford,TEX,4.2
2024,keithco01,Colt Keith,DET,1.0
2024,pasquvi01,Vinnie Pasquantino,KCR,1.3
2024,gurrilo01,Lourdes Gurriel Jr.,ARI,1.9
2024,walkech02,Christian Walker,ARI,2.5
2024,gelofza01,Zack Gelof,OAK,1.4
2024,smithwi05,Will Smith,LAD,3.4
2024,kwanst01,Steven Kwan,CLE,4.0
2024,rodgebr02,Brendan Rodgers,COL,1.0
2024,turnetr01,Trea Turner,PHI,2.8
2024,turneju01,Justin Turner,2TM,1.4
2024,turneju01,Justin Turner,TOR,0.3
2024,turneju01,Justin Turner,SEA,1.1
2024,sanchje02,Jesús Sánchez,MIA,1.0
2024,francty01,Ty France,2TM,-0.6
2024,francty01,Ty France,SEA,-0.2
2024,francty01,Ty France,CIN,-0.4
2024,langesh01,Shea Langeliers,OAK,2.9
2024,seageco01,Corey Seager,TEX,5.2
2024,taverle01,Leody Taveras,TEX,0.7
2024,garcilu04,Luis García Jr.,WSN,2.2
2024,thomala02,Lane Thomas,2TM,0.3
2024,thomala02,Lane Thomas,WSN,0.4
2024,thomala02,Lane Thomas,CLE,-0.2
2024,frelisa01,Sal Frelick,MIL,2.2
2024,beninan01,Andrew Benintendi,CHW,-0.8
2024,ohopplo01,Logan O'Hoppe,LAA,2.7
2024,youngja03,Jacob Young,WSN,2.7
2024,ramoshe02,Heliot Ramos,SFG,2.3
2024,hoskirh01,Rhys Hoskins,MIL,-0.1
2024,bettsmo01,Mookie Betts,LAD,4.6
2024,mccutan01,Andrew McCutchen,PIT,0.9
2024,stephty01,Tyler Stephenson,CIN,2.4
2024,meyerja02,Jake Meyers,HOU,1.5
2024,varshda01,Daulton Varsho,TOR,4.8
2024,ortizjo06,Joey Ortiz,MIL,2.8
2024,winkeje01,Jesse Winker,2TM,1.9
2024,winkeje01,Jesse Winker,WSN,1.8
2024,winkeje01,Jesse Winker,NYM,0.1
2024,mountry01,Ryan Mountcastle,BAL,2.4
2024,sheetga01,Gavin Sheets,CHW,-1.0
2024,blackch02,Charlie Blackmon,COL,0.5
2024,mullice01,Cedric Mullins,BAL,2.4
2024,kineris01,Isiah Kiner-Falefa,2TM,3.5
2024,kineris01,Isiah Kiner-Falefa,TOR,3.1
2024,kineris01,Isiah Kiner-Falefa,PIT,0.5
2024,martijd02,J.D. Martinez,NYM,0.5
2024,mccarja02,Jake McCarthy,ARI,1.6
2024,ohearry01,Ryan O'Hearn,BAL,1.8
2024,heimjo01,Jonah Heim,TEX,1.4
2024,confomi01,Michael Conforto,SFG,1.3
2024,luxga01,Gavin Lux,LAD,2.0
2024,wongco01,Connor Wong,BOS,1.8
2024,ruizke01,Keibert Ruiz,WSN,0.6
2024,cabaljo01,José Caballero,TBR,1.6
2024,dejonpa01,Paul DeJong,2TM,0.9
2024,dejonpa01,Paul DeJong,CHW,0.2
2024,dejonpa01,Paul DeJong,KCR,0.7
2024,phamth01,Tommy Pham,3TM,-0.2
2024,phamth01,Tommy Pham,2TM,0.2
2024,phamth01,Tommy Pham,CHW,0.0
2024,phamth01,Tommy Pham,STL,-0.4
2024,phamth01,Tommy Pham,KCR,0.2
2024,marshbr02,Brandon Marsh,PHI,3.0
2024,rojasjo01,Josh Rojas,SEA,2.1
2024,yastrmi01,Mike Yastrzemski,SFG,2.1
2024,oneilty01,Tyler O'Neill,BOS,2.9
2024,mcneije01,Jeff McNeil,NYM,1.5
2024,harrimi04,Michael Harris II,ATL,3.2
2024,kimha01,Ha-Seong Kim,SDP,2.6
2024,polanjo01,Jorge Polanco,SEA,1.3
2024,rileyau01,Austin Riley,ATL,2.9
2024,jeffery01,Ryan Jeffers,MIN,2.1
2024,bogaexa01,Xander Bogaerts,SDP,1.2
2024,candeje01,Jeimer Candelario,CIN,-0.7
2024,canhama01,Mark Canha,2TM,0.5
2024,canhama01,Mark Canha,DET,0.5
2024,canhama01,Mark Canha,SFG,0.0
2024,urshegi01,Gio Urshela,2TM,0.6
2024,urshegi01,Gio Urshela,DET,-0.4
2024,urshegi01,Gio Urshela,ATL,1.0
2024,schuema01,Max Schuemann,OAK,0.8
2024,stantmi03,Giancarlo Stanton,NYY,0.8
2024,toglimi01,Michael Toglia,COL,2.1
2024,raleylu01,Luke Raley,SEA,3.2
2024,schneda03,Davis Schneider,TOR,-0.1
2024,vientma01,Mark Vientos,NYM,3.1
2024,clemeer01,Ernie Clement,TOR,3.3
2024,adelljo01,Jo Adell,LAA,0.8
2024,butlela01,Lawrence Butler,OAK,3.0
2024,crawfjp01,J.P. Crawford,SEA,2.7
2024,melenmj01,MJ Melendez,KCR,-0.7
2024,kelenja01,Jarred Kelenic,ATL,0.4
2024,pederjo01,Joc Pederson,ARI,2.8
2024,bailepa01,Patrick Bailey,SFG,1.7
2024,sirijo01,Jose Siri,TBR,1.8
2024,abreuwi02,Wilyer Abreu,BOS,3.6
2024,westbjo01,Jordan Westburg,BAL,2.3
2024,triolja01,Jared Triolo,PIT,1.4
2024,lopezni01,Nicky Lopez,CHW,0.1
2024,pagesan01,Andy Pages,LAD,1.2
2024,rocchbr01,Brayan Rocchio,CLE,1.9
2024,mooredy01,Dylan Moore,SEA,2.1
2024,tatisfe02,Fernando Tatis Jr.,SDP,2.7
2024,baderha01,Harrison Bader,NYM,0.9
2024,albieoz01,Ozzie Albies,ATL,1.6
2024,lopezot01,Otto Lopez,MIA,2.8
2024,perkibl01,Blake Perkins,MIL,1.9
2024,garvemi01,Mitch Garver,SEA,-0.2
2024,miranjo01,José Miranda,MIN,1.7
2024,dubonma01,Mauricio Dubón,HOU,1.0
2024,isbelky01,Kyle Isbel,KCR,2.0
2024,lowebr01,Brandon Lowe,TBR,2.4
2024,perezwe01,Wenceel Pérez,DET,0.6
2024,roberlu01,Luis Robert Jr.,CHW,1.3
2024,renfrhu01,Hunter Renfroe,KCR,0.1
2024,hanigmi01,Mitch Haniger,SEA,-0.2
2024,tellero01,Rowdy Tellez,PIT,-0.3
2024,yoshima02,Masataka Yoshida,BOS,1.6
2024,moniami01,Mickey Moniak,LAA,-0.1
2024,joeco01,Connor Joe,PIT,0.7
2024,wellsau01,Austin Wells,NYY,2.6
2024,realmjt01,J.T. Realmuto,PHI,2.9
2024,crowape01,Pete Crow-Armstrong,CHC,2.3
2024,nootbla01,Lars Nootbaar,STL,1.6
2024,singljo02,Jon Singleton,HOU,0.2
2024,gormano01,Nolan Gorman,STL,0.5
2024,wadela01,LaMonte Wade Jr.,SFG,2.0
2024,brownse01,Seth Brown,OAK,-0.6
2024,larnatr01,Trevor Larnach,MIN,1.3
2024,keplema01,Max Kepler,MIN,1.0
2024,hayeske01,Ke'Bryan Hayes,PIT,0.9
2024,leeko01,Korey Lee,CHW,0.0
2024,hernaen02,Kiké Hernández,LAD,1.2
2024,fryda01,David Fry,CLE,1.4
2024,espinsa01,Santiago Espinal,CIN,-0.4
2024,naylobo01,Bo Naylor,CLE,0.7
2024,bensowi01,Will Benson,CIN,-1.3
2024,buxtoby01,Byron Buxton,MIN,3.6
2024,perdoge01,Geraldo Perdomo,ARI,3.5
2024,gonzani01,Nick Gonzales,PIT,1.0
2024,lowejo01,Josh Lowe,TBR,0.7
2024,kirkal01,Alejandro Kirk,TOR,1.9
2024,freemty01,Tyler Freeman,CLE,0.9
2024,fraleja01,Jake Fraley,CIN,0.3
2024,estrath01,Thairo Estrada,SFG,-0.6
2024,horwisp01,Spencer Horwitz,TOR,1.1
2024,torkesp01,Spencer Torkelson,DET,0.2
2024,rizzoan01,Anthony Rizzo,NYY,0.2
2024,martest01,Starling Marte,NYM,0.6
2024,sosale01,Lenyn Sosa,CHW,-0.5
2024,fermifr01,Freddy Fermin,KCR,3.1
2024,correca01,Carlos Correa,MIN,3.7
2024,toroab01,Abraham Toro,OAK,0.6
2024,amayami01,Miguel Amaya,CHC,2.0
2024,rojasjo03,Johan Rojas,PHI,0.6
2024,delucjo01,Jonny DeLuca,TBR,0.6
2024,drurybr01,Brandon Drury,LAA,-2.1
2024,contrwi01,Willson Contreras,STL,3.0
2024,massemi02,Michael Massey,KCR,1.7
2024,brennwi02,Will Brennan,CLE,-0.2
2024,morenga01,Gabriel Moreno,ARI,2.6
2024,diazel01,Elias Díaz,2TM,1.2
2024,diazel01,Elias Díaz,COL,1.1
2024,diazel01,Elias Díaz,SDP,0.1
2024,tauchmi01,Mike Tauchman,CHC,0.6
2024,jimenel02,Eloy Jiménez,2TM,-0.8
2024,jimenel02,Eloy Jiménez,CHW,-0.6
2024,jimenel02,Eloy Jiménez,BAL,-0.3
2024,bauerja01,Jake Bauers,MIL,-0.3
2024,caveja01,Jake Cave,COL,-0.8
2024,rosaram01,Amed Rosario,3TM,-0.1
2024,rosaram01,Amed Rosario,2TM,-0.6
2024,rosaram01,Amed Rosario,TBR,0.5
2024,rosaram01,Amed Rosario,LAD,0.0
2024,rosaram01,Amed Rosario,CIN,-0.6
2024,tayloty01,Tyrone Taylor,NYM,2.0
2024,margoma01,Manuel Margot,MIN,-0.9
2024,alvarfr01,Francisco Alvarez,NYM,0.8
2024,darnatr01,Travis d'Arnaud,ATL,1.1
2024,fitzgty01,Tyler Fitzgerald,SFG,2.7
2024,friedtj01,TJ Friedl,CIN,0.5
2024,tuckeky01,Kyle Tucker,HOU,4.6
2024,rogerja03,Jake Rogers,DET,0.9
2024,rojasmi02,Miguel Rojas,LAD,3.4
2024,bichebo01,Bo Bichette,TOR,-0.3
2024,woodja03,James Wood,WSN,1.1
2024,forteni01,Nick Fortes,MIA,0.2
2024,merriwh01,Whit Merrifield,2TM,0.2
2024,merriwh01,Whit Merrifield,PHI,0.0
2024,merriwh01,Whit Merrifield,ATL,0.2
2024,sianimi01,Michael Siani,STL,0.8
2024,duvalad01,Adam Duvall,ATL,-1.4
2024,rortvbe01,Ben Rortvedt,TBR,0.9
2024,cabreos01,Oswaldo Cabrera,NYY,1.3
2024,lewisro02,Royce Lewis,MIN,0.7
2024,mckinza01,Zach McKinstry,DET,0.8
2024,janseda01,Danny Jansen,2TM,0.7
2024,janseda01,Danny Jansen,TOR,0.6
2024,janseda01,Danny Jansen,BOS,0.1
2024,andujmi01,Miguel Andujar,OAK,0.4
2024,rosared01,Eddie Rosario,2TM,-1.6
2024,rosared01,Eddie Rosario,WSN,-1.2
2024,rosared01,Eddie Rosario,ATL,-0.4
2024,hamilda03,David Hamilton,BOS,2.8
2024,palacri01,Richie Palacios,TBR,1.8
2024,vazquch01,Christian Vázquez,MIN,-0.2
2024,yelicch01,Christian Yelich,MIL,2.3
2024,pillake01,Kevin Pillar,2TM,0.3
2024,pillake01,Kevin Pillar,CHW,0.0
2024,pillake01,Kevin Pillar,LAA,0.3
2024,menesjo01,Joey Meneses,WSN,-0.6
2024,kellyca02,Carson Kelly,2TM,0.5
2024,kellyca02,Carson Kelly,DET,0.7
2024,kellyca02,Carson Kelly,TEX,-0.2
2024,newmake01,Kevin Newman,ARI,2.2
2024,solando01,Donovan Solano,SDP,1.0
2024,laurera01,Ramón Laureano,2TM,1.3
2024,laurera01,Ramón Laureano,CLE,0.0
2024,laurera01,Ramón Laureano,ATL,1.3
2024,refsnro01,Rob Refsnyder,BOS,0.9
2024,smithdo02,Dominic Smith,2TM,0.0
2024,smithdo02,Dominic Smith,BOS,0.2
2024,smithdo02,Dominic Smith,CIN,-0.1
2024,rengilu01,Luis Rengifo,LAA,1.8
2024,edwarxa01,Xavier Edwards,MIA,2.1
2024,vargail01,Ildemaro Vargas,WSN,-0.5
2024,riverem01,Emmanuel Rivera,2TM,-0.3
2024,riverem01,Emmanuel Rivera,MIA,-0.6
2024,riverem01,Emmanuel Rivera,BAL,0.2
2024,julieed01,Edouard Julien,MIN,-0.2
2024,uriasra01,Ramón Urías,BAL,1.4
2024,taylomi02,Michael A. Taylor,PIT,0.9
2024,campulu01,Luis Campusano,SDP,-0.7
2024,meadopa01,Parker Meadows,DET,2.1
2024,jonesno01,Nolan Jones,COL,-0.8
2024,carpeke01,Kerry Carpenter,DET,2.1
2024,roblevi01,Víctor Robles,2TM,3.1
2024,roblevi01,Víctor Robles,WSN,0.1
2024,roblevi01,Víctor Robles,SEA,3.0
2024,fraziad01,Adam Frazier,KCR,0.4
2024,muncyma01,Max Muncy,LAD,3.0
2024,iglesjo01,Jose Iglesias,NYM,3.0
2024,baezja01,Javier Báez,DET,-1.2
2024,duranez01,Ezequiel Durán,TEX,0.2
2024,bartjo01,Joey Bart,PIT,2.2
2024,stallja01,Jacob Stallings,COL,1.7
2024,kiermke01,Kevin Kiermaier,2TM,0.9
2024,kiermke01,Kevin Kiermaier,TOR,0.8
2024,kiermke01,Kevin Kiermaier,LAD,0.1
2024,sanchga02,Gary Sánchez,MIL,0.2
2024,grichra01,Randal Grichuk,ARI,2.2
2024,brujavi01,Vidal Bruján,MIA,0.6
2024,nevinty01,Tyler Nevin,OAK,-0.2
2024,suwinja01,Jack Suwinski,PIT,-1.7
2024,gordoni01,Nick Gordon,MIA,-1.6
2024,caratvi01,Victor Caratini,HOU,1.3
2024,sosaed01,Edmundo Sosa,PHI,2.2
2024,bridejo01,Jonah Bride,MIA,0.9
2024,wiselbr01,Brett Wisely,SFG,0.4
2024,mccorch01,Chas McCormick,HOU,-0.7
2024,senzeni01,Nick Senzel,2TM,-1.4
2024,senzeni01,Nick Senzel,WSN,-0.7
2024,senzeni01,Nick Senzel,CHW,-0.7
2024,carlsdy01,Dylan Carlson,2TM,-1.2
2024,carlsdy01,Dylan Carlson,STL,-0.9
2024,carlsdy01,Dylan Carlson,TBR,-0.3
2024,murphse01,Sean Murphy,ATL,1.3
2024,higasky01,Kyle Higashioka,SDP,1.4
2024,loperjo01,Joey Loperfido,2TM,0.4
2024,loperjo01,Joey Loperfido,HOU,0.3
2024,loperjo01,Joey Loperfido,TOR,0.2
2024,wallnma01,Matt Wallner,MIN,2.2
2024,gallojo01,Joey Gallo,WSN,0.2
2024,peralda01,David Peralta,SDP,0.8
2024,herreiv01,Iván Herrera,STL,1.8
2024,heywaja01,Jason Heyward,2TM,1.1
2024,heywaja01,Jason Heyward,LAD,0.8
2024,heywaja01,Jason Heyward,HOU,0.3
2024,martiau01,Austin Martin,MIN,-1.0
2024,haysau01,Austin Hays,2TM,-0.2
2024,haysau01,Austin Hays,BAL,0.2
2024,haysau01,Austin Hays,PHI,-0.4
2024,calhowi01,Willie Calhoun,LAA,-0.2
2024,wallsta01,Taylor Walls,TBR,1.4
2024,yepezju01,Juan Yepez,WSN,0.6
2024,monteel01,Elehuris Montero,COL,-1.7
2024,tayloch03,Chris Taylor,LAD,-0.2
2024,ramirha02,Harold Ramírez,2TM,-0.1
2024,ramirha02,Harold Ramírez,TBR,0.1
2024,ramirha02,Harold Ramírez,WSN,-0.2
2024,grossro01,Robbie Grossman,3TM,-0.2
2024,grossro01,Robbie Grossman,CHW,-0.1
2024,grossro01,Robbie Grossman,TEX,0.3
2024,grossro01,Robbie Grossman,KCR,-0.4
2024,ibanean01,Andy Ibáñez,DET,1.3
2024,casastr01,Triston Casas,BOS,0.7
2024,grandya01,Yasmani Grandal,PIT,0.7
2024,farmeky01,Kyle Farmer,MIN,-0.3
2024,florewi01,Wilmer Flores,SFG,-0.6
2024,marteno01,Noelvi Marté,CIN,-1.8
2024,anderti01,Tim Anderson,MIA,-1.3
2024,fletcdo01,Dominic Fletcher,CHW,-0.4
2024,rendoan01,Anthony Rendon,LAA,0.6
2024,vargami01,Miguel Vargas,2TM,-0.8
2024,vargami01,Miguel Vargas,LAD,0.2
2024,vargami01,Miguel Vargas,CHW,-1.0
2024,trevijo01,Jose Trevino,NYY,0.6
2024,faircst01,Stuart Fairchild,CIN,1.0
2024,mccanja02,James McCann,BAL,0.7
2024,hampsga01,Garrett Hampson,KCR,0.5
2024,malloju02,Justyn-Henry Malloy,DET,-0.5
2024,velazne01,Nelson Velázquez,KCR,-0.5
2024,lemahdj01,DJ LeMahieu,NYY,-1.5
2024,ahmedni01,Nick Ahmed,3TM,-0.4
2024,ahmedni01,Nick Ahmed,SFG,-0.2
2024,ahmedni01,Nick Ahmed,LAD,-0.1
2024,ahmedni01,Nick Ahmed,SDP,-0.2
2024,bargead01,Addison Barger,TOR,0.3
2024,goodmhu01,Hunter Goodman,COL,-0.9
2024,mitchga01,Garrett Mitchell,MIL,2.1
2024,biggica01,Cavan Biggio,3TM,0.1
2024,biggica01,Cavan Biggio,2TM,-0.4
2024,biggica01,Cavan Biggio,TOR,0.5
2024,biggica01,Cavan Biggio,LAD,-0.3
2024,biggica01,Cavan Biggio,ATL,-0.2
2024,valdeen01,Enmanuel Valdéz,BOS,-0.5
2024,acunaro01,Ronald Acuña Jr.,ATL,0.0
2024,schneda04,Daniel Schneemann,CLE,0.7
2024,pagespe02,Pedro Pagés,STL,0.8
2024,gonzaro01,Romy González,BOS,1.0
2024,soderty01,Tyler Soderstrom,OAK,0.5
2024,slateau01,Austin Slater,3TM,-0.3
2024,slateau01,Austin Slater,2TM,-0.7
2024,slateau01,Austin Slater,SFG,-0.3
2024,slateau01,Austin Slater,CIN,-0.4
2024,slateau01,Austin Slater,BAL,0.4
2024,lipsctr01,Trey Lipscomb,WSN,-0.2
2024,jimenle01,Leo Jiménez,TOR,0.9
2024,grishtr01,Trent Grisham,NYY,0.4
2024,stoweky01,Kyle Stowers,2TM,-0.4
2024,stoweky01,Kyle Stowers,BAL,0.2
2024,stoweky01,Kyle Stowers,MIA,-0.6
2024,hollija01,Jackson Holliday,BAL,0.0
2024,mateojo01,Jorge Mateo,BAL,0.8
2024,jankotr01,Travis Jankowski,TEX,0.4
2024,noeljh01,Jhonkensy Noel,CLE,1.0
2024,olivaed02,Edward Olivares,PIT,-0.7
2024,stewadj01,DJ Stewart,NYM,-0.8
2024,norbyco01,Connor Norby,2TM,0.3
2024,norbyco01,Connor Norby,BAL,0.1
2024,norbyco01,Connor Norby,MIA,0.3
2024,julksco01,Corey Julks,CHW,-1.1
2024,canzodo01,Dominic Canzone,SEA,0.2
2024,jungjo01,Josh Jung,TEX,0.7
2024,stubbga01,Garrett Stubbs,PHI,0.3
2024,guilllu01,Luis Guillorme,3TM,0.2
2024,guilllu01,Luis Guillorme,2TM,0.1
2024,guilllu01,Luis Guillorme,ATL,-0.2
2024,guilllu01,Luis Guillorme,LAA,0.1
2024,guilllu01,Luis Guillorme,ARI,0.3
2024,camerda01,Daz Cameron,OAK,-0.5
2024,thaisma01,Matt Thaiss,LAA,0.6
2024,alexabl01,Blaze Alexander,ARI,0.0
2024,leebr02,Brooks Lee,MIN,-0.2
2024,beckjo01,Jordan Beck,COL,-0.9
2024,pachecr01,Cristian Pache,3TM,-0.2
2024,pachecr01,Cristian Pache,2TM,-0.3
2024,pachecr01,Cristian Pache,PHI,0.1
2024,pachecr01,Cristian Pache,BAL,0.1
2024,pachecr01,Cristian Pache,MIA,-0.3
2024,kirilal01,Alex Kirilloff,MIN,-0.6
2024,ricebe01,Ben Rice,NYY,-0.4
2024,walkejo02,Jordan Walker,STL,-0.8
2024,caminju01,Junior Caminero,TBR,0.7
2024,wisdopa01,Patrick Wisdom,CHC,-0.4
2024,hillde01,Derek Hill,3TM,0.1
2024,hillde01,Derek Hill,2TM,0.1
2024,hillde01,Derek Hill,TEX,0.0
2024,hillde01,Derek Hill,SFG,-0.1
2024,hillde01,Derek Hill,MIA,0.1
2024,batybr01,Brett Baty,NYM,0.3
2024,loftini01,Nick Loftin,KCR,0.2
2024,martian02,Angel Martínez,CLE,0.1
2024,tenajo01,José Tena,2TM,0.2
2024,tenajo01,José Tena,CLE,-0.1
2024,tenajo01,José Tena,WSN,0.3
2024,martini02,Nick Martini,CIN,-0.4
2024,carteev01,Evan Carter,TEX,0.7
2024,ariasga01,Gabriel Arias,CLE,-0.4
2024,hillisa01,Sam Hilliard,COL,0.4
2024,leeju01,Jung Hoo Lee,SFG,0.1
2024,mcguire01,Reese McGuire,BOS,0.2
2024,smithpa04,Pavin Smith,ARI,0.6
2024,carpema01,Matt Carpenter,STL,-0.1
2024,mccanky01,Kyle McCann,OAK,0.2
2024,davisjd01,J.D. Davis,2TM,-0.4
2024,davisjd01,J.D. Davis,OAK,-0.1
2024,davisjd01,J.D. Davis,NYY,-0.2
2024,barneau01,Austin Barnes,LAD,0.7
2024,manzaky01,Kyle Manzardo,CLE,0.0
2024,matoslu02,Luis Matos,SFG,-0.2
2024,outmaja01,James Outman,LAD,-0.5
2024,wadety01,Tyler Wade,SDP,-0.7
2024,bryankr01,Kris Bryant,COL,-0.8
2024,jacksal02,Alex Jackson,TBR,-0.4
2024,scottvi01,Victor Scott II,STL,-0.5
2024,mailelu01,Luke Maile,CIN,-0.4
2024,edmanto01,Tommy Edman,LAD,0.9
2024,maldoma01,Martín Maldonado,CHW,-1.3
2024,bethach01,Christian Bethancourt,2TM,0.4
2024,bethach01,Christian Bethancourt,MIA,-0.5
2024,bethach01,Christian Bethancourt,CHC,0.8
2024,hedgeau01,Austin Hedges,CLE,-0.6
2024,arandjo01,Jonathan Aranda,TBR,0.7
2024,monasan01,Andruw Monasterio,MIL,-0.1
2024,mendida01,Danny Mendick,CHW,-0.3
2024,nidoto01,Tomás Nido,2TM,-0.4
2024,nidoto01,Tomás Nido,NYM,0.1
2024,nidoto01,Tomás Nido,CHC,-0.5
2024,hernada04,Darell Hernaiz,OAK,-0.8
2024,blancda02,Dairon Blanco,KCR,0.1
2024,chapaan01,Andrés Chaparro,WSN,-0.1
2024,crewsdy01,Dylan Crews,WSN,0.6
2024,meadcu01,Curtis Mead,TBR,-0.5
2024,adamsri03,Riley Adams,WSN,0.2
2024,mccragr01,Grant McCray,SFG,0.0
2024,torrelu01,Luis Torrens,NYM,0.7
2024,troutmi01,Mike Trout,LAA,1.0
2024,casalcu01,Curt Casali,SFG,0.3
2024,stefami01,Michael Stefanic,LAA,-0.2
2024,encarch01,Christian Encarnacion-Strand,CIN,-1.0
2024,harribr02,Brett Harris,OAK,-0.5
2024,davishe01,Henry Davis,PIT,-0.6
2024,baldwbr01,Brooks Baldwin,CHW,0.0
2024,abreujo02,José Abreu,HOU,-1.7
2024,clemeko01,Kody Clemens,PHI,0.3
2024,encarje01,Jerar Encarnacion,SFG,0.1
2024,sweentr01,Trey Sweeney,DET,0.7
2024,coopega03,Garrett Cooper,2TM,-0.8
2024,coopega03,Garrett Cooper,CHC,0.1
2024,coopega03,Garrett Cooper,BOS,-0.9
2024,grissva01,Vaughn Grissom,BOS,-0.1
2024,herrejo04,José Herrera,ARI,-0.2
2024,kjershe01,Heston Kjerstad,BAL,0.4
2024,callal02,Alex Call,WSN,1.5
2024,schmica01,Casey Schmitt,SFG,0.2
2024,flories01,Estevan Florial,CLE,0.1
2024,nodary01,Ryan Noda,OAK,-0.6
2024,uriaslu01,Luis Urías,SEA,0.4
2024,bouchse01,Sean Bouchard,COL,-0.6
2024,myersda01,Dane Myers,MIA,0.6
2024,ramosbr01,Bryan Ramos,CHW,-0.2
2024,kavadni01,Niko Kavadas,LAA,-0.2
2024,mastrmi01,Miles Mastrobuoni,CHC,-0.2
2024,storytr01,Trevor Story,BOS,0.8
2024,allenni02,Nick Allen,OAK,0.2
2024,dunnol01,Oliver Dunn,MIL,0.2
2024,thomaal01,Alek Thomas,ARI,0.0
2024,wilsoja05,Jacob Wilson,OAK,-0.2
2024,gamelbe01,Ben Gamel,2TM,0.2
2024,gamelbe01,Ben Gamel,NYM,0.0
2024,gamelbe01,Ben Gamel,HOU,0.2
2024,schunaa01,Aaron Schunk,COL,0.2
2024,wilsowe01,Weston Wilson,PHI,0.7
2024,barnhtu01,Tucker Barnhart,ARI,0.3
2024,gomesya01,Yan Gomes,CHC,-0.7
2024,sanchal04,Ali Sánchez,MIA,-0.6
2024,willial04,Alika Williams,PIT,-0.1
2024,sanomi01,Miguel Sanó,LAA,-0.1
2024,jungja01,Jace Jung,DET,-0.5
2024,madrini01,Nick Madrigal,CHC,-0.4
2024,dalbebo01,Bobby Dalbec,BOS,-0.7
2024,kniznan01,Andrew Knizner,TEX,-0.8
2024,cabbatr01,Trey Cabbage,HOU,-0.1
2024,lukesna01,Nathan Lukes,TOR,1.2
2024,coningr01,Griffin Conine,MIA,0.8
2024,shortza01,Zack Short,3TM,-0.1
2024,shortza01,Zack Short,2TM,0.1
2024,shortza01,Zack Short,NYM,-0.1
2024,shortza01,Zack Short,BOS,-0.2
2024,shortza01,Zack Short,ATL,0.2
2024,delcaad01,Adrian Del Castillo,ARI,0.5
2024,dingldi01,Dillon Dingler,DET,-0.3
2024,rivasle01,Leo Rivas,SEA,0.3
2024,sogarni01,Nick Sogard,BOS,0.4
2024,wagnewi01,Will Wagner,TOR,0.7
2024,baddoak01,Akil Baddoo,DET,-0.5
2024,baeji01,Jihwan Bae,PIT,-0.4
2024,luciama01,Marco Luciano,SFG,-0.4
2024,crawfbr01,Brandon Crawford,STL,-0.2
2024,azocajo01,José Azócar,SDP,-0.4
2024,fermijo01,José Fermín,STL,-0.6
2024,vogelda01,Daniel Vogelbach,TOR,-0.5
2024,nunezna01,Nasim Nuñez,WSN,0.7
2024,palacjo01,Joshua Palacios,PIT,-0.1
2024,robinch04,Chuckie Robinson,CHW,-0.5
2024,deloaza01,Zach DeLoach,CHW,-0.1
2024,madribl01,Bligh Madris,DET,0.2
2024,bertijo01,Jon Berti,NYY,0.7
2024,wagamer01,Eric Wagaman,LAA,0.4
2024,johnsbr03,Bryce Johnson,SDP,-0.3
2024,amayaja01,Jacob Amaya,2TM,-0.1
2024,amayaja01,Jacob Amaya,HOU,0.0
2024,amayaja01,Jacob Amaya,CHW,0.0
2024,blissry01,Ryan Bliss,SEA,0.4
2024,lopezja03,Jack López,LAA,0.0
2024,servebr01,Brian Serven,TOR,0.1
2024,haaseer01,Eric Haase,MIL,0.5
2024,narvaom01,Omar Narváez,NYM,-0.9
2024,hurtuja01,Jacob Hurtubise,CIN,-0.1
2024,dominja01,Jasson Domínguez,NYY,0.0
2024,shewmbr01,Braden Shewmake,CHW,-0.6
2024,trejoal01,Alan Trejo,COL,-0.8
2024,clasejo01,Jonatan Clase,2TM,-0.1
2024,clasejo01,Jonatan Clase,SEA,-0.2
2024,clasejo01,Jonatan Clase,TOR,0.2
2024,dezenza01,Zach Dezenzo,HOU,-0.2
2024,gourryu01,Yuli Gurriel,KCR,0.2
2024,kreidry01,Ryan Kreidler,DET,-0.5
2024,ruizes01,Esteury Ruiz,OAK,-0.1
2024,reyespa01,Pablo Reyes,2TM,-0.7
2024,reyespa01,Pablo Reyes,BOS,-0.7
2024,reyespa01,Pablo Reyes,NYM,0.0
2024,hicksaa01,Aaron Hicks,LAA,-0.7
2024,dahlda01,David Dahl,PHI,0.3
2024,fordmi01,Mike Ford,CIN,-0.7
2024,milladr01,Drew Millas,WSN,0.4
2024,walshja01,Jared Walsh,TEX,-0.1
2024,parisky01,Kyren Paris,LAA,-0.3
2024,henslda01,David Hensley,MIA,-0.4
2024,blackty01,Tyler Black,MIL,-0.1
2024,mccoyma01,Mason McCoy,SDP,-0.1
2024,rosareg01,Eguy Rosario,SDP,0.3
2024,tuckeco01,Cole Tucker,LAA,-0.5
2024,marchra01,Rafael Marchán,PHI,0.7
2024,trompch01,Chadwick Tromp,ATL,0.2
2024,romodr01,Drew Romo,COL,-0.2
2024,saggeth01,Thomas Saggese,STL,-0.2
2024,willilu01,Luke Williams,ATL,0.2
2024,garciav01,Avisaíl García,MIA,-0.2
2024,hindsre01,Rece Hinds,CIN,0.7
2024,shentau01,Austin Shenton,TBR,0.1
2024,bakerlu01,Luken Baker,STL,-0.2
2024,cookbi01,Billy Cook,PIT,0.6
2024,locklty01,Tyler Locklear,SEA,-0.3
2024,pintore02,René Pinto,TBR,-0.1
2024,viladry01,Ryan Vilade,DET,-0.7
2024,wendzda01,Davis Wendzel,TEX,-0.1
2024,boteda01,David Bote,CHC,0.2
2024,campegu01,Gustavo Campero,LAA,-0.1
2024,westbja02,Jamie Westbrook,BOS,-0.1
2024,jonesja08,Jahmai Jones,NYY,0.0
2024,mayoco01,Coby Mayo,BAL,-0.7
2024,whitcsh01,Shay Whitcomb,HOU,-0.4
2024,berrost01,Steward Berroa,TOR,0.3
2024,moncayo01,Yoán Moncada,CHW,0.3
2024,foscuju01,Justin Foscue,TEX,-0.7
2024,zavalse01,Seby Zavala,SEA,-0.3
2024,whiteel04,Eli White,ATL,0.3
2024,yorkeni01,Nick Yorke,PIT,-0.2
2024,acunajo01,Luisangel Acuña,NYM,0.5
2024,orneljo01,Jonathan Ornelas,TEX,0.0
2024,peredjh01,Jhonny Pereda,MIA,0.0
2024,rodrijo10,Johnathan Rodríguez,CLE,-0.4
2024,alvarar01,Armando Alvarez,OAK,-0.4
2024,remilza01,Zach Remillard,CHW,0.2
2024,adamsjo03,Jordyn Adams,LAA,-0.2
2024,colasos01,Oscar Colás,CHW,0.1
2024,murphto04,Tom Murphy,SFG,-0.4
2024,sabolbl01,Blake Sabol,SFG,0.3
2024,drisclo01,Logan Driscoll,TBR,-0.1
2024,villada01,David Villar,SFG,0.0
2024,wendljo01,Joey Wendle,NYM,-0.1
2024,amadoad01,Adael Amador,COL,-0.4
2024,sanojja01,Javier Sanoja,MIA,0.0
2024,wallfo01,Forrest Wall,2TM,0.0
2024,wallfo01,Forrest Wall,ATL,0.0
2024,wallfo01,Forrest Wall,MIA,0.0
2024,diazal02,Aledmys Díaz,2TM,-0.6
2024,diazal02,Aledmys Díaz,OAK,-0.5
2024,diazal02,Aledmys Díaz,HOU,-0.1
2024,goodrni01,Niko Goodrum,2TM,-0.8
2024,goodrni01,Niko Goodrum,TBR,-0.4
2024,goodrni01,Niko Goodrum,LAA,-0.5
2024,alvarna01,Nacho Alvarez Jr.,ATL,-0.5
2024,blanktr01,Travis Blankenhorn,WSN,-0.5
2024,paulegr01,Graham Pauley,SDP,-0.4
2024,salazce01,César Salazar,HOU,0.2
2024,deloslu03,Luis De Los Santos,TOR,-0.1
2024,graytr01,Tristan Gray,2TM,-0.1
2024,graytr01,Tristan Gray,MIA,-0.1
2024,graytr01,Tristan Gray,OAK,0.0
2024,vosleja01,Jason Vosler,SEA,-0.1
2024,brooktr01,Trenton Brooks,SFG,-0.3
2024,dunnbl01,Blake Dunn,CIN,-0.2
2024,adriaeh01,Ehire Adrianza,LAA,0.1
2024,canaral01,Alexander Canario,CHC,0.3
2024,leblach01,Charles Leblanc,LAA,0.1
2024,mckinbi01,Billy McKinney,PIT,0.0
2024,mervima01,Matt Mervis,CHC,-0.4
2024,wiemejo01,Joey Wiemer,2TM,-0.2
2024,wiemejo01,Joey Wiemer,MIL,-0.2
2024,wiemejo01,Joey Wiemer,CIN,0.0
2024,hiurake01,Keston Hiura,LAA,-0.6
2024,milleow01,Owen Miller,MIL,-0.5
2024,steveca01,Cal Stevenson,PHI,-0.1
2024,peterja01,Jace Peterson,ARI,-0.6
2024,kennebu01,Buddy Kennedy,2TM,0.2
2024,kennebu01,Buddy Kennedy,DET,0.2
2024,kennebu01,Buddy Kennedy,PHI,0.0
2024,kessigr01,Grae Kessinger,HOU,-0.4
2024,waltodo01,Donovan Walton,SFG,0.0
2024,gaspemi01,Mickey Gasper,BOS,-0.2
2024,leonpe01,Pedro León,HOU,-0.3
2024,wynnsau01,Austin Wynns,CIN,0.4
2024,colliis01,Isaac Collins,MIL,-0.3
2024,delayja01,Jason Delay,PIT,0.1
2024,waterdr01,Drew Waters,KCR,0.0
2024,barrojo01,Jorge Barrosa,ARI,0.0
2024,thompbu01,Bubba Thompson,CIN,-0.3
2024,ortegra01,Rafael Ortega,CHW,-0.2
2024,sullibr01,Brett Sullivan,SDP,0.0
2024,haggesa01,Sam Haggerty,SEA,-0.3
2024,heinety01,Tyler Heineman,2TM,0.2
2024,heinety01,Tyler Heineman,BOS,0.1
2024,heinety01,Tyler Heineman,TOR,0.1
2024,sotoli01,Liván Soto,2TM,0.1
2024,sotoli01,Liván Soto,CIN,-0.1
2024,sotoli01,Liván Soto,BAL,0.2
2024,misneka01,Kameron Misner,TBR,-0.3
2024,narvaca01,Carlos Narváez,NYY,0.1
2024,reetzja01,Jakson Reetz,SFG,-0.2
2024,mckenry01,Ryan McKenna,2TM,0.1
2024,mckenry01,Ryan McKenna,BAL,0.1
2024,mckenry01,Ryan McKenna,SFG,0.0
2024,bakerda02,Darren Baker,WSN,0.0
2024,feduchu01,Hunter Feduccia,LAD,0.1
2024,keirsda01,DaShawn Keirsey Jr.,MIN,0.0
2024,vazqulu01,Luis Vázquez,CHC,-0.2
2024,lockrbr01,Brandon Lockridge,SDP,0.0
2024,teodobr01,Bryce Teodosio,LAA,-0.2
2024,alvared01,Eddy Alvarez,NYM,0.1
2024,jordale01,Levi Jordan,CIN,-0.2
2024,perazos02,Oswald Peraza,NYY,0.1
2024,alcanke01,Kevin Alcántara,CHC,-0.2
2024,duffyma01,Matt Duffy,TEX,0.2
2024,helmami01,Michael Helman,MIN,0.1
2024,kempto01,Tony Kemp,BAL,-0.2
2024,martijp01,J.P. Martínez,ATL,0.0
2024,pegueli01,Liover Peguero,PIT,-0.1
2024,riosed01,Edwin Ríos,CIN,-0.1
2024,brantro01,Rob Brantly,TBR,0.0
2024,capravi01,Vinny Capra,MIL,-0.1
2024,fletcda02,David Fletcher,ATL,0.0
2024,marloca01,Cade Marlowe,SEA,0.0
2024,alexacj01,CJ Alexander,KCR,-0.2
2024,capelco01,Conner Capel,CIN,-0.1
2024,castidi02,Diego Castillo,MIN,0.2
2024,hummeco01,Cooper Hummel,HOU,-0.1
2024,kochgr01,Grant Koch,PIT,-0.1
2024,trammta01,Taylor Trammell,2TM,-0.2
2024,trammta01,Taylor Trammell,LAD,-0.2
2024,trammta01,Taylor Trammell,NYY,-0.1
2024,camarja01,Jair Camargo,MIN,-0.1
2024,garciar01,Aramis Garcia,PHI,-0.1
2024,harridu01,Dustin Harris,TEX,0.2
2024,garrest01,Stone Garrett,WSN,0.3
2024,jonesgr02,Greg Jones,COL,0.1
2024,knappan01,Andrew Knapp,SFG,-0.1
2024,anderbr06,Brian Anderson,ATL,-0.2
2024,fabiasa01,Sandro Fabian,TEX,-0.1
2024,gentrty01,Tyler Gentry,KCR,-0.1
2024,hicklbr01,Brewer Hicklen,MIL,-0.2
2024,matonni01,Nick Maton,BAL,-0.1
2024,taylosa04,Samad Taylor,SEA,0.1
2024,ellisdu01,Duke Ellis,2TM,-0.1
2024,ellisdu01,Duke Ellis,CHW,-0.2
2024,ellisdu01,Duke Ellis,NYY,0.1
2024,deverjo01,José Devers,MIA,0.1
2024,huffsa01,Sam Huff,TEX,0.0
2024,strawmy01,Myles Straw,CLE,-0.1
2024,battema01,Matthew Batten,SDP,0.1
2024,martior01,Orelvis Martínez,TOR,0.0
2024,banueda01,David Bañuelos,BAL,0.0
2024,castilu02,Luis Castillo,SEA,0.0
2024,johnsda07,Daniel Johnson,BAL,0.0
2024,mcgousc01,Scott McGough,ARI,0.0
2024,rollech01,Chris Roller,MIL,0.0
2024,yanger01,Eric Yang,CIN,0.0
2024,anderch01,Chase Anderson,BOS,0.0
2024,avilape01,Pedro Avila,CLE,0.0
2024,baumami01,Mike Baumann,2TM,0.0
2024,baumami01,Mike Baumann,BAL,0.0
2024,baumami01,Mike Baumann,SEA,0.0
2024,beeksja02,Jalen Beeks,COL,0.0
2024,bernabr01,Brennan Bernardino,BOS,0.0
2024,brebbjo01,John Brebbia,CHW,0.0
2024,britojh01,Jhony Brito,SDP,0.0
2024,bubickr01,Kris Bubic,KCR,0.0
2024,cabrege01,Génesis Cabrera,TOR,0.0
2024,campbis01,Isaiah Campbell,BOS,0.0
2024,couloda01,Danny Coulombe,BAL,0.0
2024,criswje01,Jeff Criswell,COL,0.0
2024,cruzfe01,Fernando Cruz,CIN,0.0
2024,diazal03,Alexis Díaz,CIN,0.0
2024,diazed04,Edwin Díaz,NYM,0.0
2024,diekmja01,Jake Diekman,NYM,0.0
2024,dominse01,Seranthony Domínguez,BAL,0.0
2024,englema01,Mason Englert,DET,0.0
2024,farmebu01,Buck Farmer,CIN,0.0
2024,fernary01,Ryan Fernandez,STL,0.0
2024,finneky01,Kyle Finnegan,WSN,0.0
2024,foleyja01,Jason Foley,DET,0.0
2024,freelky01,Kyle Freeland,COL,0.0
2024,friaslu01,Luis Frías,ARI,0.0
2024,gaddihu01,Hunter Gaddis,CLE,0.0
2024,ginkeke01,Kevin Ginkel,ARI,0.0
2024,greench03,Chad Green,TOR,0.0
2024,haderjo01,Josh Hader,HOU,0.0
2024,halvose01,Seth Halvorsen,COL,0.0
2024,harvehu01,Hunter Harvey,KCR,0.0
2024,heasljo01,Jonathan Heasley,BAL,0.0
2024,helslry01,Ryan Helsley,STL,0.0
2024,hergeke01,Kevin Herget,MIL,0.0
2024,hernajo02,Jonathan Hernández,TEX,0.0
2024,hodgepo01,Porter Hodge,CHC,0.0
2024,howarsp01,Spencer Howard,CLE,0.0
2024,hudsojo03,Joe Hudson,NYM,0.0
2024,janseke01,Kenley Jansen,BOS,0.0
2024,jarvibr01,Bryce Jarvis,ARI,0.0
2024,kimbrcr01,Craig Kimbrel,BAL,0.0
2024,kingbr02,Bryan King,HOU,0.0
2024,kingjo01,John King,STL,0.0
2024,kinlety01,Tyler Kinley,COL,0.0
2024,kittran01,Andrew Kittredge,STL,0.0
2024,kochma01,Matt Koch,COL,0.0
2024,kopecmi01,Michael Kopech,CHW,0.0
2024,lambepe01,Peter Lambert,COL,0.0
2024,latzja01,Jacob Latz,TEX,0.0
2024,lawde01,Derek Law,WSN,0.0
2024,lawreju01,Justin Lawrence,COL,0.0
2024,leahyky01,Kyle Leahy,STL,0.0
2024,leclejo01,José Leclerc,TEX,0.0
2024,lopezjo02,Jorge López,NYM,0.0
2024,mantijo01,Joe Mantiply,ARI,0.0
2024,martich02,Chris Martin,BOS,0.0
2024,martiju01,Justin Martínez,ARI,0.0
2024,mcartja01,James McArthur,KCR,0.0
2024,mearsni01,Nick Mears,COL,0.0
2024,megiltr01,Trevor Megill,MIL,0.0
2024,merryju01,Julian Merryweather,CHC,0.0
2024,milneho01,Hoby Milner,MIL,0.0
2024,nerishe01,Hector Neris,CHC,0.0
2024,payamjo01,Joel Payamps,MIL,0.0
2024,pegueel01,Elvis Peguero,MIL,0.0
2024,penroza01,Zach Penrod,BOS,0.0
2024,pressry01,Ryan Pressly,HOU,0.0
2024,pukaj01,A.J. Puk,ARI,0.0
2024,quijajo01,José Quijada,LAA,0.0
2024,roberda08,David Robertson,TEX,0.0
2024,rodriye01,Yerry Rodríguez,TEX,0.0
2024,romerjo01,JoJo Romero,STL,0.0
2024,sewalpa01,Paul Sewald,ARI,0.0
2024,shugach01,Chase Shugart,BOS,0.0
2024,simslu01,Lucas Sims,CIN,0.0
2024,smithke05,Kevin Smith,NYY,0.0
2024,stanery01,Ryne Stanek,SEA,0.0
2024,suareal01,Albert Suárez,BAL,0.0
2024,thompry02,Ryan Thompson,ARI,0.0
2024,thorntr01,Trent Thornton,SEA,0.0
2024,urenajo01,José Ureña,TEX,0.0
2024,vodnivi01,Victor Vodnik,COL,0.0
2024,vothau01,Austin Voth,SEA,0.0
2024,webbja01,Jacob Webb,BAL,0.0
2024,whitemi03,Mitch White,MIL,0.0
2024,whiteow01,Owen White,TEX,0.0
2024,wilsoju10,Justin Wilson,CIN,0.0
2024,winckjo01,Josh Winckowski,BOS,0.0
2024,yateski01,Kirby Yates,TEX,0.0
2024,youngal01,Alex Young,CIN,0.0
2024,zuniggu01,Guillo Zuñiga,LAA,0.0
2025,lindofr01,Francisco Lindor,NYM,5.9
2025,deverra01,Rafael Devers,2TM,4.1
2025,deverra01,Rafael Devers,BOS,2.3
2025,deverra01,Rafael Devers,SFG,1.9
2025,ohtansh01,Shohei Ohtani,LAD,6.6
2025,olsonma02,Matt Olson,ATL,6.0
2025,schwaky01,Kyle Schwarber,PHI,4.6
2025,perdoge01,Geraldo Perdomo,ARI,7.0
2025,sotoju01,Juan Soto,NYM,6.2
2025,rodriju01,Julio Rodríguez,SEA,6.8
2025,alonspe01,Pete Alonso,NYM,3.4
2025,arozara01,Randy Arozarena,SEA,4.0
2025,raleica01,Cal Raleigh,SEA,7.4
2025,delacel01,Elly De La Cruz,CIN,3.6
2025,rookebr01,Brent Rooker,ATH,2.3
2025,duranja01,Jarren Duran,BOS,4.7
2025,ramoshe02,Heliot Ramos,SFG,1.2
2025,kwanst01,Steven Kwan,CLE,3.7
2025,tatisfe02,Fernando Tatis Jr.,SDP,5.9
2025,woodja03,James Wood,WSN,3.7
2025,wittbo02,Bobby Witt Jr.,KCR,7.1
2025,adamewi01,Willy Adames,SFG,3.7
2025,friedtj01,TJ Friedl,CIN,2.3
2025,pasquvi01,Vinnie Pasquantino,KCR,2.4
2025,guerrvl02,Vladimir Guerrero Jr.,TOR,4.6
2025,judgeaa01,Aaron Judge,NYY,9.7
2025,machama01,Manny Machado,SDP,4.1
2025,arraelu01,Luis Arraez,SDP,1.2
2025,ramirjo01,José Ramírez,CLE,5.8
2025,albieoz01,Ozzie Albies,ATL,2.1
2025,garcima01,Maikel Garcia,KCR,5.8
2025,bettsmo01,Mookie Betts,LAD,4.9
2025,happia01,Ian Happ,CHC,4.0
2025,wardta01,Taylor Ward,LAA,2.7
2025,contrwi02,William Contreras,MIL,3.9
2025,turanbr02,Brice Turang,MIL,5.6
2025,suareeu01,Eugenio Suárez,2TM,3.6
2025,suareeu01,Eugenio Suárez,ARI,3.3
2025,suareeu01,Eugenio Suárez,SEA,0.3
2025,bellico01,Cody Bellinger,NYY,5.1
2025,greenri03,Riley Greene,DET,2.2
2025,altuvjo01,Jose Altuve,HOU,0.5
2025,crawfjp01,J.P. Crawford,SEA,3.8
2025,reynobr01,Bryan Reynolds,PIT,1.4
2025,storytr01,Trevor Story,BOS,3.8
2025,caminju01,Junior Caminero,TBR,4.4
2025,nimmobr01,Brandon Nimmo,NYM,2.9
2025,diazya01,Yandy Díaz,TBR,3.4
2025,hendegu01,Gunnar Henderson,BAL,5.3
2025,suzukse01,Seiya Suzuki,CHC,2.6
2025,hoernni01,Nico Hoerner,CHC,6.2
2025,hollija01,Jackson Holliday,BAL,1.0
2025,torkesp01,Spencer Torkelson,DET,2.3
2025,crowape01,Pete Crow-Armstrong,CHC,6.0
2025,swansda01,Dansby Swanson,CHC,4.5
2025,yelicch01,Christian Yelich,MIL,3.1
2025,carroco02,Corbin Carroll,ARI,5.8
2025,harrimi04,Michael Harris II,ATL,2.2
2025,perezsa02,Salvador Perez,KCR,0.4
2025,walkech02,Christian Walker,HOU,0.2
2025,turnetr01,Trea Turner,PHI,5.4
2025,abramcj01,CJ Abrams,WSN,3.4
2025,butlela01,Lawrence Butler,ATH,1.9
2025,bichebo01,Bo Bichette,TOR,3.5
2025,torregl01,Gleyber Torres,DET,2.9
2025,freemfr01,Freddie Freeman,LAD,3.5
2025,pagesan01,Andy Pages,LAD,3.8
2025,soderty01,Tyler Soderstrom,ATH,4.3
2025,edwarxa01,Xavier Edwards,MIA,3.2
2025,leeju01,Jung Hoo Lee,SFG,1.7
2025,lowena01,Nathaniel Lowe,2TM,0.1
2025,lowena01,Nathaniel Lowe,WSN,-0.3
2025,lowena01,Nathaniel Lowe,BOS,0.4
2025,naylojo01,Josh Naylor,2TM,3.1
2025,naylojo01,Josh Naylor,ARI,0.8
2025,naylojo01,Josh Naylor,SEA,2.2
2025,tuckeky01,Kyle Tucker,CHC,4.6
2025,volpean01,Anthony Volpe,NYY,1.6
2025,frelisa01,Sal Frelick,MIL,3.0
2025,lopezot01,Otto Lopez,MIA,3.5
2025,buschmi02,Michael Busch,CHC,4.6
2025,ozunama01,Marcell Ozuna,ATL,1.6
2025,casteni01,Nick Castellanos,PHI,-0.8
2025,chourja01,Jackson Chourio,MIL,2.2
2025,beckjo01,Jordan Beck,COL,0.9
2025,clemeer01,Ernie Clement,TOR,4.3
2025,rafaece01,Ceddanne Rafaela,BOS,4.7
2025,springe01,George Springer,TOR,4.8
2025,mcmahry01,Ryan McMahon,2TM,2.3
2025,mcmahry01,Ryan McMahon,COL,1.2
2025,mcmahry01,Ryan McMahon,NYY,1.1
2025,ramirag01,Agustín Ramírez,MIA,-0.4
2025,correca01,Carlos Correa,2TM,1.5
2025,correca01,Carlos Correa,MIN,0.1
2025,correca01,Carlos Correa,HOU,1.3
2025,nootbla01,Lars Nootbaar,STL,1.3
2025,grishtr01,Trent Grisham,NYY,3.5
2025,harpebr03,Bryce Harper,PHI,3.1
2025,goodmhu01,Hunter Goodman,COL,3.7
2025,mclaima01,Matt McLain,CIN,0.0
2025,adelljo01,Jo Adell,LAA,1.2
2025,langfwy01,Wyatt Langford,TEX,5.6
2025,hayeske01,Ke'Bryan Hayes,2TM,1.5
2025,hayeske01,Ke'Bryan Hayes,PIT,1.2
2025,hayeske01,Ke'Bryan Hayes,CIN,0.3
2025,vargami01,Miguel Vargas,CHW,1.9
2025,steersp01,Spencer Steer,CIN,0.7
2025,diazya02,Yainer Diaz,HOU,2.7
2025,indiajo01,Jonathan India,KCR,0.3
2025,larnatr01,Trevor Larnach,MIN,0.1
2025,schanno01,Nolan Schanuel,LAA,1.3
2025,contrwi01,Willson Contreras,STL,2.5
2025,smithjo11,Josh Smith,TEX,3.0
2025,stottbr01,Bryson Stott,PHI,2.2
2025,yastrmi01,Mike Yastrzemski,2TM,2.8
2025,yastrmi01,Mike Yastrzemski,SFG,1.8
2025,yastrmi01,Mike Yastrzemski,KCR,1.0
2025,marteke01,Ketel Marte,ARI,4.4
2025,troutmi01,Mike Trout,LAA,1.5
2025,netoza01,Zach Neto,LAA,5.1
2025,lowebr01,Brandon Lowe,TBR,1.9
2025,bogaexa01,Xander Bogaerts,SDP,2.0
2025,mccutan01,Andrew McCutchen,PIT,0.1
2025,realmjt01,J.T. Realmuto,PHI,2.5
2025,garciad02,Adolis García,TEX,2.7
2025,burleal01,Alec Burleson,STL,1.8
2025,gurrilo01,Lourdes Gurriel Jr.,ARI,0.5
2025,hernate01,Teoscar Hernández,LAD,1.5
2025,sheetga01,Gavin Sheets,SDP,0.7
2025,cruzon01,Oneil Cruz,PIT,0.3
2025,sosale01,Lenyn Sosa,CHW,0.8
2025,ohearry01,Ryan O'Hearn,2TM,2.4
2025,ohearry01,Ryan O'Hearn,BAL,2.0
2025,ohearry01,Ryan O'Hearn,SDP,0.4
2025,penaje02,Jeremy Peña,HOU,5.6
2025,buxtoby01,Byron Buxton,MIN,4.9
2025,rengilu01,Luis Rengifo,LAA,0.4
2025,doylebr02,Brenton Doyle,COL,0.2
2025,winnma01,Masyn Winn,STL,2.2
2025,chapmma01,Matt Chapman,SFG,4.1
2025,goldspa01,Paul Goldschmidt,NYY,1.2
2025,semiema01,Marcus Semien,TEX,3.3
2025,belljo02,Josh Bell,WSN,0.5
2025,chishja01,Jazz Chisholm Jr.,NYY,4.2
2025,manzaky01,Kyle Manzardo,CLE,0.4
2025,ricebe01,Ben Rice,NYY,2.3
2025,leebr02,Brooks Lee,MIN,-0.8
2025,garcilu04,Luis García Jr.,WSN,0.4
2025,polanjo01,Jorge Polanco,SEA,2.6
2025,langesh01,Shea Langeliers,ATH,3.9
2025,wilsoja05,Jacob Wilson,ATH,3.0
2025,croneja01,Jake Cronenworth,SDP,2.4
2025,donovbr01,Brendan Donovan,STL,2.7
2025,wagamer01,Eric Wagaman,MIA,-0.4
2025,jungjo01,Josh Jung,TEX,1.4
2025,mckinza01,Zach McKinstry,DET,2.8
2025,durbica01,Caleb Durbin,MIL,2.8
2025,kirkal01,Alejandro Kirk,TOR,2.3
2025,ortizjo06,Joey Ortiz,MIL,0.3
2025,meidrch01,Chase Meidroth,CHW,1.3
2025,bohmal01,Alec Bohm,PHI,1.5
2025,luxga01,Gavin Lux,CIN,-0.2
2025,bargead01,Addison Barger,TOR,1.2
2025,baderha01,Harrison Bader,2TM,3.9
2025,baderha01,Harrison Bader,MIN,2.7
2025,baderha01,Harrison Bader,PHI,1.3
2025,mullice01,Cedric Mullins,2TM,0.5
2025,mullice01,Cedric Mullins,BAL,0.0
2025,mullice01,Cedric Mullins,NYM,0.5
2025,sanchje02,Jesús Sánchez,2TM,1.3
2025,sanchje02,Jesús Sánchez,MIA,1.1
2025,sanchje02,Jesús Sánchez,HOU,0.3
2025,bregmal01,Alex Bregman,BOS,3.5
2025,smithca07,Cam Smith,HOU,1.9
2025,francty01,Ty France,2TM,1.0
2025,francty01,Ty France,MIN,0.8
2025,francty01,Ty France,TOR,0.2
2025,kurtzni01,Nick Kurtz,ATH,5.4
2025,laurera01,Ramón Laureano,2TM,3.8
2025,laurera01,Ramón Laureano,BAL,3.0
2025,laurera01,Ramón Laureano,SDP,0.8
2025,confomi01,Michael Conforto,LAD,-0.7
2025,martian02,Angel Martínez,CLE,-0.7
2025,merrija01,Jackson Merrill,SDP,2.7
2025,keplema01,Max Kepler,PHI,0.1
2025,santaca01,Carlos Santana,2TM,1.1
2025,santaca01,Carlos Santana,CLE,1.3
2025,santaca01,Carlos Santana,CHC,-0.2
2025,ariasga01,Gabriel Arias,CLE,1.1
2025,beninan01,Andrew Benintendi,CHW,1.0
2025,dingldi01,Dillon Dingler,DET,3.1
2025,thomaal01,Alek Thomas,ARI,0.1
2025,keithco01,Colt Keith,DET,1.5
2025,carpeke01,Kerry Carpenter,DET,1.8
2025,jeffery01,Ryan Jeffers,MIN,1.2
2025,florewi01,Wilmer Flores,SFG,0.3
2025,scottvi01,Victor Scott II,STL,2.2
2025,vientma01,Mark Vientos,NYM,-0.2
2025,mcneije01,Jeff McNeil,NYM,2.0
2025,moniami01,Mickey Moniak,COL,-0.6
2025,kineris01,Isiah Kiner-Falefa,2TM,1.6
2025,kineris01,Isiah Kiner-Falefa,PIT,1.6
2025,kineris01,Isiah Kiner-Falefa,TOR,0.0
2025,fraziad01,Adam Frazier,2TM,1.4
2025,fraziad01,Adam Frazier,PIT,0.3
2025,fraziad01,Adam Frazier,KCR,1.1
2025,stoweky01,Kyle Stowers,MIA,3.6
2025,castrwi01,Willi Castro,2TM,-0.2
2025,castrwi01,Willi Castro,MIN,0.3
2025,castrwi01,Willi Castro,CHC,-0.5
2025,bailepa01,Patrick Bailey,SFG,1.1
2025,herreiv01,Iván Herrera,STL,2.2
2025,ohopplo01,Logan O'Hoppe,LAA,-0.2
2025,phamth01,Tommy Pham,PIT,1.0
2025,wellsau01,Austin Wells,NYY,0.1
2025,rileyau01,Austin Riley,ATL,1.3
2025,vaughan01,Andrew Vaughn,2TM,-0.4
2025,vaughan01,Andrew Vaughn,CHW,-1.8
2025,vaughan01,Andrew Vaughn,MIL,1.3
2025,baldwdr01,Drake Baldwin,ATL,3.3
2025,narvaca01,Carlos Narváez,BOS,2.6
2025,seageco01,Corey Seager,TEX,6.2
2025,colliis01,Isaac Collins,MIL,2.0
2025,simpsch01,Chandler Simpson,TBR,0.4
2025,lukesna01,Nathan Lukes,TOR,2.0
2025,paredis01,Isaac Paredes,HOU,2.3
2025,baezja01,Javier Báez,DET,1.9
2025,shawma01,Matt Shaw,CHC,3.1
2025,arenano01,Nolan Arenado,STL,1.3
2025,smithwi05,Will Smith,LAD,4.5
2025,lowejo01,Josh Lowe,TBR,0.1
2025,heimjo01,Jonah Heim,TEX,0.4
2025,batybr01,Brett Baty,NYM,3.1
2025,roberlu01,Luis Robert Jr.,CHW,1.4
2025,dominja01,Jasson Domínguez,NYY,0.5
2025,freemty01,Tyler Freeman,COL,-1.3
2025,manguja01,Jake Mangum,TBR,1.6
2025,marshbr02,Brandon Marsh,PHI,1.7
2025,arandjo01,Jonathan Aranda,TBR,3.5
2025,schneda04,Daniel Schneemann,CLE,1.9
2025,kellyca02,Carson Kelly,CHC,3.6
2025,abreuwi02,Wilyer Abreu,BOS,3.2
2025,allenni02,Nick Allen,ATL,0.6
2025,haysau01,Austin Hays,CIN,0.8
2025,naylobo01,Bo Naylor,CLE,1.5
2025,acunaro01,Ronald Acuña Jr.,ATL,3.0
2025,horwisp01,Spencer Horwitz,PIT,1.6
2025,isbelky01,Kyle Isbel,KCR,1.6
2025,gonzani01,Nick Gonzales,PIT,-0.6
2025,jonesno01,Nolan Jones,CLE,-1.1
2025,lewisro02,Royce Lewis,MIN,0.6
2025,queroed01,Edgar Quero,CHW,1.2
2025,gormano01,Nolan Gorman,STL,0.1
2025,dubonma01,Mauricio Dubón,HOU,1.7
2025,walkejo02,Jordan Walker,STL,-1.7
2025,wallnma01,Matt Wallner,MIN,0.6
2025,uriasra01,Ramón Urías,2TM,2.2
2025,uriasra01,Ramón Urías,BAL,1.5
2025,uriasra01,Ramón Urías,HOU,0.7
2025,hicksli01,Liam Hicks,MIA,1.3
2025,tovarez01,Ezequiel Tovar,COL,0.6
2025,pagespe02,Pedro Pagés,STL,1.4
2025,muncyma01,Max Muncy,LAD,3.6
2025,caratvi01,Victor Caratini,HOU,0.9
2025,clemeko01,Kody Clemens,2TM,1.0
2025,clemeko01,Kody Clemens,PHI,-0.1
2025,clemeko01,Kody Clemens,MIN,1.2
2025,tauchmi01,Mike Tauchman,CHW,1.9
2025,perezwe01,Wenceel Pérez,DET,0.8
2025,rocchbr01,Brayan Rocchio,CLE,-0.3
2025,meyerja02,Jake Meyers,HOU,2.4
2025,edmanto01,Tommy Edman,LAD,1.1
2025,burgeja01,Jake Burger,TEX,0.9
2025,triolja01,Jared Triolo,PIT,2.3
2025,profaju01,Jurickson Profar,ATL,1.1
2025,cabaljo01,José Caballero,2TM,2.9
2025,cabaljo01,José Caballero,TBR,1.8
2025,cabaljo01,José Caballero,NYY,1.2
2025,gimenan01,Andrés Giménez,TOR,1.1
2025,rutscad01,Adley Rutschman,BAL,1.9
2025,youngja03,Jacob Young,WSN,1.4
2025,cowseco01,Colton Cowser,BAL,1.0
2025,marteno01,Noelvi Marté,CIN,1.4
2025,mountry01,Ryan Mountcastle,BAL,0.1
2025,westbjo01,Jordan Westburg,BAL,1.6
2025,lileda01,Daylen Lile,WSN,0.8
2025,schmica01,Casey Schmitt,SFG,0.6
2025,fermifr01,Freddy Fermin,2TM,2.0
2025,fermifr01,Freddy Fermin,KCR,1.1
2025,fermifr01,Freddy Fermin,SDP,0.9
2025,bledajj01,JJ Bleday,ATH,-0.3
2025,iglesjo01,Jose Iglesias,SDP,-0.7
2025,sanojja01,Javier Sanoja,MIA,1.5
2025,stephty01,Tyler Stephenson,CIN,1.3
2025,gonzaro01,Romy González,BOS,2.0
2025,tayloty01,Tyrone Taylor,NYM,1.0
2025,andujmi01,Miguel Andujar,2TM,0.8
2025,andujmi01,Miguel Andujar,ATH,0.2
2025,andujmi01,Miguel Andujar,CIN,0.6
2025,murphse01,Sean Murphy,ATL,2.4
2025,norbyco01,Connor Norby,MIA,0.7
2025,toglimi01,Michael Toglia,COL,-1.7
2025,janseda01,Danny Jansen,2TM,2.8
2025,janseda01,Danny Jansen,TBR,2.1
2025,janseda01,Danny Jansen,MIL,0.7
2025,myersda01,Dane Myers,MIA,-0.1
2025,bartjo01,Joey Bart,PIT,0.5
2025,uriaslu01,Luis Urías,ATH,0.5
2025,martest01,Starling Marte,NYM,1.0
2025,baldwbr01,Brooks Baldwin,CHW,-0.5
2025,espinsa01,Santiago Espinal,CIN,-1.4
2025,hoskirh01,Rhys Hoskins,MIL,0.9
2025,higasky01,Kyle Higashioka,TEX,1.6
2025,sweentr01,Trey Sweeney,DET,-0.8
2025,taylomi02,Michael A. Taylor,CHW,0.1
2025,crewsdy01,Dylan Crews,WSN,0.3
2025,callal02,Alex Call,2TM,1.5
2025,callal02,Alex Call,WSN,1.1
2025,callal02,Alex Call,LAD,0.4
2025,rojasmi02,Miguel Rojas,LAD,2.1
2025,wallsta01,Taylor Walls,TBR,2.6
2025,solerjo01,Jorge Soler,LAA,-0.5
2025,tellero01,Rowdy Tellez,2TM,-0.3
2025,tellero01,Rowdy Tellez,SEA,-0.8
2025,tellero01,Rowdy Tellez,TEX,0.4
2025,morenga01,Gabriel Moreno,ARI,1.6
2025,pederjo01,Joc Pederson,TEX,-0.3
2025,morelch01,Christopher Morel,TBR,-0.3
2025,anthoro01,Roman Anthony,BOS,3.1
2025,trevijo01,Jose Trevino,CIN,-0.2
2025,farmeky01,Kyle Farmer,COL,-0.8
2025,strawmy01,Myles Straw,TOR,2.9
2025,teelky01,Kyle Teel,CHW,1.9
2025,saggeth01,Thomas Saggese,STL,0.4
2025,willibe03,Ben Williamson,SEA,1.3
2025,hernahe01,Heriberto Hernández,MIA,0.9
2025,mayoco01,Coby Mayo,BAL,0.2
2025,grichra01,Randal Grichuk,2TM,-0.8
2025,grichra01,Randal Grichuk,ARI,-0.4
2025,grichra01,Randal Grichuk,KCR,-0.4
2025,garvemi01,Mitch Garver,SEA,-0.1
2025,moncayo01,Yoán Moncada,LAA,0.7
2025,smithpa04,Pavin Smith,ARI,0.4
2025,adamsri03,Riley Adams,WSN,0.4
2025,montgco01,Colson Montgomery,CHW,3.3
2025,toroab01,Abraham Toro,BOS,-0.2
2025,davishe01,Henry Davis,PIT,0.7
2025,diazel01,Elias Díaz,SDP,-0.2
2025,torrelu01,Luis Torrens,NYM,1.4
2025,stantmi03,Giancarlo Stanton,NYY,1.9
2025,alvarfr01,Francisco Alvarez,NYM,1.9
2025,massemi02,Michael Massey,KCR,-0.1
2025,housebr01,Brady House,WSN,-0.6
2025,varshda01,Daulton Varsho,TOR,2.8
2025,whiteel04,Eli White,ATL,0.7
2025,canzodo01,Dominic Canzone,SEA,1.6
2025,ruizke01,Keibert Ruiz,WSN,0.8
2025,alexabl01,Blaze Alexander,ARI,1.7
2025,perazos02,Oswald Peraza,2TM,-0.6
2025,perazos02,Oswald Peraza,NYY,-0.2
2025,perazos02,Oswald Peraza,LAA,-0.5
2025,meadcu01,Curtis Mead,2TM,-0.2
2025,meadcu01,Curtis Mead,TBR,0.4
2025,meadcu01,Curtis Mead,CHW,-0.6
2025,campbkr01,Kristian Campbell,BOS,-1.0
2025,sosaed01,Edmundo Sosa,PHI,2.3
2025,youngco01,Cole Young,SEA,0.5
2025,hernaen02,Kiké Hernández,LAD,0.2
2025,bensowi01,Will Benson,CIN,0.6
2025,fitzgty01,Tyler Fitzgerald,SFG,0.9
2025,mooredy01,Dylan Moore,2TM,0.4
2025,mooredy01,Dylan Moore,SEA,0.2
2025,mooredy01,Dylan Moore,TEX,0.2
2025,wadela01,LaMonte Wade Jr.,2TM,-1.7
2025,wadela01,LaMonte Wade Jr.,SFG,-1.2
2025,wadela01,LaMonte Wade Jr.,LAA,-0.5
2025,forteni01,Nick Fortes,2TM,0.7
2025,forteni01,Nick Fortes,MIA,0.4
2025,forteni01,Nick Fortes,TBR,0.3
2025,carlsdy01,Dylan Carlson,BAL,-0.7
2025,canaral01,Alexander Canario,PIT,0.5
2025,marseja01,Jakob Marsee,MIA,1.9
2025,caglija01,Jac Caglianone,KCR,-1.3
2025,darnatr01,Travis d'Arnaud,LAA,-0.3
2025,schneda03,Davis Schneider,TOR,1.3
2025,smithdo02,Dominic Smith,SFG,0.4
2025,tawati01,Tim Tawa,ARI,0.5
2025,mccarja02,Jake McCarthy,ARI,-0.7
2025,santaan02,Anthony Santander,TOR,-1.0
2025,carteev01,Evan Carter,TEX,1.9
2025,muncyma02,Max Muncy,ATH,0.0
2025,duranez01,Ezequiel Durán,TEX,0.2
2025,raleylu01,Luke Raley,SEA,-0.3
2025,waterdr01,Drew Waters,KCR,-0.4
2025,bauerja01,Jake Bauers,MIL,0.7
2025,kempot01,Otto Kemp,PHI,-0.2
2025,misneka01,Kameron Misner,TBR,0.7
2025,fraleja01,Jake Fraley,2TM,0.3
2025,fraleja01,Jake Fraley,CIN,0.4
2025,fraleja01,Jake Fraley,ATL,0.0
2025,vazquch01,Christian Vázquez,MIN,0.6
2025,arciaor01,Orlando Arcia,2TM,-1.2
2025,arciaor01,Orlando Arcia,ATL,-0.1
2025,arciaor01,Orlando Arcia,COL,-1.1
2025,meadopa01,Parker Meadows,DET,0.3
2025,schuema01,Max Schuemann,ATH,0.2
2025,verdual01,Alex Verdugo,ATL,-0.3
2025,rojasjo01,Josh Rojas,CHW,-1.5
2025,oneilty01,Tyler O'Neill,BAL,-0.6
2025,refsnro01,Rob Refsnyder,BOS,1.2
2025,alvarna01,Nacho Alvarez Jr.,ATL,0.8
2025,dejonpa01,Paul DeJong,WSN,-0.1
2025,julieed01,Edouard Julien,MIN,-0.8
2025,keasclu01,Luke Keaschall,MIN,2.0
2025,rittery01,Ryan Ritter,COL,0.3
2025,hassero02,Robert Hassell III,WSN,-0.1
2025,yoshima02,Masataka Yoshida,BOS,0.2
2025,herrejo04,José Herrera,ARI,0.0
2025,alvaryo01,Yordan Alvarez,HOU,0.7
2025,hernada04,Darell Hernaiz,ATH,-0.2
2025,urshegi01,Gio Urshela,ATH,-1.0
2025,hamilda03,David Hamilton,BOS,1.0
2025,acunajo01,Luisangel Acuña,NYM,0.6
2025,ibanean01,Andy Ibáñez,DET,0.6
2025,kossch01,Christian Koss,SFG,1.8
2025,turneju01,Justin Turner,CHC,-0.1
2025,rosaram01,Amed Rosario,2TM,0.3
2025,rosaram01,Amed Rosario,WSN,0.3
2025,rosaram01,Amed Rosario,NYY,0.0
2025,kimha01,Ha-Seong Kim,2TM,0.3
2025,kimha01,Ha-Seong Kim,TBR,0.1
2025,kimha01,Ha-Seong Kim,ATL,0.1
2025,thaisma01,Matt Thaiss,2TM,1.2
2025,thaisma01,Matt Thaiss,CHW,1.1
2025,thaisma01,Matt Thaiss,TBR,0.1
2025,loftini01,Nick Loftin,KCR,-0.4
2025,wongco01,Connor Wong,BOS,-0.6
2025,matoslu02,Luis Matos,SFG,-0.2
2025,mauriro01,Ronny Mauricio,NYM,0.7
2025,moorech03,Christian Moore,LAA,0.1
2025,paulegr01,Graham Pauley,MIA,0.7
2025,jacksje02,Jeremiah Jackson,BAL,0.4
2025,haggesa01,Sam Haggerty,TEX,0.9
2025,martiau01,Austin Martin,MIN,0.7
2025,hedgeau01,Austin Hedges,CLE,-0.4
2025,taverle01,Leody Taveras,2TM,-0.5
2025,taverle01,Leody Taveras,TEX,0.1
2025,taverle01,Leody Taveras,SEA,-0.6
2025,solando01,Donovan Solano,2TM,-0.1
2025,solando01,Donovan Solano,SEA,0.0
2025,solando01,Donovan Solano,TEX,-0.1
2025,suwinja01,Jack Suwinski,PIT,-0.3
2025,osunaal02,Alejandro Osuna,TEX,0.2
2025,mastrmi01,Miles Mastrobuoni,SEA,0.2
2025,ravejo01,John Rave,KCR,0.1
2025,heinety01,Tyler Heineman,TOR,1.9
2025,rojasjo03,Johan Rojas,PHI,0.5
2025,perkibl01,Blake Perkins,MIL,0.3
2025,kimhy02,Hyeseong Kim,LAD,1.7
2025,tenajo01,José Tena,WSN,0.3
2025,pozoyo01,Yohel Pozo,STL,0.2
2025,kjershe01,Heston Kjerstad,BAL,-1.6
2025,estrath01,Thairo Estrada,COL,-0.4
2025,maldoma01,Martín Maldonado,SDP,-0.2
2025,slateau01,Austin Slater,2TM,-0.1
2025,slateau01,Austin Slater,CHW,0.3
2025,slateau01,Austin Slater,NYY,-0.4
2025,clarkde02,Denzel Clarke,ATH,1.0
2025,fryda01,David Fry,CLE,-0.8
2025,karroky01,Kyle Karros,COL,0.0
2025,rushida01,Dalton Rushing,LAD,0.2
2025,noeljh01,Jhonkensy Noel,CLE,-1.4
2025,rodenal01,Alan Roden,2TM,-0.6
2025,rodenal01,Alan Roden,TOR,-0.1
2025,rodenal01,Alan Roden,MIN,-0.5
2025,jonesja08,Jahmai Jones,DET,0.9
2025,teodobr01,Bryce Teodosio,LAA,0.5
2025,hillde01,Derek Hill,2TM,1.1
2025,hillde01,Derek Hill,MIA,0.8
2025,hillde01,Derek Hill,CHW,0.2
2025,wagnewi01,Will Wagner,2TM,-0.6
2025,wagnewi01,Will Wagner,TOR,-0.5
2025,wagnewi01,Will Wagner,SDP,-0.1
2025,lockrbr01,Brandon Lockridge,2TM,0.2
2025,lockrbr01,Brandon Lockridge,SDP,-0.2
2025,lockrbr01,Brandon Lockridge,MIL,0.4
2025,outmaja01,James Outman,2TM,-1.0
2025,outmaja01,James Outman,LAD,-0.2
2025,outmaja01,James Outman,MIN,-0.8
2025,fernaya01,Yanquiel Fernández,COL,-0.8
2025,bernawa01,Warming Bernabel,COL,0.0
2025,palacjo01,Joshua Palacios,CHW,-1.2
2025,lemahdj01,DJ LeMahieu,NYY,0.6
2025,rogerja03,Jake Rogers,DET,0.2
2025,thomala02,Lane Thomas,CLE,-0.6
2025,mcguire01,Reese McGuire,CHC,0.3
2025,parisky01,Kyren Paris,LAA,0.7
2025,kayfucj01,CJ Kayfus,CLE,0.1
2025,beavedy01,Dylan Beavers,BAL,1.0
2025,encarch01,Christian Encarnacion-Strand,CIN,-0.6
2025,mccanja02,James McCann,ARI,1.0
2025,mayerma01,Marcelo Mayer,BOS,0.2
2025,monasan01,Andruw Monasterio,MIL,0.8
2025,trammta01,Taylor Trammell,HOU,-0.2
2025,mervima01,Matt Mervis,MIA,-0.7
2025,thomaco03,Colby Thomas,ATH,0.0
2025,delcaad01,Adrian Del Castillo,ARI,-0.1
2025,stallja01,Jacob Stallings,2TM,-1.3
2025,stallja01,Jacob Stallings,COL,-0.9
2025,stallja01,Jacob Stallings,BAL,-0.4
2025,amadoad01,Adael Amador,COL,-1.2
2025,rodgebr02,Brendan Rodgers,HOU,0.0
2025,rortvbe01,Ben Rortvedt,2TM,-0.5
2025,rortvbe01,Ben Rortvedt,TBR,-0.5
2025,rortvbe01,Ben Rortvedt,LAD,0.1
2025,malloju02,Justyn-Henry Malloy,DET,-0.2
2025,riverem01,Emmanuel Rivera,BAL,0.1
2025,wadety01,Tyler Wade,SDP,-0.6
2025,canhama01,Mark Canha,KCR,-1.0
2025,wilsowe01,Weston Wilson,PHI,-0.5
2025,tayloch03,Chris Taylor,2TM,-0.6
2025,tayloch03,Chris Taylor,LAD,-0.6
2025,tayloch03,Chris Taylor,LAA,0.0
2025,bridejo01,Jonah Bride,2TM,-0.7
2025,bridejo01,Jonah Bride,MIA,-0.4
2025,bridejo01,Jonah Bride,MIN,-0.3
2025,cabreos01,Oswaldo Cabrera,NYY,0.4
2025,freemco01,Cody Freeman,TEX,-0.3
2025,johnstr02,Troy Johnston,MIA,0.3
2025,vargail01,Ildemaro Vargas,ARI,0.2
2025,fulfobr01,Braxton Fulford,COL,-0.2
2025,basalsa01,Samuel Basallo,BAL,-0.2
2025,marchra01,Rafael Marchán,PHI,0.2
2025,locklty01,Tyler Locklear,ARI,-1.1
2025,mccorch01,Chas McCormick,HOU,-1.0
2025,newmake01,Kevin Newman,LAA,-0.9
2025,roblevi01,Víctor Robles,SEA,-0.2
2025,casastr01,Triston Casas,BOS,-0.9
2025,clasejo01,Jonatan Clase,TOR,-0.2
2025,macivwi01,Willie MacIver,ATH,-0.2
2025,martini02,Nick Martini,COL,-0.2
2025,rivasle01,Leo Rivas,SEA,0.8
2025,gaspemi01,Mickey Gasper,MIN,-0.3
2025,helmami01,Michael Helman,TEX,1.0
2025,wynnsau01,Austin Wynns,2TM,1.1
2025,wynnsau01,Austin Wynns,CIN,0.7
2025,wynnsau01,Austin Wynns,ATH,0.4
2025,dezenza01,Zach Dezenzo,HOU,0.1
2025,gilbedr01,Drew Gilbert,SFG,-0.3
2025,renfrhu01,Hunter Renfroe,KCR,-1.5
2025,bertijo01,Jon Berti,CHC,0.2
2025,willica02,Carson Williams,TBR,-0.2
2025,hummeco01,Cooper Hummel,2TM,-0.8
2025,hummeco01,Cooper Hummel,BAL,0.0
2025,hummeco01,Cooper Hummel,HOU,-0.7
2025,feduchu01,Hunter Feduccia,2TM,-0.5
2025,feduchu01,Hunter Feduccia,LAD,0.0
2025,feduchu01,Hunter Feduccia,TBR,-0.5
2025,capravi01,Vinny Capra,2TM,-0.5
2025,capravi01,Vinny Capra,MIL,-0.6
2025,capravi01,Vinny Capra,CHW,0.2
2025,loperjo01,Joey Loperfido,TOR,0.6
2025,sogarni01,Nick Sogard,BOS,0.1
2025,amayami01,Miguel Amaya,CHC,1.1
2025,valdeen01,Enmanuel Valdéz,PIT,0.1
2025,gelofza01,Zack Gelof,ATH,-0.1
2025,sanchga02,Gary Sánchez,BAL,-0.4
2025,jacksal02,Alex Jackson,BAL,0.7
2025,vierlma01,Matt Vierling,DET,-0.3
2025,corteca01,Carlos Cortes,ATH,0.7
2025,escarjc01,J.C. Escarra,NYY,0.1
2025,freelal01,Alex Freeland,LAD,0.2
2025,heywaja01,Jason Heyward,SDP,-0.6
2025,brujavi01,Vidal Bruján,3TM,0.1
2025,brujavi01,Vidal Bruján,2TM,0.1
2025,brujavi01,Vidal Bruján,CHC,-0.4
2025,brujavi01,Vidal Bruján,BAL,0.1
2025,brujavi01,Vidal Bruján,ATL,0.5
2025,nunezna01,Nasim Nuñez,WSN,0.7
2025,candeje01,Jeimer Candelario,CIN,-0.9
2025,wilsowi03,Will Wilson,CLE,-0.5
2025,hampsga01,Garrett Hampson,3TM,-0.4
2025,hampsga01,Garrett Hampson,ARI,0.1
2025,hampsga01,Garrett Hampson,CIN,-0.2
2025,hampsga01,Garrett Hampson,STL,-0.3
2025,anderti01,Tim Anderson,LAA,0.0
2025,eatonna01,Nate Eaton,BOS,0.1
2025,keirsda01,DaShawn Keirsey Jr.,MIN,-1.2
2025,kniznan01,Andrew Knizner,SFG,0.3
2025,pegueli01,Liover Peguero,PIT,0.2
2025,simonro01,Ronny Simón,2TM,-1.2
2025,simonro01,Ronny Simón,MIA,-0.7
2025,simonro01,Ronny Simón,PIT,-0.5
2025,coningr01,Griffin Conine,MIA,0.1
2025,graytr01,Tristan Gray,TBR,0.2
2025,harribr02,Brett Harris,ATH,0.8
2025,johnsbr03,Bryce Johnson,SDP,0.6
2025,biggica01,Cavan Biggio,KCR,-0.2
2025,mateojo01,Jorge Mateo,BAL,-0.6
2025,seymobo01,Bob Seymour,TBR,-0.1
2025,winkeje01,Jesse Winker,NYM,0.0
2025,joeco01,Connor Joe,2TM,-0.7
2025,joeco01,Connor Joe,SDP,-0.2
2025,joeco01,Connor Joe,CIN,-0.5
2025,meltoja01,Jacob Melton,HOU,-0.3
2025,mitchga01,Garrett Mitchell,MIL,0.0
2025,sengeha01,Hayden Senger,NYM,-0.2
2025,peredjh01,Jhonny Pereda,2TM,0.3
2025,peredjh01,Jhonny Pereda,ATH,-0.1
2025,peredjh01,Jhonny Pereda,MIN,0.4
2025,barrojo01,Jorge Barrosa,ARI,-0.7
2025,haaseer01,Eric Haase,MIL,0.2
2025,rodrijo10,Johnathan Rodríguez,CLE,-0.6
2025,brownse01,Seth Brown,ATH,-0.7
2025,dunnbl01,Blake Dunn,CIN,-0.1
2025,roberwi02,Will Robertson,2TM,-1.1
2025,roberwi02,Will Robertson,TOR,-0.2
2025,roberwi02,Will Robertson,CHW,-0.8
2025,lawlajo01,Jordan Lawlar,ARI,-0.4
2025,crimbl01,Blaine Crim,2TM,0.0
2025,crimbl01,Blaine Crim,TEX,-0.2
2025,crimbl01,Blaine Crim,COL,0.3
2025,amayaja01,Jacob Amaya,CHW,-1.0
2025,bouchse01,Sean Bouchard,COL,-0.9
2025,chapaan01,Andrés Chaparro,WSN,-0.4
2025,pereiev01,Everson Pereira,TBR,-0.3
2025,seiglan01,Anthony Seigler,MIL,-0.1
2025,elkoti01,Tim Elko,CHW,-0.5
2025,yorkeni01,Nick Yorke,PIT,0.3
2025,fermijo01,José Fermín,STL,0.8
2025,lugoma01,Matthew Lugo,LAA,-0.5
2025,jenseca01,Carter Jensen,KCR,0.8
2025,ballemo01,Moisés Ballesteros,CHC,0.5
2025,campegu01,Gustavo Campero,LAA,-0.3
2025,vivasjo01,Jorbit Vivas,NYY,-0.3
2025,churcna01,Nathan Church,STL,0.4
2025,kelenja01,Jarred Kelenic,ATL,-0.5
2025,melenmj01,MJ Melendez,KCR,-0.6
2025,matonni01,Nick Maton,CHW,-0.1
2025,wiselbr01,Brett Wisely,2TM,0.3
2025,wiselbr01,Brett Wisely,SFG,0.3
2025,wiselbr01,Brett Wisely,ATL,0.0
2025,acostma02,Maximo Acosta,MIA,0.0
2025,gonzaos01,Oscar González,SDP,-0.5
2025,hillisa01,Sam Hilliard,COL,-0.2
2025,wiemejo01,Joey Wiemer,MIA,0.4
2025,delucjo01,Jonny DeLuca,TBR,0.6
2025,nodary01,Ryan Noda,2TM,-0.2
2025,nodary01,Ryan Noda,CHW,-0.3
2025,nodary01,Ryan Noda,BAL,0.0
2025,huffsa01,Sam Huff,SFG,-0.2
2025,stewasa02,Sal Stewart,CIN,0.5
2025,rodrien01,Endy Rodríguez,PIT,-0.5
2025,tolbety01,Tyler Tolbert,KCR,0.2
2025,johnsda07,Daniel Johnson,2TM,0.3
2025,johnsda07,Daniel Johnson,SFG,0.2
2025,johnsda07,Daniel Johnson,BAL,0.1
2025,encarje01,Jerar Encarnacion,SFG,0.0
2025,shortza01,Zack Short,HOU,0.0
2025,faircst01,Stuart Fairchild,ATL,-0.3
2025,jungja01,Jace Jung,DET,-0.5
2025,milladr01,Drew Millas,WSN,0.2
2025,mailelu01,Luke Maile,KCR,0.0
2025,fitzgry01,Ryan Fitzgerald,MIN,0.2
2025,vazqulu01,Luis Vázquez,BAL,-0.5
2025,coleza01,Zach Cole,HOU,0.6
2025,delacbr01,Bryan De La Cruz,ATL,-0.2
2025,jankotr01,Travis Jankowski,3TM,-0.3
2025,jankotr01,Travis Jankowski,2TM,-0.3
2025,jankotr01,Travis Jankowski,CHW,-0.2
2025,jankotr01,Travis Jankowski,TBR,0.0
2025,jankotr01,Travis Jankowski,NYM,0.0
2025,palacri01,Richie Palacios,TBR,0.0
2025,valerge01,George Valera,CLE,-0.1
2025,handlma01,Maverick Handley,BAL,-0.9
2025,matthbr01,Brice Matthews,HOU,0.3
2025,youngja02,Jared Young,NYM,0.1
2025,davidlo01,Logan Davidson,2TM,-0.6
2025,davidlo01,Logan Davidson,ATH,-0.3
2025,davidlo01,Logan Davidson,LAA,-0.3
2025,crookji01,Jimmy Crooks,STL,-0.3
2025,barneau01,Austin Barnes,LAD,-0.3
2025,hindsre01,Rece Hinds,CIN,-0.4
2025,kreidry01,Ryan Kreidler,DET,-0.2
2025,brooktr01,Trenton Brooks,SDP,-0.5
2025,guzmade01,Denzer Guzmán,LAA,-0.4
2025,harridu01,Dustin Harris,TEX,0.2
2025,pillake01,Kevin Pillar,TEX,-0.1
2025,trejoal01,Alan Trejo,COL,-0.4
2025,camerda01,Daz Cameron,MIL,-0.5
2025,gorskma01,Matt Gorski,PIT,-0.3
2025,bakerlu01,Luken Baker,STL,-0.1
2025,bryankr01,Kris Bryant,COL,-0.5
2025,dunnol01,Oliver Dunn,MIL,-0.2
2025,nolaau01,Austin Nola,COL,-0.2
2025,gourryu01,Yuli Gurriel,SDP,-0.5
2025,leeko01,Korey Lee,CHW,0.3
2025,alfarjo01,Jorge Alfaro,WSN,-0.3
2025,blissry01,Ryan Bliss,SEA,-0.2
2025,devanca01,Cam Devanney,PIT,-0.5
2025,mesavi01,Víctor Mesa Jr.,MIA,0.1
2025,eldribr01,Bryce Eldridge,SFG,-0.2
2025,nidoto01,Tomás Nido,DET,-0.1
2025,veenza01,Zac Veen,COL,-0.3
2025,miranjo01,José Miranda,MIN,-0.3
2025,sirijo01,Jose Siri,NYM,-0.5
2025,fletcdo01,Dominic Fletcher,CHW,0.3
2025,reyespa01,Pablo Reyes,NYY,-0.5
2025,riverse01,Sebastián Rivero,LAA,0.0
2025,willilu01,Luke Williams,ATL,-0.4
2025,schunaa01,Aaron Schunk,COL,-0.3
2025,jimenle01,Leo Jiménez,TOR,-0.3
2025,whitcsh01,Shay Whitcomb,HOU,-0.3
2025,kennebu01,Buddy Kennedy,3TM,-0.5
2025,kennebu01,Buddy Kennedy,2TM,-0.5
2025,kennebu01,Buddy Kennedy,PHI,-0.1
2025,kennebu01,Buddy Kennedy,TOR,-0.1
2025,kennebu01,Buddy Kennedy,LAD,-0.3
2025,garcijo02,José Barrero,STL,-0.1
2025,mccusca01,Carson McCusker,MIN,-0.6
2025,kingesc01,Scott Kingery,LAA,-0.5
2025,lopezni01,Nicky Lopez,2TM,-0.4
2025,lopezni01,Nicky Lopez,LAA,-0.2
2025,lopezni01,Nicky Lopez,CHC,-0.3
2025,caissow01,Owen Caissie,CHC,-0.1
2025,campulu01,Luis Campusano,SDP,-0.4
2025,mccoyma01,Mason McCoy,SDP,-0.1
2025,mccragr01,Grant McCray,SFG,-0.4
2025,baeji01,Jihwan Bae,PIT,-0.4
2025,stefami01,Michael Stefanic,TOR,0.0
2025,villada01,David Villar,SFG,0.0
2025,englitr01,Tristin English,ARI,-0.2
2025,kavadni01,Niko Kavadas,LAA,-0.4
2025,ruizes01,Esteury Ruiz,LAD,-0.2
2025,sanchal04,Ali Sánchez,2TM,-0.2
2025,sanchal04,Ali Sánchez,TOR,-0.2
2025,sanchal04,Ali Sánchez,BOS,0.0
2025,trompch01,Chadwick Tromp,2TM,0.1
2025,trompch01,Chadwick Tromp,ATL,0.0
2025,trompch01,Chadwick Tromp,BAL,0.1
2025,dalbebo01,Bobby Dalbec,CHW,0.0
2025,guilllu01,Luis Guillorme,HOU,-0.2
2025,hiurake01,Keston Hiura,COL,0.0
2025,mckinbi01,Billy McKinney,TEX,-0.1
2025,azocajo01,José Azócar,2TM,0.0
2025,azocajo01,José Azócar,NYM,0.0
2025,azocajo01,José Azócar,ATL,0.0
2025,margoma01,Manuel Margot,DET,-0.1
2025,kaiseco01,Connor Kaiser,ARI,-0.3
2025,sianimi01,Michael Siani,STL,-0.1
2025,baddoak01,Akil Baddoo,DET,0.2
2025,sabolbl01,Blake Sabol,BOS,-0.2
2025,avansdr01,Drew Avans,2TM,-0.4
2025,avansdr01,Drew Avans,ATH,-0.3
2025,avansdr01,Drew Avans,MIL,-0.1
2025,alexacj01,CJ Alexander,ATH,-0.2
2025,florera03,Rafael Flores,PIT,-0.1
2025,milleow01,Owen Miller,COL,0.0
2025,workmga01,Gage Workman,2TM,-0.3
2025,workmga01,Gage Workman,CHC,-0.2
2025,workmga01,Gage Workman,CHW,-0.1
2025,ornelti01,Tirso Ornelas,SDP,-0.3
2025,salazce01,César Salazar,HOU,-0.1
2025,winklja01,Jack Winkler,MIA,-0.2
2025,barnhtu01,Tucker Barnhart,TEX,0.0
2025,hurtuja01,Jacob Hurtubise,CIN,-0.1
2025,navarbr01,Brian Navarreto,MIA,0.2
2025,viladry01,Ryan Vilade,2TM,-0.1
2025,viladry01,Ryan Vilade,STL,-0.1
2025,viladry01,Ryan Vilade,CIN,0.0
2025,allengr01,Greg Allen,BAL,-0.4
2025,stevech02,Chad Stevens,LAA,-0.2
2025,blackty01,Tyler Black,MIL,0.1
2025,brennwi02,Will Brennan,CLE,-0.2
2025,julksco01,Corey Julks,CHW,0.1
2025,alcanke01,Kevin Alcántara,CHC,0.1
2025,leonsa01,Sandy León,ATL,-0.1
2025,machivi01,Vimael Machín,BAL,0.1
2025,petertr01,Tristan Peters,TBR,-0.4
2025,ramosbr01,Bryan Ramos,CHW,0.1
2025,solakni01,Nick Solak,PIT,-0.5
2025,ahmedni01,Nick Ahmed,TEX,0.1
2025,banfiwi01,Will Banfield,CIN,-0.2
2025,monteco01,Coco Montes,TBR,0.1
2025,narvaom01,Omar Narváez,CHW,0.0
2025,thomarh01,Rhylan Thomas,SEA,0.0
2025,orneljo01,Jonathan Ornelas,2TM,0.1
2025,orneljo01,Jonathan Ornelas,TEX,0.0
2025,orneljo01,Jonathan Ornelas,ATL,0.1
2025,davisjd01,J.D. Davis,LAA,-0.2
2025,foscuju01,Justin Foscue,TEX,-0.1
2025,garcijh01,Jhostynxon García,BOS,0.0
2025,portelo01,Logan Porter,SFG,0.0
2025,singljo02,Jon Singleton,HOU,-0.1
2025,sullibr01,Brett Sullivan,PIT,0.0
2025,taylosa04,Samad Taylor,SEA,-0.1
2025,waltodo01,Donovan Walton,PHI,-0.1
2025,blancda02,Dairon Blanco,KCR,0.0
2025,fordha01,Harry Ford,SEA,0.0
2025,halpipe01,Petey Halpin,CLE,0.1
2025,kieboca01,Carter Kieboom,LAA,-0.3
2025,steveca01,Cal Stevenson,PHI,-0.2
2025,rosared01,Eddie Rosario,2TM,0.0
2025,rosared01,Eddie Rosario,LAD,0.0
2025,rosared01,Eddie Rosario,ATL,0.0
2025,brantro01,Rob Brantly,MIA,0.0
2025,chengts01,Tsung-Che Cheng,PIT,0.0
2025,nunezdo01,Dom Nuñez,CLE,0.0
2025,berrost01,Steward Berroa,MIL,0.2
2025,callity01,Tyler Callihan,CIN,-0.2
2025,cookbi01,Billy Cook,PIT,0.0
2025,prietce01,César Prieto,STL,-0.2
2025,adamsjo03,Jordyn Adams,BAL,-0.1
2025,alcanse01,Sergio Alcántara,SFG,-0.1
2025,coronke01,Kenedy Corona,HOU,0.0
2025,garciar01,Aramis Garcia,ARI,-0.1
2025,hicklbr01,Brewer Hicklen,DET,0.1
2025,lipsctr01,Trey Lipscomb,WSN,0.1
2025,romodr01,Drew Romo,COL,-0.1
2025,stubbcj01,CJ Stubbs,WSN,0.1
2025,banueda01,David Bañuelos,BAL,0.0
2025,deanju01,Justin Dean,LAD,0.0
2025,jonesgr02,Greg Jones,CHW,0.0
2025,robinch04,Chuckie Robinson,LAD,0.0
2025,rogertr01,Trevor Rogers,BAL,0.0
2025,alexaty01,Tyler Alexander,CHW,0.0
2025,leiteja01,Jack Leiter,TEX,0.0
2025,nelsory01,Ryne Nelson,ARI,0.1
2025,ogasash01,Shinnosuke Ogasawara,WSN,0.0
2025,reaco01,Colin Rea,CHC,0.0
2025,stubbga01,Garrett Stubbs,PHI,0.0
2025,vavrate01,Terrin Vavra,BAL,0.0
2025,abreubr01,Bryan Abreu,HOU,0.0
2025,agnosza01,Zach Agnos,COL,0.0
2025,akinke01,Keegan Akin,BAL,0.0
2025,alvarel01,Elvis Alvarado,ATH,0.0
2025,armstsh01,Shawn Armstrong,TEX,0.0
2025,avilalu02,Luinder Avila,KCR,0.0
2025,backhky01,Kyle Backhus,ARI,0.0
2025,bakerbr01,Bryan Baker,BAL,0.0
2025,bandaan01,Anthony Banda,LAD,0.0
2025,bautife01,Félix Bautista,BAL,0.0
2025,bernabr01,Brennan Bernardino,BOS,0.0
2025,birdja01,Jake Bird,COL,0.0
2025,birdsha01,Hayden Birdsong,SFG,0.0
2025,bowmama01,Matt Bowman,BAL,0.0
2025,brebbjo01,John Brebbia,DET,0.0
2025,canoye01,Yennier Cano,BAL,0.0
2025,castijo03,José Castillo,SEA,0.0
2025,cavalca01,Cade Cavalli,WSN,0.0
2025,chapmar01,Aroldis Chapman,BOS,0.0
2025,chivian01,Angel Chivilli,COL,0.0
2025,clarkta01,Taylor Clarke,KCR,0.0
2025,claseem01,Emmanuel Clase,CLE,0.0
2025,cruzst01,Steven Cruz,KCR,0.0
2025,curtijo02,John Curtiss,ARI,0.0
2025,curvelu01,Luis Curvelo,TEX,0.0
2025,delosen01,Enyel De Los Santos,HOU,0.0
2025,delosye01,Yerry de los Santos,NYY,0.0
2025,diazed04,Edwin Díaz,NYM,0.0
2025,dominse01,Seranthony Domínguez,BAL,0.0
2025,duranjh01,Jhoan Duran,MIN,0.0
2025,ennsdi01,Dietrich Enns,BAL,0.0
2025,erceglu01,Lucas Erceg,KCR,0.0
2025,estevca01,Carlos Estévez,KCR,0.0
2025,ferguty01,Tyler Ferguson,ATH,0.0
2025,ferrejo01,Jose A. Ferrer,WSN,0.0
2025,festama01,Matt Festa,CLE,0.0
2025,fundeko01,Kody Funderburk,MIN,0.0
2025,garcibr02,Brandyn Garcia,ARI,0.0
2025,garciro04,Robert Garcia,TEX,0.0
2025,garciyi01,Yimi García,TOR,0.0
2025,haderjo01,Josh Hader,HOU,0.0
2025,halvose01,Seth Halvorsen,COL,0.0
2025,hancoem01,Emerson Hancock,SEA,0.0
2025,helslry01,Ryan Helsley,STL,0.0
2025,herriti01,Tim Herrin,CLE,0.0
2025,hoffmje02,Jeff Hoffman,TOR,0.0
2025,jamesdr01,Drey Jameson,ARI,0.0
2025,janseke01,Kenley Jansen,LAA,0.0
2025,jaxgr01,Griffin Jax,MIN,0.0
2025,kahnlto01,Tommy Kahnle,DET,0.0
2025,kellyke02,Kevin Kelly,TBR,0.0
2025,kellymi03,Michael Kelly,ATH,0.0
2025,kittran01,Andrew Kittredge,BAL,0.0
2025,leasujo01,Jordan Leasure,CHW,0.0
2025,legumca01,Casey Legumina,SEA,0.0
2025,longsa01,Sam Long,KCR,0.0
2025,lynchda02,Daniel Lynch IV,KCR,0.0
2025,mantijo01,Joe Mantiply,ARI,0.0
2025,martiju01,Justin Martínez,ARI,0.0
2025,matonph01,Phil Maton,STL,0.0
2025,matzety01,Tyler Matzek,NYY,0.0
2025,mejiaju01,Juan Mejia,COL,0.0
2025,millesh01,Shelby Miller,ARI,0.0
2025,milneho01,Hoby Milner,TEX,0.0
2025,morilju02,Juan Morillo,ARI,0.0
2025,ortka01,Kaleb Ort,HOU,0.0
2025,owensty01,Tyler Owens,DET,0.0
2025,pallaan01,Andre Pallante,STL,0.0
2025,perezci01,Cionel Pérez,BAL,0.0
2025,pilkiko01,Konnor Pilkington,WSN,0.0
2025,popza01,Zach Pop,SEA,0.0
2025,poulipj01,PJ Poulin,WSN,0.0
2025,pukaj01,A.J. Puk,ARI,0.0
2025,richatr01,Trevor Richards,KCR,0.0
2025,rogerty01,Tyler Rogers,SFG,0.0
2025,rutleja01,Jackson Rutledge,WSN,0.0
2025,saalfan01,Andrew Saalfrank,ARI,0.0
2025,sandlni01,Nick Sandlin,TOR,0.0
2025,schrejo01,John Schreiber,KCR,0.0
2025,scottta01,Tanner Scott,LAD,0.0
2025,seaboco01,Connor Seabold,TBR,0.0
2025,sousabe01,Bennett Sousa,HOU,0.0
2025,stanery01,Ryne Stanek,NYM,0.0
2025,thompry02,Ryan Thompson,ARI,0.0
2025,thorntr01,Trent Thornton,SEA,0.0
2025,vodnivi01,Victor Vodnik,COL,0.0
2025,walkery01,Ryan Walker,SFG,0.0
2025,wallach01,Chad Wallach,LAA,0.0
2025,whitlga01,Garrett Whitlock,BOS,0.0
2025,wilsobr02,Bryse Wilson,CHW,0.0
