playerID,yearID,stint,teamID,lgID,W,L,G,GS,CG,SHO,SV,IPouts,H,ER,HR,BB,SO,BAOpp,ERA,IBB,WP,HBP,BK,BFP,GF,R,SH,SF,GIDP
abadfe01,2021,1,BAL,AL,0,0,16,0,0,0,0,53,23,11,1.0,7,10,0.307,5.6,1.0,0.0,0.0,0.0,82.0,4.0,12,0.0,0.0,3.0
abadfe01,2023,1,COL,NL,1,0,6,0,0,0,0,19,11,3,2.0,3,2,0.379,4.26,0.0,0.0,0.0,0.0,32.0,2.0,3,0.0,0.0,2.0
abbotan01,2023,1,CIN,NL,8,6,21,21,0,0,0,328,100,47,16.0,44,120,0.244,3.87,0.0,1.0,1.0,1.0,459.0,0.0,47,0.0,5.0,6.0
abbotan01,2024,1,CIN,NL,10,10,25,25,0,0,0,414,127,57,25.0,52,114,0.24,3.72,1.0,5.0,2.0,0.0,586.0,0.0,60,1.0,2.0,6.0
abbotan01,2025,1,CIN,NL,10,7,29,29,1,1,0,499,148,53,19.0,43,149,0.235,2.87,0.0,4.0,3.0,0.0,684.0,0.0,60,3.0,4.0,10.0
abbotco01,2021,1,CHN,NL,0,0,7,1,0,0,0,52,20,13,7.0,11,12,0.286,6.75,0.0,2.0,0.0,0.0,82.0,2.0,15,1.0,0.0,0.0
abbotco01,2022,1,WAS,NL,0,5,16,9,0,0,0,144,44,28,12.0,25,45,0.239,5.25,0.0,2.0,5.0,0.0,216.0,7.0,30,0.0,2.0,0.0
abbotco01,2023,1,WAS,NL,1,2,22,0,0,0,0,118,48,29,9.0,19,40,0.306,6.64,0.0,4.0,4.0,1.0,183.0,10.0,29,0.0,3.0,5.0
abelmi01,2025,1,PHI,NL,2,2,6,6,0,0,0,75,25,14,7.0,9,21,0.255,5.04,0.0,2.0,1.0,0.0,108.0,0.0,14,0.0,0.0,1.0
abelmi01,2025,2,MIN,AL,1,2,4,2,0,0,0,42,18,13,1.0,7,18,0.305,8.36,0.0,0.0,0.0,0.0,66.0,1.0,14,0.0,0.0,2.0
abnerph01,2025,1,ARI,NL,0,0,5,0,0,0,0,11,5,2,0.0,3,5,0.333,4.91,0.0,0.0,0.0,0.0,18.0,0.0,2,0.0,0.0,1.0
abreual01,2020,1,NYA,AL,0,1,2,0,0,0,0,4,4,3,1.0,2,2,0.5,20.25,0.0,0.0,1.0,0.0,11.0,1.0,4,0.0,0.0,0.0
abreual01,2021,1,NYA,AL,2,0,28,0,0,0,1,110,27,21,8.0,19,35,0.206,5.15,1.0,3.0,3.0,1.0,156.0,14.0,21,0.0,3.0,3.0
abreual01,2022,1,TEX,AL,0,0,7,0,0,0,0,26,4,3,2.0,12,9,0.138,3.12,0.0,0.0,1.0,0.0,42.0,0.0,3,0.0,0.0,1.0
abreual01,2022,2,KCA,AL,0,0,4,0,0,0,0,13,6,2,1.0,4,3,0.353,4.15,0.0,1.0,1.0,0.0,22.0,3.0,2,0.0,0.0,2.0
abreual01,2022,3,NYA,AL,2,2,22,0,0,0,0,77,25,9,2.0,6,26,0.255,3.16,0.0,5.0,1.0,0.0,108.0,8.0,10,1.0,2.0,2.0
abreual01,2023,1,NYA,AL,2,2,45,0,0,0,0,177,52,31,9.0,35,61,0.231,4.73,1.0,5.0,6.0,0.0,268.0,19.0,39,0.0,1.0,4.0
abreubr01,2020,1,HOU,AL,0,0,4,0,0,0,0,10,1,1,0.0,7,3,0.091,2.7,0.0,0.0,2.0,0.0,20.0,1.0,2,0.0,0.0,0.0
abreubr01,2021,1,HOU,AL,3,3,31,0,0,0,1,108,35,23,4.0,18,36,0.254,5.75,0.0,4.0,3.0,0.0,161.0,3.0,26,0.0,2.0,4.0
abreubr01,2022,1,HOU,AL,4,0,55,0,0,0,2,181,45,13,2.0,26,88,0.207,1.94,0.0,7.0,4.0,0.0,248.0,18.0,16,0.0,1.0,6.0
abreubr01,2023,1,HOU,AL,3,2,72,0,0,0,5,216,44,14,6.0,31,100,0.177,1.75,0.0,1.0,3.0,0.0,287.0,16.0,17,2.0,3.0,6.0
abreubr01,2024,1,HOU,AL,3,3,78,0,0,0,1,235,59,27,9.0,32,103,0.207,3.1,0.0,4.0,6.0,1.0,325.0,3.0,27,1.0,1.0,5.0
abreubr01,2025,1,HOU,AL,3,4,70,0,0,0,7,213,51,18,4.0,31,105,0.196,2.28,0.0,4.0,4.0,0.0,296.0,19.0,18,0.0,1.0,1.0
acevedo01,2021,1,OAK,AL,0,0,10,0,0,0,0,33,9,4,3.0,4,9,0.225,3.27,0.0,0.0,0.0,0.0,44.0,7.0,4,0.0,0.0,0.0
acevedo01,2022,1,OAK,AL,4,4,70,0,0,0,4,203,50,25,9.0,17,58,0.206,3.33,4.0,1.0,3.0,1.0,266.0,12.0,26,2.0,1.0,7.0
acevedo01,2023,1,OAK,AL,0,0,9,0,0,0,0,28,16,11,2.0,2,7,0.381,10.61,1.0,1.0,1.0,0.0,47.0,1.0,11,0.0,2.0,0.0
actonga01,2023,1,OAK,AL,0,0,6,0,0,0,0,17,9,8,3.0,5,5,0.346,12.71,2.0,0.0,1.0,0.0,32.0,3.0,8,0.0,0.0,0.0
actonga01,2025,1,TBA,AL,0,0,1,0,0,0,0,3,0,0,0.0,2,0,0.0,0.0,0.0,1.0,0.0,0.0,5.0,1.0,0,0.0,0.0,0.0
adamja01,2020,1,CHN,NL,2,1,13,0,0,0,0,41,9,5,2.0,8,21,0.18,3.29,0.0,0.0,0.0,0.0,58.0,5.0,7,0.0,0.0,0.0
adamja01,2021,1,CHN,NL,1,0,12,0,0,0,0,32,10,7,1.0,6,19,0.244,5.91,0.0,0.0,3.0,0.0,50.0,4.0,7,0.0,0.0,0.0
adamja01,2022,1,TBA,AL,2,3,67,0,0,0,8,190,31,11,5.0,17,75,0.147,1.56,2.0,2.0,6.0,0.0,237.0,16.0,12,0.0,2.0,8.0
adamja01,2023,1,TBA,AL,4,2,56,0,0,0,12,163,35,18,7.0,20,69,0.181,2.98,0.0,2.0,9.0,0.0,222.0,22.0,21,0.0,0.0,4.0
adamja01,2024,1,TBA,AL,4,2,47,0,0,0,4,141,26,13,4.0,16,50,0.164,2.49,3.0,0.0,3.0,0.0,180.0,9.0,17,0.0,2.0,3.0
adamja01,2024,2,SDN,NL,3,0,27,0,0,0,0,80,14,3,1.0,7,31,0.152,1.01,1.0,2.0,3.0,1.0,102.0,1.0,3,0.0,0.0,2.0
adamja01,2025,1,SDN,NL,8,4,65,0,0,0,0,196,50,14,4.0,25,70,0.209,1.93,3.0,3.0,3.0,0.0,270.0,4.0,18,1.0,2.0,5.0
adamsau02,2020,1,SDN,NL,0,0,3,0,0,0,0,12,3,2,1.0,2,7,0.2,4.5,0.0,1.0,0.0,0.0,17.0,1.0,2,0.0,0.0,0.0
adamsau02,2021,1,SDN,NL,3,2,65,0,0,0,0,158,28,24,1.0,35,76,0.159,4.1,2.0,4.0,24.0,0.0,241.0,18.0,28,3.0,3.0,4.0
adamsau02,2022,1,SDN,NL,1,0,2,0,0,0,0,7,0,0,0.0,3,2,0.0,0.0,0.0,0.0,0.0,0.0,9.0,0.0,0,0.0,0.0,1.0
adamsau02,2023,1,ARI,NL,0,1,24,0,0,0,0,52,16,11,1.0,8,22,0.235,5.71,0.0,2.0,5.0,0.0,81.0,1.0,12,0.0,0.0,0.0
adamsau02,2024,1,OAK,AL,1,2,56,0,0,0,0,124,38,18,4.0,23,53,0.25,3.92,2.0,6.0,13.0,0.0,191.0,6.0,20,1.0,2.0,3.0
adamsch01,2020,1,KCA,AL,0,0,6,0,0,0,0,26,15,9,1.0,0,6,0.375,9.35,0.0,2.0,0.0,0.0,40.0,1.0,9,0.0,0.0,0.0
adamstr01,2025,1,MIN,AL,1,4,18,2,0,0,0,101,39,28,6.0,17,31,0.293,7.49,0.0,5.0,3.0,0.0,158.0,3.0,29,0.0,5.0,0.0
adcocty01,2023,1,SEA,AL,0,0,12,0,0,0,0,47,11,6,4.0,0,11,0.19,3.45,0.0,0.0,0.0,0.0,58.0,4.0,7,0.0,0.0,1.0
adcocty01,2024,1,NYN,NL,0,0,3,0,0,0,0,13,7,7,4.0,2,3,0.368,14.54,0.0,0.0,0.0,0.0,21.0,1.0,7,0.0,0.0,1.0
adcocty01,2025,1,NYN,NL,0,0,3,0,0,0,0,9,2,1,1.0,2,5,0.167,3.0,0.0,0.0,0.0,0.0,14.0,1.0,1,0.0,0.0,0.0
adonjo01,2021,1,WAS,NL,0,0,1,1,0,0,0,16,6,2,1.0,3,9,0.3,3.38,0.0,1.0,1.0,0.0,24.0,0.0,2,0.0,0.0,1.0
adonjo01,2022,1,WAS,NL,1,12,14,14,0,0,0,194,76,51,8.0,39,55,0.29,7.1,1.0,7.0,6.0,0.0,310.0,0.0,53,1.0,2.0,5.0
adonjo01,2023,1,WAS,NL,2,4,12,10,0,0,0,155,60,37,8.0,24,48,0.284,6.45,3.0,6.0,3.0,0.0,240.0,2.0,37,1.0,1.0,3.0
adonjo01,2024,1,WAS,NL,0,0,8,1,0,0,0,32,12,8,2.0,4,6,0.293,6.75,0.0,0.0,1.0,0.0,48.0,5.0,8,1.0,1.0,1.0
adriaeh01,2020,1,MIN,AL,0,0,1,0,0,0,0,3,1,1,1.0,0,0,0.25,9.0,0.0,0.0,1.0,0.0,5.0,1.0,1,0.0,0.0,0.0
adriaeh01,2022,1,WAS,NL,0,0,1,0,0,0,0,3,0,0,0.0,1,1,0.0,0.0,0.0,0.0,0.0,0.0,4.0,1.0,0,0.0,0.0,0.0
agnosza01,2025,1,COL,NL,1,3,30,0,0,0,4,94,31,23,5.0,17,19,0.261,6.61,0.0,2.0,0.0,0.0,138.0,14.0,25,1.0,1.0,2.0
aguiaju01,2024,1,CIN,NL,2,1,7,7,0,0,0,95,30,22,8.0,12,19,0.244,6.25,1.0,1.0,5.0,0.0,140.0,0.0,22,0.0,0.0,4.0
aguilmi01,2021,1,ARI,NL,1,1,9,0,0,0,0,21,6,5,0.0,4,3,0.25,6.43,1.0,0.0,0.0,0.0,29.0,2.0,6,1.0,0.0,1.0
akinke01,2020,1,BAL,AL,1,2,8,6,0,0,0,77,27,13,3.0,10,35,0.262,4.56,0.0,0.0,1.0,1.0,116.0,0.0,17,0.0,2.0,0.0
akinke01,2021,1,BAL,AL,2,10,24,17,0,0,0,285,110,70,17.0,40,82,0.29,6.63,1.0,5.0,2.0,1.0,427.0,1.0,70,1.0,5.0,7.0
akinke01,2022,1,BAL,AL,3,3,45,1,0,0,2,245,69,29,10.0,20,77,0.227,3.2,0.0,1.0,1.0,0.0,329.0,10.0,35,1.0,2.0,8.0
akinke01,2023,1,BAL,AL,2,2,24,1,0,0,0,71,35,18,2.0,7,27,0.337,6.85,2.0,2.0,0.0,0.0,112.0,7.0,22,0.0,1.0,1.0
akinke01,2024,1,BAL,AL,3,1,66,0,0,0,1,236,55,29,9.0,19,97,0.193,3.32,1.0,4.0,2.0,0.0,313.0,21.0,31,2.0,5.0,2.0
akinke01,2025,1,BAL,AL,5,4,64,3,0,0,8,190,54,24,10.0,33,59,0.233,3.41,2.0,2.0,1.0,0.0,268.0,18.0,28,0.0,2.0,5.0
alanirj01,2021,1,CIN,NL,0,0,3,0,0,0,0,8,1,1,1.0,3,3,0.111,3.38,0.0,0.0,1.0,0.0,13.0,0.0,1,0.0,0.0,0.0
alberan01,2021,1,MIN,AL,1,2,5,3,0,0,0,57,24,16,9.0,9,12,0.304,7.58,1.0,0.0,1.0,1.0,89.0,2.0,16,0.0,0.0,1.0
alberha01,2021,1,KCA,AL,0,0,1,0,0,0,0,1,0,0,0.0,0,0,0.0,0.0,0.0,0.0,0.0,0.0,1.0,1.0,0,0.0,0.0,0.0
alberha01,2022,1,LAN,NL,0,0,10,0,0,0,0,33,10,5,2.0,3,1,0.238,4.09,0.0,0.0,1.0,0.0,47.0,10.0,5,0.0,1.0,0.0
alberha01,2023,1,CHA,AL,0,0,2,0,0,0,0,5,6,4,1.0,1,1,0.545,21.6,0.0,0.0,0.0,0.0,12.0,2.0,4,0.0,0.0,0.0
alcaljo01,2020,1,MIN,AL,2,1,16,0,0,0,0,72,21,7,3.0,8,27,0.244,2.63,0.0,1.0,0.0,0.0,94.0,8.0,8,0.0,0.0,2.0
alcaljo01,2021,1,MIN,AL,3,6,59,0,0,0,1,179,45,26,10.0,13,61,0.214,3.92,1.0,1.0,2.0,1.0,229.0,15.0,29,1.0,3.0,8.0
alcaljo01,2022,1,MIN,AL,0,0,2,0,0,0,0,7,2,0,0.0,2,2,0.25,0.0,0.0,0.0,0.0,0.0,10.0,0.0,0,0.0,0.0,1.0
alcaljo01,2023,1,MIN,AL,0,1,11,0,0,0,0,52,14,12,5.0,10,16,0.222,6.23,0.0,0.0,1.0,0.0,75.0,3.0,13,0.0,1.0,2.0
alcaljo01,2024,1,MIN,AL,4,3,54,0,0,0,0,175,40,21,8.0,20,58,0.19,3.24,1.0,4.0,3.0,0.0,235.0,5.0,23,0.0,1.0,1.0
alcaljo01,2025,1,MIN,AL,0,2,22,0,0,0,0,73,29,24,5.0,15,28,0.302,8.88,0.0,3.0,1.0,0.0,114.0,8.0,25,0.0,2.0,2.0
alcaljo01,2025,2,BOS,AL,0,0,19,0,0,0,0,49,19,6,4.0,8,18,0.288,3.31,0.0,3.0,0.0,1.0,76.0,7.0,11,0.0,2.0,0.0
alcaljo01,2025,3,SLN,NL,0,0,15,0,0,0,0,43,18,8,4.0,7,15,0.305,5.02,1.0,0.0,0.0,1.0,67.0,5.0,8,1.0,0.0,1.0
alcansa01,2020,1,MIA,NL,3,2,7,7,0,0,0,126,35,14,4.0,15,39,0.226,3.0,0.0,1.0,1.0,1.0,172.0,0.0,22,1.0,0.0,6.0
alcansa01,2021,1,MIA,NL,9,15,33,33,1,0,0,617,171,73,21.0,50,201,0.223,3.19,2.0,6.0,10.0,1.0,837.0,0.0,85,6.0,3.0,17.0
alcansa01,2022,1,MIA,NL,14,9,32,32,6,1,0,686,174,58,16.0,50,207,0.212,2.28,1.0,3.0,9.0,0.0,886.0,0.0,67,1.0,6.0,21.0
alcansa01,2023,1,MIA,NL,7,12,28,28,3,1,0,554,176,85,22.0,48,151,0.251,4.14,0.0,4.0,5.0,1.0,762.0,0.0,91,2.0,6.0,18.0
alcansa01,2025,1,MIA,NL,11,12,31,31,0,0,0,524,165,104,22.0,57,142,0.246,5.36,0.0,8.0,9.0,2.0,745.0,0.0,107,0.0,9.0,9.0
alcanse01,2021,1,CHN,NL,0,0,1,0,0,0,0,1,0,0,0.0,0,0,0.0,0.0,0.0,0.0,0.0,0.0,1.0,1.0,0,0.0,0.0,0.0
aldegsa01,2024,1,LAA,AL,1,2,3,3,0,0,0,39,15,7,2.0,10,10,0.283,4.85,0.0,2.0,2.0,0.0,67.0,0.0,12,0.0,2.0,0.0
aldegsa01,2025,1,LAA,AL,0,2,4,2,0,0,0,41,20,12,3.0,10,12,0.345,7.9,0.0,1.0,4.0,0.0,73.0,0.0,14,0.0,1.0,2.0
alexaja01,2022,1,MIL,NL,2,3,18,11,0,0,0,215,88,43,12.0,28,46,0.312,5.4,0.0,1.0,4.0,0.0,321.0,3.0,47,0.0,7.0,10.0
alexaja01,2025,1,ATH,AL,0,0,4,0,0,0,0,18,12,12,3.0,5,5,0.4,18.0,0.0,0.0,0.0,0.0,35.0,3.0,13,0.0,0.0,1.0
alexaja01,2025,2,HOU,AL,4,2,14,13,0,0,1,214,68,29,12.0,21,60,0.247,3.66,0.0,1.0,3.0,0.0,301.0,1.0,32,0.0,2.0,5.0
alexasc01,2020,1,LAN,NL,2,0,13,0,0,0,0,37,9,4,2.0,9,9,0.214,2.92,1.0,0.0,0.0,0.0,52.0,1.0,6,1.0,0.0,4.0
alexasc01,2021,1,LAN,NL,0,2,18,0,0,0,0,46,15,5,2.0,4,8,0.242,2.93,1.0,1.0,1.0,0.0,67.0,6.0,6,0.0,0.0,1.0
alexasc01,2022,1,SFN,NL,0,0,17,4,0,0,2,52,12,2,1.0,1,10,0.194,1.04,0.0,0.0,0.0,0.0,63.0,3.0,2,0.0,0.0,2.0
alexasc01,2023,1,SFN,NL,7,3,55,8,0,0,1,145,55,25,2.0,11,31,0.282,4.66,3.0,7.0,1.0,0.0,208.0,11.0,30,1.0,0.0,5.0
alexasc01,2024,1,OAK,AL,1,3,45,0,0,0,0,116,31,11,3.0,15,31,0.223,2.56,7.0,2.0,2.0,0.0,160.0,9.0,14,2.0,2.0,4.0
alexasc01,2025,1,COL,NL,1,1,19,0,0,0,0,49,20,11,4.0,7,6,0.313,6.06,0.0,0.0,1.0,0.0,72.0,4.0,11,0.0,0.0,4.0
alexasc01,2025,2,SFN,NL,0,0,2,0,0,0,0,4,3,1,1.0,2,2,0.429,6.75,0.0,0.0,0.0,0.0,9.0,0.0,1,0.0,0.0,0.0
alexaty01,2020,1,DET,AL,2,3,14,2,0,0,0,109,39,16,8.0,9,34,0.283,3.96,0.0,0.0,4.0,0.0,152.0,0.0,16,0.0,1.0,4.0
alexaty01,2021,1,DET,AL,2,4,41,15,0,0,0,319,106,45,16.0,28,87,0.255,3.81,0.0,2.0,4.0,0.0,451.0,7.0,47,0.0,4.0,9.0
alexaty01,2022,1,DET,AL,4,11,27,17,0,0,0,303,108,54,18.0,25,61,0.275,4.81,1.0,0.0,1.0,0.0,427.0,1.0,58,2.0,6.0,9.0
alexaty01,2023,1,DET,AL,2,1,25,1,0,0,0,132,44,22,8.0,5,44,0.256,4.5,0.0,0.0,2.0,0.0,181.0,8.0,25,0.0,1.0,6.0
alexaty01,2024,1,TBA,AL,6,5,23,9,0,0,0,323,110,61,23.0,24,90,0.263,5.1,1.0,0.0,5.0,0.0,455.0,1.0,61,2.0,5.0,5.0
alexaty01,2025,1,MIL,NL,3,5,21,4,0,0,1,109,42,25,3.0,12,30,0.282,6.19,0.0,0.0,1.0,1.0,164.0,7.0,31,1.0,1.0,2.0
alexaty01,2025,2,CHA,AL,2,9,31,1,0,0,0,184,65,29,6.0,18,52,0.273,4.26,5.0,1.0,1.0,1.0,259.0,5.0,31,1.0,1.0,6.0
alexyaj01,2021,1,TEX,AL,3,1,5,4,0,0,0,69,13,12,4.0,17,17,0.167,4.7,0.0,0.0,1.0,0.0,97.0,0.0,12,0.0,1.0,1.0
alexyaj01,2022,1,TEX,AL,1,1,4,0,0,0,0,21,10,9,1.0,9,6,0.345,11.57,0.0,1.0,0.0,0.0,38.0,0.0,9,0.0,0.0,2.0
allarko01,2020,1,TEX,AL,0,6,11,8,0,0,0,101,31,29,4.0,20,32,0.238,7.75,0.0,1.0,1.0,0.0,152.0,2.0,29,0.0,1.0,1.0
allarko01,2021,1,TEX,AL,3,12,32,17,0,0,0,374,128,75,29.0,31,104,0.258,5.41,0.0,4.0,4.0,0.0,534.0,3.0,80,0.0,3.0,8.0
allarko01,2022,1,TEX,AL,1,2,10,0,0,0,1,63,21,17,9.0,6,19,0.263,7.29,1.0,0.0,1.0,0.0,87.0,4.0,17,0.0,0.0,2.0
allarko01,2023,1,ATL,NL,0,1,4,3,0,0,0,37,16,9,2.0,4,13,0.308,6.57,0.0,1.0,0.0,0.0,56.0,1.0,9,0.0,0.0,1.0
allarko01,2024,1,PHI,NL,2,0,7,4,0,0,0,81,34,15,5.0,8,23,0.312,5.0,0.0,0.0,0.0,0.0,117.0,0.0,15,0.0,0.0,4.0
allarko01,2025,1,CLE,AL,2,2,33,2,0,0,0,195,64,19,5.0,14,42,0.261,2.63,3.0,0.0,1.0,0.0,266.0,16.0,22,3.0,3.0,5.0
alldrca01,2022,1,PIT,NL,0,0,1,0,0,0,0,3,1,0,0.0,0,1,0.25,0.0,0.0,0.0,0.0,0.0,4.0,0.0,0,0.0,0.0,0.0
allenlo01,2020,1,CLE,AL,0,0,3,0,0,0,0,32,12,4,1.0,7,7,0.293,3.38,0.0,1.0,1.0,0.0,49.0,2.0,4,0.0,0.0,3.0
allenlo01,2021,1,CLE,AL,2,7,14,11,0,0,0,151,58,35,12.0,17,37,0.291,6.26,0.0,4.0,4.0,0.0,222.0,1.0,39,0.0,2.0,9.0
allenlo01,2022,1,CLE,AL,1,0,4,0,0,0,0,18,9,3,0.0,3,6,0.346,4.5,0.0,0.0,1.0,0.0,30.0,0.0,3,0.0,0.0,1.0
allenlo01,2022,2,BAL,AL,0,0,3,0,0,0,0,5,3,2,0.0,2,1,0.375,10.8,0.0,0.0,0.0,0.0,10.0,0.0,2,0.0,0.0,0.0
allenlo01,2024,1,ARI,NL,0,1,12,0,0,0,1,84,32,17,3.0,10,21,0.281,5.46,0.0,0.0,2.0,0.0,128.0,4.0,17,0.0,2.0,0.0
allenlo02,2023,1,CLE,AL,7,8,24,24,0,0,0,376,127,53,16.0,48,119,0.263,3.81,0.0,1.0,1.0,0.0,537.0,0.0,55,2.0,2.0,11.0
allenlo02,2024,1,CLE,AL,8,5,20,20,0,0,0,292,113,62,22.0,41,79,0.295,5.73,0.0,4.0,4.0,0.0,432.0,0.0,63,1.0,3.0,14.0
allenlo02,2025,1,CLE,AL,8,11,30,29,0,0,0,470,157,74,18.0,62,122,0.261,4.25,1.0,4.0,6.0,0.0,676.0,0.0,84,2.0,5.0,15.0
allgeni01,2021,1,TOR,AL,0,0,1,0,0,0,0,3,0,0,0.0,0,0,0.0,0.0,0.0,0.0,0.0,0.0,3.0,1.0,0,0.0,0.0,0.0
almonye01,2020,1,COL,NL,3,0,24,0,0,0,1,83,25,9,2.0,6,23,0.243,2.93,0.0,0.0,3.0,0.0,113.0,4.0,13,0.0,1.0,4.0
almonye01,2021,1,COL,NL,1,3,48,0,0,0,0,143,47,40,9.0,29,47,0.26,7.55,1.0,3.0,4.0,0.0,217.0,15.0,42,0.0,3.0,4.0
almonye01,2022,1,LAN,NL,0,0,33,0,0,0,1,106,18,4,2.0,10,33,0.15,1.02,1.0,0.0,4.0,0.0,135.0,3.0,4,0.0,1.0,4.0
almonye01,2023,1,LAN,NL,3,2,49,0,0,0,0,144,43,27,6.0,24,49,0.239,5.06,2.0,3.0,4.0,0.0,208.0,5.0,30,0.0,0.0,7.0
almonye01,2024,1,CHN,NL,1,0,17,0,0,0,1,47,9,6,1.0,8,20,0.161,3.45,1.0,1.0,2.0,0.0,67.0,2.0,7,0.0,1.0,0.0
almoral01,2021,1,NYN,NL,0,0,1,0,0,0,0,3,1,3,1.0,1,0,0.25,27.0,0.0,0.0,1.0,0.0,6.0,1.0,3,0.0,0.0,0.0
altavda01,2020,1,SEA,AL,1,2,13,0,0,0,1,35,12,10,3.0,7,14,0.255,7.71,0.0,0.0,0.0,0.0,54.0,5.0,11,0.0,0.0,0.0
altavda01,2020,2,SDN,NL,1,1,9,0,0,0,0,26,6,3,0.0,5,10,0.2,3.12,0.0,2.0,0.0,0.0,35.0,2.0,3,0.0,0.0,2.0
altavda01,2021,1,SDN,NL,0,0,2,0,0,0,0,4,1,1,1.0,0,2,0.2,6.75,0.0,0.0,0.0,0.0,5.0,1.0,1,0.0,0.0,0.0
altavda01,2024,1,KCA,AL,0,1,5,1,0,0,0,11,5,6,1.0,3,5,0.294,14.73,0.0,0.0,1.0,0.0,21.0,0.0,6,0.0,0.0,0.0
altavda01,2025,1,CHA,AL,0,1,28,0,0,0,2,87,19,8,4.0,15,21,0.19,2.48,0.0,1.0,4.0,0.0,120.0,13.0,9,1.0,0.0,2.0
alvaran01,2025,1,WAS,NL,1,1,5,5,0,0,0,70,16,6,1.0,10,20,0.184,2.31,0.0,2.0,1.0,0.0,98.0,0.0,8,0.0,0.0,2.0
alvared01,2024,1,NYN,NL,0,0,1,0,0,0,0,3,1,0,0.0,0,1,0.25,0.0,0.0,0.0,1.0,0.0,5.0,1.0,0,0.0,0.0,0.0
alvarel01,2025,1,ATH,AL,1,1,37,0,0,0,0,127,34,15,6.0,22,50,0.214,3.19,1.0,2.0,2.0,0.0,183.0,13.0,17,0.0,0.0,1.0
alvarjo02,2020,1,PHI,NL,0,0,8,0,0,0,0,19,7,1,0.0,3,6,0.292,1.42,0.0,0.0,0.0,0.0,27.0,1.0,1,0.0,0.0,0.0
alvarjo02,2021,1,SFN,NL,5,2,67,1,0,0,0,194,53,17,2.0,19,42,0.217,2.37,1.0,1.0,0.0,0.0,266.0,12.0,23,1.0,1.0,3.0
alvarjo02,2022,1,SFN,NL,2,1,21,0,0,0,1,46,17,9,3.0,9,15,0.27,5.28,1.0,1.0,2.0,0.0,76.0,6.0,10,1.0,0.0,1.0
alvarjo03,2020,1,TBA,AL,0,0,9,0,0,0,0,27,9,6,2.0,6,13,0.25,6.0,0.0,3.0,2.0,0.0,45.0,3.0,7,0.0,1.0,1.0
alvarjo03,2021,1,PHI,NL,7,1,64,0,0,0,5,167,42,26,5.0,47,68,0.213,4.2,5.0,9.0,7.0,1.0,251.0,10.0,30,0.0,0.0,9.0
alvarjo03,2022,1,PHI,NL,4,2,59,0,0,0,2,153,38,18,2.0,24,81,0.203,3.18,4.0,5.0,1.0,0.0,214.0,8.0,21,1.0,1.0,4.0
alvarjo03,2023,1,PHI,NL,0,2,42,0,0,0,10,124,30,8,3.0,18,64,0.196,1.74,1.0,3.0,0.0,0.0,172.0,12.0,15,1.0,0.0,1.0
alvarjo03,2024,1,PHI,NL,2,5,66,0,0,0,13,185,49,28,6.0,28,63,0.215,4.09,1.0,4.0,1.0,0.0,258.0,21.0,30,0.0,1.0,5.0
alvarjo03,2025,1,PHI,NL,4,2,28,0,0,0,7,78,27,11,4.0,7,32,0.262,3.81,0.0,3.0,1.0,0.0,114.0,10.0,12,2.0,1.0,0.0
alvarrj01,2022,1,NYN,NL,0,1,1,0,0,0,0,7,4,3,2.0,3,2,0.4,11.57,0.0,0.0,0.0,0.0,13.0,0.0,3,0.0,0.0,0.0
alzolad01,2020,1,CHN,NL,1,1,6,4,0,0,0,64,12,7,1.0,13,29,0.169,2.95,0.0,1.0,1.0,0.0,87.0,0.0,8,0.0,2.0,2.0
alzolad01,2021,1,CHN,NL,5,13,29,21,0,0,1,377,112,64,25.0,34,128,0.236,4.58,2.0,2.0,5.0,3.0,519.0,1.0,66,5.0,1.0,7.0
alzolad01,2022,1,CHN,NL,2,1,6,0,0,0,0,40,9,5,1.0,2,19,0.184,3.38,0.0,0.0,1.0,0.0,52.0,1.0,5,0.0,0.0,0.0
alzolad01,2023,1,CHN,NL,2,5,58,0,0,0,22,192,52,19,5.0,13,67,0.225,2.67,0.0,0.0,5.0,2.0,253.0,38.0,23,1.0,3.0,8.0
alzolad01,2024,1,CHN,NL,1,4,18,0,0,0,4,52,19,9,6.0,6,13,0.279,4.67,0.0,0.0,1.0,0.0,75.0,11.0,13,0.0,0.0,1.0
amayaja01,2025,1,CHA,AL,0,0,1,0,0,0,0,3,0,0,0.0,0,0,0.0,0.0,0.0,0.0,0.0,0.0,3.0,1.0,0,0.0,1.0,0.0
anderbr04,2020,1,MIL,NL,4,4,10,10,0,0,0,141,50,22,6.0,10,32,0.27,4.21,0.0,0.0,4.0,0.0,202.0,0.0,24,0.0,3.0,5.0
anderbr04,2021,1,MIL,NL,4,9,24,24,0,0,0,288,102,45,11.0,28,58,0.276,4.22,0.0,0.0,2.0,2.0,409.0,0.0,52,5.0,5.0,14.0
anderch01,2020,1,TOR,AL,1,2,10,7,0,0,0,101,45,27,11.0,10,38,0.315,7.22,0.0,1.0,1.0,0.0,154.0,0.0,29,0.0,0.0,2.0
anderch01,2021,1,PHI,NL,2,4,14,9,0,0,0,144,51,36,10.0,20,35,0.268,6.75,1.0,0.0,3.0,0.0,215.0,2.0,36,1.0,1.0,2.0
anderch01,2022,1,CIN,NL,2,4,9,7,0,0,0,72,17,17,3.0,15,23,0.205,6.38,0.0,0.0,3.0,0.0,103.0,1.0,18,0.0,2.0,1.0
anderch01,2023,1,TBA,AL,0,0,2,0,0,0,1,15,2,0,0.0,1,2,0.118,0.0,0.0,0.0,0.0,0.0,18.0,2.0,0,0.0,0.0,0.0
anderch01,2023,2,COL,NL,1,6,17,17,0,0,0,244,88,52,17.0,32,62,0.282,5.75,0.0,1.0,7.0,0.0,354.0,0.0,53,1.0,2.0,9.0
anderch01,2024,1,BOS,AL,0,2,27,1,0,0,3,156,46,28,10.0,19,35,0.231,4.85,1.0,2.0,3.0,0.0,224.0,22.0,34,1.0,2.0,1.0
anderch01,2024,2,TEX,AL,0,0,2,0,0,0,0,19,9,7,2.0,2,7,0.321,9.95,0.0,1.0,1.0,0.0,31.0,1.0,7,0.0,0.0,0.0
anderdr02,2020,1,CHA,AL,0,1,1,0,0,0,0,4,4,6,2.0,2,2,0.5,40.5,0.0,1.0,0.0,0.0,10.0,0.0,6,0.0,0.0,0.0
anderdr02,2021,1,TEX,AL,1,1,9,1,0,0,0,66,20,8,1.0,6,9,0.238,3.27,0.0,1.0,1.0,0.0,91.0,3.0,8,0.0,0.0,2.0
andergr01,2023,1,TEX,AL,2,1,26,0,0,0,0,107,38,20,5.0,14,30,0.277,5.05,1.0,1.0,1.0,0.0,154.0,2.0,20,0.0,2.0,3.0
andergr01,2024,1,TEX,AL,0,1,23,0,0,0,1,80,33,24,11.0,10,29,0.303,8.1,3.0,0.0,1.0,0.0,120.0,10.0,24,0.0,0.0,4.0
andergr01,2025,1,MIL,NL,2,6,66,0,0,0,0,209,59,25,8.0,29,74,0.223,3.23,3.0,0.0,2.0,0.0,299.0,19.0,35,2.0,2.0,4.0
anderia01,2020,1,ATL,NL,3,2,6,6,0,0,0,97,21,7,1.0,14,41,0.172,1.95,0.0,4.0,2.0,0.0,138.0,0.0,11,0.0,0.0,1.0
anderia01,2021,1,ATL,NL,9,5,24,24,0,0,0,385,105,51,16.0,53,124,0.221,3.58,2.0,7.0,1.0,0.0,535.0,0.0,51,5.0,1.0,11.0
anderia01,2022,1,ATL,NL,10,6,22,22,0,0,0,335,115,62,12.0,54,97,0.264,5.0,0.0,4.0,1.0,0.0,493.0,0.0,63,0.0,2.0,9.0
anderia01,2025,1,LAA,AL,0,1,7,0,0,0,0,28,17,12,2.0,7,8,0.386,11.57,1.0,2.0,0.0,0.0,51.0,4.0,13,0.0,0.0,0.0
anderju01,2024,1,CHA,AL,1,2,56,0,0,0,1,160,48,26,5.0,32,57,0.234,4.39,1.0,1.0,3.0,0.0,242.0,14.0,29,1.0,1.0,3.0
anderni01,2020,1,TBA,AL,2,1,19,0,0,0,6,49,5,1,1.0,3,26,0.091,0.55,0.0,0.0,0.0,0.0,58.0,9.0,2,0.0,0.0,0.0
anderni01,2021,1,TBA,AL,0,1,6,0,0,0,1,18,4,3,2.0,2,1,0.19,4.5,0.0,0.0,0.0,0.0,24.0,2.0,3,0.0,1.0,1.0
anderni01,2023,1,ATL,NL,4,0,35,0,0,0,1,106,30,12,3.0,9,36,0.229,3.06,0.0,1.0,0.0,0.0,141.0,3.0,14,0.0,1.0,2.0
anderni01,2024,1,KCA,AL,3,1,37,0,0,0,1,107,35,16,6.0,15,29,0.259,4.04,1.0,1.0,1.0,0.0,153.0,19.0,17,0.0,2.0,3.0
anderni01,2025,1,COL,NL,0,0,12,0,0,0,0,44,17,10,3.0,2,10,0.288,6.14,0.0,0.0,0.0,0.0,61.0,2.0,10,0.0,0.0,1.0
andersh01,2020,1,SFN,NL,0,0,18,0,0,0,0,46,10,6,3.0,12,18,0.182,3.52,0.0,2.0,0.0,0.0,67.0,4.0,6,0.0,0.0,1.0
andersh01,2021,1,MIN,AL,0,0,4,0,0,0,0,26,13,9,1.0,5,8,0.317,9.35,0.0,0.0,1.0,0.0,47.0,0.0,12,0.0,0.0,0.0
andersh01,2021,2,BAL,AL,0,0,7,0,0,0,0,30,17,10,3.0,5,7,0.347,9.0,0.0,3.0,1.0,0.0,55.0,5.0,15,0.0,0.0,0.0
andersh01,2021,3,SDN,NL,0,0,5,0,0,0,0,14,6,3,0.0,2,4,0.316,5.79,1.0,0.0,0.0,0.0,22.0,1.0,3,0.0,1.0,0.0
andersh01,2022,1,TOR,AL,0,0,1,0,0,0,0,3,4,2,0.0,0,0,0.667,18.0,0.0,0.0,0.0,0.0,7.0,1.0,2,0.0,1.0,0.0
andersh01,2024,1,TEX,AL,0,0,2,0,0,0,0,10,6,2,0.0,1,3,0.375,5.4,0.0,0.0,0.0,0.0,17.0,1.0,2,0.0,0.0,0.0
andersh01,2024,2,MIA,NL,0,2,4,2,0,0,0,39,28,13,3.0,0,7,0.424,9.0,0.0,2.0,1.0,0.0,68.0,2.0,17,0.0,1.0,1.0
andersh01,2025,1,LAA,AL,1,0,7,0,0,0,0,34,20,13,6.0,3,11,0.377,10.32,0.0,0.0,0.0,0.0,56.0,2.0,13,0.0,0.0,1.0
anderta01,2021,1,PIT,NL,0,0,1,0,0,0,0,15,5,2,0.0,0,1,0.263,3.6,0.0,0.0,0.0,0.0,19.0,0.0,2,0.0,0.0,1.0
anderty01,2020,1,SFN,NL,4,3,13,11,1,0,0,179,58,29,5.0,25,41,0.256,4.37,0.0,1.0,4.0,0.0,260.0,0.0,32,1.0,3.0,4.0
anderty01,2021,1,PIT,NL,5,8,18,18,0,0,0,310,99,50,16.0,25,86,0.251,4.35,0.0,0.0,1.0,0.0,430.0,0.0,52,6.0,4.0,6.0
anderty01,2021,2,SEA,AL,2,3,13,13,0,0,0,191,71,34,11.0,13,48,0.28,4.81,2.0,1.0,0.0,1.0,273.0,0.0,35,3.0,3.0,2.0
anderty01,2022,1,LAN,NL,15,5,30,28,0,0,0,536,145,51,14.0,34,138,0.221,2.57,0.0,6.0,9.0,0.0,707.0,0.0,57,3.0,4.0,17.0
anderty01,2023,1,LAA,AL,6,6,27,25,0,0,0,423,146,85,20.0,64,119,0.266,5.43,1.0,6.0,7.0,2.0,629.0,0.0,90,2.0,7.0,7.0
anderty01,2024,1,LAA,AL,10,15,31,31,0,0,0,538,158,76,24.0,73,142,0.232,3.81,2.0,3.0,7.0,1.0,765.0,0.0,83,0.0,4.0,6.0
anderty01,2025,1,LAA,AL,2,8,26,26,0,0,0,409,135,69,28.0,57,104,0.253,4.56,4.0,5.0,3.0,3.0,599.0,0.0,73,0.0,6.0,7.0
andrecl02,2023,1,MIL,NL,0,1,4,0,0,0,0,10,10,10,3.0,2,4,0.5,27.0,0.0,1.0,0.0,0.0,22.0,1.0,11,0.0,0.0,0.0
andrecl02,2024,1,NYA,AL,0,0,1,0,0,0,0,1,1,1,1.0,0,1,0.5,27.0,0.0,0.0,1.0,0.0,3.0,0.0,1,0.0,0.0,0.0
andrima01,2020,1,LAA,AL,2,4,16,1,0,0,2,96,21,16,5.0,11,33,0.184,4.5,0.0,0.0,1.0,0.0,126.0,3.0,17,0.0,0.0,5.0
andrima01,2021,1,BOS,AL,2,3,26,0,0,0,1,112,55,25,7.0,11,38,0.344,6.03,0.0,0.0,3.0,1.0,177.0,7.0,29,1.0,2.0,5.0
andrima01,2021,2,SEA,AL,0,0,8,0,0,0,0,33,10,3,0.0,2,12,0.244,2.45,0.0,0.0,1.0,0.0,45.0,6.0,6,0.0,1.0,2.0
andrima01,2024,1,MIA,NL,0,1,4,0,0,0,0,18,7,4,2.0,1,7,0.28,6.0,1.0,0.0,0.0,0.0,26.0,4.0,5,0.0,0.0,0.0
antonte01,2020,1,CIN,NL,0,3,13,4,0,0,0,106,20,11,4.0,16,45,0.165,2.8,0.0,2.0,2.0,0.0,141.0,1.0,11,0.0,2.0,4.0
antonte01,2021,1,CIN,NL,2,0,23,0,0,0,3,101,17,8,3.0,13,42,0.152,2.14,0.0,1.0,3.0,0.0,128.0,4.0,8,0.0,0.0,5.0
antonte01,2023,1,CIN,NL,0,0,5,1,0,0,0,17,3,1,0.0,2,7,0.158,1.59,0.0,0.0,0.0,0.0,21.0,0.0,1,0.0,0.0,1.0
antonte01,2024,1,CIN,NL,0,0,4,0,0,0,0,6,2,1,0.0,4,2,0.286,4.5,0.0,0.0,0.0,0.0,11.0,2.0,2,0.0,0.0,0.0
appelma01,2022,1,PHI,NL,0,0,6,0,0,0,0,31,9,2,0.0,3,5,0.243,1.74,0.0,0.0,0.0,0.0,40.0,3.0,2,0.0,0.0,2.0
aranovi01,2022,1,WAS,NL,1,1,43,0,0,0,1,126,47,21,5.0,12,44,0.278,4.5,0.0,6.0,4.0,0.0,187.0,7.0,30,1.0,1.0,5.0
arauzjo01,2021,1,BOS,AL,0,0,1,0,0,0,0,3,2,1,0.0,0,0,0.5,9.0,0.0,0.0,0.0,0.0,5.0,1.0,1,0.0,1.0,0.0
archech01,2021,1,TBA,AL,1,1,6,5,0,0,0,58,18,10,3.0,8,21,0.24,4.66,0.0,1.0,0.0,0.0,83.0,0.0,11,0.0,0.0,2.0
archech01,2022,1,MIN,AL,2,8,25,25,0,0,0,308,87,52,12.0,48,84,0.228,4.56,0.0,3.0,3.0,0.0,437.0,0.0,56,0.0,4.0,10.0
arciaor01,2020,1,MIL,NL,0,0,2,0,0,0,0,6,4,4,1.0,1,0,0.444,18.0,0.0,0.0,0.0,0.0,11.0,2.0,4,0.0,1.0,0.0
arciaor01,2022,1,ATL,NL,0,0,1,0,0,0,0,3,0,0,0.0,1,0,0.0,0.0,0.0,0.0,0.0,0.0,4.0,1.0,0,0.0,0.0,0.0
ariaslu01,2025,1,MIA,NL,0,0,7,0,0,0,0,31,17,13,2.0,5,10,0.362,11.32,0.0,1.0,2.0,0.0,55.0,5.0,13,0.0,1.0,0.0
arihako01,2021,1,TEX,AL,2,4,10,10,0,0,0,122,45,30,11.0,13,24,0.281,6.64,0.0,1.0,4.0,0.0,178.0,0.0,31,0.0,1.0,6.0
arihako01,2022,1,TEX,AL,1,3,5,4,0,0,0,60,36,21,4.0,11,14,0.387,9.45,0.0,0.0,3.0,0.0,108.0,0.0,22,1.0,0.0,3.0
armstsh01,2020,1,BAL,AL,2,0,14,0,0,0,0,45,9,3,1.0,3,14,0.17,1.8,0.0,2.0,1.0,0.0,57.0,2.0,6,0.0,0.0,3.0
armstsh01,2021,1,BAL,AL,0,0,20,0,0,0,0,60,28,19,5.0,10,22,0.318,8.55,0.0,0.0,1.0,0.0,100.0,8.0,20,0.0,1.0,0.0
armstsh01,2021,2,TBA,AL,1,0,11,0,0,0,0,48,11,8,5.0,5,22,0.186,4.5,0.0,0.0,1.0,0.0,65.0,3.0,8,0.0,0.0,0.0
armstsh01,2022,1,MIA,NL,0,0,7,0,0,0,0,20,10,8,1.0,3,5,0.333,10.8,0.0,1.0,0.0,0.0,34.0,1.0,10,0.0,1.0,0.0
armstsh01,2022,2,TBA,AL,2,3,43,3,0,0,2,165,56,22,6.0,14,61,0.264,3.6,2.0,2.0,4.0,0.0,235.0,18.0,22,1.0,4.0,3.0
armstsh01,2023,1,TBA,AL,1,0,39,6,0,0,0,156,36,8,2.0,11,54,0.188,1.38,0.0,0.0,4.0,0.0,207.0,5.0,12,0.0,1.0,2.0
armstsh01,2024,1,TBA,AL,2,2,38,7,0,0,1,140,56,28,5.0,19,50,0.292,5.4,0.0,1.0,2.0,1.0,214.0,4.0,30,0.0,1.0,2.0
armstsh01,2024,2,SLN,NL,1,0,11,0,0,0,0,38,11,4,1.0,2,12,0.234,2.84,0.0,0.0,0.0,0.0,49.0,3.0,4,0.0,0.0,0.0
armstsh01,2024,3,CHN,NL,0,1,8,0,0,0,0,22,10,4,0.0,4,4,0.37,4.91,0.0,0.0,0.0,0.0,32.0,2.0,4,1.0,0.0,3.0
armstsh01,2025,1,TEX,AL,4,3,71,2,0,0,9,222,40,19,5.0,20,74,0.157,2.31,0.0,3.0,6.0,0.0,284.0,22.0,21,0.0,4.0,4.0
arrieja01,2020,1,PHI,NL,4,4,9,9,0,0,0,133,51,25,6.0,16,32,0.298,5.08,0.0,4.0,1.0,0.0,190.0,0.0,25,0.0,2.0,9.0
arrieja01,2021,1,CHN,NL,5,11,20,20,0,0,0,259,113,66,21.0,39,74,0.315,6.88,3.0,3.0,4.0,0.0,409.0,0.0,75,2.0,5.0,9.0
arrieja01,2021,2,SDN,NL,0,3,4,4,0,0,0,37,18,15,3.0,5,9,0.353,10.95,0.0,0.0,2.0,0.0,60.0,0.0,16,1.0,1.0,0.0
arrigsp01,2024,1,HOU,AL,7,13,29,28,0,0,0,435,139,73,21.0,65,171,0.25,4.53,0.0,3.0,7.0,0.0,632.0,0.0,80,0.0,3.0,5.0
arrigsp01,2025,1,HOU,AL,1,5,7,7,0,0,0,106,30,21,6.0,20,31,0.229,5.35,0.0,0.0,3.0,0.0,156.0,0.0,21,0.0,2.0,2.0
arroych01,2021,1,BOS,AL,0,0,1,0,0,0,0,3,1,0,1.0,1,0,0.25,0.0,0.0,0.0,0.0,0.0,5.0,1.0,2,0.0,0.0,1.0
ashbyaa01,2021,1,MIL,NL,3,2,13,4,0,0,1,95,25,16,4.0,12,39,0.21,4.55,0.0,1.0,1.0,0.0,133.0,3.0,20,0.0,1.0,1.0
ashbyaa01,2022,1,MIL,NL,2,10,27,19,0,0,1,322,106,53,15.0,47,126,0.254,4.44,0.0,7.0,6.0,1.0,475.0,2.0,62,1.0,3.0,10.0
ashbyaa01,2024,1,MIL,NL,1,2,14,2,0,0,0,85,20,9,2.0,10,33,0.187,2.86,0.0,1.0,0.0,0.0,119.0,3.0,13,1.0,1.0,1.0
ashbyaa01,2025,1,MIL,NL,5,2,43,1,0,0,3,200,54,16,3.0,24,76,0.226,2.16,0.0,6.0,4.0,0.0,270.0,9.0,16,2.0,1.0,9.0
ashcrbr01,2025,1,PIT,NL,4,4,26,8,0,0,0,209,63,21,3.0,24,71,0.239,2.71,1.0,1.0,2.0,0.0,292.0,6.0,22,1.0,1.0,2.0
ashcrgr01,2022,1,CIN,NL,5,6,19,19,0,0,0,315,119,57,11.0,30,71,0.281,4.89,1.0,9.0,8.0,0.0,464.0,0.0,61,0.0,3.0,8.0
ashcrgr01,2023,1,CIN,NL,7,9,26,26,0,0,0,437,148,77,23.0,52,111,0.265,4.76,0.0,3.0,10.0,1.0,624.0,0.0,78,1.0,2.0,21.0
ashcrgr01,2024,1,CIN,NL,5,5,15,15,0,0,0,232,89,45,11.0,27,57,0.282,5.24,0.0,4.0,6.0,0.0,350.0,0.0,50,0.0,1.0,8.0
ashcrgr01,2025,1,CIN,NL,8,5,62,0,0,0,0,196,68,29,2.0,25,64,0.268,3.99,0.0,5.0,0.0,0.0,284.0,5.0,37,5.0,0.0,8.0
assadja01,2022,1,CHN,NL,2,2,9,8,0,0,0,113,35,13,4.0,20,30,0.24,3.11,0.0,1.0,0.0,0.0,166.0,0.0,14,0.0,0.0,1.0
assadja01,2023,1,CHN,NL,5,3,32,10,0,0,0,328,93,37,13.0,41,94,0.231,3.05,1.0,3.0,3.0,1.0,449.0,9.0,38,1.0,2.0,10.0
assadja01,2024,1,CHN,NL,7,6,29,29,0,0,0,441,143,61,20.0,63,124,0.254,3.73,0.0,5.0,5.0,0.0,638.0,0.0,64,3.0,4.0,10.0
assadja01,2025,1,CHN,NL,4,1,8,7,0,0,0,111,33,15,3.0,12,23,0.243,3.65,0.0,1.0,4.0,0.0,153.0,0.0,15,0.0,1.0,5.0
astudwi01,2021,1,MIN,AL,0,0,4,0,0,0,0,12,1,1,1.0,2,0,0.071,2.25,0.0,0.0,0.0,0.0,16.0,4.0,1,0.0,0.0,1.0
astudwi01,2022,1,MIA,NL,0,0,2,0,0,0,0,6,0,0,0.0,2,0,0.0,0.0,0.0,0.0,0.0,0.0,7.0,2.0,0,0.0,0.0,1.0
avilalu01,2020,1,NYA,AL,0,0,10,0,0,0,0,25,9,4,2.0,5,9,0.265,4.32,0.0,0.0,0.0,0.0,39.0,1.0,4,0.0,0.0,1.0
avilalu01,2021,1,WAS,NL,0,1,4,0,0,0,0,15,7,7,1.0,3,4,0.333,12.6,0.0,0.0,1.0,0.0,27.0,0.0,7,0.0,2.0,0.0
avilalu02,2025,1,KCA,AL,1,1,13,0,0,0,0,42,7,2,0.0,6,16,0.143,1.29,0.0,0.0,0.0,0.0,56.0,9.0,2,0.0,1.0,0.0
avilani01,2024,1,SFN,NL,1,0,8,0,0,0,0,35,17,11,2.0,3,14,0.34,8.49,0.0,0.0,0.0,0.0,55.0,4.0,12,0.0,2.0,0.0
avilape01,2021,1,SDN,NL,0,1,1,1,0,0,0,12,4,1,1.0,3,5,0.235,2.25,0.0,0.0,0.0,0.0,20.0,0.0,2,0.0,0.0,0.0
avilape01,2022,1,SDN,NL,0,0,2,0,0,0,0,12,3,2,1.0,1,5,0.188,4.5,0.0,1.0,1.0,0.0,18.0,1.0,3,0.0,0.0,0.0
avilape01,2023,1,SDN,NL,2,2,14,6,0,0,0,151,43,18,3.0,25,54,0.23,3.22,0.0,5.0,5.0,1.0,220.0,2.0,23,2.0,1.0,6.0
avilape01,2024,1,SDN,NL,1,0,4,0,0,0,0,24,5,8,1.0,6,9,0.192,9.0,0.0,3.0,1.0,0.0,35.0,2.0,8,1.0,1.0,1.0
avilape01,2024,2,CLE,AL,5,1,50,0,0,0,1,224,68,27,7.0,30,73,0.243,3.25,1.0,4.0,3.0,0.0,318.0,15.0,30,0.0,5.0,8.0
axforjo01,2021,1,MIL,NL,0,0,1,0,0,0,0,1,2,2,0.0,1,0,0.667,54.0,0.0,0.0,1.0,0.0,5.0,0.0,2,0.0,0.0,0.0
bachala01,2024,1,MIA,NL,0,1,10,0,0,0,0,28,10,4,2.0,4,11,0.278,3.86,0.0,0.0,0.0,0.0,40.0,0.0,5,0.0,0.0,2.0
bachala01,2025,1,MIA,NL,8,2,53,1,0,0,3,213,55,31,10.0,30,75,0.213,3.93,3.0,5.0,3.0,0.0,296.0,12.0,34,1.0,4.0,5.0
bachmsa01,2023,1,LAA,AL,1,2,11,0,0,0,1,51,17,6,0.0,11,14,0.262,3.18,1.0,3.0,1.0,0.0,77.0,4.0,7,0.0,0.0,4.0
bachmsa01,2025,1,LAA,AL,2,3,23,0,0,0,0,61,22,14,1.0,10,18,0.268,6.2,0.0,2.0,1.0,0.0,94.0,5.0,15,1.0,0.0,2.0
backhky01,2025,1,ARI,NL,0,3,32,0,0,0,2,76,28,13,3.0,8,22,0.283,4.62,0.0,1.0,3.0,0.0,115.0,10.0,14,3.0,2.0,3.0
bacusda01,2020,1,WAS,NL,0,0,11,0,0,0,0,34,14,10,1.0,9,7,0.298,7.94,0.0,0.0,0.0,0.0,57.0,3.0,10,0.0,1.0,1.0
baezmi01,2020,1,SDN,NL,0,0,3,1,0,0,0,14,7,4,0.0,2,7,0.333,7.71,0.0,0.0,0.0,1.0,23.0,1.0,4,0.0,0.0,0.0
baezmi01,2022,1,SDN,NL,0,0,2,0,0,0,0,6,1,0,0.0,0,2,0.143,0.0,0.0,1.0,0.0,0.0,7.0,2.0,0,0.0,0.0,0.0
baezpe01,2020,1,LAN,NL,0,0,18,0,0,0,2,51,10,6,2.0,7,13,0.159,3.18,0.0,0.0,0.0,0.0,70.0,2.0,8,0.0,0.0,0.0
baezpe01,2021,1,HOU,AL,0,0,4,0,0,0,0,13,2,1,1.0,1,5,0.143,2.08,0.0,1.0,0.0,0.0,15.0,3.0,1,0.0,0.0,1.0
baezpe01,2022,1,HOU,AL,0,0,3,0,0,0,0,7,5,3,0.0,3,2,0.417,11.57,0.0,0.0,0.0,1.0,16.0,1.0,6,0.0,1.0,0.0
bailebr01,2020,1,HOU,AL,0,0,5,0,0,0,0,22,6,2,1.0,3,4,0.231,2.45,0.0,1.0,1.0,0.0,30.0,1.0,2,0.0,0.0,0.0
baileho02,2020,1,MIN,AL,1,0,2,2,0,0,0,24,6,3,1.0,3,7,0.207,3.38,0.0,0.0,1.0,0.0,33.0,0.0,3,0.0,0.0,1.0
bakerbr01,2021,1,TOR,AL,0,0,1,0,0,0,0,3,1,0,0.0,0,1,0.25,0.0,0.0,2.0,0.0,0.0,4.0,0.0,0,0.0,0.0,0.0
bakerbr01,2022,1,BAL,AL,4,3,66,2,0,0,1,209,60,27,3.0,26,76,0.23,3.49,1.0,2.0,3.0,0.0,291.0,11.0,29,0.0,1.0,6.0
bakerbr01,2023,1,BAL,AL,4,3,46,0,0,0,0,135,33,18,4.0,24,51,0.21,3.6,2.0,3.0,1.0,0.0,186.0,2.0,19,1.0,3.0,2.0
bakerbr01,2024,1,BAL,AL,1,1,19,0,0,0,0,70,20,13,3.0,7,23,0.235,5.01,0.0,0.0,0.0,0.0,93.0,4.0,14,0.0,1.0,3.0
bakerbr01,2025,1,BAL,AL,3,2,42,0,0,0,2,115,33,15,8.0,9,49,0.232,3.52,0.0,1.0,0.0,0.0,151.0,7.0,17,0.0,0.0,4.0
bakerbr01,2025,2,TBA,AL,1,2,31,0,0,0,1,91,26,16,5.0,8,34,0.23,4.75,0.0,1.0,0.0,0.0,123.0,5.0,16,1.0,1.0,2.0
balazjo02,2023,1,MIN,AL,1,0,18,0,0,0,0,73,26,12,5.0,12,17,0.274,4.44,0.0,3.0,0.0,0.0,108.0,5.0,13,0.0,1.0,3.0
baldoal01,2021,1,WAS,NL,0,1,14,0,0,0,0,32,10,10,3.0,7,12,0.244,8.44,0.0,1.0,0.0,0.0,49.0,1.0,10,1.0,0.0,0.0
bandaan01,2020,1,TBA,AL,1,0,4,0,0,0,1,21,10,8,1.0,5,4,0.345,10.29,0.0,0.0,2.0,0.0,36.0,3.0,9,0.0,0.0,3.0
bandaan01,2021,1,NYN,NL,1,0,5,0,0,0,0,22,14,6,2.0,1,7,0.4,7.36,0.0,1.0,0.0,0.0,37.0,3.0,8,0.0,1.0,1.0
bandaan01,2021,2,PIT,NL,1,2,25,0,0,0,0,79,25,10,4.0,12,25,0.248,3.42,1.0,2.0,2.0,0.0,116.0,2.0,10,0.0,1.0,2.0
bandaan01,2022,1,PIT,NL,1,0,23,0,0,0,0,59,34,14,3.0,5,22,0.374,6.41,2.0,1.0,1.0,0.0,98.0,1.0,14,0.0,1.0,1.0
bandaan01,2022,2,TOR,AL,0,1,7,1,0,0,0,19,7,3,1.0,3,7,0.292,4.26,0.0,0.0,0.0,0.0,27.0,2.0,3,0.0,0.0,0.0
bandaan01,2022,3,NYA,AL,0,0,2,0,0,0,0,2,2,3,0.0,5,1,0.5,40.5,0.0,0.0,1.0,0.0,10.0,0.0,3,0.0,0.0,0.0
bandaan01,2023,1,WAS,NL,0,0,10,0,0,0,0,21,9,5,1.0,5,6,0.321,6.43,0.0,1.0,1.0,0.0,35.0,5.0,5,0.0,1.0,0.0
bandaan01,2024,1,LAN,NL,3,2,48,2,0,0,2,149,44,17,5.0,18,50,0.238,3.08,6.0,1.0,2.0,0.0,209.0,9.0,19,2.0,2.0,1.0
bandaan01,2025,1,LAN,NL,5,1,71,1,0,0,0,195,45,23,8.0,34,61,0.197,3.18,6.0,7.0,2.0,0.0,268.0,15.0,23,0.0,3.0,3.0
banksta01,2022,1,CHA,AL,2,0,35,0,0,0,0,159,42,18,5.0,18,49,0.213,3.06,0.0,2.0,1.0,0.0,217.0,15.0,25,0.0,1.0,3.0
banksta01,2023,1,CHA,AL,1,4,32,3,0,0,1,183,59,30,10.0,16,51,0.254,4.43,1.0,1.0,4.0,0.0,255.0,9.0,32,0.0,3.0,6.0
banksta01,2024,1,CHA,AL,2,2,41,1,0,0,2,144,47,22,5.0,15,55,0.257,4.13,2.0,0.0,2.0,0.0,205.0,8.0,30,1.0,4.0,3.0
banksta01,2024,2,PHI,NL,0,1,22,1,0,0,0,73,22,10,1.0,10,23,0.234,3.7,0.0,0.0,1.0,0.0,106.0,8.0,11,0.0,1.0,0.0
banksta01,2025,1,PHI,NL,6,2,69,1,0,0,1,202,56,23,9.0,12,61,0.224,3.07,1.0,2.0,1.0,0.0,267.0,10.0,24,3.0,1.0,3.0
banuema01,2022,1,NYA,AL,0,0,4,0,0,0,1,25,7,2,0.0,3,8,0.219,2.16,0.0,0.0,0.0,0.0,35.0,3.0,2,0.0,0.0,0.0
banuema01,2022,2,PIT,NL,2,1,31,0,0,0,0,98,25,18,2.0,18,34,0.214,4.96,1.0,0.0,3.0,0.0,140.0,4.0,21,1.0,1.0,5.0
baragca01,2020,1,SFN,NL,5,1,24,1,0,0,0,67,17,10,3.0,5,19,0.21,4.03,0.0,1.0,1.0,0.0,88.0,2.0,10,0.0,1.0,1.0
baragca01,2021,1,SFN,NL,2,1,25,0,0,0,2,69,19,4,1.0,12,16,0.235,1.57,2.0,0.0,3.0,0.0,98.0,5.0,7,0.0,2.0,2.0
barcohu01,2025,1,PIT,NL,1,0,2,0,0,0,0,9,3,0,0.0,0,3,0.25,0.0,0.0,0.0,0.0,0.0,12.0,0.0,0,0.0,0.0,0.0
bardda01,2020,1,COL,NL,4,2,23,0,0,0,6,74,22,10,2.0,10,27,0.237,3.65,2.0,1.0,3.0,0.0,106.0,10.0,10,0.0,0.0,3.0
bardda01,2021,1,COL,NL,7,8,67,0,0,0,20,197,69,38,8.0,36,80,0.265,5.21,1.0,4.0,7.0,0.0,304.0,44.0,41,1.0,0.0,3.0
bardda01,2022,1,COL,NL,6,4,57,0,0,0,34,181,35,12,3.0,25,69,0.162,1.79,1.0,3.0,3.0,0.0,245.0,48.0,15,0.0,1.0,1.0
bardda01,2023,1,COL,NL,4,2,50,0,0,0,1,148,35,25,5.0,49,47,0.206,4.56,3.0,2.0,8.0,1.0,232.0,11.0,30,0.0,5.0,5.0
bardlu01,2020,1,LAA,AL,0,0,6,0,0,0,0,16,7,4,2.0,0,7,0.304,6.75,0.0,0.0,0.0,1.0,23.0,3.0,4,0.0,0.0,0.0
bardlu01,2022,1,TBA,AL,1,1,8,0,0,0,0,42,7,3,0.0,7,8,0.152,1.93,0.0,0.0,2.0,1.0,56.0,4.0,3,1.0,0.0,0.0
bardlu01,2022,2,NYA,AL,0,0,1,0,0,0,0,3,0,0,0.0,0,0,0.0,0.0,0.0,0.0,0.0,0.0,3.0,1.0,0,0.0,0.0,0.0
barkelu01,2022,1,MIL,NL,0,0,3,0,0,0,0,12,7,5,2.0,0,3,0.368,11.25,0.0,1.0,0.0,0.0,19.0,2.0,5,0.0,0.0,0.0
barlojo01,2021,1,TEX,AL,0,2,31,0,0,0,11,87,12,5,2.0,12,27,0.124,1.55,0.0,1.0,0.0,0.0,111.0,18.0,9,0.0,2.0,2.0
barlojo01,2022,1,TEX,AL,3,1,35,0,0,0,13,105,27,15,5.0,13,28,0.213,3.86,0.0,0.0,4.0,0.0,146.0,26.0,18,0.0,2.0,2.0
barlojo01,2023,1,TEX,AL,1,1,13,0,0,0,0,29,13,5,2.0,2,6,0.31,4.66,0.0,0.0,0.0,0.0,44.0,4.0,5,0.0,0.0,0.0
barlosc01,2020,1,KCA,AL,2,1,32,0,0,0,2,90,27,14,4.0,9,39,0.239,4.2,2.0,2.0,2.0,0.0,125.0,7.0,14,0.0,1.0,2.0
barlosc01,2021,1,KCA,AL,5,3,71,0,0,0,16,223,61,20,4.0,28,91,0.223,2.42,2.0,4.0,2.0,0.0,306.0,28.0,20,0.0,2.0,4.0
barlosc01,2022,1,KCA,AL,7,4,69,0,0,0,24,223,52,18,9.0,22,77,0.198,2.18,1.0,5.0,3.0,0.0,290.0,47.0,23,0.0,3.0,10.0
barlosc01,2023,1,KCA,AL,2,4,38,0,0,0,13,116,38,23,3.0,22,47,0.255,5.35,1.0,3.0,1.0,0.0,176.0,31.0,26,2.0,2.0,1.0
barlosc01,2023,2,SDN,NL,0,2,25,0,0,0,0,88,23,10,1.0,12,32,0.223,3.07,2.0,0.0,4.0,0.0,123.0,1.0,13,0.0,4.0,4.0
barlosc01,2024,1,CLE,AL,3,3,63,0,0,0,2,165,44,26,6.0,31,68,0.216,4.25,1.0,2.0,4.0,0.0,241.0,15.0,27,0.0,2.0,2.0
barlosc01,2025,1,CIN,NL,6,3,75,1,0,0,1,205,50,32,8.0,45,75,0.2,4.21,3.0,2.0,6.0,0.0,303.0,8.0,35,0.0,2.0,3.0
barnech01,2021,1,MIN,AL,0,3,9,8,0,0,0,114,46,25,4.0,16,20,0.303,5.92,0.0,0.0,4.0,0.0,175.0,1.0,27,2.0,1.0,5.0
barneja01,2020,1,LAA,AL,0,2,18,0,0,0,0,54,19,11,1.0,4,24,0.275,5.5,0.0,0.0,2.0,0.0,78.0,5.0,13,1.0,2.0,1.0
barneja01,2021,1,NYN,NL,1,1,19,0,0,0,2,56,19,13,6.0,5,18,0.26,6.27,0.0,0.0,0.0,0.0,79.0,6.0,13,1.0,0.0,1.0
barneja01,2021,2,TOR,AL,0,1,10,0,0,0,0,30,12,7,1.0,6,15,0.286,6.3,0.0,0.0,1.0,0.0,49.0,1.0,7,0.0,0.0,0.0
barneja01,2022,1,DET,AL,3,1,22,0,0,0,0,62,21,14,3.0,9,10,0.269,6.1,0.0,1.0,1.0,0.0,89.0,2.0,14,1.0,0.0,4.0
barneja01,2022,2,NYA,AL,0,0,1,0,0,0,0,5,2,0,0.0,0,2,0.286,0.0,0.0,0.0,1.0,0.0,8.0,1.0,0,0.0,0.0,0.0
barneja01,2023,1,SLN,NL,0,1,13,0,0,0,0,41,18,9,1.0,3,8,0.316,5.93,0.0,0.0,1.0,0.0,61.0,5.0,11,0.0,0.0,1.0
barneja01,2024,1,WAS,NL,8,3,63,0,0,0,0,198,67,32,10.0,20,55,0.266,4.36,2.0,3.0,0.0,0.0,277.0,5.0,36,0.0,5.0,12.0
barneja01,2025,1,TOR,AL,0,1,6,0,0,0,0,24,10,8,1.0,3,5,0.323,9.0,0.0,0.0,0.0,0.0,36.0,2.0,9,0.0,2.0,1.0
barnema01,2020,1,BOS,AL,1,3,24,0,0,0,9,69,18,11,4.0,14,31,0.214,4.3,1.0,4.0,2.0,0.0,102.0,14.0,13,1.0,1.0,4.0
barnema01,2021,1,BOS,AL,6,5,60,0,0,0,24,164,41,23,8.0,20,84,0.206,3.79,2.0,3.0,2.0,0.0,222.0,44.0,25,0.0,1.0,5.0
barnema01,2022,1,BOS,AL,0,4,44,0,0,0,8,119,36,19,2.0,21,34,0.24,4.31,1.0,4.0,3.0,0.0,176.0,16.0,22,1.0,1.0,4.0
barnema01,2023,1,MIA,NL,1,0,24,1,0,0,0,64,25,13,2.0,10,20,0.284,5.48,1.0,2.0,1.0,1.0,99.0,3.0,13,0.0,0.0,2.0
barnema01,2024,1,WAS,NL,0,0,14,0,0,0,0,40,16,10,1.0,4,10,0.286,6.75,0.0,2.0,0.0,1.0,60.0,8.0,11,0.0,0.0,0.0
barnema02,2025,1,ATH,AL,1,1,5,5,0,0,0,67,26,17,3.0,11,18,0.286,6.85,0.0,2.0,1.0,0.0,104.0,0.0,18,0.0,1.0,2.0
barnhtu01,2022,1,DET,AL,0,0,1,0,0,0,0,3,3,1,0.0,0,0,0.6,9.0,0.0,0.0,0.0,0.0,5.0,1.0,1,0.0,0.0,1.0
barnhtu01,2023,1,CHN,NL,0,0,4,0,0,0,0,12,7,1,0.0,0,0,0.368,2.25,0.0,0.0,0.0,0.0,19.0,4.0,1,0.0,0.0,0.0
barnhtu01,2024,1,ARI,NL,0,0,1,0,0,0,0,3,4,2,1.0,0,0,0.571,18.0,0.0,0.0,0.0,0.0,7.0,1.0,2,0.0,0.0,0.0
barnhtu01,2025,1,TEX,AL,0,0,1,0,0,0,0,6,5,3,0.0,0,0,0.5,13.5,0.0,0.0,1.0,0.0,11.0,1.0,3,0.0,0.0,1.0
barraky01,2021,1,MIN,AL,2,0,10,0,0,0,0,39,12,8,4.0,8,18,0.245,5.54,0.0,0.0,2.0,0.0,60.0,2.0,8,0.0,1.0,1.0
barraky01,2022,1,LAA,AL,0,1,8,0,0,0,0,27,7,3,0.0,4,9,0.219,3.0,0.0,2.0,0.0,0.0,37.0,3.0,3,0.0,1.0,0.0
barraky01,2023,1,BOS,AL,1,1,3,0,0,0,0,23,14,11,3.0,6,4,0.4,12.91,0.0,0.0,4.0,0.0,46.0,2.0,11,0.0,1.0,0.0
barreaa01,2020,1,WAS,NL,0,0,2,0,0,0,0,5,2,2,0.0,2,1,0.333,10.8,1.0,0.0,1.0,0.0,9.0,0.0,2,0.0,0.0,1.0
barrema03,2021,1,BAL,AL,1,0,3,0,0,0,0,8,4,4,2.0,2,2,0.333,13.5,0.0,0.0,0.0,0.0,14.0,2.0,4,0.0,0.0,0.0
barrija01,2020,1,LAA,AL,1,0,7,5,0,0,0,97,27,13,3.0,9,27,0.223,3.62,1.0,0.0,1.0,0.0,132.0,2.0,13,0.0,1.0,0.0
barrija01,2021,1,LAA,AL,2,4,13,11,0,0,0,170,70,29,8.0,19,35,0.307,4.61,0.0,0.0,2.0,0.0,250.0,0.0,29,0.0,1.0,11.0
barrija01,2022,1,LAA,AL,3,3,35,1,0,0,0,238,63,23,11.0,19,54,0.217,2.61,0.0,3.0,3.0,0.0,316.0,21.0,29,3.0,1.0,10.0
barrija01,2023,1,LAA,AL,2,6,34,6,0,0,0,247,91,52,20.0,30,62,0.277,5.68,6.0,4.0,2.0,1.0,362.0,17.0,63,0.0,2.0,7.0
bashlty01,2020,1,PIT,NL,0,0,8,0,0,0,0,25,9,8,2.0,4,6,0.281,8.64,0.0,1.0,2.0,0.0,38.0,3.0,8,0.0,0.0,2.0
bassan01,2020,1,TOR,AL,2,3,26,0,0,0,7,77,17,10,2.0,9,21,0.189,3.51,2.0,0.0,0.0,0.0,100.0,14.0,13,1.0,0.0,1.0
bassan01,2021,1,MIA,NL,3,9,70,1,0,0,0,184,55,26,11.0,24,58,0.241,3.82,6.0,0.0,3.0,0.0,260.0,12.0,33,2.0,3.0,3.0
bassan01,2022,1,MIA,NL,2,3,45,0,0,0,0,134,32,7,1.0,10,45,0.198,1.41,0.0,1.0,0.0,0.0,173.0,7.0,10,0.0,1.0,2.0
bassan01,2022,2,TOR,AL,2,0,28,0,0,0,0,77,19,5,5.0,10,28,0.207,1.75,1.0,1.0,0.0,0.0,102.0,5.0,5,0.0,0.0,3.0
bassan01,2023,1,TOR,AL,0,0,22,0,0,0,0,60,19,11,3.0,9,19,0.247,4.95,2.0,1.0,0.0,0.0,88.0,7.0,12,0.0,2.0,1.0
bassich01,2020,1,OAK,AL,5,2,11,11,0,0,0,189,56,16,6.0,17,55,0.233,2.29,0.0,2.0,2.0,0.0,261.0,0.0,18,1.0,1.0,4.0
bassich01,2021,1,OAK,AL,12,4,27,27,1,1,0,472,127,55,15.0,39,159,0.218,3.15,1.0,5.0,11.0,1.0,637.0,0.0,55,0.0,4.0,8.0
bassich01,2022,1,NYN,NL,15,9,30,30,0,0,0,545,159,69,19.0,49,167,0.234,3.42,0.0,5.0,13.0,1.0,745.0,0.0,71,0.0,2.0,22.0
bassich01,2023,1,TOR,AL,16,8,33,33,1,1,0,600,176,80,28.0,59,186,0.235,3.6,2.0,4.0,12.0,3.0,826.0,0.0,88,1.0,5.0,14.0
bassich01,2024,1,TOR,AL,10,14,31,31,0,0,0,513,180,79,18.0,70,168,0.27,4.16,2.0,2.0,16.0,2.0,758.0,0.0,91,2.0,3.0,14.0
bassich01,2025,1,TOR,AL,11,9,32,31,1,0,0,511,174,75,22.0,52,166,0.261,3.96,0.0,4.0,13.0,3.0,736.0,0.0,80,1.0,3.0,15.0
bassobr01,2024,1,OAK,AL,1,1,7,4,0,0,0,67,23,10,3.0,5,19,0.264,4.03,0.0,1.0,0.0,0.0,93.0,2.0,10,0.0,1.0,1.0
bassobr01,2025,1,ATH,AL,1,1,11,1,0,0,0,35,12,3,0.0,9,8,0.255,2.31,1.0,0.0,0.0,0.0,56.0,4.0,4,0.0,0.0,2.0
battema01,2022,1,SDN,NL,0,0,2,0,0,0,0,6,2,1,1.0,0,1,0.25,4.5,0.0,0.0,0.0,0.0,8.0,2.0,1,0.0,0.0,0.0
battepe01,2023,1,CLE,AL,0,5,7,6,0,0,0,104,34,20,7.0,12,27,0.256,5.19,0.0,1.0,0.0,0.0,146.0,1.0,22,0.0,1.0,4.0
bauerja01,2024,1,MIL,NL,0,0,4,0,0,0,0,12,5,2,0.0,4,1,0.313,4.5,0.0,0.0,0.0,0.0,20.0,4.0,2,0.0,0.0,1.0
bauerja01,2025,1,MIL,NL,0,0,5,0,0,0,0,15,8,2,0.0,3,1,0.348,3.6,0.0,0.0,2.0,0.0,29.0,5.0,4,0.0,1.0,0.0
bauertr01,2020,1,CIN,NL,5,4,11,11,2,2,0,219,41,14,9.0,17,100,0.159,1.73,1.0,3.0,3.0,0.0,278.0,0.0,17,0.0,0.0,3.0
bauertr01,2021,1,LAN,NL,8,5,17,17,1,0,0,323,71,31,19.0,37,137,0.182,2.59,1.0,3.0,3.0,0.0,432.0,0.0,36,2.0,0.0,3.0
baumami01,2021,1,BAL,AL,1,1,4,0,0,0,0,30,13,11,2.0,6,5,0.302,9.9,0.0,0.0,1.0,0.0,50.0,0.0,12,0.0,0.0,0.0
baumami01,2022,1,BAL,AL,1,3,13,4,0,0,0,103,43,18,3.0,9,23,0.314,4.72,0.0,1.0,2.0,0.0,149.0,2.0,19,0.0,1.0,5.0
baumami01,2023,1,BAL,AL,10,1,60,0,0,0,0,194,52,27,7.0,33,61,0.221,3.76,2.0,7.0,2.0,0.0,273.0,15.0,29,1.0,2.0,7.0
baumami01,2024,1,BAL,AL,1,0,17,0,0,0,0,55,18,7,2.0,9,16,0.25,3.44,0.0,1.0,1.0,0.0,82.0,6.0,9,0.0,0.0,2.0
baumami01,2024,2,SEA,AL,2,0,18,0,0,0,0,49,13,10,4.0,8,16,0.213,5.51,0.0,3.0,1.0,0.0,72.0,5.0,11,0.0,2.0,0.0
baumami01,2024,3,SFN,NL,0,0,1,0,0,0,0,2,3,2,0.0,0,1,0.6,27.0,0.0,0.0,0.0,0.0,5.0,0.0,2,0.0,0.0,0.0
baumami01,2024,4,LAA,AL,0,0,10,0,0,0,0,28,14,7,2.0,4,7,0.341,6.75,1.0,1.0,1.0,0.0,46.0,2.0,8,0.0,0.0,1.0
baumami01,2024,5,MIA,NL,0,1,11,0,0,0,0,41,11,10,1.0,7,18,0.224,6.59,0.0,1.0,1.0,0.0,59.0,2.0,10,0.0,2.0,0.0
bautife01,2022,1,BAL,AL,4,4,65,0,0,0,15,197,38,16,7.0,23,88,0.167,2.19,1.0,2.0,1.0,0.0,253.0,30.0,18,0.0,2.0,5.0
bautife01,2023,1,BAL,AL,8,2,56,0,0,0,33,183,30,10,4.0,26,110,0.144,1.48,0.0,7.0,2.0,0.0,237.0,46.0,14,0.0,0.0,3.0
bautife01,2025,1,BAL,AL,1,1,35,0,0,0,19,104,16,10,3.0,23,50,0.134,2.6,0.0,1.0,0.0,0.0,142.0,28.0,10,0.0,0.0,0.0
bazared01,2021,1,BOS,AL,0,0,2,0,0,0,0,9,1,0,0.0,2,3,0.1,0.0,0.0,0.0,0.0,0.0,12.0,1.0,0,0.0,0.0,0.0
bazared01,2022,1,BOS,AL,1,0,12,0,0,0,0,49,12,5,4.0,4,11,0.203,2.76,0.0,1.0,2.0,0.0,65.0,4.0,5,0.0,0.0,0.0
bazared01,2023,1,BAL,AL,0,0,3,0,0,0,0,7,6,4,0.0,0,1,0.462,15.43,0.0,0.0,0.0,0.0,13.0,2.0,4,0.0,0.0,0.0
bazared01,2023,2,SEA,AL,0,0,9,0,0,0,0,41,9,4,2.0,4,14,0.18,2.63,0.0,0.0,0.0,0.0,54.0,2.0,4,0.0,0.0,0.0
bazared01,2024,1,SEA,AL,2,0,23,0,0,0,0,83,20,15,2.0,9,33,0.204,4.88,0.0,3.0,0.0,0.0,108.0,15.0,15,1.0,0.0,2.0
bazared01,2025,1,SEA,AL,5,0,73,0,0,0,0,236,53,22,9.0,27,82,0.189,2.52,2.0,2.0,2.0,0.0,313.0,18.0,23,0.0,4.0,5.0
bazsh01,2021,1,TBA,AL,2,0,3,3,0,0,0,40,6,3,3.0,3,18,0.13,2.03,0.0,1.0,0.0,0.0,49.0,0.0,3,0.0,0.0,0.0
bazsh01,2022,1,TBA,AL,1,2,6,6,0,0,0,81,27,15,5.0,9,30,0.252,5.0,0.0,2.0,1.0,0.0,117.0,0.0,15,0.0,0.0,2.0
bazsh01,2024,1,TBA,AL,4,3,14,14,0,0,0,238,57,27,9.0,27,69,0.2,3.06,0.0,2.0,4.0,0.0,319.0,0.0,28,0.0,3.0,6.0
bazsh01,2025,1,TBA,AL,10,12,31,31,0,0,0,499,158,90,26.0,64,176,0.25,4.87,0.0,3.0,9.0,0.0,711.0,0.0,91,1.0,4.0,19.0
beaslje01,2020,1,ARI,NL,0,0,1,0,0,0,0,1,2,0,0.0,0,1,0.667,0.0,0.0,0.0,0.0,0.0,3.0,1.0,0,0.0,0.0,0.0
beaslje01,2021,1,TOR,AL,0,1,8,0,0,0,0,28,7,8,3.0,9,13,0.2,7.71,2.0,2.0,2.0,0.0,47.0,6.0,9,0.0,1.0,0.0
beaslje01,2022,1,TOR,AL,0,0,9,0,0,0,0,45,14,8,4.0,5,19,0.25,4.8,0.0,0.0,2.0,0.0,64.0,5.0,9,0.0,1.0,0.0
beatyma01,2023,1,SFN,NL,0,0,1,0,0,0,0,3,3,3,0.0,1,1,0.5,27.0,0.0,0.0,0.0,0.0,7.0,1.0,3,0.0,0.0,0.0
becktr01,2023,1,SFN,NL,3,3,33,3,0,0,2,255,83,37,10.0,21,68,0.252,3.92,2.0,3.0,2.0,0.0,354.0,13.0,40,1.0,0.0,10.0
becktr01,2024,1,SFN,NL,0,0,7,1,0,0,0,48,14,3,2.0,4,14,0.23,1.69,0.0,0.0,1.0,0.0,67.0,2.0,3,0.0,1.0,0.0
becktr01,2025,1,SFN,NL,1,0,31,1,0,0,2,170,47,29,7.0,16,41,0.223,4.61,0.0,3.0,2.0,0.0,232.0,9.0,29,0.0,3.0,4.0
bednada01,2020,1,SDN,NL,0,0,4,0,0,0,0,19,11,5,1.0,2,5,0.367,7.11,0.0,0.0,0.0,0.0,32.0,3.0,6,0.0,0.0,0.0
bednada01,2021,1,PIT,NL,3,1,61,0,0,0,3,182,40,15,5.0,19,77,0.185,2.23,2.0,1.0,1.0,0.0,237.0,24.0,15,0.0,1.0,1.0
bednada01,2022,1,PIT,NL,3,4,45,0,0,0,19,155,42,15,4.0,16,69,0.218,2.61,2.0,2.0,1.0,1.0,210.0,34.0,19,0.0,0.0,2.0
bednada01,2023,1,PIT,NL,3,3,66,0,0,0,39,202,53,15,3.0,21,80,0.215,2.0,4.0,2.0,3.0,0.0,277.0,57.0,22,3.0,3.0,5.0
bednada01,2024,1,PIT,NL,3,8,62,0,0,0,23,173,54,37,9.0,28,58,0.237,5.77,3.0,2.0,3.0,0.0,262.0,45.0,40,1.0,2.0,1.0
bednada01,2025,1,PIT,NL,2,5,42,0,0,0,17,114,32,10,2.0,10,51,0.225,2.37,2.0,3.0,1.0,0.0,154.0,34.0,12,0.0,1.0,3.0
bednada01,2025,2,NYA,AL,4,0,22,0,0,0,10,74,14,6,2.0,9,35,0.159,2.19,0.0,1.0,0.0,0.0,97.0,17.0,6,0.0,0.0,0.0
bedroca01,2020,1,LAA,AL,0,0,11,0,0,0,0,44,10,4,0.0,6,11,0.196,2.45,0.0,1.0,0.0,0.0,58.0,3.0,4,0.0,1.0,0.0
bedroca01,2021,1,CIN,NL,0,0,6,0,0,0,0,17,10,7,2.0,6,7,0.4,11.12,0.0,0.0,0.0,0.0,33.0,2.0,7,0.0,2.0,1.0
bedroca01,2021,2,OAK,AL,0,0,9,0,0,0,0,27,9,2,2.0,4,8,0.265,2.0,0.0,0.0,0.0,0.0,38.0,4.0,2,0.0,0.0,2.0
bedroca01,2021,3,PHI,NL,0,0,11,1,0,0,0,31,8,5,2.0,7,8,0.211,4.35,0.0,0.0,0.0,0.0,45.0,2.0,5,0.0,0.0,0.0
beedety01,2021,1,SFN,NL,0,0,1,0,0,0,0,3,2,3,0.0,0,2,0.4,27.0,0.0,1.0,1.0,0.0,6.0,0.0,3,0.0,0.0,0.0
beedety01,2022,1,SFN,NL,0,0,6,0,0,0,0,29,14,5,1.0,6,4,0.333,4.66,0.0,1.0,0.0,0.0,48.0,3.0,5,0.0,0.0,1.0
beedety01,2022,2,PIT,NL,2,5,25,5,0,0,0,155,57,30,6.0,23,35,0.274,5.23,2.0,4.0,5.0,0.0,237.0,3.0,32,0.0,1.0,3.0
beedety01,2024,1,CLE,AL,1,0,13,0,0,0,0,42,16,13,2.0,9,18,0.296,8.36,1.0,0.0,3.0,1.0,68.0,3.0,14,1.0,1.0,1.0
beeksja01,2020,1,TBA,AL,1,1,12,0,0,0,1,58,21,7,1.0,4,26,0.276,3.26,0.0,2.0,0.0,0.0,81.0,3.0,9,1.0,0.0,3.0
beeksja01,2022,1,TBA,AL,2,3,42,7,0,0,2,183,49,19,7.0,22,70,0.219,2.8,0.0,3.0,2.0,0.0,250.0,8.0,22,1.0,1.0,5.0
beeksja01,2023,1,TBA,AL,2,3,30,8,0,0,1,127,42,28,4.0,21,47,0.251,5.95,0.0,3.0,1.0,0.0,192.0,7.0,28,1.0,2.0,2.0
beeksja01,2024,1,COL,NL,6,4,45,0,0,0,9,148,49,26,6.0,18,38,0.261,4.74,1.0,5.0,1.0,0.0,211.0,21.0,29,2.0,2.0,6.0
beeksja01,2024,2,PIT,NL,1,0,26,0,0,0,1,62,28,9,0.0,9,17,0.318,3.92,1.0,2.0,2.0,0.0,101.0,6.0,13,1.0,1.0,1.0
beeksja01,2025,1,ARI,NL,5,3,61,2,0,0,1,172,42,24,6.0,20,47,0.202,3.77,2.0,1.0,2.0,0.0,231.0,10.0,26,0.0,1.0,3.0
beetecl01,2024,1,NYA,AL,0,0,3,0,0,0,0,11,4,2,0.0,1,5,0.286,4.91,0.0,0.0,0.0,0.0,15.0,1.0,2,0.0,0.0,0.0
beetecl01,2025,1,NYA,AL,0,1,2,0,0,0,0,11,5,6,2.0,4,1,0.333,14.73,0.0,0.0,0.0,0.0,20.0,0.0,6,1.0,0.0,0.0
beetecl01,2025,2,WAS,NL,0,2,24,0,0,0,1,65,8,6,1.0,14,32,0.116,2.49,0.0,1.0,0.0,0.0,84.0,4.0,6,0.0,1.0,1.0
bellaan01,2021,1,MIA,NL,0,0,3,0,0,0,0,10,6,5,0.0,2,4,0.353,13.5,0.0,0.0,0.0,0.0,19.0,0.0,5,0.0,0.0,1.0
bellaan01,2022,1,PHI,NL,4,4,59,1,0,0,2,163,47,20,5.0,25,78,0.234,3.31,1.0,1.0,1.0,0.0,230.0,16.0,25,0.0,3.0,0.0
bellaan01,2023,1,PHI,NL,1,0,27,0,0,0,0,74,25,14,4.0,12,25,0.25,5.11,0.0,0.0,0.0,0.0,113.0,4.0,15,0.0,1.0,0.0
bellobr01,2022,1,BOS,AL,2,8,13,11,1,0,0,172,75,30,1.0,27,55,0.315,4.71,1.0,2.0,2.0,0.0,268.0,0.0,34,0.0,1.0,9.0
bellobr01,2023,1,BOS,AL,12,11,28,28,0,0,0,471,165,74,24.0,45,132,0.27,4.24,0.0,1.0,6.0,0.0,668.0,0.0,77,1.0,5.0,23.0
bellobr01,2024,1,BOS,AL,14,8,30,30,0,0,0,487,157,81,19.0,64,153,0.252,4.49,0.0,6.0,11.0,1.0,702.0,0.0,84,0.0,5.0,15.0
bellobr01,2025,1,BOS,AL,11,9,29,28,1,0,0,500,147,62,16.0,59,124,0.237,3.35,0.0,5.0,13.0,0.0,700.0,0.0,71,2.0,6.0,17.0
bellova01,2024,1,MIA,NL,3,4,13,13,0,0,0,206,69,28,15.0,21,44,0.256,3.67,1.0,0.0,2.0,0.0,295.0,0.0,31,0.0,2.0,1.0
bellova01,2025,1,MIA,NL,1,4,32,6,0,0,0,244,85,42,15.0,23,54,0.268,4.65,0.0,0.0,4.0,1.0,348.0,12.0,44,1.0,3.0,5.0
bemboan01,2020,1,LAA,AL,0,0,1,0,0,0,0,3,0,0,0.0,1,0,0.0,0.0,0.0,0.0,0.0,0.0,4.0,1.0,0,0.0,0.0,0.0
bemboan01,2021,1,LAA,AL,0,0,1,0,0,0,0,3,3,2,1.0,0,0,0.429,18.0,0.0,0.0,0.0,0.0,7.0,1.0,2,0.0,0.0,0.0
bendean01,2021,1,MIA,NL,3,2,60,1,0,0,3,184,45,19,5.0,20,71,0.207,2.79,3.0,4.0,6.0,0.0,247.0,13.0,22,0.0,4.0,10.0
bendean01,2022,1,MIA,NL,1,3,22,0,0,0,6,58,17,7,3.0,8,17,0.25,3.26,0.0,1.0,1.0,0.0,78.0,11.0,7,0.0,1.0,5.0
bendean01,2024,1,MIA,NL,5,2,59,0,0,0,1,159,50,24,3.0,18,59,0.245,4.08,1.0,2.0,4.0,0.0,228.0,10.0,25,1.0,1.0,5.0
bendean01,2025,1,MIA,NL,3,5,51,0,0,0,4,150,32,12,3.0,21,42,0.177,2.16,2.0,1.0,2.0,0.0,204.0,12.0,13,0.0,0.0,2.0
benjawe01,2020,1,TEX,AL,2,1,8,1,0,0,0,67,24,12,4.0,7,21,0.264,4.84,0.0,0.0,0.0,0.0,98.0,0.0,12,0.0,0.0,1.0
benjawe01,2021,1,TEX,AL,0,2,13,2,0,0,0,68,29,22,6.0,17,19,0.309,8.74,0.0,1.0,0.0,0.0,112.0,4.0,23,0.0,1.0,2.0
bergery01,2025,1,SDN,NL,1,0,11,7,0,0,0,107,24,11,4.0,18,34,0.186,2.78,0.0,1.0,1.0,0.0,149.0,2.0,11,1.0,0.0,1.0
bergery01,2025,2,KCA,AL,1,2,8,8,0,0,0,122,37,20,4.0,17,39,0.239,4.43,1.0,1.0,0.0,0.0,174.0,0.0,21,1.0,1.0,1.0
bergetr01,2020,1,TOR,AL,0,0,1,0,0,0,0,5,1,0,0.0,1,3,0.2,0.0,0.0,0.0,0.0,0.0,6.0,0.0,0,0.0,0.0,0.0
bergetr01,2020,2,ARI,NL,1,0,7,0,0,0,1,20,4,3,1.0,8,8,0.182,4.05,0.0,0.0,0.0,0.0,30.0,2.0,3,0.0,0.0,2.0
bergetr01,2021,1,TOR,AL,2,0,10,1,0,0,0,32,5,2,1.0,8,6,0.139,1.69,0.0,0.0,2.0,0.0,46.0,2.0,2,0.0,0.0,2.0
bermujo01,2024,1,MIA,NL,0,1,3,1,0,0,0,20,11,6,2.0,2,4,0.393,8.1,0.0,0.0,2.0,0.0,33.0,1.0,6,0.0,1.0,0.0
bernabr01,2022,1,SEA,AL,0,1,2,0,0,0,0,7,3,1,0.0,2,0,0.3,3.86,1.0,0.0,0.0,0.0,13.0,2.0,3,0.0,1.0,0.0
bernabr01,2023,1,BOS,AL,2,1,55,6,0,0,0,152,48,18,4.0,18,58,0.25,3.2,1.0,3.0,6.0,0.0,216.0,8.0,19,0.0,0.0,6.0
bernabr01,2024,1,BOS,AL,4,3,57,3,0,0,0,153,50,23,6.0,22,56,0.256,4.06,6.0,7.0,6.0,0.0,226.0,4.0,25,1.0,2.0,3.0
bernabr01,2025,1,BOS,AL,4,3,55,3,0,0,1,155,39,18,1.0,26,43,0.204,3.14,5.0,3.0,3.0,0.0,224.0,12.0,23,1.0,3.0,0.0
berrijo01,2020,1,MIN,AL,5,4,12,12,0,0,0,189,57,28,8.0,26,68,0.238,4.0,0.0,5.0,3.0,0.0,271.0,0.0,28,0.0,2.0,3.0
berrijo01,2021,1,MIN,AL,7,5,20,20,1,0,0,365,95,47,14.0,32,126,0.213,3.48,0.0,3.0,8.0,0.0,490.0,0.0,53,2.0,3.0,5.0
berrijo01,2021,2,TOR,AL,5,4,12,12,0,0,0,211,64,28,8.0,13,78,0.238,3.58,0.0,0.0,7.0,0.0,291.0,0.0,30,0.0,2.0,6.0
berrijo01,2022,1,TOR,AL,12,7,32,32,0,0,0,516,199,100,29.0,45,149,0.288,5.23,0.0,3.0,11.0,0.0,753.0,0.0,103,0.0,3.0,11.0
berrijo01,2023,1,TOR,AL,11,12,32,32,0,0,0,569,173,77,25.0,52,184,0.241,3.65,3.0,4.0,9.0,1.0,782.0,0.0,82,2.0,2.0,13.0
berrijo01,2024,1,TOR,AL,16,11,32,32,1,0,0,577,168,77,31.0,54,153,0.235,3.6,1.0,1.0,13.0,0.0,786.0,0.0,79,2.0,2.0,21.0
berrijo01,2025,1,TOR,AL,9,5,31,30,0,0,0,498,160,77,26.0,56,138,0.253,4.17,2.0,1.0,7.0,1.0,698.0,0.0,86,1.0,2.0,17.0
berropr01,2023,1,SEA,AL,0,0,2,0,0,0,0,5,0,0,0.0,3,3,0.0,0.0,0.0,1.0,0.0,0.0,8.0,0.0,0,0.0,0.0,0.0
berropr01,2024,1,CHA,AL,1,0,17,0,0,0,0,57,15,7,2.0,13,26,0.217,3.32,1.0,0.0,1.0,0.0,83.0,3.0,7,0.0,0.0,1.0
bertijo01,2025,1,CHN,NL,0,0,4,0,0,0,0,11,4,3,0.0,4,0,0.267,7.36,0.0,0.0,0.0,0.0,19.0,4.0,3,0.0,0.0,0.0
betande01,2020,1,NYN,NL,0,1,15,0,0,0,0,35,12,10,0.0,12,11,0.267,7.71,0.0,2.0,2.0,0.0,59.0,2.0,10,0.0,0.0,2.0
betande01,2021,1,NYN,NL,0,0,1,0,0,0,0,3,0,1,0.0,1,1,0.0,9.0,0.0,0.0,1.0,0.0,5.0,0.0,1,0.0,0.0,0.0
bethach01,2022,1,OAK,AL,0,0,1,0,0,0,0,3,0,0,0.0,1,0,0.0,0.0,0.0,0.0,0.0,0.0,4.0,1.0,0,0.0,0.0,0.0
bethach01,2022,2,TBA,AL,0,0,3,0,0,0,0,9,6,1,1.0,0,1,0.4,3.0,0.0,0.0,0.0,0.0,15.0,3.0,1,0.0,0.0,0.0
bethach01,2023,1,TBA,AL,0,0,1,0,0,0,0,1,3,3,1.0,0,0,0.75,81.0,0.0,0.0,0.0,0.0,4.0,1.0,3,0.0,0.0,0.0
bettial01,2021,1,MIL,NL,0,1,4,1,0,0,0,30,18,15,3.0,3,5,0.391,13.5,0.0,1.0,1.0,0.0,51.0,2.0,15,1.0,0.0,1.0
biagijo01,2020,1,HOU,AL,0,0,4,0,0,0,0,13,10,10,1.0,4,4,0.435,20.77,0.0,1.0,0.0,0.0,27.0,0.0,10,0.0,0.0,0.0
biagijo01,2021,1,CHN,NL,1,0,1,0,0,0,0,9,2,0,0.0,1,2,0.2,0.0,0.0,0.0,1.0,0.0,13.0,1.0,0,1.0,0.0,0.0
bibeeta01,2023,1,CLE,AL,10,4,25,25,0,0,0,426,122,47,13.0,45,141,0.23,2.98,0.0,7.0,5.0,2.0,585.0,0.0,49,1.0,4.0,7.0
bibeeta01,2024,1,CLE,AL,12,8,31,31,0,0,0,521,150,67,22.0,44,187,0.23,3.47,0.0,2.0,8.0,0.0,710.0,0.0,70,1.0,6.0,6.0
bibeeta01,2025,1,CLE,AL,12,11,31,31,2,1,0,547,170,86,27.0,54,162,0.246,4.24,1.0,3.0,10.0,1.0,762.0,0.0,93,3.0,3.0,15.0
bickfph01,2020,1,MIL,NL,0,0,1,0,0,0,0,3,4,4,0.0,0,2,0.571,36.0,0.0,1.0,2.0,0.0,9.0,0.0,4,0.0,0.0,0.0
bickfph01,2021,1,MIL,NL,0,0,1,0,0,0,0,3,2,2,1.0,1,0,0.5,18.0,0.0,0.0,1.0,0.0,7.0,0.0,2,0.0,1.0,0.0
bickfph01,2021,2,LAN,NL,4,2,56,0,0,0,1,151,34,14,6.0,18,59,0.19,2.5,7.0,0.0,2.0,0.0,200.0,8.0,16,0.0,1.0,4.0
bickfph01,2022,1,LAN,NL,2,1,60,0,0,0,0,183,53,32,12.0,14,67,0.233,4.72,0.0,0.0,2.0,0.0,247.0,13.0,33,0.0,4.0,4.0
bickfph01,2023,1,LAN,NL,2,3,36,0,0,0,0,126,38,24,5.0,26,48,0.235,5.14,3.0,3.0,0.0,1.0,190.0,12.0,27,1.0,1.0,1.0
bickfph01,2023,2,NYN,NL,3,2,25,0,0,0,1,76,21,13,3.0,13,28,0.221,4.62,1.0,1.0,4.0,0.0,114.0,6.0,14,2.0,0.0,0.0
bickfph01,2024,1,NYA,AL,0,0,8,0,0,0,0,25,10,8,1.0,1,6,0.27,8.64,0.0,0.0,1.0,0.0,39.0,4.0,9,0.0,0.0,0.0
biddlje01,2020,1,CIN,NL,0,0,1,0,0,0,0,2,1,0,0.0,1,1,0.333,0.0,0.0,0.0,0.0,0.0,4.0,0.0,0,0.0,0.0,0.0
biddlje01,2021,1,ATL,NL,0,0,8,0,0,0,0,32,10,10,1.0,8,11,0.263,8.44,0.0,4.0,2.0,0.0,51.0,5.0,10,1.0,2.0,0.0
bidoos01,2023,1,PIT,NL,2,5,16,9,0,0,0,152,55,33,4.0,21,48,0.27,5.86,0.0,1.0,8.0,0.0,236.0,2.0,35,0.0,3.0,1.0
bidoos01,2024,1,OAK,AL,5,3,16,9,0,0,0,190,43,24,3.0,26,63,0.192,3.41,1.0,3.0,7.0,0.0,259.0,3.0,25,1.0,1.0,4.0
bidoos01,2025,1,ATH,AL,2,5,26,10,0,0,1,239,93,52,19.0,35,68,0.297,5.87,1.0,0.0,6.0,0.0,363.0,7.0,56,1.0,8.0,5.0
biebesh01,2020,1,CLE,AL,8,1,12,12,0,0,0,232,46,14,7.0,21,122,0.167,1.63,0.0,5.0,1.0,0.0,297.0,0.0,15,0.0,0.0,3.0
biebesh01,2021,1,CLE,AL,7,4,16,16,0,0,0,290,84,34,11.0,33,134,0.229,3.17,0.0,5.0,4.0,0.0,405.0,0.0,36,0.0,1.0,6.0
biebesh01,2022,1,CLE,AL,13,8,31,31,1,0,0,600,172,64,18.0,36,198,0.23,2.88,0.0,5.0,2.0,1.0,791.0,0.0,70,3.0,3.0,17.0
biebesh01,2023,1,CLE,AL,6,6,21,21,1,0,0,384,124,54,14.0,34,107,0.253,3.8,0.0,8.0,3.0,1.0,533.0,0.0,56,0.0,4.0,14.0
biebesh01,2024,1,CLE,AL,2,0,2,2,0,0,0,36,10,0,0.0,1,20,0.227,0.0,0.0,0.0,0.0,0.0,45.0,0.0,0,0.0,0.0,2.0
biebesh01,2025,1,TOR,AL,4,2,7,7,0,0,0,121,34,16,8.0,7,37,0.225,3.57,0.0,0.0,1.0,0.0,159.0,0.0,16,0.0,0.0,4.0
bielabr01,2020,1,HOU,AL,3,3,12,6,0,0,0,96,39,24,9.0,17,26,0.305,6.75,0.0,0.0,2.0,0.0,148.0,3.0,26,1.0,0.0,5.0
bielabr01,2021,1,HOU,AL,3,4,28,2,0,0,1,150,48,25,5.0,21,46,0.254,4.5,0.0,4.0,3.0,0.0,218.0,6.0,29,2.0,3.0,6.0
bielabr01,2022,1,HOU,AL,0,0,5,0,0,0,0,37,11,5,2.0,4,12,0.234,3.65,0.0,1.0,3.0,0.0,54.0,2.0,5,0.0,0.0,1.0
bielabr01,2023,1,HOU,AL,5,6,15,13,0,0,0,240,86,34,12.0,36,62,0.277,3.83,0.0,3.0,5.0,0.0,353.0,0.0,43,1.0,0.0,12.0
bielabr01,2024,1,HOU,AL,0,0,10,0,0,0,0,52,22,11,3.0,7,9,0.297,5.71,0.0,1.0,2.0,0.0,83.0,5.0,11,0.0,0.0,1.0
bielabr01,2024,2,OAK,AL,1,0,6,0,0,0,0,37,17,6,2.0,6,5,0.333,4.38,0.0,0.0,0.0,0.0,57.0,4.0,6,0.0,0.0,3.0
biggehu01,2024,1,CHN,NL,0,0,4,0,0,0,0,10,3,1,0.0,2,5,0.231,2.7,0.0,0.0,0.0,0.0,15.0,2.0,1,0.0,0.0,0.0
biggehu01,2024,2,TBA,AL,0,0,15,1,0,0,1,42,14,4,2.0,3,19,0.255,2.57,0.0,2.0,0.0,0.0,58.0,9.0,4,0.0,0.0,0.0
biggehu01,2025,1,TBA,AL,0,0,13,0,0,0,0,45,11,4,4.0,5,12,0.204,2.4,0.0,0.0,1.0,0.0,60.0,5.0,4,0.0,0.0,2.0
birdja01,2022,1,COL,NL,2,4,38,0,0,0,0,143,45,26,7.0,23,42,0.249,4.91,3.0,4.0,4.0,0.0,211.0,11.0,29,1.0,2.0,5.0
birdja01,2023,1,COL,NL,3,3,70,3,0,0,0,268,94,43,6.0,27,77,0.276,4.33,0.0,2.0,7.0,0.0,381.0,8.0,47,0.0,6.0,11.0
birdja01,2024,1,COL,NL,2,2,35,0,0,0,1,120,43,20,5.0,25,31,0.279,4.5,1.0,1.0,4.0,0.0,185.0,5.0,21,1.0,1.0,4.0
birdja01,2025,1,COL,NL,4,1,45,0,0,0,0,160,56,28,5.0,23,62,0.271,4.73,3.0,4.0,3.0,0.0,236.0,5.0,30,0.0,3.0,3.0
birdja01,2025,2,NYA,AL,0,1,3,0,0,0,0,6,4,6,2.0,2,4,0.4,27.0,1.0,0.0,0.0,0.0,12.0,1.0,7,0.0,0.0,0.0
birdsha01,2024,1,SFN,NL,5,6,16,16,0,0,0,216,57,38,11.0,43,88,0.216,4.75,0.0,4.0,4.0,0.0,315.0,0.0,39,2.0,2.0,3.0
birdsha01,2025,1,SFN,NL,4,4,21,10,0,0,0,197,61,35,10.0,37,68,0.242,4.8,0.0,6.0,5.0,0.0,298.0,2.0,42,1.0,3.0,4.0
bivensp01,2024,1,SFN,NL,3,1,27,2,0,0,1,146,47,17,9.0,11,37,0.25,3.14,1.0,0.0,1.0,0.0,202.0,8.0,20,1.0,1.0,5.0
bivensp01,2025,1,SFN,NL,4,3,54,0,0,0,3,243,83,36,6.0,25,61,0.269,4.0,1.0,3.0,5.0,0.0,343.0,16.0,42,2.0,2.0,9.0
blachty01,2022,1,COL,NL,1,0,24,1,0,0,1,133,51,29,4.0,11,29,0.291,5.89,2.0,1.0,2.0,0.0,193.0,10.0,29,1.0,4.0,3.0
blachty01,2023,1,COL,NL,3,3,20,13,0,0,0,234,104,48,15.0,24,50,0.33,5.54,0.0,1.0,6.0,0.0,352.0,2.0,51,0.0,7.0,12.0
blachty01,2024,1,COL,NL,3,8,20,12,0,0,0,214,103,55,17.0,18,36,0.342,6.94,0.0,1.0,6.0,0.0,330.0,4.0,55,2.0,3.0,9.0
blackma01,2024,1,SFN,NL,1,5,9,8,0,0,0,109,46,26,7.0,15,31,0.309,6.44,0.0,0.0,3.0,0.0,169.0,0.0,26,1.0,1.0,0.0
blackma01,2025,1,SFN,NL,0,0,1,0,0,0,0,12,5,3,2.0,0,5,0.263,6.75,0.0,0.0,0.0,0.0,19.0,0.0,5,0.0,0.0,0.0
blackpa01,2020,1,OAK,AL,0,1,1,1,0,0,0,7,5,7,0.0,2,2,0.417,27.0,0.0,1.0,0.0,0.0,14.0,0.0,7,0.0,0.0,0.0
blackpa01,2021,1,OAK,AL,1,4,9,9,0,0,0,115,52,25,8.0,10,26,0.319,5.87,0.0,1.0,2.0,0.0,175.0,0.0,26,0.0,0.0,3.0
blackpa01,2022,1,OAK,AL,7,6,21,21,0,0,0,334,110,53,15.0,30,89,0.255,4.28,2.0,1.0,5.0,0.0,467.0,0.0,53,1.0,0.0,8.0
blackpa01,2023,1,OAK,AL,4,7,21,20,0,0,0,311,117,51,11.0,43,104,0.286,4.43,1.0,1.0,3.0,0.0,464.0,0.0,54,0.0,8.0,7.0
blackpa01,2024,1,OAK,AL,4,2,9,9,0,0,0,153,45,25,8.0,14,38,0.233,4.41,0.0,0.0,1.0,0.0,208.0,0.0,25,0.0,0.0,5.0
blackpa01,2024,2,NYN,NL,1,2,5,5,0,0,0,73,31,14,4.0,7,21,0.32,5.18,0.0,0.0,2.0,0.0,108.0,0.0,16,1.0,1.0,2.0
blackpa01,2025,1,NYN,NL,0,3,7,4,0,0,1,71,31,18,3.0,8,18,0.316,6.85,0.0,1.0,1.0,0.0,110.0,2.0,19,0.0,3.0,2.0
blackpa01,2025,2,NYA,AL,0,0,8,0,0,0,0,46,16,9,3.0,4,16,0.262,5.28,0.0,0.0,0.0,1.0,65.0,8.0,10,0.0,0.0,1.0
blackra01,2020,1,MIL,NL,0,0,3,0,0,0,0,9,2,1,0.0,3,3,0.182,3.0,0.0,0.0,0.0,0.0,14.0,2.0,1,0.0,0.0,0.0
blalobr01,2024,1,MIL,NL,0,0,1,0,0,0,0,3,0,0,0.0,1,0,0.0,0.0,0.0,0.0,0.0,0.0,4.0,0.0,0,0.0,0.0,0.0
blalobr01,2024,2,COL,NL,1,3,6,6,0,0,0,89,35,20,4.0,19,20,0.285,6.07,0.0,0.0,1.0,0.0,143.0,0.0,22,0.0,0.0,2.0
blalobr01,2025,1,COL,NL,2,6,14,12,0,0,0,176,85,61,17.0,23,27,0.35,9.36,1.0,2.0,3.0,0.0,275.0,2.0,61,1.0,5.0,5.0
blancro01,2022,1,HOU,AL,0,0,7,0,0,0,0,19,8,5,1.0,4,7,0.296,7.11,0.0,0.0,1.0,0.0,32.0,3.0,5,0.0,0.0,0.0
blancro01,2023,1,HOU,AL,2,1,17,7,0,0,0,156,49,26,12.0,28,52,0.251,4.5,0.0,2.0,2.0,0.0,226.0,8.0,29,0.0,1.0,9.0
blancro01,2024,1,HOU,AL,13,6,30,29,1,1,0,502,114,52,22.0,68,166,0.19,2.8,0.0,3.0,2.0,0.0,676.0,1.0,56,1.0,5.0,12.0
blancro01,2025,1,HOU,AL,3,4,9,9,0,0,0,145,37,22,7.0,20,48,0.21,4.1,0.0,0.0,0.0,0.0,199.0,0.0,22,1.0,2.0,1.0
blandal01,2021,1,CIN,NL,0,0,4,0,0,0,0,11,4,4,1.0,4,1,0.286,9.82,0.0,0.0,0.0,0.0,18.0,2.0,5,0.0,0.0,1.0
bleieri01,2020,1,BAL,AL,0,0,2,0,0,0,0,9,1,0,0.0,0,4,0.1,0.0,0.0,1.0,1.0,0.0,11.0,0.0,0,0.0,0.0,0.0
bleieri01,2020,2,MIA,NL,1,1,19,0,0,0,0,41,13,4,0.0,4,7,0.25,2.63,1.0,1.0,0.0,0.0,56.0,1.0,6,0.0,0.0,3.0
bleieri01,2021,1,MIA,NL,3,2,68,0,0,0,0,174,51,19,4.0,6,44,0.241,2.95,3.0,1.0,3.0,0.0,225.0,6.0,20,1.0,3.0,9.0
bleieri01,2022,1,MIA,NL,2,2,55,1,0,0,1,152,63,20,3.0,10,32,0.301,3.55,3.0,3.0,1.0,3.0,222.0,12.0,22,1.0,1.0,2.0
bleieri01,2023,1,BOS,AL,1,0,27,0,0,0,0,92,37,18,5.0,5,16,0.306,5.28,1.0,3.0,3.0,0.0,132.0,3.0,20,2.0,1.0,8.0
blewesc01,2020,1,KCA,AL,0,0,2,0,0,0,0,9,6,2,0.0,1,4,0.4,6.0,0.0,0.0,0.0,0.0,16.0,1.0,2,0.0,0.0,0.0
blewesc01,2021,1,KCA,AL,0,0,3,0,0,0,0,15,3,1,0.0,5,4,0.188,1.8,0.0,0.0,0.0,0.0,21.0,2.0,1,0.0,0.0,1.0
blewesc01,2024,1,MIN,AL,1,1,12,0,0,0,0,61,17,4,2.0,8,18,0.224,1.77,2.0,0.0,1.0,0.0,85.0,4.0,5,0.0,0.0,2.0
blewesc01,2025,1,MIN,AL,0,0,2,0,0,0,0,14,4,1,0.0,0,5,0.222,1.93,0.0,0.0,1.0,0.0,19.0,2.0,1,0.0,0.0,0.0
blewesc01,2025,2,BAL,AL,1,0,13,1,0,0,0,70,25,16,4.0,8,17,0.269,6.17,0.0,1.0,0.0,0.0,103.0,2.0,17,0.0,2.0,1.0
blewesc01,2025,3,ATL,NL,2,0,11,1,0,0,0,49,16,10,5.0,10,13,0.267,5.51,0.0,0.0,0.0,0.0,72.0,6.0,11,2.0,0.0,1.0
blossja01,2024,1,HOU,AL,0,1,3,3,0,0,0,35,16,9,5.0,3,11,0.308,6.94,0.0,2.0,0.0,0.0,55.0,0.0,9,0.0,0.0,0.0
blubaaj01,2025,1,HOU,AL,3,1,11,3,0,0,0,96,17,6,6.0,11,35,0.152,1.69,0.0,0.0,0.0,0.0,124.0,2.0,11,0.0,1.0,1.0
bolanro01,2020,1,KCA,AL,0,2,2,2,0,0,0,11,8,5,2.0,3,2,0.471,12.27,0.0,2.0,1.0,0.0,21.0,0.0,7,0.0,0.0,1.0
bolanro01,2021,1,KCA,AL,0,0,3,0,0,0,0,19,4,1,0.0,2,10,0.174,1.42,0.0,0.0,0.0,0.0,25.0,0.0,1,0.0,0.0,0.0
bolanro01,2022,1,KCA,AL,0,0,8,0,0,0,0,55,20,9,2.0,12,12,0.286,4.42,1.0,1.0,3.0,0.0,87.0,4.0,9,0.0,2.0,1.0
boltoco01,2023,1,PIT,NL,1,0,16,0,0,0,0,64,30,15,3.0,15,22,0.333,6.33,0.0,0.0,1.0,0.0,107.0,5.0,15,1.0,0.0,3.0
boltoco01,2024,1,SEA,AL,0,0,17,0,0,0,0,56,18,9,3.0,9,17,0.247,4.34,0.0,0.0,0.0,0.0,83.0,5.0,11,0.0,1.0,0.0
boltoco01,2025,1,CLE,AL,0,0,1,0,0,0,0,6,4,3,0.0,0,1,0.4,13.5,0.0,0.0,0.0,0.0,10.0,0.0,3,0.0,0.0,0.0
booseca01,2024,1,BOS,AL,2,3,43,0,0,0,1,128,41,16,5.0,16,43,0.25,3.38,1.0,0.0,0.0,0.0,183.0,7.0,17,0.0,3.0,1.0
booseca01,2025,1,CHA,AL,2,4,39,0,0,0,1,93,28,19,8.0,19,35,0.233,5.52,1.0,3.0,2.0,0.0,143.0,10.0,22,0.0,2.0,0.0
borucry01,2020,1,TOR,AL,1,1,21,0,0,0,0,50,12,5,1.0,12,21,0.2,2.7,1.0,0.0,0.0,0.0,73.0,1.0,5,0.0,1.0,1.0
borucry01,2021,1,TOR,AL,3,1,24,0,0,0,0,71,18,13,5.0,11,21,0.214,4.94,0.0,2.0,1.0,0.0,98.0,6.0,14,1.0,1.0,3.0
borucry01,2022,1,TOR,AL,0,0,11,0,0,0,0,19,7,7,2.0,5,8,0.269,9.95,0.0,0.0,1.0,0.0,33.0,2.0,7,1.0,0.0,0.0
borucry01,2022,2,SEA,AL,2,0,21,0,0,0,0,57,17,9,4.0,6,13,0.239,4.26,0.0,5.0,1.0,0.0,78.0,2.0,9,0.0,0.0,1.0
borucry01,2023,1,PIT,NL,4,0,38,2,0,0,0,121,26,11,4.0,4,33,0.183,2.45,0.0,1.0,4.0,0.0,152.0,1.0,11,2.0,0.0,4.0
borucry01,2024,1,PIT,NL,0,0,14,0,0,0,0,33,14,9,2.0,4,13,0.311,7.36,0.0,0.0,1.0,0.0,51.0,3.0,10,1.0,0.0,0.0
borucry01,2025,1,PIT,NL,1,3,35,0,0,0,0,92,26,18,4.0,12,27,0.236,5.28,1.0,2.0,1.0,1.0,126.0,8.0,20,1.0,2.0,2.0
borucry01,2025,2,TOR,AL,0,0,4,0,0,0,0,13,3,0,0.0,4,5,0.2,0.0,0.0,0.0,0.0,0.0,19.0,1.0,0,0.0,0.0,0.0
bostiak01,2021,1,NYN,NL,0,0,1,0,0,0,0,3,0,0,0.0,1,0,0.0,0.0,0.0,0.0,0.0,0.0,4.0,1.0,0,0.0,0.0,0.0
boteda01,2024,1,CHN,NL,0,0,1,0,0,0,0,3,1,0,0.0,1,0,0.25,0.0,0.0,0.0,0.0,0.0,5.0,1.0,0,0.0,0.0,0.0
bourqja01,2020,1,WAS,NL,1,0,6,0,0,0,0,12,3,3,1.0,5,1,0.214,6.75,0.0,1.0,0.0,0.0,19.0,3.0,3,0.0,0.0,1.0
boushca01,2023,1,MIL,NL,1,0,1,0,0,0,0,7,1,1,1.0,2,5,0.125,3.86,1.0,1.0,0.0,0.0,10.0,1.0,1,0.0,0.0,0.0
boushca01,2024,1,MIN,AL,0,0,2,0,0,0,0,12,6,2,0.0,2,1,0.333,4.5,0.0,0.0,0.0,0.0,20.0,1.0,2,0.0,0.0,0.0
boushca01,2025,1,TEX,AL,0,0,25,1,0,0,1,130,54,29,5.0,14,41,0.305,6.02,1.0,1.0,2.0,0.0,193.0,13.0,33,0.0,0.0,7.0
bowdebe01,2021,1,COL,NL,3,2,39,0,0,0,0,107,44,26,6.0,21,42,0.288,6.56,2.0,1.0,1.0,0.0,177.0,9.0,30,2.0,0.0,0.0
bowdebe01,2025,1,ATH,AL,0,0,11,0,0,0,0,32,9,5,2.0,5,7,0.225,4.22,0.0,0.0,0.0,0.0,47.0,4.0,6,0.0,2.0,0.0
bowlajo01,2023,1,KCA,AL,0,1,2,1,0,0,0,9,5,1,1.0,0,3,0.357,3.0,0.0,0.0,0.0,0.0,14.0,1.0,1,0.0,0.0,0.0
bowlajo01,2024,1,KCA,AL,0,1,1,1,0,0,0,8,6,4,3.0,3,3,0.429,13.5,0.0,0.0,0.0,0.0,17.0,0.0,4,0.0,0.0,0.0
bowlajo01,2025,1,KCA,AL,1,2,34,1,0,0,0,133,37,19,6.0,17,46,0.23,3.86,0.0,1.0,0.0,0.0,180.0,7.0,21,1.0,1.0,5.0
bowmama01,2023,1,NYA,AL,0,0,3,0,0,0,0,12,6,4,1.0,2,3,0.353,9.0,1.0,1.0,0.0,0.0,20.0,1.0,4,0.0,1.0,0.0
bowmama01,2024,1,MIN,AL,0,0,5,0,0,0,0,23,2,2,1.0,4,6,0.08,2.35,0.0,0.0,2.0,0.0,31.0,1.0,2,0.0,0.0,0.0
bowmama01,2024,2,ARI,NL,0,0,4,0,0,0,0,20,8,6,1.0,2,4,0.276,8.1,0.0,0.0,0.0,0.0,31.0,1.0,6,0.0,0.0,0.0
bowmama01,2024,3,SEA,AL,0,0,1,0,0,0,0,2,1,1,1.0,1,0,0.333,13.5,0.0,0.0,0.0,0.0,4.0,0.0,1,0.0,0.0,0.0
bowmama01,2024,4,BAL,AL,1,0,15,1,0,0,0,47,15,6,2.0,6,14,0.25,3.45,1.0,0.0,0.0,0.0,66.0,4.0,6,0.0,0.0,2.0
bowmama01,2025,1,BAL,AL,0,1,20,0,0,0,0,74,31,17,4.0,6,18,0.292,6.2,0.0,1.0,2.0,0.0,114.0,8.0,18,0.0,0.0,0.0
boxbebr01,2020,1,MIA,NL,1,0,23,0,0,0,0,54,17,6,3.0,8,18,0.246,3.0,0.0,0.0,1.0,0.0,79.0,0.0,7,0.0,1.0,2.0
boxbebr01,2021,1,MIL,NL,5,4,71,0,0,0,4,194,44,24,8.0,25,83,0.192,3.34,1.0,3.0,6.0,0.0,266.0,12.0,26,3.0,2.0,1.0
boxbebr01,2022,1,MIL,NL,4,3,70,0,0,0,1,192,52,21,6.0,27,68,0.223,2.95,1.0,0.0,2.0,0.0,268.0,9.0,23,3.0,3.0,4.0
boxbebr01,2023,1,CHN,NL,0,1,22,0,0,0,2,60,15,11,3.0,11,17,0.208,4.95,1.0,0.0,1.0,0.0,84.0,6.0,11,0.0,0.0,2.0
boydma01,2020,1,DET,AL,3,7,12,12,1,0,0,181,67,45,15.0,22,60,0.278,6.71,0.0,5.0,5.0,0.0,271.0,0.0,46,1.0,2.0,5.0
boydma01,2021,1,DET,AL,3,8,15,15,0,0,0,236,77,34,9.0,23,67,0.255,3.89,0.0,4.0,7.0,0.0,337.0,0.0,37,1.0,4.0,7.0
boydma01,2022,1,SEA,AL,2,0,10,0,0,0,0,40,5,2,0.0,8,13,0.116,1.35,3.0,0.0,1.0,0.0,53.0,1.0,2,1.0,0.0,1.0
boydma01,2023,1,DET,AL,5,5,15,15,0,0,0,213,69,43,11.0,25,73,0.25,5.45,0.0,2.0,2.0,0.0,303.0,0.0,46,0.0,0.0,5.0
boydma01,2024,1,CLE,AL,2,2,8,8,0,0,0,119,32,12,4.0,13,46,0.213,2.72,0.0,0.0,2.0,1.0,166.0,0.0,16,0.0,1.0,1.0
boydma01,2025,1,CHN,NL,14,8,31,31,0,0,0,539,154,64,19.0,42,154,0.235,3.21,0.0,2.0,9.0,0.0,718.0,0.0,69,5.0,6.0,15.0
boylejo01,2023,1,OAK,AL,2,0,3,3,0,0,0,48,8,3,1.0,5,15,0.148,1.69,0.0,0.0,0.0,0.0,60.0,0.0,4,0.0,1.0,0.0
boylejo01,2024,1,OAK,AL,3,6,13,10,0,0,0,143,42,34,4.0,40,56,0.235,6.42,0.0,7.0,4.0,1.0,226.0,0.0,35,1.0,2.0,4.0
boylejo01,2025,1,TBA,AL,1,4,13,9,0,0,0,156,43,27,6.0,28,58,0.221,4.67,1.0,2.0,3.0,0.0,226.0,0.0,33,0.0,0.0,4.0
brachbr01,2020,1,NYN,NL,1,0,14,0,0,0,0,37,8,8,2.0,14,14,0.186,5.84,0.0,2.0,1.0,0.0,58.0,5.0,8,0.0,0.0,1.0
brachbr01,2021,1,CIN,NL,1,2,35,0,0,0,1,90,30,21,5.0,18,33,0.254,6.3,2.0,2.0,1.0,0.0,139.0,5.0,26,1.0,1.0,2.0
brachsi01,2020,1,ARI,NL,0,0,1,0,0,0,0,3,2,2,1.0,0,1,0.4,18.0,0.0,0.0,0.0,0.0,5.0,0.0,2,0.0,0.0,0.0
brachsi01,2022,1,ATL,NL,0,0,3,0,0,0,0,13,3,3,2.0,1,4,0.188,6.23,0.0,0.0,1.0,0.0,18.0,2.0,3,0.0,0.0,0.0
brachsi01,2023,1,CIN,NL,0,0,5,0,0,0,0,22,5,3,0.0,6,6,0.2,3.68,0.0,0.0,0.0,0.0,31.0,2.0,3,0.0,0.0,1.0
bradfco01,2023,1,TEX,AL,4,3,20,8,0,0,0,168,56,33,11.0,12,51,0.259,5.3,0.0,0.0,1.0,0.0,234.0,5.0,33,1.0,4.0,4.0
bradfco01,2024,1,TEX,AL,6,3,14,13,0,0,0,229,64,30,10.0,13,70,0.218,3.54,0.0,1.0,1.0,0.0,308.0,0.0,32,0.0,1.0,2.0
bradiky01,2022,1,BAL,AL,4,7,23,23,0,0,0,353,119,64,17.0,46,111,0.265,4.9,0.0,7.0,7.0,0.0,509.0,0.0,68,2.0,4.0,16.0
bradiky01,2023,1,BAL,AL,12,7,30,30,0,0,0,506,132,53,14.0,44,168,0.215,2.83,0.0,9.0,8.0,0.0,671.0,0.0,54,1.0,2.0,19.0
bradiky01,2024,1,BAL,AL,2,0,8,8,0,0,0,118,27,12,2.0,15,53,0.186,2.75,0.0,2.0,3.0,0.0,163.0,0.0,12,0.0,0.0,2.0
bradiky01,2025,1,BAL,AL,1,1,6,6,0,0,0,96,23,9,3.0,10,47,0.2,2.53,0.0,0.0,1.0,0.0,126.0,0.0,9,0.0,0.0,3.0
bradlar01,2020,1,ARI,NL,1,0,10,0,0,0,6,32,13,5,0.0,3,12,0.317,4.22,0.0,0.0,1.0,0.0,45.0,9.0,5,0.0,0.0,3.0
bradlar01,2020,2,CIN,NL,1,0,6,0,0,0,0,23,4,1,1.0,0,6,0.143,1.17,0.0,0.0,0.0,0.0,28.0,1.0,1,0.0,0.0,1.0
bradlar01,2021,1,PHI,NL,7,3,53,0,0,0,2,153,51,21,5.0,22,40,0.258,3.71,1.0,1.0,3.0,0.0,224.0,11.0,24,0.0,1.0,8.0
bradlar01,2022,1,LAA,AL,0,1,21,0,0,0,2,56,17,10,1.0,7,15,0.239,4.82,1.0,1.0,0.0,0.0,78.0,6.0,13,0.0,0.0,3.0
bradlar01,2023,1,MIA,NL,0,0,4,0,0,0,0,22,13,9,2.0,3,7,0.371,11.05,0.0,1.0,1.0,0.0,39.0,2.0,10,0.0,0.0,0.0
bradlja02,2022,1,BOS,AL,0,0,1,0,0,0,0,3,1,1,0.0,3,1,0.25,9.0,0.0,0.0,0.0,0.0,7.0,1.0,1,0.0,0.0,0.0
bradlta01,2023,1,TBA,AL,5,8,23,21,0,0,0,314,106,65,23.0,39,129,0.255,5.59,0.0,6.0,1.0,0.0,460.0,0.0,69,0.0,4.0,2.0
bradlta01,2024,1,TBA,AL,8,11,25,25,0,0,0,414,122,63,22.0,47,154,0.235,4.11,0.0,4.0,3.0,0.0,578.0,0.0,68,3.0,5.0,11.0
bradlta01,2025,1,TBA,AL,6,6,21,21,0,0,0,334,99,57,13.0,44,95,0.236,4.61,0.0,4.0,4.0,0.0,471.0,0.0,65,0.0,4.0,12.0
bradlta01,2025,2,MIN,AL,0,2,6,6,0,0,0,94,32,23,6.0,12,32,0.267,6.61,0.0,3.0,0.0,1.0,134.0,0.0,23,1.0,1.0,3.0
brashma01,2022,1,SEA,AL,4,4,39,5,0,0,0,152,46,25,3.0,33,62,0.247,4.44,1.0,3.0,2.0,0.0,222.0,3.0,25,1.0,0.0,7.0
brashma01,2023,1,SEA,AL,9,4,78,0,0,0,4,212,65,24,3.0,29,107,0.242,3.06,0.0,11.0,6.0,0.0,308.0,7.0,26,0.0,4.0,3.0
brashma01,2025,1,SEA,AL,1,3,53,0,0,0,4,142,41,13,4.0,18,58,0.236,2.47,2.0,0.0,2.0,0.0,199.0,8.0,15,4.0,1.0,5.0
brasiry01,2020,1,BOS,AL,1,0,25,1,0,0,0,75,24,11,2.0,11,30,0.245,3.96,1.0,1.0,0.0,2.0,110.0,1.0,12,0.0,1.0,1.0
brasiry01,2021,1,BOS,AL,1,1,13,0,0,0,0,36,12,2,2.0,4,9,0.267,1.5,0.0,0.0,0.0,0.0,50.0,2.0,5,0.0,1.0,1.0
brasiry01,2022,1,BOS,AL,0,3,68,0,0,0,1,187,68,40,9.0,13,64,0.28,5.78,1.0,1.0,1.0,0.0,263.0,11.0,43,0.0,6.0,6.0
brasiry01,2023,1,BOS,AL,1,0,20,0,0,0,1,63,24,17,2.0,9,18,0.286,7.29,0.0,2.0,2.0,0.0,95.0,10.0,18,0.0,0.0,2.0
brasiry01,2023,2,LAN,NL,2,0,39,0,0,0,1,116,18,3,1.0,10,38,0.14,0.7,1.0,1.0,1.0,0.0,143.0,5.0,6,0.0,3.0,5.0
brasiry01,2024,1,LAN,NL,1,0,29,4,0,0,0,84,22,11,3.0,5,25,0.218,3.54,0.0,1.0,0.0,0.0,110.0,3.0,12,1.0,3.0,2.0
brasiry01,2025,1,CHN,NL,0,1,28,1,0,0,0,78,27,13,2.0,5,20,0.276,4.5,0.0,0.0,0.0,0.0,105.0,4.0,13,0.0,2.0,3.0
braulst01,2020,1,PIT,NL,1,3,11,10,1,0,0,128,29,16,2.0,22,38,0.195,3.38,0.0,3.0,5.0,0.0,178.0,0.0,17,0.0,2.0,7.0
braulst01,2021,1,PIT,NL,0,3,7,7,0,0,0,83,33,18,3.0,12,19,0.292,5.86,2.0,0.0,1.0,0.0,127.0,0.0,18,1.0,0.0,3.0
braulst01,2022,1,CHN,NL,0,0,9,0,0,0,0,27,8,3,0.0,5,8,0.242,3.0,0.0,1.0,1.0,0.0,39.0,1.0,4,0.0,0.0,2.0
braymbe01,2020,1,WAS,NL,1,0,3,1,0,0,0,22,7,1,0.0,5,8,0.241,1.23,0.0,0.0,0.0,0.0,34.0,0.0,1,0.0,0.0,0.0
brazohu01,2022,1,MIA,NL,1,1,27,0,0,0,0,96,26,11,3.0,21,40,0.222,3.09,1.0,7.0,2.0,0.0,141.0,2.0,13,1.0,0.0,3.0
brazohu01,2023,1,MIA,NL,5,2,50,0,0,0,0,176,53,27,5.0,31,65,0.243,4.14,2.0,3.0,4.0,0.0,257.0,7.0,28,1.0,3.0,5.0
brazohu01,2024,1,MIA,NL,1,2,20,0,0,0,0,92,20,10,1.0,11,34,0.179,2.93,0.0,1.0,2.0,0.0,125.0,1.0,14,0.0,0.0,2.0
brazohu01,2024,2,NYN,NL,0,1,19,0,0,0,0,63,18,12,1.0,14,17,0.234,5.14,0.0,3.0,1.0,0.0,92.0,3.0,12,0.0,0.0,2.0
brazohu01,2025,1,NYN,NL,5,2,52,3,0,0,2,189,51,25,6.0,27,57,0.227,3.57,1.0,2.0,4.0,0.0,262.0,6.0,29,2.0,4.0,8.0
brebbjo01,2021,1,SFN,NL,0,1,18,0,0,0,0,55,25,12,4.0,4,22,0.316,5.89,2.0,0.0,2.0,0.0,87.0,6.0,13,1.0,1.0,1.0
brebbjo01,2022,1,SFN,NL,6,2,76,11,0,0,0,204,71,24,5.0,18,54,0.268,3.18,2.0,0.0,1.0,0.0,288.0,4.0,27,2.0,2.0,2.0
brebbjo01,2023,1,SFN,NL,3,5,40,10,0,0,0,115,31,17,6.0,14,47,0.215,3.99,2.0,0.0,0.0,0.0,161.0,6.0,21,0.0,3.0,0.0
brebbjo01,2024,1,CHA,AL,0,6,54,0,0,0,2,146,52,34,9.0,17,58,0.265,6.29,0.0,1.0,3.0,0.0,216.0,20.0,34,0.0,0.0,1.0
brebbjo01,2024,2,ATL,NL,0,0,5,0,0,0,0,20,4,2,2.0,2,9,0.167,2.7,0.0,0.0,0.0,0.0,26.0,2.0,2,0.0,0.0,0.0
brebbjo01,2025,1,DET,AL,1,0,19,0,0,0,0,56,22,16,3.0,11,20,0.282,7.71,0.0,2.0,3.0,0.0,93.0,11.0,18,0.0,1.0,1.0
brebbjo01,2025,2,ATL,NL,0,1,3,0,0,0,0,14,6,4,2.0,1,6,0.3,7.71,0.0,0.0,1.0,0.0,22.0,2.0,5,0.0,0.0,0.0
brennbr01,2020,1,SEA,AL,0,0,5,0,0,0,0,22,7,3,2.0,5,7,0.25,3.68,1.0,0.0,0.0,0.0,33.0,0.0,3,0.0,0.0,1.0
brennbr01,2021,1,BOS,AL,0,0,1,0,0,0,0,9,3,0,0.0,2,1,0.333,0.0,0.0,0.0,0.0,0.0,11.0,0.0,0,0.0,0.0,2.0
brentja01,2021,1,KCA,AL,5,2,72,0,0,0,2,192,45,26,7.0,37,76,0.197,3.66,1.0,8.0,6.0,2.0,278.0,10.0,32,2.0,3.0,5.0
brentja01,2022,1,KCA,AL,0,3,8,0,0,0,0,16,11,14,1.0,10,9,0.423,23.63,0.0,2.0,1.0,0.0,38.0,1.0,15,1.0,0.0,1.0
breweco01,2020,1,BOS,AL,0,3,11,4,0,0,0,77,31,16,6.0,14,25,0.29,5.61,0.0,1.0,1.0,0.0,122.0,1.0,17,0.0,0.0,1.0
breweco01,2021,1,BOS,AL,0,0,1,0,0,0,0,3,4,4,0.0,3,1,0.667,36.0,0.0,0.0,0.0,0.0,9.0,0.0,4,0.0,0.0,0.0
breweco01,2023,1,NYA,AL,0,0,3,0,0,0,0,25,6,4,3.0,3,4,0.2,4.32,0.0,1.0,1.0,0.0,34.0,1.0,4,0.0,0.0,1.0
breweco01,2024,1,CHN,NL,0,0,16,0,0,0,1,62,24,13,1.0,9,22,0.293,5.66,0.0,1.0,1.0,0.0,95.0,8.0,16,0.0,3.0,0.0
briceau01,2020,1,BOS,AL,1,0,21,1,0,0,0,59,17,13,3.0,13,25,0.236,5.95,0.0,1.0,2.0,0.0,87.0,2.0,13,0.0,0.0,2.0
briceau01,2021,1,BOS,AL,0,0,13,0,0,0,0,41,14,10,2.0,7,12,0.264,6.59,0.0,0.0,4.0,0.0,64.0,4.0,10,0.0,0.0,1.0
briceau01,2022,1,PIT,NL,0,0,4,0,0,0,0,20,4,3,0.0,3,5,0.167,4.05,0.0,0.0,0.0,0.0,27.0,2.0,3,0.0,0.0,0.0
bridejo01,2025,2,MIN,AL,0,0,4,0,0,0,0,18,14,10,1.0,3,2,0.452,15.0,0.0,0.0,2.0,0.0,37.0,4.0,10,0.0,1.0,0.0
briesbe01,2022,1,DET,AL,3,6,15,15,0,0,0,245,73,38,14.0,25,54,0.236,4.19,0.0,2.0,1.0,1.0,339.0,0.0,39,1.0,3.0,3.0
briesbe01,2023,1,DET,AL,2,3,25,1,0,0,2,105,36,14,4.0,12,31,0.259,3.6,0.0,0.0,0.0,0.0,152.0,6.0,14,0.0,1.0,0.0
briesbe01,2024,1,DET,AL,4,5,46,12,0,0,1,203,55,27,5.0,30,69,0.224,3.59,2.0,0.0,2.0,0.0,282.0,12.0,31,1.0,3.0,5.0
briesbe01,2025,1,DET,AL,1,3,22,1,0,0,1,66,24,16,5.0,12,16,0.273,6.55,1.0,2.0,0.0,0.0,103.0,9.0,20,1.0,2.0,0.0
brighje01,2020,1,MIA,NL,0,0,1,0,0,0,0,3,2,1,0.0,0,0,0.4,9.0,0.0,0.0,0.0,0.0,5.0,0.0,1,0.0,0.0,0.0
brighje01,2022,1,MIA,NL,0,1,16,0,0,0,1,72,22,9,3.0,10,28,0.244,3.38,0.0,1.0,0.0,0.0,101.0,2.0,10,1.0,0.0,1.0
brighje01,2023,1,NYN,NL,1,3,37,0,0,0,0,113,26,22,9.0,18,42,0.191,5.26,0.0,0.0,5.0,0.0,160.0,10.0,23,0.0,1.0,3.0
brighje01,2025,1,ARI,NL,0,0,4,0,0,0,0,10,7,3,1.0,1,3,0.412,8.1,0.0,0.0,0.0,0.0,18.0,1.0,3,0.0,0.0,0.0
bristbr01,2023,1,TBA,AL,0,0,1,0,0,0,1,9,0,0,0.0,1,4,0.0,0.0,0.0,1.0,0.0,0.0,10.0,1.0,0,0.0,0.0,0.0
bristbr01,2023,2,DET,AL,0,0,2,0,0,0,0,12,5,2,0.0,3,1,0.294,4.5,1.0,0.0,0.0,0.0,20.0,2.0,3,0.0,0.0,0.0
britojh01,2023,1,NYA,AL,9,7,25,13,0,0,1,271,82,43,14.0,28,72,0.244,4.28,0.0,0.0,4.0,1.0,372.0,1.0,47,0.0,4.0,9.0
britojh01,2024,1,SDN,NL,1,2,26,0,0,0,0,131,49,20,4.0,10,29,0.283,4.12,1.0,1.0,0.0,0.0,185.0,9.0,23,1.0,1.0,3.0
brittza01,2020,1,NYA,AL,1,2,20,0,0,0,8,57,12,4,0.0,7,16,0.174,1.89,0.0,4.0,0.0,0.0,76.0,10.0,6,0.0,0.0,0.0
brittza01,2021,1,NYA,AL,0,1,22,0,0,0,1,55,17,12,2.0,14,16,0.262,5.89,0.0,2.0,2.0,0.0,82.0,4.0,14,0.0,1.0,8.0
brittza01,2022,1,NYA,AL,0,0,3,0,0,0,0,2,1,1,0.0,6,1,0.333,13.5,0.0,1.0,0.0,0.0,9.0,0.0,1,0.0,0.0,0.0
brogdco01,2020,1,PHI,NL,1,0,9,0,0,0,0,34,5,5,3.0,5,17,0.128,3.97,1.0,0.0,0.0,0.0,44.0,3.0,5,0.0,0.0,0.0
brogdco01,2021,1,PHI,NL,5,4,56,1,0,0,1,173,47,22,6.0,18,50,0.221,3.43,2.0,2.0,1.0,0.0,235.0,8.0,27,1.0,2.0,4.0
brogdco01,2022,1,PHI,NL,2,2,47,0,0,0,2,132,44,16,6.0,11,50,0.253,3.27,0.0,3.0,1.0,0.0,188.0,11.0,16,1.0,1.0,0.0
brogdco01,2023,1,PHI,NL,2,1,27,1,0,0,0,87,29,13,5.0,13,26,0.264,4.03,0.0,2.0,1.0,0.0,127.0,3.0,14,0.0,3.0,0.0
brogdco01,2024,1,PHI,NL,0,1,3,0,0,0,0,6,3,6,2.0,6,3,0.375,27.0,0.0,1.0,0.0,0.0,14.0,1.0,7,0.0,0.0,1.0
brogdco01,2024,2,LAN,NL,0,0,1,0,0,0,0,3,2,2,2.0,0,0,0.4,18.0,0.0,0.0,0.0,0.0,5.0,1.0,2,0.0,0.0,0.0
brogdco01,2025,1,LAA,AL,3,2,43,0,0,0,0,141,45,29,11.0,18,49,0.253,5.55,4.0,2.0,0.0,0.0,199.0,11.0,31,1.0,2.0,3.0
brookaa01,2022,1,SLN,NL,0,0,5,0,0,0,0,28,11,8,3.0,2,7,0.275,7.71,0.0,0.0,1.0,0.0,43.0,3.0,8,0.0,0.0,0.0
brookaa01,2024,1,OAK,AL,0,2,5,4,0,0,0,80,33,15,4.0,8,12,0.308,5.06,0.0,0.0,1.0,0.0,119.0,1.0,19,0.0,3.0,4.0
brossmi01,2020,1,TBA,AL,0,0,1,0,0,0,0,1,0,0,0.0,0,1,0.0,0.0,0.0,0.0,0.0,0.0,1.0,1.0,0,0.0,0.0,0.0
brossmi01,2022,1,MIL,NL,0,0,3,0,0,0,0,9,2,0,0.0,1,0,0.167,0.0,0.0,0.0,0.0,0.0,13.0,3.0,0,0.0,0.0,0.0
brossmi01,2023,1,MIL,NL,0,0,3,0,0,0,0,7,1,1,1.0,1,0,0.125,3.86,0.0,0.0,0.0,0.0,9.0,3.0,1,0.0,0.0,0.0
brothre01,2020,1,CHN,NL,0,0,3,0,0,0,0,10,2,3,2.0,3,8,0.167,8.1,0.0,0.0,0.0,1.0,15.0,0.0,3,0.0,0.0,0.0
brothre01,2021,1,CHN,NL,3,2,57,0,0,0,1,159,41,31,9.0,35,75,0.212,5.26,2.0,5.0,6.0,0.0,236.0,10.0,31,0.0,2.0,6.0
brownbe01,2024,1,CHN,NL,1,3,15,8,0,0,0,166,41,22,5.0,19,64,0.208,3.58,0.0,2.0,1.0,0.0,222.0,0.0,22,1.0,4.0,3.0
brownbe01,2025,1,CHN,NL,5,8,25,15,0,0,1,319,121,70,18.0,32,121,0.279,5.92,0.0,5.0,4.0,0.0,472.0,3.0,73,1.0,2.0,6.0
brownhu01,2022,1,HOU,AL,2,0,7,2,0,0,0,61,15,2,0.0,7,22,0.205,0.89,0.0,0.0,0.0,0.0,80.0,0.0,2,0.0,0.0,2.0
brownhu01,2023,1,HOU,AL,11,13,31,29,0,0,0,467,157,88,26.0,55,178,0.262,5.09,0.0,4.0,9.0,0.0,665.0,1.0,94,0.0,2.0,16.0
brownhu01,2024,1,HOU,AL,11,9,31,30,0,0,0,510,156,66,18.0,60,179,0.242,3.49,0.0,4.0,5.0,1.0,712.0,0.0,71,0.0,2.0,13.0
brownhu01,2025,1,HOU,AL,12,9,31,31,1,0,0,556,133,50,17.0,57,206,0.201,2.43,1.0,0.0,7.0,1.0,729.0,0.0,55,2.0,2.0,18.0
brownmc01,2025,1,COL,NL,0,5,7,7,0,0,0,77,30,21,6.0,17,23,0.291,7.36,0.0,1.0,5.0,0.0,126.0,0.0,21,0.0,1.0,3.0
brubajt01,2020,1,PIT,NL,1,3,11,9,0,0,0,142,48,26,6.0,17,48,0.262,4.94,0.0,4.0,3.0,0.0,205.0,0.0,27,0.0,2.0,3.0
brubajt01,2021,1,PIT,NL,5,13,24,24,0,0,0,373,123,74,28.0,38,129,0.254,5.36,1.0,3.0,9.0,1.0,538.0,0.0,75,5.0,1.0,3.0
brubajt01,2022,1,PIT,NL,3,12,28,28,0,0,0,432,157,75,17.0,54,147,0.271,4.69,0.0,6.0,9.0,2.0,646.0,0.0,85,0.0,3.0,14.0
brubajt01,2025,1,NYA,AL,0,0,12,0,0,0,0,48,10,6,0.0,9,10,0.189,3.38,0.0,0.0,1.0,0.0,63.0,10.0,6,0.0,0.0,3.0
brubajt01,2025,2,SFN,NL,0,0,5,1,0,0,0,38,13,6,0.0,3,12,0.26,4.26,1.0,2.0,0.0,0.0,54.0,1.0,6,1.0,0.0,0.0
bruihju01,2021,1,LAN,NL,0,1,21,2,0,0,0,56,13,6,1.0,7,11,0.203,2.89,2.0,3.0,1.0,0.0,73.0,2.0,7,1.0,0.0,3.0
bruihju01,2022,1,LAN,NL,1,1,24,0,0,0,1,71,22,10,4.0,6,13,0.253,3.8,2.0,0.0,3.0,0.0,100.0,11.0,11,3.0,1.0,0.0
bruihju01,2023,1,LAN,NL,1,0,20,0,0,0,0,73,24,11,2.0,8,19,0.264,4.07,1.0,2.0,2.0,0.0,102.0,9.0,11,0.0,1.0,2.0
bruihju01,2023,2,COL,NL,0,0,7,0,0,0,0,11,4,6,0.0,3,3,0.286,14.73,1.0,0.0,1.0,0.0,19.0,4.0,7,0.0,1.0,0.0
bruihju01,2024,1,PIT,NL,0,0,7,0,0,0,0,17,9,6,1.0,1,5,0.375,9.53,1.0,1.0,1.0,0.0,27.0,0.0,6,0.0,1.0,1.0
bruihju01,2025,1,TOR,AL,0,0,15,0,0,0,0,41,19,8,2.0,7,18,0.333,5.27,3.0,0.0,1.0,0.0,65.0,1.0,10,0.0,0.0,1.0
brujavi01,2024,1,MIA,NL,0,0,2,0,0,0,0,5,7,8,2.0,3,1,0.583,43.2,0.0,0.0,1.0,0.0,16.0,1.0,8,0.0,0.0,0.0
brujavi01,2025,3,ATL,NL,0,0,2,0,0,0,0,6,4,3,1.0,1,0,0.4,13.5,0.0,0.0,0.0,0.0,11.0,2.0,3,0.0,0.0,0.0
brzykza01,2024,1,WAS,NL,0,0,6,0,0,0,0,17,9,9,2.0,3,4,0.36,14.29,0.0,0.0,0.0,0.0,28.0,1.0,9,0.0,0.0,1.0
brzykza01,2025,1,WAS,NL,0,1,26,0,0,0,0,69,28,23,6.0,12,24,0.292,9.0,0.0,2.0,2.0,0.0,110.0,11.0,23,0.0,0.0,1.0
bubickr01,2020,1,KCA,AL,1,6,10,10,0,0,0,150,52,24,8.0,22,49,0.263,4.32,1.0,0.0,2.0,0.0,222.0,0.0,29,0.0,0.0,6.0
bubickr01,2021,1,KCA,AL,6,7,29,20,0,0,0,390,121,64,22.0,59,114,0.248,4.43,0.0,0.0,7.0,1.0,556.0,3.0,67,0.0,3.0,20.0
bubickr01,2022,1,KCA,AL,3,13,28,27,0,0,0,387,156,80,18.0,63,110,0.306,5.58,0.0,4.0,4.0,1.0,587.0,1.0,87,1.0,9.0,19.0
bubickr01,2023,1,KCA,AL,0,2,3,3,0,0,0,48,19,7,1.0,2,16,0.292,3.94,0.0,1.0,1.0,0.0,68.0,0.0,7,0.0,0.0,1.0
bubickr01,2024,1,KCA,AL,1,1,27,0,0,0,1,91,26,9,2.0,5,39,0.232,2.67,3.0,1.0,0.0,0.0,121.0,7.0,12,2.0,2.0,1.0
bubickr01,2025,1,KCA,AL,8,7,20,20,0,0,0,349,98,33,6.0,39,116,0.227,2.55,1.0,1.0,3.0,0.0,476.0,0.0,38,0.0,3.0,14.0
buchada01,2024,1,CIN,NL,0,0,1,0,0,0,0,10,2,1,0.0,2,1,0.167,2.7,0.0,0.0,0.0,0.0,14.0,0.0,1,0.0,0.0,0.0
buchtry01,2020,1,LAA,AL,2,0,10,0,0,0,0,18,5,3,2.0,6,8,0.217,4.5,0.0,1.0,0.0,0.0,29.0,1.0,4,0.0,0.0,0.0
buchtry01,2021,1,ARI,NL,0,2,18,0,0,0,0,49,16,12,5.0,13,16,0.258,6.61,1.0,0.0,2.0,1.0,78.0,2.0,13,0.0,1.0,0.0
buehlwa01,2020,1,LAN,NL,1,0,8,8,0,0,0,110,24,14,7.0,11,42,0.178,3.44,0.0,4.0,1.0,0.0,147.0,0.0,18,0.0,0.0,1.0
buehlwa01,2021,1,LAN,NL,16,4,33,33,0,0,0,623,149,57,19.0,52,212,0.199,2.47,2.0,5.0,6.0,0.0,815.0,0.0,61,7.0,3.0,17.0
buehlwa01,2022,1,LAN,NL,6,3,12,12,1,1,0,195,67,29,8.0,17,58,0.263,4.02,0.0,1.0,2.0,0.0,274.0,0.0,30,0.0,0.0,4.0
buehlwa01,2024,1,LAN,NL,1,6,16,16,0,0,0,226,89,45,16.0,28,64,0.288,5.38,0.0,3.0,5.0,0.0,344.0,0.0,52,0.0,2.0,11.0
buehlwa01,2025,1,BOS,AL,7,7,23,22,0,0,0,337,120,68,22.0,55,84,0.271,5.45,0.0,0.0,9.0,0.0,508.0,1.0,72,0.0,2.0,11.0
buehlwa01,2025,2,PHI,NL,3,0,3,2,0,0,0,41,10,1,0.0,6,8,0.204,0.66,0.0,0.0,2.0,0.0,57.0,0.0,1,0.0,0.0,0.0
bukaujb01,2021,1,ARI,NL,2,2,21,0,0,0,0,52,24,15,4.0,7,14,0.333,7.79,1.0,0.0,0.0,0.0,81.0,4.0,19,1.0,1.0,1.0
bukaujb01,2023,1,SEA,AL,0,0,1,0,0,0,0,3,2,1,0.0,2,1,0.4,9.0,1.0,1.0,0.0,0.0,7.0,0.0,2,0.0,0.0,0.0
bukaujb01,2023,2,MIL,NL,0,0,5,0,0,0,0,18,4,0,0.0,1,6,0.19,0.0,0.0,0.0,1.0,0.0,23.0,2.0,0,0.0,0.0,1.0
bukaujb01,2024,1,MIL,NL,0,0,6,0,0,0,0,18,3,1,1.0,1,6,0.143,1.5,0.0,0.0,0.0,0.0,22.0,2.0,1,0.0,0.0,0.0
bumgama01,2020,1,ARI,NL,1,4,9,9,0,0,0,125,47,30,13.0,13,30,0.276,6.48,2.0,0.0,6.0,0.0,190.0,0.0,31,0.0,1.0,3.0
bumgama01,2021,1,ARI,NL,7,10,26,26,1,1,0,439,134,76,24.0,39,124,0.242,4.67,2.0,2.0,11.0,1.0,613.0,0.0,82,3.0,7.0,6.0
bumgama01,2022,1,ARI,NL,7,15,30,30,0,0,0,476,179,86,25.0,49,112,0.281,4.88,0.0,2.0,9.0,0.0,698.0,0.0,97,1.0,2.0,14.0
bumgama01,2023,1,ARI,NL,0,3,4,4,0,0,0,50,25,19,4.0,15,10,0.347,10.26,0.0,0.0,1.0,0.0,90.0,0.0,20,0.0,2.0,0.0
bummeaa01,2020,1,CHA,AL,1,0,9,0,0,0,0,28,5,1,0.0,5,14,0.152,0.96,0.0,0.0,0.0,0.0,38.0,1.0,1,0.0,0.0,1.0
bummeaa01,2021,1,CHA,AL,5,5,62,0,0,0,2,169,42,22,3.0,29,75,0.202,3.51,3.0,5.0,4.0,0.0,242.0,6.0,28,0.0,1.0,5.0
bummeaa01,2022,1,CHA,AL,2,1,32,0,0,0,2,80,30,7,2.0,10,30,0.288,2.36,0.0,0.0,2.0,0.0,117.0,3.0,11,0.0,1.0,3.0
bummeaa01,2023,1,CHA,AL,5,5,61,0,0,0,0,175,53,44,4.0,36,78,0.236,6.79,3.0,6.0,5.0,0.0,267.0,8.0,45,0.0,1.0,3.0
bummeaa01,2024,1,ATL,NL,4,3,56,0,0,0,0,166,61,22,2.0,18,69,0.277,3.58,2.0,2.0,2.0,0.0,244.0,13.0,24,1.0,3.0,2.0
bummeaa01,2025,1,ATL,NL,3,2,42,2,0,0,0,163,51,23,3.0,17,51,0.25,3.81,4.0,1.0,11.0,0.0,235.0,5.0,27,0.0,3.0,5.0
bundydy01,2020,1,LAA,AL,6,3,11,11,1,0,0,197,51,24,5.0,17,72,0.208,3.29,1.0,2.0,4.0,0.0,267.0,0.0,27,0.0,0.0,3.0
bundydy01,2021,1,LAA,AL,2,9,23,19,0,0,0,272,89,61,20.0,34,84,0.253,6.06,0.0,1.0,6.0,0.0,397.0,1.0,64,2.0,3.0,8.0
bundydy01,2022,1,MIN,AL,8,8,29,29,0,0,0,420,151,76,24.0,28,94,0.271,4.89,0.0,3.0,3.0,0.0,595.0,0.0,79,0.0,6.0,5.0
burdini01,2020,1,PIT,NL,0,1,3,0,0,0,1,7,2,1,0.0,2,4,0.25,3.86,0.0,0.0,0.0,0.0,10.0,3.0,1,0.0,0.0,1.0
burdini01,2023,1,CHN,NL,0,0,3,0,0,0,0,9,3,3,0.0,3,4,0.273,9.0,0.0,1.0,0.0,0.0,15.0,2.0,3,0.0,1.0,0.0
burdini01,2024,1,NYA,AL,1,0,12,0,0,0,0,29,5,2,1.0,9,12,0.147,1.86,0.0,3.0,2.0,0.0,45.0,1.0,2,0.0,0.0,0.0
burdini01,2025,1,BOS,AL,0,0,4,0,0,0,0,16,5,0,0.0,2,5,0.263,0.0,0.0,1.0,0.0,0.0,21.0,2.0,0,0.0,0.0,2.0
burdiza01,2020,1,CHA,AL,0,1,8,0,0,0,0,22,11,9,4.0,3,11,0.324,11.05,0.0,1.0,0.0,0.0,37.0,0.0,11,0.0,0.0,0.0
burdiza01,2021,1,CHA,AL,0,0,6,0,0,0,0,27,13,6,3.0,4,6,0.351,6.0,0.0,0.0,2.0,0.0,45.0,1.0,7,0.0,2.0,0.0
burdiza01,2021,2,BAL,AL,0,0,1,0,0,0,0,3,0,0,0.0,1,1,0.0,0.0,0.0,0.0,0.0,0.0,4.0,1.0,0,0.0,0.0,0.0
burdiza01,2023,1,TBA,AL,0,0,3,0,0,0,0,12,6,5,0.0,2,5,0.353,11.25,0.0,2.0,0.0,0.0,20.0,1.0,6,0.0,1.0,0.0
burgoju01,2025,1,SEA,AL,0,0,4,0,0,0,0,20,7,3,0.0,2,8,0.259,4.05,0.0,0.0,1.0,0.0,30.0,4.0,3,0.0,0.0,0.0
burgoju01,2025,2,ARI,NL,1,1,9,0,0,0,0,20,10,6,2.0,6,6,0.345,8.1,1.0,0.0,0.0,0.0,35.0,0.0,7,0.0,0.0,2.0
burgora01,2024,1,SFN,NL,0,0,1,0,0,0,0,3,3,1,0.0,1,1,0.5,9.0,0.0,0.0,0.0,0.0,7.0,0.0,1,0.0,0.0,0.0
burkebr01,2022,1,TEX,AL,7,5,52,0,0,0,0,247,63,18,9.0,24,90,0.211,1.97,1.0,2.0,2.0,1.0,328.0,5.0,25,4.0,0.0,7.0
burkebr01,2023,1,TEX,AL,5,3,53,0,0,0,0,179,64,29,13.0,9,52,0.271,4.37,4.0,2.0,2.0,0.0,250.0,9.0,32,1.0,2.0,5.0
burkebr01,2024,1,TEX,AL,0,0,13,0,0,0,0,41,21,14,3.0,9,16,0.35,9.22,0.0,0.0,2.0,0.0,72.0,4.0,14,0.0,1.0,1.0
burkebr01,2024,2,LAA,AL,2,1,21,1,0,0,0,61,16,8,1.0,7,25,0.213,3.54,2.0,0.0,0.0,0.0,82.0,5.0,8,0.0,0.0,4.0
burkebr01,2025,1,LAA,AL,7,1,69,1,0,0,0,185,58,23,8.0,18,52,0.254,3.36,4.0,0.0,3.0,1.0,257.0,14.0,24,3.0,5.0,5.0
burkese01,2024,1,CHA,AL,2,0,4,3,0,0,0,57,12,3,2.0,7,22,0.174,1.42,0.0,1.0,0.0,0.0,76.0,1.0,4,0.0,0.0,0.0
burkese01,2025,1,CHA,AL,4,11,28,22,0,0,0,403,131,63,23.0,63,133,0.25,4.22,0.0,2.0,6.0,0.0,596.0,0.0,76,1.0,3.0,6.0
burleal01,2023,1,SLN,NL,0,0,2,0,0,0,0,5,8,4,1.0,0,1,0.615,21.6,0.0,0.0,0.0,0.0,13.0,2.0,4,0.0,0.0,0.0
burleal01,2025,1,SLN,NL,0,0,1,0,0,0,0,3,1,0,0.0,0,0,0.333,0.0,0.0,0.0,1.0,0.0,4.0,1.0,0,0.0,0.0,1.0
burneco01,2020,1,MIL,NL,4,1,12,9,0,0,0,179,37,14,2.0,24,88,0.174,2.11,0.0,5.0,3.0,0.0,240.0,2.0,15,0.0,0.0,2.0
burneco01,2021,1,MIL,NL,11,5,28,28,0,0,0,501,123,45,7.0,34,234,0.201,2.43,0.0,5.0,6.0,0.0,657.0,0.0,47,1.0,4.0,7.0
burneco01,2022,1,MIL,NL,12,8,33,33,0,0,0,606,144,66,23.0,51,243,0.197,2.94,0.0,10.0,13.0,0.0,797.0,0.0,73,0.0,2.0,15.0
burneco01,2023,1,MIL,NL,10,8,32,32,0,0,0,581,141,73,22.0,66,200,0.2,3.39,0.0,10.0,8.0,1.0,784.0,0.0,77,0.0,6.0,10.0
burneco01,2024,1,BAL,AL,15,9,32,32,0,0,0,583,165,63,22.0,48,181,0.226,2.92,0.0,7.0,2.0,3.0,784.0,0.0,76,0.0,3.0,11.0
burneco01,2025,1,ARI,NL,3,2,11,11,0,0,0,193,49,19,7.0,26,63,0.21,2.66,1.0,1.0,3.0,2.0,265.0,0.0,23,2.0,1.0,5.0
burnsan01,2021,1,LAN,NL,0,0,1,0,0,0,0,3,3,2,1.0,0,1,0.5,18.0,0.0,0.0,0.0,0.0,6.0,1.0,2,0.0,0.0,0.0
burnsch01,2025,1,CIN,NL,0,3,13,8,0,0,0,130,41,22,5.0,16,67,0.24,4.57,0.0,0.0,0.0,0.0,188.0,1.0,25,1.0,0.0,1.0
burrobe01,2020,1,DET,AL,0,0,5,0,0,0,0,20,8,4,3.0,1,3,0.286,5.4,0.0,0.0,1.0,0.0,30.0,1.0,4,0.0,0.0,0.0
burrobe01,2021,1,DET,AL,0,0,1,0,0,0,0,5,2,4,0.0,2,3,0.286,21.6,0.0,0.0,0.0,0.0,9.0,0.0,4,0.0,0.0,0.0
burrobe01,2021,2,MIN,AL,0,1,5,1,0,0,0,28,14,13,5.0,8,5,0.378,12.54,0.0,0.0,0.0,0.0,49.0,2.0,14,0.0,4.0,0.0
burromi01,2024,1,PIT,NL,1,0,1,0,0,0,0,10,2,1,1.0,3,2,0.182,2.7,0.0,0.0,0.0,0.0,14.0,0.0,2,0.0,0.0,0.0
burromi01,2025,1,PIT,NL,2,4,23,19,0,0,0,288,88,42,13.0,31,97,0.243,3.94,1.0,2.0,5.0,0.0,402.0,0.0,43,0.0,4.0,8.0
burrry01,2021,1,CHA,AL,2,1,34,1,0,0,0,110,28,10,3.0,21,33,0.224,2.45,0.0,5.0,1.0,0.0,151.0,8.0,11,2.0,2.0,8.0
burrry01,2022,1,CHA,AL,1,1,8,0,0,0,0,27,8,6,3.0,4,7,0.229,6.0,0.0,0.0,0.0,0.0,39.0,2.0,7,0.0,0.0,1.0
burrry01,2024,1,TOR,AL,0,2,34,4,0,0,0,98,29,15,4.0,12,47,0.228,4.13,0.0,0.0,1.0,0.0,140.0,5.0,16,0.0,0.0,1.0
burrry01,2025,1,TOR,AL,1,0,2,0,0,0,0,6,1,0,0.0,1,3,0.143,0.0,0.0,0.0,0.0,0.0,8.0,0.0,0,0.0,0.0,0.0
busenal01,2023,1,CIN,NL,0,0,6,0,0,0,0,21,8,2,0.0,1,5,0.286,2.57,1.0,0.0,0.0,0.0,29.0,5.0,2,0.0,0.0,1.0
busenal01,2024,1,CIN,NL,0,0,3,0,0,0,0,12,9,6,1.0,0,3,0.429,13.5,0.0,0.0,0.0,0.0,21.0,2.0,7,0.0,0.0,1.0
bushky01,2024,1,CHA,AL,0,3,4,4,0,0,0,53,20,11,2.0,16,11,0.29,5.6,1.0,2.0,1.0,0.0,87.0,0.0,11,0.0,1.0,2.0
bushma01,2021,1,TEX,AL,0,0,4,0,0,0,0,12,4,3,3.0,1,5,0.25,6.75,0.0,0.0,0.0,0.0,17.0,1.0,3,0.0,0.0,0.0
bushma01,2022,1,TEX,AL,2,1,40,5,0,0,1,110,27,12,5.0,10,45,0.199,2.95,0.0,3.0,2.0,0.0,151.0,7.0,16,2.0,1.0,1.0
bushma01,2022,2,MIL,NL,0,2,25,1,0,0,2,69,16,11,6.0,8,29,0.193,4.3,2.0,1.0,1.0,0.0,93.0,4.0,15,0.0,1.0,1.0
bushma01,2023,1,MIL,NL,0,2,12,0,0,0,1,31,11,11,5.0,6,10,0.262,9.58,0.0,0.0,0.0,0.0,48.0,4.0,11,0.0,0.0,0.0
buterdr01,2020,1,COL,NL,0,0,1,0,0,0,0,5,3,1,0.0,0,1,0.375,5.4,0.0,0.0,0.0,0.0,8.0,1.0,1,0.0,0.0,0.0
buttojo01,2022,1,NYN,NL,0,0,1,1,0,0,0,12,9,7,2.0,2,5,0.429,15.75,0.0,0.0,0.0,0.0,23.0,0.0,7,0.0,0.0,0.0
buttojo01,2023,1,NYN,NL,1,4,9,7,0,0,0,126,33,17,3.0,23,38,0.212,3.64,0.0,0.0,0.0,0.0,179.0,0.0,17,0.0,0.0,2.0
buttojo01,2024,1,NYN,NL,7,3,30,7,0,0,3,222,41,21,6.0,38,79,0.167,2.55,0.0,2.0,5.0,1.0,294.0,5.0,21,1.0,4.0,9.0
buttojo01,2025,1,NYN,NL,3,2,34,0,0,0,1,141,43,19,2.0,22,41,0.25,3.64,1.0,3.0,1.0,1.0,198.0,7.0,21,1.0,2.0,4.0
buttojo01,2025,2,SFN,NL,2,1,21,0,0,0,0,60,19,10,2.0,10,17,0.268,4.5,1.0,0.0,1.0,0.0,86.0,2.0,10,1.0,3.0,2.0
buttrty01,2020,1,LAA,AL,2,3,27,0,0,0,5,79,28,17,4.0,9,18,0.283,5.81,3.0,2.0,1.0,0.0,112.0,14.0,18,1.0,2.0,1.0
cabaljo01,2025,1,TBA,AL,0,0,1,0,0,0,0,3,5,6,2.0,1,0,0.625,54.0,0.0,0.0,0.0,0.0,9.0,1.0,6,0.0,0.0,0.0
cabreas01,2021,1,ARI,NL,0,0,2,0,0,0,0,4,1,0,0.0,0,0,0.25,0.0,0.0,0.0,0.0,0.0,4.0,1.0,0,0.0,0.0,1.0
cabreed02,2021,1,MIA,NL,0,3,7,7,0,0,0,79,24,17,6.0,19,28,0.247,5.81,0.0,3.0,4.0,0.0,120.0,0.0,20,0.0,0.0,5.0
cabreed02,2022,1,MIA,NL,6,4,14,14,0,0,0,215,44,24,10.0,33,75,0.177,3.01,0.0,2.0,9.0,0.0,291.0,0.0,24,0.0,0.0,6.0
cabreed02,2023,1,MIA,NL,7,7,22,20,0,0,0,299,78,47,11.0,66,118,0.215,4.24,0.0,1.0,4.0,3.0,434.0,0.0,48,0.0,1.0,11.0
cabreed02,2024,1,MIA,NL,4,8,20,20,0,0,0,289,82,53,15.0,50,107,0.227,4.95,0.0,1.0,5.0,1.0,418.0,0.0,60,0.0,2.0,5.0
cabreed02,2025,1,MIA,NL,8,7,26,26,0,0,0,413,121,54,17.0,48,150,0.233,3.53,0.0,8.0,10.0,0.0,581.0,0.0,60,1.0,3.0,7.0
cabrege01,2020,1,SLN,NL,4,1,19,0,0,0,1,67,10,6,3.0,16,32,0.132,2.42,0.0,3.0,4.0,0.0,96.0,1.0,9,0.0,0.0,2.0
cabrege01,2021,1,SLN,NL,4,5,71,0,0,0,0,210,52,29,3.0,36,77,0.209,3.73,2.0,9.0,5.0,0.0,296.0,5.0,31,4.0,2.0,5.0
cabrege01,2022,1,SLN,NL,4,2,39,0,0,0,1,134,39,23,8.0,20,32,0.231,4.63,3.0,1.0,4.0,0.0,194.0,4.0,24,0.0,1.0,3.0
cabrege01,2023,1,SLN,NL,1,1,32,0,0,0,0,96,32,18,6.0,18,38,0.258,5.06,0.0,0.0,0.0,1.0,143.0,10.0,18,1.0,0.0,3.0
cabrege01,2023,2,TOR,AL,1,0,29,0,0,0,0,71,17,7,2.0,6,20,0.195,2.66,3.0,1.0,2.0,0.0,96.0,2.0,10,0.0,1.0,1.0
cabrege01,2024,1,TOR,AL,3,3,69,0,0,0,2,188,63,25,10.0,29,50,0.268,3.59,4.0,2.0,2.0,2.0,271.0,10.0,31,1.0,4.0,8.0
cabrege01,2025,1,NYN,NL,0,0,6,0,0,0,0,23,7,3,1.0,3,7,0.241,3.52,0.0,0.0,0.0,0.0,32.0,1.0,3,0.0,0.0,0.0
cabrege01,2025,2,CHN,NL,0,0,9,0,0,0,0,28,10,9,4.0,3,8,0.278,8.68,0.0,0.0,0.0,0.0,39.0,3.0,9,0.0,0.0,1.0
cabrege01,2025,3,PIT,NL,0,0,9,0,0,0,0,33,12,6,2.0,1,7,0.279,4.91,0.0,0.0,1.0,0.0,46.0,1.0,6,0.0,1.0,1.0
cabrege01,2025,4,MIN,AL,0,1,16,0,0,0,1,44,17,13,5.0,11,13,0.298,7.98,1.0,3.0,1.0,1.0,70.0,5.0,14,0.0,1.0,1.0
cabreos01,2024,1,NYA,AL,0,0,1,0,0,0,0,1,0,0,0.0,2,0,0.0,0.0,0.0,0.0,0.0,0.0,3.0,1.0,0,0.0,0.0,0.0
cacerke01,2023,1,LAA,AL,0,0,2,0,0,0,0,4,2,1,0.0,2,1,0.4,6.75,0.0,1.0,0.0,0.0,8.0,2.0,1,1.0,0.0,0.0
cahiltr01,2020,1,SFN,NL,1,2,11,6,0,0,0,75,16,9,3.0,14,31,0.184,3.24,0.0,1.0,2.0,0.0,106.0,2.0,10,1.0,2.0,0.0
cahiltr01,2021,1,PIT,NL,1,5,9,8,0,0,0,111,42,27,4.0,14,32,0.286,6.57,0.0,2.0,1.0,0.0,166.0,1.0,29,1.0,3.0,4.0
calvobl01,2023,1,COL,NL,0,0,1,0,0,0,0,3,0,0,0.0,0,0,0.0,0.0,0.0,0.0,0.0,0.0,3.0,1.0,0,0.0,0.0,0.0
camarda01,2021,1,SDN,NL,0,1,6,0,0,0,0,28,16,10,2.0,3,7,0.364,9.64,1.0,0.0,0.0,0.0,47.0,2.0,12,0.0,0.0,0.0
camerno01,2025,1,KCA,AL,9,7,24,24,0,0,0,415,109,46,18.0,43,114,0.214,2.99,1.0,3.0,3.0,0.0,556.0,0.0,46,1.0,0.0,14.0
campbis01,2023,1,SEA,AL,4,1,27,0,0,0,1,86,22,9,2.0,13,33,0.21,2.83,1.0,2.0,1.0,1.0,120.0,9.0,9,0.0,1.0,5.0
campbis01,2024,1,BOS,AL,0,1,8,0,0,0,0,20,14,12,3.0,2,6,0.4,16.2,0.0,1.0,0.0,0.0,37.0,1.0,13,0.0,0.0,0.0
campbis01,2025,1,BOS,AL,0,0,6,0,0,0,0,23,13,6,1.0,1,3,0.394,7.04,0.0,0.0,1.0,0.0,35.0,4.0,6,0.0,0.0,3.0
campbpa02,2021,1,MIA,NL,2,3,16,1,0,0,0,80,32,19,5.0,10,26,0.288,6.41,0.0,2.0,2.0,0.0,124.0,2.0,24,1.0,0.0,1.0
cannigr01,2020,1,LAA,AL,2,3,11,11,0,0,0,169,54,25,8.0,23,56,0.257,3.99,0.0,5.0,1.0,0.0,238.0,0.0,29,0.0,4.0,4.0
cannigr01,2021,1,LAA,AL,5,4,14,13,0,0,0,188,65,39,14.0,28,62,0.264,5.6,0.0,3.0,1.0,0.0,277.0,0.0,41,0.0,1.0,2.0
cannigr01,2023,1,LAA,AL,7,8,24,22,0,0,0,381,121,61,22.0,36,139,0.245,4.32,1.0,4.0,5.0,0.0,536.0,0.0,62,1.0,1.0,6.0
cannigr01,2024,1,LAA,AL,6,13,32,31,0,0,0,515,174,99,31.0,66,130,0.265,5.19,1.0,6.0,6.0,4.0,739.0,1.0,105,2.0,9.0,17.0
cannigr01,2025,1,NYN,NL,7,3,16,16,0,0,0,229,70,32,8.0,35,70,0.24,3.77,0.0,3.0,0.0,0.0,328.0,0.0,35,1.0,0.0,5.0
cannojo02,2024,1,CHA,AL,5,10,23,21,0,0,1,373,125,62,18.0,40,91,0.263,4.49,0.0,2.0,4.0,1.0,522.0,1.0,65,0.0,2.0,13.0
cannojo02,2025,1,CHA,AL,4,10,22,17,0,0,0,311,116,67,19.0,38,86,0.278,5.82,1.0,2.0,6.0,1.0,466.0,1.0,69,0.0,4.0,8.0
canoye01,2022,1,MIN,AL,1,0,10,0,0,0,0,41,17,14,3.0,11,14,0.304,9.22,0.0,2.0,1.0,0.0,70.0,2.0,14,0.0,2.0,0.0
canoye01,2022,2,BAL,AL,0,1,3,0,0,0,0,13,9,9,0.0,5,7,0.409,18.69,0.0,0.0,0.0,0.0,27.0,1.0,9,0.0,0.0,0.0
canoye01,2023,1,BAL,AL,1,4,72,0,0,0,8,218,60,17,4.0,13,65,0.226,2.11,2.0,2.0,3.0,1.0,283.0,20.0,19,1.0,0.0,9.0
canoye01,2024,1,BAL,AL,4,3,70,0,0,0,5,180,54,21,6.0,24,65,0.242,3.15,1.0,0.0,1.0,1.0,249.0,12.0,24,0.0,1.0,7.0
canoye01,2025,1,BAL,AL,3,7,65,0,0,0,2,174,62,33,7.0,24,53,0.283,5.12,1.0,2.0,3.0,1.0,251.0,11.0,36,3.0,2.0,8.0
cantijo01,2024,1,CLE,AL,2,4,9,8,0,0,0,116,35,21,6.0,15,44,0.238,4.89,0.0,4.0,0.0,0.0,163.0,1.0,22,0.0,1.0,3.0
cantijo01,2025,1,CLE,AL,5,3,34,13,0,0,1,286,78,34,10.0,42,108,0.218,3.21,0.0,2.0,0.0,0.0,401.0,10.0,39,0.0,2.0,5.0
capravi01,2025,2,CHA,AL,0,0,3,0,0,0,0,9,5,2,1.0,0,1,0.333,6.0,0.0,0.0,0.0,0.0,15.0,3.0,4,0.0,0.0,0.0
carasma01,2023,1,COL,NL,1,0,16,0,0,0,1,73,28,17,3.0,11,16,0.292,6.29,0.0,1.0,1.0,0.0,110.0,2.0,19,0.0,2.0,2.0
carasma01,2024,1,COL,NL,0,1,7,0,0,0,0,26,16,10,2.0,3,7,0.41,10.38,0.0,0.0,1.0,0.0,43.0,1.0,10,0.0,0.0,3.0
caratvi01,2022,1,MIL,NL,0,0,1,0,0,0,0,3,2,3,0.0,1,0,0.4,27.0,0.0,0.0,1.0,0.0,7.0,1.0,3,0.0,0.0,0.0
carltdr01,2021,1,DET,AL,0,0,4,0,0,0,0,11,6,2,1.0,4,1,0.429,4.91,0.0,0.0,0.0,0.0,19.0,1.0,2,0.0,1.0,1.0
carltdr01,2022,1,DET,AL,0,0,5,0,0,0,0,26,4,2,1.0,0,7,0.129,2.08,0.0,1.0,0.0,0.0,32.0,4.0,4,0.0,1.0,0.0
carltdr01,2023,1,SDN,NL,2,1,11,0,0,0,0,62,18,10,2.0,6,18,0.243,4.35,0.0,1.0,1.0,0.0,85.0,1.0,12,2.0,1.0,2.0
carpema01,2021,1,SLN,NL,0,0,1,0,0,0,0,4,2,0,0.0,0,0,0.4,0.0,0.0,0.0,1.0,0.0,6.0,1.0,0,0.0,0.0,0.0
carraca01,2020,1,CLE,AL,3,4,12,12,0,0,0,204,55,22,8.0,27,82,0.221,2.91,0.0,6.0,2.0,0.0,280.0,0.0,22,1.0,1.0,5.0
carraca01,2021,1,NYN,NL,1,5,12,12,0,0,0,161,59,36,12.0,18,50,0.272,6.04,0.0,1.0,0.0,0.0,237.0,0.0,39,0.0,2.0,2.0
carraca01,2022,1,NYN,NL,15,7,29,29,0,0,0,456,161,67,17.0,41,152,0.272,3.97,2.0,5.0,8.0,0.0,645.0,0.0,71,0.0,2.0,18.0
carraca01,2023,1,NYN,NL,3,8,20,20,0,0,0,270,115,68,18.0,38,66,0.31,6.8,0.0,3.0,6.0,1.0,417.0,0.0,71,0.0,2.0,6.0
carraca01,2024,1,CLE,AL,3,10,21,21,0,0,0,311,112,65,19.0,33,89,0.276,5.64,0.0,5.0,5.0,0.0,447.0,0.0,68,1.0,2.0,10.0
carraca01,2025,1,NYA,AL,2,2,8,6,0,0,0,96,39,21,7.0,10,25,0.298,5.91,0.0,0.0,0.0,0.0,142.0,2.0,21,0.0,1.0,3.0
carraca01,2025,2,ATL,NL,0,0,3,3,0,0,0,41,22,15,3.0,7,9,0.355,9.88,0.0,1.0,0.0,0.0,70.0,0.0,15,0.0,1.0,0.0
carrial01,2025,1,NYN,NL,0,1,3,0,0,0,0,14,6,7,4.0,2,4,0.316,13.5,0.0,1.0,1.0,0.0,22.0,0.0,7,0.0,0.0,0.0
carroco01,2020,1,BAL,AL,0,0,3,0,0,0,0,6,9,12,0.0,5,3,0.643,54.0,0.0,2.0,1.0,0.0,21.0,0.0,12,0.0,1.0,0.0
caspabe01,2024,1,LAN,NL,2,0,3,0,0,0,0,25,9,2,0.0,4,12,0.273,2.16,0.0,0.0,0.0,0.0,37.0,0.0,3,0.0,0.0,1.0
caspabe01,2025,1,LAN,NL,7,5,46,3,0,0,2,233,78,40,8.0,21,71,0.254,4.64,0.0,1.0,3.0,0.0,333.0,6.0,41,1.0,1.0,0.0
castabl01,2025,1,SEA,AL,0,0,1,0,0,0,0,9,4,3,1.0,2,1,0.308,9.0,0.0,0.0,1.0,0.0,16.0,1.0,3,0.0,0.0,0.0
castada01,2020,1,MIA,NL,1,2,7,6,0,0,0,89,30,10,3.0,11,12,0.263,3.03,0.0,1.0,0.0,0.0,126.0,0.0,12,0.0,1.0,3.0
castada01,2021,1,MIA,NL,0,2,5,4,0,0,0,61,22,11,3.0,8,13,0.268,4.87,0.0,0.0,1.0,0.0,92.0,0.0,12,1.0,0.0,3.0
castada01,2022,1,MIA,NL,1,3,10,7,0,0,0,107,42,16,5.0,9,20,0.292,4.04,0.0,2.0,2.0,0.0,156.0,3.0,20,1.0,0.0,4.0
castada01,2023,1,MIA,NL,0,0,2,0,0,0,0,9,7,7,2.0,3,4,0.412,21.0,0.0,0.0,0.0,0.0,20.0,1.0,8,0.0,0.0,0.0
castehu01,2020,1,HOU,AL,0,1,8,0,0,0,0,32,12,8,2.0,5,12,0.273,6.75,0.0,0.0,2.0,0.0,51.0,4.0,8,0.0,0.0,0.0
castehu01,2021,1,ARI,NL,2,2,14,7,0,0,0,137,48,25,7.0,15,29,0.277,4.93,0.0,0.0,2.0,0.0,196.0,2.0,26,5.0,0.0,7.0
castehu01,2022,1,ARI,NL,3,2,11,9,0,0,0,133,50,28,7.0,12,32,0.289,5.68,0.0,2.0,4.0,0.0,194.0,1.0,29,0.0,4.0,3.0
castehu01,2024,1,ARI,NL,0,0,7,0,0,0,1,31,11,6,0.0,4,7,0.268,5.23,0.0,1.0,2.0,0.0,48.0,4.0,6,0.0,1.0,0.0
castery01,2020,1,COL,NL,1,4,10,9,0,0,0,130,37,28,12.0,26,25,0.236,5.82,0.0,1.0,5.0,0.0,189.0,0.0,30,0.0,1.0,4.0
castery01,2021,1,COL,NL,0,0,1,1,0,0,0,10,5,2,1.0,4,2,0.417,5.4,0.0,0.0,1.0,0.0,17.0,0.0,2,0.0,0.0,1.0
castery01,2022,1,OAK,AL,0,0,3,0,0,0,0,8,2,0,0.0,0,1,0.182,0.0,0.0,2.0,0.0,0.0,11.0,1.0,1,0.0,0.0,0.0
castidi01,2020,1,TBA,AL,3,0,22,0,0,0,4,65,12,4,3.0,11,23,0.156,1.66,0.0,0.0,1.0,0.0,89.0,5.0,4,0.0,0.0,1.0
castidi01,2021,1,TBA,AL,2,4,37,0,0,0,14,109,26,11,5.0,10,49,0.2,2.72,2.0,1.0,1.0,0.0,145.0,26.0,14,2.0,2.0,1.0
castidi01,2021,2,SEA,AL,3,1,24,0,0,0,2,66,14,7,4.0,7,26,0.184,2.86,0.0,1.0,4.0,0.0,88.0,6.0,9,0.0,1.0,3.0
castidi01,2022,1,SEA,AL,7,3,59,0,0,0,7,163,40,22,5.0,22,53,0.203,3.64,4.0,1.0,2.0,0.0,222.0,23.0,27,0.0,1.0,5.0
castidi01,2023,1,SEA,AL,0,0,8,0,0,0,0,26,7,6,2.0,7,7,0.212,6.23,0.0,0.0,1.0,0.0,41.0,1.0,6,0.0,0.0,0.0
castidi01,2024,1,MIN,AL,0,0,7,0,0,0,0,30,8,3,0.0,8,6,0.235,2.7,0.0,1.0,0.0,0.0,43.0,3.0,3,0.0,1.0,2.0
castidi02,2022,1,PIT,NL,0,0,2,0,0,0,0,6,6,8,1.0,3,1,0.545,36.0,0.0,0.0,1.0,0.0,15.0,2.0,8,0.0,0.0,1.0
castijo03,2022,1,SDN,NL,0,0,1,0,0,0,0,3,1,1,0.0,1,1,0.333,9.0,0.0,0.0,0.0,0.0,5.0,0.0,1,0.0,1.0,0.0
castijo03,2023,1,SDN,NL,0,0,1,0,0,0,0,1,2,4,0.0,2,0,1.0,108.0,0.0,0.0,1.0,0.0,6.0,0.0,4,0.0,1.0,0.0
castijo03,2025,1,ARI,NL,0,1,5,0,0,0,0,19,10,8,3.0,3,3,0.37,11.37,0.0,0.0,0.0,3.0,31.0,2.0,8,0.0,1.0,1.0
castijo03,2025,2,NYN,NL,1,1,16,0,0,0,0,46,21,4,0.0,6,19,0.333,2.35,0.0,1.0,4.0,0.0,74.0,2.0,6,0.0,1.0,2.0
castijo03,2025,3,SEA,AL,1,0,3,0,0,0,0,9,3,0,0.0,2,1,0.273,0.0,1.0,0.0,0.0,0.0,13.0,1.0,1,0.0,0.0,1.0
castijo03,2025,4,BAL,AL,0,0,5,0,0,0,0,22,6,2,1.0,3,7,0.214,2.45,0.0,0.0,0.0,0.0,31.0,1.0,3,0.0,0.0,0.0
castilu02,2020,1,CIN,NL,4,6,12,12,1,0,0,210,62,25,5.0,24,89,0.233,3.21,0.0,1.0,1.0,0.0,292.0,0.0,31,0.0,1.0,5.0
castilu02,2021,1,CIN,NL,8,16,33,33,0,0,0,563,181,83,19.0,75,192,0.255,3.98,4.0,1.0,7.0,1.0,803.0,0.0,94,8.0,2.0,20.0
castilu02,2022,1,CIN,NL,4,4,14,14,0,0,0,255,63,27,7.0,28,90,0.201,2.86,0.0,0.0,4.0,1.0,349.0,0.0,30,1.0,1.0,5.0
castilu02,2022,2,SEA,AL,4,2,11,11,0,0,0,196,55,23,6.0,17,77,0.226,3.17,0.0,0.0,4.0,0.0,266.0,0.0,26,0.0,2.0,6.0
castilu02,2023,1,SEA,AL,14,9,33,33,0,0,0,591,160,73,28.0,56,219,0.218,3.34,0.0,3.0,5.0,0.0,802.0,0.0,81,1.0,5.0,2.0
castilu02,2024,1,SEA,AL,11,12,30,30,0,0,0,526,158,71,25.0,47,175,0.238,3.64,2.0,0.0,5.0,0.0,719.0,0.0,73,2.0,2.0,13.0
castilu02,2025,1,SEA,AL,11,8,32,32,0,0,0,542,168,71,23.0,46,162,0.244,3.54,0.0,3.0,7.0,0.0,745.0,0.0,76,0.0,3.0,15.0
castilu03,2022,1,DET,AL,0,0,3,0,0,0,0,11,2,0,0.0,0,4,0.143,0.0,0.0,0.0,0.0,0.0,14.0,1.0,0,0.0,0.0,0.0
castilu03,2025,1,SEA,AL,0,0,2,2,0,0,0,21,12,6,0.0,7,5,0.364,7.71,0.0,0.0,0.0,0.0,41.0,0.0,7,1.0,0.0,1.0
castima03,2022,1,TOR,AL,0,0,9,2,0,0,0,62,15,7,4.0,5,20,0.197,3.05,0.0,1.0,0.0,0.0,81.0,4.0,9,0.0,0.0,2.0
castima03,2022,2,KCA,AL,0,2,5,4,0,0,0,56,23,19,4.0,10,17,0.307,9.16,0.0,1.0,2.0,0.0,89.0,0.0,19,1.0,1.0,1.0
castima03,2023,1,KCA,AL,0,1,7,0,0,0,0,61,20,10,2.0,9,10,0.267,4.43,1.0,0.0,3.0,0.0,89.0,2.0,10,1.0,1.0,3.0
castran02,2020,1,DET,AL,0,0,1,0,0,0,0,3,1,2,1.0,1,1,0.25,18.0,0.0,0.0,0.0,0.0,5.0,1.0,2,0.0,0.0,0.0
castran02,2021,1,TOR,AL,1,2,25,0,0,0,1,74,23,13,4.0,8,32,0.237,4.74,2.0,4.0,3.0,0.0,109.0,7.0,15,0.0,1.0,1.0
castran02,2022,1,CLE,AL,0,0,12,0,0,0,0,40,19,11,5.0,10,12,0.345,7.43,0.0,1.0,0.0,0.0,65.0,2.0,15,0.0,0.0,5.0
castrha01,2021,1,DET,AL,0,0,3,0,0,0,0,8,0,0,0.0,3,0,0.0,0.0,0.0,0.0,0.0,0.0,11.0,3.0,0,0.0,0.0,0.0
castrha01,2022,1,DET,AL,0,0,4,0,0,0,0,12,6,2,0.0,1,1,0.4,4.5,0.0,0.0,1.0,0.0,18.0,3.0,2,0.0,1.0,1.0
castrha01,2023,1,COL,NL,0,0,2,0,0,0,0,6,4,2,0.0,1,0,0.444,9.0,0.0,0.0,1.0,0.0,11.0,2.0,2,0.0,0.0,1.0
castrke01,2021,1,SFN,NL,1,1,10,0,0,0,0,40,13,0,0.0,4,13,0.26,0.0,1.0,0.0,0.0,0.0,56.0,4.0,1,1.0,1.0,1.0
castrke01,2022,1,SFN,NL,0,0,2,0,0,0,0,5,4,5,0.0,2,4,0.444,27.0,0.0,0.0,0.0,0.0,11.0,1.0,5,0.0,0.0,0.0
castrke01,2022,2,CHN,NL,0,1,8,0,0,0,0,32,11,9,3.0,5,7,0.268,7.59,0.0,0.0,0.0,0.0,46.0,5.0,9,0.0,0.0,2.0
castrmi01,2020,1,BAL,AL,1,0,16,0,0,0,1,47,17,7,3.0,5,24,0.266,4.02,0.0,0.0,1.0,0.0,70.0,4.0,7,0.0,0.0,1.0
castrmi01,2020,2,NYN,NL,1,2,10,0,0,0,0,27,11,4,1.0,8,14,0.297,4.0,0.0,0.0,0.0,0.0,45.0,1.0,5,0.0,0.0,1.0
castrmi01,2021,1,NYN,NL,3,4,69,2,0,0,0,211,48,27,7.0,43,77,0.189,3.45,0.0,8.0,6.0,0.0,303.0,7.0,30,0.0,0.0,6.0
castrmi01,2022,1,NYA,AL,5,0,34,0,0,0,0,87,27,13,2.0,15,31,0.243,4.03,0.0,2.0,4.0,0.0,131.0,2.0,16,0.0,0.0,1.0
castrmi01,2023,1,ARI,NL,6,6,75,0,0,0,7,194,51,31,8.0,25,60,0.213,4.31,3.0,0.0,3.0,0.0,268.0,21.0,32,1.0,0.0,4.0
castrmi01,2024,1,ARI,NL,0,0,11,0,0,0,0,41,20,9,3.0,3,8,0.339,5.93,0.0,0.0,1.0,0.0,64.0,2.0,9,1.0,0.0,0.0
castrmi01,2025,1,CHA,AL,0,0,6,0,0,0,0,18,5,5,1.0,5,4,0.227,7.5,0.0,0.0,1.0,0.0,28.0,1.0,5,0.0,0.0,1.0
castrwi01,2023,1,MIN,AL,0,0,3,0,0,0,0,7,3,3,0.0,2,0,0.375,11.57,0.0,0.0,0.0,0.0,11.0,3.0,3,0.0,1.0,1.0
castrwi01,2024,1,MIN,AL,0,0,2,0,0,0,0,4,0,0,0.0,0,0,0.0,0.0,0.0,0.0,0.0,0.0,4.0,2.0,0,0.0,0.0,0.0
castrwi01,2025,1,MIN,AL,0,0,1,0,0,0,0,3,1,0,0.0,0,0,0.25,0.0,0.0,0.0,0.0,0.0,4.0,1.0,0,0.0,0.0,0.0
cavalca01,2022,1,WAS,NL,0,1,1,1,0,0,0,13,6,7,0.0,2,6,0.333,14.54,0.0,0.0,3.0,0.0,23.0,0.0,7,0.0,0.0,0.0
cavalca01,2025,1,WAS,NL,3,1,10,10,0,0,0,146,57,23,7.0,15,40,0.286,4.25,0.0,3.0,4.0,0.0,219.0,0.0,28,0.0,1.0,5.0
ceasedy01,2020,1,CHA,AL,5,4,12,12,0,0,0,175,50,26,12.0,34,44,0.234,4.01,1.0,1.0,5.0,0.0,255.0,0.0,30,0.0,1.0,10.0
ceasedy01,2021,1,CHA,AL,13,7,32,32,1,1,0,497,139,72,20.0,68,226,0.223,3.91,0.0,13.0,9.0,2.0,708.0,0.0,77,1.0,7.0,7.0
ceasedy01,2022,1,CHA,AL,14,8,32,32,1,1,0,552,126,45,16.0,78,227,0.19,2.2,2.0,7.0,3.0,1.0,747.0,0.0,55,2.0,1.0,5.0
ceasedy01,2023,1,CHA,AL,7,9,33,33,0,0,0,531,172,90,19.0,79,214,0.25,4.58,3.0,14.0,9.0,0.0,784.0,0.0,98,0.0,6.0,6.0
ceasedy01,2024,1,SDN,NL,14,11,33,33,1,1,0,568,137,73,18.0,65,224,0.2,3.47,0.0,12.0,2.0,0.0,762.0,0.0,80,3.0,6.0,11.0
ceasedy01,2025,1,SDN,NL,8,12,32,32,0,0,0,504,152,85,21.0,71,215,0.238,4.55,2.0,5.0,5.0,0.0,722.0,0.0,91,3.0,5.0,8.0
ceccosl01,2023,1,ARI,NL,0,1,7,4,0,0,0,81,27,13,4.0,4,20,0.26,4.33,0.0,0.0,2.0,0.0,111.0,0.0,13,0.0,1.0,1.0
ceccosl01,2024,1,ARI,NL,2,7,20,13,0,0,0,231,92,57,16.0,17,64,0.294,6.66,1.0,2.0,4.0,1.0,338.0,2.0,57,1.0,3.0,1.0
ceccosl01,2025,1,CLE,AL,7,7,23,23,0,0,0,396,125,63,24.0,32,109,0.247,4.3,1.0,3.0,3.0,1.0,545.0,0.0,66,1.0,3.0,10.0
cederbl01,2020,1,PIT,NL,0,0,5,0,0,0,0,12,3,2,0.0,1,4,0.2,4.5,0.0,1.0,0.0,0.0,16.0,2.0,2,0.0,0.0,0.0
cessalu01,2020,1,NYA,AL,0,0,16,0,0,0,1,65,20,8,2.0,7,17,0.235,3.32,0.0,1.0,0.0,1.0,93.0,6.0,10,0.0,0.0,0.0
cessalu01,2021,1,NYA,AL,3,1,29,0,0,0,0,115,31,12,2.0,17,31,0.218,2.82,1.0,0.0,0.0,0.0,161.0,13.0,17,2.0,0.0,4.0
cessalu01,2021,2,CIN,NL,2,1,24,0,0,0,0,79,24,6,3.0,2,23,0.245,2.05,0.0,1.0,0.0,0.0,100.0,2.0,7,0.0,0.0,3.0
cessalu01,2022,1,CIN,NL,4,4,46,10,0,0,0,242,76,41,14.0,28,59,0.25,4.57,0.0,3.0,2.0,0.0,336.0,1.0,44,0.0,2.0,9.0
cessalu01,2023,1,CIN,NL,1,4,7,6,0,0,0,78,46,26,3.0,12,11,0.397,9.0,0.0,2.0,1.0,0.0,132.0,0.0,26,1.0,2.0,5.0
chacijh01,2020,1,ATL,NL,1,0,2,0,0,0,0,15,6,4,1.0,3,3,0.286,7.2,0.0,0.0,0.0,0.0,24.0,0.0,4,0.0,0.0,0.0
chacijh01,2021,1,COL,NL,3,2,46,1,0,0,0,193,53,31,8.0,28,47,0.222,4.34,0.0,1.0,0.0,0.0,269.0,3.0,32,1.0,1.0,4.0
chacijh01,2022,1,COL,NL,4,2,35,0,0,0,0,142,55,40,7.0,21,37,0.282,7.61,0.0,3.0,2.0,0.0,219.0,7.0,44,0.0,1.0,4.0
chafian01,2020,1,ARI,NL,1,1,11,0,0,0,0,20,9,6,1.0,4,10,0.31,8.1,0.0,0.0,0.0,0.0,33.0,1.0,6,0.0,0.0,0.0
chafian01,2020,2,CHN,NL,0,1,4,0,0,0,1,9,2,1,1.0,1,3,0.182,3.0,1.0,0.0,0.0,0.0,12.0,4.0,1,0.0,0.0,0.0
chafian01,2021,1,CHN,NL,0,2,43,0,0,0,0,118,21,9,1.0,12,37,0.154,2.06,1.0,2.0,2.0,0.0,150.0,1.0,9,0.0,0.0,4.0
chafian01,2021,2,OAK,AL,2,2,28,0,0,0,5,88,24,5,3.0,7,27,0.226,1.53,0.0,1.0,0.0,0.0,116.0,10.0,5,0.0,3.0,3.0
chafian01,2022,1,DET,AL,2,3,64,0,0,0,3,172,48,18,5.0,19,67,0.222,2.83,0.0,4.0,3.0,0.0,243.0,10.0,26,2.0,3.0,8.0
chafian01,2023,1,ARI,NL,2,3,43,0,0,0,8,103,31,16,3.0,18,49,0.235,4.19,0.0,1.0,0.0,0.0,150.0,14.0,17,0.0,0.0,2.0
chafian01,2023,2,MIL,NL,1,1,20,0,0,0,0,51,14,11,3.0,10,14,0.222,5.82,0.0,1.0,1.0,0.0,74.0,5.0,13,0.0,0.0,3.0
chafian01,2024,1,DET,AL,3,2,41,0,0,0,1,111,35,13,2.0,16,50,0.245,3.16,2.0,3.0,1.0,0.0,162.0,11.0,16,0.0,2.0,4.0
chafian01,2024,2,TEX,AL,1,1,21,0,0,0,0,58,17,9,3.0,15,20,0.25,4.19,2.0,4.0,0.0,0.0,84.0,2.0,10,0.0,1.0,2.0
chafian01,2025,1,WAS,NL,1,1,26,0,0,0,0,60,20,6,1.0,12,18,0.267,2.7,0.0,5.0,0.0,0.0,88.0,6.0,8,1.0,0.0,2.0
chafian01,2025,2,LAA,AL,0,0,16,0,0,0,0,41,9,3,1.0,7,18,0.191,1.98,0.0,3.0,0.0,0.0,55.0,3.0,3,0.0,1.0,1.0
chandbu01,2025,1,PIT,NL,4,1,7,4,0,0,1,94,25,14,2.0,4,31,0.214,4.02,0.0,1.0,3.0,0.0,124.0,1.0,14,0.0,0.0,3.0
changyu01,2022,3,TBA,AL,0,0,2,0,0,0,0,6,6,3,1.0,0,0,0.6,13.5,0.0,0.0,0.0,0.0,11.0,2.0,3,0.0,1.0,1.0
chapmar01,2020,1,NYA,AL,1,1,13,0,0,0,3,35,6,4,2.0,4,22,0.15,3.09,0.0,0.0,1.0,1.0,45.0,8.0,4,0.0,0.0,0.0
chapmar01,2021,1,NYA,AL,6,4,61,0,0,0,30,169,36,21,9.0,38,97,0.182,3.36,2.0,7.0,3.0,0.0,243.0,46.0,23,2.0,2.0,0.0
chapmar01,2022,1,NYA,AL,4,4,43,0,0,0,9,109,24,18,4.0,28,43,0.188,4.46,0.0,6.0,1.0,0.0,160.0,19.0,18,0.0,2.0,1.0
chapmar01,2023,1,KCA,AL,4,2,31,0,0,0,2,88,16,8,0.0,20,53,0.158,2.45,0.0,2.0,0.0,1.0,122.0,9.0,10,0.0,1.0,1.0
chapmar01,2023,2,TEX,AL,2,3,30,0,0,0,4,87,21,12,4.0,16,50,0.191,3.72,2.0,7.0,1.0,1.0,127.0,9.0,14,0.0,0.0,0.0
chapmar01,2024,1,PIT,NL,5,5,68,0,0,0,14,185,44,26,5.0,39,98,0.198,3.79,0.0,4.0,2.0,2.0,265.0,18.0,31,0.0,2.0,3.0
chapmar01,2025,1,BOS,AL,5,3,67,0,0,0,32,184,28,8,3.0,15,85,0.132,1.17,0.0,6.0,0.0,0.0,228.0,43.0,9,0.0,1.0,2.0
chargjt01,2021,1,SEA,AL,1,0,31,0,0,0,0,90,23,10,2.0,6,29,0.217,3.0,0.0,2.0,5.0,1.0,118.0,0.0,11,0.0,1.0,3.0
chargjt01,2021,2,TBA,AL,5,1,25,0,0,0,0,71,15,5,3.0,14,24,0.183,1.9,3.0,0.0,1.0,0.0,98.0,3.0,5,0.0,1.0,3.0
chargjt01,2022,1,TBA,AL,2,0,21,3,0,0,0,67,16,6,3.0,5,17,0.203,2.42,0.0,0.0,2.0,0.0,86.0,3.0,7,0.0,0.0,5.0
chargjt01,2023,1,MIA,NL,1,0,46,5,0,0,1,127,35,17,3.0,18,35,0.232,3.61,1.0,0.0,0.0,0.0,174.0,8.0,17,0.0,3.0,7.0
chargjt01,2024,1,MIA,NL,1,0,15,0,0,0,0,50,15,3,3.0,7,12,0.234,1.62,1.0,0.0,0.0,0.0,71.0,7.0,3,0.0,0.0,0.0
chargjt01,2024,2,SEA,AL,2,1,21,0,0,0,0,59,9,6,3.0,6,18,0.134,2.75,0.0,0.0,2.0,0.0,75.0,2.0,6,0.0,0.0,1.0
chatwty01,2020,1,CHN,NL,2,2,5,5,0,0,0,56,22,11,2.0,9,25,0.289,5.3,0.0,1.0,0.0,0.0,86.0,0.0,11,0.0,1.0,0.0
chatwty01,2021,1,TOR,AL,1,2,30,0,0,0,1,84,20,17,1.0,20,32,0.196,5.46,0.0,1.0,3.0,0.0,125.0,3.0,17,0.0,0.0,4.0
chatwty01,2021,2,SFN,NL,0,1,2,0,0,0,0,12,6,3,1.0,1,6,0.333,6.75,0.0,0.0,1.0,0.0,20.0,2.0,5,0.0,0.0,0.0
chaveje01,2020,1,TEX,AL,0,0,18,0,0,0,0,51,20,13,6.0,7,13,0.303,6.88,0.0,0.0,1.0,0.0,77.0,5.0,13,0.0,3.0,1.0
chaveje01,2021,1,ATL,NL,3,2,30,4,0,0,0,101,23,8,0.0,11,36,0.192,2.14,1.0,3.0,0.0,0.0,133.0,6.0,9,0.0,2.0,3.0
chaveje01,2022,1,CHN,NL,0,0,3,0,0,0,0,17,7,4,1.0,2,3,0.318,6.35,0.0,0.0,0.0,0.0,24.0,0.0,4,0.0,0.0,1.0
chaveje01,2022,2,LAA,AL,1,0,11,0,0,0,0,32,15,9,2.0,4,10,0.326,7.59,0.0,0.0,0.0,0.0,50.0,6.0,12,0.0,0.0,1.0
chaveje01,2022,3,ATL,NL,3,3,46,1,0,0,0,159,49,16,5.0,14,61,0.333,2.72,0.0,2.0,1.0,1.0,218.0,8.0,18,1.0,1.0,2.0
chaveje01,2023,1,ATL,NL,1,0,36,1,0,0,1,104,26,6,2.0,12,39,0.203,1.56,0.0,0.0,3.0,0.0,144.0,7.0,10,0.0,1.0,3.0
chaveje01,2024,1,ATL,NL,2,2,46,0,0,0,0,190,60,22,10.0,19,55,0.249,3.13,1.0,0.0,1.0,1.0,264.0,16.0,27,1.0,2.0,6.0
chaveje01,2025,1,ATL,NL,0,1,4,0,0,0,0,24,14,8,4.0,5,8,0.368,9.0,0.0,0.0,0.0,0.0,43.0,0.0,8,0.0,0.0,0.0
chiriyo01,2020,1,TBA,AL,0,0,3,3,0,0,0,34,14,3,2.0,4,10,0.304,2.38,0.0,0.0,2.0,0.0,52.0,0.0,4,0.0,0.0,1.0
chiriyo01,2022,1,TBA,AL,1,0,2,1,0,0,0,21,7,0,0.0,1,6,0.25,0.0,0.0,1.0,1.0,0.0,30.0,0.0,0,0.0,0.0,0.0
chiriyo01,2023,1,TBA,AL,4,4,15,4,0,0,0,188,58,28,10.0,20,31,0.247,4.02,0.0,2.0,4.0,0.0,262.0,1.0,30,0.0,2.0,6.0
chiriyo01,2023,2,ATL,NL,1,1,5,5,0,0,0,67,33,23,5.0,7,22,0.344,9.27,0.0,1.0,1.0,0.0,105.0,0.0,23,0.0,1.0,3.0
chiriyo01,2024,1,MIA,NL,0,2,6,6,0,0,0,90,43,21,7.0,13,25,0.339,6.3,0.0,1.0,3.0,0.0,144.0,0.0,21,0.0,1.0,1.0
chivian01,2024,1,COL,NL,2,3,30,0,0,0,1,95,31,16,7.0,10,28,0.254,4.55,0.0,0.0,1.0,0.0,133.0,10.0,17,0.0,0.0,5.0
chivian01,2025,1,COL,NL,1,5,43,0,0,0,0,176,76,46,13.0,23,43,0.309,7.06,1.0,4.0,6.0,0.0,275.0,7.0,49,0.0,0.0,5.0
churcma01,2024,1,TEX,AL,0,0,1,0,0,0,0,3,1,0,0.0,0,1,0.25,0.0,0.0,0.0,0.0,0.0,4.0,0.0,0,0.0,0.0,0.0
churcma01,2025,1,TEX,AL,0,0,5,0,0,0,0,14,4,2,0.0,6,5,0.25,3.86,0.0,0.0,0.0,0.0,23.0,0.0,2,0.0,1.0,1.0
cimbead01,2020,1,CLE,AL,0,1,14,0,0,0,0,34,13,5,1.0,2,5,0.289,3.97,0.0,0.0,0.0,0.0,49.0,5.0,5,0.0,2.0,0.0
cimbead01,2021,1,MIA,NL,1,2,33,0,0,0,0,103,30,11,0.0,11,21,0.242,2.88,4.0,1.0,5.0,0.0,140.0,10.0,14,0.0,0.0,4.0
cimbead01,2021,2,TOR,AL,2,2,39,0,0,0,1,112,31,7,2.0,5,30,0.226,1.69,0.0,0.0,2.0,0.0,146.0,9.0,10,0.0,2.0,3.0
cimbead01,2022,1,TOR,AL,10,6,77,0,0,0,4,212,66,22,6.0,13,58,0.248,2.8,1.0,1.0,8.0,0.0,293.0,15.0,28,4.0,2.0,4.0
cimbead01,2023,1,TOR,AL,0,2,22,0,0,0,1,62,25,17,6.0,7,12,0.301,7.4,0.0,0.0,4.0,0.0,95.0,6.0,18,0.0,1.0,4.0
cimbead01,2024,1,LAA,AL,3,0,28,0,0,0,0,73,20,19,1.0,14,19,0.235,7.03,2.0,1.0,6.0,0.0,107.0,2.0,19,1.0,1.0,4.0
cishest01,2020,1,CHA,AL,0,0,22,0,0,0,0,60,21,12,4.0,9,21,0.269,5.4,0.0,0.0,4.0,0.0,93.0,8.0,12,0.0,2.0,1.0
cishest01,2021,1,LAA,AL,0,2,74,0,0,0,0,205,61,26,2.0,41,64,0.238,3.42,5.0,4.0,6.0,2.0,308.0,9.0,32,1.0,4.0,7.0
cishest01,2022,1,WAS,NL,1,4,69,0,0,0,1,199,54,31,11.0,27,74,0.223,4.21,1.0,3.0,13.0,0.0,287.0,12.0,33,1.0,4.0,3.0
cisnejo01,2020,1,DET,AL,3,3,29,0,0,0,0,89,23,10,1.0,10,34,0.209,3.03,0.0,0.0,3.0,0.0,123.0,2.0,10,0.0,0.0,1.0
cisnejo01,2021,1,DET,AL,4,4,67,0,0,0,4,185,51,25,6.0,31,62,0.226,3.65,1.0,4.0,4.0,0.0,265.0,11.0,34,2.0,2.0,8.0
cisnejo01,2022,1,DET,AL,1,0,28,0,0,0,0,75,15,3,0.0,19,23,0.176,1.08,0.0,1.0,1.0,0.0,105.0,6.0,4,0.0,0.0,4.0
cisnejo01,2023,1,DET,AL,3,4,63,0,0,0,2,178,63,35,10.0,25,70,0.27,5.31,2.0,9.0,5.0,0.0,267.0,18.0,39,1.0,2.0,5.0
cisnejo01,2024,1,LAA,AL,0,0,15,0,0,0,0,47,18,12,4.0,8,17,0.29,6.89,0.0,3.0,2.0,0.0,74.0,3.0,15,1.0,1.0,2.0
civalaa01,2020,1,CLE,AL,4,6,12,12,1,0,0,222,82,39,11.0,16,69,0.282,4.74,0.0,0.0,3.0,1.0,312.0,0.0,39,0.0,2.0,8.0
civalaa01,2021,1,CLE,AL,12,5,21,21,0,0,0,373,108,53,23.0,31,99,0.236,3.84,0.0,3.0,4.0,1.0,498.0,0.0,56,1.0,4.0,11.0
civalaa01,2022,1,CLE,AL,5,6,20,20,0,0,0,291,93,53,14.0,22,98,0.249,4.92,1.0,1.0,7.0,0.0,407.0,0.0,58,0.0,5.0,5.0
civalaa01,2023,1,CLE,AL,5,2,13,13,0,0,0,231,58,20,5.0,22,58,0.207,2.34,0.0,4.0,2.0,0.0,306.0,0.0,20,0.0,1.0,5.0
civalaa01,2023,2,TBA,AL,2,3,10,10,0,0,0,136,51,27,7.0,11,58,0.279,5.36,0.0,1.0,3.0,0.0,198.0,0.0,27,1.0,0.0,4.0
civalaa01,2024,1,TBA,AL,2,6,17,17,0,0,0,261,93,49,16.0,27,84,0.27,5.07,0.0,1.0,4.0,0.0,378.0,0.0,51,1.0,1.0,10.0
civalaa01,2024,2,MIL,NL,6,3,14,14,0,0,0,222,65,29,13.0,25,65,0.23,3.53,0.0,0.0,2.0,0.0,311.0,0.0,31,1.0,1.0,2.0
civalaa01,2025,1,MIL,NL,1,2,5,5,0,0,0,66,23,12,5.0,7,19,0.274,4.91,1.0,0.0,2.0,0.0,94.0,0.0,12,1.0,0.0,3.0
civalaa01,2025,2,CHA,AL,2,7,13,13,0,0,0,201,66,40,8.0,26,55,0.253,5.37,0.0,0.0,2.0,2.0,291.0,0.0,44,0.0,2.0,4.0
civalaa01,2025,3,CHN,NL,1,0,5,0,0,0,1,39,7,3,3.0,0,14,0.149,2.08,0.0,0.0,3.0,0.0,50.0,2.0,3,0.0,0.0,0.0
clarkta01,2020,1,ARI,NL,3,0,12,5,0,0,0,130,35,21,8.0,21,40,0.217,4.36,2.0,0.0,0.0,0.0,183.0,2.0,23,0.0,1.0,4.0
clarkta01,2021,1,ARI,NL,1,3,43,0,0,0,0,130,52,24,4.0,14,39,0.291,4.98,2.0,2.0,0.0,0.0,194.0,10.0,28,0.0,1.0,2.0
clarkta01,2022,1,KCA,AL,3,1,47,0,0,0,3,147,50,22,6.0,8,48,0.26,4.04,0.0,3.0,1.0,0.0,203.0,8.0,25,0.0,2.0,2.0
clarkta01,2023,1,KCA,AL,3,6,58,2,0,0,3,177,71,39,12.0,24,65,0.303,5.95,1.0,3.0,3.0,0.0,266.0,11.0,42,1.0,3.0,0.0
clarkta01,2025,1,KCA,AL,1,1,51,0,0,0,1,166,38,20,8.0,9,44,0.194,3.25,0.0,5.0,1.0,0.0,206.0,15.0,20,0.0,0.0,6.0
claseem01,2021,1,CLE,AL,4,5,71,0,0,0,24,209,51,10,2.0,16,74,0.195,1.29,3.0,3.0,0.0,1.0,279.0,51.0,18,1.0,0.0,6.0
claseem01,2022,1,CLE,AL,3,4,77,0,0,0,42,218,43,11,3.0,10,77,0.167,1.36,2.0,4.0,1.0,0.0,271.0,67.0,18,1.0,1.0,9.0
claseem01,2023,1,CLE,AL,3,9,75,0,0,0,44,218,68,26,4.0,16,64,0.242,3.22,2.0,5.0,1.0,1.0,302.0,65.0,37,1.0,3.0,5.0
claseem01,2024,1,CLE,AL,4,2,74,0,0,0,47,223,39,5,2.0,10,66,0.154,0.61,1.0,2.0,2.0,0.0,270.0,66.0,10,2.0,3.0,6.0
claseem01,2025,1,CLE,AL,5,3,48,0,0,0,24,142,46,17,2.0,12,47,0.256,3.23,2.0,4.0,4.0,0.0,201.0,41.0,20,1.0,4.0,1.0
claudal01,2020,1,MIL,NL,0,0,20,0,0,0,1,57,18,9,2.0,6,15,0.243,4.26,0.0,2.0,1.0,0.0,81.0,7.0,10,0.0,0.0,2.0
claudal01,2021,1,LAA,AL,1,2,41,0,0,0,1,98,37,20,6.0,15,30,0.278,5.51,1.0,1.0,0.0,0.0,148.0,11.0,22,0.0,0.0,2.0
claudal01,2022,1,NYN,NL,0,0,3,0,0,0,0,10,1,0,0.0,2,2,0.091,0.0,0.0,0.0,0.0,0.0,13.0,2.0,0,0.0,0.0,0.0
claudal01,2023,1,MIL,NL,0,0,1,0,0,0,0,1,2,0,0.0,0,0,0.667,0.0,0.0,0.0,0.0,0.0,3.0,0.0,0,0.0,0.0,0.0
claysa01,2021,1,WAS,NL,0,5,58,0,0,0,0,135,55,28,4.0,22,34,0.296,5.6,5.0,3.0,5.0,0.0,214.0,9.0,32,0.0,1.0,4.0
claysa01,2022,1,WAS,NL,0,0,6,0,0,0,0,13,3,5,1.0,3,3,0.2,10.38,0.0,0.0,4.0,0.0,23.0,0.0,5,1.0,0.0,0.0
claysa01,2022,2,NYN,NL,0,0,1,0,0,0,0,3,1,0,0.0,1,2,0.2,0.0,0.0,0.0,0.0,0.0,6.0,1.0,1,0.0,0.0,0.0
cleavga01,2020,1,PHI,NL,0,0,1,0,0,0,0,2,2,1,1.0,0,1,0.5,13.5,0.0,0.0,0.0,0.0,4.0,1.0,1,0.0,0.0,0.0
cleavga01,2021,1,LAN,NL,2,4,22,1,0,0,0,54,20,6,4.0,12,21,0.29,3.0,1.0,0.0,1.0,0.0,84.0,7.0,11,1.0,1.0,4.0
cleavga01,2022,1,LAN,NL,0,1,4,0,0,0,0,13,6,5,1.0,3,7,0.333,10.38,0.0,0.0,1.0,0.0,24.0,1.0,7,1.0,1.0,0.0
cleavga01,2022,2,TBA,AL,1,0,13,0,0,0,0,56,8,5,1.0,4,25,0.125,2.41,0.0,0.0,0.0,0.0,68.0,2.0,5,0.0,0.0,0.0
cleavga01,2023,1,TBA,AL,1,0,15,0,0,0,0,36,6,4,2.0,6,14,0.146,3.0,0.0,1.0,1.0,0.0,48.0,3.0,5,0.0,0.0,2.0
cleavga01,2024,1,TBA,AL,7,5,68,0,0,0,6,180,52,25,6.0,31,71,0.231,3.75,0.0,2.0,7.0,0.0,266.0,15.0,29,0.0,3.0,3.0
cleavga01,2025,1,TBA,AL,2,6,67,0,0,0,2,184,40,16,9.0,18,82,0.184,2.35,0.0,1.0,7.0,0.0,243.0,9.0,17,0.0,1.0,3.0
clemeer01,2022,1,CLE,AL,0,0,2,0,0,0,0,6,6,4,2.0,0,0,0.6,18.0,0.0,1.0,0.0,0.0,11.0,2.0,4,0.0,1.0,1.0
clemeer01,2023,1,TOR,AL,0,0,1,0,0,0,0,3,3,1,0.0,0,0,0.5,9.0,0.0,0.0,1.0,0.0,7.0,1.0,1,0.0,0.0,0.0
clemeer01,2024,1,TOR,AL,0,0,1,0,0,0,0,3,2,1,0.0,0,0,0.4,9.0,0.0,0.0,0.0,0.0,5.0,1.0,1,0.0,0.0,0.0
clemeko01,2022,1,DET,AL,0,0,7,0,0,0,0,21,12,3,0.0,1,1,0.375,3.86,0.0,0.0,0.0,0.0,33.0,6.0,3,0.0,0.0,1.0
clemeko01,2023,1,PHI,NL,0,0,4,0,0,0,0,8,4,1,0.0,3,1,0.333,3.38,0.0,0.0,0.0,0.0,15.0,4.0,1,0.0,0.0,0.0
clemeko01,2024,1,PHI,NL,0,0,1,0,0,0,0,3,2,1,1.0,1,0,0.4,9.0,0.0,0.0,0.0,0.0,6.0,1.0,1,0.0,0.0,0.0
clemeko01,2025,2,MIN,AL,0,0,1,0,0,0,0,3,3,2,2.0,0,0,0.5,18.0,0.0,0.0,0.0,0.0,6.0,1.0,2,0.0,0.0,0.0
clevimi01,2020,1,CLE,AL,1,1,4,4,0,0,0,68,20,8,5.0,11,21,0.247,3.18,0.0,0.0,0.0,0.0,93.0,0.0,8,0.0,0.0,2.0
clevimi01,2020,2,SDN,NL,2,1,4,4,1,1,0,57,14,6,1.0,3,19,0.212,2.84,0.0,2.0,0.0,0.0,69.0,0.0,6,0.0,0.0,1.0
clevimi01,2022,1,SDN,NL,7,7,23,22,0,0,0,343,102,55,20.0,35,91,0.233,4.33,0.0,3.0,10.0,0.0,485.0,0.0,56,1.0,2.0,4.0
clevimi01,2023,1,CHA,AL,9,9,24,24,2,0,0,394,121,55,16.0,40,110,0.244,3.77,0.0,6.0,9.0,0.0,549.0,0.0,56,1.0,3.0,10.0
clevimi01,2024,1,CHA,AL,0,3,4,4,0,0,0,48,22,12,4.0,9,15,0.319,6.75,1.0,2.0,0.0,0.0,78.0,0.0,13,0.0,0.0,1.0
clevimi01,2025,1,CHA,AL,0,2,8,0,0,0,0,17,5,5,0.0,8,3,0.227,7.94,0.0,1.0,0.0,0.0,31.0,3.0,5,0.0,1.0,0.0
clippty01,2020,1,MIN,AL,2,1,26,2,0,0,0,78,19,8,2.0,4,26,0.202,2.77,0.0,2.0,0.0,0.0,98.0,1.0,9,0.0,0.0,0.0
clippty01,2021,1,ARI,NL,1,1,26,0,0,0,6,76,22,9,3.0,11,21,0.232,3.2,1.0,1.0,3.0,0.0,111.0,15.0,12,1.0,1.0,2.0
clippty01,2022,1,WAS,NL,0,0,4,0,0,0,0,15,6,4,1.0,4,4,0.286,7.2,0.0,0.0,3.0,0.0,28.0,3.0,4,0.0,0.0,0.0
cobbal01,2020,1,BAL,AL,2,5,10,10,0,0,0,157,52,25,8.0,18,38,0.252,4.3,0.0,1.0,2.0,0.0,226.0,0.0,27,0.0,0.0,6.0
cobbal01,2021,1,LAA,AL,8,3,18,18,0,0,0,280,85,39,5.0,33,98,0.24,3.76,0.0,4.0,3.0,0.0,393.0,0.0,46,1.0,2.0,11.0
cobbal01,2022,1,SFN,NL,7,8,28,28,0,0,0,449,152,62,9.0,43,151,0.262,3.73,0.0,4.0,3.0,1.0,631.0,0.0,72,1.0,3.0,13.0
cobbal01,2023,1,SFN,NL,7,7,28,28,2,1,0,454,163,65,19.0,37,131,0.272,3.87,0.0,7.0,6.0,5.0,646.0,0.0,69,1.0,2.0,16.0
cobbal01,2024,1,CLE,AL,2,1,3,3,0,0,0,49,14,5,1.0,3,10,0.241,2.76,0.0,0.0,0.0,0.0,62.0,0.0,7,0.0,1.0,4.0
codyky01,2020,1,TEX,AL,1,1,8,5,0,0,0,68,15,4,1.0,13,18,0.19,1.59,0.0,3.0,0.0,0.0,92.0,3.0,5,0.0,0.0,3.0
codyky01,2021,1,TEX,AL,0,2,7,0,0,0,0,34,16,10,3.0,2,14,0.327,7.94,0.0,1.0,3.0,0.0,55.0,2.0,11,0.0,1.0,1.0
coleaj01,2020,1,TOR,AL,3,0,24,0,0,0,1,70,19,8,3.0,9,20,0.226,3.09,2.0,3.0,0.0,0.0,95.0,7.0,9,1.0,1.0,1.0
coleaj01,2021,1,TOR,AL,0,0,6,0,0,0,1,24,6,1,1.0,1,7,0.207,1.13,0.0,0.0,0.0,0.0,30.0,4.0,1,0.0,0.0,0.0
colege01,2020,1,NYA,AL,7,3,12,12,2,1,0,219,53,23,14.0,17,94,0.197,2.84,0.0,2.0,2.0,0.0,288.0,0.0,27,0.0,0.0,3.0
colege01,2021,1,NYA,AL,16,8,30,30,2,1,0,544,151,65,24.0,41,243,0.223,3.23,0.0,5.0,2.0,1.0,726.0,0.0,69,0.0,6.0,15.0
colege01,2022,1,NYA,AL,13,8,33,33,0,0,0,602,154,78,33.0,50,257,0.209,3.5,0.0,2.0,2.0,2.0,793.0,0.0,81,0.0,2.0,12.0
colege01,2023,1,NYA,AL,15,4,33,33,2,2,0,627,157,61,20.0,48,222,0.206,2.63,0.0,4.0,7.0,1.0,821.0,0.0,64,2.0,2.0,14.0
colege01,2024,1,NYA,AL,8,5,17,17,0,0,0,285,78,36,11.0,29,99,0.22,3.41,1.0,0.0,6.0,0.0,390.0,0.0,38,0.0,0.0,7.0
colemdy01,2021,1,KCA,AL,0,0,5,0,0,0,0,19,5,1,0.0,1,7,0.208,1.42,0.0,1.0,0.0,0.0,25.0,1.0,1,0.0,0.0,0.0
colemdy01,2022,1,KCA,AL,5,2,68,0,0,0,0,204,47,21,5.0,37,71,0.194,2.78,1.0,7.0,6.0,0.0,289.0,9.0,26,0.0,4.0,4.0
colemdy01,2023,1,KCA,AL,0,2,23,1,0,0,0,55,18,18,3.0,19,21,0.261,8.84,1.0,3.0,5.0,0.0,96.0,8.0,19,0.0,3.0,2.0
colemdy01,2024,1,HOU,AL,0,0,1,0,0,0,0,3,0,0,0.0,1,1,0.0,0.0,0.0,0.0,0.0,0.0,4.0,1.0,0,0.0,0.0,0.0
colined01,2020,1,MIN,AL,0,0,1,0,0,0,0,1,4,3,1.0,2,0,0.8,81.0,0.0,0.0,0.0,0.0,7.0,0.0,3,0.0,0.0,0.0
colomal01,2020,1,CHA,AL,2,0,21,0,0,0,12,67,13,2,0.0,8,16,0.163,0.81,0.0,0.0,1.0,0.0,90.0,18.0,3,0.0,0.0,1.0
colomal01,2021,1,MIN,AL,4,4,67,0,0,0,17,195,68,30,8.0,23,58,0.264,4.15,1.0,2.0,4.0,0.0,290.0,31.0,41,1.0,4.0,7.0
colomal01,2022,1,COL,NL,2,7,53,0,0,0,4,141,57,30,5.0,22,32,0.3,5.74,2.0,4.0,0.0,1.0,215.0,13.0,36,0.0,2.0,5.0
colomal01,2023,1,CHA,AL,0,1,4,0,0,0,0,9,2,2,1.0,3,2,0.167,6.0,0.0,0.0,0.0,1.0,15.0,2.0,4,0.0,0.0,1.0
conlead01,2021,1,TBA,AL,0,0,17,0,0,0,0,59,14,5,2.0,6,16,0.212,2.29,0.0,0.0,2.0,0.0,76.0,3.0,5,0.0,2.0,3.0
contrlu01,2024,1,HOU,AL,0,0,5,0,0,0,0,18,7,6,0.0,2,6,0.292,9.0,0.0,0.0,0.0,0.0,26.0,3.0,6,0.0,0.0,1.0
contrlu01,2025,1,HOU,AL,0,0,9,0,0,0,0,36,11,9,2.0,8,13,0.239,6.75,0.0,1.0,0.0,0.0,54.0,4.0,9,0.0,0.0,1.0
contrro01,2021,1,PIT,NL,0,0,1,1,0,0,0,9,3,0,0.0,1,4,0.273,0.0,0.0,0.0,0.0,0.0,12.0,0.0,0,0.0,0.0,0.0
contrro01,2022,1,PIT,NL,5,5,21,18,0,0,0,285,82,40,13.0,39,86,0.225,3.79,1.0,11.0,2.0,0.0,408.0,1.0,45,0.0,2.0,3.0
contrro01,2023,1,PIT,NL,3,7,19,11,0,0,1,205,75,50,11.0,32,55,0.282,6.59,1.0,3.0,1.0,0.0,302.0,1.0,50,2.0,1.0,6.0
contrro01,2024,1,PIT,NL,1,0,12,0,0,0,0,49,19,8,3.0,8,16,0.292,4.41,2.0,0.0,0.0,0.0,74.0,6.0,8,1.0,0.0,0.0
contrro01,2024,2,LAA,AL,1,4,37,3,0,0,2,156,44,25,8.0,23,40,0.227,4.33,4.0,3.0,4.0,0.0,224.0,14.0,28,0.0,3.0,2.0
contrro01,2025,1,BAL,AL,0,0,1,0,0,0,0,13,3,0,0.0,1,2,0.2,0.0,0.0,0.0,1.0,0.0,17.0,0.0,0,0.0,0.0,0.0
contrro01,2025,2,COL,NL,0,0,4,0,0,0,0,25,9,8,3.0,1,4,0.273,8.64,0.0,0.0,0.0,0.0,34.0,1.0,8,0.0,0.0,1.0
coonrsa01,2020,1,SFN,NL,0,2,18,0,0,0,3,44,17,16,2.0,7,15,0.283,9.82,0.0,1.0,2.0,0.0,71.0,5.0,16,0.0,1.0,0.0
coonrsa01,2021,1,PHI,NL,2,2,42,2,0,0,2,127,41,19,5.0,15,48,0.247,4.04,1.0,4.0,3.0,0.0,185.0,7.0,21,0.0,1.0,3.0
coonrsa01,2022,1,PHI,NL,0,0,12,0,0,0,0,38,12,11,1.0,7,12,0.267,7.82,0.0,1.0,3.0,0.0,58.0,3.0,12,0.0,3.0,2.0
coonrsa01,2023,1,NYN,NL,0,0,10,0,0,0,0,20,5,7,0.0,8,6,0.208,9.45,0.0,1.0,2.0,0.0,34.0,2.0,7,0.0,0.0,0.0
corbipa01,2020,1,WAS,NL,2,7,11,11,0,0,0,197,85,34,10.0,18,60,0.308,4.66,1.0,1.0,0.0,1.0,295.0,0.0,35,0.0,1.0,7.0
corbipa01,2021,1,WAS,NL,9,16,31,31,0,0,0,515,192,111,37.0,60,143,0.286,5.82,2.0,0.0,3.0,0.0,751.0,0.0,114,10.0,5.0,19.0
corbipa01,2022,1,WAS,NL,6,19,31,31,1,0,0,458,210,107,27.0,49,128,0.321,6.31,1.0,2.0,7.0,0.0,713.0,0.0,119,1.0,1.0,14.0
corbipa01,2023,1,WAS,NL,10,15,32,32,0,0,0,540,210,104,33.0,57,124,0.293,5.2,0.0,6.0,4.0,0.0,790.0,0.0,113,3.0,9.0,15.0
corbipa01,2024,1,WAS,NL,6,13,32,32,0,0,0,524,208,109,25.0,54,139,0.298,5.62,1.0,3.0,3.0,0.0,764.0,0.0,114,2.0,8.0,16.0
corbipa01,2025,1,TEX,AL,7,11,31,30,1,0,0,466,161,76,21.0,51,131,0.267,4.4,1.0,6.0,3.0,0.0,663.0,1.0,79,3.0,4.0,10.0
cordeji01,2020,1,CHA,AL,1,2,30,0,0,0,0,80,33,18,2.0,9,22,0.3,6.08,2.0,3.0,3.0,0.0,124.0,4.0,21,1.0,1.0,3.0
cordeji01,2023,1,NYA,AL,3,2,31,1,0,0,0,98,25,14,2.0,10,34,0.208,3.86,0.0,5.0,2.0,1.0,132.0,6.0,14,0.0,0.0,3.0
cornijo01,2025,1,TEX,AL,0,1,1,0,0,0,0,5,3,3,1.0,1,1,0.375,16.2,0.0,0.0,0.0,0.0,9.0,1.0,4,0.0,0.0,0.0
cortene01,2020,1,SEA,AL,0,1,5,1,0,0,0,23,12,13,6.0,6,8,0.343,15.26,0.0,0.0,2.0,0.0,44.0,2.0,14,0.0,0.0,0.0
cortene01,2021,1,NYA,AL,2,3,22,14,0,0,0,279,75,30,14.0,25,103,0.217,2.9,0.0,2.0,2.0,1.0,374.0,3.0,32,1.0,1.0,6.0
cortene01,2022,1,NYA,AL,12,4,28,28,1,1,0,475,108,43,16.0,38,163,0.189,2.44,0.0,1.0,2.0,0.0,615.0,0.0,44,0.0,3.0,6.0
cortene01,2023,1,NYA,AL,5,2,12,12,0,0,0,190,59,35,11.0,20,67,0.244,4.97,0.0,0.0,3.0,0.0,266.0,0.0,36,0.0,1.0,5.0
cortene01,2024,1,NYA,AL,9,10,31,30,0,0,0,523,162,73,24.0,39,162,0.245,3.77,0.0,2.0,4.0,1.0,710.0,1.0,74,2.0,4.0,10.0
cortene01,2025,1,MIL,NL,1,1,2,2,0,0,0,24,7,8,5.0,7,8,0.226,9.0,0.0,0.0,0.0,0.0,38.0,0.0,8,0.0,0.0,0.0
cortene01,2025,2,SDN,NL,1,3,6,6,0,0,0,79,29,16,8.0,13,21,0.282,5.47,0.0,0.0,2.0,0.0,119.0,0.0,16,0.0,1.0,2.0
cosgrto01,2023,1,SDN,NL,1,2,54,0,0,0,1,154,31,10,3.0,19,44,0.173,1.75,1.0,1.0,5.0,0.0,205.0,16.0,12,1.0,1.0,2.0
cosgrto01,2024,1,SDN,NL,0,1,18,0,0,0,0,44,23,19,3.0,6,15,0.348,11.66,0.0,0.0,4.0,0.0,76.0,3.0,19,0.0,0.0,1.0
cosgrto01,2025,1,CHN,NL,0,0,2,0,0,0,0,12,3,1,0.0,1,3,0.2,2.25,0.0,0.0,0.0,0.0,16.0,2.0,1,0.0,0.0,0.0
cottojh01,2021,1,TEX,AL,2,0,23,0,0,0,0,92,28,12,2.0,15,30,0.237,3.52,0.0,1.0,2.0,0.0,137.0,5.0,12,0.0,2.0,0.0
cottojh01,2022,1,MIN,AL,2,2,25,0,0,0,0,105,23,11,7.0,16,31,0.185,2.83,0.0,2.0,2.0,0.0,144.0,7.0,13,0.0,2.0,2.0
cottojh01,2022,2,SFN,NL,2,0,5,0,0,0,0,24,11,6,0.0,4,8,0.344,6.75,0.0,1.0,0.0,0.0,37.0,2.0,7,0.0,1.0,1.0
couloda01,2020,1,MIN,AL,0,0,2,0,0,0,0,8,2,0,0.0,3,3,0.2,0.0,0.0,0.0,0.0,0.0,13.0,2.0,0,0.0,0.0,0.0
couloda01,2021,1,MIN,AL,3,2,29,1,0,0,0,103,35,14,5.0,7,33,0.267,3.67,1.0,0.0,0.0,0.0,139.0,13.0,17,1.0,0.0,3.0
couloda01,2022,1,MIN,AL,0,0,10,0,0,0,0,37,7,2,0.0,9,9,0.163,1.46,0.0,1.0,0.0,0.0,53.0,3.0,3,0.0,1.0,0.0
couloda01,2023,1,BAL,AL,5,3,61,0,0,0,2,154,45,16,4.0,12,58,0.231,2.81,0.0,2.0,2.0,2.0,210.0,9.0,17,1.0,0.0,1.0
couloda01,2024,1,BAL,AL,1,0,33,0,0,0,1,89,15,7,3.0,5,32,0.147,2.12,0.0,2.0,0.0,0.0,107.0,3.0,7,0.0,0.0,2.0
couloda01,2025,1,MIN,AL,1,0,40,1,0,0,2,93,21,4,0.0,9,31,0.188,1.16,0.0,1.0,0.0,0.0,122.0,7.0,4,0.0,1.0,1.0
couloda01,2025,2,TEX,AL,1,1,15,0,0,0,0,36,11,7,3.0,9,12,0.25,5.25,0.0,0.0,0.0,0.0,54.0,3.0,7,1.0,0.0,1.0
cousija01,2021,1,MIL,NL,1,0,30,0,0,0,0,90,16,9,3.0,19,44,0.158,2.7,1.0,2.0,4.0,0.0,125.0,3.0,9,1.0,0.0,3.0
cousija01,2022,1,MIL,NL,2,1,12,0,0,0,0,40,10,4,1.0,8,21,0.204,2.7,1.0,4.0,2.0,0.0,59.0,6.0,4,0.0,0.0,1.0
cousija01,2023,1,MIL,NL,0,0,9,0,0,0,0,28,10,5,1.0,10,7,0.286,4.82,0.0,2.0,0.0,0.0,45.0,4.0,5,0.0,0.0,1.0
cousija01,2024,1,NYA,AL,2,1,37,0,0,0,1,114,20,10,5.0,20,53,0.154,2.37,1.0,4.0,5.0,0.0,155.0,6.0,14,0.0,0.0,3.0
coveydy01,2020,1,BOS,AL,0,0,8,0,0,0,0,42,18,11,2.0,2,11,0.31,7.07,0.0,1.0,0.0,0.0,60.0,2.0,11,0.0,0.0,1.0
coveydy01,2023,1,LAN,NL,0,0,1,0,0,0,0,12,5,2,2.0,1,3,0.294,4.5,0.0,0.0,0.0,0.0,18.0,0.0,2,0.0,0.0,0.0
coveydy01,2023,2,PHI,NL,1,3,28,1,0,0,0,117,43,16,3.0,16,27,0.281,3.69,1.0,0.0,2.0,0.0,173.0,19.0,20,0.0,2.0,5.0
coxau01,2023,1,KCA,AL,0,1,24,3,0,0,1,107,28,18,2.0,17,33,0.22,4.54,0.0,1.0,2.0,0.0,149.0,3.0,20,0.0,3.0,3.0
coxau01,2025,1,ATL,NL,0,0,13,1,0,0,0,64,30,21,9.0,7,22,0.319,8.86,0.0,2.0,0.0,0.0,102.0,4.0,21,0.0,1.0,0.0
crawfbr01,2023,1,SFN,NL,0,0,1,0,0,0,0,3,1,0,0.0,1,0,0.25,0.0,0.0,0.0,0.0,0.0,5.0,1.0,0,0.0,0.0,0.0
crawfbr01,2024,1,SLN,NL,0,0,1,0,0,0,0,4,3,4,0.0,2,0,0.429,27.0,0.0,0.0,1.0,0.0,10.0,1.0,4,0.0,0.0,0.0
crawfku01,2021,1,BOS,AL,0,1,1,1,0,0,0,6,5,5,1.0,2,2,0.556,22.5,0.0,0.0,0.0,0.0,13.0,0.0,5,0.0,2.0,0.0
crawfku01,2022,1,BOS,AL,3,6,21,12,0,0,0,232,81,47,12.0,29,77,0.269,5.47,1.0,4.0,2.0,1.0,334.0,3.0,49,0.0,2.0,4.0
crawfku01,2023,1,BOS,AL,6,8,31,23,0,0,0,388,107,58,17.0,36,135,0.221,4.04,0.0,4.0,5.0,0.0,527.0,5.0,59,0.0,2.0,9.0
crawfku01,2024,1,BOS,AL,9,16,33,33,0,0,0,551,155,89,34.0,51,175,0.223,4.36,0.0,4.0,9.0,0.0,759.0,0.0,97,1.0,3.0,9.0
crichst01,2020,1,ARI,NL,2,2,26,0,0,0,5,78,22,7,1.0,9,23,0.229,2.42,4.0,2.0,4.0,0.0,109.0,8.0,7,0.0,0.0,5.0
crichst01,2021,1,ARI,NL,0,4,31,0,0,0,4,70,33,19,3.0,12,17,0.333,7.33,3.0,3.0,4.0,1.0,117.0,11.0,22,0.0,2.0,3.0
crickky01,2020,1,PIT,NL,0,1,7,0,0,0,0,17,7,1,0.0,4,7,0.28,1.59,0.0,0.0,0.0,0.0,29.0,2.0,6,0.0,0.0,0.0
crickky01,2021,1,PIT,NL,1,1,27,0,0,0,0,73,14,12,0.0,19,21,0.175,4.44,0.0,6.0,5.0,0.0,107.0,6.0,14,1.0,2.0,4.0
crickky01,2022,1,CHA,AL,2,0,14,0,0,0,0,47,10,7,0.0,11,19,0.189,4.02,0.0,0.0,2.0,0.0,66.0,3.0,7,0.0,0.0,0.0
crismna01,2020,1,SLN,NL,0,0,6,0,0,0,0,25,6,3,2.0,1,8,0.2,3.24,1.0,0.0,0.0,0.0,31.0,6.0,3,0.0,0.0,1.0
crismna01,2021,1,SDN,NL,3,1,45,0,0,0,0,244,87,34,10.0,24,71,0.274,3.76,2.0,3.0,8.0,0.0,351.0,14.0,40,2.0,0.0,10.0
crismna01,2022,1,SDN,NL,5,2,50,1,0,0,0,202,57,22,5.0,22,65,0.226,2.94,1.0,0.0,2.0,2.0,280.0,14.0,29,0.0,4.0,7.0
crismna01,2023,1,SDN,NL,0,1,7,0,0,0,0,33,17,12,3.0,7,9,0.347,9.82,0.0,2.0,1.0,0.0,57.0,3.0,12,0.0,0.0,0.0
crismna01,2023,2,ARI,NL,0,1,1,0,0,0,0,6,2,0,0.0,0,3,0.25,0.0,0.0,0.0,0.0,1.0,8.0,1.0,1,0.0,0.0,0.0
crismna01,2024,1,LAN,NL,1,1,5,0,0,0,0,21,7,2,1.0,0,6,0.269,2.57,0.0,0.0,0.0,0.0,26.0,4.0,3,0.0,0.0,2.0
crismna01,2025,1,ARI,NL,3,0,8,5,0,0,0,102,40,14,6.0,9,25,0.282,3.71,0.0,1.0,1.0,0.0,153.0,1.0,20,0.0,1.0,4.0
criswco01,2021,1,LAA,AL,0,1,1,1,0,0,0,4,6,3,0.0,0,0,0.6,20.25,0.0,0.0,0.0,0.0,10.0,0.0,3,0.0,0.0,0.0
criswco01,2022,1,TBA,AL,0,0,1,1,0,0,0,10,2,1,0.0,1,4,0.167,2.7,0.0,0.0,0.0,0.0,13.0,0.0,1,0.0,0.0,0.0
criswco01,2023,1,TBA,AL,1,1,10,0,0,0,0,99,40,21,6.0,11,27,0.296,5.73,1.0,2.0,4.0,0.0,151.0,4.0,23,0.0,1.0,4.0
criswco01,2024,1,BOS,AL,6,5,26,18,0,0,0,298,103,45,10.0,31,73,0.273,4.08,0.0,2.0,7.0,0.0,424.0,4.0,52,1.0,8.0,15.0
criswco01,2025,1,BOS,AL,1,0,7,1,0,0,1,53,23,7,3.0,5,9,0.311,3.57,0.0,0.0,0.0,0.0,80.0,5.0,10,0.0,1.0,1.0
criswje01,2024,1,COL,NL,1,0,13,0,0,0,0,59,20,6,4.0,9,27,0.263,2.75,0.0,0.0,1.0,0.0,87.0,1.0,6,0.0,1.0,1.0
crochga01,2020,1,CHA,AL,0,0,5,0,0,0,0,18,3,0,0.0,0,8,0.143,0.0,0.0,0.0,1.0,0.0,22.0,1.0,0,0.0,0.0,0.0
crochga01,2021,1,CHA,AL,3,5,54,0,0,0,0,163,42,17,2.0,27,65,0.213,2.82,2.0,4.0,1.0,0.0,230.0,12.0,22,2.0,2.0,5.0
crochga01,2023,1,CHA,AL,0,2,13,0,0,0,0,38,12,5,1.0,13,12,0.255,3.55,0.0,1.0,1.0,0.0,64.0,5.0,6,1.0,2.0,0.0
crochga01,2024,1,CHA,AL,6,12,32,32,0,0,0,438,123,58,18.0,33,209,0.222,3.58,0.0,3.0,5.0,1.0,595.0,0.0,61,0.0,2.0,8.0
crochga01,2025,1,BOS,AL,18,5,32,32,1,1,0,616,165,59,24.0,46,255,0.216,2.59,0.0,7.0,3.0,3.0,814.0,0.0,62,1.0,1.0,10.0
croneja01,2021,1,SDN,NL,0,0,1,0,0,0,0,2,1,0,0.0,0,1,0.5,0.0,0.0,0.0,0.0,0.0,3.0,1.0,0,0.0,1.0,0.0
cronide01,2023,1,CHA,AL,0,1,9,0,0,0,0,33,11,11,3.0,7,8,0.262,9.0,0.0,0.0,2.0,0.0,51.0,2.0,12,0.0,0.0,2.0
cronide01,2024,1,MIA,NL,3,4,56,0,0,0,0,211,75,34,1.0,25,72,0.274,4.35,3.0,1.0,5.0,0.0,306.0,9.0,41,1.0,1.0,11.0
crousha01,2021,1,PHI,NL,0,2,2,2,0,0,0,21,4,4,2.0,7,2,0.167,5.14,0.0,0.0,0.0,0.0,32.0,0.0,4,1.0,0.0,0.0
crousha01,2024,1,LAA,AL,4,3,25,0,0,0,0,76,14,8,2.0,17,34,0.161,2.84,1.0,1.0,2.0,0.0,107.0,5.0,10,1.0,0.0,2.0
crowewi01,2020,1,WAS,NL,0,2,3,3,0,0,0,25,14,11,5.0,8,8,0.378,11.88,0.0,0.0,1.0,0.0,46.0,0.0,13,0.0,0.0,1.0
crowewi01,2021,1,PIT,NL,4,8,26,25,0,0,0,350,126,71,25.0,57,111,0.276,5.48,1.0,3.0,6.0,1.0,524.0,0.0,75,3.0,1.0,6.0
crowewi01,2022,1,PIT,NL,6,10,60,1,0,0,4,228,68,37,8.0,38,68,0.235,4.38,0.0,3.0,3.0,0.0,332.0,20.0,40,1.0,1.0,10.0
crowewi01,2023,1,PIT,NL,0,1,5,0,0,0,1,29,9,5,1.0,9,9,0.243,4.66,1.0,2.0,1.0,0.0,47.0,2.0,6,0.0,0.0,1.0
cruzfe01,2022,1,CIN,NL,0,1,14,2,0,0,0,44,9,2,1.0,9,21,0.167,1.23,0.0,1.0,1.0,0.0,64.0,1.0,3,0.0,0.0,0.0
cruzfe01,2023,1,CIN,NL,1,2,58,2,0,0,0,198,52,36,6.0,28,98,0.211,4.91,0.0,5.0,2.0,0.0,279.0,15.0,39,0.0,2.0,3.0
cruzfe01,2024,1,CIN,NL,3,8,69,3,0,0,0,200,54,36,9.0,35,109,0.216,4.86,2.0,8.0,1.0,0.0,288.0,6.0,36,1.0,1.0,3.0
cruzfe01,2025,1,NYA,AL,3,4,49,0,0,0,2,144,33,19,5.0,24,72,0.192,3.56,0.0,5.0,3.0,0.0,200.0,4.0,21,0.0,1.0,4.0
cruzje01,2020,1,SLN,NL,0,0,1,0,0,0,0,3,3,2,0.0,1,2,0.6,18.0,0.0,0.0,0.0,0.0,7.0,0.0,2,0.0,1.0,0.0
cruzje01,2022,1,ATL,NL,0,0,7,0,0,0,0,26,8,6,3.0,4,6,0.235,6.23,0.0,0.0,1.0,0.0,39.0,4.0,6,0.0,0.0,1.0
cruzom01,2025,1,SDN,NL,0,0,2,0,0,0,0,11,4,2,0.0,3,5,0.267,4.91,0.0,0.0,0.0,0.0,18.0,1.0,2,0.0,0.0,0.0
cruzst01,2023,1,KCA,AL,0,0,10,4,0,0,0,38,11,7,1.0,11,15,0.22,4.97,0.0,1.0,1.0,0.0,62.0,3.0,7,0.0,0.0,0.0
cruzst01,2024,1,KCA,AL,0,0,5,0,0,0,0,17,1,0,0.0,0,4,0.056,0.0,0.0,1.0,0.0,0.0,18.0,3.0,0,0.0,0.0,0.0
cruzst01,2025,1,KCA,AL,3,1,47,0,0,0,0,137,36,19,5.0,18,38,0.213,3.74,1.0,1.0,1.0,0.0,189.0,9.0,20,0.0,1.0,2.0
cuasjo01,2022,1,KCA,AL,4,2,47,0,0,0,1,113,39,15,2.0,24,34,0.264,3.58,2.0,1.0,6.0,0.0,180.0,4.0,18,1.0,1.0,1.0
cuasjo01,2023,1,KCA,AL,3,0,45,1,0,0,0,125,46,21,6.0,21,52,0.277,4.54,0.0,2.0,4.0,0.0,192.0,5.0,21,0.0,1.0,4.0
cuasjo01,2023,2,CHN,NL,0,2,27,1,0,0,1,71,17,8,2.0,14,19,0.205,3.04,0.0,3.0,3.0,0.0,100.0,7.0,9,0.0,0.0,4.0
cuasjo01,2024,1,CHN,NL,0,0,9,0,0,0,0,40,16,11,3.0,6,14,0.291,7.43,0.0,2.0,3.0,0.0,65.0,2.0,12,0.0,1.0,1.0
cuasjo01,2024,2,TOR,AL,0,0,4,0,0,0,0,9,3,3,1.0,4,3,0.25,9.0,1.0,0.0,2.0,0.0,18.0,1.0,3,0.0,0.0,0.0
cuetojo01,2020,1,SFN,NL,2,3,12,12,0,0,0,190,61,38,9.0,26,56,0.248,5.4,0.0,1.0,3.0,2.0,277.0,0.0,41,0.0,2.0,5.0
cuetojo01,2021,1,SFN,NL,7,7,22,21,0,0,0,344,127,52,15.0,30,98,0.285,4.08,1.0,0.0,4.0,0.0,490.0,0.0,57,10.0,1.0,12.0
cuetojo01,2022,1,CHA,AL,8,10,25,24,1,0,0,475,161,59,15.0,33,102,0.267,3.35,2.0,2.0,6.0,1.0,651.0,0.0,66,1.0,7.0,20.0
cuetojo01,2023,1,MIA,NL,1,4,13,10,0,0,0,157,51,35,17.0,15,39,0.256,6.02,0.0,0.0,3.0,0.0,218.0,1.0,36,0.0,1.0,7.0
cuetojo01,2024,1,LAA,AL,0,2,2,2,0,0,0,34,14,9,4.0,3,6,0.298,7.15,1.0,0.0,0.0,0.0,50.0,0.0,9,0.0,0.0,1.0
culbech01,2020,1,ATL,NL,0,0,1,0,0,0,0,1,0,0,0.0,0,0,0.0,0.0,0.0,0.0,0.0,0.0,1.0,1.0,0,0.0,0.0,0.0
culbech01,2021,1,TEX,AL,0,0,2,0,0,0,0,6,2,0,0.0,0,0,0.286,0.0,0.0,0.0,0.0,0.0,7.0,2.0,0,0.0,0.0,1.0
culbech01,2022,1,TEX,AL,0,0,2,0,0,0,0,6,1,0,0.0,1,0,0.143,0.0,0.0,0.0,0.0,0.0,8.0,2.0,0,0.0,0.0,0.0
curryxz01,2022,1,CLE,AL,0,1,2,2,0,0,0,28,13,6,1.0,6,3,0.325,5.79,0.0,0.0,1.0,0.0,47.0,0.0,7,0.0,0.0,1.0
curryxz01,2023,1,CLE,AL,3,4,41,9,0,0,0,285,98,43,12.0,30,67,0.267,4.07,1.0,3.0,2.0,2.0,404.0,19.0,47,1.0,4.0,7.0
curryxz01,2024,1,CLE,AL,0,2,7,4,0,0,0,74,29,16,5.0,5,15,0.282,5.84,1.0,1.0,0.0,0.0,108.0,3.0,17,0.0,0.0,1.0
curryxz01,2024,2,MIA,NL,2,0,9,1,0,0,0,54,9,6,3.0,2,13,0.148,3.0,0.0,0.0,0.0,0.0,64.0,0.0,6,0.0,1.0,1.0
curryxz01,2025,1,MIA,NL,0,1,3,0,0,0,0,9,4,2,0.0,3,1,0.308,6.0,0.0,0.0,0.0,0.0,16.0,1.0,4,0.0,0.0,1.0
curtijo02,2020,1,TBA,AL,3,0,17,3,0,0,2,75,21,5,3.0,3,25,0.223,1.8,0.0,0.0,2.0,0.0,99.0,7.0,7,0.0,0.0,1.0
curtijo02,2021,1,MIA,NL,3,1,35,2,0,0,0,120,34,11,4.0,9,40,0.227,2.48,0.0,1.0,1.0,0.0,161.0,5.0,13,1.0,0.0,2.0
curtijo02,2021,2,MIL,NL,0,0,6,0,0,0,0,13,8,6,2.0,3,4,0.364,12.46,0.0,0.0,0.0,0.0,26.0,0.0,8,0.0,1.0,0.0
curtijo02,2023,1,NYN,NL,0,0,15,0,0,0,0,59,17,10,3.0,8,16,0.236,4.58,0.0,0.0,0.0,0.0,81.0,4.0,10,0.0,1.0,1.0
curtijo02,2024,1,COL,NL,0,0,3,0,0,0,0,7,6,4,2.0,0,1,0.5,15.43,0.0,0.0,0.0,0.0,12.0,2.0,4,0.0,0.0,0.0
curtijo02,2025,1,ARI,NL,3,2,30,0,0,0,1,110,29,16,5.0,5,24,0.215,3.93,0.0,0.0,0.0,0.0,141.0,12.0,18,1.0,0.0,3.0
curvelu01,2025,1,TEX,AL,1,1,17,0,0,0,0,57,17,12,3.0,10,20,0.236,5.68,1.0,0.0,0.0,0.0,84.0,4.0,13,0.0,2.0,0.0
cyrty01,2022,1,PHI,NL,0,0,1,0,0,0,0,1,2,1,1.0,0,0,0.667,27.0,0.0,0.0,0.0,0.0,3.0,1.0,1,0.0,0.0,0.0
cyrty01,2022,2,OAK,AL,1,0,11,0,0,0,0,39,9,3,1.0,5,16,0.196,2.08,0.0,0.0,1.0,0.0,52.0,2.0,3,0.0,0.0,2.0
cyrty01,2023,1,LAN,NL,0,0,2,0,0,0,0,5,1,0,0.0,0,2,0.167,0.0,0.0,0.0,0.0,0.0,6.0,2.0,0,0.0,0.0,0.0
danaca01,2024,1,LAA,AL,1,2,3,3,0,0,0,31,14,11,5.0,7,8,0.326,9.58,0.0,0.0,1.0,0.0,52.0,0.0,12,0.0,1.0,1.0
danaca01,2025,1,LAA,AL,0,4,7,5,0,0,0,97,30,23,9.0,18,33,0.256,6.4,0.0,2.0,1.0,0.0,141.0,2.0,24,1.0,4.0,3.0
danieda01,2023,1,LAA,AL,1,1,3,0,0,0,0,37,7,3,1.0,9,9,0.167,2.19,0.0,1.0,0.0,0.0,52.0,1.0,3,0.0,1.0,1.0
danieda01,2024,1,LAA,AL,1,4,6,6,0,0,0,91,39,21,5.0,6,28,0.307,6.23,0.0,0.0,1.0,1.0,134.0,0.0,22,0.0,0.0,2.0
danieda01,2025,1,ATL,NL,0,1,3,2,0,0,0,30,9,6,1.0,7,9,0.25,5.4,0.0,0.0,1.0,0.0,46.0,1.0,6,0.0,2.0,1.0
danisty01,2022,1,BOS,AL,3,1,32,0,0,0,0,121,40,23,7.0,12,32,0.255,5.13,0.0,1.0,4.0,0.0,173.0,10.0,24,0.0,0.0,4.0
danneha01,2023,1,TOR,AL,0,0,1,0,0,0,0,1,0,0,0.0,0,0,0.0,0.0,0.0,0.0,0.0,0.0,1.0,0.0,0,0.0,0.0,0.0
darnedu01,2025,1,COL,NL,1,0,9,0,0,0,0,35,10,5,1.0,7,5,0.244,3.86,0.0,0.0,0.0,0.0,48.0,4.0,5,0.0,0.0,3.0
darremi01,2025,1,LAA,AL,1,0,6,0,0,0,0,23,10,8,1.0,4,6,0.323,9.39,0.0,1.0,1.0,0.0,38.0,2.0,8,0.0,2.0,1.0
darremi01,2025,2,PIT,NL,0,0,1,0,0,0,0,6,0,0,0.0,0,2,0.0,0.0,0.0,1.0,0.0,0.0,5.0,0.0,0,0.0,0.0,1.0
darviyu01,2020,1,CHN,NL,8,3,12,12,0,0,0,228,59,17,5.0,14,93,0.211,2.01,1.0,3.0,2.0,0.0,297.0,0.0,18,0.0,0.0,7.0
darviyu01,2021,1,SDN,NL,8,11,30,30,0,0,0,499,138,78,28.0,44,199,0.222,4.22,1.0,9.0,8.0,0.0,681.0,0.0,81,1.0,5.0,10.0
darviyu01,2022,1,SDN,NL,16,8,30,30,0,0,0,584,148,67,22.0,37,197,0.207,3.1,0.0,4.0,12.0,1.0,771.0,0.0,67,1.0,6.0,10.0
darviyu01,2023,1,SDN,NL,8,10,24,24,0,0,0,409,134,69,18.0,43,141,0.259,4.56,0.0,1.0,8.0,1.0,574.0,0.0,71,0.0,6.0,12.0
darviyu01,2024,1,SDN,NL,7,3,16,16,0,0,0,245,65,30,12.0,22,78,0.217,3.31,0.0,2.0,3.0,0.0,331.0,0.0,32,2.0,4.0,3.0
darviyu01,2025,1,SDN,NL,5,5,15,15,0,0,0,216,66,43,14.0,19,68,0.245,5.38,0.0,4.0,6.0,0.0,296.0,0.0,44,2.0,0.0,3.0
davidlo01,2025,2,LAA,AL,0,0,1,0,0,0,0,3,0,0,0.0,0,1,0.0,0.0,0.0,0.0,0.0,0.0,3.0,1.0,0,0.0,0.0,0.0
davidma02,2020,1,CIN,NL,0,0,3,0,0,0,0,10,4,2,1.0,2,1,0.308,5.4,0.0,0.0,0.0,0.0,15.0,3.0,2,0.0,0.0,1.0
davidtu01,2020,1,ATL,NL,0,1,1,1,0,0,0,5,3,2,1.0,4,2,0.333,10.8,0.0,0.0,0.0,0.0,13.0,0.0,7,0.0,0.0,0.0
davidtu01,2021,1,ATL,NL,0,0,4,4,0,0,0,60,15,8,3.0,8,18,0.205,3.6,0.0,0.0,0.0,0.0,83.0,0.0,8,1.0,1.0,1.0
davidtu01,2022,1,ATL,NL,1,2,4,3,0,0,0,46,15,11,0.0,13,10,0.254,6.46,0.0,0.0,1.0,0.0,74.0,1.0,11,0.0,1.0,1.0
davidtu01,2022,2,LAA,AL,1,5,8,8,0,0,0,110,39,28,7.0,22,23,0.271,6.87,0.0,1.0,2.0,0.0,169.0,0.0,28,0.0,1.0,4.0
davidtu01,2023,1,LAA,AL,1,1,18,0,0,0,2,95,44,23,2.0,11,31,0.331,6.54,0.0,3.0,2.0,0.0,148.0,8.0,25,1.0,1.0,5.0
davidtu01,2023,2,KCA,AL,0,1,20,1,0,0,0,59,20,11,4.0,8,15,0.263,5.03,2.0,1.0,1.0,0.0,88.0,6.0,12,1.0,0.0,1.0
davidtu01,2024,1,BAL,AL,1,0,1,0,0,0,0,14,4,0,0.0,2,1,0.235,0.0,0.0,0.0,0.0,0.0,19.0,0.0,0,0.0,0.0,0.0
davieza01,2020,1,SDN,NL,7,4,12,12,0,0,0,208,55,21,9.0,19,63,0.216,2.73,0.0,2.0,0.0,0.0,276.0,0.0,26,1.0,1.0,4.0
davieza01,2021,1,CHN,NL,6,12,32,32,0,0,0,444,162,95,25.0,75,114,0.281,5.78,2.0,0.0,5.0,0.0,668.0,0.0,99,8.0,2.0,10.0
davieza01,2022,1,ARI,NL,2,5,27,27,0,0,0,403,122,61,21.0,52,102,0.241,4.09,0.0,1.0,2.0,0.0,570.0,0.0,66,1.0,8.0,10.0
davieza01,2023,1,ARI,NL,2,5,18,18,0,0,0,247,98,64,10.0,39,72,0.295,7.0,0.0,0.0,2.0,0.0,377.0,0.0,67,1.0,3.0,7.0
davisau01,2020,1,PHI,NL,0,0,4,0,0,0,0,9,10,7,1.0,1,2,0.526,21.0,0.0,0.0,0.0,0.0,20.0,1.0,7,0.0,0.0,0.0
davisau01,2020,2,PIT,NL,0,0,5,0,0,0,0,11,1,1,0.0,1,3,0.091,2.45,0.0,0.0,0.0,0.0,12.0,2.0,1,0.0,0.0,1.0
davisau01,2021,1,PIT,NL,0,1,10,0,0,0,0,29,6,6,2.0,5,11,0.167,5.59,0.0,0.0,1.0,0.0,42.0,2.0,7,0.0,0.0,0.0
davisau01,2021,2,BOS,AL,1,1,19,0,0,0,0,50,18,9,2.0,7,17,0.273,4.86,2.0,1.0,0.0,0.0,75.0,5.0,10,0.0,2.0,0.0
davisau01,2022,1,BOS,AL,2,1,50,3,0,0,0,163,56,33,5.0,29,61,0.26,5.47,1.0,1.0,5.0,0.0,254.0,10.0,36,2.0,3.0,2.0
davisau01,2022,2,MIN,AL,0,0,2,0,0,0,0,5,1,3,0.0,4,3,0.167,16.2,0.0,0.0,0.0,0.0,10.0,2.0,3,0.0,0.0,0.0
davisau01,2024,1,SDN,NL,0,0,7,0,0,0,0,21,6,7,0.0,5,6,0.24,9.0,0.0,0.0,2.0,0.0,33.0,0.0,8,1.0,0.0,2.0
davisno01,2022,1,COL,NL,0,0,1,0,0,0,0,3,3,2,1.0,1,2,0.5,18.0,0.0,0.0,0.0,0.0,7.0,0.0,2,0.0,0.0,0.0
davisno01,2023,1,COL,NL,0,4,8,6,0,0,0,90,43,29,6.0,15,26,0.341,8.7,0.0,4.0,4.0,1.0,146.0,1.0,30,0.0,1.0,3.0
davisno01,2024,1,COL,NL,0,0,9,0,0,0,0,61,31,13,3.0,7,15,0.352,5.75,0.0,0.0,0.0,0.0,96.0,2.0,15,1.0,0.0,2.0
davisno01,2025,1,LAN,NL,0,1,5,0,0,0,0,18,10,13,3.0,5,8,0.385,19.5,0.0,0.0,4.0,0.0,35.0,2.0,14,0.0,0.0,1.0
davisno01,2025,2,MIN,AL,0,1,4,0,0,0,0,15,12,9,4.0,1,7,0.462,16.2,0.0,1.0,3.0,0.0,30.0,1.0,10,0.0,0.0,1.0
daviswa01,2020,1,COL,NL,0,1,5,0,0,0,2,13,9,10,3.0,3,3,0.409,20.77,1.0,2.0,0.0,0.0,25.0,2.0,10,0.0,0.0,0.0
daviswa01,2021,1,KCA,AL,0,3,40,0,0,0,2,128,44,32,8.0,19,38,0.27,6.75,0.0,4.0,2.0,0.0,190.0,25.0,33,1.0,5.0,2.0
daytogr01,2020,1,ATL,NL,2,1,18,0,0,0,0,82,22,7,4.0,11,32,0.214,2.3,1.0,0.0,1.0,0.0,117.0,5.0,9,1.0,1.0,0.0
daytogr01,2021,1,ATL,NL,0,0,13,0,0,0,0,39,15,9,2.0,6,14,0.283,6.23,1.0,0.0,0.0,0.0,61.0,3.0,10,0.0,2.0,0.0
degeubr01,2021,1,TEX,AL,0,0,19,0,0,0,0,80,31,25,3.0,13,26,0.292,8.44,0.0,3.0,6.0,0.0,127.0,7.0,25,1.0,1.0,2.0
degeubr01,2021,2,ARI,NL,3,2,28,0,0,0,0,70,31,17,3.0,12,15,0.326,6.56,1.0,3.0,2.0,0.0,111.0,9.0,22,0.0,2.0,5.0
degeubr01,2024,1,SEA,AL,0,0,4,0,0,0,0,10,4,1,0.0,0,2,0.333,2.7,0.0,0.0,2.0,1.0,14.0,3.0,1,0.0,0.0,1.0
degeubr01,2024,2,MIA,NL,0,2,7,0,0,0,0,17,7,4,0.0,2,4,0.304,6.35,0.0,0.0,1.0,0.0,27.0,2.0,5,1.0,0.0,1.0
degeubr01,2024,3,TOR,AL,0,0,2,0,0,0,0,7,3,4,0.0,2,1,0.333,15.43,0.0,0.0,0.0,0.0,11.0,0.0,4,0.0,0.0,0.0
degeubr01,2025,1,PHI,NL,0,0,1,0,0,0,0,6,1,1,0.0,3,0,0.143,4.5,0.0,0.0,0.0,0.0,10.0,1.0,1,0.0,0.0,0.0
degroja01,2020,1,NYN,NL,4,2,12,12,0,0,0,204,47,18,7.0,18,104,0.19,2.38,0.0,4.0,0.0,0.0,268.0,0.0,21,0.0,2.0,1.0
degroja01,2021,1,NYN,NL,7,2,15,15,1,1,0,276,40,11,6.0,11,146,0.129,1.08,0.0,0.0,1.0,0.0,324.0,0.0,14,0.0,2.0,3.0
degroja01,2022,1,NYN,NL,5,4,11,11,0,0,0,193,40,22,9.0,8,102,0.175,3.08,0.0,0.0,0.0,0.0,239.0,0.0,22,1.0,1.0,1.0
degroja01,2023,1,TEX,AL,2,0,6,6,0,0,0,91,19,9,2.0,4,45,0.171,2.67,0.0,1.0,0.0,0.0,115.0,0.0,11,0.0,0.0,0.0
degroja01,2024,1,TEX,AL,0,0,3,3,0,0,0,32,11,2,1.0,1,14,0.262,1.69,0.0,0.0,1.0,0.0,44.0,0.0,2,0.0,0.0,1.0
degroja01,2025,1,TEX,AL,12,8,30,30,0,0,0,518,122,57,26.0,37,185,0.196,2.97,0.0,3.0,3.0,0.0,669.0,0.0,57,0.0,5.0,4.0
dejesan01,2022,1,DET,AL,0,0,8,0,0,0,0,38,9,3,2.0,4,7,0.188,2.13,0.0,2.0,2.0,0.0,54.0,3.0,3,0.0,0.0,0.0
dejesen01,2023,1,MIA,NL,0,0,2,0,0,0,0,19,9,8,0.0,4,5,0.333,11.37,0.0,0.0,3.0,0.0,34.0,2.0,8,0.0,0.0,1.0
dejonch01,2020,1,HOU,AL,0,1,3,2,0,0,0,22,12,12,2.0,4,9,0.375,14.73,0.0,0.0,1.0,0.0,38.0,0.0,12,0.0,1.0,1.0
dejonch01,2021,1,PIT,NL,1,4,9,9,0,0,0,131,49,28,11.0,19,39,0.28,5.77,2.0,0.0,1.0,0.0,196.0,0.0,28,1.0,0.0,3.0
dejonch01,2022,1,PIT,NL,6,3,42,0,0,0,1,215,52,21,10.0,30,59,0.204,2.64,1.0,4.0,5.0,0.0,293.0,16.0,24,1.0,1.0,7.0
dejonch01,2023,1,PIT,NL,0,0,6,0,0,0,0,34,18,17,6.0,6,7,0.367,13.5,0.0,1.0,2.0,0.0,60.0,2.0,17,0.0,3.0,1.0
deleojo03,2020,1,CIN,NL,0,0,5,0,0,0,0,18,6,12,1.0,11,10,0.25,18.0,2.0,0.0,0.0,0.0,35.0,2.0,12,0.0,0.0,0.0
deleojo03,2021,1,CIN,NL,0,1,9,2,0,0,0,55,22,17,4.0,11,33,0.289,8.35,0.0,3.0,2.0,0.0,91.0,1.0,17,0.0,2.0,0.0
deleojo03,2023,1,MIN,AL,0,1,13,1,0,0,0,52,16,9,2.0,5,17,0.25,4.67,0.0,0.0,1.0,0.0,70.0,4.0,10,0.0,0.0,3.0
deleojo03,2025,1,BOS,AL,1,0,1,1,0,0,0,20,8,3,1.0,3,8,0.32,4.05,0.0,0.0,0.0,0.0,28.0,0.0,3,0.0,0.0,2.0
delosen01,2021,1,PHI,NL,1,1,26,0,0,0,0,84,34,21,7.0,14,42,0.288,6.75,3.0,5.0,3.0,0.0,137.0,10.0,28,2.0,0.0,0.0
delosen01,2021,2,PIT,NL,1,0,7,0,0,0,0,22,9,4,1.0,4,6,0.3,4.91,1.0,0.0,1.0,1.0,36.0,3.0,4,1.0,0.0,0.0
delosen01,2022,1,CLE,AL,5,0,50,0,0,0,1,160,40,18,3.0,17,61,0.208,3.04,1.0,3.0,2.0,1.0,215.0,11.0,18,0.0,4.0,2.0
delosen01,2023,1,CLE,AL,5,2,70,0,0,0,0,197,50,24,4.0,25,62,0.216,3.29,1.0,2.0,4.0,2.0,262.0,8.0,26,0.0,1.0,5.0
delosen01,2024,1,SDN,NL,1,2,44,0,0,0,1,121,39,20,11.0,13,48,0.25,4.46,1.0,2.0,1.0,0.0,170.0,13.0,21,0.0,0.0,4.0
delosen01,2024,2,NYA,AL,0,0,5,0,0,0,0,19,13,10,1.0,3,5,0.419,14.21,0.0,0.0,3.0,0.0,37.0,1.0,10,0.0,0.0,0.0
delosen01,2024,3,CHA,AL,0,0,15,0,0,0,1,52,13,7,5.0,9,13,0.213,3.63,0.0,0.0,1.0,0.0,71.0,6.0,7,0.0,0.0,3.0
delosen01,2025,1,ATL,NL,3,3,43,0,0,0,0,131,39,22,2.0,18,38,0.231,4.53,2.0,2.0,2.0,1.0,189.0,6.0,25,0.0,0.0,2.0
delosen01,2025,2,HOU,AL,3,0,22,0,0,0,0,67,22,10,5.0,6,24,0.265,4.03,0.0,0.0,0.0,0.0,91.0,3.0,10,1.0,1.0,2.0
delosye01,2022,1,PIT,NL,0,3,26,0,0,0,3,77,22,14,3.0,11,26,0.224,4.91,1.0,0.0,1.0,0.0,112.0,13.0,18,1.0,0.0,1.0
delosye01,2023,1,PIT,NL,1,1,22,0,0,0,0,73,17,9,1.0,13,18,0.193,3.33,3.0,0.0,1.0,0.0,104.0,8.0,10,0.0,2.0,3.0
delosye01,2025,1,NYA,AL,0,1,25,0,0,0,0,107,37,13,1.0,17,28,0.266,3.28,0.0,2.0,1.0,0.0,160.0,5.0,15,2.0,1.0,5.0
delpomi01,2020,1,PIT,NL,0,0,5,0,0,0,0,11,7,7,0.0,8,2,0.412,17.18,1.0,1.0,0.0,0.0,25.0,1.0,7,0.0,0.0,1.0
delpomi01,2021,1,DET,AL,0,0,5,0,0,0,0,16,8,2,0.0,2,4,0.348,3.38,0.0,0.0,0.0,0.0,25.0,1.0,2,0.0,0.0,0.0
demertr01,2020,1,DET,AL,0,0,1,0,0,0,0,3,4,4,2.0,0,0,0.571,36.0,0.0,0.0,0.0,0.0,7.0,1.0,4,0.0,0.0,0.0
dermoma01,2020,1,CHN,NL,0,0,1,0,0,0,0,3,0,0,0.0,0,1,0.0,0.0,0.0,0.0,0.0,0.0,3.0,1.0,0,0.0,0.0,0.0
dermoma01,2022,1,CHN,NL,0,0,1,0,0,0,0,3,2,2,0.0,2,1,0.4,18.0,1.0,0.0,0.0,0.0,7.0,1.0,2,0.0,0.0,0.0
dermoma01,2023,1,BOS,AL,0,1,1,1,0,0,0,12,4,3,2.0,1,1,0.267,6.75,0.0,0.0,1.0,0.0,17.0,0.0,3,0.0,0.0,1.0
desclan01,2020,1,CIN,NL,1,2,9,7,0,0,0,101,41,27,7.0,16,25,0.301,7.22,0.0,1.0,3.0,0.0,158.0,1.0,27,0.0,3.0,1.0
desclan01,2021,1,SFN,NL,13,7,31,31,2,2,0,503,141,59,19.0,42,152,0.225,3.17,1.0,7.0,2.0,0.0,676.0,0.0,61,6.0,0.0,12.0
desclan01,2022,1,SFN,NL,0,2,5,5,0,0,0,57,34,14,4.0,4,17,0.4,6.63,0.0,0.0,1.0,0.0,94.0,0.0,21,1.0,3.0,1.0
desclan01,2023,1,SFN,NL,4,8,19,18,0,0,0,299,105,54,15.0,20,79,0.271,4.88,0.0,3.0,4.0,0.0,419.0,0.0,59,3.0,3.0,6.0
desclan01,2025,1,ARI,NL,1,2,13,4,0,0,2,116,37,22,11.0,12,36,0.25,5.12,2.0,0.0,5.0,0.0,169.0,5.0,23,1.0,3.0,3.0
detmere01,2021,1,LAA,AL,1,3,5,5,0,0,0,62,26,17,5.0,11,19,0.295,7.4,1.0,1.0,2.0,0.0,101.0,0.0,17,0.0,0.0,0.0
detmere01,2022,1,LAA,AL,7,6,25,25,1,1,0,387,110,54,13.0,46,122,0.231,3.77,1.0,2.0,8.0,0.0,539.0,0.0,56,1.0,7.0,9.0
detmere01,2023,1,LAA,AL,4,10,28,28,0,0,0,446,141,74,19.0,60,168,0.248,4.48,2.0,7.0,13.0,0.0,644.0,0.0,81,0.0,2.0,11.0
detmere01,2024,1,LAA,AL,4,9,17,17,0,0,0,262,98,65,18.0,38,109,0.282,6.7,0.0,4.0,2.0,0.0,391.0,0.0,67,0.0,3.0,8.0
detmere01,2025,1,LAA,AL,5,3,61,0,0,0,3,191,58,28,6.0,25,80,0.244,3.96,4.0,2.0,2.0,0.0,266.0,7.0,29,0.0,1.0,9.0
detwiro01,2020,1,CHA,AL,1,1,16,0,0,0,0,59,19,7,2.0,5,15,0.253,3.2,1.0,1.0,1.0,0.0,81.0,4.0,8,0.0,0.0,2.0
detwiro01,2021,1,MIA,NL,2,1,46,5,0,0,0,136,41,25,8.0,15,56,0.234,4.96,0.0,1.0,7.0,0.0,200.0,6.0,26,0.0,3.0,1.0
detwiro01,2021,2,SDN,NL,1,0,7,0,0,0,0,21,3,2,2.0,5,6,0.13,2.57,1.0,1.0,1.0,0.0,29.0,4.0,2,0.0,0.0,1.0
detwiro01,2022,1,CIN,NL,0,2,30,0,0,0,1,79,31,13,5.0,10,28,0.287,4.44,2.0,0.0,3.0,0.0,122.0,7.0,13,0.0,1.0,1.0
devench02,2020,1,HOU,AL,0,1,4,0,0,0,0,11,7,6,1.0,3,5,0.389,14.73,0.0,0.0,0.0,0.0,21.0,0.0,6,0.0,0.0,0.0
devench02,2021,1,ARI,NL,1,0,8,0,0,0,1,22,11,7,2.0,2,5,0.344,8.59,0.0,0.0,1.0,0.0,35.0,2.0,7,0.0,0.0,1.0
devench02,2022,1,ARI,NL,2,1,10,0,0,0,0,32,14,9,2.0,1,9,0.318,7.59,0.0,0.0,1.0,0.0,48.0,0.0,9,0.0,2.0,0.0
devench02,2022,2,PHI,NL,0,0,3,0,0,0,0,12,7,5,1.0,0,3,0.389,11.25,0.0,0.0,0.0,0.0,19.0,1.0,5,0.0,1.0,0.0
devench02,2023,1,LAA,AL,3,2,29,0,0,0,0,101,31,19,5.0,9,33,0.244,5.08,1.0,1.0,1.0,0.0,140.0,4.0,20,1.0,2.0,2.0
devench02,2023,2,TBA,AL,3,2,9,0,0,0,0,26,5,2,1.0,2,9,0.167,2.08,0.0,0.0,0.0,0.0,33.0,5.0,4,0.0,1.0,0.0
devench02,2024,1,TBA,AL,2,1,19,0,0,0,0,80,28,20,9.0,14,24,0.259,6.75,0.0,1.0,0.0,0.0,122.0,4.0,25,0.0,0.0,2.0
devench02,2025,1,NYN,NL,0,0,13,1,0,0,0,50,10,4,1.0,5,14,0.179,2.16,0.0,0.0,2.0,0.0,65.0,7.0,4,0.0,2.0,1.0
diazal03,2022,1,CIN,NL,7,3,59,0,0,0,10,191,28,13,5.0,33,83,0.131,1.84,3.0,7.0,5.0,0.0,255.0,20.0,18,1.0,3.0,4.0
diazal03,2023,1,CIN,NL,9,6,71,0,0,0,37,202,44,23,4.0,36,86,0.186,3.07,0.0,3.0,10.0,0.0,286.0,51.0,30,2.0,2.0,4.0
diazal03,2024,1,CIN,NL,2,5,60,0,0,0,28,169,42,25,6.0,31,55,0.206,3.99,1.0,1.0,6.0,1.0,242.0,50.0,31,0.0,1.0,4.0
diazal03,2025,1,CIN,NL,0,0,6,0,0,0,0,18,8,8,4.0,5,3,0.308,12.0,0.0,0.0,2.0,0.0,33.0,2.0,8,0.0,0.0,0.0
diazal03,2025,2,LAN,NL,1,0,9,0,0,0,0,27,7,5,2.0,2,9,0.206,5.0,0.0,0.0,2.0,0.0,38.0,1.0,5,0.0,0.0,0.0
diazal03,2025,3,ATL,NL,0,0,3,0,0,0,0,8,0,3,0.0,5,5,0.0,10.13,0.0,0.0,1.0,0.0,14.0,1.0,4,0.0,0.0,0.0
diazed04,2020,1,NYN,NL,2,1,26,0,0,0,6,77,18,5,2.0,14,50,0.191,1.75,0.0,1.0,2.0,0.0,110.0,19.0,6,0.0,0.0,0.0
diazed04,2021,1,NYN,NL,5,6,63,0,0,0,32,188,43,24,3.0,23,89,0.195,3.45,1.0,5.0,9.0,1.0,257.0,51.0,27,3.0,1.0,1.0
diazed04,2022,1,NYN,NL,3,1,61,0,0,0,32,186,34,9,3.0,18,118,0.16,1.31,1.0,2.0,2.0,0.0,235.0,49.0,9,0.0,2.0,3.0
diazed04,2024,1,NYN,NL,6,4,54,0,0,0,20,161,36,21,7.0,20,84,0.188,3.52,0.0,3.0,3.0,0.0,216.0,40.0,23,0.0,1.0,2.0
diazed04,2025,1,NYN,NL,6,3,62,0,0,0,28,199,37,12,4.0,21,98,0.164,1.63,0.0,7.0,8.0,0.0,258.0,48.0,14,2.0,2.0,2.0
diazja01,2020,1,COL,NL,1,2,24,0,0,0,4,60,31,17,4.0,14,17,0.365,7.65,1.0,2.0,3.0,0.0,106.0,12.0,21,2.0,2.0,4.0
diazjh01,2021,1,LAA,AL,1,0,3,2,0,0,0,39,11,6,1.0,7,9,0.22,4.15,0.0,0.0,1.0,0.0,59.0,1.0,6,0.0,1.0,1.0
diazjh01,2022,1,LAA,AL,1,1,4,3,0,0,0,46,13,5,1.0,10,11,0.236,2.93,0.0,0.0,0.0,0.0,66.0,1.0,5,0.0,1.0,3.0
diazjh01,2023,1,LAA,AL,0,0,4,1,0,0,0,21,13,8,0.0,7,4,0.419,10.29,0.0,0.0,2.0,0.0,42.0,2.0,11,0.0,2.0,0.0
diazjh01,2024,1,SEA,AL,0,1,5,1,0,0,0,29,14,5,2.0,3,8,0.318,4.66,0.0,0.0,0.0,0.0,47.0,3.0,6,0.0,0.0,0.0
diazjh01,2025,1,SEA,AL,0,0,1,0,0,0,0,4,1,0,0.0,0,1,0.2,0.0,0.0,0.0,0.0,0.0,5.0,1.0,0,0.0,0.0,0.0
diazmi02,2021,1,SDN,NL,3,1,25,2,0,0,1,126,31,17,8.0,19,46,0.204,3.64,0.0,0.0,0.0,0.0,172.0,10.0,19,1.0,0.0,4.0
diazmi02,2022,1,DET,AL,0,0,3,0,0,0,0,11,1,1,0.0,2,3,0.083,2.45,0.0,1.0,0.0,0.0,14.0,0.0,1,0.0,0.0,0.0
diazmi02,2023,1,DET,AL,1,0,12,3,0,0,0,42,8,1,0.0,5,16,0.163,0.64,0.0,0.0,0.0,0.0,54.0,0.0,1,0.0,0.0,0.0
diazmi02,2024,1,HOU,AL,0,0,1,0,0,0,0,3,0,0,0.0,0,0,0.0,0.0,0.0,0.0,0.0,0.0,3.0,1.0,0,0.0,0.0,0.0
diazye01,2021,1,NYN,NL,0,2,20,0,0,0,0,75,25,15,5.0,12,21,0.255,5.4,1.0,0.0,1.0,0.0,112.0,10.0,16,0.0,1.0,0.0
diazyi01,2024,1,ARI,NL,1,1,7,4,0,0,0,85,27,12,3.0,12,19,0.257,3.81,0.0,1.0,0.0,0.0,119.0,1.0,13,0.0,2.0,3.0
diazyi01,2025,1,ARI,NL,0,0,1,0,0,0,0,9,4,3,0.0,3,1,0.333,9.0,0.0,1.0,0.0,0.0,15.0,1.0,3,0.0,0.0,1.0
dickeco01,2022,1,SLN,NL,0,0,1,0,0,0,0,3,2,0,0.0,1,0,0.4,0.0,0.0,0.0,0.0,0.0,6.0,1.0,0,0.0,0.0,0.0
dicksbr01,2021,1,SLN,NL,0,0,2,0,0,0,0,6,5,3,1.0,0,1,0.5,13.5,0.0,0.0,0.0,0.0,10.0,1.0,3,0.0,0.0,1.0
diehlph01,2020,1,COL,NL,0,0,6,0,0,0,0,18,7,7,2.0,1,4,0.292,10.5,0.0,0.0,0.0,0.0,25.0,2.0,7,0.0,0.0,0.0
diehlph01,2022,1,CIN,NL,0,0,5,0,0,0,0,17,8,7,3.0,3,3,0.32,11.12,1.0,1.0,0.0,0.0,28.0,1.0,7,0.0,0.0,0.0
diekmja01,2020,1,OAK,AL,2,0,21,0,0,0,0,64,8,1,1.0,12,31,0.114,0.42,1.0,0.0,1.0,0.0,84.0,2.0,2,1.0,0.0,1.0
diekmja01,2021,1,OAK,AL,3,3,67,0,0,0,7,182,47,26,10.0,34,83,0.211,3.86,2.0,8.0,4.0,0.0,262.0,17.0,29,0.0,1.0,4.0
diekmja01,2022,1,BOS,AL,5,1,44,0,0,0,1,115,27,18,5.0,30,51,0.203,4.23,1.0,5.0,6.0,0.0,171.0,8.0,22,0.0,2.0,4.0
diekmja01,2022,2,CHA,AL,0,3,26,0,0,0,0,58,25,14,4.0,12,28,0.301,6.52,1.0,2.0,2.0,0.0,98.0,2.0,18,0.0,1.0,0.0
diekmja01,2023,1,CHA,AL,0,1,13,0,0,0,0,34,11,10,1.0,13,11,0.244,7.94,0.0,2.0,0.0,2.0,58.0,5.0,14,0.0,0.0,2.0
diekmja01,2023,2,TBA,AL,0,1,50,0,0,0,0,136,26,11,2.0,25,53,0.166,2.18,1.0,1.0,1.0,0.0,185.0,17.0,15,1.0,1.0,4.0
diekmja01,2024,1,NYN,NL,2,3,43,0,0,0,4,96,23,20,7.0,24,40,0.202,5.63,0.0,2.0,4.0,0.0,145.0,10.0,24,1.0,2.0,1.0
difowi01,2021,1,PIT,NL,0,0,2,0,0,0,0,6,9,8,1.0,3,1,0.643,36.0,0.0,0.0,0.0,0.0,18.0,2.0,8,0.0,1.0,0.0
diplama01,2021,1,BAL,AL,2,0,23,0,0,0,0,90,22,15,6.0,15,24,0.206,4.5,0.0,3.0,0.0,0.0,123.0,4.0,16,0.0,1.0,3.0
diplama01,2022,1,BAL,AL,0,0,5,0,0,0,0,17,4,1,0.0,5,8,0.182,1.59,0.0,0.0,0.0,0.0,27.0,2.0,2,0.0,0.0,0.0
dixonbr01,2023,1,SDN,NL,0,0,1,0,0,0,0,3,0,0,0.0,0,0,0.0,0.0,0.0,0.0,0.0,0.0,3.0,1.0,0,0.0,0.0,0.0
dobbihu01,2025,1,BOS,AL,4,1,13,11,0,0,0,183,61,28,6.0,17,45,0.257,4.13,1.0,0.0,2.0,0.0,256.0,0.0,30,0.0,0.0,7.0
dobnara01,2020,1,MIN,AL,6,4,10,10,0,0,0,140,50,21,3.0,13,27,0.278,4.05,0.0,0.0,4.0,0.0,200.0,0.0,21,0.0,1.0,9.0
dobnara01,2021,1,MIN,AL,1,7,14,6,0,0,1,152,66,43,11.0,12,27,0.31,7.64,0.0,2.0,1.0,0.0,228.0,3.0,44,0.0,1.0,6.0
dobnara01,2024,1,MIN,AL,0,0,5,0,0,0,0,29,11,6,1.0,5,7,0.275,5.59,1.0,1.0,0.0,0.0,45.0,3.0,6,0.0,0.0,1.0
dobnara01,2025,1,MIN,AL,0,0,1,0,0,0,0,16,2,1,1.0,2,1,0.118,1.69,0.0,0.0,0.0,0.0,19.0,1.0,1,0.0,0.0,1.0
dodddy01,2023,1,ATL,NL,2,2,7,7,0,0,0,103,53,29,9.0,12,15,0.351,7.6,1.0,1.0,1.0,0.0,164.0,0.0,29,0.0,0.0,2.0
dodddy01,2024,1,ATL,NL,0,0,1,0,0,0,0,6,4,2,0.0,1,2,0.5,9.0,0.0,0.0,0.0,0.0,9.0,1.0,2,0.0,0.0,1.0
dodddy01,2025,1,ATL,NL,1,0,28,0,0,0,0,105,28,14,5.0,5,30,0.219,3.6,0.0,1.0,1.0,0.0,136.0,12.0,14,0.0,2.0,0.0
dohyky01,2021,1,PHI,NL,0,0,1,0,0,0,0,3,1,0,0.0,1,1,0.25,0.0,0.0,0.0,0.0,0.0,5.0,1.0,0,0.0,0.0,0.0
dolisra01,2020,1,TOR,AL,2,2,24,0,0,0,5,72,16,4,1.0,14,31,0.193,1.5,0.0,3.0,1.0,0.0,100.0,9.0,9,2.0,0.0,4.0
dolisra01,2021,1,TOR,AL,2,3,39,0,0,0,3,96,29,20,2.0,27,39,0.232,5.63,2.0,4.0,3.0,1.0,156.0,18.0,21,0.0,1.0,2.0
dollach01,2025,1,COL,NL,2,12,21,21,0,0,0,294,103,71,18.0,49,82,0.27,6.52,0.0,2.0,6.0,0.0,441.0,0.0,76,1.0,4.0,7.0
dominse01,2021,1,PHI,NL,0,0,1,0,0,0,0,3,0,0,0.0,0,1,0.0,0.0,0.0,0.0,0.0,0.0,3.0,0.0,0,0.0,0.0,0.0
dominse01,2022,1,PHI,NL,6,5,54,0,0,0,9,153,36,17,4.0,22,61,0.197,3.0,1.0,3.0,1.0,0.0,207.0,16.0,18,0.0,1.0,5.0
dominse01,2023,1,PHI,NL,5,5,57,0,0,0,2,150,48,21,7.0,22,48,0.246,3.78,0.0,1.0,6.0,1.0,224.0,7.0,25,0.0,1.0,3.0
dominse01,2024,1,PHI,NL,3,2,38,0,0,0,1,108,32,19,6.0,12,40,0.224,4.75,0.0,5.0,2.0,1.0,157.0,10.0,22,0.0,0.0,0.0
dominse01,2024,2,BAL,AL,0,2,25,0,0,0,10,68,20,10,6.0,9,28,0.227,3.97,0.0,3.0,0.0,0.0,98.0,17.0,10,0.0,1.0,1.0
dominse01,2025,1,BAL,AL,2,3,43,0,0,0,2,125,32,15,4.0,24,54,0.212,3.24,1.0,9.0,0.0,0.0,175.0,11.0,19,0.0,0.0,2.0
dominse01,2025,2,TOR,AL,2,1,24,0,0,0,0,63,12,7,1.0,12,25,0.169,3.0,1.0,3.0,2.0,0.0,86.0,4.0,11,0.0,1.0,3.0
donaljo02,2023,1,NYA,AL,0,0,1,0,0,0,0,3,0,0,0.0,0,0,0.0,0.0,0.0,0.0,0.0,0.0,3.0,1.0,0,0.0,0.0,0.0
doolise01,2020,1,WAS,NL,0,2,11,0,0,0,0,23,9,5,3.0,4,6,0.3,5.87,2.0,0.0,0.0,0.0,36.0,3.0,6,1.0,1.0,0.0
doolise01,2021,1,CIN,NL,3,1,45,0,0,0,1,115,40,19,6.0,18,41,0.267,4.46,3.0,0.0,1.0,0.0,173.0,11.0,21,2.0,2.0,0.0
doolise01,2021,2,SEA,AL,0,0,11,0,0,0,0,34,10,6,1.0,5,12,0.227,4.76,0.0,2.0,1.0,0.0,50.0,2.0,6,0.0,0.0,0.0
doolise01,2022,1,WAS,NL,0,0,6,0,0,0,0,16,1,0,0.0,0,6,0.059,0.0,0.0,0.0,0.0,0.0,17.0,0.0,0,0.0,0.0,0.0
dovalca01,2021,1,SFN,NL,5,1,29,0,0,0,3,81,19,9,4.0,9,37,0.192,3.0,2.0,2.0,1.0,0.0,109.0,9.0,10,0.0,0.0,2.0
dovalca01,2022,1,SFN,NL,6,6,68,0,0,0,27,203,54,19,4.0,30,80,0.218,2.53,2.0,4.0,3.0,0.0,286.0,51.0,27,1.0,4.0,2.0
dovalca01,2023,1,SFN,NL,6,6,69,0,0,0,39,203,51,22,3.0,26,87,0.209,2.93,6.0,10.0,8.0,3.0,281.0,60.0,32,1.0,2.0,6.0
dovalca01,2024,1,SFN,NL,5,3,62,0,0,0,23,177,54,32,5.0,39,78,0.241,4.88,2.0,7.0,2.0,0.0,271.0,40.0,35,2.0,4.0,5.0
dovalca01,2025,1,SFN,NL,4,2,47,0,0,0,15,140,32,16,2.0,24,50,0.196,3.09,1.0,3.0,2.0,2.0,191.0,29.0,20,1.0,1.0,7.0
dovalca01,2025,2,NYA,AL,0,1,22,0,0,0,1,56,19,10,2.0,11,22,0.253,4.82,0.0,1.0,1.0,2.0,87.0,8.0,14,0.0,0.0,1.0
dowdyky01,2022,1,CIN,NL,0,0,2,0,0,0,0,19,5,0,0.0,3,3,0.217,0.0,0.0,0.0,1.0,0.0,27.0,0.0,0,0.0,0.0,1.0
doyleto01,2020,1,COL,NL,0,0,3,0,0,0,0,7,6,6,0.0,4,2,0.462,23.14,0.0,0.0,0.0,0.0,17.0,2.0,6,0.0,0.0,0.0
doyleto01,2023,1,COL,NL,0,1,15,0,0,0,0,71,23,18,5.0,13,18,0.256,6.85,0.0,3.0,0.0,0.0,103.0,1.0,18,0.0,0.0,2.0
doziehu01,2022,1,KCA,AL,0,0,1,0,0,0,0,3,2,2,1.0,1,0,0.4,18.0,0.0,0.0,0.0,0.0,6.0,1.0,2,0.0,0.0,0.0
drakeol01,2020,1,TBA,AL,0,2,11,0,0,0,2,33,7,7,2.0,6,7,0.189,5.73,1.0,1.0,0.0,0.0,45.0,4.0,8,1.0,1.0,0.0
dreyeja01,2025,1,LAN,NL,3,2,67,5,0,0,4,229,56,25,4.0,24,74,0.203,2.95,5.0,1.0,0.0,0.0,307.0,14.0,26,3.0,4.0,1.0
drurybr01,2021,1,NYN,NL,0,0,1,0,0,0,0,2,3,2,1.0,1,0,0.6,27.0,0.0,0.0,1.0,0.0,7.0,0.0,2,0.0,0.0,0.0
duartda01,2022,1,CIN,NL,0,0,3,0,0,0,0,8,3,3,1.0,3,2,0.3,10.13,0.0,0.0,0.0,0.0,14.0,1.0,3,0.0,1.0,0.0
duartda01,2023,1,CIN,NL,3,0,31,0,0,0,1,95,24,13,5.0,20,23,0.211,3.69,0.0,1.0,1.0,0.0,136.0,8.0,14,0.0,1.0,4.0
duartda01,2024,1,MIN,AL,1,0,2,0,0,0,0,12,2,1,1.0,1,3,0.143,2.25,0.0,0.0,0.0,0.0,15.0,0.0,1,0.0,0.0,0.0
dubinsh01,2023,1,HOU,AL,0,0,3,1,0,0,0,27,12,7,1.0,3,11,0.324,7.0,0.0,0.0,1.0,0.0,42.0,1.0,7,0.0,1.0,1.0
dubinsh01,2024,1,HOU,AL,1,1,31,2,0,0,2,136,45,21,3.0,26,49,0.256,4.17,0.0,1.0,2.0,0.0,207.0,11.0,25,0.0,3.0,4.0
dubinsh01,2025,1,HOU,AL,2,0,23,0,0,0,0,77,30,16,6.0,8,21,0.294,5.61,0.0,0.0,1.0,0.0,111.0,1.0,16,0.0,0.0,2.0
dubinsh01,2025,2,BAL,AL,0,0,7,0,0,0,0,24,7,3,0.0,3,7,0.233,3.38,0.0,0.0,1.0,0.0,34.0,3.0,3,0.0,0.0,0.0
duffety01,2020,1,MIN,AL,1,1,22,0,0,0,0,72,13,5,2.0,6,31,0.153,1.88,0.0,0.0,1.0,0.0,92.0,1.0,6,0.0,0.0,1.0
duffety01,2021,1,MIN,AL,3,3,64,0,0,0,3,187,48,22,4.0,28,61,0.216,3.18,1.0,5.0,2.0,0.0,254.0,6.0,25,1.0,1.0,8.0
duffety01,2022,1,MIN,AL,2,4,40,0,0,0,2,132,45,24,8.0,15,39,0.268,4.91,1.0,2.0,1.0,0.0,185.0,10.0,24,0.0,1.0,5.0
duffety01,2023,1,CHN,NL,0,0,1,0,0,0,0,6,1,1,1.0,0,3,0.143,4.5,0.0,0.0,0.0,0.0,7.0,0.0,1,0.0,0.0,0.0
duffety01,2024,1,KCA,AL,1,0,9,0,0,0,0,27,7,5,0.0,8,10,0.219,5.0,0.0,0.0,1.0,0.0,42.0,0.0,5,0.0,1.0,0.0
duffyda01,2020,1,KCA,AL,4,4,12,11,0,0,0,169,53,31,10.0,22,57,0.249,4.95,0.0,3.0,2.0,0.0,242.0,0.0,33,1.0,4.0,4.0
duffyda01,2021,1,KCA,AL,4,3,13,12,0,0,0,183,52,17,6.0,22,65,0.226,2.51,1.0,3.0,0.0,0.0,252.0,0.0,19,0.0,0.0,7.0
duffyma01,2021,1,CHN,NL,0,0,1,0,0,0,0,1,0,0,0.0,0,0,0.0,0.0,0.0,0.0,0.0,0.0,1.0,0.0,0,0.0,0.0,0.0
duffyma01,2023,1,KCA,AL,0,0,2,0,0,0,0,6,3,1,1.0,0,0,0.333,4.5,0.0,0.0,1.0,0.0,10.0,2.0,1,0.0,0.0,0.0
duggero01,2020,1,MIA,NL,0,0,4,1,0,0,0,32,21,15,5.0,3,4,0.396,12.66,0.0,1.0,0.0,0.0,56.0,2.0,16,0.0,0.0,0.0
duggero01,2021,1,SEA,AL,0,2,12,4,0,0,0,77,34,21,4.0,12,19,0.324,7.36,0.0,1.0,1.0,0.0,121.0,5.0,24,0.0,2.0,5.0
duggero01,2022,1,TBA,AL,0,0,1,0,0,0,0,16,8,3,0.0,0,7,0.333,5.06,0.0,1.0,0.0,0.0,24.0,1.0,3,0.0,0.0,0.0
duggero01,2022,2,CIN,NL,0,1,3,1,0,0,0,32,11,8,3.0,7,12,0.268,6.75,0.0,1.0,0.0,0.0,48.0,0.0,8,0.0,0.0,0.0
dunnida01,2020,1,CHA,AL,2,0,7,7,0,0,0,102,25,15,4.0,13,35,0.197,3.97,0.0,5.0,2.0,0.0,142.0,0.0,17,0.0,0.0,1.0
dunnida01,2021,1,TEX,AL,5,10,27,25,0,0,0,353,126,59,13.0,43,114,0.275,4.51,0.0,8.0,7.0,0.0,511.0,0.0,61,1.0,1.0,12.0
dunnida01,2022,1,TEX,AL,4,8,29,29,0,0,0,460,158,76,20.0,62,137,0.268,4.46,0.0,6.0,11.0,0.0,671.0,0.0,80,0.0,8.0,13.0
dunnida01,2023,1,TEX,AL,12,7,35,26,0,0,0,518,163,71,20.0,55,140,0.25,3.7,0.0,6.0,10.0,0.0,722.0,2.0,73,0.0,5.0,20.0
dunnida01,2024,1,TEX,AL,5,7,26,15,0,0,0,285,97,56,18.0,40,91,0.26,5.31,1.0,2.0,6.0,0.0,421.0,6.0,60,0.0,2.0,6.0
dunnida01,2025,1,TEX,AL,0,0,5,0,0,0,2,32,9,4,2.0,5,10,0.231,3.38,1.0,1.0,1.0,0.0,46.0,4.0,4,0.0,1.0,1.0
dunnida01,2025,2,ATL,NL,0,0,7,0,0,0,0,30,15,12,2.0,2,11,0.333,10.8,0.0,0.0,2.0,0.0,49.0,2.0,13,0.0,0.0,0.0
dunnju01,2020,1,SEA,AL,4,1,10,10,0,0,0,137,31,22,10.0,31,38,0.189,4.34,1.0,0.0,2.0,0.0,198.0,0.0,23,0.0,1.0,2.0
dunnju01,2021,1,SEA,AL,1,3,11,11,0,0,0,151,37,21,6.0,29,49,0.201,3.75,0.0,1.0,4.0,0.0,218.0,0.0,21,0.0,1.0,1.0
dunnju01,2022,1,CIN,NL,1,3,7,7,0,0,0,93,32,21,11.0,17,21,0.276,6.1,0.0,0.0,3.0,0.0,138.0,0.0,21,1.0,1.0,3.0
dunshpa01,2024,1,ATL,NL,0,0,1,0,0,0,0,7,4,5,2.0,2,3,0.364,19.29,0.0,0.0,1.0,0.0,14.0,0.0,5,0.0,0.0,0.0
duplajo01,2021,1,ARI,NL,0,3,4,4,0,0,0,39,19,19,5.0,8,12,0.322,13.15,0.0,0.0,2.0,0.0,70.0,0.0,19,1.0,0.0,0.0
duranca01,2025,1,ATH,AL,0,0,1,0,0,0,0,1,1,3,0.0,3,0,0.5,81.0,0.0,0.0,0.0,0.0,5.0,0.0,3,0.0,0.0,0.0
duranez01,2025,1,TEX,AL,0,0,4,0,0,0,0,10,1,0,0.0,0,0,0.091,0.0,0.0,0.0,0.0,0.0,11.0,4.0,0,0.0,0.0,0.0
duranjh01,2022,1,MIN,AL,2,4,57,0,0,0,8,203,50,14,6.0,16,89,0.207,1.86,3.0,6.0,4.0,0.0,266.0,18.0,15,2.0,2.0,8.0
duranjh01,2023,1,MIN,AL,3,6,59,0,0,0,27,187,46,17,6.0,25,84,0.207,2.45,5.0,8.0,4.0,0.0,255.0,41.0,25,3.0,1.0,5.0
duranjh01,2024,1,MIN,AL,6,9,58,0,0,0,23,163,48,22,4.0,15,66,0.235,3.64,2.0,1.0,6.0,1.0,228.0,37.0,30,2.0,1.0,3.0
duranjh01,2025,1,MIN,AL,6,4,49,0,0,0,16,148,40,11,1.0,18,53,0.219,2.01,4.0,2.0,3.0,0.0,206.0,36.0,13,0.0,2.0,3.0
duranjh01,2025,2,PHI,NL,1,2,23,0,0,0,16,62,18,5,2.0,1,27,0.225,2.18,0.0,1.0,0.0,0.0,81.0,19.0,6,0.0,0.0,0.0
duronni01,2022,1,PHI,NL,0,0,1,0,0,0,0,3,2,0,0.0,0,1,0.5,0.0,0.0,0.0,0.0,0.0,4.0,0.0,0,0.0,0.0,1.0
earlyco01,2025,1,BOS,AL,1,2,4,4,0,0,0,58,17,5,0.0,4,29,0.23,2.33,0.0,0.0,1.0,0.0,79.0,0.0,6,0.0,0.0,1.0
eatonad02,2021,2,LAA,AL,0,0,1,0,0,0,0,3,2,0,0.0,0,0,0.4,0.0,0.0,0.0,0.0,0.0,5.0,1.0,0,0.0,0.0,0.0
eatonna01,2023,1,KCA,AL,0,0,1,0,0,0,0,3,2,0,0.0,0,1,0.4,0.0,0.0,0.0,0.0,0.0,5.0,1.0,0,0.0,0.0,0.0
eatonna01,2025,1,BOS,AL,0,0,1,0,0,0,0,3,2,0,0.0,0,0,0.5,0.0,0.0,0.0,0.0,0.0,4.0,1.0,0,0.0,0.0,1.0
ederja01,2024,1,CHA,AL,0,0,1,0,0,0,0,6,2,1,0.0,1,1,0.286,4.5,0.0,1.0,1.0,0.0,9.0,1.0,1,0.0,0.0,1.0
ederja01,2025,1,LAA,AL,0,1,8,0,0,0,0,55,15,10,3.0,9,15,0.224,4.91,1.0,3.0,1.0,0.0,78.0,7.0,10,1.0,0.0,2.0
edwarca01,2020,1,SEA,AL,0,0,5,0,0,0,1,14,2,1,0.0,1,6,0.125,1.93,0.0,0.0,0.0,0.0,17.0,1.0,1,0.0,0.0,0.0
edwarca01,2021,1,ATL,NL,0,0,1,0,0,0,0,1,3,3,1.0,1,1,0.75,81.0,0.0,1.0,0.0,0.0,5.0,0.0,3,0.0,0.0,0.0
edwarca01,2021,2,TOR,AL,0,0,6,0,0,0,0,16,8,4,2.0,2,5,0.348,6.75,0.0,1.0,0.0,0.0,26.0,1.0,4,0.0,1.0,1.0
edwarca01,2022,1,WAS,NL,6,3,57,0,0,0,2,186,51,19,8.0,25,56,0.224,2.76,0.0,2.0,1.0,0.0,256.0,8.0,22,0.0,2.0,2.0
edwarca01,2023,1,WAS,NL,1,3,32,0,0,0,2,95,31,13,1.0,17,24,0.25,3.69,2.0,2.0,1.0,0.0,142.0,3.0,14,0.0,0.0,3.0
edwarca01,2024,1,SDN,NL,0,0,1,0,0,0,0,0,1,0,0.0,2,0,1.0,,0.0,1.0,0.0,0.0,3.0,0.0,0,0.0,0.0,0.0
edwarca01,2025,1,LAA,AL,0,0,2,0,0,0,0,9,4,3,1.0,1,2,0.364,9.0,0.0,0.0,0.0,0.0,13.0,1.0,3,0.0,1.0,1.0
edwarca01,2025,2,TEX,AL,0,0,2,0,0,0,0,9,0,0,0.0,2,4,0.0,0.0,0.0,0.0,0.0,0.0,11.0,1.0,0,0.0,0.0,0.0
effrosc01,2021,1,CHN,NL,2,1,14,0,0,0,0,44,13,6,2.0,1,18,0.25,3.68,0.0,1.0,3.0,0.0,58.0,2.0,6,0.0,2.0,1.0
effrosc01,2022,1,CHN,NL,1,4,47,1,0,0,1,132,36,13,2.0,11,50,0.22,2.66,3.0,0.0,0.0,1.0,178.0,6.0,19,1.0,1.0,3.0
effrosc01,2022,2,NYA,AL,0,0,13,0,0,0,3,38,9,3,1.0,4,12,0.196,2.13,0.0,0.0,1.0,0.0,51.0,5.0,4,0.0,0.0,0.0
effrosc01,2024,1,NYA,AL,0,0,3,0,0,0,0,10,3,2,1.0,2,2,0.25,5.4,0.0,0.0,0.0,0.0,14.0,1.0,2,0.0,0.0,1.0
effrosc01,2025,1,NYA,AL,0,0,11,0,0,0,0,32,16,10,1.0,3,6,0.333,8.44,1.0,1.0,0.0,0.0,51.0,5.0,10,0.0,0.0,0.0
eflinza01,2020,1,PHI,NL,4,2,11,10,1,1,0,177,60,26,8.0,15,70,0.263,3.97,0.0,1.0,1.0,0.0,245.0,0.0,28,1.0,0.0,6.0
eflinza01,2021,1,PHI,NL,4,7,18,18,0,0,0,317,116,49,15.0,16,99,0.276,4.17,2.0,2.0,3.0,0.0,442.0,0.0,52,1.0,1.0,13.0
eflinza01,2022,1,PHI,NL,3,5,20,13,0,0,1,227,70,34,8.0,15,65,0.241,4.04,1.0,0.0,5.0,0.0,313.0,2.0,38,0.0,3.0,4.0
eflinza01,2023,1,TBA,AL,16,8,31,31,0,0,0,533,158,69,19.0,24,186,0.235,3.5,1.0,0.0,3.0,0.0,703.0,0.0,69,2.0,3.0,11.0
eflinza01,2024,1,TBA,AL,5,7,19,19,0,0,0,330,115,50,14.0,13,87,0.261,4.09,0.0,1.0,3.0,0.0,460.0,0.0,55,1.0,3.0,3.0
eflinza01,2024,2,BAL,AL,5,2,9,9,0,0,0,166,51,16,8.0,11,47,0.239,2.6,0.0,1.0,0.0,0.0,224.0,0.0,16,0.0,0.0,3.0
eflinza01,2025,1,BAL,AL,6,5,14,14,0,0,0,214,88,47,18.0,13,50,0.304,5.93,0.0,1.0,2.0,0.0,309.0,0.0,48,2.0,3.0,4.0
eibnebr01,2020,1,MIA,NL,0,0,3,0,0,0,0,10,7,5,2.0,4,4,0.412,13.5,1.0,1.0,0.0,0.0,21.0,2.0,7,0.0,0.0,1.0
eickhje01,2021,1,NYN,NL,0,2,5,4,0,0,0,59,30,19,9.0,10,13,0.333,8.69,2.0,0.0,3.0,0.0,104.0,0.0,24,0.0,1.0,1.0
eickhje01,2022,1,PIT,NL,0,1,1,1,0,0,0,13,10,10,2.0,1,4,0.455,20.77,0.0,0.0,3.0,0.0,27.0,0.0,10,0.0,1.0,0.0
eiserbr01,2024,1,TOR,AL,0,0,3,0,0,0,0,20,5,3,0.0,4,2,0.227,4.05,0.0,0.0,0.0,0.0,26.0,2.0,3,0.0,0.0,2.0
eiserbr01,2025,1,CHA,AL,3,8,72,3,0,0,2,209,75,34,12.0,25,74,0.276,4.39,6.0,3.0,5.0,1.0,306.0,14.0,36,1.0,3.0,6.0
elderbr01,2022,1,ATL,NL,2,4,10,9,1,1,0,162,44,19,4.0,23,47,0.222,3.17,1.0,0.0,3.0,0.0,227.0,1.0,19,1.0,2.0,5.0
elderbr01,2023,1,ATL,NL,12,4,31,31,0,0,0,524,160,74,19.0,63,128,0.245,3.81,0.0,11.0,8.0,1.0,732.0,0.0,79,1.0,5.0,26.0
elderbr01,2024,1,ATL,NL,2,5,10,10,0,0,0,149,64,36,8.0,17,46,0.311,6.52,0.0,3.0,2.0,0.0,226.0,0.0,37,0.0,1.0,3.0
elderbr01,2025,1,ATL,NL,8,11,28,28,0,0,0,469,167,92,24.0,51,131,0.271,5.3,1.0,2.0,6.0,0.0,679.0,0.0,95,2.0,4.0,11.0
eliasro01,2022,1,SEA,AL,0,0,7,0,0,0,0,23,7,3,1.0,3,6,0.233,3.52,0.0,0.0,0.0,0.0,33.0,5.0,3,0.0,0.0,0.0
ellarfr01,2024,1,CHA,AL,2,3,25,0,0,0,1,72,18,10,3.0,12,26,0.212,3.75,3.0,5.0,1.0,0.0,101.0,2.0,12,0.0,3.0,1.0
ellarfr01,2025,1,CHA,AL,1,2,18,3,0,0,0,51,8,8,1.0,19,22,0.148,4.24,0.0,3.0,1.0,0.0,74.0,5.0,9,0.0,0.0,2.0
elledse01,2020,1,SLN,NL,1,0,12,0,0,0,0,35,11,6,2.0,8,14,0.262,4.63,0.0,2.0,1.0,0.0,52.0,5.0,6,0.0,0.0,1.0
elledse01,2021,1,SLN,NL,0,0,11,0,0,0,0,35,13,6,1.0,7,11,0.302,4.63,0.0,1.0,1.0,0.0,52.0,2.0,6,0.0,1.0,1.0
ellisch01,2021,1,TBA,AL,1,0,1,0,0,0,0,12,3,0,0.0,1,7,0.2,0.0,0.0,1.0,0.0,0.0,16.0,1.0,0,0.0,0.0,0.0
ellisch01,2021,2,BAL,AL,0,0,6,6,0,0,0,76,18,7,3.0,13,16,0.2,2.49,0.0,2.0,2.0,0.0,105.0,0.0,7,0.0,0.0,1.0
ellisch01,2022,1,BAL,AL,0,0,2,2,0,0,0,13,5,5,0.0,6,2,0.278,10.38,0.0,0.0,1.0,0.0,25.0,0.0,5,0.0,0.0,1.0
emanuke01,2021,1,HOU,AL,1,0,10,0,0,0,0,53,12,5,4.0,4,13,0.19,2.55,0.0,0.0,1.0,0.0,68.0,5.0,5,0.0,0.0,3.0
emanuke01,2024,1,MIA,NL,0,0,12,0,0,0,0,53,20,13,4.0,7,12,0.282,6.62,0.0,0.0,3.0,0.0,82.0,4.0,14,0.0,1.0,3.0
englema01,2023,1,DET,AL,4,3,31,1,0,0,0,168,67,34,12.0,17,41,0.291,5.46,0.0,2.0,2.0,0.0,253.0,7.0,39,2.0,2.0,4.0
englema01,2024,1,DET,AL,1,0,12,1,0,0,0,65,23,13,4.0,5,16,0.264,5.4,1.0,2.0,1.0,0.0,93.0,5.0,15,0.0,0.0,1.0
englema01,2025,1,TBA,AL,0,1,29,0,0,0,0,134,43,19,4.0,11,44,0.25,3.83,0.0,2.0,1.0,0.0,185.0,9.0,20,0.0,1.0,5.0
ennsdi01,2021,1,TBA,AL,2,0,9,0,0,0,2,67,17,7,1.0,6,25,0.207,2.82,0.0,0.0,0.0,0.0,88.0,3.0,8,0.0,0.0,2.0
ennsdi01,2025,1,DET,AL,1,1,7,2,0,0,0,53,23,11,2.0,4,15,0.319,5.6,0.0,0.0,0.0,0.0,77.0,2.0,12,0.0,1.0,1.0
ennsdi01,2025,2,BAL,AL,2,2,17,1,0,0,2,86,27,10,4.0,11,34,0.243,3.14,4.0,1.0,0.0,0.0,123.0,3.0,13,1.0,0.0,2.0
enrigni01,2025,1,CLE,AL,2,1,27,0,0,0,1,93,24,7,3.0,12,30,0.212,2.03,0.0,0.0,2.0,1.0,127.0,8.0,8,0.0,0.0,1.0
eovalna01,2020,1,BOS,AL,4,2,9,9,0,0,0,145,51,20,8.0,7,52,0.273,3.72,0.0,2.0,4.0,0.0,199.0,0.0,20,1.0,0.0,6.0
eovalna01,2021,1,BOS,AL,11,9,32,32,0,0,0,547,182,76,15.0,35,195,0.253,3.75,2.0,6.0,7.0,0.0,764.0,0.0,81,1.0,2.0,11.0
eovalna01,2022,1,BOS,AL,6,3,20,20,2,1,0,328,115,47,21.0,20,103,0.264,3.87,0.0,2.0,1.0,0.0,460.0,0.0,55,2.0,2.0,10.0
eovalna01,2023,1,TEX,AL,12,5,25,25,2,1,0,432,117,58,15.0,47,132,0.225,3.63,0.0,2.0,6.0,0.0,577.0,0.0,59,1.0,2.0,19.0
eovalna01,2024,1,TEX,AL,12,8,29,29,0,0,0,512,147,72,23.0,42,166,0.229,3.8,0.0,3.0,7.0,0.0,696.0,0.0,74,0.0,5.0,10.0
eovalna01,2025,1,TEX,AL,11,3,22,22,1,1,0,390,90,25,10.0,21,129,0.194,1.73,1.0,6.0,7.0,0.0,496.0,0.0,28,2.0,2.0,14.0
erceglu01,2023,1,OAK,AL,4,4,50,0,0,0,0,165,51,29,1.0,36,68,0.245,4.75,1.0,5.0,6.0,0.0,251.0,4.0,33,0.0,1.0,7.0
erceglu01,2024,1,OAK,AL,2,3,38,0,0,0,3,110,31,15,3.0,13,41,0.225,3.68,2.0,4.0,5.0,0.0,156.0,4.0,17,0.0,0.0,4.0
erceglu01,2024,2,KCA,AL,0,3,23,0,0,0,11,75,18,8,0.0,3,31,0.194,2.88,0.0,1.0,1.0,1.0,97.0,12.0,9,0.0,0.0,0.0
erceglu01,2025,1,KCA,AL,8,4,61,0,0,0,2,184,54,18,4.0,18,48,0.238,2.64,3.0,3.0,4.0,0.0,249.0,10.0,19,0.0,0.0,7.0
erlinro01,2020,1,PIT,NL,0,0,2,0,0,0,0,10,5,2,0.0,1,4,0.333,5.4,1.0,0.0,1.0,0.0,17.0,1.0,2,0.0,0.0,0.0
erlinro01,2020,2,ATL,NL,0,0,7,5,0,0,0,70,28,22,8.0,6,21,0.289,8.49,0.0,1.0,1.0,0.0,105.0,0.0,22,0.0,1.0,0.0
erlinro01,2022,1,LAN,NL,0,0,2,0,0,0,0,6,2,2,1.0,1,1,0.25,9.0,0.0,0.0,0.0,0.0,9.0,2.0,2,0.0,0.0,0.0
escobal02,2022,1,WAS,NL,0,0,2,0,0,0,0,5,3,2,0.0,1,0,0.375,10.8,0.0,0.0,1.0,0.0,10.0,2.0,2,0.0,0.0,0.0
escobed01,2023,2,LAA,AL,0,0,3,0,0,0,0,11,2,1,0.0,1,0,0.154,2.45,0.0,0.0,1.0,0.0,16.0,3.0,2,0.0,1.0,0.0
eshelto01,2020,1,BAL,AL,3,1,12,4,0,0,0,104,34,15,7.0,9,16,0.26,3.89,0.0,1.0,1.0,0.0,143.0,3.0,17,0.0,2.0,3.0
eshelto01,2021,1,BAL,AL,0,3,9,6,0,0,0,83,34,22,6.0,10,11,0.298,7.16,0.0,0.0,1.0,0.0,126.0,1.0,22,0.0,1.0,1.0
espadjo01,2023,1,SDN,NL,0,0,1,0,0,0,0,3,0,0,0.0,2,2,0.0,0.0,0.0,0.0,0.0,0.0,5.0,1.0,0,0.0,0.0,0.0
espadjo01,2025,1,BAL,AL,0,0,1,0,0,0,0,9,1,0,0.0,0,4,0.111,0.0,0.0,0.0,0.0,0.0,9.0,1.0,0,0.0,0.0,0.0
espinan01,2022,1,CHN,NL,0,2,7,0,0,0,0,55,14,11,4.0,16,19,0.215,5.4,0.0,1.0,4.0,1.0,85.0,2.0,11,0.0,0.0,3.0
espinpa01,2020,1,WAS,NL,0,0,2,1,0,0,0,18,8,3,1.0,2,7,0.32,4.5,0.0,0.0,0.0,0.0,27.0,1.0,3,0.0,0.0,1.0
espinpa01,2021,1,WAS,NL,5,5,35,19,0,0,1,329,108,52,19.0,25,92,0.256,4.27,2.0,1.0,1.0,0.0,455.0,11.0,53,4.0,3.0,4.0
espinpa01,2022,1,WAS,NL,0,9,42,19,1,0,0,340,131,61,24.0,24,92,0.287,4.84,0.0,1.0,2.0,0.0,487.0,18.0,64,0.0,5.0,4.0
espinpa01,2023,1,WAS,NL,0,0,3,0,0,0,0,12,14,11,1.0,3,3,0.583,24.75,0.0,0.0,0.0,0.0,28.0,1.0,11,0.0,1.0,1.0
espinpa01,2024,1,TOR,AL,0,1,3,1,0,0,0,26,14,8,3.0,5,3,0.378,8.31,0.0,0.0,1.0,0.0,44.0,0.0,8,0.0,1.0,2.0
espinra01,2021,1,BOS,AL,0,0,1,0,0,0,0,6,2,2,0.0,1,0,0.286,9.0,0.0,0.0,0.0,0.0,8.0,1.0,2,0.0,0.0,0.0
espinra01,2022,1,CIN,NL,0,1,2,0,0,0,0,14,6,4,1.0,1,5,0.316,7.71,0.0,0.0,0.0,0.0,21.0,0.0,4,1.0,0.0,0.0
espinsa01,2020,1,TOR,AL,0,0,2,0,0,0,0,6,3,2,1.0,1,0,0.333,9.0,0.0,0.0,1.0,0.0,11.0,2.0,2,0.0,0.0,0.0
estesjo01,2023,1,OAK,AL,0,1,2,2,0,0,0,30,12,8,4.0,2,7,0.286,7.2,1.0,1.0,3.0,0.0,47.0,0.0,9,0.0,0.0,2.0
estesjo01,2024,1,OAK,AL,7,9,25,24,1,1,0,383,130,71,23.0,27,92,0.259,5.01,1.0,3.0,10.0,0.0,543.0,0.0,73,0.0,5.0,6.0
estesjo01,2025,1,ATH,AL,0,2,3,2,0,0,0,33,16,12,4.0,6,6,0.348,9.82,0.0,0.0,1.0,0.0,55.0,1.0,12,0.0,2.0,0.0
estevca01,2020,1,COL,NL,1,3,26,0,0,0,1,72,33,20,6.0,9,27,0.317,7.5,0.0,2.0,3.0,0.0,116.0,6.0,21,0.0,0.0,1.0
estevca01,2021,1,COL,NL,3,5,64,0,0,0,11,185,71,30,8.0,21,60,0.293,4.38,0.0,5.0,2.0,0.0,270.0,22.0,32,1.0,4.0,7.0
estevca01,2022,1,COL,NL,4,4,62,0,0,0,2,171,44,22,7.0,23,54,0.211,3.47,1.0,6.0,1.0,0.0,235.0,20.0,27,0.0,2.0,2.0
estevca01,2023,1,LAA,AL,5,5,63,0,0,0,31,187,62,27,7.0,31,78,0.254,3.9,5.0,1.0,5.0,0.0,281.0,49.0,34,1.0,0.0,3.0
estevca01,2024,1,LAA,AL,1,3,34,0,0,0,20,102,20,9,3.0,5,32,0.169,2.38,2.0,1.0,0.0,0.0,124.0,29.0,10,0.0,1.0,1.0
estevca01,2024,2,PHI,NL,3,2,20,0,0,0,6,63,18,6,2.0,7,18,0.225,2.57,2.0,2.0,1.0,0.0,88.0,18.0,8,0.0,0.0,1.0
estevca01,2025,1,KCA,AL,4,5,67,0,0,0,42,198,48,18,5.0,22,54,0.199,2.45,6.0,2.0,4.0,1.0,269.0,57.0,22,1.0,1.0,1.0
estraje01,2022,1,CHN,NL,0,0,5,0,0,0,0,17,6,2,1.0,3,8,0.286,3.18,0.0,1.0,0.0,0.0,25.0,3.0,2,0.0,1.0,0.0
estraje01,2023,1,CHN,NL,0,0,12,0,0,0,0,32,12,8,4.0,12,13,0.279,6.75,1.0,0.0,0.0,0.0,56.0,5.0,8,0.0,1.0,0.0
estraje01,2024,1,SDN,NL,6,3,62,0,0,0,1,183,42,20,4.0,23,94,0.187,2.95,1.0,5.0,0.0,0.0,252.0,14.0,22,0.0,4.0,1.0
estraje01,2025,1,SDN,NL,4,5,77,0,0,0,3,219,58,28,12.0,27,108,0.216,3.45,2.0,3.0,3.0,0.0,304.0,7.0,31,2.0,3.0,2.0
estrala01,2025,1,TOR,AL,0,0,2,0,0,0,0,22,10,7,2.0,1,10,0.323,8.59,0.0,0.0,2.0,0.0,35.0,0.0,7,1.0,0.0,0.0
evansde01,2020,1,TEX,AL,0,0,4,0,0,0,0,12,3,1,1.0,0,4,0.231,2.25,0.0,0.0,1.0,0.0,14.0,0.0,1,0.0,0.0,2.0
evansde01,2021,1,TEX,AL,0,2,25,0,0,0,0,79,24,15,4.0,16,33,0.238,5.13,0.0,2.0,1.0,0.0,120.0,3.0,16,1.0,1.0,0.0
evanslo01,2025,1,SEA,AL,6,5,16,15,0,0,0,244,82,39,13.0,31,59,0.262,4.32,1.0,5.0,4.0,0.0,350.0,0.0,45,1.0,1.0,8.0
evansph01,2021,1,PIT,NL,0,0,1,0,0,0,0,3,0,0,0.0,0,0,0.0,0.0,0.0,0.0,0.0,0.0,3.0,1.0,0,0.0,0.0,0.0
faedoal01,2022,1,DET,AL,1,5,12,12,0,0,0,161,63,33,7.0,25,44,0.293,5.53,0.0,2.0,1.0,0.0,244.0,0.0,34,0.0,3.0,3.0
faedoal01,2023,1,DET,AL,2,5,15,12,0,0,0,194,48,32,12.0,20,58,0.2,4.45,0.0,3.0,1.0,0.0,262.0,2.0,35,0.0,1.0,3.0
faedoal01,2024,1,DET,AL,5,3,37,6,0,0,0,172,49,23,9.0,28,55,0.233,3.61,0.0,4.0,3.0,0.0,246.0,7.0,24,2.0,3.0,1.0
fairbpe01,2020,1,TBA,AL,6,3,27,2,0,0,0,80,23,8,2.0,14,39,0.228,2.7,0.0,6.0,2.0,0.0,117.0,2.0,9,0.0,0.0,2.0
fairbpe01,2021,1,TBA,AL,3,6,47,0,0,0,5,128,40,17,2.0,21,56,0.241,3.59,1.0,3.0,1.0,0.0,189.0,17.0,22,0.0,1.0,0.0
fairbpe01,2022,1,TBA,AL,0,0,24,0,0,0,8,72,13,3,1.0,3,38,0.159,1.13,0.0,0.0,0.0,0.0,87.0,10.0,3,0.0,1.0,1.0
fairbpe01,2023,1,TBA,AL,2,4,49,0,0,0,25,136,26,13,3.0,20,68,0.164,2.58,0.0,6.0,4.0,0.0,184.0,37.0,14,1.0,0.0,3.0
fairbpe01,2024,1,TBA,AL,3,3,46,0,0,0,23,136,36,18,4.0,17,44,0.217,3.57,2.0,2.0,0.0,1.0,185.0,36.0,20,1.0,1.0,2.0
fairbpe01,2025,1,TBA,AL,4,5,61,0,0,0,27,181,45,19,7.0,18,59,0.201,2.83,0.0,2.0,1.0,0.0,244.0,48.0,22,1.0,0.0,3.0
falteba01,2021,1,PHI,NL,2,1,22,1,0,0,0,101,34,21,5.0,6,34,0.262,5.61,0.0,2.0,2.0,0.0,139.0,6.0,21,0.0,1.0,4.0
falteba01,2022,1,PHI,NL,6,4,20,16,0,0,0,252,85,36,16.0,17,74,0.263,3.86,0.0,2.0,6.0,0.0,349.0,3.0,39,0.0,3.0,7.0
falteba01,2023,1,PHI,NL,0,7,8,7,0,0,0,121,50,23,7.0,8,28,0.301,5.13,0.0,0.0,0.0,0.0,175.0,0.0,30,0.0,1.0,1.0
falteba01,2023,2,PIT,NL,2,2,10,7,0,0,0,121,44,25,10.0,12,32,0.275,5.58,0.0,0.0,0.0,0.0,172.0,1.0,25,0.0,0.0,4.0
falteba01,2024,1,PIT,NL,8,9,28,28,0,0,0,427,138,70,17.0,45,97,0.259,4.43,0.0,0.0,0.0,0.0,589.0,0.0,72,6.0,5.0,19.0
falteba01,2025,1,PIT,NL,7,5,22,22,0,0,0,340,95,47,17.0,39,70,0.232,3.73,0.0,4.0,1.0,0.0,457.0,0.0,53,3.0,4.0,14.0
falteba01,2025,2,KCA,AL,0,2,4,2,0,0,0,36,20,15,2.0,7,11,0.37,11.25,0.0,1.0,0.0,0.0,61.0,1.0,15,0.0,0.0,2.0
familje01,2020,1,NYN,NL,2,0,25,0,0,0,0,80,20,11,2.0,19,23,0.204,3.71,2.0,1.0,3.0,0.0,120.0,4.0,11,0.0,0.0,1.0
familje01,2021,1,NYN,NL,9,4,65,0,0,0,1,178,57,26,10.0,27,72,0.248,3.94,2.0,4.0,2.0,0.0,262.0,16.0,31,2.0,0.0,6.0
familje01,2022,1,PHI,NL,1,1,38,0,0,0,0,102,48,23,6.0,15,33,0.338,6.09,1.0,1.0,1.0,0.0,158.0,5.0,26,0.0,0.0,5.0
familje01,2022,2,BOS,AL,1,2,10,0,0,0,0,31,10,7,1.0,7,8,0.263,6.1,1.0,0.0,1.0,0.0,46.0,3.0,8,0.0,0.0,2.0
familje01,2023,1,OAK,AL,0,1,14,0,0,0,2,38,13,9,2.0,13,9,0.271,6.39,0.0,0.0,1.0,0.0,64.0,3.0,12,1.0,1.0,1.0
fariaja01,2021,1,ARI,NL,0,0,23,3,0,0,0,98,39,20,5.0,13,32,0.285,5.51,0.0,3.0,2.0,1.0,154.0,6.0,21,1.0,1.0,0.0
fariaja01,2023,1,BOS,AL,0,0,1,0,0,0,0,6,4,5,0.0,4,3,0.444,22.5,0.0,0.0,0.0,0.0,14.0,1.0,5,0.0,1.0,0.0
farmebu01,2020,1,DET,AL,1,0,23,0,0,0,0,64,20,9,3.0,5,14,0.244,3.8,0.0,1.0,0.0,0.0,89.0,9.0,9,1.0,1.0,1.0
farmebu01,2021,1,DET,AL,0,0,36,0,0,0,0,106,40,25,9.0,21,37,0.278,6.37,1.0,2.0,5.0,0.0,171.0,8.0,25,0.0,1.0,2.0
farmebu01,2022,1,CIN,NL,2,2,44,0,0,0,2,141,36,20,2.0,25,54,0.211,3.83,0.0,4.0,1.0,0.0,199.0,10.0,21,1.0,1.0,1.0
farmebu01,2023,1,CIN,NL,4,5,71,0,0,0,3,225,58,35,11.0,29,70,0.214,4.2,0.0,1.0,4.0,0.0,309.0,10.0,36,2.0,3.0,3.0
farmebu01,2024,1,CIN,NL,3,2,61,1,0,0,1,213,56,24,7.0,29,70,0.215,3.04,6.0,1.0,7.0,0.0,299.0,21.0,25,1.0,2.0,6.0
farmeky01,2024,1,MIN,AL,0,0,3,0,0,0,0,12,7,3,0.0,1,0,0.389,6.75,0.0,0.0,0.0,0.0,19.0,3.0,3,0.0,0.0,1.0
farmeky01,2025,1,COL,NL,0,0,1,0,0,0,0,3,3,1,1.0,0,0,0.6,9.0,0.0,0.0,0.0,0.0,5.0,1.0,1,0.0,0.0,1.0
farrelu01,2020,1,TEX,AL,0,0,4,0,0,0,0,16,5,5,1.0,5,8,0.25,8.44,0.0,2.0,1.0,0.0,27.0,1.0,5,1.0,0.0,0.0
farrelu01,2021,1,MIN,AL,1,1,20,1,0,0,0,74,28,13,4.0,13,25,0.28,4.74,0.0,0.0,0.0,0.0,113.0,3.0,13,0.0,0.0,1.0
farrelu01,2022,1,CHN,NL,0,0,4,2,0,0,0,33,12,5,2.0,3,9,0.267,4.09,0.0,0.0,0.0,0.0,48.0,1.0,5,0.0,0.0,0.0
farrelu01,2022,2,CIN,NL,0,0,2,0,0,0,0,12,6,4,1.0,4,5,0.333,9.0,0.0,0.0,0.0,0.0,22.0,1.0,5,0.0,0.0,0.0
farrimi01,2025,1,LAA,AL,1,3,5,5,0,0,0,73,24,18,4.0,11,24,0.261,6.66,0.0,1.0,1.0,0.0,107.0,0.0,19,0.0,3.0,0.0
fauchca01,2022,1,TBA,AL,2,3,22,0,0,0,1,64,26,13,4.0,10,21,0.289,5.48,0.0,2.0,1.0,0.0,101.0,7.0,16,0.0,0.0,2.0
fauchca01,2023,1,TBA,AL,1,1,17,4,0,0,0,77,31,20,4.0,12,25,0.29,7.01,0.0,4.0,1.0,0.0,120.0,3.0,20,0.0,0.0,2.0
fauchca01,2024,1,MIA,NL,2,3,53,0,0,0,6,161,49,19,0.0,26,63,0.246,3.19,3.0,5.0,4.0,0.0,235.0,18.0,25,2.0,4.0,4.0
fauchca01,2025,1,MIA,NL,4,4,65,0,0,0,15,181,53,22,8.0,24,59,0.236,3.28,0.0,2.0,3.0,0.0,255.0,29.0,27,0.0,3.0,4.0
feddeer01,2020,1,WAS,NL,2,4,11,8,0,0,0,151,47,24,10.0,22,28,0.241,4.29,2.0,2.0,3.0,0.0,222.0,1.0,25,1.0,1.0,4.0
feddeer01,2021,1,WAS,NL,7,9,29,27,0,0,0,400,144,81,23.0,48,128,0.275,5.47,6.0,1.0,4.0,1.0,590.0,1.0,90,8.0,5.0,5.0
feddeer01,2022,1,WAS,NL,6,13,27,27,0,0,0,381,149,82,21.0,58,94,0.293,5.81,0.0,6.0,0.0,0.0,573.0,0.0,84,1.0,6.0,13.0
feddeer01,2024,1,CHA,AL,7,4,21,21,0,0,0,365,105,42,14.0,34,108,0.227,3.11,0.0,2.0,2.0,1.0,502.0,0.0,43,1.0,3.0,6.0
feddeer01,2024,2,SLN,NL,2,5,10,10,0,0,0,167,49,23,6.0,18,46,0.246,3.72,0.0,1.0,3.0,0.0,224.0,0.0,23,0.0,4.0,6.0
feddeer01,2025,1,SLN,NL,3,10,20,20,1,1,0,305,106,59,14.0,47,63,0.27,5.22,1.0,2.0,2.0,0.0,446.0,0.0,62,3.0,2.0,12.0
feddeer01,2025,2,ATL,NL,1,2,5,4,0,0,0,70,30,21,3.0,13,13,0.316,8.1,0.0,0.0,1.0,0.0,111.0,0.0,21,1.0,1.0,3.0
feddeer01,2025,3,MIL,NL,0,1,7,0,0,0,0,48,11,6,2.0,7,7,0.186,3.38,0.0,0.0,0.0,0.0,66.0,1.0,7,0.0,0.0,0.0
feiglbr01,2024,1,PIT,NL,0,0,1,0,0,0,0,5,7,6,1.0,0,0,0.636,32.4,0.0,0.0,0.0,0.0,11.0,0.0,6,0.0,0.0,1.0
felipan01,2023,1,OAK,AL,1,1,14,0,0,0,0,45,6,7,0.0,13,19,0.12,4.2,0.0,1.0,1.0,0.0,64.0,5.0,7,0.0,0.0,1.0
felizmi01,2020,1,PIT,NL,0,0,3,0,0,0,0,5,4,6,1.0,2,2,0.444,32.4,0.0,0.0,1.0,0.0,12.0,0.0,6,0.0,0.0,0.0
felizmi01,2021,1,PIT,NL,0,0,7,0,0,0,0,23,8,2,0.0,1,8,0.267,2.35,0.0,1.0,0.0,0.0,31.0,2.0,3,0.0,0.0,0.0
felizmi01,2021,2,CIN,NL,0,0,9,0,0,0,1,20,13,12,2.0,4,9,0.394,16.2,0.0,1.0,0.0,0.0,37.0,5.0,12,0.0,0.0,0.0
felizmi01,2021,3,BOS,AL,0,0,4,0,0,0,0,16,4,2,2.0,1,5,0.222,3.38,0.0,0.0,0.0,0.0,19.0,0.0,2,0.0,0.0,2.0
felizmi01,2021,4,OAK,AL,0,0,1,0,0,0,0,1,1,0,0.0,1,0,0.5,0.0,0.0,0.0,0.0,0.0,3.0,0.0,0,0.0,0.0,0.0
felizmi01,2022,1,BOS,AL,0,0,1,0,0,0,0,10,1,1,1.0,2,4,0.091,2.7,0.0,0.0,0.0,0.0,13.0,0.0,2,0.0,0.0,0.0
felizne01,2021,1,PHI,NL,0,1,2,0,0,0,0,3,4,4,1.0,1,2,0.571,36.0,0.0,0.0,1.0,0.0,9.0,0.0,4,0.0,0.0,0.0
felizne01,2021,2,LAN,NL,0,0,3,0,0,0,0,9,1,0,0.0,0,1,0.1,0.0,0.0,0.0,0.0,0.0,10.0,1.0,0,0.0,0.0,0.0
feltnry01,2021,1,COL,NL,0,1,2,2,0,0,0,19,9,8,3.0,5,6,0.346,11.37,0.0,0.0,1.0,0.0,33.0,0.0,8,0.0,1.0,1.0
feltnry01,2022,1,COL,NL,4,9,20,19,0,0,0,292,102,63,16.0,35,84,0.266,5.83,0.0,4.0,5.0,0.0,428.0,0.0,65,0.0,4.0,5.0
feltnry01,2023,1,COL,NL,2,4,10,10,0,0,0,130,45,28,2.0,28,38,0.265,5.82,0.0,0.0,2.0,2.0,201.0,0.0,29,0.0,1.0,3.0
feltnry01,2024,1,COL,NL,3,10,30,30,0,0,0,487,165,81,20.0,52,138,0.263,4.49,0.0,4.0,7.0,0.0,692.0,0.0,94,1.0,4.0,18.0
feltnry01,2025,1,COL,NL,0,2,6,6,0,0,0,91,33,16,4.0,12,25,0.27,4.75,0.0,0.0,0.0,0.0,135.0,0.0,17,0.0,1.0,2.0
ferguca01,2020,1,LAN,NL,2,1,21,1,0,0,0,56,16,6,4.0,3,27,0.222,2.89,0.0,0.0,0.0,0.0,75.0,0.0,7,0.0,0.0,1.0
ferguca01,2022,1,LAN,NL,1,0,37,1,0,0,0,104,23,7,1.0,17,37,0.187,1.82,0.0,0.0,2.0,0.0,142.0,3.0,9,0.0,0.0,3.0
ferguca01,2023,1,LAN,NL,7,4,68,7,0,0,3,181,64,23,4.0,23,70,0.269,3.43,0.0,3.0,8.0,0.0,270.0,9.0,30,0.0,1.0,8.0
ferguca01,2024,1,NYA,AL,1,3,42,0,0,0,1,100,34,19,5.0,16,41,0.25,5.13,1.0,2.0,2.0,0.0,155.0,12.0,24,0.0,1.0,0.0
ferguca01,2024,2,HOU,AL,0,1,20,0,0,0,0,63,22,9,1.0,9,26,0.265,3.86,0.0,1.0,2.0,0.0,94.0,7.0,10,0.0,0.0,2.0
ferguca01,2025,1,PIT,NL,2,2,45,0,0,0,0,130,33,18,1.0,14,34,0.214,3.74,2.0,0.0,5.0,0.0,176.0,2.0,18,1.0,2.0,3.0
ferguca01,2025,2,SEA,AL,3,2,25,0,0,0,0,66,21,8,1.0,8,17,0.256,3.27,1.0,1.0,1.0,0.0,94.0,2.0,9,2.0,1.0,1.0
ferguty01,2024,1,OAK,AL,4,2,48,0,0,0,2,154,32,21,4.0,24,62,0.178,3.68,2.0,1.0,2.0,1.0,207.0,15.0,23,1.0,0.0,4.0
ferguty01,2025,1,ATH,AL,4,2,56,0,0,0,2,174,43,30,4.0,34,54,0.214,4.66,2.0,1.0,4.0,0.0,246.0,10.0,32,2.0,5.0,5.0
fermijo02,2025,1,LAA,AL,3,2,40,0,0,0,0,103,25,17,8.0,23,39,0.197,4.46,2.0,1.0,1.0,1.0,152.0,3.0,21,0.0,1.0,2.0
fernaju01,2020,1,SLN,NL,0,0,3,0,0,0,0,9,6,6,1.0,2,2,0.429,18.0,0.0,0.0,0.0,0.0,16.0,2.0,6,0.0,0.0,0.0
fernaju01,2021,1,SLN,NL,1,0,18,0,0,0,0,62,25,13,2.0,15,15,0.305,5.66,1.0,1.0,0.0,1.0,97.0,11.0,13,0.0,0.0,5.0
fernaju01,2022,1,SLN,NL,0,0,13,0,0,0,0,46,17,5,3.0,8,12,0.283,2.93,0.0,1.0,1.0,0.0,70.0,2.0,6,0.0,0.0,3.0
fernaju01,2022,2,PIT,NL,0,0,3,0,0,0,0,10,1,0,0.0,4,2,0.1,0.0,0.0,1.0,0.0,0.0,14.0,0.0,0,0.0,0.0,1.0
fernaju02,2021,1,COL,NL,0,0,6,0,0,0,0,20,9,8,2.0,4,4,0.31,10.8,0.0,1.0,0.0,0.0,33.0,3.0,8,0.0,0.0,0.0
fernaju02,2025,1,LAN,NL,0,0,1,0,0,0,0,6,2,2,1.0,1,1,0.25,9.0,0.0,0.0,0.0,0.0,9.0,1.0,2,0.0,0.0,0.0
fernaju02,2025,2,WAS,NL,1,0,3,0,0,0,0,9,1,1,1.0,1,4,0.1,3.0,0.0,0.0,0.0,0.0,11.0,1.0,1,0.0,0.0,0.0
fernary01,2024,1,SLN,NL,1,6,62,0,0,0,2,200,58,26,4.0,32,71,0.236,3.51,5.0,0.0,2.0,0.0,285.0,16.0,30,2.0,3.0,6.0
fernary01,2025,1,SLN,NL,0,4,32,0,0,0,1,91,36,26,6.0,16,34,0.293,7.71,2.0,0.0,1.0,0.0,140.0,13.0,30,0.0,0.0,3.0
ferrejo01,2023,1,WAS,NL,3,0,39,0,0,0,0,102,37,19,4.0,13,25,0.289,5.03,2.0,0.0,1.0,0.0,142.0,6.0,19,0.0,0.0,7.0
ferrejo01,2024,1,WAS,NL,1,0,31,0,0,0,1,96,27,12,1.0,6,25,0.227,3.38,0.0,1.0,2.0,1.0,129.0,6.0,12,0.0,2.0,3.0
ferrejo01,2025,1,WAS,NL,4,4,72,0,0,0,11,229,81,38,5.0,16,71,0.276,4.48,1.0,6.0,7.0,0.0,324.0,18.0,41,5.0,2.0,12.0
festada01,2024,1,MIN,AL,2,6,14,13,0,0,0,193,62,35,9.0,23,77,0.247,4.9,0.0,2.0,2.0,1.0,277.0,0.0,36,0.0,1.0,3.0
festada01,2025,1,MIN,AL,3,4,11,10,0,0,0,160,49,32,10.0,19,53,0.24,5.4,0.0,1.0,4.0,0.0,229.0,0.0,35,1.0,1.0,1.0
festama01,2022,1,SEA,AL,2,0,53,0,0,0,2,162,43,25,10.0,18,64,0.218,4.17,0.0,1.0,2.0,0.0,219.0,13.0,26,2.0,0.0,4.0
festama01,2023,1,SEA,AL,0,0,8,0,0,0,0,27,4,4,1.0,12,13,0.129,4.0,0.0,1.0,0.0,0.0,43.0,4.0,4,0.0,0.0,0.0
festama01,2024,1,NYN,NL,0,1,1,0,0,0,0,3,4,4,0.0,1,1,0.571,36.0,1.0,0.0,0.0,0.0,8.0,1.0,5,0.0,0.0,0.0
festama01,2024,2,TEX,AL,6,0,18,0,0,0,0,68,17,11,2.0,7,23,0.205,4.37,0.0,0.0,1.0,0.0,92.0,3.0,13,0.0,1.0,0.0
festama01,2025,1,CLE,AL,5,4,63,0,0,0,0,164,44,25,4.0,15,56,0.221,4.12,2.0,1.0,5.0,1.0,226.0,5.0,29,4.0,3.0,1.0
feyerjo01,2020,1,MIL,NL,0,0,6,0,0,0,0,28,4,6,3.0,5,7,0.138,5.79,0.0,0.0,1.0,0.0,37.0,4.0,6,0.0,2.0,1.0
feyerjo01,2021,1,MIL,NL,0,2,21,0,0,0,0,58,10,7,2.0,11,20,0.154,3.26,0.0,1.0,0.0,0.0,77.0,4.0,9,1.0,0.0,1.0
feyerjo01,2021,2,TBA,AL,4,2,34,0,0,0,3,110,26,10,3.0,22,33,0.197,2.45,0.0,2.0,0.0,0.0,157.0,10.0,14,1.0,2.0,2.0
feyerjo01,2022,1,TBA,AL,4,0,22,2,0,0,1,73,7,0,0.0,5,25,0.086,0.0,0.0,0.0,0.0,0.0,86.0,3.0,1,0.0,0.0,1.0
feyerjo01,2024,1,LAN,NL,0,1,10,0,0,0,1,33,11,10,3.0,5,9,0.262,8.18,0.0,0.0,1.0,0.0,48.0,6.0,10,0.0,0.0,2.0
feyerjo01,2025,1,ARI,NL,0,1,2,0,0,0,0,6,3,2,1.0,0,2,0.333,9.0,0.0,0.0,0.0,0.0,9.0,2.0,3,0.0,0.0,0.0
feyerjo01,2025,2,LAN,NL,0,1,2,0,0,0,0,6,8,3,1.0,1,2,0.615,13.5,1.0,0.0,0.0,0.0,14.0,1.0,4,0.0,0.0,1.0
fiersmi01,2020,1,OAK,AL,6,3,11,11,0,0,0,177,65,30,9.0,16,37,0.275,4.58,0.0,1.0,4.0,0.0,257.0,0.0,31,0.0,1.0,1.0
fiersmi01,2021,1,OAK,AL,0,2,2,2,0,0,0,28,15,8,4.0,4,5,0.366,7.71,0.0,0.0,0.0,0.0,45.0,0.0,8,0.0,0.0,1.0
finneky01,2020,1,WAS,NL,1,0,25,0,0,0,0,74,21,8,2.0,13,27,0.226,2.92,4.0,2.0,1.0,0.0,107.0,4.0,10,0.0,0.0,4.0
finneky01,2021,1,WAS,NL,5,9,68,0,0,0,11,198,64,26,9.0,34,68,0.251,3.55,4.0,8.0,2.0,0.0,294.0,24.0,39,2.0,0.0,7.0
finneky01,2022,1,WAS,NL,6,4,66,0,0,0,11,200,54,26,9.0,22,70,0.221,3.51,2.0,0.0,0.0,1.0,268.0,24.0,28,0.0,2.0,6.0
finneky01,2023,1,WAS,NL,7,5,67,0,0,0,28,208,66,29,11.0,24,63,0.254,3.76,1.0,0.0,1.0,0.0,288.0,46.0,33,2.0,1.0,11.0
finneky01,2024,1,WAS,NL,3,8,65,0,0,0,38,191,61,26,9.0,24,60,0.249,3.68,3.0,2.0,0.0,0.0,271.0,58.0,31,1.0,1.0,7.0
finneky01,2025,1,WAS,NL,1,4,40,0,0,0,20,117,36,19,3.0,14,32,0.248,4.38,2.0,5.0,1.0,0.0,163.0,34.0,21,1.0,2.0,1.0
finneky01,2025,2,DET,AL,3,0,16,0,0,0,4,54,9,3,1.0,4,23,0.15,1.5,0.0,1.0,0.0,0.0,66.0,4.0,3,1.0,1.0,2.0
fishebr02,2025,1,TOR,AL,7,0,52,1,0,0,0,150,32,15,4.0,19,62,0.181,2.7,1.0,0.0,3.0,0.0,202.0,12.0,15,1.0,2.0,3.0
fishena01,2022,1,NYN,NL,0,0,1,0,0,0,0,9,1,0,0.0,2,1,0.111,0.0,0.0,0.0,0.0,0.0,11.0,0.0,0,0.0,0.0,0.0
fishmja01,2022,1,MIA,NL,0,0,7,0,0,0,0,33,13,5,0.0,0,6,0.289,4.09,0.0,0.0,3.0,0.0,48.0,2.0,5,0.0,0.0,1.0
fittsri01,2024,1,BOS,AL,0,1,4,4,0,0,0,62,19,4,0.0,7,9,0.25,1.74,0.0,1.0,0.0,0.0,85.0,0.0,6,2.0,0.0,2.0
fittsri01,2025,1,BOS,AL,2,4,11,10,0,0,0,135,43,25,11.0,16,40,0.249,5.0,0.0,1.0,3.0,1.0,195.0,0.0,27,1.0,2.0,5.0
fitzgry01,2025,1,MIN,AL,0,0,2,0,0,0,0,6,2,0,0.0,0,0,0.25,0.0,0.0,0.0,0.0,0.0,8.0,2.0,0,0.0,0.0,0.0
fitzgty01,2024,1,SFN,NL,0,0,3,0,0,0,0,9,6,3,0.0,0,0,0.429,9.0,0.0,0.0,0.0,0.0,14.0,3.0,3,0.0,0.0,1.0
flaaja01,2021,1,BAL,AL,0,0,1,0,0,0,0,4,0,0,0.0,2,1,0.0,0.0,0.0,0.0,0.0,0.0,5.0,1.0,0,0.0,0.0,1.0
flaaja01,2021,2,ATL,NL,0,0,1,0,0,0,0,4,3,4,2.0,1,2,0.429,27.0,0.0,0.0,0.0,0.0,8.0,0.0,4,0.0,0.0,0.0
flaheja01,2020,1,SLN,NL,4,3,9,9,0,0,0,121,33,22,6.0,16,49,0.221,4.91,0.0,1.0,3.0,0.0,170.0,0.0,22,1.0,1.0,2.0
flaheja01,2021,1,SLN,NL,9,2,17,15,0,0,0,235,57,28,12.0,26,85,0.199,3.22,1.0,4.0,6.0,0.0,322.0,0.0,35,2.0,2.0,2.0
flaheja01,2022,1,SLN,NL,2,1,9,8,0,0,0,108,36,17,4.0,22,33,0.259,4.25,0.0,0.0,5.0,0.0,167.0,0.0,18,1.0,0.0,6.0
flaheja01,2023,1,SLN,NL,7,6,20,20,0,0,0,329,116,54,10.0,54,106,0.278,4.43,0.0,6.0,8.0,0.0,485.0,0.0,56,0.0,5.0,16.0
flaheja01,2023,2,BAL,AL,1,3,9,7,0,0,0,104,46,26,7.0,12,42,0.311,6.75,2.0,2.0,4.0,0.0,165.0,0.0,27,0.0,1.0,3.0
flaheja01,2024,1,DET,AL,7,5,18,18,0,0,0,320,83,35,15.0,19,133,0.211,2.95,0.0,4.0,3.0,0.0,415.0,0.0,38,0.0,0.0,5.0
flaheja01,2024,2,LAN,NL,6,2,10,10,0,0,0,166,52,22,9.0,19,61,0.245,3.58,0.0,2.0,1.0,0.0,234.0,0.0,23,1.0,1.0,2.0
flaheja01,2025,1,DET,AL,8,15,31,31,0,0,0,483,147,83,23.0,59,188,0.239,4.64,1.0,4.0,5.0,0.0,681.0,0.0,85,2.0,1.0,11.0
flemijo01,2020,1,TBA,AL,5,0,7,5,0,0,0,97,28,10,5.0,7,25,0.23,2.78,0.0,0.0,1.0,0.0,130.0,0.0,10,0.0,0.0,3.0
flemijo01,2021,1,TBA,AL,10,8,26,11,0,0,1,313,110,59,11.0,31,65,0.268,5.09,5.0,0.0,3.0,0.0,448.0,1.0,60,3.0,1.0,10.0
flemijo01,2022,1,TBA,AL,2,5,10,3,0,0,0,105,54,25,5.0,12,29,0.348,6.43,1.0,0.0,1.0,0.0,169.0,1.0,36,0.0,1.0,4.0
flemijo01,2023,1,TBA,AL,2,0,12,3,0,0,0,155,56,27,9.0,19,25,0.281,4.7,2.0,2.0,0.0,0.0,221.0,2.0,29,0.0,3.0,10.0
flemijo01,2024,1,PIT,NL,1,1,25,3,0,0,1,94,34,14,3.0,14,17,0.276,4.02,0.0,1.0,1.0,0.0,138.0,9.0,18,0.0,0.0,7.0
fletcaa01,2020,1,SEA,AL,0,0,6,0,0,0,0,13,7,6,1.0,7,7,0.35,12.46,0.0,0.0,2.0,0.0,29.0,0.0,6,0.0,0.0,1.0
fletcaa01,2021,1,SEA,AL,0,0,4,0,0,0,0,11,7,5,1.0,1,2,0.368,12.27,0.0,0.0,0.0,0.0,20.0,2.0,5,0.0,0.0,0.0
fletcaa01,2022,1,PIT,NL,0,1,9,0,0,0,0,35,10,9,2.0,4,6,0.233,6.94,0.0,1.0,3.0,0.0,52.0,4.0,9,0.0,2.0,0.0
flexech01,2021,1,SEA,AL,14,6,31,31,0,0,0,539,185,72,19.0,40,125,0.268,3.61,0.0,2.0,4.0,0.0,741.0,0.0,74,0.0,7.0,22.0
flexech01,2022,1,SEA,AL,8,9,33,22,0,0,2,413,132,57,17.0,51,95,0.25,3.73,3.0,7.0,2.0,0.0,590.0,11.0,61,3.0,5.0,6.0
flexech01,2023,1,SEA,AL,0,4,17,4,0,0,0,126,59,36,11.0,19,29,0.333,7.71,0.0,2.0,0.0,0.0,196.0,9.0,36,0.0,0.0,4.0
flexech01,2023,2,COL,NL,2,4,12,12,0,0,0,181,74,42,14.0,19,45,0.305,6.27,0.0,4.0,4.0,0.0,270.0,0.0,45,1.0,3.0,6.0
flexech01,2024,1,CHA,AL,3,15,33,30,0,0,0,480,180,88,24.0,63,123,0.283,4.95,1.0,4.0,2.0,2.0,707.0,0.0,95,4.0,3.0,12.0
flexech01,2025,1,CHN,NL,5,1,21,1,0,0,1,131,38,15,7.0,12,22,0.232,3.09,0.0,3.0,0.0,0.0,178.0,12.0,18,0.0,2.0,2.0
florebe01,2020,1,CHA,AL,0,0,2,0,0,0,0,6,4,2,0.0,0,2,0.4,9.0,0.0,0.0,0.0,0.0,10.0,1.0,2,0.0,0.0,0.0
florebe01,2021,1,SLN,NL,0,0,1,0,0,0,0,0,1,1,0.0,2,0,1.0,,0.0,0.0,0.0,0.0,3.0,0.0,1,0.0,0.0,0.0
florody01,2020,1,LAN,NL,3,0,25,0,0,0,0,73,23,7,1.0,4,19,0.25,2.59,1.0,1.0,0.0,0.0,98.0,4.0,7,0.0,2.0,3.0
florody01,2021,1,MIA,NL,6,6,68,0,0,0,15,192,53,20,2.0,25,62,0.217,2.81,3.0,1.0,0.0,0.0,270.0,32.0,25,0.0,1.0,3.0
florody01,2022,1,MIA,NL,1,3,56,0,0,0,10,161,48,18,4.0,15,48,0.235,3.02,3.0,1.0,0.0,0.0,220.0,23.0,23,0.0,1.0,7.0
florody01,2023,1,MIA,NL,3,5,43,0,0,0,7,119,48,20,2.0,11,41,0.302,4.54,3.0,1.0,1.0,0.0,171.0,13.0,24,0.0,0.0,7.0
florody01,2023,2,MIN,AL,2,1,19,0,0,0,0,51,22,10,1.0,6,17,0.324,5.29,0.0,0.0,2.0,0.0,77.0,5.0,10,0.0,1.0,4.0
florody01,2024,1,WAS,NL,3,3,51,0,0,0,0,157,42,12,1.0,13,40,0.222,2.06,0.0,1.0,0.0,0.0,204.0,8.0,14,1.0,1.0,6.0
florody01,2024,2,ARI,NL,3,1,15,0,0,0,0,49,23,17,4.0,4,8,0.333,9.37,0.0,0.0,1.0,0.0,75.0,2.0,17,0.0,1.0,2.0
fluhama01,2025,1,TOR,AL,5,2,55,0,0,0,1,158,36,26,6.0,24,56,0.193,4.44,4.0,1.0,2.0,0.0,215.0,7.0,28,1.0,1.0,5.0
foleyja01,2021,1,DET,AL,0,0,11,0,0,0,0,31,8,3,1.0,5,6,0.216,2.61,0.0,3.0,3.0,0.0,45.0,1.0,3,0.0,0.0,1.0
foleyja01,2022,1,DET,AL,1,0,60,0,0,0,0,181,72,26,2.0,11,43,0.298,3.88,0.0,0.0,2.0,1.0,256.0,15.0,27,1.0,0.0,7.0
foleyja01,2023,1,DET,AL,3,3,70,0,0,0,7,207,65,20,2.0,15,55,0.251,2.61,2.0,2.0,1.0,0.0,276.0,18.0,21,0.0,1.0,14.0
foleyja01,2024,1,DET,AL,3,6,69,0,0,0,28,180,51,21,5.0,20,46,0.228,3.15,2.0,1.0,2.0,1.0,250.0,41.0,28,1.0,3.0,4.0
foltymi01,2020,1,ATL,NL,0,1,1,1,0,0,0,10,4,6,3.0,4,3,0.333,16.2,0.0,0.0,0.0,0.0,16.0,0.0,6,0.0,0.0,2.0
foltymi01,2021,1,TEX,AL,2,12,28,24,0,0,0,417,139,84,35.0,36,97,0.26,5.44,0.0,2.0,9.0,0.0,586.0,0.0,86,3.0,3.0,8.0
fontwi01,2020,1,TOR,AL,1,3,21,0,0,0,0,49,28,18,2.0,9,15,0.378,9.92,0.0,1.0,1.0,0.0,85.0,5.0,19,0.0,1.0,2.0
fordmi01,2022,3,ATL,NL,0,0,1,0,0,0,0,3,1,2,1.0,1,0,0.25,18.0,0.0,0.0,0.0,0.0,5.0,1.0,2,0.0,0.0,0.0
fordmi01,2023,1,SEA,AL,0,0,2,0,0,0,0,6,5,4,2.0,1,0,0.455,18.0,0.0,0.0,0.0,0.0,12.0,2.0,4,0.0,0.0,0.0
forsylo01,2020,1,MIA,NL,0,0,1,0,0,0,0,3,2,1,0.0,1,0,0.5,9.0,0.0,1.0,0.0,0.0,6.0,1.0,1,0.0,1.0,0.0
fostema01,2020,1,CHA,AL,6,1,23,2,0,0,0,86,16,7,2.0,9,31,0.162,2.2,0.0,0.0,0.0,0.0,109.0,4.0,8,1.0,0.0,1.0
fostema01,2021,1,CHA,AL,2,1,37,0,0,0,1,117,43,26,9.0,13,40,0.274,6.0,0.0,1.0,2.0,1.0,174.0,17.0,27,0.0,2.0,2.0
fostema01,2022,1,CHA,AL,1,2,48,0,0,0,1,135,43,22,6.0,17,42,0.247,4.4,1.0,1.0,0.0,0.0,193.0,12.0,25,1.0,1.0,4.0
fostema01,2024,1,CHA,AL,0,1,6,1,0,0,0,20,5,2,1.0,5,4,0.2,2.7,0.0,0.0,0.0,0.0,30.0,1.0,2,0.0,0.0,0.0
francbo01,2022,1,TOR,AL,0,0,1,0,0,0,0,2,1,0,0.0,0,1,0.333,0.0,0.0,0.0,0.0,0.0,3.0,1.0,0,0.0,0.0,0.0
francbo01,2023,1,TOR,AL,1,0,20,0,0,0,1,109,22,7,5.0,8,35,0.175,1.73,0.0,1.0,1.0,2.0,136.0,11.0,7,0.0,1.0,3.0
francbo01,2024,1,TOR,AL,8,5,27,13,0,0,0,311,74,38,17.0,22,92,0.196,3.3,0.0,0.0,7.0,1.0,408.0,7.0,41,1.0,1.0,9.0
francbo01,2025,1,TOR,AL,2,8,14,14,0,0,0,192,71,43,19.0,27,54,0.283,6.05,0.0,3.0,6.0,0.0,288.0,0.0,46,0.0,4.0,4.0
francjp01,2023,1,HOU,AL,11,6,24,23,0,0,0,409,138,58,19.0,47,101,0.263,3.83,0.0,6.0,2.0,0.0,581.0,0.0,64,1.0,7.0,17.0
francjp01,2024,1,HOU,AL,0,3,5,5,0,0,0,76,31,21,5.0,12,22,0.29,7.46,0.0,3.0,1.0,1.0,121.0,0.0,21,0.0,1.0,0.0
francjp01,2025,1,HOU,AL,1,0,2,0,0,0,0,12,2,1,0.0,2,5,0.143,2.25,0.0,0.0,0.0,0.0,16.0,1.0,1,0.0,0.0,0.0
frankse01,2020,1,SEA,AL,0,0,2,0,0,0,0,8,6,5,0.0,2,0,0.429,16.88,0.0,0.0,0.0,0.0,16.0,1.0,5,0.0,0.0,0.0
frankse01,2021,1,ARI,NL,0,2,4,3,0,0,0,44,20,15,4.0,9,11,0.333,9.2,0.0,3.0,2.0,0.0,74.0,1.0,15,3.0,0.0,1.0
frazito01,2020,2,NYN,NL,0,0,1,0,0,0,0,3,0,0,0.0,0,1,0.0,0.0,0.0,0.0,0.0,0.0,3.0,1.0,0,0.0,0.0,0.0
freelky01,2020,1,COL,NL,2,3,13,13,0,0,0,212,77,34,9.0,23,46,0.278,4.33,0.0,0.0,3.0,0.0,304.0,0.0,34,0.0,1.0,14.0
freelky01,2021,1,COL,NL,7,8,23,23,0,0,0,362,133,58,20.0,38,105,0.284,4.33,1.0,1.0,4.0,0.0,515.0,0.0,59,3.0,1.0,16.0
freelky01,2022,1,COL,NL,9,11,31,31,0,0,0,524,193,88,19.0,53,131,0.281,4.53,0.0,4.0,16.0,0.0,766.0,0.0,96,1.0,9.0,19.0
freelky01,2023,1,COL,NL,6,14,29,29,0,0,0,467,187,87,29.0,42,94,0.3,5.03,0.0,2.0,1.0,0.0,677.0,0.0,96,4.0,6.0,18.0
freelky01,2024,1,COL,NL,5,8,21,21,0,0,0,340,134,66,22.0,26,85,0.291,5.24,0.0,1.0,1.0,0.0,490.0,0.0,73,1.0,2.0,8.0
freelky01,2025,1,COL,NL,5,17,31,31,0,0,0,488,193,90,22.0,38,124,0.294,4.98,2.0,2.0,6.0,0.0,709.0,0.0,105,1.0,7.0,16.0
freemca01,2025,1,CHA,AL,0,0,5,0,0,0,0,10,5,2,1.0,1,3,0.357,5.4,0.0,0.0,0.0,0.0,16.0,3.0,2,1.0,0.0,0.0
freemmi01,2021,1,CIN,NL,0,0,1,0,0,0,0,1,0,0,0.0,0,1,0.0,0.0,0.0,0.0,0.0,0.0,1.0,1.0,0,0.0,0.0,0.0
freemsa01,2020,1,WAS,NL,0,0,7,0,0,0,0,15,2,1,0.0,7,6,0.111,1.8,1.0,0.0,0.0,0.0,25.0,1.0,1,0.0,0.0,0.0
friaslu01,2021,1,ARI,NL,0,0,3,0,0,0,0,10,2,1,0.0,5,3,0.2,2.7,0.0,0.0,0.0,0.0,16.0,1.0,1,0.0,1.0,1.0
friaslu01,2022,1,ARI,NL,1,1,15,0,0,0,0,51,23,20,1.0,17,14,0.319,10.59,0.0,4.0,1.0,1.0,90.0,6.0,20,0.0,0.0,1.0
friaslu01,2023,1,ARI,NL,1,0,29,0,0,0,0,93,30,14,3.0,17,26,0.25,4.06,0.0,1.0,2.0,0.0,139.0,7.0,14,0.0,0.0,3.0
friaslu01,2024,1,ARI,NL,0,1,7,0,0,0,0,19,11,7,1.0,4,7,0.423,9.95,0.0,1.0,0.0,0.0,31.0,4.0,8,0.0,1.0,3.0
friaslu01,2024,2,TOR,AL,0,0,4,0,0,0,0,10,8,8,1.0,3,5,0.421,21.6,0.0,1.0,0.0,0.0,22.0,1.0,8,0.0,0.0,0.0
friedma01,2020,1,ATL,NL,7,0,11,11,0,0,0,168,42,14,2.0,19,50,0.211,2.25,0.0,1.0,4.0,1.0,224.0,0.0,14,0.0,2.0,5.0
friedma01,2021,1,ATL,NL,14,7,28,28,2,2,0,497,139,56,15.0,41,158,0.227,3.04,0.0,7.0,7.0,0.0,667.0,0.0,61,4.0,3.0,12.0
friedma01,2022,1,ATL,NL,14,7,30,30,0,0,0,556,156,51,12.0,32,170,0.225,2.48,2.0,9.0,4.0,0.0,733.0,0.0,55,0.0,5.0,15.0
friedma01,2023,1,ATL,NL,8,1,14,14,1,1,0,233,70,22,7.0,18,80,0.242,2.55,0.0,3.0,2.0,0.0,311.0,0.0,24,1.0,1.0,9.0
friedma01,2024,1,ATL,NL,11,10,29,29,2,1,0,523,146,63,13.0,57,166,0.226,3.25,0.0,6.0,7.0,0.0,714.0,0.0,71,0.0,4.0,20.0
friedma01,2025,1,NYA,AL,19,5,32,32,0,0,0,586,164,62,14.0,51,189,0.223,2.86,0.0,8.0,10.0,1.0,801.0,0.0,73,1.0,2.0,12.0
fryda01,2023,1,CLE,AL,0,0,2,0,0,0,0,15,10,7,3.0,1,0,0.4,12.6,0.0,0.0,0.0,0.0,26.0,2.0,7,0.0,0.0,0.0
fryja01,2020,1,CHA,AL,0,1,18,0,0,0,0,59,16,8,3.0,12,24,0.225,3.66,2.0,1.0,0.0,0.0,83.0,4.0,9,0.0,0.0,3.0
fryja01,2021,1,CHA,AL,0,1,6,0,0,0,0,20,10,8,1.0,6,3,0.417,10.8,0.0,2.0,1.0,0.0,31.0,2.0,8,0.0,0.0,5.0
frypa01,2020,1,BAL,AL,1,0,22,0,0,0,0,66,22,6,3.0,9,29,0.25,2.45,0.0,3.0,1.0,0.0,98.0,4.0,7,0.0,0.0,1.0
frypa01,2021,1,BAL,AL,4,5,52,0,0,0,2,142,37,32,3.0,35,60,0.213,6.08,0.0,4.0,4.0,0.0,215.0,12.0,34,1.0,1.0,3.0
frypa01,2022,1,BAL,AL,0,0,12,0,0,0,0,36,9,8,1.0,7,12,0.209,6.0,0.0,2.0,2.0,0.0,54.0,6.0,9,0.0,1.0,2.0
frypa01,2022,2,ARI,NL,0,0,1,0,0,0,0,3,2,1,0.0,2,2,0.4,9.0,0.0,0.0,0.0,0.0,7.0,1.0,1,0.0,0.0,0.0
fuentdi01,2025,1,ATL,NL,0,3,4,4,0,0,0,39,23,20,6.0,6,12,0.383,13.85,0.0,1.0,2.0,0.0,69.0,0.0,20,0.0,1.0,1.0
fuentjo01,2021,1,COL,NL,0,0,1,0,0,0,0,3,1,0,0.0,0,0,0.25,0.0,0.0,0.0,0.0,0.0,4.0,1.0,0,0.0,0.0,0.0
fujinsh01,2023,1,OAK,AL,5,8,34,7,0,0,0,148,52,47,6.0,30,51,0.269,8.57,1.0,4.0,5.0,0.0,231.0,9.0,48,0.0,3.0,3.0
fujinsh01,2023,2,BAL,AL,2,0,30,0,0,0,2,89,21,16,3.0,15,32,0.193,4.85,0.0,4.0,2.0,0.0,126.0,10.0,17,0.0,0.0,3.0
fulmeca01,2020,1,DET,AL,0,0,7,0,0,0,0,20,8,5,1.0,3,7,0.286,6.75,0.0,1.0,1.0,0.0,32.0,1.0,5,0.0,0.0,0.0
fulmeca01,2020,2,BAL,AL,0,0,3,0,0,0,0,11,0,0,0.0,2,4,0.0,0.0,0.0,2.0,1.0,0.0,14.0,2.0,0,0.0,0.0,0.0
fulmeca01,2021,1,CIN,NL,0,0,20,0,0,0,0,77,26,19,3.0,13,24,0.265,6.66,0.0,2.0,3.0,0.0,116.0,5.0,20,1.0,1.0,2.0
fulmeca01,2023,1,LAA,AL,1,1,3,1,0,0,0,30,6,3,1.0,4,6,0.176,2.7,0.0,1.0,1.0,1.0,39.0,1.0,3,0.0,0.0,1.0
fulmeca01,2024,1,LAA,AL,0,5,37,8,0,0,0,260,81,40,11.0,40,81,0.245,4.15,4.0,5.0,5.0,2.0,379.0,16.0,45,1.0,3.0,8.0
fulmeca01,2025,1,LAA,AL,0,0,13,0,0,0,0,88,25,19,5.0,11,26,0.227,5.83,0.0,2.0,0.0,0.0,123.0,11.0,19,1.0,1.0,1.0
fulmemi01,2020,1,DET,AL,0,2,10,10,0,0,0,83,45,27,8.0,12,20,0.375,8.78,0.0,0.0,1.0,0.0,136.0,0.0,27,1.0,2.0,4.0
fulmemi01,2021,1,DET,AL,5,6,52,4,0,0,14,209,69,23,7.0,20,73,0.256,2.97,2.0,2.0,5.0,0.0,297.0,21.0,27,0.0,2.0,5.0
fulmemi01,2022,1,DET,AL,3,4,41,0,0,0,2,118,29,14,1.0,20,39,0.203,3.2,4.0,1.0,3.0,0.0,169.0,7.0,17,0.0,3.0,2.0
fulmemi01,2022,2,MIN,AL,2,2,26,0,0,0,1,73,30,10,3.0,8,22,0.313,3.7,2.0,2.0,2.0,0.0,107.0,4.0,10,0.0,1.0,3.0
fulmemi01,2023,1,CHN,NL,3,5,58,1,0,0,2,171,48,28,7.0,28,65,0.235,4.42,0.0,5.0,2.0,0.0,237.0,14.0,29,0.0,3.0,8.0
fulmemi01,2025,1,BOS,AL,0,0,1,0,0,0,0,8,4,3,1.0,2,2,0.364,10.13,0.0,0.0,0.0,0.0,13.0,0.0,3,0.0,0.0,1.0
fulmemi01,2025,2,CHN,NL,0,0,2,0,0,0,0,9,2,0,0.0,0,1,0.2,0.0,0.0,0.0,0.0,0.0,10.0,0.0,0,0.0,0.0,1.0
fundeko01,2023,1,MIN,AL,2,0,11,0,0,0,0,36,6,1,1.0,5,19,0.146,0.75,0.0,0.0,1.0,0.0,47.0,4.0,1,0.0,0.0,0.0
fundeko01,2024,1,MIN,AL,1,0,27,0,0,0,1,104,41,25,4.0,15,32,0.301,6.49,0.0,4.0,5.0,1.0,161.0,6.0,26,1.0,4.0,5.0
fundeko01,2025,1,MIN,AL,4,1,39,0,0,0,1,123,44,16,2.0,18,40,0.275,3.51,1.0,5.0,3.0,1.0,183.0,11.0,17,0.0,2.0,3.0
funkhky01,2020,1,DET,AL,1,1,13,0,0,0,0,52,22,14,3.0,11,12,0.319,7.27,0.0,1.0,0.0,0.0,81.0,4.0,14,0.0,1.0,3.0
funkhky01,2021,1,DET,AL,7,4,57,2,0,0,1,205,58,26,6.0,38,63,0.229,3.42,0.0,9.0,3.0,1.0,298.0,7.0,32,2.0,2.0,7.0
gaddihu01,2022,1,CLE,AL,0,2,2,2,0,0,0,22,15,15,7.0,3,5,0.405,18.41,0.0,0.0,0.0,0.0,40.0,0.0,15,0.0,0.0,0.0
gaddihu01,2023,1,CLE,AL,2,1,11,7,0,0,0,126,41,21,6.0,14,24,0.255,4.5,0.0,1.0,4.0,0.0,182.0,3.0,21,0.0,3.0,1.0
gaddihu01,2024,1,CLE,AL,6,3,78,0,0,0,0,224,43,13,4.0,14,66,0.166,1.57,1.0,2.0,4.0,0.0,278.0,8.0,16,0.0,1.0,4.0
gaddihu01,2025,1,CLE,AL,2,2,73,0,0,0,3,200,58,23,8.0,21,73,0.234,3.11,2.0,2.0,1.0,0.0,274.0,8.0,24,2.0,2.0,2.0
gagema01,2022,1,TOR,AL,0,1,11,0,0,0,0,39,6,2,1.0,6,12,0.146,1.38,1.0,0.0,1.0,0.0,50.0,5.0,4,1.0,1.0,1.0
gagema01,2023,1,HOU,AL,0,0,5,0,0,0,0,20,6,2,1.0,3,8,0.261,2.7,0.0,0.0,0.0,1.0,27.0,2.0,2,1.0,0.0,2.0
gagema01,2025,1,DET,AL,0,0,6,0,0,0,0,17,7,0,0.0,2,3,0.304,0.0,0.0,0.0,0.0,0.0,25.0,2.0,0,0.0,0.0,1.0
gagema01,2025,2,SFN,NL,0,1,27,2,0,0,0,76,28,11,0.0,10,24,0.283,3.91,1.0,3.0,2.0,0.0,112.0,2.0,11,1.0,0.0,3.0
gallegi01,2020,1,SLN,NL,2,2,16,0,0,0,4,45,9,6,1.0,4,21,0.17,3.6,0.0,1.0,0.0,0.0,57.0,7.0,6,0.0,0.0,1.0
gallegi01,2021,1,SLN,NL,6,5,73,0,0,0,14,241,51,27,6.0,20,95,0.183,3.02,2.0,4.0,6.0,0.0,310.0,20.0,28,1.0,5.0,4.0
gallegi01,2022,1,SLN,NL,3,6,57,0,0,0,14,177,42,20,6.0,18,73,0.197,3.05,1.0,2.0,0.0,1.0,235.0,30.0,23,1.0,3.0,3.0
gallegi01,2023,1,SLN,NL,2,4,56,0,0,0,10,165,54,27,11.0,12,59,0.252,4.42,0.0,3.0,0.0,1.0,229.0,16.0,28,2.0,1.0,2.0
gallegi01,2024,1,SLN,NL,2,1,21,0,0,0,1,62,24,15,6.0,10,21,0.286,6.53,0.0,1.0,0.0,0.0,94.0,6.0,15,0.0,0.0,3.0
galleza01,2020,1,ARI,NL,3,2,12,12,0,0,0,216,55,22,9.0,25,82,0.21,2.75,0.0,4.0,2.0,0.0,291.0,0.0,24,1.0,0.0,9.0
galleza01,2021,1,ARI,NL,4,10,23,23,1,1,0,364,108,58,19.0,49,139,0.233,4.3,1.0,6.0,5.0,0.0,523.0,0.0,61,3.0,3.0,6.0
galleza01,2022,1,ARI,NL,12,4,31,31,0,0,0,552,121,52,15.0,47,192,0.186,2.54,0.0,5.0,12.0,0.0,714.0,0.0,56,1.0,3.0,12.0
galleza01,2023,1,ARI,NL,17,9,34,34,1,1,0,630,188,81,22.0,47,220,0.238,3.47,0.0,8.0,5.0,1.0,846.0,0.0,87,0.0,4.0,17.0
galleza01,2024,1,ARI,NL,14,6,28,28,0,0,0,444,133,60,13.0,54,156,0.237,3.65,0.0,5.0,4.0,0.0,621.0,0.0,62,0.0,2.0,14.0
galleza01,2025,1,ARI,NL,13,15,33,33,0,0,0,576,176,103,31.0,66,175,0.239,4.83,1.0,2.0,4.0,0.0,813.0,0.0,109,2.0,4.0,13.0
gantjo01,2020,1,SLN,NL,0,3,17,0,0,0,0,45,9,4,0.0,7,18,0.167,2.4,0.0,1.0,0.0,0.0,61.0,2.0,6,0.0,0.0,0.0
gantjo01,2021,1,SLN,NL,4,6,25,14,0,0,0,229,64,29,6.0,56,56,0.229,3.42,2.0,0.0,5.0,0.0,345.0,4.0,32,3.0,1.0,9.0
gantjo01,2021,2,MIN,AL,1,5,14,7,0,0,0,101,31,21,4.0,15,36,0.242,5.61,0.0,3.0,1.0,0.0,146.0,0.0,24,0.0,2.0,3.0
garabge01,2024,1,TEX,AL,0,2,18,2,0,0,0,79,23,14,4.0,12,22,0.24,4.78,0.0,1.0,4.0,0.0,115.0,10.0,15,1.0,2.0,3.0
garabge01,2025,1,TEX,AL,0,0,3,0,0,0,0,24,15,8,1.0,1,8,0.395,9.0,0.0,0.0,2.0,0.0,41.0,1.0,12,0.0,0.0,2.0
garcibr01,2020,1,DET,AL,2,1,26,0,0,0,4,65,18,4,0.0,10,12,0.222,1.66,0.0,1.0,1.0,0.0,93.0,12.0,6,0.0,1.0,1.0
garcibr01,2021,1,DET,AL,3,2,39,0,0,0,2,118,48,33,10.0,25,32,0.294,7.55,1.0,7.0,2.0,0.0,192.0,10.0,38,2.0,0.0,4.0
garcibr01,2022,1,DET,AL,2,0,4,4,0,0,0,61,14,8,3.0,10,17,0.2,3.54,0.0,1.0,3.0,0.0,84.0,0.0,8,0.0,1.0,3.0
garcibr02,2025,1,SEA,AL,0,0,2,0,0,0,0,6,4,1,0.0,3,1,0.5,4.5,0.0,1.0,0.0,0.0,11.0,1.0,2,0.0,0.0,1.0
garcibr02,2025,2,ARI,NL,0,2,12,0,0,0,0,37,14,8,0.0,5,13,0.286,5.84,0.0,0.0,1.0,0.0,55.0,1.0,10,0.0,0.0,2.0
garcide01,2020,1,NYA,AL,3,2,6,6,0,0,0,103,35,19,6.0,6,33,0.254,4.98,0.0,0.0,1.0,0.0,146.0,0.0,20,1.0,0.0,1.0
garcide01,2021,1,NYA,AL,0,2,2,2,0,0,0,25,8,6,1.0,4,7,0.25,6.48,0.0,0.0,1.0,0.0,38.0,0.0,7,0.0,1.0,0.0
garcide01,2023,1,NYA,AL,0,0,2,0,0,0,1,17,4,1,1.0,4,3,0.2,1.59,0.0,0.0,0.0,0.0,25.0,1.0,1,0.0,1.0,0.0
garcide01,2023,2,CHA,AL,0,1,6,0,0,0,0,28,5,3,1.0,8,7,0.156,2.89,0.0,0.0,1.0,0.0,42.0,0.0,8,0.0,1.0,1.0
garcide01,2024,1,CHA,AL,1,2,14,0,0,0,1,42,16,11,2.0,11,15,0.286,7.07,1.0,4.0,0.0,0.0,68.0,3.0,16,0.0,1.0,0.0
garcied01,2020,1,TBA,AL,0,0,4,0,0,0,1,10,3,4,2.0,4,1,0.25,10.8,0.0,0.0,0.0,0.0,16.0,1.0,4,0.0,0.0,1.0
garcied01,2021,1,CIN,NL,0,1,5,0,0,0,0,13,10,8,2.0,1,4,0.435,16.62,0.0,1.0,0.0,0.0,24.0,1.0,10,0.0,0.0,0.0
garcied01,2021,2,MIN,AL,0,0,6,0,0,0,0,31,9,12,3.0,7,8,0.225,10.45,0.0,1.0,1.0,0.0,48.0,1.0,12,0.0,0.0,1.0
garcija04,2020,1,SFN,NL,2,1,19,0,0,0,0,55,11,1,0.0,7,14,0.18,0.49,1.0,0.0,2.0,1.0,73.0,5.0,6,0.0,3.0,2.0
garcija04,2021,1,SFN,NL,6,3,58,0,0,0,1,206,48,20,9.0,18,68,0.196,2.62,3.0,2.0,2.0,2.0,269.0,13.0,26,3.0,1.0,1.0
garcija04,2022,1,SFN,NL,1,4,58,0,0,0,1,195,60,27,10.0,18,56,0.242,3.74,1.0,2.0,1.0,0.0,270.0,14.0,34,2.0,1.0,4.0
garcilu03,2020,1,TEX,AL,0,2,11,2,0,0,0,25,10,7,1.0,9,11,0.278,7.56,1.0,2.0,0.0,0.0,45.0,3.0,9,0.0,0.0,1.0
garcilu03,2021,1,SLN,NL,1,1,34,0,0,0,2,100,25,12,2.0,8,34,0.202,3.24,1.0,3.0,1.0,0.0,135.0,6.0,12,0.0,2.0,0.0
garcilu03,2022,1,SDN,NL,4,6,64,0,0,0,3,183,57,23,3.0,17,68,0.243,3.39,0.0,7.0,5.0,0.0,259.0,11.0,28,1.0,1.0,7.0
garcilu03,2023,1,SDN,NL,2,3,61,0,0,0,0,179,59,27,6.0,24,53,0.252,4.07,1.0,4.0,6.0,0.0,267.0,26.0,30,2.0,1.0,4.0
garcilu03,2024,1,LAA,AL,5,1,45,0,0,0,4,131,37,18,4.0,14,40,0.226,3.71,1.0,5.0,3.0,0.0,182.0,8.0,21,0.0,1.0,4.0
garcilu03,2024,2,BOS,AL,0,0,15,0,0,0,0,46,24,14,4.0,1,13,0.338,8.22,1.0,0.0,0.0,0.0,72.0,2.0,15,0.0,0.0,0.0
garcilu03,2025,1,LAN,NL,2,0,28,0,0,0,0,82,34,16,1.0,16,24,0.312,5.27,4.0,6.0,0.0,0.0,126.0,12.0,17,1.0,0.0,5.0
garcilu03,2025,2,WAS,NL,0,0,10,0,0,0,0,30,5,1,1.0,2,7,0.167,0.9,0.0,1.0,0.0,0.0,33.0,1.0,1,1.0,0.0,4.0
garcilu03,2025,3,LAA,AL,0,2,20,0,0,0,2,54,16,4,0.0,8,17,0.25,2.0,1.0,2.0,0.0,0.0,74.0,2.0,5,0.0,2.0,5.0
garcilu05,2020,1,HOU,AL,0,1,5,1,0,0,0,37,7,4,1.0,5,9,0.167,2.92,0.0,1.0,1.0,0.0,49.0,1.0,4,0.0,1.0,1.0
garcilu05,2021,1,HOU,AL,11,8,30,28,0,0,0,466,133,60,19.0,50,167,0.232,3.48,1.0,9.0,3.0,1.0,633.0,1.0,62,2.0,5.0,11.0
garcilu05,2022,1,HOU,AL,15,8,28,28,0,0,0,472,131,65,23.0,47,157,0.222,3.72,0.0,8.0,1.0,1.0,643.0,0.0,70,1.0,5.0,11.0
garcilu05,2023,1,HOU,AL,2,2,6,6,0,0,0,81,25,12,3.0,10,31,0.243,4.0,0.0,0.0,1.0,1.0,115.0,0.0,12,1.0,0.0,0.0
garcilu05,2025,1,HOU,AL,1,0,2,2,0,0,0,23,3,3,2.0,1,7,0.115,3.52,0.0,0.0,1.0,0.0,28.0,0.0,3,0.0,0.0,0.0
garciri01,2020,1,SFN,NL,1,1,12,0,0,0,0,30,13,6,1.0,4,7,0.333,5.4,0.0,2.0,0.0,0.0,44.0,2.0,6,0.0,1.0,3.0
garciri01,2022,1,BAL,AL,0,0,6,0,0,0,0,24,8,4,2.0,3,2,0.25,4.5,0.0,0.0,0.0,0.0,35.0,4.0,4,0.0,0.0,0.0
garciri01,2023,1,OAK,AL,0,0,7,0,0,0,0,26,13,8,4.0,5,6,0.342,8.31,0.0,0.0,0.0,0.0,44.0,1.0,8,0.0,1.0,0.0
garciri01,2023,2,WAS,NL,0,0,3,0,0,0,0,9,6,4,1.0,1,4,0.4,12.0,0.0,1.0,0.0,0.0,16.0,0.0,4,0.0,0.0,0.0
garciri01,2025,1,NYN,NL,0,0,8,0,0,0,0,38,7,3,1.0,2,16,0.159,2.13,0.0,1.0,0.0,0.0,47.0,4.0,3,0.0,1.0,0.0
garciri01,2025,2,NYA,AL,0,0,1,0,0,0,0,8,3,3,1.0,2,2,0.273,10.13,0.0,0.0,0.0,0.0,13.0,0.0,3,0.0,0.0,0.0
garciri01,2025,3,BAL,AL,0,2,20,1,0,0,0,57,21,6,3.0,6,20,0.276,2.84,1.0,1.0,0.0,0.0,82.0,3.0,6,0.0,0.0,2.0
garciro02,2021,1,HOU,AL,0,0,1,0,0,0,0,3,5,4,2.0,0,0,0.625,36.0,0.0,0.0,0.0,0.0,8.0,1.0,4,0.0,0.0,0.0
garciro03,2020,1,DET,AL,1,0,15,2,0,0,0,63,25,19,7.0,9,14,0.287,8.14,0.0,1.0,0.0,0.0,96.0,7.0,20,0.0,0.0,2.0
garciro03,2021,1,DET,AL,0,0,2,0,0,0,0,11,1,1,1.0,2,2,0.1,2.45,0.0,0.0,0.0,0.0,12.0,0.0,1,0.0,0.0,0.0
garciro03,2022,1,DET,AL,3,3,16,8,0,0,0,153,40,25,9.0,13,48,0.213,4.41,0.0,3.0,4.0,0.0,206.0,2.0,27,0.0,1.0,3.0
garciro04,2023,1,MIA,NL,0,0,1,0,0,0,0,1,1,0,0.0,1,0,0.5,0.0,0.0,0.0,0.0,0.0,3.0,0.0,0,0.0,0.0,0.0
garciro04,2023,2,WAS,NL,2,2,24,0,0,0,0,95,25,13,3.0,11,33,0.229,3.69,2.0,2.0,0.0,0.0,124.0,3.0,16,2.0,1.0,4.0
garciro04,2024,1,WAS,NL,3,6,72,0,0,0,0,179,55,28,4.0,16,75,0.237,4.22,1.0,4.0,1.0,0.0,251.0,6.0,34,1.0,1.0,3.0
garciro04,2025,1,TEX,AL,4,8,71,0,0,0,9,192,58,21,8.0,22,68,0.24,2.95,2.0,1.0,1.0,1.0,269.0,25.0,26,3.0,1.0,5.0
garciyi01,2020,1,MIA,NL,3,0,14,0,0,0,1,45,9,1,0.0,5,19,0.164,0.6,0.0,0.0,0.0,1.0,60.0,4.0,1,0.0,0.0,0.0
garciyi01,2021,1,MIA,NL,3,7,39,0,0,0,15,109,31,14,5.0,13,35,0.233,3.47,5.0,0.0,1.0,0.0,151.0,30.0,18,1.0,3.0,2.0
garciyi01,2021,2,HOU,AL,1,2,23,0,0,0,0,64,18,13,3.0,5,25,0.225,5.48,0.0,0.0,0.0,0.0,86.0,8.0,15,1.0,0.0,0.0
garciyi01,2022,1,TOR,AL,4,5,61,0,0,0,1,183,48,21,6.0,16,58,0.215,3.1,3.0,1.0,4.0,1.0,247.0,9.0,26,0.0,4.0,4.0
garciyi01,2023,1,TOR,AL,3,4,73,0,0,0,3,198,67,30,8.0,15,79,0.261,4.09,1.0,0.0,6.0,0.0,282.0,16.0,35,3.0,1.0,6.0
garciyi01,2024,1,TOR,AL,3,0,29,0,0,0,5,90,16,9,3.0,8,42,0.154,2.7,3.0,1.0,2.0,0.0,115.0,8.0,9,1.0,0.0,0.0
garciyi01,2024,2,SEA,AL,0,0,10,0,0,0,0,27,7,6,3.0,4,7,0.206,6.0,0.0,0.0,0.0,0.0,38.0,0.0,6,0.0,0.0,0.0
garciyi01,2025,1,TOR,AL,1,2,22,0,0,0,3,63,13,9,2.0,12,25,0.171,3.86,1.0,2.0,1.0,0.0,90.0,4.0,10,1.0,0.0,0.0
garream01,2020,1,CIN,NL,1,0,21,0,0,0,1,55,10,5,4.0,7,26,0.161,2.45,0.0,0.0,0.0,0.0,69.0,1.0,5,0.0,0.0,3.0
garream01,2021,1,CIN,NL,0,4,63,0,0,0,7,143,46,32,9.0,29,61,0.249,6.04,4.0,5.0,0.0,1.0,215.0,22.0,34,1.0,0.0,4.0
garream01,2022,1,KCA,AL,3,1,60,0,0,0,0,136,28,25,0.0,32,49,0.177,4.96,0.0,7.0,5.0,1.0,196.0,3.0,26,0.0,1.0,5.0
garream01,2023,1,KCA,AL,0,1,27,0,0,0,0,73,22,9,4.0,20,28,0.244,3.33,0.0,1.0,0.0,0.0,112.0,3.0,11,1.0,1.0,3.0
garream01,2024,1,LAA,AL,0,0,6,0,0,0,0,16,4,3,1.0,5,11,0.211,5.06,0.0,0.0,0.0,0.0,24.0,1.0,3,0.0,0.0,0.0
garrebr01,2020,1,MIA,NL,1,1,2,2,0,0,0,23,8,5,3.0,5,8,0.276,5.87,0.0,1.0,0.0,0.0,34.0,0.0,6,0.0,0.0,3.0
garrebr01,2021,1,MIA,NL,1,2,8,7,0,0,0,102,42,19,3.0,20,32,0.318,5.03,0.0,4.0,2.0,0.0,159.0,1.0,20,4.0,1.0,3.0
garrebr01,2022,1,MIA,NL,3,7,17,17,0,0,0,264,86,35,9.0,24,90,0.254,3.58,1.0,2.0,10.0,0.0,373.0,0.0,38,1.0,0.0,9.0
garrebr01,2023,1,MIA,NL,9,7,31,30,0,0,0,479,154,65,20.0,29,156,0.25,3.66,0.0,4.0,11.0,0.0,659.0,1.0,68,0.0,2.0,12.0
garrebr01,2024,1,MIA,NL,2,2,7,7,1,1,0,111,40,22,5.0,4,34,0.263,5.35,0.0,1.0,5.0,0.0,161.0,0.0,24,0.0,0.0,2.0
garrere01,2022,1,WAS,NL,0,1,7,0,0,0,0,28,13,7,1.0,8,6,0.325,6.75,1.0,1.0,1.0,0.0,49.0,0.0,8,0.0,0.0,1.0
garrere01,2023,1,BAL,AL,0,0,2,0,0,0,0,8,7,3,0.0,1,0,0.467,10.13,0.0,0.0,0.0,0.0,16.0,1.0,3,0.0,0.0,0.0
garrere01,2023,2,NYN,NL,1,0,9,0,0,0,0,51,15,11,3.0,6,16,0.238,5.82,0.0,0.0,1.0,0.0,71.0,2.0,11,0.0,1.0,1.0
garrere01,2024,1,NYN,NL,8,5,53,0,0,0,4,172,50,24,6.0,30,83,0.236,3.77,1.0,3.0,2.0,0.0,247.0,13.0,28,1.0,2.0,4.0
garrere01,2025,1,NYN,NL,3,6,58,1,0,0,3,166,47,24,5.0,26,64,0.223,3.9,2.0,3.0,1.0,0.0,238.0,8.0,27,0.0,0.0,2.0
garzaju01,2021,1,CLE,AL,2,1,21,0,0,0,0,86,27,15,5.0,18,29,0.25,4.71,0.0,0.0,0.0,0.0,128.0,6.0,16,1.0,1.0,3.0
garzaju01,2023,1,BOS,AL,0,2,17,1,0,0,0,55,22,15,3.0,12,17,0.286,7.36,1.0,2.0,1.0,1.0,91.0,8.0,17,0.0,1.0,0.0
garzaju01,2025,1,NYN,NL,0,0,5,0,0,0,0,20,8,4,1.0,1,3,0.296,5.4,0.0,1.0,0.0,0.0,28.0,4.0,4,0.0,0.0,1.0
garzara01,2021,1,HOU,AL,1,2,9,0,0,0,0,33,11,5,2.0,7,14,0.262,4.09,1.0,1.0,0.0,0.0,49.0,8.0,6,0.0,0.0,2.0
garzara01,2021,2,MIN,AL,0,2,18,0,0,0,1,58,13,7,3.0,7,15,0.186,3.26,0.0,0.0,1.0,0.0,78.0,8.0,9,0.0,0.0,1.0
garzara01,2022,1,TBA,AL,2,2,19,0,0,0,0,105,38,13,4.0,16,17,0.284,3.34,2.0,2.0,2.0,0.0,153.0,10.0,14,1.0,0.0,5.0
gassero01,2024,1,MIL,NL,2,0,5,5,0,0,0,84,28,8,2.0,1,16,0.264,2.57,0.0,0.0,3.0,0.0,114.0,0.0,9,1.0,3.0,3.0
gassero01,2025,1,MIL,NL,0,2,2,2,0,0,0,17,5,2,1.0,4,5,0.217,3.18,0.0,0.0,2.0,0.0,29.0,0.0,6,0.0,0.0,0.0
gausmke01,2020,1,SFN,NL,3,3,12,10,0,0,0,179,50,24,8.0,16,79,0.221,3.62,0.0,4.0,0.0,1.0,245.0,1.0,26,0.0,2.0,2.0
gausmke01,2021,1,SFN,NL,14,6,33,33,0,0,0,576,150,60,20.0,50,227,0.21,2.81,1.0,7.0,4.0,0.0,775.0,0.0,66,2.0,4.0,11.0
gausmke01,2022,1,TOR,AL,12,10,31,31,0,0,0,524,188,65,15.0,28,205,0.272,3.35,0.0,2.0,1.0,2.0,725.0,0.0,72,1.0,5.0,9.0
gausmke01,2023,1,TOR,AL,12,9,31,31,0,0,0,555,163,65,19.0,55,237,0.233,3.16,0.0,3.0,3.0,2.0,763.0,0.0,72,2.0,1.0,9.0
gausmke01,2024,1,TOR,AL,14,11,31,31,2,1,0,543,165,77,20.0,56,162,0.238,3.83,0.0,3.0,2.0,2.0,756.0,0.0,86,1.0,3.0,10.0
gausmke01,2025,1,TOR,AL,10,11,32,32,1,1,0,579,155,77,21.0,50,189,0.216,3.59,2.0,1.0,3.0,2.0,775.0,0.0,79,1.0,3.0,8.0
gavigsa01,2020,1,TOR,AL,0,1,4,0,0,0,0,9,3,3,0.0,5,1,0.273,9.0,0.0,0.0,0.0,1.0,17.0,1.0,3,0.0,1.0,0.0
gearrco01,2020,1,MIN,AL,0,0,1,0,0,0,0,6,0,0,0.0,2,1,0.0,0.0,0.0,0.0,0.0,0.0,7.0,1.0,0,0.0,0.0,0.0
gerbejo01,2020,1,SEA,AL,1,1,17,0,0,0,0,47,13,7,1.0,5,6,0.241,4.02,0.0,1.0,1.0,0.0,62.0,3.0,8,0.0,2.0,3.0
gerbejo01,2025,1,TBA,AL,0,0,2,0,0,0,0,13,3,1,1.0,0,4,0.2,2.08,0.0,0.0,0.0,0.0,15.0,1.0,1,0.0,0.0,1.0
germado01,2021,1,NYA,AL,4,5,22,18,0,0,0,295,89,50,17.0,27,98,0.234,4.58,0.0,3.0,2.0,1.0,410.0,0.0,52,0.0,1.0,6.0
germado01,2022,1,NYA,AL,2,5,15,14,0,0,0,217,65,29,11.0,19,58,0.236,3.61,0.0,0.0,4.0,1.0,298.0,0.0,31,0.0,0.0,8.0
germado01,2023,1,NYA,AL,5,7,20,19,1,1,0,326,83,55,20.0,34,114,0.207,4.56,0.0,2.0,6.0,0.0,444.0,1.0,61,0.0,3.0,6.0
germado01,2024,1,PIT,NL,0,1,7,2,0,0,0,62,25,18,4.0,13,18,0.294,7.84,1.0,2.0,2.0,1.0,100.0,3.0,19,0.0,0.0,2.0
germafr02,2022,1,BOS,AL,0,0,5,0,0,0,0,12,7,8,2.0,4,4,0.368,18.0,0.0,0.0,0.0,0.0,23.0,3.0,8,0.0,0.0,0.0
gervapa01,2025,1,TBA,AL,0,0,5,0,0,0,0,19,6,3,3.0,5,6,0.24,4.26,0.0,0.0,0.0,0.0,30.0,1.0,3,0.0,0.0,0.0
gervapa01,2025,2,LAN,NL,0,0,1,0,0,0,0,6,2,1,0.0,1,2,0.25,4.5,0.0,0.0,0.0,0.0,9.0,0.0,1,0.0,0.0,0.0
gibauia01,2020,1,TEX,AL,0,1,14,0,0,0,0,37,11,9,2.0,9,14,0.229,6.57,0.0,2.0,1.0,1.0,59.0,0.0,10,1.0,0.0,0.0
gibauia01,2021,1,MIN,AL,0,0,3,0,0,0,0,20,7,2,2.0,2,4,0.28,2.7,0.0,0.0,1.0,0.0,28.0,0.0,2,0.0,0.0,2.0
gibauia01,2022,1,CLE,AL,0,0,1,0,0,0,0,4,1,0,0.0,0,0,0.2,0.0,0.0,0.0,1.0,0.0,6.0,0.0,0,0.0,0.0,0.0
gibauia01,2022,2,CIN,NL,1,2,33,0,0,0,1,104,38,18,3.0,18,48,0.279,4.67,0.0,0.0,0.0,1.0,154.0,3.0,18,0.0,0.0,3.0
gibauia01,2023,1,CIN,NL,8,4,74,0,0,0,3,227,69,28,8.0,28,69,0.245,3.33,4.0,0.0,4.0,0.0,318.0,15.0,33,1.0,2.0,4.0
gibauia01,2024,1,CIN,NL,0,0,2,0,0,0,0,6,3,1,0.0,1,1,0.333,4.5,0.0,0.0,0.0,0.0,10.0,0.0,1,0.0,0.0,0.0
gibauia01,2025,1,CIN,NL,0,1,25,0,0,0,0,76,26,13,3.0,8,15,0.26,4.62,0.0,0.0,0.0,0.0,109.0,5.0,13,0.0,1.0,0.0
gibsoca01,2025,1,MIA,NL,4,5,44,1,0,0,0,164,44,16,3.0,21,43,0.219,2.63,3.0,6.0,6.0,0.0,230.0,10.0,18,1.0,1.0,3.0
gibsoky01,2020,1,TEX,AL,2,6,12,12,1,1,0,202,73,40,12.0,30,58,0.275,5.35,1.0,1.0,6.0,0.0,301.0,0.0,44,0.0,0.0,8.0
gibsoky01,2021,1,TEX,AL,6,3,19,19,0,0,0,339,92,36,9.0,41,94,0.224,2.87,0.0,2.0,5.0,0.0,460.0,0.0,38,0.0,3.0,10.0
gibsoky01,2021,2,PHI,NL,4,6,12,11,0,0,0,207,66,39,8.0,23,61,0.25,5.09,2.0,0.0,3.0,1.0,294.0,0.0,40,2.0,2.0,7.0
gibsoky01,2022,1,PHI,NL,10,8,31,31,0,0,0,503,176,94,24.0,48,144,0.268,5.05,0.0,4.0,9.0,0.0,718.0,0.0,98,1.0,4.0,16.0
gibsoky01,2023,1,BAL,AL,15,9,33,33,0,0,0,576,198,101,23.0,55,157,0.27,4.73,0.0,8.0,6.0,0.0,807.0,0.0,101,3.0,11.0,24.0
gibsoky01,2024,1,SLN,NL,8,8,30,30,0,0,0,509,161,80,23.0,68,151,0.251,4.24,1.0,5.0,4.0,0.0,722.0,0.0,91,3.0,6.0,21.0
gibsoky01,2025,1,BAL,AL,0,3,4,4,0,0,0,37,29,23,7.0,7,10,0.453,16.78,0.0,1.0,0.0,0.0,73.0,0.0,23,0.0,2.0,0.0
gilbelo01,2021,1,SEA,AL,6,5,24,24,0,0,0,358,112,62,17.0,28,128,0.241,4.68,2.0,9.0,6.0,0.0,503.0,0.0,63,2.0,3.0,3.0
gilbelo01,2022,1,SEA,AL,13,6,32,32,0,0,0,557,170,66,19.0,49,174,0.242,3.2,2.0,5.0,6.0,0.0,766.0,0.0,71,4.0,5.0,11.0
gilbelo01,2023,1,SEA,AL,13,7,32,32,1,1,0,572,169,79,29.0,36,189,0.233,3.73,1.0,6.0,2.0,0.0,770.0,0.0,82,3.0,5.0,9.0
gilbelo01,2024,1,SEA,AL,9,12,33,33,1,0,0,626,148,75,26.0,37,220,0.196,3.23,1.0,11.0,4.0,0.0,803.0,0.0,83,2.0,4.0,16.0
gilbelo01,2025,1,SEA,AL,6,6,25,25,0,0,0,393,104,50,20.0,31,173,0.211,3.44,0.0,10.0,7.0,0.0,535.0,0.0,53,2.0,1.0,1.0
gilbety01,2021,1,ARI,NL,2,2,9,6,1,1,0,120,28,14,4.0,13,25,0.2,3.15,0.0,0.0,1.0,0.0,157.0,0.0,17,1.0,2.0,4.0
gilbety01,2022,1,ARI,NL,0,3,8,7,0,0,0,103,33,20,8.0,10,20,0.25,5.24,1.0,0.0,1.0,0.0,146.0,1.0,21,1.0,1.0,2.0
gilbety01,2023,1,ARI,NL,0,2,11,0,0,0,0,52,21,10,2.0,5,19,0.313,5.19,0.0,1.0,0.0,0.0,72.0,1.0,10,0.0,0.0,1.0
gilbety01,2024,1,PHI,NL,0,0,6,0,0,0,0,25,10,3,1.0,2,4,0.286,3.24,0.0,1.0,1.0,0.0,38.0,2.0,3,0.0,0.0,0.0
gilbety01,2025,1,CHA,AL,4,2,46,5,0,0,1,153,40,22,5.0,24,49,0.215,3.88,3.0,2.0,2.0,0.0,215.0,7.0,24,2.0,1.0,3.0
gilbrlu01,2021,1,COL,NL,3,2,47,1,0,0,1,128,33,16,5.0,23,44,0.208,3.38,0.0,4.0,1.0,0.0,185.0,9.0,18,0.0,2.0,2.0
gilbrlu01,2022,1,COL,NL,2,0,47,0,0,0,0,129,37,20,2.0,26,49,0.242,4.19,0.0,2.0,4.0,0.0,187.0,9.0,22,1.0,3.0,6.0
gilbrlu01,2024,1,COL,NL,0,0,3,0,0,0,0,3,7,6,1.0,1,0,0.7,54.0,0.0,0.0,1.0,0.0,12.0,0.0,6,0.0,0.0,0.0
gilbrlu01,2025,1,COL,NL,0,0,1,0,0,0,0,3,1,1,1.0,0,2,0.25,9.0,0.0,0.0,0.0,0.0,4.0,1.0,1,0.0,0.0,0.0
gileske01,2020,1,TOR,AL,0,0,4,0,0,0,1,11,4,4,2.0,4,6,0.267,9.82,0.0,0.0,0.0,0.0,19.0,1.0,4,0.0,0.0,0.0
gileske01,2022,1,SEA,AL,0,0,5,0,0,0,0,13,1,0,0.0,4,6,0.071,0.0,0.0,1.0,0.0,0.0,18.0,3.0,0,0.0,0.0,0.0
gillalo01,2022,1,BAL,AL,1,0,17,0,0,0,0,52,20,6,1.0,3,10,0.294,3.12,0.0,1.0,2.0,0.0,74.0,6.0,8,0.0,1.0,1.0
gillalo01,2023,1,BAL,AL,0,1,11,0,0,0,0,27,14,6,2.0,5,8,0.35,6.0,0.0,1.0,1.0,0.0,46.0,3.0,7,0.0,0.0,1.0
gillalo01,2024,1,SDN,NL,0,0,9,0,0,0,0,34,15,9,2.0,0,7,0.319,7.15,0.0,0.0,1.0,0.0,49.0,4.0,9,0.0,1.0,1.0
gillalo01,2025,1,SDN,NL,0,0,3,0,0,0,0,21,7,2,1.0,4,4,0.269,2.57,0.0,0.0,1.0,2.0,31.0,0.0,2,0.0,0.0,1.0
gillico01,2024,1,CLE,AL,0,0,3,0,0,0,0,24,4,2,0.0,5,8,0.154,2.25,0.0,1.0,0.0,0.0,32.0,2.0,2,0.0,1.0,0.0
gillico01,2025,1,MIA,NL,0,3,6,6,0,0,0,78,32,25,6.0,11,23,0.294,8.65,0.0,1.0,1.0,0.0,123.0,0.0,26,0.0,2.0,0.0
gillu01,2021,1,NYA,AL,1,1,6,6,0,0,0,88,20,10,4.0,19,38,0.183,3.07,0.0,1.0,1.0,0.0,129.0,0.0,11,0.0,0.0,0.0
gillu01,2022,1,NYA,AL,0,0,1,1,0,0,0,12,5,4,0.0,2,5,0.294,9.0,0.0,1.0,0.0,0.0,19.0,0.0,4,0.0,0.0,0.0
gillu01,2024,1,NYA,AL,15,7,29,29,0,0,0,455,104,59,18.0,77,171,0.189,3.5,0.0,6.0,8.0,2.0,637.0,0.0,60,0.0,1.0,4.0
gillu01,2025,1,NYA,AL,4,1,11,11,0,0,0,171,47,21,5.0,33,41,0.226,3.32,0.0,4.0,1.0,2.0,244.0,0.0,23,0.0,2.0,4.0
gilmase01,2020,1,TBA,AL,0,0,2,0,0,0,0,13,7,4,2.0,4,5,0.35,8.31,0.0,0.0,0.0,0.0,24.0,0.0,4,0.0,0.0,0.0
ginkeke01,2020,1,ARI,NL,0,2,19,0,0,0,1,48,21,12,3.0,13,18,0.318,6.75,2.0,4.0,0.0,0.0,79.0,2.0,13,0.0,0.0,0.0
ginkeke01,2021,1,ARI,NL,0,1,32,0,0,0,0,85,30,20,7.0,14,31,0.268,6.35,0.0,3.0,2.0,0.0,129.0,9.0,24,1.0,0.0,2.0
ginkeke01,2022,1,ARI,NL,1,1,30,0,0,0,1,88,27,11,1.0,11,30,0.243,3.38,0.0,1.0,1.0,0.0,124.0,3.0,14,0.0,1.0,5.0
ginkeke01,2023,1,ARI,NL,9,1,60,0,0,0,4,196,41,18,3.0,23,70,0.181,2.48,1.0,5.0,2.0,1.0,254.0,19.0,24,0.0,3.0,6.0
ginkeke01,2024,1,ARI,NL,8,3,72,0,0,0,5,210,69,25,6.0,15,77,0.256,3.21,0.0,4.0,3.0,0.0,291.0,16.0,31,1.0,2.0,5.0
ginkeke01,2025,1,ARI,NL,1,4,29,0,0,0,3,77,29,21,2.0,13,29,0.284,7.36,0.0,1.0,2.0,0.0,121.0,9.0,22,0.0,4.0,2.0
ginnjt01,2024,1,OAK,AL,1,1,8,6,0,0,0,102,36,16,4.0,9,29,0.275,4.24,1.0,0.0,2.0,0.0,142.0,1.0,16,0.0,0.0,5.0
ginnjt01,2025,1,ATH,AL,4,7,23,16,0,0,0,271,92,51,17.0,31,99,0.26,5.08,1.0,1.0,6.0,0.0,392.0,0.0,52,0.0,1.0,8.0
giolilu01,2020,1,CHA,AL,4,3,12,12,1,1,0,217,47,28,8.0,28,97,0.184,3.48,0.0,3.0,2.0,0.0,288.0,0.0,31,0.0,3.0,8.0
giolilu01,2021,1,CHA,AL,11,9,31,31,1,0,0,536,145,70,27.0,52,201,0.219,3.53,1.0,12.0,2.0,0.0,720.0,0.0,74,1.0,3.0,12.0
giolilu01,2022,1,CHA,AL,11,9,30,30,0,0,0,485,171,88,24.0,61,177,0.272,4.9,1.0,3.0,4.0,0.0,698.0,0.0,92,0.0,5.0,18.0
giolilu01,2023,1,CHA,AL,6,6,21,21,0,0,0,363,106,51,20.0,42,131,0.232,3.79,0.0,2.0,6.0,0.0,507.0,0.0,55,0.0,3.0,4.0
giolilu01,2023,2,LAA,AL,1,5,6,6,0,0,0,98,33,25,10.0,15,34,0.258,6.89,2.0,0.0,3.0,0.0,149.0,0.0,28,0.0,2.0,2.0
giolilu01,2023,3,CLE,AL,1,4,6,6,0,0,0,92,30,24,11.0,16,39,0.248,7.04,0.0,3.0,0.0,0.0,138.0,0.0,27,0.0,1.0,0.0
giolilu01,2025,1,BOS,AL,10,4,26,26,0,0,0,435,131,55,17.0,56,121,0.239,3.41,0.0,4.0,1.0,0.0,613.0,0.0,62,2.0,5.0,8.0
gipsosa01,2023,1,DET,AL,1,0,4,4,0,0,0,60,14,6,2.0,8,26,0.189,2.7,0.0,0.0,0.0,0.0,82.0,0.0,7,0.0,0.0,1.0
gipsosa01,2025,1,DET,AL,0,2,8,3,0,0,0,94,34,25,8.0,6,26,0.281,7.18,0.0,3.0,2.0,0.0,133.0,0.0,26,0.0,4.0,2.0
givenmy01,2020,1,BAL,AL,0,1,12,0,0,0,0,39,7,2,1.0,6,19,0.159,1.38,0.0,0.0,0.0,0.0,51.0,3.0,2,0.0,1.0,1.0
givenmy01,2020,2,COL,NL,1,0,10,0,0,0,1,28,9,7,4.0,4,6,0.25,6.75,0.0,2.0,2.0,0.0,42.0,2.0,8,0.0,0.0,0.0
givenmy01,2021,1,COL,NL,3,2,31,0,0,0,0,89,25,9,5.0,14,34,0.234,2.73,2.0,2.0,2.0,0.0,124.0,9.0,11,0.0,1.0,2.0
givenmy01,2021,2,CIN,NL,1,1,23,0,0,0,8,64,18,10,2.0,13,20,0.234,4.22,2.0,0.0,0.0,1.0,92.0,13.0,11,0.0,2.0,2.0
givenmy01,2022,1,CHN,NL,6,2,40,0,0,0,2,122,32,12,5.0,19,51,0.216,2.66,3.0,1.0,3.0,0.0,172.0,5.0,15,0.0,2.0,3.0
givenmy01,2022,2,NYN,NL,1,1,19,1,0,0,0,62,24,11,3.0,6,20,0.304,4.79,1.0,1.0,2.0,0.0,88.0,7.0,12,0.0,1.0,2.0
givenmy01,2023,1,BAL,AL,0,1,6,0,0,0,0,12,4,5,0.0,6,2,0.286,11.25,1.0,1.0,1.0,0.0,22.0,0.0,6,0.0,1.0,1.0
glasnty01,2020,1,TBA,AL,5,1,11,11,0,0,0,172,43,26,11.0,22,91,0.2,4.08,0.0,7.0,0.0,0.0,238.0,0.0,26,0.0,1.0,0.0
glasnty01,2021,1,TBA,AL,5,2,14,14,0,0,0,264,55,26,10.0,27,123,0.176,2.66,0.0,8.0,0.0,0.0,340.0,0.0,26,0.0,0.0,6.0
glasnty01,2022,1,TBA,AL,0,0,2,2,0,0,0,20,4,1,1.0,2,10,0.167,1.35,0.0,1.0,0.0,0.0,26.0,0.0,1,0.0,0.0,1.0
glasnty01,2023,1,TBA,AL,10,7,21,21,0,0,0,360,93,47,13.0,37,162,0.209,3.53,0.0,11.0,1.0,0.0,485.0,0.0,52,0.0,3.0,7.0
glasnty01,2024,1,LAN,NL,9,6,22,22,0,0,0,402,92,52,15.0,35,168,0.189,3.49,0.0,12.0,0.0,1.0,522.0,0.0,53,0.0,1.0,10.0
glasnty01,2025,1,LAN,NL,4,3,18,18,0,0,0,271,56,32,10.0,43,106,0.177,3.19,0.0,5.0,3.0,2.0,366.0,0.0,33,0.0,4.0,7.0
godleza01,2020,1,BOS,AL,0,4,8,7,0,0,0,86,42,26,9.0,14,28,0.336,8.16,0.0,3.0,3.0,0.0,143.0,0.0,26,0.0,1.0,1.0
godleza01,2021,1,MIL,NL,0,1,2,1,0,0,0,10,4,6,2.0,5,5,0.286,16.2,0.0,2.0,1.0,1.0,21.0,0.0,7,0.0,0.0,0.0
gombeau01,2020,1,SLN,NL,1,1,14,4,0,0,0,87,19,6,1.0,15,27,0.19,1.86,0.0,1.0,2.0,0.0,119.0,2.0,6,0.0,2.0,4.0
gombeau01,2021,1,COL,NL,9,9,23,23,0,0,0,346,102,58,20.0,41,113,0.232,4.53,2.0,1.0,3.0,0.0,488.0,0.0,64,2.0,2.0,7.0
gombeau01,2022,1,COL,NL,5,7,33,17,0,0,0,374,137,77,20.0,34,95,0.281,5.56,1.0,4.0,2.0,0.0,529.0,2.0,80,1.0,4.0,13.0
gombeau01,2023,1,COL,NL,9,9,27,27,0,0,0,417,164,85,26.0,43,87,0.297,5.5,1.0,5.0,3.0,0.0,603.0,0.0,88,4.0,1.0,18.0
gombeau01,2024,1,COL,NL,5,12,30,30,0,0,0,495,178,87,30.0,38,116,0.273,4.75,0.0,3.0,1.0,0.0,696.0,0.0,89,0.0,4.0,9.0
gombeau01,2025,1,COL,NL,0,7,12,12,0,0,0,173,82,48,16.0,17,34,0.325,7.49,0.0,4.0,1.0,0.0,272.0,0.0,51,1.0,1.0,2.0
gomezyo01,2023,1,NYA,AL,0,0,1,0,0,0,0,6,1,0,0.0,0,4,0.143,0.0,0.0,0.0,1.0,0.0,8.0,1.0,0,0.0,0.0,0.0
gomezyo01,2024,1,NYA,AL,0,0,5,0,0,0,0,34,11,5,2.0,7,10,0.25,3.97,0.0,1.0,1.0,0.0,54.0,3.0,5,0.0,2.0,0.0
gomezyo01,2025,1,NYA,AL,1,1,6,0,0,0,0,30,5,3,1.0,9,5,0.143,2.7,0.0,0.0,0.0,0.0,44.0,3.0,4,0.0,0.0,0.0
gomezyo01,2025,2,LAN,NL,0,0,3,0,0,0,1,13,10,7,2.0,2,6,0.435,14.54,0.0,0.0,0.0,0.0,25.0,2.0,7,0.0,0.0,1.0
gomezyo01,2025,3,CHA,AL,2,2,12,9,0,0,0,145,45,26,9.0,16,47,0.242,4.84,0.0,2.0,4.0,0.0,208.0,3.0,29,0.0,2.0,3.0
gonsast01,2021,1,BOS,AL,0,0,3,0,0,0,0,13,2,2,0.0,2,4,0.133,4.15,0.0,2.0,1.0,0.0,18.0,1.0,2,0.0,0.0,0.0
gonsoto01,2020,1,LAN,NL,2,2,9,8,0,0,0,140,32,12,2.0,7,46,0.193,2.31,0.0,3.0,1.0,0.0,176.0,1.0,13,1.0,1.0,1.0
gonsoto01,2021,1,LAN,NL,4,1,15,13,0,0,0,167,41,20,8.0,34,65,0.202,3.23,0.0,4.0,0.0,0.0,239.0,0.0,20,2.0,0.0,1.0
gonsoto01,2022,1,LAN,NL,16,1,24,24,0,0,0,391,79,31,11.0,35,119,0.172,2.14,1.0,5.0,4.0,0.0,498.0,0.0,32,0.0,1.0,11.0
gonsoto01,2023,1,LAN,NL,8,5,20,20,0,0,0,309,86,57,19.0,40,82,0.226,4.98,1.0,2.0,7.0,0.0,435.0,0.0,61,2.0,5.0,8.0
gonsoto01,2025,1,LAN,NL,3,2,7,7,0,0,0,108,33,20,9.0,18,38,0.244,5.0,0.0,1.0,3.0,0.0,157.0,0.0,21,1.0,0.0,3.0
gonzach01,2020,1,COL,NL,0,2,6,4,0,0,0,59,22,15,3.0,10,16,0.289,6.86,0.0,2.0,3.0,0.0,91.0,0.0,16,1.0,1.0,3.0
gonzach01,2021,1,COL,NL,3,7,24,18,0,0,0,305,127,73,18.0,28,56,0.311,6.46,0.0,2.0,6.0,0.0,448.0,1.0,74,3.0,2.0,13.0
gonzach01,2022,1,MIN,AL,0,0,2,2,0,0,0,21,12,6,2.0,0,4,0.387,7.71,0.0,0.0,0.0,0.0,31.0,0.0,6,0.0,0.0,0.0
gonzach01,2022,2,MIL,NL,0,1,4,2,0,0,0,34,12,8,3.0,4,8,0.273,6.35,0.0,0.0,0.0,0.0,48.0,2.0,8,0.0,0.0,2.0
gonzach01,2022,3,NYA,AL,0,0,1,1,0,0,0,14,4,1,0.0,3,3,0.235,1.93,0.0,0.0,0.0,0.0,20.0,0.0,1,0.0,0.0,1.0
gonzach01,2023,1,MIA,NL,0,0,3,0,0,0,0,11,7,3,1.0,1,3,0.389,7.36,0.0,0.0,0.0,0.0,19.0,2.0,3,0.0,0.0,0.0
gonzagi01,2020,1,CHA,AL,1,2,12,4,0,0,0,95,40,17,6.0,19,34,0.305,4.83,0.0,2.0,2.0,0.0,153.0,1.0,19,0.0,0.0,3.0
gonzalu03,2022,1,SFN,NL,0,0,5,0,0,0,0,19,9,4,0.0,1,0,0.31,5.68,0.0,0.0,0.0,0.0,30.0,5.0,4,0.0,0.0,0.0
gonzama01,2021,1,BOS,AL,0,0,1,0,0,0,0,3,0,0,0.0,0,0,0.0,0.0,0.0,0.0,0.0,0.0,3.0,0.0,0,0.0,0.0,0.0
gonzama01,2022,1,NYA,AL,0,0,1,0,0,0,0,1,0,0,0.0,0,0,0.0,0.0,0.0,0.0,0.0,0.0,1.0,1.0,0,0.0,0.0,0.0
gonzama02,2020,1,SEA,AL,7,2,11,11,1,0,0,209,59,24,8.0,7,64,0.222,3.1,0.0,0.0,4.0,0.0,277.0,0.0,27,0.0,0.0,4.0
gonzama02,2021,1,SEA,AL,10,6,25,25,1,0,0,430,125,63,29.0,42,108,0.234,3.96,3.0,1.0,5.0,0.0,585.0,0.0,64,1.0,2.0,9.0
gonzama02,2022,1,SEA,AL,10,15,32,32,0,0,0,549,194,84,30.0,50,103,0.271,4.13,1.0,1.0,7.0,0.0,783.0,0.0,97,3.0,6.0,17.0
gonzama02,2023,1,SEA,AL,4,1,10,10,0,0,0,150,55,29,5.0,18,34,0.282,5.22,0.0,0.0,0.0,0.0,215.0,0.0,32,0.0,2.0,7.0
gonzama02,2024,1,PIT,NL,1,1,7,7,0,0,0,101,43,17,5.0,11,23,0.312,4.54,0.0,0.0,0.0,0.0,151.0,0.0,17,1.0,1.0,4.0
gonzaro01,2021,1,CHA,AL,0,0,1,0,0,0,0,1,0,0,0.0,0,1,0.0,0.0,0.0,0.0,0.0,0.0,1.0,1.0,0,0.0,0.0,0.0
gonzavi02,2020,1,LAN,NL,3,0,15,1,0,0,0,61,13,3,0.0,2,23,0.176,1.33,0.0,2.0,3.0,0.0,80.0,1.0,3,0.0,1.0,1.0
gonzavi02,2021,1,LAN,NL,3,1,44,1,0,0,1,106,32,14,3.0,19,33,0.244,3.57,2.0,1.0,3.0,0.0,155.0,5.0,14,1.0,1.0,2.0
gonzavi02,2023,1,LAN,NL,3,3,34,1,0,0,0,101,27,15,2.0,10,30,0.223,4.01,1.0,1.0,3.0,0.0,135.0,7.0,15,0.0,1.0,5.0
gonzavi02,2024,1,NYA,AL,2,1,27,0,0,0,2,70,13,10,3.0,13,11,0.16,3.86,0.0,0.0,3.0,0.0,97.0,8.0,12,0.0,0.0,2.0
gonzawi02,2025,1,CHA,AL,1,0,16,0,0,0,0,61,13,6,1.0,12,25,0.178,2.66,0.0,0.0,0.0,0.0,87.0,6.0,9,1.0,1.0,1.0
goodyni01,2020,1,TEX,AL,0,2,17,1,0,0,1,33,14,11,3.0,8,13,0.304,9.0,0.0,1.0,0.0,0.0,55.0,3.0,12,0.0,1.0,1.0
gordoco01,2025,1,HOU,AL,6,4,20,14,0,0,1,258,103,51,21.0,19,72,0.293,5.34,2.0,3.0,2.0,1.0,379.0,2.0,54,2.0,4.0,3.0
gordode01,2022,1,WAS,NL,0,0,1,0,0,0,0,3,2,3,1.0,3,0,0.5,27.0,0.0,0.0,1.0,0.0,8.0,1.0,3,0.0,0.0,0.0
gordoni01,2022,1,MIN,AL,0,0,4,0,0,0,0,11,10,9,2.0,4,0,0.476,22.09,0.0,0.0,0.0,0.0,25.0,3.0,9,0.0,0.0,0.0
gordota01,2024,1,COL,NL,0,6,8,8,0,0,0,103,53,33,10.0,6,26,0.353,8.65,0.0,0.0,2.0,0.0,160.0,0.0,34,1.0,1.0,3.0
gordota01,2025,1,COL,NL,6,8,15,15,0,0,0,226,96,53,16.0,17,62,0.304,6.33,0.0,1.0,3.0,1.0,337.0,0.0,60,0.0,1.0,5.0
gorema01,2022,1,SDN,NL,4,4,16,13,0,0,0,210,66,35,7.0,37,72,0.248,4.5,0.0,6.0,4.0,0.0,309.0,0.0,35,0.0,2.0,6.0
gorema01,2023,1,WAS,NL,7,10,27,27,0,0,0,409,134,67,27.0,57,151,0.258,4.42,0.0,6.0,1.0,0.0,582.0,0.0,71,1.0,4.0,16.0
gorema01,2024,1,WAS,NL,10,12,32,32,0,0,0,499,171,72,15.0,65,181,0.263,3.9,0.0,14.0,11.0,0.0,731.0,0.0,93,1.0,4.0,21.0
gorema01,2025,1,WAS,NL,5,15,30,30,0,0,0,479,152,74,20.0,64,185,0.252,4.17,0.0,12.0,5.0,0.0,680.0,0.0,75,2.0,7.0,8.0
gosean01,2021,1,CLE,AL,0,0,6,0,0,0,0,20,2,1,0.0,2,9,0.091,1.35,0.0,0.0,0.0,0.0,24.0,0.0,1,0.0,0.0,0.0
gosean01,2022,1,CLE,AL,3,0,22,0,0,0,0,63,15,11,4.0,14,28,0.197,4.71,1.0,2.0,1.0,0.0,92.0,3.0,13,0.0,1.0,1.0
gosean01,2024,1,CLE,AL,0,0,3,0,0,0,0,13,9,5,2.0,1,4,0.429,10.38,0.0,1.0,0.0,0.0,22.0,3.0,5,0.0,0.0,0.0
gosseph01,2022,2,LAA,AL,0,0,1,0,0,0,0,3,0,0,0.0,0,0,0.0,0.0,0.0,0.0,0.0,0.0,3.0,1.0,0,0.0,0.0,0.0
gotttr01,2020,1,SFN,NL,1,2,15,0,0,0,4,35,13,13,7.0,8,8,0.271,10.03,0.0,0.0,1.0,0.0,57.0,5.0,13,0.0,0.0,1.0
gotttr01,2022,1,MIL,NL,3,4,45,0,0,0,0,137,35,21,8.0,12,44,0.205,4.14,0.0,0.0,3.0,0.0,186.0,3.0,25,0.0,0.0,2.0
gotttr01,2023,1,SEA,AL,0,3,30,0,0,0,0,87,33,13,2.0,8,32,0.277,4.03,1.0,0.0,2.0,0.0,129.0,4.0,19,0.0,0.0,2.0
gotttr01,2023,2,NYN,NL,0,2,34,0,0,0,1,87,30,14,2.0,11,30,0.256,4.34,2.0,0.0,2.0,0.0,132.0,9.0,15,1.0,1.0,0.0
goudeas01,2020,1,COL,NL,0,0,4,0,0,0,0,25,15,7,3.0,2,2,0.441,7.56,0.0,1.0,1.0,0.0,39.0,2.0,7,0.0,2.0,2.0
goudeas01,2021,1,CIN,NL,0,0,5,0,0,0,0,27,8,4,1.0,9,5,0.235,4.0,3.0,0.0,0.0,0.0,44.0,2.0,4,1.0,0.0,0.0
goudeas01,2021,2,COL,NL,2,1,11,1,0,0,0,76,16,12,3.0,8,17,0.188,4.26,0.0,1.0,2.0,0.0,97.0,1.0,12,2.0,0.0,4.0
goudeas01,2022,1,COL,NL,1,0,12,0,0,0,1,61,25,16,3.0,10,16,0.305,7.08,0.0,3.0,0.0,0.0,94.0,4.0,18,0.0,2.0,4.0
gracego01,2024,1,SLN,NL,0,1,2,1,0,0,0,23,7,4,1.0,2,6,0.25,4.7,0.0,0.0,0.0,0.0,31.0,1.0,4,0.0,1.0,1.0
gracego01,2025,1,SLN,NL,3,1,26,0,0,0,1,129,50,30,2.0,13,40,0.286,6.28,0.0,2.0,2.0,0.0,193.0,9.0,33,0.0,3.0,2.0
gracema02,2020,1,ARI,NL,0,1,3,0,0,0,0,3,5,6,1.0,2,2,0.625,54.0,0.0,0.0,0.0,0.0,10.0,1.0,6,0.0,0.0,0.0
granian01,2025,1,SLN,NL,1,0,14,0,0,0,1,63,22,11,3.0,7,18,0.278,4.71,0.0,2.0,1.0,0.0,91.0,6.0,11,1.0,3.0,1.0
gratebr01,2020,1,LAN,NL,1,2,23,2,0,0,0,70,18,8,1.0,3,13,0.225,3.09,0.0,0.0,3.0,0.0,88.0,1.0,9,0.0,2.0,6.0
gratebr01,2021,1,LAN,NL,3,0,34,1,0,0,0,100,34,17,2.0,13,27,0.26,4.59,6.0,2.0,5.0,0.0,150.0,6.0,18,0.0,0.0,3.0
gratebr01,2022,1,LAN,NL,2,4,46,1,0,0,4,149,39,18,3.0,10,43,0.215,3.26,1.0,0.0,3.0,0.0,197.0,12.0,20,0.0,3.0,5.0
gratebr01,2023,1,LAN,NL,4,2,68,1,0,0,7,202,53,9,3.0,12,48,0.221,1.2,1.0,2.0,2.0,0.0,257.0,19.0,14,0.0,2.0,11.0
gratebr01,2024,1,LAN,NL,0,0,7,0,0,0,0,22,3,2,0.0,2,7,0.12,2.45,0.0,0.0,0.0,0.0,27.0,2.0,2,0.0,0.0,0.0
graveke01,2020,1,SEA,AL,1,3,11,2,0,0,0,56,15,12,2.0,8,15,0.221,5.79,0.0,0.0,0.0,0.0,77.0,1.0,13,0.0,1.0,3.0
graveke01,2021,1,SEA,AL,4,0,30,0,0,0,10,99,15,3,2.0,8,34,0.136,0.82,0.0,2.0,3.0,0.0,121.0,14.0,7,0.0,0.0,4.0
graveke01,2021,2,HOU,AL,1,1,23,0,0,0,0,69,20,8,1.0,12,27,0.238,3.13,1.0,1.0,5.0,0.0,101.0,3.0,8,0.0,0.0,3.0
graveke01,2022,1,CHA,AL,3,4,65,0,0,0,6,195,65,23,5.0,26,66,0.257,3.18,2.0,3.0,3.0,0.0,285.0,14.0,29,0.0,3.0,6.0
graveke01,2023,1,CHA,AL,3,4,45,0,0,0,8,132,33,17,6.0,20,42,0.208,3.48,0.0,2.0,5.0,0.0,186.0,22.0,20,0.0,1.0,8.0
graveke01,2023,2,HOU,AL,2,2,23,0,0,0,0,67,18,6,3.0,16,24,0.228,2.42,0.0,1.0,0.0,1.0,96.0,4.0,7,1.0,0.0,4.0
graveke01,2025,1,ARI,NL,1,0,19,0,0,0,0,53,23,14,2.0,12,9,0.333,7.13,0.0,0.0,1.0,0.0,82.0,4.0,14,0.0,0.0,4.0
grayjo02,2020,1,COL,NL,2,4,8,8,0,0,0,117,45,29,6.0,11,22,0.281,6.69,0.0,2.0,2.0,1.0,174.0,0.0,31,0.0,1.0,3.0
grayjo02,2021,1,COL,NL,8,12,29,29,0,0,0,447,140,76,21.0,58,157,0.245,4.59,2.0,7.0,8.0,0.0,644.0,0.0,83,2.0,4.0,12.0
grayjo02,2022,1,TEX,AL,7,7,24,24,0,0,0,382,105,56,17.0,39,134,0.222,3.96,0.0,4.0,6.0,2.0,521.0,0.0,61,0.0,4.0,11.0
grayjo02,2023,1,TEX,AL,9,8,29,29,1,0,0,472,149,72,22.0,54,142,0.256,4.12,1.0,4.0,9.0,0.0,656.0,0.0,75,4.0,7.0,13.0
grayjo02,2024,1,TEX,AL,5,6,23,19,0,0,0,308,107,51,11.0,28,86,0.262,4.47,1.0,1.0,0.0,0.0,439.0,2.0,54,1.0,2.0,2.0
grayjo02,2025,1,TEX,AL,1,1,6,0,0,0,0,42,15,12,5.0,6,12,0.263,7.71,0.0,0.0,0.0,0.0,63.0,0.0,12,0.0,0.0,0.0
grayjo03,2021,1,LAN,NL,0,0,2,1,0,0,0,24,7,6,4.0,5,13,0.233,6.75,1.0,1.0,0.0,0.0,35.0,0.0,6,0.0,0.0,0.0
grayjo03,2021,2,WAS,NL,2,2,12,12,0,0,0,188,56,37,15.0,28,63,0.238,5.31,2.0,6.0,2.0,0.0,272.0,0.0,38,5.0,2.0,4.0
grayjo03,2022,1,WAS,NL,7,10,28,28,0,0,0,446,136,83,38.0,66,154,0.239,5.02,1.0,7.0,8.0,0.0,649.0,0.0,84,0.0,5.0,6.0
grayjo03,2023,1,WAS,NL,8,13,30,30,0,0,0,477,152,69,22.0,80,143,0.251,3.91,1.0,9.0,9.0,0.0,698.0,0.0,72,0.0,4.0,13.0
grayjo03,2024,1,WAS,NL,0,2,2,2,0,0,0,25,15,13,2.0,5,9,0.405,14.04,0.0,0.0,0.0,0.0,44.0,0.0,13,0.0,2.0,1.0
grayso01,2020,1,CIN,NL,5,3,11,11,0,0,0,168,42,23,4.0,26,72,0.203,3.7,0.0,7.0,2.0,1.0,235.0,0.0,26,0.0,0.0,4.0
grayso01,2021,1,CIN,NL,7,9,26,26,0,0,0,406,115,63,19.0,50,155,0.225,4.19,1.0,9.0,8.0,0.0,575.0,0.0,67,2.0,2.0,6.0
grayso01,2022,1,MIN,AL,8,5,24,24,0,0,0,359,99,41,11.0,36,117,0.224,3.08,0.0,3.0,6.0,0.0,488.0,0.0,44,1.0,4.0,9.0
grayso01,2023,1,MIN,AL,8,8,32,32,0,0,0,552,156,57,8.0,55,183,0.226,2.79,0.0,6.0,6.0,1.0,754.0,0.0,59,1.0,3.0,13.0
grayso01,2024,1,SLN,NL,13,9,28,28,0,0,0,499,142,71,21.0,39,203,0.228,3.84,0.0,7.0,3.0,1.0,671.0,0.0,79,2.0,3.0,13.0
grayso01,2025,1,SLN,NL,14,8,32,32,1,1,0,542,185,86,25.0,38,201,0.261,4.28,0.0,2.0,3.0,0.0,753.0,0.0,93,1.0,3.0,9.0
greench03,2020,1,NYA,AL,3,3,22,0,0,0,1,77,13,10,5.0,8,32,0.144,3.51,2.0,3.0,0.0,0.0,100.0,5.0,13,1.0,1.0,1.0
greench03,2021,1,NYA,AL,10,7,67,0,0,0,6,251,57,29,14.0,17,99,0.193,3.12,2.0,5.0,0.0,0.0,315.0,15.0,32,1.0,2.0,6.0
greench03,2022,1,NYA,AL,1,1,14,0,0,0,1,45,13,5,1.0,5,16,0.241,3.0,0.0,0.0,0.0,0.0,62.0,2.0,6,0.0,2.0,2.0
greench03,2023,1,TOR,AL,3,0,12,0,0,0,0,36,12,7,1.0,4,16,0.25,5.25,1.0,0.0,0.0,0.0,52.0,2.0,10,0.0,0.0,1.0
greench03,2024,1,TOR,AL,4,6,53,0,0,0,17,160,41,19,8.0,14,46,0.216,3.21,3.0,1.0,2.0,0.0,210.0,34.0,20,0.0,4.0,5.0
greench03,2025,1,TOR,AL,3,2,45,0,0,0,1,131,51,27,14.0,13,35,0.291,5.56,2.0,0.0,2.0,0.0,190.0,14.0,28,0.0,0.0,1.0
greenco01,2021,1,BAL,AL,0,0,3,0,0,0,0,11,7,6,1.0,1,5,0.389,14.73,0.0,0.0,1.0,0.0,20.0,1.0,6,0.0,0.0,0.0
greenco01,2021,2,LAN,NL,0,0,2,0,0,0,0,6,2,0,0.0,0,2,0.25,0.0,0.0,1.0,0.0,0.0,8.0,2.0,0,0.0,0.0,0.0
greenco01,2021,3,BAL,AL,1,3,19,1,0,0,0,59,23,14,0.0,11,19,0.295,6.41,1.0,1.0,2.0,0.0,93.0,2.0,14,0.0,2.0,0.0
greenhu01,2022,1,CIN,NL,5,13,24,24,1,1,0,377,104,62,24.0,48,164,0.222,4.44,0.0,4.0,10.0,0.0,531.0,0.0,64,0.0,4.0,5.0
greenhu01,2023,1,CIN,NL,4,7,22,22,0,0,0,336,111,60,19.0,48,152,0.253,4.82,0.0,5.0,8.0,0.0,498.0,0.0,65,2.0,2.0,4.0
greenhu01,2024,1,CIN,NL,9,5,26,26,0,0,0,451,96,46,12.0,57,169,0.183,2.75,0.0,7.0,19.0,1.0,611.0,0.0,47,3.0,6.0,5.0
greenhu01,2025,1,CIN,NL,7,4,19,19,1,1,0,323,75,33,15.0,26,132,0.192,2.76,0.0,5.0,2.0,0.0,420.0,0.0,35,1.0,0.0,2.0
greensh02,2020,1,ATL,NL,1,0,28,0,0,0,0,83,22,8,2.0,9,21,0.229,2.6,1.0,0.0,2.0,0.0,109.0,6.0,9,1.0,1.0,5.0
greensh02,2021,1,ATL,NL,0,1,19,0,0,0,0,51,22,16,5.0,9,17,0.301,8.47,0.0,0.0,1.0,0.0,83.0,5.0,16,0.0,0.0,0.0
greensh02,2021,2,LAN,NL,0,0,9,0,0,0,1,20,3,3,1.0,5,7,0.136,4.05,0.0,1.0,3.0,0.0,30.0,2.0,3,0.0,0.0,1.0
greensh02,2022,1,LAN,NL,1,0,1,0,0,0,0,6,2,0,0.0,0,1,0.25,0.0,0.0,0.0,0.0,0.0,8.0,1.0,0,0.0,0.0,0.0
greensh02,2022,2,NYA,AL,0,0,1,0,0,0,0,3,1,2,1.0,1,1,0.25,18.0,0.0,0.0,0.0,0.0,5.0,1.0,2,0.0,0.0,0.0
greensh02,2023,1,CHN,NL,0,0,2,0,0,0,0,9,2,0,0.0,2,3,0.2,0.0,0.0,0.0,0.0,0.0,12.0,2.0,0,0.0,0.0,1.0
greinza01,2020,1,HOU,AL,3,3,12,12,0,0,0,201,67,30,6.0,9,67,0.256,4.03,0.0,3.0,1.0,0.0,273.0,0.0,30,0.0,1.0,4.0
greinza01,2021,1,HOU,AL,11,6,30,29,1,0,0,513,164,79,30.0,36,120,0.252,4.16,0.0,3.0,2.0,0.0,697.0,0.0,82,2.0,5.0,18.0
greinza01,2022,1,KCA,AL,4,9,26,26,0,0,0,411,157,56,14.0,27,73,0.286,3.68,0.0,7.0,3.0,0.0,585.0,0.0,65,1.0,5.0,11.0
greinza01,2023,1,KCA,AL,2,15,30,27,0,0,0,427,158,80,25.0,23,97,0.282,5.06,0.0,2.0,4.0,1.0,593.0,0.0,82,0.0,5.0,13.0
grichra01,2022,1,COL,NL,0,0,1,0,0,0,0,3,0,0,0.0,0,0,0.0,0.0,0.0,0.0,0.0,0.0,3.0,1.0,0,0.0,0.0,0.0
grifffo01,2020,1,KCA,AL,1,0,1,0,0,0,0,5,0,0,0.0,0,1,0.0,0.0,0.0,0.0,0.0,0.0,6.0,0.0,0,0.0,0.0,0.0
grifffo01,2022,1,KCA,AL,0,0,5,0,0,0,0,13,6,6,0.0,4,2,0.375,12.46,0.0,0.0,1.0,0.0,24.0,3.0,7,2.0,1.0,0.0
grifffo01,2022,2,TOR,AL,0,0,1,0,0,0,0,6,1,0,0.0,1,2,0.143,0.0,0.0,0.0,0.0,0.0,8.0,1.0,0,0.0,0.0,0.0
grimmju01,2020,1,MIL,NL,0,0,4,0,0,0,0,14,9,9,4.0,4,6,0.391,17.36,0.0,0.0,0.0,0.0,27.0,2.0,9,0.0,0.0,0.0
grimmju01,2022,1,OAK,AL,0,0,15,0,0,0,0,46,18,7,1.0,7,11,0.295,4.11,0.0,0.0,2.0,1.0,71.0,5.0,8,0.0,1.0,2.0
grotzza01,2020,1,SEA,AL,0,0,5,0,0,0,0,22,11,12,4.0,11,4,0.367,14.73,0.0,1.0,4.0,0.0,46.0,1.0,12,0.0,1.0,2.0
grovemi01,2022,1,LAN,NL,1,0,7,6,0,0,0,88,32,15,6.0,10,24,0.26,4.6,1.0,2.0,0.0,0.0,133.0,1.0,21,0.0,0.0,1.0
grovemi01,2023,1,LAN,NL,2,3,18,12,0,0,0,207,83,47,12.0,19,73,0.296,6.13,0.0,3.0,3.0,0.0,302.0,1.0,47,0.0,0.0,5.0
grovemi01,2024,1,LAN,NL,4,4,39,2,0,0,0,153,46,29,6.0,16,54,0.24,5.12,0.0,2.0,6.0,0.0,216.0,7.0,31,0.0,2.0,3.0
gsellro01,2020,1,NYN,NL,0,0,6,4,0,0,0,42,22,15,4.0,8,9,0.361,9.64,0.0,2.0,1.0,0.0,71.0,0.0,15,0.0,1.0,1.0
gsellro01,2021,1,NYN,NL,0,1,17,1,0,0,0,86,27,12,3.0,7,17,0.248,3.77,0.0,0.0,2.0,0.0,119.0,1.0,14,0.0,0.0,2.0
gsellro01,2022,1,CHN,NL,0,2,8,0,0,0,1,46,17,8,2.0,3,9,0.279,4.7,0.0,0.0,0.0,0.0,64.0,5.0,10,0.0,0.0,1.0
guduare01,2021,1,OAK,AL,0,0,11,0,0,0,0,43,19,10,1.0,5,5,0.345,6.28,0.0,5.0,0.0,0.0,65.0,6.0,11,1.0,4.0,2.0
guentse01,2021,1,MIA,NL,0,1,14,0,0,0,0,61,31,21,1.0,10,15,0.348,9.3,1.0,2.0,2.0,0.0,103.0,2.0,22,2.0,0.0,2.0
guentse01,2024,1,DET,AL,3,0,17,0,0,0,0,63,9,2,0.0,2,12,0.13,0.86,0.0,0.0,2.0,0.0,73.0,4.0,2,0.0,0.0,3.0
guentse01,2025,1,DET,AL,0,1,9,1,0,0,0,31,10,6,0.0,5,8,0.263,5.23,0.0,0.0,0.0,0.0,43.0,0.0,7,0.0,0.0,3.0
guerrde01,2020,1,PHI,NL,1,3,9,0,0,0,0,22,10,7,3.0,2,8,0.313,8.59,0.0,0.0,2.0,0.0,36.0,5.0,9,0.0,0.0,0.0
guerrde01,2021,1,OAK,AL,4,1,53,0,0,0,0,197,53,30,8.0,20,62,0.218,4.11,0.0,1.0,4.0,0.0,269.0,14.0,34,1.0,1.0,6.0
guerrja01,2020,1,WAS,NL,0,0,14,0,0,0,0,47,19,7,2.0,7,13,0.302,4.02,0.0,0.0,0.0,0.0,70.0,2.0,7,0.0,0.0,1.0
guerrja01,2021,1,WAS,NL,0,1,6,0,0,0,0,18,12,11,3.0,3,4,0.429,16.5,0.0,1.0,3.0,0.0,37.0,1.0,13,1.0,1.0,1.0
guerrja02,2020,1,SDN,NL,1,0,14,0,0,0,0,40,25,15,1.0,5,12,0.417,10.13,0.0,2.0,1.0,0.0,67.0,5.0,16,0.0,1.0,3.0
guerrja02,2021,1,SDN,NL,0,0,4,0,0,0,0,11,4,2,0.0,2,3,0.25,4.91,0.0,0.0,0.0,0.0,18.0,0.0,2,0.0,0.0,0.0
guerrja02,2022,1,SDN,NL,0,0,1,0,0,0,0,6,3,4,1.0,3,1,0.333,18.0,0.0,0.0,0.0,0.0,12.0,1.0,4,0.0,0.0,0.0
guerrja02,2022,2,TBA,AL,2,1,17,0,0,0,0,48,13,6,2.0,8,9,0.217,3.38,2.0,2.0,1.0,0.0,70.0,3.0,7,1.0,0.0,1.0
guerrja02,2023,1,MIL,NL,0,0,8,0,0,0,0,25,10,8,1.0,9,5,0.303,8.64,2.0,2.0,2.0,0.0,45.0,6.0,8,0.0,1.0,1.0
guerrja02,2023,2,TBA,AL,0,0,9,2,0,0,0,33,7,5,1.0,13,9,0.179,4.09,1.0,0.0,0.0,0.0,52.0,5.0,5,0.0,0.0,1.0
guerrju02,2020,1,ARI,NL,1,2,25,0,0,0,0,71,17,8,1.0,15,21,0.205,3.04,2.0,2.0,2.0,0.0,103.0,5.0,10,2.0,1.0,4.0
guerrju02,2021,1,LAA,AL,5,2,41,1,0,0,0,196,67,44,6.0,46,61,0.262,6.06,1.0,9.0,3.0,2.0,307.0,14.0,45,0.0,2.0,9.0
guerrlu01,2024,1,BOS,AL,0,0,9,0,0,0,0,30,6,0,0.0,2,9,0.182,0.0,0.0,0.0,0.0,0.0,36.0,2.0,1,0.0,1.0,1.0
guerrlu01,2025,1,BOS,AL,0,1,13,0,0,0,0,52,9,8,0.0,14,10,0.158,4.15,0.0,0.0,0.0,0.0,72.0,6.0,8,0.0,1.0,2.0
guilbta01,2020,1,SEA,AL,0,0,8,0,0,0,0,23,8,1,0.0,6,3,0.267,1.17,0.0,1.0,0.0,0.0,36.0,3.0,1,0.0,0.0,1.0
guilllu01,2020,1,NYN,NL,0,0,1,0,0,0,0,3,0,0,0.0,0,0,0.0,0.0,0.0,0.0,0.0,0.0,3.0,1.0,0,0.0,0.0,0.0
guilllu01,2021,1,NYN,NL,0,0,1,0,0,0,0,3,3,2,0.0,1,0,0.5,18.0,0.0,0.0,0.0,0.0,7.0,1.0,2,0.0,0.0,0.0
guilllu01,2023,1,NYN,NL,0,0,1,0,0,0,0,3,1,0,0.0,0,0,0.25,0.0,0.0,0.0,0.0,0.0,4.0,1.0,0,0.0,0.0,0.0
guilllu01,2024,1,ATL,NL,0,0,1,0,0,0,0,3,3,4,1.0,1,0,0.5,36.0,0.0,0.0,0.0,0.0,7.0,1.0,4,0.0,0.0,0.0
guilllu01,2024,2,LAA,AL,0,0,2,0,0,0,0,6,1,0,0.0,1,0,0.143,0.0,0.0,0.0,0.0,0.0,8.0,2.0,0,0.0,0.0,0.0
guilmpr01,2021,1,MIA,NL,0,0,2,0,0,0,0,6,2,1,1.0,0,1,0.286,4.5,0.0,0.0,0.0,0.0,7.0,1.0,1,0.0,0.0,0.0
gustaja01,2021,1,MIL,NL,1,2,14,0,0,0,0,55,15,7,2.0,5,13,0.224,3.44,2.0,2.0,4.0,0.0,79.0,7.0,10,0.0,3.0,2.0
gustaja01,2022,1,MIL,NL,2,0,27,0,0,0,0,84,25,12,4.0,11,27,0.236,3.86,0.0,2.0,2.0,1.0,120.0,6.0,13,0.0,1.0,3.0
gustory01,2025,1,HOU,AL,7,4,24,14,0,0,0,258,95,47,13.0,28,87,0.276,4.92,0.0,0.0,3.0,0.0,379.0,2.0,50,1.0,3.0,8.0
gustory01,2025,2,MIA,NL,0,3,3,3,0,0,0,47,19,17,4.0,8,10,0.302,9.77,0.0,0.0,2.0,0.0,74.0,0.0,17,0.0,1.0,2.0
gutievl01,2021,1,CIN,NL,9,6,22,22,0,0,0,342,115,60,20.0,46,88,0.263,4.74,0.0,3.0,4.0,2.0,496.0,0.0,61,4.0,4.0,7.0
gutievl01,2022,1,CIN,NL,1,6,10,8,0,0,0,110,46,31,8.0,24,29,0.313,7.61,1.0,2.0,6.0,0.0,179.0,0.0,31,0.0,2.0,4.0
gutievl01,2024,1,MIA,NL,0,0,1,0,0,0,0,12,3,3,1.0,2,4,0.2,6.75,0.0,0.0,0.0,0.0,17.0,0.0,3,0.0,0.0,0.0
guzmajo04,2020,1,MIA,NL,0,0,1,0,0,0,0,3,2,2,2.0,1,0,0.4,18.0,0.0,0.0,1.0,0.0,7.0,0.0,2,0.0,0.0,0.0
guzmajo04,2021,1,MIA,NL,0,0,2,0,0,0,0,5,4,6,0.0,6,3,0.444,32.4,1.0,0.0,0.0,0.0,15.0,0.0,6,0.0,0.0,0.0
gyorkje01,2020,1,MIL,NL,0,0,1,0,0,0,0,3,1,0,0.0,0,0,0.25,0.0,0.0,0.0,0.0,0.0,4.0,1.0,0,0.0,0.0,0.0
haderjo01,2020,1,MIL,NL,1,2,21,0,0,0,13,57,8,8,3.0,10,31,0.123,3.79,0.0,2.0,3.0,0.0,78.0,17.0,8,0.0,0.0,0.0
haderjo01,2021,1,MIL,NL,4,2,60,0,0,0,34,176,25,8,3.0,24,102,0.127,1.23,0.0,3.0,2.0,2.0,224.0,42.0,8,0.0,1.0,2.0
haderjo01,2022,1,MIL,NL,1,4,37,0,0,0,29,102,26,16,7.0,12,59,0.203,4.24,0.0,2.0,1.0,0.0,141.0,34.0,16,0.0,0.0,0.0
haderjo01,2022,2,SDN,NL,1,1,19,0,0,0,7,48,17,13,1.0,9,22,0.27,7.31,0.0,3.0,3.0,0.0,78.0,11.0,14,0.0,3.0,0.0
haderjo01,2023,1,SDN,NL,2,3,61,0,0,0,33,169,32,8,3.0,30,85,0.163,1.28,2.0,3.0,3.0,0.0,231.0,52.0,11,2.0,0.0,3.0
haderjo01,2024,1,HOU,AL,8,8,71,0,0,0,34,213,43,30,12.0,25,105,0.171,3.8,0.0,4.0,1.0,2.0,278.0,62.0,33,0.0,1.0,5.0
haderjo01,2025,1,HOU,AL,6,2,48,0,0,0,28,158,29,12,8.0,16,76,0.157,2.05,1.0,2.0,2.0,0.0,206.0,41.0,16,2.0,1.0,0.0
hagenju01,2025,1,NYN,NL,0,1,9,1,0,0,1,71,24,12,4.0,2,23,0.25,4.56,0.0,0.0,1.0,0.0,99.0,6.0,13,0.0,0.0,0.0
hagerja01,2022,1,ARI,NL,0,0,3,0,0,0,0,7,3,2,0.0,0,1,0.3,7.71,0.0,0.0,0.0,0.0,10.0,3.0,2,0.0,0.0,0.0
hahnje01,2020,1,KCA,AL,1,0,18,0,0,0,3,52,4,1,0.0,8,19,0.071,0.52,0.0,2.0,1.0,0.0,65.0,3.0,1,0.0,0.0,1.0
hahnje01,2021,1,KCA,AL,0,0,5,0,0,0,1,10,5,5,2.0,4,3,0.357,13.5,0.0,1.0,1.0,0.0,19.0,1.0,5,0.0,0.0,1.0
hahnje01,2025,1,SEA,AL,0,1,3,0,0,0,0,15,6,3,1.0,5,3,0.333,5.4,3.0,0.0,1.0,1.0,25.0,2.0,4,1.0,0.0,2.0
haleda02,2020,1,NYA,AL,0,0,5,0,0,0,1,18,7,2,0.0,3,7,0.304,3.0,0.0,0.0,0.0,0.0,26.0,1.0,2,0.0,0.0,1.0
haleda02,2020,2,PHI,NL,0,0,6,2,0,0,0,33,16,5,2.0,1,7,0.333,4.09,0.0,0.0,0.0,0.0,49.0,2.0,5,0.0,0.0,1.0
haleda02,2021,1,PHI,NL,0,2,17,1,0,0,0,80,30,19,5.0,9,21,0.283,6.41,1.0,2.0,1.0,0.0,116.0,8.0,20,0.0,0.0,2.0
hallda02,2022,1,PHI,NL,0,0,1,0,0,0,0,1,1,0,0.0,0,0,0.5,0.0,0.0,0.0,0.0,0.0,2.0,1.0,0,0.0,0.0,0.0
halldl01,2022,1,BAL,AL,1,1,11,1,0,0,1,41,17,9,0.0,6,19,0.298,5.93,0.0,2.0,0.0,0.0,64.0,1.0,9,0.0,1.0,0.0
halldl01,2023,1,BAL,AL,3,0,18,0,0,0,0,58,18,7,2.0,5,23,0.237,3.26,0.0,1.0,0.0,1.0,81.0,3.0,8,0.0,0.0,1.0
halldl01,2024,1,MIL,NL,1,2,13,7,0,0,0,129,48,24,6.0,21,44,0.281,5.02,0.0,1.0,4.0,0.0,197.0,2.0,26,0.0,1.0,4.0
halldl01,2025,1,MIL,NL,1,0,20,3,0,0,0,116,24,15,2.0,17,27,0.174,3.49,0.0,0.0,0.0,0.0,155.0,2.0,15,0.0,0.0,2.0
hallma02,2020,1,BOS,AL,0,3,4,1,0,0,0,26,17,18,2.0,10,9,0.395,18.69,0.0,0.0,1.0,0.0,54.0,0.0,18,0.0,0.0,0.0
halvose01,2024,1,COL,NL,2,1,12,0,0,0,2,37,8,2,2.0,2,13,0.186,1.46,0.0,0.0,1.0,1.0,46.0,8.0,3,0.0,0.0,1.0
halvose01,2025,1,COL,NL,1,2,42,0,0,0,11,119,41,22,7.0,21,36,0.273,4.99,1.0,3.0,0.0,0.0,173.0,23.0,26,1.0,1.0,7.0
hamelco01,2020,1,ATL,NL,0,1,1,1,0,0,0,10,3,3,0.0,1,2,0.25,8.1,0.0,0.0,0.0,0.0,14.0,0.0,3,0.0,1.0,0.0
hameldo01,2025,1,NYN,NL,0,0,1,0,0,0,0,3,3,0,0.0,0,0,0.6,0.0,0.0,0.0,1.0,0.0,6.0,0.0,0,0.0,0.0,0.0
hamilia01,2020,1,CHA,AL,0,0,4,0,0,0,0,12,4,2,0.0,5,4,0.267,4.5,0.0,2.0,0.0,0.0,20.0,0.0,2,0.0,0.0,1.0
hamilia01,2022,1,MIN,AL,0,0,1,0,0,0,0,8,3,2,1.0,1,0,0.3,6.75,0.0,0.0,0.0,0.0,11.0,0.0,2,0.0,0.0,1.0
hamilia01,2023,1,NYA,AL,3,2,39,3,0,0,2,174,45,17,2.0,26,69,0.215,2.64,1.0,1.0,3.0,0.0,239.0,6.0,19,0.0,1.0,6.0
hamilia01,2024,1,NYA,AL,0,1,35,0,0,0,1,113,37,16,2.0,14,41,0.261,3.82,0.0,0.0,3.0,0.0,163.0,5.0,17,0.0,4.0,2.0
hamilia01,2025,1,NYA,AL,2,1,36,1,0,0,0,120,28,19,5.0,22,42,0.2,4.28,1.0,2.0,1.0,0.0,166.0,5.0,20,2.0,1.0,5.0
hammejd01,2021,1,PHI,NL,1,1,20,0,0,0,0,60,21,11,3.0,11,22,0.259,4.95,1.0,1.0,2.0,0.0,94.0,4.0,11,0.0,0.0,1.0
hampsga01,2024,1,KCA,AL,0,0,1,0,0,0,0,3,0,0,0.0,0,0,0.0,0.0,0.0,0.0,1.0,0.0,4.0,1.0,0,0.0,0.0,0.0
hampsga01,2025,3,SLN,NL,0,0,1,0,0,0,0,3,0,0,0.0,0,0,0.0,0.0,0.0,0.0,0.0,0.0,3.0,1.0,0,0.0,0.0,0.0
hancoem01,2023,1,SEA,AL,0,0,3,3,0,0,0,36,13,6,1.0,3,6,0.283,4.5,0.0,0.0,0.0,0.0,49.0,0.0,6,0.0,0.0,2.0
hancoem01,2024,1,SEA,AL,4,4,12,12,0,0,0,182,62,32,12.0,19,39,0.259,4.75,0.0,0.0,6.0,0.0,266.0,0.0,37,0.0,2.0,5.0
hancoem01,2025,1,SEA,AL,4,5,22,16,0,0,0,270,93,49,15.0,31,64,0.269,4.9,0.0,2.0,5.0,1.0,385.0,2.0,51,1.0,2.0,9.0
handbr01,2020,1,CLE,AL,2,1,23,0,0,0,16,66,13,5,0.0,4,29,0.169,2.05,0.0,1.0,2.0,0.0,86.0,21.0,8,0.0,1.0,1.0
handbr01,2021,1,WAS,NL,5,5,41,0,0,0,21,128,31,17,5.0,18,42,0.203,3.59,4.0,1.0,5.0,0.0,182.0,36.0,22,3.0,3.0,1.0
handbr01,2021,2,NYN,NL,1,0,16,0,0,0,0,40,12,4,1.0,5,14,0.25,2.7,0.0,1.0,1.0,0.0,55.0,4.0,7,0.0,1.0,1.0
handbr01,2021,3,TOR,AL,0,2,11,0,0,0,0,26,13,7,3.0,3,5,0.351,7.27,0.0,1.0,0.0,0.0,41.0,5.0,10,0.0,1.0,0.0
handbr01,2022,1,PHI,NL,3,2,55,0,0,0,5,135,37,14,2.0,23,38,0.223,2.8,1.0,1.0,6.0,0.0,198.0,15.0,18,1.0,2.0,3.0
handbr01,2023,1,COL,NL,3,1,40,0,0,0,0,107,35,18,4.0,16,41,0.265,4.54,1.0,3.0,3.0,0.0,157.0,11.0,18,2.0,4.0,1.0
handbr01,2023,2,ATL,NL,2,2,20,0,0,0,1,54,19,15,2.0,6,18,0.279,7.5,2.0,0.0,2.0,0.0,79.0,4.0,15,3.0,0.0,2.0
hanhoer01,2021,1,BAL,AL,0,0,10,0,0,0,0,31,13,8,2.0,3,6,0.302,6.97,1.0,4.0,1.0,0.0,47.0,1.0,9,0.0,0.0,2.0
hanifbr01,2023,1,DET,AL,0,0,3,0,0,0,0,15,8,3,1.0,0,3,0.348,5.4,0.0,1.0,0.0,0.0,23.0,2.0,3,0.0,0.0,0.0
hanifbr01,2024,1,DET,AL,1,1,21,3,0,0,0,88,27,6,2.0,6,23,0.237,1.84,0.0,0.0,0.0,0.0,120.0,1.0,7,0.0,0.0,2.0
hanifbr01,2025,1,DET,AL,3,3,54,0,0,0,0,180,65,20,3.0,14,40,0.267,3.0,2.0,2.0,2.0,0.0,260.0,11.0,31,0.0,1.0,7.0
happja01,2020,1,NYA,AL,2,2,9,9,0,0,0,148,37,19,8.0,15,42,0.208,3.47,0.0,0.0,1.0,0.0,196.0,0.0,19,1.0,0.0,5.0
happja01,2021,1,MIN,AL,5,6,19,19,0,0,0,295,125,74,21.0,31,77,0.306,6.77,0.0,3.0,3.0,0.0,445.0,0.0,76,0.0,3.0,6.0
happja01,2021,2,SLN,NL,5,2,11,11,0,0,0,162,52,24,9.0,17,45,0.251,4.0,0.0,1.0,0.0,0.0,226.0,0.0,24,2.0,0.0,4.0
hardybl01,2021,1,MIL,NL,0,1,1,0,0,0,0,3,3,2,0.0,1,1,0.6,18.0,0.0,0.0,0.0,0.0,7.0,1.0,3,1.0,0.0,0.0
harpery01,2020,1,WAS,NL,1,0,23,0,0,0,0,71,29,20,5.0,9,25,0.29,7.61,2.0,2.0,1.0,0.0,110.0,12.0,21,0.0,0.0,1.0
harpery01,2021,1,WAS,NL,0,2,34,0,0,0,0,107,28,16,6.0,14,31,0.214,4.04,1.0,0.0,2.0,0.0,148.0,10.0,16,0.0,1.0,2.0
harriha01,2025,1,ATL,NL,0,0,3,0,0,0,0,8,3,1,0.0,2,0,0.3,3.38,0.0,0.0,0.0,0.0,12.0,0.0,1,0.0,0.0,1.0
harriho01,2023,1,WAS,NL,0,0,16,0,0,0,0,58,21,11,2.0,13,9,0.273,5.12,0.0,1.0,1.0,0.0,91.0,8.0,12,0.0,0.0,3.0
harriho02,2023,1,OAK,AL,3,6,14,6,0,0,0,189,67,50,10.0,28,56,0.269,7.14,0.0,1.0,3.0,0.0,284.0,0.0,51,1.0,2.0,5.0
harriho02,2024,1,OAK,AL,4,4,21,9,0,0,0,217,65,23,7.0,33,61,0.244,2.86,0.0,3.0,3.0,1.0,305.0,4.0,29,2.0,1.0,10.0
harriho02,2025,1,ATH,AL,2,1,48,0,0,0,4,194,54,23,5.0,33,65,0.226,3.2,4.0,1.0,1.0,0.0,277.0,20.0,26,1.0,3.0,3.0
harrijo05,2022,1,CHA,AL,0,0,3,0,0,0,0,9,9,6,1.0,2,2,0.563,18.0,0.0,0.0,0.0,0.0,18.0,3.0,6,0.0,0.0,2.0
harrijo05,2023,1,PHI,NL,0,0,2,0,0,0,0,5,8,5,0.0,2,0,0.727,27.0,0.0,0.0,0.0,0.0,15.0,2.0,5,0.0,2.0,0.0
harriky01,2023,1,SFN,NL,1,1,7,7,0,0,0,104,29,16,8.0,11,35,0.221,4.15,0.0,0.0,4.0,0.0,147.0,0.0,19,0.0,1.0,0.0
harriky01,2024,1,SFN,NL,7,7,24,24,0,0,0,373,125,63,18.0,42,118,0.263,4.56,0.0,2.0,7.0,1.0,532.0,0.0,65,1.0,6.0,9.0
harriky01,2025,1,SFN,NL,1,1,8,4,0,0,0,71,21,12,4.0,9,25,0.231,4.56,1.0,0.0,0.0,0.0,100.0,2.0,12,0.0,0.0,0.0
harriky01,2025,2,BOS,AL,0,0,3,2,0,0,0,36,14,4,0.0,5,13,0.28,3.0,0.0,1.0,1.0,0.0,56.0,0.0,4,0.0,0.0,0.0
harrito03,2025,1,PIT,NL,0,1,3,1,0,0,1,26,18,15,3.0,7,7,0.429,15.58,0.0,2.0,0.0,0.0,50.0,1.0,15,0.0,1.0,1.0
harriwi02,2020,1,WAS,NL,0,1,20,0,0,0,1,53,21,6,3.0,9,21,0.28,3.06,0.0,1.0,0.0,0.0,84.0,5.0,9,0.0,0.0,1.0
harriwi02,2021,1,WAS,NL,0,1,8,0,0,0,0,18,7,6,1.0,3,9,0.259,9.0,0.0,0.0,0.0,0.0,30.0,2.0,6,0.0,0.0,0.0
hartky01,2020,1,BOS,AL,0,1,4,3,0,0,0,33,24,19,4.0,10,13,0.429,15.55,0.0,0.0,0.0,1.0,67.0,0.0,21,0.0,1.0,1.0
hartky01,2025,1,SDN,NL,3,3,20,6,0,0,0,129,38,28,9.0,13,37,0.233,5.86,0.0,0.0,2.0,1.0,179.0,2.0,28,0.0,1.0,1.0
hartlge01,2020,1,PIT,NL,1,0,21,0,0,0,0,67,16,9,1.0,19,19,0.205,3.63,0.0,2.0,3.0,0.0,101.0,1.0,11,0.0,1.0,4.0
hartlge01,2021,1,PIT,NL,0,0,4,0,0,0,0,14,3,4,0.0,5,4,0.188,7.71,0.0,0.0,2.0,0.0,23.0,3.0,4,0.0,0.0,1.0
hartlge01,2021,2,NYN,NL,0,0,3,0,0,0,0,13,7,7,0.0,6,5,0.35,14.54,0.0,1.0,1.0,0.0,27.0,1.0,7,0.0,0.0,0.0
hartlge01,2023,1,MIA,NL,0,0,2,0,0,0,0,12,2,1,1.0,3,3,0.154,2.25,0.0,0.0,0.0,0.0,16.0,1.0,1,0.0,0.0,1.0
hartlge01,2024,1,COL,NL,0,0,5,0,0,0,0,27,13,9,1.0,4,7,0.333,9.0,1.0,2.0,0.0,1.0,44.0,0.0,10,0.0,1.0,1.0
hartlge01,2025,1,NYA,AL,0,0,2,0,0,0,0,4,5,6,1.0,4,4,0.556,40.5,0.0,0.0,0.0,0.0,13.0,0.0,6,0.0,0.0,0.0
hartlge01,2025,2,DET,AL,0,0,2,0,0,0,0,6,3,2,1.0,2,1,0.333,9.0,0.0,0.0,0.0,0.0,11.0,1.0,2,0.0,0.0,0.0
hartmry01,2021,1,HOU,AL,0,0,1,0,0,0,0,7,3,1,1.0,0,2,0.3,3.86,0.0,0.0,0.0,0.0,10.0,1.0,1,0.0,0.0,0.0
hartwgr01,2023,1,NYN,NL,5,2,28,0,0,0,0,106,34,19,3.0,15,30,0.25,4.84,1.0,2.0,6.0,0.0,158.0,6.0,23,0.0,1.0,4.0
hartwgr01,2024,1,NYN,NL,0,0,4,0,0,0,0,20,6,5,1.0,4,4,0.24,6.75,0.0,0.0,2.0,0.0,31.0,2.0,6,0.0,0.0,0.0
harvehu01,2020,1,BAL,AL,0,2,10,0,0,0,0,26,8,4,2.0,2,6,0.242,4.15,0.0,2.0,1.0,0.0,37.0,2.0,6,0.0,1.0,1.0
harvehu01,2021,1,BAL,AL,0,0,9,0,0,0,0,26,8,4,1.0,3,6,0.242,4.15,0.0,0.0,0.0,0.0,36.0,0.0,4,0.0,0.0,1.0
harvehu01,2022,1,WAS,NL,2,1,38,0,0,0,0,118,33,11,1.0,12,45,0.234,2.52,0.0,2.0,0.0,0.0,157.0,7.0,12,0.0,4.0,5.0
harvehu01,2023,1,WAS,NL,4,4,57,0,0,0,10,182,44,19,7.0,13,67,0.203,2.82,1.0,2.0,2.0,1.0,235.0,20.0,21,0.0,3.0,4.0
harvehu01,2024,1,WAS,NL,2,4,43,0,0,0,0,135,43,21,4.0,12,50,0.249,4.2,1.0,2.0,4.0,0.0,190.0,2.0,24,1.0,0.0,3.0
harvehu01,2024,2,KCA,AL,0,0,6,0,0,0,1,17,8,4,1.0,4,5,0.333,6.35,1.0,0.0,1.0,0.0,29.0,1.0,4,0.0,0.0,0.0
harvehu01,2025,1,KCA,AL,1,0,12,0,0,0,0,32,6,0,0.0,1,11,0.158,0.0,0.0,0.0,0.0,0.0,39.0,1.0,0,0.0,0.0,0.0
harvejo01,2020,1,COL,NL,0,0,4,0,0,0,0,10,3,0,0.0,0,2,0.231,0.0,0.0,0.0,1.0,0.0,14.0,1.0,0,0.0,0.0,0.0
harvema01,2020,1,KCA,AL,0,3,7,4,0,0,0,35,27,15,6.0,5,10,0.45,11.57,0.0,0.0,0.0,0.0,65.0,1.0,15,0.0,0.0,1.0
harvema01,2021,1,BAL,AL,6,14,28,28,0,0,0,383,160,89,19.0,37,95,0.299,6.27,1.0,3.0,5.0,0.0,582.0,0.0,96,2.0,2.0,6.0
hatchto01,2020,1,TOR,AL,3,1,17,1,0,0,0,79,18,8,2.0,13,23,0.191,2.73,0.0,0.0,2.0,0.0,109.0,1.0,11,0.0,0.0,2.0
hatchto01,2021,1,TOR,AL,0,1,3,2,0,0,0,28,11,7,2.0,6,8,0.289,6.75,0.0,2.0,1.0,0.0,45.0,0.0,7,0.0,0.0,0.0
hatchto01,2022,1,TOR,AL,0,1,1,1,0,0,0,14,12,10,3.0,2,4,0.522,19.29,0.0,0.0,1.0,0.0,26.0,0.0,10,0.0,0.0,3.0
hatchto01,2023,1,TOR,AL,0,0,6,0,0,0,0,19,10,3,0.0,5,10,0.357,4.26,0.0,0.0,0.0,0.0,35.0,4.0,5,1.0,1.0,1.0
hatchto01,2023,2,PIT,NL,1,1,12,2,0,0,0,67,23,10,2.0,7,16,0.271,4.03,1.0,2.0,1.0,0.0,94.0,3.0,13,0.0,0.0,3.0
hatchto01,2025,1,KCA,AL,0,0,1,0,0,0,0,3,2,2,1.0,0,1,0.4,18.0,0.0,0.0,0.0,0.0,5.0,1.0,2,0.0,0.0,0.0
hatchto01,2025,2,MIN,AL,2,1,11,1,0,0,0,99,38,20,6.0,17,21,0.292,5.45,2.0,0.0,0.0,0.0,147.0,3.0,21,0.0,0.0,6.0
headlo01,2021,1,TBA,AL,2,0,27,2,0,0,0,105,21,9,2.0,9,32,0.175,2.31,0.0,1.0,3.0,0.0,134.0,12.0,10,0.0,2.0,3.0
headlo01,2022,1,MIA,NL,0,0,23,0,0,0,1,71,26,19,4.0,11,23,0.271,7.23,1.0,1.0,4.0,0.0,111.0,7.0,19,0.0,0.0,3.0
headlo01,2022,2,BAL,AL,0,0,5,0,0,0,0,15,6,1,0.0,4,3,0.286,1.8,0.0,1.0,1.0,0.0,27.0,2.0,1,0.0,0.0,0.0
headrbr01,2023,1,MIN,AL,3,0,14,0,0,0,1,77,27,18,7.0,10,30,0.267,6.31,0.0,1.0,4.0,0.0,117.0,5.0,18,0.0,2.0,0.0
headrbr01,2024,1,MIN,AL,0,0,1,0,0,0,0,9,2,1,1.0,2,5,0.182,3.0,0.0,0.0,0.0,0.0,13.0,0.0,1,0.0,0.0,0.0
headrbr01,2025,1,NYA,AL,0,0,17,0,0,0,0,69,17,8,4.0,7,30,0.202,3.13,1.0,2.0,1.0,0.0,92.0,4.0,8,0.0,0.0,1.0
heanean01,2020,1,LAA,AL,4,3,12,12,0,0,0,200,63,33,9.0,19,70,0.246,4.46,1.0,2.0,2.0,0.0,279.0,0.0,35,0.0,2.0,3.0
heanean01,2021,1,LAA,AL,6,7,18,18,0,0,0,282,92,55,16.0,31,113,0.252,5.27,0.0,3.0,3.0,0.0,401.0,0.0,56,0.0,2.0,7.0
heanean01,2021,2,NYA,AL,2,2,12,5,0,0,0,107,38,29,13.0,10,37,0.268,7.32,0.0,1.0,3.0,0.0,157.0,2.0,29,0.0,2.0,1.0
heanean01,2022,1,LAN,NL,4,4,16,14,0,0,0,218,60,25,14.0,19,110,0.214,3.1,0.0,0.0,9.0,0.0,310.0,1.0,34,1.0,1.0,1.0
heanean01,2023,1,TEX,AL,10,6,34,28,0,0,0,442,143,68,23.0,60,151,0.251,4.15,0.0,3.0,10.0,0.0,641.0,1.0,74,0.0,2.0,13.0
heanean01,2024,1,TEX,AL,5,14,32,31,0,0,0,480,159,76,23.0,41,159,0.251,4.28,1.0,2.0,12.0,0.0,693.0,0.0,84,3.0,3.0,6.0
heanean01,2025,1,PIT,NL,5,10,26,23,0,0,0,361,125,72,24.0,39,84,0.267,5.39,0.0,2.0,9.0,0.0,525.0,0.0,74,4.0,4.0,7.0
heanean01,2025,2,LAN,NL,0,0,1,0,0,0,0,6,4,3,1.0,1,2,0.4,13.5,0.0,0.0,0.0,0.0,11.0,0.0,3,0.0,0.0,0.0
hearnta01,2020,1,TEX,AL,0,0,14,0,0,0,0,52,13,7,2.0,11,23,0.206,3.63,0.0,2.0,1.0,0.0,76.0,3.0,8,0.0,1.0,1.0
hearnta01,2021,1,TEX,AL,6,6,42,11,0,0,0,313,96,54,17.0,42,92,0.247,4.66,1.0,6.0,3.0,0.0,441.0,10.0,58,1.0,5.0,12.0
hearnta01,2022,1,TEX,AL,6,8,31,13,0,0,1,300,107,57,11.0,43,97,0.268,5.13,0.0,3.0,3.0,0.0,449.0,3.0,60,1.0,2.0,3.0
hearnta01,2023,1,TEX,AL,0,0,4,0,0,0,0,21,9,8,1.0,4,7,0.3,10.29,0.0,0.0,0.0,0.0,34.0,2.0,8,0.0,0.0,0.0
hearnta01,2023,2,ATL,NL,0,0,1,0,0,0,0,1,2,4,1.0,2,0,0.667,108.0,0.0,1.0,0.0,0.0,5.0,0.0,4,0.0,0.0,0.0
hearnta01,2023,3,KCA,AL,0,0,8,0,0,0,0,23,12,7,2.0,2,8,0.343,8.22,0.0,0.0,0.0,0.0,37.0,1.0,7,0.0,0.0,0.0
heasljo01,2021,1,KCA,AL,1,1,3,3,0,0,0,44,15,8,3.0,3,6,0.278,4.91,0.0,0.0,2.0,0.0,59.0,0.0,8,0.0,0.0,3.0
heasljo01,2022,1,KCA,AL,4,10,21,21,0,0,0,312,108,61,19.0,47,70,0.267,5.28,0.0,9.0,6.0,0.0,465.0,0.0,67,0.0,8.0,10.0
heasljo01,2023,1,KCA,AL,0,0,12,0,0,0,0,45,17,12,5.0,2,9,0.288,7.2,0.0,1.0,1.0,0.0,63.0,5.0,13,0.0,1.0,1.0
heasljo01,2024,1,BAL,AL,0,1,4,0,0,0,0,16,10,10,2.0,3,4,0.4,16.88,0.0,1.0,1.0,0.0,29.0,2.0,11,0.0,0.0,1.0
hedgeau01,2023,2,TEX,AL,0,0,4,0,0,0,0,11,5,2,1.0,0,1,0.333,4.91,0.0,0.0,1.0,0.0,16.0,4.0,2,0.0,0.0,1.0
hedgeau01,2024,1,CLE,AL,0,0,1,0,0,0,0,6,0,0,0.0,1,0,0.0,0.0,0.0,0.0,0.0,0.0,6.0,1.0,0,0.0,0.0,1.0
hedgeau01,2025,1,CLE,AL,0,0,3,0,0,0,0,9,6,2,0.0,1,1,0.429,6.0,0.0,0.0,0.0,0.0,16.0,3.0,2,0.0,1.0,0.0
heinety01,2020,1,SFN,NL,0,0,1,0,0,0,0,3,1,0,0.0,0,0,0.333,0.0,0.0,0.0,0.0,0.0,3.0,1.0,0,0.0,0.0,0.0
heinety01,2024,2,TOR,AL,0,0,1,0,0,0,0,3,1,0,0.0,0,0,0.25,0.0,0.0,0.0,0.0,0.0,4.0,1.0,0,0.0,0.0,0.0
heinety01,2025,1,TOR,AL,0,0,3,0,0,0,0,10,15,12,1.0,0,0,0.625,32.4,0.0,0.0,2.0,0.0,27.0,2.0,12,0.0,1.0,0.0
hellebe01,2020,1,NYA,AL,0,0,6,0,0,0,0,18,5,2,2.0,2,6,0.217,3.0,0.0,0.0,2.0,0.0,27.0,2.0,2,0.0,0.0,0.0
hellebe01,2023,1,ATL,NL,0,0,19,0,0,0,0,56,16,8,2.0,11,16,0.232,3.86,0.0,4.0,2.0,0.0,82.0,5.0,9,0.0,0.0,4.0
hellebe01,2024,1,PIT,NL,0,1,8,0,0,0,0,36,19,15,1.0,6,15,0.352,11.25,1.0,0.0,6.0,0.0,66.0,2.0,16,0.0,0.0,0.0
helslry01,2020,1,SLN,NL,1,1,12,0,0,0,1,36,8,7,3.0,8,10,0.186,5.25,1.0,0.0,1.0,0.0,52.0,4.0,8,0.0,0.0,1.0
helslry01,2021,1,SLN,NL,6,4,51,0,0,0,1,142,40,24,4.0,27,47,0.227,4.56,2.0,7.0,0.0,0.0,206.0,7.0,24,1.0,2.0,1.0
helslry01,2022,1,SLN,NL,9,1,54,0,0,0,19,194,28,9,6.0,20,94,0.128,1.25,1.0,1.0,0.0,0.0,239.0,33.0,11,0.0,0.0,3.0
helslry01,2023,1,SLN,NL,3,4,33,0,0,0,14,110,22,10,1.0,17,52,0.176,2.45,1.0,3.0,1.0,1.0,146.0,25.0,11,0.0,3.0,2.0
helslry01,2024,1,SLN,NL,7,4,65,0,0,0,49,199,50,15,3.0,23,79,0.21,2.04,3.0,1.0,0.0,0.0,266.0,62.0,19,1.0,4.0,5.0
helslry01,2025,1,SLN,NL,3,1,36,0,0,0,21,108,36,12,4.0,14,41,0.259,3.0,2.0,4.0,1.0,0.0,157.0,29.0,12,1.0,2.0,1.0
helslry01,2025,2,NYN,NL,0,3,22,0,0,0,0,60,25,16,4.0,11,22,0.301,7.2,1.0,3.0,0.0,0.0,95.0,7.0,20,0.0,1.0,0.0
hembrhe01,2020,1,BOS,AL,2,0,11,0,0,0,0,29,9,6,2.0,3,10,0.243,5.59,0.0,0.0,0.0,0.0,40.0,1.0,6,0.0,0.0,1.0
hembrhe01,2020,2,PHI,NL,1,0,11,0,0,0,0,28,17,13,7.0,5,10,0.405,12.54,0.0,0.0,2.0,0.0,50.0,1.0,13,0.0,1.0,1.0
hembrhe01,2021,1,NYN,NL,0,0,15,0,0,0,1,47,13,6,2.0,5,15,,3.45,1.0,1.0,0.0,0.0,64.0,5.0,6,0.0,0.0,
hembrhe01,2021,2,CIN,NL,2,7,45,0,0,0,8,127,32,30,10.0,19,68,,6.38,0.0,1.0,2.0,0.0,179.0,16.0,33,0.0,0.0,
hembrhe01,2022,1,PIT,NL,2,0,20,0,0,0,0,49,17,13,5.0,14,12,0.274,7.16,1.0,1.0,0.0,0.0,78.0,3.0,13,0.0,2.0,0.0
hembrhe01,2022,2,LAN,NL,1,1,6,0,0,0,0,17,9,5,1.0,3,5,0.36,7.94,1.0,0.0,0.0,0.0,29.0,3.0,6,0.0,1.0,0.0
hembrhe01,2023,1,TBA,AL,0,0,1,0,0,0,0,4,0,0,0.0,1,2,0.0,0.0,0.0,0.0,0.0,0.0,4.0,0.0,0,0.0,0.0,1.0
hendelo01,2025,1,MIL,NL,3,0,5,5,0,0,0,76,17,5,3.0,8,33,0.187,1.78,0.0,0.0,0.0,0.0,99.0,0.0,5,0.0,0.0,1.0
hendrky01,2020,1,CHN,NL,6,5,12,12,1,1,0,244,73,26,10.0,8,64,0.24,2.88,1.0,1.0,1.0,0.0,315.0,0.0,26,0.0,2.0,7.0
hendrky01,2021,1,CHN,NL,14,7,32,32,1,0,0,543,200,96,31.0,44,131,0.278,4.77,3.0,2.0,13.0,0.0,785.0,0.0,101,6.0,3.0,16.0
hendrky01,2022,1,CHN,NL,4,6,16,16,0,0,0,253,85,45,15.0,24,66,0.26,4.8,0.0,0.0,3.0,0.0,356.0,0.0,45,1.0,0.0,6.0
hendrky01,2023,1,CHN,NL,6,8,24,24,0,0,0,411,138,57,13.0,27,93,0.255,3.74,0.0,0.0,4.0,0.0,578.0,0.0,68,1.0,4.0,2.0
hendrky01,2024,1,CHN,NL,4,12,29,24,0,0,0,392,147,86,21.0,43,87,0.286,5.92,0.0,0.0,3.0,0.0,567.0,4.0,88,0.0,7.0,6.0
hendrky01,2025,1,LAA,AL,8,10,31,31,0,0,0,494,167,87,25.0,43,114,0.262,4.76,3.0,0.0,5.0,0.0,695.0,0.0,92,3.0,6.0,16.0
hendrli01,2020,1,OAK,AL,3,1,24,0,0,0,14,76,14,5,1.0,3,37,0.161,1.78,1.0,0.0,0.0,0.0,92.0,20.0,6,1.0,1.0,0.0
hendrli01,2021,1,CHA,AL,8,3,69,0,0,0,38,213,45,20,11.0,7,113,0.174,2.54,1.0,6.0,1.0,0.0,267.0,58.0,23,0.0,0.0,2.0
hendrli01,2022,1,CHA,AL,4,4,58,0,0,0,37,173,44,18,7.0,16,85,0.21,2.81,1.0,8.0,2.0,0.0,235.0,51.0,22,3.0,4.0,1.0
hendrli01,2023,1,CHA,AL,2,0,5,0,0,0,1,15,4,3,1.0,1,3,0.222,5.4,0.0,0.0,0.0,0.0,20.0,3.0,3,0.0,1.0,0.0
hendrli01,2025,1,BOS,AL,0,2,14,0,0,0,0,41,12,10,2.0,7,12,0.235,6.59,0.0,0.0,1.0,0.0,59.0,6.0,11,0.0,0.0,2.0
hendrry01,2021,1,CIN,NL,5,1,36,0,0,0,0,95,33,21,8.0,16,35,0.268,5.97,2.0,6.0,1.0,0.0,142.0,9.0,23,0.0,2.0,2.0
hendrry01,2022,1,CIN,NL,0,0,9,0,0,0,0,25,9,5,0.0,6,9,0.3,5.4,1.0,3.0,2.0,0.0,38.0,7.0,5,0.0,0.0,2.0
henlebl01,2024,1,HOU,AL,0,0,1,1,0,0,0,1,4,5,0.0,3,0,0.8,135.0,0.0,0.0,1.0,0.0,9.0,0.0,5,0.0,0.0,0.0
henried01,2024,1,LAN,NL,0,0,3,0,0,0,1,10,2,1,0.0,2,5,0.167,2.7,0.0,1.0,0.0,0.0,14.0,1.0,1,0.0,0.0,0.0
henried01,2025,1,LAN,NL,2,1,22,0,0,0,1,57,17,5,2.0,5,18,0.236,2.37,0.0,2.0,0.0,0.0,78.0,3.0,5,0.0,1.0,0.0
henriro01,2022,1,MIN,AL,0,1,3,0,0,0,0,35,8,3,1.0,3,9,0.178,2.31,0.0,0.0,2.0,0.0,50.0,1.0,4,0.0,0.0,0.0
henriro01,2024,1,MIN,AL,1,1,16,1,0,0,0,58,20,7,2.0,5,15,0.267,3.26,1.0,1.0,2.0,0.0,82.0,6.0,8,0.0,0.0,0.0
henriro01,2025,1,MIA,NL,7,1,69,0,0,0,7,219,53,18,8.0,27,98,0.199,2.22,2.0,2.0,4.0,2.0,303.0,9.0,23,1.0,4.0,1.0
henryco01,2025,1,WAS,NL,1,2,57,0,0,0,2,158,43,25,7.0,32,52,0.219,4.27,1.0,2.0,11.0,1.0,241.0,13.0,27,1.0,1.0,3.0
henryto01,2022,1,ARI,NL,3,4,9,9,0,0,0,141,47,28,10.0,21,36,0.263,5.36,1.0,3.0,3.0,0.0,205.0,0.0,28,1.0,1.0,5.0
henryto01,2023,1,ARI,NL,5,4,17,16,0,0,0,267,86,41,12.0,35,64,0.251,4.15,2.0,1.0,4.0,0.0,381.0,0.0,42,0.0,0.0,5.0
henryto01,2024,1,ARI,NL,2,3,9,7,0,0,0,115,49,30,9.0,18,30,0.312,7.04,0.0,0.0,4.0,0.0,182.0,1.0,31,1.0,2.0,5.0
henryto01,2025,1,ARI,NL,0,0,2,0,0,0,0,20,6,3,3.0,1,8,0.261,4.05,0.0,0.0,1.0,0.0,26.0,1.0,3,1.0,0.0,1.0
henslda01,2024,1,MIA,NL,0,0,1,0,0,0,0,6,2,2,0.0,1,0,0.333,9.0,0.0,0.0,1.0,0.0,10.0,1.0,2,0.0,2.0,1.0
hentgsa01,2021,1,CLE,AL,1,4,30,12,0,0,0,206,90,51,10.0,32,68,0.318,6.68,0.0,11.0,0.0,0.0,318.0,6.0,54,1.0,2.0,9.0
hentgsa01,2022,1,CLE,AL,3,2,57,0,0,0,1,186,41,16,3.0,19,72,0.186,2.32,1.0,3.0,3.0,0.0,245.0,15.0,17,1.0,1.0,5.0
hentgsa01,2023,1,CLE,AL,3,2,56,0,0,0,0,157,53,21,2.0,18,56,0.26,3.61,0.0,3.0,0.0,0.0,223.0,9.0,24,0.0,1.0,7.0
hentgsa01,2024,1,CLE,AL,0,0,25,0,0,0,0,71,18,8,3.0,5,27,0.209,3.04,0.0,0.0,0.0,0.0,91.0,4.0,8,0.0,0.0,4.0
hergeji01,2020,1,TEX,AL,1,0,20,1,0,0,0,59,13,7,2.0,14,17,0.188,3.2,1.0,0.0,2.0,0.0,87.0,6.0,7,1.0,1.0,1.0
hergeji01,2021,1,TEX,AL,0,1,4,0,0,0,0,12,5,4,1.0,0,2,0.294,9.0,0.0,0.0,1.0,0.0,18.0,1.0,5,0.0,0.0,0.0
hergeji01,2021,2,LAA,AL,2,2,14,0,0,0,0,44,15,7,0.0,4,18,0.283,4.3,1.0,0.0,2.0,1.0,60.0,2.0,7,0.0,1.0,3.0
hergeji01,2022,1,LAA,AL,2,1,49,1,0,0,9,207,48,19,4.0,15,63,0.196,2.48,3.0,0.0,3.0,0.0,266.0,13.0,20,2.0,1.0,5.0
hergeji01,2023,1,LAA,AL,2,4,29,1,0,0,0,87,33,15,7.0,8,26,0.282,4.66,3.0,0.0,2.0,0.0,127.0,6.0,15,0.0,0.0,2.0
hergeji01,2024,1,ATL,NL,0,1,8,0,0,0,0,37,13,6,2.0,3,15,0.265,4.38,0.0,0.0,0.0,0.0,52.0,7.0,6,0.0,0.0,1.0
hergeji01,2025,1,COL,NL,1,2,59,0,0,0,0,250,72,23,6.0,26,81,0.233,2.48,1.0,2.0,7.0,2.0,347.0,9.0,24,1.0,4.0,6.0
hergeke01,2022,1,TBA,AL,0,1,3,0,0,0,0,21,9,6,0.0,0,4,0.321,7.71,0.0,0.0,0.0,0.0,30.0,3.0,6,0.0,2.0,0.0
hergeke01,2023,1,CIN,NL,1,2,14,0,0,0,1,73,26,14,4.0,6,13,0.268,5.18,1.0,1.0,2.0,1.0,105.0,7.0,14,0.0,0.0,1.0
hergeke01,2024,1,MIL,NL,0,0,7,0,0,0,1,34,6,2,1.0,3,9,0.15,1.59,0.0,0.0,0.0,0.0,43.0,5.0,2,0.0,0.0,0.0
hergeke01,2025,1,NYN,NL,0,0,6,0,0,0,0,36,11,4,0.0,3,6,0.239,3.0,0.0,2.0,0.0,0.0,50.0,4.0,5,0.0,1.0,1.0
hergeke01,2025,2,ATL,NL,0,0,1,0,0,0,0,3,1,0,0.0,2,0,0.25,0.0,0.0,1.0,0.0,0.0,6.0,1.0,0,0.0,0.0,0.0
hernaca04,2020,1,KCA,AL,0,1,5,3,0,0,0,44,19,8,4.0,6,13,0.317,4.91,0.0,0.0,1.0,0.0,67.0,0.0,9,0.0,0.0,2.0
hernaca04,2021,1,KCA,AL,6,2,24,11,0,0,0,257,69,35,7.0,41,74,0.223,3.68,1.0,6.0,4.0,1.0,358.0,1.0,36,0.0,3.0,9.0
hernaca04,2022,1,KCA,AL,0,5,27,7,0,0,0,168,72,46,7.0,31,35,0.314,7.39,1.0,3.0,1.0,0.0,266.0,4.0,48,0.0,5.0,4.0
hernaca04,2023,1,KCA,AL,1,10,67,4,0,0,4,210,62,41,10.0,31,77,0.233,5.27,1.0,5.0,1.0,2.0,300.0,15.0,43,0.0,2.0,5.0
hernaca04,2024,1,KCA,AL,0,1,27,0,0,0,0,90,24,11,1.0,16,27,0.22,3.3,0.0,1.0,1.0,0.0,129.0,10.0,14,0.0,3.0,1.0
hernaca04,2025,1,PHI,NL,1,0,25,0,0,0,0,77,32,15,4.0,13,23,0.302,5.26,1.0,1.0,2.0,0.0,123.0,12.0,16,1.0,1.0,1.0
hernaca04,2025,2,DET,AL,0,0,11,0,0,0,0,32,14,12,0.0,6,13,0.311,10.13,0.0,4.0,0.0,0.0,53.0,4.0,13,1.0,1.0,0.0
hernaca04,2025,3,CLE,AL,0,0,5,0,0,0,0,21,4,3,0.0,3,3,0.167,3.86,0.0,1.0,0.0,0.0,27.0,4.0,3,0.0,0.0,0.0
hernada02,2020,1,BOS,AL,1,0,7,0,0,0,0,25,5,2,0.0,8,13,0.161,2.16,0.0,1.0,1.0,0.0,40.0,0.0,2,0.0,0.0,0.0
hernada02,2021,1,BOS,AL,2,2,48,0,0,0,0,120,29,15,5.0,31,54,0.203,3.38,0.0,3.0,5.0,0.0,182.0,5.0,17,1.0,2.0,1.0
hernada02,2022,1,BOS,AL,0,1,7,0,0,0,0,20,14,16,4.0,8,9,0.424,21.6,0.0,0.0,2.0,0.0,43.0,2.0,17,0.0,0.0,1.0
hernada03,2023,1,ATL,NL,1,0,4,0,0,0,0,11,6,3,1.0,3,6,0.353,7.36,0.0,0.0,0.0,0.0,20.0,2.0,3,0.0,0.0,0.0
hernada03,2024,1,ATL,NL,3,0,16,0,0,0,0,54,10,5,0.0,10,26,0.159,2.5,1.0,1.0,1.0,0.0,74.0,6.0,6,0.0,0.0,1.0
hernada03,2025,1,ATL,NL,4,3,39,0,0,0,0,111,27,14,3.0,30,33,0.206,3.41,1.0,2.0,2.0,0.0,164.0,6.0,16,1.0,0.0,5.0
hernael01,2020,1,MIA,NL,1,0,6,6,0,0,0,77,21,9,5.0,5,34,0.212,3.16,0.0,0.0,2.0,0.0,106.0,0.0,10,0.0,0.0,0.0
hernael01,2021,1,MIA,NL,1,3,11,11,0,0,0,155,54,24,13.0,14,53,0.265,4.18,2.0,1.0,3.0,0.0,225.0,0.0,26,2.0,2.0,1.0
hernael01,2022,1,MIA,NL,3,6,20,10,0,0,0,187,67,44,19.0,22,60,0.269,6.35,1.0,1.0,4.0,0.0,278.0,4.0,48,0.0,3.0,0.0
hernael01,2024,1,LAN,NL,0,1,5,1,0,0,0,29,9,9,5.0,3,6,0.231,8.38,0.0,0.0,0.0,0.0,42.0,1.0,9,0.0,0.0,0.0
hernael01,2024,2,MIL,NL,0,0,4,0,0,0,0,18,5,2,0.0,2,2,0.25,3.0,0.0,2.0,0.0,0.0,22.0,2.0,2,0.0,0.0,1.0
hernaen02,2024,1,LAN,NL,0,0,4,0,0,0,0,13,5,2,0.0,0,0,0.278,4.15,0.0,0.0,0.0,0.0,18.0,4.0,2,0.0,0.0,0.0
hernaen02,2025,1,LAN,NL,0,0,5,0,0,0,0,16,11,9,1.0,8,1,0.393,15.19,0.0,1.0,0.0,0.0,37.0,3.0,11,0.0,1.0,0.0
hernajo02,2020,1,TEX,AL,5,1,27,0,0,0,0,93,24,10,2.0,8,31,0.218,2.9,0.0,0.0,4.0,0.0,125.0,5.0,10,1.0,2.0,4.0
hernajo02,2022,1,TEX,AL,2,3,29,0,0,0,4,91,26,10,2.0,17,27,0.232,2.97,3.0,5.0,1.0,1.0,131.0,16.0,14,1.0,0.0,3.0
hernajo02,2023,1,TEX,AL,1,2,33,0,0,0,0,95,35,19,4.0,15,34,0.28,5.4,1.0,2.0,4.0,0.0,147.0,8.0,20,1.0,2.0,1.0
hernajo02,2024,1,TEX,AL,3,1,26,1,0,0,0,123,39,23,6.0,26,36,0.258,5.05,1.0,2.0,1.0,0.0,181.0,8.0,25,1.0,2.0,6.0
hernajo02,2024,2,SEA,AL,0,0,3,0,0,0,0,7,2,3,0.0,2,3,0.222,11.57,0.0,0.0,0.0,0.0,11.0,2.0,3,0.0,0.0,0.0
hernajo03,2023,1,PIT,NL,1,3,50,0,0,0,0,152,47,28,9.0,22,62,0.239,4.97,3.0,5.0,1.0,2.0,223.0,12.0,30,2.0,1.0,0.0
hernajo03,2024,1,PIT,NL,1,1,7,0,0,0,1,16,5,2,1.0,4,4,0.238,3.38,1.0,1.0,0.0,1.0,25.0,2.0,2,0.0,0.0,0.0
hernani01,2023,1,SDN,NL,0,0,2,0,0,0,0,9,3,4,1.0,4,5,0.25,12.0,0.0,0.0,2.0,0.0,18.0,0.0,4,0.0,0.0,0.0
hernani01,2024,1,HOU,AL,0,0,5,0,0,0,0,24,10,7,4.0,1,10,0.303,7.88,0.0,0.0,0.0,0.0,34.0,2.0,7,0.0,0.0,0.0
hernani01,2025,1,HOU,AL,0,0,10,0,0,0,0,32,12,6,3.0,8,11,0.273,5.06,0.0,0.0,0.0,0.0,52.0,6.0,6,0.0,0.0,0.0
hernayo02,2023,1,LAN,NL,0,0,1,0,0,0,0,3,1,0,0.0,0,0,0.25,0.0,0.0,0.0,0.0,0.0,4.0,1.0,0,0.0,0.0,0.0
herrejo04,2023,1,ARI,NL,0,0,2,0,0,0,0,6,4,2,0.0,0,0,0.4,9.0,0.0,0.0,0.0,0.0,10.0,2.0,2,0.0,0.0,0.0
herrejo04,2025,1,ARI,NL,0,0,2,0,0,0,0,6,4,1,0.0,0,0,0.4,4.5,0.0,0.0,0.0,0.0,10.0,2.0,1,0.0,0.0,0.0
herreke01,2020,1,CHA,AL,0,0,2,0,0,0,0,7,3,4,2.0,1,3,0.3,15.43,0.0,0.0,0.0,0.0,11.0,1.0,4,0.0,0.0,0.0
herriti01,2023,1,CLE,AL,1,1,23,0,0,0,0,83,29,17,3.0,12,32,0.279,5.53,0.0,2.0,2.0,0.0,121.0,6.0,18,2.0,1.0,4.0
herriti01,2024,1,CLE,AL,5,1,75,0,0,0,0,197,39,14,2.0,25,68,0.173,1.92,1.0,3.0,5.0,1.0,257.0,6.0,17,1.0,1.0,7.0
herriti01,2025,1,CLE,AL,5,4,54,0,0,0,0,128,37,23,5.0,30,45,0.239,4.85,2.0,2.0,6.0,0.0,194.0,4.0,23,0.0,3.0,6.0
herzdj01,2024,1,WAS,NL,4,9,19,19,0,0,0,266,76,41,11.0,36,106,0.223,4.16,0.0,5.0,3.0,1.0,382.0,0.0,45,1.0,1.0,3.0
hessda01,2020,1,BAL,AL,0,0,3,0,0,0,0,21,10,5,1.0,2,1,0.333,6.43,0.0,0.0,0.0,0.0,32.0,3.0,5,0.0,0.0,1.0
hessda01,2021,1,MIA,NL,2,2,14,1,0,0,0,54,24,16,7.0,10,16,0.324,8.0,1.0,0.0,1.0,0.0,87.0,3.0,18,0.0,2.0,2.0
hessda01,2021,2,TBA,AL,0,0,1,0,0,0,0,6,8,6,3.0,1,2,0.571,27.0,0.0,0.0,0.0,0.0,15.0,1.0,6,0.0,0.0,0.0
heuerco01,2020,1,CHA,AL,3,0,21,0,0,0,1,71,12,4,1.0,9,25,0.145,1.52,0.0,0.0,0.0,0.0,92.0,4.0,4,0.0,0.0,1.0
heuerco01,2021,1,CHA,AL,4,1,40,0,0,0,0,116,45,22,5.0,10,39,0.296,5.12,0.0,3.0,1.0,0.0,166.0,2.0,22,2.0,1.0,3.0
heuerco01,2021,2,CHN,NL,3,3,25,0,0,0,2,86,20,10,2.0,13,17,0.206,3.14,3.0,3.0,1.0,0.0,115.0,9.0,12,2.0,2.0,6.0
heuerco01,2025,1,TEX,AL,0,0,1,0,0,0,0,4,1,1,1.0,0,1,0.2,6.75,0.0,0.0,0.0,0.0,5.0,1.0,1,0.0,0.0,0.0
heuerco01,2025,2,DET,AL,0,0,2,0,0,0,0,10,3,2,2.0,2,4,0.214,5.4,0.0,1.0,0.0,0.0,16.0,1.0,2,0.0,0.0,0.0
hicksaa01,2024,1,LAA,AL,0,0,1,0,0,0,0,3,2,2,1.0,1,0,0.4,18.0,0.0,0.0,0.0,0.0,6.0,1.0,2,0.0,0.0,0.0
hicksjo03,2021,1,SLN,NL,0,0,10,0,0,0,0,30,5,6,0.0,10,10,0.147,5.4,0.0,3.0,0.0,0.0,44.0,1.0,6,0.0,0.0,0.0
hicksjo03,2022,1,SLN,NL,3,6,35,8,0,0,0,184,46,33,5.0,35,63,0.21,4.84,0.0,5.0,7.0,0.0,263.0,2.0,33,0.0,2.0,9.0
hicksjo03,2023,1,SLN,NL,1,6,40,0,0,0,8,125,39,17,2.0,24,59,0.244,3.67,0.0,7.0,3.0,0.0,189.0,16.0,21,0.0,2.0,3.0
hicksjo03,2023,2,TOR,AL,2,3,25,0,0,0,4,72,18,7,2.0,8,22,0.207,2.63,1.0,1.0,1.0,0.0,96.0,10.0,9,0.0,0.0,3.0
hicksjo03,2024,1,SFN,NL,4,7,29,20,0,0,1,329,112,50,12.0,47,96,0.265,4.1,0.0,7.0,9.0,2.0,481.0,2.0,54,0.0,2.0,15.0
hicksjo03,2025,1,SFN,NL,1,5,13,9,0,0,0,146,55,35,3.0,20,43,0.288,6.47,0.0,4.0,4.0,0.0,217.0,2.0,36,1.0,1.0,4.0
hicksjo03,2025,2,BOS,AL,1,2,21,0,0,0,2,56,25,17,3.0,12,15,0.316,8.2,1.0,6.0,4.0,0.0,97.0,8.0,20,2.0,0.0,2.0
hildetr01,2021,1,NYN,NL,0,0,2,0,0,0,0,7,3,4,1.0,3,4,0.3,15.43,0.0,1.0,1.0,0.0,14.0,1.0,4,0.0,0.0,0.0
hillca02,2020,1,CLE,AL,2,0,18,0,0,0,1,55,11,10,4.0,5,16,0.175,4.91,1.0,0.0,2.0,0.0,72.0,5.0,11,0.0,2.0,1.0
hillga02,2022,1,DET,AL,3,3,17,8,0,0,0,181,53,27,8.0,29,40,0.231,4.03,0.0,2.0,4.0,0.0,263.0,1.0,29,0.0,1.0,4.0
hillga02,2023,1,DET,AL,0,0,9,0,0,0,1,47,19,16,4.0,14,14,0.302,9.19,0.0,1.0,1.0,0.0,80.0,3.0,20,0.0,1.0,3.0
hillja01,2024,1,COL,NL,0,0,9,0,0,0,0,32,8,6,2.0,4,6,0.216,5.06,0.0,1.0,2.0,0.0,45.0,2.0,7,0.0,2.0,1.0
hillja01,2025,1,COL,NL,1,1,28,0,0,0,0,88,27,11,2.0,12,31,0.243,3.38,0.0,3.0,3.0,0.0,129.0,7.0,14,0.0,3.0,2.0
hillri01,2020,1,MIN,AL,2,2,8,8,0,0,0,116,28,13,3.0,17,31,0.204,3.03,0.0,1.0,1.0,0.0,156.0,0.0,13,0.0,1.0,3.0
hillri01,2021,1,TBA,AL,6,4,19,19,0,0,0,286,75,41,14.0,36,91,0.22,3.87,0.0,3.0,8.0,1.0,389.0,0.0,41,1.0,3.0,10.0
hillri01,2021,2,NYN,NL,1,4,13,12,0,0,0,190,62,27,7.0,19,59,0.257,3.84,0.0,0.0,8.0,0.0,272.0,0.0,29,2.0,2.0,3.0
hillri01,2022,1,BOS,AL,8,7,26,26,0,0,0,373,125,59,15.0,37,109,0.258,4.27,0.0,0.0,4.0,2.0,526.0,0.0,67,0.0,1.0,9.0
hillri01,2023,1,PIT,NL,7,10,22,22,0,0,0,357,129,63,15.0,47,104,0.272,4.76,0.0,1.0,4.0,1.0,530.0,0.0,70,2.0,1.0,8.0
hillri01,2023,2,SDN,NL,1,4,10,5,0,0,0,82,36,25,8.0,11,25,0.319,8.23,0.0,1.0,3.0,0.0,130.0,3.0,28,0.0,3.0,3.0
hillri01,2024,1,BOS,AL,0,1,4,0,0,0,0,11,1,2,1.0,3,5,0.1,4.91,0.0,0.0,1.0,0.0,15.0,1.0,2,0.0,1.0,0.0
hillri01,2025,1,KCA,AL,0,2,2,2,0,0,0,27,9,5,2.0,8,4,0.257,5.0,0.0,0.0,0.0,0.0,43.0,0.0,7,0.0,0.0,0.0
hillti01,2020,1,SDN,NL,3,0,23,0,0,0,0,54,17,9,3.0,6,20,0.239,4.5,1.0,1.0,2.0,1.0,79.0,3.0,9,0.0,0.0,1.0
hillti01,2021,1,SDN,NL,6,6,78,0,0,0,1,179,51,24,9.0,23,56,0.23,3.62,5.0,1.0,6.0,0.0,255.0,10.0,34,2.0,2.0,7.0
hillti01,2022,1,SDN,NL,3,0,55,0,0,0,0,144,45,19,1.0,14,25,0.251,3.56,1.0,1.0,4.0,0.0,199.0,21.0,20,0.0,2.0,7.0
hillti01,2023,1,SDN,NL,1,4,48,0,0,0,0,133,59,27,7.0,14,26,0.331,5.48,0.0,0.0,6.0,0.0,202.0,7.0,36,2.0,2.0,9.0
hillti01,2024,1,CHA,AL,1,0,27,0,0,0,0,69,41,15,0.0,10,13,0.387,5.87,1.0,0.0,1.0,0.0,118.0,9.0,19,0.0,1.0,3.0
hillti01,2024,2,NYA,AL,3,0,35,0,0,0,0,132,36,10,2.0,9,18,0.225,2.05,1.0,0.0,1.0,0.0,173.0,6.0,13,1.0,2.0,5.0
hillti01,2025,1,NYA,AL,4,4,70,0,0,0,0,201,58,23,8.0,16,37,0.23,3.09,3.0,1.0,0.0,0.0,269.0,18.0,27,0.0,1.0,8.0
hiralya01,2025,1,BAL,AL,0,0,18,0,0,0,0,59,17,10,4.0,9,21,0.23,4.58,0.0,2.0,0.0,0.0,84.0,6.0,13,1.0,0.0,1.0
hiranyo01,2020,1,SEA,AL,0,1,13,0,0,0,4,37,18,8,2.0,8,11,0.34,5.84,0.0,0.0,1.0,0.0,63.0,9.0,9,0.0,1.0,1.0
hjellse01,2022,1,SFN,NL,1,2,8,0,0,0,0,75,33,16,3.0,8,28,0.311,5.76,0.0,1.0,1.0,0.0,115.0,0.0,19,0.0,0.0,5.0
hjellse01,2023,1,SFN,NL,2,1,15,0,0,0,0,87,38,21,3.0,13,31,0.317,6.52,1.0,5.0,4.0,0.0,139.0,7.0,25,1.0,1.0,2.0
hjellse01,2024,1,SFN,NL,3,4,58,0,0,0,0,242,84,35,10.0,14,75,0.268,3.9,2.0,0.0,5.0,0.0,337.0,12.0,37,3.0,1.0,9.0
hjellse01,2025,1,SFN,NL,1,1,12,1,0,0,0,45,21,13,2.0,9,11,0.339,7.8,2.0,0.0,0.0,0.0,73.0,2.0,13,1.0,1.0,1.0
hodgepo01,2024,1,CHN,NL,3,1,39,0,0,0,9,129,19,9,2.0,19,52,0.132,1.88,0.0,1.0,1.0,0.0,164.0,17.0,10,0.0,0.0,1.0
hodgepo01,2025,1,CHN,NL,2,2,36,0,0,0,2,99,34,23,9.0,18,40,0.268,6.27,1.0,5.0,0.0,1.0,147.0,10.0,24,0.0,2.0,4.0
hoeinbr01,2022,1,MIA,NL,1,1,8,1,0,0,0,38,19,17,5.0,5,6,0.352,12.08,0.0,1.0,0.0,0.0,61.0,0.0,17,1.0,1.0,1.0
hoeinbr01,2023,1,MIA,NL,2,3,33,7,0,0,0,212,71,43,13.0,25,53,0.259,5.48,2.0,1.0,2.0,0.0,304.0,11.0,45,0.0,3.0,5.0
hoeinbr01,2024,1,MIA,NL,1,2,16,2,0,0,0,90,29,9,2.0,9,25,0.252,2.7,0.0,4.0,0.0,0.0,124.0,2.0,10,0.0,0.0,2.0
hoeinbr01,2024,2,SDN,NL,1,1,18,0,0,0,0,71,14,4,2.0,5,18,0.173,1.52,1.0,4.0,0.0,0.0,86.0,1.0,5,0.0,0.0,3.0
hoeinbr01,2025,1,SDN,NL,1,0,7,0,0,0,0,24,9,3,0.0,3,5,0.281,3.38,0.0,1.0,0.0,0.0,36.0,0.0,3,0.0,1.0,1.0
hoffman01,2025,1,KCA,AL,0,0,3,0,0,0,0,14,7,2,1.0,4,5,0.318,3.86,0.0,1.0,0.0,0.0,26.0,2.0,6,0.0,0.0,1.0
hoffman01,2025,2,ARI,NL,1,1,8,0,0,0,0,22,7,6,1.0,6,7,0.241,7.36,0.0,0.0,0.0,0.0,35.0,2.0,6,0.0,0.0,0.0
hoffmje02,2020,1,COL,NL,2,1,16,0,0,0,1,64,32,22,3.0,9,20,0.352,9.28,1.0,4.0,2.0,0.0,104.0,5.0,23,0.0,2.0,4.0
hoffmje02,2021,1,CIN,NL,3,5,31,11,0,0,0,219,70,37,12.0,45,79,0.248,4.56,2.0,9.0,5.0,0.0,335.0,7.0,41,1.0,2.0,7.0
hoffmje02,2022,1,CIN,NL,2,0,35,1,0,0,0,134,40,19,5.0,23,45,0.235,3.83,1.0,3.0,3.0,0.0,197.0,7.0,22,0.0,1.0,0.0
hoffmje02,2023,1,PHI,NL,5,2,54,0,0,0,1,157,29,14,3.0,19,69,0.158,2.41,1.0,4.0,2.0,0.0,208.0,13.0,16,3.0,1.0,2.0
hoffmje02,2024,1,PHI,NL,3,3,68,0,0,0,10,199,48,16,6.0,16,89,0.197,2.17,1.0,5.0,3.0,0.0,265.0,21.0,20,0.0,2.0,3.0
hoffmje02,2025,1,TOR,AL,9,7,71,0,0,0,33,204,54,33,15.0,27,84,0.213,4.37,1.0,2.0,4.0,0.0,287.0,59.0,34,2.0,1.0,1.0
hoffmno01,2025,1,PHI,NL,0,0,1,0,0,0,0,3,3,3,0.0,1,2,0.5,27.0,0.0,1.0,0.0,0.0,7.0,1.0,3,0.0,0.0,0.0
hoglugu01,2025,1,ATH,AL,1,3,6,6,0,0,0,97,38,23,10.0,11,23,0.299,6.4,0.0,1.0,0.0,0.0,139.0,0.0,23,0.0,1.0,4.0
holadbr01,2020,1,BAL,AL,0,0,1,0,0,0,0,1,2,0,0.0,0,0,0.667,0.0,0.0,1.0,0.0,0.0,3.0,1.0,0,0.0,0.0,0.0
holadbr01,2021,1,ARI,NL,0,0,1,0,0,0,0,3,1,1,1.0,1,0,0.333,9.0,0.0,0.0,1.0,0.0,5.0,1.0,1,0.0,0.0,1.0
holdeco01,2022,1,NYN,NL,4,0,15,0,0,0,0,53,11,4,0.0,7,18,0.186,2.04,0.0,0.0,0.0,0.0,67.0,5.0,6,0.0,1.0,3.0
holdeco01,2022,2,PIT,NL,1,0,9,0,0,0,0,32,9,8,0.0,7,6,0.237,6.75,1.0,0.0,4.0,0.0,51.0,1.0,8,1.0,1.0,2.0
holdeco01,2023,1,PIT,NL,0,3,58,0,0,0,2,168,55,24,4.0,20,58,0.256,3.86,2.0,3.0,2.0,0.0,240.0,8.0,25,1.0,2.0,3.0
holdeco01,2024,1,PIT,NL,3,6,55,0,0,0,0,154,42,18,6.0,25,56,0.223,3.16,0.0,2.0,5.0,0.0,223.0,5.0,23,1.0,4.0,2.0
holdeco01,2025,1,PIT,NL,0,2,24,0,0,0,1,77,34,20,4.0,16,18,0.327,7.01,1.0,3.0,2.0,0.0,125.0,6.0,21,1.0,2.0,5.0
holdejo02,2020,1,NYA,AL,3,0,18,0,0,0,0,65,25,12,3.0,11,14,0.281,4.98,1.0,1.0,0.0,0.0,101.0,4.0,13,0.0,1.0,1.0
hollade01,2020,1,PIT,NL,1,3,12,5,0,0,0,122,42,31,12.0,15,45,0.261,6.86,0.0,2.0,3.0,1.0,179.0,3.0,33,0.0,0.0,4.0
hollade01,2021,1,DET,AL,3,2,39,1,0,0,0,149,58,28,6.0,20,51,0.287,5.07,1.0,2.0,1.0,0.0,225.0,12.0,29,0.0,2.0,3.0
hollagr01,2020,1,KCA,AL,3,0,28,0,0,0,6,85,20,6,1.0,7,31,0.2,1.91,1.0,1.0,3.0,0.0,112.0,9.0,8,1.0,1.0,3.0
hollagr01,2021,1,KCA,AL,3,5,57,0,0,0,8,167,49,30,9.0,26,53,0.229,4.85,2.0,6.0,1.0,1.0,243.0,24.0,32,1.0,1.0,2.0
hollagr01,2022,1,TEX,AL,0,1,5,0,0,0,0,14,6,4,3.0,1,5,0.333,7.71,0.0,0.0,0.0,0.0,20.0,2.0,5,0.0,1.0,0.0
holloga01,2022,1,COL,NL,0,2,6,0,0,0,0,21,7,6,1.0,4,8,0.259,7.71,0.0,0.0,0.0,0.0,32.0,3.0,7,0.0,1.0,0.0
holloga01,2023,1,COL,NL,2,0,26,0,0,0,1,101,31,22,8.0,18,32,0.238,5.88,1.0,0.0,6.0,0.0,154.0,7.0,23,0.0,0.0,2.0
holloga01,2024,1,CHN,NL,0,0,1,0,0,0,0,4,2,0,0.0,0,1,0.4,0.0,0.0,0.0,0.0,0.0,6.0,1.0,0,1.0,0.0,0.0
holloga01,2025,1,CHN,NL,0,0,7,0,0,0,0,28,9,5,1.0,7,10,0.25,4.82,0.0,1.0,0.0,0.0,43.0,4.0,5,0.0,0.0,1.0
hollojo01,2020,1,MIA,NL,0,0,1,0,0,0,0,1,2,0,0.0,1,0,0.667,0.0,0.0,0.0,0.0,0.0,4.0,0.0,0,0.0,0.0,0.0
hollojo01,2021,1,MIA,NL,2,3,13,4,0,0,0,108,23,16,3.0,26,36,0.177,4.0,0.0,2.0,0.0,0.0,158.0,2.0,19,0.0,2.0,1.0
hollojo01,2022,1,MIA,NL,0,0,1,0,0,0,0,8,3,1,0.0,1,2,0.3,3.38,0.0,0.0,0.0,0.0,11.0,0.0,1,0.0,0.0,1.0
holmagr01,2024,1,OAK,AL,1,1,18,0,0,0,0,47,17,7,1.0,9,16,0.27,4.02,1.0,1.0,1.0,0.0,73.0,5.0,8,0.0,0.0,1.0
holmagr01,2025,1,ATH,AL,4,2,22,2,0,0,0,69,26,13,3.0,9,17,0.28,5.09,0.0,1.0,1.0,0.0,103.0,7.0,14,0.0,0.0,2.0
holmecl01,2020,1,PIT,NL,0,0,1,0,0,0,0,4,2,0,0.0,0,1,0.333,0.0,0.0,0.0,0.0,0.0,6.0,0.0,0,0.0,0.0,0.0
holmecl01,2021,1,PIT,NL,3,2,44,0,0,0,0,126,35,23,3.0,25,44,0.22,4.93,2.0,5.0,4.0,1.0,189.0,10.0,24,1.0,0.0,4.0
holmecl01,2021,2,NYA,AL,5,2,25,0,0,0,0,84,18,5,2.0,4,34,0.184,1.61,0.0,4.0,0.0,0.0,103.0,5.0,8,0.0,1.0,0.0
holmecl01,2022,1,NYA,AL,7,4,62,0,0,0,20,191,45,18,2.0,20,65,0.196,2.54,2.0,1.0,9.0,0.0,260.0,32.0,21,0.0,0.0,4.0
holmecl01,2023,1,NYA,AL,4,4,66,0,0,0,24,189,51,20,2.0,23,71,0.218,2.86,0.0,5.0,3.0,1.0,262.0,41.0,22,0.0,2.0,6.0
holmecl01,2024,1,NYA,AL,3,5,67,0,0,0,30,189,60,22,4.0,22,68,0.248,3.14,1.0,4.0,3.0,0.0,271.0,50.0,29,1.0,3.0,4.0
holmecl01,2025,1,NYN,NL,12,8,33,31,0,0,0,497,150,65,14.0,66,129,0.241,3.53,0.0,6.0,13.0,1.0,708.0,0.0,74,1.0,5.0,14.0
holmegr01,2024,1,ATL,NL,2,1,26,7,0,0,0,205,66,27,7.0,15,70,0.252,3.56,2.0,2.0,2.0,0.0,282.0,7.0,27,0.0,3.0,5.0
holmegr01,2025,1,ATL,NL,4,9,22,21,0,0,0,345,100,51,16.0,54,123,0.235,3.99,1.0,5.0,7.0,0.0,492.0,1.0,52,1.0,4.0,11.0
holtbr01,2020,2,WAS,NL,0,0,2,0,0,0,0,4,5,2,1.0,0,0,0.5,13.5,0.0,0.0,0.0,0.0,10.0,2.0,2,0.0,0.0,0.0
holtbr01,2021,1,TEX,AL,0,0,1,0,0,0,0,3,1,0,0.0,0,0,0.333,0.0,0.0,0.0,0.0,0.0,3.0,1.0,0,0.0,0.0,0.0
holtoty01,2022,1,ARI,NL,0,0,10,0,0,0,0,27,8,3,1.0,2,6,0.222,3.0,0.0,1.0,1.0,0.0,39.0,5.0,3,0.0,0.0,0.0
holtoty01,2023,1,DET,AL,3,2,59,1,0,0,1,256,56,20,9.0,18,74,0.185,2.11,1.0,4.0,1.0,0.0,324.0,7.0,21,1.0,1.0,6.0
holtoty01,2024,1,DET,AL,7,2,66,9,0,0,8,283,57,23,7.0,17,77,0.173,2.19,1.0,0.0,4.0,0.0,354.0,14.0,25,2.0,1.0,9.0
holtoty01,2025,1,DET,AL,6,5,70,6,0,0,0,236,65,32,15.0,17,64,0.226,3.66,1.0,3.0,0.0,0.0,312.0,6.0,34,4.0,4.0,8.0
honeybr01,2021,1,TBA,AL,0,0,3,2,0,0,0,13,5,4,2.0,3,4,0.278,8.31,0.0,0.0,0.0,0.0,21.0,0.0,4,0.0,0.0,0.0
honeybr01,2023,1,SDN,NL,2,4,36,0,0,0,0,140,44,21,8.0,20,42,0.247,4.05,0.0,3.0,4.0,1.0,204.0,10.0,22,1.0,1.0,5.0
honeybr01,2023,2,CHA,AL,0,0,4,0,0,0,0,17,9,7,2.0,3,3,0.346,11.12,0.0,0.0,1.0,0.0,30.0,0.0,7,0.0,0.0,0.0
honeybr01,2024,1,PIT,NL,0,0,2,0,0,0,0,10,3,1,0.0,2,1,0.231,2.7,0.0,0.0,0.0,0.0,15.0,1.0,1,0.0,0.0,0.0
honeybr01,2024,2,LAN,NL,1,1,18,1,0,0,1,103,29,10,3.0,9,17,0.244,2.62,0.0,2.0,2.0,1.0,134.0,12.0,11,2.0,2.0,6.0
hornba01,2024,1,BOS,AL,1,1,18,0,0,0,0,54,22,13,5.0,10,13,0.293,6.5,2.0,0.0,0.0,0.0,88.0,3.0,14,1.0,2.0,0.0
hornba01,2025,1,DET,AL,0,1,10,0,0,0,0,34,11,2,1.0,7,10,0.256,1.59,0.0,1.0,0.0,0.0,50.0,2.0,2,0.0,0.0,1.0
hortoca01,2025,1,CHN,NL,11,4,23,22,0,0,0,354,95,35,10.0,33,97,0.219,2.67,0.0,1.0,6.0,0.0,476.0,0.0,40,0.0,3.0,5.0
houckta01,2020,1,BOS,AL,3,0,3,3,0,0,0,51,6,1,1.0,9,21,0.113,0.53,0.0,1.0,1.0,0.0,63.0,0.0,2,0.0,0.0,4.0
houckta01,2021,1,BOS,AL,1,5,18,13,0,0,1,207,57,27,4.0,21,87,0.223,3.52,1.0,3.0,6.0,0.0,285.0,2.0,32,1.0,1.0,5.0
houckta01,2022,1,BOS,AL,5,4,32,4,0,0,8,180,49,21,3.0,22,56,0.226,3.15,3.0,3.0,6.0,0.0,247.0,14.0,22,1.0,1.0,9.0
houckta01,2023,1,BOS,AL,6,10,21,21,0,0,0,318,104,59,14.0,41,99,0.254,5.01,0.0,1.0,6.0,0.0,463.0,0.0,61,2.0,4.0,8.0
houckta01,2024,1,BOS,AL,9,10,30,30,1,1,0,536,156,62,11.0,48,154,0.231,3.12,1.0,2.0,16.0,0.0,743.0,0.0,75,0.0,4.0,16.0
houckta01,2025,1,BOS,AL,0,3,9,9,0,0,0,131,57,39,10.0,17,32,0.318,8.04,0.0,2.0,5.0,0.0,203.0,0.0,41,0.0,2.0,5.0
housead01,2020,1,MIL,NL,1,6,12,11,0,0,0,168,63,33,8.0,21,44,0.285,5.3,0.0,1.0,4.0,0.0,246.0,1.0,41,0.0,0.0,8.0
housead01,2021,1,MIL,NL,10,6,28,26,1,1,0,427,118,51,12.0,64,105,0.228,3.22,0.0,9.0,9.0,1.0,599.0,0.0,61,6.0,1.0,18.0
housead01,2022,1,MIL,NL,6,10,22,21,0,0,0,308,103,54,8.0,47,69,0.258,4.73,1.0,2.0,2.0,0.0,455.0,1.0,66,0.0,6.0,9.0
housead01,2023,1,MIL,NL,8,5,23,21,0,0,0,334,121,51,13.0,34,96,0.273,4.12,0.0,2.0,1.0,0.0,481.0,1.0,56,0.0,3.0,8.0
housead01,2024,1,NYN,NL,1,5,23,7,0,0,1,208,74,45,8.0,32,45,0.272,5.84,0.0,2.0,4.0,0.0,309.0,9.0,48,0.0,1.0,6.0
housead01,2025,1,CHA,AL,6,2,11,11,0,0,0,206,62,16,3.0,22,47,0.248,2.1,0.0,3.0,1.0,1.0,275.0,0.0,19,0.0,2.0,10.0
housead01,2025,2,TBA,AL,2,3,10,10,0,0,0,169,60,30,7.0,16,45,0.276,4.79,0.0,2.0,7.0,2.0,243.0,0.0,30,1.0,2.0,8.0
howarsa01,2020,1,PIT,NL,2,3,22,0,0,0,0,63,17,9,4.0,9,27,0.221,3.86,0.0,0.0,3.0,0.0,90.0,4.0,10,0.0,1.0,0.0
howarsa01,2021,1,PIT,NL,3,4,54,1,0,0,0,135,34,28,7.0,32,60,0.211,5.6,1.0,2.0,3.0,0.0,199.0,5.0,29,1.0,2.0,5.0
howarsa01,2022,1,PIT,NL,0,0,3,0,0,0,0,6,2,2,1.0,4,1,0.286,9.0,0.0,0.0,1.0,0.0,12.0,2.0,2,0.0,0.0,0.0
howarsp01,2020,1,PHI,NL,1,2,6,6,0,0,0,73,30,16,6.0,10,23,0.3,5.92,0.0,0.0,1.0,0.0,113.0,0.0,17,0.0,2.0,0.0
howarsp01,2021,1,PHI,NL,0,2,11,7,0,0,0,85,25,18,2.0,17,31,0.236,5.72,0.0,2.0,3.0,0.0,127.0,1.0,19,0.0,1.0,3.0
howarsp01,2021,2,TEX,AL,0,3,8,8,0,0,0,64,28,23,5.0,10,21,0.308,9.7,0.0,3.0,0.0,0.0,102.0,0.0,26,0.0,1.0,0.0
howarsp01,2022,1,TEX,AL,2,4,10,8,0,0,0,113,50,31,12.0,15,32,0.309,7.41,1.0,1.0,1.0,1.0,179.0,0.0,33,0.0,1.0,1.0
howarsp01,2023,1,TEX,AL,0,0,3,0,0,0,0,10,4,4,1.0,3,2,0.286,10.8,0.0,0.0,1.0,0.0,18.0,2.0,4,0.0,0.0,0.0
howarsp01,2024,1,SFN,NL,1,1,7,2,0,0,0,72,33,15,2.0,11,21,0.327,5.63,0.0,0.0,0.0,0.0,114.0,1.0,16,1.0,1.0,1.0
howarsp01,2024,2,CLE,AL,0,1,2,1,0,0,0,15,11,5,3.0,3,6,0.407,9.0,0.0,1.0,0.0,0.0,30.0,1.0,8,0.0,0.0,0.0
hoytja01,2020,1,MIA,NL,2,0,24,0,0,0,0,44,9,2,1.0,8,20,0.173,1.23,1.0,2.0,1.0,1.0,62.0,3.0,2,0.0,1.0,0.0
hoytja01,2021,1,LAA,AL,0,0,9,0,0,0,0,24,12,6,0.0,7,11,0.324,6.75,0.0,0.0,2.0,0.0,46.0,3.0,10,0.0,0.0,0.0
hudsobr01,2023,1,LAN,NL,0,0,6,0,0,0,0,26,12,7,1.0,4,7,0.316,7.27,0.0,0.0,1.0,0.0,44.0,5.0,7,0.0,1.0,0.0
hudsobr01,2024,1,MIL,NL,6,1,43,0,0,0,0,187,28,12,7.0,17,62,0.134,1.73,0.0,1.0,3.0,1.0,231.0,1.0,12,0.0,2.0,2.0
hudsobr01,2025,1,MIL,NL,0,1,12,0,0,0,0,31,8,5,0.0,12,13,0.205,4.35,2.0,0.0,2.0,1.0,54.0,2.0,7,1.0,0.0,1.0
hudsobr01,2025,2,CHA,AL,0,0,4,0,0,0,0,14,7,3,2.0,1,6,0.35,5.79,0.0,0.0,0.0,0.0,21.0,0.0,3,0.0,0.0,0.0
hudsoda01,2020,1,WAS,NL,3,2,21,0,0,0,10,62,15,14,6.0,11,28,0.195,6.1,0.0,0.0,3.0,0.0,92.0,15.0,15,1.0,0.0,1.0
hudsoda01,2021,1,WAS,NL,4,1,31,0,0,0,0,98,23,8,4.0,7,48,0.195,2.2,0.0,1.0,0.0,0.0,127.0,2.0,9,0.0,2.0,2.0
hudsoda01,2021,2,SDN,NL,1,2,23,0,0,0,0,57,17,11,4.0,9,27,0.236,5.21,1.0,2.0,0.0,0.0,83.0,6.0,13,0.0,2.0,1.0
hudsoda01,2022,1,LAN,NL,2,3,25,0,0,0,5,73,17,6,1.0,5,30,0.193,2.22,0.0,4.0,2.0,0.0,97.0,8.0,7,1.0,1.0,1.0
hudsoda01,2023,1,LAN,NL,0,0,3,0,0,0,1,9,2,0,0.0,3,5,0.182,0.0,0.0,0.0,0.0,0.0,14.0,1.0,0,0.0,0.0,0.0
hudsoda01,2024,1,LAN,NL,6,2,65,0,0,0,10,189,46,21,10.0,19,63,0.198,3.0,1.0,2.0,1.0,0.0,253.0,19.0,25,0.0,1.0,3.0
hudsoda02,2020,1,SLN,NL,3,2,8,8,0,0,0,117,24,12,5.0,15,31,0.178,2.77,1.0,0.0,1.0,0.0,151.0,0.0,13,0.0,0.0,4.0
hudsoda02,2021,1,SLN,NL,1,0,2,1,0,0,0,26,7,2,0.0,1,6,0.219,2.08,0.0,1.0,1.0,0.0,34.0,0.0,2,0.0,0.0,1.0
hudsoda02,2022,1,SLN,NL,8,7,27,26,0,0,0,419,141,69,9.0,61,78,0.273,4.45,0.0,4.0,9.0,0.0,596.0,0.0,71,3.0,6.0,25.0
hudsoda02,2023,1,SLN,NL,6,3,18,12,0,0,0,244,88,45,9.0,34,45,0.283,4.98,0.0,5.0,6.0,0.0,354.0,1.0,46,1.0,2.0,15.0
hudsoda02,2024,1,COL,NL,2,12,18,18,0,0,0,267,99,61,11.0,50,49,0.286,6.17,0.0,3.0,5.0,0.0,404.0,0.0,66,1.0,2.0,11.0
hughebr01,2022,1,CHN,NL,2,3,57,0,0,0,8,173,42,20,11.0,21,68,0.2,3.12,3.0,3.0,6.0,0.0,239.0,16.0,22,0.0,2.0,5.0
hughebr01,2023,1,CHN,NL,0,3,17,0,0,0,0,41,14,11,2.0,8,17,0.264,7.24,1.0,0.0,1.0,0.0,63.0,2.0,11,1.0,0.0,1.0
hughebr01,2024,1,ARI,NL,0,0,15,2,0,0,0,53,24,16,8.0,10,21,0.316,8.15,0.0,1.0,2.0,0.0,89.0,4.0,16,0.0,1.0,0.0
hugheja02,2020,1,NYN,NL,1,2,18,0,0,0,0,67,23,12,3.0,14,21,0.256,4.84,2.0,0.0,5.0,0.0,109.0,4.0,17,0.0,0.0,3.0
hummeco01,2025,2,HOU,AL,0,0,1,0,0,0,0,3,5,4,1.0,0,0,0.625,36.0,0.0,0.0,1.0,0.0,9.0,1.0,4,0.0,0.0,0.0
hunteto02,2020,1,PHI,NL,0,1,24,0,0,0,1,74,22,11,2.0,6,25,0.239,4.01,0.0,0.0,3.0,0.0,102.0,1.0,11,1.0,0.0,2.0
hunteto02,2021,1,NYN,NL,0,0,4,1,0,0,0,24,4,0,0.0,3,6,0.148,0.0,0.0,1.0,1.0,0.0,33.0,0.0,0,1.0,0.0,0.0
hunteto02,2022,1,NYN,NL,0,1,18,0,0,0,0,67,21,6,4.0,6,22,0.241,2.42,0.0,1.0,0.0,0.0,94.0,7.0,8,1.0,0.0,1.0
hunteto02,2023,1,NYN,NL,0,1,14,0,0,0,0,71,28,18,6.0,5,20,0.286,6.85,0.0,0.0,2.0,0.0,106.0,6.0,20,0.0,1.0,1.0
hurtebr01,2024,1,DET,AL,6,1,10,1,0,0,0,136,34,13,4.0,6,38,0.204,2.58,0.0,0.0,0.0,1.0,175.0,1.0,13,1.0,1.0,2.0
hurtebr01,2025,1,DET,AL,4,3,43,4,0,0,2,189,57,17,4.0,27,68,0.242,2.43,3.0,2.0,11.0,0.0,277.0,5.0,26,2.0,1.0,8.0
hurtky01,2023,1,LAN,NL,0,0,1,0,0,0,0,6,0,0,0.0,0,3,0.0,0.0,0.0,0.0,0.0,0.0,6.0,1.0,0,0.0,0.0,0.0
hurtky01,2024,1,LAN,NL,0,1,3,1,0,0,0,20,8,1,0.0,1,3,0.308,1.35,0.0,0.0,0.0,0.0,27.0,0.0,2,0.0,0.0,1.0
hutchdr01,2021,1,DET,AL,3,1,9,2,0,0,0,64,20,5,1.0,11,10,0.26,2.11,0.0,1.0,0.0,0.0,91.0,0.0,11,1.0,2.0,3.0
hutchdr01,2022,1,DET,AL,3,9,28,18,0,0,0,316,114,53,15.0,42,68,0.273,4.53,1.0,3.0,2.0,0.0,464.0,3.0,58,1.0,2.0,12.0
iglesra01,2020,1,CIN,NL,4,3,22,0,0,0,8,69,16,7,1.0,5,31,0.193,2.74,1.0,0.0,1.0,1.0,91.0,17.0,11,1.0,1.0,1.0
iglesra01,2021,1,LAA,AL,7,5,65,0,0,0,34,210,53,20,11.0,12,103,0.207,2.57,0.0,2.0,1.0,1.0,273.0,59.0,25,1.0,3.0,4.0
iglesra01,2022,1,LAA,AL,2,6,39,0,0,0,16,107,29,16,5.0,9,48,0.216,4.04,1.0,3.0,2.0,0.0,146.0,32.0,18,1.0,0.0,1.0
iglesra01,2022,2,ATL,NL,0,0,28,0,0,0,1,79,17,1,0.0,5,30,0.185,0.34,0.0,0.0,1.0,0.0,100.0,7.0,2,1.0,1.0,2.0
iglesra01,2023,1,ATL,NL,5,4,58,0,0,0,33,167,51,17,7.0,15,68,0.238,2.75,2.0,0.0,0.0,0.0,231.0,50.0,23,0.0,2.0,5.0
iglesra01,2024,1,ATL,NL,6,2,66,0,0,0,34,208,38,15,4.0,13,68,0.16,1.95,3.0,1.0,3.0,0.0,259.0,52.0,19,3.0,2.0,4.0
iglesra01,2025,1,ATL,NL,4,6,70,0,0,0,29,202,51,24,8.0,16,73,0.206,3.21,2.0,0.0,2.0,0.0,266.0,57.0,25,0.0,1.0,3.0
imanash01,2024,1,CHN,NL,15,3,29,29,0,0,0,520,149,56,27.0,28,174,0.225,2.91,0.0,3.0,3.0,0.0,694.0,0.0,66,0.0,1.0,7.0
imanash01,2025,1,CHN,NL,9,8,25,25,0,0,0,434,117,60,31.0,26,117,0.218,3.73,0.0,1.0,1.0,0.0,567.0,0.0,62,1.0,2.0,6.0
ingrako01,2023,1,LAA,AL,0,0,5,0,0,0,0,16,8,5,2.0,5,7,0.333,8.44,0.0,0.0,0.0,0.0,30.0,2.0,7,0.0,1.0,0.0
iriarja01,2024,1,CHA,AL,0,1,6,0,0,0,0,18,3,1,0.0,8,6,0.143,1.5,0.0,0.0,0.0,0.0,30.0,2.0,3,0.0,1.0,0.0
irvinco01,2020,1,PHI,NL,0,1,3,0,0,0,0,11,11,7,1.0,1,4,0.524,17.18,0.0,0.0,0.0,0.0,22.0,1.0,7,0.0,0.0,0.0
irvinco01,2021,1,OAK,AL,10,15,32,32,0,0,0,535,195,84,23.0,42,125,0.275,4.24,0.0,3.0,9.0,0.0,768.0,0.0,94,4.0,2.0,18.0
irvinco01,2022,1,OAK,AL,9,13,30,30,0,0,0,543,174,80,25.0,36,128,0.251,3.98,3.0,3.0,7.0,0.0,741.0,0.0,87,1.0,4.0,16.0
irvinco01,2023,1,BAL,AL,1,4,24,12,0,0,0,232,78,38,11.0,21,68,0.256,4.42,0.0,2.0,7.0,0.0,336.0,6.0,42,0.0,3.0,3.0
irvinco01,2024,1,BAL,AL,6,5,25,16,0,0,1,322,126,58,17.0,25,76,0.29,4.86,1.0,1.0,5.0,0.0,470.0,3.0,66,1.0,5.0,9.0
irvinco01,2024,2,MIN,AL,0,1,4,0,0,0,0,11,6,5,1.0,4,2,0.375,12.27,0.0,1.0,1.0,0.0,22.0,1.0,5,0.0,1.0,0.0
irvinja01,2023,1,WAS,NL,3,7,24,24,0,0,0,363,118,62,20.0,54,99,0.255,4.61,0.0,2.0,8.0,1.0,530.0,0.0,66,0.0,6.0,15.0
irvinja01,2024,1,WAS,NL,10,14,33,33,0,0,0,563,173,92,29.0,52,156,0.244,4.41,1.0,5.0,4.0,1.0,769.0,0.0,97,2.0,1.0,20.0
irvinja01,2025,1,WAS,NL,9,13,33,33,0,0,0,540,195,114,38.0,62,124,0.272,5.7,0.0,3.0,6.0,1.0,787.0,0.0,120,0.0,2.0,19.0
iveyty01,2021,1,HOU,AL,0,0,1,1,0,0,0,14,6,4,1.0,1,3,0.316,7.71,0.0,1.0,0.0,0.0,20.0,0.0,4,0.0,0.0,0.0
jacksal02,2025,1,BAL,AL,0,0,1,0,0,0,0,3,3,3,0.0,2,0,0.6,27.0,0.0,0.0,0.0,0.0,8.0,1.0,3,0.0,1.0,0.0
jacksan01,2021,1,LAN,NL,0,1,3,0,0,0,1,35,10,3,1.0,6,10,0.238,2.31,0.0,0.0,0.0,1.0,50.0,1.0,3,2.0,0.0,0.0
jacksan01,2022,1,LAN,NL,0,0,4,0,0,0,1,29,9,2,0.0,4,9,0.243,1.86,0.0,0.0,0.0,0.0,42.0,3.0,3,1.0,0.0,1.0
jacksan01,2023,1,LAN,NL,0,0,7,0,0,0,2,53,22,13,5.0,3,16,0.289,6.62,0.0,0.0,0.0,0.0,79.0,5.0,13,0.0,0.0,0.0
jacksan01,2023,2,PIT,NL,1,3,12,7,0,0,0,131,30,21,6.0,19,41,0.194,4.33,0.0,1.0,2.0,0.0,178.0,1.0,21,0.0,2.0,3.0
jacksja01,2021,1,SFN,NL,2,1,23,1,0,0,0,65,15,9,3.0,12,28,0.197,3.74,0.0,0.0,0.0,0.0,90.0,4.0,9,1.0,1.0,2.0
jacksja01,2022,1,ATL,NL,0,0,2,0,0,0,0,4,1,0,0.0,0,1,0.2,0.0,0.0,0.0,0.0,0.0,5.0,1.0,0,0.0,0.0,0.0
jacksja01,2023,1,TOR,AL,3,1,25,0,0,0,0,89,18,7,4.0,9,27,0.171,2.12,2.0,1.0,1.0,0.0,116.0,10.0,8,1.0,0.0,1.0
jacksja01,2024,1,MIN,AL,1,2,20,0,0,0,0,79,28,22,7.0,9,29,0.267,7.52,0.0,0.0,0.0,0.0,114.0,10.0,24,0.0,0.0,0.0
jackslu01,2020,1,ATL,NL,2,0,19,0,0,0,0,79,39,20,2.0,13,20,0.345,6.84,0.0,3.0,2.0,0.0,132.0,3.0,23,0.0,4.0,3.0
jackslu01,2021,1,ATL,NL,2,2,71,0,0,0,0,191,45,14,6.0,29,70,0.198,1.98,2.0,3.0,2.0,1.0,261.0,5.0,15,1.0,2.0,8.0
jackslu01,2023,1,SFN,NL,2,2,33,0,0,0,0,100,26,11,3.0,15,43,0.206,2.97,2.0,3.0,1.0,1.0,143.0,9.0,14,0.0,1.0,2.0
jackslu01,2024,1,SFN,NL,4,2,36,0,0,0,0,105,35,21,5.0,15,33,0.263,5.4,0.0,3.0,1.0,0.0,151.0,7.0,22,1.0,1.0,4.0
jackslu01,2024,2,ATL,NL,0,1,16,0,0,0,0,54,17,9,2.0,11,26,0.239,4.5,0.0,2.0,1.0,0.0,84.0,7.0,11,0.0,1.0,1.0
jackslu01,2025,1,TEX,AL,2,5,39,0,0,0,9,105,32,16,4.0,19,24,0.248,4.11,4.0,0.0,2.0,0.0,152.0,21.0,20,1.0,1.0,5.0
jackslu01,2025,2,DET,AL,0,0,3,0,0,0,0,14,3,4,0.0,5,4,0.188,7.71,0.0,0.0,0.0,0.0,22.0,2.0,4,1.0,0.0,1.0
jackslu01,2025,3,SEA,AL,0,0,10,0,0,0,0,34,6,3,0.0,4,10,0.162,2.38,1.0,0.0,1.0,0.0,45.0,5.0,6,1.0,2.0,0.0
jacksza02,2022,1,OAK,AL,2,3,54,0,0,0,3,144,28,16,1.0,33,67,0.171,3.0,3.0,9.0,2.0,0.0,202.0,10.0,18,2.0,1.0,3.0
jacksza02,2023,1,OAK,AL,2,1,19,0,0,0,1,54,18,5,1.0,10,23,0.261,2.5,0.0,5.0,0.0,0.0,80.0,6.0,7,1.0,0.0,0.0
jacobal01,2023,1,SDN,NL,0,0,3,0,0,0,0,9,0,0,0.0,1,5,0.0,0.0,0.0,0.0,0.0,0.0,10.0,2.0,0,0.0,0.0,0.0
jacobal01,2024,1,SDN,NL,0,0,7,0,0,0,0,44,9,4,1.0,2,19,0.173,2.45,0.0,0.0,2.0,0.0,57.0,2.0,4,0.0,1.0,0.0
jacobal01,2025,1,SDN,NL,1,0,29,0,0,0,0,100,36,19,6.0,14,23,0.275,5.13,0.0,0.0,6.0,0.0,153.0,9.0,20,0.0,2.0,3.0
jacqujo01,2023,1,BOS,AL,2,1,23,1,0,0,1,80,32,15,2.0,10,20,0.308,5.06,2.0,1.0,6.0,0.0,122.0,7.0,17,1.0,1.0,6.0
jacqujo01,2024,1,BOS,AL,0,0,1,0,0,0,0,5,3,1,0.0,0,2,0.375,5.4,0.0,1.0,1.0,0.0,9.0,0.0,1,0.0,0.0,0.0
jacqujo01,2024,2,ARI,NL,0,0,1,0,0,0,0,4,3,2,1.0,1,0,0.5,13.5,0.0,0.0,0.0,0.0,7.0,0.0,2,0.0,0.0,0.0
jamesdr01,2022,1,ARI,NL,3,0,4,4,0,0,0,73,20,4,2.0,7,24,0.222,1.48,0.0,1.0,1.0,0.0,98.0,0.0,4,0.0,0.0,3.0
jamesdr01,2023,1,ARI,NL,3,1,15,3,0,0,1,122,40,15,6.0,18,37,0.26,3.32,0.0,0.0,1.0,0.0,174.0,3.0,15,0.0,1.0,6.0
jamesdr01,2025,1,ARI,NL,0,1,3,0,0,0,1,9,4,1,0.0,3,0,0.4,3.0,0.0,1.0,0.0,0.0,13.0,2.0,2,0.0,0.0,1.0
jamesjo02,2020,1,HOU,AL,1,0,13,2,0,0,0,52,15,14,4.0,17,21,0.234,7.27,0.0,2.0,2.0,0.0,83.0,1.0,14,0.0,0.0,1.0
jamesjo02,2021,1,HOU,AL,0,0,5,0,0,0,0,15,4,3,1.0,2,8,0.211,5.4,0.0,2.0,0.0,0.0,21.0,5.0,3,0.0,0.0,0.0
jankotr01,2025,3,NYN,NL,0,0,1,0,0,0,0,3,2,2,0.0,1,0,0.667,18.0,0.0,0.0,1.0,0.0,6.0,1.0,2,0.0,1.0,1.0
jannimi01,2021,1,BAL,AL,0,0,1,0,0,0,0,10,8,7,3.0,4,1,0.471,18.9,0.0,0.0,0.0,0.0,21.0,0.0,7,0.0,0.0,0.0
janseke01,2020,1,LAN,NL,3,1,27,0,0,0,11,73,19,9,2.0,9,33,0.211,3.33,0.0,0.0,3.0,0.0,102.0,24.0,11,0.0,0.0,0.0
janseke01,2021,1,LAN,NL,4,4,69,0,0,0,38,207,36,17,4.0,36,86,0.153,2.22,4.0,4.0,2.0,2.0,278.0,52.0,21,1.0,2.0,4.0
janseke01,2022,1,ATL,NL,5,2,65,0,0,0,41,192,45,24,8.0,22,85,0.192,3.38,3.0,1.0,2.0,1.0,260.0,54.0,25,0.0,2.0,0.0
janseke01,2023,1,BOS,AL,3,6,51,0,0,0,29,134,40,18,5.0,17,52,0.237,3.63,1.0,1.0,2.0,2.0,188.0,42.0,21,0.0,0.0,0.0
janseke01,2024,1,BOS,AL,4,2,54,0,0,0,27,164,38,20,4.0,20,62,0.196,3.29,2.0,2.0,1.0,2.0,218.0,38.0,20,0.0,3.0,1.0
janseke01,2025,1,LAA,AL,5,4,62,0,0,0,29,177,37,17,8.0,19,57,0.175,2.59,2.0,0.0,1.0,3.0,234.0,47.0,18,1.0,1.0,3.0
jarvibr01,2023,1,ARI,NL,2,1,11,1,0,0,0,71,14,8,3.0,9,12,0.171,3.04,0.0,0.0,0.0,0.0,92.0,2.0,9,0.0,1.0,2.0
jarvibr01,2024,1,ARI,NL,1,2,44,0,0,0,0,178,52,21,6.0,33,38,0.239,3.19,4.0,4.0,5.0,0.0,258.0,17.0,25,0.0,2.0,11.0
jarvibr01,2025,1,ARI,NL,0,0,12,0,0,0,1,66,23,14,3.0,10,21,0.267,5.73,0.0,0.0,1.0,0.0,98.0,7.0,14,0.0,1.0,1.0
javiecr01,2020,1,HOU,AL,5,2,12,10,0,0,0,163,36,21,11.0,18,54,0.188,3.48,0.0,4.0,2.0,2.0,214.0,0.0,21,0.0,2.0,2.0
javiecr01,2021,1,HOU,AL,4,1,36,9,0,0,2,304,67,40,16.0,53,130,0.186,3.55,1.0,6.0,7.0,0.0,424.0,5.0,41,1.0,2.0,5.0
javiecr01,2022,1,HOU,AL,11,9,30,25,0,0,0,446,89,42,17.0,52,194,0.17,2.54,0.0,5.0,6.0,1.0,585.0,0.0,44,2.0,1.0,4.0
javiecr01,2023,1,HOU,AL,10,5,31,31,0,0,0,486,143,82,25.0,62,159,0.234,4.56,0.0,4.0,7.0,0.0,687.0,0.0,85,1.0,6.0,8.0
javiecr01,2024,1,HOU,AL,3,1,7,7,0,0,0,104,30,15,4.0,19,27,0.233,3.89,0.0,1.0,0.0,0.0,150.0,0.0,16,1.0,1.0,2.0
javiecr01,2025,1,HOU,AL,2,4,8,8,0,0,0,111,32,19,3.0,15,34,0.23,4.62,0.0,3.0,1.0,0.0,157.0,0.0,22,0.0,2.0,0.0
jaxgr01,2021,1,MIN,AL,4,5,18,14,0,0,0,246,82,58,23.0,29,65,0.256,6.37,1.0,6.0,5.0,0.0,360.0,2.0,62,0.0,6.0,3.0
jaxgr01,2022,1,MIN,AL,7,4,65,0,0,0,1,217,56,27,7.0,20,78,0.212,3.36,3.0,2.0,3.0,0.0,290.0,10.0,29,1.0,2.0,7.0
jaxgr01,2023,1,MIN,AL,6,10,71,0,0,0,4,196,58,28,5.0,19,68,0.232,3.86,1.0,1.0,4.0,0.0,274.0,14.0,30,1.0,0.0,5.0
jaxgr01,2024,1,MIN,AL,5,5,72,0,0,0,10,213,47,16,4.0,15,95,0.183,2.03,1.0,4.0,2.0,0.0,276.0,16.0,19,1.0,1.0,2.0
jaxgr01,2025,1,MIN,AL,1,5,50,0,0,0,0,138,46,23,4.0,13,72,0.251,4.5,2.0,0.0,1.0,0.0,198.0,3.0,24,1.0,0.0,2.0
jaxgr01,2025,2,TBA,AL,0,2,23,2,0,0,0,60,18,8,3.0,8,27,0.24,3.6,1.0,0.0,0.0,0.0,85.0,3.0,9,1.0,1.0,2.0
jayty01,2024,1,NYN,NL,0,0,3,0,0,0,0,14,7,4,0.0,3,3,0.333,7.71,0.0,1.0,0.0,0.0,24.0,2.0,5,0.0,0.0,0.0
jayty01,2024,2,MIL,NL,0,0,2,0,0,0,0,9,2,0,0.0,3,3,0.222,0.0,0.0,0.0,0.0,0.0,12.0,2.0,0,0.0,0.0,2.0
jeffeda01,2020,1,OAK,AL,0,1,1,1,0,0,0,6,5,5,2.0,2,1,0.455,22.5,0.0,0.0,0.0,0.0,13.0,0.0,5,0.0,0.0,0.0
jeffeda01,2021,1,OAK,AL,1,0,5,1,0,0,0,45,11,6,1.0,4,8,0.208,3.6,0.0,1.0,1.0,0.0,58.0,1.0,6,0.0,0.0,3.0
jeffeda01,2022,1,OAK,AL,1,7,8,8,0,0,0,118,46,25,4.0,8,28,0.286,5.72,0.0,3.0,2.0,0.0,172.0,0.0,26,0.0,1.0,3.0
jeffeda01,2024,1,SFN,NL,0,2,2,1,0,0,0,14,14,9,2.0,2,4,0.483,17.36,0.0,0.0,0.0,0.0,31.0,0.0,13,0.0,0.0,0.0
jeffeda01,2024,2,PIT,NL,0,0,4,0,0,0,0,30,10,7,2.0,2,8,0.256,6.3,0.0,0.0,1.0,0.0,42.0,2.0,7,0.0,0.0,1.0
jeffrje01,2020,1,CHN,NL,4,1,22,0,0,0,8,70,10,4,1.0,12,17,0.137,1.54,1.0,0.0,2.0,0.0,88.0,15.0,5,0.0,1.0,5.0
jewelja01,2021,1,CHN,NL,0,2,10,0,0,0,0,30,18,11,5.0,5,10,0.391,9.9,0.0,1.0,0.0,0.0,51.0,3.0,12,0.0,0.0,0.0
jimenda02,2020,1,SFN,NL,0,0,2,0,0,0,0,4,1,1,0.0,3,1,0.2,6.75,0.0,0.0,0.0,0.0,8.0,1.0,1,0.0,0.0,0.0
jimenda02,2022,1,OAK,AL,3,4,34,0,0,0,11,103,23,13,2.0,18,34,0.183,3.41,4.0,2.0,0.0,0.0,145.0,22.0,16,0.0,1.0,0.0
jimenda02,2023,1,OAK,AL,0,2,25,1,0,0,1,70,11,9,3.0,14,21,0.143,3.47,1.0,2.0,0.0,0.0,94.0,6.0,9,1.0,2.0,1.0
jimenda02,2024,1,OAK,AL,1,3,25,0,0,0,1,77,21,14,6.0,19,25,0.223,4.91,0.0,0.0,1.0,0.0,117.0,9.0,18,0.0,3.0,3.0
jimenjo02,2020,1,DET,AL,1,3,25,0,0,0,5,68,25,18,7.0,6,22,0.284,7.15,0.0,1.0,5.0,0.0,101.0,9.0,19,0.0,2.0,3.0
jimenjo02,2021,1,DET,AL,6,1,52,0,0,0,1,136,34,30,6.0,35,57,0.206,5.96,1.0,6.0,8.0,0.0,210.0,12.0,33,0.0,2.0,3.0
jimenjo02,2022,1,DET,AL,3,2,62,0,0,0,2,170,49,22,4.0,13,77,0.226,3.49,0.0,0.0,0.0,0.0,231.0,12.0,24,0.0,1.0,2.0
jimenjo02,2023,1,ATL,NL,0,3,59,0,0,0,0,169,51,19,9.0,14,73,0.233,3.04,0.0,0.0,2.0,0.0,238.0,16.0,22,2.0,1.0,2.0
jimenjo02,2024,1,ATL,NL,1,5,69,0,0,0,3,206,45,20,2.0,23,82,0.181,2.62,1.0,0.0,4.0,0.0,277.0,7.0,22,0.0,2.0,3.0
jobeja01,2024,1,DET,AL,0,0,2,0,0,0,0,12,1,0,0.0,1,2,0.067,0.0,0.0,0.0,0.0,0.0,16.0,1.0,0,0.0,0.0,0.0
jobeja01,2025,1,DET,AL,4,1,10,10,0,0,0,147,46,23,7.0,27,39,0.249,4.22,0.0,1.0,2.0,0.0,218.0,0.0,24,2.0,2.0,2.0
johnsdj01,2021,1,CLE,AL,0,0,1,0,0,0,0,5,2,1,1.0,0,3,0.286,5.4,0.0,0.0,0.0,0.0,7.0,0.0,1,0.0,0.0,0.0
johnsdj01,2021,2,TBA,AL,0,0,3,0,0,0,0,8,0,0,0.0,0,2,0.0,0.0,0.0,0.0,0.0,0.0,8.0,0.0,0,0.0,0.0,0.0
johnspi01,2020,1,SDN,NL,3,1,24,0,0,0,0,60,15,6,2.0,9,27,0.214,2.7,0.0,1.0,0.0,1.0,80.0,7.0,7,0.0,1.0,2.0
johnspi01,2021,1,SDN,NL,3,4,63,2,0,0,0,176,47,21,6.0,27,77,0.22,3.22,3.0,6.0,1.0,0.0,244.0,7.0,21,0.0,2.0,7.0
johnspi01,2022,1,SDN,NL,1,2,15,0,0,0,0,43,14,8,1.0,8,21,0.25,5.02,0.0,1.0,0.0,0.0,64.0,1.0,8,0.0,0.0,1.0
johnspi01,2023,1,COL,NL,1,5,43,0,0,0,13,117,47,26,7.0,25,58,0.292,6.0,1.0,3.0,0.0,0.0,188.0,26.0,28,1.0,1.0,2.0
johnspi01,2023,2,ATL,NL,1,1,24,0,0,0,0,71,16,2,3.0,5,32,0.19,0.76,0.0,1.0,0.0,0.0,89.0,2.0,6,0.0,0.0,5.0
johnspi01,2024,1,ATL,NL,6,6,58,0,0,0,2,169,48,23,6.0,25,67,0.23,3.67,1.0,2.0,2.0,0.0,236.0,12.0,25,0.0,0.0,7.0
johnspi01,2025,1,ATL,NL,3,3,65,0,0,0,1,177,52,20,8.0,19,59,0.242,3.05,2.0,2.0,1.0,0.0,238.0,13.0,21,0.0,3.0,4.0
johnsry01,2025,1,LAA,AL,1,1,14,0,0,0,1,44,24,12,4.0,5,16,0.364,7.36,1.0,0.0,0.0,0.0,72.0,4.0,15,0.0,1.0,1.0
johnsse01,2024,1,PHI,NL,0,1,1,1,0,0,0,7,8,9,1.0,3,0,0.571,34.71,0.0,0.0,0.0,0.0,18.0,0.0,9,0.0,1.0,0.0
johnsse01,2025,1,PHI,NL,1,1,10,0,0,0,0,38,11,6,3.0,4,17,0.22,4.26,0.0,1.0,0.0,0.0,54.0,4.0,8,0.0,0.0,0.0
jonesda07,2021,1,PHI,NL,0,0,1,0,0,0,0,1,1,0,0.0,2,0,0.5,0.0,0.0,0.0,0.0,0.0,4.0,0.0,0,0.0,0.0,0.0
jonesda07,2022,1,PHI,NL,0,0,4,0,0,0,0,14,4,5,0.0,5,5,0.222,9.64,0.0,1.0,3.0,0.0,26.0,3.0,5,0.0,0.0,0.0
jonesja09,2024,1,PIT,NL,6,8,22,22,0,0,0,365,106,56,18.0,39,132,0.232,4.14,1.0,3.0,5.0,0.0,504.0,0.0,60,0.0,4.0,10.0
jonesna01,2020,1,CIN,NL,0,1,21,0,0,0,0,56,25,13,5.0,6,23,0.325,6.27,1.0,2.0,2.0,0.0,86.0,8.0,13,0.0,1.0,1.0
jonesna01,2021,1,ATL,NL,0,2,12,0,0,0,0,31,8,4,3.0,10,7,0.205,3.48,4.0,1.0,1.0,0.0,50.0,4.0,6,0.0,0.0,0.0
jonesna01,2021,2,LAN,NL,0,0,8,0,0,0,0,26,8,8,4.0,2,7,0.235,8.31,0.0,0.0,0.0,0.0,37.0,1.0,9,0.0,1.0,0.0
joycebe01,2023,1,LAA,AL,1,1,12,0,0,0,0,30,9,6,1.0,9,10,0.243,5.4,0.0,1.0,1.0,0.0,48.0,0.0,6,0.0,1.0,1.0
joycebe01,2024,1,LAA,AL,2,0,31,1,0,0,4,104,26,8,1.0,14,33,0.21,2.08,0.0,4.0,4.0,0.0,142.0,12.0,8,0.0,0.0,5.0
joycebe01,2025,1,LAA,AL,1,0,5,0,0,0,0,13,5,3,1.0,1,1,0.263,6.23,0.0,2.0,0.0,0.0,20.0,0.0,4,0.0,0.0,0.0
junisja01,2020,1,KCA,AL,0,2,8,6,0,0,0,76,35,18,7.0,6,19,0.333,6.39,1.0,2.0,2.0,1.0,114.0,0.0,18,0.0,1.0,2.0
junisja01,2021,1,KCA,AL,2,4,16,6,0,0,0,118,43,23,7.0,12,41,0.279,5.26,0.0,2.0,0.0,0.0,168.0,1.0,24,0.0,2.0,3.0
junisja01,2022,1,SFN,NL,5,7,23,17,0,0,0,336,120,55,13.0,25,98,0.269,4.42,0.0,1.0,4.0,0.0,478.0,0.0,57,2.0,1.0,5.0
junisja01,2023,1,SFN,NL,4,3,40,4,0,0,1,258,90,37,12.0,21,96,0.269,3.87,1.0,5.0,5.0,0.0,367.0,6.0,42,0.0,4.0,8.0
junisja01,2024,1,MIL,NL,4,0,10,1,0,0,1,78,20,7,4.0,5,19,0.213,2.42,0.0,1.0,1.0,0.0,101.0,3.0,9,0.0,1.0,3.0
junisja01,2024,2,CIN,NL,0,0,14,5,0,0,0,123,29,13,4.0,3,32,0.197,2.85,0.0,0.0,2.0,0.0,152.0,1.0,13,0.0,0.0,3.0
junisja01,2025,1,CLE,AL,4,1,57,0,0,0,0,200,64,22,5.0,18,55,0.257,2.97,2.0,0.0,4.0,0.0,274.0,9.0,24,1.0,2.0,6.0
junkja01,2021,1,LAA,AL,0,1,4,4,0,0,0,49,20,7,5.0,2,10,0.294,3.86,0.0,0.0,0.0,0.0,71.0,0.0,11,1.0,0.0,1.0
junkja01,2022,1,LAA,AL,1,1,3,2,0,0,0,25,10,6,1.0,3,11,0.294,6.48,0.0,0.0,0.0,0.0,37.0,1.0,6,0.0,0.0,1.0
junkja01,2023,1,MIL,NL,0,1,2,1,0,0,0,22,8,4,1.0,2,5,0.267,4.91,0.0,0.0,0.0,0.0,33.0,1.0,5,0.0,0.0,0.0
junkja01,2024,1,MIL,NL,0,0,5,0,0,0,0,24,16,6,2.0,2,8,0.432,6.75,0.0,0.0,0.0,0.0,40.0,2.0,6,0.0,1.0,2.0
junkja01,2024,2,OAK,AL,0,0,1,0,0,0,0,0,6,7,1.0,2,0,1.0,,0.0,1.0,0.0,0.0,8.0,0.0,7,0.0,0.0,0.0
junkja01,2025,1,MIA,NL,6,4,21,16,0,0,1,330,112,51,8.0,13,77,0.266,4.17,0.0,2.0,4.0,0.0,447.0,3.0,54,1.0,8.0,10.0
juradar01,2020,1,NYN,NL,0,0,1,1,0,0,0,12,9,5,1.0,0,2,0.45,11.25,0.0,0.0,0.0,0.0,21.0,0.0,5,1.0,0.0,0.0
justiev01,2023,1,COL,NL,0,0,9,0,0,0,0,22,14,7,0.0,8,7,0.438,8.59,0.0,2.0,1.0,0.0,42.0,1.0,7,1.0,0.0,2.0
justiev01,2024,1,COL,NL,0,0,1,0,0,0,0,1,0,0,0.0,1,1,0.0,0.0,0.0,0.0,0.0,0.0,2.0,1.0,0,0.0,0.0,0.0
kahnlto01,2020,1,NYA,AL,0,0,1,0,0,0,0,3,1,0,0.0,1,3,0.2,0.0,1.0,0.0,0.0,0.0,6.0,0.0,0,0.0,0.0,0.0
kahnlto01,2022,1,LAN,NL,0,0,13,0,0,0,1,38,5,4,2.0,3,14,0.128,2.84,0.0,1.0,3.0,0.0,46.0,2.0,4,0.0,1.0,2.0
kahnlto01,2023,1,NYA,AL,1,3,42,0,0,0,2,122,26,12,5.0,19,48,0.183,2.66,0.0,3.0,1.0,0.0,165.0,9.0,14,1.0,2.0,4.0
kahnlto01,2024,1,NYA,AL,0,2,50,0,0,0,1,128,30,10,5.0,19,46,0.19,2.11,1.0,1.0,2.0,0.0,179.0,8.0,16,0.0,0.0,4.0
kahnlto01,2025,1,DET,AL,1,5,66,0,0,0,9,189,51,31,8.0,31,50,0.217,4.43,0.0,3.0,1.0,0.0,267.0,16.0,32,0.0,0.0,6.0
kaminro01,2020,1,SLN,NL,0,0,5,0,0,0,0,14,3,1,0.0,2,3,0.188,1.93,0.0,0.0,0.0,0.0,21.0,3.0,3,0.0,2.0,0.0
kaprija01,2020,1,OAK,AL,0,0,2,0,0,0,0,11,4,3,2.0,2,4,0.267,7.36,0.0,0.0,0.0,0.0,17.0,0.0,3,0.0,0.0,0.0
kaprija01,2021,1,OAK,AL,8,5,24,21,0,0,0,358,105,54,19.0,41,123,0.233,4.07,0.0,1.0,5.0,0.0,502.0,0.0,55,2.0,3.0,8.0
kaprija01,2022,1,OAK,AL,5,9,26,26,0,0,0,402,121,63,16.0,59,98,0.239,4.23,0.0,2.0,5.0,0.0,577.0,0.0,68,1.0,5.0,9.0
kaprija01,2023,1,OAK,AL,2,6,14,11,0,0,0,183,66,43,9.0,31,57,0.274,6.34,1.0,3.0,5.0,0.0,280.0,0.0,45,1.0,1.0,4.0
karchri01,2023,1,CIN,NL,0,0,1,0,0,0,1,3,0,0,0.0,1,0,0.0,0.0,0.0,0.0,0.0,0.0,4.0,1.0,0,0.0,0.0,0.0
karinja01,2020,1,CLE,AL,1,2,27,0,0,0,1,81,14,8,1.0,16,53,0.159,2.67,1.0,5.0,0.0,0.0,109.0,4.0,9,1.0,4.0,1.0
karinja01,2021,1,CLE,AL,7,4,60,0,0,0,11,166,35,25,9.0,32,78,0.176,4.07,0.0,3.0,2.0,0.0,235.0,26.0,27,0.0,2.0,1.0
karinja01,2022,1,CLE,AL,2,0,38,0,0,0,3,117,22,9,2.0,21,62,0.161,2.08,0.0,4.0,1.0,0.0,160.0,9.0,9,0.0,1.0,0.0
karinja01,2023,1,CLE,AL,2,5,44,0,0,0,0,117,24,14,6.0,28,52,0.178,3.23,1.0,1.0,3.0,1.0,171.0,5.0,18,0.0,5.0,0.0
kauffka01,2023,1,COL,NL,2,5,11,3,0,0,0,105,42,32,5.0,16,16,0.311,8.23,0.0,1.0,4.0,0.0,158.0,3.0,34,0.0,3.0,9.0
kavadni01,2025,1,LAA,AL,0,0,1,0,0,0,0,5,3,0,0.0,1,1,0.375,0.0,0.0,0.0,0.0,0.0,9.0,1.0,0,0.0,0.0,0.0
kayan01,2020,1,TOR,AL,2,0,13,0,0,0,0,63,22,12,3.0,14,22,0.268,5.14,1.0,0.0,0.0,0.0,98.0,0.0,13,0.0,2.0,2.0
kayan01,2021,1,TOR,AL,1,2,11,5,0,0,0,101,38,21,7.0,18,39,0.281,5.61,0.0,2.0,3.0,0.0,156.0,0.0,22,0.0,0.0,3.0
kayan01,2022,1,TOR,AL,0,0,1,0,0,0,0,6,2,1,0.0,1,3,0.286,4.5,0.0,0.0,1.0,0.0,10.0,1.0,1,0.0,1.0,0.0
kayan01,2023,1,CHN,NL,0,0,13,0,0,0,0,34,12,8,1.0,8,8,0.267,6.35,0.0,1.0,1.0,0.0,54.0,4.0,8,0.0,0.0,0.0
kayan01,2023,2,NYN,NL,0,0,3,0,0,0,0,10,1,2,1.0,1,3,0.111,5.4,0.0,0.0,1.0,0.0,12.0,1.0,2,0.0,1.0,1.0
kazmisc01,2021,1,SFN,NL,0,1,5,4,0,0,0,34,15,8,3.0,6,10,0.313,6.35,1.0,0.0,0.0,0.0,55.0,0.0,9,0.0,0.0,1.0
kelake01,2020,1,PIT,NL,0,0,3,0,0,0,0,6,3,1,1.0,1,3,0.333,4.5,0.0,0.0,0.0,0.0,10.0,1.0,1,0.0,0.0,0.0
kelake01,2021,1,SDN,NL,2,2,12,0,0,0,0,32,11,6,3.0,3,13,0.244,5.06,0.0,2.0,0.0,0.0,48.0,2.0,8,0.0,0.0,0.0
kellebr01,2020,1,KCA,AL,5,3,9,9,1,1,0,164,39,15,2.0,17,35,0.202,2.47,0.0,1.0,2.0,0.0,215.0,0.0,16,0.0,3.0,9.0
kellebr01,2021,1,KCA,AL,8,12,26,26,0,0,0,401,158,80,18.0,64,120,0.297,5.39,1.0,5.0,7.0,0.0,613.0,0.0,89,1.0,9.0,14.0
kellebr01,2022,1,KCA,AL,6,14,35,22,0,0,1,419,153,79,17.0,57,102,0.277,5.09,1.0,11.0,2.0,0.0,617.0,4.0,86,1.0,4.0,13.0
kellebr01,2023,1,KCA,AL,3,4,11,9,0,0,0,136,42,23,3.0,45,31,0.259,4.57,0.0,7.0,3.0,0.0,211.0,2.0,26,0.0,1.0,12.0
kellebr01,2024,1,CHA,AL,0,2,5,2,0,0,0,50,17,9,5.0,6,13,0.243,4.86,0.0,2.0,0.0,0.0,76.0,2.0,10,0.0,0.0,0.0
kellebr01,2024,2,BOS,AL,0,2,11,0,0,0,1,74,31,16,4.0,9,19,0.295,5.84,0.0,1.0,2.0,0.0,116.0,6.0,18,0.0,0.0,2.0
kellebr01,2025,1,CHN,NL,4,2,68,1,0,0,3,209,45,16,4.0,22,75,0.182,2.07,0.0,1.0,6.0,0.0,276.0,12.0,18,1.0,0.0,8.0
kelleky01,2020,1,LAA,AL,0,0,2,0,0,0,0,7,3,2,0.0,2,1,0.273,7.71,0.0,1.0,0.0,0.0,13.0,1.0,2,0.0,0.0,0.0
kelleky01,2021,1,PIT,NL,1,1,32,0,0,0,0,100,30,24,9.0,22,36,0.234,6.48,2.0,1.0,5.0,0.0,155.0,7.0,27,0.0,0.0,3.0
kellemi03,2020,1,PIT,NL,1,1,5,5,0,0,0,65,9,7,4.0,18,16,0.132,2.91,0.0,2.0,1.0,0.0,87.0,0.0,7,0.0,0.0,3.0
kellemi03,2021,1,PIT,NL,5,11,23,23,0,0,0,302,131,69,10.0,49,92,0.322,6.17,1.0,2.0,7.0,0.0,470.0,0.0,69,3.0,4.0,13.0
kellemi03,2022,1,PIT,NL,5,12,31,29,0,0,0,477,162,69,14.0,60,138,0.266,3.91,1.0,2.0,12.0,1.0,687.0,0.0,77,2.0,4.0,22.0
kellemi03,2023,1,PIT,NL,13,9,32,32,1,1,0,583,187,91,25.0,55,210,0.249,4.21,0.0,5.0,12.0,1.0,825.0,0.0,97,1.0,5.0,15.0
kellemi03,2024,1,PIT,NL,11,12,31,31,1,0,0,534,182,84,23.0,50,166,0.26,4.25,0.0,1.0,15.0,2.0,773.0,0.0,90,1.0,8.0,11.0
kellemi03,2025,1,PIT,NL,6,15,32,32,0,0,0,529,171,82,21.0,51,150,0.249,4.19,0.0,5.0,10.0,0.0,749.0,0.0,91,0.0,1.0,10.0
kelletr01,2020,1,PHI,NL,0,0,4,0,0,0,0,10,8,4,2.0,1,5,0.444,10.8,0.0,1.0,0.0,0.0,19.0,2.0,4,0.0,0.0,0.0
kelletr01,2022,1,MIL,NL,1,0,18,0,0,0,0,71,25,16,7.0,9,23,0.26,6.08,0.0,0.0,2.0,0.0,107.0,8.0,17,0.0,0.0,0.0
kelletr01,2023,1,TBA,AL,0,1,10,3,0,0,0,46,16,10,4.0,6,11,0.262,5.87,1.0,1.0,2.0,1.0,69.0,2.0,10,0.0,0.0,1.0
kellyca01,2024,1,CIN,NL,0,0,2,0,0,0,1,16,5,3,1.0,1,4,0.263,5.06,0.0,0.0,0.0,0.0,21.0,1.0,3,0.0,1.0,1.0
kellyca01,2025,1,ARI,NL,0,0,2,0,0,0,0,5,1,0,0.0,1,0,0.2,0.0,0.0,1.0,0.0,0.0,6.0,2.0,0,0.0,0.0,1.0
kellyca02,2020,1,ARI,NL,0,0,1,0,0,0,0,3,1,0,0.0,0,0,0.25,0.0,0.0,0.0,0.0,0.0,4.0,1.0,0,0.0,0.0,0.0
kellyca02,2022,1,ARI,NL,0,0,4,0,0,0,0,14,9,4,1.0,2,0,0.409,7.71,0.0,0.0,0.0,0.0,24.0,4.0,4,0.0,0.0,0.0
kellyca02,2023,1,ARI,NL,0,0,2,0,0,0,0,6,5,2,0.0,1,0,0.455,9.0,0.0,0.0,0.0,0.0,12.0,2.0,2,0.0,0.0,0.0
kellyca02,2023,2,DET,AL,0,0,1,0,0,0,0,2,4,1,1.0,0,1,0.667,13.5,0.0,0.0,0.0,0.0,6.0,0.0,1,0.0,0.0,0.0
kellyjo05,2020,1,LAN,NL,0,0,12,1,0,0,0,30,8,2,0.0,7,9,0.235,1.8,0.0,3.0,0.0,0.0,42.0,2.0,3,0.0,1.0,0.0
kellyjo05,2021,1,LAN,NL,2,0,48,0,0,0,2,132,28,14,3.0,15,50,0.174,2.86,1.0,0.0,4.0,1.0,182.0,7.0,16,0.0,2.0,1.0
kellyjo05,2022,1,CHA,AL,1,3,43,1,0,0,1,111,36,25,2.0,23,53,0.252,6.08,0.0,4.0,3.0,0.0,170.0,4.0,26,0.0,1.0,2.0
kellyjo05,2023,1,CHA,AL,1,5,31,0,0,0,1,87,26,16,3.0,12,41,0.228,4.97,0.0,4.0,2.0,2.0,128.0,4.0,19,0.0,0.0,2.0
kellyjo05,2023,2,LAN,NL,1,0,11,0,0,0,0,31,3,2,0.0,6,19,0.088,1.74,0.0,2.0,0.0,0.0,40.0,2.0,3,0.0,0.0,1.0
kellyjo05,2024,1,LAN,NL,1,1,35,0,0,0,0,96,31,17,4.0,16,35,0.258,4.78,1.0,3.0,5.0,2.0,143.0,2.0,19,1.0,1.0,2.0
kellyke02,2023,1,TBA,AL,5,2,57,0,0,0,1,201,53,23,2.0,15,56,0.211,3.09,1.0,1.0,10.0,0.0,276.0,4.0,27,0.0,0.0,5.0
kellyke02,2024,1,TBA,AL,5,2,68,0,0,0,1,212,59,21,7.0,9,63,0.226,2.67,1.0,1.0,5.0,0.0,278.0,13.0,25,2.0,1.0,5.0
kellyke02,2025,1,TBA,AL,2,5,41,0,0,0,0,119,45,26,11.0,9,35,0.281,5.9,1.0,1.0,0.0,1.0,171.0,13.0,29,0.0,2.0,3.0
kellyme01,2020,1,ARI,NL,3,2,5,5,0,0,0,94,26,9,5.0,5,29,0.218,2.59,1.0,0.0,1.0,0.0,125.0,0.0,9,0.0,0.0,3.0
kellyme01,2021,1,ARI,NL,7,11,27,27,0,0,0,474,163,78,21.0,41,130,0.266,4.44,3.0,2.0,4.0,0.0,667.0,0.0,82,6.0,4.0,9.0
kellyme01,2022,1,ARI,NL,13,8,33,33,0,0,0,601,167,75,21.0,61,177,0.226,3.37,2.0,4.0,2.0,1.0,804.0,0.0,77,1.0,1.0,14.0
kellyme01,2023,1,ARI,NL,12,8,30,30,0,0,0,533,143,65,20.0,69,187,0.222,3.29,0.0,3.0,4.0,4.0,722.0,0.0,71,1.0,3.0,19.0
kellyme01,2024,1,ARI,NL,5,1,13,13,0,0,0,221,67,33,11.0,19,63,0.241,4.03,0.0,1.0,2.0,2.0,300.0,0.0,35,0.0,1.0,7.0
kellyme01,2025,1,ARI,NL,9,6,22,22,0,0,0,386,98,46,14.0,38,121,0.206,3.22,0.0,0.0,1.0,1.0,514.0,0.0,53,0.0,0.0,10.0
kellyme01,2025,2,TEX,AL,3,3,10,10,0,0,0,166,59,26,9.0,10,46,0.267,4.23,0.0,1.0,1.0,1.0,234.0,0.0,26,1.0,1.0,0.0
kellymi03,2022,1,PHI,NL,0,0,4,0,0,0,0,12,3,1,1.0,1,4,0.214,2.25,0.0,0.0,1.0,0.0,16.0,3.0,1,0.0,0.0,0.0
kellymi03,2023,1,CLE,AL,1,0,14,0,0,0,0,50,13,7,0.0,9,16,0.21,3.78,0.0,3.0,0.0,0.0,71.0,6.0,8,0.0,0.0,1.0
kellymi03,2024,1,OAK,AL,3,2,28,0,0,0,0,94,27,9,2.0,10,22,0.241,2.59,1.0,1.0,3.0,0.0,128.0,13.0,11,1.0,2.0,5.0
kellymi03,2025,1,ATH,AL,4,4,42,0,0,0,2,119,32,14,5.0,19,29,0.224,3.18,3.0,1.0,1.0,0.0,166.0,13.0,17,2.0,1.0,8.0
kellyza01,2022,1,BOS,AL,1,0,13,0,0,0,0,41,14,6,2.0,4,11,0.259,3.95,0.0,0.0,0.0,0.0,59.0,2.0,6,0.0,1.0,0.0
kellyza01,2023,1,BOS,AL,0,0,8,0,0,0,0,28,7,4,0.0,8,6,0.219,3.86,0.0,1.0,2.0,0.0,43.0,2.0,4,0.0,0.0,0.0
kellyza01,2024,1,BOS,AL,6,3,49,3,0,0,0,170,44,25,10.0,27,61,0.208,3.97,3.0,2.0,2.0,1.0,241.0,8.0,31,0.0,0.0,2.0
kellyza01,2025,1,BOS,AL,1,3,28,0,0,0,0,106,35,18,3.0,12,35,0.261,4.58,1.0,1.0,3.0,0.0,152.0,5.0,21,2.0,1.0,3.0
kennebr02,2023,1,CIN,NL,1,0,5,2,0,0,0,54,19,13,1.0,7,9,0.275,6.5,0.0,0.0,3.0,0.0,83.0,3.0,13,1.0,3.0,0.0
kenneia01,2020,1,KCA,AL,0,2,15,1,0,0,0,42,20,14,7.0,5,15,0.323,9.0,1.0,0.0,1.0,0.0,69.0,1.0,17,1.0,0.0,1.0
kenneia01,2021,1,TEX,AL,0,0,32,0,0,0,16,97,27,9,5.0,7,35,0.227,2.51,2.0,0.0,0.0,0.0,126.0,25.0,9,0.0,0.0,3.0
kenneia01,2021,2,PHI,NL,3,1,23,0,0,0,10,72,18,11,7.0,10,27,0.202,4.13,1.0,0.0,2.0,0.0,102.0,19.0,12,1.0,0.0,0.0
kenneia01,2022,1,ARI,NL,4,7,57,0,0,0,10,151,57,30,11.0,22,44,0.278,5.36,3.0,3.0,1.0,0.0,232.0,21.0,33,0.0,3.0,2.0
kenneia01,2023,1,TEX,AL,0,1,16,0,0,0,0,49,16,13,4.0,7,21,0.246,7.16,0.0,1.0,2.0,0.0,75.0,7.0,15,0.0,1.0,0.0
kentza01,2025,1,CLE,AL,1,0,12,0,0,0,0,53,17,9,1.0,8,16,0.254,4.58,0.0,3.0,1.0,1.0,76.0,11.0,10,0.0,0.0,2.0
kerkeor01,2023,1,PHI,NL,1,0,3,0,0,0,0,9,3,1,0.0,2,6,0.25,3.0,0.0,0.0,0.0,0.0,14.0,0.0,1,0.0,0.0,0.0
kerkeor01,2024,1,PHI,NL,5,3,64,2,0,0,0,189,51,16,2.0,17,74,0.223,2.29,0.0,1.0,8.0,0.0,257.0,6.0,20,1.0,2.0,6.0
kerkeor01,2025,1,PHI,NL,8,4,69,0,0,0,4,180,55,22,6.0,27,65,0.238,3.3,3.0,5.0,4.0,0.0,266.0,12.0,28,0.0,4.0,4.0
kerrra01,2022,1,SDN,NL,0,0,7,0,0,0,0,15,3,5,1.0,4,3,0.188,9.0,0.0,1.0,0.0,0.0,21.0,6.0,5,0.0,1.0,0.0
kerrra01,2023,1,SDN,NL,1,1,22,0,0,0,0,81,25,13,5.0,9,35,0.243,4.33,1.0,1.0,1.0,0.0,114.0,12.0,15,1.0,0.0,2.0
kerrra01,2024,1,ATL,NL,1,2,10,2,0,0,0,67,29,14,4.0,7,27,0.315,5.64,0.0,2.0,3.0,0.0,103.0,3.0,14,0.0,1.0,2.0
kershcl01,2020,1,LAN,NL,6,2,10,10,0,0,0,175,41,14,8.0,8,62,0.194,2.16,0.0,0.0,1.0,0.0,221.0,0.0,18,0.0,1.0,5.0
kershcl01,2021,1,LAN,NL,10,8,22,22,0,0,0,365,103,48,15.0,21,144,0.224,3.55,0.0,7.0,3.0,1.0,488.0,0.0,51,3.0,0.0,8.0
kershcl01,2022,1,LAN,NL,12,3,22,22,0,0,0,379,96,32,10.0,23,137,0.206,2.28,0.0,0.0,2.0,1.0,493.0,0.0,36,1.0,2.0,8.0
kershcl01,2023,1,LAN,NL,13,5,24,24,0,0,0,395,100,36,19.0,40,137,0.209,2.46,0.0,6.0,3.0,2.0,523.0,0.0,39,0.0,1.0,16.0
kershcl01,2024,1,LAN,NL,2,2,7,7,0,0,0,90,36,15,2.0,9,24,0.303,4.5,1.0,2.0,2.0,1.0,133.0,0.0,19,0.0,3.0,2.0
kershcl01,2025,1,LAN,NL,11,2,23,22,0,0,0,338,102,42,8.0,35,84,0.243,3.36,0.0,5.0,2.0,1.0,463.0,0.0,46,2.0,4.0,14.0
kessigr01,2024,1,HOU,AL,0,0,1,0,0,0,0,3,0,0,0.0,0,0,0.0,0.0,0.0,0.0,0.0,0.0,3.0,1.0,0,0.0,0.0,0.0
keuchda01,2020,1,CHA,AL,6,2,11,11,0,0,0,190,52,14,2.0,17,42,0.218,1.99,0.0,0.0,0.0,0.0,257.0,0.0,15,2.0,0.0,5.0
keuchda01,2021,1,CHA,AL,9,9,32,30,0,0,0,486,189,95,25.0,59,95,0.29,5.28,1.0,5.0,7.0,0.0,720.0,0.0,105,0.0,1.0,21.0
keuchda01,2022,1,CHA,AL,2,5,8,8,0,0,0,96,49,28,6.0,20,20,0.343,7.88,2.0,3.0,0.0,0.0,164.0,0.0,33,0.0,1.0,4.0
keuchda01,2022,2,ARI,NL,0,2,4,4,0,0,0,56,27,20,4.0,7,18,0.329,9.64,0.0,0.0,0.0,0.0,89.0,0.0,22,0.0,0.0,1.0
keuchda01,2022,3,TEX,AL,0,2,2,2,0,0,0,30,18,14,1.0,4,7,0.409,12.6,0.0,0.0,0.0,0.0,50.0,0.0,14,0.0,2.0,1.0
keuchda01,2023,1,MIN,AL,2,1,10,6,0,0,0,113,45,25,3.0,18,25,0.298,5.97,0.0,2.0,2.0,0.0,172.0,2.0,25,0.0,1.0,6.0
keuchda01,2024,1,MIL,NL,0,0,4,4,0,0,0,50,23,10,3.0,8,11,0.329,5.4,0.0,0.0,0.0,0.0,79.0,0.0,10,0.0,1.0,2.0
kickhmi01,2020,1,BOS,AL,1,1,6,2,0,0,0,42,21,12,6.0,5,17,0.333,7.71,1.0,0.0,2.0,0.0,70.0,2.0,12,0.0,0.0,0.0
kickhmi01,2021,1,LAN,NL,0,0,1,0,0,0,0,6,5,3,1.0,1,2,0.5,13.5,0.0,0.0,1.0,0.0,12.0,1.0,3,0.0,0.0,1.0
kikucyu01,2020,1,SEA,AL,2,4,9,9,0,0,0,141,41,27,3.0,20,47,0.238,5.17,0.0,3.0,0.0,0.0,194.0,0.0,27,0.0,2.0,8.0
kikucyu01,2021,1,SEA,AL,7,9,29,29,0,0,0,471,145,77,27.0,62,163,0.243,4.41,0.0,6.0,5.0,0.0,666.0,0.0,82,1.0,1.0,17.0
kikucyu01,2022,1,TOR,AL,6,7,32,20,0,0,1,302,93,58,23.0,58,124,0.243,5.19,0.0,3.0,9.0,0.0,454.0,4.0,67,1.0,3.0,7.0
kikucyu01,2023,1,TOR,AL,11,6,32,32,0,0,0,503,165,72,27.0,48,181,0.255,3.86,0.0,7.0,4.0,0.0,700.0,0.0,78,2.0,0.0,16.0
kikucyu01,2024,1,TOR,AL,4,9,22,22,0,0,0,347,125,61,17.0,30,130,0.272,4.75,0.0,2.0,2.0,0.0,497.0,0.0,63,4.0,2.0,4.0
kikucyu01,2024,2,HOU,AL,5,1,10,10,0,0,0,180,42,18,8.0,14,76,0.188,2.7,0.0,2.0,0.0,0.0,239.0,0.0,22,0.0,1.0,3.0
kikucyu01,2025,1,LAA,AL,7,11,33,33,0,0,0,535,180,79,24.0,74,174,0.261,3.99,3.0,8.0,3.0,0.0,772.0,0.0,87,0.0,6.0,13.0
kiliaca01,2022,1,CHN,NL,0,2,3,3,0,0,0,34,11,13,0.0,12,9,0.262,10.32,1.0,3.0,1.0,0.0,56.0,0.0,15,0.0,1.0,1.0
kiliaca01,2023,1,CHN,NL,0,1,3,1,0,0,0,16,13,10,0.0,2,5,0.481,16.88,0.0,2.0,4.0,0.0,33.0,1.0,10,0.0,0.0,2.0
kiliaca01,2024,1,CHN,NL,0,1,2,1,0,0,0,32,11,5,2.0,6,7,0.268,4.22,0.0,1.0,0.0,0.0,48.0,0.0,6,1.0,0.0,1.0
kilomfr01,2020,1,NYN,NL,0,1,4,0,0,0,1,34,14,14,5.0,9,13,0.298,11.12,0.0,1.0,1.0,0.0,58.0,2.0,14,1.0,0.0,0.0
kimbrcr01,2020,1,CHN,NL,0,1,18,0,0,0,2,46,10,9,2.0,12,28,0.182,5.28,1.0,4.0,2.0,0.0,69.0,11.0,9,0.0,0.0,0.0
kimbrcr01,2021,1,CHN,NL,2,3,39,0,0,0,23,110,13,2,1.0,13,64,0.106,0.49,0.0,3.0,0.0,1.0,137.0,35.0,6,0.0,1.0,1.0
kimbrcr01,2021,2,CHA,AL,2,2,24,0,0,0,1,69,18,13,5.0,10,36,0.217,5.09,1.0,5.0,3.0,0.0,98.0,8.0,13,0.0,2.0,1.0
kimbrcr01,2022,1,LAN,NL,6,7,63,0,0,0,22,180,51,25,4.0,28,72,0.227,3.75,2.0,7.0,5.0,1.0,260.0,47.0,31,1.0,1.0,4.0
kimbrcr01,2023,1,PHI,NL,8,6,71,0,0,0,23,207,44,25,10.0,28,94,0.181,3.26,1.0,4.0,4.0,2.0,278.0,45.0,28,0.0,3.0,3.0
kimbrcr01,2024,1,BAL,AL,7,5,57,0,0,0,23,157,40,31,7.0,31,73,0.208,5.33,1.0,3.0,5.0,1.0,232.0,39.0,35,1.0,3.0,0.0
kimbrcr01,2025,1,ATL,NL,0,0,1,0,0,0,0,3,1,0,0.0,1,1,0.5,0.0,0.0,0.0,0.0,0.0,3.0,0.0,0,0.0,0.0,0.0
kimbrcr01,2025,2,HOU,AL,0,1,13,0,0,0,0,33,9,3,2.0,6,16,0.225,2.45,0.0,0.0,0.0,0.0,46.0,5.0,4,0.0,0.0,0.0
kimkw01,2020,1,SLN,NL,3,0,8,7,0,0,1,117,28,7,3.0,12,24,0.197,1.62,2.0,1.0,0.0,0.0,154.0,1.0,9,0.0,0.0,7.0
kimkw01,2021,1,SLN,NL,7,7,27,21,0,0,1,320,98,41,12.0,39,80,0.242,3.46,2.0,4.0,4.0,0.0,452.0,2.0,46,2.0,2.0,10.0
kineris01,2023,1,NYA,AL,0,0,4,0,0,0,0,12,4,1,0.0,0,1,0.25,2.25,0.0,0.0,0.0,0.0,16.0,4.0,1,0.0,0.0,0.0
kineris01,2024,1,TOR,AL,0,0,2,0,0,0,0,6,1,1,0.0,2,0,0.167,4.5,0.0,0.0,0.0,0.0,9.0,2.0,1,0.0,1.0,0.0
kineris01,2025,2,TOR,AL,0,0,1,0,0,0,0,2,0,0,0.0,0,0,0.0,0.0,0.0,0.0,0.0,0.0,2.0,1.0,0,0.0,0.0,0.0
kingbr01,2024,1,HOU,AL,1,0,28,0,0,0,0,79,20,7,1.0,10,32,0.211,2.39,0.0,0.0,3.0,0.0,109.0,7.0,7,0.0,1.0,3.0
kingbr01,2025,1,HOU,AL,5,4,68,0,0,0,2,204,60,21,10.0,11,69,0.233,2.78,0.0,3.0,4.0,0.0,275.0,11.0,21,0.0,2.0,4.0
kingesc01,2025,1,LAA,AL,0,0,1,0,0,0,0,6,12,8,2.0,0,1,0.667,36.0,0.0,0.0,0.0,0.0,18.0,1.0,8,0.0,0.0,0.0
kingjo01,2020,1,TEX,AL,1,0,6,0,0,0,0,31,13,7,2.0,4,9,0.289,6.1,0.0,0.0,2.0,0.0,51.0,0.0,8,0.0,0.0,0.0
kingjo01,2021,1,TEX,AL,7,5,27,0,0,0,0,138,41,18,3.0,12,40,0.233,3.52,1.0,2.0,4.0,0.0,193.0,6.0,24,1.0,0.0,4.0
kingjo01,2022,1,TEX,AL,1,4,39,0,0,0,0,154,61,23,5.0,14,30,0.298,4.03,3.0,2.0,1.0,0.0,222.0,5.0,27,1.0,1.0,6.0
kingjo01,2023,1,TEX,AL,1,1,15,0,0,0,0,56,26,12,1.0,4,10,0.342,5.79,0.0,0.0,0.0,0.0,81.0,8.0,12,0.0,1.0,4.0
kingjo01,2023,2,SLN,NL,1,0,20,0,0,0,0,56,19,3,1.0,6,10,0.275,1.45,0.0,0.0,0.0,0.0,76.0,1.0,3,1.0,0.0,5.0
kingjo01,2024,1,SLN,NL,3,3,56,0,0,0,0,180,58,19,5.0,14,38,0.258,2.85,1.0,3.0,1.0,1.0,248.0,10.0,23,1.0,7.0,8.0
kingjo01,2025,1,SLN,NL,2,1,51,0,0,0,0,145,65,25,8.0,14,28,0.316,4.66,0.0,3.0,0.0,0.0,222.0,15.0,30,1.0,1.0,5.0
kingmi01,2020,1,NYA,AL,1,2,9,4,0,0,0,80,30,23,5.0,11,26,0.278,7.76,0.0,0.0,2.0,0.0,121.0,1.0,23,0.0,0.0,2.0
kingmi01,2021,1,NYA,AL,2,4,22,6,0,0,0,190,57,25,6.0,24,62,0.236,3.55,1.0,5.0,6.0,0.0,275.0,3.0,29,1.0,1.0,4.0
kingmi01,2022,1,NYA,AL,6,3,34,0,0,0,1,153,35,13,3.0,16,66,0.192,2.29,2.0,2.0,0.0,0.0,199.0,10.0,15,0.0,1.0,6.0
kingmi01,2023,1,NYA,AL,4,8,49,9,0,0,6,314,88,32,10.0,32,127,0.226,2.75,1.0,2.0,5.0,1.0,431.0,10.0,35,3.0,1.0,9.0
kingmi01,2024,1,SDN,NL,13,9,31,30,0,0,0,521,144,57,17.0,63,201,0.221,2.95,2.0,1.0,7.0,0.0,726.0,0.0,71,2.0,1.0,8.0
kingmi01,2025,1,SDN,NL,5,3,15,15,1,1,0,220,62,28,12.0,26,76,0.224,3.44,0.0,2.0,4.0,0.0,308.0,0.0,31,0.0,1.0,5.0
kinlety01,2020,1,COL,NL,0,2,24,0,0,0,0,71,13,14,2.0,12,26,0.167,5.32,0.0,4.0,3.0,0.0,96.0,4.0,15,1.0,2.0,2.0
kinlety01,2021,1,COL,NL,3,2,70,0,0,0,0,211,59,37,12.0,26,68,0.223,4.73,1.0,4.0,2.0,0.0,295.0,7.0,37,1.0,2.0,3.0
kinlety01,2022,1,COL,NL,1,1,25,0,0,0,0,72,21,2,0.0,6,27,0.226,0.75,0.0,2.0,1.0,0.0,100.0,3.0,5,0.0,0.0,1.0
kinlety01,2023,1,COL,NL,0,4,18,0,0,0,5,49,21,11,3.0,6,17,0.318,6.06,0.0,1.0,1.0,0.0,76.0,11.0,11,1.0,2.0,0.0
kinlety01,2024,1,COL,NL,6,1,67,0,0,0,12,192,61,44,11.0,33,72,0.248,6.19,2.0,6.0,2.0,0.0,285.0,25.0,44,1.0,3.0,2.0
kinlety01,2025,1,COL,NL,1,3,49,0,0,0,3,143,42,30,5.0,27,51,0.23,5.66,4.0,5.0,2.0,0.0,214.0,15.0,33,0.0,2.0,1.0
kinlety01,2025,2,ATL,NL,5,0,24,0,0,0,0,75,11,2,1.0,6,22,0.126,0.72,0.0,1.0,1.0,1.0,94.0,5.0,2,0.0,0.0,0.0
kintzbr01,2020,1,MIA,NL,2,3,24,0,0,0,12,73,21,6,3.0,11,14,0.236,2.22,3.0,0.0,0.0,0.0,101.0,21.0,7,0.0,1.0,7.0
kintzbr01,2021,1,PHI,NL,2,1,29,1,0,0,0,89,45,21,7.0,8,22,0.344,6.37,2.0,0.0,1.0,0.0,141.0,6.0,23,0.0,1.0,5.0
kirbyge01,2022,1,SEA,AL,8,5,25,25,0,0,0,390,135,49,13.0,22,133,0.264,3.39,0.0,4.0,5.0,0.0,542.0,0.0,54,1.0,3.0,9.0
kirbyge01,2023,1,SEA,AL,13,10,31,31,1,0,0,572,179,71,22.0,19,172,0.246,3.35,1.0,1.0,6.0,0.0,757.0,0.0,74,2.0,3.0,18.0
kirbyge01,2024,1,SEA,AL,14,11,33,33,0,0,0,573,181,75,22.0,23,179,0.244,3.53,0.0,5.0,7.0,1.0,778.0,0.0,82,2.0,5.0,8.0
kirbyge01,2025,1,SEA,AL,10,8,23,23,0,0,0,378,121,59,15.0,29,137,0.252,4.21,0.0,3.0,7.0,0.0,524.0,0.0,60,0.0,8.0,9.0
kitchau01,2024,1,MIA,NL,0,1,4,1,0,0,0,21,16,11,1.0,3,4,0.41,14.14,0.0,0.0,0.0,1.0,42.0,1.0,12,0.0,0.0,1.0
kittran01,2020,1,TBA,AL,0,0,8,1,0,0,1,24,8,2,0.0,2,3,0.276,2.25,0.0,0.0,0.0,0.0,31.0,1.0,2,0.0,0.0,3.0
kittran01,2021,1,TBA,AL,9,3,57,4,0,0,8,215,55,15,7.0,15,77,0.21,1.88,5.0,5.0,3.0,0.0,282.0,15.0,21,1.0,1.0,4.0
kittran01,2022,1,TBA,AL,3,1,17,0,0,0,5,60,15,7,4.0,2,14,0.205,3.15,0.0,0.0,0.0,0.0,75.0,9.0,7,0.0,0.0,2.0
kittran01,2023,1,TBA,AL,2,0,14,0,0,0,1,35,12,4,1.0,2,10,0.255,3.09,0.0,0.0,1.0,0.0,50.0,6.0,4,0.0,0.0,0.0
kittran01,2024,1,SLN,NL,5,5,74,0,0,0,1,212,60,22,10.0,20,67,0.228,2.8,2.0,0.0,0.0,0.0,287.0,4.0,26,1.0,3.0,6.0
kittran01,2025,1,BAL,AL,2,2,31,0,0,0,0,94,26,12,4.0,8,32,0.222,3.45,1.0,1.0,0.0,0.0,126.0,9.0,13,0.0,1.0,3.0
kittran01,2025,2,CHN,NL,2,1,23,0,0,0,5,65,15,8,3.0,3,32,0.195,3.32,0.0,0.0,0.0,0.0,82.0,8.0,9,1.0,1.0,2.0
kleinwi01,2024,1,KCA,AL,1,0,5,0,0,0,0,17,10,4,0.0,2,6,0.4,6.35,0.0,0.0,0.0,0.0,27.0,2.0,4,0.0,0.0,1.0
kleinwi01,2024,2,OAK,AL,0,0,3,0,0,0,0,5,2,5,0.0,4,1,0.333,27.0,0.0,1.0,0.0,0.0,11.0,0.0,5,0.0,1.0,0.0
kleinwi01,2025,1,LAN,NL,1,1,14,0,0,0,0,46,14,4,0.0,10,21,0.246,2.35,0.0,0.0,2.0,0.0,70.0,5.0,6,0.0,1.0,1.0
klinebr01,2020,1,BAL,AL,0,0,3,0,0,0,0,15,2,1,0.0,3,7,0.118,1.8,0.0,0.0,0.0,0.0,20.0,1.0,1,0.0,0.0,0.0
kloboga01,2021,1,WAS,NL,0,1,11,0,0,0,0,34,13,7,0.0,5,5,0.283,5.56,1.0,2.0,1.0,0.0,52.0,2.0,8,0.0,0.0,1.0
kloffad01,2024,1,SLN,NL,0,0,1,0,0,0,0,3,0,0,0.0,0,0,0.0,0.0,0.0,0.0,0.0,0.0,3.0,0.0,0,0.0,0.0,0.0
klubeco01,2020,1,TEX,AL,0,0,1,1,0,0,0,3,0,0,0.0,1,1,0.0,0.0,0.0,0.0,0.0,0.0,3.0,0.0,0,0.0,0.0,0.0
klubeco01,2021,1,NYA,AL,5,3,16,16,1,1,0,240,74,34,8.0,33,82,0.247,3.83,0.0,3.0,5.0,0.0,341.0,0.0,37,1.0,3.0,9.0
klubeco01,2022,1,TBA,AL,10,10,31,31,0,0,0,492,178,79,20.0,21,139,0.274,4.34,0.0,2.0,10.0,0.0,689.0,0.0,82,2.0,6.0,7.0
klubeco01,2023,1,BOS,AL,3,6,15,9,0,0,1,165,69,43,17.0,21,42,0.297,7.04,0.0,1.0,4.0,0.0,257.0,1.0,47,0.0,0.0,1.0
knackla01,2024,1,LAN,NL,3,5,15,12,0,0,1,207,58,28,14.0,18,69,0.22,3.65,0.0,1.0,3.0,1.0,286.0,1.0,28,0.0,1.0,1.0
knackla01,2025,1,LAN,NL,3,2,10,7,0,0,1,127,40,23,10.0,19,42,0.247,4.89,0.0,1.0,2.0,0.0,185.0,1.0,25,0.0,2.0,2.0
knappan01,2021,1,PHI,NL,0,0,1,0,0,0,0,1,0,0,0.0,0,0,0.0,0.0,0.0,0.0,0.0,0.0,1.0,1.0,0,0.0,0.0,0.0
knebeco01,2020,1,MIL,NL,0,0,15,0,0,0,0,40,15,9,4.0,8,15,0.278,6.08,0.0,0.0,0.0,0.0,62.0,2.0,9,0.0,0.0,0.0
knebeco01,2021,1,LAN,NL,4,0,27,4,0,0,3,77,16,7,2.0,9,30,0.176,2.45,1.0,0.0,0.0,1.0,101.0,3.0,8,0.0,1.0,1.0
knebeco01,2022,1,PHI,NL,3,5,46,0,0,0,12,134,33,17,4.0,28,41,0.202,3.43,3.0,2.0,2.0,0.0,194.0,29.0,22,0.0,1.0,1.0
knehrre01,2021,1,SDN,NL,1,2,12,5,0,0,0,87,23,16,2.0,20,20,0.221,4.97,1.0,3.0,2.0,0.0,129.0,1.0,16,0.0,3.0,1.0
knehrre01,2022,1,SDN,NL,0,0,5,1,0,0,0,41,11,6,1.0,4,10,0.216,3.95,0.0,0.0,4.0,1.0,59.0,2.0,6,0.0,0.0,1.0
knehrre01,2023,1,SDN,NL,0,1,4,1,0,0,0,17,10,10,3.0,5,4,0.385,15.88,0.0,0.0,0.0,0.0,32.0,3.0,10,0.0,1.0,0.0
knighdu01,2021,1,BAL,AL,0,0,7,0,0,0,0,26,11,9,1.0,5,11,0.289,9.35,0.0,3.0,0.0,0.0,44.0,3.0,10,0.0,1.0,0.0
knighdu01,2022,1,TBA,AL,0,1,6,0,0,0,0,33,11,7,4.0,4,9,0.25,5.73,1.0,1.0,0.0,0.0,49.0,3.0,8,1.0,0.0,0.0
kniznan01,2022,1,SLN,NL,0,0,1,0,0,0,0,2,1,0,0.0,0,0,0.333,0.0,0.0,0.0,0.0,0.0,3.0,1.0,0,0.0,0.0,0.0
kniznan01,2024,1,TEX,AL,0,0,2,0,0,0,0,9,1,0,0.0,2,0,0.125,0.0,0.0,0.0,0.0,0.0,11.0,2.0,0,0.0,1.0,1.0
kochaja01,2024,1,LAA,AL,2,6,11,11,0,0,0,196,68,29,7.0,10,25,0.275,3.99,1.0,1.0,8.0,0.0,266.0,0.0,30,1.0,0.0,16.0
kochaja01,2025,1,LAA,AL,3,11,23,23,0,0,0,333,136,84,21.0,58,72,0.309,6.81,4.0,4.0,7.0,1.0,512.0,0.0,89,0.0,7.0,18.0
kochma01,2022,1,SEA,AL,0,0,4,0,0,0,0,13,5,4,2.0,1,3,0.278,8.31,0.0,0.0,0.0,0.0,19.0,2.0,4,0.0,0.0,0.0
kochma01,2023,1,COL,NL,3,2,39,1,0,0,0,116,41,22,7.0,9,27,0.272,5.12,0.0,0.0,2.0,0.0,163.0,9.0,22,0.0,1.0,4.0
kochma01,2024,1,COL,NL,0,0,2,0,0,0,1,1,3,3,1.0,1,0,0.75,81.0,0.0,0.0,0.0,0.0,5.0,1.0,4,0.0,0.0,0.0
koenija01,2022,1,OAK,AL,1,3,10,5,0,0,0,118,40,25,4.0,15,22,0.26,5.72,0.0,4.0,5.0,1.0,177.0,4.0,25,1.0,2.0,3.0
koenija01,2024,1,MIL,NL,9,4,55,6,0,0,1,186,54,17,4.0,23,63,0.228,2.47,4.0,0.0,4.0,0.0,265.0,5.0,22,1.0,0.0,3.0
koenija01,2025,1,MIL,NL,6,1,72,0,0,0,2,198,57,21,6.0,20,68,0.237,2.86,1.0,1.0,4.0,0.0,268.0,8.0,21,2.0,1.0,7.0
koernbr01,2021,1,NYA,AL,0,0,2,0,0,0,0,9,2,1,0.0,2,1,0.2,3.0,0.0,0.0,1.0,0.0,13.0,2.0,1,0.0,0.0,1.0
kolarad01,2020,1,LAN,NL,3,0,20,0,0,0,1,57,11,2,1.0,4,13,0.164,0.95,0.0,2.0,0.0,0.0,72.0,3.0,2,0.0,1.0,1.0
kolarad01,2021,1,OAK,AL,0,0,12,0,0,0,0,27,15,8,2.0,5,4,0.341,8.0,0.0,1.0,1.0,0.0,51.0,2.0,10,1.0,0.0,0.0
kolarad01,2022,1,OAK,AL,0,1,15,0,0,0,0,53,20,9,1.0,8,9,0.294,4.58,0.0,0.0,3.0,0.0,79.0,7.0,9,0.0,0.0,3.0
kolarad01,2023,1,LAN,NL,0,0,1,0,0,0,0,4,1,0,0.0,0,2,0.2,0.0,0.0,0.0,0.0,0.0,5.0,0.0,0,0.0,0.0,0.0
kolarad01,2023,2,NYN,NL,0,0,4,0,0,0,0,14,1,0,0.0,1,5,0.071,0.0,0.0,0.0,1.0,0.0,17.0,0.0,0,1.0,0.0,0.0
kolekst01,2024,1,SDN,NL,3,0,42,0,0,0,0,140,59,27,4.0,12,39,0.301,5.21,0.0,2.0,3.0,0.0,211.0,12.0,30,0.0,0.0,2.0
kolekst01,2025,1,SDN,NL,4,5,14,14,1,1,0,239,78,37,8.0,26,56,0.262,4.18,1.0,0.0,7.0,0.0,336.0,0.0,40,0.0,5.0,17.0
kolekst01,2025,2,KCA,AL,1,2,5,5,0,0,0,99,20,7,1.0,5,21,0.167,1.91,0.0,0.0,0.0,0.0,125.0,0.0,9,0.0,0.0,2.0
kopecmi01,2021,1,CHA,AL,4,3,44,4,0,0,0,208,54,27,9.0,24,103,0.21,3.5,1.0,3.0,1.0,0.0,285.0,1.0,27,0.0,3.0,3.0
kopecmi01,2022,1,CHA,AL,5,9,25,25,0,0,0,358,85,47,15.0,57,105,0.198,3.54,0.0,2.0,3.0,2.0,494.0,0.0,53,0.0,5.0,8.0
kopecmi01,2023,1,CHA,AL,5,12,30,27,0,0,0,388,115,78,29.0,91,134,0.238,5.43,0.0,9.0,11.0,0.0,591.0,2.0,80,0.0,5.0,11.0
kopecmi01,2024,1,CHA,AL,2,8,43,0,0,0,9,131,35,23,8.0,24,59,0.222,4.74,2.0,5.0,5.0,2.0,191.0,26.0,24,1.0,3.0,4.0
kopecmi01,2024,2,LAN,NL,4,0,24,0,0,0,6,72,9,3,1.0,10,29,0.118,1.13,0.0,1.0,0.0,0.0,88.0,9.0,3,0.0,2.0,2.0
kopecmi01,2025,1,LAN,NL,0,0,14,0,0,0,0,33,6,3,0.0,13,12,0.15,2.45,0.0,3.0,0.0,1.0,53.0,1.0,3,0.0,0.0,0.0
kossch01,2025,1,SFN,NL,0,0,4,0,0,0,0,12,4,0,0.0,0,0,0.25,0.0,0.0,0.0,0.0,0.0,16.0,4.0,0,0.0,0.0,0.0
kowarja01,2021,1,KCA,AL,0,6,9,8,0,0,0,91,43,38,7.0,20,29,0.336,11.27,0.0,8.0,2.0,0.0,154.0,1.0,38,0.0,4.0,1.0
kowarja01,2022,1,KCA,AL,0,0,7,0,0,0,0,47,27,17,4.0,11,17,0.38,9.77,0.0,0.0,0.0,0.0,82.0,3.0,17,0.0,0.0,2.0
kowarja01,2023,1,KCA,AL,2,0,23,0,0,0,0,84,34,20,4.0,20,29,0.293,6.43,0.0,5.0,1.0,0.0,137.0,8.0,24,0.0,0.0,1.0
kowarja01,2025,1,SEA,AL,2,0,15,0,0,0,0,51,14,8,4.0,7,15,0.222,4.24,0.0,2.0,1.0,0.0,71.0,9.0,8,0.0,0.0,1.0
kranima01,2021,1,PIT,NL,2,3,9,9,0,0,0,116,47,27,4.0,19,32,0.301,6.28,3.0,2.0,4.0,0.0,182.0,0.0,28,1.0,2.0,2.0
kranima01,2022,1,PIT,NL,0,0,2,0,0,0,0,15,3,0,0.0,3,4,0.188,0.0,0.0,1.0,0.0,0.0,19.0,0.0,0,0.0,0.0,0.0
kranima01,2025,1,NYN,NL,3,2,24,0,0,0,0,111,34,15,5.0,5,25,0.239,3.65,0.0,0.0,0.0,0.0,148.0,6.0,15,0.0,1.0,0.0
kratzer01,2020,1,NYA,AL,0,0,2,0,0,0,0,6,2,2,2.0,0,0,0.25,9.0,0.0,0.0,1.0,0.0,9.0,2.0,2,0.0,0.0,0.0
kraveev01,2024,1,CIN,NL,0,0,1,0,0,0,0,2,0,0,0.0,0,0,0.0,0.0,0.0,0.0,0.0,0.0,2.0,0.0,0,0.0,0.0,0.0
krehbjo01,2021,1,TBA,AL,0,0,1,0,0,0,0,3,0,0,0.0,1,2,0.0,0.0,0.0,0.0,0.0,0.0,4.0,1.0,0,0.0,0.0,0.0
krehbjo01,2021,2,BAL,AL,0,0,5,0,0,0,0,22,5,4,1.0,4,5,0.192,4.91,0.0,1.0,0.0,0.0,30.0,0.0,4,0.0,0.0,1.0
krehbjo01,2022,1,BAL,AL,5,5,56,0,0,0,1,173,53,25,9.0,18,45,0.242,3.9,1.0,1.0,3.0,0.0,244.0,8.0,28,0.0,4.0,3.0
krehbjo01,2023,1,BAL,AL,1,0,6,0,0,0,0,15,2,1,1.0,2,5,0.118,1.8,0.0,0.0,0.0,0.0,19.0,4.0,1,0.0,0.0,0.0
kremede01,2020,1,BAL,AL,1,1,4,4,0,0,0,56,15,10,0.0,12,22,0.214,4.82,0.0,0.0,0.0,0.0,83.0,0.0,10,0.0,1.0,0.0
kremede01,2021,1,BAL,AL,0,7,13,13,0,0,0,161,63,45,17.0,25,47,0.292,7.55,0.0,5.0,1.0,0.0,245.0,0.0,46,0.0,3.0,5.0
kremede01,2022,1,BAL,AL,8,7,22,21,1,1,0,376,123,45,11.0,34,87,0.262,3.23,0.0,5.0,5.0,0.0,512.0,0.0,48,1.0,2.0,14.0
kremede01,2023,1,BAL,AL,13,5,32,32,0,0,0,518,171,79,27.0,55,157,0.254,4.12,0.0,5.0,5.0,0.0,735.0,0.0,85,0.0,2.0,10.0
kremede01,2024,1,BAL,AL,8,10,24,24,0,0,0,389,110,59,18.0,51,123,0.223,4.1,0.0,1.0,3.0,1.0,553.0,0.0,72,1.0,5.0,6.0
kremede01,2025,1,BAL,AL,11,10,31,29,0,0,0,515,163,80,22.0,45,142,0.248,4.19,0.0,9.0,2.0,1.0,708.0,0.0,83,0.0,4.0,13.0
kriskbr01,2020,1,NYA,AL,0,0,4,0,0,0,0,11,3,6,1.0,7,8,0.2,14.73,0.0,2.0,0.0,0.0,22.0,2.0,6,0.0,0.0,0.0
kriskbr01,2021,1,NYA,AL,1,1,8,0,0,0,0,23,12,13,5.0,6,7,0.375,15.26,0.0,5.0,1.0,0.0,41.0,8.0,14,1.0,1.0,0.0
kriskbr01,2021,2,BAL,AL,1,0,4,0,0,0,0,11,5,5,2.0,0,4,0.333,12.27,0.0,0.0,0.0,0.0,15.0,0.0,5,0.0,0.0,0.0
kriskbr01,2023,1,KCA,AL,0,0,4,0,0,0,0,20,3,3,2.0,4,6,0.15,4.05,0.0,0.0,0.0,0.0,25.0,2.0,3,0.0,1.0,0.0
kriskbr01,2025,1,CHN,NL,0,0,4,0,0,0,0,18,2,0,0.0,5,4,0.105,0.0,1.0,0.0,0.0,0.0,24.0,3.0,0,0.0,0.0,0.0
kriskbr01,2025,2,MIN,AL,0,1,12,0,0,0,0,36,18,15,1.0,10,14,0.34,11.25,0.0,1.0,0.0,0.0,64.0,4.0,15,0.0,1.0,0.0
kristza01,2024,1,LAA,AL,0,0,1,0,0,0,0,6,3,0,0.0,2,2,0.375,0.0,0.0,0.0,0.0,0.0,11.0,1.0,2,0.0,1.0,1.0
krolia01,2021,1,DET,AL,0,0,18,0,0,0,0,56,23,9,2.0,8,18,0.303,4.34,0.0,1.0,0.0,1.0,86.0,7.0,10,1.0,1.0,3.0
krookma01,2023,1,NYA,AL,0,0,4,0,0,0,0,12,8,11,1.0,6,3,0.4,24.75,0.0,1.0,0.0,0.0,27.0,1.0,11,0.0,1.0,0.0
krookma01,2024,1,BAL,AL,0,0,1,0,0,0,0,3,1,2,1.0,1,2,0.2,18.0,0.0,0.0,0.0,0.0,6.0,0.0,3,0.0,0.0,0.0
krookma01,2025,1,ATH,AL,0,0,3,0,0,0,0,10,5,2,0.0,1,3,0.385,5.4,0.0,1.0,0.0,0.0,15.0,0.0,2,1.0,0.0,1.0
kuhlch01,2020,1,PIT,NL,2,3,11,9,0,0,0,139,35,22,8.0,28,44,0.212,4.27,0.0,1.0,2.0,0.0,197.0,0.0,26,1.0,0.0,4.0
kuhlch01,2021,1,PIT,NL,5,7,28,14,0,0,0,241,73,43,13.0,42,75,0.252,4.82,0.0,9.0,9.0,0.0,349.0,2.0,50,2.0,6.0,17.0
kuhlch01,2022,1,COL,NL,6,11,27,27,1,1,0,411,155,87,25.0,58,110,0.284,5.72,1.0,5.0,5.0,0.0,617.0,0.0,91,3.0,5.0,8.0
kuhlch01,2023,1,WAS,NL,0,4,16,5,0,0,1,115,47,36,8.0,28,31,0.313,8.45,2.0,4.0,3.0,0.0,187.0,5.0,38,1.0,5.0,5.0
kuhlch01,2024,1,CHA,AL,0,2,31,1,0,0,1,160,56,30,5.0,25,54,0.272,5.06,1.0,6.0,6.0,0.0,240.0,7.0,33,2.0,1.0,5.0
kuhnejo01,2020,1,CIN,NL,1,0,3,0,0,0,0,9,4,2,2.0,0,3,0.308,6.0,0.0,0.0,0.0,0.0,13.0,1.0,2,0.0,0.0,0.0
kuhnejo01,2022,1,CIN,NL,2,3,53,0,0,0,1,174,67,41,8.0,14,56,0.291,6.36,1.0,1.0,5.0,0.0,255.0,13.0,41,2.0,4.0,3.0
kuhnejo01,2023,1,CIN,NL,0,0,2,0,0,0,0,10,6,3,0.0,2,0,0.4,8.1,0.0,0.0,0.0,0.0,17.0,1.0,3,0.0,0.0,1.0
kuhnejo01,2023,2,HOU,AL,0,0,7,0,0,0,0,29,10,5,2.0,3,3,0.27,4.66,1.0,0.0,1.0,0.0,41.0,5.0,5,0.0,0.0,2.0
kuhnejo01,2024,1,HOU,AL,0,0,1,0,0,0,0,6,4,4,0.0,0,1,0.4,18.0,0.0,0.0,1.0,0.0,11.0,0.0,4,0.0,0.0,0.0
kuhnejo01,2024,2,TBA,AL,0,0,5,0,0,0,0,24,4,1,1.0,0,4,0.143,1.13,0.0,0.0,0.0,0.0,28.0,3.0,1,0.0,0.0,0.0
ladwiaj01,2022,1,MIA,NL,0,0,1,0,0,0,0,10,6,4,2.0,0,0,0.4,10.8,0.0,0.0,0.0,0.0,15.0,0.0,4,0.0,0.0,1.0
lailbr01,2020,1,CHA,AL,0,0,1,0,0,0,0,4,2,0,0.0,0,1,0.333,0.0,0.0,0.0,0.0,0.0,6.0,1.0,0,0.0,0.0,0.0
lailbr01,2020,2,SEA,AL,0,0,7,0,0,0,0,45,12,8,5.0,7,11,0.214,4.8,0.0,0.0,2.0,0.0,65.0,6.0,8,0.0,0.0,1.0
lailbr01,2021,1,SEA,AL,0,0,2,0,0,0,0,6,4,3,1.0,0,1,0.4,13.5,0.0,0.0,0.0,0.0,10.0,2.0,3,0.0,0.0,0.0
lakintr01,2020,1,BAL,AL,3,2,22,0,0,0,1,77,25,8,2.0,13,25,0.25,2.81,0.0,3.0,2.0,0.0,116.0,5.0,11,0.0,1.0,2.0
lakintr01,2021,1,BAL,AL,1,4,24,1,0,0,0,84,23,18,4.0,17,24,0.221,5.79,0.0,4.0,1.0,1.0,123.0,3.0,20,0.0,1.0,2.0
lakintr01,2022,1,BAL,AL,0,1,6,0,0,0,0,31,14,11,3.0,6,8,0.326,9.58,0.0,1.0,1.0,0.0,50.0,3.0,11,0.0,0.0,1.0
lambeji01,2020,1,CHA,AL,0,0,2,0,0,0,0,6,2,0,0.0,0,2,0.25,0.0,0.0,0.0,0.0,0.0,8.0,1.0,0,0.0,0.0,0.0
lambeji01,2021,1,CHA,AL,1,1,4,3,0,0,0,39,16,9,3.0,6,10,0.314,6.23,0.0,0.0,2.0,1.0,60.0,0.0,9,0.0,1.0,2.0
lambeji01,2022,1,CHA,AL,1,2,42,2,0,0,0,141,40,17,4.0,24,45,0.227,3.26,0.0,5.0,1.0,0.0,204.0,7.0,18,1.0,2.0,2.0
lambeji01,2023,1,CHA,AL,2,3,35,1,0,0,1,113,41,22,10.0,20,41,0.273,5.26,3.0,0.0,1.0,0.0,172.0,10.0,26,1.0,0.0,2.0
lambepe01,2021,1,COL,NL,0,0,2,2,0,0,0,17,12,7,2.0,2,3,0.429,11.12,0.0,0.0,0.0,0.0,30.0,0.0,7,0.0,0.0,0.0
lambepe01,2023,1,COL,NL,3,7,25,11,0,0,0,262,93,52,18.0,28,71,0.273,5.36,0.0,1.0,5.0,0.0,375.0,1.0,54,0.0,1.0,5.0
lambepe01,2024,1,COL,NL,2,5,28,3,0,0,0,184,73,39,7.0,29,50,0.3,5.72,2.0,5.0,2.0,0.0,280.0,7.0,42,1.0,5.0,5.0
lambja01,2023,1,LAA,AL,0,0,1,0,0,0,0,3,1,0,0.0,0,0,0.25,0.0,0.0,0.0,0.0,0.0,4.0,1.0,0,0.0,0.0,0.0
lametdi01,2020,1,SDN,NL,3,1,12,12,0,0,0,207,39,16,5.0,20,93,0.161,2.09,0.0,1.0,4.0,0.0,267.0,0.0,18,0.0,1.0,4.0
lametdi01,2021,1,SDN,NL,2,4,22,9,0,0,0,141,48,23,6.0,22,57,0.262,4.4,0.0,3.0,2.0,0.0,209.0,1.0,24,1.0,1.0,4.0
lametdi01,2022,1,SDN,NL,0,1,13,0,0,0,0,37,16,13,2.0,9,16,0.32,9.49,0.0,3.0,1.0,0.0,62.0,3.0,14,0.0,2.0,0.0
lametdi01,2022,2,COL,NL,1,1,19,0,0,0,0,60,14,9,2.0,10,29,0.189,4.05,0.0,3.0,3.0,0.0,87.0,5.0,9,0.0,0.0,0.0
lametdi01,2023,1,COL,NL,1,4,16,4,0,0,0,77,38,33,6.0,22,31,0.349,11.57,0.0,4.0,1.0,1.0,134.0,1.0,35,0.0,2.0,4.0
lametdi01,2023,2,BOS,AL,0,0,1,0,0,0,0,6,4,3,1.0,1,1,0.4,13.5,0.0,1.0,0.0,0.0,11.0,0.0,3,0.0,0.0,0.0
lametdi01,2024,1,LAN,NL,0,0,3,0,0,0,1,13,2,1,1.0,2,3,0.133,2.08,1.0,1.0,0.0,0.0,18.0,2.0,2,0.0,1.0,0.0
langeal01,2021,1,DET,AL,1,3,36,0,0,0,1,107,37,16,5.0,16,39,0.259,4.04,0.0,6.0,3.0,0.0,162.0,6.0,18,0.0,0.0,1.0
langeal01,2022,1,DET,AL,7,4,71,0,0,0,0,190,47,24,5.0,31,82,0.203,3.41,1.0,15.0,5.0,0.0,271.0,11.0,30,2.0,2.0,4.0
langeal01,2023,1,DET,AL,7,5,67,0,0,0,26,198,43,27,6.0,45,79,0.185,3.68,1.0,4.0,6.0,0.0,288.0,45.0,30,0.0,4.0,5.0
langeal01,2024,1,DET,AL,0,3,21,0,0,0,2,56,16,9,0.0,17,21,0.232,4.34,0.0,4.0,2.0,0.0,90.0,10.0,16,2.0,0.0,2.0
langeal01,2025,1,DET,AL,0,0,1,0,0,0,0,3,2,0,0.0,1,1,0.4,0.0,0.0,0.0,0.0,0.0,6.0,1.0,0,0.0,0.0,0.0
laosa01,2025,1,SEA,AL,0,0,2,0,0,0,0,10,6,3,1.0,1,4,0.375,8.1,0.0,0.0,0.0,0.0,17.0,2.0,4,0.0,0.0,0.0
laosa01,2025,2,WAS,NL,1,0,6,0,0,0,0,23,8,3,1.0,1,5,0.267,3.52,0.0,0.0,1.0,0.0,32.0,0.0,3,0.0,0.0,1.0
laraan01,2025,1,WAS,NL,0,0,9,0,0,0,0,43,27,14,2.0,8,10,0.403,8.79,0.0,0.0,1.0,0.0,78.0,6.0,15,1.0,1.0,1.0
lasorjo01,2023,1,TBA,AL,0,0,2,0,0,0,0,13,3,1,0.0,3,3,0.188,2.08,0.0,0.0,1.0,0.0,20.0,1.0,1,0.0,0.0,0.0
lasorjo01,2023,2,WAS,NL,1,0,23,0,0,0,0,85,29,15,3.0,6,25,0.254,4.76,0.0,0.0,5.0,1.0,125.0,8.0,15,0.0,0.0,1.0
lasorjo01,2024,1,WAS,NL,0,0,16,0,0,0,0,53,17,9,4.0,5,14,0.258,4.58,1.0,0.0,1.0,0.0,74.0,6.0,9,1.0,1.0,0.0
lasorjo01,2025,1,CIN,NL,0,1,5,0,0,0,0,20,13,8,4.0,2,2,0.419,10.8,0.0,0.0,0.0,0.0,33.0,2.0,9,0.0,0.0,2.0
latzja01,2021,1,TEX,AL,0,1,1,1,0,0,0,14,5,3,3.0,0,4,0.263,5.79,0.0,0.0,0.0,0.0,19.0,0.0,3,0.0,0.0,0.0
latzja01,2023,1,TEX,AL,0,0,3,0,0,0,0,19,1,0,0.0,3,5,0.053,0.0,0.0,0.0,0.0,0.0,22.0,2.0,0,0.0,0.0,1.0
latzja01,2024,1,TEX,AL,2,3,46,0,0,0,0,131,39,18,6.0,27,40,0.241,3.71,3.0,4.0,1.0,0.0,192.0,9.0,20,0.0,2.0,3.0
latzja01,2025,1,TEX,AL,2,0,33,8,0,0,1,257,69,27,7.0,37,76,0.223,2.84,2.0,2.0,0.0,0.0,348.0,5.0,28,0.0,1.0,9.0
lauerer01,2020,1,MIL,NL,0,2,4,2,0,0,0,33,17,16,2.0,9,12,0.347,13.09,0.0,1.0,2.0,0.0,61.0,0.0,16,0.0,1.0,0.0
lauerer01,2021,1,MIL,NL,7,5,24,20,0,0,0,356,94,42,16.0,41,117,0.215,3.19,1.0,2.0,2.0,0.0,489.0,0.0,46,6.0,2.0,3.0
lauerer01,2022,1,MIL,NL,11,7,29,29,0,0,0,476,135,65,27.0,59,157,0.228,3.69,0.0,5.0,2.0,2.0,661.0,0.0,71,0.0,4.0,8.0
lauerer01,2023,1,MIL,NL,4,6,10,9,0,0,0,140,54,34,16.0,24,43,0.292,6.56,0.0,0.0,0.0,0.0,211.0,1.0,39,0.0,2.0,2.0
lauerer01,2025,1,TOR,AL,9,2,28,15,0,0,0,314,90,37,15.0,26,102,0.227,3.18,1.0,0.0,2.0,0.0,426.0,2.0,39,1.0,1.0,4.0
lawde01,2021,1,MIN,AL,0,0,9,0,0,0,0,45,16,7,2.0,8,14,0.276,4.2,0.0,1.0,0.0,0.0,67.0,4.0,7,0.0,1.0,1.0
lawde01,2022,1,DET,AL,0,1,2,0,0,0,0,6,4,1,1.0,1,2,0.444,4.5,0.0,1.0,1.0,0.0,13.0,1.0,5,0.0,2.0,0.0
lawde01,2022,2,CIN,NL,2,2,15,0,0,0,0,53,19,8,2.0,7,15,0.271,4.08,0.0,0.0,1.0,0.0,79.0,1.0,8,1.0,0.0,1.0
lawde01,2023,1,CIN,NL,4,6,54,3,0,0,2,165,50,22,6.0,26,45,0.239,3.6,0.0,5.0,3.0,0.0,240.0,13.0,24,2.0,0.0,7.0
lawde01,2024,1,WAS,NL,7,4,75,0,0,0,1,270,82,26,7.0,24,76,0.246,2.6,0.0,6.0,1.0,0.0,365.0,8.0,31,1.0,6.0,11.0
lawerco01,2025,1,MIN,AL,0,1,5,0,0,0,0,23,4,1,0.0,0,7,0.167,1.17,0.0,0.0,0.0,0.0,26.0,2.0,2,1.0,1.0,1.0
lawreca01,2022,1,TOR,AL,0,1,6,0,0,0,0,54,23,15,5.0,4,11,0.315,7.5,0.0,0.0,1.0,0.0,79.0,2.0,15,0.0,1.0,2.0
lawreca01,2023,1,SLN,NL,1,0,15,0,0,0,0,82,32,20,7.0,10,20,0.299,6.59,2.0,0.0,2.0,0.0,122.0,7.0,20,1.0,2.0,3.0
lawreca01,2025,1,SEA,AL,1,2,5,0,0,0,0,45,20,5,2.0,1,6,0.317,3.0,0.0,1.0,0.0,0.0,65.0,3.0,12,0.0,1.0,2.0
lawreca01,2025,2,TOR,AL,0,0,1,0,0,0,0,8,6,3,0.0,0,1,0.429,10.13,0.0,0.0,1.0,0.0,15.0,1.0,3,0.0,0.0,0.0
lawreju01,2021,1,COL,NL,1,0,19,0,0,0,0,50,21,16,0.0,19,17,0.333,8.64,1.0,2.0,0.0,0.0,86.0,4.0,16,1.0,3.0,3.0
lawreju01,2022,1,COL,NL,3,1,38,0,0,0,1,128,44,27,3.0,22,48,0.265,5.7,0.0,1.0,1.0,0.0,191.0,11.0,27,0.0,2.0,3.0
lawreju01,2023,1,COL,NL,4,7,69,0,0,0,11,225,65,31,5.0,36,78,0.235,3.72,4.0,3.0,7.0,0.0,326.0,29.0,37,3.0,3.0,9.0
lawreju01,2024,1,COL,NL,4,4,56,0,0,0,2,179,73,43,9.0,33,45,0.313,6.49,1.0,3.0,7.0,0.0,279.0,21.0,52,2.0,4.0,11.0
lawreju01,2025,1,PIT,NL,1,0,17,0,0,0,0,53,9,1,0.0,8,23,0.153,0.51,2.0,2.0,2.0,0.0,69.0,3.0,1,0.0,0.0,2.0
lazarma01,2024,1,PHI,NL,0,0,11,0,0,0,0,41,13,7,2.0,2,9,0.25,4.61,0.0,0.0,0.0,0.0,54.0,5.0,7,0.0,0.0,2.0
lazarma01,2025,1,PHI,NL,1,1,36,0,0,0,1,124,41,22,7.0,12,26,0.261,4.79,0.0,3.0,0.0,0.0,170.0,19.0,23,0.0,1.0,4.0
leahyky01,2023,1,SLN,NL,0,1,3,0,0,0,0,5,4,4,1.0,5,2,0.444,21.6,0.0,0.0,1.0,0.0,15.0,0.0,4,0.0,0.0,0.0
leahyky01,2024,1,SLN,NL,1,1,33,0,0,0,1,146,40,22,4.0,10,33,0.225,4.07,0.0,3.0,1.0,0.0,191.0,14.0,23,0.0,2.0,5.0
leahyky01,2025,1,SLN,NL,4,2,62,1,0,0,1,264,80,30,5.0,28,80,0.244,3.07,1.0,5.0,1.0,0.0,363.0,12.0,32,0.0,6.0,9.0
leasujo01,2024,1,CHA,AL,0,2,33,0,0,0,2,94,32,22,6.0,18,26,0.267,6.32,0.0,3.0,1.0,0.0,142.0,4.0,22,1.0,2.0,1.0
leasujo01,2025,1,CHA,AL,5,6,68,1,0,0,7,193,49,28,12.0,30,81,0.207,3.92,1.0,3.0,1.0,0.0,269.0,17.0,30,0.0,1.0,4.0
leblawa01,2020,1,BAL,AL,1,0,6,6,0,0,0,67,27,20,6.0,8,13,0.293,8.06,0.0,0.0,1.0,1.0,103.0,0.0,20,0.0,2.0,1.0
leblawa01,2021,1,BAL,AL,0,1,6,1,0,0,0,20,11,7,1.0,1,6,0.355,9.45,0.0,2.0,1.0,0.0,33.0,3.0,7,0.0,0.0,0.0
leblawa01,2021,2,SLN,NL,0,1,12,8,0,0,0,127,45,17,7.0,16,23,0.269,3.61,3.0,0.0,3.0,0.0,188.0,1.0,17,2.0,0.0,2.0
leclejo01,2020,1,TEX,AL,0,0,2,0,0,0,1,6,2,1,0.0,2,3,0.25,4.5,0.0,0.0,0.0,0.0,10.0,2.0,1,0.0,0.0,0.0
leclejo01,2022,1,TEX,AL,0,3,39,0,0,0,7,143,33,15,5.0,21,54,0.192,2.83,0.0,2.0,3.0,0.0,198.0,20.0,17,0.0,2.0,2.0
leclejo01,2023,1,TEX,AL,0,2,57,0,0,0,4,171,37,17,5.0,28,67,0.183,2.68,2.0,2.0,2.0,0.0,233.0,24.0,19,0.0,1.0,4.0
leclejo01,2024,1,TEX,AL,6,5,64,0,0,0,1,200,56,32,7.0,32,89,0.227,4.32,1.0,5.0,4.0,2.0,288.0,13.0,33,3.0,2.0,3.0
leclejo01,2025,1,ATH,AL,0,1,10,0,0,0,0,27,13,6,3.0,5,8,0.317,6.0,0.0,1.0,0.0,1.0,46.0,1.0,6,0.0,0.0,0.0
leech02,2025,1,DET,AL,4,1,32,0,0,0,0,112,32,17,7.0,9,36,0.239,4.1,1.0,0.0,2.0,0.0,148.0,7.0,17,0.0,3.0,4.0
leedy01,2021,1,ATL,NL,0,0,2,0,0,0,0,6,3,2,1.0,0,3,0.333,9.0,0.0,0.0,0.0,0.0,9.0,0.0,2,0.0,0.0,1.0
leedy01,2022,1,ATL,NL,5,1,46,0,0,0,0,152,40,12,5.0,10,59,0.212,2.13,1.0,0.0,0.0,0.0,201.0,5.0,16,0.0,2.0,1.0
leedy01,2023,1,ATL,NL,1,0,24,1,0,0,0,71,24,11,4.0,8,24,0.264,4.18,0.0,0.0,0.0,0.0,101.0,2.0,14,2.0,0.0,1.0
leedy01,2024,1,ATL,NL,4,2,52,0,0,0,0,179,49,14,7.0,17,76,0.222,2.11,4.0,0.0,0.0,0.0,240.0,8.0,19,1.0,1.0,3.0
leedy01,2025,1,ATL,NL,2,4,74,0,0,0,2,205,53,25,13.0,14,76,0.213,3.29,1.0,3.0,0.0,3.0,266.0,6.0,27,2.0,1.0,4.0
leeev01,2022,1,WAS,NL,0,1,4,1,0,0,0,26,9,4,1.0,7,7,0.257,4.15,0.0,2.0,1.0,0.0,43.0,1.0,5,0.0,0.0,0.0
leeko01,2025,1,CHA,AL,0,0,2,0,0,0,0,9,4,1,0.0,2,0,0.333,3.0,0.0,0.0,0.0,0.0,14.0,2.0,1,0.0,0.0,0.0
legumca01,2023,1,CIN,NL,1,0,11,0,0,0,0,38,16,8,3.0,9,11,0.308,5.68,0.0,1.0,0.0,0.0,61.0,2.0,11,0.0,0.0,3.0
legumca01,2024,1,CIN,NL,0,0,6,0,0,0,0,28,15,9,2.0,2,7,0.341,8.68,0.0,0.0,1.0,0.0,47.0,6.0,11,0.0,0.0,1.0
legumca01,2025,1,SEA,AL,4,6,48,1,0,0,0,149,47,31,7.0,25,55,0.247,5.62,2.0,1.0,2.0,0.0,219.0,17.0,36,1.0,1.0,6.0
leibrbr01,2020,1,MIA,NL,0,0,5,0,0,0,0,27,3,2,0.0,7,3,0.103,2.0,1.0,0.0,0.0,0.0,36.0,2.0,2,0.0,0.0,1.0
leibrbr01,2024,1,CIN,NL,0,0,2,0,0,0,0,19,11,7,3.0,2,5,0.367,9.95,0.0,0.0,0.0,0.0,32.0,1.0,7,0.0,0.0,0.0
leiteja01,2024,1,TEX,AL,0,3,9,6,0,0,0,107,44,35,7.0,17,31,0.295,8.83,0.0,3.0,3.0,0.0,173.0,1.0,39,1.0,3.0,2.0
leiteja01,2025,1,TEX,AL,10,10,29,29,0,0,0,455,127,65,18.0,67,148,0.222,3.86,0.0,10.0,5.0,1.0,646.0,0.0,69,1.0,2.0,8.0
leitema02,2022,1,CHN,NL,2,7,35,4,0,0,3,203,52,30,10.0,25,73,0.21,3.99,2.0,5.0,7.0,0.0,282.0,11.0,32,0.0,2.0,6.0
leitema02,2023,1,CHN,NL,1,3,69,0,0,0,4,193,48,25,7.0,24,77,0.206,3.5,0.0,2.0,8.0,1.0,269.0,12.0,27,1.0,3.0,4.0
leitema02,2024,1,CHN,NL,2,4,39,0,0,0,0,109,27,17,2.0,13,53,0.196,4.21,0.0,2.0,1.0,0.0,152.0,3.0,20,0.0,0.0,1.0
leitema02,2024,2,NYA,AL,2,1,21,0,0,0,0,65,28,12,6.0,9,33,0.301,4.98,1.0,3.0,2.0,0.0,104.0,4.0,14,0.0,0.0,1.0
leitema02,2025,1,NYA,AL,6,7,59,0,0,0,2,145,57,26,5.0,17,54,0.289,4.84,0.0,8.0,4.0,0.0,219.0,11.0,31,0.0,1.0,5.0
lemoija01,2022,1,OAK,AL,0,0,9,0,0,0,0,49,18,14,4.0,7,13,0.273,7.71,1.0,1.0,0.0,0.0,74.0,2.0,15,0.0,1.0,2.0
leonedo01,2020,1,CLE,AL,0,0,12,0,0,0,0,29,14,9,3.0,5,16,0.333,8.38,0.0,1.0,0.0,0.0,47.0,4.0,9,0.0,0.0,0.0
leonedo01,2021,1,SFN,NL,4,5,57,4,0,0,2,161,37,9,2.0,22,50,0.195,1.51,1.0,2.0,1.0,0.0,219.0,11.0,15,3.0,2.0,5.0
leonedo01,2022,1,SFN,NL,4,5,55,0,0,0,3,148,55,22,6.0,24,52,0.281,4.01,5.0,3.0,0.0,0.0,222.0,8.0,24,1.0,1.0,3.0
leonedo01,2023,1,NYN,NL,1,3,31,0,0,0,0,92,27,15,7.0,11,33,0.243,4.4,2.0,2.0,1.0,0.0,127.0,6.0,15,0.0,4.0,4.0
leonedo01,2023,2,LAA,AL,0,0,11,0,0,0,1,39,15,8,2.0,9,11,0.288,5.54,1.0,2.0,0.0,0.0,61.0,3.0,8,0.0,0.0,2.0
leonedo01,2023,3,SEA,AL,0,0,9,0,0,0,0,31,7,5,5.0,8,10,0.184,4.35,0.0,0.0,1.0,0.0,47.0,7.0,5,0.0,0.0,0.0
leonedo01,2024,1,CHA,AL,0,2,23,0,0,0,0,57,20,14,4.0,14,17,0.274,6.63,1.0,2.0,0.0,0.0,89.0,4.0,17,0.0,2.0,4.0
leonsa01,2021,1,MIA,NL,0,0,6,0,0,0,0,18,7,5,3.0,1,2,0.28,7.5,0.0,0.0,0.0,0.0,26.0,6.0,5,0.0,0.0,0.0
leonsa01,2022,1,CLE,AL,0,0,1,0,0,0,0,6,0,0,0.0,0,0,0.0,0.0,0.0,0.0,0.0,0.0,6.0,1.0,0,0.0,0.0,0.0
leonsa01,2023,1,TEX,AL,0,0,1,0,0,0,0,3,1,2,1.0,0,0,0.25,18.0,0.0,0.0,1.0,0.0,5.0,1.0,2,0.0,0.0,0.0
lestejo01,2020,1,CHN,NL,3,3,12,12,0,0,0,183,64,35,11.0,17,42,0.262,5.16,0.0,2.0,3.0,0.0,265.0,0.0,35,1.0,0.0,3.0
lestejo01,2021,1,WAS,NL,3,5,16,16,0,0,0,226,91,42,14.0,29,51,0.297,5.02,3.0,0.0,1.0,0.0,342.0,0.0,50,2.0,4.0,5.0
lestejo01,2021,2,SLN,NL,4,1,12,12,0,0,0,198,68,32,11.0,26,40,0.27,4.36,2.0,0.0,2.0,0.0,285.0,0.0,34,4.0,1.0,9.0
lestejo02,2023,1,BAL,AL,0,0,1,0,0,0,0,3,1,0,0.0,1,1,0.25,0.0,0.0,0.0,0.0,0.0,5.0,1.0,0,0.0,0.0,0.0
lewicar01,2020,1,ARI,NL,0,0,2,0,0,0,0,10,7,2,0.0,1,5,0.412,5.4,0.0,0.0,0.0,0.0,18.0,2.0,2,0.0,0.0,0.0
leyerro01,2020,1,BOS,AL,0,0,6,1,0,0,0,14,12,11,3.0,8,9,0.462,21.21,0.0,0.0,0.0,0.0,34.0,0.0,11,0.0,0.0,0.0
liberma01,2022,1,SLN,NL,2,2,9,7,0,0,0,104,42,23,5.0,18,28,0.304,5.97,0.0,5.0,1.0,0.0,161.0,1.0,23,2.0,2.0,5.0
liberma01,2023,1,SLN,NL,3,6,22,11,0,0,0,185,66,36,5.0,25,46,0.274,5.25,1.0,4.0,5.0,0.0,275.0,3.0,42,0.0,4.0,4.0
liberma01,2024,1,SLN,NL,3,4,60,6,0,0,0,258,81,42,11.0,28,76,0.251,4.4,3.0,3.0,2.0,0.0,358.0,8.0,44,2.0,3.0,8.0
liberma01,2025,1,SLN,NL,8,12,29,29,0,0,0,455,158,71,19.0,40,122,0.266,4.21,0.0,6.0,4.0,0.0,648.0,0.0,79,3.0,8.0,8.0
lindbjo01,2020,1,MIL,NL,2,4,12,10,0,0,0,136,42,26,6.0,16,52,0.244,5.16,0.0,2.0,3.0,0.0,191.0,1.0,26,0.0,0.0,2.0
lindbjo01,2021,1,MIL,NL,0,0,8,0,0,0,0,50,23,18,5.0,10,17,0.324,9.72,0.0,3.0,3.0,0.0,85.0,5.0,18,0.0,1.0,1.0
lindgje01,2023,1,MIA,NL,0,0,3,0,0,0,0,21,4,4,0.0,4,1,0.167,5.14,0.0,0.0,0.0,0.0,28.0,1.0,4,0.0,0.0,1.0
lintz01,2020,1,BOS,AL,0,0,1,0,0,0,0,3,4,3,1.0,0,0,0.571,27.0,0.0,0.0,0.0,0.0,7.0,1.0,3,0.0,0.0,0.0
litteza01,2020,1,MIN,AL,0,0,6,0,0,0,0,19,12,7,5.0,3,3,0.444,9.95,0.0,1.0,1.0,0.0,31.0,3.0,7,0.0,0.0,2.0
litteza01,2021,1,SFN,NL,4,0,63,2,0,0,2,185,46,20,7.0,24,63,0.207,2.92,1.0,3.0,2.0,2.0,252.0,10.0,24,2.0,2.0,4.0
litteza01,2022,1,SFN,NL,3,3,39,0,0,0,1,133,48,25,8.0,13,39,0.276,5.08,0.0,1.0,1.0,0.0,190.0,7.0,25,0.0,2.0,4.0
litteza01,2023,1,BOS,AL,0,0,2,0,0,0,0,9,3,3,0.0,3,2,0.25,9.0,1.0,0.0,0.0,0.0,15.0,2.0,3,0.0,0.0,0.0
litteza01,2023,2,TBA,AL,3,6,26,14,0,0,0,261,91,38,13.0,9,72,0.261,3.93,0.0,4.0,4.0,0.0,364.0,5.0,40,1.0,2.0,4.0
litteza01,2024,1,TBA,AL,8,10,29,29,0,0,0,469,164,63,22.0,31,141,0.265,3.63,0.0,0.0,5.0,0.0,656.0,0.0,68,1.0,0.0,13.0
litteza01,2025,1,TBA,AL,8,8,22,22,1,0,0,400,128,53,26.0,21,89,0.252,3.58,1.0,2.0,5.0,0.0,537.0,0.0,53,0.0,3.0,13.0
litteza01,2025,2,CIN,NL,2,0,10,10,0,0,0,160,46,26,10.0,11,41,0.222,4.39,0.0,1.0,2.0,0.0,222.0,0.0,28,0.0,2.0,2.0
littlbr02,2022,1,CHN,NL,0,1,1,0,0,0,0,2,2,3,1.0,1,0,0.5,40.5,0.0,0.0,1.0,0.0,6.0,0.0,3,0.0,0.0,0.0
littlbr02,2024,1,TOR,AL,1,2,49,0,0,0,1,137,41,19,7.0,19,36,0.238,3.74,2.0,5.0,1.0,0.0,193.0,7.0,21,1.0,0.0,8.0
littlbr02,2025,1,TOR,AL,4,2,79,0,0,0,1,205,48,23,2.0,45,91,0.196,3.03,4.0,7.0,2.0,1.0,295.0,4.0,28,1.0,2.0,5.0
littlja02,2025,1,LAN,NL,0,0,2,0,0,0,0,9,4,2,0.0,1,2,0.333,6.0,0.0,0.0,1.0,0.0,14.0,2.0,2,0.0,0.0,1.0
littllu01,2023,1,CHN,NL,0,0,7,0,0,0,0,20,5,0,0.0,4,12,0.208,0.0,0.0,1.0,1.0,0.0,30.0,3.0,0,0.0,1.0,0.0
littllu01,2024,1,CHN,NL,3,1,30,1,0,0,0,78,15,10,1.0,18,28,0.174,3.46,1.0,3.0,4.0,0.0,109.0,7.0,11,0.0,1.0,5.0
littllu01,2025,1,CHN,NL,0,0,2,0,0,0,0,8,1,1,0.0,6,4,0.125,3.38,0.0,0.0,0.0,0.0,15.0,0.0,2,1.0,0.0,0.0
livelbe01,2023,1,CIN,NL,4,7,19,12,0,0,0,266,96,53,20.0,25,79,0.27,5.38,0.0,1.0,3.0,0.0,383.0,0.0,53,0.0,0.0,6.0
livelbe01,2024,1,CLE,AL,13,10,29,29,0,0,0,453,139,64,23.0,49,118,0.241,3.81,0.0,2.0,5.0,1.0,632.0,0.0,67,0.0,1.0,10.0
livelbe01,2025,1,CLE,AL,2,2,9,9,0,0,0,134,38,16,6.0,15,29,0.233,3.22,0.0,0.0,0.0,0.0,178.0,0.0,16,0.0,0.0,5.0
llovema01,2020,1,PHI,NL,0,0,1,0,0,0,0,3,5,4,0.0,1,1,0.625,36.0,0.0,0.0,1.0,0.0,10.0,0.0,4,0.0,0.0,0.0
llovema01,2021,1,PHI,NL,1,0,6,0,0,0,0,20,10,7,5.0,4,7,0.333,9.45,0.0,1.0,1.0,0.0,35.0,4.0,7,0.0,0.0,0.0
llovema01,2022,1,SFN,NL,0,0,17,1,0,0,0,49,14,8,2.0,8,20,0.219,4.41,1.0,1.0,0.0,0.0,72.0,5.0,8,0.0,0.0,0.0
llovema01,2023,1,SFN,NL,1,0,5,0,0,0,0,16,4,1,1.0,2,5,0.222,1.69,0.0,1.0,0.0,0.0,21.0,3.0,1,0.0,1.0,1.0
llovema01,2023,2,BOS,AL,1,3,25,0,0,0,0,89,32,18,2.0,13,24,0.264,5.46,3.0,0.0,4.0,0.0,139.0,12.0,24,0.0,1.0,2.0
loaisjo01,2020,1,NYA,AL,3,0,12,3,0,0,0,69,21,9,3.0,7,22,0.241,3.52,1.0,1.0,4.0,0.0,100.0,2.0,11,1.0,0.0,3.0
loaisjo01,2021,1,NYA,AL,9,4,57,0,0,0,5,212,56,17,3.0,16,69,0.215,2.17,0.0,4.0,3.0,1.0,283.0,8.0,19,2.0,2.0,7.0
loaisjo01,2022,1,NYA,AL,2,3,50,0,0,0,2,144,43,22,3.0,19,37,0.234,4.13,1.0,0.0,0.0,0.0,203.0,9.0,25,0.0,0.0,6.0
loaisjo01,2023,1,NYA,AL,0,2,17,0,0,0,0,53,14,6,2.0,1,6,0.219,3.06,1.0,0.0,2.0,0.0,69.0,4.0,7,0.0,2.0,1.0
loaisjo01,2024,1,NYA,AL,1,0,3,0,0,0,0,12,7,0,0.0,1,3,0.368,0.0,0.0,0.0,0.0,0.0,20.0,0.0,0,0.0,0.0,0.0
loaisjo01,2025,1,NYA,AL,0,1,30,0,0,0,1,89,34,14,7.0,10,25,0.279,4.25,3.0,1.0,3.0,0.0,135.0,3.0,15,0.0,0.0,2.0
lobstky01,2021,1,WAS,NL,0,0,3,0,0,0,0,4,3,3,1.0,1,1,0.429,20.25,0.0,0.0,0.0,0.0,8.0,1.0,3,0.0,0.0,0.0
lockean01,2020,1,NYN,NL,1,0,2,1,0,0,0,24,9,5,1.0,3,8,0.281,5.63,0.0,0.0,2.0,0.0,37.0,0.0,5,0.0,0.0,1.0
lockean01,2020,2,SEA,AL,0,0,5,0,0,0,0,25,12,4,1.0,1,3,0.343,4.32,0.0,0.0,0.0,0.0,36.0,3.0,4,0.0,0.0,1.0
lodolni01,2022,1,CIN,NL,4,7,19,19,0,0,0,310,90,42,13.0,39,131,0.235,3.66,0.0,6.0,19.0,0.0,441.0,0.0,44,0.0,0.0,8.0
lodolni01,2023,1,CIN,NL,2,1,7,7,0,0,0,103,50,24,10.0,10,47,0.34,6.29,1.0,2.0,7.0,0.0,166.0,0.0,24,1.0,1.0,4.0
lodolni01,2024,1,CIN,NL,9,6,21,21,0,0,0,346,101,61,13.0,37,122,0.231,4.76,0.0,1.0,18.0,0.0,493.0,0.0,62,0.0,1.0,4.0
lodolni01,2025,1,CIN,NL,9,8,29,28,2,1,0,470,138,58,22.0,31,156,0.233,3.33,1.0,2.0,13.0,1.0,642.0,0.0,60,4.0,2.0,6.0
loftini01,2024,1,KCA,AL,0,0,1,0,0,0,0,3,1,0,0.0,0,0,0.333,0.0,0.0,0.0,0.0,0.0,3.0,1.0,0,0.0,0.0,1.0
logueza01,2022,1,OAK,AL,3,8,14,10,0,0,0,171,68,43,13.0,20,42,0.293,6.79,0.0,0.0,2.0,0.0,257.0,1.0,44,2.0,1.0,2.0
logueza01,2023,1,DET,AL,0,0,3,0,0,0,0,33,13,9,3.0,2,10,0.277,7.36,0.0,0.0,0.0,0.0,49.0,2.0,9,0.0,0.0,0.0
logueza01,2024,1,LAN,NL,0,0,2,0,0,0,0,6,6,4,1.0,0,4,0.5,18.0,0.0,0.0,0.0,0.0,12.0,1.0,4,0.0,0.0,0.0
longsa01,2021,1,SFN,NL,2,1,12,5,0,0,0,122,37,25,5.0,15,38,0.237,5.53,0.0,5.0,3.0,0.0,176.0,2.0,27,0.0,2.0,3.0
longsa01,2022,1,SFN,NL,1,3,28,6,0,0,1,127,39,17,8.0,14,33,0.238,3.61,1.0,3.0,1.0,0.0,181.0,12.0,23,1.0,1.0,2.0
longsa01,2023,1,OAK,AL,0,1,40,1,0,0,2,135,49,28,5.0,21,32,0.282,5.6,3.0,2.0,1.0,0.0,199.0,15.0,29,1.0,2.0,5.0
longsa01,2024,1,KCA,AL,3,3,43,0,0,0,1,128,34,15,5.0,17,44,0.218,3.16,1.0,3.0,1.0,1.0,176.0,5.0,17,1.0,1.0,1.0
longsa01,2025,1,KCA,AL,2,3,39,0,0,0,0,121,48,24,7.0,22,33,0.291,5.36,1.0,5.0,2.0,0.0,189.0,19.0,31,0.0,0.0,4.0
lopesti01,2020,1,SEA,AL,0,0,1,0,0,0,0,3,2,2,0.0,1,0,0.5,18.0,0.0,0.0,0.0,0.0,6.0,1.0,2,0.0,1.0,0.0
lopezal03,2022,1,CIN,NL,0,0,3,0,0,0,0,8,2,2,2.0,0,0,0.2,6.75,0.0,0.0,0.0,0.0,10.0,3.0,2,0.0,0.0,0.0
lopezja04,2023,1,TBA,AL,1,0,4,1,0,0,1,37,14,6,0.0,2,8,0.28,4.38,0.0,1.0,2.0,0.0,54.0,1.0,7,0.0,0.0,1.0
lopezja04,2024,1,TBA,AL,0,0,4,1,0,0,0,31,5,6,2.0,7,8,0.135,5.23,0.0,0.0,2.0,0.0,46.0,1.0,7,0.0,0.0,0.0
lopezja04,2025,1,ATH,AL,7,7,21,17,0,0,0,278,81,42,15.0,37,113,0.23,4.08,0.0,0.0,8.0,1.0,399.0,1.0,47,2.0,0.0,2.0
lopezjo02,2020,1,KCA,AL,0,0,1,0,0,0,0,2,3,2,0.0,0,0,0.6,27.0,0.0,0.0,0.0,0.0,5.0,0.0,2,0.0,0.0,0.0
lopezjo02,2020,2,BAL,AL,2,2,9,6,0,0,0,115,43,27,7.0,12,28,0.287,6.34,1.0,4.0,3.0,0.0,169.0,1.0,30,1.0,3.0,4.0
lopezjo02,2021,1,BAL,AL,3,14,33,25,0,0,0,365,142,82,21.0,56,112,0.293,6.07,2.0,9.0,10.0,2.0,555.0,2.0,83,1.0,3.0,14.0
lopezjo02,2022,1,BAL,AL,4,6,44,0,0,0,19,145,30,9,3.0,17,54,0.174,1.68,1.0,2.0,4.0,2.0,196.0,35.0,15,1.0,2.0,4.0
lopezjo02,2022,2,MIN,AL,0,1,23,0,0,0,4,68,23,11,1.0,14,18,0.271,4.37,4.0,3.0,3.0,0.0,102.0,12.0,11,0.0,0.0,2.0
lopezjo02,2023,1,MIN,AL,4,2,37,0,0,0,3,106,34,20,7.0,11,27,0.256,5.09,3.0,2.0,8.0,0.0,155.0,12.0,22,1.0,2.0,3.0
lopezjo02,2023,2,MIA,NL,2,0,12,0,0,0,0,35,20,12,1.0,9,8,0.4,9.26,0.0,3.0,0.0,0.0,61.0,2.0,13,0.0,2.0,1.0
lopezjo02,2023,3,BAL,AL,0,0,12,0,0,0,0,36,13,7,4.0,2,14,0.271,5.25,0.0,0.0,0.0,0.0,50.0,1.0,7,0.0,0.0,1.0
lopezjo02,2024,1,NYN,NL,1,2,28,0,0,0,2,79,25,11,3.0,11,19,0.255,3.76,1.0,2.0,2.0,0.0,111.0,8.0,13,0.0,0.0,4.0
lopezjo02,2024,2,CHN,NL,1,1,24,0,0,0,2,80,21,6,3.0,8,31,0.214,2.03,0.0,0.0,0.0,0.0,106.0,8.0,6,0.0,0.0,3.0
lopezjo02,2025,1,WAS,NL,6,0,26,0,0,0,1,74,25,18,1.0,7,17,0.266,6.57,0.0,3.0,3.0,0.0,106.0,5.0,18,0.0,2.0,2.0
lopezjo03,2023,1,TBA,AL,0,0,1,0,0,0,0,6,3,1,0.0,1,2,0.333,4.5,0.0,0.0,0.0,0.0,10.0,0.0,1,0.0,0.0,0.0
lopezni01,2022,1,KCA,AL,0,0,1,0,0,0,0,3,3,2,2.0,0,0,0.5,18.0,0.0,0.0,0.0,0.0,6.0,1.0,2,0.0,0.0,0.0
lopezni01,2023,2,ATL,NL,0,0,2,0,0,0,0,7,4,2,1.0,2,0,0.364,7.71,0.0,0.0,0.0,0.0,13.0,2.0,2,0.0,0.0,0.0
lopezni01,2025,1,LAA,AL,0,0,1,0,0,0,0,1,0,0,0.0,1,0,0.0,0.0,0.0,0.0,0.0,0.0,2.0,1.0,0,0.0,0.0,0.0
lopezpa01,2020,1,MIA,NL,6,4,11,11,0,0,0,172,50,23,4.0,18,59,0.23,3.61,1.0,0.0,2.0,0.0,240.0,0.0,27,0.0,3.0,3.0
lopezpa01,2021,1,MIA,NL,5,5,20,20,0,0,0,308,89,35,11.0,26,115,0.233,3.07,1.0,3.0,7.0,0.0,418.0,0.0,37,1.0,2.0,10.0
lopezpa01,2022,1,MIA,NL,10,10,32,32,0,0,0,540,157,75,21.0,53,174,0.234,3.75,1.0,4.0,8.0,0.0,736.0,0.0,78,0.0,4.0,18.0
lopezpa01,2023,1,MIN,AL,11,8,32,32,1,1,0,582,176,79,24.0,48,234,0.238,3.66,1.0,7.0,9.0,0.0,801.0,0.0,81,1.0,4.0,10.0
lopezpa01,2024,1,MIN,AL,15,10,32,32,0,0,0,556,180,84,26.0,41,198,0.251,4.08,0.0,3.0,8.0,0.0,772.0,0.0,90,2.0,4.0,11.0
lopezpa01,2025,1,MIN,AL,5,4,14,14,0,0,0,227,64,23,6.0,20,73,0.225,2.74,0.0,1.0,4.0,2.0,312.0,0.0,28,0.0,3.0,3.0
lopezre01,2020,1,CHA,AL,1,3,8,8,0,0,0,79,28,19,9.0,15,24,0.269,6.49,0.0,1.0,1.0,0.0,121.0,0.0,21,1.0,0.0,2.0
lopezre01,2021,1,CHA,AL,4,4,20,9,0,0,0,173,42,22,10.0,13,55,0.205,3.43,0.0,1.0,0.0,0.0,222.0,3.0,27,0.0,4.0,1.0
lopezre01,2022,1,CHA,AL,6,4,61,1,0,0,0,196,51,20,1.0,11,63,0.218,2.76,1.0,4.0,1.0,0.0,254.0,8.0,24,3.0,4.0,4.0
lopezre01,2023,1,CHA,AL,2,5,43,0,0,0,4,126,33,20,7.0,22,52,0.213,4.29,1.0,2.0,0.0,1.0,178.0,13.0,21,0.0,1.0,0.0
lopezre01,2023,2,LAA,AL,0,2,13,0,0,0,2,39,12,4,1.0,8,19,0.235,2.77,1.0,1.0,1.0,0.0,60.0,3.0,4,0.0,0.0,0.0
lopezre01,2023,3,CLE,AL,1,0,12,0,0,0,0,33,5,0,0.0,4,12,0.143,0.0,0.0,1.0,0.0,0.0,40.0,0.0,0,0.0,0.0,2.0
lopezre01,2024,1,ATL,NL,8,5,26,25,0,0,0,407,108,30,10.0,42,148,0.22,1.99,0.0,2.0,2.0,1.0,543.0,0.0,32,1.0,6.0,14.0
lopezre01,2025,1,ATL,NL,0,0,1,1,0,0,0,15,9,3,1.0,2,1,0.391,5.4,0.0,0.0,0.0,0.0,25.0,0.0,3,0.0,0.0,0.0
lopezyo01,2020,1,ARI,NL,0,1,20,0,0,0,0,59,21,13,4.0,9,16,0.269,5.95,2.0,0.0,0.0,1.0,87.0,7.0,15,0.0,0.0,5.0
lopezyo01,2021,1,ARI,NL,0,0,13,0,0,0,0,37,18,9,3.0,6,13,0.333,6.57,2.0,0.0,0.0,0.0,61.0,5.0,10,0.0,1.0,0.0
lopezyo01,2022,1,NYN,NL,1,0,8,0,0,0,0,33,14,7,2.0,5,10,0.311,5.73,1.0,0.0,1.0,0.0,51.0,5.0,8,0.0,0.0,1.0
lordbr02,2025,1,WAS,NL,5,10,48,19,0,0,0,392,126,63,17.0,43,108,0.255,4.34,0.0,1.0,3.0,0.0,546.0,2.0,65,3.0,3.0,13.0
lorenmi01,2020,1,CIN,NL,3,1,18,2,0,0,0,101,30,16,3.0,17,35,0.236,4.28,1.0,2.0,1.0,1.0,147.0,2.0,17,1.0,1.0,1.0
lorenmi01,2021,1,CIN,NL,1,2,27,0,0,0,4,87,26,18,2.0,14,21,0.241,5.59,0.0,5.0,1.0,0.0,125.0,5.0,18,1.0,1.0,4.0
lorenmi01,2022,1,LAA,AL,8,6,18,18,0,0,0,293,81,46,11.0,44,85,0.224,4.24,0.0,3.0,4.0,0.0,411.0,0.0,48,0.0,1.0,13.0
lorenmi01,2023,1,DET,AL,5,7,18,18,0,0,0,317,89,42,11.0,27,83,0.233,3.58,0.0,4.0,2.0,1.0,418.0,0.0,44,3.0,3.0,13.0
lorenmi01,2023,2,PHI,NL,4,2,11,7,1,1,1,142,49,29,9.0,20,28,0.265,5.51,0.0,0.0,0.0,0.0,206.0,2.0,32,0.0,1.0,6.0
lorenmi01,2024,1,TEX,AL,5,6,19,18,0,0,0,305,82,43,15.0,48,75,0.225,3.81,0.0,3.0,5.0,0.0,419.0,1.0,43,0.0,2.0,13.0
lorenmi01,2024,2,KCA,AL,2,0,7,6,0,0,0,86,19,5,2.0,12,22,0.183,1.57,0.0,0.0,1.0,0.0,117.0,0.0,6,0.0,0.0,1.0
lorenmi01,2025,1,KCA,AL,7,11,27,26,0,0,0,425,149,73,25.0,39,127,0.268,4.64,0.0,12.0,6.0,0.0,606.0,0.0,76,0.0,4.0,9.0
loupaa01,2020,1,TBA,AL,3,2,24,0,0,0,0,75,17,7,3.0,4,22,0.2,2.52,0.0,0.0,3.0,0.0,96.0,6.0,9,2.0,1.0,2.0
loupaa01,2021,1,NYN,NL,6,0,65,2,0,0,0,170,37,6,1.0,16,57,0.192,0.95,0.0,0.0,4.0,0.0,218.0,6.0,9,1.0,4.0,10.0
loupaa01,2022,1,LAA,AL,0,5,65,0,0,0,1,176,54,25,4.0,22,52,0.235,3.84,3.0,0.0,8.0,0.0,260.0,7.0,38,0.0,0.0,4.0
loupaa01,2023,1,LAA,AL,2,3,55,0,0,0,1,146,65,33,6.0,20,45,0.313,6.1,4.0,2.0,2.0,1.0,231.0,21.0,37,0.0,1.0,1.0
loutory01,2024,1,SLN,NL,0,0,3,0,0,0,0,7,2,0,0.0,1,0,0.222,0.0,0.0,0.0,0.0,0.0,10.0,3.0,0,0.0,0.0,0.0
loutory01,2025,1,LAN,NL,0,0,2,0,0,0,0,9,4,5,1.0,2,2,0.308,15.0,0.0,0.0,1.0,0.0,16.0,2.0,5,0.0,0.0,0.0
loutory01,2025,2,WAS,NL,1,0,10,0,0,0,0,27,16,12,3.0,6,6,0.364,12.0,0.0,0.0,1.0,0.0,52.0,3.0,16,0.0,1.0,0.0
lovelri01,2020,1,KCA,AL,0,0,1,0,0,0,0,3,1,1,1.0,1,0,0.333,9.0,0.0,0.0,0.0,0.0,4.0,0.0,1,0.0,0.0,1.0
lovelri01,2021,1,KCA,AL,2,0,20,0,0,0,1,62,16,8,3.0,6,23,0.211,3.48,1.0,1.0,1.0,0.0,84.0,2.0,9,0.0,1.0,0.0
lovelri01,2023,1,OAK,AL,0,3,27,0,0,0,0,70,15,12,3.0,10,24,0.188,4.63,0.0,0.0,3.0,0.0,96.0,3.0,13,0.0,3.0,2.0
lovelri01,2024,1,CHN,NL,0,1,7,0,0,0,0,17,9,5,1.0,2,6,0.346,7.94,0.0,0.0,0.0,0.0,28.0,0.0,5,0.0,0.0,0.0
lovelri01,2024,2,TBA,AL,3,5,28,0,0,0,2,86,25,12,2.0,9,20,0.236,3.77,1.0,1.0,2.0,0.0,119.0,8.0,13,1.0,1.0,3.0
lovelri01,2025,1,TOR,AL,0,1,2,0,0,0,0,5,2,4,0.0,2,3,0.333,21.6,0.0,0.0,3.0,0.0,12.0,0.0,4,0.0,1.0,0.0
lovelri01,2025,2,NYN,NL,0,0,8,0,0,0,0,30,10,7,3.0,4,9,0.256,6.3,0.0,0.0,1.0,0.0,45.0,0.0,8,0.0,1.0,1.0
lowderh01,2024,1,CIN,NL,2,2,6,6,0,0,0,92,25,4,0.0,14,22,0.219,1.17,0.0,0.0,0.0,0.0,128.0,0.0,4,0.0,0.0,2.0
lowthza01,2021,1,BAL,AL,1,3,10,6,0,0,0,89,36,22,6.0,13,30,0.298,6.67,0.0,1.0,4.0,0.0,138.0,2.0,23,0.0,0.0,3.0
lowthza01,2022,1,BAL,AL,0,0,1,0,0,0,0,16,8,5,0.0,2,1,0.348,8.44,0.0,0.0,1.0,0.0,28.0,0.0,6,0.0,2.0,0.0
lucasea01,2023,1,OAK,AL,0,0,6,0,0,0,0,20,10,6,1.0,4,7,0.323,8.1,1.0,2.0,0.0,0.0,35.0,1.0,6,0.0,0.0,0.0
lucasea01,2024,1,OAK,AL,0,0,3,0,0,0,0,11,8,6,0.0,3,6,0.4,14.73,0.0,0.0,0.0,0.0,23.0,2.0,7,0.0,0.0,0.0
lucasea01,2024,2,DET,AL,1,0,3,0,0,0,0,10,3,2,0.0,2,2,0.25,5.4,0.0,0.0,1.0,0.0,16.0,0.0,2,0.0,1.0,0.0
lucasea01,2024,3,TOR,AL,0,0,2,0,0,0,0,14,6,6,1.0,4,2,0.333,11.57,0.0,0.0,0.0,0.0,22.0,0.0,6,0.0,0.0,1.0
lucasea01,2025,1,TOR,AL,3,3,6,5,0,0,0,73,25,18,5.0,12,23,0.272,6.66,0.0,1.0,0.0,0.0,108.0,0.0,18,0.0,4.0,3.0
lucchjo01,2020,1,SDN,NL,0,1,3,2,0,0,0,17,13,5,0.0,2,5,0.464,7.94,0.0,0.0,1.0,0.0,32.0,0.0,5,0.0,1.0,1.0
lucchjo01,2021,1,NYN,NL,1,4,11,8,0,0,0,115,34,19,4.0,11,41,0.245,4.46,0.0,1.0,2.0,0.0,157.0,1.0,20,2.0,2.0,6.0
lucchjo01,2023,1,NYN,NL,4,0,9,9,0,0,0,140,44,15,4.0,17,32,0.251,2.89,0.0,1.0,2.0,1.0,195.0,0.0,17,1.0,0.0,7.0
lucchjo01,2024,1,NYN,NL,0,2,2,2,0,0,0,31,8,6,1.0,8,7,0.216,5.23,0.0,1.0,0.0,0.0,46.0,0.0,6,1.0,0.0,0.0
lucchjo01,2025,1,SFN,NL,0,1,38,0,0,0,0,115,35,16,4.0,12,31,0.235,3.76,1.0,2.0,2.0,1.0,165.0,4.0,17,2.0,0.0,2.0
luetglu01,2021,1,NYA,AL,4,2,57,1,0,0,1,217,67,22,6.0,15,78,0.238,2.74,1.0,8.0,3.0,0.0,301.0,13.0,30,0.0,1.0,3.0
luetglu01,2022,1,NYA,AL,4,4,50,0,0,0,2,172,63,17,4.0,17,60,0.276,2.67,1.0,1.0,4.0,0.0,251.0,18.0,19,0.0,2.0,2.0
luetglu01,2023,1,ATL,NL,1,0,12,0,0,0,0,41,17,11,2.0,7,14,0.304,7.24,0.0,2.0,1.0,0.0,65.0,5.0,11,0.0,1.0,1.0
lugose01,2020,1,NYN,NL,3,4,16,7,0,0,3,110,40,21,8.0,10,47,0.274,5.15,1.0,1.0,2.0,0.0,160.0,6.0,22,0.0,2.0,3.0
lugose01,2021,1,NYN,NL,4,3,46,0,0,0,1,139,41,18,6.0,19,55,0.237,3.5,2.0,0.0,1.0,0.0,195.0,10.0,18,0.0,2.0,2.0
lugose01,2022,1,NYN,NL,3,2,62,0,0,0,3,195,58,26,9.0,18,69,0.233,3.6,1.0,2.0,3.0,0.0,272.0,20.0,26,0.0,2.0,2.0
lugose01,2023,1,SDN,NL,8,7,26,26,0,0,0,439,140,58,19.0,36,140,0.249,3.57,0.0,3.0,3.0,0.0,604.0,0.0,62,0.0,2.0,12.0
lugose01,2024,1,KCA,AL,16,9,33,33,1,0,0,620,177,69,16.0,48,181,0.229,3.0,1.0,4.0,9.0,0.0,836.0,0.0,75,2.0,4.0,18.0
lugose01,2025,1,KCA,AL,8,7,26,26,0,0,0,436,133,67,27.0,55,125,0.244,4.15,1.0,5.0,6.0,0.0,611.0,0.0,70,3.0,1.0,9.0
luplojo01,2021,2,TBA,AL,0,0,1,0,0,0,0,3,2,1,1.0,0,0,0.4,9.0,0.0,0.0,0.0,0.0,5.0,1.0,1,0.0,0.0,0.0
luplojo01,2023,2,MIN,AL,0,1,2,0,0,0,0,4,1,2,1.0,0,0,0.2,13.5,0.0,1.0,1.0,0.0,6.0,2.0,3,0.0,0.0,0.0
luzarje01,2020,1,OAK,AL,3,2,12,9,0,0,0,177,58,27,9.0,17,59,0.257,4.12,1.0,3.0,3.0,1.0,248.0,1.0,27,1.0,1.0,5.0
luzarje01,2021,1,OAK,AL,2,4,13,6,0,0,0,114,46,29,11.0,16,40,0.297,6.87,0.0,3.0,0.0,0.0,173.0,1.0,32,1.0,1.0,3.0
luzarje01,2021,2,MIA,NL,4,5,12,12,0,0,0,172,60,41,9.0,32,58,0.269,6.44,1.0,5.0,4.0,0.0,264.0,0.0,41,1.0,4.0,5.0
luzarje01,2022,1,MIA,NL,4,7,18,18,0,0,0,301,69,37,10.0,35,120,0.191,3.32,0.0,5.0,2.0,0.0,400.0,0.0,40,1.0,1.0,7.0
luzarje01,2023,1,MIA,NL,10,10,32,32,0,0,0,536,162,71,22.0,55,208,0.239,3.58,1.0,7.0,6.0,1.0,741.0,0.0,79,1.0,2.0,18.0
luzarje01,2024,1,MIA,NL,3,6,12,12,0,0,0,200,61,37,9.0,22,58,0.246,5.0,0.0,3.0,2.0,0.0,274.0,0.0,37,1.0,1.0,6.0
luzarje01,2025,1,PHI,NL,15,7,32,32,0,0,0,551,167,80,16.0,57,216,0.24,3.92,0.0,2.0,3.0,1.0,758.0,0.0,85,0.0,2.0,10.0
lylesjo01,2020,1,TEX,AL,1,6,12,9,0,0,0,173,67,45,12.0,23,36,0.285,7.02,0.0,3.0,2.0,1.0,266.0,0.0,49,1.0,5.0,2.0
lylesjo01,2021,1,TEX,AL,10,13,32,30,0,0,0,540,194,103,38.0,56,146,0.278,5.15,0.0,9.0,7.0,0.0,769.0,1.0,104,2.0,7.0,18.0
lylesjo01,2022,1,BAL,AL,12,11,32,32,1,0,0,537,196,88,26.0,52,144,0.276,4.42,0.0,5.0,8.0,0.0,774.0,0.0,94,0.0,4.0,18.0
lylesjo01,2023,1,KCA,AL,6,17,31,31,3,0,0,533,176,124,39.0,45,120,0.255,6.28,0.0,10.0,6.0,0.0,748.0,0.0,130,1.0,5.0,13.0
lylesjo01,2024,1,KCA,AL,0,0,5,0,0,0,0,15,2,0,0.0,2,3,0.118,0.0,0.0,0.0,0.0,0.0,19.0,3.0,0,0.0,0.0,0.0
lynchda02,2021,1,KCA,AL,4,6,15,15,0,0,0,204,80,43,9.0,31,55,0.295,5.69,0.0,4.0,4.0,1.0,311.0,0.0,46,1.0,4.0,8.0
lynchda02,2022,1,KCA,AL,4,13,27,27,0,0,0,395,155,75,21.0,52,122,0.29,5.13,2.0,7.0,5.0,2.0,600.0,0.0,79,2.0,6.0,11.0
lynchda02,2023,1,KCA,AL,3,4,9,9,0,0,0,157,50,27,9.0,16,34,0.245,4.64,0.0,1.0,1.0,1.0,223.0,0.0,29,0.0,2.0,1.0
lynchda02,2024,1,KCA,AL,2,0,16,3,0,0,1,130,29,16,6.0,14,39,0.188,3.32,0.0,0.0,4.0,0.0,174.0,3.0,17,0.0,2.0,4.0
lynchda02,2025,1,KCA,AL,6,2,57,2,0,0,1,203,66,23,8.0,26,45,0.26,3.06,1.0,1.0,6.0,0.0,289.0,8.0,24,2.0,1.0,6.0
lynnla01,2020,1,TEX,AL,6,3,13,13,1,0,0,252,64,31,13.0,25,89,0.206,3.32,0.0,2.0,6.0,0.0,344.0,0.0,34,1.0,1.0,5.0
lynnla01,2021,1,CHA,AL,11,6,28,28,1,1,0,471,123,47,18.0,45,176,0.209,2.69,2.0,5.0,2.0,0.0,641.0,0.0,52,2.0,2.0,6.0
lynnla01,2022,1,CHA,AL,8,7,21,21,0,0,0,365,119,54,19.0,19,124,0.247,3.99,0.0,4.0,10.0,0.0,512.0,0.0,65,0.0,2.0,6.0
lynnla01,2023,1,CHA,AL,6,9,21,21,0,0,0,359,130,86,28.0,45,144,0.27,6.47,1.0,3.0,7.0,0.0,535.0,0.0,94,0.0,2.0,9.0
lynnla01,2023,2,LAN,NL,7,2,11,11,0,0,0,192,59,31,16.0,22,47,0.238,4.36,0.0,0.0,2.0,0.0,273.0,0.0,33,0.0,0.0,4.0
lynnla01,2024,1,SLN,NL,7,4,23,23,0,0,0,352,113,50,16.0,44,109,0.247,3.84,0.0,3.0,4.0,0.0,511.0,0.0,64,1.0,4.0,7.0
lyonsty01,2020,1,NYA,AL,0,0,1,0,0,0,0,5,3,4,0.0,1,0,0.375,21.6,0.0,0.0,1.0,0.0,10.0,0.0,4,0.0,0.0,0.0
machaan02,2021,1,WAS,NL,1,2,40,0,0,0,0,107,30,14,4.0,15,30,0.226,3.53,1.0,3.0,5.0,0.0,154.0,6.0,17,0.0,1.0,3.0
machaan02,2022,1,WAS,NL,2,0,51,0,0,0,0,178,55,22,7.0,26,46,0.241,3.34,0.0,3.0,2.0,0.0,261.0,14.0,32,0.0,5.0,3.0
machaan02,2023,1,WAS,NL,4,1,44,0,0,0,0,150,53,29,12.0,13,43,0.282,5.22,2.0,1.0,1.0,1.0,207.0,8.0,29,3.0,2.0,8.0
maciejo01,2024,1,NYA,AL,0,0,4,0,0,0,0,21,4,2,1.0,2,7,0.16,2.57,0.0,0.0,0.0,0.0,27.0,4.0,2,0.0,0.0,0.0
macivwi01,2025,1,ATH,AL,0,0,2,0,0,0,0,6,4,0,0.0,0,0,0.4,0.0,0.0,0.0,0.0,0.0,10.0,2.0,0,0.0,0.0,0.0
maddety01,2024,1,DET,AL,1,1,6,1,0,0,0,69,25,11,2.0,8,17,0.275,4.3,0.0,0.0,1.0,0.0,101.0,0.0,12,0.0,1.0,2.0
maderlu01,2021,1,MIA,NL,0,0,6,0,0,0,0,36,13,12,3.0,8,4,0.277,9.0,1.0,0.0,1.0,0.0,56.0,3.0,12,0.0,0.0,2.0
madribl01,2023,1,HOU,AL,0,0,1,0,0,0,0,3,1,1,1.0,1,0,0.333,9.0,0.0,0.0,0.0,0.0,4.0,1.0,1,0.0,0.0,1.0
maedake01,2020,1,MIN,AL,6,1,11,11,0,0,0,200,40,20,9.0,10,80,0.168,2.7,0.0,0.0,0.0,0.0,248.0,0.0,20,0.0,0.0,2.0
maedake01,2021,1,MIN,AL,6,5,21,21,0,0,0,319,106,55,16.0,32,113,0.258,4.66,1.0,3.0,7.0,0.0,453.0,0.0,60,1.0,1.0,9.0
maedake01,2023,1,MIN,AL,6,8,21,20,0,0,0,313,94,49,17.0,28,117,0.239,4.23,0.0,2.0,3.0,0.0,428.0,0.0,50,0.0,3.0,10.0
maedake01,2024,1,DET,AL,3,7,29,17,0,0,0,337,124,76,22.0,31,96,0.28,6.09,0.0,3.0,5.0,0.0,485.0,2.0,80,0.0,6.0,9.0
maedake01,2025,1,DET,AL,0,0,7,0,0,0,0,24,9,7,1.0,6,8,0.265,7.88,0.0,2.0,3.0,0.0,43.0,5.0,8,0.0,0.0,0.0
magilma01,2020,1,SEA,AL,0,1,11,0,0,0,0,31,9,7,3.0,6,11,0.231,6.1,0.0,1.0,0.0,0.0,45.0,0.0,7,0.0,0.0,1.0
mahlety01,2020,1,CIN,NL,2,2,10,9,0,0,0,143,34,19,6.0,21,60,0.198,3.59,0.0,2.0,4.0,1.0,201.0,0.0,21,0.0,4.0,2.0
mahlety01,2021,1,CIN,NL,13,6,33,33,0,0,0,540,158,75,24.0,64,210,0.234,3.75,0.0,4.0,10.0,0.0,759.0,0.0,78,9.0,2.0,9.0
mahlety01,2022,1,CIN,NL,5,7,19,19,0,0,0,313,91,51,12.0,39,114,0.232,4.4,0.0,3.0,2.0,1.0,440.0,0.0,53,1.0,5.0,3.0
mahlety01,2022,2,MIN,AL,1,1,4,4,0,0,0,49,13,8,4.0,4,12,0.22,4.41,0.0,0.0,0.0,0.0,63.0,0.0,8,0.0,0.0,2.0
mahlety01,2023,1,MIN,AL,1,2,5,5,0,0,0,77,22,9,5.0,5,28,0.227,3.16,0.0,0.0,0.0,0.0,102.0,0.0,11,0.0,0.0,2.0
mahlety01,2024,1,TEX,AL,0,1,3,3,0,0,0,38,14,7,1.0,4,10,0.28,4.97,0.0,1.0,1.0,0.0,56.0,0.0,7,0.0,1.0,1.0
mahlety01,2025,1,TEX,AL,6,4,16,16,0,0,0,260,69,21,5.0,29,66,0.218,2.18,0.0,0.0,0.0,1.0,346.0,0.0,21,0.0,1.0,8.0
mailelu01,2021,1,MIL,NL,0,0,1,0,0,0,0,3,2,1,1.0,0,0,0.4,9.0,0.0,0.0,0.0,0.0,5.0,1.0,1,0.0,0.0,0.0
mailelu01,2023,1,CIN,NL,0,0,4,0,0,0,0,13,12,8,4.0,0,0,0.5,16.62,0.0,0.0,0.0,0.0,25.0,4.0,8,0.0,1.0,0.0
mailelu01,2024,1,CIN,NL,0,0,3,0,0,0,0,11,6,6,1.0,0,0,0.353,14.73,0.0,0.0,0.0,0.0,18.0,3.0,6,0.0,1.0,0.0
mailelu01,2025,1,KCA,AL,0,0,1,0,0,0,0,3,0,0,0.0,1,0,0.0,0.0,0.0,0.0,0.0,0.0,4.0,1.0,0,0.0,0.0,0.0
maldoan01,2024,1,MIA,NL,1,1,16,1,0,0,1,57,21,12,1.0,7,11,0.28,5.68,3.0,1.0,0.0,0.0,82.0,6.0,12,0.0,0.0,1.0
maldoan01,2025,1,ATH,AL,0,0,6,0,0,0,0,18,10,8,3.0,5,7,0.357,12.0,1.0,1.0,0.0,0.0,33.0,5.0,8,0.0,0.0,0.0
maldoma01,2023,1,HOU,AL,0,0,1,0,0,0,0,3,5,4,1.0,1,0,0.714,36.0,0.0,0.0,1.0,0.0,10.0,1.0,4,0.0,1.0,0.0
manaese01,2020,1,OAK,AL,4,3,11,11,0,0,0,162,57,27,7.0,8,45,0.27,4.5,0.0,1.0,1.0,0.0,222.0,0.0,32,0.0,2.0,5.0
manaese01,2021,1,OAK,AL,11,10,32,32,2,2,0,538,179,78,25.0,41,194,0.255,3.91,0.0,5.0,9.0,1.0,754.0,0.0,79,1.0,1.0,10.0
manaese01,2022,1,SDN,NL,8,9,30,28,0,0,0,474,155,87,29.0,50,156,0.254,4.96,1.0,0.0,3.0,0.0,671.0,1.0,95,2.0,5.0,11.0
manaese01,2023,1,SFN,NL,7,6,37,10,0,0,1,353,104,58,14.0,42,128,0.234,4.44,0.0,3.0,8.0,0.0,499.0,2.0,68,0.0,5.0,12.0
manaese01,2024,1,NYN,NL,12,6,32,32,0,0,0,545,134,70,21.0,63,184,0.202,3.47,0.0,4.0,9.0,0.0,738.0,0.0,75,0.0,3.0,11.0
manaese01,2025,1,NYN,NL,2,4,15,12,0,0,0,182,62,38,13.0,12,75,0.257,5.64,0.0,2.0,7.0,0.0,263.0,2.0,38,2.0,1.0,1.0
mannima01,2021,1,DET,AL,4,7,18,18,0,0,0,256,96,55,10.0,33,57,0.279,5.8,0.0,1.0,3.0,0.0,385.0,0.0,59,0.0,4.0,3.0
mannima01,2022,1,DET,AL,2,3,12,12,0,0,0,189,55,24,6.0,19,48,0.231,3.43,0.0,2.0,1.0,0.0,263.0,0.0,27,0.0,5.0,1.0
mannima01,2023,1,DET,AL,5,4,15,15,0,0,0,234,60,31,11.0,21,50,0.212,3.58,0.0,0.0,5.0,0.0,316.0,0.0,37,1.0,5.0,4.0
mannima01,2024,1,DET,AL,0,1,5,5,0,0,0,83,31,15,3.0,12,23,0.287,4.88,0.0,1.0,0.0,0.0,123.0,0.0,15,0.0,3.0,1.0
manoaal01,2021,1,TOR,AL,9,2,20,20,0,0,0,335,77,40,12.0,40,127,0.192,3.22,0.0,0.0,16.0,1.0,459.0,0.0,44,0.0,2.0,10.0
manoaal01,2022,1,TOR,AL,16,7,31,31,0,0,0,590,144,49,16.0,51,180,0.202,2.24,0.0,5.0,15.0,0.0,786.0,0.0,55,1.0,5.0,12.0
manoaal01,2023,1,TOR,AL,3,9,19,19,0,0,0,262,93,57,15.0,59,79,0.269,5.87,1.0,3.0,9.0,3.0,415.0,0.0,61,0.0,1.0,7.0
manoaal01,2024,1,TOR,AL,1,2,5,5,0,0,0,73,17,10,5.0,8,26,0.189,3.7,0.0,1.0,4.0,0.0,103.0,0.0,16,0.0,1.0,2.0
mantijo01,2020,1,ARI,NL,0,0,4,0,0,0,0,7,3,4,0.0,4,2,0.273,15.43,0.0,0.0,0.0,0.0,15.0,1.0,4,0.0,0.0,0.0
mantijo01,2021,1,ARI,NL,0,3,57,0,0,0,0,119,45,15,1.0,17,38,0.292,3.4,3.0,2.0,1.0,0.0,177.0,7.0,24,1.0,4.0,6.0
mantijo01,2022,1,ARI,NL,2,5,69,0,0,0,2,180,59,19,6.0,6,61,0.255,2.85,0.0,3.0,3.0,1.0,243.0,9.0,22,1.0,2.0,5.0
mantijo01,2023,1,ARI,NL,2,2,35,3,0,0,0,117,35,20,4.0,9,28,0.236,4.62,1.0,1.0,0.0,0.0,157.0,9.0,22,0.0,0.0,4.0
mantijo01,2024,1,ARI,NL,6,2,75,2,0,0,1,179,52,26,1.0,18,53,0.231,3.92,7.0,3.0,0.0,1.0,243.0,8.0,27,0.0,0.0,6.0
mantijo01,2025,1,ARI,NL,0,1,10,0,0,0,0,29,26,17,5.0,3,8,0.481,15.83,1.0,0.0,1.0,0.0,58.0,4.0,17,0.0,0.0,0.0
mapledi01,2020,1,CHN,NL,0,0,2,0,0,0,0,3,1,2,0.0,4,1,0.2,18.0,0.0,0.0,0.0,0.0,9.0,1.0,3,0.0,0.0,0.0
mapledi01,2021,1,CHN,NL,1,0,28,0,0,0,0,94,15,9,2.0,25,40,0.144,2.59,0.0,5.0,8.0,0.0,139.0,10.0,10,0.0,2.0,2.0
margeni01,2020,1,SEA,AL,2,3,10,7,0,0,0,124,38,21,6.0,14,36,0.244,4.57,2.0,2.0,0.0,0.0,170.0,1.0,21,0.0,0.0,3.0
margeni01,2021,1,SEA,AL,0,2,5,3,0,0,0,36,13,11,2.0,7,12,0.25,8.25,0.0,2.0,1.0,0.0,60.0,1.0,16,0.0,0.0,0.0
marinro01,2022,1,NYA,AL,1,0,40,0,0,0,0,132,22,10,2.0,24,56,0.149,2.05,0.0,5.0,6.0,0.0,181.0,8.0,12,0.0,2.0,2.0
marinro01,2023,1,NYA,AL,4,5,45,0,0,0,2,142,35,21,6.0,27,56,0.208,3.99,0.0,2.0,7.0,0.0,205.0,9.0,24,1.0,1.0,2.0
marinro01,2024,1,NYA,AL,1,0,16,0,0,0,0,70,18,10,4.0,10,25,0.217,3.86,0.0,0.0,3.0,1.0,99.0,4.0,11,1.0,2.0,3.0
marinro01,2025,1,SDN,NL,0,0,7,0,0,0,0,32,6,1,0.0,4,12,0.162,0.84,0.0,0.0,0.0,0.0,42.0,3.0,1,0.0,1.0,0.0
mariomi01,2023,1,CIN,NL,0,0,1,0,0,0,0,8,4,1,1.0,1,2,0.333,3.38,0.0,0.0,0.0,0.0,13.0,0.0,1,0.0,0.0,0.0
markepa01,2022,1,OAK,AL,0,0,3,0,0,0,0,9,1,0,0.0,5,3,0.125,0.0,0.0,0.0,0.0,0.0,13.0,1.0,0,0.0,0.0,1.0
marqubr01,2020,1,CHN,NL,0,0,1,0,0,0,0,2,2,5,0.0,3,1,0.5,67.5,0.0,2.0,0.0,0.0,7.0,0.0,5,0.0,0.0,0.0
marquge01,2020,1,COL,NL,4,6,13,13,0,0,0,245,78,34,6.0,25,73,0.247,3.75,0.0,4.0,0.0,0.0,344.0,0.0,41,0.0,3.0,8.0
marquge01,2021,1,COL,NL,12,11,32,32,3,1,0,540,165,88,21.0,64,176,0.242,4.4,5.0,15.0,4.0,0.0,756.0,0.0,92,5.0,0.0,16.0
marquge01,2022,1,COL,NL,9,13,31,31,0,0,0,545,185,100,30.0,63,150,0.263,4.95,0.0,8.0,4.0,2.0,779.0,0.0,109,1.0,7.0,21.0
marquge01,2023,1,COL,NL,2,2,4,4,0,0,0,60,19,11,4.0,3,17,0.257,4.95,0.0,0.0,0.0,1.0,80.0,0.0,11,0.0,1.0,3.0
marquge01,2024,1,COL,NL,0,0,1,1,0,0,0,12,5,3,1.0,4,3,0.313,6.75,0.0,0.0,0.0,0.0,20.0,0.0,3,0.0,0.0,0.0
marquge01,2025,1,COL,NL,3,16,26,26,0,0,0,379,168,94,23.0,48,83,0.316,6.7,1.0,6.0,6.0,0.0,591.0,0.0,106,1.0,4.0,10.0
marshal01,2023,1,KCA,AL,3,9,17,8,0,0,0,223,77,47,16.0,39,85,0.266,5.69,0.0,1.0,9.0,0.0,342.0,1.0,50,2.0,1.0,5.0
marshal01,2024,1,KCA,AL,9,9,26,25,0,0,0,387,123,65,19.0,39,123,0.249,4.53,1.0,3.0,11.0,1.0,548.0,1.0,70,0.0,4.0,9.0
marshev01,2020,1,CHA,AL,2,1,23,0,0,0,0,68,17,6,1.0,7,30,0.198,2.38,0.0,2.0,0.0,0.0,93.0,0.0,6,0.0,0.0,0.0
marshev01,2021,1,CHA,AL,0,2,27,0,0,0,0,82,28,17,5.0,9,26,0.277,5.6,1.0,0.0,0.0,0.0,113.0,4.0,17,1.0,2.0,4.0
martejo01,2021,1,LAA,AL,0,1,4,0,0,0,0,12,4,4,1.0,3,5,0.267,9.0,0.0,0.0,0.0,0.0,18.0,2.0,5,0.0,0.0,0.0
martejo01,2022,1,LAA,AL,0,0,11,0,0,0,0,33,8,9,2.0,18,15,0.2,7.36,0.0,1.0,0.0,0.0,58.0,4.0,9,0.0,0.0,1.0
martejo01,2023,1,LAA,AL,0,0,10,0,0,0,0,28,14,9,3.0,7,7,0.359,8.68,0.0,1.0,0.0,0.0,48.0,0.0,10,0.0,2.0,2.0
martejo01,2024,1,LAA,AL,0,0,14,0,0,0,0,58,14,5,1.0,10,14,0.206,2.33,0.0,2.0,1.0,0.0,80.0,3.0,6,0.0,1.0,4.0
marteyu01,2022,1,SFN,NL,1,1,39,0,0,0,0,144,47,29,5.0,22,44,0.255,5.44,0.0,3.0,6.0,0.0,214.0,10.0,32,0.0,2.0,4.0
marteyu01,2023,1,PHI,NL,1,1,40,0,0,0,2,118,47,22,6.0,17,38,0.288,5.03,0.0,0.0,1.0,0.0,182.0,8.0,27,0.0,1.0,3.0
marteyu01,2024,1,PHI,NL,0,0,23,0,0,0,0,78,34,20,5.0,15,23,0.306,6.92,0.0,3.0,0.0,0.0,127.0,5.0,22,0.0,1.0,0.0
martiad01,2022,1,OAK,AL,4,6,12,12,0,0,0,173,69,40,13.0,19,53,0.295,6.24,1.0,6.0,3.0,1.0,259.0,0.0,42,0.0,3.0,5.0
martiad01,2023,1,OAK,AL,0,2,22,1,0,0,0,165,59,29,8.0,19,47,0.278,4.75,0.0,4.0,5.0,0.0,241.0,7.0,31,0.0,5.0,3.0
martibr01,2020,1,TEX,AL,1,1,15,0,0,0,0,44,8,3,2.0,9,8,0.157,1.84,0.0,1.0,0.0,0.0,61.0,4.0,5,0.0,1.0,1.0
martibr01,2021,1,TEX,AL,4,4,66,0,0,0,0,187,67,22,5.0,14,42,0.272,3.18,4.0,4.0,0.0,0.0,264.0,24.0,31,4.0,0.0,6.0
martibr01,2022,1,TEX,AL,1,7,55,1,0,0,3,150,50,23,4.0,18,40,0.26,4.14,3.0,7.0,0.0,0.0,212.0,20.0,27,1.0,1.0,7.0
martica04,2020,1,SLN,NL,0,3,5,5,0,0,0,60,32,22,6.0,10,17,0.352,9.9,2.0,0.0,0.0,0.0,104.0,0.0,26,0.0,2.0,1.0
martica04,2021,1,SLN,NL,4,9,16,16,0,0,0,247,77,57,8.0,36,57,0.246,6.23,2.0,3.0,11.0,0.0,363.0,0.0,58,1.0,2.0,7.0
martich02,2020,1,ATL,NL,1,1,19,0,0,0,1,54,8,2,1.0,3,20,0.129,1.0,1.0,0.0,1.0,0.0,66.0,3.0,3,0.0,0.0,0.0
martich02,2021,1,ATL,NL,2,4,46,0,0,0,1,130,49,19,4.0,6,33,0.29,3.95,1.0,0.0,3.0,0.0,181.0,8.0,20,2.0,1.0,4.0
martich02,2022,1,CHN,NL,1,0,34,0,0,0,0,94,38,15,5.0,4,40,0.297,4.31,1.0,6.0,0.0,1.0,133.0,4.0,16,0.0,1.0,2.0
martich02,2022,2,LAN,NL,3,1,26,0,0,0,2,74,12,4,1.0,1,34,0.135,1.46,0.0,1.0,1.0,0.0,92.0,2.0,4,0.0,1.0,0.0
martich02,2023,1,BOS,AL,4,1,55,0,0,0,3,154,45,6,2.0,8,46,0.237,1.05,3.0,1.0,0.0,0.0,199.0,12.0,6,0.0,1.0,4.0
martich02,2024,1,BOS,AL,3,1,45,0,0,0,2,133,47,17,5.0,3,50,0.275,3.45,1.0,2.0,3.0,0.0,180.0,9.0,22,1.0,2.0,5.0
martich02,2025,1,TEX,AL,2,6,49,0,0,0,2,127,43,14,6.0,8,43,0.262,2.98,3.0,2.0,1.0,0.0,174.0,10.0,18,0.0,1.0,6.0
martico02,2021,1,ARI,NL,0,3,5,3,0,0,0,48,23,19,5.0,14,13,0.338,10.69,0.0,0.0,1.0,0.0,86.0,0.0,19,2.0,1.0,1.0
martico02,2022,1,ARI,NL,0,1,7,2,0,0,0,67,25,12,3.0,12,21,0.291,4.84,0.0,2.0,0.0,0.0,101.0,1.0,14,1.0,2.0,3.0
martico02,2025,1,BAL,AL,1,0,17,0,0,0,2,54,22,12,4.0,9,23,0.289,6.0,0.0,1.0,2.0,1.0,89.0,7.0,15,2.0,0.0,0.0
martida03,2022,1,CHA,AL,3,6,14,9,0,0,0,190,63,34,8.0,19,48,0.259,4.83,1.0,3.0,3.0,0.0,269.0,1.0,36,2.0,1.0,4.0
martida03,2024,1,CHA,AL,0,5,11,10,0,0,0,150,50,24,5.0,23,47,0.26,4.32,0.0,2.0,5.0,0.0,220.0,0.0,25,0.0,0.0,5.0
martida03,2025,1,CHA,AL,7,10,26,25,0,0,0,428,136,65,20.0,48,104,0.251,4.1,1.0,2.0,6.0,2.0,601.0,0.0,74,0.0,5.0,17.0
martiju01,2023,1,ARI,NL,0,0,10,0,0,0,1,30,13,14,2.0,11,14,0.295,12.6,1.0,1.0,2.0,0.0,57.0,4.0,14,0.0,0.0,0.0
martiju01,2024,1,ARI,NL,5,6,64,0,0,0,8,218,59,20,2.0,36,91,0.221,2.48,6.0,8.0,2.0,1.0,308.0,28.0,26,1.0,2.0,5.0
martiju01,2025,1,ARI,NL,1,2,17,0,0,0,5,46,7,7,1.0,12,22,0.135,4.11,1.0,2.0,3.0,0.0,67.0,9.0,8,0.0,0.0,2.0
martini01,2022,1,SDN,NL,4,4,47,10,0,0,8,319,96,41,15.0,41,95,0.239,3.47,0.0,4.0,4.0,0.0,448.0,15.0,44,0.0,1.0,13.0
martini01,2023,1,SDN,NL,6,4,63,9,0,0,1,331,99,42,12.0,40,106,0.24,3.43,1.0,3.0,3.0,0.0,461.0,6.0,45,3.0,1.0,8.0
martini01,2024,1,CIN,NL,10,7,42,16,1,0,0,427,128,49,13.0,18,116,0.237,3.1,0.0,4.0,5.0,0.0,570.0,3.0,56,4.0,3.0,9.0
martini01,2025,1,CIN,NL,11,14,40,26,0,0,0,497,158,82,22.0,42,116,0.254,4.45,1.0,6.0,6.0,0.0,683.0,2.0,86,5.0,9.0,10.0
martise01,2021,1,HOU,AL,0,0,3,0,0,0,0,9,5,5,0.0,3,3,0.385,15.0,0.0,0.0,0.0,0.0,16.0,3.0,5,0.0,0.0,1.0
martise01,2022,1,HOU,AL,1,1,29,0,0,0,0,116,26,9,3.0,14,38,0.187,2.09,1.0,0.0,1.0,0.0,155.0,7.0,10,1.0,0.0,3.0
martise01,2023,1,HOU,AL,2,3,35,0,0,0,1,129,45,25,5.0,19,45,0.265,5.23,2.0,0.0,6.0,0.0,195.0,7.0,29,0.0,0.0,2.0
martise01,2024,1,HOU,AL,3,2,44,0,0,0,1,158,49,21,7.0,18,36,0.246,3.59,1.0,0.0,4.0,2.0,222.0,14.0,24,1.0,0.0,9.0
martise01,2025,1,MIA,NL,0,0,6,0,0,0,0,20,4,4,2.0,3,4,0.182,5.4,0.0,0.0,0.0,1.0,27.0,0.0,4,0.0,2.0,0.0
mastrmi01,2023,1,CHN,NL,0,0,1,0,0,0,0,1,4,4,1.0,0,0,0.8,108.0,0.0,0.0,0.0,0.0,5.0,1.0,4,0.0,0.0,0.0
mastrmi01,2025,1,SEA,AL,0,0,1,0,0,0,0,3,1,0,0.0,2,0,0.25,0.0,0.0,0.0,0.0,0.0,6.0,1.0,0,0.0,0.0,0.0
mateojo01,2025,1,BAL,AL,0,0,1,0,0,0,0,3,5,5,1.0,2,0,0.625,45.0,0.0,0.0,1.0,0.0,11.0,0.0,5,0.0,0.0,0.0
mathiwy01,2021,1,ARI,NL,0,0,1,0,0,0,0,3,1,0,0.0,0,0,0.25,0.0,0.0,0.0,0.0,0.0,4.0,1.0,0,0.0,0.0,0.0
matonni01,2021,1,PHI,NL,0,0,1,0,0,0,0,1,0,0,0.0,0,1,0.0,0.0,0.0,0.0,0.0,0.0,1.0,1.0,0,0.0,0.0,0.0
matonni01,2022,1,PHI,NL,0,0,2,0,0,0,0,4,4,3,0.0,0,0,0.5,20.25,0.0,0.0,0.0,0.0,8.0,2.0,3,0.0,0.0,0.0
matonph01,2020,1,CLE,AL,3,3,23,0,0,0,0,65,23,11,1.0,6,32,0.267,4.57,1.0,1.0,4.0,0.0,96.0,4.0,14,0.0,0.0,2.0
matonph01,2021,1,CLE,AL,2,0,38,1,0,0,0,124,36,21,4.0,20,61,0.237,4.57,0.0,0.0,3.0,0.0,178.0,3.0,21,0.0,3.0,2.0
matonph01,2021,2,HOU,AL,4,0,27,0,0,0,0,76,29,14,2.0,12,24,0.284,4.97,0.0,0.0,3.0,0.0,119.0,2.0,15,0.0,2.0,1.0
matonph01,2022,1,HOU,AL,0,2,67,0,0,0,0,197,58,28,10.0,24,73,0.237,3.84,2.0,0.0,8.0,0.0,281.0,10.0,34,1.0,3.0,7.0
matonph01,2023,1,HOU,AL,4,3,68,0,0,0,1,198,49,22,6.0,25,74,0.207,3.0,2.0,1.0,9.0,0.0,274.0,7.0,27,1.0,2.0,5.0
matonph01,2024,1,TBA,AL,1,2,40,0,0,0,2,106,29,18,6.0,18,30,0.225,4.58,1.0,1.0,5.0,0.0,152.0,10.0,19,0.0,0.0,4.0
matonph01,2024,2,NYN,NL,2,1,31,0,0,0,1,86,18,8,1.0,6,30,0.176,2.51,0.0,0.0,4.0,0.0,113.0,6.0,8,1.0,0.0,0.0
matonph01,2025,1,SLN,NL,1,3,40,0,0,0,2,115,28,10,1.0,15,48,0.206,2.35,1.0,1.0,5.0,0.0,158.0,9.0,12,1.0,1.0,3.0
matonph01,2025,2,TEX,AL,3,2,23,0,0,0,3,69,14,9,2.0,8,33,0.179,3.52,1.0,0.0,2.0,0.0,90.0,13.0,9,1.0,1.0,2.0
matsuyu01,2024,1,SDN,NL,4,2,64,0,0,0,0,188,46,26,8.0,27,69,0.204,3.73,4.0,8.0,0.0,0.0,257.0,14.0,27,0.0,4.0,2.0
matsuyu01,2025,1,SDN,NL,3,1,61,0,0,0,1,190,53,28,10.0,33,61,0.227,3.98,2.0,5.0,1.0,0.0,272.0,19.0,29,1.0,4.0,4.0
matthze01,2024,1,MIN,AL,1,4,9,9,0,0,0,113,51,28,11.0,11,43,0.311,6.69,0.0,1.0,2.0,0.0,177.0,0.0,31,0.0,0.0,1.0
matthze01,2025,1,MIN,AL,5,6,16,16,0,0,0,238,94,49,12.0,24,88,0.291,5.56,0.0,2.0,0.0,0.0,354.0,0.0,50,2.0,5.0,5.0
mattsis01,2021,1,BAL,AL,0,0,4,0,0,0,0,13,5,3,0.0,5,3,0.278,6.23,0.0,1.0,0.0,0.0,23.0,3.0,3,0.0,0.0,0.0
mattsis01,2024,1,PIT,NL,0,0,3,0,0,0,0,16,1,3,0.0,5,6,0.059,5.06,0.0,0.0,1.0,0.0,23.0,1.0,3,0.0,0.0,0.0
mattsis01,2025,1,PIT,NL,3,3,44,0,0,0,0,143,35,13,4.0,19,45,0.203,2.45,2.0,0.0,2.0,0.0,198.0,12.0,14,2.0,3.0,2.0
matzety01,2020,1,ATL,NL,4,3,21,0,0,0,0,87,23,9,1.0,10,43,0.211,2.79,0.0,1.0,2.0,0.0,121.0,3.0,9,0.0,0.0,0.0
matzety01,2021,1,ATL,NL,0,4,69,0,0,0,0,189,40,18,3.0,37,77,0.182,2.57,5.0,6.0,2.0,0.0,264.0,13.0,19,4.0,1.0,5.0
matzety01,2022,1,ATL,NL,4,2,42,0,0,0,1,131,26,17,3.0,29,36,0.173,3.5,2.0,7.0,2.0,0.0,184.0,6.0,21,0.0,3.0,3.0
matzety01,2024,1,ATL,NL,0,0,11,0,0,0,0,30,16,11,3.0,3,10,0.356,9.9,0.0,2.0,0.0,0.0,48.0,1.0,11,0.0,0.0,1.0
matzety01,2025,1,NYA,AL,0,0,7,0,0,0,0,19,11,3,0.0,5,7,0.379,4.26,0.0,0.0,0.0,0.0,35.0,4.0,3,0.0,1.0,0.0
matzst01,2020,1,NYN,NL,0,5,9,6,0,0,0,92,42,33,14.0,10,36,0.323,9.68,0.0,2.0,0.0,0.0,142.0,1.0,33,1.0,1.0,2.0
matzst01,2021,1,TOR,AL,14,7,29,29,0,0,0,452,158,64,18.0,43,144,0.265,3.82,0.0,5.0,6.0,1.0,647.0,0.0,70,0.0,1.0,15.0
matzst01,2022,1,SLN,NL,5,3,15,10,0,0,0,144,50,28,8.0,10,54,0.256,5.25,0.0,1.0,2.0,0.0,207.0,1.0,28,0.0,0.0,2.0
matzst01,2023,1,SLN,NL,4,7,25,17,0,0,0,315,108,45,11.0,32,98,0.263,3.86,0.0,2.0,3.0,2.0,449.0,2.0,48,2.0,2.0,8.0
matzst01,2024,1,SLN,NL,1,2,12,7,0,0,0,133,49,25,7.0,15,33,0.287,5.08,1.0,1.0,2.0,0.0,190.0,2.0,28,1.0,1.0,7.0
matzst01,2025,1,SLN,NL,5,2,32,2,0,0,1,165,56,21,4.0,9,47,0.26,3.44,0.0,2.0,1.0,0.0,227.0,2.0,25,1.0,1.0,5.0
matzst01,2025,2,BOS,AL,0,0,21,0,0,0,1,65,17,5,4.0,2,12,0.215,2.08,0.0,1.0,1.0,0.0,82.0,2.0,6,0.0,0.0,2.0
maxweza01,2025,1,CIN,NL,0,0,8,0,0,0,0,30,10,5,3.0,4,13,0.256,4.5,0.0,0.0,0.0,0.0,43.0,1.0,5,0.0,0.0,1.0
maydu01,2020,1,LAN,NL,3,1,12,10,0,0,0,168,45,16,9.0,16,44,0.22,2.57,0.0,2.0,1.0,0.0,224.0,0.0,18,1.0,1.0,6.0
maydu01,2021,1,LAN,NL,1,1,5,5,0,0,0,69,16,7,4.0,6,35,0.186,2.74,0.0,0.0,1.0,0.0,93.0,0.0,8,0.0,0.0,0.0
maydu01,2022,1,LAN,NL,2,3,6,6,0,0,0,90,21,15,3.0,14,29,0.194,4.5,0.0,0.0,5.0,0.0,127.0,0.0,17,0.0,0.0,3.0
maydu01,2023,1,LAN,NL,4,1,9,9,0,0,0,144,29,14,1.0,16,34,0.173,2.63,0.0,1.0,2.0,0.0,187.0,0.0,14,0.0,1.0,3.0
maydu01,2025,1,LAN,NL,6,7,19,18,0,0,0,312,97,56,16.0,43,97,0.245,4.85,3.0,1.0,8.0,0.0,451.0,0.0,60,2.0,2.0,8.0
maydu01,2025,2,BOS,AL,1,4,6,5,0,0,0,85,35,17,5.0,13,26,0.307,5.4,0.0,0.0,4.0,0.0,133.0,1.0,18,0.0,2.0,4.0
mayermi01,2020,1,LAA,AL,2,0,29,0,0,0,2,90,18,7,2.0,9,43,0.162,2.1,0.0,0.0,1.0,0.0,121.0,4.0,10,0.0,0.0,2.0
mayermi01,2021,1,LAA,AL,5,5,72,2,0,0,2,225,71,32,11.0,26,90,0.25,3.84,0.0,0.0,3.0,0.0,315.0,9.0,32,1.0,1.0,6.0
mayermi01,2022,1,LAA,AL,1,1,24,3,0,0,0,152,52,32,15.0,18,45,0.259,5.68,0.0,3.0,2.0,0.0,223.0,7.0,35,0.0,2.0,5.0
mayermi01,2023,1,KCA,AL,1,2,6,2,0,0,0,79,34,18,4.0,10,17,0.315,6.15,0.0,2.0,0.0,0.0,119.0,0.0,19,0.0,1.0,4.0
mayfija01,2021,2,SEA,AL,0,0,1,0,0,0,0,1,0,0,0.0,0,0,0.0,0.0,0.0,0.0,0.0,0.0,1.0,1.0,0,0.0,0.0,0.0
mayfija01,2022,1,LAA,AL,0,0,1,0,0,0,0,3,1,0,0.0,0,0,0.25,0.0,0.0,0.0,0.0,0.0,4.0,1.0,0,0.0,0.0,0.0
maytr01,2020,1,MIN,AL,1,0,24,0,0,0,2,70,20,10,5.0,7,38,0.227,3.86,0.0,2.0,0.0,0.0,96.0,4.0,11,0.0,1.0,1.0
maytr01,2021,1,NYN,NL,7,3,68,0,0,0,4,188,55,25,10.0,24,83,0.227,3.59,4.0,7.0,0.0,0.0,266.0,19.0,29,0.0,0.0,2.0
maytr01,2022,1,NYN,NL,2,0,26,0,0,0,1,75,27,14,4.0,9,30,0.265,5.04,0.0,0.0,0.0,0.0,111.0,6.0,14,0.0,0.0,0.0
maytr01,2023,1,OAK,AL,4,4,49,0,0,0,21,140,35,17,4.0,29,40,0.208,3.28,5.0,2.0,3.0,0.0,205.0,35.0,21,3.0,2.0,2.0
mayzati01,2021,1,TOR,AL,5,2,61,0,0,0,1,159,40,20,5.0,12,57,0.206,3.4,0.0,2.0,3.0,0.0,210.0,10.0,21,1.0,0.0,5.0
mayzati01,2022,1,TOR,AL,8,1,63,0,0,0,2,146,42,17,7.0,12,44,0.237,3.14,2.0,2.0,1.0,1.0,193.0,9.0,19,1.0,2.0,6.0
mayzati01,2023,1,TOR,AL,3,1,69,0,0,0,1,160,50,9,2.0,15,53,0.251,1.52,3.0,1.0,0.0,0.0,215.0,8.0,10,0.0,1.0,7.0
mayzati01,2024,1,TOR,AL,0,1,35,0,0,0,0,74,36,22,3.0,12,16,0.34,8.03,2.0,1.0,0.0,0.0,121.0,8.0,24,0.0,3.0,1.0
mayzati01,2024,2,NYA,AL,0,1,15,0,0,0,0,54,18,8,2.0,3,12,0.261,4.0,0.0,0.0,1.0,0.0,74.0,4.0,10,0.0,1.0,1.0
mayzati01,2025,1,PIT,NL,0,0,7,0,0,0,0,28,9,3,1.0,1,8,0.243,2.89,0.0,0.0,1.0,0.0,40.0,4.0,3,0.0,1.0,0.0
mayzati01,2025,2,PHI,NL,0,0,8,0,0,0,0,22,8,4,1.0,4,7,0.276,4.91,0.0,1.0,1.0,0.0,34.0,1.0,4,0.0,0.0,1.0
mazurad01,2024,1,SDN,NL,1,3,8,8,0,0,0,101,40,28,6.0,21,22,0.301,7.49,0.0,0.0,2.0,0.0,158.0,0.0,28,0.0,2.0,5.0
mazurad01,2025,1,MIA,NL,0,4,6,6,0,0,0,90,33,16,4.0,12,19,0.264,4.8,0.0,2.0,1.0,0.0,139.0,0.0,21,0.0,1.0,2.0
mazzach01,2020,1,BOS,AL,1,2,9,6,0,0,0,90,34,16,3.0,15,29,0.288,4.8,0.0,4.0,2.0,0.0,136.0,0.0,18,0.0,1.0,1.0
mazzach01,2021,1,TBA,AL,0,0,14,0,0,0,1,82,26,14,3.0,7,21,0.257,4.61,1.0,3.0,2.0,0.0,112.0,7.0,14,0.0,2.0,6.0
mazzach01,2022,1,TBA,AL,1,0,2,0,0,0,0,16,9,7,3.0,6,5,0.333,11.81,0.0,1.0,2.0,0.0,35.0,0.0,10,0.0,0.0,0.0
mcallza01,2023,1,NYA,AL,0,0,7,0,0,0,0,16,9,6,2.0,2,5,0.346,10.13,0.0,0.0,1.0,0.0,29.0,2.0,7,0.0,0.0,1.0
mcartja01,2023,1,KCA,AL,1,0,18,2,0,0,4,70,20,12,2.0,2,23,0.235,4.63,0.0,1.0,1.0,0.0,90.0,6.0,12,0.0,2.0,2.0
mcartja01,2024,1,KCA,AL,5,7,57,0,0,0,18,170,68,31,8.0,14,49,0.298,4.92,2.0,1.0,3.0,0.0,247.0,38.0,36,1.0,1.0,6.0
mccanja02,2023,1,BAL,AL,0,0,1,0,0,0,0,3,2,0,0.0,0,0,0.4,0.0,0.0,0.0,0.0,0.0,5.0,1.0,0,0.0,0.0,0.0
mccanja02,2024,1,BAL,AL,0,0,1,0,0,0,0,3,2,2,1.0,0,0,0.4,18.0,0.0,0.0,0.0,0.0,5.0,1.0,2,0.0,0.0,0.0
mccarke01,2020,1,KCA,AL,0,0,5,0,0,0,0,18,10,3,1.0,2,2,0.385,4.5,0.0,0.0,1.0,0.0,29.0,2.0,3,0.0,0.0,3.0
mccarki01,2022,1,CLE,AL,4,3,13,2,0,0,0,113,37,19,11.0,13,26,0.259,4.54,1.0,0.0,1.0,0.0,159.0,6.0,23,0.0,2.0,3.0
mccauda01,2021,1,SEA,AL,0,0,2,1,0,0,0,27,8,8,3.0,4,2,0.25,8.0,0.0,0.0,1.0,0.0,39.0,0.0,8,1.0,1.0,1.0
mccauda01,2023,1,SEA,AL,0,0,3,0,0,0,0,15,7,3,1.0,3,10,0.292,5.4,0.0,0.0,0.0,0.0,27.0,3.0,5,0.0,0.0,0.0
mccauda01,2024,1,MIA,NL,0,0,10,5,0,0,2,108,44,23,7.0,9,27,0.297,5.75,0.0,1.0,6.0,0.0,165.0,4.0,26,0.0,2.0,1.0
mccauda01,2024,2,CLE,AL,0,0,2,0,0,0,0,18,9,6,2.0,6,1,0.391,9.0,0.0,1.0,0.0,0.0,30.0,1.0,6,0.0,1.0,1.0
mccauda01,2025,1,MIN,AL,0,0,3,0,0,0,0,16,5,1,0.0,1,6,0.227,1.69,0.0,0.0,0.0,0.0,23.0,1.0,1,0.0,0.0,0.0
mcclare01,2020,1,PHI,NL,0,0,5,0,0,0,0,16,9,3,1.0,3,2,0.36,5.06,0.0,0.0,0.0,0.0,29.0,1.0,6,0.0,1.0,1.0
mcclash01,2021,1,TBA,AL,10,6,25,25,0,0,0,370,120,47,14.0,37,141,0.252,3.43,0.0,9.0,2.0,0.0,517.0,0.0,49,2.0,0.0,12.0
mcclash01,2022,1,TBA,AL,12,8,28,28,0,0,0,499,116,47,19.0,38,194,0.194,2.54,1.0,9.0,3.0,0.0,641.0,0.0,52,1.0,1.0,15.0
mcclash01,2023,1,TBA,AL,11,2,21,21,0,0,0,345,95,42,15.0,41,121,0.222,3.29,0.0,1.0,0.0,0.0,469.0,0.0,42,0.0,0.0,9.0
mccorch01,2025,1,HOU,AL,0,0,3,0,0,0,0,9,3,2,0.0,2,1,0.273,6.0,0.0,0.0,2.0,0.0,15.0,3.0,2,0.0,0.0,1.0
mcculla02,2020,1,HOU,AL,3,3,11,11,0,0,0,165,44,24,5.0,20,56,0.22,3.93,0.0,0.0,5.0,0.0,227.0,0.0,29,1.0,1.0,6.0
mcculla02,2021,1,HOU,AL,13,5,28,28,0,0,0,487,122,57,13.0,76,185,0.205,3.16,0.0,7.0,10.0,0.0,684.0,0.0,59,1.0,1.0,10.0
mcculla02,2022,1,HOU,AL,4,2,8,8,0,0,0,143,37,12,4.0,22,50,0.215,2.27,0.0,1.0,0.0,0.0,195.0,0.0,12,0.0,1.0,5.0
mcculla02,2025,1,HOU,AL,2,5,16,13,0,0,0,166,61,40,10.0,39,61,0.268,6.51,0.0,1.0,7.0,0.0,274.0,2.0,45,0.0,0.0,2.0
mcdanga01,2025,1,LAA,AL,0,0,10,0,0,0,0,32,13,7,2.0,8,6,0.317,5.91,0.0,2.0,1.0,0.0,50.0,4.0,8,0.0,0.0,3.0
mcderch01,2024,1,BAL,AL,0,0,1,1,0,0,0,12,5,3,1.0,2,3,0.333,6.75,0.0,0.0,0.0,0.0,18.0,0.0,3,0.0,1.0,1.0
mcderch01,2025,1,BAL,AL,0,1,4,1,0,0,0,26,12,15,3.0,12,9,0.333,15.58,0.0,2.0,1.0,1.0,51.0,0.0,15,1.0,1.0,0.0
mcdontr01,2024,1,SFN,NL,0,0,1,0,0,0,0,9,0,0,0.0,1,1,0.0,0.0,0.0,0.0,0.0,0.0,10.0,1.0,0,0.0,0.0,0.0
mcdontr01,2025,1,SFN,NL,1,0,3,2,0,0,0,45,13,3,1.0,2,14,0.228,1.8,0.0,1.0,0.0,0.0,60.0,0.0,6,1.0,0.0,1.0
mcfartj01,2020,1,OAK,AL,2,0,23,0,0,0,0,62,26,10,5.0,5,9,0.302,4.35,0.0,1.0,1.0,0.0,92.0,2.0,10,0.0,0.0,1.0
mcfartj01,2021,1,SLN,NL,4,1,38,0,0,0,0,116,32,11,3.0,9,21,0.237,2.56,1.0,0.0,0.0,0.0,144.0,7.0,11,0.0,0.0,12.0
mcfartj01,2022,1,SLN,NL,0,0,28,0,0,0,0,98,42,24,5.0,11,16,0.323,6.61,0.0,2.0,2.0,0.0,145.0,11.0,26,1.0,1.0,6.0
mcfartj01,2023,1,NYN,NL,0,1,3,0,0,0,0,5,4,1,0.0,1,2,0.444,5.4,0.0,0.0,1.0,0.0,11.0,1.0,2,0.0,0.0,0.0
mcfartj01,2024,1,OAK,AL,2,4,79,0,0,0,0,170,53,24,4.0,17,39,0.252,3.81,5.0,0.0,4.0,0.0,235.0,12.0,28,1.0,3.0,10.0
mcfartj01,2025,1,ATH,AL,0,0,27,0,0,0,0,47,26,12,2.0,3,7,0.377,6.89,0.0,1.0,1.0,0.0,74.0,5.0,12,0.0,1.0,3.0
mcgeeea01,2022,1,TBA,AL,0,0,1,0,0,0,0,9,4,0,0.0,0,1,0.286,0.0,0.0,0.0,0.0,0.0,14.0,1.0,1,0.0,0.0,0.0
mcgeeea01,2023,1,SEA,AL,0,0,1,1,0,0,0,20,1,0,0.0,1,2,0.048,0.0,0.0,0.0,0.0,0.0,22.0,0.0,0,0.0,0.0,0.0
mcgeeea01,2025,1,MIL,NL,0,0,9,0,0,0,0,44,15,9,1.0,5,13,0.268,5.52,1.0,0.0,0.0,0.0,62.0,8.0,9,0.0,1.0,2.0
mcgeeja01,2020,1,LAN,NL,3,1,24,0,0,0,0,61,14,6,2.0,3,33,0.187,2.66,0.0,0.0,0.0,0.0,79.0,4.0,6,1.0,0.0,0.0
mcgeeja01,2021,1,SFN,NL,3,2,62,0,0,0,31,179,44,18,7.0,10,58,0.196,2.72,1.0,0.0,2.0,0.0,239.0,42.0,25,0.0,3.0,0.0
mcgeeja01,2022,1,SFN,NL,1,2,24,0,0,0,3,64,27,17,2.0,6,11,0.303,7.17,1.0,1.0,0.0,0.0,96.0,8.0,18,0.0,1.0,1.0
mcgeeja01,2022,2,MIL,NL,0,0,6,0,0,0,0,17,7,4,2.0,1,4,0.292,6.35,0.0,0.0,0.0,0.0,25.0,0.0,4,0.0,0.0,0.0
mcgeeja01,2022,3,WAS,NL,0,1,12,0,0,0,0,30,7,7,2.0,5,10,0.194,6.3,0.0,0.0,0.0,0.0,42.0,3.0,7,1.0,0.0,0.0
mcgousc01,2023,1,ARI,NL,2,7,63,1,0,0,9,211,60,37,14.0,30,86,0.226,4.73,2.0,3.0,2.0,0.0,301.0,24.0,40,0.0,3.0,3.0
mcgousc01,2024,1,ARI,NL,1,3,26,2,0,0,0,98,34,27,6.0,21,25,0.274,7.44,0.0,1.0,1.0,1.0,150.0,7.0,30,0.0,4.0,4.0
mcgousc01,2025,1,ARI,NL,0,0,7,0,0,0,0,21,6,5,1.0,6,5,0.214,6.43,0.0,0.0,1.0,0.0,35.0,2.0,5,0.0,0.0,0.0
mcgousc01,2025,2,ATH,AL,0,0,6,0,0,0,0,27,12,7,3.0,1,11,0.308,7.0,0.0,0.0,0.0,0.0,40.0,5.0,7,0.0,0.0,0.0
mcgowky01,2020,1,WAS,NL,1,0,9,0,0,0,1,33,9,6,2.0,5,16,0.214,4.91,1.0,1.0,0.0,0.0,47.0,3.0,6,0.0,0.0,1.0
mcgowky01,2021,1,WAS,NL,0,0,27,0,0,0,0,90,21,14,5.0,14,35,0.188,4.2,1.0,1.0,2.0,0.0,128.0,7.0,14,0.0,0.0,1.0
mcgremi01,2024,1,SLN,NL,3,0,4,3,0,0,0,69,16,5,1.0,2,18,0.193,1.96,0.0,0.0,1.0,0.0,86.0,1.0,5,0.0,0.0,3.0
mcgremi01,2025,1,SLN,NL,8,4,17,16,0,0,0,287,100,47,12.0,20,58,0.268,4.42,0.0,0.0,3.0,1.0,400.0,1.0,50,2.0,2.0,10.0
mcguire01,2022,2,BOS,AL,0,0,1,0,0,0,0,3,0,0,0.0,0,0,0.0,0.0,0.0,0.0,0.0,0.0,3.0,1.0,0,0.0,0.0,0.0
mcguire01,2025,1,CHN,NL,0,0,1,0,0,0,0,3,2,1,1.0,1,0,0.4,9.0,0.0,0.0,0.0,0.0,6.0,1.0,1,0.0,0.0,0.0
mchugco01,2021,1,TBA,AL,6,1,37,7,0,0,1,192,48,11,3.0,12,74,0.207,1.55,2.0,2.0,2.0,1.0,247.0,11.0,15,1.0,0.0,8.0
mchugco01,2022,1,ATL,NL,3,2,58,0,0,0,0,208,51,20,5.0,14,75,0.203,2.6,1.0,3.0,5.0,0.0,272.0,3.0,20,0.0,2.0,6.0
mchugco01,2023,1,ATL,NL,4,1,41,1,0,0,0,176,70,28,5.0,22,47,0.293,4.3,1.0,0.0,4.0,0.0,268.0,6.0,34,2.0,0.0,5.0
mckayda02,2020,1,DET,AL,0,0,1,0,0,0,0,1,1,2,1.0,1,0,0.5,54.0,0.0,0.0,0.0,0.0,3.0,0.0,2,0.0,0.0,0.0
mckayda02,2022,1,NYA,AL,0,0,2,0,0,0,0,6,1,0,0.0,2,1,0.143,0.0,0.0,0.0,0.0,0.0,9.0,2.0,0,0.0,0.0,0.0
mckayda02,2022,2,TBA,AL,0,0,1,0,0,0,0,6,3,4,1.0,2,0,0.333,18.0,0.0,0.0,0.0,0.0,11.0,0.0,4,0.0,0.0,0.0
mckayda02,2022,3,OAK,AL,0,0,1,0,0,0,0,8,4,1,0.0,0,2,0.364,3.38,0.0,0.0,0.0,0.0,12.0,0.0,1,0.0,1.0,0.0
mckenry01,2022,1,BAL,AL,0,0,2,0,0,0,0,4,5,2,0.0,1,0,0.714,13.5,0.0,0.0,0.0,0.0,10.0,2.0,2,0.0,2.0,0.0
mckenry01,2023,1,BAL,AL,0,0,1,0,0,0,0,3,4,2,0.0,0,0,0.667,18.0,0.0,0.0,0.0,0.0,6.0,1.0,2,0.0,0.0,1.0
mckentr01,2020,1,CLE,AL,2,1,8,6,0,0,0,100,21,12,6.0,9,42,0.179,3.24,0.0,0.0,1.0,0.0,127.0,0.0,12,0.0,0.0,1.0
mckentr01,2021,1,CLE,AL,5,9,25,24,0,0,0,360,84,66,21.0,58,136,0.194,4.95,0.0,2.0,3.0,2.0,495.0,0.0,66,0.0,1.0,6.0
mckentr01,2022,1,CLE,AL,11,11,31,30,0,0,0,574,138,63,25.0,44,190,0.201,2.96,0.0,8.0,5.0,0.0,741.0,1.0,65,2.0,2.0,10.0
mckentr01,2023,1,CLE,AL,0,3,4,4,0,0,0,48,12,9,1.0,13,16,0.2,5.06,0.0,1.0,0.0,0.0,73.0,0.0,9,0.0,0.0,0.0
mckentr01,2024,1,CLE,AL,3,5,16,16,0,0,0,227,69,43,19.0,49,74,0.239,5.11,1.0,5.0,1.0,0.0,340.0,0.0,46,0.0,1.0,8.0
mckentr01,2025,1,CLE,AL,0,0,4,0,0,0,0,17,7,7,1.0,7,4,0.318,11.12,0.0,3.0,0.0,0.0,30.0,3.0,7,0.0,1.0,0.0
mckinza01,2023,1,DET,AL,0,0,1,0,0,0,0,3,3,2,1.0,0,0,0.5,18.0,0.0,0.0,0.0,0.0,6.0,1.0,2,0.0,0.0,0.0
mckinza01,2024,1,DET,AL,0,0,3,0,0,0,0,6,1,2,1.0,1,0,0.143,9.0,0.0,0.0,0.0,0.0,8.0,3.0,2,0.0,0.0,0.0
mckinza01,2025,1,DET,AL,0,0,1,0,0,0,0,1,0,0,0.0,0,0,0.0,0.0,0.0,0.0,0.0,0.0,1.0,1.0,0,0.0,0.0,0.0
mcleano01,2025,1,NYN,NL,5,1,8,8,0,0,0,144,34,11,4.0,16,57,0.2,2.06,0.0,2.0,2.0,0.0,188.0,0.0,13,0.0,0.0,4.0
mcmiljo01,2023,1,KCA,AL,0,0,4,0,0,0,0,12,1,1,1.0,0,8,0.077,2.25,0.0,0.0,0.0,0.0,13.0,3.0,1,0.0,0.0,0.0
mcmiljo01,2024,1,MIA,NL,2,1,10,0,0,0,0,36,7,2,1.0,5,13,0.171,1.5,0.0,0.0,0.0,0.0,47.0,5.0,4,1.0,0.0,1.0
mcraeal01,2020,1,CHA,AL,0,0,2,0,0,0,0,9,1,0,0.0,0,2,0.1,0.0,0.0,0.0,0.0,0.0,10.0,1.0,0,0.0,0.0,0.0
mcraeal01,2021,1,CHA,AL,0,0,2,0,0,0,0,6,3,1,0.0,1,1,0.333,4.5,0.0,0.0,0.0,0.0,10.0,2.0,1,0.0,0.0,0.0
meansjo01,2020,1,BAL,AL,2,4,10,10,0,0,0,131,36,22,12.0,7,42,0.22,4.53,0.0,2.0,4.0,0.0,176.0,0.0,22,0.0,1.0,2.0
meansjo01,2021,1,BAL,AL,6,9,26,26,1,1,0,440,125,59,30.0,26,134,0.224,3.62,0.0,3.0,4.0,0.0,590.0,0.0,64,1.0,2.0,7.0
meansjo01,2022,1,BAL,AL,0,0,2,2,0,0,0,24,8,3,0.0,2,7,0.258,3.38,0.0,0.0,0.0,0.0,34.0,0.0,3,0.0,1.0,0.0
meansjo01,2023,1,BAL,AL,1,2,4,4,0,0,0,71,13,7,4.0,4,10,0.159,2.66,0.0,0.0,1.0,0.0,88.0,0.0,7,0.0,1.0,0.0
meansjo01,2024,1,BAL,AL,2,0,4,4,0,0,0,62,16,6,2.0,2,16,0.211,2.61,0.0,0.0,1.0,0.0,80.0,0.0,6,0.0,1.0,0.0
mearsni01,2020,1,PIT,NL,0,0,4,0,0,0,0,15,4,3,1.0,7,7,0.222,5.4,0.0,1.0,0.0,0.0,26.0,2.0,3,0.0,1.0,1.0
mearsni01,2021,1,PIT,NL,1,0,30,0,0,0,0,70,25,13,5.0,13,23,0.269,5.01,1.0,3.0,0.0,0.0,107.0,6.0,14,0.0,1.0,1.0
mearsni01,2022,1,PIT,NL,0,0,2,0,0,0,0,6,1,0,0.0,1,2,0.143,0.0,0.0,0.0,0.0,0.0,8.0,0.0,0,0.0,0.0,0.0
mearsni01,2023,1,COL,NL,0,1,16,0,0,0,0,58,14,8,1.0,14,21,0.194,3.72,0.0,1.0,1.0,1.0,87.0,5.0,8,0.0,0.0,1.0
mearsni01,2024,1,COL,NL,1,4,41,0,0,0,0,136,47,28,2.0,21,57,0.264,5.56,1.0,3.0,0.0,0.0,203.0,11.0,30,0.0,4.0,3.0
mearsni01,2024,2,MIL,NL,0,1,13,0,0,0,0,37,14,10,5.0,3,18,0.28,7.3,0.0,0.0,0.0,0.0,53.0,1.0,10,0.0,0.0,0.0
mearsni01,2025,1,MIL,NL,5,3,63,0,0,0,1,170,42,22,7.0,13,46,0.213,3.49,1.0,2.0,1.0,0.0,221.0,4.0,25,1.0,9.0,3.0
medervi01,2023,1,LAA,AL,0,0,3,0,0,0,0,9,5,3,0.0,3,3,0.417,9.0,0.0,0.0,1.0,0.0,17.0,2.0,3,0.0,1.0,1.0
medervi01,2024,1,LAA,AL,0,1,4,0,0,0,0,16,7,7,1.0,6,5,0.333,11.81,0.0,0.0,0.0,0.0,27.0,1.0,7,0.0,0.0,1.0
medervi01,2025,1,LAA,AL,0,2,5,3,0,0,0,51,18,14,4.0,12,14,0.277,7.41,0.0,1.0,3.0,0.0,81.0,1.0,14,0.0,1.0,2.0
medinad01,2020,1,PHI,NL,0,1,1,1,0,0,0,12,3,2,0.0,3,4,0.2,4.5,0.0,0.0,0.0,1.0,18.0,0.0,2,0.0,0.0,0.0
medinad01,2021,1,PHI,NL,0,0,4,1,0,0,0,23,9,3,0.0,4,6,0.31,3.52,0.0,0.0,3.0,0.0,36.0,2.0,3,0.0,0.0,2.0
medinad01,2022,1,NYN,NL,1,0,14,0,0,0,1,71,30,16,2.0,6,17,0.306,6.08,0.0,0.0,4.0,1.0,110.0,6.0,18,0.0,0.0,2.0
medinlu02,2023,1,OAK,AL,3,10,23,17,0,0,0,329,109,66,14.0,57,106,0.255,5.42,2.0,11.0,8.0,2.0,495.0,0.0,73,0.0,3.0,9.0
medinlu02,2024,1,OAK,AL,2,4,8,8,0,0,0,120,43,23,4.0,20,32,0.276,5.18,1.0,5.0,1.0,0.0,180.0,0.0,24,0.0,3.0,2.0
meekeja01,2024,1,MIL,NL,0,0,1,0,0,0,0,3,1,0,0.0,1,0,0.333,0.0,0.0,0.0,0.0,0.0,4.0,1.0,0,0.0,0.0,1.0
megiltr01,2021,1,CHN,NL,1,2,28,0,0,0,0,71,36,22,7.0,8,30,0.343,8.37,1.0,5.0,1.0,0.0,115.0,3.0,24,1.0,0.0,1.0
megiltr01,2022,1,MIN,AL,4,3,39,0,0,0,0,135,50,24,4.0,17,49,0.282,4.8,0.0,2.0,1.0,0.0,196.0,11.0,29,0.0,1.0,4.0
megiltr01,2023,1,MIL,NL,1,0,31,2,0,0,0,104,35,14,2.0,12,52,0.265,3.63,0.0,2.0,1.0,0.0,148.0,9.0,14,0.0,3.0,2.0
megiltr01,2024,1,MIL,NL,1,3,48,0,0,0,21,139,33,14,4.0,14,50,0.2,2.72,4.0,4.0,1.0,0.0,183.0,26.0,16,1.0,2.0,4.0
megiltr01,2025,1,MIL,NL,6,3,50,0,0,0,30,141,36,13,3.0,17,60,0.209,2.49,3.0,2.0,0.0,0.0,192.0,44.0,16,0.0,3.0,2.0
megilty01,2021,1,NYN,NL,4,6,18,18,1,0,0,269,88,45,19.0,27,99,0.255,4.52,0.0,1.0,2.0,0.0,379.0,0.0,46,2.0,2.0,8.0
megilty01,2022,1,NYN,NL,4,2,15,9,0,0,0,142,46,27,7.0,13,51,0.253,5.13,0.0,1.0,1.0,0.0,200.0,2.0,27,2.0,2.0,4.0
megilty01,2023,1,NYN,NL,9,8,25,25,0,0,0,379,141,66,18.0,58,105,0.282,4.7,0.0,8.0,6.0,0.0,567.0,0.0,76,0.0,2.0,19.0
megilty01,2024,1,NYN,NL,4,5,16,15,0,0,0,234,70,35,8.0,32,91,0.234,4.04,0.0,4.0,4.0,0.0,337.0,0.0,39,0.0,2.0,3.0
megilty01,2025,1,NYN,NL,5,5,14,14,0,0,0,205,60,30,6.0,33,89,0.23,3.95,0.0,3.0,7.0,0.0,305.0,0.0,37,1.0,3.0,2.0
meisiry01,2020,1,SLN,NL,0,0,2,0,0,0,0,8,1,0,0.0,4,3,0.125,0.0,0.0,0.0,1.0,0.0,13.0,0.0,0,0.0,0.0,1.0
meisiry01,2021,1,CHN,NL,0,0,7,0,0,0,0,22,11,10,2.0,5,6,0.355,12.27,0.0,1.0,0.0,0.0,38.0,2.0,10,1.0,1.0,1.0
mejiafr01,2021,1,TBA,AL,0,0,2,0,0,0,0,6,6,6,1.0,0,0,0.5,27.0,0.0,0.0,2.0,0.0,14.0,2.0,6,0.0,0.0,0.0
mejiahu01,2020,1,MIA,NL,0,2,3,3,0,0,0,30,13,6,3.0,6,11,0.31,5.4,0.0,0.0,1.0,0.0,49.0,0.0,8,0.0,0.0,0.0
mejiahu01,2021,1,ARI,NL,0,3,5,5,0,0,0,67,32,18,5.0,9,20,0.34,7.25,1.0,0.0,0.0,0.0,105.0,0.0,19,1.0,1.0,1.0
mejiaje02,2021,1,CLE,AL,1,7,17,11,0,0,0,157,60,48,13.0,24,47,0.286,8.25,0.0,2.0,3.0,2.0,238.0,1.0,48,1.0,0.0,9.0
mejiaje02,2022,1,MIL,NL,0,0,2,0,0,0,0,7,5,6,0.0,5,1,0.455,23.14,0.0,0.0,0.0,0.0,16.0,1.0,6,0.0,0.0,0.0
mejiaje02,2023,1,MIL,NL,1,0,9,0,0,0,0,34,15,7,2.0,3,13,0.326,5.56,0.0,1.0,1.0,0.0,50.0,6.0,7,0.0,0.0,3.0
mejiaju01,2025,1,COL,NL,2,2,55,0,0,0,1,184,52,27,6.0,25,68,0.23,3.96,1.0,2.0,6.0,0.0,261.0,16.0,34,1.0,3.0,5.0
melanma01,2020,1,ATL,NL,2,1,23,0,0,0,11,68,22,7,1.0,7,14,0.262,2.78,3.0,1.0,2.0,0.0,95.0,19.0,8,1.0,1.0,2.0
melanma01,2021,1,SDN,NL,4,3,64,0,0,0,39,194,54,16,4.0,25,59,0.228,2.23,4.0,3.0,1.0,0.0,265.0,53.0,21,0.0,2.0,10.0
melanma01,2022,1,ARI,NL,3,10,62,0,0,0,18,168,63,29,5.0,21,35,0.281,4.66,2.0,6.0,1.0,0.0,247.0,48.0,37,1.0,0.0,5.0
mellake01,2020,1,ARI,NL,2,0,11,0,0,0,0,30,10,2,1.0,3,10,0.263,1.8,1.0,1.0,0.0,0.0,42.0,3.0,3,0.0,1.0,1.0
mellake01,2021,1,ARI,NL,0,0,2,0,0,0,0,5,8,6,2.0,2,2,0.615,32.4,0.0,0.0,0.0,0.0,15.0,1.0,6,0.0,0.0,0.0
meltotr01,2025,1,DET,AL,3,2,16,4,0,0,0,137,31,14,7.0,15,36,0.191,2.76,0.0,2.0,1.0,0.0,180.0,0.0,15,1.0,1.0,3.0
menacr01,2024,1,ARI,NL,0,0,1,1,0,0,0,9,4,4,2.0,3,2,0.333,12.0,0.0,0.0,0.0,1.0,15.0,0.0,4,0.0,0.0,0.0
menacr01,2025,1,ARI,NL,1,0,3,0,0,0,0,20,3,1,1.0,3,8,0.13,1.35,0.0,1.0,0.0,0.0,26.0,0.0,1,0.0,0.0,0.0
mendida01,2021,1,CHA,AL,0,0,1,0,0,0,0,3,1,0,0.0,0,1,0.25,0.0,0.0,0.0,1.0,0.0,5.0,1.0,0,0.0,0.0,0.0
mendida01,2023,1,NYN,NL,0,0,2,0,0,0,0,6,9,8,2.0,0,0,0.6,36.0,0.0,0.0,0.0,0.0,15.0,2.0,8,0.0,0.0,0.0
mendida01,2024,1,CHA,AL,0,0,1,0,0,0,0,3,2,0,0.0,0,0,0.5,0.0,0.0,0.0,0.0,0.0,4.0,1.0,0,0.0,0.0,1.0
menezco01,2020,1,SFN,NL,1,0,7,0,0,0,0,34,6,3,2.0,5,8,0.158,2.38,0.0,0.0,1.0,0.0,45.0,3.0,4,1.0,0.0,1.0
menezco01,2021,1,SFN,NL,1,0,8,1,0,0,0,42,16,6,2.0,3,15,0.276,3.86,0.0,0.0,0.0,0.0,62.0,0.0,10,0.0,1.0,0.0
menezco01,2022,1,CHN,NL,0,0,1,0,0,0,0,3,1,0,0.0,0,1,0.25,0.0,0.0,0.0,1.0,0.0,5.0,0.0,0,0.0,0.0,0.0
mengdda01,2020,1,OAK,AL,0,1,4,1,0,0,0,37,14,5,2.0,7,10,0.286,3.65,0.0,0.0,1.0,0.0,58.0,2.0,5,0.0,1.0,1.0
mengdda01,2022,1,KCA,AL,0,1,5,1,0,0,1,21,10,4,1.0,1,8,0.333,5.14,0.0,1.0,0.0,0.0,32.0,1.0,5,0.0,1.0,0.0
mercami01,2024,1,PHI,NL,1,2,5,2,0,0,0,39,16,16,9.0,9,10,0.296,11.08,0.0,1.0,1.0,0.0,64.0,0.0,16,0.0,0.0,0.0
mercami01,2025,1,PHI,NL,0,0,3,0,0,0,0,9,7,5,1.0,4,4,0.467,15.0,0.0,0.0,0.0,0.0,20.0,2.0,5,0.0,1.0,0.0
merceye01,2021,1,CHA,AL,0,0,1,0,0,0,0,3,3,1,0.0,2,0,0.6,9.0,0.0,0.0,0.0,0.0,7.0,0.0,1,0.0,0.0,0.0
merriwh01,2022,2,TOR,AL,0,0,1,0,0,0,0,3,2,2,1.0,0,0,0.4,18.0,0.0,0.0,1.0,0.0,6.0,1.0,2,0.0,0.0,0.0
merryju01,2020,1,TOR,AL,0,0,8,3,0,0,0,39,11,6,0.0,6,15,0.224,4.15,0.0,0.0,0.0,0.0,55.0,0.0,6,0.0,0.0,1.0
merryju01,2021,1,TOR,AL,0,1,13,1,0,0,2,39,13,7,4.0,4,12,0.265,4.85,0.0,2.0,1.0,0.0,55.0,4.0,7,0.0,1.0,1.0
merryju01,2022,1,TOR,AL,0,3,26,1,0,0,0,80,31,20,4.0,7,23,0.292,6.75,1.0,1.0,2.0,0.0,119.0,6.0,20,2.0,2.0,2.0
merryju01,2023,1,CHN,NL,5,1,69,0,0,0,2,216,58,27,8.0,36,98,0.219,3.38,0.0,3.0,1.0,0.0,303.0,15.0,28,0.0,1.0,4.0
merryju01,2024,1,CHN,NL,1,1,15,0,0,0,0,45,18,11,0.0,9,14,0.295,6.6,0.0,2.0,3.0,0.0,74.0,4.0,11,0.0,1.0,1.0
merryju01,2025,1,CHN,NL,0,1,21,0,0,0,0,56,23,12,2.0,11,15,0.303,5.79,2.0,1.0,0.0,0.0,88.0,2.0,13,0.0,1.0,2.0
mervima01,2024,1,CHN,NL,0,0,1,0,0,0,0,2,7,6,0.0,0,0,0.778,81.0,0.0,0.0,0.0,0.0,9.0,0.0,6,0.0,0.0,0.0
messipa01,2025,1,CLE,AL,3,1,7,7,0,0,0,119,46,12,4.0,6,38,0.289,2.72,0.0,2.0,0.0,1.0,165.0,0.0,12,0.0,0.0,4.0
meyerma01,2022,1,MIA,NL,0,1,2,2,0,0,0,18,7,5,2.0,2,6,0.292,7.5,0.0,0.0,0.0,0.0,26.0,0.0,5,0.0,0.0,0.0
meyerma01,2024,1,MIA,NL,3,5,11,11,0,0,0,171,62,36,14.0,19,46,0.276,5.68,0.0,0.0,3.0,0.0,248.0,0.0,38,0.0,1.0,5.0
meyerma01,2025,1,MIA,NL,3,5,12,12,0,0,0,194,72,34,12.0,20,68,0.276,4.73,0.0,0.0,2.0,1.0,285.0,0.0,39,0.0,2.0,2.0
meylu01,2025,1,CIN,NL,2,0,23,0,0,0,0,63,17,8,3.0,17,21,0.221,3.43,0.0,2.0,1.0,0.0,96.0,7.0,8,0.0,1.0,1.0
middlke01,2020,1,LAA,AL,0,1,13,0,0,0,0,36,12,7,2.0,6,11,0.273,5.25,0.0,1.0,0.0,0.0,53.0,4.0,8,0.0,3.0,0.0
middlke01,2021,1,SEA,AL,1,2,32,1,0,0,4,93,30,17,2.0,19,24,0.252,4.94,1.0,0.0,2.0,0.0,140.0,10.0,20,0.0,0.0,3.0
middlke01,2022,1,ARI,NL,1,2,18,0,0,0,0,51,16,10,5.0,3,15,0.25,5.29,0.0,1.0,1.0,0.0,69.0,2.0,13,1.0,0.0,2.0
middlke01,2023,1,CHA,AL,2,2,39,0,0,0,2,109,33,16,7.0,16,47,0.239,3.96,0.0,1.0,1.0,0.0,156.0,6.0,17,1.0,0.0,1.0
middlke01,2023,2,NYA,AL,0,0,12,0,0,0,0,43,7,3,1.0,7,17,0.143,1.88,0.0,1.0,0.0,0.0,56.0,5.0,3,0.0,0.0,2.0
mikolmi01,2021,1,SLN,NL,2,3,9,9,0,0,0,134,43,21,6.0,11,31,0.253,4.23,0.0,1.0,2.0,0.0,186.0,0.0,24,2.0,1.0,4.0
mikolmi01,2022,1,SLN,NL,12,13,33,32,1,0,0,607,170,74,25.0,39,153,0.226,3.29,0.0,1.0,6.0,1.0,805.0,0.0,81,0.0,8.0,15.0
mikolmi01,2023,1,SLN,NL,9,13,35,35,0,0,0,604,226,107,26.0,39,137,0.282,4.78,0.0,4.0,8.0,0.0,860.0,0.0,110,1.0,8.0,14.0
mikolmi01,2024,1,SLN,NL,10,11,32,32,0,0,0,515,194,102,26.0,25,122,0.284,5.35,0.0,0.0,5.0,1.0,720.0,0.0,106,0.0,6.0,18.0
mikolmi01,2025,1,SLN,NL,8,11,31,31,0,0,0,469,169,84,29.0,37,100,0.272,4.84,1.0,1.0,3.0,0.0,669.0,0.0,87,2.0,5.0,9.0
mileywa01,2020,1,CIN,NL,0,3,6,4,0,0,0,43,15,9,1.0,9,12,0.268,5.65,0.0,0.0,2.0,1.0,67.0,2.0,10,0.0,0.0,3.0
mileywa01,2021,1,CIN,NL,12,7,28,28,1,1,0,489,166,61,17.0,50,125,0.265,3.37,0.0,2.0,3.0,0.0,690.0,0.0,64,8.0,2.0,16.0
mileywa01,2022,1,CHN,NL,2,2,9,8,0,0,0,111,31,13,3.0,14,28,0.218,3.16,0.0,1.0,2.0,0.0,159.0,0.0,20,0.0,1.0,3.0
mileywa01,2023,1,MIL,NL,9,4,23,23,0,0,0,361,99,42,16.0,38,79,0.223,3.14,0.0,2.0,3.0,0.0,490.0,0.0,44,0.0,3.0,14.0
mileywa01,2024,1,MIL,NL,0,1,2,2,0,0,0,21,6,5,1.0,4,2,0.25,6.43,0.0,0.0,1.0,1.0,30.0,0.0,5,1.0,0.0,2.0
mileywa01,2025,1,CIN,NL,1,0,3,2,0,0,0,36,15,9,3.0,6,7,0.313,6.75,0.0,0.0,1.0,0.0,55.0,1.0,9,0.0,0.0,2.0
millean01,2020,1,SLN,NL,1,1,16,0,0,0,4,39,9,4,0.0,5,16,0.191,2.77,0.0,2.0,3.0,0.0,55.0,5.0,4,0.0,0.0,1.0
millean01,2021,1,SLN,NL,0,0,40,0,0,0,0,108,41,19,5.0,16,40,0.293,4.75,1.0,1.0,5.0,0.0,164.0,6.0,19,2.0,1.0,4.0
millebo05,2023,1,LAN,NL,11,4,22,22,0,0,0,373,105,52,12.0,32,119,0.226,3.76,0.0,10.0,6.0,0.0,505.0,0.0,53,0.0,3.0,9.0
millebo05,2024,1,LAN,NL,2,4,13,13,0,0,0,168,69,53,17.0,30,52,0.305,8.52,0.0,7.0,2.0,0.0,258.0,0.0,53,0.0,0.0,9.0
millebo05,2025,1,LAN,NL,0,0,2,1,0,0,0,15,11,7,2.0,2,7,0.44,12.6,1.0,0.0,1.0,0.0,28.0,1.0,7,0.0,0.0,0.0
millebr02,2023,1,TEX,AL,0,0,1,0,0,0,0,6,2,3,1.0,2,0,0.333,13.5,0.0,0.0,0.0,0.0,9.0,1.0,3,0.0,1.0,1.0
millebr04,2023,1,SEA,AL,8,7,25,25,0,0,0,394,124,63,18.0,26,119,0.248,4.32,0.0,2.0,7.0,0.0,537.0,0.0,64,1.0,2.0,9.0
millebr04,2024,1,SEA,AL,12,8,31,31,0,0,0,541,131,59,21.0,45,171,0.2,2.94,1.0,2.0,3.0,0.0,704.0,0.0,62,0.0,2.0,6.0
millebr04,2025,1,SEA,AL,4,6,18,18,0,0,0,271,93,57,17.0,34,74,0.266,5.68,0.0,2.0,3.0,0.0,392.0,0.0,57,1.0,5.0,5.0
milleer01,2024,1,SFN,NL,4,5,73,10,0,0,0,202,50,29,7.0,38,87,0.205,3.88,0.0,1.0,1.0,0.0,284.0,11.0,33,0.0,1.0,5.0
milleer01,2025,1,SFN,NL,4,1,36,0,0,0,0,90,24,5,0.0,20,22,0.238,1.5,4.0,1.0,3.0,0.0,128.0,2.0,5,2.0,2.0,6.0
milleju02,2021,1,WAS,NL,0,0,5,0,0,0,0,9,5,5,3.0,1,4,0.385,15.0,0.0,0.0,0.0,0.0,15.0,1.0,5,1.0,0.0,0.0
milleju02,2021,2,SLN,NL,1,0,18,0,0,0,1,48,15,8,2.0,5,9,0.254,4.5,0.0,0.0,2.0,0.0,68.0,5.0,8,1.0,1.0,2.0
millema03,2023,1,OAK,AL,0,3,10,6,0,0,0,100,24,14,2.0,16,38,0.203,3.78,0.0,3.0,3.0,0.0,139.0,0.0,15,0.0,2.0,1.0
millema03,2024,1,OAK,AL,2,2,55,0,0,0,28,195,36,18,6.0,21,104,0.16,2.49,3.0,2.0,1.0,0.0,249.0,44.0,23,0.0,2.0,3.0
millema03,2025,1,ATH,AL,1,2,38,0,0,0,20,115,21,16,4.0,18,59,0.163,3.76,2.0,3.0,1.0,1.0,151.0,32.0,17,2.0,1.0,4.0
millema03,2025,2,SDN,NL,0,0,22,0,0,0,2,70,7,2,1.0,10,45,0.096,0.77,0.0,0.0,0.0,0.0,83.0,5.0,2,0.0,0.0,3.0
milleow01,2024,1,MIL,NL,0,0,1,0,0,0,0,6,5,4,1.0,1,0,0.5,18.0,0.0,0.0,0.0,0.0,12.0,1.0,4,0.0,1.0,0.0
millery01,2024,1,LAA,AL,0,1,13,0,0,0,0,39,13,6,2.0,8,11,0.26,4.15,2.0,0.0,0.0,0.0,58.0,5.0,7,0.0,0.0,2.0
millesh01,2021,1,CHN,NL,0,0,3,0,0,0,0,6,7,7,0.0,5,1,0.583,31.5,0.0,0.0,0.0,0.0,18.0,1.0,7,0.0,1.0,0.0
millesh01,2021,2,PIT,NL,0,1,10,0,0,0,0,32,9,6,3.0,6,7,0.243,5.06,0.0,0.0,1.0,0.0,44.0,3.0,6,0.0,0.0,2.0
millesh01,2022,1,SFN,NL,0,1,4,0,0,0,0,21,6,5,0.0,3,14,0.222,6.43,1.0,0.0,0.0,0.0,30.0,0.0,5,0.0,0.0,0.0
millesh01,2023,1,LAN,NL,3,0,36,1,0,0,1,126,19,8,3.0,19,42,0.135,1.71,2.0,1.0,2.0,0.0,163.0,12.0,8,1.0,0.0,1.0
millesh01,2024,1,DET,AL,6,8,51,0,0,0,2,167,41,28,9.0,13,49,0.202,4.53,0.0,1.0,5.0,0.0,225.0,18.0,31,0.0,4.0,2.0
millesh01,2025,1,ARI,NL,3,3,37,0,0,0,10,109,24,8,3.0,11,40,0.19,1.98,3.0,0.0,3.0,0.0,143.0,21.0,11,0.0,3.0,2.0
millesh01,2025,2,MIL,NL,1,0,11,0,0,0,0,29,9,6,2.0,4,14,0.237,5.59,1.0,1.0,1.0,0.0,43.0,2.0,6,0.0,0.0,1.0
millety01,2020,1,CHN,NL,0,0,2,1,0,0,0,15,2,3,1.0,3,0,0.125,5.4,0.0,0.0,0.0,1.0,20.0,1.0,3,0.0,1.0,0.0
millety01,2022,1,TEX,AL,1,2,4,2,0,0,0,32,16,13,1.0,8,8,0.348,10.97,0.0,0.0,2.0,0.0,56.0,0.0,14,0.0,0.0,2.0
millety01,2023,1,MIL,NL,0,0,7,0,0,0,0,28,9,6,2.0,3,7,0.25,5.79,0.0,1.0,1.0,0.0,41.0,6.0,6,0.0,1.0,0.0
millety01,2023,2,LAN,NL,0,0,1,0,0,0,0,6,3,2,0.0,1,1,0.375,9.0,0.0,1.0,0.0,0.0,9.0,0.0,2,0.0,0.0,0.0
millety01,2023,3,NYN,NL,1,0,1,0,0,0,0,6,0,0,0.0,2,0,0.0,0.0,0.0,0.0,0.0,0.0,8.0,0.0,0,0.0,0.0,0.0
millety01,2023,4,LAN,NL,0,0,1,0,0,0,0,6,1,0,0.0,0,2,0.167,0.0,0.0,0.0,0.0,0.0,6.0,0.0,0,0.0,0.0,1.0
millety01,2024,1,SEA,AL,0,0,9,0,0,0,0,35,8,4,2.0,1,12,0.186,3.09,0.0,0.0,1.0,0.0,45.0,2.0,5,0.0,0.0,1.0
millety01,2024,2,CHN,NL,5,1,49,0,0,0,1,151,31,12,5.0,10,42,0.178,2.15,0.0,0.0,4.0,0.0,190.0,9.0,13,1.0,1.0,3.0
millsal02,2020,1,CHN,NL,5,5,11,11,1,1,0,187,53,31,13.0,19,46,0.23,4.48,0.0,0.0,2.0,1.0,252.0,0.0,31,0.0,1.0,4.0
millsal02,2021,1,CHN,NL,6,7,32,20,0,0,1,357,137,67,16.0,34,87,0.291,5.07,2.0,4.0,7.0,0.0,517.0,4.0,75,4.0,2.0,18.0
millsal02,2022,1,CHN,NL,0,1,7,2,0,0,0,53,28,19,7.0,3,11,0.364,9.68,1.0,0.0,3.0,0.0,84.0,2.0,20,0.0,1.0,1.0
millsal02,2023,1,CIN,NL,0,0,1,0,0,0,0,3,4,2,1.0,1,0,0.5,18.0,0.0,1.0,1.0,0.0,10.0,0.0,5,0.0,0.0,0.0
millswy01,2021,1,SEA,AL,0,0,11,0,0,0,0,38,19,14,1.0,7,11,0.352,9.95,0.0,1.0,1.0,0.0,64.0,4.0,14,0.0,2.0,1.0
millswy01,2022,1,SEA,AL,0,0,8,0,0,0,0,26,5,4,0.0,3,6,0.179,4.15,0.0,1.0,2.0,0.0,34.0,1.0,4,0.0,1.0,1.0
millswy01,2022,2,KCA,AL,0,1,19,0,0,0,0,62,21,11,1.0,10,20,0.266,4.79,2.0,2.0,3.0,0.0,94.0,2.0,11,1.0,1.0,2.0
milneho01,2020,1,LAA,AL,0,0,19,0,0,0,0,40,13,12,5.0,6,13,0.25,8.1,0.0,0.0,1.0,0.0,59.0,4.0,12,0.0,0.0,2.0
milneho01,2021,1,MIL,NL,0,0,19,0,0,0,0,65,30,13,8.0,3,30,0.323,5.4,0.0,0.0,2.0,0.0,99.0,10.0,15,1.0,0.0,1.0
milneho01,2022,1,MIL,NL,3,3,67,0,0,0,0,194,61,27,5.0,15,64,0.25,3.76,0.0,1.0,7.0,0.0,272.0,9.0,29,3.0,3.0,5.0
milneho01,2023,1,MIL,NL,2,1,73,0,0,0,0,193,49,13,5.0,13,59,0.209,1.82,0.0,1.0,2.0,0.0,252.0,6.0,16,0.0,2.0,7.0
milneho01,2024,1,MIL,NL,5,1,61,1,0,0,1,194,63,34,6.0,14,64,0.258,4.73,2.0,0.0,2.0,0.0,268.0,11.0,38,4.0,4.0,7.0
milneho01,2025,1,TEX,AL,3,4,73,0,0,0,0,211,68,30,5.0,21,58,0.256,3.84,3.0,0.0,2.0,0.0,293.0,10.0,35,1.0,3.0,9.0
milonto01,2020,1,BAL,AL,1,4,6,6,0,0,0,88,33,13,5.0,4,31,0.273,3.99,0.0,1.0,2.0,0.0,129.0,0.0,18,1.0,1.0,0.0
milonto01,2020,2,ATL,NL,0,0,3,3,0,0,0,29,22,16,4.0,2,9,0.449,14.9,0.0,0.0,0.0,0.0,52.0,0.0,16,0.0,1.0,1.0
milonto01,2021,1,TOR,AL,1,0,6,1,0,0,1,42,20,10,3.0,3,17,0.323,6.43,0.0,0.0,0.0,0.0,65.0,1.0,10,0.0,0.0,1.0
milonto01,2022,1,SEA,AL,1,1,7,0,0,0,0,50,14,10,4.0,6,5,0.233,5.4,0.0,0.0,1.0,0.0,69.0,3.0,10,0.0,2.0,1.0
milonto01,2023,1,SEA,AL,0,1,2,2,0,0,0,27,7,2,1.0,6,3,0.212,2.0,0.0,0.0,0.0,0.0,40.0,0.0,3,0.0,1.0,1.0
minayju01,2021,1,MIN,AL,2,1,29,0,0,0,0,120,27,11,4.0,20,43,0.189,2.48,0.0,3.0,2.0,0.0,167.0,9.0,12,1.0,1.0,4.0
minayju01,2022,1,MIN,AL,1,0,6,0,0,0,0,29,8,6,0.0,5,11,0.216,5.59,0.0,2.0,3.0,0.0,45.0,2.0,6,0.0,0.0,1.0
minormi01,2020,1,TEX,AL,0,5,7,7,0,0,0,106,35,22,7.0,13,35,0.248,5.6,0.0,0.0,0.0,0.0,155.0,0.0,23,0.0,1.0,1.0
minormi01,2020,2,OAK,AL,1,1,5,4,1,1,0,64,15,13,4.0,7,27,0.197,5.48,0.0,0.0,1.0,0.0,84.0,0.0,13,0.0,0.0,2.0
minormi01,2021,1,KCA,AL,8,12,28,28,0,0,0,476,156,89,26.0,41,149,0.252,5.05,0.0,4.0,5.0,0.0,669.0,0.0,92,2.0,2.0,9.0
minormi01,2022,1,CIN,NL,4,12,19,19,0,0,0,294,120,66,24.0,40,76,0.296,6.06,4.0,2.0,7.0,0.0,455.0,0.0,72,0.0,3.0,7.0
minteaj01,2020,1,ATL,NL,1,1,22,0,0,0,0,65,15,2,1.0,9,24,0.2,0.83,2.0,1.0,0.0,0.0,85.0,6.0,3,1.0,0.0,3.0
minteaj01,2021,1,ATL,NL,3,6,61,0,0,0,0,157,44,22,2.0,20,57,0.226,3.78,0.0,0.0,1.0,2.0,221.0,4.0,27,0.0,4.0,1.0
minteaj01,2022,1,ATL,NL,5,4,75,0,0,0,5,210,49,16,5.0,15,94,0.198,2.06,0.0,3.0,3.0,0.0,271.0,13.0,21,2.0,3.0,4.0
minteaj01,2023,1,ATL,NL,3,6,70,0,0,0,10,194,56,27,6.0,21,82,0.236,3.76,2.0,1.0,0.0,1.0,260.0,19.0,28,0.0,2.0,6.0
minteaj01,2024,1,ATL,NL,5,4,39,0,0,0,1,103,24,10,6.0,11,35,0.198,2.62,1.0,0.0,1.0,0.0,134.0,10.0,10,1.0,0.0,3.0
minteaj01,2025,1,NYN,NL,0,0,13,0,0,0,0,33,6,2,0.0,5,14,0.154,1.64,0.0,0.0,0.0,1.0,44.0,1.0,2,0.0,0.0,0.0
misiean01,2020,1,SEA,AL,0,2,21,0,0,0,0,60,20,9,2.0,6,25,0.263,4.05,1.0,2.0,1.0,0.0,83.0,1.0,9,0.0,0.0,0.0
misiean01,2021,1,SEA,AL,5,5,66,0,0,0,0,164,61,28,7.0,15,53,0.28,4.61,2.0,6.0,1.0,0.0,236.0,11.0,30,1.0,1.0,8.0
misiean01,2022,1,SEA,AL,0,1,17,0,0,0,0,41,14,7,1.0,6,8,0.275,4.61,0.0,0.0,0.0,0.0,57.0,3.0,7,0.0,0.0,4.0
misiean01,2022,2,KCA,AL,1,1,15,0,0,0,0,46,13,7,3.0,4,19,0.224,4.11,2.0,1.0,0.0,0.0,64.0,7.0,8,1.0,1.0,0.0
misiean01,2023,1,ARI,NL,1,0,7,0,0,0,0,24,11,5,1.0,3,6,0.333,5.63,0.0,2.0,0.0,0.0,37.0,1.0,5,0.0,1.0,1.0
misiean01,2023,2,DET,AL,0,0,1,0,0,0,0,1,4,3,1.0,0,0,0.8,81.0,0.0,0.0,0.0,0.0,5.0,1.0,3,0.0,0.0,0.0
misiean01,2023,3,NYA,AL,1,0,3,0,0,0,0,8,2,1,0.0,3,2,0.2,3.38,0.0,1.0,0.0,0.0,13.0,1.0,3,0.0,0.0,0.0
misiean01,2024,1,NYA,AL,0,0,1,0,0,0,0,3,2,0,0.0,1,1,0.4,0.0,0.0,0.0,0.0,0.0,6.0,0.0,0,0.0,0.0,0.0
misiean01,2025,1,MIN,AL,0,0,5,0,0,0,0,14,5,5,2.0,4,5,0.263,9.64,0.0,2.0,0.0,0.0,23.0,1.0,5,0.0,0.0,0.0
misioja01,2025,1,MIL,NL,5,3,15,14,0,0,0,198,51,32,8.0,31,87,0.213,4.36,0.0,1.0,3.0,0.0,273.0,0.0,34,0.0,0.0,7.0
mitchbr01,2021,1,MIA,NL,0,0,2,0,0,0,0,12,5,2,0.0,2,4,0.313,4.5,1.0,0.0,0.0,0.0,18.0,2.0,2,0.0,0.0,1.0
mizeca01,2020,1,DET,AL,0,3,7,7,0,0,0,85,29,22,7.0,13,26,0.252,6.99,0.0,2.0,5.0,0.0,133.0,0.0,25,0.0,0.0,1.0
mizeca01,2021,1,DET,AL,7,9,30,30,1,0,0,451,130,62,24.0,41,118,0.234,3.71,0.0,7.0,11.0,0.0,612.0,0.0,64,1.0,4.0,17.0
mizeca01,2022,1,DET,AL,0,1,2,2,0,0,0,30,13,6,1.0,2,4,0.302,5.4,0.0,0.0,0.0,0.0,45.0,0.0,6,0.0,0.0,0.0
mizeca01,2024,1,DET,AL,2,6,22,20,0,0,0,307,121,51,11.0,29,78,0.29,4.49,0.0,2.0,2.0,1.0,452.0,0.0,57,0.0,4.0,13.0
mizeca01,2025,1,DET,AL,14,6,28,28,0,0,0,447,153,64,21.0,36,139,0.263,3.87,1.0,2.0,3.0,0.0,627.0,0.0,68,1.0,6.0,7.0
mlodzca01,2023,1,PIT,NL,3,3,35,1,0,0,1,108,28,9,3.0,18,34,0.214,2.25,1.0,0.0,1.0,0.0,152.0,6.0,14,0.0,2.0,1.0
mlodzca01,2024,1,PIT,NL,5,5,40,4,0,0,0,152,41,19,3.0,19,46,0.223,3.38,1.0,1.0,2.0,0.0,209.0,5.0,22,0.0,4.0,2.0
mlodzca01,2025,1,PIT,NL,5,8,34,12,0,0,0,297,102,39,8.0,27,89,0.265,3.55,0.0,5.0,4.0,0.0,419.0,7.0,42,3.0,0.0,9.0
molinan01,2024,1,COL,NL,1,1,35,1,0,0,0,179,72,45,5.0,22,41,0.305,6.79,1.0,5.0,2.0,0.0,264.0,17.0,46,0.0,4.0,6.0
molinan01,2025,1,COL,NL,1,1,17,1,0,0,0,104,52,28,12.0,6,24,0.347,7.27,0.0,1.0,2.0,1.0,160.0,5.0,30,1.0,1.0,4.0
molinya01,2022,1,SLN,NL,0,0,2,0,0,0,0,6,6,4,2.0,0,1,0.5,18.0,0.0,0.0,0.0,0.0,12.0,2.0,4,0.0,0.0,0.0
mollsa01,2021,1,OAK,AL,0,0,8,0,0,0,0,31,8,4,1.0,5,8,0.216,3.48,0.0,0.0,2.0,0.0,44.0,1.0,4,0.0,0.0,1.0
mollsa01,2022,1,OAK,AL,2,1,53,0,0,0,0,130,33,14,5.0,22,46,0.205,2.91,6.0,2.0,3.0,0.0,187.0,7.0,16,0.0,1.0,3.0
mollsa01,2023,1,OAK,AL,0,3,45,1,0,0,1,113,34,19,1.0,19,46,0.239,4.54,4.0,4.0,7.0,0.0,170.0,10.0,20,0.0,2.0,4.0
mollsa01,2023,2,CIN,NL,2,0,25,0,0,0,0,74,13,2,1.0,11,22,0.151,0.73,4.0,0.0,0.0,0.0,98.0,3.0,2,1.0,0.0,2.0
mollsa01,2024,1,CIN,NL,3,2,48,0,0,0,0,113,27,14,3.0,14,38,0.201,3.35,2.0,0.0,2.0,0.0,152.0,7.0,16,0.0,2.0,3.0
mollsa01,2025,1,CIN,NL,1,0,23,0,0,0,0,55,16,13,4.0,10,22,0.229,6.38,0.0,4.0,0.0,0.0,81.0,3.0,16,1.0,0.0,1.0
montafr01,2020,1,OAK,AL,3,5,11,11,0,0,0,159,57,33,10.0,23,60,0.27,5.6,0.0,2.0,1.0,0.0,237.0,0.0,35,0.0,2.0,1.0
montafr01,2021,1,OAK,AL,13,9,32,32,0,0,0,561,164,70,20.0,57,207,0.232,3.37,1.0,11.0,7.0,0.0,778.0,0.0,79,2.0,4.0,12.0
montafr01,2022,1,OAK,AL,4,9,19,19,0,0,0,314,91,37,12.0,28,109,0.233,3.18,3.0,4.0,1.0,0.0,423.0,0.0,44,1.0,3.0,11.0
montafr01,2022,2,NYA,AL,1,3,8,8,0,0,0,119,46,28,6.0,15,33,0.288,6.35,0.0,3.0,5.0,0.0,185.0,0.0,28,1.0,2.0,3.0
montafr01,2023,1,NYA,AL,1,0,1,0,0,0,0,4,2,0,0.0,1,1,0.333,0.0,0.0,0.0,0.0,0.0,7.0,0.0,0,0.0,0.0,0.0
montafr01,2024,1,CIN,NL,4,8,19,19,0,0,0,280,93,52,14.0,41,78,0.256,5.01,0.0,3.0,5.0,0.0,411.0,0.0,56,0.0,2.0,4.0
montafr01,2024,2,MIL,NL,3,3,11,11,0,0,0,172,47,29,10.0,25,70,0.22,4.55,0.0,0.0,1.0,0.0,244.0,0.0,33,1.0,3.0,2.0
montafr01,2025,1,NYN,NL,3,2,9,7,0,0,0,116,48,27,8.0,14,32,0.298,6.28,0.0,1.0,1.0,0.0,178.0,1.0,29,1.0,1.0,3.0
montebr01,2022,1,NYN,NL,0,0,3,0,0,0,0,10,7,4,0.0,2,6,0.412,10.8,0.0,1.0,0.0,0.0,19.0,1.0,4,0.0,0.0,0.0
montech01,2025,1,ARI,NL,0,0,1,0,0,0,0,8,0,0,0.0,1,2,0.0,0.0,0.0,0.0,0.0,0.0,9.0,0.0,0,0.0,0.0,0.0
monteke01,2024,1,DET,AL,6,6,19,16,1,1,0,295,100,52,19.0,31,77,0.265,4.76,0.0,2.0,3.0,0.0,412.0,1.0,54,0.0,0.0,12.0
monteke01,2025,1,DET,AL,5,3,20,12,0,0,0,272,95,44,16.0,31,72,0.268,4.37,0.0,2.0,2.0,0.0,389.0,1.0,46,1.0,0.0,7.0
montepa01,2025,1,MIA,NL,0,0,1,0,0,0,0,11,9,4,0.0,1,4,0.474,9.82,0.0,0.0,0.0,0.0,20.0,0.0,4,0.0,0.0,1.0
montera01,2020,1,TEX,AL,0,1,17,0,0,0,8,53,12,8,2.0,6,19,0.19,4.08,0.0,0.0,1.0,0.0,72.0,16.0,11,1.0,0.0,1.0
montera01,2021,1,SEA,AL,5,3,40,0,0,0,7,130,56,35,4.0,15,37,0.311,7.27,1.0,4.0,5.0,0.0,204.0,17.0,39,1.0,3.0,4.0
montera01,2021,2,HOU,AL,0,1,4,0,0,0,0,18,3,0,0.0,2,5,0.158,0.0,0.0,0.0,0.0,0.0,21.0,1.0,1,0.0,0.0,2.0
montera01,2022,1,HOU,AL,5,2,71,0,0,0,14,205,47,18,3.0,23,73,0.193,2.37,2.0,1.0,2.0,0.0,270.0,25.0,22,1.0,1.0,9.0
montera01,2023,1,HOU,AL,3,3,68,0,0,0,1,202,74,38,11.0,29,79,0.279,5.08,0.0,0.0,3.0,0.0,298.0,21.0,40,0.0,1.0,6.0
montera01,2024,1,HOU,AL,1,2,41,0,0,0,0,115,35,20,8.0,19,23,0.248,4.7,0.0,0.0,3.0,0.0,164.0,7.0,21,0.0,1.0,7.0
montera01,2025,1,HOU,AL,0,0,3,0,0,0,0,12,3,2,0.0,2,5,0.214,4.5,0.0,0.0,0.0,0.0,16.0,2.0,2,0.0,0.0,0.0
montera01,2025,2,ATL,NL,0,1,36,0,0,0,0,103,27,21,3.0,21,34,0.211,5.5,2.0,0.0,0.0,0.0,150.0,11.0,22,0.0,1.0,2.0
montera01,2025,3,DET,AL,1,1,20,0,0,0,0,66,12,7,2.0,14,19,0.164,2.86,0.0,0.0,0.0,0.0,87.0,10.0,10,0.0,0.0,4.0
montgjo01,2020,1,NYA,AL,2,3,10,10,0,0,0,132,48,25,7.0,9,47,0.265,5.11,0.0,3.0,2.0,0.0,193.0,0.0,27,0.0,0.0,5.0
montgjo01,2021,1,NYA,AL,6,7,30,30,0,0,0,472,150,67,19.0,51,162,0.25,3.83,0.0,12.0,2.0,1.0,661.0,0.0,73,1.0,7.0,9.0
montgjo01,2022,1,NYA,AL,3,3,21,21,0,0,0,344,103,47,15.0,23,97,0.236,3.69,0.0,3.0,7.0,0.0,469.0,0.0,48,2.0,1.0,8.0
montgjo01,2022,2,SLN,NL,6,3,11,11,1,1,0,191,56,22,6.0,13,61,0.232,3.11,0.0,1.0,1.0,0.0,255.0,0.0,24,0.0,0.0,6.0
montgjo01,2023,1,SLN,NL,6,9,21,21,0,0,0,363,116,46,12.0,35,108,0.25,3.42,0.0,3.0,4.0,0.0,509.0,0.0,54,2.0,4.0,13.0
montgjo01,2023,2,TEX,AL,4,2,11,11,0,0,0,203,61,21,6.0,13,58,0.24,2.79,0.0,3.0,0.0,0.0,268.0,0.0,21,0.0,1.0,7.0
montgjo01,2024,1,ARI,NL,8,7,25,21,0,0,1,351,149,81,14.0,44,83,0.311,6.23,3.0,7.0,2.0,0.0,532.0,3.0,83,3.0,4.0,9.0
montgma01,2024,1,TBA,AL,0,0,9,0,0,0,0,29,6,2,0.0,5,17,0.188,1.86,0.0,0.0,0.0,0.0,37.0,1.0,2,0.0,0.0,3.0
montgma01,2025,1,TBA,AL,1,3,57,0,0,0,1,138,49,29,6.0,27,63,0.277,5.67,0.0,1.0,1.0,0.0,209.0,11.0,32,2.0,2.0,4.0
montgmi01,2020,1,KCA,AL,0,0,3,1,0,0,0,16,6,3,1.0,1,4,0.286,5.06,0.0,0.0,0.0,0.0,23.0,0.0,5,0.0,1.0,0.0
moorema02,2021,1,PHI,NL,2,4,24,13,0,0,0,219,78,51,15.0,38,63,0.274,6.29,4.0,3.0,2.0,0.0,334.0,5.0,54,8.0,1.0,4.0
moorema02,2022,1,TEX,AL,5,2,63,0,0,0,5,222,49,16,3.0,38,83,0.187,1.95,2.0,8.0,1.0,0.0,304.0,18.0,20,0.0,3.0,6.0
moorema02,2023,1,LAA,AL,4,1,41,0,0,0,0,132,33,13,6.0,12,49,0.208,2.66,2.0,1.0,2.0,0.0,175.0,4.0,14,1.0,1.0,5.0
moorema02,2023,2,CLE,AL,0,0,5,0,0,0,0,14,9,2,1.0,2,8,0.391,3.86,0.0,0.0,0.0,0.0,25.0,0.0,2,0.0,0.0,0.0
moorema02,2023,3,MIA,NL,1,0,4,0,0,0,0,12,4,0,0.0,1,3,0.25,0.0,1.0,0.0,1.0,0.0,18.0,0.0,0,0.0,0.0,0.0
moorema02,2024,1,LAA,AL,5,3,51,0,0,0,1,145,39,27,11.0,26,41,0.218,5.03,2.0,1.0,2.0,0.0,210.0,12.0,31,3.0,0.0,0.0
mooremc01,2023,1,PHI,NL,0,0,3,0,0,0,0,10,5,7,1.0,5,2,0.357,18.9,0.0,0.0,2.0,0.0,21.0,0.0,7,0.0,0.0,1.0
moralfr02,2022,1,PHI,NL,0,0,3,0,0,0,1,15,2,4,1.0,6,3,0.143,7.2,0.0,0.0,1.0,0.0,21.0,2.0,5,0.0,0.0,3.0
morallu01,2025,1,ATH,AL,4,3,10,9,0,0,0,146,38,17,8.0,18,43,0.212,3.14,0.0,2.0,1.0,0.0,199.0,0.0,18,0.0,1.0,1.0
moranbr01,2020,1,TOR,AL,0,0,2,0,0,0,0,3,1,0,0.0,0,1,0.25,0.0,0.0,0.0,0.0,0.0,4.0,1.0,0,0.0,0.0,0.0
moranbr01,2020,2,MIA,NL,1,0,5,0,0,0,0,11,5,5,1.0,6,6,0.313,12.27,0.0,0.0,0.0,0.0,22.0,1.0,5,0.0,0.0,0.0
moranbr01,2022,1,LAA,AL,0,0,1,0,0,0,0,1,3,2,1.0,1,0,0.75,54.0,1.0,0.0,0.0,0.0,5.0,0.0,2,0.0,0.0,0.0
moranjo01,2021,1,MIN,AL,0,0,5,0,0,0,0,24,9,7,0.0,7,10,0.29,7.88,0.0,1.0,0.0,0.0,38.0,0.0,7,0.0,0.0,1.0
moranjo01,2022,1,MIN,AL,0,1,31,0,0,0,1,122,25,10,0.0,18,54,0.172,2.21,0.0,2.0,0.0,0.0,164.0,16.0,11,0.0,1.0,1.0
moranjo01,2023,1,MIN,AL,2,2,43,0,0,0,0,127,35,25,3.0,27,48,0.226,5.31,1.0,2.0,0.0,0.0,184.0,11.0,27,2.0,0.0,4.0
moranjo01,2025,1,BOS,AL,0,0,2,0,0,0,0,12,5,3,0.0,3,5,0.294,6.75,0.0,0.0,0.0,0.0,20.0,1.0,3,0.0,0.0,0.0
morejad01,2020,1,SDN,NL,2,2,9,4,0,0,0,58,20,10,7.0,4,25,0.267,4.66,0.0,0.0,0.0,0.0,79.0,0.0,11,0.0,0.0,3.0
morejad01,2021,1,SDN,NL,0,0,2,2,0,0,0,14,5,2,2.0,2,3,0.278,3.86,0.0,0.0,0.0,0.0,20.0,0.0,2,0.0,0.0,1.0
morejad01,2022,1,SDN,NL,5,1,26,0,0,0,0,102,31,16,4.0,9,28,0.238,4.24,1.0,0.0,1.0,0.0,141.0,6.0,18,0.0,1.0,4.0
morejad01,2023,1,SDN,NL,0,0,8,1,0,0,0,27,14,7,1.0,5,8,0.368,7.0,0.0,1.0,0.0,0.0,44.0,1.0,7,1.0,0.0,2.0
morejad01,2024,1,SDN,NL,3,2,60,0,0,0,2,191,63,20,4.0,21,71,0.256,2.83,2.0,7.0,1.0,1.0,272.0,12.0,24,1.0,3.0,3.0
morejad01,2025,1,SDN,NL,13,6,75,0,0,0,3,221,49,17,2.0,17,70,0.186,2.08,3.0,2.0,0.0,0.0,286.0,9.0,23,5.0,1.0,6.0
morelmi01,2021,1,OAK,AL,0,0,1,0,0,0,0,3,1,0,0.0,0,1,0.25,0.0,0.0,0.0,0.0,0.0,4.0,1.0,0,0.0,0.0,0.0
moretda01,2021,1,CIN,NL,0,0,4,0,0,0,0,11,2,1,1.0,1,4,0.154,2.45,0.0,0.0,0.0,0.0,14.0,3.0,1,0.0,0.0,0.0
moretda01,2022,1,CIN,NL,0,2,35,1,0,0,1,115,32,23,10.0,13,39,0.227,5.4,1.0,1.0,4.0,0.0,160.0,17.0,24,0.0,2.0,3.0
moretda01,2023,1,PIT,NL,5,2,55,0,0,0,1,174,39,24,4.0,24,76,0.187,3.72,1.0,3.0,3.0,0.0,239.0,11.0,26,0.0,3.0,3.0
moretda01,2025,1,PIT,NL,1,1,18,0,0,0,0,50,16,6,2.0,7,19,0.267,3.24,1.0,0.0,0.0,0.0,68.0,6.0,8,0.0,1.0,2.0
morgaad01,2020,1,PHI,NL,0,1,17,0,0,0,0,39,14,8,3.0,6,16,0.269,5.54,0.0,0.0,0.0,0.0,58.0,4.0,8,0.0,0.0,2.0
morgaad01,2021,1,CHN,NL,2,1,34,0,0,0,2,76,22,12,6.0,12,28,0.237,4.26,0.0,0.0,1.0,0.0,108.0,6.0,15,0.0,2.0,2.0
morgada01,2025,1,SDN,NL,1,2,41,2,0,0,0,142,35,14,4.0,23,50,0.208,2.66,1.0,2.0,2.0,0.0,193.0,15.0,14,0.0,0.0,7.0
morgael01,2021,1,CLE,AL,5,7,18,18,0,0,0,268,90,53,20.0,22,81,0.259,5.34,0.0,0.0,4.0,1.0,379.0,0.0,54,2.0,1.0,8.0
morgael01,2022,1,CLE,AL,5,3,50,1,0,0,0,200,46,25,10.0,13,72,0.192,3.38,0.0,0.0,2.0,0.0,256.0,7.0,29,0.0,2.0,4.0
morgael01,2023,1,CLE,AL,5,2,61,0,0,0,1,202,73,30,9.0,24,75,0.267,4.01,1.0,2.0,1.0,1.0,299.0,14.0,37,0.0,1.0,1.0
morgael01,2024,1,CLE,AL,3,0,32,0,0,0,0,126,30,9,4.0,11,34,0.197,1.93,1.0,0.0,1.0,0.0,167.0,9.0,11,2.0,1.0,0.0
morgael01,2025,1,CHN,NL,0,1,7,0,0,0,0,22,12,10,3.0,3,4,0.375,12.27,1.0,0.0,0.0,0.0,35.0,2.0,10,0.0,0.0,1.0
morilju02,2025,1,ARI,NL,0,3,42,0,0,0,1,103,38,16,2.0,20,36,0.297,4.19,0.0,3.0,1.0,0.0,152.0,6.0,19,2.0,1.0,7.0
morimsh01,2021,1,MIA,NL,0,0,4,0,0,0,0,31,18,11,2.0,5,9,0.375,9.58,0.0,0.0,0.0,0.0,54.0,1.0,11,0.0,1.0,0.0
morinmi01,2020,1,MIA,NL,1,0,3,0,0,0,0,12,1,0,0.0,1,2,0.091,0.0,0.0,0.0,0.0,0.0,12.0,0.0,0,0.0,0.0,1.0
moronre01,2021,1,SFN,NL,0,0,4,0,0,0,0,12,1,1,1.0,0,2,0.077,2.25,0.0,0.0,0.0,0.0,13.0,0.0,1,0.0,0.0,0.0
moronre01,2022,1,LAN,NL,0,0,22,0,0,0,0,71,17,11,5.0,10,27,0.198,4.18,0.0,4.0,2.0,0.0,98.0,6.0,11,0.0,0.0,3.0
moronre01,2022,2,ARI,NL,2,2,17,0,0,0,2,42,13,7,0.0,8,11,0.241,4.5,1.0,4.0,0.0,0.0,63.0,8.0,9,0.0,1.0,0.0
moronre01,2023,1,LAA,AL,0,0,2,0,0,0,0,4,4,1,1.0,3,2,0.5,6.75,0.0,1.0,0.0,0.0,11.0,0.0,1,0.0,0.0,0.0
morrico01,2022,1,CLE,AL,1,2,7,5,0,0,0,71,21,6,3.0,12,23,0.241,2.28,0.0,1.0,0.0,0.0,100.0,0.0,8,0.0,1.0,2.0
morrico01,2023,1,CLE,AL,0,0,6,0,0,0,0,24,10,6,3.0,6,9,0.313,6.75,0.0,0.0,0.0,0.0,38.0,1.0,6,0.0,0.0,1.0
mortoch02,2020,1,TBA,AL,2,2,9,9,0,0,0,114,43,20,4.0,10,42,0.279,4.74,0.0,1.0,4.0,0.0,170.0,0.0,21,0.0,2.0,0.0
mortoch02,2021,1,ATL,NL,14,6,33,33,0,0,0,557,136,69,16.0,58,216,0.203,3.34,1.0,5.0,17.0,0.0,756.0,0.0,77,6.0,6.0,11.0
mortoch02,2022,1,ATL,NL,9,6,31,31,0,0,0,516,149,83,28.0,63,205,0.233,4.34,0.0,4.0,18.0,0.0,728.0,0.0,85,1.0,6.0,14.0
mortoch02,2023,1,ATL,NL,14,12,30,30,0,0,0,490,150,66,14.0,83,183,0.244,3.64,2.0,4.0,12.0,2.0,716.0,0.0,70,2.0,3.0,15.0
mortoch02,2024,1,ATL,NL,8,10,30,30,0,0,0,496,154,77,23.0,65,167,0.251,4.19,1.0,2.0,18.0,1.0,701.0,0.0,85,1.0,4.0,20.0
mortoch02,2025,1,BAL,AL,7,8,23,17,0,0,0,304,110,61,16.0,48,101,0.276,5.42,1.0,1.0,9.0,1.0,464.0,1.0,63,2.0,6.0,6.0
mortoch02,2025,2,DET,AL,2,3,9,9,0,0,0,118,40,31,7.0,23,47,0.258,7.09,1.0,2.0,5.0,1.0,184.0,0.0,31,1.0,0.0,3.0
mortoch02,2025,3,ATL,NL,0,0,1,1,0,0,0,4,2,0,0.0,1,1,0.4,0.0,0.0,0.0,0.0,0.0,6.0,0.0,0,0.0,0.0,1.0
muckeza01,2023,1,NYN,NL,0,0,3,0,0,0,0,18,11,4,0.0,2,3,0.407,6.0,0.0,0.0,1.0,0.0,31.0,1.0,4,0.0,1.0,1.0
mujicjo01,2020,1,COL,NL,0,0,2,0,0,0,0,13,10,6,2.0,2,1,0.476,12.46,0.0,0.0,0.0,0.0,23.0,1.0,7,0.0,0.0,1.0
mulleky01,2021,1,ATL,NL,2,4,9,8,0,0,0,110,26,17,2.0,20,37,0.202,4.17,1.0,9.0,2.0,0.0,155.0,0.0,17,2.0,2.0,3.0
mulleky01,2022,1,ATL,NL,1,1,3,3,0,0,0,37,13,11,2.0,8,12,0.26,8.03,0.0,2.0,0.0,0.0,59.0,0.0,11,1.0,0.0,0.0
mulleky01,2023,1,OAK,AL,1,5,21,13,0,0,0,231,112,65,16.0,39,56,0.346,7.6,1.0,3.0,3.0,1.0,372.0,1.0,65,2.0,4.0,6.0
mulleky01,2024,1,OAK,AL,0,1,21,0,0,0,0,148,48,22,6.0,10,36,0.255,4.01,3.0,1.0,1.0,0.0,202.0,9.0,25,0.0,3.0,4.0
munozan01,2021,1,SEA,AL,0,0,1,0,0,0,0,2,0,0,0.0,2,1,0.0,0.0,0.0,0.0,0.0,0.0,4.0,0.0,0,0.0,0.0,0.0
munozan01,2022,1,SEA,AL,2,5,64,0,0,0,4,195,43,18,5.0,15,96,0.189,2.49,3.0,4.0,4.0,0.0,248.0,12.0,20,0.0,2.0,5.0
munozan01,2023,1,SEA,AL,4,7,52,0,0,0,13,147,40,16,2.0,22,67,0.217,2.94,3.0,4.0,5.0,2.0,211.0,21.0,20,0.0,0.0,3.0
munozan01,2024,1,SEA,AL,3,7,60,0,0,0,22,178,31,14,6.0,26,77,0.153,2.12,3.0,3.0,3.0,1.0,232.0,41.0,16,0.0,1.0,4.0
munozan01,2025,1,SEA,AL,3,3,64,0,0,0,38,187,36,12,2.0,28,83,0.166,1.73,3.0,7.0,4.0,0.0,254.0,47.0,18,2.0,3.0,3.0
munozro01,2024,1,MIA,NL,2,7,18,17,0,0,0,248,89,60,26.0,42,70,0.272,6.53,0.0,4.0,5.0,1.0,379.0,0.0,66,0.0,5.0,4.0
munozro01,2025,1,SLN,NL,0,0,9,0,0,0,0,33,9,10,4.0,9,14,0.225,8.18,0.0,1.0,0.0,0.0,51.0,6.0,10,1.0,1.0,0.0
munozro02,2025,1,ATL,NL,0,0,3,0,0,0,0,11,4,5,1.0,5,5,0.286,12.27,0.0,1.0,2.0,0.0,21.0,0.0,5,0.0,0.0,1.0
murdono01,2025,1,ATH,AL,1,1,14,0,0,0,0,51,26,25,0.0,20,21,0.347,13.24,3.0,0.0,2.0,1.0,98.0,2.0,25,0.0,1.0,1.0
murfepe01,2022,1,SEA,AL,4,0,64,1,0,0,0,208,48,23,7.0,18,76,0.192,2.99,1.0,2.0,2.0,0.0,272.0,15.0,23,0.0,2.0,4.0
murfepe01,2023,1,SEA,AL,1,2,16,0,0,0,0,42,5,2,1.0,10,16,0.109,1.29,3.0,0.0,1.0,1.0,58.0,3.0,5,1.0,0.0,0.0
murfepe01,2025,1,CHA,AL,0,1,15,0,0,0,0,38,19,11,3.0,5,13,0.333,7.82,0.0,0.0,1.0,0.0,63.0,4.0,11,0.0,0.0,0.0
murphch01,2023,1,BOS,AL,1,2,20,0,0,0,1,143,50,26,5.0,17,49,0.263,4.91,0.0,4.0,1.0,0.0,212.0,6.0,27,2.0,2.0,3.0
murphch01,2025,1,BOS,AL,3,0,23,0,0,0,0,104,21,12,4.0,20,30,0.172,3.12,1.0,1.0,5.0,0.0,148.0,12.0,12,0.0,1.0,3.0
murphjr01,2020,1,PIT,NL,0,0,1,0,0,0,0,3,0,0,0.0,0,0,0.0,0.0,0.0,0.0,0.0,0.0,3.0,1.0,0,0.0,0.0,0.0
murphpa02,2020,1,TOR,AL,0,0,4,0,0,0,0,18,6,1,0.0,2,5,0.261,1.5,0.0,0.0,0.0,0.0,25.0,2.0,1,0.0,0.0,1.0
murphpa02,2021,1,TOR,AL,0,1,8,0,0,0,0,28,12,5,1.0,4,6,0.316,4.82,0.0,1.0,2.0,0.0,44.0,1.0,6,0.0,0.0,2.0
murphpa02,2021,2,WAS,NL,0,2,17,0,0,0,0,56,19,11,2.0,6,23,0.25,5.3,0.0,2.0,2.0,0.0,84.0,3.0,12,0.0,0.0,0.0
murphpa02,2022,1,WAS,NL,0,0,6,0,0,0,0,17,8,4,0.0,8,4,0.32,6.35,0.0,1.0,0.0,0.0,34.0,1.0,6,0.0,1.0,0.0
murraja01,2025,1,HOU,AL,0,0,9,1,0,0,0,35,10,2,0.0,3,8,0.227,1.54,0.0,0.0,0.0,0.0,47.0,2.0,2,0.0,0.0,0.0
musgrjo01,2020,1,PIT,NL,1,5,8,8,0,0,0,119,33,17,5.0,16,55,0.226,3.86,0.0,1.0,2.0,0.0,166.0,0.0,17,0.0,2.0,0.0
musgrjo01,2021,1,SDN,NL,11,9,32,31,2,2,0,544,142,64,22.0,54,203,0.213,3.18,3.0,3.0,18.0,0.0,748.0,1.0,68,3.0,6.0,13.0
musgrjo01,2022,1,SDN,NL,10,7,30,30,0,0,0,543,154,59,22.0,42,184,0.227,2.93,1.0,4.0,14.0,0.0,740.0,0.0,67,0.0,4.0,13.0
musgrjo01,2023,1,SDN,NL,10,3,17,17,0,0,0,292,90,33,10.0,21,97,0.247,3.05,1.0,2.0,9.0,1.0,399.0,0.0,35,0.0,4.0,11.0
musgrjo01,2024,1,SDN,NL,6,5,19,19,0,0,0,299,94,43,14.0,23,101,0.251,3.88,0.0,0.0,10.0,0.0,410.0,0.0,44,0.0,2.0,11.0
mushipa01,2022,1,HOU,AL,0,0,7,0,0,0,0,22,5,3,0.0,3,8,0.192,3.68,0.0,0.0,1.0,0.0,30.0,1.0,3,0.0,0.0,1.0
mushipa01,2023,1,HOU,AL,0,0,14,0,0,0,0,44,19,9,5.0,4,15,0.311,5.52,0.0,0.0,4.0,0.0,69.0,2.0,9,0.0,0.0,2.0
mushipa01,2024,1,HOU,AL,0,0,10,0,0,0,0,33,11,8,1.0,5,3,0.256,6.55,0.0,1.0,1.0,0.0,50.0,2.0,10,0.0,1.0,1.0
myersto01,2024,1,MIL,NL,9,6,27,25,0,0,0,414,126,46,18.0,36,127,0.242,3.0,0.0,4.0,5.0,5.0,569.0,0.0,52,3.0,5.0,11.0
myersto01,2025,1,MIL,NL,1,2,22,6,0,0,0,152,54,20,5.0,15,38,0.269,3.55,0.0,0.0,2.0,1.0,220.0,8.0,21,0.0,2.0,3.0
myerswi01,2022,1,SDN,NL,0,0,4,0,0,0,0,11,4,3,3.0,0,0,0.286,7.36,0.0,0.0,1.0,0.0,16.0,4.0,3,0.0,1.0,0.0
naileja01,2022,1,SLN,NL,0,0,7,0,0,0,0,27,8,5,2.0,2,5,0.229,5.0,0.0,0.0,0.0,0.0,37.0,4.0,5,0.0,0.0,1.0
naileja01,2023,1,SLN,NL,0,0,10,0,0,0,0,46,27,15,1.0,9,7,0.38,8.8,0.0,0.0,0.0,0.0,80.0,6.0,19,0.0,0.0,2.0
nanceto01,2021,1,CHN,NL,1,1,27,0,0,0,0,86,25,23,5.0,13,30,0.227,7.22,0.0,7.0,3.0,0.0,127.0,6.0,23,0.0,1.0,1.0
nanceto01,2022,1,MIA,NL,2,3,35,2,0,0,0,131,45,21,5.0,21,57,0.265,4.33,3.0,5.0,4.0,0.0,196.0,8.0,22,1.0,0.0,3.0
nanceto01,2024,1,TOR,AL,0,3,20,0,0,0,0,66,18,10,2.0,9,19,0.222,4.09,2.0,2.0,1.0,0.0,93.0,6.0,12,1.0,1.0,4.0
nanceto01,2025,1,TOR,AL,2,0,30,0,0,0,0,95,25,7,0.0,7,32,0.214,1.99,0.0,1.0,1.0,0.0,126.0,9.0,11,0.0,1.0,5.0
nardian01,2022,1,MIA,NL,1,1,13,0,0,0,0,44,25,16,5.0,14,24,0.362,9.82,0.0,1.0,0.0,0.0,83.0,5.0,17,0.0,0.0,0.0
nardian01,2023,1,MIA,NL,8,1,63,0,0,0,3,172,45,17,7.0,21,73,0.213,2.67,2.0,0.0,4.0,0.0,237.0,10.0,18,1.0,0.0,3.0
nardian01,2024,1,MIA,NL,3,2,59,0,0,0,0,149,44,28,7.0,18,70,0.234,5.07,1.0,1.0,1.0,0.0,210.0,4.0,29,1.0,2.0,2.0
nastrni01,2024,1,CHA,AL,0,7,9,8,0,0,0,107,32,28,7.0,36,26,0.234,7.07,0.0,3.0,1.0,0.0,174.0,0.0,33,0.0,0.0,3.0
naughpa01,2021,1,LAA,AL,0,4,7,5,0,0,0,68,27,16,3.0,14,12,0.29,6.35,1.0,0.0,1.0,0.0,108.0,0.0,18,0.0,0.0,3.0
naughpa01,2022,1,SLN,NL,0,2,26,3,0,0,1,96,39,17,3.0,7,31,0.295,4.78,1.0,1.0,1.0,0.0,141.0,5.0,17,1.0,0.0,2.0
naughpa01,2023,1,SLN,NL,0,0,4,0,0,0,0,15,2,0,0.0,1,5,0.125,0.0,0.0,0.0,0.0,0.0,17.0,2.0,0,0.0,0.0,1.0
navared01,2023,1,CHA,AL,0,0,8,0,0,0,0,26,11,7,2.0,2,9,0.314,7.27,0.0,0.0,2.0,0.0,39.0,6.0,7,0.0,0.0,1.0
nealza01,2023,1,OAK,AL,1,1,14,2,0,0,0,81,30,20,8.0,14,25,0.28,6.67,1.0,0.0,2.0,0.0,124.0,10.0,22,1.0,0.0,2.0
neelyja01,2024,1,CHN,NL,0,0,6,0,0,0,0,18,8,6,2.0,2,7,0.308,9.0,0.0,1.0,0.0,0.0,28.0,6.0,6,0.0,0.0,0.0
neideni01,2020,1,MIA,NL,0,0,4,0,0,0,0,25,10,5,1.0,2,4,0.313,5.4,0.0,0.0,0.0,0.0,34.0,1.0,5,0.0,0.0,2.0
neideni01,2021,1,MIA,NL,1,2,8,7,0,0,0,107,31,18,4.0,23,21,0.246,4.54,1.0,3.0,5.0,0.0,157.0,1.0,18,1.0,2.0,9.0
neideni01,2022,1,MIA,NL,0,1,1,1,0,0,0,15,5,2,1.0,0,3,0.25,3.6,0.0,0.0,0.0,0.0,20.0,0.0,2,0.0,0.0,0.0
nelsoji02,2021,1,LAN,NL,1,2,28,1,0,0,0,87,14,6,0.0,13,44,0.143,1.86,0.0,4.0,4.0,1.0,116.0,5.0,8,1.0,0.0,2.0
nelsoky01,2020,1,CLE,AL,0,0,1,0,0,0,0,2,3,4,1.0,1,0,0.6,54.0,0.0,0.0,0.0,0.0,6.0,0.0,4,0.0,0.0,0.0
nelsoky01,2021,1,CLE,AL,0,0,10,0,0,0,0,29,10,10,0.0,8,8,0.256,9.31,0.0,0.0,2.0,0.0,49.0,4.0,10,0.0,0.0,0.0
nelsoky01,2022,1,ARI,NL,2,1,43,1,0,0,0,111,26,9,1.0,14,30,0.194,2.19,0.0,1.0,3.0,0.0,151.0,4.0,10,0.0,0.0,3.0
nelsoky01,2023,1,ARI,NL,7,4,68,2,0,0,0,168,59,26,12.0,14,67,0.267,4.18,1.0,1.0,1.0,0.0,239.0,8.0,30,3.0,0.0,2.0
nelsoky01,2024,1,ARI,NL,0,0,11,0,0,0,0,32,8,5,2.0,4,8,0.216,4.22,1.0,0.0,0.0,0.0,42.0,4.0,5,0.0,1.0,1.0
nelsoky01,2025,1,ARI,NL,0,0,3,0,0,0,1,6,1,2,1.0,4,2,0.143,9.0,0.0,1.0,0.0,0.0,11.0,1.0,2,0.0,0.0,0.0
nelsoni01,2020,1,NYA,AL,1,0,11,0,0,0,0,62,20,11,4.0,11,18,0.256,4.79,0.0,0.0,0.0,0.0,90.0,4.0,13,0.0,1.0,3.0
nelsoni01,2021,1,NYA,AL,0,2,11,2,0,0,0,43,15,14,0.0,16,22,0.263,8.79,0.0,5.0,3.0,0.0,78.0,3.0,16,0.0,2.0,0.0
nelsoni01,2022,1,PHI,NL,3,2,47,2,0,0,1,206,66,37,1.0,36,69,0.257,4.85,0.0,13.0,4.0,0.0,306.0,10.0,38,0.0,9.0,3.0
nelsoni01,2023,1,PHI,NL,1,0,1,0,0,0,0,16,2,1,1.0,2,3,0.111,1.69,0.0,0.0,0.0,0.0,20.0,0.0,1,0.0,0.0,0.0
nelsoni01,2024,1,PHI,NL,0,0,4,0,0,0,0,16,8,3,0.0,2,8,0.348,5.06,0.0,0.0,1.0,0.0,26.0,4.0,3,0.0,0.0,0.0
nelsory01,2022,1,ARI,NL,1,1,3,3,0,0,0,55,9,3,2.0,6,16,0.145,1.47,1.0,0.0,0.0,0.0,69.0,0.0,4,0.0,1.0,0.0
nelsory01,2023,1,ARI,NL,8,8,29,27,0,0,0,432,159,85,24.0,46,96,0.284,5.31,0.0,6.0,1.0,1.0,619.0,1.0,87,2.0,10.0,15.0
nelsory01,2024,1,ARI,NL,10,6,28,25,0,0,1,452,155,71,17.0,34,126,0.265,4.24,2.0,4.0,5.0,0.0,630.0,1.0,73,0.0,7.0,18.0
nelsory01,2025,1,ARI,NL,7,3,33,23,0,0,1,462,124,58,17.0,41,132,0.217,3.39,0.0,1.0,4.0,0.0,619.0,4.0,62,0.0,2.0,12.0
nerishe01,2020,1,PHI,NL,2,2,24,0,0,0,5,65,24,11,0.0,13,27,0.267,4.57,2.0,3.0,0.0,1.0,103.0,13.0,15,0.0,0.0,1.0
nerishe01,2021,1,PHI,NL,4,7,74,0,0,0,12,223,55,30,12.0,32,98,0.202,3.63,3.0,4.0,4.0,1.0,310.0,29.0,34,1.0,1.0,7.0
nerishe01,2022,1,HOU,AL,6,4,70,0,0,0,3,196,49,27,3.0,17,79,0.205,3.72,0.0,6.0,6.0,1.0,263.0,26.0,29,1.0,0.0,4.0
nerishe01,2023,1,HOU,AL,6,3,71,0,0,0,2,205,41,13,7.0,31,77,0.174,1.71,0.0,3.0,3.0,0.0,273.0,7.0,16,1.0,1.0,5.0
nerishe01,2024,1,CHN,NL,8,4,46,0,0,0,17,132,41,19,4.0,26,46,0.246,3.89,2.0,1.0,1.0,3.0,196.0,33.0,20,1.0,1.0,2.0
nerishe01,2024,2,HOU,AL,2,1,16,0,0,0,1,46,14,8,4.0,2,18,0.237,4.7,0.0,1.0,1.0,1.0,64.0,3.0,11,1.0,1.0,1.0
nerishe01,2025,1,ATL,NL,0,1,2,0,0,0,0,3,5,5,1.0,1,1,0.714,45.0,0.0,0.0,0.0,0.0,8.0,1.0,5,0.0,0.0,0.0
nerishe01,2025,2,LAA,AL,3,0,21,0,0,0,0,42,11,8,2.0,7,19,0.216,5.14,0.0,3.0,1.0,0.0,60.0,3.0,9,1.0,0.0,1.0
nerishe01,2025,3,HOU,AL,0,1,12,0,0,0,0,35,13,7,3.0,8,15,0.283,5.4,1.0,1.0,0.0,1.0,56.0,4.0,11,1.0,1.0,0.0
neusesh01,2022,1,OAK,AL,0,0,3,0,0,0,0,11,1,0,0.0,0,0,0.083,0.0,0.0,0.0,0.0,0.0,12.0,3.0,0,0.0,0.0,0.0
neverdo01,2020,1,PIT,NL,0,3,17,0,0,0,0,57,24,15,5.0,10,23,0.304,7.11,0.0,2.0,0.0,0.0,89.0,7.0,17,0.0,0.0,1.0
newbeja01,2020,1,KCA,AL,1,0,20,0,0,0,1,66,20,10,3.0,12,24,0.256,4.09,0.0,3.0,2.0,0.0,94.0,6.0,12,0.0,2.0,6.0
newbeja01,2021,1,KCA,AL,0,0,4,0,0,0,0,13,10,8,2.0,3,5,0.476,16.62,0.0,1.0,0.0,0.0,24.0,1.0,8,0.0,0.0,2.0
newcose01,2020,1,ATL,NL,0,2,4,4,0,0,0,41,20,17,4.0,6,10,0.333,11.2,0.0,1.0,3.0,0.0,70.0,0.0,17,0.0,1.0,0.0
newcose01,2021,1,ATL,NL,2,0,32,0,0,0,1,97,28,17,1.0,27,43,0.235,4.73,1.0,5.0,2.0,0.0,150.0,5.0,17,1.0,1.0,1.0
newcose01,2022,1,ATL,NL,0,0,3,0,0,0,0,15,7,4,1.0,4,4,0.318,7.2,0.0,1.0,0.0,0.0,26.0,0.0,4,0.0,0.0,0.0
newcose01,2022,2,CHN,NL,2,1,17,1,0,0,0,68,26,23,7.0,15,24,0.28,9.13,0.0,1.0,0.0,0.0,108.0,2.0,24,0.0,0.0,1.0
newcose01,2023,1,OAK,AL,1,1,7,2,0,0,0,45,8,5,1.0,9,17,0.16,3.0,0.0,1.0,2.0,0.0,61.0,1.0,5,0.0,0.0,3.0
newcose01,2024,1,OAK,AL,1,0,7,0,0,0,0,30,9,7,2.0,8,7,0.257,6.3,1.0,0.0,1.0,0.0,45.0,3.0,7,1.0,0.0,1.0
newcose01,2025,1,BOS,AL,0,4,12,5,0,0,0,123,55,18,3.0,17,41,0.325,3.95,0.0,2.0,2.0,0.0,190.0,5.0,24,1.0,1.0,7.0
newcose01,2025,2,ATH,AL,2,1,36,0,0,0,2,154,39,10,2.0,14,50,0.214,1.75,2.0,0.0,3.0,0.0,201.0,6.0,12,1.0,1.0,6.0
newmake01,2025,1,LAA,AL,0,0,2,0,0,0,0,12,4,3,2.0,0,0,0.25,6.75,0.0,0.0,0.0,0.0,16.0,2.0,3,0.0,0.0,0.0
newsolj01,2020,1,SEA,AL,0,1,5,4,0,0,0,47,20,9,4.0,1,9,0.303,5.17,0.0,0.0,1.0,0.0,68.0,0.0,9,0.0,0.0,0.0
newsolj01,2021,1,SEA,AL,1,1,7,1,0,0,0,44,20,13,5.0,3,16,0.317,7.98,1.0,1.0,0.0,0.0,69.0,4.0,14,1.0,1.0,0.0
nicasju01,2020,1,TEX,AL,0,0,2,0,0,0,0,4,5,6,1.0,2,1,0.556,40.5,0.0,0.0,0.0,0.0,11.0,0.0,6,0.0,0.0,0.0
nicolky01,2023,1,PIT,NL,0,0,4,0,0,0,0,16,7,7,1.0,4,7,0.333,11.81,0.0,1.0,1.0,0.0,26.0,0.0,7,0.0,0.0,1.0
nicolky01,2024,1,PIT,NL,2,2,51,0,0,0,0,164,51,24,4.0,31,55,0.249,3.95,1.0,7.0,4.0,1.0,243.0,20.0,30,0.0,3.0,5.0
nicolky01,2025,1,PIT,NL,1,2,31,0,0,0,0,114,34,20,3.0,18,34,0.233,4.74,0.0,1.0,2.0,0.0,167.0,5.0,21,0.0,1.0,3.0
nidoto01,2025,1,DET,AL,0,0,1,0,0,0,0,5,0,0,0.0,0,0,0.0,0.0,0.0,0.0,1.0,0.0,6.0,1.0,0,0.0,1.0,0.0
nikhado01,2025,1,CLE,AL,0,1,2,1,0,0,0,12,5,6,0.0,6,5,0.294,13.5,0.0,1.0,0.0,0.0,23.0,1.0,6,0.0,0.0,0.0
nittovi01,2021,1,SEA,AL,0,0,1,0,0,0,0,3,1,2,1.0,2,1,0.25,18.0,0.0,0.0,0.0,0.0,6.0,0.0,2,0.0,0.0,0.0
nittovi01,2022,1,PHI,NL,0,0,2,0,0,0,0,6,0,0,0.0,1,1,0.0,0.0,0.0,0.0,1.0,0.0,8.0,0.0,0,0.0,0.0,0.0
nittovi01,2023,1,NYN,NL,0,0,3,0,0,0,0,11,4,1,0.0,0,3,0.286,2.45,0.0,0.0,1.0,1.0,15.0,3.0,1,0.0,0.0,0.0
nittovi01,2024,1,OAK,AL,0,1,7,0,0,0,0,24,8,2,1.0,2,5,0.267,2.25,0.0,0.0,0.0,0.0,32.0,1.0,2,0.0,0.0,2.0
nittovi01,2024,2,BAL,AL,0,0,2,0,0,0,0,12,2,0,0.0,0,3,0.143,0.0,0.0,0.0,0.0,0.0,14.0,1.0,0,0.0,0.0,0.0
nogosst01,2021,1,NYN,NL,0,1,1,0,0,0,0,9,3,2,2.0,0,5,0.25,6.0,0.0,0.0,0.0,0.0,12.0,0.0,2,0.0,0.0,0.0
nogosst01,2022,1,NYN,NL,1,1,12,0,0,0,0,66,20,6,4.0,7,21,0.23,2.45,0.0,1.0,1.0,0.0,95.0,3.0,10,0.0,0.0,1.0
nogosst01,2023,1,NYN,NL,0,1,13,0,0,0,0,77,28,16,6.0,14,25,0.28,5.61,0.0,2.0,2.0,0.0,118.0,1.0,16,0.0,2.0,2.0
nogowjo01,2021,2,PIT,NL,0,0,3,0,0,0,0,9,8,5,0.0,0,0,0.5,15.0,0.0,0.0,0.0,0.0,16.0,3.0,5,0.0,0.0,1.0
nolaaa01,2020,1,PHI,NL,5,5,12,12,2,1,0,214,54,26,9.0,23,96,0.205,3.28,2.0,1.0,2.0,0.0,289.0,0.0,31,0.0,1.0,5.0
nolaaa01,2021,1,PHI,NL,9,9,32,32,1,1,0,542,165,93,26.0,39,223,0.237,4.63,1.0,0.0,9.0,1.0,749.0,0.0,95,3.0,2.0,12.0
nolaaa01,2022,1,PHI,NL,11,13,32,32,2,1,0,615,168,74,19.0,29,235,0.219,3.25,1.0,2.0,9.0,0.0,807.0,0.0,75,3.0,0.0,9.0
nolaaa01,2023,1,PHI,NL,12,9,32,32,0,0,0,581,178,96,32.0,45,202,0.24,4.46,0.0,2.0,1.0,0.0,793.0,0.0,105,2.0,4.0,15.0
nolaaa01,2024,1,PHI,NL,14,8,33,33,1,1,0,598,189,79,30.0,50,197,0.247,3.57,0.0,2.0,3.0,0.0,820.0,0.0,84,0.0,3.0,10.0
nolaaa01,2025,1,PHI,NL,5,10,17,17,0,0,0,283,99,63,18.0,28,97,0.267,6.01,0.0,1.0,4.0,0.0,404.0,0.0,65,1.0,0.0,5.0
nolaau01,2025,1,COL,NL,0,0,1,0,0,0,0,3,8,8,2.0,0,0,0.889,72.0,0.0,0.0,0.0,0.0,11.0,1.0,8,0.0,2.0,0.0
nolinse01,2021,1,WAS,NL,0,2,10,5,0,0,0,80,32,13,4.0,13,20,0.302,4.39,0.0,0.0,2.0,0.0,123.0,3.0,13,1.0,1.0,1.0
nolinse01,2023,1,MIA,NL,0,0,1,0,0,0,0,9,7,6,2.0,2,2,0.438,18.0,0.0,0.0,0.0,0.0,18.0,1.0,6,0.0,0.0,0.0
norrida01,2020,1,DET,AL,3,1,14,1,0,0,0,83,25,10,2.0,7,28,0.231,3.25,0.0,0.0,0.0,0.0,116.0,1.0,10,0.0,0.0,0.0
norrida01,2021,1,DET,AL,1,3,38,0,0,0,1,110,38,24,4.0,15,40,0.271,5.89,1.0,3.0,2.0,0.0,157.0,10.0,25,0.0,0.0,6.0
norrida01,2021,2,MIL,NL,1,0,18,0,0,0,0,61,17,15,5.0,15,18,0.227,6.64,0.0,2.0,0.0,0.0,91.0,3.0,16,1.0,0.0,1.0
norrida01,2022,1,CHN,NL,0,4,27,1,0,0,0,90,23,23,7.0,21,43,0.207,6.9,0.0,1.0,2.0,1.0,134.0,12.0,28,0.0,0.0,4.0
norrida01,2022,2,DET,AL,2,0,14,2,0,0,0,86,22,11,4.0,8,23,0.214,3.45,0.0,1.0,5.0,0.0,116.0,5.0,11,0.0,0.0,4.0
norrida01,2023,1,CLE,AL,0,0,7,0,0,0,0,38,10,8,3.0,12,11,0.204,5.68,0.0,0.0,1.0,0.0,63.0,3.0,11,0.0,1.0,1.0
northaa01,2021,1,SDN,NL,1,0,5,0,0,0,0,24,5,2,1.0,8,5,0.192,2.25,0.0,0.0,0.0,0.0,34.0,3.0,2,0.0,0.0,3.0
norwoja01,2020,1,CHN,NL,0,0,3,0,0,0,0,5,4,3,0.0,1,0,0.5,16.2,0.0,1.0,0.0,0.0,9.0,0.0,3,0.0,0.0,1.0
norwoja01,2021,1,SDN,NL,0,0,5,0,0,0,0,15,6,0,0.0,3,3,0.3,0.0,0.0,0.0,0.0,0.0,23.0,2.0,0,0.0,0.0,0.0
norwoja01,2022,1,PHI,NL,1,0,20,0,0,0,0,52,24,16,2.0,9,22,0.316,8.31,0.0,0.0,0.0,0.0,85.0,5.0,17,0.0,0.0,0.0
novaiv01,2020,1,DET,AL,1,1,4,4,0,0,0,57,22,18,4.0,9,9,0.278,8.53,0.0,2.0,0.0,0.0,88.0,0.0,18,0.0,0.0,0.0
nunezda01,2021,1,LAN,NL,0,1,6,1,0,0,0,23,8,7,3.0,4,8,0.276,8.22,0.0,0.0,0.0,0.0,33.0,1.0,8,0.0,0.0,1.0
nunezde01,2024,1,NYN,NL,2,0,25,0,0,0,1,105,24,9,3.0,8,48,0.189,2.31,1.0,1.0,0.0,2.0,135.0,3.0,11,0.0,0.0,3.0
nunezde01,2025,1,NYN,NL,0,0,10,0,0,0,0,29,6,5,1.0,6,11,0.171,4.66,0.0,1.0,0.0,0.0,41.0,3.0,5,0.0,0.0,0.0
nunezed03,2025,1,SDN,NL,0,0,4,0,0,0,0,14,4,2,1.0,4,2,0.25,3.86,0.0,1.0,1.0,0.0,21.0,2.0,2,0.0,0.0,1.0
nunezed03,2025,2,ATH,AL,1,0,6,0,0,0,0,24,9,8,1.0,7,9,0.31,9.0,0.0,1.0,2.0,0.0,39.0,1.0,8,0.0,1.0,1.0
oberba01,2021,1,MIN,AL,3,3,20,20,0,0,0,277,92,43,20.0,19,96,0.258,4.19,0.0,1.0,1.0,0.0,379.0,0.0,45,0.0,3.0,7.0
oberba01,2022,1,MIN,AL,2,3,11,11,0,0,0,168,48,20,4.0,11,51,0.227,3.21,0.0,0.0,2.0,1.0,227.0,0.0,22,1.0,2.0,3.0
oberba01,2023,1,MIN,AL,8,6,26,26,0,0,0,433,125,55,22.0,29,146,0.232,3.43,0.0,1.0,7.0,0.0,577.0,0.0,58,0.0,2.0,8.0
oberba01,2024,1,MIN,AL,12,9,31,31,1,0,0,536,136,79,27.0,43,191,0.208,3.98,0.0,1.0,6.0,0.0,709.0,0.0,81,1.0,4.0,9.0
oberba01,2025,1,MIN,AL,6,9,27,27,1,0,0,439,159,83,30.0,31,120,0.275,5.1,0.0,1.0,5.0,2.0,624.0,0.0,84,2.0,7.0,9.0
obrieri01,2021,1,CIN,NL,0,1,1,1,0,0,0,4,2,2,2.0,3,2,0.333,13.5,0.0,0.0,0.0,0.0,9.0,0.0,2,0.0,0.0,0.0
obrieri01,2022,1,SEA,AL,0,0,1,0,0,0,0,3,1,0,0.0,1,1,0.25,0.0,0.0,0.0,0.0,0.0,5.0,1.0,0,0.0,0.0,0.0
obrieri01,2024,1,SLN,NL,0,0,8,0,0,0,0,24,13,10,2.0,8,11,0.361,11.25,0.0,1.0,1.0,0.0,46.0,4.0,10,0.0,1.0,0.0
obrieri01,2025,1,SLN,NL,3,1,42,0,0,0,6,144,33,11,2.0,22,45,0.196,2.06,2.0,3.0,7.0,0.0,199.0,15.0,13,1.0,1.0,6.0
odayda01,2020,1,ATL,NL,4,0,19,0,0,0,0,49,8,2,1.0,5,22,0.136,1.1,0.0,0.0,3.0,0.0,67.0,1.0,3,0.0,0.0,0.0
odayda01,2021,1,NYA,AL,0,0,12,0,0,0,0,32,9,4,2.0,4,11,0.22,3.38,0.0,0.0,1.0,1.0,46.0,1.0,4,0.0,0.0,0.0
odayda01,2022,1,ATL,NL,2,2,28,0,0,0,0,65,19,10,3.0,10,26,0.238,4.15,2.0,0.0,1.0,0.0,94.0,3.0,12,0.0,3.0,1.0
odorija01,2020,1,MIN,AL,0,1,4,4,0,0,0,41,16,10,4.0,3,12,0.291,6.59,0.0,0.0,1.0,0.0,60.0,0.0,10,0.0,0.0,0.0
odorija01,2021,1,HOU,AL,6,7,24,23,0,0,0,314,97,49,16.0,34,91,0.243,4.21,1.0,0.0,3.0,0.0,441.0,0.0,51,4.0,1.0,2.0
odorija01,2022,1,HOU,AL,4,3,12,12,0,0,0,180,52,25,5.0,17,46,0.231,3.75,0.0,2.0,2.0,0.0,245.0,0.0,29,1.0,0.0,3.0
odorija01,2022,2,ATL,NL,2,3,10,10,0,0,0,139,54,27,9.0,18,40,0.29,5.24,1.0,0.0,1.0,0.0,208.0,0.0,29,0.0,3.0,3.0
ogandcr01,2022,1,TBA,AL,0,0,3,0,0,0,0,13,4,2,0.0,1,2,0.286,4.15,0.0,0.0,1.0,0.0,17.0,2.0,2,0.0,1.0,1.0
ogasash01,2025,1,WAS,NL,1,1,23,2,0,0,0,116,43,30,9.0,17,30,0.289,6.98,0.0,1.0,3.0,0.0,173.0,7.0,30,0.0,4.0,4.0
ohlpi01,2025,1,MIN,AL,0,3,14,3,0,0,0,90,38,17,5.0,7,27,0.302,5.1,0.0,0.0,0.0,0.0,133.0,3.0,22,0.0,0.0,2.0
ohtansh01,2020,1,LAA,AL,0,1,2,2,0,0,0,5,3,7,0.0,8,3,0.375,37.8,0.0,1.0,0.0,0.0,16.0,0.0,7,0.0,0.0,0.0
ohtansh01,2021,1,LAA,AL,9,2,23,23,0,0,0,391,98,46,15.0,44,156,0.207,3.18,2.0,10.0,10.0,2.0,533.0,0.0,48,2.0,4.0,8.0
ohtansh01,2022,1,LAA,AL,15,9,28,28,0,0,0,498,124,43,14.0,44,219,0.203,2.33,0.0,14.0,2.0,0.0,660.0,0.0,45,0.0,3.0,10.0
ohtansh01,2023,1,LAA,AL,10,5,23,23,1,1,0,396,85,46,18.0,55,167,0.184,3.14,0.0,12.0,11.0,0.0,531.0,0.0,50,0.0,1.0,16.0
ohtansh01,2025,1,LAN,NL,1,1,14,14,0,0,0,141,40,15,3.0,9,62,0.227,2.87,0.0,10.0,0.0,0.0,188.0,0.0,15,0.0,3.0,3.0
okertst01,2021,1,MIA,NL,3,1,34,0,0,0,0,108,22,11,5.0,15,40,0.183,2.75,2.0,4.0,4.0,0.0,142.0,5.0,12,1.0,2.0,6.0
okertst01,2022,1,MIA,NL,5,5,60,0,0,0,0,154,34,17,7.0,26,63,0.186,2.98,2.0,1.0,7.0,0.0,221.0,5.0,19,4.0,1.0,3.0
okertst01,2023,1,MIA,NL,3,2,64,2,0,0,0,176,50,29,9.0,24,73,0.229,4.45,0.0,1.0,2.0,1.0,247.0,10.0,31,2.0,1.0,2.0
okertst01,2024,1,MIN,AL,3,2,44,1,0,0,1,106,37,20,6.0,16,33,0.266,5.09,3.0,2.0,3.0,0.0,160.0,8.0,22,1.0,1.0,0.0
okertst01,2025,1,HOU,AL,3,2,68,1,0,0,1,215,45,24,6.0,19,84,0.181,3.01,1.0,0.0,2.0,0.0,276.0,7.0,25,3.0,4.0,4.0
ollerad01,2022,1,OAK,AL,2,8,19,14,0,0,0,223,82,52,17.0,39,46,0.28,6.3,0.0,4.0,2.0,0.0,337.0,3.0,55,0.0,2.0,7.0
ollerad01,2023,1,OAK,AL,1,1,9,1,0,0,0,59,29,22,5.0,12,13,0.341,10.07,0.0,1.0,1.0,0.0,101.0,2.0,24,0.0,3.0,0.0
ollerad01,2024,1,MIA,NL,2,4,8,8,0,0,0,127,43,25,7.0,22,36,0.261,5.31,0.0,1.0,2.0,0.0,189.0,0.0,25,0.0,0.0,5.0
olougja01,2024,1,OAK,AL,0,0,4,0,0,0,0,29,13,5,1.0,5,6,0.31,4.66,0.0,1.0,0.0,0.0,47.0,1.0,5,0.0,0.0,0.0
olsonre01,2023,1,DET,AL,5,7,21,18,0,0,0,311,83,46,14.0,33,103,0.215,3.99,0.0,4.0,1.0,1.0,422.0,0.0,49,0.0,2.0,9.0
olsonre01,2024,1,DET,AL,4,8,22,22,0,0,0,337,100,44,7.0,33,101,0.238,3.53,0.0,4.0,4.0,0.0,465.0,0.0,51,0.0,7.0,9.0
olsonre01,2025,1,DET,AL,4,4,13,13,0,0,0,206,58,24,5.0,25,65,0.228,3.15,2.0,2.0,5.0,0.0,285.0,0.0,24,1.0,0.0,7.0
ortegol01,2021,1,LAA,AL,1,0,8,0,0,0,0,28,12,5,1.0,2,4,0.333,4.82,0.0,0.0,1.0,1.0,39.0,1.0,5,0.0,0.0,3.0
ortegol01,2022,1,LAA,AL,1,3,27,0,0,0,1,102,32,14,5.0,18,33,0.25,3.71,0.0,5.0,1.0,0.0,148.0,7.0,18,1.0,0.0,4.0
ortegol01,2023,1,MIN,AL,0,1,10,0,0,0,0,44,11,7,2.0,7,14,0.204,4.3,0.0,1.0,1.0,0.0,63.0,1.0,7,0.0,1.0,0.0
ortizlu02,2022,1,SFN,NL,0,0,6,0,0,0,0,26,5,1,0.0,3,6,0.167,1.04,0.0,0.0,0.0,0.0,33.0,4.0,1,0.0,0.0,1.0
ortizlu02,2023,1,PHI,NL,0,0,14,0,0,0,1,57,23,7,1.0,5,16,0.311,3.32,0.0,0.0,0.0,0.0,80.0,10.0,7,1.0,0.0,3.0
ortizlu02,2024,1,PHI,NL,0,0,1,0,0,0,0,2,3,2,0.0,0,0,0.75,27.0,0.0,0.0,0.0,0.0,4.0,0.0,2,0.0,0.0,1.0
ortizlu03,2022,1,PIT,NL,0,2,4,4,0,0,0,48,8,8,1.0,10,17,0.136,4.5,0.0,0.0,0.0,0.0,69.0,0.0,9,0.0,0.0,1.0
ortizlu03,2023,1,PIT,NL,5,5,18,15,0,0,0,260,99,46,13.0,48,59,0.288,4.78,0.0,3.0,2.0,0.0,400.0,0.0,50,0.0,6.0,11.0
ortizlu03,2024,1,PIT,NL,7,6,37,15,0,0,1,407,109,50,16.0,42,107,0.218,3.32,3.0,2.0,9.0,1.0,556.0,2.0,56,0.0,5.0,14.0
ortizlu03,2025,1,CLE,AL,4,9,16,16,0,0,0,266,80,43,12.0,42,96,0.237,4.36,0.0,0.0,1.0,0.0,382.0,0.0,44,0.0,2.0,9.0
ortka01,2021,1,BOS,AL,0,0,1,0,0,0,0,1,1,0,0.0,1,0,0.5,0.0,0.0,0.0,0.0,0.0,3.0,0.0,0,0.0,0.0,0.0
ortka01,2022,1,BOS,AL,1,2,25,0,0,0,1,85,35,20,4.0,15,27,0.302,6.35,2.0,1.0,2.0,0.0,134.0,6.0,23,0.0,1.0,2.0
ortka01,2023,1,BOS,AL,1,2,21,2,0,0,0,69,27,16,6.0,9,24,0.29,6.26,1.0,2.0,1.0,0.0,107.0,7.0,19,3.0,1.0,1.0
ortka01,2024,1,HOU,AL,1,1,22,0,0,0,0,74,16,7,7.0,4,26,0.18,2.55,0.0,1.0,0.0,0.0,93.0,6.0,7,0.0,0.0,0.0
ortka01,2025,1,HOU,AL,2,2,49,0,0,0,1,138,35,25,8.0,27,49,0.211,4.89,1.0,2.0,0.0,0.0,194.0,17.0,26,0.0,1.0,6.0
orzeer01,2024,1,NYN,NL,0,1,2,0,0,0,0,5,3,4,1.0,2,1,0.375,21.6,0.0,0.0,1.0,0.0,11.0,0.0,4,0.0,0.0,0.0
orzeer01,2025,1,TBA,AL,1,1,33,0,0,0,3,125,38,14,4.0,19,40,0.244,3.02,1.0,0.0,3.0,0.0,178.0,12.0,16,0.0,0.0,2.0
osichjo01,2020,1,BOS,AL,1,1,13,1,0,0,0,47,16,10,6.0,5,20,0.25,5.74,0.0,0.0,1.0,0.0,70.0,3.0,10,0.0,0.0,0.0
osichjo01,2020,2,CHN,NL,0,0,4,0,0,0,0,8,5,3,0.0,0,4,0.333,10.13,0.0,0.0,1.0,0.0,16.0,0.0,6,0.0,0.0,0.0
osichjo01,2021,1,CIN,NL,2,0,17,0,0,0,1,43,15,8,4.0,5,9,0.273,5.02,0.0,0.0,0.0,0.0,60.0,3.0,9,0.0,0.0,2.0
osunaro01,2020,1,HOU,AL,0,0,4,0,0,0,1,13,3,1,0.0,0,3,0.188,2.08,0.0,0.0,0.0,0.0,16.0,2.0,1,0.0,0.0,0.0
oswalco01,2020,1,NYN,NL,0,0,4,1,0,0,0,39,14,7,3.0,2,11,0.269,4.85,0.0,0.0,1.0,0.0,55.0,2.0,7,0.0,0.0,0.0
oswalco01,2021,1,NYN,NL,1,1,3,1,0,0,0,31,12,4,1.0,2,10,0.3,3.48,0.0,1.0,0.0,0.0,42.0,0.0,4,0.0,0.0,0.0
otanemi01,2024,1,OAK,AL,1,0,36,0,0,0,1,102,27,13,2.0,20,55,0.214,3.44,0.0,6.0,3.0,0.0,151.0,6.0,15,0.0,2.0,1.0
otanemi01,2025,1,ATH,AL,0,0,6,0,0,0,0,16,7,8,2.0,5,6,0.318,13.5,0.0,0.0,1.0,0.0,28.0,1.0,8,0.0,0.0,1.0
ottavad01,2020,1,NYA,AL,2,3,24,0,0,0,0,55,20,12,2.0,9,25,0.27,5.89,0.0,1.0,1.0,0.0,85.0,4.0,12,0.0,1.0,1.0
ottavad01,2021,1,BOS,AL,7,3,69,0,0,0,11,186,55,29,5.0,35,71,0.239,4.21,2.0,4.0,7.0,0.0,276.0,15.0,31,2.0,2.0,4.0
ottavad01,2022,1,NYN,NL,6,3,66,0,0,0,3,197,48,15,6.0,16,79,0.204,2.06,2.0,7.0,5.0,0.0,258.0,19.0,15,0.0,2.0,8.0
ottavad01,2023,1,NYN,NL,1,7,66,0,0,0,12,185,46,22,7.0,29,62,0.208,3.21,3.0,5.0,8.0,3.0,261.0,36.0,24,2.0,1.0,6.0
ottavad01,2024,1,NYN,NL,2,2,60,0,0,0,1,168,49,27,6.0,23,70,0.229,4.34,1.0,5.0,7.0,0.0,245.0,9.0,29,0.0,1.0,2.0
ottavad01,2025,1,NYA,AL,0,0,3,0,0,0,0,5,0,0,0.0,4,3,0.0,0.0,0.0,0.0,0.0,0.0,9.0,0.0,0,0.0,0.0,0.0
ottogl01,2021,1,TEX,AL,0,3,6,6,0,0,0,70,32,24,2.0,8,28,0.32,9.26,0.0,1.0,2.0,0.0,111.0,0.0,24,1.0,0.0,1.0
ottogl01,2022,1,TEX,AL,7,10,27,27,0,0,0,407,119,70,21.0,62,107,0.236,4.64,0.0,5.0,13.0,0.0,587.0,0.0,74,1.0,5.0,12.0
ottogl01,2023,1,TEX,AL,0,0,6,0,0,0,0,32,14,12,6.0,6,11,0.311,10.13,0.0,0.0,0.0,0.0,51.0,2.0,12,0.0,0.0,0.0
overtco01,2021,1,TOR,AL,0,0,4,0,0,0,0,20,4,0,0.0,2,4,0.182,0.0,0.0,1.0,0.0,0.0,24.0,2.0,0,0.0,0.0,0.0
overtco01,2021,2,PIT,NL,0,1,5,3,0,0,0,26,10,8,2.0,3,11,0.294,8.31,0.0,0.0,0.0,0.0,39.0,0.0,8,0.0,2.0,0.0
overtco01,2022,1,CIN,NL,1,0,6,4,0,0,0,99,21,10,1.0,11,14,0.188,2.73,0.0,0.0,0.0,0.0,124.0,1.0,10,0.0,1.0,3.0
overtco01,2023,1,CIN,NL,0,1,3,3,0,0,0,33,19,14,3.0,7,9,0.404,11.45,0.0,0.0,0.0,0.0,55.0,0.0,14,0.0,1.0,1.0
oviedjo01,2020,1,SLN,NL,0,3,5,5,0,0,0,74,24,15,3.0,10,16,0.253,5.47,0.0,4.0,5.0,0.0,112.0,0.0,18,0.0,2.0,3.0
oviedjo01,2021,1,SLN,NL,0,5,14,13,0,0,0,187,61,34,8.0,37,51,0.251,4.91,2.0,2.0,6.0,0.0,288.0,0.0,39,1.0,1.0,5.0
oviedjo01,2022,1,SLN,NL,2,1,14,1,0,0,0,76,26,9,4.0,7,26,0.26,3.2,0.0,1.0,1.0,1.0,108.0,3.0,9,0.0,0.0,2.0
oviedjo01,2022,2,PIT,NL,2,2,7,7,0,0,0,92,23,11,1.0,16,28,0.198,3.23,0.0,1.0,2.0,0.0,134.0,0.0,12,0.0,0.0,1.0
oviedjo01,2023,1,PIT,NL,9,14,32,32,1,1,0,533,161,85,19.0,83,158,0.237,4.31,1.0,7.0,13.0,3.0,781.0,0.0,91,1.0,4.0,12.0
oviedjo01,2025,1,PIT,NL,2,1,9,9,0,0,0,121,26,16,6.0,23,42,0.182,3.57,0.0,1.0,3.0,1.0,170.0,0.0,17,0.0,1.0,3.0
oviedlu01,2021,1,PIT,NL,1,2,22,1,0,0,0,89,33,29,4.0,26,31,0.282,8.8,1.0,2.0,2.0,0.0,147.0,12.0,32,0.0,2.0,4.0
owensty01,2025,1,DET,AL,0,0,3,0,0,0,0,9,3,1,0.0,3,1,0.25,3.0,0.0,0.0,0.0,0.0,15.0,2.0,1,0.0,0.0,0.0
owingch01,2022,1,BAL,AL,0,0,1,0,0,0,0,3,2,1,0.0,0,0,0.4,9.0,0.0,0.0,0.0,0.0,5.0,1.0,1,0.0,0.0,0.0
owingch01,2023,1,PIT,NL,0,0,1,0,0,0,0,3,2,0,0.0,0,0,0.333,0.0,0.0,0.0,0.0,0.0,6.0,1.0,0,0.0,0.0,0.0
paddach01,2020,1,SDN,NL,4,5,12,12,0,0,0,177,60,31,14.0,12,58,0.262,4.73,0.0,0.0,2.0,0.0,245.0,0.0,33,0.0,2.0,6.0
paddach01,2021,1,SDN,NL,7,7,23,22,0,0,0,325,115,61,15.0,22,99,0.269,5.07,1.0,2.0,1.0,0.0,459.0,0.0,67,7.0,2.0,7.0
paddach01,2022,1,MIN,AL,1,2,5,5,0,0,0,67,25,10,0.0,2,20,0.284,4.03,0.0,1.0,1.0,0.0,93.0,0.0,10,0.0,2.0,3.0
paddach01,2023,1,MIN,AL,1,0,3,0,0,0,0,15,6,3,1.0,1,8,0.286,5.4,0.0,1.0,0.0,0.0,22.0,0.0,3,0.0,0.0,0.0
paddach01,2024,1,MIN,AL,5,3,17,17,0,0,0,265,102,49,14.0,21,79,0.283,4.99,0.0,3.0,1.0,0.0,384.0,0.0,50,0.0,2.0,5.0
paddach01,2025,1,MIN,AL,3,9,21,21,0,0,0,333,115,61,17.0,27,83,0.266,4.95,0.0,3.0,3.0,0.0,472.0,0.0,65,2.0,8.0,8.0
paddach01,2025,2,DET,AL,2,3,12,7,0,0,1,141,51,33,14.0,10,29,0.273,6.32,0.0,2.0,0.0,0.0,198.0,3.0,33,0.0,1.0,2.0
padilni01,2022,1,CHN,NL,0,0,1,0,0,0,0,5,2,1,0.0,2,1,0.286,5.4,0.0,1.0,0.0,0.0,9.0,0.0,1,0.0,0.0,0.0
padilni01,2023,1,CHA,AL,0,1,3,0,0,0,0,14,9,3,1.0,1,6,0.409,5.79,0.0,0.0,0.0,0.0,23.0,0.0,3,0.0,0.0,0.0
paganem01,2020,1,SDN,NL,0,1,22,0,0,0,2,66,14,11,4.0,9,23,0.182,4.5,0.0,0.0,0.0,0.0,87.0,5.0,11,0.0,1.0,2.0
paganem01,2021,1,SDN,NL,4,3,67,0,0,0,0,190,56,34,16.0,18,69,0.231,4.83,0.0,0.0,2.0,0.0,263.0,10.0,35,0.0,1.0,2.0
paganem01,2022,1,MIN,AL,4,6,59,0,0,0,9,189,60,31,12.0,26,84,0.245,4.43,2.0,3.0,1.0,0.0,274.0,27.0,36,1.0,1.0,2.0
paganem01,2023,1,MIN,AL,5,2,66,1,0,0,1,208,45,23,5.0,21,65,0.181,2.99,2.0,2.0,1.0,0.0,273.0,15.0,26,1.0,2.0,2.0
paganem01,2024,1,CIN,NL,4,5,38,1,0,0,1,114,40,19,6.0,11,44,0.278,4.5,0.0,0.0,0.0,1.0,158.0,5.0,20,0.0,3.0,4.0
paganem01,2025,1,CIN,NL,2,4,70,0,0,0,32,206,41,22,10.0,22,81,0.168,2.88,0.0,1.0,2.0,1.0,270.0,56.0,26,0.0,2.0,0.0
palacje01,2022,1,MIN,AL,0,0,2,0,0,0,0,2,1,0,0.0,0,1,0.333,0.0,0.0,0.0,0.0,0.0,3.0,2.0,0,0.0,0.0,0.0
palenda01,2023,1,CHN,NL,5,3,27,0,0,0,0,85,22,14,3.0,14,33,0.216,4.45,0.0,5.0,2.0,0.0,119.0,7.0,16,1.0,0.0,0.0
palenda01,2024,1,CHN,NL,0,1,10,0,0,0,1,44,14,10,0.0,12,16,0.25,6.14,0.0,0.0,1.0,0.0,69.0,3.0,11,0.0,0.0,1.0
palenda01,2025,1,CHN,NL,1,6,54,0,0,0,22,158,44,17,5.0,16,61,0.224,2.91,1.0,2.0,2.0,0.0,215.0,38.0,19,0.0,1.0,6.0
palisja01,2025,1,CHA,AL,0,0,1,0,0,0,0,3,3,2,0.0,0,0,0.5,18.0,0.0,0.0,0.0,0.0,6.0,1.0,2,0.0,0.0,0.0
pallaan01,2022,1,SLN,NL,6,5,47,10,0,0,0,324,113,38,9.0,40,73,0.274,3.17,2.0,4.0,1.0,0.0,457.0,4.0,39,2.0,1.0,17.0
pallaan01,2023,1,SLN,NL,4,1,62,0,0,0,0,204,76,36,6.0,30,43,0.286,4.76,0.0,6.0,3.0,1.0,302.0,9.0,37,1.0,2.0,8.0
pallaan01,2024,1,SLN,NL,8,8,29,20,0,0,0,364,110,51,8.0,48,94,0.24,3.78,0.0,12.0,2.0,2.0,509.0,1.0,55,1.0,0.0,12.0
pallaan01,2025,1,SLN,NL,6,15,31,31,0,0,0,488,173,96,21.0,62,111,0.27,5.31,0.0,12.0,5.0,2.0,715.0,0.0,109,2.0,5.0,12.0
palmqca01,2025,1,COL,NL,0,4,9,7,0,0,0,103,45,34,10.0,25,27,0.321,8.91,0.0,1.0,3.0,0.0,175.0,0.0,35,1.0,6.0,0.0
palumjo01,2020,1,TEX,AL,0,1,2,0,0,0,0,7,3,3,1.0,3,5,0.273,11.57,0.0,0.0,0.0,0.0,14.0,0.0,3,0.0,0.0,0.0
pannoth01,2023,1,MIL,NL,0,0,1,0,0,0,0,8,5,2,0.0,1,4,0.385,6.75,0.0,2.0,0.0,0.0,14.0,0.0,2,0.0,0.0,0.0
pareden01,2020,1,HOU,AL,3,3,22,0,0,0,0,62,18,7,1.0,11,20,0.237,3.05,0.0,0.0,1.0,0.0,90.0,4.0,9,1.0,1.0,4.0
pareden01,2021,1,HOU,AL,0,0,12,0,0,0,0,26,7,6,0.0,17,15,0.212,6.23,0.0,1.0,2.0,0.0,53.0,1.0,10,0.0,1.0,0.0
pareden01,2022,1,HOU,AL,0,0,3,0,0,0,0,9,3,1,0.0,3,2,0.273,3.0,0.0,0.0,0.0,0.0,14.0,3.0,1,0.0,0.0,1.0
pareden01,2024,1,MIL,NL,1,0,17,0,0,0,1,62,13,4,0.0,10,14,0.181,1.74,0.0,2.0,2.0,0.0,84.0,8.0,4,0.0,0.0,1.0
pareden01,2024,2,CHN,NL,0,0,1,0,0,0,0,3,0,0,0.0,0,2,0.0,0.0,0.0,0.0,0.0,0.0,3.0,1.0,0,0.0,0.0,0.0
parkebl01,2020,1,PHI,NL,3,0,14,1,0,0,0,48,12,5,2.0,9,25,0.203,2.81,2.0,0.0,0.0,0.0,69.0,4.0,7,0.0,1.0,0.0
parkebl01,2021,1,CLE,AL,2,1,47,0,0,0,0,131,43,15,5.0,14,37,0.257,3.09,0.0,1.0,2.0,0.0,185.0,13.0,15,0.0,2.0,5.0
parkemi01,2024,1,WAS,NL,7,10,29,29,0,0,0,453,154,72,18.0,43,133,0.259,4.29,0.0,7.0,2.0,0.0,646.0,0.0,82,1.0,5.0,9.0
parkemi01,2025,1,WAS,NL,9,16,33,30,0,0,1,494,178,104,25.0,58,103,0.273,5.68,0.0,3.0,4.0,0.0,725.0,2.0,116,1.0,9.0,13.0
parsowe01,2023,1,TOR,AL,0,1,1,1,0,0,0,12,10,9,2.0,3,3,0.455,20.25,0.0,2.0,1.0,0.0,26.0,0.0,9,0.0,0.0,0.0
parsowe01,2024,1,TOR,AL,0,0,2,0,0,0,0,15,6,6,2.0,2,2,0.286,10.8,0.0,0.0,0.0,1.0,23.0,2.0,6,0.0,0.0,1.0
parsowe01,2024,2,CLE,AL,0,0,2,0,0,0,0,12,4,0,0.0,0,5,0.267,0.0,0.0,0.0,0.0,0.0,15.0,1.0,0,0.0,0.0,0.0
patinlu01,2020,1,SDN,NL,1,0,11,1,0,0,0,52,18,10,3.0,14,21,0.257,5.19,0.0,1.0,1.0,0.0,85.0,1.0,10,0.0,0.0,0.0
patinlu01,2021,1,TBA,AL,5,3,19,15,0,0,0,232,69,37,12.0,29,74,0.232,4.31,2.0,7.0,3.0,1.0,333.0,0.0,40,0.0,3.0,4.0
patinlu01,2022,1,TBA,AL,1,2,6,6,0,0,0,60,26,18,6.0,13,11,0.313,8.1,1.0,0.0,1.0,0.0,98.0,0.0,18,0.0,1.0,0.0
patinlu01,2023,1,TBA,AL,0,0,2,0,0,0,0,12,5,4,2.0,2,5,0.294,9.0,0.0,0.0,0.0,0.0,19.0,1.0,4,0.0,0.0,0.0
patinlu01,2023,2,CHA,AL,0,1,7,1,0,0,0,53,16,7,1.0,12,13,0.235,3.57,0.0,2.0,0.0,0.0,80.0,1.0,8,0.0,0.0,1.0
patrich01,2025,1,MIL,NL,3,8,27,23,0,0,0,359,113,47,13.0,40,127,0.248,3.53,1.0,1.0,4.0,0.0,503.0,0.0,49,2.0,2.0,6.0
pattosp01,2021,1,TEX,AL,2,2,42,0,0,0,2,127,36,18,4.0,15,48,0.229,3.83,0.0,1.0,0.0,0.0,172.0,13.0,20,0.0,0.0,3.0
pattosp01,2022,1,TEX,AL,0,0,7,0,0,0,0,21,4,3,1.0,3,5,0.174,3.86,0.0,1.0,2.0,0.0,29.0,1.0,3,0.0,1.0,0.0
pattosp01,2023,1,OAK,AL,0,0,12,0,0,0,0,37,13,7,3.0,6,7,0.277,5.11,1.0,0.0,0.0,0.0,55.0,5.0,7,0.0,2.0,0.0
paulida01,2021,1,PHI,NL,0,0,1,0,0,0,0,6,3,2,1.0,0,0,0.333,9.0,0.0,0.0,0.0,0.0,9.0,1.0,2,0.0,0.0,0.0
paxtoja01,2020,1,NYA,AL,1,1,5,5,0,0,0,61,23,15,4.0,7,26,0.284,6.64,0.0,2.0,1.0,0.0,90.0,0.0,17,0.0,1.0,1.0
paxtoja01,2021,1,SEA,AL,0,0,1,1,0,0,0,4,0,1,0.0,1,2,0.0,6.75,0.0,1.0,0.0,0.0,5.0,0.0,1,0.0,0.0,0.0
paxtoja01,2023,1,BOS,AL,7,5,19,19,0,0,0,288,93,48,18.0,33,101,0.25,4.5,0.0,5.0,2.0,0.0,411.0,0.0,51,0.0,2.0,6.0
paxtoja01,2024,1,LAN,NL,8,2,18,18,0,0,0,268,82,44,11.0,48,64,0.246,4.43,0.0,4.0,1.0,0.0,390.0,0.0,45,2.0,5.0,7.0
paxtoja01,2024,2,BOS,AL,1,1,3,3,0,0,0,33,13,5,1.0,2,9,0.289,4.09,0.0,0.0,0.0,0.0,47.0,0.0,8,0.0,0.0,2.0
payamjo01,2020,1,ARI,NL,0,0,2,0,0,0,0,9,2,1,0.0,3,2,0.2,3.0,0.0,0.0,0.0,0.0,13.0,1.0,2,0.0,0.0,1.0
payamjo01,2021,1,TOR,AL,0,2,22,0,0,0,0,90,21,9,3.0,11,22,0.196,2.7,2.0,0.0,1.0,0.0,119.0,8.0,10,0.0,0.0,4.0
payamjo01,2021,2,KCA,AL,1,1,15,1,0,0,0,61,23,10,3.0,3,16,0.277,4.43,0.0,1.0,0.0,0.0,86.0,1.0,12,0.0,0.0,0.0
payamjo01,2022,1,KCA,AL,2,3,29,0,0,0,0,128,46,15,5.0,16,33,0.274,3.16,2.0,2.0,2.0,0.0,188.0,14.0,19,1.0,1.0,5.0
payamjo01,2022,2,OAK,AL,1,3,12,0,0,0,0,39,14,5,2.0,0,8,0.269,3.46,0.0,1.0,0.0,0.0,53.0,2.0,5,0.0,1.0,1.0
payamjo01,2023,1,MIL,NL,7,5,69,0,0,0,3,212,57,20,8.0,17,77,0.219,2.55,1.0,2.0,5.0,2.0,287.0,10.0,24,2.0,2.0,4.0
payamjo01,2024,1,MIL,NL,3,7,68,0,0,0,6,177,39,20,7.0,18,59,0.184,3.05,4.0,0.0,2.0,0.0,235.0,18.0,23,2.0,1.0,1.0
payamjo01,2025,1,MIL,NL,0,1,28,0,0,0,1,71,29,19,3.0,9,22,0.309,7.23,1.0,0.0,2.0,0.0,108.0,11.0,19,0.0,3.0,2.0
payamjo01,2025,2,ATL,NL,0,0,2,0,0,0,0,8,2,1,1.0,0,2,0.222,3.38,0.0,0.0,0.0,0.0,9.0,0.0,1,0.0,0.0,1.0
pazosja01,2020,1,COL,NL,0,0,6,0,0,0,0,16,10,10,3.0,5,1,0.435,16.88,0.0,0.0,0.0,0.0,29.0,3.0,10,0.0,1.0,1.0
peacobr01,2020,1,HOU,AL,0,0,3,0,0,0,0,7,3,2,0.0,1,3,0.3,7.71,0.0,0.0,1.0,0.0,12.0,0.0,2,0.0,0.0,0.0
peacobr01,2021,1,BOS,AL,0,1,2,1,0,0,0,16,6,9,2.0,3,3,0.273,15.19,0.0,0.0,1.0,0.0,26.0,1.0,9,0.0,0.0,0.0
peacoma01,2021,1,ARI,NL,5,7,35,8,0,0,0,259,107,47,13.0,28,50,0.304,4.9,5.0,2.0,1.0,1.0,386.0,12.0,55,2.0,3.0,7.0
peacoma01,2022,1,ARI,NL,0,0,2,0,0,0,0,8,3,2,1.0,2,2,0.273,6.75,0.0,0.0,0.0,0.0,13.0,2.0,2,0.0,0.0,0.0
peacoma01,2022,2,KCA,AL,0,0,7,0,0,0,0,22,9,4,0.0,2,4,0.29,4.91,0.0,1.0,0.0,0.0,33.0,5.0,4,0.0,0.0,0.0
pearsna01,2020,1,TOR,AL,1,0,5,4,0,0,0,54,14,12,5.0,13,16,0.209,6.0,0.0,1.0,0.0,0.0,81.0,0.0,15,0.0,1.0,0.0
pearsna01,2021,1,TOR,AL,1,1,12,1,0,0,0,45,14,7,2.0,12,20,0.237,4.2,1.0,5.0,0.0,0.0,71.0,4.0,8,0.0,0.0,1.0
pearsna01,2023,1,TOR,AL,5,2,35,0,0,0,1,128,36,23,7.0,18,43,0.226,4.85,2.0,5.0,3.0,0.0,182.0,8.0,25,0.0,2.0,2.0
pearsna01,2024,1,TOR,AL,0,1,41,0,0,0,2,120,45,25,8.0,17,51,0.285,5.63,0.0,2.0,2.0,0.0,182.0,12.0,26,0.0,5.0,2.0
pearsna01,2024,2,CHN,NL,2,1,19,1,0,0,0,79,22,8,4.0,4,23,0.227,2.73,0.0,0.0,1.0,0.0,103.0,5.0,8,0.0,1.0,2.0
pearsna01,2025,1,CHN,NL,0,1,11,0,0,0,0,44,22,15,2.0,10,7,0.361,9.2,1.0,1.0,1.0,0.0,75.0,4.0,15,0.0,3.0,1.0
pegueel01,2021,1,LAA,AL,0,1,3,0,0,0,0,7,7,7,0.0,3,0,0.538,27.0,0.0,0.0,1.0,0.0,17.0,0.0,7,0.0,0.0,1.0
pegueel01,2022,1,LAA,AL,0,0,13,0,0,0,0,52,23,13,4.0,5,12,0.319,6.75,0.0,3.0,0.0,1.0,77.0,6.0,16,0.0,0.0,4.0
pegueel01,2023,1,MIL,NL,4,5,59,0,0,0,1,184,49,23,4.0,26,54,0.222,3.38,1.0,1.0,4.0,0.0,252.0,7.0,25,0.0,1.0,9.0
pegueel01,2024,1,MIL,NL,7,4,52,0,0,0,2,154,52,17,4.0,27,47,0.264,2.98,3.0,6.0,2.0,1.0,227.0,8.0,22,0.0,1.0,10.0
pegueel01,2025,1,MIL,NL,0,0,6,0,0,0,0,22,8,4,1.0,4,5,0.258,4.91,0.0,1.0,1.0,0.0,36.0,2.0,6,0.0,0.0,0.0
pegueel01,2025,2,CHA,AL,0,0,2,1,0,0,0,6,4,3,0.0,2,3,0.444,13.5,0.0,0.0,0.0,0.0,11.0,0.0,3,0.0,0.0,0.0
peguejo01,2025,1,SFN,NL,3,1,17,0,0,0,0,67,15,6,2.0,8,17,0.197,2.42,1.0,0.0,0.0,1.0,86.0,4.0,7,1.0,1.0,2.0
penafe01,2020,1,LAA,AL,3,0,25,0,0,0,2,80,27,12,2.0,8,29,0.255,4.05,0.0,3.0,1.0,0.0,115.0,5.0,12,0.0,0.0,0.0
penafe01,2021,1,LAA,AL,0,0,2,0,0,0,0,5,7,7,0.0,4,2,0.583,37.8,0.0,1.0,0.0,0.0,16.0,0.0,7,0.0,0.0,0.0
penniwa01,2024,1,KCA,AL,0,0,1,0,0,0,0,2,0,0,0.0,0,1,0.0,0.0,0.0,0.0,0.0,0.0,2.0,1.0,0,0.0,0.0,0.0
penniwa01,2024,2,TEX,AL,1,0,15,1,0,0,0,52,19,6,1.0,11,16,0.275,3.12,0.0,1.0,2.0,0.0,82.0,2.0,7,0.0,0.0,1.0
penroza01,2024,1,BOS,AL,0,0,7,0,0,0,0,12,3,1,0.0,4,3,0.2,2.25,0.0,1.0,1.0,0.0,20.0,0.0,2,0.0,0.0,0.0
pepiory01,2022,1,LAN,NL,3,0,9,7,0,0,0,109,26,14,6.0,27,42,0.2,3.47,0.0,1.0,3.0,0.0,160.0,0.0,15,0.0,0.0,4.0
pepiory01,2023,1,LAN,NL,2,1,8,3,0,0,0,126,27,10,7.0,5,38,0.179,2.14,0.0,0.0,3.0,0.0,159.0,0.0,10,0.0,0.0,1.0
pepiory01,2024,1,TBA,AL,8,8,26,26,0,0,0,390,102,52,17.0,48,142,0.212,3.6,0.0,4.0,7.0,0.0,539.0,0.0,58,0.0,2.0,6.0
pepiory01,2025,1,TBA,AL,11,12,31,31,0,0,0,503,134,72,26.0,61,167,0.221,3.86,0.0,5.0,6.0,0.0,679.0,0.0,77,2.0,3.0,13.0
peralda01,2021,1,ARI,NL,0,0,1,0,0,0,0,3,4,3,1.0,0,1,0.5,27.0,0.0,0.0,1.0,0.0,9.0,1.0,3,0.0,0.0,0.0
peralfr01,2020,1,MIL,NL,3,1,15,1,0,0,0,88,22,13,2.0,12,47,0.204,3.99,0.0,2.0,3.0,1.0,125.0,2.0,14,1.0,1.0,0.0
peralfr01,2021,1,MIL,NL,10,5,28,27,1,0,0,433,84,45,14.0,56,195,0.165,2.81,1.0,4.0,11.0,0.0,580.0,0.0,47,2.0,1.0,4.0
peralfr01,2022,1,MIL,NL,4,4,18,17,0,0,0,234,54,31,6.0,27,86,0.19,3.58,0.0,1.0,3.0,0.0,317.0,0.0,31,1.0,2.0,1.0
peralfr01,2023,1,MIL,NL,12,10,30,30,0,0,0,497,131,71,26.0,54,210,0.212,3.86,0.0,6.0,6.0,1.0,680.0,0.0,77,1.0,1.0,7.0
peralfr01,2024,1,MIL,NL,11,9,32,32,0,0,0,521,143,71,26.0,68,200,0.224,3.68,0.0,8.0,10.0,1.0,725.0,0.0,74,4.0,4.0,8.0
peralfr01,2025,1,MIL,NL,17,6,33,33,0,0,0,530,124,53,21.0,66,204,0.193,2.7,0.0,4.0,9.0,2.0,723.0,0.0,54,3.0,1.0,8.0
perallu01,2024,1,COL,NL,0,0,15,0,0,0,0,37,7,1,0.0,5,14,0.175,0.73,0.0,2.0,2.0,0.0,49.0,1.0,1,1.0,1.0,2.0
perallu01,2025,1,COL,NL,1,3,22,0,0,0,0,57,26,20,6.0,18,16,0.325,9.47,0.0,1.0,2.0,1.0,101.0,2.0,22,0.0,1.0,2.0
peralsa01,2023,1,CHA,AL,2,0,16,0,0,0,0,60,19,9,2.0,11,18,0.241,4.05,0.0,0.0,0.0,0.0,90.0,7.0,11,0.0,0.0,1.0
peralsa01,2024,1,CHA,AL,0,0,9,0,0,0,0,45,21,8,2.0,7,11,0.323,4.8,0.0,0.0,0.0,1.0,72.0,4.0,9,0.0,0.0,1.0
peralsa01,2025,1,LAA,AL,0,1,5,0,0,0,0,32,14,9,0.0,6,8,0.318,7.59,3.0,0.0,0.0,0.0,52.0,5.0,12,0.0,2.0,0.0
peralwa01,2020,1,SFN,NL,1,1,25,0,0,0,0,82,22,10,3.0,11,25,0.22,3.29,0.0,0.0,2.0,1.0,114.0,9.0,13,0.0,1.0,2.0
peralwa01,2021,1,SFN,NL,2,1,10,0,0,0,2,25,11,5,1.0,3,8,0.333,5.4,0.0,1.0,0.0,1.0,37.0,6.0,5,0.0,1.0,2.0
peralwa01,2021,2,NYA,AL,3,3,46,1,0,0,3,128,38,14,5.0,18,35,0.235,2.95,1.0,3.0,1.0,0.0,182.0,8.0,19,0.0,1.0,4.0
peralwa01,2022,1,NYA,AL,3,4,56,0,0,0,4,169,42,17,2.0,17,47,0.208,2.72,1.0,2.0,1.0,1.0,223.0,18.0,19,2.0,1.0,8.0
peralwa01,2023,1,NYA,AL,4,2,63,0,0,0,4,162,36,17,7.0,30,51,0.19,2.83,0.0,1.0,6.0,3.0,227.0,11.0,19,1.0,1.0,4.0
peralwa01,2024,1,SDN,NL,3,2,46,0,0,0,0,115,33,17,6.0,13,22,0.231,3.99,0.0,2.0,5.0,0.0,162.0,10.0,19,0.0,1.0,6.0
peralwa01,2025,1,SDN,NL,6,1,71,1,0,0,0,215,66,25,5.0,30,63,0.238,3.14,3.0,1.0,2.0,1.0,313.0,17.0,29,2.0,2.0,4.0
peralwi01,2021,1,DET,AL,4,5,19,18,0,0,0,281,87,32,12.0,38,58,0.247,3.07,0.0,1.0,4.0,0.0,402.0,0.0,41,2.0,5.0,10.0
peralwi01,2022,1,DET,AL,2,0,28,1,0,0,0,115,34,11,2.0,24,32,0.241,2.58,0.0,1.0,1.0,0.0,168.0,6.0,12,0.0,2.0,7.0
perazjo01,2020,1,BOS,AL,0,0,1,0,0,0,0,1,2,1,0.0,0,0,0.667,27.0,0.0,0.0,0.0,0.0,3.0,0.0,1,0.0,0.0,0.0
perazos02,2025,2,LAA,AL,0,0,2,0,0,0,0,7,9,8,1.0,0,0,0.6,30.86,0.0,0.0,1.0,0.0,16.0,1.0,8,0.0,0.0,1.0
perdoan01,2020,1,MIL,NL,0,0,3,0,0,0,0,8,3,6,0.0,7,5,0.273,20.25,1.0,0.0,1.0,1.0,19.0,1.0,7,0.0,0.0,1.0
perdoan01,2021,1,MIL,NL,1,0,19,0,0,0,0,51,12,12,4.0,16,28,0.2,6.35,2.0,1.0,2.0,1.0,79.0,8.0,12,0.0,1.0,0.0
perdoan01,2023,1,PIT,NL,3,2,30,0,0,0,0,87,21,12,3.0,11,44,0.208,3.72,3.0,0.0,3.0,0.0,117.0,8.0,14,2.0,0.0,2.0
perdoan01,2025,1,ATH,AL,0,0,4,0,0,0,0,10,2,2,0.0,3,2,0.167,5.4,0.0,0.0,1.0,0.0,16.0,0.0,2,0.0,0.0,0.0
perdolu02,2020,1,SDN,NL,0,0,10,1,0,0,0,52,13,11,3.0,10,16,0.203,5.71,0.0,0.0,0.0,0.0,74.0,3.0,12,0.0,0.0,1.0
perdolu02,2022,1,MIL,NL,3,0,14,0,0,0,0,71,24,10,4.0,3,12,0.261,3.8,0.0,0.0,1.0,0.0,96.0,3.0,10,0.0,0.0,5.0
peredjh01,2024,1,MIA,NL,0,0,1,0,0,0,0,1,0,0,0.0,0,0,0.0,0.0,0.0,0.0,0.0,0.0,1.0,1.0,0,0.0,0.0,0.0
peredjh01,2025,1,ATH,AL,0,0,3,0,0,0,0,9,9,7,1.0,2,3,0.529,21.0,0.0,0.0,0.0,0.0,20.0,3.0,7,0.0,1.0,0.0
perezca02,2023,1,OAK,AL,0,0,2,0,0,0,0,5,4,2,1.0,2,0,0.5,10.8,0.0,0.0,0.0,0.0,10.0,2.0,2,0.0,0.0,1.0
perezci01,2020,1,HOU,AL,0,0,7,0,0,0,0,19,7,2,0.0,6,8,0.269,2.84,1.0,0.0,0.0,0.0,32.0,1.0,2,0.0,0.0,0.0
perezci01,2021,1,CIN,NL,1,2,25,0,0,0,0,72,21,17,5.0,20,25,0.233,6.38,1.0,1.0,0.0,0.0,111.0,5.0,21,0.0,1.0,2.0
perezci01,2022,1,BAL,AL,7,1,66,0,0,0,1,173,46,9,2.0,21,55,0.22,1.4,1.0,4.0,1.0,0.0,234.0,8.0,11,0.0,3.0,8.0
perezci01,2023,1,BAL,AL,4,2,65,0,0,0,3,160,56,21,2.0,27,44,0.264,3.54,3.0,0.0,4.0,1.0,247.0,13.0,30,3.0,1.0,5.0
perezci01,2024,1,BAL,AL,2,0,62,0,0,0,2,161,47,27,0.0,28,46,0.232,4.53,0.0,6.0,5.0,0.0,238.0,9.0,29,1.0,1.0,3.0
perezci01,2025,1,BAL,AL,0,0,19,0,0,0,0,65,28,20,3.0,18,21,0.322,8.31,1.0,1.0,2.0,1.0,110.0,6.0,22,2.0,1.0,5.0
perezeu02,2023,1,MIA,NL,5,6,19,19,0,0,0,274,72,32,15.0,31,108,0.214,3.15,0.0,6.0,2.0,1.0,374.0,0.0,35,2.0,2.0,5.0
perezeu02,2025,1,MIA,NL,7,6,20,20,0,0,0,286,68,45,12.0,32,105,0.195,4.25,0.0,9.0,3.0,2.0,385.0,0.0,47,0.0,1.0,2.0
perezfr01,2021,1,CLE,AL,0,0,4,0,0,0,0,20,6,3,0.0,3,5,0.25,4.05,0.0,0.0,0.0,0.0,28.0,1.0,3,0.0,1.0,0.0
perezfr01,2022,1,WAS,NL,0,0,10,0,0,0,0,26,13,7,2.0,9,7,0.333,7.27,0.0,1.0,0.0,0.0,48.0,4.0,7,0.0,0.0,0.0
perezfr01,2023,1,OAK,AL,1,2,17,1,0,0,0,50,17,11,0.0,8,14,0.266,5.94,1.0,1.0,1.0,0.0,74.0,8.0,12,0.0,1.0,1.0
perezhe01,2021,1,WAS,NL,0,0,2,0,0,0,0,6,1,0,0.0,0,2,0.143,0.0,0.0,0.0,0.0,0.0,7.0,2.0,0,0.0,0.0,0.0
perezhe02,2020,1,TOR,AL,0,0,1,0,0,0,0,5,3,2,1.0,3,1,0.429,10.8,0.0,0.0,0.0,0.0,10.0,0.0,2,0.0,0.0,1.0
perezhe02,2023,1,TBA,AL,0,0,1,0,0,0,0,1,3,1,0.0,1,0,0.75,27.0,0.0,0.0,0.0,0.0,5.0,0.0,1,0.0,0.0,0.0
perezma02,2020,1,BOS,AL,3,5,12,12,0,0,0,186,55,31,8.0,28,46,0.24,4.5,0.0,2.0,3.0,0.0,262.0,0.0,33,1.0,1.0,10.0
perezma02,2021,1,BOS,AL,7,8,36,22,0,0,0,342,136,60,19.0,36,97,0.296,4.74,2.0,2.0,9.0,1.0,509.0,6.0,71,1.0,4.0,11.0
perezma02,2022,1,TEX,AL,12,8,32,32,1,1,0,589,178,63,11.0,69,169,0.241,2.89,0.0,6.0,6.0,2.0,821.0,0.0,70,4.0,3.0,20.0
perezma02,2023,1,TEX,AL,10,4,35,20,0,0,0,425,150,70,21.0,49,93,0.274,4.45,1.0,2.0,4.0,3.0,608.0,3.0,74,3.0,5.0,18.0
perezma02,2024,1,PIT,NL,2,5,16,16,0,0,0,249,105,48,13.0,32,63,0.312,5.2,0.0,2.0,3.0,1.0,373.0,0.0,51,1.0,0.0,14.0
perezma02,2024,2,SDN,NL,3,1,10,10,0,0,0,156,46,20,9.0,17,44,0.235,3.46,0.0,0.0,2.0,0.0,217.0,0.0,20,1.0,1.0,4.0
perezma02,2025,1,CHA,AL,1,6,11,10,0,0,0,168,40,22,6.0,22,44,0.198,3.54,0.0,0.0,2.0,0.0,228.0,0.0,23,0.0,2.0,6.0
perezol01,2020,1,CLE,AL,1,1,21,0,0,0,1,54,13,4,0.0,6,14,0.21,2.0,3.0,0.0,3.0,0.0,72.0,2.0,5,0.0,1.0,3.0
perezol01,2021,1,CLE,AL,0,1,5,0,0,0,0,11,5,0,0.0,1,4,0.294,0.0,1.0,0.0,0.0,0.0,18.0,3.0,1,0.0,0.0,0.0
perezol01,2022,1,ARI,NL,1,1,7,0,0,0,0,12,8,7,1.0,1,1,0.444,15.75,0.0,0.0,1.0,0.0,24.0,1.0,9,0.0,3.0,0.0
perkija01,2025,1,ATH,AL,3,2,12,4,0,0,3,116,27,18,4.0,18,37,0.193,4.19,0.0,3.0,2.0,0.0,161.0,5.0,18,0.0,1.0,3.0
peterda01,2020,1,NYN,NL,6,2,10,9,0,0,0,149,36,19,5.0,24,40,0.202,3.44,0.0,1.0,3.0,0.0,205.0,0.0,20,0.0,0.0,6.0
peterda01,2021,1,NYN,NL,2,6,15,15,0,0,0,200,64,41,11.0,29,69,0.255,5.54,0.0,6.0,5.0,0.0,287.0,0.0,44,2.0,0.0,9.0
peterda01,2022,1,NYN,NL,7,5,28,19,0,0,0,317,93,45,11.0,48,126,0.236,3.83,1.0,3.0,7.0,0.0,454.0,0.0,50,2.0,3.0,10.0
peterda01,2023,1,NYN,NL,3,8,27,21,1,0,0,333,124,62,16.0,50,128,0.287,5.03,0.0,6.0,6.0,0.0,492.0,0.0,64,1.0,3.0,14.0
peterda01,2024,1,NYN,NL,10,3,21,21,0,0,0,363,110,39,8.0,46,101,0.243,2.9,0.0,4.0,7.0,1.0,510.0,0.0,44,1.0,3.0,11.0
peterda01,2025,1,NYN,NL,9,6,30,30,1,1,0,506,166,79,11.0,65,150,0.258,4.22,1.0,3.0,7.0,1.0,723.0,0.0,84,4.0,3.0,20.0
peterdi01,2020,1,LAA,AL,0,0,1,1,0,0,0,5,3,3,2.0,0,2,0.333,16.2,0.0,0.0,0.0,0.0,9.0,0.0,4,0.0,0.0,0.0
peterdi01,2021,1,PIT,NL,1,2,6,6,0,0,0,80,26,11,2.0,10,23,0.245,3.71,0.0,0.0,1.0,0.0,117.0,0.0,12,0.0,0.0,1.0
peterdi01,2022,1,PIT,NL,5,2,22,4,0,0,0,118,35,20,5.0,17,26,0.241,4.58,0.0,1.0,0.0,0.0,165.0,2.0,20,1.0,2.0,2.0
peterja01,2021,1,MIL,NL,0,0,2,0,0,0,0,6,4,2,0.0,1,2,0.4,9.0,0.0,0.0,0.0,0.0,11.0,2.0,2,0.0,0.0,0.0
peterja01,2022,1,MIL,NL,0,0,1,0,0,0,0,3,0,0,0.0,0,0,0.0,0.0,0.0,0.0,0.0,0.0,3.0,1.0,0,0.0,0.0,0.0
peterja01,2023,1,OAK,AL,0,0,2,0,0,0,0,6,3,2,1.0,3,1,0.333,9.0,0.0,0.0,0.0,0.0,12.0,2.0,2,0.0,0.0,0.0
petermi01,2024,1,LAN,NL,3,0,11,0,0,0,0,42,14,10,3.0,8,11,0.259,6.43,0.0,0.0,1.0,1.0,64.0,3.0,10,0.0,1.0,0.0
petermi01,2024,2,MIA,NL,0,1,5,0,0,0,0,17,7,3,0.0,3,3,0.318,4.76,1.0,0.0,0.0,0.0,26.0,2.0,4,0.0,1.0,0.0
petermi01,2025,1,ATL,NL,0,0,4,0,0,0,0,20,7,3,1.0,2,5,0.269,4.05,0.0,1.0,0.0,0.0,28.0,2.0,3,0.0,0.0,1.0
petermi01,2025,2,MIA,NL,0,0,11,0,0,0,0,34,11,5,2.0,5,12,0.244,3.97,2.0,1.0,0.0,0.0,51.0,2.0,8,1.0,0.0,0.0
petityu01,2020,1,OAK,AL,2,1,26,0,0,0,0,65,19,4,3.0,5,17,0.232,1.66,0.0,0.0,0.0,0.0,88.0,6.0,4,0.0,1.0,0.0
petityu01,2021,1,OAK,AL,8,3,78,0,0,0,2,234,69,34,12.0,12,37,0.233,3.92,1.0,1.0,1.0,0.0,313.0,10.0,35,2.0,2.0,2.0
petrija01,2021,1,LAA,AL,0,1,7,0,0,0,0,18,6,10,1.0,7,8,0.261,15.0,1.0,1.0,1.0,0.0,32.0,1.0,10,0.0,1.0,0.0
pettych02,2025,1,CIN,NL,0,3,3,2,0,0,0,18,14,13,3.0,8,7,0.452,19.5,0.0,0.0,1.0,0.0,40.0,1.0,14,0.0,0.0,1.0
pfaadbr01,2023,1,ARI,NL,3,9,19,18,0,0,0,288,109,61,22.0,26,94,0.282,5.72,0.0,0.0,3.0,0.0,421.0,1.0,63,1.0,5.0,5.0
pfaadbr01,2024,1,ARI,NL,11,10,32,32,0,0,0,545,183,95,24.0,42,185,0.258,4.71,1.0,1.0,4.0,0.0,760.0,0.0,103,1.0,5.0,16.0
pfaadbr01,2025,1,ARI,NL,13,9,33,33,0,0,0,530,198,103,26.0,37,147,0.278,5.25,2.0,3.0,12.0,0.0,767.0,0.0,107,1.0,6.0,10.0
phelpda01,2020,1,MIL,NL,2,3,12,0,0,0,0,39,7,4,2.0,2,20,0.156,2.77,0.0,1.0,1.0,0.0,48.0,3.0,5,0.0,0.0,2.0
phelpda01,2020,2,PHI,NL,0,1,10,0,0,0,0,23,12,11,5.0,3,11,0.353,12.91,0.0,0.0,0.0,0.0,37.0,1.0,11,0.0,0.0,0.0
phelpda01,2021,1,TOR,AL,0,0,11,1,0,0,0,31,8,1,0.0,4,15,0.216,0.87,0.0,0.0,1.0,0.0,42.0,1.0,2,0.0,0.0,2.0
phelpda01,2022,1,TOR,AL,0,2,65,1,0,0,1,191,52,20,2.0,31,64,0.22,2.83,0.0,3.0,4.0,0.0,272.0,11.0,22,1.0,0.0,4.0
phillbr02,2021,1,TBA,AL,0,0,1,0,0,0,0,3,2,1,0.0,2,0,0.4,9.0,0.0,0.0,0.0,1.0,7.0,1.0,1,0.0,0.0,0.0
phillbr02,2022,1,TBA,AL,0,0,3,0,0,0,0,12,9,8,3.0,2,0,0.45,18.0,0.0,0.0,0.0,0.0,22.0,3.0,8,0.0,0.0,1.0
phillbr02,2023,1,LAA,AL,0,0,1,0,0,0,0,1,1,0,0.0,1,0,0.5,0.0,0.0,0.0,0.0,0.0,3.0,1.0,0,0.0,0.0,0.0
phillco01,2023,1,CIN,NL,1,1,5,5,0,0,0,62,18,16,5.0,13,26,0.22,6.97,0.0,2.0,1.0,0.0,96.0,0.0,16,0.0,0.0,0.0
phillco01,2025,1,CIN,NL,5,0,21,0,0,0,0,75,11,8,3.0,12,32,0.133,2.88,0.0,2.0,2.0,0.0,98.0,5.0,9,0.0,1.0,1.0
phillev01,2020,1,BAL,AL,1,1,14,0,0,0,0,43,14,8,1.0,10,20,0.25,5.02,0.0,1.0,3.0,1.0,69.0,3.0,8,0.0,0.0,0.0
phillev01,2021,1,TBA,AL,0,0,1,0,0,0,1,9,3,1,1.0,0,2,0.25,3.0,0.0,0.0,0.0,0.0,12.0,1.0,1,0.0,0.0,0.0
phillev01,2021,2,LAN,NL,1,1,7,0,0,0,0,31,8,4,0.0,5,9,0.2,3.48,1.0,1.0,1.0,0.0,46.0,4.0,5,0.0,0.0,0.0
phillev01,2022,1,LAN,NL,7,3,64,0,0,0,2,189,33,8,2.0,15,77,0.155,1.14,1.0,0.0,3.0,0.0,233.0,9.0,11,0.0,2.0,4.0
phillev01,2023,1,LAN,NL,2,4,62,0,0,0,24,184,38,14,6.0,13,66,0.177,2.05,2.0,1.0,3.0,0.0,234.0,36.0,19,2.0,1.0,6.0
phillev01,2024,1,LAN,NL,5,1,61,0,0,0,18,164,48,22,6.0,17,63,0.232,3.62,1.0,1.0,1.0,0.0,228.0,28.0,30,1.0,2.0,3.0
phillev01,2025,1,LAN,NL,0,0,7,0,0,0,1,17,4,0,0.0,2,6,0.2,0.0,0.0,0.0,0.0,0.0,22.0,1.0,0,0.0,0.0,0.0
phillty01,2024,1,PHI,NL,4,1,8,7,1,1,0,110,45,28,9.0,7,28,0.3,6.87,0.0,0.0,2.0,0.0,160.0,1.0,28,0.0,1.0,4.0
phillty01,2025,1,MIA,NL,2,1,54,1,0,0,4,233,65,24,8.0,24,52,0.226,2.78,0.0,6.0,2.0,0.0,313.0,19.0,26,0.0,0.0,11.0
pilkiko01,2022,1,CLE,AL,1,2,15,11,0,0,0,174,53,25,6.0,32,50,0.238,3.88,0.0,1.0,2.0,0.0,258.0,3.0,30,0.0,1.0,3.0
pilkiko01,2023,1,CLE,AL,0,0,1,0,0,0,0,6,1,0,0.0,1,2,0.143,0.0,0.0,0.0,0.0,0.0,8.0,1.0,0,0.0,0.0,0.0
pilkiko01,2025,1,WAS,NL,2,0,32,0,0,0,0,85,22,14,7.0,17,34,0.216,4.45,0.0,2.0,2.0,0.0,123.0,4.0,16,0.0,2.0,1.0
pillake01,2021,1,NYN,NL,0,0,1,0,0,0,0,1,0,0,0.0,0,0,0.0,0.0,0.0,0.0,0.0,0.0,1.0,1.0,0,0.0,0.0,0.0
pinaro01,2025,1,MIA,NL,0,0,1,0,0,0,0,3,1,1,1.0,0,0,0.25,9.0,0.0,0.0,0.0,0.0,4.0,0.0,1,0.0,0.0,0.0
pinaro01,2025,2,TOR,AL,0,0,1,0,0,0,0,4,4,1,0.0,1,1,0.444,6.75,0.0,0.0,0.0,0.0,10.0,0.0,3,0.0,0.0,0.0
pindech01,2022,1,OAK,AL,0,0,1,0,0,0,0,3,2,3,0.0,2,0,0.5,27.0,0.0,0.0,1.0,0.0,7.0,1.0,3,0.0,0.0,0.0
pinedmi01,2020,1,MIN,AL,2,0,5,5,0,0,0,80,25,10,0.0,7,25,0.248,3.38,0.0,0.0,1.0,0.0,111.0,0.0,10,0.0,2.0,1.0
pinedmi01,2021,1,MIN,AL,9,8,22,21,0,0,0,328,114,44,17.0,21,88,0.265,3.62,1.0,1.0,2.0,0.0,458.0,0.0,49,3.0,2.0,7.0
pinedmi01,2022,1,DET,AL,2,7,11,11,0,0,0,140,58,30,13.0,8,26,0.304,5.79,0.0,0.0,0.0,0.0,200.0,0.0,31,0.0,1.0,4.0
pintajo01,2025,1,NYN,NL,0,0,1,0,0,0,0,2,2,2,0.0,2,1,0.5,27.0,0.0,0.0,0.0,0.0,6.0,0.0,2,0.0,0.0,0.0
pintore02,2023,1,TBA,AL,0,0,1,0,0,0,0,3,5,5,3.0,0,0,0.625,45.0,0.0,0.0,0.0,0.0,8.0,0.0,5,0.0,0.0,0.0
pintori01,2024,1,PHI,NL,0,0,6,0,0,0,1,32,19,13,2.0,5,8,0.373,10.97,0.0,0.0,2.0,0.0,59.0,5.0,14,0.0,1.0,0.0
pintri01,2023,1,COL,NL,0,0,1,0,0,0,0,1,1,1,0.0,3,0,0.5,27.0,0.0,0.0,0.0,0.0,5.0,0.0,1,0.0,0.0,0.0
pintri01,2024,1,COL,NL,0,0,4,0,0,0,0,10,5,8,2.0,5,7,0.333,21.6,0.0,4.0,2.0,0.0,22.0,1.0,8,0.0,0.0,0.0
pivetni01,2020,1,PHI,NL,0,0,3,0,0,0,0,17,10,10,3.0,1,4,0.385,15.88,0.0,1.0,1.0,0.0,29.0,0.0,10,0.0,1.0,0.0
pivetni01,2020,2,BOS,AL,2,0,2,2,0,0,0,30,8,2,1.0,5,13,0.216,1.8,0.0,0.0,0.0,0.0,42.0,0.0,2,0.0,0.0,1.0
pivetni01,2021,1,BOS,AL,9,8,31,30,0,0,1,465,137,78,24.0,65,175,0.234,4.53,2.0,9.0,5.0,0.0,661.0,1.0,80,2.0,4.0,11.0
pivetni01,2022,1,BOS,AL,10,12,33,33,1,0,0,539,175,91,27.0,73,175,0.253,4.56,0.0,10.0,5.0,1.0,773.0,0.0,91,0.0,4.0,6.0
pivetni01,2023,1,BOS,AL,10,9,38,16,0,0,1,428,110,64,23.0,50,183,0.208,4.04,1.0,5.0,6.0,1.0,587.0,3.0,69,0.0,2.0,7.0
pivetni01,2024,1,BOS,AL,6,12,27,26,0,0,0,437,128,67,28.0,36,172,0.231,4.14,1.0,4.0,1.0,0.0,595.0,0.0,70,0.0,4.0,8.0
pivetni01,2025,1,SDN,NL,13,5,31,31,0,0,0,545,129,58,22.0,50,190,0.195,2.87,1.0,1.0,3.0,0.0,721.0,0.0,63,2.0,6.0,6.0
plassmi01,2022,1,PHI,NL,0,1,2,0,0,0,0,22,9,3,1.0,1,7,0.321,3.68,0.0,0.0,0.0,0.0,29.0,0.0,3,0.0,0.0,2.0
plassmi01,2023,1,PHI,NL,0,1,1,1,0,0,0,11,8,9,3.0,0,4,0.4,22.09,0.0,0.0,3.0,0.0,23.0,0.0,10,0.0,0.0,0.0
plaweke01,2020,1,BOS,AL,0,0,1,0,0,0,0,2,0,0,0.0,1,0,0.0,0.0,0.0,0.0,0.0,0.0,3.0,1.0,0,0.0,0.0,0.0
plaweke01,2021,1,BOS,AL,0,0,1,0,0,0,0,3,0,0,0.0,0,0,0.0,0.0,0.0,0.0,0.0,0.0,3.0,1.0,0,0.0,0.0,0.0
plaweke01,2022,1,BOS,AL,0,0,1,0,0,0,0,3,1,0,0.0,0,0,0.25,0.0,0.0,0.0,0.0,0.0,4.0,1.0,0,0.0,0.0,0.0
plesaza01,2020,1,CLE,AL,4,2,8,8,0,0,0,166,38,14,8.0,6,57,0.191,2.28,0.0,0.0,1.0,0.0,206.0,0.0,14,0.0,0.0,1.0
plesaza01,2021,1,CLE,AL,10,6,25,25,0,0,0,428,137,74,23.0,34,100,0.248,4.67,1.0,5.0,7.0,1.0,598.0,0.0,79,1.0,3.0,10.0
plesaza01,2022,1,CLE,AL,3,12,25,24,0,0,0,395,136,63,19.0,38,100,0.26,4.31,0.0,4.0,5.0,0.0,568.0,0.0,74,0.0,1.0,8.0
plesaza01,2023,1,CLE,AL,1,1,5,5,0,0,0,64,37,18,3.0,5,14,0.374,7.59,0.0,0.0,0.0,0.0,105.0,0.0,20,1.0,0.0,1.0
plesaza01,2024,1,LAA,AL,1,1,3,3,0,0,0,36,12,11,4.0,7,5,0.255,8.25,0.0,0.0,0.0,0.0,54.0,0.0,11,0.0,0.0,0.0
plutkad01,2020,1,CLE,AL,2,2,10,4,0,0,1,83,30,15,5.0,7,15,0.28,4.88,0.0,0.0,1.0,0.0,116.0,5.0,15,1.0,0.0,5.0
plutkad01,2021,1,BAL,AL,1,2,38,1,0,0,1,169,65,42,17.0,27,44,0.295,6.71,1.0,3.0,3.0,0.0,255.0,3.0,43,1.0,4.0,6.0
pocheco01,2022,1,TBA,AL,4,2,65,0,0,0,7,176,46,26,11.0,22,64,0.211,3.99,0.0,4.0,1.0,0.0,245.0,13.0,30,0.0,4.0,0.0
pocheco01,2023,1,TBA,AL,12,3,66,0,0,0,1,182,42,15,4.0,24,61,0.194,2.23,1.0,3.0,1.0,0.0,246.0,6.0,17,2.0,3.0,2.0
pocheco01,2024,1,TBA,AL,1,2,43,0,0,0,2,112,30,16,7.0,13,33,0.217,3.86,2.0,1.0,0.0,0.0,153.0,7.0,16,0.0,2.0,3.0
pocheco01,2025,1,WAS,NL,1,2,13,0,0,0,0,26,10,11,1.0,12,10,0.313,11.42,0.0,1.0,0.0,0.0,46.0,0.0,12,0.0,2.0,1.0
pocheco01,2025,2,NYN,NL,0,0,1,0,0,0,0,2,2,2,0.0,2,1,0.5,27.0,0.0,0.0,0.0,0.0,6.0,1.0,2,0.0,0.0,0.0
pomerdr01,2020,1,SDN,NL,1,0,20,0,0,0,4,56,9,3,1.0,10,29,0.145,1.45,0.0,0.0,0.0,0.0,73.0,5.0,3,0.0,1.0,2.0
pomerdr01,2021,1,SDN,NL,1,0,27,0,0,0,0,77,19,5,2.0,10,30,0.211,1.75,1.0,1.0,0.0,0.0,102.0,2.0,6,0.0,2.0,3.0
pomerdr01,2025,1,CHN,NL,2,2,57,4,0,0,1,149,38,12,5.0,15,57,0.21,2.17,1.0,1.0,5.0,0.0,203.0,11.0,14,1.0,1.0,3.0
ponceco01,2020,1,PIT,NL,1,1,5,3,0,0,0,51,12,6,5.0,6,12,0.2,3.18,0.0,0.0,0.0,0.0,66.0,1.0,7,0.0,0.0,2.0
ponceco01,2021,1,PIT,NL,0,6,15,2,0,0,0,115,56,30,8.0,11,36,0.344,7.04,1.0,2.0,1.0,0.0,179.0,1.0,34,1.0,3.0,5.0
ponceda01,2020,1,SLN,NL,1,3,9,8,0,0,0,98,23,18,8.0,20,45,0.19,4.96,0.0,0.0,2.0,0.0,143.0,1.0,18,0.0,0.0,0.0
ponceda01,2021,1,SLN,NL,1,1,24,2,0,0,2,100,32,23,5.0,22,24,0.252,6.21,1.0,2.0,5.0,0.0,158.0,9.0,24,1.0,3.0,0.0
popeau01,2025,1,ARI,NL,0,0,1,0,0,0,0,6,2,0,0.0,1,1,0.25,0.0,0.0,0.0,0.0,0.0,9.0,0.0,0,0.0,0.0,0.0
poppese01,2020,1,MIN,AL,0,0,6,0,0,0,0,23,9,4,0.0,4,10,0.29,4.7,0.0,3.0,0.0,0.0,35.0,4.0,4,0.0,0.0,1.0
poppese01,2021,1,PIT,NL,0,0,3,0,0,0,0,14,11,4,1.0,2,4,0.478,7.71,0.0,0.0,1.0,0.0,26.0,1.0,7,0.0,0.0,3.0
poppese01,2021,2,TBA,AL,0,0,1,0,0,0,0,2,0,0,0.0,0,1,0.0,0.0,0.0,0.0,0.0,0.0,2.0,1.0,0,0.0,0.0,0.0
poppese01,2021,3,ARI,NL,1,1,20,0,0,0,1,52,20,9,1.0,7,21,0.274,4.67,2.0,2.0,2.0,0.0,82.0,4.0,11,0.0,0.0,1.0
poppese01,2022,1,ARI,NL,2,2,29,0,0,0,0,86,27,14,5.0,12,22,0.265,4.4,3.0,2.0,1.0,0.0,120.0,6.0,15,1.0,4.0,2.0
popza01,2021,1,MIA,NL,1,0,50,0,0,0,0,164,54,25,3.0,24,51,0.254,4.12,2.0,2.0,8.0,0.0,246.0,10.0,29,1.0,0.0,5.0
popza01,2022,1,MIA,NL,2,0,18,0,0,0,0,60,23,8,1.0,2,14,0.288,3.6,0.0,1.0,1.0,0.0,83.0,6.0,9,0.0,0.0,1.0
popza01,2022,2,TOR,AL,2,0,17,0,0,0,0,57,18,4,1.0,2,11,0.254,1.89,0.0,0.0,1.0,0.0,74.0,2.0,4,0.0,0.0,2.0
popza01,2023,1,TOR,AL,1,1,15,0,0,0,0,41,11,10,4.0,6,14,0.22,6.59,0.0,1.0,0.0,0.0,56.0,2.0,11,0.0,0.0,2.0
popza01,2024,1,TOR,AL,2,4,58,0,0,0,1,145,45,30,9.0,19,33,0.243,5.59,4.0,1.0,2.0,1.0,209.0,12.0,36,1.0,2.0,7.0
popza01,2025,1,SEA,AL,0,0,4,0,0,0,0,16,10,8,3.0,2,3,0.37,13.5,0.0,0.0,1.0,0.0,30.0,1.0,9,0.0,0.0,0.0
popza01,2025,2,NYN,NL,0,1,1,0,0,0,0,4,5,3,1.0,0,0,0.556,20.25,0.0,0.0,0.0,0.0,9.0,0.0,3,0.0,0.0,0.0
porceri01,2020,1,NYN,NL,1,7,12,12,0,0,0,177,74,37,5.0,15,54,0.303,5.64,0.0,1.0,2.0,0.0,261.0,0.0,41,0.0,0.0,4.0
portelo01,2025,1,SFN,NL,0,0,1,0,0,0,0,3,2,1,1.0,0,0,0.4,9.0,0.0,0.0,0.0,0.0,5.0,1.0,1,0.0,0.0,0.0
poteeco01,2021,1,MIA,NL,2,3,7,7,0,0,0,92,25,17,7.0,16,32,0.216,4.99,0.0,1.0,0.0,0.0,132.0,0.0,17,0.0,0.0,2.0
poteeco01,2022,1,MIA,NL,0,1,12,2,0,0,0,84,23,12,4.0,11,21,0.223,3.86,0.0,1.0,0.0,0.0,114.0,2.0,12,0.0,0.0,3.0
poteeco01,2024,1,NYA,AL,3,0,5,4,0,0,0,73,18,6,2.0,8,16,0.207,2.22,0.0,1.0,1.0,0.0,96.0,0.0,7,0.0,0.0,4.0
poteeco01,2025,1,BAL,AL,0,0,1,0,0,0,0,8,6,5,0.0,2,1,0.429,16.88,0.0,0.0,0.0,0.0,16.0,0.0,5,0.0,0.0,0.0
poulipj01,2025,1,WAS,NL,2,1,28,0,0,0,1,74,23,10,2.0,13,27,0.247,3.65,0.0,0.0,2.0,0.0,110.0,6.0,10,0.0,2.0,3.0
povicca01,2024,1,BAL,AL,3,9,16,16,0,0,0,239,80,46,12.0,34,69,0.256,5.2,1.0,1.0,3.0,0.0,352.0,0.0,49,0.0,2.0,4.0
povicca01,2025,1,BAL,AL,3,8,22,20,0,0,0,337,125,65,17.0,43,118,0.285,5.21,2.0,6.0,1.0,0.0,488.0,0.0,70,1.0,4.0,14.0
prattni01,2024,1,KCA,AL,0,0,1,0,0,0,0,3,1,0,0.0,0,1,0.25,0.0,0.0,1.0,0.0,0.0,4.0,1.0,0,0.0,0.0,0.0
pressry01,2020,1,HOU,AL,1,3,23,0,0,0,12,63,21,8,2.0,7,29,0.253,3.43,1.0,1.0,1.0,0.0,91.0,15.0,10,0.0,0.0,1.0
pressry01,2021,1,HOU,AL,5,3,64,0,0,0,26,192,49,16,4.0,13,81,0.208,2.25,1.0,3.0,0.0,0.0,250.0,49.0,19,1.0,0.0,6.0
pressry01,2022,1,HOU,AL,3,3,50,0,0,0,33,145,30,16,4.0,13,65,0.181,2.98,0.0,0.0,0.0,0.0,182.0,43.0,17,2.0,1.0,6.0
pressry01,2023,1,HOU,AL,4,5,65,0,0,0,31,196,54,26,8.0,16,74,0.22,3.58,0.0,2.0,1.0,0.0,268.0,56.0,33,0.0,5.0,3.0
pressry01,2024,1,HOU,AL,2,3,59,0,0,0,4,170,58,22,4.0,18,58,0.262,3.49,0.0,7.0,2.0,0.0,244.0,8.0,25,1.0,2.0,5.0
pressry01,2025,1,CHN,NL,2,3,44,0,0,0,5,124,46,20,6.0,17,28,0.286,4.35,0.0,0.0,2.0,0.0,182.0,17.0,24,2.0,0.0,7.0
priceda01,2021,1,LAN,NL,5,2,39,11,0,0,1,221,79,33,8.0,26,58,0.272,4.03,2.0,1.0,4.0,0.0,326.0,5.0,35,3.0,2.0,8.0
priceda01,2022,1,LAN,NL,2,0,40,0,0,0,2,121,38,11,6.0,9,37,0.242,2.45,2.0,0.0,0.0,0.0,167.0,13.0,11,1.0,0.0,3.0
priesqu01,2023,1,PIT,NL,3,3,10,8,0,0,0,150,58,43,12.0,27,36,0.29,7.74,0.0,5.0,3.0,0.0,234.0,0.0,43,1.0,3.0,4.0
priesqu01,2024,1,PIT,NL,2,6,10,6,0,0,0,134,52,25,7.0,13,31,0.283,5.04,0.0,1.0,2.0,0.0,201.0,1.0,29,0.0,2.0,2.0
priesqu01,2024,2,BOS,AL,1,0,1,1,0,0,0,15,4,1,0.0,1,2,0.222,1.8,0.0,0.0,1.0,0.0,20.0,0.0,1,0.0,0.0,1.0
priesqu01,2025,1,MIL,NL,13,3,29,24,0,0,0,472,145,58,18.0,50,132,0.245,3.32,0.0,4.0,6.0,0.0,653.0,2.0,62,2.0,2.0,18.0
pruitau01,2021,1,HOU,AL,0,1,2,0,0,0,0,8,3,2,2.0,0,1,0.273,6.75,0.0,0.0,1.0,0.0,12.0,1.0,2,0.0,0.0,0.0
pruitau01,2021,2,MIA,NL,0,0,4,0,0,0,0,14,4,1,0.0,0,4,0.235,1.93,0.0,0.0,0.0,0.0,17.0,2.0,1,0.0,0.0,1.0
pruitau01,2022,1,OAK,AL,0,1,39,1,0,0,1,166,48,26,11.0,9,38,0.226,4.23,0.0,0.0,1.0,0.0,224.0,14.0,29,0.0,2.0,1.0
pruitau01,2023,1,OAK,AL,2,6,38,6,0,0,0,145,44,16,5.0,12,30,0.243,2.98,1.0,1.0,1.0,0.0,196.0,8.0,18,0.0,2.0,4.0
pruitau01,2024,1,TEX,AL,0,0,4,0,0,0,0,13,8,6,3.0,3,1,0.4,12.46,1.0,0.0,0.0,0.0,24.0,3.0,6,0.0,1.0,0.0
pujolal01,2022,1,SLN,NL,0,0,1,0,0,0,0,3,3,4,2.0,1,0,0.5,36.0,0.0,0.0,0.0,0.0,7.0,1.0,4,0.0,0.0,0.0
pukaj01,2021,1,OAK,AL,0,3,12,0,0,0,0,40,18,9,1.0,6,16,0.31,6.08,0.0,2.0,1.0,0.0,65.0,3.0,9,0.0,0.0,1.0
pukaj01,2022,1,OAK,AL,4,3,62,0,0,0,4,199,53,23,7.0,23,76,0.217,3.12,3.0,6.0,10.0,1.0,281.0,9.0,27,3.0,0.0,5.0
pukaj01,2023,1,MIA,NL,7,5,58,0,0,0,15,170,54,25,10.0,13,78,0.241,3.97,2.0,1.0,2.0,0.0,242.0,31.0,29,1.0,2.0,1.0
pukaj01,2024,1,MIA,NL,4,8,32,4,0,0,1,132,36,21,3.0,23,45,0.218,4.3,0.0,2.0,1.0,1.0,191.0,4.0,27,1.0,1.0,2.0
pukaj01,2024,2,ARI,NL,0,1,30,0,0,0,2,82,15,4,2.0,5,43,0.155,1.32,2.0,0.0,1.0,0.0,103.0,5.0,4,0.0,0.0,0.0
pukaj01,2025,1,ARI,NL,0,0,8,0,0,0,4,24,8,3,2.0,2,12,0.25,3.38,0.0,1.0,1.0,0.0,35.0,5.0,3,0.0,0.0,0.0
quackke01,2021,1,LAN,NL,0,0,1,0,0,0,0,1,3,1,0.0,0,1,0.75,27.0,0.0,0.0,0.0,0.0,4.0,0.0,1,0.0,0.0,0.0
quantca01,2020,1,SDN,NL,2,0,10,1,0,0,1,52,17,5,2.0,6,18,0.262,2.6,1.0,0.0,2.0,0.0,74.0,1.0,6,1.0,0.0,2.0
quantca01,2020,2,CLE,AL,0,0,8,2,0,0,0,44,14,3,2.0,2,13,0.246,1.84,0.0,0.0,1.0,0.0,61.0,1.0,6,0.0,0.0,3.0
quantca01,2021,1,CLE,AL,8,3,40,22,0,0,0,449,129,48,16.0,47,121,0.234,2.89,0.0,3.0,9.0,0.0,616.0,2.0,55,4.0,4.0,18.0
quantca01,2022,1,CLE,AL,15,5,32,32,0,0,0,559,178,70,21.0,47,128,0.254,3.38,0.0,3.0,10.0,0.0,770.0,0.0,78,4.0,7.0,16.0
quantca01,2023,1,CLE,AL,4,7,19,19,0,0,0,299,111,58,11.0,35,58,0.279,5.24,0.0,6.0,7.0,0.0,444.0,0.0,59,0.0,4.0,10.0
quantca01,2024,1,COL,NL,8,11,29,29,0,0,0,445,156,82,23.0,69,110,0.273,4.98,0.0,6.0,11.0,1.0,656.0,0.0,83,2.0,3.0,17.0
quantca01,2025,1,MIA,NL,4,10,24,24,0,0,0,329,122,67,17.0,30,82,0.281,5.5,0.0,3.0,5.0,0.0,470.0,0.0,69,0.0,1.0,10.0
quantca01,2025,2,ATL,NL,0,2,2,2,0,0,0,24,14,12,5.0,5,3,0.368,13.5,0.0,0.0,0.0,0.0,43.0,0.0,12,0.0,0.0,0.0
quezajo01,2020,1,MIA,NL,0,0,3,0,0,0,0,9,4,3,1.0,1,2,0.364,9.0,0.0,0.0,0.0,0.0,12.0,2.0,3,0.0,0.0,2.0
quezajo01,2023,1,MIA,NL,0,0,1,0,0,0,0,2,1,3,0.0,5,0,0.5,40.5,0.0,0.0,0.0,0.0,8.0,0.0,3,0.0,1.0,0.0
quijajo01,2020,1,LAA,AL,0,1,6,0,0,0,0,11,6,3,1.0,2,6,0.375,7.36,0.0,0.0,1.0,0.0,20.0,1.0,4,0.0,1.0,0.0
quijajo01,2021,1,LAA,AL,0,2,26,0,0,0,0,77,20,13,2.0,15,38,0.213,4.56,1.0,1.0,1.0,1.0,110.0,2.0,14,0.0,0.0,2.0
quijajo01,2022,1,LAA,AL,0,5,42,0,0,0,3,122,25,18,5.0,21,52,0.172,3.98,4.0,1.0,2.0,0.0,169.0,11.0,19,0.0,1.0,1.0
quijajo01,2023,1,LAA,AL,0,1,10,0,0,0,4,27,8,6,0.0,3,8,0.222,6.0,0.0,0.0,2.0,0.0,41.0,4.0,7,0.0,0.0,0.0
quijajo01,2024,1,LAA,AL,2,2,22,0,0,0,0,58,12,7,1.0,17,24,0.19,3.26,0.0,0.0,2.0,1.0,84.0,5.0,9,1.0,1.0,5.0
quijajo01,2025,1,LAA,AL,0,0,2,0,0,0,0,4,1,0,0.0,2,3,0.167,0.0,0.0,0.0,0.0,0.0,8.0,0.0,0,0.0,0.0,0.0
quintjo01,2020,1,CHN,NL,0,0,4,1,0,0,0,30,10,5,1.0,3,12,0.263,4.5,0.0,1.0,0.0,0.0,41.0,0.0,5,0.0,0.0,1.0
quintjo01,2021,1,LAA,AL,0,3,24,10,0,0,0,160,66,40,9.0,29,73,0.297,6.75,0.0,5.0,1.0,0.0,254.0,5.0,45,0.0,2.0,2.0
quintjo01,2021,2,SFN,NL,0,0,5,0,0,0,0,29,8,5,3.0,6,12,0.216,4.66,1.0,2.0,0.0,1.0,43.0,0.0,5,0.0,0.0,0.0
quintjo01,2022,1,PIT,NL,3,5,20,20,0,0,0,309,100,40,7.0,31,89,0.251,3.5,1.0,1.0,2.0,0.0,432.0,0.0,43,0.0,0.0,10.0
quintjo01,2022,2,SLN,NL,3,2,12,12,0,0,0,188,54,14,1.0,16,48,0.238,2.01,0.0,0.0,1.0,0.0,247.0,0.0,18,1.0,1.0,13.0
quintjo01,2023,1,NYN,NL,3,6,13,13,0,0,0,227,75,30,5.0,24,60,0.26,3.57,0.0,2.0,1.0,0.0,319.0,0.0,33,1.0,4.0,9.0
quintjo01,2024,1,NYN,NL,10,10,31,31,0,0,0,511,150,71,22.0,63,135,0.237,3.75,0.0,7.0,11.0,0.0,717.0,0.0,73,4.0,5.0,19.0
quintjo01,2025,1,MIL,NL,11,7,24,24,0,0,0,395,120,58,18.0,50,89,0.241,3.96,0.0,1.0,5.0,1.0,556.0,0.0,65,1.0,3.0,12.0
raganco01,2022,1,TEX,AL,0,3,9,9,0,0,0,120,43,22,6.0,16,27,0.272,4.95,0.0,2.0,0.0,0.0,174.0,0.0,24,0.0,0.0,5.0
raganco01,2023,1,TEX,AL,2,3,17,0,0,0,0,73,20,16,4.0,14,24,0.225,5.92,1.0,2.0,1.0,0.0,106.0,1.0,17,0.0,2.0,2.0
raganco01,2023,2,KCA,AL,5,2,12,12,0,0,0,215,50,21,3.0,27,89,0.195,2.64,0.0,4.0,1.0,0.0,286.0,0.0,23,0.0,1.0,6.0
raganco01,2024,1,KCA,AL,11,9,32,32,1,0,0,559,146,65,15.0,67,223,0.213,3.14,1.0,11.0,6.0,0.0,762.0,0.0,71,3.0,1.0,11.0
raganco01,2025,1,KCA,AL,3,3,13,13,0,0,0,185,53,32,7.0,20,98,0.228,4.67,0.0,3.0,2.0,0.0,257.0,0.0,33,1.0,2.0,1.0
ragsdca01,2025,1,BAL,AL,0,0,2,0,0,0,0,15,10,8,1.0,1,4,0.417,14.4,0.0,0.0,0.0,0.0,25.0,1.0,8,0.0,0.0,0.0
raineta01,2020,1,WAS,NL,1,1,20,0,0,0,0,61,8,6,4.0,7,32,0.119,2.66,1.0,3.0,1.0,1.0,75.0,1.0,6,0.0,0.0,1.0
raineta01,2021,1,WAS,NL,1,3,38,0,0,0,3,95,29,26,6.0,25,42,0.238,7.39,1.0,0.0,3.0,0.0,151.0,8.0,27,0.0,1.0,1.0
raineta01,2022,1,WAS,NL,1,3,29,0,0,0,12,90,26,11,5.0,13,36,0.228,3.3,0.0,1.0,0.0,0.0,128.0,20.0,16,0.0,1.0,1.0
raineta01,2023,1,WAS,NL,0,0,1,0,0,0,0,3,1,0,0.0,1,1,0.25,0.0,0.0,1.0,0.0,0.0,5.0,1.0,0,0.0,0.0,0.0
raineta01,2024,1,WAS,NL,0,0,50,0,0,0,0,153,47,27,8.0,29,44,0.239,4.76,1.0,5.0,4.0,0.0,231.0,30.0,28,0.0,1.0,2.0
raineta01,2025,1,PIT,NL,0,1,11,0,0,0,0,23,7,9,0.0,6,9,0.25,10.57,0.0,0.0,1.0,0.0,37.0,0.0,9,1.0,1.0,0.0
raineta01,2025,2,DET,AL,0,0,2,0,0,0,0,6,1,3,0.0,3,2,0.143,13.5,0.0,0.0,0.0,1.0,10.0,1.0,3,0.0,0.0,0.0
raleybr01,2020,1,CIN,NL,0,0,4,0,0,0,0,12,5,4,0.0,2,6,0.294,9.0,0.0,0.0,3.0,0.0,22.0,2.0,4,0.0,0.0,0.0
raleybr01,2020,2,HOU,AL,0,1,17,0,0,0,1,48,8,7,3.0,4,21,0.143,3.94,0.0,0.0,1.0,0.0,62.0,5.0,8,1.0,0.0,0.0
raleybr01,2021,1,HOU,AL,2,3,58,0,0,0,2,147,43,26,6.0,16,65,0.232,4.78,0.0,1.0,3.0,1.0,205.0,9.0,30,1.0,0.0,3.0
raleybr01,2022,1,TBA,AL,1,2,60,0,0,0,6,161,37,16,3.0,15,61,0.189,2.68,0.0,3.0,6.0,0.0,219.0,12.0,19,1.0,1.0,3.0
raleybr01,2023,1,NYN,NL,1,2,66,0,0,0,3,164,44,17,4.0,25,61,0.217,2.8,3.0,0.0,6.0,0.0,236.0,11.0,19,1.0,1.0,5.0
raleybr01,2024,1,NYN,NL,1,0,8,0,0,0,0,21,2,0,0.0,3,9,0.095,0.0,0.0,0.0,0.0,0.0,25.0,1.0,0,0.0,1.0,1.0
raleybr01,2025,1,NYN,NL,3,1,30,0,0,0,0,77,14,7,0.0,6,25,0.154,2.45,0.0,0.0,2.0,0.0,99.0,1.0,7,0.0,0.0,0.0
raleylu01,2023,1,TBA,AL,0,0,2,0,0,0,0,8,11,9,2.0,0,1,0.579,30.38,0.0,0.0,0.0,0.0,19.0,1.0,9,0.0,0.0,0.0
ramirem01,2024,1,MIA,NL,0,1,15,0,0,0,0,62,21,16,3.0,8,21,0.263,6.97,0.0,2.0,3.0,0.0,92.0,2.0,17,0.0,1.0,1.0
ramirer02,2020,1,NYN,NL,0,0,6,0,0,0,1,43,8,1,1.0,4,9,0.163,0.63,0.0,0.0,0.0,0.0,53.0,3.0,1,0.0,0.0,2.0
ramirer02,2021,1,DET,AL,1,1,17,0,0,0,0,80,24,17,4.0,5,20,0.238,5.74,0.0,0.0,1.0,0.0,109.0,3.0,17,0.0,2.0,1.0
ramirer02,2022,1,WAS,NL,4,2,60,2,0,0,0,259,79,28,11.0,14,61,0.245,2.92,1.0,1.0,6.0,0.0,347.0,10.0,31,1.0,3.0,13.0
ramirer02,2023,1,WAS,NL,2,3,23,0,0,0,0,81,36,19,4.0,6,13,0.321,6.33,0.0,0.0,3.0,1.0,126.0,5.0,20,0.0,5.0,2.0
ramirer02,2023,2,TBA,AL,1,0,15,2,0,0,0,100,46,24,7.0,7,30,0.333,6.48,0.0,2.0,1.0,0.0,148.0,5.0,27,0.0,2.0,3.0
ramirer02,2024,1,TBA,AL,3,0,13,0,0,0,1,62,12,10,5.0,10,15,0.164,4.35,1.0,2.0,1.0,0.0,85.0,10.0,12,0.0,1.0,2.0
ramirer02,2025,1,MIN,AL,0,1,9,0,0,0,1,33,10,3,2.0,2,5,0.256,2.45,1.0,1.0,0.0,0.0,42.0,8.0,4,0.0,1.0,3.0
ramirni01,2020,1,DET,AL,0,0,5,0,0,0,0,32,8,7,3.0,4,11,0.2,5.91,0.0,0.0,1.0,0.0,46.0,1.0,7,0.0,1.0,0.0
ramirni01,2021,1,SDN,NL,1,1,13,0,0,0,0,61,23,13,2.0,7,14,0.277,5.75,2.0,0.0,0.0,0.0,91.0,5.0,15,0.0,1.0,1.0
ramirni01,2023,1,NYA,AL,1,2,32,0,0,0,1,122,41,12,1.0,9,28,0.256,2.66,0.0,0.0,1.0,1.0,172.0,12.0,17,1.0,1.0,3.0
ramirni01,2024,1,LAN,NL,0,0,8,0,0,0,0,40,18,9,0.0,7,5,0.333,6.08,1.0,2.0,0.0,0.0,63.0,7.0,11,0.0,2.0,1.0
ramirno01,2020,1,LAA,AL,1,0,21,0,0,0,0,63,15,7,2.0,9,14,0.203,3.0,2.0,1.0,1.0,0.0,85.0,3.0,7,0.0,1.0,2.0
ramirno01,2021,1,LAA,AL,0,0,2,0,0,0,0,10,5,2,1.0,1,0,0.357,5.4,0.0,0.0,0.0,0.0,15.0,1.0,2,0.0,0.0,1.0
ramirno01,2021,2,ARI,NL,0,2,36,0,0,0,1,98,18,10,2.0,11,29,0.157,2.76,0.0,2.0,3.0,0.0,132.0,6.0,12,1.0,2.0,0.0
ramirno01,2022,1,ARI,NL,5,4,55,0,0,0,0,150,45,29,9.0,26,51,0.245,5.22,2.0,2.0,3.0,0.0,215.0,3.0,32,1.0,1.0,5.0
ramirro02,2020,1,SLN,NL,0,0,1,0,0,0,0,2,6,6,4.0,1,1,0.857,81.0,0.0,1.0,0.0,0.0,8.0,0.0,6,0.0,0.0,0.0
ramirro02,2021,1,SLN,NL,0,0,1,0,0,0,0,1,1,3,0.0,2,0,0.5,81.0,0.0,0.0,0.0,0.0,4.0,0.0,3,0.0,0.0,0.0
ramirye01,2021,1,LAN,NL,0,0,1,0,0,0,0,6,0,0,0.0,1,2,0.0,0.0,0.0,0.0,0.0,0.0,6.0,1.0,0,0.0,0.0,1.0
ramiryo01,2020,1,SEA,AL,0,0,16,0,0,0,3,62,9,6,3.0,20,26,0.13,2.61,1.0,2.0,4.0,0.0,94.0,7.0,6,0.0,1.0,0.0
ramiryo01,2021,1,SEA,AL,1,3,25,0,0,0,2,83,18,12,6.0,12,35,0.188,3.9,0.0,2.0,3.0,1.0,114.0,15.0,14,3.0,0.0,2.0
ramiryo01,2022,1,SEA,AL,1,0,7,0,0,0,0,25,7,7,3.0,6,10,0.219,7.56,0.0,1.0,2.0,0.0,40.0,3.0,7,0.0,0.0,0.0
ramiryo01,2022,2,CLE,AL,0,0,1,0,0,0,0,6,3,1,0.0,1,1,0.333,4.5,0.0,1.0,1.0,0.0,11.0,1.0,1,0.0,0.0,0.0
ramiryo01,2022,3,PIT,NL,3,1,22,0,0,0,1,81,22,11,1.0,13,21,0.224,3.67,1.0,0.0,3.0,0.0,116.0,12.0,11,2.0,0.0,2.0
ramiryo01,2023,1,PIT,NL,1,0,26,0,0,0,0,103,34,14,3.0,14,31,0.26,3.67,1.0,3.0,10.0,0.0,155.0,9.0,17,0.0,0.0,8.0
ramiryo01,2023,2,CHA,AL,0,0,5,0,0,0,0,12,5,4,0.0,3,4,0.313,9.0,0.0,0.0,1.0,0.0,21.0,1.0,4,0.0,1.0,0.0
ramiryo01,2024,1,NYN,NL,0,1,5,0,0,0,0,25,11,7,1.0,4,11,0.306,7.56,1.0,3.0,0.0,1.0,41.0,1.0,7,0.0,1.0,0.0
ramiryo01,2024,2,BAL,AL,0,0,5,0,0,0,0,18,3,4,0.0,2,6,0.158,6.0,0.0,3.0,3.0,0.0,24.0,2.0,4,0.0,0.0,0.0
ramiryo01,2024,3,LAN,NL,0,4,27,0,0,0,1,88,32,18,3.0,11,27,0.283,5.52,1.0,1.0,7.0,0.0,134.0,8.0,21,2.0,1.0,5.0
ramiryo01,2024,4,BOS,AL,0,0,1,0,0,0,0,4,3,2,0.0,0,1,0.429,13.5,0.0,1.0,2.0,0.0,9.0,0.0,3,0.0,0.0,0.0
ramiryo01,2025,1,PIT,NL,3,3,24,0,0,0,0,100,33,20,4.0,16,45,0.246,5.4,1.0,4.0,4.0,0.0,155.0,5.0,25,0.0,1.0,1.0
ramosaj01,2020,1,COL,NL,0,0,3,0,0,0,0,8,4,1,1.0,3,1,0.333,3.38,0.0,0.0,0.0,0.0,15.0,0.0,1,0.0,0.0,0.0
ramosaj01,2021,1,LAA,AL,0,0,4,0,0,0,0,14,0,0,0.0,2,3,0.0,0.0,0.0,0.0,0.0,0.0,16.0,3.0,0,0.0,0.0,0.0
ramsela01,2023,1,CHA,AL,1,0,21,0,0,0,0,60,25,13,1.0,9,18,0.313,5.85,0.0,3.0,0.0,0.0,92.0,7.0,13,1.0,2.0,2.0
rangeal01,2025,1,PHI,NL,0,0,5,0,0,0,1,33,10,3,1.0,6,8,0.25,2.45,0.0,0.0,0.0,1.0,46.0,3.0,3,0.0,0.0,2.0
raqueni01,2025,1,SLN,NL,0,0,2,0,0,0,0,6,0,0,0.0,1,1,0.0,0.0,0.0,0.0,0.0,0.0,7.0,0.0,0,0.0,0.0,0.0
rashita01,2025,1,ARI,NL,0,1,10,0,0,0,2,49,16,8,0.0,8,22,0.25,4.41,0.0,1.0,0.0,0.0,72.0,5.0,8,0.0,0.0,0.0
rasmudr01,2020,1,MIL,NL,1,0,12,0,0,0,0,46,17,10,3.0,9,21,0.274,5.87,0.0,0.0,0.0,0.0,71.0,3.0,10,0.0,0.0,0.0
rasmudr01,2021,1,MIL,NL,0,1,15,0,0,0,1,51,13,8,2.0,12,25,0.2,4.24,2.0,2.0,0.0,0.0,77.0,7.0,11,0.0,0.0,0.0
rasmudr01,2021,2,TBA,AL,4,0,20,10,0,0,0,177,44,16,3.0,13,48,0.205,2.44,0.0,2.0,0.0,0.0,230.0,2.0,16,1.0,1.0,3.0
rasmudr01,2022,1,TBA,AL,11,7,28,28,0,0,0,438,121,46,13.0,31,125,0.222,2.84,0.0,10.0,3.0,0.0,584.0,0.0,51,1.0,2.0,9.0
rasmudr01,2023,1,TBA,AL,4,2,8,8,0,0,0,134,36,13,2.0,11,47,0.221,2.62,0.0,2.0,1.0,0.0,177.0,0.0,13,1.0,1.0,4.0
rasmudr01,2024,1,TBA,AL,0,2,16,4,0,0,1,86,25,9,0.0,6,35,0.229,2.83,0.0,1.0,0.0,0.0,116.0,5.0,10,0.0,1.0,1.0
rasmudr01,2025,1,TBA,AL,10,5,31,31,0,0,0,450,116,46,18.0,37,127,0.214,2.76,1.0,3.0,5.0,0.0,585.0,0.0,47,1.0,1.0,16.0
rayro02,2020,1,ARI,NL,1,4,7,7,0,0,0,93,31,27,9.0,31,43,0.258,7.84,1.0,6.0,1.0,0.0,154.0,0.0,27,0.0,2.0,2.0
rayro02,2020,2,TOR,AL,1,1,5,4,0,0,0,62,22,11,4.0,14,25,0.265,4.79,0.0,0.0,0.0,0.0,97.0,0.0,13,0.0,0.0,0.0
rayro02,2021,1,TOR,AL,13,7,32,32,0,0,0,580,150,61,33.0,52,248,0.21,2.84,0.0,5.0,4.0,0.0,773.0,0.0,62,1.0,2.0,12.0
rayro02,2022,1,SEA,AL,12,12,32,32,0,0,0,567,163,78,32.0,62,212,0.231,3.71,0.0,5.0,7.0,0.0,775.0,0.0,80,0.0,1.0,14.0
rayro02,2023,1,SEA,AL,0,1,1,1,0,0,0,10,4,3,0.0,5,3,0.308,8.1,0.0,1.0,0.0,0.0,19.0,0.0,5,0.0,1.0,0.0
rayro02,2024,1,SFN,NL,3,2,7,7,0,0,0,92,20,16,6.0,15,43,0.187,4.7,0.0,4.0,6.0,0.0,129.0,0.0,16,0.0,1.0,1.0
rayro02,2025,1,SFN,NL,11,8,32,32,1,0,0,547,148,74,22.0,73,186,0.221,3.65,0.0,7.0,4.0,1.0,755.0,0.0,81,1.0,6.0,8.0
reaco01,2020,1,CHN,NL,1,1,9,2,0,0,0,42,15,9,3.0,2,10,0.254,5.79,0.0,0.0,0.0,0.0,62.0,3.0,9,0.0,1.0,0.0
reaco01,2021,1,MIL,NL,0,0,1,0,0,0,0,18,7,5,2.0,0,5,0.304,7.5,0.0,0.0,0.0,0.0,24.0,1.0,5,0.0,1.0,1.0
reaco01,2023,1,MIL,NL,6,6,26,22,0,0,0,374,110,63,23.0,38,110,0.235,4.55,0.0,2.0,4.0,1.0,517.0,1.0,65,3.0,4.0,9.0
reaco01,2024,1,MIL,NL,12,6,32,27,0,0,1,503,169,80,29.0,43,135,0.258,4.29,1.0,2.0,10.0,0.0,714.0,1.0,83,1.0,4.0,13.0
reaco01,2025,1,CHN,NL,11,7,32,27,0,0,1,478,155,70,20.0,44,127,0.258,3.95,0.0,2.0,6.0,0.0,662.0,3.0,73,4.0,7.0,11.0
reddijo01,2021,1,ARI,NL,0,0,1,0,0,0,0,2,2,1,1.0,1,0,0.5,13.5,0.0,0.0,0.0,0.0,5.0,1.0,1,0.0,0.0,0.0
reedco01,2020,1,CIN,NL,0,1,9,0,0,0,0,28,10,6,2.0,8,10,0.27,5.79,0.0,1.0,1.0,0.0,46.0,4.0,6,0.0,0.0,1.0
reedco01,2020,2,TBA,AL,0,0,2,0,0,0,0,8,1,0,0.0,0,2,0.111,0.0,0.0,0.0,0.0,0.0,9.0,1.0,0,0.0,0.0,0.0
reedco01,2021,1,TBA,AL,0,1,12,0,0,0,0,29,8,4,1.0,6,7,0.235,3.72,0.0,0.0,1.0,0.0,42.0,5.0,5,1.0,0.0,1.0
reedja02,2021,1,LAN,NL,0,0,6,1,0,0,0,16,5,2,1.0,2,5,0.238,3.38,1.0,0.0,0.0,0.0,24.0,2.0,3,1.0,0.0,0.0
reedja02,2021,2,NYN,NL,0,1,4,0,0,0,0,14,5,2,0.0,0,5,0.263,3.86,0.0,0.0,0.0,0.0,19.0,1.0,3,0.0,0.0,0.0
reedja02,2022,1,NYN,NL,1,0,5,0,0,0,0,19,4,8,2.0,6,6,0.174,11.37,0.0,0.0,1.0,0.0,30.0,1.0,8,0.0,0.0,0.0
reedja02,2022,2,LAN,NL,0,0,5,0,0,0,1,14,6,1,0.0,1,2,0.316,1.93,0.0,0.0,0.0,0.0,20.0,2.0,1,0.0,0.0,1.0
reedja02,2022,3,BAL,AL,1,0,8,0,0,0,0,17,7,4,0.0,1,5,0.292,6.35,0.0,0.0,2.0,1.0,27.0,2.0,6,0.0,0.0,1.0
reedja02,2023,1,LAN,NL,0,0,1,0,0,0,0,2,5,6,1.0,1,1,0.833,81.0,0.0,0.0,0.0,0.0,7.0,0.0,6,0.0,0.0,0.0
reidfse01,2020,1,TOR,AL,1,0,5,0,0,0,0,20,3,1,0.0,6,6,0.125,1.35,1.0,0.0,0.0,0.0,30.0,2.0,3,0.0,0.0,0.0
reidfse01,2021,1,NYN,NL,2,1,12,0,0,0,0,62,22,12,3.0,9,26,0.265,5.23,2.0,1.0,0.0,0.0,92.0,1.0,15,0.0,0.0,2.0
reidfse01,2022,1,NYN,NL,0,0,7,0,0,0,0,30,7,6,1.0,7,8,0.194,5.4,0.0,0.0,1.0,0.0,44.0,3.0,6,0.0,0.0,0.0
reidfse01,2023,1,NYN,NL,0,1,8,0,0,0,0,23,4,3,0.0,6,16,0.148,3.52,0.0,0.0,0.0,0.0,34.0,1.0,3,0.0,1.0,0.0
reidfse01,2024,1,NYN,NL,1,2,23,0,0,0,0,65,13,4,0.0,14,25,0.173,1.66,0.0,1.0,0.0,0.0,90.0,9.0,10,0.0,1.0,1.0
reyesal02,2020,1,SLN,NL,2,1,15,1,0,0,1,59,14,7,1.0,14,27,0.197,3.2,1.0,2.0,0.0,0.0,86.0,5.0,10,1.0,0.0,1.0
reyesal02,2021,1,SLN,NL,10,8,69,0,0,0,29,217,46,26,9.0,52,95,0.176,3.24,1.0,10.0,2.0,1.0,317.0,54.0,32,0.0,1.0,1.0
reyesde02,2022,1,BAL,AL,0,0,3,1,0,0,0,23,8,2,0.0,1,3,0.267,2.35,0.0,0.0,0.0,0.0,31.0,1.0,2,0.0,0.0,0.0
reyesde02,2023,1,NYN,NL,0,2,9,3,0,0,0,59,25,17,3.0,8,17,0.309,7.78,0.0,0.0,1.0,0.0,90.0,1.0,17,0.0,0.0,2.0
reyesfr01,2022,2,CHN,NL,0,0,1,0,0,0,0,3,0,0,0.0,0,1,0.0,0.0,0.0,0.0,1.0,0.0,3.0,1.0,0,0.0,0.0,1.0
reyesge01,2022,1,LAA,AL,0,0,2,0,0,0,0,6,3,1,1.0,3,0,0.333,4.5,0.0,0.0,0.0,0.0,12.0,1.0,1,0.0,0.0,0.0
reyesge01,2023,1,LAA,AL,0,0,8,0,0,0,0,29,11,8,2.0,6,10,0.275,7.45,0.0,2.0,2.0,0.0,49.0,1.0,9,0.0,1.0,0.0
reyesge01,2024,1,OAK,AL,0,0,3,0,0,0,0,12,4,2,0.0,3,2,0.267,4.5,0.0,1.0,0.0,0.0,18.0,2.0,3,0.0,0.0,0.0
reyespa01,2022,1,MIL,NL,0,0,1,0,0,0,0,3,0,0,0.0,0,0,0.0,0.0,0.0,0.0,0.0,0.0,3.0,1.0,0,0.0,0.0,0.0
reyespa01,2023,1,BOS,AL,0,0,2,0,0,0,0,6,3,1,0.0,4,0,0.333,4.5,0.0,1.0,0.0,0.0,13.0,2.0,1,0.0,0.0,0.0
reyespa01,2024,1,BOS,AL,0,0,1,0,0,0,0,3,1,0,0.0,1,0,0.25,0.0,0.0,0.0,0.0,0.0,5.0,1.0,0,0.0,0.0,0.0
reyespa01,2025,1,NYA,AL,0,0,1,0,0,0,0,3,5,3,1.0,0,0,0.625,27.0,0.0,0.0,0.0,0.0,8.0,1.0,3,0.0,0.0,0.0
reynoma03,2022,2,CIN,NL,0,0,2,0,0,0,0,4,3,1,0.0,0,0,0.5,6.75,0.0,0.0,2.0,0.0,9.0,2.0,1,0.0,1.0,0.0
reynose01,2024,1,SDN,NL,0,0,9,0,0,0,0,33,10,1,0.0,5,21,0.238,0.82,0.0,0.0,1.0,0.0,49.0,3.0,1,0.0,1.0,0.0
reynose01,2025,1,SDN,NL,0,1,19,1,0,0,0,81,20,16,4.0,17,25,0.206,5.33,0.0,1.0,3.0,0.0,117.0,4.0,16,0.0,0.0,3.0
ribalor01,2024,1,WAS,NL,0,0,4,0,0,0,0,10,10,5,0.0,2,3,0.5,13.5,0.0,0.0,1.0,0.0,23.0,3.0,5,0.0,0.0,0.0
ribalor01,2025,1,WAS,NL,0,0,22,0,0,0,0,73,28,19,6.0,17,25,0.277,7.03,0.0,0.0,1.0,1.0,120.0,7.0,19,0.0,1.0,1.0
richaga01,2020,1,SDN,NL,2,2,14,10,0,0,0,154,47,23,7.0,17,46,0.244,4.03,0.0,3.0,2.0,0.0,213.0,2.0,23,0.0,1.0,3.0
richaga01,2021,1,BOS,AL,7,8,40,22,0,0,3,410,158,74,19.0,60,115,0.289,4.87,1.0,7.0,5.0,0.0,617.0,4.0,86,0.0,5.0,17.0
richaga01,2022,1,TEX,AL,1,1,32,2,0,0,1,128,44,25,3.0,13,36,0.262,5.27,0.0,2.0,3.0,0.0,185.0,11.0,28,0.0,1.0,4.0
richaly01,2023,1,CIN,NL,0,2,4,4,0,0,0,50,17,16,6.0,15,12,0.258,8.64,0.0,0.0,0.0,0.0,81.0,0.0,16,0.0,0.0,2.0
richaly01,2024,1,CIN,NL,0,0,1,0,0,0,0,2,2,2,1.0,1,1,0.5,27.0,0.0,0.0,0.0,0.0,5.0,0.0,2,0.0,0.0,0.0
richaly01,2025,1,CIN,NL,0,3,34,0,0,0,0,113,37,19,2.0,21,30,0.255,4.54,4.0,0.0,2.0,0.0,172.0,11.0,25,0.0,4.0,4.0
richatr01,2020,1,TBA,AL,0,0,9,4,0,0,0,96,44,21,6.0,11,27,0.321,5.91,0.0,1.0,0.0,0.0,150.0,1.0,24,1.0,1.0,4.0
richatr01,2021,1,TBA,AL,0,0,6,0,0,0,1,36,9,6,2.0,3,16,0.205,4.5,0.0,1.0,0.0,0.0,47.0,2.0,6,0.0,0.0,1.0
richatr01,2021,2,MIL,NL,3,0,15,0,0,0,0,59,15,7,3.0,9,25,0.208,3.2,1.0,6.0,0.0,0.0,82.0,3.0,7,1.0,0.0,0.0
richatr01,2021,3,TOR,AL,4,2,32,0,0,0,0,98,16,12,7.0,10,37,0.143,3.31,0.0,1.0,0.0,0.0,122.0,5.0,13,0.0,0.0,0.0
richatr01,2022,1,TOR,AL,3,2,62,4,0,0,0,192,57,38,9.0,35,82,0.238,5.34,1.0,3.0,1.0,0.0,281.0,10.0,41,1.0,4.0,3.0
richatr01,2023,1,TOR,AL,2,1,56,3,0,0,0,218,63,40,13.0,35,105,0.228,4.95,3.0,5.0,2.0,0.0,315.0,6.0,41,0.0,2.0,3.0
richatr01,2024,1,TOR,AL,2,1,45,2,0,0,0,157,36,27,7.0,24,49,0.188,4.64,0.0,6.0,0.0,0.0,218.0,4.0,30,1.0,2.0,0.0
richatr01,2024,2,MIN,AL,0,1,10,0,0,0,1,39,8,6,0.0,11,13,0.182,4.15,0.0,7.0,2.0,0.0,59.0,3.0,6,0.0,2.0,0.0
richatr01,2025,1,KCA,AL,0,0,3,0,0,0,0,9,7,4,0.0,2,2,0.467,12.0,0.0,3.0,0.0,0.0,18.0,2.0,4,0.0,1.0,0.0
richatr01,2025,2,ARI,NL,0,0,2,0,0,0,0,8,4,1,0.0,0,3,0.4,3.38,0.0,1.0,0.0,0.0,11.0,1.0,1,1.0,0.0,0.0
ridinst01,2021,1,NYA,AL,0,0,5,0,0,0,0,15,4,1,0.0,2,7,0.235,1.8,0.0,0.0,0.0,0.0,20.0,0.0,2,1.0,0.0,1.0
riosya01,2020,1,PIT,NL,0,0,3,0,0,0,0,12,3,4,0.0,2,3,0.214,9.0,0.0,0.0,1.0,0.0,17.0,1.0,4,0.0,0.0,1.0
riosya01,2021,1,SEA,AL,0,0,3,0,0,0,0,9,5,3,0.0,2,2,0.385,9.0,0.0,1.0,1.0,0.0,16.0,0.0,3,0.0,0.0,0.0
riosya01,2021,2,BOS,AL,3,0,20,0,0,0,0,73,13,10,3.0,14,21,0.159,3.7,0.0,3.0,1.0,0.0,98.0,6.0,10,0.0,1.0,0.0
riosya01,2023,1,OAK,AL,0,0,3,0,0,0,0,5,3,7,1.0,6,2,0.375,37.8,0.0,2.0,0.0,0.0,14.0,2.0,7,0.0,0.0,0.0
rivasle01,2024,1,SEA,AL,0,0,2,0,0,0,0,6,2,0,0.0,0,0,0.222,0.0,0.0,0.0,0.0,0.0,9.0,2.0,1,0.0,0.0,0.0
rivasle01,2025,1,SEA,AL,0,0,1,0,0,0,0,3,3,0,0.0,1,0,0.6,0.0,0.0,0.0,0.0,0.0,6.0,1.0,0,0.0,0.0,1.0
riverem01,2024,1,MIA,NL,0,0,4,0,0,0,0,12,7,4,1.0,0,0,0.368,9.0,0.0,0.0,1.0,0.0,20.0,4.0,4,0.0,0.0,0.0
riverem01,2025,1,BAL,AL,0,0,1,0,0,0,0,3,8,8,1.0,2,0,0.727,72.0,0.0,0.0,0.0,0.0,13.0,1.0,8,0.0,0.0,0.0
rizzoan01,2021,1,CHN,NL,0,0,1,0,0,0,0,2,0,0,0.0,1,1,0.0,0.0,0.0,0.0,0.0,0.0,3.0,0.0,0,0.0,0.0,0.0
roach01,2025,1,MIA,NL,0,0,2,0,0,0,0,9,1,0,0.0,3,3,0.111,0.0,0.0,0.0,0.0,0.0,12.0,1.0,0,0.0,0.0,1.0
roarkta01,2020,1,TOR,AL,2,3,11,11,0,0,0,143,60,36,14.0,23,41,0.309,6.8,0.0,2.0,2.0,0.0,220.0,0.0,39,0.0,1.0,7.0
roarkta01,2021,1,TOR,AL,0,1,3,1,0,0,0,21,7,5,3.0,2,5,0.241,6.43,0.0,0.0,0.0,0.0,31.0,1.0,7,0.0,0.0,0.0
roberda08,2021,1,TBA,AL,0,0,12,1,0,0,0,36,11,6,2.0,4,16,0.239,4.5,0.0,0.0,0.0,0.0,50.0,1.0,7,0.0,0.0,0.0
roberda08,2022,1,CHN,NL,3,0,36,0,0,0,14,121,23,10,4.0,19,51,0.162,2.23,0.0,2.0,3.0,0.0,165.0,22.0,10,0.0,1.0,1.0
roberda08,2022,2,PHI,NL,1,3,22,0,0,0,6,70,16,7,2.0,16,30,0.193,2.7,1.0,2.0,0.0,0.0,99.0,11.0,8,0.0,0.0,4.0
roberda08,2023,1,NYN,NL,4,2,40,0,0,0,14,132,31,10,5.0,13,48,0.199,2.05,1.0,4.0,2.0,0.0,172.0,26.0,13,1.0,0.0,5.0
roberda08,2023,2,MIA,NL,2,4,22,0,0,0,4,64,22,12,2.0,12,30,0.262,5.06,1.0,1.0,1.0,0.0,97.0,10.0,15,0.0,0.0,2.0
roberda08,2024,1,TEX,AL,3,4,68,0,0,0,2,216,53,24,5.0,27,99,0.202,3.0,4.0,8.0,5.0,1.0,296.0,8.0,25,0.0,1.0,4.0
roberda08,2025,1,PHI,NL,2,0,20,0,0,0,2,53,18,8,4.0,8,22,0.257,4.08,1.0,0.0,0.0,0.0,78.0,4.0,9,0.0,0.0,0.0
roberda10,2021,1,MIL,NL,0,0,1,0,0,0,0,3,1,0,0.0,0,0,0.25,0.0,0.0,0.0,0.0,0.0,4.0,1.0,0,0.0,0.0,0.0
roberda11,2024,1,TEX,AL,1,0,4,0,0,0,0,17,6,2,1.0,2,6,0.273,3.18,0.0,0.0,2.0,0.0,26.0,0.0,2,0.0,0.0,1.0
roberda11,2025,1,PHI,NL,0,0,15,0,0,0,0,39,11,6,2.0,10,15,0.224,4.15,0.0,0.0,0.0,0.0,59.0,5.0,7,0.0,0.0,1.0
roberet01,2022,1,CHN,NL,0,1,9,0,0,0,0,23,10,7,3.0,6,9,0.323,8.22,0.0,0.0,1.0,0.0,38.0,3.0,7,0.0,0.0,2.0
roberet01,2024,1,CHN,NL,1,1,21,0,0,0,0,80,31,11,3.0,10,26,0.29,3.71,0.0,1.0,1.0,0.0,118.0,6.0,11,0.0,0.0,2.0
roberet01,2025,1,CHN,NL,1,0,10,0,0,0,0,27,10,6,3.0,2,6,0.286,6.0,0.0,1.0,1.0,0.0,39.0,3.0,6,0.0,1.0,0.0
roberni01,2023,1,LAN,NL,0,1,9,0,0,0,0,31,17,7,1.0,4,13,0.37,6.1,0.0,0.0,0.0,0.0,50.0,2.0,10,0.0,0.0,3.0
roberni01,2023,2,BOS,AL,0,0,9,1,0,0,0,36,13,8,2.0,5,13,0.265,6.0,2.0,0.0,0.0,0.0,56.0,4.0,9,0.0,1.0,0.0
roberni01,2024,1,SLN,NL,0,0,8,0,0,0,0,37,15,6,3.0,2,14,0.306,4.38,0.0,0.0,0.0,0.0,52.0,6.0,6,0.0,1.0,1.0
roberni01,2024,2,TOR,AL,0,0,1,0,0,0,0,3,0,0,0.0,0,0,0.0,0.0,0.0,0.0,0.0,0.0,3.0,1.0,0,0.0,0.0,0.0
robleha01,2020,1,LAA,AL,0,2,18,0,0,0,1,50,19,19,4.0,10,20,0.284,10.26,0.0,1.0,1.0,0.0,80.0,5.0,20,1.0,1.0,0.0
robleha01,2021,1,MIN,AL,3,4,45,0,0,0,10,132,37,24,6.0,24,43,0.231,4.91,1.0,2.0,3.0,0.0,188.0,16.0,28,1.0,0.0,6.0
robleha01,2021,2,BOS,AL,0,1,27,0,0,0,4,75,21,10,2.0,13,33,0.223,3.6,2.0,2.0,2.0,1.0,109.0,5.0,11,0.0,0.0,2.0
robleha01,2022,1,BOS,AL,1,3,26,0,0,0,2,74,25,16,5.0,14,21,0.26,5.84,1.0,0.0,0.0,2.0,111.0,8.0,19,0.0,1.0,2.0
rockeku01,2024,1,TEX,AL,0,2,3,3,0,0,0,35,12,5,1.0,6,14,0.267,3.86,0.0,1.0,1.0,0.0,55.0,0.0,6,1.0,2.0,0.0
rockeku01,2025,1,TEX,AL,4,5,14,14,0,0,0,193,71,41,11.0,23,56,0.277,5.74,0.0,6.0,4.0,0.0,287.0,0.0,42,1.0,3.0,4.0
rockjo01,2025,1,TBA,AL,0,0,3,0,0,0,0,23,7,2,1.0,2,11,0.226,2.35,0.0,0.0,2.0,0.0,35.0,2.0,2,0.0,0.0,0.0
rodonca01,2020,1,CHA,AL,0,2,4,2,0,0,0,23,9,7,1.0,3,6,0.29,8.22,0.0,1.0,1.0,0.0,35.0,0.0,7,0.0,0.0,1.0
rodonca01,2021,1,CHA,AL,13,5,24,24,1,1,0,398,91,35,13.0,36,185,0.189,2.37,1.0,7.0,8.0,0.0,534.0,0.0,39,3.0,5.0,5.0
rodonca01,2022,1,SFN,NL,14,8,31,31,1,0,0,534,131,57,12.0,52,237,0.202,2.88,0.0,10.0,3.0,0.0,710.0,0.0,59,2.0,3.0,10.0
rodonca01,2023,1,NYA,AL,3,8,14,14,0,0,0,193,65,49,15.0,28,64,0.261,6.85,0.0,9.0,4.0,0.0,286.0,0.0,51,0.0,4.0,3.0
rodonca01,2024,1,NYA,AL,16,9,32,32,0,0,0,525,157,77,31.0,57,195,0.235,3.96,0.0,3.0,10.0,2.0,736.0,0.0,81,0.0,2.0,8.0
rodonca01,2025,1,NYA,AL,18,9,33,33,0,0,0,586,132,67,22.0,73,203,0.188,3.09,0.0,4.0,9.0,0.0,789.0,0.0,74,3.0,3.0,12.0
rodribr01,2025,1,SDN,NL,1,0,7,0,0,0,0,23,4,1,0.0,3,9,0.16,1.17,1.0,0.0,3.0,0.0,31.0,3.0,1,0.0,0.0,2.0
rodrica02,2024,1,MIL,NL,0,3,3,3,0,0,0,37,19,10,3.0,3,9,0.365,7.3,0.0,0.0,0.0,0.0,57.0,0.0,11,1.0,1.0,0.0
rodrica02,2025,1,MIL,NL,1,0,4,0,0,0,0,29,13,7,1.0,9,11,0.317,6.52,0.0,1.0,0.0,0.0,50.0,3.0,7,0.0,0.0,1.0
rodrich01,2021,1,LAA,AL,2,1,15,2,0,0,0,89,28,12,0.0,15,29,0.243,3.64,0.0,1.0,4.0,0.0,134.0,1.0,14,0.0,0.0,2.0
rodride01,2020,1,SFN,NL,0,0,2,0,0,0,0,12,10,6,2.0,3,2,0.476,13.5,0.0,0.0,0.0,0.0,24.0,0.0,6,0.0,0.0,0.0
rodride01,2022,1,MIN,AL,0,1,2,0,0,0,0,23,7,3,3.0,4,4,0.25,3.52,1.0,0.0,0.0,0.0,34.0,1.0,5,2.0,0.0,0.0
rodride01,2023,1,MIN,AL,0,0,1,0,0,0,0,2,1,1,0.0,1,0,0.5,13.5,0.0,0.0,0.0,0.0,4.0,1.0,1,0.0,1.0,0.0
rodride01,2023,2,ATL,NL,0,0,3,0,0,0,0,14,8,8,2.0,4,1,0.364,15.43,0.0,1.0,0.0,0.0,26.0,2.0,8,0.0,0.0,0.0
rodried05,2021,1,BOS,AL,13,8,32,31,0,0,0,473,172,83,19.0,47,185,0.277,4.74,0.0,0.0,2.0,1.0,675.0,0.0,87,2.0,2.0,14.0
rodried05,2022,1,DET,AL,5,5,17,17,0,0,0,273,87,41,12.0,34,72,0.247,4.05,0.0,1.0,2.0,0.0,391.0,0.0,49,2.0,1.0,10.0
rodried05,2023,1,DET,AL,13,9,26,26,0,0,0,458,128,56,15.0,48,143,0.227,3.3,0.0,3.0,3.0,0.0,621.0,0.0,59,1.0,6.0,11.0
rodried05,2024,1,ARI,NL,3,4,10,10,0,0,0,150,56,28,8.0,19,47,0.277,5.04,1.0,0.0,1.0,0.0,224.0,0.0,29,1.0,1.0,2.0
rodried05,2025,1,ARI,NL,9,9,29,29,0,0,0,463,178,86,25.0,60,143,0.285,5.02,2.0,4.0,1.0,1.0,694.0,0.0,94,4.0,5.0,8.0
rodriel02,2022,1,DET,AL,0,4,7,5,0,0,0,89,42,35,12.0,15,25,0.331,10.62,1.0,1.0,1.0,0.0,143.0,0.0,35,0.0,0.0,3.0
rodriel02,2023,1,TBA,AL,0,0,1,0,0,0,0,10,0,0,0.0,0,5,0.0,0.0,0.0,0.0,0.0,0.0,10.0,1.0,0,0.0,0.0,0.0
rodriel02,2025,1,MIL,NL,0,2,6,2,0,0,0,56,23,18,7.0,7,17,0.303,8.68,0.0,0.0,1.0,0.0,84.0,3.0,18,0.0,0.0,1.0
rodriel02,2025,2,BAL,AL,0,0,1,0,0,0,0,3,3,2,2.0,0,1,0.5,18.0,0.0,0.0,0.0,0.0,6.0,1.0,2,0.0,0.0,0.0
rodrigr01,2023,1,BAL,AL,7,4,23,23,0,0,0,366,121,59,16.0,42,129,0.259,4.35,0.0,4.0,2.0,0.0,515.0,0.0,62,0.0,3.0,14.0
rodrigr01,2024,1,BAL,AL,13,4,20,20,0,0,0,350,109,50,15.0,36,130,0.243,3.86,0.0,6.0,5.0,0.0,491.0,0.0,52,0.0,1.0,10.0
rodrije01,2021,1,WAS,NL,0,0,14,1,0,0,0,73,25,16,6.0,17,20,0.266,5.92,0.0,4.0,1.0,0.0,112.0,10.0,16,0.0,0.0,4.0
rodrijo04,2020,1,TEX,AL,0,0,12,0,0,0,0,38,8,3,0.0,5,17,0.174,2.13,0.0,1.0,0.0,0.0,52.0,2.0,3,1.0,0.0,0.0
rodrijo04,2021,1,TEX,AL,1,3,31,0,0,0,1,82,32,18,3.0,12,30,0.288,5.93,1.0,1.0,0.0,0.0,128.0,6.0,19,1.0,2.0,1.0
rodrijo04,2021,2,NYA,AL,1,0,21,0,0,0,0,57,21,6,1.0,6,17,0.304,2.84,0.0,2.0,0.0,1.0,79.0,2.0,8,1.0,3.0,3.0
rodrijo04,2022,1,NYN,NL,2,4,55,0,0,0,0,151,42,25,3.0,26,57,0.226,4.47,1.0,2.0,1.0,0.0,216.0,9.0,28,2.0,1.0,5.0
rodrijo04,2023,1,BOS,AL,0,0,11,0,0,0,0,33,13,8,2.0,6,14,0.289,6.55,0.0,0.0,0.0,0.0,51.0,1.0,9,0.0,0.0,0.0
rodrijo04,2024,1,BOS,AL,0,1,14,0,0,0,0,41,19,9,3.0,2,12,0.317,5.93,0.0,1.0,1.0,0.0,64.0,2.0,13,0.0,1.0,1.0
rodrijo06,2020,1,LAA,AL,0,0,1,0,0,0,0,5,2,0,0.0,1,0,0.286,0.0,0.0,0.0,0.0,0.0,8.0,0.0,0,0.0,0.0,0.0
rodrijo06,2023,1,SEA,AL,0,0,1,0,0,0,0,9,3,3,0.0,1,1,0.273,9.0,0.0,0.0,0.0,0.0,12.0,1.0,3,0.0,0.0,0.0
rodrima01,2021,1,CHN,NL,3,3,20,0,0,0,1,53,18,12,3.0,12,16,0.257,6.11,1.0,1.0,1.0,0.0,83.0,8.0,18,0.0,0.0,3.0
rodrima01,2022,1,CHN,NL,2,0,14,0,0,0,4,41,10,5,1.0,9,8,0.208,3.29,0.0,2.0,0.0,0.0,57.0,5.0,6,0.0,0.0,3.0
rodrima01,2024,1,TBA,AL,3,4,40,0,0,0,2,113,29,9,3.0,11,34,0.209,2.15,1.0,2.0,5.0,0.0,158.0,12.0,13,2.0,1.0,4.0
rodrima01,2025,1,TBA,AL,1,2,31,0,0,0,0,91,26,7,2.0,6,25,0.232,2.08,0.0,1.0,1.0,0.0,121.0,4.0,9,1.0,1.0,4.0
rodrini01,2020,1,HOU,AL,0,1,5,0,0,0,0,26,15,6,3.0,6,8,0.385,6.23,1.0,1.0,0.0,0.0,46.0,3.0,7,0.0,1.0,1.0
rodrini01,2021,1,HOU,AL,0,0,4,0,0,0,0,22,4,2,2.0,4,3,0.167,2.45,0.0,0.0,3.0,0.0,31.0,4.0,2,0.0,0.0,2.0
rodrira02,2024,1,SFN,NL,3,2,35,1,0,0,0,157,47,25,4.0,18,53,0.239,4.3,0.0,4.0,3.0,0.0,221.0,8.0,29,1.0,2.0,3.0
rodrira02,2025,1,SFN,NL,3,5,50,0,0,0,4,152,34,10,4.0,11,67,0.187,1.78,0.0,2.0,4.0,0.0,198.0,15.0,12,0.0,1.0,3.0
rodriri05,2020,1,PIT,NL,3,2,24,0,0,0,4,70,15,7,3.0,5,34,0.179,2.7,0.0,3.0,2.0,0.0,93.0,15.0,8,0.0,1.0,1.0
rodriri05,2021,1,PIT,NL,4,2,37,0,0,0,14,115,27,12,2.0,5,33,0.194,2.82,0.0,2.0,1.0,1.0,145.0,33.0,12,0.0,0.0,1.0
rodriri05,2021,2,ATL,NL,1,2,27,0,0,0,0,78,23,9,6.0,5,9,0.23,3.12,1.0,2.0,1.0,0.0,106.0,3.0,9,0.0,0.0,1.0
rodriya01,2024,1,TOR,AL,1,8,21,21,0,0,0,260,74,43,11.0,40,85,0.228,4.47,0.0,0.0,3.0,2.0,368.0,0.0,46,0.0,1.0,6.0
rodriya01,2025,1,TOR,AL,3,2,66,1,0,0,2,219,50,25,8.0,34,66,0.196,3.08,3.0,2.0,6.0,2.0,298.0,17.0,26,2.0,1.0,7.0
rodriye01,2022,1,TEX,AL,0,0,1,0,0,0,0,3,1,0,0.0,0,1,0.25,0.0,0.0,1.0,0.0,0.0,4.0,0.0,0,0.0,0.0,0.0
rodriye01,2023,1,TEX,AL,0,1,13,1,0,0,0,41,20,12,1.0,6,15,0.339,7.9,1.0,1.0,0.0,0.0,66.0,8.0,12,0.0,1.0,0.0
rodriye01,2024,1,TEX,AL,1,0,12,0,0,0,0,51,16,13,5.0,11,12,0.242,6.88,1.0,2.0,1.0,0.0,78.0,4.0,13,0.0,0.0,1.0
rodriye01,2024,2,TOR,AL,0,0,4,0,0,0,0,14,10,8,2.0,2,5,0.455,15.43,0.0,0.0,1.0,0.0,27.0,2.0,9,0.0,2.0,0.0
roech01,2020,1,TBA,AL,2,0,10,0,0,0,1,28,10,3,0.0,3,9,0.294,2.89,0.0,0.0,1.0,0.0,39.0,4.0,4,0.0,1.0,2.0
roech01,2021,1,TBA,AL,0,0,1,0,0,0,0,2,1,2,0.0,1,2,0.333,27.0,0.0,0.0,0.0,0.0,4.0,0.0,2,0.0,0.0,0.0
rogerja03,2021,1,DET,AL,0,0,1,0,0,0,0,3,2,2,0.0,1,0,0.4,18.0,0.0,0.0,0.0,0.0,6.0,0.0,2,0.0,0.0,0.0
rogerja03,2025,1,DET,AL,0,0,4,0,0,0,0,11,5,1,0.0,0,0,0.357,2.45,0.0,0.0,1.0,0.0,16.0,4.0,1,0.0,1.0,1.0
rogerjo01,2021,1,WAS,NL,2,2,6,6,0,0,0,107,32,13,7.0,14,22,0.241,3.28,0.0,0.0,2.0,0.0,151.0,0.0,13,1.0,1.0,4.0
rogerjo01,2022,1,WAS,NL,2,2,16,3,0,0,0,79,24,15,6.0,11,12,0.238,5.13,0.0,0.0,0.0,0.0,113.0,4.0,15,1.0,0.0,0.0
rogerjo01,2024,1,COL,NL,2,0,6,0,0,0,0,33,15,8,1.0,3,3,0.349,6.55,1.0,0.0,2.0,0.0,50.0,2.0,8,0.0,2.0,2.0
rogerta01,2020,1,MIN,AL,2,4,21,0,0,0,9,60,26,9,2.0,4,24,0.302,4.05,0.0,1.0,1.0,0.0,91.0,16.0,14,0.0,0.0,1.0
rogerta01,2021,1,MIN,AL,2,4,40,0,0,0,9,121,38,15,4.0,8,59,0.247,3.35,2.0,3.0,0.0,0.0,166.0,15.0,18,2.0,2.0,5.0
rogerta01,2022,1,SDN,NL,1,5,42,0,0,0,28,124,37,20,1.0,9,48,0.239,4.35,1.0,0.0,8.0,0.0,174.0,35.0,22,0.0,2.0,4.0
rogerta01,2022,2,MIL,NL,3,3,24,0,0,0,3,69,20,14,6.0,10,36,0.238,5.48,1.0,1.0,3.0,0.0,100.0,5.0,16,1.0,2.0,1.0
rogerta01,2023,1,SFN,NL,6,4,60,0,0,0,2,155,39,22,6.0,25,64,0.211,3.83,3.0,3.0,3.0,0.0,216.0,12.0,27,1.0,2.0,5.0
rogerta01,2024,1,SFN,NL,1,4,64,0,0,0,0,180,53,16,7.0,22,64,0.237,2.4,0.0,0.0,2.0,0.0,249.0,16.0,22,0.0,1.0,8.0
rogerta01,2025,1,CIN,NL,2,2,40,0,0,0,0,99,29,9,3.0,19,34,0.24,2.45,2.0,0.0,2.0,0.0,146.0,4.0,15,1.0,3.0,3.0
rogerta01,2025,2,CHN,NL,1,0,17,0,0,0,0,53,18,10,4.0,4,19,0.261,5.09,0.0,0.0,1.0,0.0,75.0,4.0,10,0.0,1.0,1.0
rogertr01,2020,1,MIA,NL,1,2,7,7,0,0,0,84,32,19,5.0,13,39,0.283,6.11,0.0,0.0,2.0,1.0,130.0,0.0,20,0.0,2.0,2.0
rogertr01,2021,1,MIA,NL,7,8,25,25,0,0,0,399,107,39,6.0,46,157,0.218,2.64,2.0,4.0,5.0,1.0,550.0,0.0,46,6.0,2.0,8.0
rogertr01,2022,1,MIA,NL,4,11,23,23,0,0,0,321,116,65,15.0,45,106,0.274,5.47,0.0,5.0,5.0,0.0,477.0,0.0,69,0.0,4.0,10.0
rogertr01,2023,1,MIA,NL,1,2,4,4,0,0,0,54,16,8,2.0,6,19,0.229,4.0,0.0,0.0,3.0,0.0,79.0,0.0,9,0.0,0.0,0.0
rogertr01,2024,1,MIA,NL,2,9,21,21,0,0,0,316,115,53,12.0,46,85,0.276,4.53,2.0,1.0,3.0,1.0,472.0,0.0,58,0.0,6.0,6.0
rogertr01,2024,2,BAL,AL,0,2,4,4,0,0,0,57,25,15,2.0,10,12,0.338,7.11,0.0,0.0,1.0,0.0,90.0,0.0,16,1.0,4.0,2.0
rogertr01,2025,1,BAL,AL,9,3,18,18,1,0,0,329,70,22,6.0,29,103,0.18,1.81,0.0,0.0,2.0,1.0,423.0,0.0,23,2.0,2.0,9.0
rogerty01,2020,1,SFN,NL,3,3,29,0,0,0,3,84,31,14,2.0,6,27,0.277,4.5,0.0,0.0,4.0,0.0,123.0,6.0,16,1.0,0.0,3.0
rogerty01,2021,1,SFN,NL,7,1,80,0,0,0,13,243,74,20,5.0,13,55,0.243,2.22,0.0,0.0,5.0,0.0,326.0,18.0,23,1.0,2.0,9.0
rogerty01,2022,1,SFN,NL,3,4,68,0,0,0,0,227,73,30,3.0,23,49,0.253,3.57,0.0,1.0,5.0,1.0,319.0,8.0,34,0.0,2.0,9.0
rogerty01,2023,1,SFN,NL,4,5,68,0,0,0,2,222,66,25,7.0,19,60,0.236,3.04,2.0,0.0,3.0,0.0,309.0,8.0,27,3.0,2.0,5.0
rogerty01,2024,1,SFN,NL,3,4,77,0,0,0,1,211,67,22,7.0,6,51,0.245,2.82,2.0,1.0,7.0,0.0,290.0,13.0,23,1.0,2.0,7.0
rogerty01,2025,1,SFN,NL,4,3,53,0,0,0,0,150,39,10,3.0,4,38,0.212,1.8,0.0,0.0,0.0,0.0,188.0,9.0,11,0.0,0.0,2.0
rogerty01,2025,2,NYN,NL,0,3,28,0,0,0,0,82,27,7,1.0,3,10,0.257,2.3,0.0,0.0,1.0,0.0,111.0,4.0,9,0.0,2.0,2.0
rojasjo01,2023,1,ARI,NL,0,0,2,0,0,0,0,6,6,4,0.0,1,1,0.5,18.0,0.0,0.0,0.0,0.0,13.0,2.0,4,0.0,0.0,0.0
rojasjo01,2024,1,SEA,AL,0,0,2,0,0,0,0,6,1,2,1.0,2,0,0.167,9.0,0.0,0.0,0.0,0.0,8.0,2.0,2,0.0,0.0,1.0
rojasmi02,2023,1,LAN,NL,0,0,3,0,0,0,0,9,3,2,0.0,1,0,0.25,6.0,0.0,0.0,1.0,0.0,14.0,3.0,2,0.0,0.0,1.0
rojasmi02,2024,1,LAN,NL,0,0,1,0,0,0,0,3,1,0,0.0,0,0,0.25,0.0,0.0,0.0,0.0,0.0,4.0,0.0,0,0.0,0.0,0.0
rojasmi02,2025,1,LAN,NL,0,0,4,0,0,0,0,15,11,7,3.0,2,0,0.44,12.6,0.0,0.0,1.0,0.0,28.0,4.0,7,0.0,0.0,1.0
rolisry01,2025,1,COL,NL,1,0,31,1,0,0,0,127,55,33,11.0,20,25,0.324,7.02,0.0,1.0,0.0,1.0,193.0,10.0,35,1.0,2.0,8.0
romanjo03,2020,1,TOR,AL,2,1,15,0,0,0,2,44,8,2,2.0,5,21,0.154,1.23,0.0,0.0,0.0,0.0,57.0,3.0,3,0.0,0.0,0.0
romanjo03,2021,1,TOR,AL,7,1,62,0,0,0,23,189,41,15,7.0,25,85,0.181,2.14,0.0,2.0,1.0,0.0,253.0,43.0,17,1.0,0.0,1.0
romanjo03,2022,1,TOR,AL,5,4,63,0,0,0,36,192,44,15,4.0,21,73,0.19,2.11,4.0,0.0,4.0,0.0,258.0,52.0,18,0.0,0.0,5.0
romanjo03,2023,1,TOR,AL,5,7,59,0,0,0,36,177,48,19,6.0,24,72,0.218,2.9,5.0,0.0,2.0,1.0,248.0,49.0,20,2.0,0.0,3.0
romanjo03,2024,1,TOR,AL,1,2,15,0,0,0,8,41,16,10,4.0,4,13,0.286,6.59,1.0,0.0,1.0,0.0,62.0,14.0,10,1.0,0.0,0.0
romanjo03,2025,1,PHI,NL,2,4,49,0,0,0,8,128,45,39,10.0,17,47,0.276,8.23,1.0,0.0,3.0,1.0,187.0,14.0,40,0.0,4.0,2.0
romansa01,2020,1,CIN,NL,1,0,2,0,0,0,0,4,0,0,0.0,0,0,0.0,0.0,0.0,0.0,0.0,0.0,4.0,1.0,0,0.0,0.0,0.0
romansa01,2021,1,CIN,NL,0,0,14,0,0,0,0,62,20,12,4.0,9,12,0.244,5.23,2.0,0.0,0.0,1.0,91.0,5.0,14,0.0,0.0,3.0
romansa01,2021,2,MIL,NL,0,1,1,0,0,0,0,3,4,3,1.0,0,0,0.571,27.0,0.0,0.0,0.0,0.0,7.0,1.0,4,0.0,0.0,0.0
romansa01,2021,3,NYA,AL,0,1,4,0,0,0,0,10,7,2,0.0,2,5,,5.4,0.0,0.0,1.0,0.0,20.0,0.0,2,0.0,0.0,
romdr01,2023,1,SLN,NL,1,4,8,8,0,0,0,101,51,30,7.0,19,32,0.34,8.02,0.0,1.0,0.0,0.0,170.0,0.0,34,0.0,1.0,2.0
romerjh01,2021,1,WAS,NL,0,0,5,0,0,0,0,12,5,2,0.0,0,3,0.313,4.5,0.0,0.0,0.0,0.0,17.0,1.0,2,0.0,1.0,0.0
romerjh01,2022,1,MIN,AL,0,0,4,0,0,0,0,15,9,2,0.0,1,6,0.391,3.6,0.0,0.0,0.0,0.0,24.0,3.0,2,0.0,0.0,1.0
romerjo01,2020,1,PHI,NL,0,0,12,0,0,0,0,32,13,9,1.0,2,10,0.31,7.59,0.0,0.0,2.0,0.0,47.0,2.0,10,1.0,0.0,2.0
romerjo01,2021,1,PHI,NL,0,0,11,0,0,0,0,27,12,7,4.0,4,8,0.308,7.0,1.0,0.0,1.0,0.0,44.0,1.0,8,0.0,0.0,3.0
romerjo01,2022,1,PHI,NL,0,0,2,0,0,0,0,6,4,3,1.0,1,1,0.444,13.5,0.0,0.0,0.0,0.0,10.0,1.0,3,0.0,0.0,1.0
romerjo01,2022,2,SLN,NL,0,0,15,0,0,0,0,43,9,6,2.0,9,16,0.191,3.77,0.0,0.0,0.0,0.0,57.0,4.0,6,1.0,0.0,4.0
romerjo01,2023,1,SLN,NL,4,2,27,0,0,0,3,110,29,15,1.0,10,42,0.216,3.68,0.0,2.0,1.0,0.0,147.0,13.0,17,1.0,1.0,5.0
romerjo01,2024,1,SLN,NL,7,3,65,0,0,0,1,177,52,22,8.0,16,51,0.236,3.36,0.0,1.0,5.0,0.0,243.0,7.0,23,1.0,1.0,5.0
romerjo01,2025,1,SLN,NL,4,6,65,0,0,0,8,183,47,14,2.0,29,55,0.216,2.07,5.0,2.0,2.0,0.0,255.0,16.0,21,3.0,3.0,6.0
romerse01,2020,1,WAS,NL,0,0,3,0,0,0,0,8,5,4,1.0,3,5,0.333,13.5,0.0,1.0,0.0,0.0,18.0,0.0,4,0.0,0.0,0.0
romerto01,2022,1,TBA,AL,1,0,3,1,0,0,0,14,3,4,2.0,5,5,0.188,7.71,0.0,0.0,0.0,0.0,21.0,1.0,4,0.0,0.0,0.0
romerto01,2022,2,WAS,NL,0,1,1,1,0,0,0,11,8,6,5.0,4,2,0.421,14.73,0.0,0.0,0.0,0.0,23.0,0.0,8,0.0,0.0,1.0
rominan01,2021,1,CHN,NL,0,0,1,0,0,0,0,3,2,1,1.0,0,1,0.4,9.0,0.0,0.0,0.0,0.0,5.0,1.0,1,0.0,0.0,0.0
romose01,2020,1,MIN,AL,1,2,24,0,0,0,5,60,16,9,3.0,7,23,0.211,4.05,0.0,0.0,3.0,0.0,87.0,7.0,9,0.0,1.0,0.0
romose01,2021,1,OAK,AL,1,1,66,0,0,0,3,185,56,32,9.0,21,60,0.238,4.67,2.0,1.0,2.0,0.0,259.0,18.0,33,0.0,1.0,4.0
romose01,2022,1,SEA,AL,0,0,17,0,0,0,0,43,18,13,6.0,4,11,0.305,8.16,0.0,2.0,0.0,0.0,65.0,3.0,13,0.0,1.0,1.0
romose01,2022,2,TOR,AL,0,1,6,0,0,0,0,11,1,2,1.0,2,3,0.083,4.91,1.0,0.0,0.0,0.0,14.0,2.0,3,0.0,0.0,0.0
rondoan01,2021,1,SLN,NL,0,0,2,0,0,0,0,6,1,0,0.0,1,1,0.167,0.0,0.0,0.0,0.0,0.0,7.0,1.0,0,0.0,0.0,1.0
rondoan01,2022,1,SLN,NL,1,0,1,0,0,0,0,15,1,0,0.0,3,4,0.059,0.0,0.0,0.0,0.0,0.0,20.0,0.0,0,0.0,0.0,0.0
rondohe01,2020,1,ARI,NL,1,0,23,0,0,0,0,60,25,17,6.0,11,23,0.298,7.65,2.0,3.0,1.0,0.0,97.0,5.0,18,0.0,1.0,0.0
roonejo01,2025,1,HOU,AL,0,0,1,0,0,0,0,4,1,1,1.0,1,2,0.2,6.75,0.0,0.0,0.0,0.0,6.0,0.0,1,0.0,0.0,0.0
rortvbe01,2024,1,TBA,AL,0,0,1,0,0,0,0,6,3,1,1.0,2,1,0.333,4.5,0.0,0.0,0.0,0.0,11.0,1.0,1,0.0,0.0,0.0
rosaram01,2025,1,WAS,NL,0,0,1,0,0,0,0,3,5,4,1.0,2,0,0.625,36.0,0.0,0.0,0.0,0.0,10.0,1.0,4,0.0,0.0,0.0
rosarra01,2020,1,KCA,AL,0,1,4,0,0,0,0,10,7,3,1.0,3,4,0.438,8.1,0.0,1.0,1.0,0.0,21.0,1.0,3,0.0,1.0,0.0
rosenke01,2022,1,LAA,AL,0,0,3,1,0,0,0,32,9,5,1.0,6,8,0.225,4.22,0.0,0.0,0.0,0.0,47.0,1.0,5,0.0,1.0,0.0
rosenke01,2023,1,LAA,AL,2,2,7,3,0,0,0,99,35,14,3.0,14,29,0.267,3.82,1.0,0.0,1.0,1.0,146.0,1.0,14,0.0,0.0,1.0
rosenke01,2024,1,LAA,AL,0,1,7,1,0,0,0,72,28,16,5.0,8,17,0.292,6.0,1.0,2.0,0.0,0.0,104.0,3.0,17,0.0,0.0,3.0
rosentr01,2020,1,KCA,AL,0,0,14,0,0,0,7,41,9,5,2.0,7,21,0.188,3.29,0.0,0.0,1.0,1.0,56.0,9.0,5,0.0,0.0,2.0
rosentr01,2020,2,SDN,NL,1,0,9,0,0,0,4,30,3,0,0.0,1,17,0.091,0.0,0.0,0.0,0.0,0.0,35.0,9.0,1,0.0,1.0,0.0
rosscza01,2021,1,COL,NL,0,0,4,0,0,0,0,9,3,1,1.0,1,4,0.3,3.0,0.0,0.0,1.0,0.0,13.0,4.0,1,0.0,1.0,0.0
rossjo01,2021,1,WAS,NL,5,9,20,19,0,0,0,324,98,50,17.0,34,109,0.237,4.17,4.0,0.0,8.0,0.0,460.0,0.0,57,3.0,2.0,7.0
rossjo01,2024,1,MIL,NL,3,6,25,10,0,0,0,222,72,31,7.0,29,66,0.25,3.77,1.0,1.0,1.0,0.0,321.0,8.0,35,0.0,3.0,3.0
rossjo01,2025,1,PHI,NL,2,1,37,1,0,0,0,153,57,29,8.0,18,39,0.282,5.12,1.0,0.0,3.0,0.0,228.0,9.0,30,1.0,4.0,2.0
rossmbu01,2022,1,PHI,NL,0,0,1,0,0,0,0,3,1,2,1.0,1,1,0.25,18.0,0.0,0.0,0.0,0.0,5.0,1.0,2,0.0,0.0,0.0
rossora01,2020,1,PHI,NL,0,1,7,1,0,0,0,29,9,7,1.0,8,11,0.243,6.52,0.0,3.0,1.0,1.0,46.0,3.0,7,0.0,0.0,1.0
rossora01,2021,1,PHI,NL,0,0,7,0,0,0,0,24,10,5,2.0,3,7,0.313,5.63,0.0,2.0,0.0,1.0,35.0,2.0,6,0.0,0.0,3.0
rouppla01,2024,1,SFN,NL,1,2,23,4,0,0,0,151,43,20,2.0,26,47,0.226,3.58,0.0,3.0,1.0,2.0,217.0,3.0,21,0.0,0.0,3.0
rouppla01,2025,1,SFN,NL,7,7,22,22,0,0,0,320,113,45,11.0,45,102,0.268,3.8,1.0,7.0,3.0,1.0,476.0,0.0,55,2.0,4.0,6.0
rowenbe01,2021,1,LAA,AL,0,0,8,0,0,0,0,34,12,7,3.0,2,8,0.273,5.56,0.0,0.0,2.0,0.0,49.0,5.0,8,0.0,1.0,1.0
roycrch01,2024,1,SLN,NL,1,2,27,0,0,0,0,103,31,16,2.0,17,33,0.238,4.19,0.0,1.0,4.0,0.0,155.0,13.0,19,1.0,3.0,3.0
roycrch01,2025,1,SLN,NL,1,3,20,0,0,0,0,62,26,18,2.0,12,15,0.306,7.84,1.0,3.0,1.0,0.0,101.0,10.0,21,1.0,2.0,0.0
rucindr01,2023,1,OAK,AL,0,4,4,4,0,0,0,54,27,18,5.0,14,6,0.346,9.0,0.0,0.0,1.0,0.0,95.0,0.0,22,0.0,2.0,2.0
ruckemi01,2021,1,CHN,NL,0,0,20,0,0,0,1,85,32,22,5.0,11,30,0.286,6.99,0.0,0.0,2.0,0.0,126.0,6.0,25,0.0,1.0,4.0
ruckemi01,2022,1,CHN,NL,3,1,41,0,0,0,0,164,50,24,8.0,20,50,0.242,3.95,0.0,4.0,0.0,0.0,229.0,9.0,25,0.0,2.0,6.0
ruckemi01,2023,1,CHN,NL,2,1,35,0,0,0,0,121,39,22,6.0,19,40,0.257,4.91,0.0,1.0,3.0,0.0,176.0,12.0,22,0.0,2.0,6.0
rufda01,2021,1,SFN,NL,0,0,1,0,0,0,0,3,3,2,0.0,0,0,0.6,18.0,0.0,0.0,0.0,0.0,6.0,1.0,2,0.0,1.0,0.0
rufda01,2022,2,NYN,NL,0,0,1,0,0,0,0,6,1,0,0.0,0,0,0.143,0.0,0.0,0.0,0.0,0.0,7.0,1.0,0,0.0,0.0,0.0
ruizjo01,2020,1,CHA,AL,0,0,5,0,0,0,0,12,2,1,1.0,0,5,0.143,2.25,0.0,0.0,0.0,0.0,14.0,4.0,1,0.0,0.0,0.0
ruizjo01,2021,1,CHA,AL,1,3,59,0,0,0,0,195,51,22,8.0,25,63,0.21,3.05,1.0,2.0,0.0,2.0,271.0,23.0,26,1.0,2.0,4.0
ruizjo01,2022,1,CHA,AL,1,0,63,0,0,0,0,182,53,31,9.0,33,68,0.231,4.6,0.0,4.0,0.0,1.0,265.0,21.0,32,0.0,3.0,3.0
ruizjo01,2023,1,CHA,AL,0,0,4,0,0,0,0,11,8,9,3.0,4,3,0.421,22.09,0.0,0.0,2.0,1.0,25.0,1.0,9,0.0,0.0,0.0
ruizjo01,2023,2,ARI,NL,2,1,34,1,0,0,0,122,44,20,7.0,17,36,0.277,4.43,1.0,3.0,4.0,0.0,182.0,13.0,22,0.0,2.0,4.0
ruizjo01,2024,1,PHI,NL,5,1,52,0,0,0,1,153,51,21,8.0,17,52,0.26,3.71,1.0,0.0,1.0,0.0,217.0,16.0,23,0.0,3.0,6.0
ruizjo01,2025,1,PHI,NL,1,0,16,0,0,0,0,43,21,13,3.0,6,12,0.35,8.16,0.0,0.0,0.0,0.0,68.0,2.0,14,0.0,2.0,0.0
ruizjo01,2025,2,ATL,NL,0,0,2,0,0,0,0,6,2,3,0.0,3,3,0.25,13.5,0.0,0.0,0.0,1.0,11.0,0.0,3,0.0,0.0,0.0
ruizno01,2022,1,OAK,AL,0,1,14,0,0,0,0,57,30,15,4.0,7,18,0.361,7.11,0.0,2.0,2.0,0.0,94.0,6.0,16,0.0,2.0,2.0
rusinch01,2020,1,ATL,NL,0,0,1,0,0,0,0,10,6,3,1.0,3,3,0.429,8.1,0.0,0.0,0.0,0.0,17.0,0.0,3,0.0,0.0,0.0
rutleja01,2023,1,WAS,NL,1,1,4,4,0,0,0,60,24,15,4.0,6,12,0.304,6.75,0.0,1.0,2.0,0.0,88.0,0.0,15,0.0,1.0,1.0
rutleja01,2024,1,WAS,NL,0,0,3,1,0,0,0,25,8,3,1.0,2,9,0.258,3.24,0.0,0.0,1.0,0.0,34.0,1.0,3,0.0,0.0,1.0
rutleja01,2025,1,WAS,NL,4,2,63,0,0,0,0,220,87,47,16.0,24,65,0.297,5.77,0.0,6.0,7.0,0.0,330.0,17.0,49,1.0,5.0,6.0
ryanjo04,2021,1,MIN,AL,2,1,5,5,0,0,0,80,16,12,4.0,5,30,0.168,4.05,0.0,1.0,0.0,0.0,100.0,0.0,12,0.0,0.0,1.0
ryanjo04,2022,1,MIN,AL,13,8,27,27,0,0,0,441,115,58,20.0,47,151,0.211,3.55,0.0,2.0,10.0,0.0,604.0,0.0,60,1.0,0.0,8.0
ryanjo04,2023,1,MIN,AL,11,10,29,29,1,1,0,485,155,81,32.0,34,197,0.248,4.51,0.0,3.0,6.0,0.0,672.0,0.0,83,0.0,6.0,7.0
ryanjo04,2024,1,MIN,AL,7,7,23,23,0,0,0,405,110,54,19.0,23,147,0.217,3.6,0.0,2.0,5.0,1.0,538.0,0.0,59,0.0,3.0,6.0
ryanjo04,2025,1,MIN,AL,13,10,31,30,0,0,0,513,138,65,26.0,39,194,0.218,3.42,0.0,0.0,12.0,2.0,689.0,0.0,69,1.0,4.0,6.0
ryanky01,2020,1,CHN,NL,1,0,18,0,0,0,1,47,16,9,5.0,6,11,0.267,5.17,0.0,0.0,0.0,0.0,66.0,2.0,9,0.0,0.0,2.0
ryanky01,2021,1,CHN,NL,0,0,13,0,0,0,1,40,17,10,3.0,6,8,0.315,6.75,1.0,1.0,0.0,0.0,62.0,4.0,10,1.0,1.0,1.0
ryanri01,2024,1,LAN,NL,1,0,4,4,0,0,0,61,15,3,1.0,9,18,0.208,1.33,0.0,0.0,0.0,0.0,81.0,0.0,4,0.0,0.0,2.0
ryanry01,2023,1,SEA,AL,0,0,1,0,0,0,0,3,0,0,0.0,1,2,0.0,0.0,0.0,0.0,0.0,0.0,4.0,0.0,0,0.0,0.0,0.0
ryanry01,2024,1,PIT,NL,1,0,15,0,0,0,0,62,21,13,2.0,9,17,0.266,5.66,0.0,0.0,3.0,0.0,93.0,5.0,14,0.0,2.0,3.0
ryuhy01,2020,1,TOR,AL,5,2,12,12,0,0,0,201,60,20,6.0,17,72,0.234,2.69,0.0,1.0,1.0,0.0,275.0,0.0,22,1.0,0.0,7.0
ryuhy01,2021,1,TOR,AL,14,10,31,31,1,1,0,507,170,82,24.0,37,143,0.258,4.37,0.0,2.0,2.0,0.0,701.0,0.0,85,1.0,3.0,15.0
ryuhy01,2022,1,TOR,AL,2,0,6,6,0,0,0,81,32,17,5.0,4,16,0.294,5.67,0.0,0.0,0.0,0.0,113.0,0.0,17,0.0,0.0,4.0
ryuhy01,2023,1,TOR,AL,3,3,11,11,0,0,0,156,53,20,9.0,14,38,0.257,3.46,0.0,1.0,1.0,0.0,224.0,0.0,25,2.0,1.0,4.0
saalfan01,2023,1,ARI,NL,0,0,10,0,0,0,0,31,7,0,0.0,4,6,0.189,0.0,1.0,0.0,0.0,0.0,41.0,0.0,2,0.0,0.0,2.0
saalfan01,2024,1,ARI,NL,0,0,2,0,0,0,0,3,2,4,0.0,4,0,0.5,36.0,1.0,1.0,0.0,0.0,8.0,1.0,4,0.0,0.0,0.0
saalfan01,2025,1,ARI,NL,2,1,28,0,0,0,3,87,19,4,1.0,10,19,0.188,1.24,1.0,2.0,0.0,0.0,113.0,10.0,5,0.0,2.0,2.0
sabroer01,2024,1,CLE,AL,0,0,8,0,0,0,1,38,6,0,0.0,4,19,0.14,0.0,0.0,1.0,0.0,0.0,47.0,4.0,0,0.0,0.0,1.0
sabroer01,2025,1,CLE,AL,0,1,33,0,0,0,0,88,14,6,2.0,21,42,0.144,1.84,0.0,0.0,3.0,0.0,121.0,3.0,8,0.0,0.0,2.0
sadleca02,2020,1,CHN,NL,0,0,10,0,0,0,0,28,8,6,2.0,8,9,0.229,5.79,0.0,3.0,0.0,0.0,44.0,1.0,6,1.0,0.0,2.0
sadleca02,2020,2,SEA,AL,1,2,7,0,0,0,0,30,7,5,1.0,4,12,0.184,4.5,0.0,2.0,0.0,0.0,42.0,1.0,7,0.0,0.0,0.0
sadleca02,2021,1,SEA,AL,0,1,42,0,0,0,0,121,19,3,1.0,10,37,0.143,0.67,0.0,2.0,1.0,0.0,145.0,2.0,4,0.0,1.0,6.0
sadzeco01,2022,1,MIL,NL,0,0,2,0,0,0,0,9,4,3,2.0,1,2,0.333,9.0,0.0,1.0,0.0,0.0,13.0,2.0,3,0.0,0.0,1.0
salazce01,2025,1,HOU,AL,0,0,1,0,0,0,0,3,0,0,0.0,0,0,0.0,0.0,0.0,0.0,1.0,0.0,4.0,1.0,0,0.0,0.0,0.0
salazed01,2023,1,CIN,NL,1,0,8,0,0,0,0,37,16,11,0.0,5,5,0.327,8.03,0.0,1.0,4.0,0.0,61.0,3.0,11,0.0,3.0,0.0
salazed01,2024,1,LAN,NL,0,0,1,0,0,0,0,6,3,0,0.0,2,3,0.375,0.0,0.0,0.0,0.0,0.0,10.0,1.0,1,0.0,0.0,1.0
salazed01,2024,2,WAS,NL,0,1,25,0,0,0,0,82,31,9,2.0,12,24,0.282,2.96,0.0,1.0,1.0,0.0,123.0,2.0,10,0.0,0.0,2.0
salazed01,2025,1,WAS,NL,0,1,30,0,0,0,0,87,47,27,7.0,16,23,0.359,8.38,0.0,3.0,1.0,1.0,150.0,9.0,29,1.0,1.0,4.0
salech01,2021,1,BOS,AL,5,1,9,9,0,0,0,128,45,15,6.0,12,52,0.269,3.16,1.0,0.0,4.0,0.0,183.0,0.0,19,0.0,0.0,6.0
salech01,2022,1,BOS,AL,0,1,2,2,0,0,0,17,5,2,0.0,1,5,0.217,3.18,0.0,0.0,1.0,0.0,25.0,0.0,3,0.0,0.0,0.0
salech01,2023,1,BOS,AL,6,5,20,20,0,0,0,308,87,49,15.0,29,125,0.227,4.3,0.0,3.0,8.0,0.0,425.0,0.0,52,1.0,3.0,7.0
salech01,2024,1,ATL,NL,18,3,29,29,0,0,0,533,141,47,9.0,39,225,0.216,2.38,0.0,4.0,8.0,1.0,702.0,0.0,48,2.0,1.0,9.0
salech01,2025,1,ATL,NL,7,5,21,20,0,0,0,377,102,36,11.0,32,165,0.22,2.58,0.0,3.0,11.0,0.0,510.0,0.0,38,2.0,2.0,2.0
samarje01,2020,1,SFN,NL,0,2,4,4,0,0,0,50,21,18,7.0,4,6,0.296,9.72,0.0,0.0,2.0,0.0,77.0,0.0,19,0.0,0.0,0.0
sammobr01,2024,1,DET,AL,1,1,6,0,0,0,0,82,16,11,6.0,9,18,0.17,3.62,0.0,0.0,1.0,0.0,104.0,0.0,11,0.0,0.0,2.0
sampsad01,2021,1,CHN,NL,1,2,10,5,0,0,0,106,30,11,8.0,8,28,0.231,2.8,0.0,1.0,6.0,0.0,145.0,0.0,15,1.0,0.0,7.0
sampsad01,2022,1,CHN,NL,4,5,21,19,0,0,0,313,101,36,10.0,27,73,0.253,3.11,0.0,0.0,2.0,1.0,428.0,2.0,40,0.0,0.0,14.0
sanabca01,2020,1,HOU,AL,0,0,2,0,0,0,0,6,3,2,1.0,3,2,0.333,9.0,0.0,2.0,0.0,0.0,12.0,2.0,2,0.0,0.0,0.0
sanchaa01,2021,1,SFN,NL,1,1,9,7,0,0,0,106,32,12,2.0,15,26,0.234,3.06,0.0,0.0,4.0,1.0,156.0,1.0,12,0.0,0.0,2.0
sanchaa01,2022,1,WAS,NL,3,3,7,7,0,0,0,94,47,29,6.0,8,16,0.367,8.33,1.0,1.0,1.0,0.0,141.0,0.0,30,1.0,3.0,7.0
sanchaa01,2022,2,MIN,AL,0,1,8,3,0,0,0,86,31,15,2.0,7,25,0.274,4.71,0.0,1.0,4.0,0.0,124.0,2.0,16,0.0,0.0,4.0
sanchal04,2025,1,TOR,AL,0,0,1,0,0,0,0,3,3,2,0.0,0,1,0.6,18.0,0.0,0.0,0.0,0.0,6.0,1.0,2,0.0,1.0,0.0
sanchan01,2020,1,WAS,NL,4,5,11,11,0,0,0,159,70,39,11.0,18,43,0.313,6.62,2.0,0.0,3.0,2.0,245.0,0.0,40,0.0,0.0,4.0
sanchan01,2022,1,WAS,NL,4,6,14,14,0,0,0,208,55,33,13.0,33,48,0.217,4.28,2.0,2.0,4.0,0.0,292.0,0.0,34,1.0,1.0,8.0
sanchca01,2020,1,CHA,AL,0,0,1,0,0,0,0,3,2,1,1.0,0,0,0.5,9.0,0.0,0.0,0.0,0.0,4.0,1.0,1,0.0,0.0,0.0
sanchca01,2022,1,BOS,AL,0,0,1,0,0,0,0,3,3,1,0.0,0,0,0.5,9.0,0.0,0.0,0.0,0.0,6.0,1.0,1,0.0,0.0,0.0
sanchcr01,2021,1,PHI,NL,1,0,7,1,0,0,0,38,16,7,1.0,7,13,0.32,4.97,0.0,0.0,0.0,0.0,59.0,0.0,8,2.0,0.0,3.0
sanchcr01,2022,1,PHI,NL,2,2,15,3,0,0,1,120,38,25,5.0,17,35,0.244,5.63,1.0,0.0,4.0,0.0,177.0,3.0,25,0.0,0.0,1.0
sanchcr01,2023,1,PHI,NL,3,5,19,18,0,0,0,298,88,38,16.0,16,96,0.235,3.44,0.0,3.0,3.0,0.0,396.0,1.0,44,1.0,1.0,13.0
sanchcr01,2024,1,PHI,NL,11,9,31,31,2,1,0,545,182,67,11.0,44,153,0.258,3.32,0.0,7.0,0.0,1.0,754.0,0.0,76,3.0,1.0,18.0
sanchcr01,2025,1,PHI,NL,13,5,32,32,1,0,0,606,171,56,12.0,44,212,0.227,2.5,0.0,6.0,6.0,1.0,807.0,0.0,58,2.0,1.0,20.0
sanchga02,2025,1,BAL,AL,0,0,1,0,0,0,0,3,2,4,1.0,1,0,0.4,36.0,0.0,0.0,1.0,0.0,7.0,1.0,4,0.0,0.0,0.0
sanchmi01,2021,1,MIL,NL,2,1,28,0,0,0,0,78,27,12,4.0,14,23,0.267,4.15,2.0,2.0,2.0,0.0,120.0,11.0,14,1.0,2.0,3.0
sanchmi01,2022,1,MIL,NL,1,1,12,0,0,0,0,40,12,6,3.0,8,9,0.245,4.05,2.0,0.0,0.0,0.0,58.0,3.0,7,0.0,1.0,2.0
sanchri01,2020,1,SLN,NL,0,0,3,0,0,0,0,16,5,4,1.0,5,4,0.25,6.75,0.0,0.0,1.0,1.0,27.0,1.0,4,0.0,1.0,0.0
sanchsi01,2020,1,MIA,NL,3,2,7,7,1,0,0,117,36,15,3.0,11,33,0.25,3.46,1.0,1.0,2.0,0.0,158.0,0.0,15,0.0,1.0,3.0
sanchsi01,2024,1,MIA,NL,0,3,14,7,0,0,0,107,43,24,3.0,14,17,0.303,6.06,0.0,1.0,3.0,1.0,162.0,2.0,29,2.0,1.0,6.0
sandeca01,2025,1,PIT,NL,0,0,6,0,0,0,0,20,9,6,2.0,5,4,0.31,8.1,0.0,0.0,0.0,0.0,34.0,2.0,6,0.0,0.0,0.0
sandeph01,2022,1,TBA,AL,0,0,8,0,0,0,0,44,12,5,0.0,3,12,0.226,3.07,0.0,0.0,0.0,0.0,57.0,3.0,5,0.0,1.0,2.0
sandlni01,2021,1,CLE,AL,1,1,34,0,0,0,0,101,21,11,2.0,17,48,0.176,2.94,0.0,1.0,4.0,0.0,141.0,4.0,15,0.0,1.0,4.0
sandlni01,2022,1,CLE,AL,5,2,46,0,0,0,0,132,27,11,2.0,24,41,0.176,2.25,3.0,1.0,3.0,0.0,180.0,11.0,13,0.0,0.0,5.0
sandlni01,2023,1,CLE,AL,5,5,61,0,0,0,0,180,38,25,12.0,24,66,0.182,3.75,1.0,0.0,2.0,0.0,239.0,7.0,28,2.0,2.0,4.0
sandlni01,2024,1,CLE,AL,8,0,68,1,0,0,1,173,46,24,12.0,27,68,0.222,3.75,2.0,1.0,6.0,0.0,246.0,7.0,29,3.0,3.0,6.0
sandlni01,2025,1,TOR,AL,0,2,19,0,0,0,1,49,11,4,2.0,8,16,0.186,2.2,0.0,1.0,2.0,0.0,69.0,4.0,7,0.0,0.0,2.0
sandopa02,2020,1,LAA,AL,1,5,9,6,0,0,0,110,37,23,10.0,12,33,0.252,5.65,0.0,2.0,0.0,0.0,159.0,0.0,26,0.0,0.0,5.0
sandopa02,2021,1,LAA,AL,3,6,17,14,0,0,1,261,69,35,11.0,36,94,0.215,3.62,0.0,3.0,4.0,0.0,363.0,2.0,38,0.0,2.0,9.0
sandopa02,2022,1,LAA,AL,6,9,27,27,1,1,0,446,139,48,8.0,60,151,0.246,2.91,0.0,6.0,5.0,0.0,638.0,0.0,56,3.0,4.0,14.0
sandopa02,2023,1,LAA,AL,7,13,28,28,0,0,0,434,145,66,12.0,74,128,0.256,4.11,2.0,5.0,4.0,0.0,652.0,0.0,89,3.0,3.0,12.0
sandopa02,2024,1,LAA,AL,2,8,16,16,0,0,0,239,85,45,8.0,35,81,0.272,5.08,2.0,6.0,3.0,2.0,353.0,0.0,49,1.0,2.0,11.0
sandrja01,2025,1,NYA,AL,0,0,1,0,0,0,0,2,1,2,1.0,2,2,0.333,27.0,0.0,0.0,1.0,0.0,6.0,0.0,2,0.0,0.0,0.0
sandsco01,2022,1,MIN,AL,0,3,11,3,0,0,1,92,35,20,4.0,13,28,0.276,5.87,0.0,1.0,5.0,0.0,145.0,5.0,21,0.0,0.0,2.0
sandsco01,2023,1,MIN,AL,0,0,15,0,0,0,0,65,20,9,4.0,13,21,0.235,3.74,0.0,3.0,0.0,0.0,98.0,12.0,10,0.0,0.0,1.0
sandsco01,2024,1,MIN,AL,9,1,62,0,0,0,4,214,59,26,6.0,12,85,0.221,3.28,0.0,3.0,6.0,1.0,292.0,11.0,30,1.0,6.0,2.0
sandsco01,2025,1,MIN,AL,4,6,69,3,0,0,3,216,65,36,7.0,19,64,0.242,4.5,2.0,3.0,4.0,0.0,299.0,18.0,41,3.0,4.0,5.0
sanmare01,2021,1,CIN,NL,2,0,2,2,0,0,0,35,12,2,0.0,2,11,0.267,1.54,0.0,1.0,0.0,1.0,47.0,0.0,2,0.0,0.0,2.0
sanmare01,2022,1,CIN,NL,4,4,45,4,0,0,0,171,66,40,8.0,29,47,0.293,6.32,2.0,2.0,0.0,2.0,256.0,3.0,43,1.0,1.0,8.0
sanmare01,2023,1,CIN,NL,1,0,14,0,0,0,0,42,17,11,2.0,10,13,0.288,7.07,0.0,2.0,0.0,0.0,70.0,3.0,13,0.0,1.0,0.0
sanmare01,2025,1,CIN,NL,0,0,1,0,0,0,0,5,2,0,0.0,1,2,0.286,0.0,1.0,1.0,0.0,0.0,8.0,0.0,1,0.0,0.0,0.0
sanojja01,2025,1,MIA,NL,0,0,8,0,0,0,0,28,24,17,4.0,5,1,0.49,16.39,0.0,0.0,0.0,0.0,54.0,8.0,17,0.0,0.0,2.0
sanomi01,2024,1,LAA,AL,0,0,1,0,0,0,0,1,0,0,0.0,0,0,0.0,0.0,0.0,0.0,0.0,0.0,1.0,1.0,0,0.0,0.0,0.0
santade01,2020,1,LAN,NL,1,2,12,0,0,0,0,51,15,10,4.0,7,18,0.234,5.29,0.0,1.0,2.0,0.0,73.0,7.0,11,0.0,0.0,2.0
santade01,2021,1,LAN,NL,0,0,16,0,0,0,0,45,18,10,0.0,11,8,0.3,6.0,1.0,2.0,3.0,0.0,74.0,5.0,11,0.0,0.0,2.0
santade01,2021,2,TEX,AL,2,4,39,0,0,0,0,119,30,16,4.0,21,38,0.214,3.63,1.0,2.0,0.0,0.0,163.0,7.0,20,1.0,1.0,6.0
santade01,2022,1,TEX,AL,3,8,63,1,0,0,1,176,50,34,2.0,28,54,0.228,5.22,1.0,3.0,4.0,0.0,255.0,13.0,39,0.0,4.0,7.0
santade01,2023,1,NYN,NL,1,0,9,0,0,0,0,32,10,7,2.0,7,12,0.244,5.91,0.0,1.0,1.0,0.0,50.0,4.0,7,0.0,1.0,0.0
santade01,2024,1,NYA,AL,2,0,23,0,0,0,2,82,27,19,2.0,10,19,0.262,6.26,0.0,1.0,1.0,2.0,115.0,7.0,19,1.0,0.0,4.0
santade01,2024,2,PIT,NL,1,1,39,0,0,0,1,133,30,12,2.0,11,50,0.192,2.44,0.0,0.0,3.0,0.0,172.0,13.0,14,0.0,2.0,2.0
santade01,2025,1,PIT,NL,4,5,70,0,0,0,16,211,44,17,5.0,17,60,0.179,2.18,0.0,0.0,3.0,0.0,270.0,34.0,18,0.0,4.0,2.0
santaed01,2021,1,ATL,NL,3,0,41,0,0,0,0,128,37,17,7.0,12,33,0.228,3.59,1.0,1.0,0.0,2.0,175.0,13.0,20,1.0,0.0,0.0
santaer01,2021,1,KCA,AL,2,2,38,2,0,0,0,196,65,34,9.0,22,52,0.259,4.68,1.0,7.0,2.0,2.0,277.0,19.0,35,0.0,2.0,6.0
santihe01,2021,1,SEA,AL,1,1,13,1,0,0,0,79,27,10,2.0,11,30,0.257,3.42,0.0,0.0,0.0,0.0,117.0,6.0,10,0.0,1.0,0.0
santito01,2021,1,CIN,NL,1,3,26,4,0,0,0,130,34,14,7.0,21,56,0.217,2.91,0.0,1.0,7.0,0.0,190.0,5.0,15,1.0,4.0,2.0
santito01,2022,1,CIN,NL,0,1,21,0,0,0,4,59,23,12,1.0,12,21,0.299,5.49,1.0,4.0,4.0,0.0,96.0,4.0,14,1.0,2.0,2.0
santito01,2023,1,CIN,NL,1,0,3,0,0,0,0,10,4,1,0.0,5,1,0.308,2.7,1.0,0.0,0.0,0.0,18.0,1.0,1,0.0,0.0,1.0
santito01,2024,1,CIN,NL,3,3,29,1,0,0,0,90,21,10,4.0,9,46,0.186,3.0,0.0,1.0,0.0,0.0,122.0,2.0,11,0.0,0.0,1.0
santito01,2025,1,CIN,NL,1,5,80,0,0,0,7,221,53,20,7.0,29,75,0.199,2.44,0.0,4.0,5.0,0.0,301.0,16.0,23,0.0,1.0,9.0
santoan02,2020,1,COL,NL,0,1,3,1,0,0,0,18,14,11,1.0,4,4,0.483,16.5,0.0,0.0,2.0,0.0,35.0,0.0,11,0.0,0.0,2.0
santoan02,2021,1,COL,NL,0,1,7,0,0,0,0,34,9,6,1.0,5,10,0.22,4.76,0.0,2.0,0.0,1.0,46.0,4.0,7,0.0,0.0,1.0
santogr01,2021,1,SFN,NL,0,2,3,0,0,0,0,6,5,5,3.0,2,3,0.455,22.5,0.0,0.0,0.0,0.0,13.0,1.0,6,0.0,0.0,0.0
santogr01,2022,1,SFN,NL,0,0,2,0,0,0,0,11,3,2,0.0,3,2,0.214,4.91,0.0,0.0,0.0,0.0,17.0,1.0,2,0.0,0.0,0.0
santogr01,2023,1,CHA,AL,2,2,60,0,0,0,5,199,69,25,2.0,17,66,0.258,3.39,1.0,2.0,5.0,1.0,289.0,17.0,29,0.0,0.0,2.0
santogr01,2024,1,SEA,AL,0,1,8,0,0,0,0,22,7,4,0.0,1,6,0.241,4.91,0.0,0.0,1.0,1.0,31.0,1.0,4,0.0,0.0,1.0
santogr01,2025,1,SEA,AL,1,1,8,0,0,0,0,21,8,4,0.0,8,0,0.296,5.14,2.0,2.0,0.0,0.0,36.0,2.0,6,1.0,0.0,1.0
sasakro01,2025,1,LAN,NL,1,1,10,8,0,0,0,109,30,18,6.0,22,28,0.221,4.46,0.0,2.0,3.0,0.0,161.0,0.0,18,0.0,0.0,1.0
sauceta01,2021,1,TOR,AL,0,0,29,0,0,0,0,77,22,13,1.0,10,19,0.229,4.56,0.0,2.0,2.0,1.0,109.0,9.0,14,0.0,1.0,1.0
sauceta01,2022,1,TOR,AL,0,0,4,0,0,0,0,8,6,4,3.0,1,0,0.429,13.5,0.0,0.0,0.0,0.0,15.0,0.0,4,0.0,0.0,0.0
sauceta01,2023,1,SEA,AL,3,2,52,0,0,0,1,143,41,19,2.0,23,43,0.234,3.59,1.0,1.0,6.0,0.0,207.0,17.0,20,3.0,0.0,8.0
sauceta01,2024,1,SEA,AL,2,0,53,0,0,0,3,116,35,15,3.0,18,38,0.24,3.49,3.0,1.0,2.0,0.0,166.0,11.0,15,0.0,0.0,4.0
sauceta01,2025,1,SEA,AL,0,0,10,0,0,0,0,40,19,11,2.0,6,12,0.322,7.43,0.0,0.0,1.0,0.0,66.0,5.0,12,0.0,0.0,0.0
sauerma01,2024,1,KCA,AL,0,0,14,0,0,0,0,49,23,14,3.0,11,9,0.324,7.71,0.0,1.0,1.0,0.0,84.0,8.0,14,0.0,1.0,0.0
sauerma01,2025,1,LAN,NL,2,1,10,1,0,0,1,89,35,21,6.0,8,24,0.299,6.37,0.0,1.0,2.0,0.0,129.0,4.0,23,0.0,2.0,4.0
sawamhi01,2021,1,BOS,AL,5,1,55,0,0,0,0,159,45,18,9.0,32,61,0.227,3.06,6.0,8.0,2.0,0.0,233.0,4.0,24,0.0,1.0,7.0
sawamhi01,2022,1,BOS,AL,1,1,49,0,0,0,0,152,45,21,4.0,27,40,0.238,3.73,2.0,8.0,0.0,0.0,221.0,11.0,23,0.0,5.0,7.0
sborzjo01,2020,1,LAN,NL,0,0,4,0,0,0,0,13,2,1,1.0,1,2,0.133,2.08,0.0,0.0,0.0,0.0,16.0,3.0,1,0.0,0.0,0.0
sborzjo01,2021,1,TEX,AL,4,3,63,0,0,0,1,177,52,26,7.0,32,69,0.234,3.97,1.0,8.0,0.0,0.0,257.0,16.0,29,0.0,3.0,3.0
sborzjo01,2022,1,TEX,AL,1,0,19,1,0,0,0,67,25,16,4.0,11,32,0.284,6.45,1.0,2.0,0.0,0.0,100.0,6.0,16,0.0,1.0,0.0
sborzjo01,2023,1,TEX,AL,6,7,44,0,0,0,0,157,43,32,8.0,17,66,0.219,5.5,0.0,3.0,1.0,0.0,215.0,7.0,33,0.0,0.0,3.0
sborzjo01,2024,1,TEX,AL,2,2,17,0,0,0,0,49,16,7,1.0,4,17,0.246,3.86,0.0,2.0,0.0,0.0,69.0,3.0,8,0.0,0.0,0.0
sceroma01,2021,1,BAL,AL,0,0,5,0,0,0,0,23,15,12,6.0,7,11,0.375,14.09,0.0,1.0,1.0,0.0,48.0,3.0,15,0.0,0.0,0.0
scherma01,2020,1,WAS,NL,5,4,12,12,1,0,0,202,70,28,10.0,23,92,0.26,3.74,1.0,6.0,1.0,0.0,295.0,0.0,30,0.0,2.0,2.0
scherma01,2021,1,WAS,NL,8,4,19,19,1,0,0,333,71,34,18.0,28,147,0.182,2.76,0.0,0.0,8.0,0.0,428.0,0.0,36,1.0,1.0,6.0
scherma01,2021,2,LAN,NL,7,0,11,11,0,0,0,205,48,15,5.0,8,89,0.189,1.98,0.0,2.0,2.0,0.0,265.0,0.0,17,1.0,0.0,1.0
scherma01,2022,1,NYN,NL,11,5,23,23,0,0,0,436,108,37,13.0,24,173,0.207,2.29,0.0,1.0,11.0,0.0,565.0,0.0,39,3.0,4.0,10.0
scherma01,2023,1,NYN,NL,9,4,19,19,0,0,0,323,98,48,23.0,30,121,0.24,4.01,0.0,1.0,3.0,0.0,444.0,0.0,49,0.0,2.0,6.0
scherma01,2023,2,TEX,AL,4,2,8,8,0,0,0,135,28,16,5.0,15,53,0.174,3.2,0.0,1.0,1.0,0.0,177.0,0.0,16,0.0,0.0,2.0
scherma01,2024,1,TEX,AL,2,4,9,9,0,0,0,130,40,19,7.0,10,40,0.242,3.95,0.0,2.0,1.0,0.0,177.0,0.0,20,0.0,1.0,0.0
scherma01,2025,1,TOR,AL,5,5,17,17,0,0,0,255,87,49,19.0,23,82,0.262,5.19,0.0,2.0,2.0,0.0,358.0,0.0,49,0.0,1.0,2.0
schlica01,2025,1,NYA,AL,4,3,14,14,0,0,0,219,58,24,8.0,31,84,0.217,2.96,0.0,3.0,5.0,0.0,304.0,0.0,24,0.0,1.0,4.0
schmicl01,2020,1,NYA,AL,0,1,3,1,0,0,0,19,7,5,0.0,5,7,0.269,7.11,0.0,1.0,2.0,0.0,33.0,2.0,5,0.0,0.0,0.0
schmicl01,2021,1,NYA,AL,0,0,2,1,0,0,0,19,11,4,1.0,5,6,0.355,5.68,0.0,0.0,1.0,0.0,38.0,1.0,8,1.0,0.0,1.0
schmicl01,2022,1,NYA,AL,5,5,29,3,0,0,2,173,46,20,5.0,23,56,0.222,3.12,3.0,0.0,2.0,0.0,236.0,7.0,23,3.0,1.0,3.0
schmicl01,2023,1,NYA,AL,9,9,33,32,0,0,0,477,169,82,24.0,46,149,0.268,4.64,0.0,11.0,11.0,2.0,694.0,1.0,91,0.0,7.0,13.0
schmicl01,2024,1,NYA,AL,5,5,16,16,0,0,0,256,71,27,8.0,30,93,0.23,2.85,0.0,2.0,9.0,0.0,353.0,0.0,31,0.0,5.0,9.0
schmicl01,2025,1,NYA,AL,4,4,14,14,0,0,0,236,56,29,9.0,30,73,0.199,3.32,0.0,2.0,1.0,2.0,316.0,0.0,29,1.0,2.0,4.0
scholje01,2023,1,CHA,AL,1,9,26,11,0,0,1,255,100,50,15.0,30,58,0.292,5.29,1.0,1.0,2.0,0.0,377.0,8.0,54,0.0,2.0,8.0
scholje01,2025,1,TBA,AL,0,1,2,0,0,0,0,25,9,5,1.0,3,12,0.265,5.4,0.0,1.0,0.0,0.0,38.0,1.0,7,0.0,1.0,0.0
schoojo01,2023,1,DET,AL,0,0,1,0,0,0,0,4,1,0,0.0,0,1,0.2,0.0,0.0,0.0,0.0,0.0,5.0,1.0,0,0.0,0.0,0.0
schrejo01,2020,1,DET,AL,0,1,15,0,0,0,0,47,19,11,2.0,4,14,0.297,6.32,1.0,0.0,1.0,0.0,70.0,2.0,11,0.0,1.0,0.0
schrejo01,2021,1,BOS,AL,0,0,1,0,0,0,0,9,4,1,0.0,1,5,0.333,3.0,0.0,0.0,0.0,0.0,13.0,0.0,1,0.0,0.0,1.0
schrejo01,2022,1,BOS,AL,4,4,64,0,0,0,8,195,45,16,3.0,19,74,0.195,2.22,0.0,4.0,4.0,0.0,257.0,13.0,19,1.0,2.0,6.0
schrejo01,2023,1,BOS,AL,2,1,46,2,0,0,1,140,41,20,6.0,25,53,0.237,3.86,2.0,1.0,4.0,0.0,204.0,6.0,22,0.0,2.0,4.0
schrejo01,2024,1,KCA,AL,4,3,59,0,0,0,2,155,48,21,1.0,20,46,0.242,3.66,1.0,1.0,4.0,0.0,224.0,5.0,23,0.0,2.0,7.0
schrejo01,2025,1,KCA,AL,3,3,74,0,0,0,1,192,57,27,10.0,19,62,0.234,3.8,1.0,2.0,1.0,0.0,265.0,8.0,29,1.0,0.0,4.0
schroma01,2020,1,SLN,NL,0,0,1,0,0,0,0,3,0,0,0.0,0,0,0.0,0.0,0.0,0.0,0.0,0.0,3.0,1.0,0,0.0,0.0,0.0
schroma01,2021,1,CIN,NL,0,0,2,0,0,0,0,5,0,0,0.0,0,1,0.0,0.0,0.0,0.0,0.0,0.0,6.0,2.0,0,0.0,0.0,0.0
schroma01,2022,1,CIN,NL,0,0,1,0,0,0,0,3,7,5,2.0,0,0,0.7,45.0,0.0,0.0,0.0,0.0,10.0,1.0,5,0.0,0.0,0.0
schulpa01,2025,1,TOR,AL,0,0,13,2,0,0,0,74,27,12,4.0,8,28,0.276,4.38,0.0,0.0,1.0,0.0,110.0,4.0,16,0.0,3.0,0.0
schwesp01,2024,1,ATL,NL,8,7,21,21,0,0,0,371,106,46,14.0,23,127,0.226,3.35,1.0,3.0,6.0,0.0,500.0,0.0,49,2.0,1.0,7.0
schwesp01,2025,1,ATL,NL,7,4,17,17,1,0,0,332,89,38,13.0,18,108,0.217,3.09,1.0,2.0,2.0,0.0,434.0,0.0,44,1.0,3.0,5.0
schwifr01,2022,1,CHN,NL,0,0,3,0,0,0,0,9,8,6,4.0,1,0,0.471,18.0,0.0,0.0,0.0,0.0,18.0,3.0,6,0.0,0.0,0.0
scottch01,2024,1,NYN,NL,0,3,9,9,0,0,0,142,45,24,8.0,12,39,0.249,4.56,0.0,0.0,2.0,0.0,197.0,0.0,24,1.0,1.0,4.0
scottta01,2020,1,BAL,AL,0,0,25,0,0,0,1,62,12,3,1.0,10,23,0.164,1.31,0.0,4.0,3.0,0.0,86.0,6.0,5,0.0,0.0,2.0
scottta01,2021,1,BAL,AL,5,4,62,0,0,0,0,162,48,31,6.0,37,70,0.234,5.17,1.0,10.0,6.0,0.0,251.0,12.0,34,0.0,3.0,4.0
scottta01,2022,1,MIA,NL,4,5,67,0,0,0,20,188,55,30,5.0,46,90,0.236,4.31,1.0,3.0,4.0,0.0,289.0,35.0,34,0.0,6.0,4.0
scottta01,2023,1,MIA,NL,9,5,74,0,0,0,12,234,53,20,3.0,24,104,0.191,2.31,3.0,1.0,4.0,0.0,307.0,26.0,22,0.0,2.0,10.0
scottta01,2024,1,MIA,NL,6,5,44,0,0,0,18,137,19,6,2.0,27,53,0.127,1.18,2.0,0.0,1.0,0.0,182.0,35.0,10,4.0,0.0,3.0
scottta01,2024,2,SDN,NL,3,1,28,0,0,0,4,79,26,8,1.0,9,31,0.252,2.73,2.0,0.0,0.0,0.0,112.0,6.0,10,0.0,0.0,2.0
scottta01,2025,1,LAN,NL,1,4,61,0,0,0,23,171,54,30,11.0,18,60,0.254,4.74,2.0,2.0,4.0,0.0,238.0,33.0,33,1.0,2.0,6.0
scottta02,2022,1,SDN,NL,0,1,8,0,0,0,0,36,19,9,1.0,6,13,0.358,6.75,0.0,0.0,0.0,0.0,59.0,2.0,10,0.0,0.0,3.0
scottta02,2023,1,LAN,NL,0,0,6,0,0,0,0,18,6,6,0.0,4,8,0.25,9.0,2.0,0.0,1.0,0.0,30.0,1.0,6,0.0,1.0,0.0
scottta02,2023,2,BOS,AL,0,0,4,1,0,0,0,11,6,2,1.0,4,2,0.4,4.91,0.0,1.0,1.0,0.0,20.0,1.0,3,0.0,0.0,1.0
scottta02,2023,3,OAK,AL,0,0,8,1,0,0,0,24,11,3,2.0,2,7,0.314,3.38,0.0,0.0,1.0,0.0,38.0,1.0,3,0.0,0.0,0.0
scottta02,2024,1,HOU,AL,7,3,62,1,0,0,0,206,45,17,7.0,35,71,0.188,2.23,1.0,0.0,4.0,0.0,282.0,11.0,21,0.0,3.0,1.0
scottta02,2025,1,HOU,AL,1,2,18,0,0,0,0,55,21,15,3.0,14,17,0.296,7.36,0.0,0.0,1.0,0.0,90.0,1.0,16,2.0,2.0,0.0
scottta02,2025,2,ARI,NL,0,0,6,0,0,0,0,27,13,9,3.0,4,7,0.325,9.0,0.0,0.0,0.0,0.0,44.0,3.0,9,0.0,0.0,0.0
scruban01,2020,1,HOU,AL,1,0,20,0,0,0,1,71,15,5,1.0,20,24,0.19,1.9,1.0,1.0,0.0,0.0,102.0,4.0,5,1.0,2.0,2.0
scruban01,2021,1,HOU,AL,1,1,18,0,0,0,0,59,15,11,5.0,14,21,0.214,5.03,0.0,2.0,0.0,0.0,86.0,5.0,11,0.0,2.0,1.0
seaboco01,2021,1,BOS,AL,0,0,1,1,0,0,0,9,3,2,1.0,2,0,0.3,6.0,0.0,0.0,0.0,0.0,12.0,0.0,2,0.0,0.0,2.0
seaboco01,2022,1,BOS,AL,0,4,5,5,0,0,0,55,35,23,5.0,8,19,0.402,11.29,0.0,4.0,3.0,0.0,98.0,0.0,24,0.0,0.0,1.0
seaboco01,2023,1,COL,NL,1,7,27,13,0,0,0,262,116,73,19.0,28,67,0.317,7.52,1.0,5.0,7.0,0.0,408.0,7.0,76,2.0,5.0,5.0
seaboco01,2025,1,TBA,AL,0,0,3,0,0,0,0,20,7,1,0.0,3,5,0.28,1.35,0.0,0.0,0.0,0.0,29.0,3.0,1,0.0,1.0,0.0
seaboco01,2025,2,ATL,NL,0,0,4,0,0,0,0,11,5,4,1.0,3,5,0.313,9.82,0.0,1.0,0.0,0.0,19.0,2.0,4,0.0,0.0,0.0
searsjp01,2022,1,NYA,AL,3,0,7,2,0,0,0,66,14,5,1.0,5,15,0.184,2.05,0.0,0.0,1.0,0.0,83.0,1.0,5,0.0,1.0,1.0
searsjp01,2022,2,OAK,AL,3,3,10,9,0,0,0,144,53,25,7.0,18,36,0.285,4.69,1.0,0.0,1.0,0.0,205.0,0.0,26,0.0,0.0,8.0
searsjp01,2023,1,OAK,AL,5,14,32,32,0,0,0,517,165,87,34.0,53,161,0.249,4.54,2.0,2.0,16.0,0.0,735.0,0.0,90,1.0,3.0,9.0
searsjp01,2024,1,OAK,AL,11,13,32,32,0,0,0,542,172,88,28.0,49,137,0.251,4.38,0.0,0.0,14.0,1.0,758.0,0.0,93,2.0,7.0,15.0
searsjp01,2025,1,ATH,AL,7,9,22,22,0,0,0,333,112,61,23.0,29,97,0.258,4.95,0.0,1.0,5.0,0.0,472.0,0.0,63,1.0,3.0,6.0
searsjp01,2025,2,SDN,NL,2,2,5,5,0,0,0,74,31,15,7.0,7,20,0.31,5.47,0.0,0.0,1.0,0.0,111.0,0.0,16,2.0,1.0,2.0
sedloco01,2022,1,BAL,AL,0,0,1,0,0,0,0,9,6,5,0.0,1,3,0.4,15.0,0.0,0.0,0.0,0.0,16.0,0.0,5,0.0,0.0,0.0
seiglan01,2025,1,MIL,NL,0,0,1,0,0,0,0,3,1,0,0.0,0,0,0.25,0.0,0.0,0.0,0.0,0.0,4.0,1.0,0,0.0,0.0,0.0
selbyco01,2023,1,PIT,NL,2,2,21,5,0,0,0,72,29,24,4.0,15,30,0.296,9.0,1.0,3.0,0.0,0.0,114.0,3.0,24,1.0,0.0,2.0
selbyco01,2024,1,KCA,AL,0,0,2,0,0,0,0,9,2,2,0.0,2,0,0.182,6.0,0.0,1.0,0.0,0.0,13.0,1.0,3,0.0,0.0,0.0
selbyco01,2024,2,BAL,AL,0,0,3,0,0,0,0,12,1,0,0.0,2,5,0.083,0.0,0.0,0.0,1.0,0.0,15.0,1.0,0,0.0,0.0,1.0
selbyco01,2025,1,BAL,AL,0,2,11,0,0,0,0,42,16,5,2.0,2,14,0.276,3.21,0.0,0.0,0.0,0.0,60.0,5.0,5,0.0,0.0,0.0
selmasa01,2020,1,SFN,NL,1,1,24,0,0,0,1,58,13,8,2.0,9,23,0.186,3.72,0.0,2.0,2.0,0.0,82.0,8.0,8,1.0,0.0,1.0
selmasa01,2021,1,SFN,NL,0,0,7,0,0,0,0,24,4,4,2.0,4,8,0.143,4.5,0.0,0.0,1.0,0.0,33.0,2.0,4,0.0,0.0,0.0
selmasa01,2021,2,LAA,AL,0,1,18,0,0,0,0,51,16,12,1.0,8,11,0.258,6.35,1.0,0.0,4.0,0.0,77.0,7.0,13,0.0,3.0,1.0
selmasa01,2022,1,OAK,AL,0,0,16,0,0,0,0,55,16,10,4.0,5,18,0.232,4.91,0.0,0.0,1.0,0.0,75.0,7.0,10,0.0,0.0,1.0
sengako01,2023,1,NYN,NL,12,7,29,29,0,0,0,499,126,55,17.0,77,202,0.208,2.98,0.0,14.0,5.0,1.0,694.0,0.0,60,1.0,4.0,13.0
sengako01,2024,1,NYN,NL,1,0,1,1,0,0,0,16,2,2,1.0,1,9,0.111,3.38,0.0,0.0,1.0,0.0,20.0,0.0,2,0.0,0.0,0.0
sengako01,2025,1,NYN,NL,7,6,22,22,0,0,0,340,94,38,12.0,55,109,0.223,3.02,0.0,5.0,3.0,0.0,482.0,0.0,44,0.0,2.0,11.0
senzaan01,2020,1,COL,NL,5,3,12,12,1,0,0,220,71,28,9.0,18,41,0.254,3.44,0.0,0.0,4.0,0.0,303.0,0.0,29,0.0,2.0,9.0
senzaan01,2021,1,COL,NL,4,10,28,28,0,0,0,470,178,77,12.0,32,105,0.287,4.42,1.0,4.0,9.0,2.0,670.0,0.0,84,3.0,6.0,19.0
senzaan01,2022,1,COL,NL,3,7,19,19,0,0,0,277,133,52,9.0,23,54,0.349,5.07,0.0,1.0,3.0,0.0,413.0,0.0,56,3.0,3.0,17.0
senzaan01,2023,1,COL,NL,0,1,2,2,0,0,0,23,7,4,3.0,2,4,0.25,4.7,0.0,0.0,0.0,0.0,30.0,0.0,4,0.0,0.0,0.0
senzaan01,2024,1,COL,NL,0,1,3,3,0,0,0,37,15,9,3.0,8,7,0.326,6.57,0.0,0.0,0.0,1.0,54.0,0.0,10,0.0,0.0,3.0
senzaan01,2025,1,COL,NL,4,15,30,23,0,0,0,390,192,96,22.0,47,73,0.346,6.65,2.0,9.0,8.0,1.0,618.0,0.0,103,3.0,5.0,17.0
servebr01,2022,1,COL,NL,0,0,1,0,0,0,0,3,0,0,0.0,1,0,0.0,0.0,0.0,0.0,0.0,0.0,3.0,1.0,0,0.0,0.0,1.0
severan01,2022,1,CHA,AL,0,0,6,0,0,0,0,22,7,5,0.0,4,9,0.25,6.14,0.0,2.0,2.0,0.0,34.0,4.0,5,0.0,0.0,1.0
severlu01,2021,1,NYA,AL,1,0,4,0,0,0,0,18,2,0,0.0,1,8,0.1,0.0,0.0,0.0,1.0,0.0,22.0,1.0,0,0.0,0.0,0.0
severlu01,2022,1,NYA,AL,7,3,19,19,0,0,0,306,72,36,14.0,30,112,0.196,3.18,0.0,1.0,4.0,0.0,405.0,0.0,37,2.0,1.0,5.0
severlu01,2023,1,NYA,AL,4,8,19,18,0,0,0,268,113,66,23.0,34,79,0.301,6.65,1.0,1.0,5.0,3.0,417.0,0.0,73,1.0,1.0,3.0
severlu01,2024,1,NYN,NL,11,7,31,31,1,1,0,546,166,79,23.0,60,161,0.242,3.91,0.0,6.0,11.0,2.0,761.0,0.0,86,3.0,1.0,15.0
severlu01,2025,1,ATH,AL,8,11,29,29,0,0,0,488,162,82,16.0,50,124,0.257,4.54,1.0,3.0,16.0,0.0,705.0,0.0,93,2.0,7.0,9.0
sewalpa01,2020,1,NYN,NL,0,0,5,0,0,0,0,18,12,9,1.0,4,2,0.414,13.5,0.0,0.0,1.0,0.0,35.0,1.0,9,0.0,1.0,0.0
sewalpa01,2021,1,SEA,AL,10,3,62,0,0,0,11,194,42,22,10.0,24,104,0.176,3.06,5.0,2.0,0.0,0.0,264.0,18.0,24,0.0,0.0,0.0
sewalpa01,2022,1,SEA,AL,5,4,65,0,0,0,20,192,32,19,10.0,17,72,0.146,2.67,4.0,1.0,4.0,0.0,242.0,37.0,21,1.0,1.0,0.0
sewalpa01,2023,1,SEA,AL,3,1,45,0,0,0,21,129,30,14,5.0,14,60,0.196,2.93,1.0,1.0,0.0,0.0,169.0,31.0,15,1.0,1.0,3.0
sewalpa01,2023,2,ARI,NL,0,1,20,0,0,0,13,53,16,7,3.0,10,20,0.235,3.57,0.0,0.0,1.0,0.0,80.0,16.0,8,1.0,0.0,0.0
sewalpa01,2024,1,ARI,NL,1,2,42,0,0,0,16,119,35,19,6.0,10,43,0.232,4.31,1.0,0.0,3.0,0.0,165.0,34.0,19,0.0,1.0,1.0
sewalpa01,2025,1,CLE,AL,1,1,18,0,0,0,2,46,14,8,3.0,4,18,0.246,4.7,0.0,0.0,0.0,0.0,62.0,3.0,9,0.0,1.0,0.0
sewalpa01,2025,2,DET,AL,0,0,4,0,0,0,0,13,4,2,1.0,2,2,0.25,4.15,0.0,0.0,0.0,0.0,19.0,2.0,2,0.0,1.0,0.0
seymoca01,2025,1,SFN,NL,1,3,16,3,0,0,0,108,37,19,9.0,13,26,0.262,4.75,0.0,0.0,1.0,0.0,156.0,7.0,21,1.0,0.0,4.0
seymoia01,2025,1,TBA,AL,4,3,19,5,0,0,0,171,48,23,5.0,19,64,0.221,3.63,1.0,0.0,3.0,0.0,242.0,7.0,33,1.0,2.0,4.0
shafeju01,2020,1,MIA,NL,0,0,5,0,0,0,0,17,8,8,2.0,4,5,0.333,12.71,0.0,0.0,1.0,0.0,30.0,0.0,8,0.0,1.0,0.0
sharpst01,2020,1,MIA,NL,0,0,4,0,0,0,0,16,7,6,1.0,5,3,0.304,10.13,0.0,0.0,1.0,0.0,29.0,0.0,7,0.0,0.0,1.0
shawbr01,2020,1,SEA,AL,1,0,6,0,0,0,0,18,13,12,1.0,6,4,0.433,18.0,0.0,0.0,1.0,0.0,38.0,1.0,12,0.0,1.0,1.0
shawbr01,2021,1,CLE,AL,6,7,81,0,0,0,2,232,69,30,10.0,38,71,0.235,3.49,0.0,6.0,1.0,0.0,334.0,10.0,33,1.0,0.0,5.0
shawbr01,2022,1,CLE,AL,6,2,60,2,0,0,1,175,58,35,9.0,26,52,0.252,5.4,1.0,2.0,4.0,0.0,261.0,11.0,38,0.0,1.0,5.0
shawbr01,2023,1,CHA,AL,0,0,38,0,0,0,4,137,39,21,3.0,17,40,0.235,4.14,0.0,1.0,6.0,0.0,190.0,17.0,21,0.0,1.0,9.0
shawbr01,2024,1,CHA,AL,0,1,5,0,0,0,0,12,8,4,1.0,4,4,0.4,9.0,1.0,1.0,0.0,0.0,24.0,3.0,5,0.0,0.0,1.0
sheehem01,2023,1,LAN,NL,4,1,13,11,0,0,1,181,46,33,11.0,26,64,0.21,4.92,0.0,1.0,1.0,0.0,248.0,1.0,33,0.0,2.0,5.0
sheehem01,2025,1,LAN,NL,6,3,15,12,0,0,0,220,49,23,7.0,22,89,0.185,2.82,0.0,2.0,2.0,0.0,291.0,0.0,29,0.0,2.0,1.0
sheffjo01,2021,1,COL,NL,0,0,30,0,0,0,0,88,19,11,2.0,13,20,0.19,3.38,0.0,4.0,2.0,0.0,116.0,12.0,11,0.0,1.0,4.0
sheffjo01,2022,1,COL,NL,0,0,2,0,0,0,0,6,2,0,0.0,2,1,0.333,0.0,0.0,0.0,0.0,0.0,8.0,2.0,0,0.0,0.0,1.0
sheffju01,2020,1,SEA,AL,4,3,10,10,0,0,0,166,52,22,2.0,20,48,0.251,3.58,0.0,1.0,3.0,0.0,232.0,0.0,23,0.0,2.0,4.0
sheffju01,2021,1,SEA,AL,7,8,21,15,0,0,0,241,105,61,14.0,43,63,0.316,6.83,1.0,5.0,5.0,0.0,385.0,0.0,69,1.0,4.0,11.0
sheffju01,2022,1,SEA,AL,1,0,6,1,0,0,0,35,9,5,1.0,6,7,0.209,3.86,0.0,0.0,1.0,0.0,51.0,3.0,5,0.0,1.0,1.0
sherfji01,2021,1,SFN,NL,1,0,10,0,0,0,0,32,9,5,2.0,4,9,0.231,4.22,0.0,1.0,1.0,0.0,46.0,4.0,5,1.0,1.0,0.0
sherfji01,2021,2,LAN,NL,1,1,4,0,0,0,0,13,3,2,1.0,0,3,0.188,4.15,0.0,0.0,1.0,0.0,17.0,3.0,3,0.0,0.0,1.0
sherrry01,2020,1,TBA,AL,1,0,10,0,0,0,1,29,6,0,0.0,2,2,0.188,0.0,0.0,0.0,0.0,0.0,34.0,3.0,0,0.0,0.0,3.0
sherrry01,2021,1,TBA,AL,0,1,16,0,0,0,1,44,14,9,0.0,9,16,0.241,5.52,0.0,2.0,4.0,0.0,72.0,6.0,11,0.0,1.0,1.0
sherrry01,2023,1,BOS,AL,0,0,5,0,0,0,0,20,6,2,0.0,2,5,0.24,2.7,0.0,0.0,1.0,0.0,29.0,1.0,2,0.0,1.0,0.0
shoemma01,2020,1,TOR,AL,0,1,6,6,0,0,0,86,22,15,8.0,9,26,0.21,4.71,0.0,0.0,0.0,0.0,115.0,0.0,16,1.0,0.0,4.0
shoemma01,2021,1,MIN,AL,3,8,16,11,0,0,0,181,73,54,15.0,27,40,0.297,8.06,1.0,1.0,3.0,0.0,284.0,4.0,56,2.0,5.0,2.0
shortza01,2023,1,DET,AL,0,0,6,0,0,0,0,18,12,4,0.0,1,1,0.4,6.0,0.0,0.0,1.0,0.0,32.0,6.0,4,0.0,0.0,0.0
shrevch01,2020,1,NYN,NL,1,0,17,0,0,0,0,75,17,11,4.0,12,34,0.191,3.96,0.0,0.0,0.0,0.0,102.0,1.0,12,0.0,1.0,2.0
shrevch01,2021,1,PIT,NL,3,3,57,0,0,0,0,169,43,20,7.0,28,45,0.212,3.2,0.0,0.0,1.0,0.0,235.0,5.0,20,0.0,3.0,6.0
shrevch01,2022,1,NYN,NL,1,1,25,0,0,0,0,79,27,19,6.0,10,29,0.262,6.49,1.0,2.0,0.0,0.0,114.0,4.0,19,0.0,1.0,0.0
shrevch01,2023,1,DET,AL,1,2,47,0,0,0,0,124,45,22,6.0,12,42,0.278,4.79,0.0,3.0,1.0,0.0,180.0,10.0,24,1.0,4.0,3.0
shrevch01,2023,2,CIN,NL,0,0,3,0,0,0,0,10,1,1,1.0,2,3,0.091,2.7,0.0,0.0,0.0,0.0,13.0,0.0,1,0.0,0.0,0.0
shrevch01,2024,1,COL,NL,0,0,1,0,0,0,0,3,1,0,0.0,0,0,0.25,0.0,0.0,0.0,0.0,0.0,4.0,0.0,0,0.0,0.0,0.0
shugach01,2024,1,BOS,AL,0,0,6,0,0,0,1,26,8,4,1.0,3,8,0.242,4.15,0.0,0.0,0.0,0.0,36.0,4.0,4,0.0,0.0,1.0
shugach01,2025,1,PIT,NL,4,3,35,0,0,0,0,135,33,17,6.0,17,31,0.206,3.4,2.0,3.0,1.0,0.0,181.0,11.0,18,0.0,3.0,2.0
shustja01,2023,1,ATL,NL,4,3,11,11,0,0,0,158,53,34,7.0,26,30,0.264,5.81,0.0,3.0,1.0,0.0,230.0,0.0,34,0.0,2.0,4.0
shustja01,2024,1,CHA,AL,2,5,39,4,0,0,0,220,74,35,9.0,33,56,0.261,4.3,0.0,3.0,0.0,0.0,321.0,14.0,38,0.0,5.0,6.0
shustja01,2025,1,CHA,AL,0,0,12,2,0,0,0,47,27,14,0.0,5,12,0.365,8.04,2.0,1.0,2.0,0.0,82.0,4.0,15,0.0,1.0,1.0
silsech01,2022,1,LAA,AL,1,3,7,7,0,0,0,86,33,21,7.0,12,24,0.287,6.59,0.0,2.0,1.0,0.0,129.0,0.0,21,1.0,0.0,3.0
silsech01,2023,1,LAA,AL,4,1,16,8,0,0,0,157,41,23,9.0,26,56,0.212,3.96,0.0,5.0,2.0,1.0,221.0,3.0,26,0.0,0.0,6.0
silsech01,2024,1,LAA,AL,0,1,2,2,0,0,0,24,8,6,3.0,4,12,0.235,6.75,0.0,0.0,0.0,0.0,38.0,0.0,7,0.0,0.0,0.0
silsech01,2025,1,LAA,AL,0,0,10,0,0,0,0,33,10,2,1.0,6,13,0.244,1.64,1.0,1.0,1.0,0.0,49.0,0.0,2,0.0,1.0,0.0
simmoan01,2022,1,CHN,NL,0,0,1,0,0,0,0,3,5,5,0.0,1,0,0.833,45.0,0.0,0.0,0.0,0.0,9.0,1.0,5,0.0,2.0,0.0
simpsjo02,2025,1,MIA,NL,4,2,31,0,0,0,0,92,34,25,5.0,22,36,0.27,7.34,2.0,3.0,3.0,0.0,151.0,10.0,28,0.0,0.0,2.0
simslu01,2020,1,CIN,NL,3,0,20,0,0,0,0,77,13,7,3.0,11,34,0.146,2.45,0.0,0.0,3.0,0.0,103.0,5.0,10,0.0,0.0,2.0
simslu01,2021,1,CIN,NL,5,3,47,0,0,0,7,141,34,23,6.0,18,76,0.2,4.4,3.0,2.0,4.0,1.0,195.0,13.0,26,0.0,3.0,1.0
simslu01,2022,1,CIN,NL,1,0,6,0,0,0,1,20,5,7,0.0,6,5,0.217,9.45,0.0,0.0,1.0,0.0,31.0,1.0,7,0.0,1.0,1.0
simslu01,2023,1,CIN,NL,7,3,67,0,0,0,3,183,33,21,5.0,39,72,0.163,3.1,1.0,3.0,10.0,1.0,258.0,5.0,23,2.0,5.0,3.0
simslu01,2024,1,CIN,NL,1,4,43,0,0,0,1,106,30,14,6.0,20,40,0.231,3.57,0.0,1.0,1.0,0.0,154.0,5.0,14,1.0,2.0,2.0
simslu01,2024,2,BOS,AL,0,2,15,0,0,0,0,42,11,10,2.0,10,9,0.224,6.43,0.0,1.0,1.0,0.0,61.0,1.0,10,0.0,1.0,2.0
simslu01,2025,1,WAS,NL,1,0,18,0,0,0,0,37,14,19,2.0,14,13,0.275,13.86,0.0,3.0,7.0,0.0,72.0,2.0,19,0.0,0.0,0.0
singebr01,2020,1,KCA,AL,4,5,12,12,0,0,0,193,52,29,8.0,23,61,0.22,4.06,0.0,5.0,2.0,1.0,263.0,0.0,29,0.0,2.0,4.0
singebr01,2021,1,KCA,AL,5,10,27,27,1,0,0,385,146,70,14.0,53,131,0.281,4.91,1.0,3.0,11.0,1.0,586.0,0.0,81,0.0,3.0,8.0
singebr01,2022,1,KCA,AL,10,5,27,24,0,0,0,460,140,55,18.0,35,150,0.246,3.23,0.0,3.0,11.0,1.0,621.0,2.0,58,4.0,2.0,17.0
singebr01,2023,1,KCA,AL,8,11,29,29,0,0,0,479,182,98,20.0,49,133,0.287,5.52,0.0,3.0,8.0,0.0,702.0,0.0,102,1.0,10.0,13.0
singebr01,2024,1,KCA,AL,9,13,32,32,0,0,0,539,175,74,22.0,54,170,0.253,3.71,0.0,2.0,10.0,0.0,762.0,0.0,77,4.0,1.0,14.0
singebr01,2025,1,CIN,NL,14,12,32,32,0,0,0,509,150,76,19.0,60,163,0.238,4.03,0.0,3.0,14.0,0.0,716.0,0.0,80,2.0,9.0,13.0
siskev01,2025,1,KCA,AL,0,0,5,0,0,0,0,16,5,1,0.0,5,11,0.238,1.69,0.0,1.0,0.0,1.0,26.0,1.0,1,0.0,0.0,0.0
siskev01,2025,2,PIT,NL,1,1,14,0,0,0,0,37,11,6,1.0,5,14,0.244,4.38,0.0,2.0,2.0,0.0,54.0,4.0,6,1.0,1.0,0.0
sittibr01,2021,1,ARI,NL,0,1,5,0,0,0,0,14,5,4,3.0,2,1,0.294,7.71,0.0,0.0,1.0,0.0,21.0,0.0,4,0.0,1.0,1.0
skenepa01,2024,1,PIT,NL,11,3,23,23,0,0,0,399,94,29,10.0,32,170,0.198,1.96,0.0,2.0,6.0,1.0,514.0,0.0,31,0.0,1.0,15.0
skenepa01,2025,1,PIT,NL,10,10,32,32,1,0,0,563,136,41,11.0,42,216,0.199,1.97,0.0,2.0,6.0,0.0,733.0,0.0,45,0.0,1.0,13.0
skubata01,2020,1,DET,AL,1,4,8,7,0,0,0,96,28,20,9.0,11,37,0.235,5.63,0.0,0.0,2.0,0.0,134.0,0.0,21,0.0,2.0,4.0
skubata01,2021,1,DET,AL,8,12,31,29,0,0,0,448,141,72,35.0,47,164,0.245,4.34,0.0,4.0,6.0,0.0,634.0,1.0,76,1.0,4.0,6.0
skubata01,2022,1,DET,AL,7,8,21,21,0,0,0,353,104,46,9.0,32,117,0.237,3.52,0.0,1.0,1.0,0.0,477.0,0.0,53,2.0,4.0,9.0
skubata01,2023,1,DET,AL,7,3,15,15,0,0,0,241,58,25,4.0,14,102,0.199,2.8,0.0,1.0,3.0,0.0,310.0,0.0,28,0.0,1.0,8.0
skubata01,2024,1,DET,AL,18,4,31,31,0,0,0,576,142,51,15.0,35,228,0.201,2.39,0.0,2.0,9.0,0.0,753.0,0.0,54,1.0,3.0,12.0
skubata01,2025,1,DET,AL,13,6,31,31,1,1,0,586,141,48,18.0,33,241,0.2,2.21,0.0,3.0,5.0,2.0,748.0,0.0,55,2.0,2.0,10.0
slateau01,2021,1,SFN,NL,0,0,1,0,0,0,0,1,0,0,0.0,1,0,0.0,0.0,0.0,0.0,0.0,0.0,2.0,1.0,0,0.0,0.0,0.0
slateau01,2025,2,NYA,AL,0,0,1,0,0,0,0,2,1,0,0.0,0,0,0.333,0.0,0.0,0.0,0.0,0.0,3.0,1.0,0,0.0,0.0,0.0
slateju01,2024,1,BOS,AL,6,2,44,0,0,0,2,166,47,18,4.0,9,58,0.223,2.93,0.0,4.0,2.0,0.0,224.0,8.0,21,0.0,2.0,3.0
slateju01,2025,1,BOS,AL,2,4,36,0,0,0,3,102,27,16,3.0,10,25,0.214,4.24,2.0,1.0,0.0,0.0,137.0,8.0,19,0.0,1.0,3.0
slegeaa01,2020,1,TBA,AL,0,0,11,1,0,0,2,78,18,10,1.0,5,19,0.194,3.46,2.0,0.0,2.0,0.0,101.0,3.0,10,1.0,0.0,3.0
slegeaa01,2021,1,LAA,AL,2,2,29,0,0,0,0,93,43,24,6.0,15,25,0.326,6.97,0.0,1.0,1.0,0.0,149.0,5.0,24,1.0,0.0,1.0
smallet01,2022,1,MIL,NL,0,0,2,2,0,0,0,19,8,5,1.0,8,7,0.32,7.11,0.0,0.0,0.0,0.0,33.0,0.0,5,0.0,0.0,2.0
smallet01,2023,1,MIL,NL,0,0,2,0,0,0,1,12,9,5,1.0,2,6,0.429,11.25,0.0,1.0,0.0,0.0,23.0,1.0,5,0.0,0.0,0.0
smeltde01,2020,1,MIN,AL,2,0,7,1,0,0,0,48,19,12,2.0,5,15,0.292,6.75,0.0,0.0,1.0,0.0,72.0,2.0,12,1.0,0.0,0.0
smeltde01,2021,1,MIN,AL,0,0,1,0,0,0,0,14,1,0,0.0,1,3,0.077,0.0,0.0,0.0,2.0,0.0,17.0,1.0,1,0.0,1.0,1.0
smeltde01,2022,1,MIN,AL,5,2,15,12,0,0,0,211,67,29,13.0,19,40,0.253,3.71,0.0,2.0,1.0,0.0,287.0,1.0,30,1.0,1.0,9.0
smeltde01,2023,1,MIA,NL,0,1,9,1,0,0,0,67,29,16,7.0,4,16,0.315,6.45,0.0,1.0,4.0,0.0,100.0,5.0,18,0.0,0.0,2.0
smithaj01,2023,1,ATL,NL,1,0,6,5,0,0,0,76,17,12,7.0,11,20,0.183,4.26,0.0,3.0,1.0,0.0,105.0,0.0,14,0.0,0.0,1.0
smithaj01,2024,1,ATL,NL,0,0,1,1,0,0,0,13,3,0,0.0,2,4,0.188,0.0,0.0,0.0,0.0,0.0,18.0,0.0,0,0.0,0.0,0.0
smithaj01,2025,1,ATL,NL,3,2,9,9,0,0,0,133,42,19,4.0,21,42,0.249,3.86,0.0,3.0,1.0,0.0,192.0,0.0,20,1.0,0.0,3.0
smithbu03,2020,1,OAK,AL,2,0,6,0,0,0,1,36,7,3,1.0,1,13,0.163,2.25,0.0,0.0,0.0,0.0,44.0,3.0,3,0.0,0.0,0.0
smithbu03,2021,1,OAK,AL,1,1,31,0,0,0,0,130,49,26,5.0,11,28,0.28,5.4,0.0,2.0,1.0,0.0,188.0,10.0,27,0.0,1.0,3.0
smithbu03,2024,1,MIA,NL,2,0,25,0,0,0,0,89,39,14,1.0,9,23,0.322,4.25,0.0,3.0,1.0,1.0,135.0,8.0,15,2.0,2.0,3.0
smithbu03,2024,2,BAL,AL,2,1,25,0,0,0,0,80,25,17,5.0,3,23,0.248,5.74,0.0,0.0,1.0,0.0,106.0,5.0,19,1.0,0.0,3.0
smithca03,2020,1,MIA,NL,0,0,1,1,0,0,0,9,1,1,1.0,6,3,0.111,3.0,0.0,0.0,0.0,0.0,15.0,0.0,1,0.0,0.0,0.0
smithca03,2020,2,ARI,NL,0,0,4,3,0,0,0,33,5,3,2.0,6,12,0.128,2.45,0.0,0.0,0.0,0.0,45.0,0.0,3,0.0,0.0,0.0
smithca03,2021,1,ARI,NL,4,9,45,13,0,0,0,341,93,61,20.0,63,124,0.217,4.83,3.0,2.0,6.0,0.0,500.0,4.0,64,1.0,0.0,4.0
smithca03,2022,1,ARI,NL,1,3,44,1,0,0,0,210,57,32,14.0,39,65,0.218,4.11,1.0,1.0,1.0,0.0,302.0,14.0,35,1.0,0.0,4.0
smithca05,2024,1,CLE,AL,6,1,74,0,0,0,1,226,51,16,1.0,17,103,0.19,1.91,0.0,0.0,3.0,1.0,289.0,2.0,16,0.0,1.0,7.0
smithca05,2025,1,CLE,AL,8,5,76,0,0,0,16,221,55,24,4.0,19,104,0.201,2.93,3.0,3.0,4.0,2.0,300.0,30.0,31,1.0,2.0,1.0
smithch10,2022,1,COL,NL,0,1,15,0,0,0,0,54,16,15,2.0,15,23,0.239,7.5,0.0,3.0,2.0,0.0,85.0,2.0,15,0.0,1.0,0.0
smithch10,2023,1,OAK,AL,1,2,10,0,0,0,0,41,15,10,2.0,7,9,0.294,6.59,0.0,1.0,2.0,0.0,60.0,5.0,10,0.0,0.0,1.0
smithdo02,2024,1,BOS,AL,0,0,3,0,0,0,0,9,2,0,0.0,1,0,0.2,0.0,0.0,0.0,0.0,0.0,11.0,3.0,0,0.0,0.0,1.0
smithdr01,2020,1,NYN,NL,0,1,8,0,0,0,0,21,6,5,2.0,2,7,0.222,6.43,1.0,1.0,0.0,0.0,29.0,3.0,6,0.0,0.0,0.0
smithdr01,2021,1,NYN,NL,3,1,31,1,0,0,0,124,28,11,7.0,16,41,0.192,2.4,4.0,0.0,2.0,0.0,165.0,10.0,13,0.0,1.0,3.0
smithdr01,2022,1,NYN,NL,3,3,44,0,0,0,0,138,38,17,9.0,15,53,0.222,3.33,0.0,0.0,0.0,0.0,187.0,6.0,17,0.0,1.0,2.0
smithdr01,2023,1,NYN,NL,4,6,63,0,0,0,3,169,50,26,7.0,29,60,0.24,4.15,0.0,2.0,5.0,0.0,244.0,16.0,31,0.0,2.0,7.0
smithdr01,2024,1,NYN,NL,1,1,19,0,0,0,2,53,18,6,2.0,9,23,0.265,3.06,0.0,3.0,0.0,0.0,79.0,4.0,7,0.0,2.0,1.0
smithdy01,2025,1,DET,AL,1,0,7,0,0,0,0,39,6,2,0.0,5,4,0.15,1.38,0.0,0.0,3.0,0.0,48.0,5.0,2,0.0,0.0,4.0
smithjo05,2021,1,HOU,AL,1,1,27,0,0,0,0,65,35,18,4.0,4,17,0.376,7.48,0.0,2.0,3.0,0.0,103.0,10.0,18,2.0,1.0,2.0
smithjo05,2021,2,SEA,AL,3,3,23,0,0,0,0,54,12,4,1.0,4,17,0.185,2.0,2.0,0.0,0.0,0.0,70.0,2.0,5,0.0,1.0,0.0
smithjo05,2022,1,MIN,AL,1,1,34,0,0,0,0,82,33,14,7.0,9,17,0.297,4.61,1.0,0.0,1.0,1.0,122.0,3.0,18,0.0,1.0,5.0
smithjo07,2020,1,MIA,NL,1,1,16,1,0,0,1,79,33,20,3.0,11,18,0.314,6.84,2.0,0.0,1.0,0.0,121.0,2.0,21,1.0,3.0,1.0
smithjo08,2020,1,MIA,NL,0,0,2,0,0,0,0,5,2,2,1.0,1,4,0.286,10.8,0.0,0.0,2.0,0.0,10.0,0.0,2,0.0,0.0,0.0
smithpa04,2024,1,ARI,NL,0,0,1,0,0,0,0,3,0,0,0.0,1,0,0.0,0.0,0.0,0.0,1.0,0.0,5.0,1.0,0,0.0,0.0,1.0
smithri01,2020,1,ARI,NL,2,0,6,0,0,0,0,55,15,3,1.0,5,18,0.234,1.47,0.0,0.0,0.0,0.0,70.0,5.0,3,1.0,0.0,3.0
smithri01,2021,1,ARI,NL,1,4,24,6,0,0,1,202,86,45,10.0,15,36,0.308,6.01,2.0,0.0,4.0,0.0,301.0,4.0,46,1.0,2.0,7.0
smithsh02,2025,1,CHA,AL,7,8,29,29,0,0,0,439,117,62,17.0,58,145,0.216,3.81,1.0,8.0,12.0,0.0,616.0,0.0,70,2.0,2.0,12.0
smithwi04,2020,1,ATL,NL,2,2,18,0,0,0,0,48,11,8,7.0,4,18,0.19,4.5,0.0,0.0,0.0,0.0,62.0,1.0,8,0.0,0.0,1.0
smithwi04,2021,1,ATL,NL,3,7,71,0,0,0,37,204,49,26,11.0,28,87,0.198,3.44,2.0,3.0,5.0,0.0,283.0,60.0,27,0.0,2.0,6.0
smithwi04,2022,1,ATL,NL,0,1,41,0,0,0,5,111,35,18,7.0,21,41,0.24,4.38,3.0,2.0,2.0,2.0,171.0,12.0,25,0.0,2.0,0.0
smithwi04,2022,2,HOU,AL,0,2,24,0,0,0,0,66,23,8,2.0,4,24,0.271,3.27,0.0,0.0,0.0,1.0,90.0,6.0,10,0.0,1.0,1.0
smithwi04,2023,1,TEX,AL,2,7,60,0,0,0,22,172,44,28,5.0,17,55,0.211,4.4,4.0,1.0,0.0,0.0,226.0,41.0,31,0.0,0.0,3.0
smithwi04,2024,1,KCA,AL,0,4,45,0,0,0,1,124,45,30,7.0,15,29,0.273,6.53,2.0,0.0,3.0,0.0,186.0,13.0,31,2.0,1.0,0.0
smylydr01,2020,1,SFN,NL,0,1,7,5,0,0,0,79,20,10,2.0,9,42,0.198,3.42,0.0,1.0,0.0,0.0,111.0,0.0,11,0.0,1.0,0.0
smylydr01,2021,1,ATL,NL,11,4,29,23,0,0,0,380,133,63,27.0,41,117,0.269,4.48,3.0,5.0,2.0,1.0,546.0,2.0,69,5.0,3.0,9.0
smylydr01,2022,1,CHN,NL,7,8,22,22,0,0,0,319,101,41,16.0,26,91,0.243,3.47,0.0,3.0,5.0,0.0,447.0,0.0,46,0.0,1.0,6.0
smylydr01,2023,1,CHN,NL,11,11,41,23,0,0,0,427,147,79,26.0,56,141,0.265,5.0,0.0,9.0,6.0,1.0,626.0,4.0,89,3.0,7.0,10.0
smylydr01,2024,1,CHN,NL,4,8,50,0,0,0,0,176,57,25,10.0,25,56,0.252,3.84,3.0,5.0,3.0,0.0,257.0,8.0,29,2.0,1.0,3.0
sneadki01,2021,1,TOR,AL,0,1,7,0,0,0,0,23,7,2,0.0,2,7,0.259,2.35,0.0,1.0,1.0,0.0,30.0,2.0,3,0.0,0.0,2.0
sneadki01,2022,1,OAK,AL,1,1,46,0,0,0,1,134,56,29,5.0,22,35,0.308,5.84,3.0,3.0,2.0,0.0,210.0,14.0,31,1.0,3.0,4.0
sneadki01,2023,1,OAK,AL,1,2,15,0,0,0,0,35,14,6,1.0,6,9,0.28,4.63,1.0,3.0,0.0,0.0,56.0,2.0,7,0.0,0.0,1.0
sneadki01,2024,1,SEA,AL,0,0,11,0,0,0,0,31,12,5,0.0,7,7,0.293,4.35,0.0,0.0,0.0,0.0,48.0,2.0,5,0.0,0.0,0.0
sneedcy01,2020,1,HOU,AL,0,3,18,0,0,0,0,52,22,11,3.0,10,21,0.31,5.71,2.0,1.0,0.0,0.0,83.0,8.0,15,2.0,0.0,0.0
snellbl01,2020,1,TBA,AL,4,2,11,11,0,0,0,150,42,18,10.0,18,63,0.228,3.24,0.0,7.0,0.0,0.0,203.0,0.0,19,1.0,0.0,4.0
snellbl01,2021,1,SDN,NL,7,6,27,27,0,0,0,386,101,60,16.0,69,170,0.214,4.2,1.0,7.0,3.0,1.0,550.0,0.0,61,5.0,1.0,10.0
snellbl01,2022,1,SDN,NL,8,10,24,24,0,0,0,384,103,48,11.0,51,171,0.216,3.38,0.0,6.0,2.0,0.0,535.0,0.0,51,1.0,5.0,6.0
snellbl01,2023,1,SDN,NL,14,9,32,32,0,0,0,540,115,45,15.0,99,234,0.181,2.25,0.0,13.0,3.0,2.0,742.0,0.0,47,0.0,3.0,13.0
snellbl01,2024,1,SFN,NL,5,3,20,20,1,1,0,312,65,36,6.0,44,145,0.174,3.12,0.0,8.0,1.0,0.0,418.0,0.0,38,0.0,0.0,2.0
snellbl01,2025,1,LAN,NL,5,4,11,11,0,0,0,184,51,16,3.0,26,72,0.23,2.35,1.0,7.0,0.0,0.0,254.0,0.0,21,3.0,3.0,4.0
snideco01,2022,1,KCA,AL,4,2,42,0,0,0,0,103,40,25,3.0,15,22,0.301,6.55,0.0,0.0,2.0,0.0,151.0,2.0,25,1.0,0.0,6.0
snideco01,2023,1,KCA,AL,0,0,20,1,0,0,1,61,24,11,3.0,13,11,0.296,4.87,0.0,0.0,0.0,0.0,95.0,2.0,12,0.0,1.0,3.0
snideco01,2024,1,SEA,AL,3,4,42,0,0,0,0,125,36,9,5.0,13,47,0.231,1.94,2.0,1.0,0.0,0.0,169.0,9.0,14,0.0,0.0,4.0
snideco01,2025,1,SEA,AL,2,1,24,0,0,0,0,79,32,16,3.0,6,24,0.299,5.47,1.0,1.0,2.0,0.0,119.0,4.0,20,2.0,2.0,3.0
snydeni01,2021,1,TEX,AL,0,0,4,0,0,0,0,11,3,2,0.0,3,1,0.25,4.91,0.0,0.0,0.0,0.0,15.0,2.0,2,0.0,0.0,2.0
snydeni01,2022,1,TEX,AL,0,0,2,0,0,0,0,3,1,2,0.0,3,0,0.25,18.0,0.0,0.0,0.0,0.0,7.0,0.0,2,0.0,0.0,0.0
sobotch01,2020,1,ATL,NL,0,0,4,0,0,0,0,11,6,5,0.0,2,2,0.333,12.27,0.0,2.0,0.0,0.0,20.0,3.0,5,0.0,0.0,0.0
sogarer01,2021,1,CHN,NL,0,0,5,0,0,0,0,13,7,3,2.0,0,1,0.35,6.23,0.0,0.0,1.0,0.0,21.0,5.0,3,0.0,0.0,0.0
solomja01,2022,1,CIN,NL,0,0,9,0,0,0,0,25,8,10,3.0,5,9,0.242,10.8,0.0,0.0,1.0,0.0,39.0,5.0,10,0.0,0.0,0.0
solompe01,2021,1,HOU,AL,1,0,6,0,0,0,0,42,10,2,0.0,8,10,0.217,1.29,0.0,2.0,0.0,0.0,55.0,3.0,2,0.0,1.0,2.0
solompe01,2023,1,ARI,NL,0,0,5,0,0,0,0,40,17,18,2.0,11,6,0.309,12.15,0.0,1.0,1.0,0.0,67.0,2.0,18,0.0,0.0,1.0
sommedr01,2025,1,DET,AL,0,1,4,0,0,0,0,9,7,6,1.0,3,3,0.467,18.0,0.0,0.0,1.0,0.0,19.0,2.0,6,0.0,0.0,0.0
soriage01,2023,1,MIA,NL,0,0,26,1,0,0,1,156,46,22,6.0,23,52,0.234,3.81,1.0,0.0,5.0,1.0,228.0,4.0,26,1.0,2.0,4.0
soriage01,2024,1,MIA,NL,1,1,22,0,0,0,1,88,27,22,7.0,13,29,0.241,6.75,0.0,3.0,4.0,0.0,131.0,11.0,23,0.0,2.0,1.0
soriage01,2025,1,MIA,NL,2,0,24,0,0,0,1,110,46,34,10.0,19,36,0.305,8.35,1.0,3.0,2.0,1.0,173.0,12.0,36,0.0,1.0,2.0
soriajo01,2020,1,OAK,AL,2,2,22,0,0,0,2,67,18,7,1.0,10,24,0.217,2.82,3.0,0.0,0.0,0.0,96.0,4.0,8,0.0,3.0,0.0
soriajo01,2021,1,ARI,NL,1,4,31,0,0,0,6,88,31,14,4.0,8,31,0.27,4.3,0.0,1.0,1.0,1.0,125.0,20.0,14,0.0,1.0,3.0
soriajo01,2021,2,TOR,AL,0,0,10,0,0,0,0,24,8,7,2.0,4,9,0.267,7.88,0.0,1.0,0.0,0.0,34.0,0.0,7,0.0,0.0,1.0
soriajo02,2023,1,LAA,AL,1,3,38,0,0,0,0,126,33,17,4.0,23,56,0.214,3.64,2.0,2.0,7.0,1.0,185.0,6.0,22,1.0,0.0,2.0
soriajo02,2024,1,LAA,AL,6,7,22,20,0,0,0,339,91,43,8.0,45,97,0.223,3.42,1.0,7.0,9.0,0.0,468.0,1.0,50,1.0,5.0,16.0
soriajo02,2025,1,LAA,AL,10,11,31,31,0,0,0,507,158,80,12.0,78,152,0.249,4.26,0.0,8.0,5.0,0.0,724.0,0.0,89,4.0,2.0,30.0
sorokmi01,2020,1,ATL,NL,0,1,3,3,0,0,0,41,11,6,0.0,7,8,0.224,3.95,0.0,1.0,1.0,0.0,57.0,0.0,7,0.0,0.0,2.0
sorokmi01,2023,1,ATL,NL,2,2,7,6,0,0,0,97,36,23,9.0,12,29,0.281,6.4,0.0,2.0,4.0,0.0,145.0,0.0,23,1.0,0.0,4.0
sorokmi01,2024,1,CHA,AL,0,10,25,9,0,0,0,239,66,42,13.0,44,84,0.224,4.74,1.0,2.0,3.0,2.0,347.0,7.0,49,2.0,4.0,2.0
sorokmi01,2025,1,WAS,NL,3,8,16,16,0,0,0,244,68,44,11.0,24,87,0.224,4.87,0.0,2.0,14.0,1.0,343.0,0.0,44,0.0,1.0,4.0
sorokmi01,2025,2,CHN,NL,0,0,6,1,0,0,0,25,4,1,1.0,5,8,0.133,1.08,0.0,0.0,1.0,0.0,36.0,1.0,5,0.0,0.0,0.0
sotogr01,2020,1,DET,AL,0,1,27,0,0,0,2,69,16,11,2.0,13,29,0.193,4.3,0.0,3.0,2.0,0.0,98.0,6.0,11,0.0,0.0,2.0
sotogr01,2021,1,DET,AL,6,3,62,0,0,0,18,191,46,24,7.0,40,76,0.198,3.39,2.0,11.0,1.0,1.0,276.0,38.0,30,1.0,2.0,2.0
sotogr01,2022,1,DET,AL,2,11,64,0,0,0,30,181,49,22,2.0,34,60,0.225,3.28,1.0,3.0,7.0,0.0,263.0,54.0,32,1.0,3.0,9.0
sotogr01,2023,1,PHI,NL,3,4,69,0,0,0,3,181,47,31,6.0,22,65,0.21,4.62,0.0,5.0,2.0,0.0,250.0,13.0,34,0.0,2.0,4.0
sotogr01,2024,1,PHI,NL,2,4,43,0,0,0,2,106,36,16,2.0,20,44,0.265,4.08,2.0,3.0,6.0,0.0,165.0,13.0,19,1.0,2.0,2.0
sotogr01,2024,2,BAL,AL,1,1,23,0,0,0,0,53,20,10,2.0,7,21,0.286,5.09,1.0,1.0,2.0,1.0,79.0,5.0,11,0.0,0.0,1.0
sotogr01,2025,1,BAL,AL,0,2,45,0,0,0,1,109,29,16,2.0,18,44,0.216,3.96,1.0,7.0,5.0,0.0,160.0,10.0,17,1.0,2.0,3.0
sotogr01,2025,2,NYN,NL,1,3,25,0,0,0,0,72,33,12,2.0,6,26,0.308,4.5,0.0,3.0,6.0,0.0,119.0,3.0,16,0.0,0.0,0.0
sousabe01,2022,1,CHA,AL,3,0,25,0,0,0,1,61,25,19,3.0,10,12,0.301,8.41,1.0,4.0,1.0,0.0,96.0,2.0,20,0.0,2.0,1.0
sousabe01,2023,1,MIL,NL,0,0,2,0,0,0,0,8,5,4,1.0,2,2,0.417,13.5,0.0,0.0,0.0,0.0,14.0,2.0,4,0.0,0.0,1.0
sousabe01,2023,2,HOU,AL,0,0,5,0,0,0,0,19,1,0,0.0,0,8,0.05,0.0,0.0,0.0,0.0,0.0,20.0,2.0,0,0.0,0.0,0.0
sousabe01,2025,1,HOU,AL,5,1,44,0,0,0,4,152,37,16,4.0,15,59,0.204,2.84,0.0,4.0,0.0,0.0,199.0,13.0,18,1.0,2.0,4.0
sparkgl01,2020,1,KCA,AL,0,0,4,0,0,0,0,15,9,3,0.0,1,2,0.36,5.4,0.0,0.0,0.0,0.0,27.0,0.0,6,0.0,1.0,0.0
speasal01,2023,1,TEX,AL,0,2,3,0,0,0,0,6,2,3,0.0,5,4,0.286,13.5,1.0,1.0,0.0,0.0,12.0,1.0,3,0.0,0.0,0.0
speasal01,2024,1,HOU,AL,0,0,1,0,0,0,0,6,2,1,1.0,1,2,0.286,4.5,0.0,0.0,0.0,0.0,8.0,1.0,1,0.0,0.0,1.0
speiega01,2020,1,KCA,AL,0,1,8,0,0,0,0,17,9,5,1.0,4,6,0.346,7.94,0.0,0.0,0.0,0.0,30.0,3.0,5,0.0,0.0,0.0
speiega01,2021,1,KCA,AL,0,0,7,0,0,0,0,23,10,1,0.0,0,5,0.313,1.17,0.0,0.0,1.0,0.0,33.0,1.0,3,0.0,0.0,0.0
speiega01,2022,1,KCA,AL,0,1,17,1,0,0,0,58,16,5,2.0,5,14,0.225,2.33,0.0,1.0,0.0,0.0,77.0,5.0,5,0.0,1.0,3.0
speiega01,2023,1,SEA,AL,2,2,69,0,0,0,1,164,47,23,7.0,11,64,0.235,3.79,4.0,2.0,3.0,0.0,216.0,8.0,24,0.0,2.0,8.0
speiega01,2024,1,SEA,AL,0,2,29,0,0,0,0,71,19,15,2.0,14,33,0.226,5.7,1.0,1.0,2.0,0.0,104.0,3.0,15,1.0,3.0,2.0
speiega01,2025,1,SEA,AL,4,3,76,0,0,0,0,186,43,18,5.0,11,82,0.192,2.61,1.0,1.0,5.0,0.0,243.0,4.0,19,0.0,3.0,0.0
spencmi01,2024,1,OAK,AL,8,10,35,24,0,0,0,454,165,77,20.0,44,126,0.276,4.58,0.0,8.0,6.0,1.0,651.0,2.0,79,1.0,2.0,12.0
spencmi01,2025,1,ATH,AL,3,6,32,8,0,0,1,254,96,48,16.0,26,66,0.28,5.1,2.0,1.0,4.0,0.0,375.0,3.0,57,0.0,2.0,6.0
spierca01,2023,1,CIN,NL,0,1,4,2,0,0,1,39,18,10,1.0,7,12,0.321,6.92,0.0,0.0,0.0,0.0,64.0,1.0,12,0.0,1.0,1.0
spierca01,2024,1,CIN,NL,5,7,22,10,0,0,0,272,112,55,20.0,27,80,0.297,5.46,0.0,0.0,5.0,0.0,410.0,4.0,59,0.0,1.0,8.0
spierca01,2025,1,CIN,NL,0,2,3,2,0,0,0,40,13,9,3.0,7,11,0.26,6.08,0.0,0.0,1.0,0.0,60.0,1.0,9,1.0,1.0,0.0
spitzsh01,2021,1,PIT,NL,0,0,5,0,0,0,0,15,4,2,1.0,2,1,0.211,3.6,0.0,0.0,1.0,0.0,22.0,4.0,2,0.0,0.0,0.0
sprinje01,2020,1,BOS,AL,0,2,16,0,0,0,0,61,30,16,5.0,7,28,0.333,7.08,1.0,2.0,1.0,0.0,99.0,8.0,18,0.0,1.0,1.0
sprinje01,2021,1,TBA,AL,5,1,43,0,0,0,2,134,35,17,9.0,14,63,0.216,3.43,1.0,3.0,0.0,0.0,179.0,9.0,21,1.0,2.0,2.0
sprinje01,2022,1,TBA,AL,9,5,33,25,0,0,0,406,114,37,14.0,31,144,0.222,2.46,0.0,1.0,1.0,1.0,549.0,0.0,42,0.0,2.0,8.0
sprinje01,2023,1,TBA,AL,2,0,3,3,0,0,0,48,4,1,1.0,4,24,0.08,0.56,0.0,0.0,0.0,0.0,55.0,0.0,1,0.0,0.0,1.0
sprinje01,2024,1,TBA,AL,2,2,7,7,0,0,0,99,34,12,5.0,11,37,0.264,3.27,0.0,0.0,1.0,0.0,142.0,0.0,12,0.0,1.0,2.0
sprinje01,2025,1,ATH,AL,11,11,32,30,0,0,0,513,153,78,28.0,54,138,0.236,4.11,0.0,0.0,3.0,3.0,713.0,0.0,90,1.0,8.0,8.0
sproabr01,2025,1,NYN,NL,0,2,4,4,0,0,0,62,18,11,0.0,7,17,0.243,4.79,0.0,0.0,2.0,0.0,84.0,0.0,11,0.0,1.0,4.0
stallja01,2023,1,MIA,NL,0,0,7,0,0,0,0,24,12,4,1.0,0,1,0.364,4.5,0.0,0.0,2.0,0.0,36.0,7.0,4,0.0,1.0,2.0
stallja01,2025,1,COL,NL,0,0,1,0,0,0,0,6,2,1,0.0,0,1,0.25,4.5,0.0,0.0,0.0,0.0,8.0,1.0,1,0.0,0.0,0.0
stammcr01,2020,1,SDN,NL,4,2,24,0,0,0,0,72,27,15,2.0,4,20,0.278,5.63,0.0,0.0,2.0,0.0,105.0,6.0,16,2.0,0.0,3.0
stammcr01,2021,1,SDN,NL,6,3,67,4,0,0,1,265,79,30,13.0,13,83,0.235,3.06,1.0,3.0,3.0,0.0,355.0,4.0,31,1.0,2.0,10.0
stammcr01,2022,1,SDN,NL,1,2,33,1,0,0,0,122,45,20,9.0,10,35,0.28,4.43,0.0,3.0,2.0,0.0,177.0,9.0,22,0.0,3.0,3.0
stanery01,2020,1,MIA,NL,0,0,9,0,0,0,0,30,11,8,3.0,8,11,0.275,7.2,1.0,0.0,0.0,0.0,48.0,3.0,8,0.0,0.0,1.0
stanery01,2021,1,HOU,AL,3,5,72,0,0,0,2,205,46,26,8.0,37,83,0.186,3.42,3.0,6.0,5.0,0.0,290.0,13.0,32,0.0,1.0,4.0
stanery01,2022,1,HOU,AL,2,1,59,0,0,0,1,164,36,7,2.0,31,62,0.188,1.15,1.0,4.0,0.0,0.0,224.0,10.0,8,0.0,2.0,5.0
stanery01,2023,1,HOU,AL,3,1,55,0,0,0,0,152,42,23,8.0,21,51,0.221,4.09,1.0,2.0,1.0,1.0,213.0,15.0,24,0.0,1.0,3.0
stanery01,2024,1,SEA,AL,6,3,46,0,0,0,7,117,35,19,5.0,17,44,0.23,4.38,2.0,1.0,2.0,0.0,172.0,12.0,21,0.0,1.0,2.0
stanery01,2024,2,NYN,NL,1,0,17,0,0,0,0,49,13,11,3.0,8,23,0.217,6.06,0.0,2.0,1.0,0.0,69.0,2.0,11,0.0,0.0,3.0
stanery01,2025,1,NYN,NL,4,6,65,0,0,0,3,168,56,33,7.0,32,58,0.253,5.3,0.0,5.0,0.0,0.0,255.0,17.0,39,0.0,2.0,2.0
stashco01,2020,1,MIN,AL,1,0,11,0,0,0,0,45,11,5,2.0,3,17,0.204,3.0,0.0,1.0,0.0,0.0,57.0,1.0,5,0.0,0.0,1.0
stashco01,2021,1,MIN,AL,0,0,15,0,0,0,0,47,16,12,2.0,10,26,0.258,6.89,0.0,1.0,1.0,0.0,75.0,1.0,12,0.0,2.0,0.0
stashco01,2022,1,MIN,AL,3,0,11,0,0,0,0,49,16,7,1.0,0,15,0.25,3.86,0.0,0.0,0.0,0.0,65.0,4.0,7,0.0,1.0,0.0
staumjo01,2020,1,KCA,AL,2,1,26,0,0,0,0,77,20,7,2.0,16,37,0.215,2.45,0.0,1.0,3.0,0.0,112.0,3.0,8,0.0,0.0,1.0
staumjo01,2021,1,KCA,AL,4,3,64,0,0,0,5,197,43,21,6.0,27,72,0.183,2.88,1.0,4.0,2.0,0.0,264.0,19.0,24,0.0,0.0,6.0
staumjo01,2022,1,KCA,AL,3,3,42,0,0,0,3,113,37,27,3.0,29,43,0.261,6.45,0.0,5.0,1.0,1.0,176.0,15.0,28,1.0,3.0,2.0
staumjo01,2023,1,KCA,AL,0,0,21,1,0,0,0,60,16,12,1.0,13,24,0.219,5.4,0.0,3.0,2.0,0.0,89.0,5.0,12,0.0,0.0,3.0
staumjo01,2024,1,MIN,AL,1,0,25,0,0,0,0,73,17,10,0.0,14,18,0.2,3.7,0.0,1.0,1.0,0.0,102.0,12.0,12,0.0,2.0,2.0
steckdr01,2021,1,SEA,AL,5,2,62,0,0,0,14,203,52,15,5.0,17,58,0.214,2.0,2.0,0.0,4.0,0.0,267.0,20.0,16,1.0,2.0,5.0
steckdr01,2022,1,SEA,AL,0,2,16,0,0,0,2,43,21,9,2.0,5,10,0.333,5.65,0.0,0.0,0.0,0.0,68.0,3.0,9,0.0,0.0,0.0
steelju01,2021,1,CHN,NL,4,4,20,9,0,0,0,171,50,27,12.0,27,59,0.233,4.26,2.0,0.0,5.0,0.0,248.0,2.0,29,1.0,0.0,7.0
steelju01,2022,1,CHN,NL,4,7,24,24,0,0,0,357,111,42,8.0,50,126,0.244,3.18,0.0,4.0,3.0,1.0,512.0,0.0,53,0.0,4.0,10.0
steelju01,2023,1,CHN,NL,16,5,30,30,0,0,0,520,167,59,14.0,36,176,0.251,3.06,0.0,9.0,7.0,1.0,716.0,0.0,71,5.0,2.0,14.0
steelju01,2024,1,CHN,NL,5,5,24,24,1,0,0,404,111,46,12.0,37,135,0.219,3.07,0.0,1.0,4.0,0.0,555.0,0.0,54,5.0,3.0,5.0
steelju01,2025,1,CHN,NL,3,1,4,4,0,0,0,68,21,12,5.0,5,21,0.247,4.76,0.0,0.0,1.0,0.0,92.0,0.0,12,0.0,1.0,2.0
stefami01,2024,1,LAA,AL,0,0,1,0,0,0,0,3,1,0,0.0,0,0,0.25,0.0,0.0,0.0,1.0,0.0,5.0,1.0,0,0.0,0.0,0.0
stefami01,2025,1,TOR,AL,0,0,1,0,0,0,0,3,0,0,0.0,0,0,0.0,0.0,0.0,0.0,0.0,0.0,3.0,1.0,0,0.0,0.0,0.0
stephja01,2022,1,ATL,NL,3,3,39,1,0,0,2,161,49,22,3.0,23,47,0.238,3.69,4.0,1.0,3.0,0.0,235.0,24.0,32,2.0,1.0,2.0
stephja01,2023,1,ATL,NL,0,0,5,0,0,0,0,36,13,4,1.0,5,11,0.283,3.0,0.0,1.0,0.0,0.0,52.0,2.0,4,1.0,0.0,1.0
stephja01,2024,1,ATL,NL,0,0,3,0,0,0,0,10,5,1,1.0,1,2,0.333,2.7,0.0,0.0,1.0,0.0,17.0,3.0,1,0.0,0.0,0.0
stephro01,2020,1,CIN,NL,0,0,10,0,0,0,0,30,11,11,8.0,3,13,0.282,9.9,0.0,0.0,1.0,0.0,43.0,4.0,11,0.0,0.0,0.0
stephro01,2021,1,COL,NL,2,1,49,0,0,0,1,138,42,16,5.0,18,52,0.241,3.13,0.0,3.0,2.0,0.0,197.0,10.0,20,1.0,2.0,5.0
stephro01,2022,1,COL,NL,2,1,45,0,0,0,0,134,53,30,8.0,13,37,0.291,6.04,1.0,3.0,0.0,0.0,197.0,9.0,34,0.0,2.0,3.0
stephro01,2022,2,PIT,NL,0,1,13,0,0,0,0,40,10,5,2.0,1,18,0.213,3.38,0.0,1.0,1.0,0.0,50.0,4.0,5,1.0,0.0,0.0
stephro01,2023,1,PIT,NL,0,3,18,0,0,0,0,42,12,8,3.0,8,17,0.231,5.14,1.0,0.0,0.0,0.0,61.0,5.0,9,0.0,1.0,1.0
stephro01,2023,2,TBA,AL,3,1,42,0,0,0,1,115,18,10,5.0,8,60,0.138,2.35,1.0,4.0,0.0,0.0,140.0,10.0,11,1.0,1.0,1.0
stephro01,2025,1,LAA,AL,2,0,12,0,0,0,0,30,7,3,1.0,3,10,0.184,2.7,1.0,1.0,1.0,1.0,42.0,0.0,4,0.0,0.0,0.0
stephtr01,2021,1,CLE,AL,3,1,43,0,0,0,1,190,58,31,15.0,31,75,0.235,4.41,1.0,0.0,3.0,0.0,282.0,13.0,32,0.0,1.0,2.0
stephtr01,2022,1,CLE,AL,6,5,66,0,0,0,3,191,57,19,3.0,18,82,0.238,2.69,2.0,3.0,4.0,0.0,267.0,8.0,24,3.0,2.0,3.0
stephtr01,2023,1,CLE,AL,7,7,71,0,0,0,2,206,63,31,6.0,26,75,0.245,4.06,1.0,3.0,5.0,0.0,294.0,11.0,35,3.0,3.0,5.0
sternju01,2024,1,TBA,AL,0,0,2,0,0,0,0,12,5,1,0.0,1,4,0.294,2.25,1.0,0.0,0.0,0.0,19.0,1.0,2,0.0,1.0,0.0
sternju01,2025,1,ATH,AL,4,3,59,1,0,0,0,195,47,23,10.0,21,70,0.2,3.18,2.0,1.0,7.0,0.0,266.0,8.0,24,0.0,3.0,1.0
stewabr01,2023,1,MIN,AL,2,0,28,0,0,0,1,83,19,2,1.0,11,39,0.196,0.65,3.0,1.0,1.0,0.0,109.0,5.0,2,0.0,0.0,3.0
stewabr01,2024,1,MIN,AL,0,0,16,0,0,0,0,47,15,9,2.0,8,20,0.254,5.17,0.0,0.0,0.0,0.0,67.0,1.0,9,0.0,0.0,1.0
stewabr01,2025,1,MIN,AL,2,1,39,0,0,0,0,102,26,9,3.0,11,41,0.21,2.38,2.0,1.0,3.0,0.0,139.0,2.0,9,1.0,0.0,0.0
stewabr01,2025,2,LAN,NL,0,1,4,0,0,0,0,11,6,2,0.0,2,3,0.353,4.91,0.0,0.0,1.0,0.0,20.0,1.0,2,0.0,0.0,0.0
stewako01,2021,1,CHN,NL,1,1,4,3,0,0,0,41,17,8,2.0,6,11,0.309,5.27,0.0,0.0,2.0,0.0,64.0,0.0,12,1.0,0.0,3.0
stievjo01,2020,1,CHA,AL,0,1,2,2,0,0,0,19,7,7,4.0,4,3,0.28,9.95,0.0,0.0,0.0,0.0,29.0,0.0,7,0.0,0.0,0.0
stievjo01,2021,1,CHA,AL,0,0,1,0,0,0,0,0,4,3,0.0,0,0,1.0,,0.0,0.0,0.0,0.0,4.0,0.0,3,0.0,0.0,0.0
stjohlo01,2022,1,CHN,NL,0,0,1,0,0,0,0,6,3,3,2.0,0,4,0.333,13.5,0.0,0.0,0.0,0.0,9.0,1.0,3,0.0,0.0,0.0
stockro01,2020,1,BOS,AL,0,1,10,0,0,0,0,40,16,7,0.0,10,14,0.32,4.73,0.0,3.0,0.0,0.0,62.0,4.0,9,1.0,1.0,3.0
stockro01,2021,1,CHN,NL,0,1,1,1,0,0,0,12,4,5,1.0,6,3,0.267,11.25,0.0,1.0,1.0,0.0,22.0,0.0,5,0.0,0.0,1.0
stockro01,2021,2,NYN,NL,0,1,2,2,0,0,0,15,6,3,2.0,3,6,0.3,5.4,0.0,0.0,0.0,0.0,23.0,0.0,3,0.0,0.0,1.0
stockro01,2025,1,BOS,AL,0,0,2,0,0,0,0,8,4,3,1.0,4,1,0.364,10.13,0.0,0.0,0.0,0.0,15.0,1.0,3,0.0,0.0,0.0
stonega01,2023,1,LAN,NL,1,1,8,4,0,0,1,93,46,31,8.0,13,22,0.338,9.0,0.0,0.0,2.0,0.0,152.0,1.0,32,0.0,1.0,2.0
stonega01,2024,1,LAN,NL,11,5,25,25,1,1,0,421,133,55,18.0,37,116,0.248,3.53,0.0,9.0,2.0,0.0,580.0,0.0,55,1.0,3.0,11.0
stoudle01,2023,1,CIN,NL,0,1,4,2,0,0,0,31,16,11,1.0,8,9,0.348,9.58,0.0,0.0,0.0,1.0,55.0,0.0,11,0.0,1.0,1.0
stouter01,2022,1,CHN,NL,0,0,2,0,0,0,0,11,3,2,1.0,1,6,0.214,4.91,0.0,0.0,0.0,0.0,15.0,1.0,2,0.0,0.0,0.0
stouter01,2022,2,PIT,NL,0,0,18,0,0,0,1,56,22,12,1.0,15,19,0.286,5.79,1.0,2.0,3.0,0.0,95.0,3.0,13,0.0,0.0,1.0
strahma01,2020,1,SDN,NL,0,1,19,0,0,0,0,62,14,6,3.0,4,15,0.189,2.61,0.0,1.0,5.0,0.0,83.0,2.0,6,0.0,0.0,1.0
strahma01,2021,1,SDN,NL,0,1,6,1,0,0,0,20,15,6,0.0,1,4,0.441,8.1,1.0,0.0,0.0,0.0,36.0,0.0,6,1.0,0.0,0.0
strahma01,2022,1,BOS,AL,4,4,50,0,0,0,4,134,38,19,5.0,17,52,0.224,3.83,1.0,2.0,5.0,1.0,193.0,10.0,24,0.0,1.0,1.0
strahma01,2023,1,PHI,NL,9,5,56,10,0,0,2,263,68,32,11.0,21,108,0.213,3.29,0.0,1.0,3.0,1.0,351.0,6.0,34,1.0,6.0,3.0
strahma01,2024,1,PHI,NL,6,2,66,0,0,0,3,188,36,13,4.0,11,79,0.166,1.87,1.0,2.0,6.0,0.0,237.0,10.0,14,0.0,3.0,2.0
strahma01,2025,1,PHI,NL,2,3,66,0,0,0,6,187,47,19,5.0,20,70,0.208,2.74,1.0,3.0,2.0,0.0,256.0,19.0,22,3.0,5.0,1.0
strasst01,2020,1,WAS,NL,0,1,2,2,0,0,0,15,8,6,1.0,1,2,0.364,10.8,0.0,0.0,0.0,0.0,23.0,0.0,6,0.0,0.0,1.0
strasst01,2021,1,WAS,NL,1,2,5,5,0,0,0,65,16,11,4.0,14,21,0.2,4.57,2.0,0.0,1.0,0.0,95.0,0.0,12,0.0,0.0,2.0
strasst01,2022,1,WAS,NL,0,1,1,1,0,0,0,14,8,7,1.0,2,5,0.4,13.5,0.0,1.0,1.0,0.0,23.0,0.0,7,0.0,0.0,1.0
stratch01,2020,1,PIT,NL,2,1,27,0,0,0,0,90,26,13,3.0,13,39,0.224,3.9,0.0,1.0,0.0,0.0,131.0,3.0,19,0.0,2.0,0.0
stratch01,2021,1,PIT,NL,7,1,68,0,0,0,8,238,70,32,9.0,33,86,0.233,3.63,2.0,3.0,1.0,0.0,337.0,18.0,34,0.0,3.0,5.0
stratch01,2022,1,PIT,NL,5,4,40,1,0,0,2,122,50,23,4.0,13,37,0.307,5.09,2.0,3.0,1.0,0.0,181.0,14.0,26,1.0,3.0,6.0
stratch01,2022,2,SLN,NL,5,0,20,0,0,0,0,68,22,7,0.0,12,23,0.262,2.78,0.0,1.0,1.0,0.0,98.0,9.0,8,0.0,1.0,3.0
stratch01,2023,1,SLN,NL,1,1,42,0,0,0,1,161,45,25,4.0,17,59,0.226,4.19,0.0,4.0,1.0,0.0,221.0,19.0,28,1.0,3.0,5.0
stratch01,2023,2,TEX,AL,1,0,22,0,0,0,0,87,24,11,4.0,8,22,0.229,3.41,0.0,1.0,1.0,0.0,117.0,4.0,11,0.0,3.0,2.0
stratch01,2024,1,KCA,AL,4,3,57,0,0,0,4,175,53,36,5.0,33,44,0.248,5.55,1.0,1.0,3.0,0.0,257.0,21.0,38,1.0,6.0,7.0
stratch01,2025,1,KCA,AL,0,0,12,0,0,0,0,51,29,15,2.0,8,16,0.377,7.94,0.0,0.0,0.0,0.0,87.0,7.0,17,0.0,2.0,1.0
stratch01,2025,2,LAN,NL,0,0,3,0,0,0,0,12,3,3,2.0,2,6,0.2,6.75,0.0,0.0,0.0,0.0,17.0,2.0,3,0.0,0.0,0.0
strathu01,2023,1,PIT,NL,0,0,8,0,0,0,0,36,9,3,2.0,3,10,0.209,2.25,0.0,1.0,1.0,0.0,47.0,3.0,3,0.0,0.0,1.0
strathu01,2024,1,PIT,NL,2,1,36,0,0,0,1,113,37,15,3.0,7,33,0.255,3.58,0.0,2.0,3.0,0.0,158.0,8.0,17,3.0,0.0,1.0
strathu01,2025,1,PIT,NL,0,0,3,0,0,0,0,8,10,7,1.0,2,1,0.588,23.63,0.0,0.0,1.0,0.0,21.0,1.0,7,0.0,1.0,0.0
strathu01,2025,2,ATL,NL,1,1,12,0,0,0,1,49,13,4,2.0,5,15,0.217,2.2,0.0,0.0,2.0,0.0,68.0,5.0,5,0.0,1.0,1.0
strichu01,2020,1,NYN,NL,0,1,4,0,0,0,0,10,5,3,0.0,1,4,0.333,8.1,0.0,0.0,0.0,0.0,16.0,2.0,4,0.0,0.0,0.0
strichu01,2021,1,TBA,AL,0,0,13,0,0,0,0,48,14,3,1.0,6,16,0.233,1.69,0.0,1.0,0.0,0.0,66.0,7.0,4,0.0,0.0,2.0
strichu01,2021,2,LAA,AL,0,0,9,0,0,0,0,19,11,7,3.0,4,4,0.379,9.95,0.0,0.0,0.0,0.0,34.0,2.0,9,1.0,0.0,0.0
strichu01,2021,3,MIL,NL,3,2,35,0,0,0,0,109,21,7,4.0,12,38,0.165,1.73,0.0,2.0,2.0,0.0,142.0,10.0,8,0.0,1.0,3.0
strichu01,2022,1,CIN,NL,3,3,66,0,0,0,7,187,61,34,8.0,33,60,0.253,4.91,1.0,1.0,7.0,0.0,284.0,35.0,37,0.0,3.0,5.0
strichu01,2024,1,LAA,AL,3,2,72,0,0,0,1,220,56,27,10.0,24,57,0.211,3.31,1.0,1.0,2.0,0.0,294.0,10.0,31,1.0,1.0,7.0
strichu01,2025,1,LAA,AL,1,2,19,0,0,0,1,66,17,8,2.0,10,14,0.213,3.27,2.0,1.0,0.0,0.0,91.0,6.0,9,0.0,1.0,1.0
stridsp01,2021,1,ATL,NL,1,0,2,0,0,0,0,7,2,1,1.0,1,0,0.25,3.86,0.0,0.0,0.0,0.0,9.0,0.0,1,0.0,0.0,1.0
stridsp01,2022,1,ATL,NL,11,5,31,20,0,0,0,395,86,39,7.0,45,202,0.18,2.67,1.0,6.0,3.0,0.0,528.0,3.0,42,0.0,2.0,3.0
stridsp01,2023,1,ATL,NL,20,5,32,32,0,0,0,560,146,80,22.0,58,281,0.21,3.86,1.0,6.0,9.0,2.0,763.0,0.0,85,0.0,0.0,6.0
stridsp01,2024,1,ATL,NL,0,0,2,2,0,0,0,27,10,7,2.0,5,12,0.27,7.0,0.0,0.0,0.0,0.0,42.0,0.0,7,0.0,0.0,0.0
stridsp01,2025,1,ATL,NL,7,14,23,23,0,0,0,376,124,62,20.0,51,131,0.261,4.45,0.0,1.0,8.0,1.0,539.0,0.0,63,1.0,4.0,8.0
stripro01,2020,1,LAN,NL,3,1,7,7,0,0,0,101,38,21,12.0,11,27,0.279,5.61,0.0,1.0,1.0,0.0,150.0,0.0,26,2.0,0.0,3.0
stripro01,2020,2,TOR,AL,0,2,5,2,0,0,1,47,18,11,1.0,7,13,0.286,6.32,0.0,0.0,0.0,0.0,70.0,1.0,11,0.0,0.0,0.0
stripro01,2021,1,TOR,AL,5,7,24,19,0,0,0,304,99,54,23.0,30,94,0.251,4.8,0.0,0.0,2.0,0.0,431.0,1.0,55,1.0,3.0,4.0
stripro01,2022,1,TOR,AL,10,4,32,24,0,0,1,403,117,45,12.0,20,111,0.229,3.01,0.0,0.0,2.0,0.0,536.0,2.0,49,0.0,3.0,6.0
stripro01,2023,1,SFN,NL,0,5,22,11,0,0,0,267,104,53,20.0,16,70,0.287,5.36,0.0,2.0,2.0,1.0,381.0,5.0,54,0.0,1.0,5.0
stripro01,2024,1,OAK,AL,2,11,22,14,0,0,0,256,109,57,7.0,22,49,0.309,6.01,2.0,2.0,1.0,1.0,381.0,3.0,65,1.0,4.0,8.0
stromma01,2021,1,NYN,NL,10,13,33,33,0,0,0,537,161,60,17.0,44,158,0.242,3.02,2.0,7.0,7.0,0.0,730.0,0.0,70,6.0,8.0,17.0
stromma01,2022,1,CHN,NL,6,7,25,25,0,0,0,416,123,54,16.0,36,119,0.234,3.5,0.0,2.0,4.0,2.0,569.0,0.0,61,1.0,3.0,6.0
stromma01,2023,1,CHN,NL,10,9,27,25,1,1,0,410,120,60,9.0,52,119,0.231,3.95,0.0,3.0,3.0,0.0,575.0,1.0,68,0.0,1.0,16.0
stromma01,2024,1,NYA,AL,10,9,30,29,0,0,1,464,167,74,19.0,60,113,0.276,4.31,0.0,2.0,8.0,0.0,675.0,1.0,81,0.0,3.0,16.0
stromma01,2025,1,NYA,AL,3,2,9,9,0,0,0,117,44,27,6.0,16,26,0.282,6.23,0.0,1.0,2.0,0.0,175.0,0.0,27,0.0,1.0,4.0
stroppe01,2020,1,CIN,NL,0,0,4,0,0,0,0,7,1,1,0.0,6,3,0.125,3.86,0.0,1.0,0.0,0.0,15.0,0.0,3,0.0,1.0,0.0
stroppe01,2021,1,CHN,NL,1,0,2,0,0,0,0,6,2,0,0.0,2,3,0.25,0.0,0.0,0.0,0.0,0.0,10.0,0.0,0,0.0,0.0,0.0
strowka01,2025,1,BAL,AL,0,1,25,0,0,0,0,79,16,5,1.0,13,24,0.178,1.71,0.0,2.0,1.0,0.0,105.0,6.0,6,0.0,1.0,4.0
strzepe01,2022,1,MIL,NL,2,1,30,0,0,0,1,105,28,11,2.0,15,40,0.22,2.83,2.0,0.0,1.0,0.0,148.0,13.0,13,2.0,3.0,1.0
strzepe01,2023,1,MIL,NL,3,5,36,0,0,0,0,107,32,18,3.0,10,37,0.235,4.54,1.0,0.0,8.0,0.0,156.0,5.0,18,1.0,1.0,2.0
strzepe01,2023,2,ARI,NL,0,0,1,0,0,0,0,4,1,0,0.0,2,0,0.2,0.0,0.0,0.0,0.0,0.0,7.0,0.0,0,0.0,0.0,0.0
strzepe01,2024,1,CLE,AL,0,0,10,0,0,0,0,35,11,3,1.0,3,9,0.256,2.31,0.0,0.0,1.0,0.0,47.0,6.0,3,0.0,0.0,3.0
stubbga01,2022,1,PHI,NL,0,0,4,0,0,0,0,11,7,7,3.0,1,1,0.412,17.18,0.0,0.0,0.0,0.0,18.0,4.0,7,0.0,0.0,1.0
stubbga01,2024,1,PHI,NL,0,0,4,0,0,0,0,12,6,7,2.0,2,0,0.353,15.75,0.0,0.0,0.0,0.0,19.0,4.0,7,0.0,0.0,1.0
suareal01,2024,1,BAL,AL,9,7,32,24,0,0,0,401,130,55,17.0,43,108,0.255,3.7,1.0,2.0,3.0,1.0,565.0,1.0,56,4.0,5.0,8.0
suareal01,2025,1,BAL,AL,2,0,5,1,0,0,0,35,9,3,0.0,2,10,0.225,2.31,1.0,4.0,1.0,0.0,44.0,3.0,4,0.0,1.0,1.0
suarean01,2020,1,SFN,NL,0,0,6,0,0,0,0,29,9,4,1.0,6,5,0.25,3.72,0.0,1.0,0.0,0.0,42.0,1.0,4,0.0,0.0,2.0
suarean01,2023,1,SLN,NL,0,0,13,0,0,0,0,83,33,22,7.0,15,17,0.287,7.16,0.0,2.0,0.0,0.0,130.0,6.0,27,0.0,0.0,1.0
suarejo01,2020,1,LAA,AL,0,2,2,2,0,0,0,7,10,10,1.0,5,2,0.588,38.57,0.0,1.0,1.0,0.0,23.0,0.0,10,0.0,0.0,0.0
suarejo01,2021,1,LAA,AL,8,8,23,14,1,0,0,295,85,41,11.0,36,85,0.23,3.75,1.0,4.0,4.0,1.0,413.0,2.0,45,2.0,2.0,9.0
suarejo01,2022,1,LAA,AL,8,8,22,20,0,0,0,327,103,48,14.0,33,103,0.243,3.96,2.0,1.0,4.0,0.0,462.0,0.0,49,1.0,1.0,3.0
suarejo01,2023,1,LAA,AL,1,3,11,7,0,0,0,101,46,31,10.0,20,28,0.324,8.29,1.0,2.0,1.0,0.0,165.0,0.0,32,1.0,1.0,2.0
suarejo01,2024,1,LAA,AL,1,2,22,3,0,0,1,157,57,35,7.0,27,56,0.274,6.02,0.0,1.0,4.0,0.0,240.0,7.0,38,0.0,1.0,6.0
suarejo01,2025,1,ATL,NL,2,0,7,1,0,0,1,58,15,4,1.0,10,16,0.217,1.86,1.0,0.0,0.0,0.0,81.0,2.0,5,1.0,1.0,1.0
suarera01,2020,1,PHI,NL,0,1,3,0,0,0,0,12,10,9,1.0,4,1,0.476,20.25,0.0,0.0,1.0,0.0,26.0,1.0,9,0.0,0.0,1.0
suarera01,2021,1,PHI,NL,8,5,39,12,1,1,4,318,73,16,4.0,33,107,0.194,1.36,3.0,1.0,5.0,0.0,418.0,13.0,20,3.0,1.0,13.0
suarera01,2022,1,PHI,NL,10,7,29,29,0,0,0,466,149,63,15.0,58,129,0.249,3.65,0.0,4.0,2.0,2.0,662.0,0.0,74,2.0,2.0,15.0
suarera01,2023,1,PHI,NL,4,6,22,22,0,0,0,375,129,58,13.0,48,119,0.267,4.18,0.0,4.0,2.0,0.0,540.0,0.0,59,3.0,4.0,14.0
suarera01,2024,1,PHI,NL,12,8,27,27,1,1,0,452,140,58,14.0,41,145,0.243,3.46,1.0,1.0,5.0,2.0,626.0,0.0,63,3.0,1.0,8.0
suarera01,2025,1,PHI,NL,12,8,26,26,0,0,0,472,154,56,14.0,38,151,0.256,3.2,0.0,0.0,6.0,0.0,651.0,0.0,57,2.0,3.0,13.0
suarero01,2022,1,SDN,NL,5,1,45,0,0,0,1,143,29,12,4.0,21,61,0.176,2.27,0.0,2.0,4.0,1.0,191.0,6.0,13,1.0,0.0,2.0
suarero01,2023,1,SDN,NL,4,3,27,0,0,0,0,83,15,13,4.0,10,24,0.155,4.23,3.0,0.0,0.0,0.0,108.0,5.0,13,0.0,1.0,0.0
suarero01,2024,1,SDN,NL,9,3,65,0,0,0,36,195,52,20,7.0,16,59,0.217,2.77,1.0,1.0,0.0,0.0,258.0,55.0,21,1.0,1.0,5.0
suarero01,2025,1,SDN,NL,4,6,70,0,0,0,40,209,47,23,6.0,16,75,0.189,2.97,2.0,1.0,2.0,0.0,269.0,56.0,24,1.0,1.0,3.0
suerowa01,2020,1,WAS,NL,2,0,22,0,0,0,0,71,20,10,1.0,10,28,0.227,3.8,2.0,2.0,3.0,0.0,102.0,2.0,10,0.0,1.0,3.0
suerowa01,2021,1,WAS,NL,2,3,45,0,0,0,0,128,45,30,11.0,15,44,0.266,6.33,1.0,5.0,4.0,0.0,190.0,8.0,35,0.0,2.0,3.0
suerowa01,2023,1,LAN,NL,1,0,5,0,0,0,0,24,6,7,2.0,5,9,0.2,7.88,0.0,0.0,0.0,0.0,35.0,3.0,7,0.0,0.0,0.0
suerowa01,2024,1,HOU,AL,0,1,1,0,0,0,0,0,1,0,0.0,0,0,1.0,,0.0,0.0,0.0,0.0,1.0,1.0,1,0.0,0.0,0.0
suerowa01,2025,1,ATL,NL,0,0,5,0,0,0,0,19,10,8,3.0,4,7,0.357,11.37,0.0,0.0,0.0,1.0,32.0,2.0,8,0.0,0.0,0.0
suganto01,2025,1,BAL,AL,10,10,30,30,0,0,0,471,173,81,33.0,36,106,0.276,4.64,2.0,3.0,8.0,1.0,675.0,0.0,85,0.0,5.0,11.0
sulsebe01,2022,1,PIT,NL,0,0,4,0,0,0,0,29,8,4,1.0,6,10,0.211,3.72,2.0,0.0,1.0,0.0,46.0,2.0,9,0.0,1.0,0.0
sulsebe01,2022,2,BAL,AL,0,0,6,0,0,0,0,38,16,5,2.0,3,9,0.32,3.55,0.0,0.0,0.0,0.0,53.0,4.0,5,0.0,0.0,4.0
sulseco01,2020,1,BAL,AL,1,5,19,0,0,0,5,68,17,14,2.0,17,19,0.21,5.56,1.0,1.0,0.0,0.0,100.0,9.0,18,2.0,0.0,3.0
sulseco01,2021,1,BAL,AL,5,4,60,0,0,0,8,190,48,19,5.0,23,73,0.207,2.7,0.0,6.0,0.0,1.0,257.0,18.0,20,1.0,1.0,3.0
sulseco01,2022,1,MIA,NL,1,4,39,0,0,0,2,102,39,20,6.0,16,38,0.295,5.29,1.0,0.0,0.0,0.0,149.0,14.0,23,1.0,0.0,5.0
sulseco01,2023,1,ARI,NL,0,0,4,0,0,0,0,16,5,4,2.0,3,4,0.25,6.75,0.0,0.0,0.0,0.0,23.0,1.0,4,0.0,0.0,0.0
sulseco01,2024,1,NYN,NL,0,0,4,0,0,0,0,14,6,5,1.0,3,7,0.316,9.64,0.0,0.0,0.0,0.0,23.0,1.0,5,0.0,1.0,0.0
sulseco01,2024,2,TBA,AL,1,0,6,2,0,0,0,35,3,0,0.0,6,8,0.086,0.0,1.0,0.0,0.0,0.0,43.0,1.0,0,1.0,1.0,0.0
sulseco01,2025,1,TBA,AL,2,1,18,0,0,0,0,68,20,5,1.0,7,22,0.241,1.99,1.0,0.0,0.0,0.0,90.0,11.0,5,0.0,0.0,4.0
suterbr01,2020,1,MIL,NL,2,0,16,4,0,0,0,95,30,11,4.0,5,38,0.244,3.13,0.0,0.0,1.0,0.0,129.0,1.0,13,0.0,0.0,2.0
suterbr01,2021,1,MIL,NL,12,5,61,1,0,0,1,220,72,25,9.0,24,69,0.252,3.07,3.0,1.0,1.0,1.0,313.0,9.0,34,2.0,0.0,7.0
suterbr01,2022,1,MIL,NL,5,3,54,0,0,0,0,200,58,28,9.0,22,53,0.236,3.78,0.0,0.0,3.0,0.0,272.0,17.0,32,1.0,0.0,6.0
suterbr01,2023,1,COL,NL,4,3,57,2,0,0,0,208,65,26,3.0,25,55,0.249,3.38,0.0,1.0,3.0,0.0,292.0,12.0,36,1.0,2.0,4.0
suterbr01,2024,1,CIN,NL,1,0,47,3,0,0,2,197,63,23,10.0,12,50,0.249,3.15,0.0,2.0,3.0,0.0,270.0,20.0,25,0.0,2.0,4.0
suterbr01,2025,1,CIN,NL,1,2,48,3,0,0,0,203,69,34,11.0,18,53,0.257,4.52,1.0,2.0,2.0,0.0,291.0,19.0,38,1.0,1.0,3.0
svansma01,2025,1,SLN,NL,4,0,39,0,0,0,0,181,33,13,3.0,20,68,0.16,1.94,0.0,1.0,4.0,0.0,234.0,10.0,14,0.0,4.0,4.0
swanser01,2020,1,SEA,AL,0,2,9,0,0,0,0,23,11,11,3.0,2,9,0.344,12.91,0.0,1.0,2.0,0.0,37.0,2.0,12,0.0,1.0,1.0
swanser01,2021,1,SEA,AL,0,3,33,2,0,0,1,106,28,13,5.0,10,35,0.212,3.31,1.0,0.0,1.0,0.0,144.0,5.0,18,0.0,1.0,1.0
swanser01,2022,1,SEA,AL,3,2,57,1,0,0,3,161,39,10,3.0,10,70,0.202,1.68,1.0,1.0,1.0,0.0,206.0,9.0,11,2.0,0.0,2.0
swanser01,2023,1,TOR,AL,4,2,69,0,0,0,4,200,52,22,8.0,21,75,0.217,2.97,0.0,0.0,0.0,0.0,262.0,13.0,22,1.0,0.0,8.0
swanser01,2024,1,TOR,AL,2,2,45,0,0,0,0,118,36,22,11.0,14,37,0.235,5.03,0.0,0.0,1.0,1.0,168.0,15.0,22,0.0,0.0,1.0
swanser01,2025,1,TOR,AL,1,0,6,0,0,0,0,16,8,9,2.0,5,3,0.364,15.19,0.0,1.0,1.0,0.0,30.0,2.0,9,0.0,2.0,0.0
swarmma01,2022,1,CHN,NL,2,3,11,5,0,0,0,102,33,19,12.0,20,36,0.25,5.03,1.0,1.0,0.0,0.0,153.0,2.0,26,0.0,1.0,1.0
swarzan01,2021,1,ARI,NL,0,1,6,0,0,0,0,14,7,5,1.0,1,4,0.35,9.64,0.0,0.0,0.0,1.0,21.0,1.0,5,0.0,0.0,1.0
swarzan01,2021,2,KCA,AL,0,0,7,0,0,0,0,23,13,8,3.0,0,5,0.382,9.39,0.0,0.0,1.0,0.0,35.0,5.0,8,0.0,0.0,1.0
sweetde01,2023,1,SEA,AL,0,0,2,0,0,0,0,6,2,2,1.0,1,1,0.25,9.0,0.0,0.0,0.0,0.0,9.0,2.0,2,0.0,0.0,0.0
sweetde01,2023,2,OAK,AL,1,0,5,0,0,0,0,20,8,8,3.0,5,5,0.296,10.8,0.0,0.0,2.0,0.0,34.0,1.0,8,0.0,0.0,1.0
syndeno01,2021,1,NYN,NL,0,1,2,2,0,0,0,6,3,2,1.0,0,2,0.375,9.0,0.0,0.0,0.0,0.0,8.0,0.0,2,0.0,0.0,0.0
syndeno01,2022,1,LAA,AL,5,8,15,15,0,0,0,240,75,34,9.0,22,64,0.244,3.83,0.0,0.0,4.0,0.0,338.0,0.0,36,1.0,3.0,5.0
syndeno01,2022,2,PHI,NL,5,2,10,9,1,0,0,164,63,25,5.0,9,31,0.29,4.12,0.0,1.0,0.0,0.0,227.0,0.0,26,1.0,0.0,7.0
syndeno01,2023,1,LAN,NL,1,4,12,12,0,0,0,166,71,44,12.0,9,38,0.313,7.16,0.0,0.0,6.0,0.0,246.0,0.0,44,0.0,4.0,5.0
syndeno01,2023,2,CLE,AL,1,2,6,6,0,0,0,100,33,20,10.0,10,18,0.252,5.4,0.0,0.0,4.0,0.0,145.0,0.0,21,0.0,0.0,2.0
szaputh01,2021,1,NYN,NL,0,0,1,0,0,0,0,11,7,6,2.0,3,4,0.412,14.73,0.0,0.0,0.0,0.0,20.0,0.0,6,0.0,0.0,0.0
szaputh01,2022,1,NYN,NL,0,1,1,1,0,0,0,4,7,9,4.0,3,2,0.7,60.75,0.0,0.0,0.0,0.0,13.0,0.0,9,0.0,0.0,0.0
szaputh01,2022,2,SFN,NL,0,0,10,0,0,0,0,41,12,3,2.0,4,16,0.24,1.98,0.0,1.0,0.0,0.0,54.0,2.0,3,0.0,0.0,1.0
taillja01,2021,1,NYA,AL,8,6,29,29,0,0,0,433,130,69,24.0,44,140,0.238,4.3,1.0,4.0,6.0,0.0,603.0,0.0,73,1.0,5.0,8.0
taillja01,2022,1,NYA,AL,14,5,32,32,0,0,0,532,168,77,26.0,32,151,0.246,3.91,0.0,3.0,5.0,0.0,728.0,0.0,78,2.0,4.0,8.0
taillja01,2023,1,CHN,NL,8,10,30,29,0,0,1,463,156,83,27.0,41,140,0.258,4.84,0.0,2.0,5.0,0.0,655.0,1.0,96,0.0,5.0,10.0
taillja01,2024,1,CHN,NL,12,8,28,28,0,0,0,496,154,60,21.0,33,125,0.243,3.27,0.0,4.0,1.0,2.0,675.0,0.0,67,3.0,4.0,8.0
taillja01,2025,1,CHN,NL,11,7,23,23,0,0,0,389,110,53,24.0,27,98,0.225,3.68,0.0,1.0,0.0,0.0,519.0,0.0,54,2.0,1.0,4.0
tanakma01,2020,1,NYA,AL,3,3,10,10,0,0,0,144,48,19,9.0,8,44,0.257,3.56,0.0,0.0,2.0,0.0,197.0,0.0,25,0.0,0.0,1.0
tapiado01,2020,1,BOS,AL,0,0,5,0,0,0,0,13,4,1,1.0,2,4,0.235,2.08,0.0,0.0,0.0,0.0,19.0,0.0,1,0.0,0.0,0.0
tapiado01,2021,1,SEA,AL,0,0,2,0,0,0,0,6,4,0,0.0,1,1,0.4,0.0,0.0,0.0,0.0,0.0,11.0,1.0,0,0.0,0.0,0.0
tapiado01,2021,2,KCA,AL,4,1,32,0,0,0,0,95,21,10,1.0,14,25,0.191,2.84,2.0,2.0,0.0,0.0,124.0,0.0,10,0.0,0.0,3.0
tapiado01,2022,1,OAK,AL,0,0,11,0,0,0,0,51,25,16,1.0,14,12,0.338,8.47,1.0,3.0,1.0,0.0,90.0,4.0,16,0.0,1.0,2.0
tapiado01,2023,1,SDN,NL,0,1,15,0,0,0,1,53,13,7,2.0,12,14,0.21,3.57,1.0,0.0,1.0,0.0,75.0,6.0,8,0.0,0.0,2.0
tarnofr01,2022,1,ATL,NL,0,0,1,0,0,0,0,2,1,0,0.0,0,1,0.333,0.0,0.0,0.0,0.0,0.0,3.0,1.0,0,0.0,0.0,0.0
tarnofr01,2023,1,OAK,AL,1,1,5,1,0,0,0,44,11,8,4.0,11,14,0.204,4.91,0.0,2.0,0.0,0.0,65.0,1.0,8,0.0,0.0,1.0
tarnofr01,2025,1,MIA,NL,1,0,5,0,0,0,1,22,1,2,1.0,4,10,0.043,2.45,0.0,0.0,1.0,0.0,28.0,3.0,2,0.0,0.0,1.0
tarplst01,2020,1,MIA,NL,2,2,12,0,0,0,1,33,11,11,2.0,8,11,0.282,9.0,2.0,0.0,3.0,0.0,53.0,3.0,12,2.0,1.0,2.0
tarplst01,2021,1,NYN,NL,0,0,1,0,0,0,0,0,1,2,0.0,2,0,1.0,,0.0,0.0,1.0,0.0,4.0,0.0,2,0.0,0.0,0.0
tatedi01,2020,1,BAL,AL,1,1,12,0,0,0,0,50,9,6,1.0,5,14,0.164,3.24,0.0,1.0,2.0,1.0,64.0,1.0,7,0.0,2.0,1.0
tatedi01,2021,1,BAL,AL,0,6,62,0,0,0,3,203,61,33,7.0,23,49,0.245,4.39,0.0,7.0,7.0,0.0,287.0,19.0,35,2.0,6.0,5.0
tatedi01,2022,1,BAL,AL,4,4,67,0,0,0,5,221,57,25,6.0,16,60,0.213,3.05,2.0,3.0,7.0,0.0,292.0,13.0,29,0.0,2.0,9.0
tatedi01,2024,1,BAL,AL,2,1,29,0,0,0,1,100,38,17,2.0,9,23,0.284,4.59,0.0,0.0,4.0,0.0,148.0,10.0,19,0.0,1.0,2.0
tatedi01,2024,2,TOR,AL,0,0,4,0,0,0,0,10,4,2,0.0,3,4,0.308,5.4,0.0,0.0,0.0,0.0,16.0,0.0,2,0.0,0.0,0.0
tatedi01,2025,1,TOR,AL,0,0,6,0,0,0,0,19,8,3,1.0,6,8,0.296,4.26,0.0,0.0,1.0,0.0,34.0,1.0,3,0.0,0.0,1.0
tauchmi01,2021,2,SFN,NL,0,0,1,0,0,0,0,3,3,1,0.0,0,0,0.5,9.0,0.0,0.0,0.0,0.0,6.0,1.0,1,0.0,0.0,0.0
taylobl01,2020,1,HOU,AL,2,1,22,0,0,0,1,62,13,5,2.0,12,17,0.173,2.18,1.0,1.0,0.0,1.0,87.0,5.0,7,0.0,0.0,2.0
taylobl01,2021,1,HOU,AL,4,4,51,0,0,0,0,128,38,15,6.0,22,41,0.233,3.16,2.0,5.0,0.0,0.0,188.0,10.0,19,1.0,2.0,5.0
taylobl01,2022,1,HOU,AL,1,1,19,0,0,0,0,48,15,7,1.0,10,9,0.234,3.94,0.0,2.0,1.0,0.0,75.0,4.0,7,0.0,0.0,0.0
taylogr02,2025,1,CHA,AL,2,4,36,2,0,0,6,110,37,20,0.0,15,54,0.268,4.91,1.0,5.0,0.0,0.0,157.0,10.0,20,2.0,2.0,4.0
taylojo02,2020,1,BOS,AL,1,1,8,0,0,0,0,22,7,8,2.0,5,7,0.233,9.82,0.0,0.0,1.0,0.0,36.0,1.0,8,0.0,0.0,0.0
taylojo02,2021,1,BOS,AL,1,0,61,0,0,0,1,143,45,18,2.0,23,60,0.246,3.4,3.0,2.0,3.0,0.0,209.0,12.0,18,0.0,0.0,0.0
taylojo02,2023,1,KCA,AL,1,3,17,1,0,0,0,53,22,16,4.0,9,26,0.306,8.15,1.0,1.0,0.0,1.0,83.0,4.0,17,0.0,2.0,1.0
taylomi02,2022,1,KCA,AL,0,0,1,0,0,0,0,6,5,2,1.0,2,2,0.455,9.0,0.0,0.0,0.0,0.0,13.0,1.0,2,0.0,0.0,0.0
taylotr01,2024,1,SEA,AL,0,0,21,0,0,0,1,58,15,8,4.0,7,25,0.203,3.72,0.0,2.0,0.0,0.0,81.0,8.0,8,0.0,0.0,0.0
taylotr01,2025,1,SEA,AL,0,0,8,0,0,0,0,20,14,9,2.0,3,2,0.467,12.15,0.0,0.0,1.0,0.0,37.0,4.0,9,1.0,2.0,1.0
teherju01,2020,1,LAA,AL,0,4,10,9,0,0,0,94,39,35,12.0,16,20,0.305,10.05,0.0,1.0,2.0,0.0,149.0,0.0,35,0.0,3.0,1.0
teherju01,2021,1,DET,AL,1,0,1,1,0,0,0,15,4,1,1.0,3,3,0.235,1.8,0.0,0.0,0.0,0.0,20.0,0.0,1,0.0,0.0,2.0
teherju01,2023,1,MIL,NL,3,5,14,11,0,0,0,215,68,35,13.0,13,50,0.254,4.4,0.0,1.0,4.0,2.0,288.0,1.0,36,1.0,2.0,6.0
teherju01,2024,1,NYN,NL,0,0,1,1,0,0,0,8,6,4,1.0,2,3,0.429,13.5,0.0,0.0,0.0,0.0,16.0,0.0,4,0.0,0.0,0.0
tellero01,2023,1,MIL,NL,0,0,1,0,0,0,0,3,1,0,0.0,0,1,0.25,0.0,0.0,0.0,0.0,0.0,4.0,1.0,0,0.0,0.0,0.0
tellero01,2024,1,PIT,NL,0,0,3,0,0,0,0,8,5,2,0.0,1,0,0.455,6.75,0.0,0.0,2.0,0.0,15.0,3.0,2,0.0,1.0,1.0
tellero01,2025,2,TEX,AL,0,0,1,0,0,0,0,6,5,3,1.0,0,0,0.5,13.5,0.0,0.0,1.0,0.0,11.0,1.0,3,0.0,0.0,1.0
tengka01,2024,1,SFN,NL,0,0,4,0,0,0,0,33,15,12,2.0,8,7,0.326,9.82,0.0,1.0,1.0,0.0,55.0,0.0,12,0.0,0.0,1.0
tengka01,2025,1,SFN,NL,2,4,8,7,0,0,0,89,29,21,2.0,17,39,0.254,6.37,0.0,0.0,7.0,0.0,139.0,0.0,24,0.0,1.0,4.0
teperry01,2020,1,CHN,NL,0,1,21,0,0,0,0,62,17,9,2.0,12,31,0.227,3.92,0.0,1.0,1.0,0.0,89.0,1.0,9,0.0,1.0,1.0
teperry01,2021,1,CHN,NL,0,2,43,0,0,0,1,130,22,14,3.0,12,50,0.15,2.91,0.0,1.0,3.0,0.0,165.0,3.0,14,0.0,3.0,3.0
teperry01,2021,2,CHA,AL,0,0,22,0,0,0,1,54,13,5,1.0,7,24,0.197,2.5,1.0,3.0,1.0,0.0,75.0,4.0,5,0.0,1.0,2.0
teperry01,2022,1,LAA,AL,5,4,59,0,0,0,6,172,42,23,7.0,20,47,0.202,3.61,3.0,5.0,2.0,0.0,232.0,12.0,27,1.0,1.0,6.0
teperry01,2023,1,LAA,AL,2,2,10,0,0,0,0,26,15,7,2.0,3,10,0.385,7.27,1.0,0.0,2.0,0.0,46.0,2.0,9,0.0,0.0,1.0
teperry01,2023,2,SLN,NL,0,0,2,0,0,0,0,6,3,2,1.0,1,1,0.333,9.0,0.0,0.0,1.0,0.0,11.0,0.0,2,0.0,0.0,0.0
tetreja01,2022,1,WAS,NL,2,2,4,4,0,0,0,63,23,12,4.0,10,9,0.274,5.14,0.0,0.0,0.0,0.0,96.0,0.0,15,0.0,2.0,2.0
thenju01,2023,1,SEA,AL,0,0,9,0,0,0,0,33,14,6,3.0,2,5,0.304,4.91,0.0,1.0,0.0,0.0,48.0,4.0,6,0.0,0.0,1.0
thielca01,2020,1,MIN,AL,2,1,17,0,0,0,0,60,14,5,0.0,9,22,0.192,2.25,0.0,2.0,0.0,0.0,82.0,3.0,6,0.0,0.0,1.0
thielca01,2021,1,MIN,AL,7,0,59,0,0,0,0,192,55,23,8.0,20,77,0.232,3.23,1.0,3.0,3.0,0.0,266.0,14.0,24,3.0,3.0,4.0
thielca01,2022,1,MIN,AL,4,3,67,0,0,0,1,178,51,23,5.0,18,80,0.226,3.49,1.0,1.0,0.0,2.0,245.0,10.0,26,0.0,1.0,1.0
thielca01,2023,1,MIN,AL,3,1,36,0,0,0,0,92,23,11,7.0,6,36,0.204,3.23,0.0,1.0,0.0,0.0,120.0,4.0,12,1.0,0.0,0.0
thielca01,2024,1,MIN,AL,2,4,59,0,0,0,3,142,50,28,6.0,24,53,0.266,5.32,2.0,2.0,0.0,0.0,216.0,18.0,33,1.0,3.0,2.0
thielca01,2025,1,CHN,NL,3,4,67,0,0,0,1,174,38,17,5.0,13,56,0.186,2.64,1.0,0.0,0.0,0.0,220.0,4.0,17,0.0,3.0,4.0
thomaco02,2025,1,MIL,NL,0,0,2,0,0,0,0,16,12,12,3.0,2,5,0.462,20.25,0.0,0.0,1.0,0.0,31.0,0.0,12,0.0,2.0,1.0
thomala02,2023,1,WAS,NL,0,0,1,0,0,0,0,3,3,3,1.0,0,1,0.5,27.0,0.0,0.0,0.0,0.0,6.0,1.0,3,0.0,0.0,0.0
thompke02,2021,1,CHN,NL,3,3,32,6,0,0,1,160,48,20,9.0,31,55,0.233,3.38,1.0,4.0,2.0,0.0,243.0,5.0,22,2.0,1.0,5.0
thompke02,2022,1,CHN,NL,10,5,29,17,0,0,1,345,103,48,16.0,43,108,0.239,3.76,0.0,5.0,9.0,0.0,485.0,4.0,54,1.0,1.0,14.0
thompke02,2023,1,CHN,NL,2,2,19,0,0,0,1,86,20,15,2.0,19,26,0.194,4.71,0.0,2.0,1.0,0.0,125.0,5.0,15,0.0,2.0,2.0
thompke02,2024,1,CHN,NL,2,1,24,0,0,0,2,91,19,9,3.0,18,36,0.176,2.67,0.0,0.0,0.0,0.0,127.0,9.0,12,0.0,1.0,3.0
thompma02,2021,1,SDN,NL,0,0,4,0,0,0,0,9,4,1,0.0,1,2,0.333,3.0,0.0,2.0,0.0,0.0,13.0,1.0,1,0.0,0.0,1.0
thompma02,2021,2,WAS,NL,1,3,27,0,0,0,0,65,28,10,4.0,14,21,0.308,4.15,1.0,1.0,1.0,0.0,108.0,4.0,14,2.0,0.0,3.0
thompma02,2022,1,WAS,NL,1,1,24,0,0,0,1,74,19,8,2.0,9,15,0.211,2.92,0.0,1.0,1.0,0.0,101.0,8.0,8,1.0,0.0,2.0
thompma02,2023,1,WAS,NL,4,4,51,0,0,0,1,162,62,33,4.0,22,44,0.294,5.5,0.0,4.0,4.0,0.0,240.0,5.0,35,1.0,2.0,6.0
thompma02,2025,1,WAS,NL,1,1,14,0,0,0,0,32,16,14,1.0,12,11,0.333,11.81,2.0,0.0,0.0,0.0,60.0,3.0,16,0.0,0.0,0.0
thompry02,2020,1,TBA,AL,1,2,25,1,0,0,1,79,29,13,4.0,8,23,0.274,4.44,0.0,0.0,0.0,1.0,114.0,3.0,15,0.0,0.0,4.0
thompry02,2021,1,TBA,AL,3,2,36,0,0,0,0,102,26,9,3.0,9,37,0.211,2.38,2.0,1.0,2.0,0.0,134.0,2.0,11,0.0,0.0,4.0
thompry02,2022,1,TBA,AL,3,3,47,0,0,0,3,128,39,18,4.0,11,39,0.234,3.8,2.0,1.0,2.0,1.0,181.0,7.0,24,1.0,0.0,2.0
thompry02,2023,1,TBA,AL,1,2,18,0,0,0,0,53,14,12,2.0,7,12,0.215,6.11,0.0,2.0,3.0,0.0,76.0,3.0,13,1.0,0.0,1.0
thompry02,2023,2,ARI,NL,0,0,13,0,0,0,1,39,6,1,1.0,1,9,0.14,0.69,0.0,0.0,1.0,0.0,45.0,2.0,1,0.0,0.0,1.0
thompry02,2024,1,ARI,NL,7,5,67,0,0,0,2,199,64,24,5.0,15,52,0.254,3.26,2.0,2.0,1.0,0.0,272.0,4.0,26,2.0,2.0,5.0
thompry02,2025,1,ARI,NL,3,2,48,0,0,0,1,124,42,18,4.0,13,36,0.263,3.92,2.0,0.0,2.0,1.0,175.0,9.0,21,0.0,0.0,4.0
thompza01,2021,1,MIA,NL,3,7,26,14,0,0,0,225,63,27,6.0,28,66,0.227,3.24,1.0,5.0,3.0,0.0,315.0,2.0,35,3.0,3.0,6.0
thompza01,2022,1,PIT,NL,3,10,29,22,0,0,0,365,138,70,19.0,46,90,0.28,5.18,0.0,5.0,3.0,0.0,543.0,1.0,76,0.0,1.0,13.0
thompza01,2025,1,ATL,NL,0,0,2,0,0,0,0,11,0,0,0.0,1,3,0.0,0.0,0.0,1.0,0.0,0.0,12.0,0.0,0,0.0,0.0,0.0
thompza02,2022,1,SLN,NL,1,1,22,1,0,0,1,104,20,8,3.0,14,27,0.164,2.08,0.0,1.0,0.0,0.0,136.0,4.0,9,0.0,0.0,1.0
thompza02,2023,1,SLN,NL,5,7,25,9,0,0,0,199,69,33,8.0,25,72,0.27,4.48,0.0,3.0,2.0,0.0,287.0,1.0,35,1.0,3.0,6.0
thompza02,2024,1,SLN,NL,0,2,5,2,0,0,0,51,24,18,6.0,8,20,0.324,9.53,0.0,0.0,1.0,0.0,83.0,0.0,18,0.0,0.0,1.0
thorntr01,2020,1,TOR,AL,0,0,3,3,0,0,0,17,15,7,0.0,3,6,0.517,11.12,0.0,0.0,0.0,0.0,33.0,0.0,7,0.0,1.0,1.0
thorntr01,2021,1,TOR,AL,1,3,37,3,0,0,0,147,54,26,12.0,16,52,0.278,4.78,1.0,3.0,4.0,0.0,216.0,4.0,33,1.0,1.0,4.0
thorntr01,2022,1,TOR,AL,0,2,32,0,0,0,0,138,40,21,7.0,17,37,0.237,4.11,0.0,1.0,1.0,0.0,189.0,6.0,21,0.0,2.0,6.0
thorntr01,2023,1,TOR,AL,0,0,4,0,0,0,0,16,7,1,0.0,1,5,0.333,1.69,0.0,0.0,0.0,0.0,22.0,0.0,1,0.0,0.0,2.0
thorntr01,2023,2,SEA,AL,1,2,23,1,0,0,0,78,23,6,5.0,5,21,0.235,2.08,0.0,0.0,0.0,0.0,103.0,6.0,11,0.0,0.0,2.0
thorntr01,2024,1,SEA,AL,4,3,71,0,0,0,1,217,63,29,8.0,19,77,0.238,3.61,1.0,4.0,5.0,0.0,294.0,16.0,32,3.0,2.0,4.0
thorntr01,2025,1,SEA,AL,2,0,33,0,0,0,0,127,41,22,6.0,14,32,0.258,4.68,2.0,1.0,4.0,0.0,180.0,7.0,23,1.0,2.0,4.0
thornty01,2020,1,CIN,NL,0,0,7,0,0,0,0,21,6,3,0.0,5,10,0.222,3.86,0.0,1.0,0.0,0.0,32.0,2.0,3,0.0,0.0,0.0
thornty01,2022,1,ATL,NL,0,0,9,0,0,0,0,28,12,4,0.0,5,10,0.293,3.86,0.0,0.0,0.0,0.0,47.0,6.0,6,0.0,1.0,0.0
thornty01,2022,2,MIN,AL,0,1,5,0,0,0,0,29,4,3,1.0,6,4,0.121,2.79,0.0,0.0,1.0,0.0,40.0,3.0,4,0.0,0.0,0.0
thorpdr01,2024,1,CHA,AL,3,3,9,9,0,0,0,133,35,27,8.0,21,25,0.211,5.48,0.0,0.0,1.0,1.0,190.0,0.0,29,0.0,2.0,2.0
thorple01,2020,1,MIN,AL,0,1,7,1,0,0,0,49,24,11,4.0,10,10,0.358,6.06,0.0,0.0,0.0,0.0,77.0,3.0,12,0.0,0.0,4.0
thorple01,2021,1,MIN,AL,0,2,5,4,0,0,0,46,14,8,2.0,7,6,0.237,4.7,0.0,1.0,0.0,0.0,66.0,1.0,11,0.0,0.0,2.0
ticety01,2021,1,TOR,AL,0,0,4,0,0,0,0,21,9,4,1.0,4,6,0.31,5.14,0.0,0.0,1.0,0.0,34.0,2.0,4,0.0,0.0,0.0
ticety01,2021,2,ATL,NL,0,0,1,0,0,0,0,3,1,0,0.0,1,0,0.25,0.0,0.0,0.0,0.0,0.0,5.0,1.0,0,0.0,0.0,0.0
tidwebl01,2025,1,NYN,NL,1,1,4,2,0,0,0,45,23,15,4.0,10,10,0.348,9.0,0.0,0.0,1.0,0.0,78.0,1.0,15,0.0,1.0,1.0
tinocje01,2020,1,MIA,NL,0,0,3,0,0,0,0,15,0,0,0.0,3,3,0.0,0.0,0.0,0.0,0.0,0.0,15.0,1.0,0,0.0,0.0,2.0
tinocje01,2020,2,COL,NL,0,0,3,0,0,0,0,11,3,1,0.0,4,3,0.231,2.45,0.0,2.0,0.0,0.0,17.0,2.0,1,0.0,0.0,1.0
tinocje01,2021,1,COL,NL,0,0,1,0,0,0,0,4,5,5,3.0,1,0,0.625,33.75,0.0,0.0,1.0,0.0,10.0,0.0,5,0.0,0.0,0.0
tinocje01,2022,1,TEX,AL,0,0,17,2,0,0,0,62,12,5,2.0,10,18,0.167,2.18,0.0,0.0,1.0,0.0,84.0,2.0,5,0.0,1.0,2.0
tinocje01,2024,1,TEX,AL,0,0,9,0,0,0,0,30,11,9,2.0,7,9,0.268,8.1,0.0,1.0,2.0,0.0,50.0,1.0,9,0.0,0.0,0.0
tinocje01,2024,2,CHN,NL,0,0,2,0,0,0,0,12,3,0,0.0,0,3,0.214,0.0,0.0,0.0,0.0,0.0,14.0,2.0,0,0.0,0.0,1.0
tinocje01,2024,3,MIA,NL,1,0,21,0,0,0,3,80,13,6,1.0,5,30,0.141,2.03,1.0,0.0,1.0,0.0,98.0,7.0,6,0.0,0.0,1.0
tinocje01,2025,1,MIA,NL,2,1,20,0,0,0,4,58,17,11,1.0,8,10,0.239,5.12,1.0,0.0,0.0,0.0,80.0,8.0,12,1.0,0.0,2.0
tollepa01,2025,1,BOS,AL,0,1,7,3,0,0,0,49,18,11,5.0,8,19,0.277,6.06,0.0,1.0,0.0,0.0,74.0,2.0,12,0.0,1.0,1.0
tomka01,2021,1,OAK,AL,0,0,1,0,0,0,0,3,1,0,0.0,0,0,0.25,0.0,0.0,0.0,0.0,0.0,4.0,1.0,0,0.0,0.0,0.0
tomlijo01,2020,1,ATL,NL,2,2,17,5,0,0,0,119,40,21,6.0,8,36,0.263,4.76,2.0,1.0,1.0,0.0,163.0,2.0,22,1.0,1.0,5.0
tomlijo01,2021,1,ATL,NL,4,0,35,0,0,0,0,148,69,36,10.0,5,37,0.327,6.57,0.0,0.0,1.0,1.0,218.0,6.0,36,0.0,1.0,4.0
tongjo01,2025,1,NYN,NL,2,3,5,5,0,0,0,56,24,16,3.0,9,22,0.312,7.71,0.0,3.0,0.0,0.0,87.0,0.0,20,0.0,1.0,1.0
tonkimi01,2023,1,ATL,NL,7,3,45,0,0,0,1,240,64,38,13.0,23,75,0.217,4.28,1.0,2.0,2.0,1.0,325.0,11.0,41,2.0,3.0,5.0
tonkimi01,2024,1,NYN,NL,1,2,5,0,0,0,0,21,8,4,1.0,2,6,0.286,5.14,0.0,1.0,3.0,0.0,35.0,4.0,10,0.0,2.0,0.0
tonkimi01,2024,2,MIN,AL,0,0,13,0,0,0,0,49,18,7,0.0,7,22,0.286,3.86,0.0,0.0,2.0,0.0,73.0,4.0,7,0.0,1.0,1.0
tonkimi01,2024,3,NYA,AL,3,2,39,0,0,0,2,168,44,21,5.0,21,57,0.214,3.38,1.0,3.0,3.0,1.0,232.0,15.0,26,0.0,2.0,2.0
tonkimi01,2025,1,MIN,AL,2,1,21,0,0,0,0,72,20,13,3.0,8,19,0.225,4.88,0.0,1.0,5.0,0.0,103.0,7.0,13,0.0,1.0,1.0
topaju01,2020,1,MIL,NL,0,1,6,0,0,0,0,23,7,2,1.0,0,12,0.233,2.35,0.0,0.0,0.0,0.0,30.0,2.0,3,0.0,0.0,0.0
topaju01,2021,1,MIL,NL,0,0,4,0,0,0,0,10,12,11,2.0,1,1,0.545,29.7,1.0,0.0,0.0,0.0,23.0,0.0,11,0.0,0.0,0.0
topaju01,2022,1,MIL,NL,0,0,7,0,0,0,0,22,9,4,0.0,4,4,0.29,4.91,1.0,0.0,0.0,0.0,35.0,1.0,6,0.0,0.0,1.0
topaju01,2023,1,SEA,AL,5,4,75,0,0,0,3,207,61,20,4.0,18,61,0.24,2.61,4.0,0.0,3.0,0.0,279.0,14.0,26,1.0,3.0,7.0
topaju01,2024,1,MIN,AL,0,0,3,0,0,0,0,7,1,0,0.0,0,2,0.125,0.0,0.0,0.0,0.0,0.0,8.0,2.0,0,0.0,0.0,0.0
topaju01,2025,1,MIN,AL,1,5,54,1,0,0,4,180,68,26,2.0,18,49,0.281,3.9,3.0,0.0,4.0,0.0,268.0,17.0,32,2.0,2.0,3.0
toroab01,2025,1,BOS,AL,0,0,1,0,0,0,0,3,4,2,0.0,1,0,0.667,18.0,0.0,0.0,0.0,0.0,8.0,1.0,2,0.0,1.0,0.0
torrelu01,2022,1,SEA,AL,1,0,2,0,0,0,0,6,3,1,1.0,0,0,0.333,4.5,0.0,0.0,0.0,0.0,10.0,2.0,2,0.0,1.0,0.0
torrelu01,2024,1,NYN,NL,0,0,1,0,0,0,0,1,0,0,0.0,0,0,0.0,0.0,0.0,0.0,0.0,0.0,1.0,1.0,0,0.0,0.0,0.0
torrelu01,2025,1,NYN,NL,0,0,2,0,0,0,0,2,5,4,2.0,1,0,0.714,54.0,0.0,0.0,0.0,0.0,8.0,1.0,4,0.0,0.0,0.0
torrero01,2021,1,PHI,NL,0,0,2,0,0,0,0,8,6,4,2.0,0,1,0.429,13.5,0.0,0.0,0.0,0.0,14.0,2.0,4,0.0,0.0,0.0
toussto01,2020,1,ATL,NL,0,2,7,5,0,0,0,73,27,24,7.0,16,30,0.276,8.88,0.0,2.0,5.0,0.0,120.0,0.0,28,1.0,0.0,1.0
toussto01,2021,1,ATL,NL,3,3,11,10,0,0,0,150,43,25,11.0,22,48,0.234,4.5,1.0,2.0,6.0,0.0,216.0,1.0,28,2.0,2.0,6.0
toussto01,2022,1,LAA,AL,1,1,8,2,0,0,0,76,15,13,2.0,19,26,0.176,4.62,0.0,2.0,4.0,0.0,108.0,2.0,13,0.0,0.0,5.0
toussto01,2023,1,CLE,AL,0,1,1,1,0,0,0,11,3,2,0.0,5,2,0.25,4.91,0.0,1.0,0.0,0.0,19.0,0.0,2,1.0,1.0,0.0
toussto01,2023,2,CHA,AL,4,6,19,15,0,0,0,250,66,46,10.0,52,83,0.221,4.97,0.0,2.0,7.0,1.0,365.0,2.0,46,2.0,6.0,8.0
toussto01,2024,1,CHA,AL,1,2,11,0,0,0,0,69,35,19,3.0,18,26,0.361,7.43,0.0,1.0,1.0,0.0,117.0,2.0,19,0.0,1.0,4.0
toussto01,2025,1,LAA,AL,0,0,1,0,0,0,0,6,4,2,0.0,1,3,0.4,9.0,0.0,0.0,0.0,0.0,11.0,1.0,2,0.0,0.0,0.0
treinbl01,2020,1,LAN,NL,3,3,27,0,0,0,1,77,23,11,1.0,8,22,0.24,3.86,1.0,2.0,2.0,0.0,107.0,3.0,15,0.0,1.0,2.0
treinbl01,2021,1,LAN,NL,6,5,72,0,0,0,7,217,46,16,5.0,25,85,0.179,1.99,1.0,3.0,3.0,0.0,286.0,10.0,20,0.0,1.0,4.0
treinbl01,2022,1,LAN,NL,1,1,5,0,0,0,0,15,1,1,1.0,1,6,0.063,1.8,0.0,0.0,0.0,0.0,17.0,1.0,1,0.0,0.0,0.0
treinbl01,2024,1,LAN,NL,7,3,50,0,0,0,1,140,33,10,5.0,11,56,0.194,1.93,0.0,1.0,2.0,0.0,184.0,6.0,11,0.0,1.0,0.0
treinbl01,2025,1,LAN,NL,2,7,32,0,0,0,2,80,30,16,4.0,19,36,0.28,5.4,4.0,1.0,2.0,0.0,129.0,9.0,18,0.0,1.0,0.0
trejoal01,2023,1,COL,NL,0,0,2,0,0,0,0,6,4,3,2.0,0,1,0.444,13.5,0.0,0.0,0.0,0.0,10.0,2.0,3,0.0,1.0,0.0
trejoal01,2025,1,COL,NL,0,0,1,0,0,0,0,3,1,0,0.0,0,0,0.333,0.0,0.0,0.0,0.0,0.0,3.0,1.0,0,0.0,0.0,1.0
trevijo01,2024,1,NYA,AL,0,0,2,0,0,0,0,6,5,3,0.0,2,0,0.455,13.5,0.0,0.0,0.0,0.0,13.0,2.0,3,0.0,0.0,0.0
trevijo01,2025,1,CIN,NL,0,0,2,0,0,0,0,7,4,1,0.0,1,1,0.4,3.86,0.0,0.0,0.0,0.0,12.0,2.0,1,0.0,1.0,0.0
triggan01,2020,1,SFN,NL,0,1,1,0,0,0,0,1,0,3,0.0,3,0,0.0,81.0,0.0,0.0,0.0,0.0,4.0,0.0,3,0.0,0.0,0.0
triggan01,2020,2,BOS,AL,0,1,4,2,0,0,0,24,8,4,3.0,3,7,0.25,4.5,0.0,0.0,0.0,0.0,35.0,1.0,4,0.0,0.0,0.0
triolja01,2025,1,PIT,NL,0,0,1,0,0,0,0,3,3,0,1.0,1,0,0.429,0.0,0.0,0.0,0.0,0.0,8.0,1.0,2,0.0,0.0,0.0
trivilo01,2020,1,OAK,AL,0,0,20,0,0,0,0,70,16,10,3.0,10,26,0.193,3.86,0.0,1.0,0.0,0.0,93.0,9.0,10,0.0,0.0,3.0
trivilo01,2021,1,OAK,AL,7,8,71,0,0,0,22,221,58,26,5.0,34,67,0.216,3.18,2.0,7.0,4.0,0.0,310.0,44.0,32,2.0,1.0,6.0
trivilo01,2022,1,OAK,AL,1,6,39,0,0,0,10,96,46,23,5.0,14,45,0.326,6.47,2.0,2.0,2.0,0.0,157.0,23.0,25,0.0,0.0,1.0
trivilo01,2022,2,NYA,AL,1,2,25,0,0,0,1,65,18,4,1.0,10,22,0.222,1.66,0.0,1.0,2.0,0.0,93.0,7.0,6,0.0,0.0,1.0
trivilo01,2025,1,SFN,NL,1,0,11,0,0,0,0,37,11,8,4.0,5,11,0.229,5.84,0.0,0.0,1.0,0.0,54.0,5.0,8,0.0,0.0,1.0
trivilo01,2025,2,LAN,NL,2,1,26,2,0,0,0,79,29,11,2.0,8,18,0.293,3.76,1.0,1.0,4.0,1.0,115.0,1.0,12,1.0,3.0,2.0
trivilo01,2025,3,PHI,NL,0,1,10,0,0,0,0,27,6,2,0.0,5,8,0.194,2.0,0.0,1.0,1.0,0.0,38.0,7.0,3,0.0,1.0,1.0
tropeni01,2020,1,PIT,NL,1,0,7,0,0,0,0,47,14,2,1.0,4,19,0.233,1.15,0.0,1.0,1.0,0.0,66.0,2.0,2,0.0,0.0,1.0
tropeni01,2021,1,SFN,NL,1,0,4,0,0,0,0,18,4,1,0.0,2,2,0.2,1.5,0.0,1.0,0.0,0.0,23.0,1.0,2,1.0,0.0,0.0
tropeni01,2021,2,NYN,NL,0,0,1,0,0,0,0,6,4,1,1.0,1,0,0.4,4.5,0.0,0.0,0.0,0.0,11.0,0.0,1,0.0,0.0,0.0
tuckeco01,2024,1,LAA,AL,0,0,1,0,0,0,0,3,1,0,0.0,1,0,0.333,0.0,0.0,0.0,0.0,0.0,4.0,1.0,0,0.0,0.0,1.0
tullyta01,2022,1,CLE,AL,0,0,3,0,0,0,0,18,8,4,1.0,6,2,0.333,6.0,1.0,1.0,0.0,0.0,30.0,2.0,4,0.0,0.0,1.0
turleni01,2020,1,PIT,NL,0,3,25,0,0,0,1,65,13,12,1.0,11,20,0.173,4.98,1.0,1.0,3.0,1.0,92.0,3.0,13,0.0,3.0,1.0
turnbsp01,2020,1,DET,AL,4,4,11,11,0,0,0,170,47,25,2.0,29,51,0.226,3.97,1.0,0.0,2.0,0.0,242.0,0.0,25,2.0,1.0,6.0
turnbsp01,2021,1,DET,AL,4,2,9,9,1,1,0,150,37,16,2.0,12,44,0.203,2.88,0.0,0.0,5.0,0.0,201.0,0.0,18,1.0,1.0,5.0
turnbsp01,2023,1,DET,AL,1,4,7,7,0,0,0,93,37,25,5.0,15,24,0.291,7.26,0.0,2.0,3.0,0.0,145.0,0.0,26,0.0,0.0,4.0
turnbsp01,2024,1,PHI,NL,3,0,17,7,0,0,0,163,37,16,6.0,20,58,0.188,2.65,0.0,2.0,5.0,0.0,222.0,4.0,17,0.0,0.0,3.0
turnbsp01,2025,1,TOR,AL,1,1,3,1,0,0,0,19,12,5,1.0,4,4,0.414,7.11,0.0,0.0,0.0,0.0,33.0,1.0,5,0.0,0.0,1.0
turneju01,2021,1,LAN,NL,0,0,1,0,0,0,0,3,2,0,0.0,0,0,0.4,0.0,0.0,0.0,0.0,0.0,5.0,1.0,0,0.0,0.0,0.0
tylerky01,2021,1,LAA,AL,0,0,5,0,0,0,0,37,8,4,1.0,6,6,0.19,2.92,0.0,0.0,2.0,0.0,52.0,3.0,4,0.0,2.0,0.0
tylerky01,2022,1,SDN,NL,1,0,2,0,0,0,0,12,2,0,0.0,1,2,0.154,0.0,0.0,0.0,0.0,0.0,14.0,1.0,0,0.0,0.0,0.0
tylerky01,2024,1,MIA,NL,0,2,8,7,0,0,0,95,37,19,4.0,18,25,0.301,5.4,0.0,1.0,1.0,0.0,142.0,0.0,19,0.0,0.0,5.0
ucetaed01,2021,1,LAN,NL,0,3,14,1,0,0,0,61,19,15,3.0,12,25,0.253,6.64,1.0,1.0,0.0,1.0,92.0,5.0,18,2.0,3.0,1.0
ucetaed01,2022,1,ARI,NL,0,0,10,0,0,0,0,51,14,11,2.0,7,13,0.215,5.82,0.0,1.0,1.0,0.0,73.0,5.0,12,0.0,0.0,2.0
ucetaed01,2023,1,NYN,NL,0,0,1,0,0,0,0,9,0,0,0.0,2,3,0.0,0.0,0.0,0.0,1.0,0.0,11.0,1.0,0,0.0,0.0,0.0
ucetaed01,2024,1,TBA,AL,2,0,30,0,0,0,5,125,26,7,2.0,8,57,0.174,1.51,0.0,0.0,1.0,0.0,159.0,10.0,8,1.0,0.0,0.0
ucetaed01,2025,1,TBA,AL,10,3,70,0,0,0,1,228,62,32,11.0,27,103,0.22,3.79,3.0,0.0,8.0,3.0,321.0,11.0,33,1.0,3.0,2.0
uelmeer01,2022,1,CHN,NL,2,1,25,0,0,0,1,81,25,14,3.0,12,21,0.248,4.67,1.0,1.0,6.0,0.0,122.0,8.0,15,0.0,3.0,3.0
uelmeer01,2023,1,PHI,NL,0,0,1,0,0,0,0,3,3,4,0.0,2,1,0.6,36.0,0.0,0.0,0.0,0.0,8.0,0.0,4,0.0,1.0,0.0
underdu01,2020,1,CHN,NL,1,0,17,0,0,0,0,62,25,13,5.0,6,27,0.313,5.66,1.0,2.0,1.0,0.0,88.0,3.0,13,0.0,1.0,2.0
underdu01,2021,1,PIT,NL,2,3,43,0,0,0,0,218,77,35,9.0,27,65,0.27,4.33,1.0,3.0,4.0,0.0,320.0,6.0,40,0.0,4.0,10.0
underdu01,2022,1,PIT,NL,1,6,51,1,0,0,1,172,58,28,1.0,25,57,0.254,4.4,1.0,5.0,5.0,0.0,259.0,9.0,35,0.0,1.0,3.0
underdu01,2023,1,PIT,NL,1,0,20,0,0,0,2,73,24,14,3.0,11,14,0.273,5.18,0.0,0.0,0.0,0.0,100.0,9.0,14,0.0,1.0,5.0
urenajo01,2020,1,MIA,NL,0,3,5,5,0,0,0,70,22,14,4.0,13,15,0.247,5.4,0.0,1.0,2.0,0.0,104.0,0.0,15,0.0,0.0,3.0
urenajo01,2021,1,DET,AL,4,8,26,18,0,0,0,302,119,65,14.0,42,67,0.292,5.81,0.0,4.0,4.0,0.0,456.0,1.0,70,0.0,2.0,10.0
urenajo01,2022,1,MIL,NL,0,0,4,0,0,0,0,23,7,3,1.0,5,3,0.241,3.52,0.0,1.0,0.0,0.0,36.0,1.0,5,0.0,2.0,0.0
urenajo01,2022,2,COL,NL,3,8,17,17,0,0,0,268,102,51,10.0,38,60,0.289,5.14,0.0,1.0,1.0,0.0,396.0,0.0,57,0.0,4.0,12.0
urenajo01,2023,1,COL,NL,0,4,5,5,0,0,0,55,27,20,9.0,14,9,0.346,9.82,0.0,1.0,0.0,0.0,93.0,0.0,22,0.0,1.0,3.0
urenajo01,2023,2,CHA,AL,0,3,5,5,0,0,0,79,23,12,4.0,8,20,0.235,4.1,0.0,1.0,1.0,0.0,110.0,0.0,15,1.0,2.0,2.0
urenajo01,2024,1,TEX,AL,5,8,33,9,0,0,1,327,105,46,13.0,39,70,0.254,3.8,2.0,3.0,4.0,0.0,463.0,8.0,51,2.0,4.0,12.0
urenajo01,2025,1,NYN,NL,0,0,1,0,0,0,1,9,7,5,2.0,1,3,0.438,15.0,0.0,0.0,0.0,0.0,17.0,1.0,5,0.0,0.0,0.0
urenajo01,2025,2,TOR,AL,0,0,6,2,0,0,0,37,12,5,3.0,3,5,0.245,3.65,0.0,0.0,0.0,0.0,52.0,4.0,5,0.0,0.0,0.0
urenajo01,2025,3,LAN,NL,0,0,2,0,0,0,0,9,4,1,0.0,1,2,0.333,3.0,1.0,1.0,0.0,0.0,13.0,0.0,1,0.0,0.0,0.0
urenajo01,2025,4,MIN,AL,0,1,4,3,0,0,0,53,17,9,1.0,8,10,0.258,4.58,0.0,1.0,2.0,0.0,78.0,0.0,9,1.0,1.0,0.0
urenajo01,2025,5,LAA,AL,0,0,6,1,0,0,0,57,17,8,2.0,10,14,0.23,3.79,0.0,0.0,1.0,0.0,85.0,3.0,9,0.0,0.0,2.0
uriasju01,2020,1,LAN,NL,3,0,11,10,0,0,0,165,45,20,5.0,18,45,0.22,3.27,0.0,2.0,0.0,0.0,224.0,0.0,20,0.0,1.0,5.0
uriasju01,2021,1,LAN,NL,20,3,32,32,0,0,0,557,151,61,19.0,38,195,0.219,2.96,3.0,2.0,7.0,1.0,745.0,0.0,67,7.0,2.0,7.0
uriasju01,2022,1,LAN,NL,17,7,31,31,0,0,0,525,127,42,23.0,41,166,0.199,2.16,0.0,0.0,5.0,1.0,689.0,0.0,51,0.0,4.0,13.0
uriasju01,2023,1,LAN,NL,11,8,21,21,0,0,0,352,112,60,24.0,24,117,0.252,4.6,0.0,2.0,6.0,1.0,482.0,0.0,61,0.0,6.0,11.0
uribeab01,2023,1,MIL,NL,1,0,32,0,0,0,1,92,16,6,0.0,20,39,0.154,1.76,0.0,6.0,1.0,1.0,127.0,7.0,8,0.0,2.0,2.0
uribeab01,2024,1,MIL,NL,2,2,14,0,0,0,3,43,15,11,1.0,12,14,0.278,6.91,2.0,3.0,0.0,0.0,66.0,6.0,11,0.0,0.0,4.0
uribeab01,2025,1,MIL,NL,3,2,75,0,0,0,7,226,51,14,4.0,27,90,0.194,1.67,2.0,5.0,6.0,1.0,298.0,15.0,18,2.0,0.0,9.0
urquijo01,2020,1,HOU,AL,1,1,5,5,0,0,0,89,22,9,4.0,8,17,0.206,2.73,0.0,0.0,1.0,0.0,116.0,0.0,9,0.0,0.0,3.0
urquijo01,2021,1,HOU,AL,8,3,20,20,0,0,0,321,87,43,17.0,19,90,0.218,3.62,0.0,2.0,2.0,0.0,423.0,0.0,43,2.0,1.0,2.0
urquijo01,2022,1,HOU,AL,13,8,29,28,0,0,0,493,154,72,29.0,38,134,0.244,3.94,0.0,5.0,7.0,0.0,681.0,0.0,74,0.0,6.0,8.0
urquijo01,2023,1,HOU,AL,3,3,16,10,0,0,1,189,65,37,11.0,25,45,0.263,5.29,0.0,0.0,2.0,1.0,275.0,4.0,37,0.0,1.0,3.0
urquijo01,2025,1,DET,AL,0,0,2,0,0,0,0,7,4,2,0.0,3,3,0.364,7.71,0.0,0.0,0.0,0.0,14.0,0.0,2,0.0,0.0,0.0
uwasana01,2024,1,BOS,AL,0,0,2,0,0,0,0,12,2,1,0.0,2,3,0.143,2.25,0.0,0.0,0.0,0.0,16.0,2.0,1,0.0,0.0,0.0
valaipa01,2021,1,BAL,AL,0,0,2,0,0,0,0,4,0,0,0.0,0,0,0.0,0.0,0.0,0.0,0.0,0.0,5.0,2.0,0,0.0,0.0,0.0
valdece01,2020,1,BAL,AL,1,1,9,0,0,0,3,43,7,2,0.0,3,12,0.143,1.26,0.0,1.0,0.0,0.0,53.0,7.0,3,0.0,1.0,0.0
valdece01,2021,1,BAL,AL,2,2,39,0,0,0,8,138,62,30,8.0,14,45,0.32,5.87,2.0,2.0,1.0,0.0,210.0,16.0,32,0.0,1.0,3.0
valdece01,2022,1,LAA,AL,0,0,1,0,0,0,0,3,2,1,0.0,0,0,0.4,9.0,0.0,0.0,0.0,0.0,5.0,1.0,2,0.0,0.0,0.0
valdefr01,2020,1,HOU,AL,5,3,11,10,0,0,0,212,63,28,5.0,16,76,0.24,3.57,0.0,6.0,5.0,1.0,288.0,0.0,32,1.0,3.0,9.0
valdefr01,2021,1,HOU,AL,11,6,22,22,1,0,0,404,110,47,12.0,58,125,0.22,3.14,1.0,9.0,11.0,2.0,572.0,0.0,52,1.0,1.0,11.0
valdefr01,2022,1,HOU,AL,17,6,31,31,3,1,0,604,166,63,11.0,67,194,0.223,2.82,0.0,11.0,11.0,1.0,827.0,0.0,71,2.0,2.0,25.0
valdefr01,2023,1,HOU,AL,12,11,31,31,2,2,0,594,166,76,19.0,57,200,0.228,3.45,0.0,6.0,10.0,0.0,808.0,0.0,86,4.0,8.0,22.0
valdefr01,2024,1,HOU,AL,15,7,28,28,1,0,0,529,140,57,13.0,55,169,0.221,2.91,0.0,8.0,6.0,1.0,703.0,0.0,60,2.0,6.0,32.0
valdefr01,2025,1,HOU,AL,13,11,31,31,2,0,0,576,171,78,15.0,68,187,0.238,3.66,0.0,12.0,7.0,1.0,802.0,0.0,82,4.0,6.0,22.0
valdeph01,2020,1,BOS,AL,1,1,24,0,0,0,0,91,33,11,3.0,16,30,0.282,3.26,0.0,0.0,3.0,0.0,137.0,5.0,16,0.0,1.0,3.0
valdeph01,2021,1,BOS,AL,2,0,28,0,0,0,1,120,35,26,4.0,19,35,0.238,5.85,1.0,5.0,7.0,0.0,177.0,15.0,29,1.0,3.0,3.0
valdeph01,2022,1,BOS,AL,0,1,13,0,0,0,0,49,12,8,0.0,7,13,0.207,4.41,0.0,1.0,6.0,1.0,72.0,8.0,11,0.0,1.0,3.0
vallich01,2023,1,BAL,AL,0,0,1,0,0,0,0,2,1,0,0.0,0,1,0.5,0.0,0.0,0.0,0.0,0.0,2.0,1.0,0,0.0,0.0,0.0
vanasri01,2024,1,LAN,NL,0,0,2,0,0,0,0,6,3,3,0.0,0,1,0.333,13.5,0.0,0.0,0.0,0.0,9.0,1.0,3,0.0,0.0,0.0
vanasri01,2024,2,DET,AL,1,0,2,0,0,0,0,6,0,0,0.0,0,0,0.0,0.0,0.0,0.0,0.0,0.0,6.0,0.0,0,0.0,0.0,0.0
vanbebr01,2025,1,TBA,AL,1,0,4,0,0,0,0,25,13,5,2.0,0,6,0.361,5.4,0.0,1.0,0.0,0.0,36.0,2.0,5,0.0,0.0,2.0
vanmejo01,2022,1,PIT,NL,0,0,3,0,0,0,0,9,15,13,5.0,2,0,0.6,39.0,0.0,0.0,0.0,0.0,27.0,3.0,13,0.0,0.0,0.0
vanwelo01,2025,1,HOU,AL,0,0,9,0,0,0,0,32,15,6,2.0,3,7,0.333,5.06,0.0,0.0,1.0,0.0,49.0,3.0,7,0.0,0.0,1.0
vargaca01,2023,1,ARI,NL,0,0,5,0,0,0,0,14,5,3,2.0,4,7,0.294,5.79,0.0,0.0,1.0,0.0,22.0,3.0,3,0.0,0.0,2.0
vargaca01,2025,1,SEA,AL,5,5,70,0,0,0,1,231,81,34,10.0,23,54,0.273,3.97,4.0,5.0,7.0,1.0,331.0,10.0,39,2.0,2.0,12.0
vargail01,2022,2,WAS,NL,0,0,1,0,0,0,0,3,0,0,0.0,0,0,0.0,0.0,0.0,0.0,0.0,0.0,3.0,1.0,0,0.0,0.0,0.0
vargail01,2023,1,WAS,NL,0,0,2,0,0,0,0,6,2,1,1.0,1,0,0.25,4.5,0.0,0.0,1.0,0.0,10.0,2.0,1,0.0,0.0,0.0
vargail01,2024,1,WAS,NL,0,0,2,0,0,0,0,6,3,1,1.0,0,0,0.375,4.5,0.0,0.0,1.0,0.0,9.0,2.0,1,0.0,0.0,1.0
varlagu01,2023,1,MIL,NL,0,0,8,0,0,0,0,26,15,11,3.0,8,6,0.357,11.42,0.0,0.0,1.0,0.0,51.0,1.0,12,0.0,0.0,0.0
varlagu01,2023,2,LAN,NL,1,1,8,0,0,0,0,35,12,4,0.0,8,14,0.279,3.09,1.0,2.0,0.0,0.0,52.0,4.0,6,1.0,0.0,3.0
varlagu01,2024,1,LAN,NL,0,0,7,0,0,0,0,18,7,2,1.0,4,3,0.28,3.0,0.0,0.0,1.0,0.0,30.0,2.0,3,0.0,0.0,0.0
varlagu01,2024,2,CHA,AL,1,0,19,0,0,0,0,61,23,8,1.0,4,24,0.284,3.54,1.0,2.0,0.0,0.0,85.0,5.0,9,0.0,0.0,2.0
varlalo01,2022,1,MIN,AL,1,2,5,5,0,0,0,78,26,11,4.0,6,21,0.263,3.81,1.0,1.0,1.0,0.0,106.0,0.0,11,0.0,0.0,4.0
varlalo01,2023,1,MIN,AL,4,3,17,10,0,0,0,204,66,35,16.0,17,71,0.252,4.63,0.0,2.0,1.0,0.0,283.0,1.0,35,2.0,1.0,3.0
varlalo01,2024,1,MIN,AL,0,6,16,7,0,0,0,149,68,42,12.0,16,49,0.318,7.61,1.0,0.0,4.0,0.0,238.0,1.0,44,1.0,3.0,5.0
varlalo01,2025,1,MIN,AL,3,3,51,0,0,0,0,147,41,11,3.0,13,47,0.23,2.02,1.0,0.0,2.0,0.0,197.0,7.0,14,3.0,1.0,3.0
varlalo01,2025,2,TOR,AL,1,0,23,1,0,0,0,71,24,13,3.0,9,28,0.273,4.94,0.0,0.0,0.0,0.0,99.0,1.0,13,0.0,2.0,3.0
vasilmi01,2025,1,CHA,AL,5,3,47,3,0,0,4,303,74,28,8.0,52,82,0.204,2.5,5.0,4.0,8.0,2.0,423.0,17.0,32,0.0,0.0,13.0
vasquan02,2021,1,LAN,NL,0,0,2,0,0,0,0,5,1,0,0.0,0,3,0.167,0.0,0.0,0.0,0.0,0.0,6.0,1.0,1,0.0,0.0,0.0
vasquan02,2022,1,TOR,AL,0,0,9,0,0,0,0,20,6,6,1.0,3,6,0.231,8.1,0.0,1.0,3.0,1.0,32.0,3.0,6,0.0,0.0,0.0
vasquan02,2022,2,SFN,NL,0,0,1,0,0,0,0,6,0,0,0.0,1,4,0.0,0.0,0.0,0.0,0.0,0.0,7.0,0.0,0,0.0,0.0,0.0
vasquan02,2023,1,PHI,NL,2,1,30,0,0,0,0,119,35,10,4.0,14,34,0.235,2.27,1.0,2.0,5.0,2.0,170.0,12.0,12,1.0,1.0,3.0
vasquan02,2023,2,DET,AL,0,0,12,0,0,0,0,26,11,8,0.0,9,9,0.297,8.31,0.0,0.0,2.0,1.0,49.0,1.0,9,1.0,0.0,0.0
vasqura02,2023,1,NYA,AL,2,2,11,5,0,0,0,113,30,12,5.0,18,33,0.211,2.87,0.0,3.0,4.0,0.0,166.0,1.0,12,0.0,1.0,0.0
vasqura02,2024,1,SDN,NL,4,7,20,20,0,0,0,294,119,53,13.0,29,62,0.304,4.87,1.0,5.0,6.0,2.0,431.0,0.0,56,2.0,2.0,14.0
vasqura02,2025,1,SDN,NL,6,7,28,26,0,0,0,401,125,57,16.0,52,78,0.247,3.84,1.0,3.0,7.0,1.0,570.0,1.0,59,0.0,5.0,12.0
vazqulu01,2025,1,BAL,AL,0,0,4,0,0,0,0,13,3,0,0.0,1,0,0.231,0.0,0.0,0.0,0.0,0.0,14.0,4.0,0,0.0,0.0,3.0
velasvi01,2020,1,PHI,NL,1,1,9,7,0,0,0,102,36,21,5.0,17,46,0.269,5.56,1.0,0.0,3.0,0.0,154.0,0.0,21,0.0,0.0,1.0
velasvi01,2021,1,PHI,NL,3,6,21,17,0,0,0,245,76,54,17.0,45,85,0.244,5.95,2.0,2.0,4.0,0.0,361.0,1.0,55,1.0,0.0,6.0
velasvi01,2021,2,SDN,NL,0,3,4,4,0,0,0,38,15,12,6.0,4,16,0.294,8.53,0.0,0.0,0.0,0.0,56.0,0.0,13,0.0,0.0,1.0
velasvi01,2022,1,CHA,AL,3,3,27,9,0,0,0,226,68,40,11.0,25,69,0.235,4.78,0.0,1.0,2.0,1.0,319.0,8.0,42,1.0,2.0,3.0
velasvi01,2023,1,PIT,NL,4,4,8,8,0,0,0,112,35,16,4.0,14,37,0.24,3.86,0.0,2.0,1.0,0.0,162.0,0.0,16,1.0,0.0,2.0
vendipa01,2020,1,MIA,NL,0,0,3,0,0,0,0,13,1,0,0.0,0,5,0.077,0.0,0.0,0.0,2.0,0.0,15.0,2.0,0,0.0,0.0,1.0
venezan01,2023,1,KCA,AL,0,0,2,0,0,0,0,7,2,0,0.0,2,1,0.2,0.0,0.0,0.0,0.0,0.0,12.0,1.0,2,0.0,0.0,0.0
venezan01,2024,1,KCA,AL,0,0,2,0,0,0,0,6,4,1,0.0,1,2,0.4,4.5,0.0,0.0,0.0,0.0,11.0,1.0,2,0.0,0.0,0.0
venezan01,2024,2,MIA,NL,1,0,10,0,0,0,0,34,12,4,1.0,2,12,0.286,3.18,0.0,1.0,1.0,0.0,47.0,0.0,5,0.0,2.0,1.0
venezan01,2025,1,MIA,NL,0,0,24,1,0,0,0,63,25,11,4.0,10,20,0.291,4.71,0.0,1.0,1.0,0.0,100.0,3.0,11,1.0,2.0,1.0
venezan01,2025,2,SLN,NL,0,0,2,0,0,0,0,12,3,2,0.0,1,5,0.2,4.5,0.0,0.0,1.0,0.0,17.0,0.0,2,0.0,0.0,0.0
verhadr01,2022,1,SLN,NL,3,1,19,0,0,0,0,65,27,16,5.0,14,18,0.3,6.65,1.0,0.0,1.0,0.0,106.0,3.0,18,0.0,1.0,0.0
verhadr01,2023,1,SLN,NL,5,1,60,0,0,0,0,183,52,27,9.0,26,60,0.226,3.98,2.0,3.0,9.0,1.0,268.0,15.0,30,0.0,3.0,5.0
verlaju01,2020,1,HOU,AL,1,0,1,1,0,0,0,18,3,2,2.0,1,7,0.15,3.0,0.0,0.0,0.0,0.0,21.0,0.0,2,0.0,0.0,1.0
verlaju01,2022,1,HOU,AL,18,4,28,28,0,0,0,525,116,34,12.0,29,185,0.186,1.75,0.0,3.0,6.0,0.0,666.0,0.0,43,1.0,5.0,8.0
verlaju01,2023,1,NYN,NL,6,5,16,16,0,0,0,283,77,33,9.0,31,81,0.219,3.15,0.0,3.0,1.0,0.0,386.0,0.0,36,0.0,2.0,6.0
verlaju01,2023,2,HOU,AL,7,3,11,11,0,0,0,204,62,25,9.0,14,63,0.236,3.31,0.0,2.0,4.0,0.0,283.0,0.0,27,0.0,2.0,2.0
verlaju01,2024,1,HOU,AL,5,6,17,17,0,0,0,271,98,55,15.0,27,74,0.274,5.48,0.0,2.0,6.0,1.0,396.0,0.0,56,0.0,5.0,3.0
verlaju01,2025,1,SFN,NL,4,11,29,29,0,0,0,456,155,65,16.0,52,137,0.261,3.85,1.0,2.0,6.0,0.0,662.0,0.0,74,3.0,6.0,7.0
vesiaal01,2020,1,MIA,NL,0,1,5,0,0,0,0,13,7,9,3.0,7,5,0.35,18.69,0.0,0.0,0.0,0.0,27.0,0.0,10,0.0,0.0,0.0
vesiaal01,2021,1,LAN,NL,3,1,41,0,0,0,1,120,17,10,6.0,22,54,0.126,2.25,3.0,0.0,2.0,0.0,161.0,7.0,17,0.0,2.0,1.0
vesiaal01,2022,1,LAN,NL,5,0,63,0,0,0,1,163,37,13,2.0,24,79,0.187,2.15,1.0,2.0,2.0,0.0,227.0,6.0,14,2.0,1.0,1.0
vesiaal01,2023,1,LAN,NL,2,5,56,1,0,0,1,149,52,24,7.0,17,64,0.263,4.35,3.0,2.0,2.0,0.0,217.0,10.0,27,0.0,0.0,1.0
vesiaal01,2024,1,LAN,NL,5,4,67,0,0,0,5,199,33,13,7.0,33,87,0.147,1.76,3.0,2.0,1.0,0.0,263.0,10.0,19,3.0,1.0,1.0
vesiaal01,2025,1,LAN,NL,4,2,68,0,0,0,5,179,37,20,9.0,22,80,0.181,3.02,3.0,3.0,5.0,0.0,237.0,11.0,21,2.0,4.0,2.0
vespini01,2022,1,BAL,AL,5,0,25,0,0,0,1,79,29,12,5.0,8,28,0.284,4.1,1.0,0.0,1.0,0.0,112.0,4.0,12,0.0,1.0,5.0
vespini01,2023,1,BAL,AL,1,0,9,0,0,0,0,44,16,7,2.0,2,9,0.286,4.3,1.0,0.0,1.0,0.0,59.0,2.0,7,0.0,0.0,2.0
vespini01,2024,1,BAL,AL,0,0,11,0,0,0,0,37,10,4,1.0,3,9,0.222,2.92,0.0,0.0,0.0,0.0,49.0,8.0,4,0.0,1.0,0.0
vestwi01,2021,1,SEA,AL,1,0,32,0,0,0,0,105,38,24,2.0,18,27,0.288,6.17,0.0,3.0,3.0,0.0,156.0,4.0,25,1.0,2.0,5.0
vestwi01,2022,1,DET,AL,3,3,59,2,0,0,1,189,62,28,6.0,22,63,0.262,4.0,0.0,7.0,3.0,0.0,272.0,8.0,30,2.0,7.0,4.0
vestwi01,2023,1,DET,AL,2,1,48,4,0,0,2,145,40,16,3.0,13,56,0.216,2.98,1.0,0.0,0.0,0.0,199.0,7.0,18,0.0,0.0,4.0
vestwi01,2024,1,DET,AL,3,4,69,0,0,0,2,211,61,22,3.0,18,63,0.234,2.82,2.0,4.0,3.0,0.0,289.0,14.0,23,1.0,6.0,6.0
vestwi01,2025,1,DET,AL,6,5,64,0,0,0,23,206,61,23,4.0,22,75,0.236,3.01,1.0,4.0,1.0,0.0,284.0,40.0,26,1.0,1.0,7.0
vieauca01,2022,1,PIT,NL,0,0,8,0,0,0,0,26,15,10,2.0,5,15,0.366,10.38,0.0,0.0,1.0,0.0,48.0,2.0,11,0.0,0.0,1.0
vieirth01,2023,1,MIL,NL,0,1,2,0,0,0,0,9,0,0,0.0,1,2,0.0,0.0,0.0,0.0,0.0,0.0,10.0,2.0,1,0.0,1.0,0.0
vieirth01,2024,1,MIL,NL,0,0,16,0,0,0,1,67,25,14,6.0,13,25,0.278,5.64,1.0,0.0,2.0,0.0,106.0,9.0,14,0.0,1.0,0.0
vieirth01,2024,2,BAL,AL,0,0,1,0,0,0,0,0,1,3,0.0,4,0,1.0,,0.0,1.0,0.0,0.0,5.0,0.0,3,0.0,0.0,0.0
vieirth01,2024,3,ARI,NL,0,1,11,0,0,0,0,47,11,5,2.0,9,14,0.196,2.87,0.0,2.0,0.0,1.0,66.0,4.0,6,0.0,1.0,1.0
villada01,2023,1,SFN,NL,0,0,1,0,0,0,0,3,0,0,0.0,1,0,0.0,0.0,0.0,0.0,0.0,0.0,3.0,1.0,0,0.0,0.0,1.0
villael02,2024,1,MIA,NL,0,0,3,0,0,0,0,13,3,1,1.0,2,3,0.188,2.08,0.0,0.0,0.0,0.0,18.0,1.0,1,0.0,0.0,0.0
vinceni01,2020,1,MIA,NL,1,2,21,0,0,0,3,67,23,11,5.0,6,17,0.271,4.43,0.0,0.0,1.0,0.0,92.0,8.0,11,0.0,0.0,4.0
vinceni01,2021,1,MIN,AL,1,0,7,0,0,0,0,38,6,1,1.0,5,9,0.146,0.71,0.0,0.0,1.0,1.0,47.0,1.0,1,0.0,0.0,1.0
vinesda01,2023,1,ATL,NL,1,0,5,2,0,0,0,61,15,9,3.0,7,14,0.203,3.98,0.0,0.0,1.0,0.0,84.0,0.0,10,0.0,2.0,1.0
vinesda01,2024,1,ATL,NL,0,1,4,2,0,0,0,41,21,13,4.0,4,9,0.356,8.56,0.0,0.0,1.0,0.0,66.0,1.0,14,0.0,2.0,1.0
vizcaar01,2022,1,KCA,AL,0,0,7,0,0,0,0,17,4,4,1.0,7,3,0.182,6.35,0.0,0.0,0.0,0.0,29.0,1.0,4,0.0,0.0,0.0
vodnivi01,2023,1,COL,NL,1,0,6,0,0,0,0,26,15,8,0.0,3,12,0.366,8.31,0.0,0.0,0.0,0.0,44.0,3.0,9,0.0,0.0,0.0
vodnivi01,2024,1,COL,NL,5,4,64,0,0,0,9,221,72,35,7.0,37,65,0.257,4.28,1.0,4.0,1.0,0.0,320.0,19.0,37,1.0,1.0,10.0
vodnivi01,2025,1,COL,NL,4,3,52,0,0,0,10,152,45,17,4.0,26,49,0.239,3.02,2.0,4.0,0.0,0.0,215.0,31.0,19,0.0,1.0,8.0
volqued01,2020,1,TEX,AL,2,1,7,0,0,0,0,17,6,4,0.0,2,3,0.261,6.35,0.0,0.0,1.0,0.0,26.0,3.0,4,0.0,0.0,0.0
vosleja01,2023,1,CIN,NL,0,0,2,0,0,0,0,6,5,1,0.0,0,0,0.455,4.5,0.0,0.0,0.0,0.0,11.0,2.0,1,0.0,0.0,0.0
vothau01,2020,1,WAS,NL,2,5,11,11,1,0,0,149,57,35,14.0,18,44,0.281,6.34,2.0,1.0,4.0,0.0,225.0,0.0,36,0.0,0.0,4.0
vothau01,2021,1,WAS,NL,4,1,49,1,0,0,0,172,57,34,10.0,28,59,0.266,5.34,5.0,1.0,1.0,0.0,248.0,8.0,35,3.0,2.0,5.0
vothau01,2022,1,WAS,NL,0,0,19,0,0,0,0,56,34,21,4.0,6,18,0.386,10.13,0.0,2.0,0.0,0.0,94.0,1.0,22,0.0,0.0,2.0
vothau01,2022,2,BAL,AL,5,4,22,17,0,0,0,249,77,28,10.0,25,72,0.244,3.04,0.0,3.0,3.0,0.0,348.0,0.0,30,0.0,4.0,4.0
vothau01,2023,1,BAL,AL,1,2,25,0,0,0,0,104,39,20,6.0,15,34,0.279,5.19,1.0,0.0,3.0,0.0,160.0,4.0,22,1.0,1.0,1.0
vothau01,2024,1,SEA,AL,2,5,68,0,0,0,0,183,46,25,9.0,18,61,0.204,3.69,0.0,0.0,3.0,0.0,248.0,17.0,31,1.0,0.0,2.0
wachami01,2020,1,NYN,NL,1,4,8,7,0,0,0,102,46,25,9.0,7,37,0.313,6.62,0.0,2.0,2.0,0.0,156.0,0.0,26,0.0,0.0,1.0
wachami01,2021,1,TBA,AL,3,5,29,23,0,0,0,374,132,70,23.0,31,121,0.27,5.05,0.0,5.0,4.0,0.0,528.0,1.0,73,1.0,4.0,10.0
wachami01,2022,1,BOS,AL,11,2,23,23,1,1,0,382,111,47,18.0,31,104,0.233,3.32,0.0,4.0,4.0,0.0,515.0,0.0,49,0.0,4.0,12.0
wachami01,2023,1,SDN,NL,14,4,24,24,0,0,0,403,113,48,15.0,43,124,0.224,3.22,0.0,3.0,3.0,1.0,553.0,0.0,49,0.0,2.0,5.0
wachami01,2024,1,KCA,AL,13,8,29,29,0,0,0,500,154,62,17.0,45,145,0.246,3.35,1.0,3.0,5.0,0.0,685.0,0.0,65,5.0,4.0,17.0
wachami01,2025,1,KCA,AL,10,13,31,31,0,0,0,518,166,74,15.0,45,126,0.252,3.86,0.0,2.0,4.0,0.0,716.0,0.0,74,4.0,4.0,18.0
waddebr01,2020,1,PIT,NL,0,0,2,0,0,0,0,10,2,1,0.0,2,2,0.167,2.7,0.0,0.0,0.0,0.0,14.0,1.0,1,0.0,0.0,0.0
waddebr01,2021,1,MIN,AL,0,1,4,0,0,0,0,12,10,5,2.0,3,1,0.455,11.25,0.0,0.0,0.0,0.0,25.0,2.0,6,0.0,0.0,0.0
waddebr01,2021,2,BAL,AL,0,0,1,0,0,0,0,3,0,0,0.0,1,0,0.0,0.0,0.0,0.0,0.0,0.0,4.0,1.0,0,0.0,0.0,0.0
waddebr01,2021,3,SLN,NL,0,0,4,0,0,0,0,13,4,2,0.0,5,6,0.235,4.15,0.0,1.0,0.0,0.0,22.0,2.0,2,0.0,0.0,0.0
waddebr01,2025,1,NYN,NL,0,0,11,1,0,0,0,94,29,12,4.0,11,22,0.24,3.45,0.0,0.0,1.0,0.0,134.0,4.0,12,0.0,1.0,2.0
wadeko01,2021,1,BAL,AL,0,0,7,0,0,0,0,37,23,16,3.0,5,11,0.39,11.68,1.0,0.0,0.0,0.0,64.0,2.0,16,0.0,0.0,0.0
wadety01,2025,1,SDN,NL,0,0,1,0,0,0,0,3,2,1,0.0,1,0,0.4,9.0,0.0,0.0,0.0,0.0,6.0,1.0,1,0.0,0.0,0.0
wagueja01,2020,1,TOR,AL,0,0,11,0,0,0,0,53,27,16,2.0,9,16,0.346,8.15,0.0,0.0,2.0,0.0,90.0,2.0,20,0.0,1.0,1.0
wagueja01,2024,1,TBA,AL,0,0,4,1,0,0,0,30,13,6,1.0,10,11,0.317,5.4,0.0,1.0,0.0,0.0,51.0,1.0,7,0.0,0.0,1.0
wahlbo01,2020,1,MIL,NL,0,1,3,0,0,0,0,7,4,3,2.0,0,1,0.4,11.57,0.0,0.0,0.0,0.0,11.0,1.0,3,1.0,0.0,0.0
wainwad01,2020,1,SLN,NL,5,3,10,10,2,0,0,197,54,23,9.0,15,54,0.221,3.15,0.0,0.0,2.0,0.0,262.0,0.0,25,0.0,1.0,6.0
wainwad01,2021,1,SLN,NL,17,7,32,32,3,1,0,619,168,70,21.0,50,174,0.22,3.05,3.0,4.0,9.0,1.0,828.0,0.0,72,3.0,1.0,12.0
wainwad01,2022,1,SLN,NL,11,12,32,32,1,0,0,575,192,79,16.0,54,143,0.261,3.71,1.0,5.0,7.0,0.0,803.0,0.0,80,0.0,6.0,15.0
wainwad01,2023,1,SLN,NL,5,11,21,21,0,0,0,303,151,83,20.0,41,55,0.345,7.4,0.0,1.0,1.0,0.0,484.0,0.0,89,2.0,2.0,13.0
waiteco01,2022,1,SFN,NL,0,0,7,0,0,0,0,17,6,2,1.0,4,4,0.286,3.18,0.0,0.0,0.0,0.0,25.0,3.0,2,0.0,0.0,1.0
waiteco01,2023,1,SFN,NL,0,0,3,0,0,0,0,7,6,4,0.0,2,2,0.462,15.43,0.0,0.0,0.0,0.0,15.0,2.0,5,0.0,0.0,0.0
waldema01,2020,1,BOS,AL,0,2,15,0,0,0,1,40,23,14,5.0,9,10,0.371,9.45,0.0,1.0,0.0,0.0,71.0,4.0,18,0.0,0.0,2.0
waldike01,2022,1,OAK,AL,2,2,7,7,0,0,0,104,32,19,5.0,10,33,0.244,4.93,0.0,1.0,4.0,0.0,146.0,0.0,19,0.0,1.0,4.0
waldike01,2023,1,OAK,AL,4,9,35,22,0,0,1,423,149,84,24.0,71,132,0.271,5.36,1.0,7.0,9.0,1.0,639.0,2.0,93,2.0,6.0,13.0
waldrhu01,2024,1,ATL,NL,0,1,2,2,0,0,0,21,9,13,3.0,8,3,0.333,16.71,0.0,0.0,1.0,0.0,36.0,0.0,13,0.0,0.0,2.0
waldrhu01,2025,1,ATL,NL,6,1,10,9,0,0,0,169,45,18,3.0,22,55,0.222,2.88,1.0,0.0,3.0,0.0,229.0,0.0,18,0.0,1.0,6.0
waldrma01,2023,1,SDN,NL,1,3,8,6,0,0,0,124,39,20,9.0,12,31,0.244,4.35,0.0,0.0,0.0,0.0,173.0,0.0,20,0.0,1.0,2.0
waldrma01,2024,1,SDN,NL,7,11,27,26,0,0,0,440,145,80,21.0,40,133,0.255,4.91,0.0,5.0,11.0,1.0,625.0,0.0,84,2.0,3.0,10.0
waldrma01,2025,1,SDN,NL,0,1,1,1,0,0,0,14,6,4,1.0,6,3,0.316,7.71,0.0,3.0,0.0,0.0,25.0,0.0,4,0.0,0.0,0.0
walkejo03,2023,1,NYN,NL,0,1,14,0,0,0,0,30,12,9,2.0,6,12,0.286,8.1,0.0,1.0,0.0,1.0,48.0,2.0,11,0.0,0.0,1.0
walkejo03,2024,1,NYN,NL,0,0,10,0,0,0,0,37,13,7,1.0,6,11,0.277,5.11,0.0,2.0,0.0,1.0,55.0,5.0,7,0.0,2.0,1.0
walkejo03,2025,1,TOR,AL,0,0,3,0,0,0,0,15,8,4,0.0,2,8,0.364,7.2,0.0,0.0,1.0,0.0,25.0,1.0,4,0.0,0.0,1.0
walkene01,2020,1,PHI,NL,0,0,1,0,0,0,0,2,0,0,0.0,1,0,0.0,0.0,0.0,0.0,0.0,0.0,3.0,1.0,0,0.0,0.0,0.0
walkery01,2023,1,SFN,NL,5,3,49,13,0,0,1,184,61,22,8.0,24,78,0.262,3.23,0.0,3.0,2.0,0.0,263.0,6.0,25,2.0,2.0,3.0
walkery01,2024,1,SFN,NL,10,4,76,1,0,0,10,240,50,17,5.0,18,99,0.179,1.91,1.0,2.0,9.0,0.0,308.0,22.0,19,1.0,1.0,7.0
walkery01,2025,1,SFN,NL,5,7,68,0,0,0,17,184,60,28,4.0,18,60,0.254,4.11,2.0,1.0,8.0,2.0,266.0,36.0,32,2.0,2.0,3.0
walketa01,2020,1,SEA,AL,2,2,5,5,0,0,0,81,21,12,5.0,8,25,0.21,4.0,0.0,0.0,3.0,0.0,112.0,0.0,13,0.0,1.0,2.0
walketa01,2020,2,TOR,AL,2,1,6,6,0,0,0,79,22,4,3.0,11,25,0.218,1.37,0.0,1.0,1.0,0.0,113.0,0.0,10,0.0,0.0,1.0
walketa01,2021,1,NYN,NL,7,11,30,29,0,0,0,477,133,79,26.0,55,146,0.225,4.47,0.0,5.0,4.0,0.0,654.0,0.0,84,2.0,3.0,14.0
walketa01,2022,1,NYN,NL,12,5,29,29,0,0,0,472,143,61,15.0,45,132,0.24,3.49,1.0,0.0,6.0,0.0,649.0,0.0,63,0.0,2.0,13.0
walketa01,2023,1,PHI,NL,15,6,31,31,0,0,0,518,155,84,20.0,71,138,0.238,4.38,1.0,3.0,8.0,1.0,733.0,0.0,87,1.0,3.0,8.0
walketa01,2024,1,PHI,NL,3,7,19,15,0,0,0,251,107,66,24.0,37,58,0.317,7.1,0.0,0.0,3.0,0.0,381.0,1.0,68,0.0,3.0,10.0
walketa01,2025,1,PHI,NL,5,8,34,21,0,0,1,371,132,56,21.0,42,86,0.27,4.08,0.0,1.0,4.0,0.0,538.0,4.0,62,1.0,2.0,7.0
wallnma01,2024,1,MIN,AL,0,0,1,0,0,0,0,4,2,0,0.0,0,0,0.333,0.0,0.0,0.0,0.0,0.0,6.0,1.0,0,0.0,0.0,0.0
walshja02,2022,1,SLN,NL,0,1,3,0,0,0,0,8,3,4,0.0,2,5,0.25,13.5,0.0,0.0,1.0,0.0,15.0,1.0,4,0.0,0.0,0.0
walstbl01,2024,1,ARI,NL,1,0,7,2,0,0,0,55,16,9,4.0,10,18,0.229,4.42,0.0,0.0,3.0,0.0,83.0,3.0,12,0.0,0.0,2.0
waltean01,2024,1,CLE,AL,1,0,9,1,0,0,0,26,1,0,0.0,5,6,0.038,0.0,0.0,1.0,0.0,0.0,32.0,3.0,1,0.0,1.0,0.0
waltean01,2025,1,CLE,AL,0,0,2,0,0,0,0,4,2,2,1.0,0,2,0.333,13.5,0.0,0.0,0.0,0.0,6.0,0.0,2,0.0,0.0,0.0
waltebr01,2023,1,BOS,AL,0,0,9,0,0,0,1,69,32,16,3.0,7,16,0.327,6.26,0.0,1.0,1.0,0.0,106.0,4.0,17,0.0,0.0,1.0
waltebr01,2025,1,HOU,AL,1,3,9,9,0,0,0,161,46,20,10.0,4,52,0.225,3.35,0.0,0.0,3.0,0.0,212.0,0.0,20,1.0,0.0,1.0
waltena01,2022,1,LAA,AL,0,0,1,0,0,0,0,1,1,0,0.0,1,0,0.5,0.0,0.0,0.0,0.0,0.0,3.0,0.0,0,0.0,0.0,0.0
waltodo01,2022,2,SFN,NL,0,0,1,0,0,0,0,3,3,3,1.0,1,0,0.5,27.0,0.0,1.0,0.0,0.0,7.0,1.0,3,0.0,0.0,0.0
waltodo01,2024,1,SFN,NL,0,0,1,0,0,0,0,3,2,0,0.0,0,0,0.4,0.0,0.0,0.0,0.0,0.0,5.0,1.0,0,0.0,0.0,0.0
wantzan01,2021,1,LAA,AL,1,0,21,0,0,0,0,82,23,15,5.0,11,38,0.219,4.94,1.0,1.0,3.0,0.0,120.0,3.0,17,0.0,0.0,0.0
wantzan01,2022,1,LAA,AL,2,1,42,1,0,0,0,151,37,18,8.0,21,52,0.206,3.22,0.0,2.0,2.0,1.0,204.0,7.0,19,0.0,1.0,5.0
wantzan01,2023,1,LAA,AL,2,0,27,3,0,0,0,118,28,17,4.0,15,33,0.197,3.89,1.0,0.0,1.0,0.0,160.0,5.0,18,0.0,2.0,3.0
wantzan01,2024,1,LAA,AL,0,0,1,0,0,0,0,4,1,1,1.0,1,3,0.2,6.75,0.0,0.0,0.0,0.0,6.0,0.0,1,0.0,0.0,0.0
wardth01,2023,1,WAS,NL,0,0,26,0,0,0,0,106,29,25,7.0,28,30,0.225,6.37,1.0,1.0,2.0,0.0,160.0,11.0,26,0.0,1.0,3.0
warrear01,2021,1,CIN,NL,3,0,26,0,0,0,0,63,11,3,1.0,8,34,0.153,1.29,1.0,0.0,1.0,0.0,82.0,6.0,3,1.0,0.0,0.0
warrear01,2022,1,CIN,NL,2,3,39,0,0,0,3,108,37,26,6.0,22,40,0.264,6.5,1.0,0.0,2.0,0.0,165.0,15.0,29,0.0,1.0,4.0
warreau01,2021,1,LAA,AL,3,0,16,0,0,0,1,61,16,4,0.0,5,20,0.205,1.77,0.0,0.0,1.0,0.0,84.0,1.0,5,0.0,0.0,0.0
warreau01,2022,1,LAA,AL,2,0,14,0,0,0,0,48,19,10,3.0,5,9,0.306,5.63,2.0,1.0,0.0,1.0,70.0,2.0,10,1.0,2.0,1.0
warreau01,2023,1,LAA,AL,1,0,2,0,0,0,0,5,2,1,1.0,0,2,0.333,5.4,0.0,0.0,0.0,0.0,6.0,1.0,1,0.0,0.0,0.0
warreau01,2024,1,SFN,NL,0,0,6,0,0,0,0,32,9,2,1.0,5,7,0.243,1.69,0.0,0.0,0.0,0.0,42.0,3.0,2,0.0,0.0,2.0
warreau01,2025,1,NYN,NL,1,0,5,0,0,0,0,28,5,1,1.0,4,9,0.167,0.96,0.0,0.0,0.0,0.0,34.0,1.0,1,0.0,0.0,2.0
warrewi01,2024,1,NYA,AL,0,3,6,5,0,0,0,68,33,26,5.0,10,29,0.337,10.32,0.0,0.0,1.0,2.0,110.0,1.0,27,0.0,1.0,0.0
warrewi01,2025,1,NYA,AL,9,8,33,33,0,0,0,487,158,80,22.0,65,171,0.25,4.44,0.0,2.0,4.0,1.0,711.0,0.0,90,1.0,9.0,6.0
watkisp01,2021,1,BAL,AL,2,7,16,10,0,0,0,164,74,49,14.0,19,35,0.322,8.07,0.0,4.0,2.0,0.0,255.0,4.0,50,1.0,3.0,1.0
watkisp01,2022,1,BAL,AL,5,6,23,20,0,0,0,316,119,55,11.0,30,63,0.281,4.7,0.0,3.0,4.0,1.0,459.0,1.0,59,0.0,2.0,3.0
watkisp01,2023,1,OAK,AL,0,1,1,1,0,0,0,13,7,5,2.0,2,4,0.368,10.38,0.0,0.0,0.0,0.0,21.0,0.0,5,0.0,0.0,0.0
watsoto01,2020,1,SFN,NL,1,0,21,0,0,0,2,54,13,5,3.0,3,15,0.191,2.5,0.0,0.0,1.0,0.0,73.0,4.0,8,0.0,1.0,1.0
watsoto01,2021,1,LAA,AL,3,3,36,0,0,0,0,99,25,17,3.0,14,25,0.207,4.64,1.0,0.0,0.0,0.0,135.0,4.0,18,0.0,0.0,4.0
watsoto01,2021,2,SFN,NL,4,1,26,0,0,0,0,73,15,8,1.0,4,19,0.174,2.96,0.0,0.0,0.0,0.0,90.0,0.0,8,0.0,0.0,2.0
weathry01,2021,1,SDN,NL,4,7,30,18,0,0,1,284,101,56,20.0,30,72,0.279,5.32,1.0,2.0,3.0,1.0,401.0,1.0,57,5.0,1.0,11.0
weathry01,2022,1,SDN,NL,0,0,1,1,0,0,0,11,6,4,0.0,4,3,0.353,9.82,0.0,0.0,0.0,0.0,21.0,0.0,4,0.0,0.0,0.0
weathry01,2023,1,SDN,NL,1,6,12,10,0,0,0,134,55,31,9.0,17,29,0.313,6.25,0.0,1.0,1.0,0.0,196.0,0.0,33,0.0,2.0,6.0
weathry01,2023,2,MIA,NL,0,2,3,2,0,0,0,39,13,11,3.0,12,14,0.277,7.62,0.0,0.0,0.0,0.0,61.0,0.0,11,1.0,1.0,0.0
weathry01,2024,1,MIA,NL,5,6,16,16,0,0,0,260,78,35,11.0,24,80,0.236,3.63,1.0,2.0,9.0,1.0,367.0,0.0,39,1.0,2.0,5.0
weathry01,2025,1,MIA,NL,2,2,8,8,0,0,0,115,37,17,7.0,12,37,0.245,3.99,0.0,1.0,1.0,0.0,166.0,0.0,20,1.0,1.0,2.0
weavelu01,2020,1,ARI,NL,1,9,12,12,0,0,0,156,63,38,10.0,18,55,0.292,6.58,0.0,0.0,1.0,0.0,236.0,0.0,39,0.0,1.0,1.0
weavelu01,2021,1,ARI,NL,3,6,13,13,0,0,0,197,58,31,11.0,20,62,0.233,4.25,3.0,0.0,1.0,0.0,275.0,0.0,34,3.0,1.0,4.0
weavelu01,2022,1,ARI,NL,1,1,12,1,0,0,0,49,24,14,1.0,5,19,0.329,7.71,0.0,0.0,1.0,0.0,79.0,4.0,14,0.0,0.0,0.0
weavelu01,2022,2,KCA,AL,0,0,14,0,0,0,0,58,28,12,0.0,8,19,0.341,5.59,0.0,2.0,2.0,0.0,95.0,11.0,15,0.0,3.0,2.0
weavelu01,2023,1,CIN,NL,2,4,21,21,0,0,0,291,125,74,24.0,34,85,0.306,6.87,0.0,3.0,3.0,0.0,448.0,0.0,76,0.0,3.0,4.0
weavelu01,2023,2,SEA,AL,0,1,5,1,0,0,0,40,16,9,2.0,3,8,0.296,6.08,0.0,0.0,1.0,0.0,58.0,1.0,9,0.0,0.0,1.0
weavelu01,2023,3,NYA,AL,1,1,3,3,0,0,0,40,14,5,3.0,3,16,0.264,3.38,0.0,0.0,0.0,0.0,57.0,0.0,5,0.0,1.0,1.0
weavelu01,2024,1,NYA,AL,7,3,62,0,0,0,4,252,52,27,10.0,26,103,0.176,2.89,0.0,1.0,4.0,0.0,331.0,12.0,28,1.0,4.0,3.0
weavelu01,2025,1,NYA,AL,4,4,64,0,0,0,8,194,46,26,10.0,20,72,0.194,3.62,1.0,1.0,1.0,0.0,262.0,17.0,28,1.0,3.0,0.0
webbja01,2020,1,ATL,NL,0,0,8,0,0,0,0,30,7,0,0.0,5,10,0.2,0.0,1.0,0.0,0.0,0.0,40.0,4.0,2,0.0,0.0,3.0
webbja01,2021,1,ATL,NL,5,4,34,0,0,0,1,103,38,16,4.0,14,33,0.279,4.19,4.0,3.0,1.0,0.0,153.0,15.0,22,1.0,1.0,3.0
webbja01,2023,1,LAA,AL,1,1,29,0,0,0,1,95,23,14,6.0,20,34,0.197,3.98,3.0,1.0,2.0,0.0,140.0,4.0,14,1.0,0.0,1.0
webbja01,2023,2,BAL,AL,0,0,25,0,0,0,0,66,16,8,0.0,10,23,0.203,3.27,0.0,0.0,2.0,0.0,92.0,4.0,8,0.0,1.0,3.0
webbja01,2024,1,BAL,AL,2,5,60,0,0,0,2,170,40,19,4.0,27,58,0.192,3.02,1.0,0.0,1.0,0.0,237.0,8.0,23,0.0,1.0,0.0
webbja01,2025,1,TEX,AL,5,4,55,0,0,0,1,198,49,22,10.0,19,58,0.202,3.0,2.0,0.0,2.0,0.0,267.0,9.0,24,2.0,1.0,3.0
webblo01,2020,1,SFN,NL,3,4,13,11,0,0,0,163,61,33,4.0,24,46,0.288,5.47,1.0,3.0,7.0,0.0,246.0,0.0,38,0.0,1.0,8.0
webblo01,2021,1,SFN,NL,11,3,27,26,0,0,0,445,128,50,9.0,36,158,0.234,3.03,0.0,2.0,8.0,0.0,596.0,0.0,53,3.0,3.0,18.0
webblo01,2022,1,SFN,NL,15,9,32,32,0,0,0,577,174,62,11.0,49,163,0.24,2.9,0.0,6.0,7.0,0.0,787.0,0.0,76,2.0,2.0,22.0
webblo01,2023,1,SFN,NL,11,13,33,33,2,1,0,648,201,78,20.0,31,194,0.248,3.25,0.0,1.0,5.0,0.0,850.0,0.0,83,2.0,0.0,30.0
webblo01,2024,1,SFN,NL,13,10,33,33,1,1,0,614,202,79,11.0,50,172,0.258,3.47,3.0,4.0,2.0,1.0,841.0,0.0,83,1.0,5.0,25.0
webblo01,2025,1,SFN,NL,15,11,34,34,0,0,0,621,210,74,14.0,46,224,0.264,3.22,0.0,2.0,6.0,0.0,856.0,0.0,82,4.0,4.0,22.0
webbty01,2020,1,SLN,NL,1,1,21,0,0,0,1,65,17,5,2.0,7,19,0.218,2.08,0.0,1.0,0.0,0.0,87.0,5.0,5,1.0,1.0,3.0
webbty01,2021,1,SLN,NL,0,0,22,0,0,0,0,49,22,24,1.0,19,14,0.31,13.22,1.0,1.0,0.0,0.0,92.0,4.0,26,1.0,1.0,0.0
weberry01,2020,1,BOS,AL,1,3,17,5,0,0,0,129,44,21,8.0,14,27,0.265,4.4,0.0,1.0,3.0,0.0,185.0,3.0,23,1.0,1.0,6.0
weberry01,2021,1,BOS,AL,0,0,1,0,0,0,0,17,13,11,4.0,2,7,0.481,17.47,0.0,0.0,0.0,0.0,30.0,0.0,11,0.0,1.0,2.0
weberry01,2021,2,MIL,NL,0,0,1,0,0,0,0,3,1,0,0.0,0,0,0.333,0.0,0.0,0.0,0.0,0.0,3.0,1.0,0,0.0,0.0,1.0
weberry01,2021,3,SEA,AL,0,0,2,0,0,0,0,9,1,2,1.0,2,1,0.111,6.0,0.0,0.0,1.0,0.0,12.0,2.0,2,0.0,0.0,1.0
weberry01,2022,1,NYA,AL,0,0,5,0,0,0,1,32,6,1,1.0,1,3,0.167,0.84,0.0,0.0,0.0,0.0,37.0,4.0,1,0.0,0.0,0.0
weberry01,2023,1,NYA,AL,1,0,8,0,0,0,1,43,17,5,2.0,1,7,0.298,3.14,0.0,0.0,1.0,0.0,60.0,4.0,5,0.0,1.0,2.0
weemsjo01,2020,1,OAK,AL,0,0,9,0,0,0,0,42,10,5,1.0,7,18,0.2,3.21,0.0,2.0,0.0,0.0,58.0,4.0,5,0.0,1.0,1.0
weemsjo01,2021,1,OAK,AL,0,0,5,0,0,0,0,13,2,3,1.0,3,4,0.133,6.23,0.0,0.0,0.0,0.0,18.0,3.0,3,0.0,0.0,0.0
weemsjo01,2021,2,ARI,NL,0,1,2,0,0,0,0,4,4,7,1.0,3,3,0.5,47.25,1.0,1.0,1.0,0.0,12.0,0.0,7,0.0,0.0,0.0
weemsjo01,2022,1,WAS,NL,0,1,32,0,0,0,0,119,35,23,7.0,12,41,0.23,5.22,1.0,4.0,0.0,1.0,166.0,3.0,24,1.0,1.0,2.0
weemsjo01,2023,1,WAS,NL,5,1,51,0,0,0,0,164,38,22,9.0,28,60,0.194,3.62,5.0,0.0,3.0,0.0,232.0,7.0,25,2.0,3.0,3.0
weemsjo01,2024,1,WAS,NL,1,1,41,0,0,0,0,125,49,31,7.0,24,35,0.288,6.7,0.0,1.0,2.0,0.0,196.0,10.0,35,0.0,0.0,3.0
weemsjo01,2025,1,HOU,AL,0,1,4,0,0,0,0,13,9,7,0.0,3,0,0.45,14.54,0.0,0.0,0.0,0.0,23.0,2.0,7,0.0,0.0,0.0
weigepa01,2020,1,ATL,NL,0,0,1,0,0,0,0,2,2,2,0.0,3,0,0.667,27.0,0.0,1.0,0.0,0.0,7.0,0.0,2,0.0,1.0,0.0
weigepa01,2021,1,MIL,NL,0,0,3,0,0,0,0,12,4,2,1.0,4,9,0.25,4.5,0.0,1.0,1.0,0.0,21.0,1.0,2,0.0,0.0,0.0
weissgr01,2022,1,NYA,AL,3,0,12,0,0,0,0,34,6,7,1.0,5,11,0.146,5.56,0.0,0.0,2.0,1.0,48.0,2.0,7,0.0,0.0,0.0
weissgr01,2023,1,NYA,AL,0,0,17,0,0,0,0,60,21,9,3.0,8,22,0.273,4.05,0.0,1.0,1.0,1.0,87.0,6.0,9,1.0,0.0,1.0
weissgr01,2024,1,BOS,AL,4,2,62,0,0,0,1,190,65,22,7.0,20,58,0.274,3.13,4.0,2.0,0.0,0.0,263.0,16.0,32,1.0,5.0,6.0
weissgr01,2025,1,BOS,AL,6,6,72,0,0,0,4,201,57,21,6.0,21,57,0.227,2.82,1.0,1.0,3.0,0.0,278.0,11.0,27,1.0,2.0,4.0
weissza01,2022,1,LAA,AL,0,1,12,0,0,0,0,40,7,5,2.0,7,18,0.152,3.38,2.0,2.0,1.0,0.0,56.0,6.0,6,1.0,1.0,0.0
weissza01,2023,1,LAA,AL,1,0,6,0,0,0,0,16,6,3,2.0,2,7,0.273,5.06,0.0,0.0,1.0,0.0,25.0,0.0,3,0.0,0.0,0.0
weissza01,2023,2,BOS,AL,0,0,6,0,0,0,0,26,3,2,2.0,4,8,0.107,2.08,0.0,0.0,0.0,0.0,33.0,1.0,3,0.0,1.0,0.0
wellsal01,2021,1,BAL,AL,2,3,11,8,0,0,0,128,53,32,10.0,16,26,0.299,6.75,0.0,0.0,3.0,0.0,197.0,2.0,32,0.0,1.0,2.0
wellsal01,2022,1,BAL,AL,0,0,2,0,0,0,0,11,5,2,2.0,0,6,0.313,4.91,0.0,0.0,0.0,0.0,16.0,2.0,2,0.0,0.0,0.0
wellsty01,2021,1,BAL,AL,2,3,44,0,0,0,4,171,40,26,9.0,12,65,0.192,4.11,0.0,1.0,1.0,1.0,224.0,18.0,27,1.0,2.0,2.0
wellsty01,2022,1,BAL,AL,7,7,23,23,0,0,0,311,90,49,16.0,28,76,0.231,4.25,0.0,0.0,2.0,0.0,423.0,0.0,49,2.0,2.0,3.0
wellsty01,2023,1,BAL,AL,7,6,25,20,0,0,1,356,83,48,25.0,34,117,0.193,3.64,0.0,3.0,4.0,2.0,470.0,2.0,50,0.0,3.0,7.0
wellsty01,2024,1,BAL,AL,0,2,3,3,0,0,0,46,18,10,3.0,3,13,0.281,5.87,0.0,0.0,0.0,0.0,67.0,0.0,11,0.0,0.0,0.0
wellsty01,2025,1,BAL,AL,2,1,4,4,0,0,0,65,17,7,4.0,2,18,0.213,2.91,0.0,0.0,0.0,0.0,82.0,0.0,7,0.0,0.0,2.0
wendejb01,2020,1,OAK,AL,1,1,21,0,0,0,0,75,17,5,2.0,11,31,0.183,1.8,0.0,2.0,0.0,0.0,106.0,6.0,8,0.0,1.0,4.0
wendejb01,2021,1,OAK,AL,2,1,26,0,0,0,0,75,29,12,2.0,13,26,0.279,4.32,2.0,4.0,0.0,0.0,117.0,6.0,15,0.0,0.0,2.0
wendejb01,2021,2,ARI,NL,2,2,20,0,0,0,2,56,15,9,2.0,9,13,0.221,4.34,1.0,0.0,0.0,0.0,77.0,9.0,9,0.0,0.0,1.0
wendejb01,2022,1,ARI,NL,2,1,29,0,0,0,0,87,25,17,4.0,14,21,0.234,5.28,0.0,1.0,1.0,0.0,122.0,6.0,18,0.0,0.0,4.0
wentzjo01,2022,1,DET,AL,2,2,7,7,0,0,0,98,23,11,2.0,13,27,0.195,3.03,0.0,2.0,1.0,0.0,135.0,0.0,13,0.0,3.0,0.0
wentzjo01,2023,1,DET,AL,3,13,25,19,0,0,0,317,131,81,25.0,47,98,0.295,6.9,0.0,2.0,0.0,2.0,492.0,0.0,87,0.0,1.0,5.0
wentzjo01,2024,1,DET,AL,0,2,38,0,0,0,1,166,60,33,8.0,27,60,0.273,5.37,1.0,3.0,3.0,2.0,254.0,16.0,35,1.0,3.0,2.0
wentzjo01,2024,2,PIT,NL,1,0,8,0,0,0,0,36,6,2,0.0,6,13,0.143,1.5,0.0,0.0,1.0,0.0,50.0,0.0,2,0.0,1.0,0.0
wentzjo01,2025,1,PIT,NL,2,1,19,0,0,0,0,78,25,12,2.0,11,22,0.245,4.15,2.0,0.0,1.0,0.0,115.0,7.0,14,0.0,1.0,2.0
wentzjo01,2025,2,MIN,AL,0,0,6,0,0,0,0,24,17,14,3.0,9,6,0.436,15.75,0.0,2.0,0.0,0.0,49.0,2.0,14,0.0,1.0,1.0
wentzjo01,2025,3,ATL,NL,3,6,14,13,0,0,0,192,68,35,6.0,23,64,0.27,4.92,1.0,3.0,0.0,0.0,278.0,0.0,38,0.0,3.0,5.0
wesneha01,2022,1,CHN,NL,3,2,6,4,0,0,0,99,24,8,3.0,7,33,0.198,2.18,0.0,0.0,3.0,0.0,132.0,1.0,9,0.0,1.0,0.0
wesneha01,2023,1,CHN,NL,3,5,34,11,0,0,0,268,82,46,20.0,32,83,0.242,4.63,1.0,2.0,3.0,0.0,379.0,6.0,50,2.0,2.0,8.0
wesneha01,2024,1,CHN,NL,3,6,28,7,0,0,0,203,56,29,12.0,21,67,0.215,3.86,0.0,1.0,2.0,1.0,283.0,2.0,37,0.0,0.0,3.0
wesneha01,2025,1,HOU,AL,1,3,6,6,0,0,0,96,29,16,7.0,6,29,0.24,4.5,0.0,0.0,1.0,0.0,131.0,0.0,16,2.0,1.0,0.0
wheelza01,2020,1,PHI,NL,4,2,11,11,0,0,0,213,67,23,3.0,16,53,0.254,2.92,2.0,0.0,7.0,0.0,288.0,0.0,26,1.0,0.0,13.0
wheelza01,2021,1,PHI,NL,14,10,32,32,3,2,0,640,169,66,16.0,46,247,0.215,2.78,1.0,6.0,8.0,0.0,849.0,0.0,72,7.0,3.0,10.0
wheelza01,2022,1,PHI,NL,12,7,26,26,0,0,0,459,125,48,13.0,34,163,0.221,2.82,1.0,1.0,7.0,1.0,607.0,0.0,52,0.0,1.0,10.0
wheelza01,2023,1,PHI,NL,13,6,32,32,0,0,0,576,168,77,20.0,39,212,0.229,3.61,0.0,1.0,9.0,0.0,787.0,0.0,82,0.0,5.0,6.0
wheelza01,2024,1,PHI,NL,16,7,32,32,0,0,0,600,139,57,20.0,52,224,0.192,2.57,0.0,8.0,8.0,0.0,787.0,0.0,62,1.0,3.0,13.0
wheelza01,2025,1,PHI,NL,10,5,24,24,1,0,0,449,107,45,19.0,33,195,0.197,2.71,0.0,2.0,8.0,0.0,585.0,0.0,48,0.0,2.0,8.0
whiseca01,2025,1,SFN,NL,2,1,5,5,0,0,0,70,22,13,6.0,12,16,0.25,5.01,0.0,2.0,2.0,0.0,102.0,0.0,14,0.0,0.0,3.0
whitebr01,2023,1,DET,AL,2,3,33,2,0,0,0,122,40,23,4.0,15,44,0.258,5.09,0.0,1.0,5.0,0.0,177.0,9.0,25,1.0,1.0,3.0
whitemi03,2020,1,LAN,NL,1,0,2,0,0,0,0,9,1,0,0.0,1,2,0.1,0.0,0.0,0.0,0.0,0.0,11.0,2.0,0,0.0,0.0,0.0
whitemi03,2021,1,LAN,NL,1,3,21,4,0,0,0,140,38,19,6.0,17,49,0.215,3.66,1.0,3.0,0.0,0.0,197.0,6.0,28,1.0,2.0,1.0
whitemi03,2022,1,LAN,NL,1,2,15,10,0,0,0,168,51,23,6.0,19,47,0.237,3.7,0.0,4.0,2.0,0.0,237.0,1.0,25,0.0,1.0,3.0
whitemi03,2022,2,TOR,AL,0,5,10,8,0,0,0,129,59,37,3.0,16,31,0.321,7.74,0.0,1.0,1.0,0.0,203.0,1.0,37,0.0,2.0,1.0
whitemi03,2023,1,TOR,AL,0,1,10,0,0,0,0,38,15,10,2.0,7,13,0.294,7.11,0.0,1.0,0.0,0.0,60.0,6.0,11,0.0,2.0,1.0
whitemi03,2024,1,TOR,AL,1,0,4,0,0,0,0,30,10,6,1.0,4,6,0.27,5.4,0.0,0.0,0.0,0.0,42.0,2.0,6,0.0,1.0,2.0
whitemi03,2024,2,SFN,NL,0,0,3,0,0,0,0,16,8,7,1.0,5,1,0.333,11.81,0.0,1.0,0.0,0.0,29.0,2.0,7,0.0,0.0,0.0
whitemi03,2024,3,MIL,NL,0,1,6,0,0,0,0,25,8,6,2.0,4,6,0.258,6.48,2.0,0.0,1.0,0.0,39.0,5.0,8,2.0,1.0,0.0
whiteow01,2023,1,TEX,AL,0,1,2,0,0,0,0,12,5,5,2.0,2,4,0.313,11.25,0.0,0.0,0.0,0.0,19.0,1.0,5,1.0,0.0,0.0
whiteow01,2024,1,TEX,AL,0,0,3,0,0,0,0,9,9,8,1.0,1,0,0.529,24.0,0.0,0.0,0.0,0.0,18.0,2.0,8,0.0,0.0,1.0
whiteow01,2025,1,CHA,AL,0,0,3,0,0,0,0,21,14,7,1.0,3,6,0.438,9.0,0.0,0.0,0.0,0.0,35.0,1.0,7,0.0,0.0,1.0
whitlfo01,2024,1,HOU,AL,0,0,3,0,0,0,0,10,5,0,0.0,3,5,0.313,0.0,0.0,0.0,1.0,0.0,20.0,2.0,2,0.0,0.0,0.0
whitlfo01,2025,1,HOU,AL,0,0,5,0,0,0,0,22,9,10,2.0,6,8,0.281,12.27,0.0,1.0,1.0,0.0,39.0,3.0,10,0.0,0.0,0.0
whitlfo01,2025,2,TBA,AL,0,0,5,0,0,0,0,14,10,8,1.0,2,4,0.417,15.43,0.0,0.0,0.0,0.0,27.0,1.0,10,0.0,1.0,0.0
whitlga01,2021,1,BOS,AL,8,4,46,0,0,0,2,220,64,16,6.0,17,81,0.233,1.96,2.0,3.0,3.0,1.0,298.0,11.0,22,0.0,3.0,4.0
whitlga01,2022,1,BOS,AL,4,2,31,9,0,0,6,235,65,30,10.0,15,82,0.222,3.45,0.0,2.0,1.0,0.0,311.0,10.0,32,0.0,2.0,5.0
whitlga01,2023,1,BOS,AL,5,5,22,10,0,0,1,215,82,41,13.0,13,72,0.288,5.15,0.0,2.0,3.0,0.0,304.0,3.0,43,1.0,2.0,5.0
whitlga01,2024,1,BOS,AL,1,0,4,4,0,0,0,55,14,4,1.0,7,17,0.212,1.96,0.0,0.0,1.0,0.0,75.0,0.0,4,1.0,0.0,1.0
whitlga01,2025,1,BOS,AL,7,3,62,0,0,0,1,216,54,18,2.0,24,91,0.206,2.25,2.0,3.0,5.0,0.0,293.0,9.0,21,0.0,2.0,2.0
whitlko01,2020,1,SLN,NL,0,0,4,0,0,0,0,14,2,1,1.0,1,5,0.125,1.93,0.0,0.0,0.0,0.0,17.0,1.0,1,0.0,0.0,0.0
whitlko01,2021,1,SLN,NL,0,0,25,0,0,0,0,76,15,7,1.0,12,27,0.172,2.49,0.0,1.0,0.0,1.0,101.0,6.0,8,0.0,2.0,2.0
whitlko01,2022,1,SLN,NL,2,0,14,0,0,0,0,38,11,8,2.0,9,12,0.234,5.68,0.0,0.0,2.0,0.0,59.0,5.0,8,0.0,1.0,1.0
wickro01,2020,1,CHN,NL,0,1,19,0,0,0,4,52,18,6,1.0,6,20,0.265,3.12,1.0,0.0,0.0,0.0,74.0,6.0,6,0.0,0.0,1.0
wickro01,2021,1,CHN,NL,0,1,22,0,0,0,5,69,17,11,1.0,14,29,0.205,4.3,0.0,1.0,1.0,0.0,100.0,8.0,12,0.0,1.0,2.0
wickro01,2022,1,CHN,NL,4,7,64,0,0,0,9,192,79,30,9.0,29,69,0.305,4.22,2.0,3.0,1.0,0.0,294.0,22.0,37,1.0,4.0,7.0
wicksjo01,2023,1,CHN,NL,4,1,7,7,0,0,0,104,33,17,5.0,11,24,0.252,4.41,0.0,3.0,0.0,0.0,147.0,0.0,17,3.0,2.0,2.0
wicksjo01,2024,1,CHN,NL,2,4,11,10,0,0,0,138,55,28,9.0,20,42,0.291,5.48,0.0,3.0,2.0,0.0,212.0,0.0,31,1.0,0.0,4.0
wicksjo01,2025,1,CHN,NL,0,1,8,0,0,0,1,43,24,10,2.0,1,13,0.369,6.28,0.0,0.0,0.0,0.0,67.0,5.0,12,1.0,0.0,1.0
widenta01,2020,1,ARI,NL,0,1,12,0,0,0,0,60,14,10,5.0,12,22,0.192,4.5,1.0,0.0,3.0,0.0,88.0,4.0,10,0.0,0.0,1.0
widenta01,2021,1,ARI,NL,2,1,23,13,0,0,0,211,65,34,14.0,37,73,0.241,4.35,3.0,1.0,7.0,0.0,319.0,0.0,38,3.0,2.0,3.0
widenta01,2022,1,ARI,NL,0,1,14,0,0,0,0,52,22,7,2.0,5,14,0.297,3.63,1.0,0.0,3.0,0.0,82.0,4.0,8,0.0,0.0,0.0
wieckbr01,2020,1,CHN,NL,0,0,1,0,0,0,0,3,1,2,1.0,1,2,0.25,18.0,0.0,0.0,0.0,0.0,5.0,0.0,2,0.0,0.0,0.0
wieckbr01,2021,1,CHN,NL,0,0,15,0,0,0,0,51,10,0,0.0,10,28,0.164,0.0,0.0,0.0,0.0,0.0,71.0,5.0,0,0.0,0.0,0.0
wilcoco01,2025,1,TBA,AL,0,0,1,0,0,0,0,3,4,3,0.0,3,1,0.444,27.0,0.0,0.0,0.0,0.0,12.0,0.0,7,0.0,0.0,0.0
wilesco01,2022,1,OAK,AL,0,0,4,0,0,0,0,29,11,5,1.0,2,9,0.289,4.66,0.0,0.0,1.0,0.0,41.0,1.0,6,0.0,0.0,2.0
wilesna01,2025,1,ATL,NL,0,0,1,0,0,0,0,3,4,3,0.0,0,1,0.667,27.0,0.0,0.0,0.0,0.0,7.0,1.0,3,0.0,1.0,0.0
wilkest01,2021,1,BAL,AL,0,0,1,0,0,0,0,3,2,1,1.0,0,0,0.4,9.0,0.0,0.0,0.0,0.0,5.0,1.0,1,0.0,0.0,0.0
william01,2023,1,WAS,NL,0,2,18,0,0,0,0,73,35,18,8.0,9,15,0.337,6.66,2.0,0.0,1.0,0.0,116.0,5.0,18,0.0,2.0,1.0
william01,2024,1,WAS,NL,0,0,1,0,0,0,0,3,2,2,1.0,0,1,0.4,18.0,0.0,0.0,0.0,0.0,5.0,1.0,2,0.0,0.0,0.0
willibr02,2023,1,CIN,NL,5,5,23,23,0,0,0,351,111,58,18.0,39,98,0.248,4.46,0.0,4.0,2.0,2.0,491.0,0.0,63,2.0,1.0,14.0
willibr02,2024,1,CIN,NL,0,0,4,3,0,0,0,43,10,6,4.0,5,12,0.196,3.77,0.0,0.0,2.0,0.0,59.0,0.0,7,0.0,1.0,2.0
willide03,2020,1,MIL,NL,4,1,22,0,0,0,0,81,8,1,1.0,9,53,0.09,0.33,0.0,3.0,1.0,0.0,100.0,1.0,4,0.0,0.0,2.0
willide03,2021,1,MIL,NL,8,2,58,0,0,0,3,162,36,15,5.0,28,87,0.186,2.5,0.0,2.0,2.0,1.0,226.0,6.0,17,1.0,1.0,2.0
willide03,2022,1,MIL,NL,6,4,65,0,0,0,15,182,31,13,2.0,30,96,0.151,1.93,1.0,5.0,3.0,0.0,240.0,21.0,17,0.0,2.0,4.0
willide03,2023,1,MIL,NL,8,3,61,0,0,0,36,176,26,10,4.0,28,87,0.129,1.53,1.0,1.0,1.0,0.0,231.0,49.0,13,0.0,0.0,2.0
willide03,2024,1,MIL,NL,1,0,22,0,0,0,14,65,10,3,1.0,11,38,0.133,1.25,1.0,1.0,2.0,0.0,88.0,19.0,3,0.0,0.0,0.0
willide03,2025,1,NYA,AL,4,6,67,0,0,0,18,186,45,33,5.0,25,90,0.197,4.79,1.0,4.0,4.0,0.0,259.0,29.0,37,1.0,1.0,2.0
williga01,2023,1,CLE,AL,3,5,16,16,0,0,0,246,66,30,8.0,37,81,0.219,3.29,1.0,3.0,4.0,0.0,345.0,0.0,32,0.0,2.0,3.0
williga01,2024,1,CLE,AL,3,10,16,16,0,0,0,228,72,41,7.0,32,79,0.246,4.86,0.0,2.0,3.0,0.0,332.0,0.0,42,1.0,3.0,4.0
williga01,2025,1,CLE,AL,12,5,31,31,0,0,0,503,130,57,23.0,83,173,0.211,3.06,0.0,9.0,3.0,1.0,704.0,0.0,62,1.0,2.0,8.0
willilu01,2023,1,LAN,NL,0,0,1,0,0,0,0,3,0,0,0.0,0,0,0.0,0.0,0.0,0.0,0.0,0.0,3.0,1.0,0,0.0,0.0,0.0
willilu01,2024,1,ATL,NL,0,0,3,0,0,0,0,12,5,2,0.0,1,0,0.294,4.5,0.0,0.0,1.0,0.0,19.0,3.0,2,0.0,0.0,0.0
willilu01,2025,1,ATL,NL,0,0,6,0,0,0,0,18,6,2,1.0,1,4,0.25,3.0,0.0,0.0,0.0,0.0,25.0,5.0,2,0.0,0.0,0.0
willita01,2020,1,SEA,AL,1,1,14,0,0,0,6,41,12,9,1.0,7,19,0.231,5.93,1.0,6.0,3.0,1.0,62.0,9.0,9,0.0,0.0,1.0
willita01,2020,2,SDN,NL,0,0,1,0,0,0,0,3,2,1,0.0,0,1,0.4,9.0,0.0,0.0,0.0,0.0,5.0,0.0,1,0.0,0.0,0.0
willita01,2021,1,SDN,NL,0,0,5,0,0,0,0,16,3,1,0.0,3,6,0.167,1.69,0.0,0.0,2.0,0.0,23.0,0.0,1,0.0,0.0,1.0
willita01,2021,2,MIA,NL,0,0,6,0,0,0,0,19,9,5,1.0,5,3,0.346,7.11,0.0,2.0,0.0,0.0,32.0,4.0,6,0.0,1.0,0.0
willitr01,2020,1,PIT,NL,2,8,11,11,0,0,0,166,66,38,15.0,21,49,0.296,6.18,0.0,1.0,4.0,0.0,252.0,0.0,42,1.0,3.0,2.0
willitr01,2021,1,CHN,NL,4,2,13,12,0,0,0,176,68,33,10.0,22,61,0.286,5.06,0.0,0.0,2.0,0.0,264.0,0.0,37,0.0,1.0,6.0
willitr01,2021,2,NYN,NL,0,0,10,3,0,0,0,97,37,11,1.0,9,29,0.289,3.06,0.0,0.0,1.0,0.0,141.0,3.0,14,3.0,0.0,5.0
willitr01,2022,1,NYN,NL,3,5,30,9,0,0,1,269,87,32,12.0,23,84,0.253,3.21,1.0,1.0,4.0,0.0,372.0,5.0,34,1.0,0.0,8.0
willitr01,2023,1,WAS,NL,6,10,30,30,0,0,0,433,178,89,34.0,53,111,0.3,5.55,1.0,0.0,5.0,2.0,659.0,0.0,97,1.0,7.0,8.0
willitr01,2024,1,WAS,NL,6,1,13,13,0,0,0,200,51,15,3.0,18,59,0.214,2.03,0.0,0.0,0.0,1.0,260.0,0.0,17,0.0,4.0,5.0
willitr01,2025,1,WAS,NL,3,10,17,17,0,0,0,248,106,57,11.0,21,65,0.31,6.21,0.0,1.0,2.0,0.0,373.0,0.0,59,1.0,7.0,2.0
wilsobr02,2020,1,ATL,NL,1,0,6,2,0,0,1,47,18,7,2.0,9,15,0.286,4.02,0.0,0.0,1.0,0.0,73.0,2.0,7,0.0,0.0,2.0
wilsobr02,2021,1,ATL,NL,2,3,8,8,0,0,0,101,45,22,7.0,12,23,0.328,5.88,2.0,1.0,1.0,1.0,153.0,0.0,23,1.0,2.0,3.0
wilsobr02,2021,2,PIT,NL,1,4,8,8,0,0,0,121,40,22,8.0,10,23,0.256,4.91,1.0,1.0,0.0,0.0,169.0,0.0,22,1.0,2.0,2.0
wilsobr02,2022,1,PIT,NL,3,9,25,20,0,0,0,347,132,71,20.0,32,79,0.287,5.52,1.0,2.0,9.0,0.0,509.0,0.0,80,1.0,6.0,14.0
wilsobr02,2023,1,MIL,NL,6,0,53,0,0,0,3,230,60,22,9.0,22,61,0.211,2.58,0.0,6.0,2.0,0.0,314.0,18.0,26,4.0,2.0,3.0
wilsobr02,2024,1,MIL,NL,5,4,34,9,0,0,0,314,102,47,20.0,31,82,0.252,4.04,0.0,3.0,4.0,1.0,442.0,7.0,49,1.0,1.0,6.0
wilsobr02,2025,1,CHA,AL,0,2,20,5,0,0,0,142,67,35,11.0,19,28,0.333,6.65,0.0,0.0,2.0,0.0,224.0,8.0,37,0.0,2.0,4.0
wilsoju10,2020,1,NYN,NL,2,1,23,0,0,0,0,59,18,8,1.0,9,23,0.24,3.66,1.0,3.0,1.0,0.0,86.0,2.0,10,1.0,0.0,2.0
wilsoju10,2021,1,NYA,AL,1,1,21,0,0,0,0,54,18,15,5.0,9,15,0.25,7.5,0.0,1.0,1.0,0.0,83.0,7.0,17,0.0,0.0,0.0
wilsoju10,2021,2,CIN,NL,0,0,21,0,0,0,0,48,14,5,1.0,7,14,0.237,2.81,0.0,1.0,0.0,0.0,66.0,6.0,5,0.0,0.0,3.0
wilsoju10,2022,1,CIN,NL,0,1,5,0,0,0,0,11,3,1,0.0,0,7,0.231,2.45,0.0,0.0,0.0,0.0,13.0,0.0,1,0.0,0.0,1.0
wilsoju10,2024,1,CIN,NL,1,5,60,0,0,0,2,140,55,29,10.0,13,51,0.286,5.59,1.0,3.0,2.0,0.0,209.0,15.0,30,0.0,2.0,1.0
wilsoju10,2025,1,BOS,AL,4,1,61,0,0,0,0,145,48,18,3.0,20,57,0.262,3.35,3.0,3.0,2.0,0.0,207.0,3.0,22,1.0,1.0,5.0
wilsost02,2022,1,SDN,NL,4,2,50,1,0,0,1,159,36,18,7.0,20,53,0.191,3.06,0.0,4.0,3.0,0.0,214.0,8.0,20,1.0,2.0,2.0
wilsost02,2023,1,SDN,NL,1,2,52,0,0,0,0,159,35,23,7.0,27,57,0.185,3.91,1.0,0.0,3.0,0.0,219.0,4.0,23,0.0,0.0,3.0
wilsost02,2024,1,CHA,AL,1,6,40,0,0,0,0,104,29,22,8.0,26,34,0.227,5.71,6.0,1.0,3.0,1.0,163.0,12.0,29,3.0,3.0,0.0
wilsost02,2025,1,CHA,AL,2,2,59,0,0,0,2,166,50,21,7.0,22,51,0.239,3.42,2.0,2.0,3.0,0.0,241.0,23.0,21,0.0,7.0,2.0
wilsowe01,2024,1,PHI,NL,0,0,1,0,0,0,0,3,1,0,0.0,0,0,0.25,0.0,0.0,0.0,0.0,0.0,4.0,1.0,0,0.0,0.0,0.0
wilsowe01,2025,1,PHI,NL,0,0,2,0,0,0,0,9,3,0,0.0,0,0,0.25,0.0,0.0,0.0,0.0,0.0,12.0,2.0,0,0.0,0.0,0.0
wilsowi03,2025,1,CLE,AL,0,0,1,0,0,0,0,6,2,2,1.0,0,0,0.25,9.0,0.0,0.0,0.0,0.0,8.0,1.0,2,0.0,0.0,0.0
winanal01,2023,1,ATL,NL,1,2,6,6,0,0,0,97,37,19,5.0,8,34,0.287,5.29,1.0,0.0,2.0,0.0,141.0,0.0,19,0.0,2.0,1.0
winanal01,2024,1,ATL,NL,0,2,2,2,0,0,0,23,14,13,3.0,4,4,0.378,15.26,0.0,0.0,0.0,0.0,41.0,0.0,14,0.0,0.0,1.0
winanal01,2025,1,NYA,AL,0,1,3,1,0,0,0,28,13,9,2.0,3,6,0.333,8.68,0.0,0.0,2.0,0.0,46.0,2.0,11,0.0,2.0,1.0
winckjo01,2022,1,BOS,AL,5,7,15,14,0,0,0,211,85,46,10.0,27,44,0.3,5.89,1.0,0.0,2.0,0.0,316.0,1.0,47,0.0,4.0,7.0
winckjo01,2023,1,BOS,AL,4,4,60,1,0,0,3,253,89,27,9.0,31,82,0.267,2.88,2.0,2.0,3.0,0.0,367.0,8.0,34,0.0,0.0,11.0
winckjo01,2024,1,BOS,AL,4,2,40,6,0,0,2,228,81,35,10.0,26,60,0.272,4.14,3.0,1.0,4.0,0.0,336.0,16.0,44,4.0,4.0,5.0
winckjo01,2025,1,BOS,AL,0,1,6,0,0,0,0,35,11,5,0.0,5,9,0.25,3.86,0.0,0.0,1.0,0.0,52.0,4.0,7,0.0,2.0,0.0
windejo01,2022,1,MIN,AL,4,6,15,11,0,0,0,201,69,35,11.0,18,47,0.264,4.7,0.0,2.0,5.0,0.0,287.0,0.0,37,0.0,3.0,4.0
windejo01,2023,1,MIN,AL,2,1,19,0,0,0,1,104,35,16,3.0,14,28,0.267,4.15,0.0,1.0,0.0,0.0,147.0,10.0,16,0.0,2.0,2.0
windejo01,2024,1,MIN,AL,0,0,4,0,0,0,0,27,7,3,0.0,1,10,0.212,3.0,0.0,0.0,2.0,0.0,38.0,2.0,4,0.0,2.0,0.0
wingetr01,2023,1,DET,AL,1,0,17,0,0,0,0,51,16,11,2.0,7,22,0.246,5.82,0.0,3.0,3.0,0.0,76.0,6.0,11,0.0,1.0,1.0
wingetr01,2024,1,BOS,AL,0,0,2,0,0,0,0,7,5,7,1.0,2,3,0.417,27.0,0.0,1.0,0.0,0.0,14.0,1.0,7,0.0,0.0,0.0
wingetr01,2024,2,CHN,NL,0,0,5,0,0,0,0,18,8,2,1.0,2,3,0.32,3.0,0.0,0.0,0.0,0.0,28.0,4.0,2,1.0,0.0,0.0
winklda01,2020,1,CHN,NL,0,0,18,0,0,0,0,55,11,6,3.0,11,18,0.175,2.95,0.0,0.0,1.0,1.0,76.0,4.0,7,1.0,0.0,3.0
winklda01,2021,1,CHN,NL,1,3,47,0,0,0,0,119,32,23,5.0,30,40,0.213,5.22,1.0,3.0,9.0,0.0,190.0,11.0,24,0.0,1.0,2.0
winnco01,2024,1,TEX,AL,0,1,13,0,0,0,0,52,18,15,2.0,4,14,0.261,7.79,0.0,1.0,3.0,0.0,77.0,8.0,15,0.0,1.0,0.0
winnco01,2025,1,TEX,AL,0,1,33,0,0,0,0,125,23,7,3.0,17,35,0.167,1.51,2.0,1.0,4.0,0.0,162.0,10.0,8,2.0,1.0,4.0
winnke01,2023,1,SFN,NL,1,3,9,5,0,0,1,127,36,22,6.0,8,35,0.231,4.68,0.0,1.0,5.0,0.0,172.0,2.0,22,1.0,1.0,2.0
winnke01,2024,1,SFN,NL,3,8,12,12,0,0,0,166,56,44,9.0,20,48,0.267,7.16,0.0,1.0,4.0,0.0,238.0,0.0,44,0.0,4.0,5.0
winnke01,2025,1,SFN,NL,0,0,7,0,0,0,0,30,12,5,1.0,2,9,0.3,4.5,0.0,0.0,0.0,0.0,42.0,6.0,5,0.0,0.0,1.0
wisdopa01,2024,1,CHN,NL,0,0,1,0,0,0,0,1,1,0,0.0,1,0,0.5,0.0,0.0,0.0,0.0,0.0,3.0,1.0,0,0.0,0.0,0.0
wiselbr01,2023,1,SFN,NL,0,0,1,0,0,0,0,3,1,1,1.0,0,0,0.25,9.0,0.0,0.0,0.0,0.0,4.0,1.0,1,0.0,0.0,0.0
wislema01,2020,1,MIN,AL,0,1,18,4,0,0,1,76,15,3,2.0,14,35,0.165,1.07,0.0,1.0,2.0,1.0,107.0,3.0,3,0.0,0.0,0.0
wislema01,2021,1,SFN,NL,1,2,21,0,0,0,0,58,19,13,4.0,6,26,0.253,6.05,0.0,0.0,0.0,0.0,82.0,4.0,13,0.0,1.0,1.0
wislema01,2021,2,TBA,AL,2,3,27,0,0,0,1,88,22,7,2.0,5,36,0.21,2.15,1.0,1.0,1.0,1.0,113.0,4.0,11,0.0,2.0,1.0
wislema01,2022,1,TBA,AL,3,3,39,5,0,0,1,132,30,11,6.0,14,35,0.189,2.25,1.0,1.0,0.0,1.0,176.0,10.0,18,2.0,1.0,2.0
wittgni01,2020,1,CLE,AL,2,0,25,0,0,0,0,71,18,9,4.0,6,28,0.209,3.42,2.0,0.0,5.0,0.0,98.0,6.0,9,1.0,0.0,2.0
wittgni01,2021,1,CLE,AL,2,9,60,1,0,0,1,187,61,35,13.0,17,61,0.261,5.05,5.0,2.0,2.0,0.0,258.0,13.0,38,2.0,3.0,6.0
wittgni01,2022,1,SLN,NL,1,0,29,0,0,0,1,87,35,19,1.0,10,17,0.299,5.9,0.0,3.0,4.0,0.0,134.0,9.0,19,1.0,2.0,2.0
wittgni01,2023,1,KCA,AL,1,0,27,0,0,0,0,87,30,16,2.0,11,18,0.263,4.97,0.0,1.0,3.0,0.0,128.0,14.0,17,0.0,0.0,2.0
wojcias01,2020,1,BAL,AL,1,3,10,7,0,0,0,111,45,28,11.0,15,31,0.308,6.81,0.0,0.0,1.0,0.0,168.0,2.0,29,0.0,4.0,6.0
wojcias01,2021,1,NYA,AL,0,0,1,1,0,0,0,12,3,2,1.0,3,4,0.2,4.5,0.0,0.0,1.0,0.0,19.0,0.0,2,0.0,0.0,0.0
wolfja01,2023,1,SDN,NL,1,0,1,1,0,0,0,15,6,3,0.0,1,1,0.286,5.4,0.0,0.0,0.0,0.0,22.0,0.0,3,0.0,0.0,0.0
wolfrgr01,2025,1,BAL,AL,3,1,21,0,0,0,0,80,35,16,2.0,15,31,0.302,5.4,1.0,3.0,1.0,0.0,133.0,3.0,20,0.0,1.0,0.0
wongja01,2023,1,CIN,NL,0,0,1,0,0,0,0,9,6,3,0.0,3,0,0.5,9.0,0.0,0.0,0.0,0.0,15.0,1.0,3,0.0,0.0,2.0
woobr01,2023,1,SEA,AL,4,5,18,18,0,0,0,263,75,41,13.0,31,93,0.227,4.21,1.0,1.0,7.0,0.0,371.0,0.0,44,1.0,1.0,6.0
woobr01,2024,1,SEA,AL,9,3,22,22,0,0,0,364,96,39,14.0,13,101,0.211,2.89,0.0,0.0,3.0,0.0,472.0,0.0,41,0.0,2.0,6.0
woobr01,2025,1,SEA,AL,15,7,30,30,0,0,0,560,137,61,26.0,36,198,0.2,2.94,0.0,3.0,4.0,0.0,731.0,0.0,64,3.0,3.0,10.0
woodal02,2020,1,LAN,NL,0,1,9,2,0,0,0,38,17,9,2.0,6,15,0.304,6.39,1.0,1.0,3.0,0.0,65.0,2.0,11,0.0,0.0,0.0
woodal02,2021,1,SFN,NL,10,4,26,26,0,0,0,416,125,59,14.0,39,152,0.236,3.83,1.0,7.0,16.0,0.0,585.0,0.0,63,0.0,1.0,12.0
woodal02,2022,1,SFN,NL,8,12,26,26,0,0,0,392,132,74,17.0,30,131,0.262,5.1,1.0,4.0,12.0,0.0,555.0,0.0,78,2.0,7.0,10.0
woodal02,2023,1,SFN,NL,5,5,29,12,0,0,0,293,98,47,9.0,42,74,0.263,4.33,0.0,3.0,8.0,2.0,429.0,2.0,52,2.0,4.0,10.0
woodal02,2024,1,OAK,AL,1,3,9,9,0,0,0,118,51,23,6.0,19,33,0.323,5.26,1.0,0.0,5.0,1.0,186.0,0.0,27,2.0,2.0,4.0
woodfja01,2020,1,SLN,NL,1,0,12,1,0,0,0,63,20,13,7.0,5,16,0.253,5.57,0.0,1.0,0.0,0.0,85.0,4.0,13,0.0,1.0,3.0
woodfja01,2021,1,SLN,NL,3,4,26,8,0,0,0,203,66,30,7.0,25,50,0.261,3.99,0.0,2.0,8.0,0.0,293.0,4.0,32,0.0,7.0,9.0
woodfja01,2022,1,SLN,NL,4,0,27,1,0,0,0,145,43,12,1.0,11,24,0.249,2.23,1.0,3.0,1.0,0.0,188.0,16.0,13,0.0,3.0,10.0
woodfja01,2023,1,SLN,NL,2,3,15,8,0,0,0,143,61,33,11.0,22,29,0.314,6.23,0.0,3.0,3.0,0.0,222.0,1.0,34,0.0,3.0,4.0
woodfja01,2024,1,CHA,AL,0,2,2,2,0,0,0,25,15,10,2.0,5,7,0.375,10.8,0.0,0.0,1.0,0.0,46.0,0.0,10,0.0,0.0,0.0
woodfja01,2024,2,PIT,NL,0,4,7,5,0,0,0,80,33,21,4.0,4,19,0.292,7.09,0.0,2.0,2.0,0.0,121.0,1.0,27,0.0,2.0,1.0
woodfja01,2025,1,ARI,NL,0,4,22,0,0,0,3,109,45,26,3.0,13,23,0.298,6.44,1.0,1.0,3.0,0.0,170.0,8.0,28,2.0,1.0,2.0
woodhu01,2021,1,TEX,AL,0,0,5,0,0,0,0,15,2,2,1.0,2,5,0.125,3.6,0.0,1.0,0.0,0.0,19.0,1.0,2,0.0,1.0,0.0
woodrbr01,2020,1,MIL,NL,3,5,13,13,1,0,0,221,55,25,9.0,18,91,0.204,3.05,0.0,1.0,4.0,0.0,293.0,0.0,26,0.0,1.0,5.0
woodrbr01,2021,1,MIL,NL,9,10,30,30,0,0,0,538,130,51,18.0,43,211,0.2,2.56,0.0,2.0,7.0,0.0,708.0,0.0,54,4.0,4.0,10.0
woodrbr01,2022,1,MIL,NL,13,4,27,27,0,0,0,460,122,52,18.0,42,190,0.215,3.05,0.0,2.0,5.0,0.0,620.0,0.0,56,1.0,2.0,7.0
woodrbr01,2023,1,MIL,NL,5,1,11,11,1,1,0,201,40,17,9.0,15,74,0.172,2.28,0.0,0.0,3.0,0.0,253.0,0.0,17,0.0,2.0,3.0
woodrbr01,2025,1,MIL,NL,7,2,12,12,0,0,0,194,45,23,9.0,14,83,0.188,3.2,0.0,1.0,3.0,0.0,257.0,0.0,26,0.0,0.0,1.0
woodssi01,2022,1,MIN,AL,0,1,1,1,0,0,0,15,3,2,1.0,2,3,0.167,3.6,0.0,1.0,0.0,0.0,20.0,0.0,3,0.0,0.0,0.0
woodssi01,2023,1,MIN,AL,0,0,1,0,0,0,0,14,7,5,1.0,3,5,0.35,9.64,0.0,0.0,0.0,0.0,24.0,0.0,5,1.0,0.0,0.0
woodssi01,2024,1,MIN,AL,5,5,28,28,0,0,0,401,125,62,16.0,48,117,0.246,4.17,0.0,3.0,3.0,0.0,569.0,0.0,63,2.0,7.0,4.0
woodssi01,2025,1,MIN,AL,7,4,23,22,0,0,0,334,96,50,17.0,46,107,0.23,4.04,0.0,4.0,3.0,1.0,471.0,0.0,53,0.0,4.0,4.0
woodswi01,2022,1,ATL,NL,0,0,2,0,0,0,0,6,2,0,0.0,1,2,0.286,0.0,0.0,0.0,0.0,0.0,8.0,1.0,0,0.0,0.0,1.0
workmbr01,2020,1,BOS,AL,0,0,7,0,0,0,4,20,8,3,0.0,4,8,0.296,4.05,0.0,0.0,0.0,0.0,31.0,6.0,3,0.0,0.0,1.0
workmbr01,2020,2,PHI,NL,1,4,14,0,0,0,5,39,23,10,4.0,9,15,0.377,6.92,2.0,0.0,0.0,0.0,70.0,9.0,11,0.0,0.0,0.0
workmbr01,2021,1,CHN,NL,0,2,10,0,0,0,0,24,12,6,2.0,7,11,0.333,6.75,0.0,1.0,0.0,0.0,43.0,2.0,9,0.0,0.0,0.0
workmbr01,2021,2,BOS,AL,1,0,19,0,0,0,0,60,24,11,2.0,14,14,0.304,4.95,2.0,0.0,0.0,1.0,93.0,7.0,11,0.0,0.0,2.0
wrighky01,2020,1,ATL,NL,2,4,8,8,0,0,0,114,35,22,7.0,24,30,0.243,5.21,1.0,1.0,0.0,0.0,168.0,0.0,23,0.0,0.0,6.0
wrighky01,2021,1,ATL,NL,0,1,2,2,0,0,0,19,7,7,2.0,5,6,0.292,9.95,0.0,1.0,4.0,0.0,35.0,0.0,7,1.0,1.0,0.0
wrighky01,2022,1,ATL,NL,21,5,30,30,0,0,0,541,156,64,19.0,53,174,0.232,3.19,0.0,7.0,9.0,0.0,738.0,0.0,67,0.0,3.0,25.0
wrighky01,2023,1,ATL,NL,1,3,9,7,0,0,0,93,40,24,5.0,17,34,0.303,6.97,0.0,2.0,4.0,0.0,155.0,1.0,26,1.0,1.0,3.0
wrighmi01,2021,1,CHA,AL,0,1,13,0,0,0,0,54,17,11,1.0,11,11,0.254,5.5,0.0,2.0,2.0,0.0,81.0,5.0,12,0.0,1.0,2.0
wroblju01,2024,1,LAN,NL,1,2,8,6,0,0,1,109,34,23,9.0,16,26,0.248,5.7,0.0,1.0,1.0,0.0,154.0,1.0,24,0.0,0.0,3.0
wroblju01,2025,1,LAN,NL,5,5,24,2,0,0,2,200,65,32,6.0,17,76,0.255,4.32,1.0,1.0,3.0,0.0,280.0,9.0,34,2.0,3.0,4.0
wynnera01,2023,1,CIN,NL,0,1,1,0,0,0,0,7,3,1,0.0,1,0,0.3,3.86,0.0,1.0,0.0,0.0,11.0,0.0,1,0.0,0.0,0.0
wynnera01,2025,1,CIN,NL,0,0,1,0,0,0,1,9,3,1,1.0,1,3,0.25,3.0,0.0,0.0,0.0,0.0,13.0,1.0,1,0.0,0.0,0.0
wynnsau01,2021,1,BAL,AL,0,0,1,0,0,0,0,3,1,1,1.0,0,0,0.25,9.0,0.0,0.0,0.0,0.0,4.0,1.0,1,0.0,0.0,0.0
wynnsau01,2022,1,SFN,NL,0,0,2,0,0,0,0,6,3,3,1.0,1,0,0.333,13.5,0.0,0.0,0.0,0.0,10.0,2.0,3,0.0,0.0,0.0
yacabji01,2020,1,SEA,AL,0,1,2,1,0,0,0,7,2,1,0.0,3,1,0.222,3.86,0.0,0.0,1.0,0.0,13.0,1.0,1,0.0,0.0,0.0
yacabji01,2022,1,MIA,NL,1,1,9,0,0,0,0,28,12,7,3.0,5,15,0.3,6.75,0.0,1.0,0.0,0.0,45.0,3.0,8,0.0,0.0,1.0
yacabji01,2022,2,TBA,AL,0,0,5,1,0,0,0,14,8,6,1.0,5,6,0.381,11.57,0.0,0.0,2.0,0.0,28.0,2.0,7,0.0,0.0,0.0
yacabji01,2023,1,NYN,NL,2,1,7,0,0,0,0,41,14,10,2.0,6,11,0.259,6.59,0.0,0.0,1.0,0.0,62.0,2.0,10,0.0,1.0,0.0
yajurmi01,2020,1,NYA,AL,0,0,3,0,0,0,0,21,3,1,1.0,5,8,0.13,1.29,0.0,1.0,1.0,0.0,29.0,3.0,1,0.0,0.0,0.0
yajurmi01,2021,1,PIT,NL,0,2,4,3,0,0,0,45,17,14,6.0,7,11,0.283,8.4,0.0,0.0,1.0,0.0,68.0,0.0,14,0.0,0.0,2.0
yajurmi01,2022,1,PIT,NL,1,1,12,1,0,0,1,73,31,24,3.0,16,16,0.307,8.88,1.0,4.0,2.0,1.0,119.0,4.0,26,0.0,0.0,2.0
yamagsh01,2020,1,TOR,AL,2,4,17,0,0,0,0,77,28,23,6.0,17,26,0.283,8.06,0.0,2.0,2.0,1.0,120.0,7.0,25,0.0,2.0,3.0
yamamjo01,2020,1,MIA,NL,0,1,4,3,0,0,0,34,27,23,8.0,7,13,0.458,18.26,0.0,0.0,0.0,0.0,67.0,0.0,24,0.0,1.0,1.0
yamamjo01,2021,1,NYN,NL,1,1,2,1,0,0,0,20,10,3,0.0,2,3,0.345,4.05,0.0,0.0,2.0,0.0,33.0,0.0,6,0.0,0.0,0.0
yamamyo01,2024,1,LAN,NL,7,2,18,18,0,0,0,270,78,30,7.0,22,105,0.229,3.0,0.0,2.0,1.0,0.0,368.0,0.0,32,1.0,4.0,5.0
yamamyo01,2025,1,LAN,NL,12,8,30,30,0,0,0,521,113,48,14.0,59,201,0.183,2.49,0.0,5.0,3.0,0.0,684.0,0.0,53,2.0,1.0,9.0
yanghy01,2021,1,TEX,AL,0,3,12,4,0,0,0,106,42,22,9.0,16,25,0.296,5.6,0.0,2.0,1.0,0.0,160.0,1.0,24,0.0,1.0,6.0
yarbrry01,2020,1,TBA,AL,1,4,11,9,0,0,0,167,54,22,5.0,12,44,0.256,3.56,1.0,2.0,7.0,0.0,234.0,0.0,22,2.0,2.0,2.0
yarbrry01,2021,1,TBA,AL,9,7,30,21,1,0,0,465,163,88,25.0,27,117,0.267,5.11,2.0,1.0,9.0,1.0,653.0,0.0,96,4.0,3.0,8.0
yarbrry01,2022,1,TBA,AL,3,8,20,9,0,0,0,240,88,40,12.0,22,61,0.276,4.5,0.0,3.0,11.0,0.0,355.0,2.0,44,1.0,2.0,7.0
yarbrry01,2023,1,KCA,AL,4,5,14,7,0,0,0,153,52,24,5.0,9,29,0.265,4.24,0.0,1.0,6.0,0.0,212.0,2.0,24,0.0,1.0,4.0
yarbrry01,2023,2,LAN,NL,4,2,11,2,0,0,2,116,44,21,8.0,5,38,0.278,4.89,0.0,0.0,2.0,0.0,165.0,4.0,21,0.0,0.0,2.0
yarbrry01,2024,1,LAN,NL,4,2,32,0,0,0,1,202,52,28,9.0,25,39,0.213,3.74,3.0,0.0,7.0,0.0,281.0,10.0,29,4.0,1.0,2.0
yarbrry01,2024,2,TOR,AL,1,0,12,0,0,0,0,94,18,7,2.0,7,26,0.173,2.01,0.0,0.0,5.0,0.0,117.0,2.0,7,0.0,1.0,3.0
yarbrry01,2025,1,NYA,AL,3,1,19,8,0,0,1,192,58,31,13.0,19,55,0.24,4.36,0.0,0.0,2.0,0.0,264.0,4.0,31,0.0,1.0,4.0
yardler01,2020,1,MIL,NL,2,0,24,0,0,0,0,70,19,4,2.0,10,19,0.224,1.54,0.0,0.0,1.0,0.0,97.0,4.0,6,0.0,1.0,5.0
yardler01,2021,1,MIL,NL,0,0,17,0,0,0,0,56,24,14,3.0,10,5,0.324,6.75,2.0,1.0,3.0,0.0,89.0,5.0,15,1.0,1.0,4.0
yastrmi01,2024,1,SFN,NL,0,0,1,0,0,0,0,3,2,2,0.0,3,0,0.4,18.0,0.0,0.0,0.0,0.0,8.0,1.0,2,0.0,0.0,0.0
yastrmi01,2025,1,SFN,NL,0,0,1,0,0,0,0,3,2,2,0.0,1,0,0.4,18.0,0.0,0.0,1.0,0.0,7.0,1.0,2,0.0,0.0,0.0
yateski01,2020,1,SDN,NL,0,1,6,0,0,0,2,13,7,6,1.0,4,8,0.35,12.46,0.0,2.0,0.0,0.0,25.0,3.0,6,0.0,1.0,0.0
yateski01,2022,1,ATL,NL,0,0,9,0,0,0,0,21,6,4,2.0,5,6,0.222,5.14,0.0,2.0,0.0,0.0,33.0,3.0,4,0.0,1.0,0.0
yateski01,2023,1,ATL,NL,7,2,61,0,0,0,5,181,35,22,9.0,37,80,0.167,3.28,1.0,5.0,5.0,1.0,254.0,16.0,22,1.0,1.0,1.0
yateski01,2024,1,TEX,AL,7,2,61,0,0,0,33,185,23,8,3.0,28,85,0.113,1.17,5.0,1.0,2.0,2.0,237.0,50.0,10,0.0,3.0,0.0
yateski01,2025,1,LAN,NL,4,3,50,0,0,0,3,124,38,24,9.0,17,52,0.239,5.23,0.0,1.0,1.0,0.0,178.0,15.0,26,0.0,1.0,0.0
yesavtr01,2025,1,TOR,AL,1,0,3,3,0,0,0,42,13,5,0.0,7,16,0.236,3.21,0.0,0.0,0.0,0.0,62.0,0.0,5,0.0,0.0,0.0
ynoahu01,2020,1,ATL,NL,0,0,9,5,0,0,0,65,23,14,2.0,13,17,0.277,5.82,1.0,2.0,2.0,1.0,100.0,1.0,14,0.0,2.0,3.0
ynoahu01,2021,1,ATL,NL,4,6,18,17,0,0,0,273,76,41,14.0,25,100,0.224,4.05,1.0,4.0,4.0,0.0,372.0,0.0,42,1.0,2.0,5.0
ynoahu01,2022,1,ATL,NL,0,2,2,2,0,0,0,20,11,10,2.0,6,8,0.355,13.5,0.0,1.0,0.0,0.0,37.0,0.0,10,0.0,0.0,0.0
yohocr01,2025,1,MIL,NL,0,0,8,0,0,0,0,26,8,7,1.0,9,7,0.276,7.27,0.0,0.0,1.0,0.0,41.0,2.0,7,1.0,1.0,1.0
youngal01,2020,1,ARI,NL,2,4,15,7,0,0,0,139,51,28,11.0,14,39,0.277,5.44,0.0,1.0,1.0,0.0,204.0,0.0,30,0.0,5.0,4.0
youngal01,2021,1,ARI,NL,2,6,30,2,0,0,0,125,50,29,11.0,20,38,0.298,6.26,3.0,2.0,1.0,0.0,193.0,7.0,34,2.0,2.0,4.0
youngal01,2021,2,CLE,AL,0,0,10,0,0,0,0,31,15,9,1.0,7,5,0.341,7.84,1.0,1.0,2.0,0.0,53.0,5.0,9,0.0,0.0,3.0
youngal01,2022,1,CLE,AL,0,0,1,0,0,0,0,1,1,0,0.0,0,1,0.5,0.0,0.0,0.0,0.0,0.0,2.0,1.0,0,0.0,0.0,0.0
youngal01,2022,2,SFN,NL,1,1,24,1,0,0,0,79,28,7,0.0,11,20,0.277,2.39,0.0,3.0,1.0,0.0,114.0,1.0,11,0.0,1.0,7.0
youngal01,2023,1,CIN,NL,4,2,63,0,0,0,1,161,53,23,10.0,20,50,0.248,3.86,0.0,0.0,1.0,0.0,236.0,6.0,27,1.0,0.0,2.0
youngal01,2024,1,CIN,NL,0,0,3,0,0,0,0,6,4,0,0.0,0,2,0.4,0.0,0.0,0.0,0.0,0.0,10.0,1.0,0,0.0,0.0,0.0
youngal01,2024,2,NYN,NL,0,0,14,0,0,0,0,41,11,5,2.0,7,13,0.216,3.29,0.0,0.0,0.0,0.0,58.0,7.0,5,0.0,0.0,2.0
youngbr01,2025,1,BAL,AL,1,7,12,12,0,0,0,173,67,40,12.0,22,47,0.291,6.24,0.0,0.0,0.0,0.0,256.0,0.0,42,2.0,2.0,3.0
youngda02,2022,1,SEA,AL,0,0,2,0,0,0,0,11,7,3,1.0,2,5,0.389,7.36,0.0,0.0,0.0,0.0,20.0,2.0,3,0.0,0.0,0.0
youngda02,2022,2,ATL,NL,0,0,1,0,0,0,0,8,4,0,0.0,0,1,0.333,0.0,0.0,0.0,0.0,0.0,12.0,1.0,0,0.0,0.0,0.0
youngda02,2023,1,ATL,NL,0,0,8,0,0,0,0,25,7,1,0.0,2,11,0.233,1.08,0.0,0.0,3.0,0.0,35.0,5.0,1,0.0,0.0,1.0
youngda02,2024,1,NYN,NL,4,1,42,0,0,0,0,113,29,19,3.0,18,48,0.21,4.54,1.0,5.0,7.0,0.0,165.0,13.0,22,2.0,0.0,2.0
youngda02,2025,1,NYN,NL,0,0,10,0,0,0,0,25,9,4,0.0,3,13,0.281,4.32,0.0,0.0,1.0,0.0,37.0,4.0,5,1.0,0.0,1.0
youngja02,2025,1,NYN,NL,0,0,1,0,0,0,0,1,1,0,0.0,1,0,0.5,0.0,0.0,0.0,0.0,0.0,3.0,1.0,0,0.0,0.0,0.0
zabalan01,2022,1,MIA,NL,0,0,2,0,0,0,0,8,3,0,0.0,1,2,0.333,0.0,0.0,0.0,0.0,0.0,11.0,2.0,0,0.0,1.0,1.0
zamorda01,2021,1,SEA,AL,2,0,4,0,0,0,0,13,5,3,1.0,1,3,0.294,6.23,0.0,0.0,0.0,0.0,18.0,1.0,4,0.0,0.0,1.0
zastrro01,2022,1,NYN,NL,0,0,1,0,0,0,0,3,1,1,0.0,0,1,0.25,9.0,0.0,0.0,0.0,0.0,4.0,0.0,1,0.0,0.0,0.0
zastrro01,2022,2,LAA,AL,0,0,5,0,0,0,0,9,2,2,0.0,1,2,0.182,6.0,0.0,1.0,0.0,0.0,12.0,1.0,3,0.0,0.0,0.0
zastrro01,2023,1,PIT,NL,1,0,21,1,0,0,0,62,24,11,1.0,13,15,0.293,4.79,1.0,2.0,0.0,0.0,97.0,2.0,15,2.0,0.0,2.0
zastrro01,2024,1,MIL,NL,1,0,9,3,0,0,0,23,4,1,0.0,1,5,0.148,1.17,0.0,0.0,1.0,0.0,29.0,2.0,1,0.0,0.0,0.0
zastrro01,2025,1,MIL,NL,2,1,26,1,0,0,0,66,16,6,3.0,10,20,0.203,2.45,3.0,2.0,1.0,0.0,93.0,4.0,7,1.0,2.0,1.0
zavalse01,2023,2,ARI,NL,0,0,1,0,0,0,0,2,0,0,0.0,0,0,0.0,0.0,0.0,0.0,0.0,0.0,2.0,1.0,0,0.0,0.0,0.0
zeferry01,2024,1,LAA,AL,0,0,12,0,0,0,0,51,7,4,0.0,6,18,0.127,2.12,1.0,0.0,2.0,0.0,64.0,4.0,4,0.0,1.0,2.0
zeferry01,2025,1,LAA,AL,6,5,62,1,0,0,2,171,49,30,12.0,35,73,0.227,4.74,3.0,3.0,4.0,0.0,257.0,7.0,31,1.0,1.0,4.0
zerpaan01,2021,1,KCA,AL,0,1,1,1,0,0,0,15,3,0,0.0,1,4,0.176,0.0,0.0,0.0,0.0,0.0,20.0,0.0,2,1.0,1.0,0.0
zerpaan01,2022,1,KCA,AL,2,1,3,2,0,0,0,33,9,2,2.0,3,3,0.22,1.64,0.0,1.0,0.0,0.0,44.0,0.0,3,0.0,0.0,1.0
zerpaan01,2023,1,KCA,AL,3,3,15,3,0,0,0,128,46,23,7.0,8,36,0.272,4.85,0.0,1.0,4.0,0.0,182.0,3.0,24,0.0,1.0,5.0
zerpaan01,2024,1,KCA,AL,2,0,60,0,0,0,0,161,59,23,6.0,19,49,0.273,3.86,2.0,3.0,2.0,0.0,239.0,3.0,24,1.0,1.0,3.0
zerpaan01,2025,1,KCA,AL,5,2,69,2,0,0,0,194,67,30,7.0,22,58,0.271,4.18,0.0,1.0,2.0,1.0,275.0,4.0,30,2.0,2.0,10.0
zeuchtj01,2020,1,TOR,AL,1,0,3,1,0,0,0,34,9,2,1.0,4,3,0.209,1.59,0.0,0.0,0.0,0.0,47.0,1.0,2,0.0,0.0,0.0
zeuchtj01,2021,1,TOR,AL,0,2,5,3,0,0,0,45,21,11,6.0,9,8,0.323,6.6,0.0,0.0,0.0,0.0,74.0,0.0,16,0.0,0.0,2.0
zeuchtj01,2022,1,CIN,NL,0,3,3,3,0,0,0,32,24,18,5.0,7,5,0.453,15.19,0.0,0.0,3.0,0.0,64.0,0.0,18,0.0,1.0,2.0
zimmebr02,2020,1,BAL,AL,0,0,2,1,0,0,0,21,6,6,2.0,2,7,0.222,7.71,0.0,2.0,2.0,0.0,31.0,1.0,6,0.0,0.0,1.0
zimmebr02,2021,1,BAL,AL,4,5,14,13,0,0,0,193,75,36,14.0,22,56,0.291,5.04,0.0,0.0,2.0,1.0,285.0,0.0,37,1.0,2.0,3.0
zimmebr02,2022,1,BAL,AL,2,5,15,13,0,0,0,221,97,49,21.0,12,49,0.321,5.99,0.0,1.0,2.0,0.0,320.0,1.0,52,1.0,3.0,13.0
zimmebr02,2023,1,BAL,AL,2,0,7,0,0,0,0,40,17,7,3.0,0,14,0.293,4.73,0.0,1.0,2.0,0.0,61.0,4.0,8,0.0,1.0,0.0
zimmebr02,2025,1,MIL,NL,0,1,1,1,0,0,0,18,7,5,2.0,2,1,0.269,7.5,0.0,0.0,0.0,0.0,28.0,0.0,6,0.0,0.0,1.0
zimmejo02,2020,1,DET,AL,0,0,3,2,0,0,0,17,11,5,0.0,2,6,0.423,7.94,0.0,0.0,0.0,0.0,28.0,0.0,6,0.0,0.0,1.0
zimmejo02,2021,1,MIL,NL,0,0,2,0,0,0,0,17,8,5,1.0,2,0,0.348,7.94,0.0,0.0,1.0,0.0,26.0,1.0,5,0.0,0.0,1.0
zimmeky01,2020,1,KCA,AL,1,0,16,1,0,0,0,69,14,4,0.0,10,26,0.175,1.57,0.0,2.0,1.0,0.0,91.0,4.0,4,0.0,0.0,3.0
zimmeky01,2021,1,KCA,AL,4,1,52,2,0,0,2,162,46,29,7.0,30,46,0.243,4.83,1.0,9.0,0.0,0.0,223.0,9.0,32,0.0,4.0,13.0
zuberty01,2020,1,KCA,AL,1,2,23,0,0,0,0,66,15,10,4.0,20,30,0.197,4.09,1.0,1.0,1.0,0.0,99.0,8.0,11,1.0,1.0,3.0
zuberty01,2021,1,KCA,AL,0,3,31,0,0,0,0,82,26,19,6.0,17,25,0.25,6.26,1.0,2.0,1.0,0.0,123.0,6.0,20,0.0,1.0,2.0
zuberty01,2024,1,TBA,AL,0,0,2,0,0,0,0,10,3,1,1.0,2,4,0.231,2.7,0.0,0.0,0.0,0.0,15.0,0.0,1,0.0,0.0,0.0
zuberty01,2025,1,NYN,NL,0,0,1,0,0,0,0,6,3,2,0.0,0,3,0.375,9.0,0.0,0.0,0.0,0.0,9.0,1.0,2,0.0,1.0,0.0
zuberty01,2025,2,MIA,NL,0,1,9,0,0,0,0,30,14,13,3.0,6,11,0.318,11.7,1.0,0.0,0.0,0.0,50.0,3.0,13,0.0,0.0,0.0
zulueyo01,2024,1,CIN,NL,0,0,12,0,0,0,0,49,15,9,2.0,7,20,0.246,4.96,0.0,1.0,1.0,0.0,69.0,6.0,10,0.0,0.0,3.0
zulueyo01,2025,1,CIN,NL,1,0,7,0,0,0,0,22,5,5,1.0,4,5,0.192,6.14,0.0,1.0,0.0,0.0,32.0,5.0,5,1.0,1.0,0.0
zuniggu01,2023,1,SLN,NL,0,0,2,0,0,0,0,6,2,1,0.0,0,4,0.25,4.5,0.0,0.0,0.0,0.0,8.0,2.0,1,0.0,0.0,0.0
zuniggu01,2024,1,LAA,AL,0,0,15,0,0,0,2,53,16,10,5.0,8,12,0.242,5.09,2.0,1.0,1.0,0.0,76.0,6.0,10,0.0,1.0,2.0
